timestamp,imu_z,motion_score,decision,motor_speed,confidence
19:54:51.475,1.0102,0,NORMAL,100,100.0%
19:54:51.548,1.0033,13.87,HAZARD,30,57.0%
19:54:51.568,1.0082,6.57,HAZARD,30,55.0%
19:54:51.599,1.019,0.0,HAZARD,100,100.0%
19:54:51.637,0.9816,5.18,HAZARD,30,54.0%
19:54:51.673,0.9948,0.0,HAZARD,100,100.0%
19:54:51.706,0.9913,6.13,HAZARD,30,60.0%
19:54:51.739,0.9828,0.0,NORMAL,100,100.0%
19:54:51.761,0.9854,6.21,HAZARD,30,59.0%
19:54:51.787,1.0011,0.0,NORMAL,100,100.0%
19:54:51.822,1.016,5.57,HAZARD,30,58.0%
19:54:51.840,1.0153,0.0,NORMAL,100,100.0%
19:54:51.885,0.9811,4.61,HAZARD,30,55.0%
19:54:51.929,1.0097,0.0,NORMAL,100,100.0%
19:54:51.953,1.012,1.98,HAZARD,30,39.0%
19:54:51.971,1.0072,0.0,NORMAL,100,100.0%
19:54:52.016,0.9926,0.0,NORMAL,100,100.0%
19:54:52.060,0.9912,0.0,NORMAL,100,100.0%
19:54:52.090,0.9893,0.0,NORMAL,100,100.0%
19:54:52.120,0.9842,0.0,NORMAL,100,100.0%
19:54:52.157,1.0154,0.0,NORMAL,100,100.0%
19:54:52.177,0.9852,0.0,NORMAL,100,100.0%
19:54:52.223,1.0161,0.0,NORMAL,100,100.0%
19:54:52.242,0.9896,0.0,NORMAL,100,100.0%
19:54:52.287,1.0077,0.0,NORMAL,100,100.0%
19:54:52.312,1.0025,0.0,NORMAL,100,100.0%
19:54:52.360,2.8081,0.0,NORMAL,60,42.0%
19:54:52.385,2.8107,0.0,NORMAL,30,47.0%
19:54:52.413,0.2997,0.0,NORMAL,30,48.0%
19:54:52.443,1.3925,0.0,CAUTION,60,52.0%
19:54:52.481,1.1114,0.0,CAUTION,60,58.0%
19:54:52.504,0.9899,0.0,CAUTION,60,49.0%
19:54:52.561,1.0152,0.0,CAUTION,60,50.0%
19:54:52.583,0.991,0.0,CAUTION,100,100.0%
19:54:52.620,0.9972,0.0,CAUTION,100,100.0%
19:54:52.638,0.9915,0.0,NORMAL,100,100.0%
19:54:52.689,1.0193,0.0,NORMAL,100,100.0%
19:54:52.709,1.0124,0.0,NORMAL,100,100.0%
19:54:52.752,0.9968,0.0,NORMAL,100,100.0%
19:54:52.772,1.0056,0.0,NORMAL,100,100.0%
19:54:52.822,0.9862,0.0,NORMAL,100,100.0%
19:54:52.858,1.0155,0.0,NORMAL,100,100.0%
19:54:52.886,1.0164,0.0,NORMAL,100,100.0%
19:54:52.917,0.9807,0.0,NORMAL,100,100.0%
19:54:52.961,1.0127,0.0,NORMAL,100,100.0%
19:54:53.009,1.0007,0.0,NORMAL,100,100.0%
19:54:53.035,0.9892,0.0,NORMAL,100,100.0%
19:54:53.061,1.0111,0.0,NORMAL,100,100.0%
19:54:53.129,0.9921,0.0,NORMAL,100,100.0%
19:54:53.158,1.0179,0.0,NORMAL,100,100.0%
19:54:53.182,1.0044,0.0,NORMAL,100,100.0%
19:54:53.204,1.0118,0.0,NORMAL,100,100.0%
19:54:53.233,1.012,0.0,NORMAL,100,100.0%
19:54:53.251,1.0018,0.0,NORMAL,100,100.0%
19:54:53.290,1.0199,0.0,NORMAL,100,100.0%
19:54:53.316,1.0093,0.0,NORMAL,100,100.0%
19:54:53.335,1.3089,0.0,NORMAL,60,79.0%
19:54:53.363,1.294,0.0,NORMAL,60,89.0%
19:54:53.419,1.2918,0.0,CAUTION,60,98.0%
19:54:53.445,1.803,0.0,CAUTION,60,98.0%
19:54:53.485,1.8007,0.0,CAUTION,60,98.0%
19:54:53.510,1.4806,0.0,CAUTION,60,98.0%
19:54:53.550,1.5079,0.0,CAUTION,60,98.0%
19:54:53.581,1.1884,0.0,CAUTION,60,98.0%
19:54:53.629,1.2184,0.0,CAUTION,60,98.0%
19:54:53.656,0.9855,0.0,CAUTION,60,89.0%
19:54:53.695,0.9934,0.0,CAUTION,60,68.0%
19:54:53.721,0.9975,0.0,CAUTION,100,100.0%
19:54:53.753,0.985,0.0,CAUTION,100,100.0%
19:54:53.778,1.0009,0.0,NORMAL,100,100.0%
19:54:53.826,1.0162,0.0,NORMAL,100,100.0%
19:54:53.850,0.9834,0.0,NORMAL,100,100.0%
19:54:53.886,0.9982,0.0,NORMAL,100,100.0%
19:54:53.923,0.9831,0.0,NORMAL,100,100.0%
19:54:53.954,1.0035,0.0,NORMAL,100,100.0%
19:54:53.981,1.0055,0.0,NORMAL,100,100.0%
19:54:54.030,0.9936,0.0,NORMAL,100,100.0%
19:54:54.053,1.0086,0.0,NORMAL,100,100.0%
19:54:54.080,0.9864,0.0,NORMAL,100,100.0%
19:54:54.110,0.9887,0.0,NORMAL,100,100.0%
19:54:54.136,0.9994,0.0,NORMAL,100,100.0%
19:54:54.165,0.984,0.0,NORMAL,100,100.0%
19:54:54.247,0.9958,0.0,NORMAL,100,100.0%
19:54:54.287,1.0014,0.0,NORMAL,100,100.0%
19:54:54.322,1.0057,0.0,NORMAL,100,100.0%
19:54:54.342,0.9904,0.0,NORMAL,100,100.0%
19:54:54.367,0.989,0.0,NORMAL,100,100.0%
19:54:54.387,0.9836,0.0,NORMAL,100,100.0%
19:54:54.426,0.993,0.0,NORMAL,100,100.0%
19:54:54.452,1.0082,0.0,NORMAL,100,100.0%
19:54:54.470,0.992,0.0,NORMAL,100,100.0%
19:54:54.493,0.9996,0.0,NORMAL,100,100.0%
19:54:54.512,1.0006,0.0,NORMAL,100,100.0%
19:54:54.555,0.9992,0.0,NORMAL,100,100.0%
19:54:54.626,1.0052,0.0,NORMAL,100,100.0%
19:54:54.651,0.9994,0.0,NORMAL,100,100.0%
19:54:54.685,0.9809,0.0,NORMAL,100,100.0%
19:54:54.704,0.9948,0.0,NORMAL,100,100.0%
19:54:54.750,0.9842,0.0,NORMAL,100,100.0%
19:54:54.772,1.0138,0.0,NORMAL,100,100.0%
19:54:54.831,1.0097,0.0,NORMAL,100,100.0%
19:54:54.860,0.9947,0.0,NORMAL,100,100.0%
19:54:54.886,1.0108,0.0,NORMAL,100,100.0%
19:54:54.914,0.9959,0.0,NORMAL,100,100.0%
19:54:54.936,0.9824,0.0,NORMAL,100,100.0%
19:54:54.964,1.0115,0.0,NORMAL,100,100.0%
19:54:55.025,1.0043,0.0,NORMAL,100,100.0%
19:54:55.048,1.0016,0.0,NORMAL,100,100.0%
19:54:55.087,0.9832,0.0,NORMAL,100,100.0%
19:54:55.109,1.005,0.0,NORMAL,100,100.0%
19:54:55.169,1.0022,0.0,NORMAL,100,100.0%
19:54:55.201,1.0003,0.0,NORMAL,100,100.0%
19:54:55.231,0.987,0.0,NORMAL,100,99.0%
19:54:55.264,1.0063,0.0,NORMAL,100,100.0%
19:54:55.289,0.9942,0.0,NORMAL,100,100.0%
19:54:55.309,1.0022,0.0,NORMAL,100,100.0%
19:54:55.328,0.9961,0.0,NORMAL,100,100.0%
19:54:55.360,1.0074,0.0,NORMAL,100,100.0%
19:54:55.486,0.9818,0.0,NORMAL,100,100.0%
19:54:55.519,1.0073,0.0,NORMAL,100,100.0%
19:54:55.540,0.9987,0.0,NORMAL,100,100.0%
19:54:55.563,0.9862,0.0,NORMAL,100,100.0%
19:54:55.579,0.9991,0.0,NORMAL,100,100.0%
19:54:55.599,1.0104,0.0,NORMAL,100,100.0%
19:54:55.623,0.9831,0.0,NORMAL,100,100.0%
19:54:55.647,0.9895,0.0,NORMAL,100,100.0%
19:54:55.671,1.0049,0.0,NORMAL,100,100.0%
19:54:55.691,1.0017,0.0,NORMAL,100,100.0%
19:54:55.719,1.0181,0.0,NORMAL,100,100.0%
19:54:55.757,1.0093,0.0,NORMAL,100,98.0%
19:54:55.833,1.0144,0.0,NORMAL,100,100.0%
19:54:55.865,0.982,0.0,NORMAL,100,100.0%
19:54:55.884,1.0143,0.0,NORMAL,100,100.0%
19:54:55.902,1.0042,0.0,NORMAL,100,100.0%
19:54:55.967,0.998,0.0,NORMAL,100,100.0%
19:54:55.997,0.9808,0.0,NORMAL,100,100.0%
19:54:56.024,0.9867,0.0,NORMAL,100,100.0%
19:54:56.046,1.0147,0.0,NORMAL,100,100.0%
19:54:56.068,0.9983,0.0,NORMAL,100,100.0%
19:54:56.094,0.9868,0.0,NORMAL,100,100.0%
19:54:56.126,1.0173,0.0,NORMAL,100,100.0%
19:54:56.158,1.0094,0.0,NORMAL,100,100.0%
19:54:56.220,1.0142,0.0,NORMAL,100,100.0%
19:54:56.248,1.0199,0.0,NORMAL,100,100.0%
19:54:56.302,0.9884,0.0,NORMAL,100,100.0%
19:54:56.330,0.998,0.0,NORMAL,100,100.0%
19:54:56.358,0.9809,0.0,NORMAL,100,100.0%
19:54:56.386,1.0061,0.0,NORMAL,100,100.0%
19:54:56.420,0.9897,0.0,NORMAL,100,100.0%
19:54:56.446,1.0092,0.0,NORMAL,100,100.0%
19:54:56.475,0.9909,0.0,NORMAL,100,100.0%
19:54:56.497,1.0104,0.0,NORMAL,100,100.0%
19:54:56.521,0.9975,0.0,NORMAL,100,100.0%
19:54:56.557,1.0036,0.0,NORMAL,100,100.0%
19:54:56.625,1.004,0.0,NORMAL,100,100.0%
19:54:56.651,1.0114,0.0,NORMAL,100,100.0%
19:54:56.700,1.0057,0.0,NORMAL,100,100.0%
19:54:56.721,1.0038,0.0,NORMAL,100,100.0%
19:54:56.751,1.0051,0.0,NORMAL,100,100.0%
19:54:56.771,0.9971,0.0,NORMAL,100,100.0%
19:54:56.792,0.9987,0.0,NORMAL,100,100.0%
19:54:56.833,0.9851,1.93,NORMAL,60,46.0%
19:54:56.858,1.0098,0.0,NORMAL,100,100.0%
19:54:56.894,0.9833,2.95,NORMAL,30,54.0%
19:54:56.914,0.983,0.0,NORMAL,100,100.0%
19:54:56.980,0.9942,4.8,NORMAL,30,62.0%
19:54:57.036,1.0131,4.62,HAZARD,30,61.0%
19:54:57.058,1.0053,0.0,HAZARD,100,100.0%
19:54:57.078,0.9984,0.0,NORMAL,100,100.0%
19:54:57.100,1.0112,5.66,HAZARD,30,59.0%
19:54:57.120,1.0107,0.0,NORMAL,100,100.0%
19:54:57.163,1.0001,8.64,NORMAL,30,57.0%
19:54:57.181,0.9923,0.0,NORMAL,100,100.0%
19:54:57.228,0.9864,14.84,HAZARD,30,59.0%
19:54:57.252,0.9882,0.0,NORMAL,100,100.0%
19:54:57.292,0.9826,13.53,HAZARD,30,59.0%
19:54:57.309,1.0098,0.0,NORMAL,100,100.0%
19:54:57.356,1.0044,7.08,HAZARD,30,57.0%
19:54:57.445,1.0172,0.0,NORMAL,100,100.0%
19:54:57.471,1.0061,0.0,NORMAL,100,100.0%
19:54:57.504,1.0171,0.0,NORMAL,100,100.0%
19:54:57.533,2.796,0.0,NORMAL,60,48.0%
19:54:57.553,2.7917,0.0,NORMAL,60,47.0%
19:54:57.580,0.2832,0.0,CAUTION,30,48.0%
19:54:57.608,1.3963,0.0,CAUTION,60,52.0%
19:54:57.632,1.1007,0.0,CAUTION,60,54.0%
19:54:57.651,1.0022,0.0,CAUTION,60,46.0%
19:54:57.693,0.9899,0.0,CAUTION,100,68.0%
19:54:57.723,1.0049,0.0,CAUTION,100,100.0%
19:54:57.759,1.0108,0.0,NORMAL,100,100.0%
19:54:57.864,1.004,0.0,NORMAL,100,100.0%
19:54:57.885,0.9821,0.0,NORMAL,100,100.0%
19:54:57.905,0.996,0.0,NORMAL,100,100.0%
19:54:57.925,1.0123,0.0,NORMAL,100,100.0%
19:54:57.944,1.0034,0.0,NORMAL,100,100.0%
19:54:57.971,0.9943,0.0,NORMAL,100,100.0%
19:54:57.995,0.9802,0.0,NORMAL,100,100.0%
19:54:58.027,1.0133,0.0,NORMAL,100,100.0%
19:54:58.045,0.987,0.0,NORMAL,100,100.0%
19:54:58.093,0.9848,0.0,NORMAL,100,100.0%
19:54:58.119,0.9809,0.0,NORMAL,100,100.0%
19:54:58.178,0.987,0.0,NORMAL,100,99.0%
19:54:58.205,1.0072,0.0,NORMAL,100,100.0%
19:54:58.236,1.0094,0.0,NORMAL,100,100.0%
19:54:58.263,0.9948,0.0,NORMAL,100,100.0%
19:54:58.299,0.982,0.0,NORMAL,100,100.0%
19:54:58.319,0.9974,0.0,NORMAL,100,100.0%
19:54:58.363,0.9912,0.0,NORMAL,100,100.0%
19:54:58.383,1.0034,0.0,NORMAL,100,100.0%
19:54:58.429,1.0159,14.86,NORMAL,30,58.0%
19:54:58.454,1.0016,0.0,NORMAL,100,100.0%
19:54:58.494,1.0028,0.0,NORMAL,100,100.0%
19:54:58.524,0.9822,0.0,NORMAL,100,100.0%
19:54:58.572,0.9935,0.0,NORMAL,100,100.0%
19:54:58.592,1.0093,0.0,NORMAL,100,100.0%
19:54:58.641,1.0082,0.0,NORMAL,100,100.0%
19:54:58.666,1.0081,0.0,NORMAL,100,100.0%
19:54:58.702,1.0031,0.0,NORMAL,100,100.0%
19:54:58.727,1.0129,0.0,NORMAL,100,100.0%
19:54:58.766,0.989,0.0,NORMAL,100,100.0%
19:54:58.792,1.0194,0.0,NORMAL,100,100.0%
19:54:58.830,0.9898,0.0,NORMAL,100,100.0%
19:54:58.851,1.0074,0.0,NORMAL,100,100.0%
19:54:58.895,0.9925,0.0,NORMAL,100,100.0%
19:54:58.973,1.0193,0.0,NORMAL,100,100.0%
19:54:58.997,1.009,0.0,NORMAL,100,100.0%
19:54:59.014,0.9978,0.0,NORMAL,100,100.0%
19:54:59.042,0.991,0.0,NORMAL,100,100.0%
19:54:59.063,0.9835,0.0,NORMAL,100,100.0%
19:54:59.100,1.0038,0.0,NORMAL,100,100.0%
19:54:59.128,1.009,0.0,NORMAL,100,100.0%
19:54:59.163,0.9926,0.0,NORMAL,100,100.0%
19:54:59.180,0.9935,0.0,NORMAL,100,100.0%
19:54:59.235,0.9956,0.0,NORMAL,100,100.0%
19:54:59.259,1.0162,0.0,NORMAL,100,100.0%
19:54:59.309,1.0162,2.65,NORMAL,30,58.0%
19:54:59.335,0.9811,0.0,NORMAL,100,100.0%
19:54:59.375,0.9952,0.0,NORMAL,100,100.0%
19:54:59.403,1.0123,0.0,NORMAL,100,100.0%
19:54:59.439,1.0035,7.59,NORMAL,30,57.0%
19:54:59.459,1.0015,0.0,NORMAL,100,100.0%
19:54:59.499,0.9855,0.0,NORMAL,100,100.0%
19:54:59.522,1.0163,0.0,NORMAL,100,100.0%
19:54:59.566,0.9867,0.0,NORMAL,100,100.0%
19:54:59.591,1.0069,0.0,NORMAL,100,100.0%
19:54:59.631,1.009,0.0,NORMAL,100,100.0%
19:54:59.660,1.0051,0.0,NORMAL,100,100.0%
19:54:59.709,0.9909,0.0,NORMAL,100,100.0%
19:54:59.741,1.0154,0.0,NORMAL,100,100.0%
19:54:59.781,0.9874,0.0,NORMAL,100,100.0%
19:54:59.804,1.0118,0.0,NORMAL,100,100.0%
19:54:59.837,0.9929,0.0,NORMAL,100,100.0%
19:54:59.874,1.0056,0.0,NORMAL,100,100.0%
19:54:59.905,1.0177,0.0,NORMAL,100,100.0%
19:54:59.932,1.0104,0.0,NORMAL,100,100.0%
19:54:59.969,0.9962,0.0,NORMAL,100,100.0%
19:55:00.007,0.9821,0.0,NORMAL,100,100.0%
19:55:00.050,0.9974,0.0,NORMAL,100,100.0%
19:55:00.079,1.0014,0.0,NORMAL,100,100.0%
19:55:00.112,1.0027,0.0,NORMAL,100,100.0%
19:55:00.136,1.0094,0.0,NORMAL,100,100.0%
19:55:00.175,1.0004,0.0,NORMAL,100,100.0%
19:55:00.204,1.0034,0.0,NORMAL,100,100.0%
19:55:00.243,1.0057,0.0,NORMAL,100,100.0%
19:55:00.321,1.0073,0.0,NORMAL,100,100.0%
19:55:00.344,1.0054,0.0,NORMAL,100,100.0%
19:55:00.378,0.9839,0.0,NORMAL,100,100.0%
19:55:00.405,1.0163,0.0,NORMAL,100,100.0%
19:55:00.438,0.9961,0.0,NORMAL,100,100.0%
19:55:00.460,1.0077,0.0,NORMAL,100,100.0%
19:55:00.486,1.0134,0.0,NORMAL,100,100.0%
19:55:00.512,0.9839,0.0,NORMAL,100,100.0%
19:55:00.535,0.9823,0.0,NORMAL,100,100.0%
19:55:00.590,1.009,0.0,NORMAL,100,100.0%
19:55:00.609,1.0145,0.0,NORMAL,100,100.0%
19:55:00.639,1.0031,0.0,NORMAL,100,100.0%
19:55:00.666,0.9817,0.0,NORMAL,100,100.0%
19:55:00.703,0.9912,0.0,NORMAL,100,100.0%
19:55:00.735,0.9998,0.0,NORMAL,100,100.0%
19:55:00.764,0.9866,0.0,NORMAL,100,100.0%
19:55:00.785,1.0177,0.0,NORMAL,100,100.0%
19:55:00.847,1.0121,0.0,NORMAL,100,100.0%
19:55:00.871,0.9948,0.0,NORMAL,100,100.0%
19:55:00.908,1.0104,0.0,NORMAL,100,100.0%
19:55:00.930,1.0171,0.0,NORMAL,100,100.0%
19:55:00.974,1.0062,0.0,NORMAL,100,100.0%
19:55:00.998,0.9985,0.0,NORMAL,100,100.0%
19:55:01.039,0.9962,0.0,NORMAL,100,100.0%
19:55:01.062,0.9959,0.0,NORMAL,100,100.0%
19:55:01.106,0.9933,0.0,NORMAL,100,100.0%
19:55:01.132,1.0186,0.0,NORMAL,100,100.0%
19:55:01.180,0.9946,0.0,NORMAL,100,100.0%
19:55:01.200,1.0086,0.0,NORMAL,100,100.0%
19:55:01.264,1.0078,0.0,NORMAL,100,100.0%
19:55:01.301,1.0178,0.0,NORMAL,100,100.0%
19:55:01.334,0.9975,0.56,NORMAL,100,100.0%
19:55:01.367,1.0166,0.0,NORMAL,100,100.0%
19:55:01.416,1.0114,0.61,NORMAL,100,100.0%
19:55:01.475,0.9803,0.0,NORMAL,100,100.0%
19:55:01.508,1.0189,1.51,NORMAL,60,44.0%
19:55:01.535,1.0082,0.0,NORMAL,100,100.0%
19:55:01.565,1.0132,0.0,NORMAL,100,100.0%
19:55:01.598,0.995,0.0,NORMAL,100,100.0%
19:55:01.636,0.9998,0.0,NORMAL,100,100.0%
19:55:01.683,0.9938,0.0,NORMAL,100,100.0%
19:55:01.713,0.9863,0.0,NORMAL,100,100.0%
19:55:01.742,0.9957,0.0,NORMAL,100,100.0%
19:55:01.771,1.0101,0.0,NORMAL,100,100.0%
19:55:01.803,0.9947,0.0,NORMAL,100,100.0%
19:55:01.837,1.003,0.0,NORMAL,100,100.0%
19:55:01.860,2.8051,0.0,NORMAL,60,44.0%
19:55:01.895,2.8033,0.0,NORMAL,30,48.0%
19:55:01.923,0.3134,0.0,NORMAL,30,48.0%
19:55:01.951,1.4018,0.0,CAUTION,60,52.0%
19:55:01.977,1.0957,0.0,CAUTION,60,54.0%
19:55:02.009,1.0084,0.0,CAUTION,60,46.0%
19:55:02.035,1.0032,0.0,CAUTION,100,68.0%
19:55:02.055,1.0,0.0,CAUTION,100,100.0%
19:55:02.079,0.9965,0.0,NORMAL,100,100.0%
19:55:02.114,1.0001,0.0,NORMAL,100,100.0%
19:55:02.138,0.9988,0.0,NORMAL,100,100.0%
19:55:02.175,0.9935,0.0,NORMAL,100,100.0%
19:55:02.207,1.0142,0.0,NORMAL,100,100.0%
19:55:02.245,1.0179,0.0,NORMAL,100,100.0%
19:55:02.274,0.9886,0.0,NORMAL,100,100.0%
19:55:02.325,1.0104,0.0,NORMAL,100,100.0%
19:55:02.351,1.0109,0.0,NORMAL,100,100.0%
19:55:02.387,0.9836,0.0,NORMAL,100,100.0%
19:55:02.481,1.0173,0.0,NORMAL,100,100.0%
19:55:02.515,1.0024,0.0,NORMAL,100,100.0%
19:55:02.590,0.9855,0.0,NORMAL,100,100.0%
19:55:02.616,0.9995,0.0,NORMAL,100,100.0%
19:55:02.646,0.9978,0.0,NORMAL,100,100.0%
19:55:02.670,1.004,0.0,NORMAL,100,100.0%
19:55:02.725,1.0143,5.51,NORMAL,30,59.0%
19:55:02.756,1.0026,0.0,NORMAL,100,100.0%
19:55:02.792,0.9978,1.12,NORMAL,100,100.0%
19:55:02.830,1.0001,0.0,NORMAL,100,100.0%
19:55:02.870,0.9999,0.0,NORMAL,100,100.0%
19:55:02.905,1.0053,0.0,NORMAL,100,100.0%
19:55:02.942,1.0116,0.0,NORMAL,100,100.0%
19:55:02.969,1.0088,0.0,NORMAL,100,100.0%
19:55:02.997,0.9991,0.0,NORMAL,100,100.0%
19:55:03.029,0.9909,0.0,NORMAL,100,100.0%
19:55:03.058,1.0021,0.0,NORMAL,100,100.0%
19:55:03.086,0.9811,0.0,NORMAL,100,100.0%
19:55:03.124,0.9947,0.0,NORMAL,100,100.0%
19:55:03.153,1.0011,0.0,NORMAL,100,100.0%
19:55:03.184,0.9984,0.0,NORMAL,100,100.0%
19:55:03.219,1.0047,0.0,NORMAL,100,100.0%
19:55:03.253,0.9922,0.0,NORMAL,100,100.0%
19:55:03.288,1.013,0.0,NORMAL,100,100.0%
19:55:03.321,1.3006,0.0,NORMAL,60,84.0%
19:55:03.359,1.2837,0.0,NORMAL,60,91.0%
19:55:03.388,1.2828,0.0,CAUTION,60,98.0%
19:55:03.417,1.7838,0.0,CAUTION,60,98.0%
19:55:03.451,1.8045,0.0,CAUTION,60,98.0%
19:55:03.487,1.4912,0.0,CAUTION,60,98.0%
19:55:03.568,1.4917,0.0,CAUTION,60,98.0%
19:55:03.607,1.2068,0.0,CAUTION,60,98.0%
19:55:03.647,1.2133,0.0,CAUTION,60,98.0%
19:55:03.695,0.9802,0.0,CAUTION,60,89.0%
19:55:03.737,0.9966,0.0,CAUTION,60,68.0%
19:55:03.795,0.9931,0.0,CAUTION,100,100.0%
19:55:03.833,0.9968,0.0,CAUTION,100,100.0%
19:55:03.880,1.0123,0.0,NORMAL,100,100.0%
19:55:03.919,1.0054,0.0,NORMAL,100,100.0%
19:55:03.964,0.9973,0.0,NORMAL,100,100.0%
19:55:03.998,0.999,0.0,NORMAL,100,100.0%
19:55:04.040,0.9875,0.0,NORMAL,100,100.0%
19:55:04.078,0.9897,0.0,NORMAL,100,100.0%
19:55:04.117,0.9869,0.0,NORMAL,100,100.0%
19:55:04.155,1.0192,0.0,NORMAL,100,100.0%
19:55:04.187,1.009,0.0,NORMAL,100,100.0%
19:55:04.294,0.9902,0.0,NORMAL,100,100.0%
19:55:04.332,0.9829,0.0,NORMAL,100,100.0%
19:55:04.369,1.01,0.0,NORMAL,100,100.0%
19:55:04.397,0.9847,0.0,NORMAL,100,100.0%
19:55:04.435,1.0181,0.0,NORMAL,100,100.0%
19:55:04.479,1.008,0.0,NORMAL,100,98.0%
19:55:04.527,0.9904,0.0,NORMAL,100,100.0%
19:55:04.575,1.0159,0.0,NORMAL,100,100.0%
19:55:04.614,0.9814,0.0,NORMAL,100,100.0%
19:55:04.653,0.98,0.0,NORMAL,100,100.0%
19:55:04.695,0.9849,0.0,NORMAL,100,100.0%
19:55:04.733,1.0133,0.0,NORMAL,100,100.0%
19:55:04.771,0.9893,0.0,NORMAL,100,100.0%
19:55:04.800,1.012,0.0,NORMAL,100,100.0%
19:55:04.830,1.0074,0.0,NORMAL,100,100.0%
19:55:04.864,0.995,0.0,NORMAL,100,100.0%
19:55:04.891,0.9896,0.0,NORMAL,100,100.0%
19:55:04.919,0.9918,0.0,NORMAL,100,100.0%
19:55:04.950,0.997,0.0,NORMAL,100,100.0%
19:55:04.991,1.0095,0.0,NORMAL,100,100.0%
19:55:05.025,0.9996,0.0,NORMAL,100,100.0%
19:55:05.066,1.0082,0.0,NORMAL,100,100.0%
19:55:05.098,1.0143,0.0,NORMAL,100,100.0%
19:55:05.131,1.0059,0.0,NORMAL,100,100.0%
19:55:05.167,1.0111,0.0,NORMAL,100,100.0%
19:55:05.199,1.0036,0.0,NORMAL,100,100.0%
19:55:05.234,1.0086,0.0,NORMAL,100,100.0%
19:55:05.275,0.9967,0.0,NORMAL,100,100.0%
19:55:05.315,0.9958,0.0,NORMAL,100,100.0%
19:55:05.353,0.9891,0.0,NORMAL,100,100.0%
19:55:05.394,1.01,0.0,NORMAL,100,100.0%
19:55:05.440,0.9835,0.0,NORMAL,100,100.0%
19:55:05.482,1.0037,0.0,NORMAL,100,100.0%
19:55:05.524,1.0103,0.0,NORMAL,100,100.0%
19:55:05.565,0.9945,0.0,NORMAL,100,100.0%
19:55:05.598,0.9821,0.0,NORMAL,100,100.0%
19:55:05.651,1.001,0.0,NORMAL,100,100.0%
19:55:05.679,0.9907,0.0,NORMAL,100,100.0%
19:55:05.714,1.002,0.0,NORMAL,100,100.0%
19:55:05.748,0.99,0.0,NORMAL,100,100.0%
19:55:05.782,1.0075,0.0,NORMAL,100,100.0%
19:55:05.819,0.9947,0.0,NORMAL,100,100.0%
19:55:05.863,1.0091,0.0,NORMAL,100,100.0%
19:55:05.897,1.0171,0.0,NORMAL,100,100.0%
19:55:05.930,1.0089,0.0,NORMAL,100,100.0%
19:55:05.965,1.0177,0.0,NORMAL,100,100.0%
19:55:06.018,0.9887,0.0,NORMAL,100,100.0%
19:55:06.048,0.9983,0.0,NORMAL,100,100.0%
19:55:06.096,1.0024,0.0,NORMAL,100,100.0%
19:55:06.130,1.0109,0.0,NORMAL,100,100.0%
19:55:06.168,1.0062,0.0,NORMAL,100,100.0%
19:55:06.196,1.0155,0.0,NORMAL,100,100.0%
19:55:06.236,1.0017,0.0,NORMAL,100,100.0%
19:55:06.285,0.9908,0.0,NORMAL,100,100.0%
19:55:06.313,1.0168,0.0,NORMAL,100,100.0%
19:55:06.336,0.9906,0.0,NORMAL,100,100.0%
19:55:06.369,1.0148,0.0,NORMAL,100,100.0%
19:55:06.411,0.9964,0.0,NORMAL,100,100.0%
19:55:06.451,1.0154,0.0,NORMAL,100,100.0%
19:55:06.487,0.9836,0.0,NORMAL,100,100.0%
19:55:06.522,0.9899,0.0,NORMAL,100,100.0%
19:55:06.580,0.9966,0.0,NORMAL,100,100.0%
19:55:06.611,1.0154,0.0,NORMAL,100,100.0%
19:55:06.648,1.0072,0.0,NORMAL,100,100.0%
19:55:06.683,1.0087,0.0,NORMAL,100,100.0%
19:55:06.727,0.994,0.0,NORMAL,100,100.0%
19:55:06.760,1.0138,0.0,NORMAL,100,100.0%
19:55:06.791,1.001,0.0,NORMAL,100,100.0%
19:55:06.833,1.0031,0.0,NORMAL,100,100.0%
19:55:06.865,0.9943,0.0,NORMAL,100,100.0%
19:55:06.900,0.9836,0.0,NORMAL,100,100.0%
19:55:06.933,0.9848,0.0,NORMAL,100,100.0%
19:55:06.966,0.9912,0.0,NORMAL,100,100.0%
19:55:06.993,1.0115,0.0,NORMAL,100,100.0%
19:55:07.027,1.0118,0.0,NORMAL,100,100.0%
19:55:07.060,1.005,0.0,NORMAL,100,100.0%
19:55:07.096,0.9982,0.0,NORMAL,100,100.0%
19:55:07.132,0.9959,0.0,NORMAL,100,100.0%
19:55:07.164,0.9933,0.0,NORMAL,100,100.0%
19:55:07.195,0.9889,0.0,NORMAL,100,100.0%
19:55:07.231,0.9982,0.0,NORMAL,100,100.0%
19:55:07.271,1.0177,0.0,NORMAL,100,100.0%
19:55:07.300,1.0033,0.0,NORMAL,100,100.0%
19:55:07.324,0.9937,0.0,NORMAL,100,100.0%
19:55:07.353,1.0091,0.0,NORMAL,100,100.0%
19:55:07.411,1.0192,0.0,NORMAL,100,100.0%
19:55:07.446,0.9906,0.0,NORMAL,100,100.0%
19:55:07.486,0.997,0.0,NORMAL,100,100.0%
19:55:07.521,0.9859,0.0,NORMAL,100,100.0%
19:55:07.559,1.0174,0.0,NORMAL,100,100.0%
19:55:07.591,1.0121,0.0,NORMAL,100,100.0%
19:55:07.619,0.998,0.0,NORMAL,100,100.0%
19:55:07.644,1.0037,0.0,NORMAL,100,100.0%
19:55:07.683,2.7903,0.0,NORMAL,60,43.0%
19:55:07.715,2.7995,0.0,NORMAL,60,46.0%
19:55:07.746,0.3192,0.64,CAUTION,30,48.0%
19:55:07.777,1.3995,0.0,CAUTION,60,52.0%
19:55:07.802,1.113,0.0,CAUTION,60,58.0%
19:55:07.843,1.016,0.0,CAUTION,60,47.0%
19:55:07.879,1.018,0.0,CAUTION,60,48.0%
19:55:07.910,1.0034,0.0,CAUTION,100,100.0%
19:55:07.944,1.0158,0.0,CAUTION,100,100.0%
19:55:07.982,1.0157,0.0,NORMAL,100,100.0%
19:55:08.023,1.0004,0.0,NORMAL,100,100.0%
19:55:08.068,0.9854,0.0,NORMAL,100,100.0%
19:55:08.100,1.0055,0.0,NORMAL,100,100.0%
19:55:08.135,0.9962,0.0,NORMAL,100,100.0%
19:55:08.165,0.9804,0.0,NORMAL,100,100.0%
19:55:08.198,1.0048,0.0,NORMAL,100,100.0%
19:55:08.230,1.014,0.0,NORMAL,100,100.0%
19:55:08.275,1.0102,0.0,NORMAL,100,100.0%
19:55:08.311,0.9828,0.0,NORMAL,100,100.0%
19:55:08.342,0.99,0.0,NORMAL,100,100.0%
19:55:08.378,1.0005,0.0,NORMAL,100,100.0%
19:55:08.408,0.9867,0.0,NORMAL,100,100.0%
19:55:08.445,1.0072,0.0,NORMAL,100,100.0%
19:55:08.479,0.9903,0.0,NORMAL,100,100.0%
19:55:08.512,0.9961,0.0,NORMAL,100,100.0%
19:55:08.543,1.0097,0.0,NORMAL,100,100.0%
19:55:08.579,1.0152,0.0,NORMAL,100,100.0%
19:55:08.609,1.0033,0.0,NORMAL,100,100.0%
19:55:08.643,1.0156,0.0,NORMAL,100,100.0%
19:55:08.679,1.0009,0.0,NORMAL,100,100.0%
19:55:08.711,0.9903,0.0,NORMAL,100,100.0%
19:55:08.744,1.0013,0.0,NORMAL,100,100.0%
19:55:08.781,0.9872,0.0,NORMAL,100,100.0%
19:55:08.811,0.9966,0.0,NORMAL,100,100.0%
19:55:08.918,1.0013,0.0,NORMAL,100,100.0%
19:55:08.962,0.9905,0.0,NORMAL,100,100.0%
19:55:08.996,1.0093,0.0,NORMAL,100,100.0%
19:55:09.035,0.9911,0.0,NORMAL,100,100.0%
19:55:09.080,1.0098,0.0,NORMAL,100,100.0%
19:55:09.119,0.988,0.0,NORMAL,100,100.0%
19:55:09.153,0.9842,0.0,NORMAL,100,100.0%
19:55:09.181,0.9817,0.0,NORMAL,100,100.0%
19:55:09.231,1.0095,0.0,NORMAL,100,100.0%
19:55:09.266,1.0077,0.0,NORMAL,100,100.0%
19:55:09.319,1.0055,0.0,NORMAL,100,100.0%
19:55:09.346,0.9837,0.0,NORMAL,100,100.0%
19:55:09.383,1.0096,0.0,NORMAL,100,100.0%
19:55:09.412,1.0192,0.0,NORMAL,100,100.0%
19:55:09.448,1.0037,0.0,NORMAL,100,100.0%
19:55:09.485,0.9964,0.0,NORMAL,100,100.0%
19:55:09.532,1.016,0.0,NORMAL,100,100.0%
19:55:09.566,1.0072,0.0,NORMAL,100,100.0%
19:55:09.605,0.9979,0.0,NORMAL,100,100.0%
19:55:09.635,0.9942,0.0,NORMAL,100,100.0%
19:55:09.669,0.9999,0.0,NORMAL,100,100.0%
19:55:09.704,1.0062,0.0,NORMAL,100,100.0%
19:55:09.748,1.0045,0.0,NORMAL,100,100.0%
19:55:09.785,1.0136,0.0,NORMAL,100,100.0%
19:55:09.815,1.0179,0.0,NORMAL,100,100.0%
19:55:09.856,0.9932,0.0,NORMAL,100,100.0%
19:55:09.901,1.0009,0.0,NORMAL,100,100.0%
19:55:09.932,0.9876,0.0,NORMAL,100,100.0%
19:55:09.968,0.9828,0.0,NORMAL,100,100.0%
19:55:10.000,0.9944,0.0,NORMAL,100,100.0%
19:55:10.024,0.9884,0.0,NORMAL,100,100.0%
19:55:10.068,0.993,0.0,NORMAL,100,100.0%
19:55:10.101,1.0148,0.0,NORMAL,100,100.0%
19:55:10.138,0.9916,0.0,NORMAL,100,100.0%
19:55:10.169,0.9949,0.0,NORMAL,100,100.0%
19:55:10.219,1.0048,0.0,NORMAL,100,100.0%
19:55:10.266,1.0057,6.84,NORMAL,30,56.0%
19:55:10.332,1.0097,2.3,NORMAL,30,43.0%
19:55:10.369,1.0173,0.0,NORMAL,100,100.0%
19:55:10.404,0.9902,0.0,NORMAL,100,100.0%
19:55:10.445,0.9936,0.0,NORMAL,100,100.0%
19:55:10.480,0.9819,0.0,NORMAL,100,100.0%
19:55:10.516,1.0033,0.0,NORMAL,100,100.0%
19:55:10.558,0.9926,0.0,NORMAL,100,100.0%
19:55:10.597,1.007,0.0,NORMAL,100,100.0%
19:55:10.630,1.0161,0.0,NORMAL,100,100.0%
19:55:10.661,0.9876,0.0,NORMAL,100,100.0%
19:55:10.693,1.0105,0.0,NORMAL,100,100.0%
19:55:10.729,0.9932,0.0,NORMAL,100,100.0%
19:55:10.750,0.99,0.0,NORMAL,100,100.0%
19:55:10.781,1.0023,0.0,NORMAL,100,100.0%
19:55:10.812,1.0129,0.0,NORMAL,100,100.0%
19:55:10.848,0.9987,0.0,NORMAL,100,100.0%
19:55:10.885,0.9944,0.0,NORMAL,100,100.0%
19:55:10.915,1.0154,0.0,NORMAL,100,100.0%
19:55:10.962,1.0152,0.0,NORMAL,100,100.0%
19:55:10.994,0.9939,0.0,NORMAL,100,100.0%
19:55:11.027,1.0025,0.75,NORMAL,100,100.0%
19:55:11.098,1.017,0.0,NORMAL,100,100.0%
19:55:11.143,1.0177,0.51,NORMAL,100,100.0%
19:55:11.186,1.0081,0.0,NORMAL,100,100.0%
19:55:11.232,0.9837,0.0,NORMAL,100,100.0%
19:55:11.267,1.0082,0.0,NORMAL,100,100.0%
19:55:11.297,1.0128,0.0,NORMAL,100,100.0%
19:55:11.333,1.0017,0.0,NORMAL,100,100.0%
19:55:11.372,0.9937,0.0,NORMAL,100,100.0%
19:55:11.410,1.0015,1.08,NORMAL,100,100.0%
19:55:11.444,0.9916,0.0,NORMAL,100,100.0%
19:55:11.501,1.0165,8.38,NORMAL,30,61.0%
19:55:11.532,1.0151,0.0,NORMAL,100,100.0%
19:55:11.559,1.0073,17.16,NORMAL,30,60.0%
19:55:11.594,0.9978,0.0,NORMAL,100,100.0%
19:55:11.634,1.0185,22.72,HAZARD,30,59.0%
19:55:11.676,1.0025,0.0,NORMAL,100,100.0%
19:55:11.718,1.0123,24.05,HAZARD,30,61.0%
19:55:11.748,1.0075,0.0,NORMAL,100,100.0%
19:55:11.786,0.9805,5.51,HAZARD,30,53.0%
19:55:11.833,1.0096,0.0,NORMAL,100,100.0%
19:55:11.876,1.0024,38.28,HAZARD,30,59.0%
19:55:11.929,1.014,30.9,HAZARD,30,58.0%
19:55:11.966,1.0055,0.0,HAZARD,100,100.0%
19:55:12.008,1.0054,24.65,HAZARD,30,56.0%
19:55:12.051,0.999,0.0,HAZARD,100,100.0%
19:55:12.101,1.0135,7.95,HAZARD,30,59.0%
19:55:12.132,0.998,0.0,NORMAL,100,100.0%
19:55:12.183,0.9942,10.77,HAZARD,30,59.0%
19:55:12.215,1.0098,0.0,NORMAL,100,100.0%
19:55:12.261,1.013,27.57,HAZARD,30,60.0%
19:55:12.328,1.0027,22.52,HAZARD,30,57.0%
19:55:12.366,1.0037,0.0,HAZARD,100,100.0%
19:55:12.413,0.9867,19.15,HAZARD,30,56.0%
19:55:12.449,0.9934,0.0,HAZARD,100,100.0%
19:55:12.483,1.0003,8.06,HAZARD,30,59.0%
19:55:12.526,1.0057,0.0,NORMAL,100,100.0%
19:55:12.565,2.8007,10.39,HAZARD,30,96.0%
19:55:12.599,2.812,0.0,HAZARD,60,48.0%
19:55:12.634,0.32,15.52,HAZARD,30,100.0%
19:55:12.685,1.3902,0.0,HAZARD,60,52.0%
19:55:12.716,1.0869,16.64,HAZARD,30,100.0%
19:55:12.754,0.9987,0.0,CAUTION,60,45.0%
19:55:12.796,0.9918,20.14,HAZARD,30,91.0%
19:55:12.866,0.9987,15.22,HAZARD,30,60.0%
19:55:12.901,1.0051,0.0,HAZARD,100,100.0%
19:55:12.930,0.9815,19.22,HAZARD,30,53.0%
19:55:12.964,1.0007,0.0,HAZARD,100,100.0%
19:55:13.000,1.0155,21.12,HAZARD,30,58.0%
19:55:13.043,1.0127,0.0,NORMAL,100,100.0%
19:55:13.086,1.0037,23.28,HAZARD,30,58.0%
19:55:13.115,0.9907,0.0,NORMAL,100,100.0%
19:55:13.154,1.0167,22.24,HAZARD,30,61.0%
19:55:13.182,0.9839,0.0,NORMAL,100,100.0%
19:55:13.211,0.9884,14.98,HAZARD,30,62.0%
19:55:13.241,0.9852,0.0,NORMAL,100,100.0%
19:55:13.279,1.0168,10.06,HAZARD,30,61.0%
19:55:13.315,0.9811,0.0,NORMAL,100,100.0%
19:55:13.344,0.9958,2.56,HAZARD,30,59.0%
19:55:13.381,1.0189,0.0,NORMAL,100,100.0%
19:55:13.409,1.0132,1.89,HAZARD,60,39.0%
19:55:13.448,0.9871,0.0,NORMAL,100,100.0%
19:55:13.488,0.9953,1.71,NORMAL,60,46.0%
19:55:13.518,1.019,0.0,NORMAL,100,100.0%
19:55:13.545,0.9924,2.42,CAUTION,30,39.0%
19:55:13.581,0.9951,0.0,NORMAL,100,100.0%
19:55:13.613,1.003,0.0,NORMAL,100,100.0%
19:55:13.648,1.0132,0.0,NORMAL,100,100.0%
19:55:13.696,1.0192,0.0,NORMAL,100,100.0%
19:55:13.726,1.0119,0.0,NORMAL,100,100.0%
19:55:13.764,0.9883,0.0,NORMAL,100,100.0%
19:55:13.800,1.0071,0.0,NORMAL,100,100.0%
19:55:13.830,0.9898,0.0,NORMAL,100,100.0%
19:55:13.866,1.0032,0.0,NORMAL,100,100.0%
19:55:13.907,1.0104,0.0,NORMAL,100,100.0%
19:55:13.949,0.994,0.0,NORMAL,100,100.0%
19:55:13.980,1.0088,0.0,NORMAL,100,100.0%
19:55:14.012,0.9906,0.0,NORMAL,100,100.0%
19:55:14.048,1.0025,0.0,NORMAL,100,100.0%
19:55:14.080,1.0157,0.0,NORMAL,100,100.0%
19:55:14.120,1.0147,1.17,NORMAL,100,100.0%
19:55:14.232,1.0104,0.59,NORMAL,100,100.0%
19:55:14.277,1.0044,0.0,NORMAL,100,100.0%
19:55:14.320,1.014,0.0,NORMAL,100,100.0%
19:55:14.351,0.984,0.0,NORMAL,100,100.0%
19:55:14.380,1.0194,0.0,NORMAL,100,100.0%
19:55:14.413,0.9834,0.0,NORMAL,100,100.0%
19:55:14.448,2.812,0.0,NORMAL,30,41.0%
19:55:14.483,2.7881,0.0,NORMAL,30,47.0%
19:55:14.516,0.2812,0.0,HAZARD,30,48.0%
19:55:14.563,1.3866,0.0,HAZARD,60,52.0%
19:55:14.594,1.1062,0.0,HAZARD,60,57.0%
19:55:14.658,1.0117,0.0,CAUTION,60,47.0%
19:55:14.694,1.0152,0.0,CAUTION,60,49.0%
19:55:14.798,1.0076,0.0,CAUTION,100,100.0%
19:55:14.861,1.0087,0.0,CAUTION,100,100.0%
19:55:14.906,1.0194,0.0,NORMAL,100,100.0%
19:55:14.947,0.988,0.0,NORMAL,100,100.0%
19:55:14.979,0.9887,0.0,NORMAL,100,100.0%
19:55:15.017,0.9866,0.0,NORMAL,100,100.0%
19:55:15.059,1.0142,0.0,NORMAL,100,100.0%
19:55:15.090,1.0004,0.0,NORMAL,100,100.0%
19:55:15.123,0.9812,0.0,NORMAL,100,100.0%
19:55:15.160,0.9991,0.0,NORMAL,100,100.0%
19:55:15.193,0.9941,0.0,NORMAL,100,100.0%
19:55:15.230,1.0176,0.0,NORMAL,100,100.0%
19:55:15.268,1.0197,0.0,NORMAL,100,100.0%
19:55:15.297,1.0028,0.0,NORMAL,100,100.0%
19:55:15.346,1.01,0.0,NORMAL,100,100.0%
19:55:15.386,0.9834,0.0,NORMAL,100,100.0%
19:55:15.443,1.0159,0.0,NORMAL,100,100.0%
19:55:15.484,1.0022,0.0,NORMAL,100,100.0%
19:55:15.535,1.0067,0.0,NORMAL,100,100.0%
19:55:15.586,0.9996,0.0,NORMAL,100,100.0%
19:55:15.617,1.0121,0.59,NORMAL,100,100.0%
19:55:15.653,0.9891,0.0,NORMAL,100,100.0%
19:55:15.685,1.0005,1.35,NORMAL,100,100.0%
19:55:15.727,1.0004,0.0,NORMAL,100,100.0%
19:55:15.766,1.0162,0.85,NORMAL,100,100.0%
19:55:15.801,0.9969,0.0,NORMAL,100,100.0%
19:55:15.840,1.0158,0.0,NORMAL,100,100.0%
19:55:15.881,1.0072,0.0,NORMAL,100,100.0%
19:55:15.917,0.9888,0.0,NORMAL,100,100.0%
19:55:15.950,0.9822,0.0,NORMAL,100,100.0%
19:55:15.981,1.0139,0.0,NORMAL,100,100.0%
19:55:16.016,0.9942,0.0,NORMAL,100,100.0%
19:55:16.043,2.7825,0.0,NORMAL,60,41.0%
19:55:16.078,2.8123,0.0,NORMAL,60,50.0%
19:55:16.115,0.3025,0.0,CAUTION,30,48.0%
19:55:16.146,1.388,0.0,CAUTION,60,52.0%
19:55:16.177,1.1039,0.0,CAUTION,60,57.0%
19:55:16.209,1.0087,0.0,CAUTION,60,48.0%
19:55:16.242,0.9938,0.0,CAUTION,60,48.0%
19:55:16.279,0.9894,0.0,CAUTION,100,100.0%
19:55:16.314,0.9886,0.0,CAUTION,100,100.0%
19:55:16.348,0.9949,0.0,NORMAL,100,100.0%
19:55:16.386,0.9919,0.0,NORMAL,100,100.0%
19:55:16.417,1.0185,0.0,NORMAL,100,100.0%
19:55:16.453,0.9932,0.0,NORMAL,100,100.0%
19:55:16.499,1.0117,0.0,NORMAL,100,100.0%
19:55:16.532,1.0076,0.0,NORMAL,100,100.0%
19:55:16.588,1.0002,0.0,NORMAL,100,100.0%
19:55:16.631,1.0153,0.0,NORMAL,100,100.0%
19:55:16.671,1.0068,0.0,NORMAL,100,100.0%
19:55:16.699,0.9864,0.0,NORMAL,100,100.0%
19:55:16.730,1.0113,0.0,NORMAL,100,100.0%
19:55:16.762,0.9972,0.0,NORMAL,100,100.0%
19:55:16.801,0.9871,0.0,NORMAL,100,100.0%
19:55:16.834,1.0017,0.0,NORMAL,100,100.0%
19:55:16.879,0.9877,0.0,NORMAL,100,100.0%
19:55:16.916,0.9915,0.0,NORMAL,100,100.0%
19:55:16.966,0.9905,0.0,NORMAL,100,100.0%
19:55:17.010,1.0123,0.0,NORMAL,100,100.0%
19:55:17.045,1.0123,0.0,NORMAL,100,100.0%
19:55:17.087,1.0098,0.0,NORMAL,100,100.0%
19:55:17.131,0.9939,0.0,NORMAL,100,100.0%
19:55:17.164,1.0093,0.0,NORMAL,100,100.0%
19:55:17.193,0.9862,4.17,NORMAL,30,55.0%
19:55:17.251,1.0003,0.0,NORMAL,100,100.0%
19:55:17.333,1.0108,0.0,NORMAL,100,100.0%
19:55:17.402,1.0196,0.0,NORMAL,100,100.0%
19:55:17.433,1.008,0.0,NORMAL,100,100.0%
19:55:17.462,1.0039,0.0,NORMAL,100,100.0%
19:55:17.533,0.9823,0.0,NORMAL,100,100.0%
19:55:17.593,0.9942,0.0,NORMAL,100,100.0%
19:55:17.642,1.0119,0.0,NORMAL,100,100.0%
19:55:17.688,1.0119,0.0,NORMAL,100,100.0%
19:55:17.725,1.0112,0.0,NORMAL,100,100.0%
19:55:17.767,0.9822,0.0,NORMAL,100,100.0%
19:55:17.801,0.9867,0.0,NORMAL,100,100.0%
19:55:17.851,0.9882,0.0,NORMAL,100,100.0%
19:55:17.897,1.0057,0.0,NORMAL,100,100.0%
19:55:17.930,1.0136,0.0,NORMAL,100,100.0%
19:55:17.961,1.0008,0.0,NORMAL,100,100.0%
19:55:17.998,1.0016,0.0,NORMAL,100,100.0%
19:55:18.031,1.0174,0.0,NORMAL,100,100.0%
19:55:18.080,0.983,0.0,NORMAL,100,100.0%
19:55:18.118,1.0158,0.0,NORMAL,100,100.0%
19:55:18.180,1.0005,0.0,NORMAL,100,100.0%
19:55:18.219,0.9974,0.0,NORMAL,100,100.0%
19:55:18.265,1.015,0.0,NORMAL,100,100.0%
19:55:18.299,0.9893,0.0,NORMAL,100,100.0%
19:55:18.343,1.019,0.0,NORMAL,100,100.0%
19:55:18.394,1.0005,0.0,NORMAL,100,100.0%
19:55:18.432,0.9896,0.0,NORMAL,100,100.0%
19:55:18.538,0.9946,0.0,NORMAL,100,100.0%
19:55:18.593,0.9852,0.0,NORMAL,100,100.0%
19:55:18.696,1.0037,0.0,NORMAL,100,100.0%
19:55:18.753,0.9864,0.0,NORMAL,100,100.0%
19:55:18.802,0.9968,0.0,NORMAL,100,100.0%
19:55:18.866,0.9999,0.0,NORMAL,100,100.0%
19:55:18.911,0.9807,0.0,NORMAL,100,100.0%
19:55:18.978,1.0122,0.0,NORMAL,100,100.0%
19:55:19.031,0.9965,0.0,NORMAL,100,100.0%
19:55:19.134,1.0106,0.0,NORMAL,100,100.0%
19:55:19.183,1.0153,0.0,NORMAL,100,100.0%
19:55:19.221,0.9822,0.0,NORMAL,100,100.0%
19:55:19.267,1.0182,0.0,NORMAL,100,100.0%
19:55:19.315,0.9931,0.0,NORMAL,100,100.0%
19:55:19.376,1.0093,0.0,NORMAL,100,100.0%
19:55:19.437,0.9954,0.0,NORMAL,100,100.0%
19:55:19.485,0.9954,0.0,NORMAL,100,100.0%
19:55:19.544,1.0051,0.0,NORMAL,100,100.0%
19:55:19.597,1.001,0.0,NORMAL,100,100.0%
19:55:19.649,0.9984,0.0,NORMAL,100,100.0%
19:55:19.696,0.9953,0.0,NORMAL,100,100.0%
19:55:19.758,0.9931,0.0,NORMAL,100,100.0%
19:55:19.907,1.0033,0.0,NORMAL,100,100.0%
19:55:19.963,0.981,0.0,NORMAL,100,100.0%
19:55:20.042,1.0028,0.0,NORMAL,100,100.0%
19:55:20.084,0.9896,0.0,NORMAL,100,100.0%
19:55:20.134,1.0167,0.0,NORMAL,100,100.0%
19:55:20.176,1.0148,0.0,NORMAL,100,100.0%
19:55:20.231,1.008,0.0,NORMAL,100,100.0%
19:55:20.288,2.7897,0.0,NORMAL,60,43.0%
19:55:20.341,2.7855,0.0,NORMAL,30,47.0%
19:55:20.382,0.3099,0.0,NORMAL,30,48.0%
19:55:20.432,1.3836,0.0,CAUTION,60,52.0%
19:55:20.474,1.089,0.0,CAUTION,60,54.0%
19:55:20.522,1.0016,0.0,CAUTION,60,46.0%
19:55:20.578,0.9974,0.0,CAUTION,100,68.0%
19:55:20.624,0.9981,0.0,CAUTION,100,100.0%
19:55:20.668,0.9884,0.0,NORMAL,100,100.0%
19:55:20.834,1.0144,0.0,NORMAL,100,100.0%
19:55:20.903,1.0015,0.0,NORMAL,100,100.0%
19:55:20.961,1.0013,0.0,NORMAL,100,100.0%
19:55:21.015,1.0038,0.0,NORMAL,100,100.0%
19:55:21.061,0.9992,0.0,NORMAL,100,100.0%
19:55:21.094,1.0064,0.0,NORMAL,100,100.0%
19:55:21.139,0.9939,0.0,NORMAL,100,100.0%
19:55:21.188,1.0118,0.0,NORMAL,100,100.0%
19:55:21.266,1.0071,0.0,NORMAL,100,100.0%
19:55:21.407,0.9983,0.0,NORMAL,100,100.0%
19:55:21.492,1.0058,0.0,NORMAL,100,100.0%
19:55:21.547,1.0087,0.0,NORMAL,100,100.0%
19:55:21.649,1.0027,0.0,NORMAL,100,100.0%
19:55:21.694,0.991,0.0,NORMAL,100,100.0%
19:55:21.768,0.9891,0.0,NORMAL,100,100.0%
19:55:21.834,0.9808,0.0,NORMAL,100,100.0%
19:55:21.906,1.0087,0.0,NORMAL,100,100.0%
19:55:21.959,0.9969,0.0,NORMAL,100,100.0%
19:55:22.004,0.9885,0.0,NORMAL,100,100.0%
19:55:22.057,1.0146,0.0,NORMAL,100,100.0%
19:55:22.123,0.9819,0.0,NORMAL,100,100.0%
19:55:22.191,0.9854,0.0,NORMAL,100,100.0%
19:55:22.259,0.9887,0.0,NORMAL,100,100.0%
19:55:22.314,1.0071,0.0,NORMAL,100,100.0%
19:55:22.375,1.0074,0.0,NORMAL,100,100.0%
19:55:22.426,0.9825,0.0,NORMAL,100,100.0%
19:55:22.499,0.9947,0.0,NORMAL,100,100.0%
19:55:22.626,1.0065,0.0,NORMAL,100,100.0%
19:55:22.694,0.986,0.0,NORMAL,100,100.0%
19:55:22.749,1.0155,0.0,NORMAL,100,100.0%
19:55:22.808,1.0087,0.0,NORMAL,100,100.0%
19:55:22.859,0.9926,0.0,NORMAL,100,100.0%
19:55:22.920,0.9928,0.0,NORMAL,100,100.0%
19:55:22.978,0.9936,0.0,NORMAL,100,100.0%
19:55:23.031,0.9911,0.0,NORMAL,100,100.0%
19:55:23.085,1.0035,0.0,NORMAL,100,100.0%
19:55:23.224,1.0076,0.0,NORMAL,100,100.0%
19:55:23.295,0.9981,0.0,NORMAL,100,100.0%
19:55:23.363,1.0022,0.0,NORMAL,100,100.0%
19:55:23.433,1.0043,0.0,NORMAL,100,100.0%
19:55:23.490,0.9891,0.0,NORMAL,100,100.0%
19:55:23.565,1.0165,0.0,NORMAL,100,100.0%
19:55:23.636,1.0121,0.0,NORMAL,100,100.0%
19:55:23.703,1.0141,0.0,NORMAL,100,100.0%
19:55:23.797,1.0103,0.0,NORMAL,100,100.0%
19:55:23.859,1.006,0.0,NORMAL,100,100.0%
19:55:23.918,1.0002,0.0,NORMAL,100,100.0%
19:55:24.053,0.9997,0.0,NORMAL,100,100.0%
19:55:24.145,1.0046,0.0,NORMAL,100,100.0%
19:55:24.216,1.0083,0.0,NORMAL,100,100.0%
19:55:24.287,0.9937,0.0,NORMAL,100,100.0%
19:55:24.351,1.0026,0.0,NORMAL,100,100.0%
19:55:24.412,1.0133,0.0,NORMAL,100,100.0%
19:55:24.479,0.9836,0.0,NORMAL,100,100.0%
19:55:24.565,0.9971,0.0,NORMAL,100,100.0%
19:55:24.641,1.0143,0.0,NORMAL,100,100.0%
19:55:24.700,1.0124,0.0,NORMAL,100,100.0%
19:55:24.779,1.0154,0.0,NORMAL,100,100.0%
19:55:24.839,0.983,0.0,NORMAL,100,100.0%
19:55:24.900,1.0164,0.0,NORMAL,100,100.0%
19:55:24.974,0.993,0.0,NORMAL,100,100.0%
19:55:25.026,0.9813,0.0,NORMAL,100,100.0%
19:55:25.076,0.9818,0.0,NORMAL,100,100.0%
19:55:25.166,0.9934,0.0,NORMAL,100,100.0%
19:55:25.231,1.0126,0.0,NORMAL,100,100.0%
19:55:25.288,0.995,0.0,NORMAL,100,100.0%
19:55:25.352,0.9872,0.0,NORMAL,100,100.0%
19:55:25.414,1.0187,0.0,NORMAL,100,100.0%
19:55:25.465,0.985,0.0,NORMAL,100,100.0%
19:55:25.529,1.0195,0.0,NORMAL,100,100.0%
19:55:25.592,0.9984,0.0,NORMAL,100,98.0%
19:55:25.645,1.0021,0.0,NORMAL,100,100.0%
19:55:25.718,1.0034,0.0,NORMAL,100,100.0%
19:55:25.795,0.9979,0.0,NORMAL,100,100.0%
19:55:25.863,0.9974,0.0,NORMAL,100,100.0%
19:55:25.920,1.0001,0.0,NORMAL,100,100.0%
19:55:25.981,1.0031,0.0,NORMAL,100,100.0%
19:55:26.037,0.9941,0.0,NORMAL,100,100.0%
19:55:26.092,1.0098,0.0,NORMAL,100,100.0%
19:55:26.158,1.0129,0.0,NORMAL,100,100.0%
19:55:26.216,0.9869,0.0,NORMAL,100,100.0%
19:55:26.273,1.0121,0.0,NORMAL,100,100.0%
19:55:26.345,0.9839,0.0,NORMAL,100,100.0%
19:55:26.403,0.9863,0.0,NORMAL,100,100.0%
19:55:26.565,1.0171,0.0,NORMAL,100,100.0%
19:55:26.644,1.0106,0.0,NORMAL,100,100.0%
19:55:26.705,0.9992,0.0,NORMAL,100,100.0%
19:55:26.789,1.01,0.0,NORMAL,100,100.0%
19:55:26.859,0.9879,0.0,NORMAL,100,100.0%
19:55:26.925,1.008,0.0,NORMAL,100,100.0%
19:55:26.990,0.9913,0.0,NORMAL,100,100.0%
19:55:27.059,0.9955,0.0,NORMAL,100,100.0%
19:55:27.120,1.009,0.0,NORMAL,100,100.0%
19:55:27.185,1.015,0.0,NORMAL,100,100.0%
19:55:27.257,1.0101,0.0,NORMAL,100,100.0%
19:55:27.319,1.0178,0.0,NORMAL,100,100.0%
19:55:27.380,0.9834,0.0,NORMAL,100,100.0%
19:55:27.444,0.9871,0.0,NORMAL,100,100.0%
19:55:27.510,0.9926,0.0,NORMAL,100,100.0%
19:55:27.571,1.0148,0.0,NORMAL,100,100.0%
19:55:27.624,0.9937,0.0,NORMAL,100,99.0%
19:55:27.680,1.0094,0.0,NORMAL,100,100.0%
19:55:27.774,1.0133,0.0,NORMAL,100,100.0%
19:55:27.835,1.0194,0.0,NORMAL,100,100.0%
19:55:27.898,1.0163,0.0,NORMAL,100,100.0%
19:55:27.961,0.9907,0.0,NORMAL,100,100.0%
19:55:28.112,1.0159,0.0,NORMAL,100,100.0%
19:55:28.174,0.9978,0.0,NORMAL,100,100.0%
19:55:28.228,0.9826,0.0,NORMAL,100,100.0%
19:55:28.285,0.9856,0.0,NORMAL,100,100.0%
19:55:28.353,0.9918,0.0,NORMAL,100,100.0%
19:55:28.410,0.9975,0.0,NORMAL,100,100.0%
19:55:28.466,1.0185,0.0,NORMAL,100,100.0%
19:55:28.531,0.9868,0.0,NORMAL,100,100.0%
19:55:28.597,0.9949,0.0,NORMAL,100,100.0%
19:55:28.660,0.9849,0.0,NORMAL,100,100.0%
19:55:28.748,0.9919,0.0,NORMAL,100,100.0%
19:55:28.801,1.01,0.0,NORMAL,100,100.0%
19:55:28.865,0.9835,0.0,NORMAL,100,100.0%
19:55:28.916,0.9976,0.0,NORMAL,100,100.0%
19:55:28.984,1.0042,0.0,NORMAL,100,100.0%
19:55:29.043,0.9961,0.0,NORMAL,100,100.0%
19:55:29.098,1.0158,0.0,NORMAL,100,100.0%
19:55:29.158,1.0174,0.0,NORMAL,100,100.0%
19:55:29.214,1.0162,0.0,NORMAL,100,100.0%
19:55:29.394,0.9934,0.0,NORMAL,100,100.0%
19:55:29.454,1.0158,0.0,NORMAL,100,100.0%
19:55:29.514,0.9803,0.0,NORMAL,100,100.0%
19:55:29.573,0.9937,0.0,NORMAL,100,100.0%
19:55:29.636,0.9866,0.0,NORMAL,100,100.0%
19:55:29.699,0.989,0.0,NORMAL,100,100.0%
19:55:29.781,0.9905,0.0,NORMAL,100,100.0%
19:55:29.835,0.9961,0.0,NORMAL,100,100.0%
19:55:29.899,0.9958,0.0,NORMAL,100,100.0%
19:55:29.969,0.987,0.0,NORMAL,100,99.0%
19:55:30.026,0.9981,0.0,NORMAL,100,100.0%
19:55:30.078,0.9899,0.0,NORMAL,100,100.0%
19:55:30.142,1.0195,0.0,NORMAL,100,100.0%
19:55:30.208,1.0087,0.0,NORMAL,100,100.0%
19:55:30.263,0.9802,0.0,NORMAL,100,100.0%
19:55:30.314,1.0124,0.0,NORMAL,100,100.0%
19:55:30.380,1.0049,0.0,NORMAL,100,100.0%
19:55:30.445,0.9935,0.0,NORMAL,100,100.0%
19:55:30.498,0.9876,0.0,NORMAL,100,100.0%
19:55:30.631,0.9819,0.0,NORMAL,100,100.0%
19:55:30.681,0.9833,0.0,NORMAL,100,100.0%
19:55:30.749,0.9869,0.0,NORMAL,100,100.0%
19:55:30.814,1.0121,0.0,NORMAL,100,100.0%
19:55:30.883,1.0172,0.0,NORMAL,100,100.0%
19:55:30.947,1.0001,0.0,NORMAL,100,100.0%
19:55:31.001,0.9951,0.0,NORMAL,100,100.0%
19:55:31.062,0.9814,0.0,NORMAL,100,100.0%
19:55:31.131,1.0193,0.0,NORMAL,100,100.0%
19:55:31.201,0.9941,0.0,NORMAL,100,100.0%
19:55:31.257,0.9997,0.0,NORMAL,100,100.0%
19:55:31.317,1.0104,0.0,NORMAL,100,100.0%
19:55:31.387,0.9905,0.0,NORMAL,100,100.0%
19:55:31.452,1.0085,0.0,NORMAL,100,100.0%
19:55:31.507,1.0066,0.0,NORMAL,100,100.0%
19:55:31.564,1.0021,0.0,NORMAL,100,100.0%
19:55:31.621,0.9961,0.0,NORMAL,100,100.0%
19:55:31.679,1.01,0.0,NORMAL,100,100.0%
19:55:31.733,1.0158,0.0,NORMAL,100,100.0%
19:55:31.796,1.0122,0.0,NORMAL,100,100.0%
19:55:31.942,0.987,0.0,NORMAL,100,100.0%
19:55:32.016,1.014,0.0,NORMAL,100,100.0%
19:55:32.080,1.0024,0.0,NORMAL,100,100.0%
19:55:32.134,0.9904,0.0,NORMAL,100,100.0%
19:55:32.196,0.9984,0.0,NORMAL,100,100.0%
19:55:32.258,0.9857,0.0,NORMAL,100,100.0%
19:55:32.312,0.9874,0.0,NORMAL,100,100.0%
19:55:32.368,1.0151,0.0,NORMAL,100,100.0%
19:55:32.424,1.0187,0.0,NORMAL,100,100.0%
19:55:32.499,1.0133,0.0,NORMAL,100,100.0%
19:55:32.573,1.0074,0.0,NORMAL,100,100.0%
19:55:32.647,0.9972,0.0,NORMAL,100,100.0%
19:55:32.706,0.9876,0.0,NORMAL,100,100.0%
19:55:32.789,0.989,0.0,NORMAL,100,100.0%
19:55:32.847,1.0181,0.0,NORMAL,100,100.0%
19:55:32.906,1.0041,0.0,NORMAL,100,98.0%
19:55:32.979,0.9981,0.0,NORMAL,100,100.0%
19:55:33.037,0.9959,0.0,NORMAL,100,100.0%
19:55:33.092,1.0169,0.0,NORMAL,100,100.0%
19:55:33.161,1.0018,0.0,NORMAL,100,100.0%
19:55:33.212,1.0081,0.0,NORMAL,100,100.0%
19:55:33.266,1.0174,0.0,NORMAL,100,100.0%
19:55:33.333,1.0118,0.0,NORMAL,100,100.0%
19:55:33.395,1.0093,0.0,NORMAL,100,100.0%
19:55:33.453,0.9871,0.0,NORMAL,100,100.0%
19:55:33.527,1.0033,0.0,NORMAL,100,100.0%
19:55:33.590,1.0092,0.0,NORMAL,100,100.0%
19:55:33.743,0.9936,0.0,NORMAL,100,100.0%
19:55:33.807,0.9957,0.0,NORMAL,100,100.0%
19:55:33.865,0.9867,0.0,NORMAL,100,100.0%
19:55:33.921,0.9962,0.0,NORMAL,100,100.0%
19:55:33.992,0.9971,0.0,NORMAL,100,100.0%
19:55:34.045,0.9939,0.0,NORMAL,100,100.0%
19:55:34.106,0.9882,0.0,NORMAL,100,100.0%
19:55:34.173,0.9929,0.0,NORMAL,100,100.0%
19:55:34.240,0.9826,0.0,NORMAL,100,100.0%
19:55:34.298,1.0131,0.0,NORMAL,100,100.0%
19:55:34.372,0.9859,0.0,NORMAL,100,100.0%
19:55:34.439,1.0014,0.0,NORMAL,100,100.0%
19:55:34.531,0.987,0.0,NORMAL,100,99.0%
19:55:34.699,0.9923,0.0,NORMAL,100,100.0%
19:55:34.915,0.9929,0.0,NORMAL,100,100.0%
19:55:34.998,0.986,0.0,NORMAL,100,100.0%
19:55:35.052,1.0028,0.0,NORMAL,100,100.0%
19:55:35.110,1.0116,0.0,NORMAL,100,100.0%
19:55:35.164,0.998,0.0,NORMAL,100,100.0%
19:55:35.215,0.9965,0.0,NORMAL,100,100.0%
19:55:35.280,1.0001,0.0,NORMAL,100,100.0%
19:55:35.348,0.9992,0.0,NORMAL,100,100.0%
19:55:35.409,0.9818,0.0,NORMAL,100,100.0%
19:55:35.463,1.0132,0.0,NORMAL,100,100.0%
19:55:35.586,0.9944,0.0,NORMAL,100,100.0%
19:55:35.729,1.0084,0.0,NORMAL,100,100.0%
19:55:35.909,0.9818,0.0,NORMAL,100,100.0%
19:55:35.998,0.9876,0.0,NORMAL,100,100.0%
19:55:36.085,0.9824,0.0,NORMAL,100,100.0%
19:55:36.182,1.0163,0.0,NORMAL,100,100.0%
19:55:36.262,0.9819,0.0,NORMAL,100,100.0%
19:55:36.349,1.0095,0.0,NORMAL,100,100.0%
19:55:36.440,1.0082,0.0,NORMAL,100,100.0%
19:55:36.514,0.9908,0.0,NORMAL,100,100.0%
19:55:36.682,1.0035,0.0,NORMAL,100,100.0%
19:55:36.757,0.9945,0.0,NORMAL,100,100.0%
19:55:36.806,1.0054,0.0,NORMAL,100,100.0%
19:55:36.855,1.0035,0.0,NORMAL,100,100.0%
19:55:36.907,1.0032,0.0,NORMAL,100,100.0%
19:55:36.968,0.9987,0.0,NORMAL,100,100.0%
19:55:37.017,0.9814,0.0,NORMAL,100,100.0%
19:55:37.078,1.0124,0.0,NORMAL,100,100.0%
19:55:37.155,1.0131,0.0,NORMAL,100,100.0%
19:55:37.212,0.9936,0.0,NORMAL,100,100.0%
19:55:37.276,0.997,0.0,NORMAL,100,100.0%
19:55:37.333,0.9932,0.0,NORMAL,100,100.0%
19:55:37.391,0.9969,0.0,NORMAL,100,100.0%
19:55:37.447,0.9883,0.0,NORMAL,100,100.0%
19:55:37.512,1.0083,0.0,NORMAL,100,100.0%
19:55:37.572,1.0184,0.0,NORMAL,100,100.0%
19:55:37.634,0.9949,0.0,NORMAL,100,100.0%
19:55:37.698,1.0193,0.0,NORMAL,100,100.0%
19:55:37.767,1.0149,0.0,NORMAL,100,100.0%
19:55:37.832,0.982,0.0,NORMAL,100,100.0%
19:55:37.895,0.997,0.0,NORMAL,100,100.0%
19:55:38.053,1.0061,0.0,NORMAL,100,100.0%
19:55:38.125,0.995,0.0,NORMAL,100,100.0%
19:55:38.198,1.0182,0.0,NORMAL,100,100.0%
19:55:38.266,1.0003,0.0,NORMAL,100,100.0%
19:55:38.354,1.0166,0.0,NORMAL,100,100.0%
19:55:38.411,1.0069,0.0,NORMAL,100,100.0%
19:55:38.472,0.9879,0.0,NORMAL,100,100.0%
19:55:38.538,0.9918,0.0,NORMAL,100,100.0%
19:55:38.611,1.0173,0.0,NORMAL,100,100.0%
19:55:38.671,0.9886,0.0,NORMAL,100,100.0%
19:55:38.738,0.9888,0.0,NORMAL,100,100.0%
19:55:38.792,1.0055,0.0,NORMAL,100,100.0%
19:55:38.828,0.9927,0.0,NORMAL,100,100.0%
19:55:38.864,0.9975,0.0,NORMAL,100,100.0%
19:55:38.899,0.9974,0.0,NORMAL,100,100.0%
19:55:38.932,1.0158,0.0,NORMAL,100,100.0%
19:55:38.964,1.0133,0.0,NORMAL,100,100.0%
19:55:38.996,0.9964,0.0,NORMAL,100,100.0%
19:55:39.033,0.9861,0.0,NORMAL,100,100.0%
19:55:39.066,0.9849,0.0,NORMAL,100,100.0%
19:55:39.097,0.9881,0.0,NORMAL,100,100.0%
19:55:39.151,1.0091,0.0,NORMAL,100,100.0%
19:55:39.189,0.983,0.0,NORMAL,100,100.0%
19:55:39.251,1.0089,0.0,NORMAL,100,100.0%
19:55:39.284,1.0041,0.0,NORMAL,100,100.0%
19:55:39.324,0.9885,0.0,NORMAL,100,100.0%
19:55:39.360,1.0163,0.0,NORMAL,100,100.0%
19:55:39.398,0.9907,0.0,NORMAL,100,100.0%
19:55:39.450,1.0051,0.0,NORMAL,100,100.0%
19:55:39.481,0.9991,0.0,NORMAL,100,100.0%
19:55:39.541,1.0125,0.0,NORMAL,100,100.0%
19:55:39.589,1.0148,0.0,NORMAL,100,100.0%
19:55:39.627,0.991,0.0,NORMAL,100,100.0%
19:55:39.668,0.9845,0.0,NORMAL,100,100.0%
19:55:39.706,0.9906,0.0,NORMAL,100,100.0%
19:55:39.756,0.9865,0.0,NORMAL,100,100.0%
19:55:39.802,1.009,0.0,NORMAL,100,100.0%
19:55:39.835,0.9828,0.0,NORMAL,100,100.0%
19:55:39.866,0.9824,0.0,NORMAL,100,100.0%
19:55:39.933,0.9996,0.0,NORMAL,100,100.0%
19:55:39.965,0.9919,0.0,NORMAL,100,100.0%
19:55:40.001,0.9935,0.0,NORMAL,100,100.0%
19:55:40.034,1.0114,0.0,NORMAL,100,100.0%
19:55:40.068,0.9873,0.0,NORMAL,100,100.0%
19:55:40.099,1.0111,0.0,NORMAL,100,100.0%
19:55:40.153,0.9889,0.0,NORMAL,100,100.0%
19:55:40.183,1.0129,0.0,NORMAL,100,100.0%
19:55:40.213,0.9815,0.0,NORMAL,100,100.0%
19:55:40.249,1.0098,0.0,NORMAL,100,100.0%
19:55:40.288,1.0067,0.0,NORMAL,100,100.0%
19:55:40.323,1.0184,0.0,NORMAL,100,100.0%
19:55:40.360,1.0133,0.0,NORMAL,100,100.0%
19:55:40.394,1.0071,0.0,NORMAL,100,100.0%
19:55:40.443,0.9805,0.0,NORMAL,100,100.0%
19:55:40.492,1.0045,0.0,NORMAL,100,100.0%
19:55:40.533,0.9947,0.0,NORMAL,100,100.0%
19:55:40.577,1.0024,0.0,NORMAL,100,100.0%
19:55:40.614,0.9886,0.0,NORMAL,100,100.0%
19:55:40.663,0.9961,0.0,NORMAL,100,100.0%
19:55:40.725,1.0117,0.0,NORMAL,100,100.0%
19:55:40.781,1.0013,0.0,NORMAL,100,100.0%
19:55:40.840,1.0113,0.0,NORMAL,100,100.0%
19:55:40.885,1.0182,0.0,NORMAL,100,100.0%
19:55:40.944,0.9816,0.0,NORMAL,100,100.0%
19:55:40.998,0.9974,0.0,NORMAL,100,100.0%
19:55:41.081,0.9888,0.0,NORMAL,100,100.0%
19:55:41.163,1.0131,0.0,NORMAL,100,100.0%
19:55:41.239,0.9817,0.0,NORMAL,100,100.0%
19:55:41.281,0.9937,0.0,NORMAL,100,100.0%
19:55:41.355,1.004,0.0,NORMAL,100,100.0%
19:55:41.420,0.9904,0.0,NORMAL,100,100.0%
19:55:41.496,1.0131,0.0,NORMAL,100,100.0%
19:55:41.577,0.9944,0.0,NORMAL,100,100.0%
19:55:41.656,1.009,0.0,NORMAL,100,100.0%
19:55:41.729,1.0041,0.0,NORMAL,100,100.0%
19:55:41.801,1.0104,0.0,NORMAL,100,100.0%
19:55:41.880,1.0156,0.0,NORMAL,100,100.0%
19:55:41.972,0.9847,0.0,NORMAL,100,100.0%
19:55:42.034,0.9911,0.0,NORMAL,100,100.0%
19:55:42.102,0.9889,0.0,NORMAL,100,100.0%
19:55:42.178,1.0161,0.0,NORMAL,100,100.0%
19:55:42.240,1.0121,0.0,NORMAL,100,100.0%
19:55:42.304,1.0053,0.0,NORMAL,100,100.0%
19:55:42.384,0.9866,0.0,NORMAL,100,100.0%
19:55:42.498,0.9872,0.0,NORMAL,100,100.0%
19:55:42.588,0.9849,0.0,NORMAL,100,100.0%
19:55:42.657,0.986,0.0,NORMAL,100,100.0%
19:55:42.720,0.9825,0.0,NORMAL,100,100.0%
19:55:42.808,1.019,0.0,NORMAL,100,100.0%
19:55:42.871,1.0155,0.0,NORMAL,100,100.0%
19:55:42.933,0.9894,0.0,NORMAL,100,100.0%
19:55:42.996,1.0182,0.0,NORMAL,100,100.0%
19:55:43.066,1.014,0.0,NORMAL,100,100.0%
19:55:43.144,0.9829,0.0,NORMAL,100,100.0%
19:55:43.213,0.9879,0.0,NORMAL,100,100.0%
19:55:43.276,1.0091,0.0,NORMAL,100,100.0%
19:55:43.344,0.9853,0.0,NORMAL,100,100.0%
19:55:43.413,1.008,0.0,NORMAL,100,100.0%
19:55:43.472,1.0182,0.0,NORMAL,100,100.0%
19:55:43.545,0.9961,0.0,NORMAL,100,100.0%
19:55:43.612,0.9831,0.0,NORMAL,100,100.0%
19:55:43.698,0.9805,0.0,NORMAL,100,100.0%
19:55:43.790,0.996,0.0,NORMAL,100,100.0%
19:55:43.862,0.9961,0.0,NORMAL,100,100.0%
19:55:43.928,0.9877,0.0,NORMAL,100,100.0%
19:55:44.061,0.9991,0.0,NORMAL,100,100.0%
19:55:44.120,0.9848,0.0,NORMAL,100,100.0%
19:55:44.198,1.0188,0.0,NORMAL,100,100.0%
19:55:44.263,0.9816,0.0,NORMAL,100,100.0%
19:55:44.346,0.9837,0.0,NORMAL,100,100.0%
19:55:44.438,1.0067,0.0,NORMAL,100,100.0%
19:55:44.525,1.0061,0.0,NORMAL,100,100.0%
19:55:44.617,0.9999,0.0,NORMAL,100,100.0%
19:55:44.705,1.0124,0.0,NORMAL,100,100.0%
19:55:44.819,0.9911,0.0,NORMAL,100,100.0%
19:55:44.932,1.0045,0.0,NORMAL,100,100.0%
19:55:45.029,0.9821,0.0,NORMAL,100,100.0%
19:55:45.132,0.9819,0.0,NORMAL,100,100.0%
19:55:45.238,1.0042,0.0,NORMAL,100,100.0%
19:55:45.332,1.0176,0.0,NORMAL,100,100.0%
19:55:45.415,0.9986,0.0,NORMAL,100,100.0%
19:55:45.517,1.0152,0.0,NORMAL,100,100.0%
19:55:45.612,1.0026,0.0,NORMAL,100,100.0%
19:55:45.694,1.0094,0.0,NORMAL,100,100.0%
19:55:45.781,0.9835,0.0,NORMAL,100,100.0%
19:55:45.911,0.9865,0.0,NORMAL,100,100.0%
19:55:46.020,0.9925,0.0,NORMAL,100,100.0%
19:55:46.139,1.0125,0.0,NORMAL,100,100.0%
19:55:46.262,0.9811,0.0,NORMAL,100,100.0%
19:55:46.375,0.9883,0.0,NORMAL,100,100.0%
19:55:46.460,0.9972,0.0,NORMAL,100,100.0%
19:55:46.544,0.9836,0.0,NORMAL,100,100.0%
19:55:46.630,1.0009,0.0,NORMAL,100,100.0%
19:55:46.721,0.9863,0.0,NORMAL,100,100.0%
19:55:46.813,0.9922,0.0,NORMAL,100,100.0%
19:55:46.897,0.989,0.0,NORMAL,100,100.0%
19:55:46.982,0.9844,0.0,NORMAL,100,100.0%
19:55:47.076,1.0198,0.0,NORMAL,100,100.0%
19:55:47.183,1.0101,0.0,NORMAL,100,100.0%
19:55:47.261,1.019,0.0,NORMAL,100,100.0%
19:55:47.338,1.0162,0.0,NORMAL,100,100.0%
19:55:47.407,1.0175,0.0,NORMAL,100,100.0%
19:55:47.488,1.0196,0.0,NORMAL,100,100.0%
19:55:47.564,0.9916,0.0,NORMAL,100,100.0%
19:55:47.651,1.0116,0.0,NORMAL,100,100.0%
19:55:47.733,0.9879,0.0,NORMAL,100,100.0%
19:55:47.802,0.9928,0.0,NORMAL,100,100.0%
19:55:47.885,1.0126,0.0,NORMAL,100,100.0%
19:55:47.977,0.9826,0.0,NORMAL,100,100.0%
19:55:48.064,1.0096,0.0,NORMAL,100,100.0%
19:55:48.146,1.011,0.0,NORMAL,100,100.0%
19:55:48.228,0.9877,0.0,NORMAL,100,100.0%
19:55:48.330,0.9909,0.0,NORMAL,100,100.0%
19:55:48.427,1.0048,0.0,NORMAL,100,100.0%
19:55:48.513,0.9909,0.0,NORMAL,100,100.0%
19:55:48.596,0.981,0.0,NORMAL,100,100.0%
19:55:48.680,1.0029,0.0,NORMAL,100,100.0%
19:55:48.759,0.9811,0.0,NORMAL,100,100.0%
19:55:48.856,1.0142,0.0,NORMAL,100,100.0%
19:55:48.942,0.99,0.0,NORMAL,100,100.0%
19:55:49.017,0.9965,0.0,NORMAL,100,100.0%
19:55:49.092,0.9981,0.0,NORMAL,100,100.0%
19:55:49.175,1.011,0.0,NORMAL,100,100.0%
19:55:49.263,1.0131,0.0,NORMAL,100,100.0%
19:55:49.375,0.9941,0.0,NORMAL,100,100.0%
19:55:49.485,0.988,0.0,NORMAL,100,100.0%
19:55:49.589,1.0167,0.0,NORMAL,100,100.0%
19:55:49.677,0.999,0.0,NORMAL,100,100.0%
19:55:49.778,0.9998,0.0,NORMAL,100,100.0%
19:55:49.878,0.998,0.0,NORMAL,100,100.0%
19:55:49.962,1.012,0.0,NORMAL,100,100.0%
19:55:50.069,1.0143,0.0,NORMAL,100,100.0%
19:55:50.156,1.003,0.0,NORMAL,100,100.0%
19:55:50.246,0.9951,0.0,NORMAL,100,100.0%
19:55:50.331,1.0122,0.0,NORMAL,100,100.0%
19:55:50.411,1.0053,12.06,NORMAL,30,57.0%
19:55:50.495,1.0176,7.98,NORMAL,30,58.0%
19:55:50.584,0.9935,26.75,HAZARD,30,55.0%
19:55:50.676,0.995,0.0,HAZARD,100,100.0%
19:55:50.779,1.0086,24.87,HAZARD,30,60.0%
19:55:50.867,1.0001,15.13,HAZARD,30,58.0%
19:55:50.959,1.0116,0.0,HAZARD,100,100.0%
19:55:51.047,0.9807,1.37,NORMAL,100,100.0%
19:55:51.136,0.994,0.0,NORMAL,100,100.0%
19:55:51.215,1.0195,14.37,NORMAL,30,61.0%
19:55:51.322,0.993,8.02,NORMAL,30,55.0%
19:55:51.438,1.001,22.48,HAZARD,30,63.0%
19:55:51.547,0.9949,22.79,HAZARD,30,58.0%
19:55:51.660,1.0141,0.0,HAZARD,100,100.0%
19:55:51.776,0.9926,16.26,HAZARD,30,55.0%
19:55:51.885,1.0147,3.38,HAZARD,30,61.0%
19:55:52.007,0.9855,0.0,HAZARD,100,100.0%
19:55:52.112,1.0122,4.59,HAZARD,30,62.0%
19:55:52.231,0.987,10.33,HAZARD,30,54.0%
19:55:52.328,1.0198,12.4,HAZARD,30,61.0%
19:55:52.451,1.0095,1.93,HAZARD,60,38.0%
19:55:52.570,1.0085,9.42,HAZARD,30,61.0%
19:55:52.683,1.0159,2.15,HAZARD,30,44.0%
19:55:52.806,0.9824,0.0,HAZARD,100,100.0%
19:55:52.917,0.9914,0.0,NORMAL,100,100.0%
19:55:53.056,1.0046,0.0,NORMAL,100,100.0%
19:55:53.174,1.0066,0.0,NORMAL,100,100.0%
19:55:53.284,1.0028,16.38,NORMAL,30,57.0%
19:55:53.404,1.0139,8.07,NORMAL,30,59.0%
19:55:53.523,0.9845,29.98,HAZARD,30,54.0%
19:55:53.649,1.0,30.17,HAZARD,30,60.0%
19:55:53.774,0.9886,51.2,HAZARD,30,56.0%
19:55:53.890,1.0036,55.7,HAZARD,30,59.0%
19:55:54.027,1.0149,42.73,HAZARD,30,58.0%
19:55:54.171,0.9883,51.31,HAZARD,30,54.0%
19:55:54.292,0.9987,51.15,HAZARD,30,63.0%
19:55:54.410,0.986,37.71,HAZARD,30,57.0%
19:55:54.534,0.999,38.25,HAZARD,30,61.0%
19:55:54.662,0.9848,49.76,HAZARD,30,57.0%
19:55:54.777,0.9943,45.54,HAZARD,30,61.0%
19:55:54.901,1.0179,34.53,HAZARD,30,61.0%
19:55:55.005,0.9937,51.55,HAZARD,30,55.0%
19:55:55.133,0.998,0.0,HAZARD,100,100.0%
19:55:55.243,0.9921,19.16,HAZARD,30,58.0%
19:55:55.352,1.0073,46.31,HAZARD,30,59.0%
19:55:55.479,1.0013,40.74,HAZARD,30,57.0%
19:55:55.626,1.0096,40.53,HAZARD,30,58.0%
19:55:55.717,1.016,45.56,HAZARD,30,59.0%
19:55:55.831,0.9996,26.48,HAZARD,30,57.0%
19:55:55.934,1.0128,43.87,HAZARD,30,59.0%
19:55:56.063,0.9965,6.34,HAZARD,30,58.0%
19:55:56.172,0.9822,42.02,HAZARD,30,59.0%
19:55:56.286,0.9995,39.29,HAZARD,30,60.0%
19:55:56.400,1.0122,0.0,HAZARD,100,100.0%
19:55:56.507,1.0034,26.29,HAZARD,30,57.0%
19:55:56.623,0.9931,41.47,HAZARD,30,58.0%
19:55:56.718,1.0163,19.32,HAZARD,30,61.0%
19:55:56.837,0.9841,42.77,HAZARD,30,54.0%
19:55:56.937,0.998,37.1,HAZARD,30,64.0%
19:55:57.054,1.0114,13.89,HAZARD,30,59.0%
19:55:57.154,1.0038,6.62,HAZARD,30,57.0%
19:55:57.262,0.9815,0.0,HAZARD,100,100.0%
19:55:57.377,2.8076,0.0,HAZARD,60,42.0%
19:55:57.481,2.8109,0.54,HAZARD,30,47.0%
19:55:57.616,0.2895,4.84,HAZARD,30,100.0%
19:55:57.713,1.3935,1.49,HAZARD,30,68.0%
19:55:57.844,1.1077,0.0,HAZARD,60,57.0%
19:55:57.947,0.99,0.0,HAZARD,60,48.0%
19:55:58.074,1.0119,0.0,CAUTION,60,51.0%
19:55:58.212,0.9995,0.0,CAUTION,100,100.0%
19:55:58.346,1.012,0.0,CAUTION,100,100.0%
19:55:58.475,1.0185,0.0,NORMAL,100,100.0%
19:55:58.593,1.0194,0.0,NORMAL,100,100.0%
19:55:58.747,1.0094,0.0,NORMAL,100,100.0%
19:55:58.914,0.9834,0.0,NORMAL,100,100.0%
19:55:59.049,0.9873,0.0,NORMAL,100,100.0%
19:55:59.195,1.0062,0.0,NORMAL,100,100.0%
19:55:59.309,0.9961,0.0,NORMAL,100,100.0%
19:55:59.408,0.9902,0.0,NORMAL,100,100.0%
19:55:59.513,0.9819,0.0,NORMAL,100,100.0%
19:55:59.607,0.9945,0.0,NORMAL,100,100.0%
19:55:59.741,1.0167,0.0,NORMAL,100,100.0%
19:55:59.840,1.0088,0.0,NORMAL,100,100.0%
19:55:59.968,1.015,0.0,NORMAL,100,100.0%
19:56:00.042,1.0188,0.0,NORMAL,100,100.0%
19:56:00.177,1.0065,0.0,NORMAL,100,100.0%
19:56:00.271,1.0187,0.0,NORMAL,100,100.0%
19:56:00.356,0.9824,0.0,NORMAL,100,100.0%
19:56:00.438,1.0005,0.0,NORMAL,100,100.0%
19:56:00.523,0.9837,0.0,NORMAL,100,100.0%
19:56:00.600,1.015,0.0,NORMAL,100,100.0%
19:56:00.679,0.9948,0.0,NORMAL,100,100.0%
19:56:00.793,0.9866,0.0,NORMAL,100,100.0%
19:56:00.866,1.0136,0.0,NORMAL,100,100.0%
19:56:00.950,1.009,0.0,NORMAL,100,100.0%
19:56:01.022,1.009,0.0,NORMAL,100,100.0%
19:56:01.091,0.9847,0.0,NORMAL,100,100.0%
19:56:01.172,0.9883,0.0,NORMAL,100,100.0%
19:56:01.237,0.9883,0.0,NORMAL,100,100.0%
19:56:01.295,0.9938,0.0,NORMAL,100,100.0%
19:56:01.372,1.3117,0.0,NORMAL,60,82.0%
19:56:01.433,1.3123,0.0,NORMAL,60,90.0%
19:56:01.500,1.3089,0.0,CAUTION,60,98.0%
19:56:01.565,1.7852,0.0,CAUTION,60,98.0%
19:56:01.631,1.8143,0.0,CAUTION,60,98.0%
19:56:01.686,1.4888,0.0,CAUTION,60,98.0%
19:56:01.780,1.5017,0.0,CAUTION,60,98.0%
19:56:01.849,1.1914,0.0,CAUTION,60,98.0%
19:56:01.938,1.1895,0.0,CAUTION,60,98.0%
19:56:02.046,0.989,0.0,CAUTION,60,89.0%
19:56:02.108,0.9913,0.0,CAUTION,60,68.0%
19:56:02.188,0.993,0.0,CAUTION,100,100.0%
19:56:02.258,1.0083,0.0,CAUTION,100,100.0%
19:56:02.336,0.9883,0.0,NORMAL,100,100.0%
19:56:02.403,0.9844,0.0,NORMAL,100,100.0%
19:56:02.467,0.9856,0.0,NORMAL,100,100.0%
19:56:02.627,0.9899,0.0,NORMAL,100,100.0%
19:56:02.720,0.9935,0.0,NORMAL,100,100.0%
19:56:02.803,0.9894,0.0,NORMAL,100,100.0%
19:56:02.868,0.9895,0.0,NORMAL,100,100.0%
19:56:02.937,0.991,0.0,NORMAL,100,100.0%
19:56:03.014,0.9873,0.0,NORMAL,100,100.0%
19:56:03.083,1.0096,0.0,NORMAL,100,100.0%
19:56:03.165,0.9886,0.0,NORMAL,100,100.0%
19:56:03.245,0.9956,0.0,NORMAL,100,100.0%
19:56:03.308,1.0025,0.0,NORMAL,100,100.0%
19:56:03.374,0.9834,0.0,NORMAL,100,100.0%
19:56:03.432,1.0054,0.0,NORMAL,100,100.0%
19:56:03.496,1.0003,0.0,NORMAL,100,100.0%
19:56:03.561,1.0043,0.0,NORMAL,100,100.0%
19:56:03.629,0.9983,0.0,NORMAL,100,100.0%
19:56:03.687,0.9863,0.0,NORMAL,100,100.0%
19:56:03.780,1.0013,0.0,NORMAL,100,100.0%
19:56:03.936,0.9846,0.0,NORMAL,100,100.0%
19:56:04.020,0.9852,0.0,NORMAL,100,100.0%
19:56:04.092,0.9933,0.0,NORMAL,100,100.0%
19:56:04.173,0.9845,0.0,NORMAL,100,100.0%
19:56:04.243,0.9934,0.0,NORMAL,100,100.0%
19:56:04.307,1.0063,0.0,NORMAL,100,100.0%
19:56:04.386,1.0004,0.0,NORMAL,100,100.0%
19:56:04.462,0.9968,0.0,NORMAL,100,100.0%
19:56:04.533,0.9957,0.0,NORMAL,100,100.0%
19:56:04.612,1.0075,0.0,NORMAL,100,100.0%
19:56:04.688,0.9903,0.0,NORMAL,100,100.0%
19:56:04.782,1.0112,0.0,NORMAL,100,100.0%
19:56:04.841,0.993,0.0,NORMAL,100,100.0%
19:56:04.906,0.981,0.0,NORMAL,100,100.0%
19:56:04.988,1.0116,0.0,NORMAL,100,100.0%
19:56:05.055,0.9835,0.0,NORMAL,100,100.0%
19:56:05.123,0.9867,0.0,NORMAL,100,100.0%
19:56:05.195,1.0089,0.0,NORMAL,100,100.0%
19:56:05.257,1.0167,0.0,NORMAL,100,100.0%
19:56:05.318,1.0147,0.0,NORMAL,100,100.0%
19:56:05.387,0.9831,0.0,NORMAL,100,100.0%
19:56:05.459,0.9811,0.0,NORMAL,100,100.0%
19:56:05.533,0.9852,0.0,NORMAL,100,100.0%
19:56:05.599,0.9882,0.0,NORMAL,100,100.0%
19:56:05.668,0.9992,0.0,NORMAL,100,100.0%
19:56:05.736,1.011,0.0,NORMAL,100,100.0%
19:56:05.813,0.9942,0.0,NORMAL,100,100.0%
19:56:05.978,1.0,0.0,NORMAL,100,100.0%
19:56:06.056,1.0171,0.0,NORMAL,100,100.0%
19:56:06.129,0.9829,0.0,NORMAL,100,100.0%
19:56:06.204,1.0051,0.0,NORMAL,100,100.0%
19:56:06.270,0.9927,0.0,NORMAL,100,100.0%
19:56:06.344,0.983,0.0,NORMAL,100,100.0%
19:56:06.413,0.9962,0.0,NORMAL,100,100.0%
19:56:06.472,0.9891,0.0,NORMAL,100,100.0%
19:56:06.532,1.0027,0.0,NORMAL,100,100.0%
19:56:06.596,0.9802,0.0,NORMAL,100,100.0%
19:56:06.662,0.9875,0.0,NORMAL,100,100.0%
19:56:06.745,0.9971,0.0,NORMAL,100,100.0%
19:56:06.810,0.9909,0.0,NORMAL,100,100.0%
19:56:06.870,0.9843,0.0,NORMAL,100,100.0%
19:56:06.941,1.0064,0.0,NORMAL,100,100.0%
19:56:07.002,1.0089,0.0,NORMAL,100,100.0%
19:56:07.164,0.9971,0.0,NORMAL,100,100.0%
19:56:07.250,0.9815,0.0,NORMAL,100,100.0%
19:56:07.312,0.9831,0.0,NORMAL,100,100.0%
19:56:07.385,1.0064,0.0,NORMAL,100,100.0%
19:56:07.466,1.0101,0.0,NORMAL,100,100.0%
19:56:07.531,1.0061,0.0,NORMAL,100,100.0%
19:56:07.606,0.9852,0.0,NORMAL,100,100.0%
19:56:07.672,1.0077,0.0,NORMAL,100,100.0%
19:56:07.735,1.0024,0.0,NORMAL,100,100.0%
19:56:07.809,1.0135,0.0,NORMAL,100,100.0%
19:56:07.876,1.0172,0.0,NORMAL,100,100.0%
19:56:07.946,1.0114,0.0,NORMAL,100,100.0%
19:56:08.015,1.0132,0.0,NORMAL,100,100.0%
19:56:08.087,0.9971,0.0,NORMAL,100,100.0%
19:56:08.161,0.9924,0.0,NORMAL,100,100.0%
19:56:08.227,0.9844,0.0,NORMAL,100,100.0%
19:56:08.294,1.0022,0.0,NORMAL,100,100.0%
19:56:08.360,0.9891,0.0,NORMAL,100,100.0%
19:56:08.425,0.9918,0.0,NORMAL,100,100.0%
19:56:08.504,0.9913,0.0,NORMAL,100,100.0%
19:56:08.575,0.9838,0.0,NORMAL,100,100.0%
19:56:08.644,0.9853,0.0,NORMAL,100,100.0%
19:56:08.724,1.0178,0.0,NORMAL,100,100.0%
19:56:08.857,1.0061,0.0,NORMAL,100,100.0%
19:56:08.926,0.9841,0.0,NORMAL,100,100.0%
19:56:09.000,0.9905,0.0,NORMAL,100,100.0%
19:56:09.083,1.0163,0.0,NORMAL,100,100.0%
19:56:09.160,0.9955,0.0,NORMAL,100,100.0%
19:56:09.226,0.9957,0.0,NORMAL,100,100.0%
19:56:09.303,1.0114,0.0,NORMAL,100,100.0%
19:56:09.373,1.0144,0.0,NORMAL,100,99.0%
19:56:09.431,0.9976,0.0,NORMAL,100,100.0%
19:56:09.512,1.0128,0.0,NORMAL,100,100.0%
19:56:09.575,0.9912,0.0,NORMAL,100,100.0%
19:56:09.632,1.0042,0.0,NORMAL,100,100.0%
19:56:09.708,0.9914,0.0,NORMAL,100,100.0%
19:56:09.782,1.0139,0.0,NORMAL,100,100.0%
19:56:09.864,1.0003,0.0,NORMAL,100,100.0%
19:56:09.936,1.012,0.0,NORMAL,100,100.0%
19:56:10.005,1.011,0.0,NORMAL,100,100.0%
19:56:10.076,1.0177,0.0,NORMAL,100,100.0%
19:56:10.156,1.0185,0.0,NORMAL,100,100.0%
19:56:10.233,0.9873,0.0,NORMAL,100,100.0%
19:56:10.299,1.0181,0.0,NORMAL,100,100.0%
19:56:10.356,1.0046,0.0,NORMAL,100,98.0%
19:56:10.413,0.9839,0.0,NORMAL,100,100.0%
19:56:10.556,1.0081,0.0,NORMAL,100,100.0%
19:56:10.625,1.2965,0.0,NORMAL,60,80.0%
19:56:10.690,1.306,0.0,NORMAL,60,90.0%
19:56:10.759,1.3085,0.0,CAUTION,60,98.0%
19:56:10.814,1.7865,0.0,CAUTION,60,98.0%
19:56:10.883,1.8073,0.0,CAUTION,60,98.0%
19:56:10.940,1.4971,0.0,CAUTION,60,98.0%
19:56:10.999,1.5085,0.0,CAUTION,60,98.0%
19:56:11.066,1.2066,0.0,CAUTION,60,98.0%
19:56:11.137,1.1887,0.0,CAUTION,60,98.0%
19:56:11.202,0.9904,0.0,CAUTION,60,89.0%
19:56:11.264,1.012,0.0,CAUTION,60,68.0%
19:56:11.327,1.018,0.0,CAUTION,100,100.0%
19:56:11.400,0.9858,0.0,CAUTION,100,100.0%
19:56:11.495,1.0192,0.0,NORMAL,100,100.0%
19:56:11.559,0.9966,0.0,NORMAL,100,100.0%
19:56:11.614,1.0148,0.0,NORMAL,100,100.0%
19:56:11.791,1.0177,0.0,NORMAL,100,100.0%
19:56:11.868,0.9845,0.0,NORMAL,100,100.0%
19:56:11.943,1.0094,0.0,NORMAL,100,100.0%
19:56:12.014,0.9999,0.0,NORMAL,100,100.0%
19:56:12.093,2.8098,0.0,NORMAL,60,42.0%
19:56:12.164,2.7919,0.0,NORMAL,30,46.0%
19:56:12.231,0.2921,0.0,NORMAL,30,48.0%
19:56:12.307,1.4121,0.0,CAUTION,60,52.0%
19:56:12.373,1.1001,0.0,CAUTION,60,54.0%
19:56:12.428,1.0139,0.0,CAUTION,60,44.0%
19:56:12.500,1.0093,0.0,CAUTION,100,68.0%
19:56:12.554,1.0051,0.0,CAUTION,100,100.0%
19:56:12.613,0.9841,0.0,NORMAL,100,100.0%
19:56:12.689,1.0137,0.0,NORMAL,100,100.0%
19:56:12.760,1.0167,0.0,NORMAL,100,100.0%
19:56:12.818,1.0083,0.0,NORMAL,100,100.0%
19:56:12.894,0.991,0.0,NORMAL,100,100.0%
19:56:12.949,0.9825,0.0,NORMAL,100,100.0%
19:56:13.007,1.0066,0.0,NORMAL,100,100.0%
19:56:13.076,1.0176,0.0,NORMAL,100,100.0%
19:56:13.137,0.996,0.0,NORMAL,100,100.0%
19:56:13.201,0.9959,0.0,NORMAL,100,100.0%
19:56:13.263,1.0112,0.0,NORMAL,100,100.0%
19:56:13.328,0.9994,0.0,NORMAL,100,100.0%
19:56:13.398,1.0129,0.0,NORMAL,100,100.0%
19:56:13.538,1.0144,0.0,NORMAL,100,100.0%
19:56:13.626,1.0009,0.0,NORMAL,100,100.0%
19:56:13.708,1.0009,0.0,NORMAL,100,100.0%
19:56:13.780,0.9962,0.0,NORMAL,100,100.0%
19:56:13.843,0.9989,0.0,NORMAL,100,100.0%
19:56:13.911,1.0065,0.0,NORMAL,100,100.0%
19:56:13.987,0.9899,0.0,NORMAL,100,100.0%
19:56:14.047,1.0191,0.0,NORMAL,100,100.0%
19:56:14.117,0.9867,0.0,NORMAL,100,100.0%
19:56:14.180,1.0159,0.0,NORMAL,100,100.0%
19:56:14.257,1.0,0.0,NORMAL,100,100.0%
19:56:14.322,0.986,0.0,NORMAL,100,100.0%
19:56:14.383,1.0172,0.0,NORMAL,100,100.0%
19:56:14.445,0.9918,0.0,NORMAL,100,100.0%
19:56:14.507,0.9829,0.0,NORMAL,100,100.0%
19:56:14.583,1.0053,0.0,NORMAL,100,100.0%
19:56:14.657,0.9928,0.0,NORMAL,100,100.0%
19:56:14.745,1.0051,0.0,NORMAL,100,100.0%
19:56:14.816,1.0038,0.0,NORMAL,100,100.0%
19:56:14.883,1.0105,0.0,NORMAL,100,100.0%
19:56:14.944,0.9868,0.0,NORMAL,100,100.0%
19:56:15.012,0.9993,0.0,NORMAL,100,100.0%
19:56:15.081,0.9854,0.95,NORMAL,100,100.0%
19:56:15.139,0.9848,0.0,NORMAL,100,100.0%
19:56:15.197,0.9923,21.0,NORMAL,30,59.0%
19:56:15.307,0.9986,1.02,NORMAL,100,100.0%
19:56:15.382,1.0165,20.56,NORMAL,30,59.0%
19:56:15.455,1.0167,0.0,NORMAL,100,100.0%
19:56:15.522,1.0034,40.46,HAZARD,30,59.0%
19:56:15.578,0.9971,35.3,HAZARD,30,61.0%
19:56:15.646,1.0175,0.0,HAZARD,100,100.0%
19:56:15.709,0.9856,49.27,HAZARD,30,54.0%
19:56:15.780,0.981,45.99,HAZARD,30,62.0%
19:56:15.839,0.981,0.0,HAZARD,100,100.0%
19:56:15.982,0.9873,17.61,HAZARD,30,58.0%
19:56:16.056,0.9923,45.25,HAZARD,30,59.0%
19:56:16.115,0.9966,23.36,HAZARD,30,61.0%
19:56:16.179,0.9943,0.0,HAZARD,100,100.0%
19:56:16.243,1.0145,37.36,HAZARD,30,61.0%
19:56:16.330,2.8197,13.46,HAZARD,30,93.0%
19:56:16.408,2.8198,0.0,HAZARD,60,47.0%
19:56:16.484,0.3096,38.93,HAZARD,30,100.0%
19:56:16.559,1.4068,26.62,HAZARD,30,100.0%
19:56:16.627,1.1045,30.83,HAZARD,30,100.0%
19:56:16.712,0.9823,0.0,HAZARD,60,48.0%
19:56:16.791,1.008,32.44,HAZARD,30,95.0%
19:56:16.857,1.0017,24.59,HAZARD,30,57.0%
19:56:16.927,1.0019,0.0,HAZARD,100,100.0%
19:56:16.992,1.0176,22.43,HAZARD,30,58.0%
19:56:17.059,0.9926,3.38,HAZARD,30,55.0%
19:56:17.133,1.0042,0.0,HAZARD,100,100.0%
19:56:17.199,0.9896,12.31,HAZARD,30,56.0%
19:56:17.278,1.0078,18.57,HAZARD,30,59.0%
19:56:17.342,0.9819,0.0,HAZARD,100,100.0%
19:56:17.436,0.9802,15.29,HAZARD,30,59.0%
19:56:17.519,0.9887,0.0,HAZARD,100,100.0%
19:56:17.593,0.9958,0.0,NORMAL,100,100.0%
19:56:17.707,1.0042,0.0,NORMAL,100,100.0%
19:56:17.904,1.0173,2.09,NORMAL,30,44.0%
19:56:17.999,0.987,25.54,NORMAL,30,54.0%
19:56:18.103,1.0051,0.0,NORMAL,100,100.0%
19:56:18.195,0.9934,9.18,HAZARD,30,58.0%
19:56:18.290,1.0149,1.54,HAZARD,60,45.0%
19:56:18.360,0.9937,0.68,HAZARD,100,99.0%
19:56:18.438,1.0106,0.0,NORMAL,100,100.0%
19:56:18.528,0.9946,8.64,HAZARD,30,58.0%
19:56:18.602,1.0056,4.8,NORMAL,30,60.0%
19:56:18.687,1.0045,0.0,NORMAL,100,100.0%
19:56:18.775,0.9962,0.0,NORMAL,100,100.0%
19:56:18.865,0.9869,2.52,HAZARD,30,49.0%
19:56:18.944,0.9832,0.0,NORMAL,100,100.0%
19:56:19.015,0.9825,0.0,NORMAL,100,100.0%
19:56:19.088,1.0078,0.0,NORMAL,100,100.0%
19:56:19.164,0.988,0.0,NORMAL,100,100.0%
19:56:19.233,1.0135,0.0,NORMAL,100,100.0%
19:56:19.310,1.2949,0.0,NORMAL,60,85.0%
19:56:19.378,1.2962,0.0,NORMAL,60,91.0%
19:56:19.442,1.3131,0.0,CAUTION,60,98.0%
19:56:19.525,1.7848,0.0,CAUTION,60,98.0%
19:56:19.597,1.7882,0.0,CAUTION,60,98.0%
19:56:19.733,1.5021,0.0,CAUTION,60,98.0%
19:56:19.845,1.484,0.0,CAUTION,60,98.0%
19:56:19.942,1.2081,0.0,CAUTION,60,98.0%
19:56:20.046,1.2149,0.0,CAUTION,60,98.0%
19:56:20.140,1.0059,0.0,CAUTION,60,93.0%
19:56:20.245,1.0074,0.0,CAUTION,60,73.0%
19:56:20.346,1.006,0.0,CAUTION,100,100.0%
19:56:20.475,1.0127,0.0,CAUTION,100,100.0%
19:56:20.566,0.9918,0.0,NORMAL,100,100.0%
19:56:20.660,1.009,0.0,NORMAL,100,100.0%
19:56:20.777,1.0198,0.0,NORMAL,100,100.0%
19:56:20.898,1.0113,0.0,NORMAL,100,100.0%
19:56:20.998,0.9984,4.35,NORMAL,30,61.0%
19:56:21.129,1.0196,0.0,NORMAL,100,100.0%
19:56:21.274,1.0078,6.28,NORMAL,30,56.0%
19:56:21.356,0.9805,16.48,HAZARD,30,56.0%
19:56:21.487,0.9953,0.0,HAZARD,100,100.0%
19:56:21.596,1.003,1.13,NORMAL,100,100.0%
19:56:21.744,1.0055,52.33,HAZARD,30,56.0%
19:56:21.851,1.0053,49.79,HAZARD,30,56.0%
19:56:21.955,1.0043,63.54,HAZARD,30,56.0%
19:56:22.096,1.0145,19.88,HAZARD,30,59.0%
19:56:22.206,0.9936,58.99,HAZARD,30,58.0%
19:56:22.356,1.0058,16.85,HAZARD,30,60.0%
19:56:22.493,1.003,49.0,HAZARD,30,56.0%
19:56:22.594,0.9808,8.57,HAZARD,30,53.0%
19:56:22.718,1.0067,29.5,HAZARD,30,59.0%
19:56:22.804,1.0191,16.5,HAZARD,30,58.0%
19:56:22.913,1.0133,0.0,HAZARD,100,100.0%
19:56:22.998,0.9984,15.23,HAZARD,30,61.0%
19:56:23.103,0.9873,34.91,HAZARD,30,57.0%
19:56:23.196,0.9874,17.54,HAZARD,30,59.0%
19:56:23.309,1.0,11.39,HAZARD,30,60.0%
19:56:23.412,0.9975,1.68,HAZARD,60,52.0%
19:56:23.522,0.9871,0.0,HAZARD,100,100.0%
19:56:23.614,1.0185,10.16,HAZARD,30,61.0%
19:56:23.738,0.9825,0.0,HAZARD,100,100.0%
19:56:23.898,1.0135,0.71,NORMAL,100,100.0%
19:56:24.010,1.0059,33.5,NORMAL,30,57.0%
19:56:24.145,0.9939,38.17,HAZARD,30,58.0%
19:56:24.287,0.9992,41.34,HAZARD,30,60.0%
19:56:24.392,0.986,19.59,HAZARD,30,57.0%
19:56:24.521,0.9972,50.32,HAZARD,30,61.0%
19:56:24.641,1.0019,24.88,HAZARD,30,59.0%
19:56:24.748,1.0143,63.51,HAZARD,30,58.0%
19:56:24.907,0.9984,27.8,HAZARD,30,58.0%
19:56:25.012,0.9836,66.31,HAZARD,30,58.0%
19:56:25.160,0.9977,20.33,HAZARD,30,61.0%
19:56:25.273,1.0069,49.23,HAZARD,30,59.0%
19:56:25.373,1.0111,41.93,HAZARD,30,58.0%
19:56:25.491,1.005,36.19,HAZARD,30,56.0%
19:56:25.591,0.9906,0.0,HAZARD,100,100.0%
19:56:25.716,0.9985,60.02,HAZARD,30,61.0%
19:56:25.813,1.0002,46.71,HAZARD,30,58.0%
19:56:25.938,0.9899,1.2,HAZARD,100,100.0%
19:56:26.066,0.9804,0.0,NORMAL,100,100.0%
19:56:26.212,1.0089,0.0,NORMAL,100,100.0%
19:56:26.355,1.0132,14.97,NORMAL,30,59.0%
19:56:26.482,1.0184,0.0,NORMAL,100,100.0%
19:56:26.590,0.9849,0.0,NORMAL,100,100.0%
19:56:26.701,0.9902,0.0,NORMAL,100,100.0%
19:56:26.807,0.9881,0.0,NORMAL,100,100.0%
19:56:26.963,0.989,0.0,NORMAL,100,100.0%
19:56:27.098,1.0064,0.0,NORMAL,100,100.0%
19:56:27.200,0.9911,0.0,NORMAL,100,100.0%
19:56:27.323,0.9801,0.0,NORMAL,100,100.0%
19:56:27.441,1.0182,0.0,NORMAL,100,100.0%
19:56:27.539,1.3199,0.0,NORMAL,60,84.0%
19:56:27.626,1.3071,0.0,NORMAL,60,90.0%
19:56:27.744,1.2878,0.0,CAUTION,60,98.0%
19:56:27.833,1.7922,0.0,CAUTION,60,98.0%
19:56:27.926,1.8068,0.0,CAUTION,60,98.0%
19:56:28.007,1.5131,0.0,CAUTION,60,98.0%
19:56:28.116,1.5095,0.0,CAUTION,60,98.0%
19:56:28.218,1.1817,0.0,CAUTION,60,98.0%
19:56:28.330,1.1809,0.0,CAUTION,60,98.0%
19:56:28.426,0.9876,0.0,CAUTION,60,89.0%
19:56:28.528,1.0153,0.0,CAUTION,60,69.0%
19:56:28.614,2.8034,0.0,CAUTION,60,52.0%
19:56:28.728,2.8143,0.0,CAUTION,60,48.0%
19:56:28.802,0.3117,0.0,CAUTION,30,48.0%
19:56:28.918,1.3834,0.0,CAUTION,60,52.0%
19:56:28.999,1.0907,0.0,CAUTION,60,54.0%
19:56:29.103,1.0135,0.0,CAUTION,60,45.0%
19:56:29.190,0.9908,0.0,CAUTION,100,68.0%
19:56:29.303,1.0038,0.0,CAUTION,100,100.0%
19:56:29.385,1.0194,0.0,NORMAL,100,100.0%
19:56:29.505,1.0081,0.0,NORMAL,100,100.0%
19:56:29.579,1.0193,0.0,NORMAL,100,100.0%
19:56:29.674,0.9958,0.0,NORMAL,100,100.0%
19:56:29.745,1.0097,0.0,NORMAL,100,100.0%
19:56:29.815,1.008,0.0,NORMAL,100,100.0%
19:56:29.938,1.0124,0.0,NORMAL,100,100.0%
19:56:30.008,0.9927,0.0,NORMAL,100,100.0%
19:56:30.105,0.9801,0.0,NORMAL,100,100.0%
19:56:30.183,1.0144,0.0,NORMAL,100,100.0%
19:56:30.286,1.0173,0.0,NORMAL,100,100.0%
19:56:30.357,0.9878,0.0,NORMAL,100,100.0%
19:56:30.435,1.0197,0.0,NORMAL,100,100.0%
19:56:30.528,1.0194,0.0,NORMAL,100,100.0%
19:56:30.605,0.9844,0.0,NORMAL,100,100.0%
19:56:30.698,0.9866,0.0,NORMAL,100,100.0%
19:56:30.774,0.997,0.0,NORMAL,100,100.0%
19:56:30.860,1.0129,0.0,NORMAL,100,100.0%
19:56:30.950,1.0006,0.5,NORMAL,100,100.0%
19:56:31.037,1.0074,0.0,NORMAL,100,100.0%
19:56:31.137,1.0078,0.0,NORMAL,100,100.0%
19:56:31.254,0.9918,0.0,NORMAL,100,100.0%
19:56:31.347,1.0025,0.0,NORMAL,100,100.0%
19:56:31.438,0.9846,0.0,NORMAL,100,100.0%
19:56:31.540,1.0054,0.0,NORMAL,100,100.0%
19:56:31.626,0.9913,0.0,NORMAL,100,100.0%
19:56:31.724,1.0133,0.0,NORMAL,100,100.0%
19:56:31.836,0.9968,0.0,NORMAL,100,100.0%
19:56:31.928,1.0126,0.0,NORMAL,100,100.0%
19:56:32.023,1.0165,0.0,NORMAL,100,100.0%
19:56:32.111,0.9835,0.0,NORMAL,100,100.0%
19:56:32.183,1.008,0.0,NORMAL,100,100.0%
19:56:32.283,0.9841,0.0,NORMAL,100,100.0%
19:56:32.370,0.9919,0.0,NORMAL,100,100.0%
19:56:32.473,0.9899,0.0,NORMAL,100,100.0%
19:56:32.558,0.9809,0.0,NORMAL,100,100.0%
19:56:32.665,0.9827,0.0,NORMAL,100,100.0%
19:56:32.743,1.0028,0.0,NORMAL,100,100.0%
19:56:32.845,0.9926,0.0,NORMAL,100,100.0%
19:56:32.925,1.0198,0.0,NORMAL,100,100.0%
19:56:32.995,0.989,0.0,NORMAL,100,100.0%
19:56:33.091,0.9848,0.0,NORMAL,100,100.0%
19:56:33.169,0.99,0.0,NORMAL,100,100.0%
19:56:33.251,1.0033,0.0,NORMAL,100,100.0%
19:56:33.334,1.0181,0.0,NORMAL,100,100.0%
19:56:33.410,1.0181,0.0,NORMAL,100,98.0%
19:56:33.508,1.0197,0.0,NORMAL,100,98.0%
19:56:33.584,0.9861,0.0,NORMAL,100,100.0%
19:56:33.688,1.0106,0.0,NORMAL,100,100.0%
19:56:33.771,0.9856,0.0,NORMAL,100,100.0%
19:56:33.861,1.0019,0.0,NORMAL,100,100.0%
19:56:33.937,0.9837,0.0,NORMAL,100,100.0%
19:56:34.022,0.9856,0.0,NORMAL,100,100.0%
19:56:34.094,1.0194,0.0,NORMAL,100,100.0%
19:56:34.164,0.9987,0.0,NORMAL,100,100.0%
19:56:34.257,1.0181,0.0,NORMAL,100,100.0%
19:56:34.339,0.9919,0.0,NORMAL,100,98.0%
19:56:34.415,1.0012,0.0,NORMAL,100,100.0%
19:56:34.510,1.0183,0.0,NORMAL,100,100.0%
19:56:34.590,0.9908,15.03,NORMAL,30,55.0%
19:56:34.689,1.0035,0.0,NORMAL,100,100.0%
19:56:34.775,1.0042,0.0,NORMAL,100,100.0%
19:56:34.873,0.9851,0.0,NORMAL,100,100.0%
19:56:34.960,0.985,0.0,NORMAL,100,100.0%
19:56:35.085,0.9823,0.0,NORMAL,100,100.0%
19:56:35.165,1.0128,0.0,NORMAL,100,100.0%
19:56:35.273,0.9807,0.0,NORMAL,100,100.0%
19:56:35.351,1.019,0.0,NORMAL,100,100.0%
19:56:35.448,1.0084,1.8,NORMAL,60,46.0%
19:56:35.539,0.9854,0.0,NORMAL,100,100.0%
19:56:35.646,1.017,0.0,NORMAL,100,100.0%
19:56:35.734,0.9866,0.0,NORMAL,100,100.0%
19:56:35.817,1.0142,0.0,NORMAL,100,100.0%
19:56:35.932,0.9867,0.0,NORMAL,100,100.0%
19:56:36.016,0.9991,0.0,NORMAL,100,100.0%
19:56:36.122,0.9908,0.0,NORMAL,100,100.0%
19:56:36.206,1.0001,0.0,NORMAL,100,100.0%
19:56:36.310,1.0015,0.0,NORMAL,100,100.0%
19:56:36.397,0.9892,0.0,NORMAL,100,100.0%
19:56:36.505,0.9833,0.0,NORMAL,100,100.0%
19:56:36.581,1.0141,0.0,NORMAL,100,100.0%
19:56:36.692,0.9945,0.0,NORMAL,100,100.0%
19:56:36.771,0.9955,0.0,NORMAL,100,100.0%
19:56:36.868,1.0086,0.0,NORMAL,100,100.0%
19:56:36.955,0.9842,0.0,NORMAL,100,100.0%
19:56:37.052,0.9872,0.0,NORMAL,100,100.0%
19:56:37.160,0.9807,0.0,NORMAL,100,100.0%
19:56:37.248,1.0046,0.0,NORMAL,100,100.0%
19:56:37.326,0.9902,0.0,NORMAL,100,100.0%
19:56:37.418,0.9922,0.0,NORMAL,100,100.0%
19:56:37.515,0.9898,0.0,NORMAL,100,100.0%
19:56:37.600,1.0096,0.0,NORMAL,100,100.0%
19:56:37.684,1.0065,0.0,NORMAL,100,100.0%
19:56:37.757,1.0017,0.0,NORMAL,100,100.0%
19:56:37.852,1.0134,0.0,NORMAL,100,100.0%
19:56:37.930,0.9996,0.0,NORMAL,100,100.0%
19:56:37.998,0.9931,0.0,NORMAL,100,100.0%
19:56:38.093,0.9809,0.0,NORMAL,100,100.0%
19:56:38.162,1.0113,0.0,NORMAL,100,100.0%
19:56:38.254,1.0138,0.0,NORMAL,100,100.0%
19:56:38.339,1.0022,0.0,NORMAL,100,100.0%
19:56:38.410,1.0117,0.0,NORMAL,100,100.0%
19:56:38.513,0.9853,0.0,NORMAL,100,100.0%
19:56:38.598,1.0185,0.0,NORMAL,100,100.0%
19:56:38.695,1.0122,0.0,NORMAL,100,100.0%
19:56:38.794,0.9932,0.0,NORMAL,100,100.0%
19:56:38.892,1.0036,0.0,NORMAL,100,100.0%
19:56:38.972,1.0102,0.0,NORMAL,100,100.0%
19:56:39.066,1.0171,0.0,NORMAL,100,100.0%
19:56:39.133,0.9837,0.0,NORMAL,100,100.0%
19:56:39.225,0.9926,0.0,NORMAL,100,100.0%
19:56:39.310,0.9811,0.0,NORMAL,100,100.0%
19:56:39.389,1.0101,0.0,NORMAL,100,100.0%
19:56:39.479,0.9906,0.0,NORMAL,100,100.0%
19:56:39.564,1.0007,0.0,NORMAL,100,100.0%
19:56:39.649,0.9836,0.0,NORMAL,100,100.0%
19:56:39.732,1.0109,0.0,NORMAL,100,100.0%
19:56:39.835,1.0137,0.0,NORMAL,100,100.0%
19:56:39.920,1.0032,0.0,NORMAL,100,100.0%
19:56:39.989,1.0089,0.0,NORMAL,100,100.0%
19:56:40.103,1.0143,0.0,NORMAL,100,100.0%
19:56:40.174,1.0131,0.0,NORMAL,100,100.0%
19:56:40.254,1.0088,0.0,NORMAL,100,100.0%
19:56:40.354,1.0052,0.0,NORMAL,100,100.0%
19:56:40.425,0.9903,0.0,NORMAL,100,100.0%
19:56:40.520,1.0058,0.0,NORMAL,100,100.0%
19:56:40.601,1.0156,0.0,NORMAL,100,100.0%
19:56:40.716,1.0064,0.0,NORMAL,100,100.0%
19:56:40.795,0.9862,0.0,NORMAL,100,100.0%
19:56:40.878,0.9998,0.0,NORMAL,100,100.0%
19:56:40.976,1.0029,0.0,NORMAL,100,100.0%
19:56:41.071,0.9827,0.0,NORMAL,100,100.0%
19:56:41.160,1.0189,0.0,NORMAL,100,100.0%
19:56:41.235,1.0095,0.0,NORMAL,100,100.0%
19:56:41.337,0.9892,0.0,NORMAL,100,100.0%
19:56:41.414,1.0025,0.0,NORMAL,100,100.0%
19:56:41.519,1.0044,0.0,NORMAL,100,100.0%
19:56:41.583,0.9801,0.0,NORMAL,100,100.0%
19:56:41.660,1.0069,0.0,NORMAL,100,100.0%
19:56:41.747,0.9884,0.0,NORMAL,100,100.0%
19:56:41.835,0.9985,0.0,NORMAL,100,100.0%
19:56:41.931,0.9839,0.0,NORMAL,100,100.0%
19:56:41.998,1.0064,0.0,NORMAL,100,100.0%
19:56:42.072,1.0155,0.0,NORMAL,100,100.0%
19:56:42.148,0.9828,0.0,NORMAL,100,100.0%
19:56:42.222,0.9873,0.0,NORMAL,100,100.0%
19:56:42.297,1.0052,0.0,NORMAL,100,100.0%
19:56:42.373,1.0161,0.0,NORMAL,100,100.0%
19:56:42.446,0.998,0.0,NORMAL,100,100.0%
19:56:42.537,1.0128,0.0,NORMAL,100,100.0%
19:56:42.609,0.9961,0.0,NORMAL,100,100.0%
19:56:42.689,0.9846,0.0,NORMAL,100,100.0%
19:56:42.759,0.9962,0.0,NORMAL,100,100.0%
19:56:42.819,0.9955,0.0,NORMAL,100,100.0%
19:56:42.907,0.9813,0.0,NORMAL,100,100.0%
19:56:42.977,1.0124,0.0,NORMAL,100,100.0%
19:56:43.140,1.0178,0.0,NORMAL,100,100.0%
19:56:43.220,0.9819,0.0,NORMAL,100,100.0%
19:56:43.322,1.0038,0.0,NORMAL,100,100.0%
19:56:43.415,0.9833,0.0,NORMAL,100,100.0%
19:56:43.520,0.9987,0.0,NORMAL,100,100.0%
19:56:43.607,1.0148,0.0,NORMAL,100,100.0%
19:56:43.727,1.0191,0.0,NORMAL,100,100.0%
19:56:43.818,0.9923,0.0,NORMAL,100,100.0%
19:56:43.942,0.9925,0.0,NORMAL,100,100.0%
19:56:44.045,0.9979,0.0,NORMAL,100,100.0%
19:56:44.174,1.0074,0.0,NORMAL,100,100.0%
19:56:44.274,0.9829,0.0,NORMAL,100,100.0%
19:56:44.377,1.0023,0.0,NORMAL,100,100.0%
19:56:44.468,0.9837,0.0,NORMAL,100,100.0%
19:56:44.579,0.9865,0.0,NORMAL,100,100.0%
19:56:44.712,1.0083,0.0,NORMAL,100,100.0%
19:56:44.827,1.0148,0.0,NORMAL,100,100.0%
19:56:44.970,1.0033,0.0,NORMAL,100,100.0%
19:56:45.082,0.9951,0.0,NORMAL,100,100.0%
19:56:45.190,0.9873,0.0,NORMAL,100,100.0%
19:56:45.316,0.9903,0.0,NORMAL,100,100.0%
19:56:45.407,0.9992,0.0,NORMAL,100,100.0%
19:56:45.537,0.9938,0.0,NORMAL,100,100.0%
19:56:45.646,0.9864,0.0,NORMAL,100,100.0%
19:56:45.743,1.0123,0.0,NORMAL,100,100.0%
19:56:45.828,0.9847,0.0,NORMAL,100,100.0%
19:56:45.926,1.0191,0.0,NORMAL,100,100.0%
19:56:46.022,0.9921,0.0,NORMAL,100,100.0%
19:56:46.140,0.9954,0.0,NORMAL,100,100.0%
19:56:46.218,0.9878,0.0,NORMAL,100,100.0%
19:56:46.313,0.999,0.0,NORMAL,100,100.0%
19:56:46.403,0.997,0.0,NORMAL,100,100.0%
19:56:46.521,0.987,0.0,NORMAL,100,99.0%
19:56:46.604,0.9968,0.0,NORMAL,100,100.0%
19:56:46.713,0.99,12.23,NORMAL,30,61.0%
19:56:46.789,0.9974,0.83,NORMAL,100,100.0%
19:56:46.878,0.9904,0.0,NORMAL,100,100.0%
19:56:46.952,1.0078,0.0,NORMAL,100,100.0%
19:56:47.035,0.999,28.61,NORMAL,30,59.0%
19:56:47.135,1.0087,34.03,NORMAL,30,58.0%
19:56:47.232,1.012,23.23,HAZARD,30,58.0%
19:56:47.336,0.9956,22.72,HAZARD,30,58.0%
19:56:47.414,0.9998,0.0,HAZARD,100,100.0%
19:56:47.547,0.9862,41.61,HAZARD,30,56.0%
19:56:47.656,1.0067,36.32,HAZARD,30,59.0%
19:56:47.782,0.9882,22.7,HAZARD,30,56.0%
19:56:47.894,1.007,13.16,HAZARD,30,59.0%
19:56:48.001,0.9923,21.87,HAZARD,30,57.0%
19:56:48.122,0.9866,15.21,HAZARD,30,59.0%
19:56:48.212,0.9847,28.5,HAZARD,30,59.0%
19:56:48.343,0.9869,0.0,HAZARD,100,100.0%
19:56:48.434,1.0025,21.89,HAZARD,30,60.0%
19:56:48.559,1.0194,0.0,HAZARD,100,100.0%
19:56:48.648,0.9828,24.27,HAZARD,30,54.0%
19:56:48.750,1.0149,33.64,HAZARD,30,64.0%
19:56:48.851,1.0099,17.58,HAZARD,30,58.0%
19:56:48.963,1.0171,1.25,HAZARD,100,100.0%
19:56:49.051,1.0126,14.55,HAZARD,30,58.0%
19:56:49.175,0.9827,0.0,HAZARD,100,100.0%
19:56:49.256,0.9857,12.94,HAZARD,30,59.0%
19:56:49.366,0.9862,10.54,HAZARD,30,59.0%
19:56:49.457,1.0019,12.33,HAZARD,30,60.0%
19:56:49.560,1.0179,3.62,HAZARD,30,58.0%
19:56:49.660,1.0102,0.0,HAZARD,100,100.0%
19:56:49.778,1.0108,0.0,HAZARD,100,100.0%
19:56:49.870,0.9993,5.98,HAZARD,30,58.0%
19:56:49.974,0.995,10.41,HAZARD,30,59.0%
19:56:50.113,0.9986,18.22,HAZARD,30,61.0%
19:56:50.205,0.9915,7.1,HAZARD,30,59.0%
19:56:50.322,0.9873,0.0,HAZARD,100,100.0%
19:56:50.411,0.9895,2.96,HAZARD,30,58.0%
19:56:50.527,1.0111,0.0,HAZARD,100,100.0%
19:56:50.613,1.0072,11.28,HAZARD,30,56.0%
19:56:50.733,0.9863,1.78,HAZARD,60,54.0%
19:56:50.824,0.9989,1.52,HAZARD,60,45.0%
19:56:50.942,0.9982,0.0,NORMAL,100,100.0%
19:56:51.066,0.9988,7.03,HAZARD,30,59.0%
19:56:51.174,1.0046,10.63,CAUTION,30,56.0%
19:56:51.279,0.9823,9.86,HAZARD,30,53.0%
19:56:51.371,0.9986,0.0,HAZARD,100,100.0%
19:56:51.476,1.0148,7.1,HAZARD,30,59.0%
19:56:51.627,1.0084,1.56,HAZARD,60,47.0%
19:56:51.772,0.9811,0.0,HAZARD,100,100.0%
19:56:51.931,0.9919,9.67,HAZARD,30,61.0%
19:56:52.062,1.0034,3.39,HAZARD,30,59.0%
19:56:52.198,1.0125,11.35,HAZARD,30,58.0%
19:56:52.353,0.986,7.79,HAZARD,30,54.0%
19:56:52.488,0.9992,11.72,HAZARD,30,61.0%
19:56:52.603,1.0183,10.99,HAZARD,30,59.0%
19:56:52.750,1.0149,1.5,HAZARD,100,50.0%
19:56:52.858,0.9815,1.44,HAZARD,100,61.0%
19:56:52.995,0.9975,12.87,HAZARD,30,62.0%
19:56:53.140,0.9993,11.47,HAZARD,30,60.0%
19:56:53.255,0.9953,13.59,HAZARD,30,59.0%
19:56:53.371,0.9878,9.96,HAZARD,30,60.0%
19:56:53.474,0.9818,4.44,HAZARD,30,59.0%
19:56:53.591,0.9899,1.73,HAZARD,60,48.0%
19:56:53.722,1.0036,0.0,HAZARD,100,100.0%
19:56:53.822,0.9939,0.0,HAZARD,100,100.0%
19:56:53.965,1.013,0.0,NORMAL,100,100.0%
19:56:54.091,1.005,0.0,NORMAL,100,100.0%
19:56:54.217,1.0144,0.0,NORMAL,100,100.0%
19:56:54.348,0.9957,0.0,NORMAL,100,100.0%
19:56:54.459,1.0179,0.0,NORMAL,100,100.0%
19:56:54.580,0.9834,0.0,NORMAL,100,100.0%
19:56:54.724,0.9835,0.0,NORMAL,100,100.0%
19:56:54.815,1.0155,0.0,NORMAL,100,100.0%
19:56:54.931,1.0025,0.0,NORMAL,100,100.0%
19:56:55.019,0.9813,0.0,NORMAL,100,100.0%
19:56:55.140,1.0153,0.0,NORMAL,100,100.0%
19:56:55.243,0.9972,0.0,NORMAL,100,100.0%
19:56:55.381,0.9881,0.0,NORMAL,100,100.0%
19:56:55.503,0.9847,0.0,NORMAL,100,100.0%
19:56:55.598,0.9858,3.82,NORMAL,30,59.0%
19:56:55.709,1.0116,0.0,NORMAL,100,100.0%
19:56:55.803,0.9842,3.96,NORMAL,30,54.0%
19:56:55.921,1.0146,0.0,NORMAL,100,100.0%
19:56:55.997,1.003,3.41,HAZARD,30,56.0%
19:56:56.118,0.982,2.37,HAZARD,60,39.0%
19:56:56.212,0.9859,5.22,HAZARD,30,59.0%
19:56:56.332,0.9823,4.08,HAZARD,30,59.0%
19:56:56.439,0.9804,4.2,HAZARD,30,59.0%
19:56:56.558,0.9967,0.0,HAZARD,100,100.0%
19:56:56.660,1.0129,0.0,HAZARD,100,100.0%
19:56:56.777,0.9991,0.0,NORMAL,100,100.0%
19:56:56.887,1.0062,0.0,NORMAL,100,100.0%
19:56:56.995,1.013,0.0,NORMAL,100,100.0%
19:56:57.110,0.9997,7.1,NORMAL,30,57.0%
19:56:57.203,0.9883,2.49,NORMAL,30,47.0%
19:56:57.338,0.998,0.0,NORMAL,100,100.0%
19:56:57.417,0.9847,4.9,HAZARD,30,57.0%
19:56:57.542,0.9968,0.0,HAZARD,100,100.0%
19:56:57.635,1.0187,16.23,HAZARD,30,61.0%
19:56:57.751,0.987,15.39,HAZARD,30,54.0%
19:56:57.843,0.9988,8.41,HAZARD,30,64.0%
19:56:57.989,1.0167,4.46,HAZARD,30,59.0%
19:56:58.120,1.0044,0.0,HAZARD,100,100.0%
19:56:58.223,0.9818,0.0,HAZARD,100,100.0%
19:56:58.342,1.0078,0.0,NORMAL,100,100.0%
19:56:58.443,0.9961,0.57,NORMAL,100,100.0%
19:56:58.541,0.9996,3.81,NORMAL,30,60.0%
19:56:58.644,0.9861,0.0,NORMAL,100,100.0%
19:56:58.752,0.994,2.85,NORMAL,30,60.0%
19:56:58.830,1.0139,0.0,NORMAL,100,100.0%
19:56:58.941,1.0163,3.85,HAZARD,30,59.0%
19:56:59.045,0.9937,1.84,HAZARD,60,49.0%
19:56:59.164,1.0065,0.0,HAZARD,100,100.0%
19:56:59.272,0.9831,0.9,NORMAL,100,100.0%
19:56:59.379,0.9904,0.0,NORMAL,100,100.0%
19:56:59.521,1.0071,2.15,NORMAL,30,46.0%
19:56:59.605,0.9872,0.0,NORMAL,100,100.0%
19:56:59.721,0.9898,0.0,NORMAL,100,100.0%
19:56:59.809,1.0065,0.62,NORMAL,100,100.0%
19:56:59.933,1.0021,1.26,NORMAL,100,100.0%
19:57:00.041,1.014,0.0,NORMAL,100,100.0%
19:57:00.156,1.0145,1.47,NORMAL,100,55.0%
19:57:00.241,0.9922,0.0,NORMAL,100,100.0%
19:57:00.404,1.0195,0.0,NORMAL,100,100.0%
19:57:00.536,0.9969,0.0,NORMAL,100,99.0%
19:57:00.647,1.0184,0.0,NORMAL,100,100.0%
19:57:00.772,1.0192,0.0,NORMAL,100,100.0%
19:57:00.910,1.0024,0.0,NORMAL,100,100.0%
19:57:01.005,0.9985,0.0,NORMAL,100,100.0%
19:57:01.127,1.0149,0.0,NORMAL,100,100.0%
19:57:01.217,0.9847,0.0,NORMAL,100,100.0%
19:57:01.339,0.9967,0.72,NORMAL,100,100.0%
19:57:01.444,1.002,2.63,NORMAL,30,56.0%
19:57:01.592,1.0111,4.39,NORMAL,30,58.0%
19:57:01.757,1.0036,3.96,HAZARD,30,57.0%
19:57:01.903,0.9866,2.06,HAZARD,60,40.0%
19:57:02.003,0.9916,2.44,HAZARD,30,41.0%
19:57:02.104,0.9886,0.54,HAZARD,100,100.0%
19:57:02.185,1.0057,0.0,HAZARD,100,100.0%
19:57:02.268,1.0062,0.0,NORMAL,100,100.0%
19:57:02.354,0.9955,0.0,NORMAL,100,100.0%
19:57:02.428,0.989,0.0,NORMAL,100,100.0%
19:57:02.516,1.0182,0.0,NORMAL,100,100.0%
19:57:02.591,1.0072,0.0,NORMAL,100,100.0%
19:57:02.678,1.0146,0.0,NORMAL,100,100.0%
19:57:02.771,0.999,0.0,NORMAL,100,100.0%
19:57:02.836,1.0033,0.0,NORMAL,100,100.0%
19:57:02.910,0.9971,0.0,NORMAL,100,100.0%
19:57:02.973,0.9911,0.62,NORMAL,100,100.0%
19:57:03.072,1.0095,0.91,NORMAL,100,100.0%
19:57:03.140,0.9931,0.0,NORMAL,100,100.0%
19:57:03.316,0.9996,11.24,NORMAL,30,59.0%
19:57:03.388,0.982,16.38,NORMAL,30,56.0%
19:57:03.452,0.9816,11.53,HAZARD,30,59.0%
19:57:03.549,1.0104,0.0,HAZARD,100,100.0%
19:57:03.623,1.012,0.0,HAZARD,100,100.0%
19:57:03.706,1.0052,1.13,NORMAL,100,100.0%
19:57:03.816,1.0119,0.0,NORMAL,100,100.0%
19:57:03.910,1.0155,0.0,NORMAL,100,100.0%
19:57:03.978,1.0181,0.0,NORMAL,100,100.0%
19:57:04.044,1.0055,0.0,NORMAL,100,98.0%
19:57:04.125,1.0108,0.0,NORMAL,100,100.0%
19:57:04.209,0.9908,0.0,NORMAL,100,100.0%
19:57:04.303,1.0135,0.0,NORMAL,100,100.0%
19:57:04.383,1.0153,0.0,NORMAL,100,100.0%
19:57:04.468,1.0,0.0,NORMAL,100,100.0%
19:57:04.535,0.9859,0.0,NORMAL,100,100.0%
19:57:04.603,0.9882,0.0,NORMAL,100,100.0%
19:57:04.671,0.9838,0.0,NORMAL,100,100.0%
19:57:04.747,1.0093,0.0,NORMAL,100,100.0%
19:57:04.803,0.9904,0.0,NORMAL,100,100.0%
19:57:04.992,0.9985,0.0,NORMAL,100,100.0%
19:57:05.066,1.0167,0.0,NORMAL,100,100.0%
19:57:05.140,1.0074,0.0,NORMAL,100,100.0%
19:57:05.209,0.9839,0.0,NORMAL,100,100.0%
19:57:05.277,1.0149,0.0,NORMAL,100,100.0%
19:57:05.345,0.9965,0.0,NORMAL,100,100.0%
19:57:05.407,1.0164,0.0,NORMAL,100,100.0%
19:57:05.471,0.9972,0.0,NORMAL,100,100.0%
19:57:05.530,0.9887,1.59,NORMAL,60,49.0%
19:57:05.594,1.015,0.0,NORMAL,100,100.0%
19:57:05.670,0.996,0.0,NORMAL,100,100.0%
19:57:05.738,1.0012,0.0,NORMAL,100,100.0%
19:57:05.805,0.9869,0.0,NORMAL,100,100.0%
19:57:05.873,1.0057,0.0,NORMAL,100,100.0%
19:57:05.937,0.9855,0.0,NORMAL,100,100.0%
19:57:06.008,0.9938,0.0,NORMAL,100,100.0%
19:57:06.074,0.9994,0.0,NORMAL,100,100.0%
19:57:06.133,0.9818,1.51,NORMAL,60,51.0%
19:57:06.196,0.9862,5.39,NORMAL,30,59.0%
19:57:06.348,0.9863,0.0,NORMAL,100,100.0%
19:57:06.415,1.0121,23.18,NORMAL,30,61.0%
19:57:06.488,0.9972,4.32,HAZARD,30,58.0%
19:57:06.552,0.9918,0.0,HAZARD,100,100.0%
19:57:06.616,0.9834,0.0,NORMAL,100,100.0%
19:57:06.689,1.0073,9.27,HAZARD,30,59.0%
19:57:06.768,0.9889,0.0,NORMAL,100,100.0%
19:57:06.834,1.0058,0.0,NORMAL,100,100.0%
19:57:06.901,0.9835,0.0,NORMAL,100,100.0%
19:57:06.973,0.9913,0.0,NORMAL,100,100.0%
19:57:07.029,1.003,0.0,NORMAL,100,100.0%
19:57:07.111,0.9929,0.0,NORMAL,100,100.0%
19:57:07.172,1.008,0.0,NORMAL,100,100.0%
19:57:07.236,1.0169,0.0,NORMAL,100,100.0%
19:57:07.306,1.0103,0.0,NORMAL,100,100.0%
19:57:07.372,1.0021,0.0,NORMAL,100,100.0%
19:57:07.488,1.0039,0.55,NORMAL,100,100.0%
19:57:07.562,0.9934,0.0,NORMAL,100,100.0%
19:57:07.635,0.9957,1.94,NORMAL,60,38.0%
19:57:07.807,1.0048,0.0,NORMAL,100,100.0%
19:57:07.899,0.9805,0.0,NORMAL,100,100.0%
19:57:07.971,0.9936,0.0,NORMAL,100,100.0%
19:57:08.045,0.9894,0.0,NORMAL,100,100.0%
19:57:08.115,1.0188,0.0,NORMAL,100,100.0%
19:57:08.190,0.9801,0.0,NORMAL,100,100.0%
19:57:08.268,1.0138,0.0,NORMAL,100,100.0%
19:57:08.335,0.9868,0.0,NORMAL,100,100.0%
19:57:08.408,1.0004,0.0,NORMAL,100,100.0%
19:57:08.475,1.0165,0.0,NORMAL,100,100.0%
19:57:08.542,1.014,0.0,NORMAL,100,100.0%
19:57:08.606,1.3072,0.0,NORMAL,60,82.0%
19:57:08.678,1.2827,0.0,NORMAL,60,91.0%
19:57:08.749,1.3113,0.0,CAUTION,60,98.0%
19:57:08.821,1.8116,0.0,CAUTION,60,98.0%
19:57:08.891,1.8067,0.0,CAUTION,60,98.0%
19:57:08.945,1.5091,0.0,CAUTION,60,98.0%
19:57:09.011,1.5192,0.0,CAUTION,60,98.0%
19:57:09.089,1.1853,0.0,CAUTION,60,98.0%
19:57:09.151,1.1987,0.0,CAUTION,60,98.0%
19:57:09.219,0.998,0.0,CAUTION,60,92.0%
19:57:09.300,1.0008,0.0,CAUTION,60,72.0%
19:57:09.357,0.9985,0.0,CAUTION,100,100.0%
19:57:09.411,0.9815,0.0,CAUTION,100,100.0%
19:57:09.513,1.0148,0.0,NORMAL,100,100.0%
19:57:09.592,1.001,0.0,NORMAL,100,100.0%
19:57:09.755,0.9987,0.0,NORMAL,100,100.0%
19:57:09.823,0.9937,0.0,NORMAL,100,100.0%
19:57:09.888,1.0012,0.0,NORMAL,100,100.0%
19:57:09.953,0.989,0.0,NORMAL,100,100.0%
19:57:10.017,1.0123,0.0,NORMAL,100,100.0%
19:57:10.081,1.0126,0.0,NORMAL,100,100.0%
19:57:10.150,1.0191,0.0,NORMAL,100,100.0%
19:57:10.211,1.0008,0.0,NORMAL,100,100.0%
19:57:10.279,1.0185,0.0,NORMAL,100,100.0%
19:57:10.345,0.9807,0.0,NORMAL,100,100.0%
19:57:10.403,1.0175,0.0,NORMAL,100,100.0%
19:57:10.475,0.9957,0.0,NORMAL,100,100.0%
19:57:10.535,1.0181,0.0,NORMAL,100,100.0%
19:57:10.592,1.0089,0.0,NORMAL,100,98.0%
19:57:10.662,0.9998,0.0,NORMAL,100,100.0%
19:57:10.733,0.9993,0.0,NORMAL,100,100.0%
19:57:10.794,0.9942,0.0,NORMAL,100,100.0%
19:57:10.856,0.9862,0.0,NORMAL,100,100.0%
19:57:10.910,0.9822,0.0,NORMAL,100,100.0%
19:57:10.970,0.9847,0.0,NORMAL,100,100.0%
19:57:11.031,1.0119,0.0,NORMAL,100,100.0%
19:57:11.094,0.9955,0.0,NORMAL,100,100.0%
19:57:11.150,0.993,0.0,NORMAL,100,100.0%
19:57:11.206,0.9832,10.32,NORMAL,30,60.0%
19:57:11.280,0.9898,0.0,NORMAL,100,100.0%
19:57:11.406,1.0123,5.07,NORMAL,30,61.0%
19:57:11.505,1.0021,0.0,NORMAL,100,100.0%
19:57:11.576,0.9825,0.0,NORMAL,100,100.0%
19:57:11.646,1.0116,0.0,NORMAL,100,100.0%
19:57:11.719,0.9965,0.0,NORMAL,100,100.0%
19:57:11.794,1.0052,0.0,NORMAL,100,100.0%
19:57:11.859,0.9853,0.0,NORMAL,100,100.0%
19:57:11.936,1.0049,0.0,NORMAL,100,100.0%
19:57:12.012,0.9824,0.0,NORMAL,100,100.0%
19:57:12.075,1.0125,0.0,NORMAL,100,100.0%
19:57:12.136,1.0077,0.0,NORMAL,100,100.0%
19:57:12.200,1.0139,0.0,NORMAL,100,100.0%
19:57:12.268,0.993,0.0,NORMAL,100,100.0%
19:57:12.323,1.003,0.0,NORMAL,100,100.0%
19:57:12.384,1.0027,0.0,NORMAL,100,100.0%
19:57:12.446,0.9955,0.66,NORMAL,100,100.0%
19:57:12.514,1.0125,0.0,NORMAL,100,100.0%
19:57:12.592,1.014,0.0,NORMAL,100,100.0%
19:57:12.685,1.013,0.0,NORMAL,100,100.0%
19:57:12.755,1.019,0.0,NORMAL,100,100.0%
19:57:12.813,0.9948,0.0,NORMAL,100,100.0%
19:57:12.973,0.99,0.0,NORMAL,100,100.0%
19:57:13.043,0.9852,0.0,NORMAL,100,100.0%
19:57:13.117,0.9934,0.0,NORMAL,100,100.0%
19:57:13.180,1.0116,0.0,NORMAL,100,100.0%
19:57:13.234,1.0183,0.0,NORMAL,100,100.0%
19:57:13.301,1.0072,0.0,NORMAL,100,100.0%
19:57:13.366,0.9827,0.0,NORMAL,100,100.0%
19:57:13.427,0.9831,3.07,NORMAL,30,59.0%
19:57:13.494,0.9918,0.0,NORMAL,100,100.0%
19:57:13.564,1.0168,0.0,NORMAL,100,100.0%
19:57:13.644,1.0181,0.0,NORMAL,100,100.0%
19:57:13.729,0.9942,0.0,NORMAL,100,98.0%
19:57:13.796,0.9929,0.0,NORMAL,100,100.0%
19:57:13.861,0.9912,0.0,NORMAL,100,100.0%
19:57:13.930,0.9916,0.0,NORMAL,100,100.0%
19:57:13.987,1.0008,0.0,NORMAL,100,100.0%
19:57:14.049,0.9866,0.0,NORMAL,100,100.0%
19:57:14.108,0.9935,0.0,NORMAL,100,100.0%
19:57:14.170,0.9972,0.0,NORMAL,100,100.0%
19:57:14.275,0.99,0.0,NORMAL,100,100.0%
19:57:14.406,1.0072,0.0,NORMAL,100,100.0%
19:57:14.492,0.9901,0.0,NORMAL,100,100.0%
19:57:14.689,1.0025,0.0,NORMAL,100,100.0%
19:57:14.785,1.003,1.25,NORMAL,100,100.0%
19:57:14.892,1.004,0.0,NORMAL,100,100.0%
19:57:14.963,1.0093,0.0,NORMAL,100,100.0%
19:57:15.030,1.0121,0.0,NORMAL,100,100.0%
19:57:15.097,0.9988,0.0,NORMAL,100,100.0%
19:57:15.156,1.0085,0.0,NORMAL,100,100.0%
19:57:15.223,0.9815,0.0,NORMAL,100,100.0%
19:57:15.286,1.0169,0.0,NORMAL,100,100.0%
19:57:15.344,1.0113,0.0,NORMAL,100,100.0%
19:57:15.411,0.9872,0.0,NORMAL,100,100.0%
19:57:15.477,2.7835,0.0,NORMAL,60,41.0%
19:57:15.558,2.806,0.0,NORMAL,60,50.0%
19:57:15.623,0.2886,0.0,CAUTION,30,48.0%
19:57:15.684,1.4077,0.0,CAUTION,60,52.0%
19:57:15.774,1.1189,0.0,CAUTION,60,58.0%
19:57:15.849,1.013,0.0,CAUTION,60,52.0%
19:57:15.941,1.0069,0.0,CAUTION,60,62.0%
19:57:16.117,1.0058,0.0,CAUTION,100,100.0%
19:57:16.187,0.9988,6.46,CAUTION,30,59.0%
19:57:16.268,0.9941,0.0,CAUTION,100,100.0%
19:57:16.333,1.0163,0.0,NORMAL,100,100.0%
19:57:16.391,0.993,0.0,NORMAL,100,100.0%
19:57:16.450,0.985,0.0,NORMAL,100,100.0%
19:57:16.511,0.9842,0.0,NORMAL,100,100.0%
19:57:16.568,1.0056,0.0,NORMAL,100,100.0%
19:57:16.632,0.9934,0.0,NORMAL,100,100.0%
19:57:16.713,1.0133,0.0,NORMAL,100,100.0%
19:57:16.799,0.9924,0.0,NORMAL,100,100.0%
19:57:16.874,1.0114,0.0,NORMAL,100,100.0%
19:57:16.943,0.9854,0.0,NORMAL,100,100.0%
19:57:17.007,0.9809,0.0,NORMAL,100,100.0%
19:57:17.072,0.9808,0.0,NORMAL,100,100.0%
19:57:17.137,1.009,0.0,NORMAL,100,100.0%
19:57:17.288,0.9869,0.0,NORMAL,100,100.0%
19:57:17.352,0.9849,0.0,NORMAL,100,100.0%
19:57:17.427,1.0005,0.0,NORMAL,100,100.0%
19:57:17.504,1.0182,0.0,NORMAL,100,100.0%
19:57:17.571,0.996,0.0,NORMAL,100,100.0%
19:57:17.624,1.0191,0.0,NORMAL,100,100.0%
19:57:17.694,1.0173,0.0,NORMAL,100,100.0%
19:57:17.776,0.9943,0.0,NORMAL,100,100.0%
19:57:17.847,1.01,0.0,NORMAL,100,100.0%
19:57:17.924,0.987,0.0,NORMAL,100,100.0%
19:57:17.997,1.0188,0.0,NORMAL,100,100.0%
19:57:18.068,1.0051,0.0,NORMAL,100,100.0%
19:57:18.127,0.9947,0.0,NORMAL,100,100.0%
19:57:18.185,0.9952,0.0,NORMAL,100,100.0%
19:57:18.342,0.998,0.0,NORMAL,100,100.0%
19:57:18.419,1.0131,0.0,NORMAL,100,100.0%
19:57:18.493,0.989,0.0,NORMAL,100,100.0%
19:57:18.562,1.0091,0.0,NORMAL,100,100.0%
19:57:18.628,1.004,0.0,NORMAL,100,100.0%
19:57:18.706,0.9911,0.0,NORMAL,100,100.0%
19:57:18.782,1.0177,0.0,NORMAL,100,100.0%
19:57:18.865,0.9842,0.0,NORMAL,100,100.0%
19:57:18.935,0.9881,12.89,NORMAL,30,62.0%
19:57:19.010,0.984,7.9,NORMAL,30,59.0%
19:57:19.095,0.9827,0.0,NORMAL,100,100.0%
19:57:19.160,1.0083,0.0,NORMAL,100,100.0%
19:57:19.235,0.9948,0.0,NORMAL,100,100.0%
19:57:19.305,1.0106,5.92,NORMAL,30,61.0%
19:57:19.367,0.9976,0.0,NORMAL,100,100.0%
19:57:19.458,0.9816,0.0,NORMAL,100,100.0%
19:57:19.551,1.0097,0.0,NORMAL,100,100.0%
19:57:19.632,0.985,0.0,NORMAL,100,100.0%
19:57:19.733,0.9954,10.08,NORMAL,30,62.0%
19:57:19.815,0.9917,5.9,NORMAL,30,60.0%
19:57:19.919,0.9886,9.53,HAZARD,30,59.0%
19:57:20.077,0.9997,0.0,HAZARD,100,100.0%
19:57:20.153,0.9986,0.0,HAZARD,100,100.0%
19:57:20.216,0.9916,0.0,NORMAL,100,100.0%
19:57:20.306,1.0145,2.31,NORMAL,30,45.0%
19:57:20.366,2.8071,0.0,NORMAL,60,52.0%
19:57:20.431,2.8175,0.0,NORMAL,60,48.0%
19:57:20.500,0.3127,0.0,HAZARD,30,48.0%
19:57:20.556,1.3971,0.0,CAUTION,60,52.0%
19:57:20.613,1.1166,0.0,CAUTION,60,58.0%
19:57:20.685,1.0125,0.0,CAUTION,60,52.0%
19:57:20.755,0.9945,0.0,CAUTION,60,53.0%
19:57:20.818,0.9822,0.0,CAUTION,100,100.0%
19:57:20.880,1.0127,0.0,CAUTION,100,100.0%
19:57:20.946,0.9843,0.0,NORMAL,100,100.0%
19:57:21.011,1.0031,0.0,NORMAL,100,100.0%
19:57:21.079,0.9993,0.0,NORMAL,100,100.0%
19:57:21.147,1.0056,0.0,NORMAL,100,100.0%
19:57:21.210,0.9901,0.0,NORMAL,100,100.0%
19:57:21.361,1.0086,2.22,NORMAL,30,48.0%
19:57:21.435,1.0037,0.0,NORMAL,100,100.0%
19:57:21.522,0.9933,0.0,NORMAL,100,100.0%
19:57:21.612,1.0167,0.0,NORMAL,100,100.0%
19:57:21.687,0.9937,0.0,NORMAL,100,100.0%
19:57:21.772,1.0123,0.0,NORMAL,100,100.0%
19:57:21.852,1.0183,0.0,NORMAL,100,100.0%
19:57:21.926,1.0196,0.0,NORMAL,100,100.0%
19:57:22.012,0.993,0.0,NORMAL,100,100.0%
19:57:22.099,0.9921,0.0,NORMAL,100,100.0%
19:57:22.174,0.9939,0.0,NORMAL,100,100.0%
19:57:22.245,1.0041,0.0,NORMAL,100,100.0%
19:57:22.317,0.9916,0.0,NORMAL,100,100.0%
19:57:22.380,1.0163,0.0,NORMAL,100,100.0%
19:57:22.441,0.9992,0.0,NORMAL,100,100.0%
19:57:22.504,1.0101,0.0,NORMAL,100,100.0%
19:57:22.562,1.0191,0.0,NORMAL,100,100.0%
19:57:22.622,1.0118,0.0,NORMAL,100,100.0%
19:57:22.680,1.0121,0.0,NORMAL,100,100.0%
19:57:22.758,1.006,0.0,NORMAL,100,100.0%
19:57:22.811,0.9975,0.0,NORMAL,100,100.0%
19:57:22.872,1.0046,0.0,NORMAL,100,100.0%
19:57:22.928,1.0041,0.0,NORMAL,100,100.0%
19:57:23.081,0.9963,0.0,NORMAL,100,100.0%
19:57:23.144,1.0089,0.0,NORMAL,100,100.0%
19:57:23.212,1.008,0.0,NORMAL,100,100.0%
19:57:23.279,1.0026,0.0,NORMAL,100,100.0%
19:57:23.342,1.008,0.0,NORMAL,100,100.0%
19:57:23.410,1.0178,0.0,NORMAL,100,100.0%
19:57:23.483,1.0096,0.0,NORMAL,100,100.0%
19:57:23.549,0.9907,0.0,NORMAL,100,100.0%
19:57:23.611,1.0133,0.0,NORMAL,100,100.0%
19:57:23.678,0.9863,0.0,NORMAL,100,100.0%
19:57:23.753,0.9812,0.0,NORMAL,100,100.0%
19:57:23.915,0.9978,0.0,NORMAL,100,100.0%
19:57:23.972,0.9985,0.0,NORMAL,100,100.0%
19:57:24.044,0.9814,0.0,NORMAL,100,100.0%
19:57:24.120,1.0194,0.0,NORMAL,100,100.0%
19:57:24.192,1.0116,0.0,NORMAL,100,100.0%
19:57:24.268,1.0176,0.0,NORMAL,100,100.0%
19:57:24.353,1.0162,0.0,NORMAL,100,100.0%
19:57:24.434,1.0182,0.0,NORMAL,100,100.0%
19:57:24.529,0.991,0.0,NORMAL,100,100.0%
19:57:24.602,1.014,0.0,NORMAL,100,100.0%
19:57:24.701,0.992,0.0,NORMAL,100,100.0%
19:57:24.788,0.9951,0.0,NORMAL,100,100.0%
19:57:24.941,1.005,0.0,NORMAL,100,100.0%
19:57:25.010,1.0059,0.0,NORMAL,100,100.0%
19:57:25.079,0.994,0.0,NORMAL,100,100.0%
19:57:25.155,0.9986,0.0,NORMAL,100,100.0%
19:57:25.223,0.9877,0.0,NORMAL,100,100.0%
19:57:25.307,0.9917,0.0,NORMAL,100,100.0%
19:57:25.363,0.9892,0.0,NORMAL,100,100.0%
19:57:25.423,1.014,0.0,NORMAL,100,100.0%
19:57:25.499,1.0166,0.0,NORMAL,100,100.0%
19:57:25.555,0.9968,0.0,NORMAL,100,100.0%
19:57:25.621,1.0075,0.0,NORMAL,100,100.0%
19:57:25.688,0.9901,0.0,NORMAL,100,100.0%
19:57:25.769,0.9933,0.0,NORMAL,100,100.0%
19:57:25.831,0.9966,0.0,NORMAL,100,100.0%
19:57:25.895,1.009,0.0,NORMAL,100,100.0%
19:57:25.951,1.001,0.0,NORMAL,100,100.0%
19:57:26.021,2.7832,0.0,NORMAL,60,42.0%
19:57:26.084,2.8043,0.0,NORMAL,60,50.0%
19:57:26.143,0.3118,0.0,CAUTION,30,48.0%
19:57:26.204,1.3928,0.0,CAUTION,60,52.0%
19:57:26.282,1.0826,0.0,CAUTION,60,54.0%
19:57:26.352,0.9877,0.0,CAUTION,60,43.0%
19:57:26.418,1.0097,0.0,CAUTION,100,67.0%
19:57:26.499,1.0062,0.0,CAUTION,100,100.0%
19:57:26.562,0.9851,0.0,NORMAL,100,100.0%
19:57:26.625,0.987,0.0,NORMAL,100,99.0%
19:57:26.693,0.9896,0.0,NORMAL,100,100.0%
19:57:26.782,0.986,0.0,NORMAL,100,100.0%
19:57:26.937,0.9848,0.0,NORMAL,100,100.0%
19:57:27.003,0.9948,0.0,NORMAL,100,100.0%
19:57:27.079,0.9889,0.0,NORMAL,100,100.0%
19:57:27.152,0.9833,0.0,NORMAL,100,100.0%
19:57:27.225,0.9994,0.0,NORMAL,100,100.0%
19:57:27.320,0.9974,0.0,NORMAL,100,100.0%
19:57:27.386,0.994,0.0,NORMAL,100,100.0%
19:57:27.448,1.0148,0.0,NORMAL,100,100.0%
19:57:27.518,0.9844,0.0,NORMAL,100,100.0%
19:57:27.585,1.0033,0.0,NORMAL,100,100.0%
19:57:27.644,0.9825,0.0,NORMAL,100,100.0%
19:57:27.701,0.9865,0.0,NORMAL,100,100.0%
19:57:27.786,0.9995,0.0,NORMAL,100,100.0%
19:57:27.865,0.9924,0.0,NORMAL,100,100.0%
19:57:27.949,1.0061,0.0,NORMAL,100,100.0%
19:57:28.118,0.9989,0.0,NORMAL,100,100.0%
19:57:28.180,1.0134,0.0,NORMAL,100,99.0%
19:57:28.256,1.0132,0.0,NORMAL,100,100.0%
19:57:28.333,0.9872,0.0,NORMAL,100,100.0%
19:57:28.405,0.9825,0.0,NORMAL,100,100.0%
19:57:28.481,0.986,0.0,NORMAL,100,100.0%
19:57:28.537,1.0071,0.0,NORMAL,100,100.0%
19:57:28.596,0.9954,0.0,NORMAL,100,100.0%
19:57:28.668,2.8083,0.0,NORMAL,60,42.0%
19:57:28.734,2.7858,5.21,NORMAL,30,98.0%
19:57:28.800,0.2939,0.0,NORMAL,30,48.0%
19:57:28.866,1.3873,0.0,CAUTION,60,52.0%
19:57:29.001,1.1172,0.0,CAUTION,60,58.0%
19:57:29.071,1.0037,0.0,CAUTION,60,53.0%
19:57:29.140,1.008,0.0,CAUTION,60,58.0%
19:57:29.233,0.9961,0.0,CAUTION,100,100.0%
19:57:29.309,1.0175,5.37,CAUTION,30,61.0%
19:57:29.379,1.0046,9.86,CAUTION,30,56.0%
19:57:29.468,1.0193,0.95,NORMAL,100,100.0%
19:57:29.534,0.9977,0.0,NORMAL,100,99.0%
19:57:29.606,0.9817,0.94,NORMAL,100,100.0%
19:57:29.686,1.0079,12.72,NORMAL,30,59.0%
19:57:29.761,0.9968,0.0,NORMAL,100,100.0%
19:57:29.832,0.9884,0.0,NORMAL,100,100.0%
19:57:29.901,1.0051,3.67,NORMAL,30,59.0%
19:57:29.973,1.0179,6.07,HAZARD,30,58.0%
19:57:30.045,0.9871,0.0,NORMAL,100,100.0%
19:57:30.112,0.9812,0.0,NORMAL,100,100.0%
19:57:30.179,0.9988,0.0,NORMAL,100,100.0%
19:57:30.251,1.012,0.0,NORMAL,100,100.0%
19:57:30.319,0.9951,0.55,NORMAL,100,100.0%
19:57:30.389,1.0028,0.0,NORMAL,100,100.0%
19:57:30.476,1.0048,0.0,NORMAL,100,100.0%
19:57:30.543,1.0127,0.0,NORMAL,100,100.0%
19:57:30.626,0.9877,0.0,NORMAL,100,100.0%
19:57:30.703,0.9842,0.87,NORMAL,100,100.0%
19:57:30.866,1.0058,0.0,NORMAL,100,100.0%
19:57:30.929,1.0177,13.89,NORMAL,30,58.0%
19:57:30.994,1.0055,2.92,NORMAL,30,55.0%
19:57:31.065,0.9852,0.0,NORMAL,100,100.0%
19:57:31.128,0.996,0.0,NORMAL,100,100.0%
19:57:31.190,1.005,0.99,NORMAL,100,100.0%
19:57:31.255,0.9962,0.0,NORMAL,100,100.0%
19:57:31.328,0.992,0.0,NORMAL,100,100.0%
19:57:31.393,1.0001,0.0,NORMAL,100,100.0%
19:57:31.442,1.0181,0.0,NORMAL,100,100.0%
19:57:31.510,0.9952,0.0,NORMAL,100,98.0%
19:57:31.583,0.9905,0.51,NORMAL,100,100.0%
19:57:31.645,1.0103,0.0,NORMAL,100,100.0%
19:57:31.712,0.9821,0.0,NORMAL,100,100.0%
19:57:31.786,1.007,0.0,NORMAL,100,100.0%
19:57:31.847,0.9904,0.0,NORMAL,100,100.0%
19:57:31.910,0.9896,0.0,NORMAL,100,100.0%
19:57:32.050,0.9862,0.0,NORMAL,100,100.0%
19:57:32.123,0.9866,0.0,NORMAL,100,100.0%
19:57:32.188,1.0138,0.0,NORMAL,100,100.0%
19:57:32.242,1.006,0.0,NORMAL,100,100.0%
19:57:32.347,0.9835,0.0,NORMAL,100,100.0%
19:57:32.461,1.0005,0.0,NORMAL,100,100.0%
19:57:32.553,1.0139,0.0,NORMAL,100,100.0%
19:57:32.621,1.0196,0.0,NORMAL,100,100.0%
19:57:32.709,0.9825,0.0,NORMAL,100,100.0%
19:57:32.839,0.9822,0.0,NORMAL,100,100.0%
19:57:32.929,1.0055,0.0,NORMAL,100,100.0%
19:57:33.014,0.9912,0.0,NORMAL,100,100.0%
19:57:33.133,1.0021,0.0,NORMAL,100,100.0%
19:57:33.217,1.0152,0.0,NORMAL,100,100.0%
19:57:33.317,0.9828,16.75,NORMAL,30,54.0%
19:57:33.479,1.0008,12.1,NORMAL,30,61.0%
19:57:33.535,1.0141,0.0,NORMAL,100,100.0%
19:57:33.604,0.9938,0.0,NORMAL,100,100.0%
19:57:33.660,1.0166,0.0,NORMAL,100,100.0%
19:57:33.717,1.0032,0.0,NORMAL,100,100.0%
19:57:33.783,0.9972,0.0,NORMAL,100,100.0%
19:57:33.838,1.0133,0.0,NORMAL,100,100.0%
19:57:33.910,1.0042,0.0,NORMAL,100,100.0%
19:57:33.971,0.9832,0.0,NORMAL,100,100.0%
19:57:34.027,1.0017,0.0,NORMAL,100,100.0%
19:57:34.107,1.0114,0.0,NORMAL,100,100.0%
19:57:34.171,0.9974,0.0,NORMAL,100,100.0%
19:57:34.239,1.0104,0.0,NORMAL,100,100.0%
19:57:34.319,1.0015,0.0,NORMAL,100,100.0%
19:57:34.388,1.015,4.16,NORMAL,30,58.0%
19:57:34.568,0.9847,0.0,NORMAL,100,100.0%
19:57:34.639,0.99,12.08,NORMAL,30,60.0%
19:57:34.733,2.8137,0.0,HAZARD,60,45.0%
19:57:34.806,2.8001,3.9,HAZARD,30,99.0%
19:57:34.872,0.2964,6.17,HAZARD,30,100.0%
19:57:34.932,1.4173,0.0,HAZARD,60,52.0%
19:57:35.005,1.1076,0.0,CAUTION,60,57.0%
19:57:35.077,0.9906,0.0,CAUTION,60,48.0%
19:57:35.141,1.0143,0.0,CAUTION,60,50.0%
19:57:35.207,0.9835,0.0,CAUTION,100,100.0%
19:57:35.277,0.9834,0.0,CAUTION,100,100.0%
19:57:35.349,0.9952,0.0,NORMAL,100,100.0%
19:57:35.416,0.9963,0.0,NORMAL,100,100.0%
19:57:35.486,1.0182,0.0,NORMAL,100,100.0%
19:57:35.544,1.0067,0.0,NORMAL,100,100.0%
19:57:35.608,0.9868,8.79,NORMAL,30,59.0%
19:57:35.678,0.9902,0.0,NORMAL,100,100.0%
19:57:35.756,1.0081,0.0,NORMAL,100,100.0%
19:57:35.831,0.9887,4.74,NORMAL,30,56.0%
19:57:35.895,0.9863,0.0,NORMAL,100,100.0%
19:57:35.960,0.9924,0.0,NORMAL,100,100.0%
19:57:36.015,0.9837,0.0,NORMAL,100,100.0%
19:57:36.163,0.9876,9.01,NORMAL,30,59.0%
19:57:36.229,0.9817,0.0,NORMAL,100,100.0%
19:57:36.308,0.9816,0.0,NORMAL,100,100.0%
19:57:36.381,0.9917,0.0,NORMAL,100,100.0%
19:57:36.444,0.9994,0.0,NORMAL,100,100.0%
19:57:36.512,0.9921,0.0,NORMAL,100,100.0%
19:57:36.572,0.9901,0.0,NORMAL,100,100.0%
19:57:36.632,1.0054,0.0,NORMAL,100,100.0%
19:57:36.695,0.999,0.0,NORMAL,100,100.0%
19:57:36.772,0.9873,0.0,NORMAL,100,100.0%
19:57:36.825,1.0018,0.0,NORMAL,100,100.0%
19:57:36.893,1.0048,0.0,NORMAL,100,100.0%
19:57:36.950,1.0089,0.0,NORMAL,100,100.0%
19:57:37.009,1.0132,0.0,NORMAL,100,100.0%
19:57:37.078,1.0075,0.0,NORMAL,100,100.0%
19:57:37.139,0.9856,0.0,NORMAL,100,100.0%
19:57:37.192,0.9829,3.04,NORMAL,30,59.0%
19:57:37.256,0.9926,0.0,NORMAL,100,100.0%
19:57:37.310,1.0049,0.0,NORMAL,100,100.0%
19:57:37.375,1.0135,2.93,NORMAL,30,57.0%
19:57:37.459,0.9965,0.0,NORMAL,100,100.0%
19:57:37.527,0.9871,0.73,NORMAL,100,99.0%
19:57:37.586,1.0169,0.0,NORMAL,100,100.0%
19:57:37.648,1.0153,0.0,NORMAL,100,100.0%
19:57:37.709,1.0169,0.0,NORMAL,100,100.0%
19:57:37.787,1.0047,0.0,NORMAL,100,100.0%
19:57:37.862,0.991,0.0,NORMAL,100,100.0%
19:57:37.936,1.0162,0.0,NORMAL,100,100.0%
19:57:38.090,0.9965,0.0,NORMAL,100,100.0%
19:57:38.159,0.9907,0.0,NORMAL,100,100.0%
19:57:38.224,1.0169,2.18,NORMAL,30,47.0%
19:57:38.292,0.9914,0.0,NORMAL,100,100.0%
19:57:38.353,1.003,7.28,NORMAL,30,62.0%
19:57:38.410,0.9856,0.0,NORMAL,100,100.0%
19:57:38.507,0.9885,9.59,HAZARD,30,59.0%
19:57:38.577,1.0169,0.66,NORMAL,100,100.0%
19:57:38.651,1.007,0.0,NORMAL,100,100.0%
19:57:38.729,1.007,0.0,NORMAL,100,100.0%
19:57:38.829,1.0156,0.0,NORMAL,100,100.0%
19:57:38.905,1.003,0.0,NORMAL,100,100.0%
19:57:38.959,0.9975,0.0,NORMAL,100,100.0%
19:57:39.017,1.0179,0.0,NORMAL,100,100.0%
19:57:39.095,0.9993,0.0,NORMAL,100,100.0%
19:57:39.163,1.001,0.0,NORMAL,100,100.0%
19:57:39.244,1.0034,0.0,NORMAL,100,100.0%
19:57:39.342,1.0097,0.0,NORMAL,100,100.0%
19:57:39.416,1.0032,0.0,NORMAL,100,100.0%
19:57:39.537,0.9822,0.0,NORMAL,100,100.0%
19:57:39.608,0.9858,0.0,NORMAL,100,100.0%
19:57:39.706,1.0155,0.0,NORMAL,100,100.0%
19:57:39.783,0.982,0.0,NORMAL,100,100.0%
19:57:39.854,0.9956,0.0,NORMAL,100,100.0%
19:57:39.924,1.0191,0.0,NORMAL,100,100.0%
19:57:39.993,0.9971,1.32,NORMAL,100,99.0%
19:57:40.154,0.9961,0.0,NORMAL,100,100.0%
19:57:40.242,0.9819,7.93,NORMAL,30,59.0%
19:57:40.314,1.0046,12.94,NORMAL,30,59.0%
19:57:40.387,1.0059,0.0,NORMAL,100,100.0%
19:57:40.476,0.9931,10.62,HAZARD,30,58.0%
19:57:40.554,0.9835,0.0,HAZARD,100,100.0%
19:57:40.619,1.0006,0.0,NORMAL,100,100.0%
19:57:40.696,0.9869,3.55,NORMAL,30,56.0%
19:57:40.784,0.9814,0.74,NORMAL,100,100.0%
19:57:40.860,0.9844,0.0,NORMAL,100,100.0%
19:57:40.937,1.017,0.0,NORMAL,100,100.0%
19:57:41.000,1.0196,0.0,NORMAL,100,100.0%
19:57:41.074,1.0162,0.0,NORMAL,100,100.0%
19:57:41.141,1.0188,0.0,NORMAL,100,100.0%
19:57:41.216,0.9842,0.0,NORMAL,100,100.0%
19:57:41.296,1.0147,0.0,NORMAL,100,100.0%
19:57:41.365,0.9882,0.0,NORMAL,100,100.0%
19:57:41.445,0.9937,0.0,NORMAL,100,100.0%
19:57:41.512,2.8008,0.0,NORMAL,60,45.0%
19:57:41.577,2.7929,0.0,NORMAL,30,46.0%
19:57:41.643,0.2865,0.0,NORMAL,30,48.0%
19:57:41.708,1.3844,0.0,CAUTION,60,52.0%
19:57:41.804,1.1135,0.0,CAUTION,60,58.0%
19:57:41.887,0.9881,0.0,CAUTION,60,51.0%
19:57:41.961,0.9917,0.0,CAUTION,60,50.0%
19:57:42.044,1.0077,0.0,CAUTION,100,100.0%
19:57:42.119,0.9966,0.0,CAUTION,100,100.0%
19:57:42.188,1.0024,0.0,NORMAL,100,100.0%
19:57:42.262,0.9932,0.0,NORMAL,100,100.0%
19:57:42.324,1.0008,0.0,NORMAL,100,100.0%
19:57:42.408,0.9978,0.0,NORMAL,100,100.0%
19:57:42.486,0.9881,0.0,NORMAL,100,100.0%
19:57:42.559,1.0075,0.0,NORMAL,100,100.0%
19:57:42.628,0.9839,0.0,NORMAL,100,100.0%
19:57:42.704,0.9872,0.0,NORMAL,100,100.0%
19:57:42.781,0.9878,0.0,NORMAL,100,100.0%
19:57:42.853,1.0123,0.0,NORMAL,100,100.0%
19:57:43.010,1.016,0.0,NORMAL,100,100.0%
19:57:43.098,0.999,0.0,NORMAL,100,100.0%
19:57:43.172,1.0181,0.0,NORMAL,100,100.0%
19:57:43.238,0.9862,0.0,NORMAL,100,98.0%
19:57:43.320,0.9846,0.0,NORMAL,100,100.0%
19:57:43.399,0.9966,0.0,NORMAL,100,100.0%
19:57:43.465,0.9876,0.0,NORMAL,100,100.0%
19:57:43.551,1.0192,0.0,NORMAL,100,100.0%
19:57:43.626,1.0026,0.0,NORMAL,100,100.0%
19:57:43.700,0.9867,0.0,NORMAL,100,100.0%
19:57:43.779,1.0074,0.0,NORMAL,100,100.0%
19:57:43.870,0.9851,0.0,NORMAL,100,100.0%
19:57:43.960,0.9889,0.0,NORMAL,100,100.0%
19:57:44.040,1.0067,0.0,NORMAL,100,100.0%
19:57:44.115,0.9834,0.0,NORMAL,100,100.0%
19:57:44.182,1.0146,0.0,NORMAL,100,100.0%
19:57:44.254,1.0058,0.0,NORMAL,100,100.0%
19:57:44.335,0.9886,0.0,NORMAL,100,100.0%
19:57:44.405,1.0128,0.0,NORMAL,100,100.0%
19:57:44.492,1.0182,0.0,NORMAL,100,100.0%
19:57:44.568,1.0041,0.0,NORMAL,100,100.0%
19:57:44.643,0.9935,0.0,NORMAL,100,100.0%
19:57:44.709,0.9922,0.0,NORMAL,100,100.0%
19:57:44.800,1.0041,0.0,NORMAL,100,100.0%
19:57:44.913,1.0099,0.0,NORMAL,100,100.0%
19:57:44.993,1.0177,0.0,NORMAL,100,100.0%
19:57:45.113,0.9908,0.0,NORMAL,100,100.0%
19:57:45.201,1.0043,0.0,NORMAL,100,100.0%
19:57:45.298,0.9941,0.0,NORMAL,100,100.0%
19:57:45.377,1.0131,0.0,NORMAL,100,100.0%
19:57:45.548,1.0005,0.0,NORMAL,100,100.0%
19:57:45.633,0.9829,0.0,NORMAL,100,100.0%
19:57:45.719,0.9949,0.0,NORMAL,100,100.0%
19:57:45.800,0.98,0.0,NORMAL,100,100.0%
19:57:45.867,0.9807,0.0,NORMAL,100,100.0%
19:57:45.941,0.9925,0.0,NORMAL,100,100.0%
19:57:46.033,1.0065,0.0,NORMAL,100,100.0%
19:57:46.123,1.0064,0.0,NORMAL,100,100.0%
19:57:46.201,1.0183,0.0,NORMAL,100,100.0%
19:57:46.277,0.988,0.0,NORMAL,100,100.0%
19:57:46.354,1.0088,0.0,NORMAL,100,100.0%
19:57:46.420,1.0199,0.0,NORMAL,100,100.0%
19:57:46.492,1.0032,0.0,NORMAL,100,100.0%
19:57:46.569,0.9854,0.0,NORMAL,100,100.0%
19:57:46.637,1.0118,0.0,NORMAL,100,100.0%
19:57:46.724,1.0177,0.0,NORMAL,100,100.0%
19:57:46.807,0.986,0.0,NORMAL,100,100.0%
19:57:46.875,1.014,0.0,NORMAL,100,100.0%
19:57:46.951,0.9821,0.0,NORMAL,100,100.0%
19:57:47.048,1.0118,0.0,NORMAL,100,100.0%
19:57:47.121,1.0125,0.0,NORMAL,100,100.0%
19:57:47.199,1.0089,0.0,NORMAL,100,100.0%
19:57:47.275,1.0191,0.0,NORMAL,100,100.0%
19:57:47.355,1.0149,0.0,NORMAL,100,100.0%
19:57:47.422,1.0118,0.0,NORMAL,100,100.0%
19:57:47.492,0.9969,0.0,NORMAL,100,100.0%
19:57:47.581,0.9868,0.0,NORMAL,100,100.0%
19:57:47.649,1.0111,0.0,NORMAL,100,100.0%
19:57:47.729,1.0014,0.0,NORMAL,100,100.0%
19:57:47.805,1.0138,0.0,NORMAL,100,100.0%
19:57:47.957,0.9834,0.0,NORMAL,100,100.0%
19:57:48.043,1.0014,0.0,NORMAL,100,100.0%
19:57:48.122,0.9973,0.0,NORMAL,100,100.0%
19:57:48.197,0.9822,0.0,NORMAL,100,100.0%
19:57:48.267,1.0137,0.0,NORMAL,100,100.0%
19:57:48.339,1.0153,0.0,NORMAL,100,100.0%
19:57:48.407,1.0033,0.0,NORMAL,100,100.0%
19:57:48.494,1.0064,0.0,NORMAL,100,100.0%
19:57:48.563,0.9957,0.0,NORMAL,100,100.0%
19:57:48.630,0.9978,0.0,NORMAL,100,100.0%
19:57:48.693,0.9938,0.0,NORMAL,100,100.0%
19:57:48.771,1.0091,0.0,NORMAL,100,100.0%
19:57:48.841,0.9817,0.0,NORMAL,100,100.0%
19:57:48.908,0.9893,0.0,NORMAL,100,100.0%
19:57:48.972,0.9885,0.0,NORMAL,100,100.0%
19:57:49.032,1.0072,0.0,NORMAL,100,100.0%
19:57:49.108,0.9854,0.0,NORMAL,100,100.0%
19:57:49.187,0.9875,0.0,NORMAL,100,100.0%
19:57:49.250,0.9905,0.0,NORMAL,100,100.0%
19:57:49.319,0.9919,0.0,NORMAL,100,100.0%
19:57:49.386,0.9944,0.0,NORMAL,100,100.0%
19:57:49.444,0.9997,0.0,NORMAL,100,100.0%
19:57:49.511,1.0173,0.0,NORMAL,100,100.0%
19:57:49.587,0.9842,0.0,NORMAL,100,100.0%
19:57:49.645,1.001,0.0,NORMAL,100,100.0%
19:57:49.728,1.017,0.0,NORMAL,100,100.0%
19:57:49.796,1.0198,0.0,NORMAL,100,100.0%
19:57:49.871,1.0097,0.0,NORMAL,100,100.0%
19:57:49.944,0.9821,0.0,NORMAL,100,100.0%
19:57:50.005,1.0037,0.0,NORMAL,100,100.0%
19:57:50.075,0.9908,0.0,NORMAL,100,100.0%
19:57:50.142,0.9959,0.0,NORMAL,100,100.0%
19:57:50.213,0.9953,0.0,NORMAL,100,100.0%
19:57:50.283,0.983,0.0,NORMAL,100,100.0%
19:57:50.345,1.0057,0.0,NORMAL,100,100.0%
19:57:50.404,0.9959,0.0,NORMAL,100,100.0%
19:57:50.466,1.0135,0.0,NORMAL,100,100.0%
19:57:50.526,0.9839,0.0,NORMAL,100,100.0%
19:57:50.594,0.9916,0.0,NORMAL,100,100.0%
19:57:50.669,0.9994,0.0,NORMAL,100,100.0%
19:57:50.728,1.0194,0.0,NORMAL,100,100.0%
19:57:50.799,1.0005,0.0,NORMAL,100,100.0%
19:57:50.866,1.0074,0.0,NORMAL,100,100.0%
19:57:50.926,1.015,0.0,NORMAL,100,100.0%
19:57:51.085,0.9825,0.0,NORMAL,100,100.0%
19:57:51.168,1.0032,0.0,NORMAL,100,100.0%
19:57:51.237,1.0075,0.0,NORMAL,100,100.0%
19:57:51.308,1.0176,0.0,NORMAL,100,100.0%
19:57:51.388,1.0051,0.0,NORMAL,100,100.0%
19:57:51.456,1.0085,0.0,NORMAL,100,100.0%
19:57:51.541,0.9889,0.0,NORMAL,100,100.0%
19:57:51.600,1.0108,0.0,NORMAL,100,100.0%
19:57:51.669,0.9938,0.0,NORMAL,100,100.0%
19:57:51.727,1.0144,0.0,NORMAL,100,100.0%
19:57:51.794,0.9909,0.0,NORMAL,100,100.0%
19:57:51.858,1.0017,0.0,NORMAL,100,100.0%
19:57:51.920,1.309,0.0,NORMAL,60,82.0%
19:57:51.987,1.2924,0.0,NORMAL,60,89.0%
19:57:52.048,1.3179,0.0,CAUTION,60,98.0%
19:57:52.118,1.8093,0.0,CAUTION,60,98.0%
19:57:52.182,1.7923,0.0,CAUTION,60,98.0%
19:57:52.260,1.4882,0.0,CAUTION,60,98.0%
19:57:52.337,1.5056,0.0,CAUTION,60,98.0%
19:57:52.403,1.1857,0.0,CAUTION,60,98.0%
19:57:52.473,1.1916,0.0,CAUTION,60,98.0%
19:57:52.566,1.0095,0.0,CAUTION,60,93.0%
19:57:52.627,0.9961,0.0,CAUTION,60,70.0%
19:57:52.708,1.0048,0.0,CAUTION,100,100.0%
19:57:52.778,0.9851,0.0,CAUTION,100,100.0%
19:57:52.848,1.0039,0.0,NORMAL,100,100.0%
19:57:52.911,0.9864,0.0,NORMAL,100,100.0%
19:57:52.987,0.999,0.0,NORMAL,100,100.0%
19:57:53.063,0.9822,0.0,NORMAL,100,100.0%
19:57:53.127,1.0013,0.0,NORMAL,100,100.0%
19:57:53.204,1.0074,0.0,NORMAL,100,100.0%
19:57:53.267,0.999,0.0,NORMAL,100,100.0%
19:57:53.328,0.9859,0.0,NORMAL,100,100.0%
19:57:53.393,0.9819,0.0,NORMAL,100,100.0%
19:57:53.467,1.0038,0.0,NORMAL,100,100.0%
19:57:53.527,1.0041,0.0,NORMAL,100,100.0%
19:57:53.589,0.9918,0.0,NORMAL,100,100.0%
19:57:53.656,1.0179,0.0,NORMAL,100,100.0%
19:57:53.721,1.0017,0.0,NORMAL,100,100.0%
19:57:53.875,0.9953,0.0,NORMAL,100,100.0%
19:57:53.947,0.9966,0.0,NORMAL,100,100.0%
19:57:54.008,0.9946,0.0,NORMAL,100,100.0%
19:57:54.093,1.0199,0.0,NORMAL,100,100.0%
19:57:54.167,0.9913,0.0,NORMAL,100,100.0%
19:57:54.238,0.9914,0.0,NORMAL,100,100.0%
19:57:54.307,0.9992,14.01,NORMAL,30,61.0%
19:57:54.394,1.0035,3.27,NORMAL,30,57.0%
19:57:54.472,1.0064,0.0,NORMAL,100,100.0%
19:57:54.577,1.0005,7.42,HAZARD,30,57.0%
19:57:54.687,0.9948,1.16,HAZARD,100,100.0%
19:57:54.799,0.9992,0.0,NORMAL,100,100.0%
19:57:54.889,0.9851,0.59,NORMAL,100,100.0%
19:57:54.972,0.9853,0.0,NORMAL,100,100.0%
19:57:55.051,0.9825,0.0,NORMAL,100,100.0%
19:57:55.126,1.0088,0.0,NORMAL,100,100.0%
19:57:55.207,1.0021,0.0,NORMAL,100,100.0%
19:57:55.294,1.0043,0.0,NORMAL,100,100.0%
19:57:55.384,0.9959,0.0,NORMAL,100,100.0%
19:57:55.466,0.9803,0.0,NORMAL,100,100.0%
19:57:55.543,0.9813,0.0,NORMAL,100,100.0%
19:57:55.609,1.0043,0.0,NORMAL,100,100.0%
19:57:55.684,0.9872,0.0,NORMAL,100,100.0%
19:57:55.771,1.0117,0.0,NORMAL,100,100.0%
19:57:55.844,1.0094,0.0,NORMAL,100,100.0%
19:57:55.911,1.0196,0.0,NORMAL,100,100.0%
19:57:55.978,1.015,0.0,NORMAL,100,100.0%
19:57:56.064,1.0022,0.0,NORMAL,100,100.0%
19:57:56.137,0.9967,0.0,NORMAL,100,100.0%
19:57:56.203,0.9945,0.0,NORMAL,100,100.0%
19:57:56.351,0.9923,0.0,NORMAL,100,100.0%
19:57:56.421,0.9934,0.0,NORMAL,100,100.0%
19:57:56.499,1.0135,0.0,NORMAL,100,100.0%
19:57:56.568,0.9965,0.0,NORMAL,100,100.0%
19:57:56.649,0.9802,0.0,NORMAL,100,100.0%
19:57:56.738,0.9864,0.0,NORMAL,100,100.0%
19:57:56.820,0.9864,0.0,NORMAL,100,100.0%
19:57:56.888,0.9879,0.0,NORMAL,100,100.0%
19:57:56.951,1.0101,0.0,NORMAL,100,100.0%
19:57:57.014,0.997,0.0,NORMAL,100,100.0%
19:57:57.084,0.9875,0.0,NORMAL,100,100.0%
19:57:57.144,1.0069,0.0,NORMAL,100,100.0%
19:57:57.208,0.9918,0.0,NORMAL,100,100.0%
19:57:57.282,1.0128,0.0,NORMAL,100,100.0%
19:57:57.338,1.0049,0.0,NORMAL,100,100.0%
19:57:57.397,0.9917,0.0,NORMAL,100,100.0%
19:57:57.471,0.9971,0.0,NORMAL,100,100.0%
19:57:57.531,1.0005,0.0,NORMAL,100,100.0%
19:57:57.593,0.9953,0.0,NORMAL,100,100.0%
19:57:57.664,1.0155,0.0,NORMAL,100,100.0%
19:57:57.731,0.9802,0.0,NORMAL,100,100.0%
19:57:57.802,0.9854,0.0,NORMAL,100,100.0%
19:57:57.870,1.0162,0.0,NORMAL,100,100.0%
19:57:57.934,1.0106,0.0,NORMAL,100,100.0%
19:57:57.999,0.9839,0.0,NORMAL,100,100.0%
19:57:58.070,0.999,0.0,NORMAL,100,100.0%
19:57:58.131,1.0052,0.0,NORMAL,100,100.0%
19:57:58.201,0.9839,0.0,NORMAL,100,100.0%
19:57:58.271,0.9828,0.0,NORMAL,100,100.0%
19:57:58.342,0.9831,0.0,NORMAL,100,100.0%
19:57:58.426,0.9868,0.0,NORMAL,100,100.0%
19:57:58.519,1.0154,0.0,NORMAL,100,100.0%
19:57:58.598,1.0039,0.0,NORMAL,100,100.0%
19:57:58.707,1.0186,0.0,NORMAL,100,100.0%
19:57:58.800,0.9981,0.0,NORMAL,100,100.0%
19:57:58.877,1.0014,0.0,NORMAL,100,100.0%
19:57:58.957,0.9973,0.0,NORMAL,100,100.0%
19:57:59.027,1.0104,0.0,NORMAL,100,100.0%
19:57:59.105,1.0099,0.0,NORMAL,100,100.0%
19:57:59.191,0.998,0.0,NORMAL,100,100.0%
19:57:59.271,1.0087,0.0,NORMAL,100,100.0%
19:57:59.349,0.9844,0.0,NORMAL,100,100.0%
19:57:59.433,1.0158,0.0,NORMAL,100,100.0%
19:57:59.520,0.9971,0.0,NORMAL,100,100.0%
19:57:59.592,1.0196,0.0,NORMAL,100,100.0%
19:57:59.676,1.0128,0.0,NORMAL,100,100.0%
19:57:59.763,1.0058,0.0,NORMAL,100,100.0%
19:57:59.829,0.9816,0.0,NORMAL,100,100.0%
19:57:59.901,1.0124,0.0,NORMAL,100,100.0%
19:57:59.971,0.9965,0.0,NORMAL,100,100.0%
19:58:00.049,0.9876,0.0,NORMAL,100,100.0%
19:58:00.122,1.0018,0.0,NORMAL,100,100.0%
19:58:00.210,1.003,0.0,NORMAL,100,100.0%
19:58:00.290,0.9872,0.0,NORMAL,100,100.0%
19:58:00.364,0.99,0.0,NORMAL,100,100.0%
19:58:00.441,0.9836,0.0,NORMAL,100,100.0%
19:58:00.527,1.0008,0.0,NORMAL,100,100.0%
19:58:00.601,0.9841,0.0,NORMAL,100,100.0%
19:58:00.687,0.9801,0.0,NORMAL,100,100.0%
19:58:00.775,0.9829,0.0,NORMAL,100,100.0%
19:58:00.844,0.9883,0.0,NORMAL,100,100.0%
19:58:00.917,0.9901,0.0,NORMAL,100,100.0%
19:58:00.989,1.0096,0.0,NORMAL,100,100.0%
19:58:01.064,1.0066,0.0,NORMAL,100,100.0%
19:58:01.139,0.9821,0.0,NORMAL,100,100.0%
19:58:01.209,0.9857,0.0,NORMAL,100,100.0%
19:58:01.284,1.0061,0.0,NORMAL,100,100.0%
19:58:01.351,0.9995,0.0,NORMAL,100,100.0%
19:58:01.415,1.0052,0.0,NORMAL,100,100.0%
19:58:01.489,1.019,0.0,NORMAL,100,100.0%
19:58:01.554,0.9982,0.0,NORMAL,100,100.0%
19:58:01.622,1.0174,0.0,NORMAL,100,100.0%
19:58:01.689,0.989,0.0,NORMAL,100,100.0%
19:58:01.764,1.0101,0.0,NORMAL,100,100.0%
19:58:01.833,0.9899,0.0,NORMAL,100,100.0%
19:58:01.904,0.9822,0.0,NORMAL,100,100.0%
19:58:01.967,0.9884,0.0,NORMAL,100,100.0%
19:58:02.034,0.9964,0.0,NORMAL,100,100.0%
19:58:02.105,0.9864,0.0,NORMAL,100,100.0%
19:58:02.170,1.019,0.0,NORMAL,100,100.0%
19:58:02.228,1.0186,0.0,NORMAL,100,100.0%
19:58:02.293,1.0002,0.0,NORMAL,100,100.0%
19:58:02.363,0.9944,0.0,NORMAL,100,100.0%
19:58:02.515,1.004,0.0,NORMAL,100,100.0%
19:58:02.589,1.0181,0.0,NORMAL,100,100.0%
19:58:02.675,0.9993,0.0,NORMAL,100,98.0%
19:58:02.748,0.99,0.0,NORMAL,100,100.0%
19:58:02.826,0.9974,0.0,NORMAL,100,100.0%
19:58:02.911,0.9805,0.0,NORMAL,100,100.0%
19:58:02.986,1.0066,0.75,NORMAL,100,100.0%
19:58:03.083,1.0088,0.0,NORMAL,100,100.0%
19:58:03.150,1.0102,0.0,NORMAL,100,100.0%
19:58:03.237,0.9856,0.0,NORMAL,100,100.0%
19:58:03.326,0.9837,0.0,NORMAL,100,100.0%
19:58:03.460,0.9894,0.0,NORMAL,100,100.0%
19:58:03.553,0.9982,0.0,NORMAL,100,100.0%
19:58:03.641,1.0126,0.0,NORMAL,100,100.0%
19:58:03.716,0.9943,0.0,NORMAL,100,100.0%
19:58:03.791,0.9979,0.0,NORMAL,100,100.0%
19:58:03.878,1.015,0.0,NORMAL,100,100.0%
19:58:03.943,0.9892,0.0,NORMAL,100,100.0%
19:58:04.009,1.0167,0.0,NORMAL,100,100.0%
19:58:04.088,1.0106,0.0,NORMAL,100,100.0%
19:58:04.144,0.9998,0.0,NORMAL,100,100.0%
19:58:04.240,0.9829,0.0,NORMAL,100,100.0%
19:58:04.337,1.0192,0.0,NORMAL,100,100.0%
19:58:04.421,1.0175,0.0,NORMAL,100,100.0%
19:58:04.527,1.0086,0.0,NORMAL,100,100.0%
19:58:04.607,1.0079,0.0,NORMAL,100,100.0%
19:58:04.681,1.0199,0.0,NORMAL,100,100.0%
19:58:04.764,0.9851,0.0,NORMAL,100,100.0%
19:58:04.839,1.0057,0.0,NORMAL,100,100.0%
19:58:04.916,1.0137,0.0,NORMAL,100,100.0%
19:58:04.997,1.0165,0.0,NORMAL,100,100.0%
19:58:05.077,0.9842,0.0,NORMAL,100,100.0%
19:58:05.147,1.0076,0.0,NORMAL,100,100.0%
19:58:05.229,0.993,0.0,NORMAL,100,100.0%
19:58:05.303,2.7845,0.0,NORMAL,60,42.0%
19:58:05.375,2.8136,0.0,NORMAL,60,50.0%
19:58:05.448,0.2926,0.0,CAUTION,30,48.0%
19:58:05.523,1.4054,1.21,CAUTION,60,57.0%
19:58:05.584,1.1015,2.19,CAUTION,60,51.0%
19:58:05.658,1.0074,0.0,CAUTION,60,48.0%
19:58:05.739,1.01,5.27,CAUTION,30,91.0%
19:58:05.818,1.016,4.04,CAUTION,30,60.0%
19:58:05.892,0.9829,0.0,CAUTION,100,100.0%
19:58:05.958,0.9848,5.22,HAZARD,30,60.0%
19:58:06.034,0.9898,0.0,HAZARD,100,100.0%
19:58:06.119,1.0152,2.49,HAZARD,30,52.0%
19:58:06.193,1.0173,0.0,NORMAL,100,100.0%
19:58:06.275,0.9885,0.85,NORMAL,100,100.0%
19:58:06.334,1.0117,0.0,NORMAL,100,100.0%
19:58:06.411,0.9819,0.0,NORMAL,100,100.0%
19:58:06.491,1.0052,2.73,NORMAL,30,58.0%
19:58:06.548,2.7897,0.0,NORMAL,60,48.0%
19:58:06.611,2.796,0.0,NORMAL,60,47.0%
19:58:06.689,0.2805,3.34,HAZARD,30,100.0%
19:58:06.758,1.3967,0.0,CAUTION,60,52.0%
19:58:06.825,1.1075,0.0,CAUTION,60,57.0%
19:58:06.906,0.9909,1.67,CAUTION,30,72.0%
19:58:06.963,1.0099,3.87,HAZARD,30,97.0%
19:58:07.027,1.0116,0.84,CAUTION,100,100.0%
19:58:07.109,1.0171,0.0,NORMAL,100,100.0%
19:58:07.181,1.0002,1.18,NORMAL,100,100.0%
19:58:07.248,0.9888,0.82,NORMAL,100,100.0%
19:58:07.318,0.984,0.0,NORMAL,100,100.0%
19:58:07.387,0.9885,3.57,NORMAL,30,59.0%
19:58:07.472,0.991,0.0,NORMAL,100,100.0%
19:58:07.546,1.0153,0.0,NORMAL,100,100.0%
19:58:07.615,1.0162,1.59,NORMAL,60,46.0%
19:58:07.684,0.996,0.0,NORMAL,100,100.0%
19:58:07.766,0.9913,0.0,NORMAL,100,100.0%
19:58:07.850,0.9816,3.19,NORMAL,30,60.0%
19:58:07.927,0.9941,3.67,NORMAL,30,61.0%
19:58:08.001,0.9862,0.0,NORMAL,100,100.0%
19:58:08.082,0.9864,0.0,NORMAL,100,100.0%
19:58:08.155,1.016,2.58,HAZARD,30,57.0%
19:58:08.225,1.0108,2.18,HAZARD,30,47.0%
19:58:08.312,0.9817,0.0,NORMAL,100,100.0%
19:58:08.384,0.9846,0.0,NORMAL,100,100.0%
19:58:08.452,1.0029,0.0,NORMAL,100,100.0%
19:58:08.530,0.9999,0.0,NORMAL,100,100.0%
19:58:08.607,1.006,0.0,NORMAL,100,100.0%
19:58:08.678,0.9807,3.37,NORMAL,30,53.0%
19:58:08.753,0.9874,0.0,NORMAL,100,100.0%
19:58:08.849,0.9854,0.0,NORMAL,100,100.0%
19:58:08.932,0.992,0.72,NORMAL,100,100.0%
19:58:09.003,0.9989,0.65,NORMAL,100,100.0%
19:58:09.085,1.0174,0.0,NORMAL,100,100.0%
19:58:09.150,0.9806,0.0,NORMAL,100,100.0%
19:58:09.211,0.995,0.0,NORMAL,100,100.0%
19:58:09.288,0.9845,0.0,NORMAL,100,100.0%
19:58:09.348,0.9949,0.0,NORMAL,100,100.0%
19:58:09.434,0.9851,2.47,NORMAL,30,42.0%
19:58:09.525,1.0198,4.26,NORMAL,30,61.0%
19:58:09.621,0.9994,0.0,NORMAL,100,100.0%
19:58:09.754,0.9805,10.98,HAZARD,30,59.0%
19:58:09.934,0.98,7.16,HAZARD,30,59.0%
19:58:10.067,0.9843,0.0,HAZARD,100,100.0%
19:58:10.236,0.996,0.77,NORMAL,100,100.0%
19:58:10.392,0.9958,1.89,HAZARD,60,42.0%
19:58:10.550,0.9913,0.0,NORMAL,100,100.0%
19:58:10.669,0.9994,0.0,NORMAL,100,100.0%
19:58:10.833,1.011,0.0,NORMAL,100,100.0%
19:58:10.985,0.9911,0.0,NORMAL,100,100.0%
19:58:11.137,1.0034,0.0,NORMAL,100,100.0%
19:58:11.318,1.007,0.0,NORMAL,100,100.0%
19:58:11.509,1.013,11.83,NORMAL,30,57.0%
19:58:11.623,0.983,26.72,NORMAL,30,54.0%
19:58:11.743,0.9983,3.6,HAZARD,30,61.0%
19:58:11.849,1.0049,10.1,HAZARD,30,56.0%
19:58:12.007,1.0121,0.0,HAZARD,100,100.0%
19:58:12.201,1.0098,2.42,HAZARD,30,44.0%
19:58:12.331,0.9949,0.0,HAZARD,100,100.0%
19:58:12.456,0.9987,0.0,NORMAL,100,100.0%
19:58:12.591,1.0196,0.0,NORMAL,100,100.0%
19:58:12.755,0.9829,0.0,NORMAL,100,100.0%
19:58:12.879,0.9874,0.0,NORMAL,100,100.0%
19:58:12.995,0.9805,0.0,NORMAL,100,100.0%
19:58:13.140,1.0113,0.0,NORMAL,100,100.0%
19:58:13.245,1.0046,0.0,NORMAL,100,100.0%
19:58:13.372,1.0004,0.0,NORMAL,100,100.0%
19:58:13.483,1.0113,0.0,NORMAL,100,100.0%
19:58:13.591,0.9977,0.0,NORMAL,100,100.0%
19:58:13.683,1.0071,0.0,NORMAL,100,100.0%
19:58:13.777,1.0175,0.0,NORMAL,100,100.0%
19:58:13.879,0.993,0.0,NORMAL,100,100.0%
19:58:13.971,1.0092,0.0,NORMAL,100,100.0%
19:58:14.059,0.9923,0.0,NORMAL,100,100.0%
19:58:14.166,0.9825,0.0,NORMAL,100,100.0%
19:58:14.248,1.0185,0.0,NORMAL,100,100.0%
19:58:14.354,1.0188,0.0,NORMAL,100,100.0%
19:58:14.443,0.9911,0.0,NORMAL,100,100.0%
19:58:14.542,1.0129,0.0,NORMAL,100,100.0%
19:58:14.636,0.9857,0.0,NORMAL,100,100.0%
19:58:14.745,1.0054,0.0,NORMAL,100,100.0%
19:58:14.839,0.9904,0.0,NORMAL,100,100.0%
19:58:14.939,0.9946,0.0,NORMAL,100,100.0%
19:58:15.021,1.0041,0.0,NORMAL,100,100.0%
19:58:15.163,0.9819,0.0,NORMAL,100,100.0%
19:58:15.267,0.9893,0.0,NORMAL,100,100.0%
19:58:15.358,1.0109,0.0,NORMAL,100,100.0%
19:58:15.453,1.0008,0.0,NORMAL,100,100.0%
19:58:15.554,0.9977,0.0,NORMAL,100,100.0%
19:58:15.655,0.9955,0.0,NORMAL,100,100.0%
19:58:15.741,1.012,0.0,NORMAL,100,100.0%
19:58:15.847,1.0108,0.0,NORMAL,100,100.0%
19:58:15.938,0.9851,0.0,NORMAL,100,100.0%
19:58:16.040,1.0051,0.0,NORMAL,100,100.0%
19:58:16.138,0.9972,0.0,NORMAL,100,100.0%
19:58:16.239,1.0161,0.0,NORMAL,100,100.0%
19:58:16.336,0.9884,0.0,NORMAL,100,100.0%
19:58:16.448,0.9906,0.0,NORMAL,100,100.0%
19:58:16.534,0.9996,0.0,NORMAL,100,100.0%
19:58:16.623,0.9826,0.0,NORMAL,100,100.0%
19:58:16.722,0.9966,0.0,NORMAL,100,100.0%
19:58:16.803,1.0031,0.0,NORMAL,100,100.0%
19:58:16.917,0.9936,0.0,NORMAL,100,100.0%
19:58:16.995,1.0071,0.0,NORMAL,100,100.0%
19:58:17.099,1.0095,0.0,NORMAL,100,100.0%
19:58:17.194,1.0046,0.0,NORMAL,100,100.0%
19:58:17.293,0.9956,0.0,NORMAL,100,100.0%
19:58:17.383,1.0044,0.0,NORMAL,100,100.0%
19:58:17.492,0.994,0.0,NORMAL,100,100.0%
19:58:17.589,1.0055,0.0,NORMAL,100,100.0%
19:58:17.716,1.0146,0.0,NORMAL,100,100.0%
19:58:17.829,1.0083,0.0,NORMAL,100,100.0%
19:58:17.958,0.999,0.0,NORMAL,100,100.0%
19:58:18.083,0.9978,0.0,NORMAL,100,100.0%
19:58:18.178,1.01,0.0,NORMAL,100,100.0%
19:58:18.321,1.001,0.0,NORMAL,100,100.0%
19:58:18.451,0.9918,0.0,NORMAL,100,100.0%
19:58:18.573,0.9969,0.0,NORMAL,100,100.0%
19:58:18.715,1.0189,0.0,NORMAL,100,100.0%
19:58:18.849,1.0165,0.0,NORMAL,100,100.0%
19:58:18.959,1.0056,0.0,NORMAL,100,100.0%
19:58:19.080,1.0126,0.0,NORMAL,100,100.0%
19:58:19.202,0.999,0.0,NORMAL,100,100.0%
19:58:19.329,1.0187,0.0,NORMAL,100,100.0%
19:58:19.456,1.0045,0.0,NORMAL,100,100.0%
19:58:19.557,0.9997,0.0,NORMAL,100,100.0%
19:58:19.672,0.9886,0.0,NORMAL,100,100.0%
19:58:19.765,0.9821,0.0,NORMAL,100,100.0%
19:58:19.888,1.0031,5.79,NORMAL,30,59.0%
19:58:19.992,0.9965,0.69,NORMAL,100,100.0%
19:58:20.116,0.993,12.99,NORMAL,30,61.0%
19:58:20.224,1.0157,28.1,HAZARD,30,61.0%
19:58:20.350,0.9931,41.59,HAZARD,30,55.0%
19:58:20.473,1.0056,27.03,HAZARD,30,60.0%
19:58:20.590,1.0038,36.38,HAZARD,30,56.0%
19:58:20.720,1.0146,24.38,HAZARD,30,59.0%
19:58:20.865,0.9945,20.84,HAZARD,30,58.0%
19:58:21.039,1.0073,10.61,HAZARD,30,60.0%
19:58:21.150,1.0087,3.55,HAZARD,30,57.0%
19:58:21.289,0.9998,7.23,HAZARD,30,58.0%
19:58:21.403,1.0166,31.62,HAZARD,30,58.0%
19:58:21.534,1.0083,31.61,HAZARD,30,58.0%
19:58:21.658,0.9902,17.12,HAZARD,30,60.0%
19:58:21.814,0.9994,18.09,HAZARD,30,60.0%
19:58:21.960,1.002,31.21,HAZARD,30,57.0%
19:58:22.122,1.0055,1.57,HAZARD,60,52.0%
19:58:22.259,0.986,36.75,HAZARD,30,56.0%
19:58:22.377,1.013,16.74,HAZARD,30,61.0%
19:58:22.534,1.2923,17.52,HAZARD,30,51.0%
19:58:22.688,1.3033,3.06,HAZARD,30,55.0%
19:58:22.800,1.309,21.83,HAZARD,30,58.0%
19:58:22.940,1.8153,14.03,HAZARD,30,56.0%
19:58:23.081,1.8112,4.99,HAZARD,30,59.0%
19:58:23.217,1.4984,14.43,HAZARD,30,59.0%
19:58:23.355,1.4946,5.32,HAZARD,30,59.0%
19:58:23.509,1.1856,5.15,HAZARD,30,60.0%
19:58:23.626,1.2151,10.33,HAZARD,30,58.0%
19:58:23.754,0.9902,11.69,HAZARD,30,54.0%
19:58:23.880,0.9998,6.46,HAZARD,30,82.0%
19:58:24.016,0.9943,14.94,HAZARD,30,58.0%
19:58:24.150,1.0124,22.19,HAZARD,30,61.0%
19:58:24.293,0.9927,1.8,HAZARD,60,51.0%
19:58:24.457,1.0024,13.11,HAZARD,30,60.0%
19:58:24.584,1.0174,8.78,HAZARD,30,58.0%
19:58:24.728,0.9819,9.28,HAZARD,30,54.0%
19:58:24.885,0.9888,14.06,HAZARD,30,61.0%
19:58:25.025,1.0027,8.17,HAZARD,30,60.0%
19:58:25.160,0.9943,16.5,HAZARD,30,59.0%
19:58:25.312,1.0043,0.0,HAZARD,100,100.0%
19:58:25.457,1.0149,9.04,HAZARD,30,59.0%
19:58:25.605,1.0057,10.95,HAZARD,30,57.0%
19:58:25.756,0.9989,12.68,HAZARD,30,60.0%
19:58:25.934,0.9826,6.13,HAZARD,30,57.0%
19:58:26.108,0.9952,11.03,HAZARD,30,61.0%
19:58:26.224,1.0007,5.48,HAZARD,30,59.0%
19:58:26.351,1.0148,9.26,HAZARD,30,58.0%
19:58:26.467,0.9937,6.49,HAZARD,30,58.0%
19:58:26.588,1.0031,1.46,HAZARD,100,60.0%
19:58:26.721,1.0178,11.19,HAZARD,30,58.0%
19:58:26.852,1.0161,7.88,HAZARD,30,59.0%
19:58:26.978,1.0188,6.46,HAZARD,30,63.0%
19:58:27.125,0.9943,7.75,HAZARD,30,56.0%
19:58:27.341,1.0057,10.35,HAZARD,30,62.0%
19:58:27.536,0.9898,10.43,HAZARD,30,57.0%
19:58:27.720,1.0024,1.76,HAZARD,60,46.0%
19:58:27.893,0.9827,12.81,HAZARD,30,56.0%
19:58:28.058,0.9843,5.29,HAZARD,30,59.0%
19:58:28.200,0.9957,1.12,HAZARD,100,100.0%
19:58:28.353,1.3184,8.49,HAZARD,30,53.0%
19:58:28.529,1.3016,10.41,HAZARD,30,60.0%
19:58:28.712,1.2849,12.16,HAZARD,30,59.0%
19:58:28.855,1.7986,6.52,HAZARD,30,56.0%
19:58:28.991,1.7822,9.06,HAZARD,30,59.0%
19:58:29.160,1.5105,11.76,HAZARD,30,59.0%
19:58:29.337,1.518,11.22,HAZARD,30,58.0%
19:58:29.497,1.181,0.0,HAZARD,60,98.0%
19:58:29.649,1.1897,8.59,HAZARD,30,59.0%
19:58:29.779,0.997,10.28,HAZARD,60,51.0%
19:58:29.931,1.0094,5.18,HAZARD,30,83.0%
19:58:30.072,0.9977,9.66,HAZARD,30,59.0%
19:58:30.192,1.01,9.1,HAZARD,30,61.0%
19:58:30.339,1.0046,6.12,HAZARD,30,57.0%
19:58:30.470,0.9817,1.25,HAZARD,100,100.0%
19:58:30.582,0.9929,0.0,HAZARD,100,100.0%
19:58:30.739,1.0161,0.87,NORMAL,100,100.0%
19:58:30.897,1.0005,9.6,NORMAL,30,57.0%
19:58:31.038,0.9871,12.41,NORMAL,30,57.0%
19:58:31.169,1.012,18.42,HAZARD,30,61.0%
19:58:31.309,0.9848,17.74,HAZARD,30,54.0%
19:58:31.442,1.0055,9.99,HAZARD,30,59.0%
19:58:31.577,0.9953,1.08,HAZARD,100,100.0%
19:58:31.748,0.9909,0.0,HAZARD,100,100.0%
19:58:31.900,0.9859,0.0,NORMAL,100,100.0%
19:58:32.017,1.0195,0.0,NORMAL,100,100.0%
19:58:32.175,1.0166,0.0,NORMAL,100,100.0%
19:58:32.326,1.0033,2.91,NORMAL,30,59.0%
19:58:32.486,1.0045,8.31,NORMAL,30,59.0%
19:58:32.607,0.9994,17.99,HAZARD,30,57.0%
19:58:32.738,1.0196,24.26,HAZARD,30,58.0%
19:58:32.901,1.015,30.59,HAZARD,30,59.0%
19:58:33.042,1.0004,19.32,HAZARD,30,60.0%
19:58:33.170,0.984,31.97,HAZARD,30,57.0%
19:58:33.341,1.0126,36.31,HAZARD,30,61.0%
19:58:33.489,1.0009,19.39,HAZARD,30,57.0%
19:58:33.620,1.0035,5.59,HAZARD,30,56.0%
19:58:33.748,0.9928,0.0,HAZARD,100,100.0%
19:58:33.907,0.9894,1.05,HAZARD,100,100.0%
19:58:34.043,0.9857,0.0,NORMAL,100,100.0%
19:58:34.273,0.9912,0.0,NORMAL,100,100.0%
19:58:34.420,1.0123,0.0,NORMAL,100,100.0%
19:58:34.559,1.0195,0.0,NORMAL,100,100.0%
19:58:34.729,0.9956,0.0,NORMAL,100,100.0%
19:58:34.870,0.9896,0.0,NORMAL,100,100.0%
19:58:34.992,0.9848,0.0,NORMAL,100,100.0%
19:58:35.121,0.9836,0.0,NORMAL,100,100.0%
19:58:35.274,0.9964,0.0,NORMAL,100,100.0%
19:58:35.389,0.9994,0.0,NORMAL,100,100.0%
19:58:35.529,0.9858,0.0,NORMAL,100,100.0%
19:58:35.659,0.9989,0.0,NORMAL,100,100.0%
19:58:35.770,1.0038,0.0,NORMAL,100,100.0%
19:58:35.918,1.0063,0.0,NORMAL,100,100.0%
19:58:36.058,1.0036,0.0,NORMAL,100,100.0%
19:58:36.186,0.9954,0.0,NORMAL,100,100.0%
19:58:36.323,0.9997,0.0,NORMAL,100,100.0%
19:58:36.459,1.0091,0.0,NORMAL,100,100.0%
19:58:36.566,0.9884,0.0,NORMAL,100,100.0%
19:58:36.728,1.0075,0.0,NORMAL,100,100.0%
19:58:36.852,0.9886,0.0,NORMAL,100,100.0%
19:58:36.990,0.9893,0.0,NORMAL,100,100.0%
19:58:37.106,1.0176,0.0,NORMAL,100,100.0%
19:58:37.224,1.0062,0.0,NORMAL,100,100.0%
19:58:37.326,1.0006,0.0,NORMAL,100,100.0%
19:58:37.443,1.0082,0.0,NORMAL,100,100.0%
19:58:37.555,1.0056,0.0,NORMAL,100,100.0%
19:58:37.641,1.0103,0.0,NORMAL,100,100.0%
19:58:37.754,1.01,0.0,NORMAL,100,100.0%
19:58:37.862,1.0076,0.0,NORMAL,100,100.0%
19:58:37.983,0.9823,0.0,NORMAL,100,100.0%
19:58:38.090,0.9837,0.0,NORMAL,100,100.0%
19:58:38.212,1.0059,0.0,NORMAL,100,100.0%
19:58:38.317,1.014,0.0,NORMAL,100,100.0%
19:58:38.411,0.9805,0.0,NORMAL,100,100.0%
19:58:38.519,1.007,0.0,NORMAL,100,100.0%
19:58:38.617,0.9981,0.0,NORMAL,100,100.0%
19:58:38.698,1.0135,0.0,NORMAL,100,100.0%
19:58:38.790,1.0108,0.0,NORMAL,100,100.0%
19:58:38.892,1.0137,0.0,NORMAL,100,100.0%
19:58:38.989,1.0157,0.0,NORMAL,100,100.0%
19:58:39.086,0.9838,0.0,NORMAL,100,100.0%
19:58:39.176,1.0199,0.0,NORMAL,100,100.0%
19:58:39.272,0.9869,0.0,NORMAL,100,100.0%
19:58:39.378,0.9879,0.0,NORMAL,100,100.0%
19:58:39.476,0.9959,0.0,NORMAL,100,100.0%
19:58:39.581,0.9847,0.0,NORMAL,100,100.0%
19:58:39.668,1.0066,0.0,NORMAL,100,100.0%
19:58:39.771,1.0001,0.0,NORMAL,100,100.0%
19:58:39.848,1.0003,0.0,NORMAL,100,100.0%
19:58:39.938,0.9974,0.0,NORMAL,100,100.0%
19:58:40.041,1.0125,0.0,NORMAL,100,100.0%
19:58:40.139,1.0001,0.0,NORMAL,100,100.0%
19:58:40.242,0.983,0.0,NORMAL,100,100.0%
19:58:40.328,1.0199,0.0,NORMAL,100,100.0%
19:58:40.420,0.9935,0.0,NORMAL,100,100.0%
19:58:40.530,1.019,0.0,NORMAL,100,100.0%
19:58:40.642,0.9989,0.0,NORMAL,100,100.0%
19:58:40.718,1.0182,0.0,NORMAL,100,100.0%
19:58:40.789,0.9852,0.0,NORMAL,100,100.0%
19:58:40.880,0.996,0.0,NORMAL,100,100.0%
19:58:40.964,1.0067,0.0,NORMAL,100,100.0%
19:58:41.036,1.0162,0.0,NORMAL,100,100.0%
19:58:41.119,0.9954,0.0,NORMAL,100,100.0%
19:58:41.202,0.9903,0.0,NORMAL,100,100.0%
19:58:41.292,0.9928,0.0,NORMAL,100,100.0%
19:58:41.374,0.9976,0.0,NORMAL,100,100.0%
19:58:41.448,1.0032,0.0,NORMAL,100,100.0%
19:58:41.524,1.017,0.0,NORMAL,100,100.0%
19:58:41.594,0.9871,0.0,NORMAL,100,100.0%
19:58:41.685,1.008,0.0,NORMAL,100,100.0%
19:58:41.768,0.9859,0.0,NORMAL,100,100.0%
19:58:41.833,1.0193,0.0,NORMAL,100,100.0%
19:58:41.913,0.9932,0.0,NORMAL,100,100.0%
19:58:41.988,1.0067,0.0,NORMAL,100,100.0%
19:58:42.067,1.0033,0.0,NORMAL,100,100.0%
19:58:42.107,1.0193,0.0,NORMAL,100,100.0%
19:58:42.148,0.9842,0.0,NORMAL,100,100.0%
19:58:42.187,1.0192,0.0,NORMAL,100,100.0%
19:58:42.240,0.9867,0.0,NORMAL,100,100.0%
19:58:42.284,1.0195,0.0,NORMAL,100,100.0%
19:58:42.320,0.9852,0.0,NORMAL,100,100.0%
19:58:42.378,0.9856,0.0,NORMAL,100,100.0%
19:58:42.417,1.0016,0.0,NORMAL,100,100.0%
19:58:42.481,1.0059,0.0,NORMAL,100,100.0%
19:58:42.533,0.9912,0.0,NORMAL,100,100.0%
19:58:42.589,0.9907,0.0,NORMAL,100,100.0%
19:58:42.638,1.0128,0.0,NORMAL,100,100.0%
19:58:42.687,1.0188,0.0,NORMAL,100,100.0%
19:58:42.753,0.9864,0.0,NORMAL,100,100.0%
19:58:42.800,1.0173,0.0,NORMAL,100,100.0%
19:58:42.856,1.0061,0.0,NORMAL,100,100.0%
19:58:42.925,0.9851,0.0,NORMAL,100,100.0%
19:58:42.965,0.9878,0.0,NORMAL,100,100.0%
19:58:43.006,1.0033,0.0,NORMAL,100,100.0%
19:58:43.047,1.0076,0.0,NORMAL,100,100.0%
19:58:43.087,1.0147,0.0,NORMAL,100,100.0%
19:58:43.133,1.0188,0.0,NORMAL,100,100.0%
19:58:43.172,0.9891,0.0,NORMAL,100,100.0%
19:58:43.207,1.0143,0.0,NORMAL,100,100.0%
19:58:43.243,0.992,0.0,NORMAL,100,100.0%
19:58:43.288,1.0056,0.0,NORMAL,100,100.0%
19:58:43.324,0.9912,0.0,NORMAL,100,100.0%
19:58:43.368,1.018,0.0,NORMAL,100,100.0%
19:58:43.409,0.9888,0.0,NORMAL,100,100.0%
19:58:43.458,1.0038,0.0,NORMAL,100,100.0%
19:58:43.504,0.9824,0.0,NORMAL,100,100.0%
19:58:43.545,0.9835,0.0,NORMAL,100,100.0%
19:58:43.605,0.9861,0.0,NORMAL,100,100.0%
19:58:43.639,1.0098,0.0,NORMAL,100,100.0%
19:58:43.688,1.0104,0.0,NORMAL,100,100.0%
19:58:43.733,0.992,0.0,NORMAL,100,100.0%
19:58:43.768,1.0155,0.0,NORMAL,100,100.0%
19:58:43.812,0.9832,0.0,NORMAL,100,100.0%
19:58:43.856,2.8155,0.0,NORMAL,60,41.0%
19:58:43.890,2.793,0.0,NORMAL,30,47.0%
19:58:43.934,0.3173,0.0,NORMAL,30,48.0%
19:58:43.987,1.414,0.0,CAUTION,60,52.0%
19:58:44.085,1.0953,0.0,CAUTION,60,54.0%
19:58:44.168,0.9975,0.0,CAUTION,60,44.0%
19:58:44.239,1.0129,0.0,CAUTION,100,67.0%
19:58:44.326,0.989,0.0,CAUTION,100,100.0%
19:58:44.417,0.9925,0.0,NORMAL,100,100.0%
19:58:44.518,0.9869,0.0,NORMAL,100,100.0%
19:58:44.600,0.9803,0.0,NORMAL,100,100.0%
19:58:44.706,1.0013,0.0,NORMAL,100,100.0%
19:58:44.815,0.9891,0.0,NORMAL,100,100.0%
19:58:44.910,0.9869,0.0,NORMAL,100,100.0%
19:58:44.981,1.0097,0.0,NORMAL,100,100.0%
19:58:45.077,1.0142,0.0,NORMAL,100,100.0%
19:58:45.160,0.999,0.0,NORMAL,100,100.0%
19:58:45.230,0.9848,0.0,NORMAL,100,100.0%
19:58:45.310,0.982,0.0,NORMAL,100,100.0%
19:58:45.373,0.9911,0.0,NORMAL,100,100.0%
19:58:45.454,0.9826,0.0,NORMAL,100,100.0%
19:58:45.538,1.0057,0.0,NORMAL,100,100.0%
19:58:45.618,0.9817,0.0,NORMAL,100,100.0%
19:58:45.697,1.0183,0.0,NORMAL,100,100.0%
19:58:45.783,0.9854,0.0,NORMAL,100,100.0%
19:58:45.842,0.9899,0.0,NORMAL,100,100.0%
19:58:45.919,0.9909,0.0,NORMAL,100,100.0%
19:58:45.987,1.0017,0.0,NORMAL,100,100.0%
19:58:46.052,0.9829,0.0,NORMAL,100,100.0%
19:58:46.135,0.991,0.0,NORMAL,100,100.0%
19:58:46.200,1.0052,0.0,NORMAL,100,100.0%
19:58:46.275,0.9925,0.0,NORMAL,100,100.0%
19:58:46.340,1.0025,0.0,NORMAL,100,100.0%
19:58:46.406,0.992,0.0,NORMAL,100,100.0%
19:58:46.487,0.9872,0.0,NORMAL,100,100.0%
19:58:46.548,0.9844,0.0,NORMAL,100,100.0%
19:58:46.612,0.982,0.0,NORMAL,100,100.0%
19:58:46.691,1.0051,0.0,NORMAL,100,100.0%
19:58:46.875,1.0016,0.0,NORMAL,100,100.0%
19:58:46.962,1.0033,0.0,NORMAL,100,100.0%
19:58:47.088,1.0047,0.0,NORMAL,100,100.0%
19:58:47.185,0.9904,0.0,NORMAL,100,100.0%
19:58:47.281,0.9883,0.0,NORMAL,100,100.0%
19:58:47.357,1.0079,0.0,NORMAL,100,100.0%
19:58:47.444,0.9988,0.0,NORMAL,100,100.0%
19:58:47.518,1.012,0.0,NORMAL,100,100.0%
19:58:47.594,1.0018,0.0,NORMAL,100,100.0%
19:58:47.675,1.0034,0.0,NORMAL,100,100.0%
19:58:47.753,1.0015,0.0,NORMAL,100,100.0%
19:58:47.825,0.9905,0.0,NORMAL,100,100.0%
19:58:47.893,1.0151,0.0,NORMAL,100,100.0%
19:58:47.956,1.0076,0.0,NORMAL,100,100.0%
19:58:48.034,1.0088,0.0,NORMAL,100,100.0%
19:58:48.104,0.9973,0.0,NORMAL,100,100.0%
19:58:48.182,0.9839,0.0,NORMAL,100,100.0%
19:58:48.263,0.9859,0.0,NORMAL,100,100.0%
19:58:48.329,1.0094,0.0,NORMAL,100,100.0%
19:58:48.414,0.9992,0.0,NORMAL,100,100.0%
19:58:48.477,0.9848,0.0,NORMAL,100,100.0%
19:58:48.541,0.9805,0.0,NORMAL,100,100.0%
19:58:48.616,0.9978,0.0,NORMAL,100,100.0%
19:58:48.689,0.9959,0.0,NORMAL,100,100.0%
19:58:48.774,0.9817,0.0,NORMAL,100,100.0%
19:58:48.858,0.9982,0.76,NORMAL,100,100.0%
19:58:48.930,1.0043,0.0,NORMAL,100,100.0%
19:58:48.994,1.0138,0.0,NORMAL,100,100.0%
19:58:49.064,0.9826,0.0,NORMAL,100,100.0%
19:58:49.135,0.999,0.0,NORMAL,100,100.0%
19:58:49.193,0.9826,0.0,NORMAL,100,100.0%
19:58:49.267,0.9815,0.0,NORMAL,100,100.0%
19:58:49.331,0.9937,0.0,NORMAL,100,100.0%
19:58:49.425,1.0003,0.0,NORMAL,100,100.0%
19:58:49.480,0.9976,0.0,NORMAL,100,100.0%
19:58:49.536,0.9999,0.0,NORMAL,100,100.0%
19:58:49.616,0.9826,0.0,NORMAL,100,100.0%
19:58:49.677,1.0072,0.0,NORMAL,100,100.0%
19:58:49.732,1.2954,0.0,NORMAL,60,81.0%
19:58:49.805,1.3007,0.0,NORMAL,60,89.0%
19:58:49.882,1.2832,0.0,CAUTION,60,98.0%
19:58:49.953,1.8027,0.0,CAUTION,60,98.0%
19:58:50.018,1.8172,0.0,CAUTION,60,98.0%
19:58:50.085,1.489,0.0,CAUTION,60,98.0%
19:58:50.150,1.5195,0.0,CAUTION,60,98.0%
19:58:50.213,1.2122,0.0,CAUTION,60,98.0%
19:58:50.273,1.1955,0.0,CAUTION,60,98.0%
19:58:50.349,1.0147,0.0,CAUTION,60,92.0%
19:58:50.435,1.0156,0.0,CAUTION,60,71.0%
19:58:50.507,0.9944,0.0,CAUTION,100,99.0%
19:58:50.589,1.0076,0.0,CAUTION,100,100.0%
19:58:50.676,0.9822,0.0,NORMAL,100,100.0%
19:58:50.771,1.0078,0.0,NORMAL,100,100.0%
19:58:50.842,0.9808,0.0,NORMAL,100,100.0%
19:58:50.911,1.0126,0.0,NORMAL,100,100.0%
19:58:50.971,1.0146,0.0,NORMAL,100,100.0%
19:58:51.046,0.9857,0.0,NORMAL,100,100.0%
19:58:51.115,0.9923,0.0,NORMAL,100,100.0%
19:58:51.179,1.0142,0.0,NORMAL,100,100.0%
19:58:51.244,1.0049,0.0,NORMAL,100,100.0%
19:58:51.322,0.9874,0.0,NORMAL,100,100.0%
19:58:51.379,1.0118,0.0,NORMAL,100,100.0%
19:58:51.459,1.0045,0.0,NORMAL,100,100.0%
19:58:51.541,1.0035,0.0,NORMAL,100,100.0%
19:58:51.616,0.9901,0.0,NORMAL,100,100.0%
19:58:51.693,1.0152,0.0,NORMAL,100,100.0%
19:58:51.775,1.0026,0.0,NORMAL,100,100.0%
19:58:51.845,1.0174,0.0,NORMAL,100,100.0%
19:58:51.914,0.9808,0.0,NORMAL,100,100.0%
19:58:51.983,0.9956,0.0,NORMAL,100,100.0%
19:58:52.045,1.0174,0.0,NORMAL,100,100.0%
19:58:52.112,1.0135,0.0,NORMAL,100,100.0%
19:58:52.176,0.9995,0.0,NORMAL,100,100.0%
19:58:52.270,0.9861,0.0,NORMAL,100,100.0%
19:58:52.342,0.9818,0.0,NORMAL,100,100.0%
19:58:52.401,1.0112,0.0,NORMAL,100,100.0%
19:58:52.474,1.011,0.0,NORMAL,100,100.0%
19:58:52.554,1.0069,0.0,NORMAL,100,100.0%
19:58:52.629,1.0074,0.0,NORMAL,100,100.0%
19:58:52.712,0.9838,0.0,NORMAL,100,100.0%
19:58:52.792,0.9958,0.0,NORMAL,100,100.0%
19:58:52.867,1.0064,0.0,NORMAL,100,100.0%
19:58:52.934,1.0146,0.0,NORMAL,100,100.0%
19:58:53.057,1.0069,0.0,NORMAL,100,100.0%
19:58:53.133,0.986,0.0,NORMAL,100,100.0%
19:58:53.223,0.9883,0.0,NORMAL,100,100.0%
19:58:53.310,1.0069,0.0,NORMAL,100,100.0%
19:58:53.389,1.0125,0.0,NORMAL,100,100.0%
19:58:53.476,1.0191,0.0,NORMAL,100,100.0%
19:58:53.544,0.9884,0.0,NORMAL,100,100.0%
19:58:53.609,0.9981,0.0,NORMAL,100,100.0%
19:58:53.694,0.9964,0.0,NORMAL,100,100.0%
19:58:53.781,0.9846,0.0,NORMAL,100,100.0%
19:58:53.853,1.0097,0.0,NORMAL,100,100.0%
19:58:53.931,1.0053,0.0,NORMAL,100,100.0%
19:58:53.999,0.997,0.0,NORMAL,100,100.0%
19:58:54.068,0.9801,0.0,NORMAL,100,100.0%
19:58:54.148,0.9956,0.0,NORMAL,100,100.0%
19:58:54.213,0.9908,0.0,NORMAL,100,100.0%
19:58:54.284,1.0133,0.0,NORMAL,100,100.0%
19:58:54.354,0.986,0.0,NORMAL,100,100.0%
19:58:54.425,0.9975,0.0,NORMAL,100,100.0%
19:58:54.504,0.9921,0.0,NORMAL,100,100.0%
19:58:54.574,0.9878,0.0,NORMAL,100,100.0%
19:58:54.648,0.9883,0.0,NORMAL,100,100.0%
19:58:54.719,1.0087,0.0,NORMAL,100,100.0%
19:58:54.798,0.9962,0.0,NORMAL,100,100.0%
19:58:54.886,1.0092,0.0,NORMAL,100,100.0%
19:58:54.955,0.9889,0.0,NORMAL,100,100.0%
19:58:55.034,0.9957,0.0,NORMAL,100,100.0%
19:58:55.118,1.0099,0.0,NORMAL,100,100.0%
19:58:55.186,1.0166,0.0,NORMAL,100,100.0%
19:58:55.255,1.0162,0.0,NORMAL,100,100.0%
19:58:55.338,1.0197,0.0,NORMAL,100,100.0%
19:58:55.417,1.0187,0.0,NORMAL,100,100.0%
19:58:55.503,0.9836,0.0,NORMAL,100,100.0%
19:58:55.580,1.0048,0.0,NORMAL,100,100.0%
19:58:55.648,1.0089,0.0,NORMAL,100,100.0%
19:58:55.725,1.0164,0.0,NORMAL,100,100.0%
19:58:55.803,0.9892,0.0,NORMAL,100,100.0%
19:58:55.881,1.0085,0.0,NORMAL,100,100.0%
19:58:55.948,1.001,0.0,NORMAL,100,100.0%
19:58:56.013,0.9995,0.0,NORMAL,100,100.0%
19:58:56.097,1.0026,0.0,NORMAL,100,100.0%
19:58:56.166,0.9826,0.0,NORMAL,100,100.0%
19:58:56.232,0.9858,0.0,NORMAL,100,100.0%
19:58:56.310,1.0054,0.0,NORMAL,100,100.0%
19:58:56.372,1.0106,0.0,NORMAL,100,100.0%
19:58:56.450,1.0139,0.0,NORMAL,100,100.0%
19:58:56.598,0.9838,0.0,NORMAL,100,100.0%
19:58:56.678,0.993,0.0,NORMAL,100,100.0%
19:58:56.762,0.9949,0.0,NORMAL,100,100.0%
19:58:56.838,1.0086,0.0,NORMAL,100,100.0%
19:58:56.923,0.9921,0.0,NORMAL,100,100.0%
19:58:56.995,0.996,0.0,NORMAL,100,100.0%
19:58:57.070,1.0066,0.0,NORMAL,100,100.0%
19:58:57.147,1.0188,0.0,NORMAL,100,100.0%
19:58:57.216,0.9848,0.0,NORMAL,100,100.0%
19:58:57.295,1.01,0.0,NORMAL,100,100.0%
19:58:57.363,1.0065,0.0,NORMAL,100,100.0%
19:58:57.432,1.0092,0.0,NORMAL,100,100.0%
19:58:57.518,1.0082,0.0,NORMAL,100,100.0%
19:58:57.586,1.0159,0.0,NORMAL,100,100.0%
19:58:57.661,1.0084,1.08,NORMAL,100,100.0%
19:58:57.745,0.9993,0.0,NORMAL,100,100.0%
19:58:57.824,1.0006,0.0,NORMAL,100,100.0%
19:58:57.914,1.0091,0.0,NORMAL,100,100.0%
19:58:58.000,0.9842,0.0,NORMAL,100,100.0%
19:58:58.067,0.9815,0.0,NORMAL,100,100.0%
19:58:58.139,1.0083,0.0,NORMAL,100,100.0%
19:58:58.206,0.9823,0.0,NORMAL,100,100.0%
19:58:58.284,0.985,0.0,NORMAL,100,100.0%
19:58:58.354,1.0157,0.0,NORMAL,100,100.0%
19:58:58.415,0.9952,0.0,NORMAL,100,100.0%
19:58:58.489,1.004,0.0,NORMAL,100,100.0%
19:58:58.561,0.9914,0.0,NORMAL,100,100.0%
19:58:58.618,0.9933,0.0,NORMAL,100,100.0%
19:58:58.697,0.9879,0.0,NORMAL,100,100.0%
19:58:58.783,0.9807,0.0,NORMAL,100,100.0%
19:58:58.841,1.0018,0.0,NORMAL,100,100.0%
19:58:58.913,0.9939,0.0,NORMAL,100,100.0%
19:58:58.982,1.0109,0.0,NORMAL,100,100.0%
19:58:59.048,1.0163,0.0,NORMAL,100,100.0%
19:58:59.114,1.0028,0.0,NORMAL,100,100.0%
19:58:59.191,1.2839,0.0,NORMAL,60,79.0%
19:58:59.265,1.2909,0.0,NORMAL,60,90.0%
19:58:59.333,1.3029,0.0,CAUTION,60,98.0%
19:58:59.400,1.7874,0.0,CAUTION,60,98.0%
19:58:59.466,1.8017,0.0,CAUTION,60,98.0%
19:58:59.551,1.5009,0.0,CAUTION,60,98.0%
19:58:59.635,1.4924,0.0,CAUTION,60,98.0%
19:58:59.709,1.2008,0.0,CAUTION,60,98.0%
19:58:59.806,1.1899,0.0,CAUTION,60,98.0%
19:58:59.906,0.9892,0.0,CAUTION,60,89.0%
19:58:59.981,1.0142,0.0,CAUTION,60,69.0%
19:59:00.138,0.989,0.0,CAUTION,100,100.0%
19:59:00.241,1.0109,0.0,CAUTION,100,100.0%
19:59:00.331,0.9849,0.0,NORMAL,100,100.0%
19:59:00.416,1.0045,0.0,NORMAL,100,100.0%
19:59:00.488,1.0185,0.0,NORMAL,100,100.0%
19:59:00.584,0.9972,0.0,NORMAL,100,99.0%
19:59:00.704,0.9818,0.0,NORMAL,100,100.0%
19:59:00.850,0.9846,0.0,NORMAL,100,100.0%
19:59:00.958,0.9818,0.0,NORMAL,100,100.0%
19:59:01.094,0.997,0.0,NORMAL,100,100.0%
19:59:01.205,0.9881,0.0,NORMAL,100,100.0%
19:59:01.296,1.004,0.0,NORMAL,100,100.0%
19:59:01.380,0.9949,0.0,NORMAL,100,100.0%
19:59:01.476,0.9816,0.0,NORMAL,100,100.0%
19:59:01.554,0.9956,0.0,NORMAL,100,100.0%
19:59:01.645,0.9964,0.0,NORMAL,100,100.0%
19:59:01.725,1.008,0.0,NORMAL,100,100.0%
19:59:01.807,0.9828,0.0,NORMAL,100,100.0%
19:59:01.999,1.0199,0.0,NORMAL,100,100.0%
19:59:02.110,0.9918,0.0,NORMAL,100,100.0%
19:59:02.186,1.0068,0.0,NORMAL,100,100.0%
19:59:02.261,1.0026,0.0,NORMAL,100,100.0%
19:59:02.348,1.0182,0.0,NORMAL,100,100.0%
19:59:02.432,1.0019,0.0,NORMAL,100,100.0%
19:59:02.502,0.986,0.0,NORMAL,100,100.0%
19:59:02.583,1.0052,0.0,NORMAL,100,100.0%
19:59:02.660,0.9822,0.0,NORMAL,100,100.0%
19:59:02.753,0.991,0.0,NORMAL,100,100.0%
19:59:02.835,0.9946,0.0,NORMAL,100,100.0%
19:59:02.903,0.9873,0.0,NORMAL,100,100.0%
19:59:02.997,0.9854,0.0,NORMAL,100,100.0%
19:59:03.070,0.9901,0.0,NORMAL,100,100.0%
19:59:03.140,1.0099,0.0,NORMAL,100,100.0%
19:59:03.222,1.0156,0.0,NORMAL,100,100.0%
19:59:03.299,0.9951,0.0,NORMAL,100,100.0%
19:59:03.368,1.0193,0.0,NORMAL,100,100.0%
19:59:03.450,1.0028,0.0,NORMAL,100,100.0%
19:59:03.525,1.0024,0.0,NORMAL,100,100.0%
19:59:03.611,0.9825,0.0,NORMAL,100,100.0%
19:59:03.681,1.0102,0.0,NORMAL,100,100.0%
19:59:03.758,0.9996,0.0,NORMAL,100,100.0%
19:59:03.841,1.0093,0.0,NORMAL,100,100.0%
19:59:03.906,0.9808,0.0,NORMAL,100,100.0%
19:59:03.990,0.9911,0.0,NORMAL,100,100.0%
19:59:04.072,1.0189,0.0,NORMAL,100,100.0%
19:59:04.178,1.0198,0.0,NORMAL,100,100.0%
19:59:04.287,0.9868,0.0,NORMAL,100,100.0%
19:59:04.367,0.9894,0.0,NORMAL,100,100.0%
19:59:04.457,1.0095,0.0,NORMAL,100,100.0%
19:59:04.539,0.9935,0.0,NORMAL,100,100.0%
19:59:04.619,0.9966,0.0,NORMAL,100,100.0%
19:59:04.700,0.9967,0.0,NORMAL,100,100.0%
19:59:04.810,1.0026,0.0,NORMAL,100,100.0%
19:59:04.889,0.9922,0.0,NORMAL,100,100.0%
19:59:04.969,1.0186,0.0,NORMAL,100,100.0%
19:59:05.051,1.0027,0.0,NORMAL,100,100.0%
19:59:05.140,0.9872,0.0,NORMAL,100,100.0%
19:59:05.264,0.9833,0.0,NORMAL,100,100.0%
19:59:05.352,0.9922,0.0,NORMAL,100,100.0%
19:59:05.431,0.9904,0.0,NORMAL,100,100.0%
19:59:05.561,1.0031,0.0,NORMAL,100,100.0%
19:59:05.677,0.9996,0.0,NORMAL,100,100.0%
19:59:05.755,1.0116,0.0,NORMAL,100,100.0%
19:59:05.824,0.9961,0.0,NORMAL,100,100.0%
19:59:05.891,1.0169,0.0,NORMAL,100,100.0%
19:59:05.970,1.0019,0.0,NORMAL,100,100.0%
19:59:06.044,1.0069,0.0,NORMAL,100,100.0%
19:59:06.105,1.0022,0.0,NORMAL,100,100.0%
19:59:06.176,1.0004,0.0,NORMAL,100,100.0%
19:59:06.253,1.0165,0.0,NORMAL,100,100.0%
19:59:06.323,0.9925,0.0,NORMAL,100,100.0%
19:59:06.393,0.9989,0.0,NORMAL,100,100.0%
19:59:06.461,1.0077,0.0,NORMAL,100,100.0%
19:59:06.519,0.9908,0.0,NORMAL,100,100.0%
19:59:06.586,0.9838,0.0,NORMAL,100,100.0%
19:59:06.655,0.99,0.0,NORMAL,100,100.0%
19:59:06.718,1.0154,0.0,NORMAL,100,100.0%
19:59:06.794,0.9813,0.0,NORMAL,100,100.0%
19:59:06.871,0.9999,0.0,NORMAL,100,100.0%
19:59:06.931,0.9889,0.0,NORMAL,100,100.0%
19:59:07.011,1.0179,0.0,NORMAL,100,100.0%
19:59:07.077,1.0165,0.0,NORMAL,100,100.0%
19:59:07.141,0.9954,0.0,NORMAL,100,100.0%
19:59:07.225,0.9821,0.0,NORMAL,100,100.0%
19:59:07.293,0.9886,0.0,NORMAL,100,100.0%
19:59:07.366,1.0105,0.0,NORMAL,100,100.0%
19:59:07.459,0.9934,0.0,NORMAL,100,100.0%
19:59:07.538,1.0129,0.0,NORMAL,100,100.0%
19:59:07.605,0.9946,0.0,NORMAL,100,100.0%
19:59:07.690,1.0049,0.0,NORMAL,100,100.0%
19:59:07.774,0.9817,0.0,NORMAL,100,100.0%
19:59:07.860,1.0161,0.0,NORMAL,100,100.0%
19:59:07.924,0.9972,0.0,NORMAL,100,100.0%
19:59:07.987,0.9845,0.0,NORMAL,100,100.0%
19:59:08.057,0.9973,0.0,NORMAL,100,100.0%
19:59:08.222,1.0031,0.0,NORMAL,100,100.0%
19:59:08.295,0.9888,0.0,NORMAL,100,100.0%
19:59:08.369,0.9885,0.0,NORMAL,100,100.0%
19:59:08.455,1.0196,0.0,NORMAL,100,100.0%
19:59:08.534,0.9808,0.0,NORMAL,100,100.0%
19:59:08.623,0.9967,0.0,NORMAL,100,100.0%
19:59:08.698,1.0114,0.0,NORMAL,100,100.0%
19:59:08.787,1.0091,0.0,NORMAL,100,100.0%
19:59:08.859,0.9838,0.0,NORMAL,100,100.0%
19:59:08.941,1.0077,0.0,NORMAL,100,100.0%
19:59:09.021,0.9839,0.0,NORMAL,100,100.0%
19:59:09.091,0.9833,0.0,NORMAL,100,100.0%
19:59:09.166,0.9842,0.0,NORMAL,100,100.0%
19:59:09.249,1.0164,0.0,NORMAL,100,100.0%
19:59:09.314,0.995,0.0,NORMAL,100,100.0%
19:59:09.383,0.9843,0.0,NORMAL,100,100.0%
19:59:09.462,0.9802,0.0,NORMAL,100,100.0%
19:59:09.533,0.9927,0.0,NORMAL,100,100.0%
19:59:09.618,1.0106,0.0,NORMAL,100,100.0%
19:59:09.681,1.003,0.0,NORMAL,100,100.0%
19:59:09.770,1.0048,0.0,NORMAL,100,100.0%
19:59:09.847,1.0039,0.0,NORMAL,100,100.0%
19:59:09.913,0.9988,0.0,NORMAL,100,100.0%
19:59:09.973,0.982,0.0,NORMAL,100,100.0%
19:59:10.045,0.9953,0.0,NORMAL,100,100.0%
19:59:10.197,1.0096,0.0,NORMAL,100,100.0%
19:59:10.282,1.0159,0.0,NORMAL,100,100.0%
19:59:10.360,0.9922,0.0,NORMAL,100,100.0%
19:59:10.445,0.9851,0.0,NORMAL,100,100.0%
19:59:10.514,0.998,0.0,NORMAL,100,100.0%
19:59:10.582,1.0195,0.0,NORMAL,100,100.0%
19:59:10.652,1.0064,0.0,NORMAL,100,100.0%
19:59:10.730,1.0005,0.0,NORMAL,100,100.0%
19:59:10.803,1.0091,0.0,NORMAL,100,100.0%
19:59:10.878,0.9858,0.0,NORMAL,100,100.0%
19:59:10.946,0.9991,0.0,NORMAL,100,100.0%
19:59:11.021,1.0035,0.0,NORMAL,100,100.0%
19:59:11.083,1.0079,0.0,NORMAL,100,100.0%
19:59:11.140,0.9809,0.0,NORMAL,100,100.0%
19:59:11.205,0.9876,0.0,NORMAL,100,100.0%
19:59:11.273,1.01,0.0,NORMAL,100,100.0%
19:59:11.343,0.9808,0.0,NORMAL,100,100.0%
19:59:11.414,1.0137,0.0,NORMAL,100,100.0%
19:59:11.483,0.9988,0.0,NORMAL,100,100.0%
19:59:11.551,1.0172,0.0,NORMAL,100,100.0%
19:59:11.642,0.9925,0.0,NORMAL,100,100.0%
19:59:11.708,0.9936,0.0,NORMAL,100,100.0%
19:59:11.791,1.0171,0.0,NORMAL,100,100.0%
19:59:11.863,0.9896,0.0,NORMAL,100,100.0%
19:59:11.931,0.996,0.0,NORMAL,100,100.0%
19:59:11.997,0.9971,0.0,NORMAL,100,100.0%
19:59:12.069,1.0121,0.0,NORMAL,100,100.0%
19:59:12.145,0.9847,0.0,NORMAL,100,100.0%
19:59:12.228,1.0167,0.0,NORMAL,100,100.0%
19:59:12.322,1.0146,0.0,NORMAL,100,100.0%
19:59:12.398,1.0082,0.0,NORMAL,100,100.0%
19:59:12.478,0.9923,0.0,NORMAL,100,100.0%
19:59:12.549,0.9955,0.0,NORMAL,100,100.0%
19:59:12.637,0.9926,0.0,NORMAL,100,100.0%
19:59:12.714,0.9999,0.0,NORMAL,100,100.0%
19:59:12.794,0.999,0.0,NORMAL,100,100.0%
19:59:12.874,0.998,0.0,NORMAL,100,100.0%
19:59:12.947,1.0091,0.0,NORMAL,100,100.0%
19:59:13.018,0.984,0.0,NORMAL,100,100.0%
19:59:13.086,0.9889,0.0,NORMAL,100,100.0%
19:59:13.160,0.9913,0.0,NORMAL,100,100.0%
19:59:13.229,1.0156,0.0,NORMAL,100,100.0%
19:59:13.293,1.0186,0.0,NORMAL,100,100.0%
19:59:13.354,1.0193,0.0,NORMAL,100,100.0%
19:59:13.446,0.9837,0.0,NORMAL,100,100.0%
19:59:13.517,0.9999,0.0,NORMAL,100,100.0%
19:59:13.601,1.0103,0.0,NORMAL,100,100.0%
19:59:13.675,1.0187,0.0,NORMAL,100,100.0%
19:59:13.739,1.017,0.0,NORMAL,100,100.0%
19:59:13.814,0.9906,0.0,NORMAL,100,100.0%
19:59:13.901,0.9888,0.0,NORMAL,100,100.0%
19:59:14.080,1.0006,0.0,NORMAL,100,100.0%
19:59:14.154,1.0159,0.0,NORMAL,100,100.0%
19:59:14.228,1.0052,0.0,NORMAL,100,100.0%
19:59:14.301,0.9987,0.0,NORMAL,100,100.0%
19:59:14.373,0.9824,0.0,NORMAL,100,100.0%
19:59:14.457,1.0148,0.0,NORMAL,100,100.0%
19:59:14.520,0.9958,0.0,NORMAL,100,100.0%
19:59:14.605,1.0141,0.0,NORMAL,100,100.0%
19:59:14.668,0.9932,0.0,NORMAL,100,100.0%
19:59:14.747,1.0111,0.0,NORMAL,100,100.0%
19:59:14.825,1.0056,0.0,NORMAL,100,100.0%
19:59:14.888,1.0039,0.0,NORMAL,100,100.0%
19:59:14.955,0.9803,0.0,NORMAL,100,100.0%
19:59:15.043,1.0115,0.0,NORMAL,100,100.0%
19:59:15.107,0.997,0.0,NORMAL,100,100.0%
19:59:15.173,1.0129,0.0,NORMAL,100,100.0%
19:59:15.252,1.0182,0.0,NORMAL,100,100.0%
19:59:15.313,2.8144,0.0,NORMAL,60,47.0%
19:59:15.377,2.8143,0.0,NORMAL,60,47.0%
19:59:15.451,0.2976,0.0,CAUTION,30,48.0%
19:59:15.524,1.4167,0.0,CAUTION,60,52.0%
19:59:15.592,1.0877,0.0,CAUTION,60,54.0%
19:59:15.666,0.9893,0.0,CAUTION,60,43.0%
19:59:15.730,1.0007,0.0,CAUTION,100,67.0%
19:59:15.815,1.0023,0.0,CAUTION,100,100.0%
19:59:15.876,0.9807,0.0,NORMAL,100,100.0%
19:59:15.949,0.985,0.0,NORMAL,100,100.0%
19:59:16.020,1.0199,0.0,NORMAL,100,100.0%
19:59:16.094,0.9972,0.0,NORMAL,100,99.0%
19:59:16.166,0.9885,0.0,NORMAL,100,100.0%
19:59:16.249,1.017,0.0,NORMAL,100,100.0%
19:59:16.320,1.004,0.0,NORMAL,100,100.0%
19:59:16.393,1.0195,0.0,NORMAL,100,100.0%
19:59:16.472,0.9897,0.0,NORMAL,100,100.0%
19:59:16.553,0.9935,0.0,NORMAL,100,100.0%
19:59:16.631,1.0167,0.0,NORMAL,100,100.0%
19:59:16.698,1.0065,0.0,NORMAL,100,100.0%
19:59:16.787,1.015,0.0,NORMAL,100,100.0%
19:59:16.856,1.006,0.0,NORMAL,100,100.0%
19:59:16.930,1.0041,0.0,NORMAL,100,100.0%
19:59:17.024,1.0199,0.0,NORMAL,100,100.0%
19:59:17.087,0.9847,0.0,NORMAL,100,100.0%
19:59:17.148,1.0086,0.0,NORMAL,100,100.0%
19:59:17.231,1.0127,0.0,NORMAL,100,100.0%
19:59:17.294,2.7906,0.0,NORMAL,60,48.0%
19:59:17.350,2.7931,0.0,NORMAL,60,47.0%
19:59:17.432,0.2953,0.0,CAUTION,30,48.0%
19:59:17.497,1.389,0.0,CAUTION,60,52.0%
19:59:17.582,1.108,0.0,CAUTION,60,57.0%
19:59:17.669,0.989,0.0,CAUTION,60,49.0%
19:59:17.767,1.0117,0.0,CAUTION,60,51.0%
19:59:17.843,1.02,0.0,CAUTION,100,100.0%
19:59:17.905,0.9962,0.0,CAUTION,100,100.0%
19:59:17.984,1.0026,0.0,NORMAL,100,100.0%
19:59:18.049,1.0072,0.0,NORMAL,100,100.0%
19:59:18.120,1.0066,0.0,NORMAL,100,100.0%
19:59:18.199,0.9811,0.0,NORMAL,100,100.0%
19:59:18.260,0.9977,0.0,NORMAL,100,100.0%
19:59:18.325,1.0167,0.0,NORMAL,100,100.0%
19:59:18.396,1.0118,0.0,NORMAL,100,100.0%
19:59:18.481,0.984,0.0,NORMAL,100,100.0%
19:59:18.545,0.9895,0.0,NORMAL,100,100.0%
19:59:18.640,1.0131,0.0,NORMAL,100,100.0%
19:59:18.716,1.0044,0.0,NORMAL,100,100.0%
19:59:18.818,1.016,0.0,NORMAL,100,100.0%
19:59:18.889,0.9957,0.0,NORMAL,100,100.0%
19:59:18.947,1.0045,0.0,NORMAL,100,100.0%
19:59:19.023,0.9971,0.0,NORMAL,100,100.0%
19:59:19.086,0.9981,0.0,NORMAL,100,100.0%
19:59:19.148,1.0015,0.0,NORMAL,100,100.0%
19:59:19.216,1.0079,0.0,NORMAL,100,100.0%
19:59:19.278,1.013,0.0,NORMAL,100,100.0%
19:59:19.349,0.9836,0.0,NORMAL,100,100.0%
19:59:19.434,1.0006,0.0,NORMAL,100,100.0%
19:59:19.514,0.9885,0.0,NORMAL,100,100.0%
19:59:19.585,0.9992,0.0,NORMAL,100,100.0%
19:59:19.656,1.0038,0.0,NORMAL,100,100.0%
19:59:19.728,1.0122,0.0,NORMAL,100,100.0%
19:59:19.803,1.0148,0.0,NORMAL,100,100.0%
19:59:19.870,1.0135,0.0,NORMAL,100,100.0%
19:59:19.932,1.0132,0.0,NORMAL,100,100.0%
19:59:20.003,1.0123,0.0,NORMAL,100,100.0%
19:59:20.077,0.9831,0.0,NORMAL,100,100.0%
19:59:20.144,1.0117,0.0,NORMAL,100,100.0%
19:59:20.205,0.9952,0.0,NORMAL,100,100.0%
19:59:20.278,0.9887,0.0,NORMAL,100,100.0%
19:59:20.353,1.0131,0.0,NORMAL,100,100.0%
19:59:20.426,0.9969,0.0,NORMAL,100,100.0%
19:59:20.500,0.9977,0.0,NORMAL,100,100.0%
19:59:20.569,0.9961,0.0,NORMAL,100,100.0%
19:59:20.643,0.9838,0.0,NORMAL,100,100.0%
19:59:20.875,1.0176,0.0,NORMAL,100,100.0%
19:59:20.967,0.9946,0.0,NORMAL,100,100.0%
19:59:21.084,1.0055,1.39,NORMAL,100,99.0%
19:59:21.182,1.0101,7.61,NORMAL,30,57.0%
19:59:21.282,1.0044,19.07,NORMAL,30,56.0%
19:59:21.383,1.019,5.7,HAZARD,30,58.0%
19:59:21.483,1.0176,14.72,HAZARD,30,59.0%
19:59:21.586,0.9823,0.0,HAZARD,100,100.0%
19:59:21.696,1.0083,7.26,HAZARD,30,63.0%
19:59:21.838,1.0092,3.5,HAZARD,30,58.0%
19:59:21.963,1.0034,0.0,HAZARD,100,100.0%
19:59:22.080,0.9992,4.3,HAZARD,30,58.0%
19:59:22.204,0.9919,2.76,HAZARD,30,57.0%
19:59:22.314,1.003,0.0,HAZARD,100,100.0%
19:59:22.452,1.0003,7.56,HAZARD,30,57.0%
19:59:22.553,0.9867,0.0,HAZARD,100,100.0%
19:59:22.687,0.9966,0.0,NORMAL,100,100.0%
19:59:22.829,1.0058,15.88,NORMAL,30,59.0%
19:59:22.974,0.987,0.0,NORMAL,100,100.0%
19:59:23.092,1.0188,0.0,NORMAL,100,100.0%
19:59:23.233,0.9812,0.0,NORMAL,100,100.0%
19:59:23.340,1.0039,0.0,NORMAL,100,100.0%
19:59:23.470,0.9913,0.0,NORMAL,100,100.0%
19:59:23.581,0.9945,0.0,NORMAL,100,100.0%
19:59:23.705,0.9969,0.0,NORMAL,100,100.0%
19:59:23.804,1.0172,0.0,NORMAL,100,100.0%
19:59:23.899,0.9959,0.0,NORMAL,100,100.0%
19:59:24.045,1.003,0.0,NORMAL,100,100.0%
19:59:24.140,1.0166,0.0,NORMAL,100,100.0%
19:59:24.261,0.9836,0.0,NORMAL,100,100.0%
19:59:24.348,0.9803,0.0,NORMAL,100,100.0%
19:59:24.474,1.0157,0.0,NORMAL,100,100.0%
19:59:24.582,1.0016,0.0,NORMAL,100,100.0%
19:59:24.703,1.0073,0.0,NORMAL,100,100.0%
19:59:24.789,0.9863,0.0,NORMAL,100,100.0%
19:59:24.888,0.9877,0.0,NORMAL,100,100.0%
19:59:24.986,0.9932,0.0,NORMAL,100,100.0%
19:59:25.085,0.9999,0.0,NORMAL,100,100.0%
19:59:25.167,0.998,0.0,NORMAL,100,100.0%
19:59:25.279,0.9885,0.0,NORMAL,100,100.0%
19:59:25.381,0.9946,0.0,NORMAL,100,100.0%
19:59:25.488,1.0164,0.0,NORMAL,100,100.0%
19:59:25.584,0.9859,0.0,NORMAL,100,100.0%
19:59:25.683,1.0145,0.0,NORMAL,100,100.0%
19:59:25.779,0.981,0.0,NORMAL,100,100.0%
19:59:25.884,1.0042,0.0,NORMAL,100,100.0%
19:59:25.957,1.0191,0.0,NORMAL,100,100.0%
19:59:26.066,1.0073,0.0,NORMAL,100,100.0%
19:59:26.150,0.9943,0.0,NORMAL,100,100.0%
19:59:26.255,0.9838,0.0,NORMAL,100,100.0%
19:59:26.355,0.9907,0.0,NORMAL,100,100.0%
19:59:26.468,1.012,0.0,NORMAL,100,100.0%
19:59:26.552,0.98,0.0,NORMAL,100,100.0%
19:59:26.650,1.0084,0.0,NORMAL,100,100.0%
19:59:26.733,1.0186,0.0,NORMAL,100,100.0%
19:59:26.839,0.999,0.0,NORMAL,100,100.0%
19:59:26.924,0.9894,0.0,NORMAL,100,100.0%
19:59:27.034,0.9926,0.0,NORMAL,100,100.0%
19:59:27.122,1.0149,0.0,NORMAL,100,100.0%
19:59:27.200,0.9923,0.0,NORMAL,100,100.0%
19:59:27.287,1.0121,0.0,NORMAL,100,100.0%
19:59:27.353,1.0137,0.0,NORMAL,100,100.0%
19:59:27.460,1.0056,0.0,NORMAL,100,100.0%
19:59:27.549,1.0169,0.0,NORMAL,100,100.0%
19:59:27.656,1.0172,0.0,NORMAL,100,100.0%
19:59:27.744,1.0146,0.0,NORMAL,100,100.0%
19:59:27.852,1.0056,0.0,NORMAL,100,100.0%
19:59:27.933,1.0158,0.0,NORMAL,100,100.0%
19:59:28.040,0.9903,0.0,NORMAL,100,100.0%
19:59:28.132,1.0121,0.0,NORMAL,100,100.0%
19:59:28.247,1.0124,0.0,NORMAL,100,100.0%
19:59:28.333,0.9855,0.0,NORMAL,100,100.0%
19:59:28.446,1.0174,0.0,NORMAL,100,100.0%
19:59:28.518,1.0081,0.0,NORMAL,100,100.0%
19:59:28.589,0.9825,0.0,NORMAL,100,100.0%
19:59:28.684,0.9846,0.0,NORMAL,100,100.0%
19:59:28.766,0.9945,0.0,NORMAL,100,100.0%
19:59:28.870,1.0193,0.0,NORMAL,100,100.0%
19:59:28.955,1.0181,0.0,NORMAL,100,100.0%
19:59:29.071,0.9918,0.0,NORMAL,100,98.0%
19:59:29.155,1.0069,0.0,NORMAL,100,100.0%
19:59:29.262,0.9973,0.0,NORMAL,100,100.0%
19:59:29.337,0.9895,0.0,NORMAL,100,100.0%
19:59:29.422,0.9849,0.0,NORMAL,100,100.0%
19:59:29.513,1.0001,0.0,NORMAL,100,100.0%
19:59:29.597,1.0002,0.0,NORMAL,100,100.0%
19:59:29.683,0.9946,0.0,NORMAL,100,100.0%
19:59:29.772,0.9959,0.0,NORMAL,100,100.0%
19:59:29.876,0.9951,0.0,NORMAL,100,100.0%
19:59:29.948,1.0177,0.0,NORMAL,100,100.0%
19:59:30.051,0.9974,0.0,NORMAL,100,100.0%
19:59:30.134,1.0012,0.0,NORMAL,100,100.0%
19:59:30.249,0.9902,0.0,NORMAL,100,100.0%
19:59:30.330,1.0094,0.0,NORMAL,100,100.0%
19:59:30.437,1.0141,0.0,NORMAL,100,100.0%
19:59:30.541,1.0141,0.0,NORMAL,100,100.0%
19:59:30.645,0.9812,0.0,NORMAL,100,100.0%
19:59:30.732,1.0149,0.0,NORMAL,100,100.0%
19:59:30.839,0.9892,0.0,NORMAL,100,100.0%
19:59:30.931,1.009,0.0,NORMAL,100,100.0%
19:59:31.033,0.9933,0.0,NORMAL,100,100.0%
19:59:31.120,0.9901,0.0,NORMAL,100,100.0%
19:59:31.208,1.0177,0.0,NORMAL,100,100.0%
19:59:31.302,0.9802,0.0,NORMAL,100,100.0%
19:59:31.389,0.9951,0.0,NORMAL,100,100.0%
19:59:31.483,0.9984,0.0,NORMAL,100,100.0%
19:59:31.562,1.0058,0.0,NORMAL,100,100.0%
19:59:31.704,0.9954,0.0,NORMAL,100,100.0%
19:59:31.802,0.9935,0.0,NORMAL,100,100.0%
19:59:31.888,0.9845,0.0,NORMAL,100,100.0%
19:59:31.973,0.9993,0.0,NORMAL,100,100.0%
19:59:32.070,1.0037,0.0,NORMAL,100,100.0%
19:59:32.167,1.0002,0.0,NORMAL,100,100.0%
19:59:32.264,0.9914,0.0,NORMAL,100,100.0%
19:59:32.372,1.0131,0.0,NORMAL,100,100.0%
19:59:32.489,1.0133,0.0,NORMAL,100,100.0%
19:59:32.589,1.0099,0.0,NORMAL,100,100.0%
19:59:32.683,0.9813,0.0,NORMAL,100,100.0%
19:59:32.781,1.0156,0.0,NORMAL,100,100.0%
19:59:32.884,1.0048,0.0,NORMAL,100,100.0%
19:59:32.975,0.9835,0.0,NORMAL,100,100.0%
19:59:33.071,0.9998,0.0,NORMAL,100,100.0%
19:59:33.166,1.0082,0.0,NORMAL,100,100.0%
19:59:33.265,1.0186,0.0,NORMAL,100,100.0%
19:59:33.370,1.0085,0.0,NORMAL,100,100.0%
19:59:33.464,1.0117,0.0,NORMAL,100,100.0%
19:59:33.557,0.991,0.0,NORMAL,100,100.0%
19:59:33.654,1.0186,0.0,NORMAL,100,100.0%
19:59:33.749,0.9874,0.0,NORMAL,100,100.0%
19:59:33.844,1.0002,0.0,NORMAL,100,100.0%
19:59:33.935,1.0142,0.0,NORMAL,100,100.0%
19:59:34.022,1.0122,0.0,NORMAL,100,100.0%
19:59:34.103,1.0185,0.0,NORMAL,100,100.0%
19:59:34.234,0.9859,0.0,NORMAL,100,100.0%
19:59:34.321,0.9962,0.0,NORMAL,100,100.0%
19:59:34.410,0.9978,0.0,NORMAL,100,100.0%
19:59:34.502,1.0104,0.0,NORMAL,100,100.0%
19:59:34.587,0.9894,0.0,NORMAL,100,100.0%
19:59:34.678,1.0055,0.0,NORMAL,100,100.0%
19:59:34.769,0.9985,0.0,NORMAL,100,100.0%
19:59:34.854,0.9912,0.0,NORMAL,100,100.0%
19:59:34.951,0.9843,0.0,NORMAL,100,100.0%
19:59:35.049,1.0193,0.0,NORMAL,100,100.0%
19:59:35.152,0.9905,0.0,NORMAL,100,100.0%
19:59:35.248,0.9867,0.0,NORMAL,100,100.0%
19:59:35.340,0.9909,0.0,NORMAL,100,100.0%
19:59:35.448,1.0044,0.0,NORMAL,100,100.0%
19:59:35.580,1.0086,0.0,NORMAL,100,100.0%
19:59:35.696,1.0043,0.0,NORMAL,100,100.0%
19:59:35.808,1.005,0.0,NORMAL,100,100.0%
19:59:35.898,1.0094,0.0,NORMAL,100,100.0%
19:59:35.994,1.0139,0.0,NORMAL,100,100.0%
19:59:36.088,1.0061,0.0,NORMAL,100,100.0%
19:59:36.193,1.0004,0.0,NORMAL,100,100.0%
19:59:36.284,1.0174,0.0,NORMAL,100,100.0%
19:59:36.389,1.0005,0.0,NORMAL,100,100.0%
19:59:36.491,1.0196,0.0,NORMAL,100,100.0%
19:59:36.596,0.9929,0.0,NORMAL,100,100.0%
19:59:36.734,0.989,0.0,NORMAL,100,100.0%
19:59:36.852,1.009,0.0,NORMAL,100,100.0%
19:59:36.937,0.9997,0.0,NORMAL,100,100.0%
19:59:37.039,0.9993,0.0,NORMAL,100,100.0%
19:59:37.130,0.9922,0.0,NORMAL,100,100.0%
19:59:37.206,0.9922,0.0,NORMAL,100,100.0%
19:59:37.283,1.0002,0.0,NORMAL,100,100.0%
19:59:37.367,0.98,0.0,NORMAL,100,100.0%
19:59:37.446,1.0069,0.0,NORMAL,100,100.0%
19:59:37.516,0.9819,0.0,NORMAL,100,100.0%
19:59:37.610,0.9846,0.0,NORMAL,100,100.0%
19:59:37.768,0.9896,0.0,NORMAL,100,100.0%
19:59:37.867,0.9954,0.0,NORMAL,100,100.0%
19:59:37.955,0.9898,0.0,NORMAL,100,100.0%
19:59:38.061,1.0135,0.0,NORMAL,100,100.0%
19:59:38.157,0.9808,0.0,NORMAL,100,100.0%
19:59:38.252,0.9906,0.0,NORMAL,100,100.0%
19:59:38.342,0.9955,0.0,NORMAL,100,100.0%
19:59:38.407,1.0151,0.0,NORMAL,100,100.0%
19:59:38.483,1.0085,0.0,NORMAL,100,100.0%
19:59:38.554,1.0134,0.0,NORMAL,100,100.0%
19:59:38.643,0.9849,0.0,NORMAL,100,100.0%
19:59:38.715,1.0106,0.0,NORMAL,100,100.0%
19:59:38.817,1.0194,0.0,NORMAL,100,100.0%
19:59:38.903,0.9916,0.0,NORMAL,100,100.0%
19:59:38.969,0.98,0.0,NORMAL,100,100.0%
19:59:39.053,1.0004,0.0,NORMAL,100,100.0%
19:59:39.115,1.0082,0.0,NORMAL,100,100.0%
19:59:39.158,1.0146,0.0,NORMAL,100,100.0%
19:59:39.210,1.0116,0.0,NORMAL,100,100.0%
19:59:39.265,1.0049,0.0,NORMAL,100,100.0%
19:59:39.312,1.0102,0.0,NORMAL,100,100.0%
19:59:39.361,1.0025,0.0,NORMAL,100,100.0%
19:59:39.406,1.0067,0.0,NORMAL,100,100.0%
19:59:39.444,1.0154,0.0,NORMAL,100,100.0%
19:59:39.483,1.007,0.0,NORMAL,100,100.0%
19:59:39.531,0.9832,0.0,NORMAL,100,100.0%
19:59:39.572,0.9919,0.0,NORMAL,100,100.0%
19:59:39.618,1.0106,0.0,NORMAL,100,100.0%
19:59:39.663,1.0138,0.0,NORMAL,100,100.0%
19:59:39.702,1.0013,0.0,NORMAL,100,100.0%
19:59:39.750,0.9887,0.0,NORMAL,100,100.0%
19:59:39.794,1.0034,0.0,NORMAL,100,100.0%
19:59:39.838,0.9879,0.0,NORMAL,100,100.0%
19:59:39.880,0.9835,0.0,NORMAL,100,100.0%
19:59:39.926,0.9812,0.0,NORMAL,100,100.0%
19:59:39.973,1.0195,0.0,NORMAL,100,100.0%
19:59:40.017,1.0035,0.0,NORMAL,100,100.0%
19:59:40.066,0.9909,0.0,NORMAL,100,100.0%
19:59:40.105,0.9921,0.0,NORMAL,100,100.0%
19:59:40.136,0.9844,0.0,NORMAL,100,100.0%
19:59:40.175,0.9973,0.0,NORMAL,100,100.0%
19:59:40.234,1.0173,0.0,NORMAL,100,100.0%
19:59:40.287,0.9926,0.0,NORMAL,100,100.0%
19:59:40.328,1.0153,0.0,NORMAL,100,100.0%
19:59:40.364,0.9898,0.0,NORMAL,100,100.0%
19:59:40.403,0.9965,0.0,NORMAL,100,100.0%
19:59:40.467,1.0067,0.0,NORMAL,100,100.0%
19:59:40.510,1.0066,0.0,NORMAL,100,100.0%
19:59:40.545,1.0098,0.0,NORMAL,100,100.0%
19:59:40.586,1.0096,0.0,NORMAL,100,100.0%
19:59:40.637,0.9975,0.0,NORMAL,100,100.0%
19:59:40.675,1.0097,0.0,NORMAL,100,100.0%
19:59:40.717,1.0137,0.0,NORMAL,100,100.0%
19:59:40.755,1.0028,0.0,NORMAL,100,100.0%
19:59:40.787,1.0116,0.0,NORMAL,100,100.0%
19:59:40.832,0.9801,0.0,NORMAL,100,100.0%
19:59:40.871,0.9869,0.0,NORMAL,100,100.0%
19:59:40.922,0.9935,0.0,NORMAL,100,100.0%
19:59:40.954,1.0189,0.0,NORMAL,100,100.0%
19:59:40.997,0.9855,0.0,NORMAL,100,100.0%
19:59:41.034,0.9862,0.0,NORMAL,100,100.0%
19:59:41.077,0.9961,0.0,NORMAL,100,100.0%
19:59:41.115,0.9966,0.0,NORMAL,100,100.0%
19:59:41.473,1.0136,0.0,NORMAL,100,100.0%
19:59:41.582,0.9846,0.0,NORMAL,100,100.0%
19:59:41.638,1.0059,0.0,NORMAL,100,100.0%
19:59:41.681,0.9805,0.0,NORMAL,100,100.0%
19:59:41.721,1.0091,0.0,NORMAL,100,100.0%
19:59:41.768,1.0022,0.0,NORMAL,100,100.0%
19:59:41.816,0.987,0.0,NORMAL,100,99.0%
19:59:41.868,0.9919,0.0,NORMAL,100,100.0%
19:59:41.915,1.0127,0.0,NORMAL,100,100.0%
19:59:41.962,1.3181,0.0,NORMAL,60,85.0%
19:59:42.004,1.2931,0.0,NORMAL,60,91.0%
19:59:42.043,1.3183,0.0,CAUTION,60,98.0%
19:59:42.089,1.8129,0.0,CAUTION,60,98.0%
19:59:42.133,1.7895,0.0,CAUTION,60,98.0%
19:59:42.182,1.4859,0.0,CAUTION,60,98.0%
19:59:42.225,1.4983,0.0,CAUTION,60,98.0%
19:59:42.269,1.2179,0.0,CAUTION,60,98.0%
19:59:42.312,1.1966,0.0,CAUTION,60,98.0%
19:59:42.353,0.9894,0.0,CAUTION,60,89.0%
19:59:42.396,0.9961,0.0,CAUTION,60,69.0%
19:59:42.437,1.0137,0.0,CAUTION,100,100.0%
19:59:42.481,0.9888,0.0,CAUTION,100,100.0%
19:59:42.520,1.0041,0.0,NORMAL,100,100.0%
19:59:42.559,0.9994,0.0,NORMAL,100,100.0%
19:59:42.598,1.0029,0.0,NORMAL,100,100.0%
19:59:42.642,0.9801,0.0,NORMAL,100,100.0%
19:59:42.672,0.9872,0.0,NORMAL,100,100.0%
19:59:42.740,0.9924,0.0,NORMAL,100,100.0%
19:59:42.783,0.9825,0.0,NORMAL,100,100.0%
19:59:42.830,1.003,0.0,NORMAL,100,100.0%
19:59:42.871,1.0144,0.0,NORMAL,100,100.0%
19:59:42.915,0.9917,0.0,NORMAL,100,100.0%
19:59:42.952,1.0142,0.0,NORMAL,100,100.0%
19:59:42.988,0.9903,0.0,NORMAL,100,100.0%
19:59:43.033,1.0155,0.0,NORMAL,100,100.0%
19:59:43.085,0.9846,0.0,NORMAL,100,100.0%
19:59:43.142,0.9886,0.0,NORMAL,100,100.0%
19:59:43.178,0.988,0.0,NORMAL,100,100.0%
19:59:43.229,0.9842,0.0,NORMAL,100,100.0%
19:59:43.268,0.9936,0.0,NORMAL,100,100.0%
19:59:43.306,0.9842,0.0,NORMAL,100,100.0%
19:59:43.348,0.9811,0.0,NORMAL,100,100.0%
19:59:43.397,0.9824,0.0,NORMAL,100,100.0%
19:59:43.446,0.9821,0.0,NORMAL,100,100.0%
19:59:43.484,0.9818,0.0,NORMAL,100,100.0%
19:59:43.536,0.9924,0.0,NORMAL,100,100.0%
19:59:43.582,1.0003,0.0,NORMAL,100,100.0%
19:59:43.633,1.0127,0.0,NORMAL,100,100.0%
19:59:43.670,0.981,0.0,NORMAL,100,100.0%
19:59:43.710,1.011,0.0,NORMAL,100,100.0%
19:59:43.772,1.012,0.0,NORMAL,100,100.0%
19:59:43.832,0.9987,0.0,NORMAL,100,100.0%
19:59:43.872,1.0188,0.0,NORMAL,100,100.0%
19:59:43.916,1.012,0.0,NORMAL,100,100.0%
19:59:43.956,0.9954,0.0,NORMAL,100,100.0%
19:59:43.997,1.0084,0.0,NORMAL,100,100.0%
19:59:44.043,1.0083,0.0,NORMAL,100,100.0%
19:59:44.090,0.9919,0.0,NORMAL,100,100.0%
19:59:44.134,1.0091,0.0,NORMAL,100,100.0%
19:59:44.175,1.0193,0.0,NORMAL,100,100.0%
19:59:44.257,0.9886,0.0,NORMAL,100,100.0%
19:59:44.562,1.0131,0.0,NORMAL,100,100.0%
19:59:44.669,1.0014,0.0,NORMAL,100,100.0%
19:59:44.713,0.9926,0.0,NORMAL,100,100.0%
19:59:44.760,1.0023,0.0,NORMAL,100,100.0%
19:59:44.802,1.0112,0.0,NORMAL,100,100.0%
19:59:44.848,0.9841,0.0,NORMAL,100,100.0%
19:59:44.891,1.0162,0.0,NORMAL,100,100.0%
19:59:44.932,1.0169,0.0,NORMAL,100,100.0%
19:59:44.971,0.9991,0.0,NORMAL,100,100.0%
19:59:45.023,0.9939,0.0,NORMAL,100,100.0%
19:59:45.064,1.0155,0.0,NORMAL,100,100.0%
19:59:45.138,1.0157,0.0,NORMAL,100,100.0%
19:59:45.175,1.0145,0.0,NORMAL,100,100.0%
19:59:45.219,1.0107,0.0,NORMAL,100,100.0%
19:59:45.466,1.0083,0.0,NORMAL,100,100.0%
19:59:45.581,1.0056,0.0,NORMAL,100,100.0%
19:59:45.631,0.9944,0.0,NORMAL,100,100.0%
19:59:45.672,1.002,0.0,NORMAL,100,100.0%
19:59:45.717,0.9946,0.0,NORMAL,100,100.0%
19:59:45.781,1.0099,0.0,NORMAL,100,100.0%
19:59:45.846,1.0087,0.0,NORMAL,100,100.0%
19:59:45.896,0.9866,0.0,NORMAL,100,100.0%
19:59:45.938,1.0184,0.0,NORMAL,100,100.0%
19:59:45.980,0.9904,0.0,NORMAL,100,100.0%
19:59:46.029,1.0038,0.0,NORMAL,100,100.0%
19:59:46.065,0.9841,0.0,NORMAL,100,100.0%
19:59:46.118,1.0036,0.0,NORMAL,100,100.0%
19:59:46.154,0.9911,0.0,NORMAL,100,100.0%
19:59:46.203,0.9976,0.0,NORMAL,100,100.0%
19:59:46.248,1.0058,0.0,NORMAL,100,100.0%
19:59:46.297,1.0047,0.0,NORMAL,100,100.0%
19:59:46.333,0.997,0.0,NORMAL,100,100.0%
19:59:46.382,0.9868,0.0,NORMAL,100,100.0%
19:59:46.438,0.9806,0.0,NORMAL,100,100.0%
19:59:46.471,1.004,0.0,NORMAL,100,100.0%
19:59:46.530,1.0108,0.0,NORMAL,100,100.0%
19:59:46.583,1.0079,0.0,NORMAL,100,100.0%
19:59:46.632,1.0097,0.0,NORMAL,100,100.0%
19:59:46.687,1.0025,0.0,NORMAL,100,100.0%
19:59:46.732,1.0094,0.0,NORMAL,100,100.0%
19:59:46.776,0.9884,0.0,NORMAL,100,100.0%
19:59:46.821,1.0183,0.0,NORMAL,100,100.0%
19:59:46.866,1.0113,0.0,NORMAL,100,100.0%
19:59:46.904,1.0075,0.0,NORMAL,100,100.0%
19:59:46.942,1.0081,0.0,NORMAL,100,100.0%
19:59:46.988,0.9912,0.0,NORMAL,100,100.0%
19:59:47.034,0.9999,0.0,NORMAL,100,100.0%
19:59:47.071,0.9953,0.0,NORMAL,100,100.0%
19:59:47.117,1.0156,0.0,NORMAL,100,100.0%
19:59:47.152,1.0148,0.0,NORMAL,100,100.0%
19:59:47.208,1.0182,0.0,NORMAL,100,100.0%
19:59:47.248,1.003,0.0,NORMAL,100,100.0%
19:59:47.300,1.0038,0.0,NORMAL,100,100.0%
19:59:47.342,0.9944,0.0,NORMAL,100,100.0%
19:59:47.382,0.9855,0.0,NORMAL,100,100.0%
19:59:47.436,1.0122,0.0,NORMAL,100,100.0%
19:59:47.472,1.0174,0.0,NORMAL,100,100.0%
19:59:47.507,0.9964,0.0,NORMAL,100,100.0%
19:59:47.540,1.0119,0.0,NORMAL,100,100.0%
19:59:47.576,0.9856,0.0,NORMAL,100,100.0%
19:59:47.626,0.9863,0.0,NORMAL,100,100.0%
19:59:47.679,0.9833,0.0,NORMAL,100,100.0%
19:59:47.718,0.9996,0.0,NORMAL,100,100.0%
19:59:47.769,0.9935,0.0,NORMAL,100,100.0%
19:59:47.826,1.0173,0.0,NORMAL,100,100.0%
19:59:47.867,1.001,0.0,NORMAL,100,100.0%
19:59:47.914,0.9957,0.0,NORMAL,100,100.0%
19:59:47.950,0.9823,0.0,NORMAL,100,100.0%
19:59:47.994,1.0018,0.0,NORMAL,100,100.0%
19:59:48.043,0.9974,0.0,NORMAL,100,100.0%
19:59:48.086,0.9894,0.0,NORMAL,100,100.0%
19:59:48.130,0.9933,0.0,NORMAL,100,100.0%
19:59:48.172,0.991,0.0,NORMAL,100,100.0%
19:59:48.220,1.01,0.0,NORMAL,100,100.0%
19:59:48.266,1.016,0.0,NORMAL,100,100.0%
19:59:48.309,1.0035,0.0,NORMAL,100,100.0%
19:59:48.355,1.009,0.0,NORMAL,100,100.0%
19:59:48.397,0.9878,0.0,NORMAL,100,100.0%
19:59:48.434,1.0016,0.0,NORMAL,100,100.0%
19:59:48.472,1.0029,0.0,NORMAL,100,100.0%
19:59:48.544,1.0056,0.0,NORMAL,100,100.0%
19:59:48.592,1.0085,0.0,NORMAL,100,100.0%
19:59:48.662,0.9857,0.0,NORMAL,100,100.0%
19:59:48.712,1.0085,0.0,NORMAL,100,100.0%
19:59:48.770,1.0096,0.0,NORMAL,100,100.0%
19:59:48.820,0.9957,0.0,NORMAL,100,100.0%
19:59:48.881,1.0054,0.0,NORMAL,100,100.0%
19:59:48.934,0.9943,0.0,NORMAL,100,100.0%
19:59:48.989,1.0139,0.0,NORMAL,100,100.0%
19:59:49.047,0.98,0.0,NORMAL,100,100.0%
19:59:49.093,1.0168,0.0,NORMAL,100,100.0%
19:59:49.159,1.0199,0.0,NORMAL,100,100.0%
19:59:49.227,1.0088,0.0,NORMAL,100,100.0%
19:59:49.284,1.0018,0.0,NORMAL,100,100.0%
19:59:49.336,1.0189,0.0,NORMAL,100,100.0%
19:59:49.393,0.9938,0.0,NORMAL,100,100.0%
19:59:49.446,0.9947,0.0,NORMAL,100,100.0%
19:59:49.494,1.017,0.0,NORMAL,100,100.0%
19:59:49.547,0.9953,0.0,NORMAL,100,100.0%
19:59:49.595,0.9907,0.0,NORMAL,100,100.0%
19:59:49.644,1.0108,0.0,NORMAL,100,100.0%
19:59:49.691,1.0,0.0,NORMAL,100,100.0%
19:59:49.748,1.012,0.0,NORMAL,100,100.0%
19:59:49.790,1.0165,0.0,NORMAL,100,100.0%
19:59:49.844,0.9807,0.0,NORMAL,100,100.0%
19:59:49.893,0.9872,0.0,NORMAL,100,100.0%
19:59:49.935,1.0058,0.0,NORMAL,100,100.0%
19:59:49.979,1.0054,0.0,NORMAL,100,100.0%
19:59:50.038,0.9823,0.0,NORMAL,100,100.0%
19:59:50.072,1.0133,0.0,NORMAL,100,100.0%
19:59:50.147,1.0131,0.0,NORMAL,100,100.0%
19:59:50.196,1.0162,0.0,NORMAL,100,100.0%
19:59:50.241,0.985,0.0,NORMAL,100,100.0%
19:59:50.275,0.9868,0.0,NORMAL,100,100.0%
19:59:50.318,1.006,0.0,NORMAL,100,100.0%
19:59:50.359,0.9947,0.0,NORMAL,100,100.0%
19:59:50.400,1.0107,0.0,NORMAL,100,100.0%
19:59:50.450,0.9956,0.0,NORMAL,100,100.0%
19:59:50.506,1.0164,0.0,NORMAL,100,100.0%
19:59:50.552,0.9972,0.0,NORMAL,100,100.0%
19:59:50.592,0.985,0.0,NORMAL,100,100.0%
19:59:50.635,1.0102,0.0,NORMAL,100,100.0%
19:59:50.679,0.9845,0.0,NORMAL,100,100.0%
19:59:50.721,0.9803,0.0,NORMAL,100,100.0%
19:59:50.759,0.9857,0.0,NORMAL,100,100.0%
19:59:50.800,0.9978,0.0,NORMAL,100,100.0%
19:59:50.843,1.0183,0.0,NORMAL,100,100.0%
19:59:50.879,1.0018,0.0,NORMAL,100,100.0%
19:59:50.932,0.9858,0.0,NORMAL,100,100.0%
19:59:50.991,0.9929,0.0,NORMAL,100,100.0%
19:59:51.046,1.0198,0.0,NORMAL,100,100.0%
19:59:51.085,1.0058,0.0,NORMAL,100,100.0%
19:59:51.135,0.981,0.0,NORMAL,100,100.0%
19:59:51.169,1.0134,0.0,NORMAL,100,100.0%
19:59:51.217,0.996,0.0,NORMAL,100,100.0%
19:59:51.269,1.0043,0.0,NORMAL,100,100.0%
19:59:51.312,1.0104,0.0,NORMAL,100,100.0%
19:59:51.349,1.0163,0.0,NORMAL,100,100.0%
19:59:51.387,1.0179,0.0,NORMAL,100,100.0%
19:59:51.430,1.019,0.0,NORMAL,100,100.0%
19:59:51.468,0.9882,0.0,NORMAL,100,100.0%
19:59:51.519,0.9852,0.0,NORMAL,100,100.0%
19:59:51.564,1.0117,0.0,NORMAL,100,100.0%
19:59:51.611,0.9836,0.0,NORMAL,100,100.0%
19:59:51.665,1.02,0.0,NORMAL,100,100.0%
19:59:51.707,0.9874,0.0,NORMAL,100,100.0%
19:59:51.752,1.0033,0.0,NORMAL,100,100.0%
19:59:51.801,1.0018,0.0,NORMAL,100,100.0%
19:59:51.877,1.0098,0.0,NORMAL,100,100.0%
19:59:51.932,0.9938,0.0,NORMAL,100,100.0%
19:59:51.997,1.0027,0.0,NORMAL,100,100.0%
19:59:52.050,1.0058,0.0,NORMAL,100,100.0%
19:59:52.104,0.9828,0.0,NORMAL,100,100.0%
19:59:52.178,0.9984,0.0,NORMAL,100,100.0%
19:59:52.253,0.9836,0.0,NORMAL,100,100.0%
19:59:52.301,1.013,0.0,NORMAL,100,100.0%
19:59:52.370,0.9966,0.0,NORMAL,100,100.0%
19:59:52.456,0.9983,0.0,NORMAL,100,100.0%
19:59:52.509,0.9966,0.0,NORMAL,100,100.0%
19:59:52.573,1.0008,0.0,NORMAL,100,100.0%
19:59:52.636,1.0167,0.0,NORMAL,100,100.0%
19:59:52.687,1.0072,0.0,NORMAL,100,100.0%
19:59:52.749,1.0094,0.0,NORMAL,100,100.0%
19:59:52.801,1.0036,0.0,NORMAL,100,100.0%
19:59:52.856,0.98,0.0,NORMAL,100,100.0%
19:59:52.911,1.0112,0.0,NORMAL,100,100.0%
19:59:52.986,0.9813,0.0,NORMAL,100,100.0%
19:59:53.040,0.9895,0.0,NORMAL,100,100.0%
19:59:53.100,1.0124,0.0,NORMAL,100,100.0%
19:59:53.160,0.9974,0.0,NORMAL,100,100.0%
19:59:53.232,1.0028,0.0,NORMAL,100,100.0%
19:59:53.288,0.987,0.0,NORMAL,100,99.0%
19:59:53.337,1.0153,0.0,NORMAL,100,100.0%
19:59:53.392,1.0179,0.0,NORMAL,100,100.0%
19:59:53.461,1.0172,0.0,NORMAL,100,100.0%
19:59:53.504,1.0062,0.0,NORMAL,100,100.0%
19:59:53.568,0.9858,0.0,NORMAL,100,100.0%
19:59:53.640,0.9988,0.0,NORMAL,100,100.0%
19:59:53.686,0.9927,0.0,NORMAL,100,100.0%
19:59:53.757,0.9969,0.0,NORMAL,100,100.0%
19:59:53.806,1.0004,0.0,NORMAL,100,100.0%
19:59:53.864,0.9922,0.0,NORMAL,100,100.0%
19:59:53.932,0.9907,0.0,NORMAL,100,100.0%
19:59:53.997,0.9954,0.0,NORMAL,100,100.0%
19:59:54.052,1.0079,0.0,NORMAL,100,100.0%
19:59:54.119,0.9871,0.0,NORMAL,100,100.0%
19:59:54.176,0.9831,0.0,NORMAL,100,100.0%
19:59:54.248,1.0006,0.0,NORMAL,100,100.0%
19:59:54.381,0.9904,0.0,NORMAL,100,100.0%
19:59:54.516,1.0018,0.0,NORMAL,100,100.0%
19:59:54.604,0.9847,0.0,NORMAL,100,100.0%
19:59:54.703,1.0083,0.0,NORMAL,100,100.0%
19:59:54.793,0.9964,0.0,NORMAL,100,100.0%
19:59:54.893,0.9994,0.0,NORMAL,100,100.0%
19:59:55.014,1.0052,0.0,NORMAL,100,100.0%
19:59:55.094,0.9829,0.0,NORMAL,100,100.0%
19:59:55.154,0.9885,0.0,NORMAL,100,100.0%
19:59:55.224,1.0134,0.0,NORMAL,100,100.0%
19:59:55.328,0.9869,0.0,NORMAL,100,100.0%
19:59:55.405,0.9899,0.0,NORMAL,100,100.0%
19:59:55.447,0.994,0.0,NORMAL,100,100.0%
19:59:55.493,0.9858,0.0,NORMAL,100,100.0%
19:59:55.539,0.9857,0.0,NORMAL,100,100.0%
19:59:55.601,0.9929,0.0,NORMAL,100,100.0%
19:59:55.645,1.0059,0.0,NORMAL,100,100.0%
19:59:55.706,1.02,0.0,NORMAL,100,100.0%
19:59:55.761,0.9835,0.0,NORMAL,100,100.0%
19:59:55.807,0.9851,0.0,NORMAL,100,100.0%
19:59:55.862,1.0092,0.0,NORMAL,100,100.0%
19:59:55.902,1.0111,0.0,NORMAL,100,100.0%
19:59:55.946,0.9964,0.0,NORMAL,100,100.0%
19:59:56.003,0.9949,0.0,NORMAL,100,100.0%
19:59:56.065,0.9873,0.0,NORMAL,100,100.0%
19:59:56.130,1.0046,0.0,NORMAL,100,100.0%
19:59:56.179,0.9899,0.0,NORMAL,100,100.0%
19:59:56.239,0.9817,0.0,NORMAL,100,100.0%
19:59:56.283,0.9998,0.0,NORMAL,100,100.0%
19:59:56.338,0.9859,0.0,NORMAL,100,100.0%
19:59:56.388,1.0155,0.0,NORMAL,100,100.0%
19:59:56.436,1.0074,0.0,NORMAL,100,100.0%
19:59:56.483,0.9886,0.0,NORMAL,100,100.0%
19:59:56.551,0.9999,0.0,NORMAL,100,100.0%
19:59:56.609,1.0043,0.0,NORMAL,100,100.0%
19:59:56.652,0.9976,0.0,NORMAL,100,100.0%
19:59:56.711,1.0185,0.0,NORMAL,100,100.0%
19:59:56.780,1.0077,0.0,NORMAL,100,100.0%
19:59:56.831,1.0127,0.0,NORMAL,100,100.0%
19:59:56.873,0.9933,0.0,NORMAL,100,100.0%
19:59:56.924,1.0176,0.0,NORMAL,100,100.0%
19:59:57.005,0.9836,0.0,NORMAL,100,100.0%
19:59:57.083,1.0033,0.0,NORMAL,100,100.0%
19:59:57.161,1.0055,0.0,NORMAL,100,100.0%
19:59:57.237,1.0094,0.0,NORMAL,100,100.0%
19:59:57.281,2.7893,0.0,NORMAL,60,44.0%
19:59:57.353,2.7976,0.0,NORMAL,60,47.0%
19:59:57.408,0.2929,0.0,CAUTION,30,48.0%
19:59:57.458,1.3979,0.0,CAUTION,60,52.0%
19:59:57.515,1.0962,0.0,CAUTION,60,54.0%
19:59:57.558,1.001,0.0,CAUTION,60,46.0%
19:59:57.616,1.0019,0.0,CAUTION,100,68.0%
19:59:57.673,0.987,0.0,CAUTION,100,99.0%
19:59:57.735,0.9815,0.0,NORMAL,100,100.0%
19:59:57.813,1.0096,0.0,NORMAL,100,100.0%
19:59:57.866,0.9972,0.0,NORMAL,100,100.0%
19:59:57.923,0.9883,0.0,NORMAL,100,100.0%
19:59:57.976,1.0075,0.0,NORMAL,100,100.0%
19:59:58.031,1.0116,0.0,NORMAL,100,100.0%
19:59:58.078,0.9818,0.0,NORMAL,100,100.0%
19:59:58.144,0.9886,0.0,NORMAL,100,100.0%
19:59:58.184,1.0003,0.0,NORMAL,100,100.0%
19:59:58.236,1.3019,0.0,NORMAL,60,82.0%
19:59:58.274,1.294,0.0,NORMAL,60,89.0%
19:59:58.328,1.2975,0.0,CAUTION,60,98.0%
19:59:58.363,1.8066,0.0,CAUTION,60,98.0%
19:59:58.405,1.8185,1.61,CAUTION,60,100.0%
19:59:58.453,1.5005,0.0,CAUTION,60,98.0%
19:59:58.491,1.5163,0.0,CAUTION,60,98.0%
19:59:58.535,1.2157,0.0,CAUTION,60,98.0%
19:59:58.582,1.1978,0.0,CAUTION,60,98.0%
19:59:58.631,0.9875,0.0,CAUTION,60,89.0%
19:59:58.671,1.0044,0.0,CAUTION,60,69.0%
19:59:58.721,1.0066,0.0,CAUTION,100,100.0%
19:59:58.776,0.9938,0.0,CAUTION,100,100.0%
19:59:58.815,1.002,0.0,NORMAL,100,100.0%
19:59:58.864,1.0006,0.0,NORMAL,100,100.0%
19:59:58.905,0.9804,0.0,NORMAL,100,100.0%
19:59:58.974,1.0026,0.0,NORMAL,100,100.0%
19:59:59.017,1.0138,0.0,NORMAL,100,100.0%
19:59:59.059,1.0015,0.0,NORMAL,100,100.0%
19:59:59.119,1.0103,0.0,NORMAL,100,100.0%
19:59:59.174,1.0194,0.0,NORMAL,100,100.0%
19:59:59.209,0.9896,0.0,NORMAL,100,100.0%
19:59:59.251,0.9893,0.0,NORMAL,100,100.0%
19:59:59.314,0.9952,0.0,NORMAL,100,100.0%
19:59:59.370,1.0149,0.0,NORMAL,100,100.0%
19:59:59.435,1.0165,0.0,NORMAL,100,100.0%
19:59:59.496,0.993,0.0,NORMAL,100,100.0%
19:59:59.562,0.9912,0.0,NORMAL,100,100.0%
19:59:59.639,0.9948,0.0,NORMAL,100,100.0%
19:59:59.685,0.9963,0.0,NORMAL,100,100.0%
19:59:59.751,0.9873,0.0,NORMAL,100,100.0%
19:59:59.796,0.9974,0.0,NORMAL,100,100.0%
19:59:59.838,1.002,0.0,NORMAL,100,100.0%
19:59:59.883,1.0159,0.0,NORMAL,100,100.0%
19:59:59.950,0.9832,0.0,NORMAL,100,100.0%
19:59:59.996,1.0124,0.0,NORMAL,100,100.0%
20:00:00.051,0.9942,0.0,NORMAL,100,100.0%
20:00:00.115,0.9982,0.0,NORMAL,100,100.0%
20:00:00.179,1.0142,0.0,NORMAL,100,100.0%
20:00:00.225,1.0038,0.0,NORMAL,100,100.0%
20:00:00.274,0.9832,0.0,NORMAL,100,100.0%
20:00:00.333,0.9945,0.0,NORMAL,100,100.0%
20:00:00.378,1.0095,0.0,NORMAL,100,100.0%
20:00:00.415,1.0117,0.0,NORMAL,100,100.0%
20:00:00.468,0.9882,0.0,NORMAL,100,100.0%
20:00:00.535,0.9867,0.0,NORMAL,100,100.0%
20:00:00.578,1.0005,0.0,NORMAL,100,100.0%
20:00:00.627,1.0162,0.0,NORMAL,100,100.0%
20:00:00.669,1.015,0.0,NORMAL,100,100.0%
20:00:00.745,0.9839,0.0,NORMAL,100,100.0%
20:00:00.788,1.0036,0.0,NORMAL,100,100.0%
20:00:00.821,0.9925,0.0,NORMAL,100,100.0%
20:00:00.860,1.0146,0.0,NORMAL,100,100.0%
20:00:00.914,0.9811,0.0,NORMAL,100,100.0%
20:00:01.142,1.0105,0.0,NORMAL,100,100.0%
20:00:01.242,0.982,0.0,NORMAL,100,100.0%
20:00:01.332,0.9989,0.0,NORMAL,100,100.0%
20:00:01.430,0.9831,0.0,NORMAL,100,100.0%
20:00:01.508,1.017,0.0,NORMAL,100,100.0%
20:00:01.671,1.0067,0.0,NORMAL,100,100.0%
20:00:01.791,1.0122,0.0,NORMAL,100,100.0%
20:00:01.885,0.9899,0.0,NORMAL,100,100.0%
20:00:01.981,0.9887,0.0,NORMAL,100,100.0%
20:00:02.079,0.9928,0.0,NORMAL,100,100.0%
20:00:02.169,1.0071,0.0,NORMAL,100,100.0%
20:00:02.257,0.9804,0.64,NORMAL,100,100.0%
20:00:02.336,0.9801,3.55,NORMAL,30,59.0%
20:00:02.446,0.9925,0.0,NORMAL,100,100.0%
20:00:02.515,1.0136,0.59,NORMAL,100,100.0%
20:00:02.591,0.9921,0.0,NORMAL,100,100.0%
20:00:02.674,0.9902,0.0,NORMAL,100,100.0%
20:00:02.819,1.0025,0.0,NORMAL,100,100.0%
20:00:02.897,0.9863,0.0,NORMAL,100,100.0%
20:00:02.976,0.9818,0.0,NORMAL,100,100.0%
20:00:03.054,0.9841,0.0,NORMAL,100,100.0%
20:00:03.169,0.9947,0.0,NORMAL,100,100.0%
20:00:03.259,1.007,0.0,NORMAL,100,100.0%
20:00:03.351,1.0027,0.0,NORMAL,100,100.0%
20:00:03.467,0.9947,0.0,NORMAL,100,100.0%
20:00:03.557,0.9855,0.0,NORMAL,100,100.0%
20:00:03.640,0.987,0.0,NORMAL,100,99.0%
20:00:03.728,1.0074,0.0,NORMAL,100,100.0%
20:00:03.815,0.9946,0.0,NORMAL,100,100.0%
20:00:03.873,1.0128,0.0,NORMAL,100,100.0%
20:00:03.942,1.0101,0.0,NORMAL,100,100.0%
