timestamp,imu_z,motion_score,decision,motor_speed,confidence
12:42:42.228,1.0169,0.0,NORMAL,100,100.0
12:42:42.359,1.0057,0.0,NORMAL,100,100.0
12:42:42.441,1.0118,0.0,NORMAL,100,100.0
12:42:42.520,1.009,0.0,NORMAL,100,100.0
12:42:42.601,1.0041,0.0,NORMAL,100,100.0
12:42:42.683,1.0006,0.0,NORMAL,100,100.0
12:42:42.763,1.012,0.0,NORMAL,100,100.0
12:42:42.841,1.0103,0.0,NORMAL,100,100.0
12:42:42.919,1.0158,0.0,NORMAL,100,100.0
12:42:43.002,1.0024,0.0,NORMAL,100,100.0
12:42:43.083,1.0097,0.0,NORMAL,100,100.0
12:42:43.169,1.0048,0.0,NORMAL,100,100.0
12:42:43.253,1.0109,0.0,NORMAL,100,100.0
12:42:43.353,1.0122,0.0,NORMAL,100,100.0
12:42:43.436,1.0129,0.0,NORMAL,100,100.0
12:42:43.511,1.0033,0.0,NORMAL,100,100.0
12:42:43.608,1.0181,0.0,NORMAL,100,100.0
12:42:43.689,1.0016,0.0,NORMAL,100,98.0
12:42:43.770,1.0049,0.0,NORMAL,100,100.0
12:42:43.851,1.0157,0.0,NORMAL,100,100.0
12:42:43.931,1.0102,0.0,NORMAL,100,100.0
12:42:44.007,1.0016,0.0,NORMAL,100,100.0
12:42:44.088,1.015,0.0,NORMAL,100,100.0
12:42:44.168,1.0058,0.0,NORMAL,100,100.0
12:42:44.262,1.0124,0.0,NORMAL,100,100.0
12:42:44.338,1.0187,0.0,NORMAL,100,100.0
12:42:44.418,1.0041,0.0,NORMAL,100,100.0
12:42:44.498,1.0053,0.0,NORMAL,100,100.0
12:42:44.570,1.0145,0.0,NORMAL,100,100.0
12:42:44.644,1.0039,0.0,NORMAL,100,100.0
12:42:44.716,1.0147,0.0,NORMAL,100,100.0
12:42:44.799,1.0002,0.0,NORMAL,100,100.0
12:42:44.877,1.0045,0.0,NORMAL,100,100.0
12:42:44.957,1.0098,0.0,NORMAL,100,100.0
12:42:45.037,1.0095,0.0,NORMAL,100,100.0
12:42:45.117,1.0128,0.0,NORMAL,100,100.0
12:42:45.200,1.0035,0.0,NORMAL,100,100.0
12:42:45.279,1.004,0.0,NORMAL,100,100.0
12:42:45.356,1.0021,0.0,NORMAL,100,100.0
12:42:45.441,1.0059,0.0,NORMAL,100,100.0
12:42:45.525,1.0061,0.0,NORMAL,100,100.0
12:42:45.605,1.0137,0.0,NORMAL,100,100.0
12:42:45.682,1.0158,0.0,NORMAL,100,100.0
12:42:45.765,1.0024,0.0,NORMAL,100,100.0
12:42:45.846,1.0138,0.0,NORMAL,100,100.0
12:42:45.924,1.0096,0.0,NORMAL,100,100.0
12:42:46.005,1.0078,0.0,NORMAL,100,100.0
12:42:46.085,1.0096,0.0,NORMAL,100,100.0
12:42:46.160,1.0147,0.0,NORMAL,100,100.0
12:42:46.232,1.0133,0.0,NORMAL,100,100.0
12:42:46.308,1.0041,0.0,NORMAL,100,100.0
12:42:46.389,1.0199,0.0,NORMAL,100,100.0
12:42:46.466,1.0012,0.0,NORMAL,100,100.0
12:42:46.540,1.015,0.0,NORMAL,100,100.0
12:42:46.613,1.0061,0.0,NORMAL,100,100.0
12:42:46.694,1.0063,0.0,NORMAL,100,100.0
12:42:46.769,1.0208,0.0,NORMAL,100,100.0
12:42:46.842,1.0115,0.0,NORMAL,100,100.0
12:42:46.922,1.007,0.0,NORMAL,100,100.0
12:42:47.000,1.0034,0.0,NORMAL,100,100.0
12:42:47.083,1.0158,0.0,NORMAL,100,100.0
12:42:47.156,1.0157,0.0,NORMAL,100,100.0
12:42:47.235,1.0033,0.0,NORMAL,100,100.0
12:42:47.306,1.0099,0.0,NORMAL,100,100.0
12:42:47.385,1.009,0.0,NORMAL,100,100.0
12:42:47.460,1.0149,0.0,NORMAL,100,100.0
12:42:47.533,1.0074,0.0,NORMAL,100,100.0
12:42:47.607,1.0192,0.0,NORMAL,100,100.0
12:42:47.686,1.0129,0.0,NORMAL,100,100.0
12:42:47.757,1.0046,0.0,NORMAL,100,100.0
12:42:47.835,1.013,0.0,NORMAL,100,100.0
12:42:47.911,1.0016,0.0,NORMAL,100,100.0
12:42:47.990,1.0058,0.0,NORMAL,100,100.0
12:42:48.065,1.0069,0.0,NORMAL,100,100.0
12:42:48.139,1.0053,0.0,NORMAL,100,100.0
12:42:48.217,1.0169,0.0,NORMAL,100,100.0
12:42:48.293,1.0057,0.0,NORMAL,100,100.0
12:42:48.376,1.011,0.0,NORMAL,100,100.0
12:42:48.447,1.0015,0.0,NORMAL,100,100.0
12:42:48.523,1.0066,0.0,NORMAL,100,100.0
12:42:48.604,1.0096,0.0,NORMAL,100,100.0
12:42:48.677,1.0113,0.0,NORMAL,100,100.0
12:42:48.755,1.0037,0.0,NORMAL,100,100.0
12:42:48.830,1.0115,0.0,NORMAL,100,100.0
12:42:48.903,1.0067,0.0,NORMAL,100,100.0
12:42:48.974,1.005,0.0,NORMAL,100,100.0
12:42:49.056,1.0045,0.0,NORMAL,100,100.0
12:42:49.131,1.0172,0.0,NORMAL,100,100.0
12:42:49.209,1.005,0.0,NORMAL,100,100.0
12:42:49.291,1.0019,0.0,NORMAL,100,100.0
12:42:49.364,1.0177,0.0,NORMAL,100,100.0
12:42:49.447,1.0035,0.0,NORMAL,100,100.0
12:42:49.526,1.0001,0.0,NORMAL,100,100.0
12:42:49.600,1.0116,0.0,NORMAL,100,100.0
12:42:49.674,1.0041,0.0,NORMAL,100,100.0
12:42:49.750,1.005,0.0,NORMAL,100,100.0
12:42:49.825,1.0063,0.0,NORMAL,100,100.0
12:42:49.907,1.0199,0.0,NORMAL,100,100.0
12:42:49.990,1.0094,0.0,NORMAL,100,100.0
12:42:50.085,1.0063,0.0,NORMAL,100,100.0
12:42:50.163,1.0056,0.0,NORMAL,100,100.0
12:42:50.243,1.0024,0.0,NORMAL,100,100.0
12:42:50.323,1.0032,0.0,NORMAL,100,100.0
12:42:50.401,1.004,0.0,NORMAL,100,100.0
12:42:50.476,1.0139,0.0,NORMAL,100,100.0
12:42:50.558,1.0046,0.0,NORMAL,100,100.0
12:42:50.638,1.0017,0.0,NORMAL,100,100.0
12:42:50.720,1.0152,0.0,NORMAL,100,100.0
12:42:50.801,1.0073,0.0,NORMAL,100,100.0
12:42:50.879,1.0092,0.0,NORMAL,100,100.0
12:42:50.956,1.0148,0.0,NORMAL,100,100.0
12:42:51.034,1.0034,0.0,NORMAL,100,100.0
12:42:51.111,1.0044,0.0,NORMAL,100,100.0
12:42:51.190,1.0097,0.0,NORMAL,100,100.0
12:42:51.260,1.0032,0.0,NORMAL,100,100.0
12:42:51.336,1.0069,0.0,NORMAL,100,100.0
12:42:51.419,1.0036,0.0,NORMAL,100,100.0
12:42:51.499,1.0141,0.0,NORMAL,100,100.0
12:42:51.576,1.0069,0.0,NORMAL,100,100.0
12:42:51.651,1.0108,0.0,NORMAL,100,100.0
12:42:51.730,1.0111,0.0,NORMAL,100,100.0
12:42:51.811,1.0099,0.0,NORMAL,100,100.0
12:42:51.887,1.0154,0.0,NORMAL,100,100.0
12:42:51.968,1.0018,0.0,NORMAL,100,100.0
12:42:52.046,1.0017,0.0,NORMAL,100,100.0
12:42:52.119,1.0144,0.0,NORMAL,100,100.0
12:42:52.197,1.0138,0.0,NORMAL,100,100.0
12:42:52.277,1.0093,0.0,NORMAL,100,100.0
12:42:52.348,1.0014,0.0,NORMAL,100,100.0
12:42:52.430,1.0183,0.0,NORMAL,100,100.0
12:42:52.507,1.0027,0.0,NORMAL,100,100.0
12:42:52.584,1.016,0.0,NORMAL,100,100.0
12:42:52.665,1.0176,0.0,NORMAL,100,100.0
12:42:52.744,1.0182,0.0,NORMAL,100,100.0
12:42:52.822,1.0059,0.0,NORMAL,100,100.0
12:42:52.899,1.0082,0.0,NORMAL,100,100.0
12:42:52.978,1.0087,0.0,NORMAL,100,100.0
12:42:53.061,1.0008,0.0,NORMAL,100,100.0
12:42:53.136,1.0067,0.0,NORMAL,100,100.0
12:42:53.210,1.0038,0.0,NORMAL,100,100.0
12:42:53.289,1.0115,0.0,NORMAL,100,100.0
12:42:53.367,1.0011,0.0,NORMAL,100,100.0
12:42:53.446,1.0181,1.425,NORMAL,79,58.0
12:42:53.522,1.0133,1.425,NORMAL,79,58.0
12:42:53.598,1.005,1.425,NORMAL,79,60.0
12:42:53.673,1.0052,1.425,CAUTION,79,56.0
12:42:53.752,1.0083,1.425,CAUTION,79,57.0
12:42:53.836,1.0084,1.425,CAUTION,79,57.0
12:42:53.917,1.0078,1.425,CAUTION,79,56.0
12:42:54.014,1.0117,1.425,CAUTION,79,58.0
12:42:54.096,1.0093,1.425,CAUTION,79,58.0
12:42:54.184,1.0098,1.425,CAUTION,79,59.0
12:42:54.271,1.0109,1.425,CAUTION,79,59.0
12:42:54.343,1.0094,1.425,CAUTION,79,58.0
12:42:54.418,1.0132,1.425,CAUTION,79,59.0
12:42:54.500,1.0101,1.425,CAUTION,79,58.0
12:42:54.576,1.004,1.425,CAUTION,79,56.0
12:42:54.662,1.0128,0.0,CAUTION,100,100.0
12:42:54.766,1.0146,0.0,CAUTION,100,100.0
12:42:54.875,1.0143,0.0,CAUTION,100,100.0
12:42:54.984,1.0098,0.0,NORMAL,100,100.0
12:42:55.090,1.0054,0.0,NORMAL,100,100.0
12:42:55.202,1.0116,0.0,NORMAL,100,100.0
12:42:55.300,1.0197,0.0,NORMAL,100,100.0
12:42:55.398,1.0145,0.0,NORMAL,100,100.0
12:42:55.533,1.0003,0.0,NORMAL,79,100.0
12:42:55.639,1.0076,0.0,NORMAL,79,100.0
12:42:55.749,1.0172,0.0,NORMAL,79,100.0
12:42:55.864,1.008,0.0,CAUTION,79,100.0
12:42:55.977,1.0124,0.0,CAUTION,79,100.0
12:42:56.090,1.0113,0.0,CAUTION,79,100.0
12:42:56.200,1.0088,0.0,CAUTION,79,100.0
12:42:56.304,1.0204,0.0,CAUTION,79,100.0
12:42:56.407,1.0013,0.0,CAUTION,79,100.0
12:42:56.519,1.0087,0.0,CAUTION,79,100.0
12:42:56.631,1.0075,0.0,CAUTION,79,100.0
12:42:56.753,1.0059,0.0,CAUTION,79,100.0
12:42:56.858,1.0128,0.0,CAUTION,79,100.0
12:42:56.969,1.0031,0.0,CAUTION,79,100.0
12:42:57.069,1.0018,0.0,CAUTION,100,100.0
12:42:57.182,1.0117,0.0,CAUTION,100,100.0
12:42:57.290,1.02,0.0,CAUTION,100,100.0
12:42:57.395,1.0101,0.0,NORMAL,100,100.0
12:42:57.507,1.0164,0.0,NORMAL,100,100.0
12:42:57.611,1.0024,0.0,NORMAL,100,100.0
12:42:57.707,1.004,0.0,NORMAL,100,100.0
12:42:57.796,1.0091,0.0,NORMAL,100,100.0
12:42:57.901,1.0016,0.0,NORMAL,100,100.0
12:42:58.001,1.009,0.0,NORMAL,100,100.0
12:42:58.111,1.0009,0.0,NORMAL,100,100.0
12:42:58.215,1.0114,0.0,NORMAL,100,100.0
12:42:58.319,1.0014,0.0,NORMAL,100,100.0
12:42:58.428,1.0121,0.0,NORMAL,100,100.0
12:42:58.535,1.0185,0.0,NORMAL,100,100.0
12:42:58.636,1.0031,0.0,NORMAL,100,100.0
12:42:58.738,1.003,0.0,NORMAL,100,100.0
12:42:58.846,1.0068,0.0,NORMAL,100,100.0
12:42:58.953,1.0054,0.0,NORMAL,100,100.0
12:42:59.059,1.0013,0.0,NORMAL,100,100.0
12:42:59.167,1.0088,0.0,NORMAL,74,100.0
12:42:59.283,1.0003,0.0,NORMAL,74,100.0
12:42:59.383,1.0009,0.0,NORMAL,74,100.0
12:42:59.481,1.0155,0.0,CAUTION,74,100.0
12:42:59.593,1.0062,0.0,CAUTION,74,100.0
12:42:59.714,1.0035,0.0,CAUTION,74,100.0
12:42:59.823,1.0058,0.0,CAUTION,74,100.0
12:42:59.941,1.0017,0.0,CAUTION,74,100.0
12:43:00.060,1.0048,0.0,CAUTION,74,100.0
12:43:00.177,1.0046,0.0,CAUTION,74,100.0
12:43:00.287,1.0029,0.0,CAUTION,74,100.0
12:43:00.410,1.0073,0.0,CAUTION,74,100.0
12:43:00.523,1.0166,0.0,CAUTION,74,100.0
12:43:00.630,1.0025,0.0,CAUTION,74,100.0
12:43:00.733,1.0149,0.0,CAUTION,74,100.0
12:43:00.844,1.0032,0.0,CAUTION,74,100.0
12:43:00.977,1.0052,0.0,CAUTION,74,100.0
12:43:01.080,1.0139,0.0,CAUTION,74,100.0
12:43:01.189,1.0032,0.0,CAUTION,100,100.0
12:43:01.289,1.0002,0.0,CAUTION,100,100.0
12:43:01.393,1.0143,0.0,CAUTION,100,100.0
12:43:01.505,1.4213,0.0,NORMAL,100,81.0
12:43:01.616,1.0585,0.0,NORMAL,100,67.0
12:43:01.714,1.0423,0.0,NORMAL,100,50.0
12:43:01.816,1.0556,0.0,NORMAL,100,58.0
12:43:01.922,1.0309,0.0,NORMAL,100,74.0
12:43:02.021,1.0447,0.0,NORMAL,100,80.0
12:43:02.126,1.0345,0.0,NORMAL,100,100.0
12:43:02.220,1.009,0.0,NORMAL,100,99.0
12:43:02.329,1.0228,0.0,NORMAL,100,100.0
12:43:02.433,1.0101,0.0,NORMAL,100,100.0
12:43:02.521,1.0184,0.0,NORMAL,100,100.0
12:43:02.617,1.0274,0.0,NORMAL,100,100.0
12:43:02.720,1.0009,0.0,NORMAL,100,99.0
12:43:02.823,1.025,0.0,NORMAL,100,100.0
12:43:02.924,1.0158,0.0,NORMAL,100,100.0
12:43:03.028,1.0058,0.0,NORMAL,100,100.0
12:43:03.132,1.01,0.0,NORMAL,100,100.0
12:43:03.229,1.0108,0.0,NORMAL,100,100.0
12:43:03.321,1.0166,0.0,NORMAL,100,100.0
12:43:03.425,1.0076,0.0,NORMAL,100,100.0
12:43:03.523,1.0114,0.0,NORMAL,100,100.0
12:43:03.627,1.0004,0.0,NORMAL,100,100.0
12:43:03.726,1.0033,0.0,NORMAL,100,100.0
12:43:03.830,1.0167,0.0,NORMAL,100,100.0
12:43:03.935,1.0031,0.0,NORMAL,100,100.0
12:43:04.038,1.0063,0.0,NORMAL,100,100.0
12:43:04.137,1.0041,0.0,NORMAL,54,100.0
12:43:04.244,1.0002,0.0,NORMAL,54,100.0
12:43:04.349,1.0122,0.0,NORMAL,54,100.0
12:43:04.454,1.0129,0.0,HAZARD,54,100.0
12:43:04.554,1.0015,0.0,HAZARD,71,99.0
12:43:04.658,1.0163,0.0,HAZARD,71,99.0
12:43:04.761,1.0162,0.0,HAZARD,71,99.0
12:43:04.868,1.0058,0.0,CAUTION,71,99.0
12:43:04.974,1.0039,0.0,CAUTION,71,99.0
12:43:05.071,1.0106,0.0,CAUTION,71,99.0
12:43:05.177,1.0007,0.0,CAUTION,72,99.0
12:43:05.287,1.0085,0.0,CAUTION,72,99.0
12:43:05.389,1.0099,0.0,CAUTION,72,99.0
12:43:05.481,1.0152,0.0,CAUTION,72,99.0
12:43:05.591,1.0116,0.0,CAUTION,72,99.0
12:43:05.701,1.0103,0.0,CAUTION,72,99.0
12:43:05.814,1.0039,0.0,CAUTION,72,99.0
12:43:05.916,1.0116,0.0,CAUTION,76,100.0
12:43:06.021,1.0005,0.0,CAUTION,76,100.0
12:43:06.135,1.0132,0.0,CAUTION,76,100.0
12:43:06.245,1.0042,0.0,CAUTION,76,100.0
12:43:06.355,1.0071,0.0,CAUTION,76,100.0
12:43:06.461,1.0036,0.0,CAUTION,76,100.0
12:43:06.565,1.0026,0.0,CAUTION,76,100.0
12:43:06.703,1.0071,0.0,CAUTION,76,100.0
12:43:06.810,1.0133,0.0,CAUTION,76,100.0
12:43:06.924,1.0144,0.0,CAUTION,76,100.0
12:43:07.023,2.5491,0.0,CAUTION,52,47.0
12:43:07.126,1.2307,0.0,CAUTION,76,66.0
12:43:07.236,1.2004,0.0,CAUTION,76,86.0
12:43:07.349,1.1564,0.0,CAUTION,76,98.0
12:43:07.461,1.1416,0.0,CAUTION,76,97.0
12:43:07.559,1.1313,0.0,CAUTION,76,81.0
12:43:07.667,1.1015,0.0,CAUTION,76,73.0
12:43:07.768,1.0727,0.0,CAUTION,100,66.0
12:43:07.879,1.0939,0.0,CAUTION,100,60.0
12:43:07.985,1.0568,0.0,CAUTION,100,40.0
12:43:08.097,1.0427,0.0,NORMAL,100,50.0
12:43:08.201,1.0497,0.0,NORMAL,100,80.0
12:43:08.310,1.0417,0.0,NORMAL,100,100.0
12:43:08.410,1.0496,0.0,NORMAL,100,100.0
12:43:08.503,1.0347,0.0,NORMAL,100,100.0
12:43:08.599,1.0174,0.0,NORMAL,100,100.0
12:43:08.708,1.0207,0.0,NORMAL,100,100.0
12:43:08.820,1.0273,0.0,NORMAL,78,100.0
12:43:08.919,1.0024,0.0,NORMAL,78,99.0
12:43:09.028,1.0171,0.0,NORMAL,78,100.0
12:43:09.138,1.0125,0.0,CAUTION,78,100.0
12:43:09.242,1.007,0.0,CAUTION,78,100.0
12:43:09.343,1.0056,0.0,CAUTION,78,100.0
12:43:09.443,1.0146,0.0,CAUTION,78,100.0
12:43:09.550,1.0111,0.0,CAUTION,78,100.0
12:43:09.659,1.0084,0.0,CAUTION,78,100.0
12:43:09.772,1.007,0.0,CAUTION,78,100.0
12:43:09.880,1.02,0.0,CAUTION,78,100.0
12:43:09.981,1.0089,0.0,CAUTION,78,100.0
12:43:10.087,1.0134,0.0,CAUTION,78,100.0
12:43:10.198,1.0007,0.0,CAUTION,78,100.0
12:43:10.306,1.0031,0.0,CAUTION,78,100.0
12:43:10.408,1.0077,0.0,CAUTION,78,100.0
12:43:10.510,1.0071,0.0,CAUTION,100,100.0
12:43:10.608,1.0142,0.0,CAUTION,100,100.0
12:43:10.750,1.0094,0.0,CAUTION,100,100.0
12:43:10.856,1.4222,0.0,NORMAL,100,77.0
12:43:10.957,1.0534,0.0,NORMAL,49,65.0
12:43:11.073,1.0471,0.0,NORMAL,65,68.0
12:43:11.197,1.0507,0.0,NORMAL,65,99.0
12:43:11.303,1.0499,0.0,CAUTION,65,99.0
12:43:11.413,1.0509,0.0,CAUTION,65,99.0
12:43:11.519,1.0146,0.0,CAUTION,65,99.0
12:43:11.628,1.0174,0.0,CAUTION,65,99.0
12:43:11.739,1.0229,0.0,CAUTION,65,99.0
12:43:11.871,1.0168,0.0,CAUTION,65,99.0
12:43:11.981,1.0033,0.0,CAUTION,65,99.0
12:43:12.090,1.0205,0.0,CAUTION,65,99.0
12:43:12.206,1.0114,0.0,CAUTION,65,99.0
12:43:12.319,1.015,0.0,CAUTION,74,100.0
12:43:12.423,1.0246,0.0,CAUTION,76,100.0
12:43:12.532,1.0053,0.0,CAUTION,76,100.0
12:43:12.645,1.0217,0.0,CAUTION,100,100.0
12:43:12.749,1.0102,0.0,CAUTION,54,100.0
12:43:12.862,1.0028,0.0,CAUTION,71,99.0
12:43:12.957,1.0109,0.0,CAUTION,71,99.0
12:43:13.053,1.0113,0.0,CAUTION,36,99.0
12:43:13.163,1.005,0.0,CAUTION,65,99.0
12:43:13.270,1.0167,0.0,CAUTION,65,99.0
12:43:13.385,1.0009,0.0,CAUTION,65,99.0
12:43:13.486,1.0003,0.0,CAUTION,65,99.0
12:43:13.592,1.0139,0.0,CAUTION,65,99.0
12:43:13.699,1.0047,0.0,CAUTION,65,99.0
12:43:13.809,1.0062,0.0,CAUTION,65,99.0
12:43:13.916,1.009,0.0,CAUTION,65,99.0
12:43:14.028,1.0008,0.0,CAUTION,65,99.0
12:43:14.139,1.0002,4.6861,CAUTION,65,75.0
12:43:14.236,1.011,4.6861,CAUTION,65,77.0
12:43:14.335,1.0017,4.6861,CAUTION,65,76.0
12:43:14.445,1.0076,4.6861,CAUTION,65,73.0
12:43:14.550,1.0153,4.6861,CAUTION,65,77.0
12:43:14.660,1.0108,4.6861,CAUTION,65,76.0
12:43:14.772,1.0044,4.6861,CAUTION,65,75.0
12:43:14.873,1.01,4.6861,CAUTION,65,75.0
12:43:14.975,1.0152,4.6861,CAUTION,41,75.2
12:43:15.073,1.0142,4.6861,CAUTION,41,73.2
12:43:15.179,1.0113,4.6861,CAUTION,41,74.2
12:43:15.279,1.013,4.6861,HAZARD,41,73.2
12:43:15.388,1.0173,4.6861,HAZARD,41,75.2
12:43:15.486,1.0134,0.0,HAZARD,100,100.0
12:43:15.594,1.0048,0.0,HAZARD,100,100.0
12:43:15.702,1.0122,0.0,HAZARD,100,100.0
12:43:15.824,1.0011,0.0,NORMAL,100,100.0
12:43:15.933,1.0169,0.0,NORMAL,100,100.0
12:43:16.034,1.0092,0.0,NORMAL,100,100.0
12:43:16.139,1.0043,0.0,NORMAL,100,100.0
12:43:16.237,1.0044,0.0,NORMAL,100,100.0
12:43:16.335,1.0086,0.0,NORMAL,100,100.0
12:43:16.441,1.004,0.0,NORMAL,100,100.0
12:43:16.544,1.0008,0.0,NORMAL,100,100.0
12:43:16.650,1.0016,0.0,NORMAL,100,100.0
12:43:16.759,1.0044,2.3333,NORMAL,74,68.0
12:43:16.863,1.0197,0.0,NORMAL,100,100.0
12:43:16.959,1.0041,2.3333,NORMAL,74,68.0
12:43:17.066,1.0019,2.3333,NORMAL,74,72.0
12:43:17.173,1.0043,2.3333,CAUTION,74,68.0
12:43:17.309,1.0055,2.3333,CAUTION,74,68.0
12:43:17.424,1.0036,4.0667,CAUTION,50,56.0
12:43:17.531,1.0012,4.0667,CAUTION,50,57.0
12:43:17.637,1.0148,0.0,CAUTION,100,100.0
12:43:17.738,1.004,0.0,CAUTION,100,100.0
12:43:17.847,1.0121,4.0667,HAZARD,50,59.0
12:43:17.951,1.0,4.0667,HAZARD,50,57.0
12:43:18.050,1.0181,4.0667,HAZARD,50,58.0
12:43:18.155,1.0035,4.0667,HAZARD,50,56.0
12:43:18.266,1.0107,4.0667,HAZARD,50,60.0
12:43:18.375,1.0031,4.0667,HAZARD,50,57.0
12:43:18.476,1.0118,4.0667,HAZARD,50,58.0
12:43:18.588,1.0074,4.0667,HAZARD,50,56.0
12:43:18.696,1.0096,2.6667,HAZARD,71,73.0
12:43:18.807,1.0143,2.6667,HAZARD,71,74.0
12:43:18.908,1.0118,2.6667,HAZARD,71,73.0
12:43:19.003,1.0054,2.6667,CAUTION,71,72.0
12:43:19.101,1.0127,2.6667,CAUTION,71,72.0
12:43:19.211,1.0045,2.6667,CAUTION,71,72.0
12:43:19.320,1.0046,2.6667,CAUTION,71,71.0
12:43:19.424,1.0069,2.6667,CAUTION,71,71.0
12:43:19.531,1.0072,2.6667,CAUTION,71,71.0
12:43:19.633,1.0026,2.6667,CAUTION,71,72.0
12:43:19.742,1.0025,2.6667,CAUTION,71,72.0
12:43:19.846,1.0067,2.6667,CAUTION,71,71.0
12:43:19.952,1.0004,2.6667,CAUTION,71,72.0
12:43:20.051,1.0004,2.6667,CAUTION,71,72.0
12:43:20.163,1.0098,2.6667,CAUTION,71,73.0
12:43:20.261,1.0022,2.6667,CAUTION,71,74.0
12:43:20.366,1.0158,2.6667,CAUTION,71,73.0
12:43:20.473,1.0099,2.6667,CAUTION,71,73.0
12:43:20.578,1.0041,3.0,CAUTION,68,76.0
12:43:20.684,1.0149,3.0,CAUTION,68,77.0
12:43:20.792,1.0001,3.0,CAUTION,68,75.0
12:43:20.897,1.008,3.0,CAUTION,68,75.0
12:43:20.990,1.0149,3.0,CAUTION,68,75.0
12:43:21.132,1.0099,3.0,CAUTION,68,76.0
12:43:21.234,1.0164,3.0,CAUTION,68,79.0
12:43:21.346,1.0055,3.0,CAUTION,68,74.0
12:43:21.446,1.012,3.0,CAUTION,68,78.0
12:43:21.559,1.0052,3.0,CAUTION,68,74.0
12:43:21.663,1.0021,3.0,CAUTION,68,75.0
12:43:21.757,1.0141,3.0,CAUTION,68,76.0
12:43:21.856,1.008,3.0,CAUTION,68,74.0
12:43:21.966,1.0111,3.0,CAUTION,68,76.0
12:43:22.069,1.0062,3.0,CAUTION,68,74.0
12:43:22.170,1.0036,3.0,CAUTION,68,74.0
12:43:22.278,1.0037,3.0,CAUTION,68,74.0
12:43:22.376,1.0186,2.8333,CAUTION,69,74.5
12:43:22.483,1.0047,2.8333,CAUTION,69,72.5
12:43:22.592,1.0148,2.8333,CAUTION,69,78.5
12:43:22.693,1.0115,2.8333,CAUTION,69,74.5
12:43:22.805,1.0035,2.8333,CAUTION,69,74.5
12:43:22.907,1.0121,2.8333,CAUTION,69,74.5
12:43:23.016,1.0111,2.8333,CAUTION,69,74.5
12:43:23.129,1.0014,2.8333,CAUTION,69,74.5
12:43:23.236,1.0152,2.8333,CAUTION,69,74.5
12:43:23.335,1.0132,2.8333,CAUTION,69,74.5
12:43:23.437,1.0089,2.8333,CAUTION,69,75.5
12:43:23.547,1.0154,2.8333,CAUTION,69,75.5
12:43:23.650,1.0081,2.8333,CAUTION,69,73.5
12:43:23.760,1.0028,2.8333,CAUTION,69,74.5
12:43:23.868,1.0043,2.8333,CAUTION,69,72.5
12:43:23.967,1.0116,2.8333,CAUTION,69,73.5
12:43:24.077,1.0054,2.8333,CAUTION,69,72.5
12:43:24.190,1.0178,0.0,CAUTION,100,100.0
12:43:24.289,1.0183,0.0,CAUTION,100,100.0
12:43:24.396,1.0015,0.0,CAUTION,100,100.0
12:43:24.508,1.0007,0.0,NORMAL,100,100.0
12:43:24.611,1.0113,0.0,NORMAL,100,100.0
12:43:24.710,1.0002,0.0,NORMAL,100,100.0
12:43:24.808,1.0038,0.0,NORMAL,100,100.0
12:43:24.910,1.0199,0.0,NORMAL,100,100.0
12:43:25.015,1.0035,0.0,NORMAL,100,100.0
12:43:25.127,1.0054,0.0,NORMAL,100,100.0
12:43:25.225,1.0119,0.0,NORMAL,100,100.0
12:43:25.329,1.0058,0.0,NORMAL,100,100.0
12:43:25.439,1.0054,0.0,NORMAL,100,100.0
12:43:25.540,1.0076,0.0,NORMAL,100,100.0
12:43:25.646,1.0124,0.0,NORMAL,100,100.0
12:43:25.755,1.0169,0.0,NORMAL,100,100.0
12:43:25.861,1.0062,0.0,NORMAL,100,100.0
12:43:25.962,1.0151,0.0,NORMAL,100,100.0
12:43:26.054,1.0155,0.0,NORMAL,100,100.0
12:43:26.157,1.012,0.0,NORMAL,100,100.0
12:43:26.267,1.0156,0.0,NORMAL,100,100.0
12:43:26.361,1.0061,0.0,NORMAL,100,100.0
12:43:26.466,1.0061,0.0,NORMAL,100,100.0
12:43:26.566,1.0114,0.0,NORMAL,100,100.0
12:43:26.661,1.0085,0.0,NORMAL,100,100.0
12:43:26.762,1.0105,0.0,NORMAL,100,100.0
12:43:26.868,1.0133,0.0,NORMAL,100,100.0
12:43:26.970,1.0114,0.0,NORMAL,100,100.0
12:43:27.079,1.0137,0.0,NORMAL,100,100.0
12:43:27.182,1.0152,0.0,NORMAL,100,100.0
12:43:27.308,1.0122,0.0,NORMAL,100,100.0
12:43:27.419,1.0106,0.0,NORMAL,100,100.0
12:43:27.530,1.0138,0.0,NORMAL,100,100.0
12:43:27.636,1.0142,0.0,NORMAL,100,100.0
12:43:27.735,1.0015,1.3197,NORMAL,80,57.0
12:43:27.831,1.0079,1.3197,NORMAL,80,56.0
12:43:27.936,1.0046,1.3197,NORMAL,80,56.0
12:43:28.047,1.01,1.3197,CAUTION,80,57.0
12:43:28.157,1.0152,1.3197,CAUTION,80,60.0
12:43:28.252,1.0098,1.3197,CAUTION,80,58.0
12:43:28.362,1.0137,1.3197,CAUTION,80,60.0
12:43:28.468,1.0098,1.3197,CAUTION,80,58.0
12:43:28.582,1.0088,1.3197,CAUTION,80,58.0
12:43:28.693,1.0117,1.3197,CAUTION,80,59.0
12:43:28.793,1.0039,1.3197,CAUTION,80,57.0
12:43:28.908,1.0106,1.3197,CAUTION,80,57.0
12:43:29.015,1.0022,1.3197,CAUTION,80,58.0
12:43:29.117,1.0068,1.3197,CAUTION,80,56.0
12:43:29.218,1.0096,1.3197,CAUTION,80,58.0
12:43:29.332,1.0157,1.3197,CAUTION,80,59.0
12:43:29.439,1.0115,1.3197,CAUTION,80,58.0
12:43:29.550,1.0011,3.0,CAUTION,68,76.0
12:43:29.647,1.0184,3.0,CAUTION,68,76.0
12:43:29.751,1.0173,3.0,CAUTION,68,77.0
12:43:29.847,1.0065,3.0,CAUTION,68,77.0
12:43:29.959,1.0174,3.0,CAUTION,68,80.0
12:43:30.079,1.0067,3.0,CAUTION,68,74.0
12:43:30.191,1.013,3.0,CAUTION,68,78.0
12:43:30.296,1.0056,3.0,CAUTION,68,75.0
12:43:30.401,1.0136,3.0,CAUTION,68,76.0
12:43:30.514,1.0045,3.0,CAUTION,68,75.0
12:43:30.625,1.0038,3.0,CAUTION,68,74.0
12:43:30.727,1.0054,3.0,CAUTION,68,74.0
12:43:30.830,1.0027,3.0,CAUTION,68,75.0
12:43:30.929,1.0116,3.0,CAUTION,68,76.0
12:43:31.032,1.0165,3.0,CAUTION,68,77.0
12:43:31.147,1.0148,3.0,CAUTION,68,76.0
12:43:31.256,1.0134,3.0,CAUTION,68,79.0
12:43:31.362,1.0086,0.0,CAUTION,100,100.0
12:43:31.471,1.0006,0.0,CAUTION,100,100.0
12:43:31.578,1.0048,0.0,CAUTION,100,100.0
12:43:31.682,1.0026,0.0,NORMAL,100,100.0
12:43:31.781,1.0136,0.0,NORMAL,100,100.0
12:43:31.892,1.0064,0.0,NORMAL,100,100.0
12:43:31.991,1.0166,0.0,NORMAL,100,100.0
12:43:32.096,1.0031,0.0,NORMAL,100,100.0
12:43:32.200,1.0008,0.0,NORMAL,100,100.0
12:43:32.292,1.017,4.098,NORMAL,50,58.0
12:43:32.390,1.011,4.098,NORMAL,50,58.0
12:43:32.493,1.0028,4.098,NORMAL,50,61.0
12:43:32.611,1.0119,4.098,HAZARD,50,58.0
12:43:32.728,1.0195,4.098,HAZARD,50,59.0
12:43:32.832,1.0151,4.098,HAZARD,50,59.0
12:43:32.946,1.0057,4.098,HAZARD,50,60.0
12:43:33.053,1.0098,4.098,HAZARD,50,59.0
12:43:33.158,1.0157,4.098,HAZARD,50,59.0
12:43:33.263,1.001,4.098,HAZARD,50,57.0
12:43:33.373,1.0145,4.098,HAZARD,50,59.0
12:43:33.475,1.0004,4.098,HAZARD,50,57.0
12:43:33.577,1.0065,4.098,HAZARD,50,56.0
12:43:33.685,1.0145,4.098,HAZARD,50,58.0
12:43:33.784,1.0171,4.098,HAZARD,50,60.0
12:43:33.886,1.0067,4.098,HAZARD,50,57.0
12:43:33.998,1.0028,4.098,HAZARD,50,60.0
12:43:34.108,1.0096,3.0,HAZARD,68,75.0
12:43:34.204,1.0111,3.0,HAZARD,68,77.0
12:43:34.308,1.0001,3.0,HAZARD,68,75.0
12:43:34.414,1.0038,3.0,CAUTION,68,74.0
12:43:34.521,1.0149,3.0,CAUTION,68,77.0
12:43:34.631,1.009,3.0,CAUTION,68,76.0
12:43:34.741,1.0145,3.0,CAUTION,68,77.0
12:43:34.847,1.0011,3.0,CAUTION,68,75.0
12:43:34.948,1.3466,3.0,CAUTION,68,73.0
12:43:35.060,1.0405,3.0,CAUTION,68,78.0
12:43:35.172,1.0604,3.0,CAUTION,68,99.0
12:43:35.271,1.0314,3.0,CAUTION,67,91.0
12:43:35.377,1.0455,3.0,CAUTION,67,99.0
12:43:35.470,1.0245,3.0,CAUTION,67,80.0
12:43:35.579,1.0126,3.0,CAUTION,67,81.0
12:43:35.696,1.0143,3.0,CAUTION,67,79.0
12:43:35.806,1.0195,3.0,CAUTION,67,77.0
12:43:35.909,1.0001,0.0,CAUTION,67,99.0
12:43:36.018,1.032,0.0,CAUTION,67,99.0
12:43:36.126,1.0179,0.0,CAUTION,67,99.0
12:43:36.232,1.019,0.0,CAUTION,67,99.0
12:43:36.340,1.02,0.0,CAUTION,67,99.0
12:43:36.445,1.0058,0.0,CAUTION,67,99.0
12:43:36.554,1.017,0.0,CAUTION,67,99.0
12:43:36.659,1.0098,0.0,CAUTION,67,99.0
12:43:36.770,1.0123,0.0,CAUTION,67,99.0
12:43:36.869,1.008,0.0,CAUTION,67,99.0
12:43:36.984,1.0121,0.0,CAUTION,100,100.0
12:43:37.094,1.0137,0.0,CAUTION,100,100.0
12:43:37.207,1.0165,0.0,CAUTION,100,100.0
12:43:37.311,1.0103,0.0,NORMAL,100,100.0
12:43:37.416,1.0138,0.0,NORMAL,100,100.0
12:43:37.521,1.0025,0.0,NORMAL,100,100.0
12:43:37.619,1.0144,0.0,NORMAL,100,100.0
12:43:37.710,1.0147,0.0,NORMAL,100,100.0
12:43:37.814,1.0091,4.2105,NORMAL,48,69.9
12:43:37.914,1.0138,4.2105,NORMAL,48,69.9
12:43:38.020,1.0122,4.2105,NORMAL,48,68.9
12:43:38.166,1.0039,4.2105,HAZARD,48,67.9
12:43:38.269,1.0098,4.2105,HAZARD,48,67.9
12:43:38.374,1.0079,4.2105,HAZARD,48,67.9
12:43:38.484,1.0149,4.2105,HAZARD,48,67.9
12:43:38.592,1.0125,4.2105,HAZARD,48,68.9
12:43:38.696,1.0128,4.2105,HAZARD,48,69.9
12:43:38.801,1.0091,4.2105,HAZARD,48,68.9
12:43:38.894,1.009,4.2105,HAZARD,48,69.9
12:43:39.002,1.003,4.2105,HAZARD,48,67.9
12:43:39.115,1.0094,4.2105,HAZARD,48,67.9
12:43:39.216,1.0078,4.2105,HAZARD,48,67.9
12:43:39.327,1.0101,4.2105,HAZARD,48,68.9
12:43:39.435,1.0024,4.2105,HAZARD,48,68.9
12:43:39.540,1.0005,4.2105,HAZARD,48,67.9
12:43:39.646,1.0033,4.2105,HAZARD,48,66.9
12:43:39.750,1.01,4.2105,HAZARD,48,67.9
12:43:39.858,1.0199,4.2105,HAZARD,48,71.9
12:43:39.955,1.0099,4.2105,HAZARD,48,68.9
12:43:40.062,1.0067,4.2105,HAZARD,48,70.9
12:43:40.160,1.0068,4.2105,HAZARD,48,66.9
12:43:40.268,1.01,4.2105,HAZARD,48,68.9
12:43:40.379,1.0181,4.2105,HAZARD,48,71.9
12:43:40.479,1.0016,4.2105,HAZARD,48,67.9
12:43:40.582,1.0099,4.2105,HAZARD,48,71.9
12:43:40.689,1.0148,4.2105,HAZARD,48,69.9
12:43:40.803,1.007,4.2105,HAZARD,48,67.9
12:43:40.911,1.01,4.2105,HAZARD,48,69.9
12:43:41.012,1.0162,4.2105,HAZARD,48,70.9
12:43:41.110,1.0079,4.2105,HAZARD,48,67.9
12:43:41.208,1.0113,4.2105,HAZARD,48,71.9
12:43:41.324,1.0113,4.2105,HAZARD,48,68.9
12:43:41.433,1.005,4.2105,HAZARD,48,66.9
12:43:41.540,1.0076,0.0,HAZARD,100,100.0
12:43:41.644,1.0125,0.0,HAZARD,100,100.0
12:43:41.741,1.0116,0.0,HAZARD,100,100.0
12:43:41.845,1.0055,0.0,NORMAL,100,100.0
12:43:41.952,1.0025,0.0,NORMAL,100,100.0
12:43:42.054,1.0144,0.0,NORMAL,100,100.0
12:43:42.156,1.0127,0.0,NORMAL,100,100.0
12:43:42.262,1.0095,0.0,NORMAL,100,100.0
12:43:42.366,1.007,0.0,NORMAL,100,100.0
12:43:42.456,1.0185,0.0,NORMAL,100,100.0
12:43:42.564,1.0057,0.0,NORMAL,100,100.0
12:43:42.670,1.0046,0.0,NORMAL,100,100.0
12:43:42.774,1.0123,0.0,NORMAL,100,100.0
12:43:42.878,1.0056,0.0,NORMAL,100,100.0
12:43:42.984,1.0028,0.0,NORMAL,100,100.0
12:43:43.092,1.0172,0.0,NORMAL,100,100.0
12:43:43.183,1.0141,0.0,NORMAL,100,100.0
12:43:43.282,1.0089,0.0,NORMAL,100,100.0
12:43:43.390,1.0056,0.0,NORMAL,100,100.0
12:43:43.496,1.0156,0.0,NORMAL,100,100.0
12:43:43.599,1.0143,0.0,NORMAL,100,100.0
12:43:43.701,1.0004,0.0,NORMAL,100,100.0
12:43:43.824,1.0037,0.0,NORMAL,100,100.0
12:43:43.926,1.0095,0.0,NORMAL,100,100.0
12:43:44.032,1.0176,0.0,NORMAL,100,100.0
12:43:44.143,1.0112,0.0,NORMAL,100,100.0
12:43:44.245,1.0046,0.0,NORMAL,100,100.0
12:43:44.345,1.0001,0.0,NORMAL,100,100.0
12:43:44.460,1.0064,0.0,NORMAL,100,100.0
12:43:44.563,1.0054,0.0,NORMAL,100,100.0
12:43:44.667,1.0042,0.0,NORMAL,100,100.0
12:43:44.772,1.0111,0.0,NORMAL,100,100.0
12:43:44.879,1.0015,0.0,NORMAL,100,100.0
12:43:44.988,1.0058,0.0,NORMAL,100,100.0
12:43:45.091,1.004,0.0,NORMAL,100,100.0
12:43:45.190,1.0059,0.0,NORMAL,100,100.0
12:43:45.296,1.0188,0.0,NORMAL,100,100.0
12:43:45.404,1.0171,0.0,NORMAL,100,100.0
12:43:45.494,1.013,0.0,NORMAL,100,100.0
12:43:45.604,1.0104,0.0,NORMAL,100,100.0
12:43:45.716,1.0071,0.0,NORMAL,100,100.0
12:43:45.814,1.0143,0.0,NORMAL,100,100.0
12:43:45.910,1.0048,0.0,NORMAL,100,100.0
12:43:46.018,1.0058,0.0,NORMAL,100,100.0
12:43:46.117,1.0145,0.0,NORMAL,100,100.0
12:43:46.224,1.014,0.0,NORMAL,100,100.0
12:43:46.324,1.0017,0.0,NORMAL,100,100.0
12:43:46.431,1.0098,0.0,NORMAL,100,100.0
12:43:46.544,1.0093,0.0,NORMAL,100,100.0
12:43:46.635,1.0058,4.2561,NORMAL,65,75.0
12:43:46.743,1.0039,4.2561,NORMAL,65,74.0
12:43:46.841,1.0031,4.2561,NORMAL,65,74.0
12:43:46.950,1.0013,4.2561,CAUTION,65,75.0
12:43:47.055,1.0188,4.2561,CAUTION,65,76.0
12:43:47.187,1.0169,4.2561,CAUTION,65,77.0
12:43:47.296,1.006,4.2561,CAUTION,65,77.0
12:43:47.396,1.0132,4.2561,CAUTION,65,78.0
12:43:47.507,1.0093,4.2561,CAUTION,65,76.0
12:43:47.622,1.0195,4.2561,CAUTION,65,78.0
12:43:47.728,1.011,4.2561,CAUTION,65,77.0
12:43:47.824,1.0106,4.2561,CAUTION,66,77.9
12:43:47.926,1.0038,4.2561,CAUTION,66,72.8
12:43:48.038,1.0139,4.2561,CAUTION,72,70.5
12:43:48.152,1.0025,2.6667,CAUTION,72,72.0
12:43:48.261,1.0099,2.6667,CAUTION,74,72.0
12:43:48.365,1.0119,2.6667,CAUTION,78,74.0
12:43:48.464,1.012,2.6667,CAUTION,78,73.0
12:43:48.570,1.0107,2.6667,CAUTION,78,73.0
12:43:48.677,1.0106,2.6667,CAUTION,78,73.0
12:43:48.783,1.0042,2.6667,CAUTION,78,71.0
12:43:48.882,1.0134,2.6667,CAUTION,78,73.0
12:43:48.979,1.0108,2.6667,CAUTION,78,73.0
12:43:49.089,1.0071,2.6667,CAUTION,78,71.0
12:43:49.199,1.0101,2.6667,CAUTION,78,73.0
12:43:49.301,1.0055,2.6667,CAUTION,78,71.0
12:43:49.409,1.0097,2.6667,CAUTION,78,73.0
12:43:49.515,1.0038,2.6667,CAUTION,78,72.0
12:43:49.627,1.0171,2.6667,CAUTION,74,73.0
12:43:49.729,1.0181,2.6667,CAUTION,74,74.0
12:43:49.840,1.0092,2.6667,CAUTION,74,77.0
12:43:49.939,1.0019,2.6667,CAUTION,74,77.0
12:43:50.047,1.0057,3.0,CAUTION,74,74.0
12:43:50.165,1.0064,3.0,CAUTION,74,74.0
12:43:50.287,1.0147,3.0,CAUTION,74,76.0
12:43:50.385,1.0128,3.0,CAUTION,74,76.0
12:43:50.487,1.0096,3.0,CAUTION,74,77.0
12:43:50.586,1.0047,3.0,CAUTION,74,75.0
12:43:50.696,1.0019,3.0,CAUTION,74,75.0
12:43:50.808,1.0038,3.0,CAUTION,74,74.0
12:43:50.907,1.0114,3.0,CAUTION,74,75.0
12:43:51.016,1.0135,3.0,CAUTION,74,76.0
12:43:51.120,1.0189,3.0,CAUTION,68,77.0
12:43:51.223,1.0148,3.0,CAUTION,68,76.0
12:43:51.340,1.0151,3.0,CAUTION,68,80.0
12:43:51.438,1.0072,3.0,CAUTION,68,76.0
12:43:51.538,1.0158,3.0,CAUTION,68,78.0
12:43:51.632,1.0033,3.0,CAUTION,68,74.0
12:43:51.736,1.011,3.0,CAUTION,68,77.0
12:43:51.845,1.0028,4.1463,CAUTION,49,58.0
12:43:51.954,1.0152,4.1463,CAUTION,49,58.0
12:43:52.064,1.0006,4.1463,CAUTION,49,57.0
12:43:52.165,1.0002,4.1463,HAZARD,49,58.0
12:43:52.266,1.0081,4.1463,HAZARD,49,56.0
12:43:52.375,1.0143,4.1463,HAZARD,49,57.0
12:43:52.489,1.0069,4.1463,HAZARD,49,57.0
12:43:52.592,1.0088,4.1463,HAZARD,49,58.0
12:43:52.695,1.0018,4.1463,HAZARD,49,59.0
12:43:52.792,1.0164,4.1463,HAZARD,49,58.0
12:43:52.898,1.0074,4.1463,HAZARD,49,57.0
12:43:53.003,1.0122,4.1463,HAZARD,49,60.0
12:43:53.109,1.0093,4.1463,HAZARD,49,58.0
12:43:53.211,1.0029,4.1463,HAZARD,49,57.0
12:43:53.320,1.0103,4.1463,HAZARD,49,57.0
12:43:53.421,1.0034,4.1463,HAZARD,49,57.0
12:43:53.529,1.0132,4.1463,HAZARD,49,58.0
12:43:53.633,1.0005,4.1463,HAZARD,49,57.0
12:43:53.724,1.0075,0.0,HAZARD,100,100.0
12:43:53.832,1.0141,0.0,HAZARD,100,100.0
12:43:53.937,1.0007,0.0,HAZARD,100,100.0
12:43:54.044,1.0104,0.0,NORMAL,100,100.0
12:43:54.146,1.0062,0.0,NORMAL,100,100.0
12:43:54.245,1.0059,0.0,NORMAL,100,100.0
12:43:54.347,1.0112,0.0,NORMAL,100,100.0
12:43:54.448,1.0159,0.0,NORMAL,100,100.0
12:43:54.557,1.0044,0.0,NORMAL,100,100.0
12:43:54.665,1.0143,0.0,NORMAL,100,100.0
12:43:54.754,1.017,0.0,NORMAL,100,100.0
12:43:54.854,1.004,0.0,NORMAL,100,100.0
12:43:54.950,1.0037,0.0,NORMAL,100,100.0
12:43:55.048,1.0076,0.0,NORMAL,100,100.0
12:43:55.154,1.0126,0.0,NORMAL,100,100.0
12:43:55.251,1.0013,0.0,NORMAL,100,100.0
12:43:55.362,1.0005,0.0,NORMAL,100,100.0
12:43:55.469,1.0003,0.0,NORMAL,100,100.0
12:43:55.584,1.0043,0.0,NORMAL,100,100.0
12:43:55.689,1.0134,0.0,NORMAL,100,100.0
12:43:55.799,1.0111,0.0,NORMAL,100,100.0
12:43:55.920,1.0108,0.0,NORMAL,100,100.0
12:43:56.022,1.0031,0.0,NORMAL,100,100.0
12:43:56.135,1.0047,0.0,NORMAL,100,100.0
12:43:56.240,1.01,0.0,NORMAL,100,100.0
12:43:56.337,1.0117,0.0,NORMAL,100,100.0
12:43:56.430,1.0127,0.0,NORMAL,100,100.0
12:43:56.536,1.0195,0.0,NORMAL,100,100.0
12:43:56.637,1.0141,0.0,NORMAL,100,100.0
12:43:56.742,1.0036,0.0,NORMAL,100,100.0
12:43:56.841,1.0015,0.0,NORMAL,100,100.0
12:43:56.939,1.0116,0.0,NORMAL,100,100.0
12:43:57.040,1.0118,0.0,NORMAL,100,100.0
12:43:57.147,1.0042,0.0,NORMAL,100,100.0
12:43:57.239,1.0068,0.0,NORMAL,100,100.0
12:43:57.335,1.0079,0.0,NORMAL,100,100.0
12:43:57.440,1.0035,0.0,NORMAL,100,100.0
12:43:57.539,1.0064,0.0,NORMAL,100,100.0
12:43:57.634,1.0002,0.0,NORMAL,100,100.0
12:43:57.732,1.012,0.0,NORMAL,100,100.0
12:43:57.839,1.0055,0.0,NORMAL,100,100.0
12:43:57.939,1.0028,0.0,NORMAL,100,100.0
12:43:58.031,1.0156,0.0,NORMAL,100,100.0
12:43:58.141,1.008,0.0,NORMAL,100,100.0
12:43:58.247,1.0163,0.0,NORMAL,100,100.0
12:43:58.343,1.005,0.0,NORMAL,100,100.0
12:43:58.442,1.017,0.0,NORMAL,100,100.0
12:43:58.546,1.0107,0.0,NORMAL,100,100.0
12:43:58.641,1.0064,0.0,NORMAL,100,100.0
12:43:58.742,1.0053,0.0,NORMAL,100,100.0
12:43:58.846,1.0122,0.0,NORMAL,100,100.0
12:43:58.955,1.0006,0.0,NORMAL,100,100.0
12:43:59.063,1.0138,0.0,NORMAL,100,100.0
12:43:59.164,1.0116,2.5,NORMAL,72,71.5
12:43:59.270,1.013,2.5,NORMAL,72,71.5
12:43:59.371,1.0024,2.5,NORMAL,72,70.5
12:43:59.481,1.015,0.0,NORMAL,100,100.0
12:43:59.572,1.0014,0.0,NORMAL,100,100.0
12:43:59.680,1.0127,0.0,NORMAL,100,100.0
12:43:59.781,1.0183,0.0,NORMAL,100,100.0
12:43:59.893,1.0105,0.0,NORMAL,100,100.0
12:43:59.990,1.0049,2.1,NORMAL,70,74.6
12:44:00.099,1.0053,2.1,NORMAL,70,71.6
12:44:00.210,1.0046,0.0,NORMAL,100,100.0
12:44:00.314,1.0007,0.0,NORMAL,100,100.0
12:44:00.414,1.0038,0.0,NORMAL,100,100.0
12:44:00.527,1.0089,0.0,NORMAL,100,100.0
12:44:00.634,1.0028,0.0,NORMAL,100,100.0
12:44:00.744,1.02,2.1,NORMAL,70,73.6
12:44:00.853,1.0076,0.0,NORMAL,100,100.0
12:44:00.950,1.0107,2.1,NORMAL,70,76.6
12:44:01.063,1.0128,2.1,NORMAL,70,73.6
12:44:01.171,1.0061,2.1,CAUTION,70,71.6
12:44:01.276,1.0112,2.1,CAUTION,70,72.6
12:44:01.379,1.0053,2.1,CAUTION,70,71.6
12:44:01.485,1.0006,2.1,CAUTION,70,72.6
12:44:01.601,1.0078,2.1,CAUTION,70,70.6
12:44:01.708,1.0202,2.1,CAUTION,70,73.6
12:44:01.814,1.0071,3.0,CAUTION,68,74.0
12:44:01.927,1.0027,3.0,CAUTION,68,78.0
12:44:02.026,1.0005,3.0,CAUTION,68,75.0
12:44:02.127,1.0213,3.0,CAUTION,68,76.0
12:44:02.261,1.0089,1.325,CAUTION,80,58.0
12:44:02.371,1.0119,1.325,CAUTION,80,62.0
12:44:02.478,1.0126,1.325,CAUTION,80,58.0
12:44:02.587,1.0083,1.325,CAUTION,80,57.0
12:44:02.682,1.0125,1.325,CAUTION,80,58.0
12:44:02.781,1.0095,1.325,CAUTION,80,58.0
12:44:02.881,1.0063,1.325,CAUTION,80,57.0
12:44:02.983,1.0015,0.0,CAUTION,100,100.0
12:44:03.085,1.0151,0.0,CAUTION,100,100.0
12:44:03.187,1.0003,0.0,CAUTION,100,100.0
12:44:03.292,1.0104,0.0,NORMAL,100,100.0
12:44:03.391,1.0105,0.0,NORMAL,100,100.0
12:44:03.496,1.019,0.0,NORMAL,100,100.0
12:44:03.600,1.0084,0.0,NORMAL,100,100.0
12:44:03.701,1.0142,0.0,NORMAL,100,100.0
12:44:03.801,1.0007,0.0,NORMAL,100,100.0
12:44:03.902,1.0034,0.0,NORMAL,100,100.0
12:44:04.000,1.0001,0.0,NORMAL,100,100.0
12:44:04.103,1.0008,0.0,NORMAL,100,100.0
12:44:04.207,1.0074,0.0,NORMAL,100,100.0
12:44:04.359,1.0097,0.0,NORMAL,100,100.0
12:44:04.479,1.0164,0.0,NORMAL,100,100.0
12:44:04.598,1.0112,0.0,NORMAL,100,100.0
12:44:04.706,1.0029,0.0,NORMAL,100,100.0
12:44:04.817,1.0017,0.0,NORMAL,100,100.0
12:44:04.933,1.0191,0.0,NORMAL,100,100.0
12:44:05.038,1.014,0.0,NORMAL,100,100.0
12:44:05.149,1.0168,0.0,NORMAL,100,100.0
12:44:05.254,1.0127,0.0,NORMAL,100,100.0
12:44:05.361,1.0104,0.0,NORMAL,100,100.0
12:44:05.455,1.0059,0.0,NORMAL,100,100.0
12:44:05.558,1.0015,0.0,NORMAL,100,100.0
12:44:05.665,1.0101,0.0,NORMAL,100,100.0
12:44:05.758,1.0108,0.0,NORMAL,100,100.0
12:44:05.862,1.0036,0.0,NORMAL,100,100.0
12:44:05.966,1.0111,0.0,NORMAL,100,100.0
12:44:06.064,1.0087,0.0,NORMAL,100,100.0
12:44:06.164,1.0152,0.0,NORMAL,100,100.0
12:44:06.260,1.0128,0.0,NORMAL,100,100.0
12:44:06.373,1.0024,0.0,NORMAL,100,100.0
12:44:06.461,1.0146,0.0,NORMAL,100,100.0
12:44:06.565,1.0195,0.0,NORMAL,100,100.0
12:44:06.667,1.0142,0.0,NORMAL,100,100.0
12:44:06.773,1.0144,0.0,NORMAL,100,100.0
12:44:06.879,1.0035,0.0,NORMAL,100,100.0
12:44:06.980,1.0115,0.0,NORMAL,100,100.0
12:44:07.080,1.009,0.0,NORMAL,100,100.0
12:44:07.180,2.6245,0.0,NORMAL,30,43.0
12:44:07.284,1.2346,0.0,NORMAL,100,63.0
12:44:07.382,1.2203,0.0,NORMAL,100,86.0
12:44:07.475,1.192,0.0,NORMAL,100,98.0
12:44:07.609,1.1546,0.0,NORMAL,100,98.0
12:44:07.716,1.1353,0.0,NORMAL,100,97.0
12:44:07.819,1.111,0.0,NORMAL,100,80.0
12:44:07.920,1.0877,0.0,NORMAL,100,67.0
12:44:08.019,1.0576,0.0,NORMAL,100,58.0
12:44:08.117,1.0681,0.0,NORMAL,100,41.0
12:44:08.221,1.0559,0.0,NORMAL,100,40.0
12:44:08.321,1.0383,0.0,NORMAL,100,51.0
12:44:08.425,1.044,0.0,NORMAL,100,80.0
12:44:08.515,1.028,0.0,NORMAL,100,100.0
12:44:08.611,1.0195,0.0,NORMAL,100,100.0
12:44:08.711,1.0315,0.0,NORMAL,100,100.0
12:44:08.816,1.0336,0.0,NORMAL,100,100.0
12:44:08.921,1.0272,0.0,NORMAL,100,100.0
12:44:09.018,1.0288,0.0,NORMAL,100,100.0
12:44:09.114,1.0084,0.0,NORMAL,100,100.0
12:44:09.215,1.002,0.0,NORMAL,100,100.0
12:44:09.315,1.0044,0.0,NORMAL,100,100.0
12:44:09.421,1.0028,0.0,NORMAL,100,100.0
12:44:09.534,1.0066,0.0,NORMAL,100,100.0
12:44:09.635,1.0045,0.0,NORMAL,100,100.0
12:44:09.738,1.0189,0.0,NORMAL,100,100.0
12:44:09.829,1.0215,0.0,NORMAL,100,100.0
12:44:09.917,1.0082,0.0,NORMAL,100,100.0
12:44:10.021,1.0066,0.0,NORMAL,100,100.0
12:44:10.129,1.009,0.0,NORMAL,100,100.0
12:44:10.229,1.001,0.0,NORMAL,100,100.0
12:44:10.329,1.0169,0.0,NORMAL,100,100.0
12:44:10.439,1.0001,0.0,NORMAL,100,100.0
12:44:10.544,1.002,0.0,NORMAL,100,100.0
12:44:10.637,1.0016,0.0,NORMAL,100,100.0
12:44:10.745,1.015,0.0,NORMAL,100,100.0
12:44:10.846,1.0124,0.0,NORMAL,100,100.0
12:44:10.953,1.0129,0.0,NORMAL,100,100.0
12:44:11.049,1.0128,0.0,NORMAL,100,100.0
12:44:11.154,1.0023,0.0,NORMAL,100,100.0
12:44:11.256,1.019,0.0,NORMAL,100,100.0
12:44:11.360,1.0059,0.0,NORMAL,100,100.0
12:44:11.460,1.0111,0.0,NORMAL,100,100.0
12:44:11.556,1.0048,0.0,NORMAL,100,100.0
12:44:11.662,1.0046,0.0,NORMAL,100,100.0
12:44:11.759,1.0151,0.0,NORMAL,100,100.0
12:44:11.864,1.0097,0.0,NORMAL,100,100.0
12:44:11.982,1.0108,0.0,NORMAL,100,100.0
12:44:12.082,1.009,0.0,NORMAL,100,100.0
12:44:12.187,1.0082,0.0,NORMAL,100,100.0
12:44:12.282,1.0045,0.0,NORMAL,100,100.0
12:44:12.384,1.011,0.0,NORMAL,100,100.0
12:44:12.484,1.0087,0.0,NORMAL,100,100.0
12:44:12.577,1.0025,0.0,NORMAL,100,100.0
12:44:12.681,1.0063,0.0,NORMAL,100,100.0
12:44:12.805,1.0169,0.0,NORMAL,100,100.0
12:44:12.916,1.0075,0.0,NORMAL,100,100.0
12:44:13.017,1.0083,0.0,NORMAL,100,100.0
12:44:13.125,1.0109,0.0,NORMAL,100,100.0
12:44:13.226,1.0012,0.0,NORMAL,100,100.0
12:44:13.329,1.002,0.0,NORMAL,100,100.0
12:44:13.436,1.0071,0.0,NORMAL,100,100.0
12:44:13.531,1.0013,0.0,NORMAL,100,100.0
12:44:13.626,1.0007,0.0,NORMAL,100,100.0
12:44:13.734,1.0101,0.0,NORMAL,100,100.0
12:44:13.838,1.0089,0.0,NORMAL,100,100.0
12:44:13.945,1.0109,0.0,NORMAL,100,100.0
12:44:14.049,1.0129,0.0,NORMAL,100,100.0
12:44:14.146,1.0109,0.0,NORMAL,100,100.0
12:44:14.242,1.0113,0.0,NORMAL,100,100.0
12:44:14.349,1.0044,0.0,NORMAL,100,100.0
12:44:14.448,1.0175,0.0,NORMAL,100,100.0
12:44:14.539,1.0102,0.0,NORMAL,100,100.0
12:44:14.646,1.0057,0.0,NORMAL,100,100.0
12:44:14.746,1.014,0.0,NORMAL,100,100.0
12:44:14.842,1.0011,0.0,NORMAL,100,100.0
12:44:14.939,1.0097,0.0,NORMAL,100,100.0
12:44:15.045,1.0062,0.0,NORMAL,100,100.0
12:44:15.157,1.0022,4.7067,NORMAL,41,72.4
12:44:15.263,1.0037,4.7067,NORMAL,41,71.4
12:44:15.370,1.0047,4.7067,NORMAL,41,71.4
12:44:15.473,1.0039,4.7067,HAZARD,41,71.4
12:44:15.580,1.0061,4.7067,HAZARD,41,71.4
12:44:15.680,1.0184,4.7067,HAZARD,41,73.4
12:44:15.780,1.0152,4.7067,HAZARD,41,74.4
12:44:15.881,1.001,4.7067,HAZARD,41,75.4
12:44:15.973,1.0016,4.7067,HAZARD,41,73.4
12:44:16.086,1.0052,4.7067,HAZARD,41,71.4
12:44:16.190,1.0023,4.7067,HAZARD,41,72.4
12:44:16.289,1.0014,4.7067,HAZARD,41,72.4
12:44:16.392,1.0037,4.7067,HAZARD,41,71.4
12:44:16.496,1.0131,4.7067,HAZARD,41,73.4
12:44:16.604,1.001,0.0,HAZARD,74,100.0
12:44:16.713,1.0038,0.0,HAZARD,74,100.0
12:44:16.819,1.0101,0.0,HAZARD,74,100.0
12:44:16.925,1.0013,0.0,CAUTION,74,100.0
12:44:17.032,1.0044,0.0,CAUTION,74,100.0
12:44:17.169,1.0095,0.0,CAUTION,74,100.0
12:44:17.275,1.0043,0.0,CAUTION,74,100.0
12:44:17.385,1.0159,0.0,CAUTION,74,100.0
12:44:17.489,1.0029,0.0,CAUTION,74,100.0
12:44:17.601,1.0158,0.0,CAUTION,74,100.0
12:44:17.699,1.0076,0.0,CAUTION,74,100.0
12:44:17.803,1.0014,2.3,CAUTION,74,76.0
12:44:17.906,1.0044,2.3,CAUTION,74,74.0
12:44:18.015,1.015,2.3,CAUTION,74,77.0
12:44:18.125,1.0025,2.3,CAUTION,68,75.0
12:44:18.230,1.0134,2.3,CAUTION,68,78.0
12:44:18.334,1.0058,2.3,CAUTION,68,75.0
12:44:18.444,1.0105,2.3,CAUTION,68,75.0
12:44:18.566,1.0031,2.3,CAUTION,68,75.0
12:44:18.664,1.0052,2.3,CAUTION,68,74.0
12:44:18.766,1.0048,2.3,CAUTION,68,74.0
12:44:18.866,1.0045,2.3,CAUTION,68,74.0
12:44:18.963,1.0029,2.3,CAUTION,68,74.0
12:44:19.066,1.0152,2.3,CAUTION,68,76.0
12:44:19.170,1.0053,2.3,CAUTION,68,74.0
12:44:19.276,1.0067,2.3,CAUTION,68,75.0
12:44:19.383,1.0014,2.3,CAUTION,68,75.0
12:44:19.490,1.0153,2.3,CAUTION,68,76.0
12:44:19.601,1.0104,1.3855,CAUTION,80,58.0
12:44:19.697,1.0057,1.3855,CAUTION,80,57.0
12:44:19.797,1.0139,1.3855,CAUTION,71,70.8
12:44:19.924,1.0095,1.3855,CAUTION,71,70.8
12:44:20.022,1.0105,1.3855,CAUTION,71,71.8
12:44:20.122,1.0083,1.3855,CAUTION,71,69.8
12:44:20.230,1.0082,1.3855,CAUTION,71,68.8
12:44:20.345,1.0148,1.3855,CAUTION,71,69.8
12:44:20.438,1.0009,1.3855,CAUTION,71,69.8
12:44:20.543,1.0053,0.0,CAUTION,71,99.0
12:44:20.654,1.0041,0.0,CAUTION,71,99.0
12:44:20.793,1.0154,0.0,CAUTION,71,99.0
12:44:20.889,1.0021,0.0,CAUTION,71,99.0
12:44:20.988,1.0106,0.0,CAUTION,71,99.0
12:44:21.098,1.0064,0.0,CAUTION,71,99.0
12:44:21.211,1.0071,0.0,CAUTION,71,99.0
12:44:21.318,1.0018,0.0,CAUTION,100,100.0
12:44:21.422,1.0101,0.0,CAUTION,100,100.0
12:44:21.516,1.0038,0.0,CAUTION,100,100.0
12:44:21.613,1.0134,0.0,NORMAL,100,100.0
12:44:21.715,1.0035,0.0,NORMAL,100,100.0
12:44:21.817,1.0074,0.0,NORMAL,100,100.0
12:44:21.916,1.0029,0.0,NORMAL,100,100.0
12:44:22.023,1.009,0.0,NORMAL,100,100.0
12:44:22.121,1.0055,0.0,NORMAL,100,100.0
12:44:22.223,1.0106,0.0,NORMAL,100,100.0
12:44:22.321,1.0154,0.0,NORMAL,100,100.0
12:44:22.427,1.0027,0.0,NORMAL,100,100.0
12:44:22.538,1.0079,0.0,NORMAL,100,100.0
12:44:22.651,1.0088,0.0,NORMAL,100,100.0
12:44:22.756,1.0138,0.0,NORMAL,100,100.0
12:44:22.864,1.0038,0.0,NORMAL,100,100.0
12:44:22.961,1.0143,0.0,NORMAL,100,100.0
12:44:23.073,1.0149,0.0,NORMAL,100,100.0
12:44:23.175,1.0083,0.0,NORMAL,100,100.0
12:44:23.286,1.0009,0.0,NORMAL,100,100.0
12:44:23.396,1.0046,0.0,NORMAL,100,100.0
12:44:23.508,1.0014,2.3333,NORMAL,74,69.0
12:44:23.610,1.0103,2.3333,NORMAL,74,70.0
12:44:23.714,1.0132,2.3333,NORMAL,74,71.0
12:44:23.813,1.0015,2.3333,CAUTION,74,69.0
12:44:23.907,1.0161,2.3333,CAUTION,74,70.0
12:44:24.018,1.0156,2.3333,CAUTION,74,71.0
12:44:24.128,1.0137,2.3333,CAUTION,74,73.0
12:44:24.230,1.0031,2.3333,CAUTION,74,69.0
12:44:24.340,1.0056,2.3333,CAUTION,74,68.0
12:44:24.450,1.0127,2.3333,CAUTION,74,69.0
12:44:24.550,1.0157,2.3333,CAUTION,74,72.0
12:44:24.648,1.0072,2.3333,CAUTION,74,69.0
12:44:24.759,1.0007,2.3333,CAUTION,74,70.0
12:44:24.903,1.0108,2.3333,CAUTION,74,71.0
12:44:25.005,1.0112,2.3333,CAUTION,74,70.0
12:44:25.112,1.0182,2.3333,CAUTION,74,71.0
12:44:25.222,1.0119,2.3333,CAUTION,74,70.0
12:44:25.325,1.0019,3.0,CAUTION,68,78.0
12:44:25.432,1.0003,3.0,CAUTION,68,75.0
12:44:25.536,1.0077,3.0,CAUTION,68,73.0
12:44:25.643,1.0103,3.0,CAUTION,68,76.0
12:44:25.750,1.0047,3.0,CAUTION,68,74.0
12:44:25.851,1.0045,3.0,CAUTION,68,74.0
12:44:25.956,1.0135,3.0,CAUTION,68,76.0
12:44:26.063,1.0006,3.0,CAUTION,68,75.0
12:44:26.166,1.0052,3.0,CAUTION,68,74.0
12:44:26.268,1.0121,3.0,CAUTION,68,75.0
12:44:26.364,1.0088,3.0,CAUTION,68,75.0
12:44:26.459,1.0125,3.0,CAUTION,68,77.0
12:44:26.564,1.0061,3.0,CAUTION,68,74.0
12:44:26.676,1.0143,3.0,CAUTION,68,76.0
12:44:26.774,1.0104,3.0,CAUTION,68,76.0
12:44:26.877,1.0004,3.0,CAUTION,68,76.0
12:44:26.988,1.0089,3.0,CAUTION,68,76.0
12:44:27.086,1.0098,3.0,CAUTION,68,77.0
12:44:27.196,1.0107,3.0,CAUTION,68,77.0
12:44:27.301,1.0134,3.0,CAUTION,68,77.0
12:44:27.404,1.0053,3.0,CAUTION,68,75.0
12:44:27.506,1.0102,3.0,CAUTION,68,75.0
12:44:27.604,1.0186,3.0,CAUTION,68,78.0
12:44:27.709,1.0152,3.0,CAUTION,68,77.0
12:44:27.814,1.0092,3.0,CAUTION,68,79.0
12:44:27.918,1.0098,3.0,CAUTION,68,78.0
12:44:28.023,1.0136,3.0,CAUTION,68,78.0
12:44:28.138,1.0003,3.0,CAUTION,68,75.0
12:44:28.242,1.01,3.0,CAUTION,68,76.0
12:44:28.345,1.0023,3.0,CAUTION,68,77.0
12:44:28.460,1.007,3.0,CAUTION,68,73.0
12:44:28.575,1.0144,3.0,CAUTION,68,75.0
12:44:28.688,1.0081,3.0,CAUTION,68,74.0
12:44:28.794,1.0107,3.0,CAUTION,68,77.0
12:44:28.900,1.0038,3.0,CAUTION,68,75.0
12:44:29.001,1.0107,3.0,CAUTION,68,75.0
12:44:29.130,1.0214,0.0,CAUTION,100,100.0
12:44:29.239,1.0056,3.0,CAUTION,68,74.0
12:44:29.341,1.0188,3.0,CAUTION,68,79.0
12:44:29.443,1.0017,3.0,CAUTION,68,75.0
12:44:29.552,1.0043,3.0,CAUTION,68,77.0
12:44:29.658,1.0088,3.0,CAUTION,68,75.0
12:44:29.764,1.0135,3.0,CAUTION,68,76.0
12:44:29.870,1.0099,3.0,CAUTION,68,76.0
12:44:29.976,1.0129,3.0,CAUTION,68,78.0
12:44:30.074,1.0009,3.0,CAUTION,68,75.0
12:44:30.186,1.0175,3.0,CAUTION,68,76.0
12:44:30.291,1.0131,0.0,CAUTION,100,100.0
12:44:30.398,1.0192,0.0,CAUTION,100,100.0
12:44:30.501,1.0153,0.0,CAUTION,100,100.0
12:44:30.600,1.004,0.0,NORMAL,100,100.0
12:44:30.700,1.0149,0.0,NORMAL,100,100.0
12:44:30.810,1.0001,0.0,NORMAL,100,100.0
12:44:30.925,1.0032,0.0,NORMAL,100,100.0
12:44:31.025,1.007,0.0,NORMAL,100,100.0
12:44:31.129,1.0097,0.0,NORMAL,100,100.0
12:44:31.234,1.0021,0.0,NORMAL,100,100.0
12:44:31.331,1.0077,0.0,NORMAL,100,100.0
12:44:31.433,1.0042,0.0,NORMAL,100,100.0
12:44:31.530,1.0174,0.0,NORMAL,100,100.0
12:44:31.638,1.0056,0.0,NORMAL,100,100.0
12:44:31.748,1.0105,0.0,NORMAL,100,100.0
12:44:31.846,1.0106,0.0,NORMAL,100,100.0
12:44:31.945,1.0141,0.0,NORMAL,100,100.0
12:44:32.044,1.0031,0.0,NORMAL,100,100.0
12:44:32.145,1.0132,0.0,NORMAL,100,100.0
12:44:32.246,1.0073,0.0,NORMAL,100,100.0
12:44:32.348,1.0085,0.0,NORMAL,100,100.0
12:44:32.457,1.0019,0.0,NORMAL,100,100.0
12:44:32.563,1.0109,0.0,NORMAL,100,100.0
12:44:32.658,1.003,0.0,NORMAL,100,100.0
12:44:32.756,1.0007,0.0,NORMAL,100,100.0
12:44:32.856,1.0043,0.0,NORMAL,100,100.0
12:44:32.963,1.0106,0.0,NORMAL,100,100.0
12:44:33.069,1.0123,0.0,NORMAL,100,100.0
12:44:33.174,1.0062,0.0,NORMAL,100,100.0
12:44:33.275,1.0144,0.0,NORMAL,100,100.0
12:44:33.381,1.0138,0.0,NORMAL,100,100.0
12:44:33.478,1.011,0.0,NORMAL,100,100.0
12:44:33.607,1.0078,0.0,NORMAL,100,100.0
12:44:33.710,1.0001,0.0,NORMAL,100,100.0
12:44:33.824,1.0111,0.0,NORMAL,100,100.0
12:44:33.919,1.0089,0.0,NORMAL,100,100.0
12:44:34.018,1.0025,0.0,NORMAL,100,100.0
12:44:34.116,1.0156,0.0,NORMAL,100,100.0
12:44:34.225,1.0096,4.4406,NORMAL,45,71.0
12:44:34.331,1.0123,4.4406,NORMAL,45,73.0
12:44:34.435,1.0039,4.4406,NORMAL,45,70.0
12:44:34.536,1.0005,4.4406,HAZARD,45,70.0
12:44:34.643,1.0023,4.4406,HAZARD,45,70.0
12:44:34.752,1.0104,4.4406,HAZARD,45,71.0
12:44:34.848,1.0102,4.4406,HAZARD,45,71.0
12:44:34.949,1.0108,4.4406,HAZARD,45,71.0
12:44:35.051,1.0028,4.4406,HAZARD,45,71.0
12:44:35.163,1.0089,4.4406,HAZARD,45,70.0
12:44:35.263,2.6281,4.4406,HAZARD,45,99.0
12:44:35.369,1.2351,4.4406,HAZARD,45,97.0
12:44:35.472,1.2294,4.4406,HAZARD,45,80.0
12:44:35.571,1.1717,4.4406,HAZARD,45,72.0
12:44:35.680,1.1408,4.4406,HAZARD,45,78.0
12:44:35.788,1.1282,4.4406,HAZARD,45,94.0
12:44:35.887,1.1188,4.4406,HAZARD,45,99.0
12:44:35.993,1.1009,4.4406,HAZARD,45,99.0
12:44:36.100,1.0792,0.0,HAZARD,100,64.0
12:44:36.201,1.0728,0.0,HAZARD,100,58.0
12:44:36.304,1.0591,0.0,HAZARD,100,39.0
12:44:36.409,1.0445,0.0,NORMAL,100,50.0
12:44:36.516,1.0289,0.0,NORMAL,100,81.0
12:44:36.618,1.0481,0.0,NORMAL,100,100.0
12:44:36.723,1.0425,0.0,NORMAL,100,100.0
12:44:36.823,1.0227,0.0,NORMAL,100,100.0
12:44:36.922,1.0357,0.0,NORMAL,100,100.0
12:44:37.015,1.0084,0.0,NORMAL,100,99.0
12:44:37.126,1.0113,0.0,NORMAL,100,100.0
12:44:37.236,1.0241,0.0,NORMAL,100,100.0
12:44:37.343,1.0083,0.0,NORMAL,100,100.0
12:44:37.442,1.0059,0.0,NORMAL,100,100.0
12:44:37.554,1.0009,0.0,NORMAL,100,100.0
12:44:37.653,1.0154,0.0,NORMAL,100,100.0
12:44:37.758,1.0057,0.0,NORMAL,100,100.0
12:44:37.865,1.0148,0.0,NORMAL,100,100.0
12:44:37.965,1.0107,0.0,NORMAL,100,100.0
12:44:38.070,1.0216,0.0,NORMAL,100,100.0
12:44:38.173,1.0044,0.0,NORMAL,100,100.0
12:44:38.274,1.0133,0.0,NORMAL,100,100.0
12:44:38.380,1.0092,0.0,NORMAL,100,100.0
12:44:38.488,1.0137,0.0,NORMAL,100,100.0
12:44:38.586,1.0025,0.0,NORMAL,100,100.0
12:44:38.690,1.0185,0.0,NORMAL,100,100.0
12:44:38.796,1.0155,0.0,NORMAL,100,100.0
12:44:38.886,1.0061,0.0,NORMAL,100,100.0
12:44:39.010,1.0141,0.0,NORMAL,100,100.0
12:44:39.116,1.0047,0.0,NORMAL,100,100.0
12:44:39.245,1.0017,0.0,NORMAL,100,100.0
12:44:39.342,1.0168,0.0,NORMAL,100,100.0
12:44:39.444,1.018,0.0,NORMAL,100,100.0
12:44:39.546,1.0017,0.0,NORMAL,100,100.0
12:44:39.651,1.0103,0.0,NORMAL,100,100.0
12:44:39.753,1.0097,0.0,NORMAL,100,100.0
12:44:39.852,1.0004,0.0,NORMAL,100,100.0
12:44:39.947,1.0133,0.0,NORMAL,100,100.0
12:44:40.046,1.0003,0.0,NORMAL,100,100.0
12:44:40.155,1.0078,0.0,NORMAL,100,100.0
12:44:40.261,1.0021,0.0,NORMAL,100,100.0
12:44:40.366,1.0016,0.0,NORMAL,100,100.0
12:44:40.466,1.0042,0.0,NORMAL,100,100.0
12:44:40.565,1.0169,0.0,NORMAL,100,100.0
12:44:40.663,1.0124,0.0,NORMAL,100,100.0
12:44:40.765,1.019,0.0,NORMAL,100,100.0
12:44:40.865,1.0095,0.0,NORMAL,100,100.0
12:44:40.958,1.0064,0.0,NORMAL,100,100.0
12:44:41.064,1.0001,0.0,NORMAL,100,100.0
12:44:41.163,1.0076,0.0,NORMAL,100,100.0
12:44:41.272,1.0164,0.0,NORMAL,100,100.0
12:44:41.371,1.002,0.0,NORMAL,100,100.0
12:44:41.471,1.0147,0.0,NORMAL,100,100.0
12:44:41.573,1.0027,0.0,NORMAL,100,100.0
12:44:41.697,1.0071,0.0,NORMAL,100,100.0
12:44:41.796,1.0141,0.0,NORMAL,100,100.0
12:44:41.894,1.0156,0.0,NORMAL,100,100.0
12:44:41.989,1.0147,0.0,NORMAL,100,100.0
12:44:42.082,1.0154,0.0,NORMAL,100,100.0
12:44:42.184,1.0139,0.0,NORMAL,100,100.0
12:44:42.284,1.0163,0.0,NORMAL,100,100.0
12:44:42.388,1.0126,0.0,NORMAL,100,100.0
12:44:42.495,1.0138,0.0,NORMAL,100,100.0
12:44:42.601,1.0173,0.0,NORMAL,100,100.0
12:44:42.705,1.0147,0.0,NORMAL,100,100.0
12:44:42.808,1.0163,0.0,NORMAL,100,100.0
12:44:42.905,1.0135,0.0,NORMAL,100,100.0
12:44:43.000,1.0086,0.0,NORMAL,100,100.0
12:44:43.108,1.003,0.0,NORMAL,100,100.0
12:44:43.220,1.0157,0.0,NORMAL,100,100.0
12:44:43.326,1.0019,0.0,NORMAL,100,100.0
12:44:43.434,1.0095,0.0,NORMAL,100,100.0
12:44:43.537,1.0018,0.0,NORMAL,100,100.0
12:44:43.643,1.0079,0.0,NORMAL,100,100.0
12:44:43.748,1.0124,0.0,NORMAL,100,100.0
12:44:43.854,1.0063,0.0,NORMAL,100,100.0
12:44:43.947,1.0161,0.0,NORMAL,100,100.0
12:44:44.042,1.007,0.0,NORMAL,100,100.0
12:44:44.142,1.0132,0.0,NORMAL,100,100.0
12:44:44.236,1.0102,0.0,NORMAL,100,100.0
12:44:44.331,1.0032,0.0,NORMAL,100,100.0
12:44:44.468,1.0119,0.0,NORMAL,100,100.0
12:44:44.563,1.0058,0.0,NORMAL,100,100.0
12:44:44.657,1.0154,0.0,NORMAL,100,100.0
12:44:44.764,1.0125,0.0,NORMAL,100,100.0
12:44:44.865,1.0124,0.0,NORMAL,100,100.0
12:44:44.971,1.0183,0.0,NORMAL,100,100.0
12:44:45.073,1.0166,0.0,NORMAL,100,100.0
12:44:45.172,1.0063,0.0,NORMAL,100,100.0
12:44:45.266,1.0178,0.0,NORMAL,100,100.0
12:44:45.370,1.0152,0.0,NORMAL,100,100.0
12:44:45.475,1.0058,0.0,NORMAL,100,100.0
12:44:45.577,1.0088,0.0,NORMAL,100,100.0
12:44:45.675,1.0081,0.0,NORMAL,100,100.0
12:44:45.779,1.0137,0.0,NORMAL,100,100.0
12:44:45.888,1.0078,0.0,NORMAL,100,100.0
12:44:45.995,1.0072,0.0,NORMAL,100,100.0
12:44:46.097,1.0141,0.0,NORMAL,100,100.0
12:44:46.202,1.0093,0.0,NORMAL,100,100.0
12:44:46.309,1.0155,0.0,NORMAL,100,100.0
12:44:46.414,1.0054,0.0,NORMAL,100,100.0
12:44:46.516,1.0134,0.0,NORMAL,100,100.0
12:44:46.612,1.0129,0.0,NORMAL,100,100.0
12:44:46.716,1.0117,0.0,NORMAL,100,100.0
12:44:46.820,1.0029,0.0,NORMAL,100,100.0
12:44:46.926,1.0012,0.0,NORMAL,100,100.0
12:44:47.020,1.0167,0.0,NORMAL,100,100.0
12:44:47.121,1.0021,0.0,NORMAL,100,100.0
12:44:47.219,1.0029,0.0,NORMAL,100,100.0
12:44:47.326,1.0151,0.0,NORMAL,100,100.0
12:44:47.425,1.0012,0.0,NORMAL,100,100.0
12:44:47.528,1.0012,0.0,NORMAL,100,100.0
12:44:47.629,1.012,0.0,NORMAL,100,100.0
12:44:47.732,1.0043,0.0,NORMAL,100,100.0
12:44:47.838,1.0077,0.0,NORMAL,100,100.0
12:44:47.943,1.0107,0.0,NORMAL,100,100.0
12:44:48.048,1.0187,0.0,NORMAL,100,100.0
12:44:48.145,1.015,0.0,NORMAL,100,100.0
12:44:48.245,1.0055,0.0,NORMAL,100,100.0
12:44:48.359,1.0092,0.0,NORMAL,100,100.0
12:44:48.479,1.0149,0.0,NORMAL,100,100.0
12:44:48.577,1.0027,0.0,NORMAL,100,100.0
12:44:48.669,1.0176,4.0809,NORMAL,50,59.0
12:44:48.783,1.0108,4.0809,NORMAL,50,58.0
12:44:48.887,1.0141,4.0809,NORMAL,50,62.0
12:44:48.993,1.0023,4.0809,HAZARD,50,57.0
12:44:49.108,1.0016,4.0809,HAZARD,50,57.0
12:44:49.212,1.0032,4.0809,HAZARD,50,56.0
12:44:49.349,1.0114,4.0809,HAZARD,50,58.0
12:44:49.464,1.0078,4.0809,HAZARD,50,56.0
12:44:49.569,1.0046,4.0809,HAZARD,50,56.0
12:44:49.677,1.0063,4.0809,HAZARD,50,56.0
12:44:49.786,1.0045,4.0809,HAZARD,50,56.0
12:44:49.886,1.0149,4.0809,HAZARD,50,59.0
12:44:49.978,1.0018,4.0809,HAZARD,50,57.0
12:44:50.092,1.0069,4.0809,HAZARD,50,56.0
12:44:50.194,1.0006,4.0809,HAZARD,50,57.0
12:44:50.300,1.0018,4.0809,HAZARD,50,57.0
12:44:50.399,1.0015,4.0809,HAZARD,50,57.0
12:44:50.512,1.0125,3.0,HAZARD,68,77.0
12:44:50.626,1.0036,3.0,HAZARD,68,75.0
12:44:50.739,1.0008,3.0,HAZARD,68,75.0
12:44:50.842,1.0115,3.0,CAUTION,68,77.0
12:44:50.945,1.0173,3.0,CAUTION,68,77.0
12:44:51.050,1.017,3.0,CAUTION,68,77.0
12:44:51.154,1.001,3.0,CAUTION,68,78.0
12:44:51.251,1.0034,3.0,CAUTION,68,77.0
12:44:51.347,1.0026,3.0,CAUTION,68,75.0
12:44:51.461,1.0066,3.0,CAUTION,68,74.0
12:44:51.565,1.0129,3.0,CAUTION,68,75.0
12:44:51.663,1.014,3.0,CAUTION,68,76.0
12:44:51.772,1.0142,3.0,CAUTION,68,76.0
12:44:51.878,1.0142,3.0,CAUTION,68,76.0
12:44:51.984,1.0076,3.0,CAUTION,68,75.0
12:44:52.094,1.0093,3.0,CAUTION,68,77.0
12:44:52.199,1.0032,3.0,CAUTION,68,75.0
12:44:52.312,1.0075,3.0,CAUTION,68,74.0
12:44:52.415,1.0167,3.0,CAUTION,68,77.0
12:44:52.512,1.0108,3.0,CAUTION,68,76.0
12:44:52.612,1.0028,3.0,CAUTION,68,79.0
12:44:52.720,1.001,3.0,CAUTION,68,75.0
12:44:52.832,1.0112,3.0,CAUTION,68,77.0
12:44:52.968,1.0063,3.0,CAUTION,68,74.0
12:44:53.079,1.0138,3.0,CAUTION,68,75.0
12:44:53.189,1.0052,3.0,CAUTION,68,75.0
12:44:53.292,1.0171,3.0,CAUTION,68,76.0
12:44:53.391,1.013,3.0,CAUTION,68,76.0
12:44:53.494,1.0035,3.0,CAUTION,68,78.0
12:44:53.594,1.0092,3.0,CAUTION,68,75.0
12:44:53.700,1.0036,3.0,CAUTION,68,75.0
12:44:53.809,1.0022,3.0,CAUTION,68,75.0
12:44:53.918,1.003,3.0,CAUTION,68,74.0
12:44:54.028,1.0119,3.0,CAUTION,68,76.0
12:44:54.127,1.0101,0.0,CAUTION,100,100.0
12:44:54.226,1.002,0.0,CAUTION,100,100.0
12:44:54.333,1.0123,0.0,CAUTION,100,100.0
12:44:54.447,1.0159,0.0,NORMAL,100,100.0
12:44:54.554,1.0051,0.0,NORMAL,100,100.0
12:44:54.658,1.014,0.0,NORMAL,100,100.0
12:44:54.765,1.0047,0.0,NORMAL,100,100.0
12:44:54.856,1.0207,0.0,NORMAL,100,100.0
12:44:54.951,1.0001,0.0,NORMAL,100,100.0
12:44:55.056,1.0124,0.0,NORMAL,100,100.0
12:44:55.163,1.0001,0.0,NORMAL,100,100.0
12:44:55.268,1.0013,0.0,NORMAL,100,100.0
12:44:55.371,1.0061,0.0,NORMAL,100,100.0
12:44:55.480,1.014,0.0,NORMAL,100,100.0
12:44:55.586,1.0194,0.0,NORMAL,100,100.0
12:44:55.693,1.0089,0.0,NORMAL,100,100.0
12:44:55.798,1.0064,0.0,NORMAL,100,100.0
12:44:55.900,1.0052,0.0,NORMAL,100,100.0
12:44:56.001,1.0128,0.0,NORMAL,100,100.0
12:44:56.094,1.0137,0.0,NORMAL,100,100.0
12:44:56.204,1.0002,0.0,NORMAL,100,100.0
12:44:56.314,1.003,0.0,NORMAL,100,100.0
12:44:56.417,1.0043,0.0,NORMAL,100,100.0
12:44:56.514,1.0036,0.0,NORMAL,100,100.0
12:44:56.622,1.0106,0.0,NORMAL,100,100.0
12:44:56.731,1.0169,0.0,NORMAL,100,100.0
12:44:56.829,1.0027,0.0,NORMAL,100,100.0
12:44:56.928,1.0076,0.0,NORMAL,100,100.0
12:44:57.036,1.0093,0.0,NORMAL,100,100.0
12:44:57.129,1.005,0.0,NORMAL,100,100.0
12:44:57.232,1.006,0.0,NORMAL,100,100.0
12:44:57.343,1.0092,0.0,NORMAL,100,100.0
12:44:57.447,1.0124,0.0,NORMAL,100,100.0
12:44:57.550,1.0112,0.0,NORMAL,100,100.0
12:44:57.657,1.0054,0.0,NORMAL,100,100.0
12:44:57.762,1.0018,0.0,NORMAL,100,100.0
12:44:57.899,1.0076,0.0,NORMAL,100,100.0
12:44:57.996,1.0047,0.0,NORMAL,100,100.0
12:44:58.101,1.0011,0.0,NORMAL,100,100.0
12:44:58.202,1.0094,0.0,NORMAL,100,100.0
12:44:58.303,1.0093,0.0,NORMAL,100,100.0
12:44:58.409,1.001,0.0,NORMAL,100,100.0
12:44:58.515,1.0116,0.0,NORMAL,100,100.0
12:44:58.625,1.0081,0.0,NORMAL,100,100.0
12:44:58.730,1.008,0.0,NORMAL,100,100.0
12:44:58.826,1.0003,0.0,NORMAL,100,100.0
12:44:58.927,1.0101,0.0,NORMAL,100,100.0
12:44:59.030,1.008,0.0,NORMAL,100,100.0
12:44:59.131,1.0043,0.0,NORMAL,100,100.0
12:44:59.237,1.0109,0.0,NORMAL,100,100.0
12:44:59.337,1.0032,0.0,NORMAL,100,100.0
12:44:59.438,1.006,0.0,NORMAL,100,100.0
12:44:59.544,1.0042,0.0,NORMAL,100,100.0
12:44:59.646,1.0036,0.0,NORMAL,100,100.0
12:44:59.756,1.0106,0.0,NORMAL,100,100.0
12:44:59.857,1.0079,0.0,NORMAL,100,100.0
12:44:59.963,1.0036,0.0,NORMAL,100,100.0
12:45:00.062,1.0168,0.0,NORMAL,100,100.0
12:45:00.159,1.0165,0.0,NORMAL,100,100.0
12:45:00.268,1.0016,0.0,NORMAL,100,100.0
12:45:00.372,1.0076,0.0,NORMAL,100,100.0
12:45:00.475,1.0094,0.0,NORMAL,100,100.0
12:45:00.568,1.0145,0.0,NORMAL,100,100.0
12:45:00.675,1.0179,0.0,NORMAL,100,100.0
12:45:00.766,1.0089,0.0,NORMAL,100,100.0
12:45:00.876,1.0024,0.0,NORMAL,100,100.0
12:45:00.983,1.016,0.0,NORMAL,100,100.0
12:45:01.087,1.0155,0.0,NORMAL,100,100.0
12:45:01.181,1.011,0.0,NORMAL,100,100.0
12:45:01.278,1.0157,0.0,NORMAL,100,100.0
12:45:01.381,1.0066,0.0,NORMAL,100,100.0
12:45:01.486,1.0062,0.0,NORMAL,100,100.0
12:45:01.598,1.0001,0.0,NORMAL,100,100.0
12:45:01.706,1.0074,0.0,NORMAL,100,100.0
12:45:01.817,1.0007,0.0,NORMAL,100,100.0
12:45:01.928,1.0021,0.0,NORMAL,100,100.0
12:45:02.027,1.0025,0.0,NORMAL,100,100.0
12:45:02.130,1.0081,0.0,NORMAL,100,100.0
12:45:02.232,1.5024,0.0,NORMAL,100,78.0
12:45:02.333,1.0524,0.0,NORMAL,100,60.0
12:45:02.442,1.045,0.0,NORMAL,100,55.0
12:45:02.546,1.0611,0.0,NORMAL,100,55.0
12:45:02.651,1.0315,0.0,NORMAL,100,74.0
12:45:02.757,1.0308,0.0,NORMAL,100,81.0
12:45:02.858,1.0302,0.0,NORMAL,100,100.0
12:45:02.959,1.0426,0.0,NORMAL,100,100.0
12:45:03.090,1.0265,0.0,NORMAL,100,100.0
12:45:03.192,1.0172,0.0,NORMAL,100,100.0
12:45:03.298,1.0111,0.0,NORMAL,100,100.0
12:45:03.409,1.0256,0.0,NORMAL,100,100.0
12:45:03.511,1.0295,0.0,NORMAL,100,100.0
12:45:03.620,1.0114,0.0,NORMAL,100,100.0
12:45:03.729,1.013,0.0,NORMAL,100,100.0
12:45:03.829,1.003,0.0,NORMAL,100,100.0
12:45:03.928,1.0201,0.0,NORMAL,100,100.0
12:45:04.026,1.0059,0.0,NORMAL,100,100.0
12:45:04.126,1.0057,0.0,NORMAL,100,100.0
12:45:04.224,1.006,0.0,NORMAL,100,100.0
12:45:04.327,1.0114,0.0,NORMAL,100,100.0
12:45:04.430,1.0054,0.0,NORMAL,100,100.0
12:45:04.522,1.0161,0.0,NORMAL,100,100.0
12:45:04.631,1.0033,0.0,NORMAL,100,100.0
12:45:04.733,1.0047,0.0,NORMAL,100,100.0
12:45:04.841,1.0072,0.0,NORMAL,100,100.0
12:45:04.929,1.0167,0.0,NORMAL,100,100.0
12:45:05.023,1.0139,0.0,NORMAL,100,100.0
12:45:05.129,1.0196,0.0,NORMAL,100,100.0
12:45:05.227,1.0041,0.0,NORMAL,100,100.0
12:45:05.327,1.0091,0.0,NORMAL,100,100.0
12:45:05.435,1.0103,0.0,NORMAL,100,100.0
12:45:05.534,1.0037,0.0,NORMAL,100,100.0
12:45:05.637,1.0127,0.0,NORMAL,100,100.0
12:45:05.728,1.0117,0.0,NORMAL,100,100.0
12:45:05.830,1.0015,0.0,NORMAL,100,100.0
12:45:05.933,1.015,0.0,NORMAL,100,100.0
12:45:06.029,1.0046,0.0,NORMAL,100,100.0
12:45:06.129,1.0052,0.0,NORMAL,100,100.0
12:45:06.242,1.0013,0.0,NORMAL,100,100.0
12:45:06.346,1.0131,0.0,NORMAL,100,100.0
12:45:06.451,1.0022,0.0,NORMAL,100,100.0
12:45:06.556,1.005,0.0,NORMAL,100,100.0
12:45:06.653,1.0095,0.0,NORMAL,100,100.0
12:45:06.748,1.0067,0.0,NORMAL,100,100.0
12:45:06.857,1.0087,0.0,NORMAL,100,100.0
12:45:06.968,1.0087,0.0,NORMAL,100,100.0
12:45:07.068,1.0171,0.0,NORMAL,100,100.0
12:45:07.176,1.0052,0.0,NORMAL,100,100.0
12:45:07.275,1.0127,0.0,NORMAL,100,100.0
12:45:07.382,1.0078,0.0,NORMAL,100,100.0
12:45:07.490,1.0013,0.0,NORMAL,100,100.0
12:45:07.595,1.0171,0.0,NORMAL,100,100.0
12:45:07.695,1.0063,0.0,NORMAL,100,100.0
12:45:07.795,1.0114,0.0,NORMAL,100,100.0
12:45:07.899,1.0077,0.0,NORMAL,100,100.0
12:45:08.012,1.0175,0.0,NORMAL,100,100.0
12:45:08.109,1.0044,0.0,NORMAL,100,100.0
12:45:08.207,1.0115,0.0,NORMAL,100,100.0
12:45:08.315,1.0088,0.0,NORMAL,100,100.0
12:45:08.450,1.0094,0.0,NORMAL,100,100.0
12:45:08.555,1.457,0.0,NORMAL,100,78.0
12:45:08.661,1.0717,0.0,NORMAL,100,66.0
12:45:08.760,1.0698,0.0,NORMAL,100,64.0
12:45:08.853,1.0532,0.0,NORMAL,100,39.0
12:45:08.944,1.0386,0.0,NORMAL,100,50.0
12:45:09.051,1.0313,0.0,NORMAL,100,81.0
12:45:09.148,1.0433,0.0,NORMAL,100,100.0
12:45:09.254,1.0204,0.0,NORMAL,100,99.0
12:45:09.351,1.0263,0.0,NORMAL,100,100.0
12:45:09.457,1.0003,0.0,NORMAL,100,99.0
12:45:09.561,1.0008,0.0,NORMAL,100,100.0
12:45:09.663,1.0265,0.0,NORMAL,100,100.0
12:45:09.766,1.004,0.0,NORMAL,100,99.0
12:45:09.872,1.0216,0.0,NORMAL,100,100.0
12:45:09.969,1.0234,0.0,NORMAL,100,100.0
12:45:10.067,1.0072,0.0,NORMAL,100,100.0
12:45:10.175,1.0059,0.0,NORMAL,100,100.0
12:45:10.275,1.0058,0.0,NORMAL,100,100.0
12:45:10.381,1.0052,0.0,NORMAL,100,100.0
12:45:10.483,1.0066,0.0,NORMAL,100,100.0
12:45:10.589,1.0096,0.0,NORMAL,100,100.0
12:45:10.686,1.003,0.0,NORMAL,100,100.0
12:45:10.781,1.0103,0.0,NORMAL,100,100.0
12:45:10.884,1.0006,0.0,NORMAL,100,100.0
12:45:10.986,1.0163,0.0,NORMAL,100,100.0
12:45:11.084,1.0045,0.0,NORMAL,100,100.0
12:45:11.193,1.0081,0.0,NORMAL,100,100.0
12:45:11.300,1.0077,0.0,NORMAL,100,100.0
12:45:11.403,1.0012,0.0,NORMAL,100,100.0
12:45:11.512,1.0062,0.0,NORMAL,100,100.0
12:45:11.616,1.0022,0.0,NORMAL,100,100.0
12:45:11.726,1.0202,0.0,NORMAL,100,100.0
12:45:11.833,1.006,0.0,NORMAL,100,100.0
12:45:11.943,1.0013,0.0,NORMAL,100,100.0
12:45:12.071,1.0108,0.0,NORMAL,100,100.0
12:45:12.184,1.0153,0.0,NORMAL,100,100.0
12:45:12.286,1.0108,0.0,NORMAL,100,100.0
12:45:12.407,1.0127,0.0,NORMAL,100,100.0
12:45:12.515,1.0082,0.0,NORMAL,100,100.0
12:45:12.628,1.0164,0.0,NORMAL,100,100.0
12:45:12.735,1.0163,0.0,NORMAL,100,100.0
12:45:12.828,1.0128,0.0,NORMAL,100,100.0
12:45:12.937,1.0105,0.0,NORMAL,100,100.0
12:45:13.038,1.0149,0.0,NORMAL,100,100.0
12:45:13.136,1.0137,0.0,NORMAL,100,100.0
12:45:13.242,1.0038,0.0,NORMAL,100,100.0
12:45:13.342,1.0036,0.0,NORMAL,100,100.0
12:45:13.440,1.0093,0.0,NORMAL,100,100.0
12:45:13.573,1.0082,0.0,NORMAL,100,100.0
12:45:13.668,1.0113,0.0,NORMAL,100,100.0
12:45:13.779,1.0088,0.0,NORMAL,100,100.0
12:45:13.880,1.0075,0.0,NORMAL,100,100.0
12:45:13.976,1.0101,0.0,NORMAL,100,100.0
12:45:14.079,1.0009,0.0,NORMAL,100,100.0
12:45:14.177,1.0044,0.0,NORMAL,100,100.0
12:45:14.278,1.0042,0.0,NORMAL,100,100.0
12:45:14.375,1.0024,0.0,NORMAL,100,100.0
12:45:14.485,1.0094,0.0,NORMAL,100,100.0
12:45:14.575,1.0049,0.0,NORMAL,100,100.0
12:45:14.675,1.0028,0.0,NORMAL,100,100.0
12:45:14.784,1.0104,0.0,NORMAL,100,100.0
12:45:14.898,1.0172,0.0,NORMAL,100,100.0
12:45:14.999,1.0132,0.0,NORMAL,100,100.0
12:45:15.107,1.0014,0.0,NORMAL,100,100.0
12:45:15.211,1.0115,0.0,NORMAL,100,100.0
12:45:15.316,1.0179,0.0,NORMAL,100,100.0
12:45:15.422,1.0058,0.0,NORMAL,100,100.0
12:45:15.521,1.015,0.0,NORMAL,100,100.0
12:45:15.618,1.0081,0.0,NORMAL,100,100.0
12:45:15.722,1.0136,0.0,NORMAL,100,100.0
12:45:15.826,1.0117,0.0,NORMAL,100,100.0
12:45:15.934,1.0033,0.0,NORMAL,100,100.0
12:45:16.045,1.0127,0.0,NORMAL,100,100.0
12:45:16.146,1.0117,0.0,NORMAL,100,100.0
12:45:16.250,1.0073,0.0,NORMAL,100,100.0
12:45:16.358,1.0074,0.0,NORMAL,100,100.0
12:45:16.467,1.0073,0.0,NORMAL,100,100.0
12:45:16.573,1.0178,0.0,NORMAL,100,100.0
12:45:16.664,1.0132,0.0,NORMAL,100,100.0
12:45:16.768,1.0159,0.0,NORMAL,100,100.0
12:45:16.877,1.0091,0.0,NORMAL,100,100.0
12:45:16.976,1.0142,0.0,NORMAL,100,100.0
12:45:17.079,1.0165,0.0,NORMAL,100,100.0
12:45:17.172,1.0073,0.0,NORMAL,100,100.0
12:45:17.277,1.0053,0.0,NORMAL,100,100.0
12:45:17.382,1.0011,0.0,NORMAL,100,100.0
12:45:17.489,1.0105,0.0,NORMAL,100,100.0
12:45:17.592,1.0069,0.0,NORMAL,100,100.0
12:45:17.700,1.0029,0.0,NORMAL,100,100.0
12:45:17.800,1.0002,0.0,NORMAL,100,100.0
12:45:17.900,1.0058,0.0,NORMAL,100,100.0
12:45:18.003,1.0131,0.0,NORMAL,100,100.0
12:45:18.112,1.003,0.0,NORMAL,100,100.0
12:45:18.219,1.0011,0.0,NORMAL,100,100.0
12:45:18.320,1.008,0.0,NORMAL,100,100.0
12:45:18.417,1.0051,0.0,NORMAL,100,100.0
12:45:18.536,1.014,0.0,NORMAL,100,100.0
12:45:18.651,1.0126,0.0,NORMAL,100,100.0
12:45:18.760,1.0099,0.0,NORMAL,100,100.0
12:45:18.858,1.002,0.0,NORMAL,100,100.0
12:45:18.961,1.0133,0.0,NORMAL,100,100.0
12:45:19.067,1.0042,0.0,NORMAL,100,100.0
12:45:19.167,1.01,0.0,NORMAL,100,100.0
12:45:19.278,1.0031,0.0,NORMAL,100,100.0
12:45:19.376,1.0076,0.0,NORMAL,100,100.0
12:45:19.477,1.0048,0.0,NORMAL,100,100.0
12:45:19.580,1.0099,0.0,NORMAL,100,100.0
12:45:19.684,1.0145,0.0,NORMAL,100,100.0
12:45:19.787,1.0007,0.0,NORMAL,100,100.0
12:45:19.908,1.0071,0.0,NORMAL,100,100.0
12:45:20.015,1.0159,0.0,NORMAL,100,100.0
12:45:20.123,1.0096,0.0,NORMAL,100,100.0
12:45:20.230,1.0121,0.0,NORMAL,100,100.0
12:45:20.340,1.0072,0.0,NORMAL,100,100.0
12:45:20.447,1.0113,0.0,NORMAL,100,100.0
12:45:20.546,1.0151,0.0,NORMAL,100,100.0
12:45:20.655,1.0157,0.0,NORMAL,100,100.0
12:45:20.743,1.0134,0.0,NORMAL,100,100.0
12:45:20.843,1.0154,0.0,NORMAL,100,100.0
12:45:20.950,1.0129,0.0,NORMAL,100,100.0
12:45:21.058,1.0131,0.0,NORMAL,100,100.0
12:45:21.153,1.0098,0.0,NORMAL,100,100.0
12:45:21.271,1.0114,0.0,NORMAL,100,100.0
12:45:21.364,1.0017,0.0,NORMAL,100,100.0
12:45:21.468,1.0175,0.0,NORMAL,100,100.0
12:45:21.581,1.0035,0.0,NORMAL,100,100.0
12:45:21.680,1.0111,0.0,NORMAL,100,100.0
12:45:21.780,1.0057,0.0,NORMAL,100,100.0
12:45:21.884,1.0103,0.0,NORMAL,100,100.0
12:45:21.979,1.0026,0.0,NORMAL,100,100.0
12:45:22.075,1.0094,0.0,NORMAL,100,100.0
12:45:22.174,1.0106,0.0,NORMAL,100,100.0
12:45:22.279,1.001,0.0,NORMAL,100,100.0
12:45:22.381,1.0102,0.0,NORMAL,100,100.0
12:45:22.482,1.0117,0.0,NORMAL,100,100.0
12:45:22.587,1.0025,0.0,NORMAL,100,100.0
12:45:22.692,1.0182,0.0,NORMAL,100,100.0
12:45:22.794,1.0172,0.0,NORMAL,100,100.0
12:45:22.883,1.0095,0.0,NORMAL,100,100.0
12:45:22.990,1.0138,0.0,NORMAL,100,100.0
12:45:23.095,1.0008,0.0,NORMAL,100,100.0
12:45:23.202,1.0145,0.0,NORMAL,100,100.0
12:45:23.308,1.0149,0.0,NORMAL,100,100.0
12:45:23.417,1.0059,0.0,NORMAL,100,100.0
12:45:23.520,1.0113,0.0,NORMAL,100,100.0
12:45:23.623,1.0127,0.0,NORMAL,100,100.0
12:45:23.733,1.0145,0.0,NORMAL,100,100.0
12:45:23.841,1.0075,0.0,NORMAL,100,100.0
12:45:23.949,1.0138,0.0,NORMAL,100,100.0
12:45:24.071,1.0043,0.0,NORMAL,100,100.0
12:45:24.177,1.0061,0.0,NORMAL,100,100.0
12:45:24.283,1.006,0.0,NORMAL,100,100.0
12:45:24.391,1.0052,0.0,NORMAL,100,100.0
12:45:24.496,1.0069,0.0,NORMAL,100,100.0
12:45:24.595,1.0091,0.0,NORMAL,100,100.0
12:45:24.691,1.0073,0.0,NORMAL,100,100.0
12:45:24.797,1.0095,0.0,NORMAL,100,100.0
12:45:24.898,1.0024,0.0,NORMAL,100,100.0
12:45:24.992,1.0009,0.0,NORMAL,100,100.0
12:45:25.104,1.0137,0.0,NORMAL,100,100.0
12:45:25.209,1.0115,0.0,NORMAL,100,100.0
12:45:25.303,1.0144,0.0,NORMAL,100,99.0
12:45:25.410,1.0069,0.0,NORMAL,100,100.0
12:45:25.511,1.0089,0.0,NORMAL,100,100.0
12:45:25.602,1.0095,0.0,NORMAL,100,100.0
12:45:25.697,1.0079,0.0,NORMAL,100,100.0
12:45:25.804,1.0112,0.0,NORMAL,100,100.0
12:45:25.908,1.0039,0.0,NORMAL,100,100.0
12:45:26.007,1.0123,0.0,NORMAL,100,100.0
12:45:26.114,1.0143,0.0,NORMAL,100,100.0
12:45:26.220,1.0105,0.0,NORMAL,100,100.0
12:45:26.324,1.0146,0.0,NORMAL,100,100.0
12:45:26.433,1.0088,0.0,NORMAL,100,100.0
12:45:26.541,1.0067,0.0,NORMAL,100,100.0
12:45:26.645,1.0114,0.0,NORMAL,100,100.0
12:45:26.751,1.0162,0.0,NORMAL,100,100.0
12:45:26.846,1.0003,0.0,NORMAL,100,100.0
12:45:26.951,1.0066,0.0,NORMAL,100,100.0
12:45:27.041,1.0023,0.0,NORMAL,100,100.0
12:45:27.144,1.0161,0.0,NORMAL,100,100.0
12:45:27.245,1.0012,0.0,NORMAL,100,100.0
12:45:27.351,1.0151,0.0,NORMAL,100,100.0
12:45:27.452,1.0017,0.0,NORMAL,100,100.0
12:45:27.547,1.005,0.0,NORMAL,100,100.0
12:45:27.653,1.0163,0.0,NORMAL,100,100.0
12:45:27.751,2.6813,0.0,NORMAL,30,48.0
12:45:27.852,1.2582,0.0,NORMAL,100,62.0
12:45:27.952,1.2245,0.0,NORMAL,100,86.0
12:45:28.078,1.1956,0.0,NORMAL,100,98.0
12:45:28.184,1.1618,0.0,NORMAL,100,98.0
12:45:28.288,1.1173,0.0,NORMAL,100,97.0
12:45:28.393,1.1244,0.0,NORMAL,100,81.0
12:45:28.501,1.0855,0.0,NORMAL,100,68.0
12:45:28.603,1.0689,0.0,NORMAL,100,64.0
12:45:28.710,1.0761,0.0,NORMAL,100,41.0
12:45:28.806,1.0456,0.0,NORMAL,100,49.0
12:45:28.919,1.0496,0.0,NORMAL,100,68.0
12:45:29.024,1.0503,0.0,NORMAL,100,100.0
12:45:29.132,1.0465,0.0,NORMAL,100,100.0
12:45:29.234,1.0295,0.0,NORMAL,100,100.0
12:45:29.354,1.0196,0.0,NORMAL,100,100.0
12:45:29.464,1.0245,0.0,NORMAL,100,100.0
12:45:29.569,1.0003,0.0,NORMAL,100,99.0
12:45:29.672,1.0014,0.0,NORMAL,100,100.0
12:45:29.780,1.0232,0.0,NORMAL,100,100.0
12:45:29.897,1.013,0.0,NORMAL,100,100.0
12:45:30.048,1.0059,0.0,NORMAL,100,100.0
12:45:30.163,1.0044,0.0,NORMAL,100,100.0
12:45:30.258,1.0256,0.0,NORMAL,100,100.0
12:45:30.367,1.0169,0.0,NORMAL,100,100.0
12:45:30.474,1.0139,0.0,NORMAL,100,100.0
12:45:30.583,1.0114,0.0,NORMAL,100,100.0
12:45:30.684,1.0018,0.0,NORMAL,100,100.0
12:45:30.789,1.0058,0.0,NORMAL,100,100.0
12:45:30.886,1.0087,0.0,NORMAL,100,100.0
12:45:30.994,1.009,0.0,NORMAL,100,100.0
12:45:31.087,1.0001,0.0,NORMAL,100,100.0
12:45:31.195,1.0093,0.0,NORMAL,100,100.0
12:45:31.293,1.0142,0.0,NORMAL,100,100.0
12:45:31.395,1.0032,0.0,NORMAL,100,100.0
12:45:31.499,1.0148,0.0,NORMAL,100,100.0
12:45:31.607,1.0152,0.0,NORMAL,100,100.0
12:45:31.707,1.0021,0.0,NORMAL,100,100.0
12:45:31.804,1.0099,0.0,NORMAL,100,100.0
12:45:31.910,1.0018,0.0,NORMAL,100,100.0
12:45:32.016,1.0156,0.0,NORMAL,100,100.0
12:45:32.123,1.0033,0.0,NORMAL,100,100.0
12:45:32.228,1.0079,0.0,NORMAL,100,100.0
12:45:32.334,1.0056,0.0,NORMAL,100,100.0
12:45:32.441,1.0175,0.0,NORMAL,100,100.0
12:45:32.541,1.0111,0.0,NORMAL,100,100.0
12:45:32.638,1.0099,0.0,NORMAL,100,100.0
12:45:32.743,1.0173,0.0,NORMAL,100,100.0
12:45:32.841,1.0034,0.0,NORMAL,100,100.0
12:45:32.945,1.0087,0.0,NORMAL,100,100.0
12:45:33.048,1.0114,0.0,NORMAL,100,100.0
12:45:33.147,1.0166,0.0,NORMAL,100,100.0
12:45:33.255,1.0109,0.0,NORMAL,100,100.0
12:45:33.352,1.0013,0.0,NORMAL,100,100.0
12:45:33.447,1.0181,0.0,NORMAL,100,100.0
12:45:33.552,1.0106,0.0,NORMAL,100,98.0
12:45:33.660,1.0107,0.0,NORMAL,100,100.0
12:45:33.768,1.0079,0.0,NORMAL,100,100.0
12:45:33.871,1.0151,0.0,NORMAL,100,100.0
12:45:33.976,1.0149,0.0,NORMAL,100,100.0
12:45:34.082,1.0117,0.0,NORMAL,100,100.0
12:45:34.193,1.0152,0.0,NORMAL,100,100.0
12:45:34.293,1.0156,0.0,NORMAL,100,100.0
12:45:34.382,1.0123,0.0,NORMAL,100,100.0
12:45:34.484,1.0123,0.0,NORMAL,100,100.0
12:45:34.625,1.0112,0.0,NORMAL,100,100.0
12:45:34.721,1.002,0.0,NORMAL,100,100.0
12:45:34.832,1.0074,0.0,NORMAL,100,100.0
12:45:34.937,1.014,0.0,NORMAL,100,100.0
12:45:35.041,1.0106,0.0,NORMAL,100,100.0
12:45:35.138,1.0138,0.0,NORMAL,100,100.0
12:45:35.243,1.0078,0.0,NORMAL,100,100.0
12:45:35.343,1.0076,0.0,NORMAL,100,100.0
12:45:35.438,1.0115,0.0,NORMAL,100,100.0
12:45:35.537,1.0015,0.0,NORMAL,100,100.0
12:45:35.641,1.0023,0.0,NORMAL,100,100.0
12:45:35.751,1.0052,0.0,NORMAL,100,100.0
12:45:35.861,1.0168,0.0,NORMAL,100,100.0
12:45:35.960,1.0137,0.0,NORMAL,100,100.0
12:45:36.065,1.0117,0.0,NORMAL,100,100.0
12:45:36.171,1.0006,0.0,NORMAL,100,100.0
12:45:36.267,1.0186,0.0,NORMAL,100,100.0
12:45:36.367,1.0062,0.0,NORMAL,100,100.0
12:45:36.468,1.0152,0.0,NORMAL,100,100.0
12:45:36.571,1.0113,0.0,NORMAL,100,100.0
12:45:36.676,1.0124,0.0,NORMAL,100,100.0
12:45:36.782,1.0128,0.0,NORMAL,100,100.0
12:45:36.883,1.0134,0.0,NORMAL,100,100.0
12:45:36.983,1.0087,0.0,NORMAL,100,100.0
12:45:37.083,1.0001,0.0,NORMAL,100,100.0
12:45:37.182,1.0147,0.0,NORMAL,100,100.0
12:45:37.280,1.0003,0.0,NORMAL,100,100.0
12:45:37.383,1.0073,0.0,NORMAL,100,100.0
12:45:37.484,1.0163,0.0,NORMAL,100,100.0
12:45:37.591,1.0151,0.0,NORMAL,100,100.0
12:45:37.695,1.0024,0.0,NORMAL,100,100.0
12:45:37.803,1.0009,0.0,NORMAL,100,100.0
12:45:37.907,1.0149,0.0,NORMAL,100,100.0
12:45:38.009,1.0053,0.0,NORMAL,100,100.0
12:45:38.110,1.0061,0.0,NORMAL,100,100.0
12:45:38.214,1.0096,0.0,NORMAL,100,100.0
12:45:38.321,1.0064,0.0,NORMAL,100,100.0
12:45:38.425,1.015,0.0,NORMAL,100,100.0
12:45:38.526,1.007,0.0,NORMAL,100,100.0
12:45:38.625,1.3501,0.0,NORMAL,100,77.0
12:45:38.730,1.0416,0.0,NORMAL,100,55.0
12:45:38.830,1.0574,0.0,NORMAL,100,74.0
12:45:38.927,1.0286,0.0,NORMAL,100,74.0
12:45:39.033,1.021,0.0,NORMAL,100,81.0
12:45:39.140,1.0218,0.0,NORMAL,100,100.0
12:45:39.232,1.0126,0.0,NORMAL,100,100.0
12:45:39.327,1.0179,0.0,NORMAL,100,100.0
12:45:39.429,2.5515,0.0,NORMAL,31,47.0
12:45:39.543,1.2595,0.0,NORMAL,100,66.0
12:45:39.644,1.2015,0.0,NORMAL,100,86.0
12:45:39.748,1.1888,0.0,NORMAL,100,98.0
12:45:39.852,1.1653,0.0,NORMAL,100,98.0
12:45:39.978,1.1267,0.0,NORMAL,100,97.0
12:45:40.089,1.1174,0.0,NORMAL,100,81.0
12:45:40.200,1.1002,0.0,NORMAL,100,70.0
12:45:40.305,1.0745,0.0,NORMAL,100,61.0
12:45:40.415,1.0753,0.0,NORMAL,100,41.0
12:45:40.518,1.0624,0.0,NORMAL,100,41.0
12:45:40.616,1.0295,0.0,NORMAL,100,49.0
12:45:40.724,1.058,0.0,NORMAL,100,56.0
12:45:40.830,1.0447,0.0,NORMAL,100,75.0
12:45:40.928,1.013,0.0,NORMAL,100,80.0
12:45:41.025,1.0203,0.0,NORMAL,100,100.0
12:45:41.129,1.0051,0.0,NORMAL,100,100.0
12:45:41.235,1.0279,0.0,NORMAL,100,100.0
12:45:41.339,1.0241,0.0,NORMAL,100,100.0
12:45:41.444,1.0191,0.0,NORMAL,100,100.0
12:45:41.551,1.0236,0.0,NORMAL,100,100.0
12:45:41.657,1.012,0.0,NORMAL,100,100.0
12:45:41.758,1.0025,0.0,NORMAL,100,100.0
12:45:41.858,1.0112,0.0,NORMAL,100,100.0
12:45:41.961,1.0172,0.0,NORMAL,100,100.0
12:45:42.068,1.0075,0.0,NORMAL,100,100.0
12:45:42.182,1.016,0.0,NORMAL,100,100.0
12:45:42.277,1.0001,0.0,NORMAL,100,100.0
12:45:42.376,1.0121,0.0,NORMAL,100,100.0
12:45:42.481,1.0044,0.0,NORMAL,100,100.0
12:45:42.587,1.0057,0.0,NORMAL,100,100.0
12:45:42.694,1.0014,0.0,NORMAL,100,100.0
12:45:42.789,1.0025,0.0,NORMAL,100,100.0
12:45:42.891,1.0043,0.0,NORMAL,100,100.0
12:45:42.991,1.0141,0.0,NORMAL,100,100.0
12:45:43.091,1.0074,0.0,NORMAL,100,100.0
12:45:43.192,1.014,0.0,NORMAL,100,100.0
12:45:43.305,1.0044,0.0,NORMAL,100,100.0
12:45:43.412,1.0009,0.0,NORMAL,100,100.0
12:45:43.508,1.0004,0.0,NORMAL,100,100.0
12:45:43.613,1.0081,0.0,NORMAL,100,100.0
12:45:43.718,1.0,0.0,NORMAL,100,100.0
12:45:43.812,1.006,0.0,NORMAL,100,100.0
12:45:43.912,1.01,0.0,NORMAL,100,100.0
12:45:44.020,1.0058,0.0,NORMAL,100,100.0
12:45:44.117,1.0131,0.0,NORMAL,100,100.0
12:45:44.217,1.0121,0.0,NORMAL,100,100.0
12:45:44.311,1.0075,0.0,NORMAL,100,100.0
12:45:44.414,1.0143,0.0,NORMAL,100,100.0
12:45:44.529,1.0052,0.0,NORMAL,100,100.0
12:45:44.629,1.0103,0.0,NORMAL,100,100.0
12:45:44.724,1.0143,0.0,NORMAL,100,100.0
12:45:44.831,1.0103,0.0,NORMAL,100,100.0
12:45:44.937,1.0064,0.0,NORMAL,100,100.0
12:45:45.036,1.0032,0.0,NORMAL,100,100.0
12:45:45.135,1.0129,0.0,NORMAL,100,100.0
12:45:45.242,1.0099,0.0,NORMAL,100,100.0
12:45:45.353,1.0109,0.0,NORMAL,100,100.0
12:45:45.472,1.0044,0.0,NORMAL,100,100.0
12:45:45.575,1.0153,0.0,NORMAL,100,100.0
12:45:45.687,1.0148,0.0,NORMAL,100,100.0
12:45:45.780,1.003,0.0,NORMAL,100,100.0
12:45:45.880,1.0136,0.0,NORMAL,100,100.0
12:45:45.974,1.0131,0.0,NORMAL,100,100.0
12:45:46.073,1.0069,0.0,NORMAL,100,100.0
12:45:46.178,1.0084,0.0,NORMAL,100,100.0
12:45:46.275,1.0043,0.0,NORMAL,100,100.0
12:45:46.382,1.0007,0.0,NORMAL,100,100.0
12:45:46.482,1.0159,0.0,NORMAL,100,100.0
12:45:46.579,1.0143,0.0,NORMAL,100,100.0
12:45:46.679,1.0104,0.0,NORMAL,100,100.0
12:45:46.779,1.0097,0.0,NORMAL,100,100.0
12:45:46.884,1.0009,0.0,NORMAL,100,100.0
12:45:46.994,1.0094,0.0,NORMAL,100,100.0
12:45:47.101,1.0009,0.0,NORMAL,100,100.0
12:45:47.207,1.0123,0.0,NORMAL,100,100.0
12:45:47.312,1.0079,0.0,NORMAL,100,100.0
12:45:47.407,1.0097,0.0,NORMAL,100,100.0
12:45:47.508,1.0083,0.0,NORMAL,100,100.0
12:45:47.611,1.0149,0.0,NORMAL,100,100.0
12:45:47.719,1.0103,0.0,NORMAL,100,100.0
12:45:47.834,1.0246,0.0,NORMAL,100,100.0
12:45:47.940,1.0122,0.0,NORMAL,100,100.0
12:45:48.043,1.0128,0.0,NORMAL,100,100.0
12:45:48.153,1.0029,0.0,NORMAL,100,100.0
12:45:48.259,1.0092,0.0,NORMAL,100,100.0
12:45:48.360,1.0092,0.0,NORMAL,100,100.0
12:45:48.467,1.009,0.0,NORMAL,100,100.0
12:45:48.576,1.0207,0.0,NORMAL,100,100.0
12:45:48.681,1.0052,0.0,NORMAL,100,100.0
12:45:48.782,1.0013,0.0,NORMAL,100,100.0
12:45:48.884,1.0056,0.0,NORMAL,100,100.0
12:45:48.978,1.0081,0.0,NORMAL,100,100.0
12:45:49.073,1.0031,0.0,NORMAL,100,100.0
12:45:49.178,1.013,0.0,NORMAL,100,100.0
12:45:49.287,1.011,0.0,NORMAL,100,100.0
12:45:49.383,1.0018,0.0,NORMAL,100,100.0
12:45:49.488,1.0046,0.0,NORMAL,100,100.0
12:45:49.591,1.0027,0.0,NORMAL,100,100.0
12:45:49.697,1.0025,0.0,NORMAL,100,100.0
12:45:49.806,1.0028,0.0,NORMAL,100,100.0
12:45:49.905,1.021,0.0,NORMAL,100,100.0
12:45:50.013,1.0135,0.0,NORMAL,100,100.0
12:45:50.119,1.0107,0.0,NORMAL,100,100.0
12:45:50.220,1.001,0.0,NORMAL,100,100.0
12:45:50.323,1.0035,0.0,NORMAL,100,100.0
12:45:50.434,1.0042,0.0,NORMAL,100,100.0
12:45:50.540,1.0129,0.0,NORMAL,100,100.0
12:45:50.633,1.0172,0.0,NORMAL,100,100.0
12:45:50.738,1.0074,0.0,NORMAL,100,100.0
12:45:50.840,1.0057,0.0,NORMAL,100,100.0
12:45:50.942,1.0029,0.0,NORMAL,100,100.0
12:45:51.045,1.0057,0.0,NORMAL,100,100.0
12:45:51.141,1.0009,0.0,NORMAL,100,100.0
12:45:51.280,1.0119,0.0,NORMAL,100,100.0
12:45:51.384,1.0067,0.0,NORMAL,100,100.0
12:45:51.494,1.0105,0.0,NORMAL,100,100.0
12:45:51.602,1.0192,0.0,NORMAL,100,100.0
12:45:51.700,1.0061,0.0,NORMAL,100,100.0
12:45:51.794,1.0126,0.0,NORMAL,100,100.0
12:45:51.897,1.0023,0.0,NORMAL,100,100.0
12:45:51.994,1.0047,0.0,NORMAL,100,100.0
12:45:52.104,1.0091,0.0,NORMAL,100,100.0
12:45:52.210,1.0154,0.0,NORMAL,100,100.0
12:45:52.309,1.009,0.0,NORMAL,100,100.0
12:45:52.418,1.0088,0.0,NORMAL,100,100.0
12:45:52.511,1.0048,0.0,NORMAL,100,100.0
12:45:52.620,1.0065,0.0,NORMAL,100,100.0
12:45:52.725,1.0144,0.0,NORMAL,100,100.0
12:45:52.834,1.0031,0.0,NORMAL,100,100.0
12:45:52.927,1.0044,0.0,NORMAL,100,100.0
12:45:53.019,1.0128,0.0,NORMAL,100,100.0
12:45:53.132,1.0096,0.0,NORMAL,100,100.0
12:45:53.239,1.0131,0.0,NORMAL,100,100.0
12:45:53.339,1.0058,0.0,NORMAL,100,100.0
12:45:53.444,1.0057,0.0,NORMAL,100,100.0
12:45:53.546,1.0091,0.0,NORMAL,100,100.0
12:45:53.654,1.0003,0.0,NORMAL,100,100.0
12:45:53.760,1.017,0.0,NORMAL,100,100.0
12:45:53.855,1.0061,0.0,NORMAL,100,100.0
12:45:53.956,1.007,0.0,NORMAL,100,100.0
12:45:54.061,1.017,0.0,NORMAL,100,100.0
12:45:54.161,1.007,0.0,NORMAL,100,100.0
12:45:54.264,1.0034,0.0,NORMAL,100,100.0
12:45:54.365,1.0121,0.0,NORMAL,100,100.0
12:45:54.466,1.0044,0.0,NORMAL,100,100.0
12:45:54.569,1.0094,0.0,NORMAL,100,100.0
12:45:54.673,1.0147,0.0,NORMAL,100,100.0
12:45:54.780,1.0161,0.0,NORMAL,100,100.0
12:45:54.889,1.0027,0.0,NORMAL,100,100.0
12:45:55.000,1.0004,0.0,NORMAL,100,100.0
12:45:55.115,1.0003,0.0,NORMAL,100,100.0
12:45:55.224,1.002,0.0,NORMAL,100,100.0
12:45:55.353,1.0051,0.0,NORMAL,100,100.0
12:45:55.458,1.0086,0.0,NORMAL,100,100.0
12:45:55.567,1.0134,0.0,NORMAL,100,100.0
12:45:55.669,1.0071,0.0,NORMAL,100,100.0
12:45:55.777,1.0043,0.0,NORMAL,100,100.0
12:45:55.880,1.0156,0.0,NORMAL,100,100.0
12:45:55.969,1.3555,0.0,NORMAL,100,81.0
12:45:56.075,1.0475,0.0,NORMAL,100,56.0
12:45:56.182,1.0408,0.0,NORMAL,100,63.0
12:45:56.291,1.0287,0.0,NORMAL,100,100.0
12:45:56.384,1.0313,0.0,NORMAL,100,100.0
12:45:56.489,1.0332,0.0,NORMAL,100,100.0
12:45:56.615,1.0112,0.0,NORMAL,100,99.0
12:45:56.718,1.0204,0.0,NORMAL,100,100.0
12:45:56.824,1.02,0.0,NORMAL,100,100.0
12:45:56.931,1.0176,0.0,NORMAL,100,100.0
12:45:57.031,1.025,0.0,NORMAL,100,100.0
12:45:57.138,1.0188,0.0,NORMAL,100,100.0
12:45:57.242,1.0219,0.0,NORMAL,100,100.0
12:45:57.350,1.0091,0.0,NORMAL,100,100.0
12:45:57.449,1.0024,0.0,NORMAL,100,100.0
12:45:57.546,1.0053,0.0,NORMAL,100,100.0
12:45:57.653,1.0091,0.0,NORMAL,100,100.0
12:45:57.757,1.0006,0.0,NORMAL,100,100.0
12:45:57.852,1.0223,0.0,NORMAL,100,100.0
12:45:57.956,1.0127,0.0,NORMAL,100,100.0
12:45:58.060,1.0069,0.0,NORMAL,100,100.0
12:45:58.171,1.0078,0.0,NORMAL,100,100.0
12:45:58.272,1.0099,0.0,NORMAL,100,100.0
12:45:58.370,1.0017,0.0,NORMAL,100,100.0
12:45:58.479,1.0063,0.0,NORMAL,100,100.0
12:45:58.586,1.0045,0.0,NORMAL,100,100.0
12:45:58.687,1.0114,0.0,NORMAL,100,100.0
12:45:58.785,1.0068,0.0,NORMAL,100,100.0
12:45:58.890,1.0183,0.0,NORMAL,100,100.0
12:45:58.994,1.0118,0.0,NORMAL,100,100.0
12:45:59.095,1.0033,0.0,NORMAL,100,100.0
12:45:59.191,1.014,0.0,NORMAL,100,100.0
12:45:59.299,1.0049,0.0,NORMAL,100,100.0
12:45:59.405,1.012,0.0,NORMAL,100,100.0
12:45:59.513,1.0008,0.0,NORMAL,100,100.0
12:45:59.619,1.0014,0.0,NORMAL,100,100.0
12:45:59.716,1.0113,0.0,NORMAL,100,100.0
12:45:59.815,1.0071,0.0,NORMAL,100,100.0
12:45:59.922,1.0134,0.0,NORMAL,100,100.0
12:46:00.031,1.0009,0.0,NORMAL,100,100.0
12:46:00.144,1.0118,0.0,NORMAL,100,100.0
12:46:00.243,1.0039,0.0,NORMAL,100,100.0
12:46:00.340,1.0067,0.0,NORMAL,100,100.0
12:46:00.434,1.0017,0.0,NORMAL,100,100.0
12:46:00.539,1.0042,0.0,NORMAL,100,100.0
12:46:00.641,1.0166,0.0,NORMAL,100,100.0
12:46:00.747,1.0026,0.0,NORMAL,100,100.0
12:46:00.842,1.01,0.0,NORMAL,100,100.0
12:46:00.941,1.0103,0.0,NORMAL,100,100.0
12:46:01.040,1.0009,0.0,NORMAL,100,100.0
12:46:01.155,1.0131,0.0,NORMAL,100,100.0
12:46:01.258,1.0079,0.0,NORMAL,100,100.0
12:46:01.361,1.0161,0.0,NORMAL,100,100.0
12:46:01.466,1.006,0.0,NORMAL,100,100.0
12:46:01.558,1.0101,0.0,NORMAL,100,100.0
12:46:01.673,1.0088,0.0,NORMAL,100,100.0
12:46:01.789,1.0173,0.0,NORMAL,100,100.0
12:46:01.892,1.0012,0.0,NORMAL,100,100.0
12:46:01.993,1.0127,0.0,NORMAL,100,100.0
12:46:02.095,1.0153,0.0,NORMAL,100,100.0
12:46:02.191,1.0108,0.0,NORMAL,100,100.0
12:46:02.288,1.0072,0.0,NORMAL,100,100.0
12:46:02.397,1.0006,0.0,NORMAL,100,100.0
12:46:02.492,1.0141,0.0,NORMAL,100,100.0
12:46:02.602,1.0033,0.0,NORMAL,100,100.0
12:46:02.704,1.0015,0.0,NORMAL,100,100.0
12:46:02.798,1.0082,0.0,NORMAL,100,100.0
12:46:02.898,1.0076,0.0,NORMAL,100,100.0
12:46:02.990,1.0151,0.0,NORMAL,100,100.0
12:46:03.100,1.0096,0.0,NORMAL,100,100.0
12:46:03.202,1.0099,0.0,NORMAL,100,100.0
12:46:03.315,1.0136,0.0,NORMAL,100,100.0
12:46:03.422,1.0078,0.0,NORMAL,100,100.0
12:46:03.524,1.0059,0.0,NORMAL,100,100.0
12:46:03.623,1.0179,0.0,NORMAL,100,100.0
12:46:03.731,1.0131,0.0,NORMAL,100,100.0
12:46:03.837,1.0204,0.0,NORMAL,100,100.0
12:46:03.935,1.0021,0.0,NORMAL,100,100.0
12:46:04.036,1.0047,0.0,NORMAL,100,100.0
12:46:04.143,1.014,0.0,NORMAL,100,100.0
12:46:04.255,1.004,0.0,NORMAL,100,100.0
12:46:04.355,1.01,0.0,NORMAL,100,100.0
12:46:04.458,1.0104,0.0,NORMAL,100,100.0
12:46:04.557,1.0162,0.0,NORMAL,100,100.0
12:46:04.653,1.0018,0.0,NORMAL,100,100.0
12:46:04.759,1.0092,0.0,NORMAL,100,100.0
12:46:04.860,1.0061,0.0,NORMAL,100,100.0
12:46:04.954,1.0117,0.0,NORMAL,100,100.0
12:46:05.061,1.0021,0.0,NORMAL,100,100.0
12:46:05.183,1.0103,0.0,NORMAL,100,100.0
12:46:05.290,1.003,0.0,NORMAL,100,100.0
12:46:05.389,1.0119,0.0,NORMAL,100,100.0
12:46:05.498,1.0081,0.0,NORMAL,100,100.0
12:46:05.592,1.0171,0.0,NORMAL,100,100.0
12:46:05.690,1.0147,0.0,NORMAL,100,100.0
12:46:05.791,1.0138,0.0,NORMAL,100,100.0
12:46:05.902,1.0025,0.0,NORMAL,100,100.0
12:46:06.003,1.0076,0.0,NORMAL,100,100.0
12:46:06.106,1.0094,0.0,NORMAL,100,100.0
12:46:06.212,1.0164,0.0,NORMAL,100,100.0
12:46:06.313,1.0032,0.0,NORMAL,100,100.0
12:46:06.416,1.0088,0.0,NORMAL,100,100.0
12:46:06.529,1.0027,0.0,NORMAL,100,100.0
12:46:06.636,1.0023,0.0,NORMAL,100,100.0
12:46:06.739,1.0018,0.0,NORMAL,100,100.0
12:46:06.860,1.0007,0.0,NORMAL,100,100.0
12:46:06.973,1.0073,0.0,NORMAL,100,100.0
12:46:07.082,1.0182,0.0,NORMAL,100,100.0
12:46:07.187,1.0049,0.0,NORMAL,100,100.0
12:46:07.290,1.0123,0.0,NORMAL,100,100.0
12:46:07.391,1.0089,0.0,NORMAL,100,100.0
12:46:07.501,1.0002,0.0,NORMAL,100,100.0
12:46:07.619,1.0025,0.0,NORMAL,100,100.0
12:46:07.717,1.0063,0.0,NORMAL,100,100.0
12:46:07.816,1.0113,0.0,NORMAL,100,100.0
12:46:07.926,1.0065,0.0,NORMAL,100,100.0
12:46:08.023,1.0164,0.0,NORMAL,100,100.0
12:46:08.125,1.0065,0.0,NORMAL,100,100.0
12:46:08.224,1.0094,0.0,NORMAL,100,100.0
12:46:08.321,1.0039,0.0,NORMAL,100,100.0
12:46:08.418,1.0002,0.0,NORMAL,100,100.0
12:46:08.531,1.0067,0.0,NORMAL,100,100.0
12:46:08.622,1.0045,0.0,NORMAL,100,100.0
12:46:08.723,1.0029,0.0,NORMAL,100,100.0
12:46:08.822,1.0121,0.0,NORMAL,100,100.0
12:46:08.930,1.0075,0.0,NORMAL,100,100.0
12:46:09.025,1.0008,0.0,NORMAL,100,100.0
12:46:09.127,1.0032,0.0,NORMAL,100,100.0
12:46:09.228,1.0011,0.0,NORMAL,100,100.0
12:46:09.327,1.0147,0.0,NORMAL,100,100.0
12:46:09.425,1.0093,0.0,NORMAL,100,100.0
12:46:09.532,1.0017,0.0,NORMAL,100,100.0
12:46:09.641,1.0214,0.0,NORMAL,100,100.0
12:46:09.746,1.0081,0.0,NORMAL,100,100.0
12:46:09.846,1.006,0.0,NORMAL,100,100.0
12:46:09.951,1.0065,0.0,NORMAL,100,100.0
12:46:10.056,1.0106,0.0,NORMAL,100,100.0
12:46:10.160,1.0022,0.0,NORMAL,100,100.0
12:46:10.264,1.0122,0.0,NORMAL,100,100.0
12:46:10.355,1.0211,0.0,NORMAL,100,100.0
12:46:10.454,1.0138,0.0,NORMAL,100,100.0
12:46:10.551,1.0043,0.0,NORMAL,100,100.0
12:46:10.652,1.0102,0.0,NORMAL,100,100.0
12:46:10.762,1.0126,0.0,NORMAL,100,100.0
12:46:10.861,1.0024,0.0,NORMAL,100,100.0
12:46:10.967,1.0122,0.0,NORMAL,100,100.0
12:46:11.072,1.0092,0.0,NORMAL,100,100.0
12:46:11.180,1.0061,0.0,NORMAL,100,100.0
12:46:11.287,1.0117,0.0,NORMAL,100,100.0
12:46:11.384,1.012,0.0,NORMAL,100,100.0
12:46:11.486,1.0106,0.0,NORMAL,100,100.0
12:46:11.577,1.0085,0.0,NORMAL,100,100.0
12:46:11.696,1.0014,0.0,NORMAL,100,100.0
12:46:11.790,1.0106,0.0,NORMAL,100,100.0
12:46:11.881,1.0207,0.0,NORMAL,100,100.0
12:46:12.025,1.0138,0.0,NORMAL,100,100.0
12:46:12.127,1.0141,0.0,NORMAL,100,100.0
12:46:12.222,1.0046,0.0,NORMAL,100,100.0
12:46:12.328,1.01,0.0,NORMAL,100,100.0
12:46:12.436,1.0097,0.0,NORMAL,100,100.0
12:46:12.540,1.0162,0.0,NORMAL,100,100.0
12:46:12.643,1.0169,0.0,NORMAL,100,100.0
12:46:12.737,1.0018,0.0,NORMAL,100,100.0
12:46:12.837,1.0148,0.0,NORMAL,100,100.0
12:46:12.944,1.0079,0.0,NORMAL,100,100.0
12:46:13.044,1.0172,0.0,NORMAL,100,100.0
12:46:13.135,1.0116,0.0,NORMAL,100,100.0
12:46:13.242,1.0111,0.0,NORMAL,100,100.0
12:46:13.347,1.0134,0.0,NORMAL,100,100.0
12:46:13.452,1.0195,0.0,NORMAL,100,100.0
12:46:13.550,1.0053,0.0,NORMAL,100,100.0
12:46:13.655,1.0001,0.0,NORMAL,100,100.0
12:46:13.757,1.0157,0.0,NORMAL,100,100.0
12:46:13.863,1.0074,0.0,NORMAL,100,100.0
12:46:13.969,1.0034,0.0,NORMAL,100,100.0
12:46:14.077,1.0151,0.0,NORMAL,100,100.0
12:46:14.182,1.0075,0.0,NORMAL,100,100.0
12:46:14.285,1.0122,0.0,NORMAL,100,100.0
12:46:14.389,1.0115,0.0,NORMAL,100,100.0
12:46:14.492,1.0065,0.0,NORMAL,100,100.0
12:46:14.584,1.002,0.0,NORMAL,100,100.0
12:46:14.697,1.0118,0.0,NORMAL,100,100.0
12:46:14.796,1.0016,0.0,NORMAL,100,100.0
12:46:14.900,1.0147,0.0,NORMAL,100,100.0
12:46:15.005,1.0202,0.0,NORMAL,100,100.0
12:46:15.109,1.0017,0.0,NORMAL,100,100.0
12:46:15.211,1.0052,0.0,NORMAL,100,100.0
12:46:15.309,1.0109,0.0,NORMAL,100,100.0
12:46:15.407,1.02,0.0,NORMAL,100,100.0
12:46:15.518,1.0011,0.0,NORMAL,100,100.0
12:46:15.613,1.0137,0.0,NORMAL,100,100.0
12:46:15.724,1.0024,0.0,NORMAL,100,100.0
12:46:15.840,1.0079,0.0,NORMAL,100,100.0
12:46:15.955,1.0149,0.0,NORMAL,100,100.0
12:46:16.065,1.0129,0.0,NORMAL,100,100.0
12:46:16.167,1.0105,0.0,NORMAL,100,100.0
12:46:16.265,1.0153,0.0,NORMAL,100,100.0
12:46:16.365,1.0012,0.0,NORMAL,100,100.0
12:46:16.467,1.0038,0.0,NORMAL,100,100.0
12:46:16.569,1.0058,0.0,NORMAL,100,100.0
12:46:16.665,1.0069,0.0,NORMAL,100,100.0
12:46:16.773,1.0081,0.0,NORMAL,100,100.0
12:46:16.873,1.0148,0.0,NORMAL,100,100.0
12:46:16.973,1.0021,0.0,NORMAL,100,100.0
12:46:17.083,1.0034,0.0,NORMAL,100,100.0
12:46:17.216,1.0112,0.0,NORMAL,100,100.0
12:46:17.324,1.0151,0.0,NORMAL,100,100.0
12:46:17.436,1.0053,0.0,NORMAL,100,100.0
12:46:17.537,1.0185,0.0,NORMAL,100,100.0
12:46:17.632,1.0159,0.0,NORMAL,100,100.0
12:46:17.720,1.0017,0.0,NORMAL,100,100.0
12:46:17.823,1.0147,0.0,NORMAL,100,100.0
12:46:17.934,1.0048,0.0,NORMAL,100,100.0
12:46:18.037,1.0007,0.0,NORMAL,100,100.0
12:46:18.139,1.002,0.0,NORMAL,100,100.0
12:46:18.236,1.0133,0.0,NORMAL,100,100.0
12:46:18.341,1.0044,0.0,NORMAL,100,100.0
12:46:18.445,1.0125,0.0,NORMAL,100,100.0
12:46:18.537,1.0012,0.0,NORMAL,100,100.0
12:46:18.641,1.0148,0.0,NORMAL,100,100.0
12:46:18.741,1.0099,0.0,NORMAL,100,100.0
12:46:18.833,1.0178,0.0,NORMAL,100,100.0
12:46:18.941,1.0167,0.0,NORMAL,100,100.0
12:46:19.041,1.0063,0.0,NORMAL,100,100.0
12:46:19.141,1.0074,0.0,NORMAL,100,100.0
12:46:19.234,1.0092,0.0,NORMAL,100,100.0
12:46:19.346,1.0165,0.0,NORMAL,100,100.0
12:46:19.459,1.0129,0.0,NORMAL,100,100.0
12:46:19.566,1.0033,0.0,NORMAL,100,100.0
12:46:19.673,1.0189,0.0,NORMAL,100,100.0
12:46:19.778,1.01,0.0,NORMAL,100,100.0
12:46:19.888,1.0035,0.0,NORMAL,100,100.0
12:46:19.993,1.0177,0.0,NORMAL,100,100.0
12:46:20.092,1.0119,0.0,NORMAL,100,100.0
12:46:20.191,1.0078,0.0,NORMAL,100,100.0
12:46:20.299,1.0117,0.0,NORMAL,100,100.0
12:46:20.406,1.0062,0.0,NORMAL,100,100.0
12:46:20.509,1.0001,0.0,NORMAL,100,100.0
12:46:20.611,1.0151,0.0,NORMAL,100,100.0
12:46:20.717,1.0017,0.0,NORMAL,100,100.0
12:46:20.836,1.0136,0.0,NORMAL,100,100.0
12:46:20.937,1.0151,0.0,NORMAL,100,100.0
12:46:21.037,1.0085,0.0,NORMAL,100,100.0
12:46:21.134,1.007,0.0,NORMAL,100,100.0
12:46:21.229,1.0014,0.0,NORMAL,100,100.0
12:46:21.333,1.0126,0.0,NORMAL,100,100.0
12:46:21.436,1.0073,0.0,NORMAL,100,100.0
12:46:21.543,1.0052,0.0,NORMAL,100,100.0
12:46:21.646,1.0092,0.0,NORMAL,100,100.0
12:46:21.748,1.0051,0.0,NORMAL,100,100.0
12:46:21.854,1.0094,0.0,NORMAL,100,100.0
12:46:21.950,1.0158,0.0,NORMAL,100,100.0
12:46:22.054,1.007,0.0,NORMAL,100,100.0
12:46:22.153,1.0006,0.0,NORMAL,100,100.0
12:46:22.255,1.014,0.0,NORMAL,100,100.0
12:46:22.349,1.0127,0.0,NORMAL,100,100.0
12:46:22.446,1.0075,0.0,NORMAL,100,100.0
12:46:22.552,1.0113,0.0,NORMAL,100,100.0
12:46:22.664,1.003,0.0,NORMAL,100,100.0
12:46:22.790,1.0102,0.0,NORMAL,100,100.0
12:46:22.901,1.0096,0.0,NORMAL,100,100.0
12:46:23.007,1.0107,0.0,NORMAL,100,100.0
12:46:23.103,1.0098,0.0,NORMAL,100,100.0
12:46:23.202,1.0087,0.0,NORMAL,100,100.0
12:46:23.300,1.0017,0.0,NORMAL,100,100.0
12:46:23.407,1.0158,0.0,NORMAL,100,100.0
12:46:23.512,1.0113,0.0,NORMAL,100,100.0
12:46:23.608,1.0083,0.0,NORMAL,100,100.0
12:46:23.706,1.0098,0.0,NORMAL,100,100.0
12:46:23.816,1.0041,0.0,NORMAL,100,100.0
12:46:23.912,1.0208,0.0,NORMAL,100,100.0
12:46:24.018,1.0149,0.0,NORMAL,100,100.0
12:46:24.121,1.0145,0.0,NORMAL,100,100.0
12:46:24.221,1.0134,0.0,NORMAL,100,100.0
12:46:24.324,1.0086,0.0,NORMAL,100,100.0
12:46:24.431,1.0035,0.0,NORMAL,100,100.0
12:46:24.531,1.0148,0.0,NORMAL,100,100.0
12:46:24.622,1.0018,0.0,NORMAL,100,100.0
12:46:24.724,1.0146,0.0,NORMAL,100,100.0
12:46:24.823,1.0126,0.0,NORMAL,100,100.0
12:46:24.928,1.0104,0.0,NORMAL,100,100.0
12:46:25.029,1.0016,0.0,NORMAL,100,100.0
12:46:25.133,1.0094,0.0,NORMAL,100,100.0
12:46:25.238,1.0124,0.0,NORMAL,100,100.0
12:46:25.336,1.0114,0.0,NORMAL,100,100.0
12:46:25.432,1.0015,0.0,NORMAL,100,100.0
12:46:25.529,1.0162,0.0,NORMAL,100,100.0
12:46:25.626,1.0107,0.0,NORMAL,100,100.0
12:46:25.729,1.0079,0.0,NORMAL,100,100.0
12:46:25.835,1.0018,0.0,NORMAL,100,100.0
12:46:25.944,1.0014,0.0,NORMAL,100,100.0
12:46:26.054,1.0096,0.0,NORMAL,100,100.0
12:46:26.149,1.013,0.0,NORMAL,100,100.0
12:46:26.242,1.0089,0.0,NORMAL,100,100.0
12:46:26.345,1.0098,0.0,NORMAL,100,100.0
12:46:26.450,1.011,0.0,NORMAL,100,100.0
12:46:26.558,1.0142,0.0,NORMAL,100,100.0
12:46:26.659,1.0145,0.0,NORMAL,100,100.0
12:46:26.756,1.0028,0.0,NORMAL,100,100.0
12:46:26.853,1.0089,0.0,NORMAL,100,100.0
12:46:26.961,1.0138,0.0,NORMAL,100,100.0
12:46:27.061,1.0138,0.0,NORMAL,100,100.0
12:46:27.161,1.017,0.0,NORMAL,100,100.0
12:46:27.264,1.01,0.0,NORMAL,100,100.0
12:46:27.362,1.0055,0.0,NORMAL,100,100.0
12:46:27.469,1.0024,0.0,NORMAL,100,100.0
12:46:27.579,1.0141,0.0,NORMAL,100,100.0
12:46:27.683,1.0142,0.0,NORMAL,100,100.0
12:46:27.789,1.0188,0.0,NORMAL,100,100.0
12:46:27.891,1.0081,0.0,NORMAL,100,100.0
12:46:28.015,1.0156,0.0,NORMAL,100,100.0
12:46:28.117,1.0176,0.0,NORMAL,100,100.0
12:46:28.221,1.0166,0.0,NORMAL,100,100.0
12:46:28.332,1.0121,0.0,NORMAL,100,100.0
12:46:28.431,1.0007,0.0,NORMAL,100,100.0
12:46:28.536,1.0006,0.0,NORMAL,100,100.0
12:46:28.632,1.0026,0.0,NORMAL,100,100.0
12:46:28.732,1.0021,0.0,NORMAL,100,100.0
12:46:28.842,1.0001,0.0,NORMAL,100,100.0
12:46:28.953,1.0008,0.0,NORMAL,100,100.0
12:46:29.061,1.0098,0.0,NORMAL,100,100.0
12:46:29.165,1.01,0.0,NORMAL,100,100.0
12:46:29.259,1.0031,0.0,NORMAL,100,100.0
12:46:29.366,1.0063,0.0,NORMAL,100,100.0
12:46:29.459,1.0026,0.0,NORMAL,100,100.0
12:46:29.559,1.0056,0.0,NORMAL,100,100.0
12:46:29.658,1.0027,0.0,NORMAL,100,100.0
12:46:29.754,1.0006,0.0,NORMAL,100,100.0
12:46:29.856,1.0067,0.0,NORMAL,100,100.0
12:46:29.967,1.0142,0.0,NORMAL,100,100.0
12:46:30.070,1.0179,0.0,NORMAL,100,100.0
12:46:30.168,1.0132,0.0,NORMAL,100,100.0
12:46:30.269,1.0148,0.0,NORMAL,100,100.0
12:46:30.374,1.0062,0.0,NORMAL,100,100.0
12:46:30.478,1.0044,0.0,NORMAL,100,100.0
12:46:30.576,1.0062,0.0,NORMAL,100,100.0
12:46:30.678,1.0026,0.0,NORMAL,100,100.0
12:46:30.810,1.0116,0.0,NORMAL,100,100.0
12:46:30.903,1.0062,0.0,NORMAL,100,100.0
12:46:31.009,1.0129,0.0,NORMAL,100,100.0
12:46:31.122,1.0032,0.0,NORMAL,100,100.0
12:46:31.225,1.0055,0.0,NORMAL,100,100.0
12:46:31.327,1.0054,0.0,NORMAL,100,100.0
12:46:31.428,1.0127,0.0,NORMAL,100,100.0
12:46:31.525,1.014,0.0,NORMAL,100,100.0
12:46:31.632,1.0051,0.0,NORMAL,100,100.0
12:46:31.735,1.0044,0.0,NORMAL,100,100.0
12:46:31.843,1.0065,0.0,NORMAL,100,100.0
12:46:31.946,1.0053,0.0,NORMAL,100,100.0
12:46:32.047,1.0038,0.0,NORMAL,100,100.0
12:46:32.151,1.0005,0.0,NORMAL,100,100.0
12:46:32.255,1.0086,0.0,NORMAL,100,100.0
12:46:32.352,1.0059,0.0,NORMAL,100,100.0
12:46:32.458,1.0008,0.0,NORMAL,100,100.0
12:46:32.564,1.0102,0.0,NORMAL,100,100.0
12:46:32.669,1.0054,0.0,NORMAL,100,100.0
12:46:32.765,1.0039,0.0,NORMAL,100,100.0
12:46:32.872,1.0028,0.0,NORMAL,100,100.0
12:46:32.976,1.0101,0.0,NORMAL,100,100.0
12:46:33.081,1.0025,0.0,NORMAL,100,100.0
12:46:33.188,1.0067,0.0,NORMAL,100,100.0
12:46:33.288,1.0007,0.0,NORMAL,100,100.0
12:46:33.392,1.0076,0.0,NORMAL,100,100.0
12:46:33.486,1.0152,0.0,NORMAL,100,100.0
12:46:33.590,1.0049,0.0,NORMAL,100,100.0
12:46:33.693,1.0139,0.0,NORMAL,100,100.0
12:46:33.801,1.003,0.0,NORMAL,100,100.0
12:46:33.901,1.0175,0.0,NORMAL,100,100.0
12:46:34.008,1.011,0.0,NORMAL,100,100.0
12:46:34.115,1.0007,0.0,NORMAL,100,100.0
12:46:34.213,1.0104,0.0,NORMAL,100,100.0
12:46:34.314,1.0094,0.0,NORMAL,100,100.0
12:46:34.422,1.0041,0.0,NORMAL,100,100.0
12:46:34.535,1.0027,0.0,NORMAL,100,100.0
12:46:34.641,1.0204,0.0,NORMAL,100,100.0
12:46:34.735,1.0147,0.0,NORMAL,100,100.0
12:46:34.838,1.0066,0.0,NORMAL,100,100.0
12:46:34.931,1.0035,0.0,NORMAL,100,100.0
12:46:35.043,1.0041,0.0,NORMAL,100,100.0
12:46:35.142,1.002,0.0,NORMAL,100,100.0
12:46:35.245,1.0089,0.0,NORMAL,100,100.0
12:46:35.355,1.0093,0.0,NORMAL,100,100.0
12:46:35.464,1.0058,0.0,NORMAL,100,100.0
12:46:35.570,1.0162,0.0,NORMAL,100,100.0
12:46:35.668,1.0091,0.0,NORMAL,100,100.0
12:46:35.772,1.0089,0.0,NORMAL,100,100.0
12:46:35.864,1.0018,0.0,NORMAL,100,100.0
12:46:35.968,1.0121,0.0,NORMAL,100,100.0
12:46:36.061,1.0025,0.0,NORMAL,100,100.0
12:46:36.191,1.0177,0.0,NORMAL,100,100.0
12:46:36.291,1.0077,0.0,NORMAL,100,100.0
12:46:36.391,1.0032,0.0,NORMAL,100,100.0
12:46:36.497,1.0072,0.0,NORMAL,100,100.0
12:46:36.590,1.0037,0.0,NORMAL,100,100.0
12:46:36.699,1.0007,0.0,NORMAL,100,100.0
12:46:36.806,1.002,0.0,NORMAL,100,100.0
12:46:36.906,1.014,0.0,NORMAL,100,100.0
12:46:37.012,1.0023,0.0,NORMAL,100,100.0
12:46:37.122,1.0004,0.0,NORMAL,100,100.0
12:46:37.219,1.0021,0.0,NORMAL,100,100.0
12:46:37.325,1.0097,0.0,NORMAL,100,100.0
12:46:37.426,1.0011,0.0,NORMAL,100,100.0
12:46:37.527,1.014,0.0,NORMAL,100,100.0
12:46:37.623,1.0014,0.0,NORMAL,100,100.0
12:46:37.722,1.0082,0.0,NORMAL,100,100.0
12:46:37.827,1.0001,0.0,NORMAL,100,100.0
12:46:37.956,1.0146,0.0,NORMAL,100,100.0
12:46:38.086,1.4122,0.0,NORMAL,100,81.0
12:46:38.187,1.079,0.0,NORMAL,100,69.0
12:46:38.279,1.0501,0.0,NORMAL,100,50.0
12:46:38.374,1.034,0.0,NORMAL,100,68.0
12:46:38.477,1.0487,0.0,NORMAL,100,100.0
12:46:38.578,1.0437,0.0,NORMAL,100,100.0
12:46:38.687,1.0271,0.0,NORMAL,100,100.0
12:46:38.794,1.0351,0.0,NORMAL,100,100.0
12:46:38.899,1.0191,0.0,NORMAL,100,100.0
12:46:38.990,1.0048,0.0,NORMAL,100,100.0
12:46:39.096,1.003,0.0,NORMAL,100,100.0
12:46:39.207,1.0067,0.0,NORMAL,100,100.0
12:46:39.309,1.0048,0.0,NORMAL,100,100.0
12:46:39.409,1.015,0.0,NORMAL,100,100.0
12:46:39.506,1.0175,0.0,NORMAL,100,100.0
12:46:39.611,1.0015,0.0,NORMAL,100,100.0
12:46:39.719,1.0117,0.0,NORMAL,100,100.0
12:46:39.829,1.0098,0.0,NORMAL,100,100.0
12:46:39.938,1.0139,0.0,NORMAL,100,100.0
12:46:40.041,1.0125,0.0,NORMAL,100,100.0
12:46:40.145,1.0132,0.0,NORMAL,100,100.0
12:46:40.243,1.0113,0.0,NORMAL,100,100.0
12:46:40.346,1.0138,0.0,NORMAL,100,100.0
12:46:40.448,1.0091,0.0,NORMAL,100,100.0
12:46:40.555,1.0152,0.0,NORMAL,100,100.0
12:46:40.653,1.0137,0.0,NORMAL,100,100.0
12:46:40.762,1.0013,0.0,NORMAL,100,100.0
12:46:40.847,1.0127,0.0,NORMAL,100,100.0
12:46:40.950,1.0144,0.0,NORMAL,100,100.0
12:46:41.059,1.0026,0.0,NORMAL,100,100.0
12:46:41.163,1.0058,0.0,NORMAL,100,100.0
12:46:41.259,1.011,0.0,NORMAL,100,100.0
12:46:41.357,1.009,0.0,NORMAL,100,100.0
12:46:41.455,1.0091,0.0,NORMAL,100,100.0
12:46:41.586,1.0067,0.0,NORMAL,100,100.0
12:46:41.701,1.0029,0.0,NORMAL,100,100.0
12:46:41.802,1.0158,0.0,NORMAL,100,100.0
12:46:41.905,1.002,0.0,NORMAL,100,100.0
12:46:42.010,1.0061,0.0,NORMAL,100,100.0
12:46:42.111,1.0019,0.0,NORMAL,100,100.0
12:46:42.213,1.0087,0.0,NORMAL,100,100.0
12:46:42.315,1.0053,0.0,NORMAL,100,100.0
12:46:42.412,1.0029,0.0,NORMAL,100,100.0
12:46:42.516,1.0087,0.0,NORMAL,100,100.0
12:46:42.627,1.0114,0.0,NORMAL,100,100.0
12:46:42.735,1.0114,0.0,NORMAL,100,100.0
12:46:42.829,1.0031,0.0,NORMAL,100,100.0
12:46:42.930,1.0089,0.0,NORMAL,100,100.0
12:46:43.035,1.0092,0.0,NORMAL,100,100.0
12:46:43.132,1.0104,0.0,NORMAL,100,100.0
12:46:43.239,1.0031,0.0,NORMAL,100,100.0
12:46:43.346,1.0082,0.0,NORMAL,100,100.0
12:46:43.451,1.0152,0.0,NORMAL,100,100.0
12:46:43.558,1.003,0.0,NORMAL,100,100.0
12:46:43.660,1.0078,0.0,NORMAL,100,100.0
12:46:43.759,1.0,0.0,NORMAL,100,100.0
12:46:43.854,1.0054,0.0,NORMAL,100,100.0
12:46:43.951,1.0002,0.0,NORMAL,100,100.0
12:46:44.053,1.0127,0.0,NORMAL,100,100.0
12:46:44.162,1.0066,0.0,NORMAL,100,100.0
12:46:44.266,1.0082,0.0,NORMAL,100,100.0
12:46:44.372,1.0073,0.0,NORMAL,100,100.0
12:46:44.464,1.0164,0.0,NORMAL,100,100.0
12:46:44.571,1.0061,0.0,NORMAL,100,100.0
12:46:44.683,1.005,0.0,NORMAL,100,100.0
12:46:44.781,1.0129,0.0,NORMAL,100,100.0
12:46:44.886,1.0113,0.0,NORMAL,100,100.0
12:46:44.987,1.0126,0.0,NORMAL,100,100.0
12:46:45.089,1.0075,0.0,NORMAL,100,100.0
12:46:45.188,1.4494,0.0,NORMAL,100,77.0
12:46:45.295,1.0789,0.0,NORMAL,100,66.0
12:46:45.396,1.0624,0.0,NORMAL,100,64.0
12:46:45.497,1.043,0.0,NORMAL,100,50.0
12:46:45.606,1.0509,0.0,NORMAL,100,73.0
12:46:45.708,1.0375,0.0,NORMAL,100,100.0
12:46:45.815,1.0156,0.0,NORMAL,100,99.0
12:46:45.908,1.0259,0.0,NORMAL,100,100.0
12:46:45.996,1.0132,0.0,NORMAL,100,100.0
12:46:46.107,1.0323,0.0,NORMAL,100,100.0
12:46:46.209,1.0283,0.0,NORMAL,100,100.0
12:46:46.313,1.0154,0.0,NORMAL,100,100.0
12:46:46.407,1.0217,0.0,NORMAL,100,100.0
12:46:46.513,1.0069,0.0,NORMAL,100,100.0
12:46:46.609,1.0041,0.0,NORMAL,100,100.0
12:46:46.715,1.0147,0.0,NORMAL,100,100.0
12:46:46.814,1.0157,0.0,NORMAL,100,100.0
12:46:46.943,1.0124,0.0,NORMAL,100,100.0
12:46:47.047,1.0134,0.0,NORMAL,100,100.0
12:46:47.155,1.0048,0.0,NORMAL,100,100.0
12:46:47.246,1.0042,0.0,NORMAL,100,100.0
12:46:47.358,1.0089,0.0,NORMAL,100,100.0
12:46:47.463,1.0082,0.0,NORMAL,100,100.0
12:46:47.565,1.0139,0.0,NORMAL,100,100.0
12:46:47.660,1.0129,0.0,NORMAL,100,100.0
12:46:47.755,1.0072,0.0,NORMAL,100,100.0
12:46:47.854,1.0177,0.0,NORMAL,100,100.0
12:46:47.960,1.0017,0.0,NORMAL,100,100.0
12:46:48.066,1.0122,0.0,NORMAL,100,100.0
12:46:48.171,1.0055,0.0,NORMAL,100,100.0
12:46:48.272,1.0095,0.0,NORMAL,100,100.0
12:46:48.381,1.0164,0.0,NORMAL,100,100.0
12:46:48.490,1.0127,0.0,NORMAL,100,100.0
12:46:48.590,1.0108,0.0,NORMAL,100,100.0
12:46:48.695,1.0046,0.0,NORMAL,100,100.0
12:46:48.788,1.0154,0.0,NORMAL,100,100.0
12:46:48.894,1.0037,0.0,NORMAL,100,100.0
12:46:48.996,1.0017,0.0,NORMAL,100,100.0
12:46:49.105,1.008,0.0,NORMAL,100,100.0
12:46:49.211,1.0037,0.0,NORMAL,100,100.0
12:46:49.306,1.0073,0.0,NORMAL,100,100.0
12:46:49.411,1.014,0.0,NORMAL,100,100.0
12:46:49.520,1.0203,0.0,NORMAL,100,100.0
12:46:49.629,1.0161,0.0,NORMAL,100,100.0
12:46:49.731,1.0101,0.0,NORMAL,100,100.0
12:46:49.837,1.0177,0.0,NORMAL,100,100.0
12:46:49.938,1.0107,0.0,NORMAL,100,100.0
12:46:50.035,1.0118,0.0,NORMAL,100,100.0
12:46:50.136,1.0001,0.0,NORMAL,100,100.0
12:46:50.229,1.0013,0.0,NORMAL,100,100.0
12:46:50.339,1.0059,0.0,NORMAL,100,100.0
12:46:50.436,1.0213,0.0,NORMAL,100,100.0
12:46:50.543,1.0053,0.0,NORMAL,100,100.0
12:46:50.651,1.0145,0.0,NORMAL,100,100.0
12:46:50.751,1.0028,0.0,NORMAL,100,100.0
12:46:50.847,1.0042,0.0,NORMAL,100,100.0
12:46:50.944,1.0083,0.0,NORMAL,100,100.0
12:46:51.040,1.0021,0.0,NORMAL,100,100.0
12:46:51.143,1.0074,0.0,NORMAL,100,100.0
12:46:51.259,1.0154,0.0,NORMAL,100,100.0
12:46:51.367,1.0016,0.0,NORMAL,100,100.0
12:46:51.462,1.0127,0.0,NORMAL,100,100.0
12:46:51.568,1.0057,0.0,NORMAL,100,100.0
12:46:51.687,1.0068,0.0,NORMAL,100,100.0
12:46:51.798,1.0092,0.0,NORMAL,100,100.0
12:46:51.898,1.0053,0.0,NORMAL,100,100.0
12:46:52.006,1.0044,0.0,NORMAL,100,100.0
12:46:52.097,1.0182,0.0,NORMAL,100,100.0
12:46:52.203,1.013,0.0,NORMAL,100,100.0
12:46:52.331,1.003,0.0,NORMAL,100,100.0
12:46:52.430,1.0039,0.0,NORMAL,100,100.0
12:46:52.531,1.0102,0.0,NORMAL,100,100.0
12:46:52.649,1.0062,0.0,NORMAL,100,100.0
12:46:52.758,1.0011,0.0,NORMAL,100,100.0
12:46:52.870,1.0153,0.0,NORMAL,100,100.0
12:46:52.995,1.0097,0.0,NORMAL,100,100.0
12:46:53.105,1.0077,0.0,NORMAL,100,100.0
12:46:53.229,1.0065,0.0,NORMAL,100,100.0
12:46:53.362,1.0082,0.0,NORMAL,100,100.0
12:46:53.494,1.0064,0.0,NORMAL,100,100.0
12:46:53.610,1.0078,0.0,NORMAL,100,100.0
12:46:53.728,1.0109,0.0,NORMAL,100,100.0
12:46:53.870,1.0089,0.0,NORMAL,100,100.0
12:46:53.988,1.017,0.0,NORMAL,100,100.0
12:46:54.087,1.0113,0.0,NORMAL,100,100.0
12:46:54.201,1.0037,0.0,NORMAL,100,100.0
12:46:54.306,1.0055,0.0,NORMAL,100,100.0
12:46:54.428,1.0146,0.0,NORMAL,100,100.0
12:46:54.529,1.0106,0.0,NORMAL,100,100.0
12:46:54.633,1.0023,0.0,NORMAL,100,100.0
12:46:54.736,1.014,0.0,NORMAL,100,100.0
12:46:54.836,1.0038,0.0,NORMAL,100,100.0
12:46:54.947,1.0012,0.0,NORMAL,100,100.0
12:46:55.045,1.014,0.0,NORMAL,100,100.0
12:46:55.151,1.001,0.0,NORMAL,100,100.0
12:46:55.250,1.0061,0.0,NORMAL,100,100.0
12:46:55.346,1.0019,0.0,NORMAL,100,100.0
12:46:55.444,1.0089,0.0,NORMAL,100,100.0
12:46:55.550,1.0163,0.0,NORMAL,100,100.0
12:46:55.655,1.0159,0.0,NORMAL,100,100.0
12:46:55.769,1.0103,0.0,NORMAL,100,100.0
12:46:55.863,1.0029,0.0,NORMAL,100,100.0
12:46:55.971,1.0114,0.0,NORMAL,100,100.0
12:46:56.070,1.0099,0.0,NORMAL,100,100.0
12:46:56.170,1.0179,0.0,NORMAL,100,100.0
12:46:56.275,1.0112,0.0,NORMAL,100,100.0
12:46:56.375,1.015,0.0,NORMAL,100,100.0
12:46:56.475,1.0114,0.0,NORMAL,100,100.0
12:46:56.573,1.0092,0.0,NORMAL,100,100.0
12:46:56.688,1.0091,0.0,NORMAL,100,100.0
12:46:56.789,1.0085,0.0,NORMAL,100,100.0
12:46:56.887,1.0004,0.0,NORMAL,100,100.0
12:46:56.983,1.0141,0.0,NORMAL,100,100.0
12:46:57.084,1.0143,0.0,NORMAL,100,100.0
12:46:57.195,1.01,0.0,NORMAL,100,100.0
12:46:57.287,1.0073,0.0,NORMAL,100,100.0
12:46:57.396,1.0113,0.0,NORMAL,100,100.0
12:46:57.493,1.0044,0.0,NORMAL,100,100.0
12:46:57.587,1.0114,0.0,NORMAL,100,100.0
12:46:57.684,1.0128,0.0,NORMAL,100,100.0
12:46:57.783,1.0143,0.0,NORMAL,100,100.0
12:46:57.912,1.0112,0.0,NORMAL,100,100.0
12:46:58.022,1.0015,0.0,NORMAL,100,100.0
12:46:58.125,1.0085,0.0,NORMAL,100,100.0
12:46:58.230,1.0004,0.0,NORMAL,100,100.0
12:46:58.340,1.014,0.0,NORMAL,100,100.0
12:46:58.446,1.0109,0.0,NORMAL,100,100.0
12:46:58.550,1.0038,0.0,NORMAL,100,100.0
12:46:58.654,1.0007,0.0,NORMAL,100,100.0
12:46:58.756,1.0162,0.0,NORMAL,100,100.0
12:46:58.858,1.0177,0.0,NORMAL,100,100.0
12:46:58.955,1.014,0.0,NORMAL,100,100.0
12:46:59.055,1.0039,0.0,NORMAL,100,100.0
12:46:59.161,1.0097,0.0,NORMAL,100,100.0
12:46:59.271,1.0079,0.0,NORMAL,100,100.0
12:46:59.373,1.0169,0.0,NORMAL,100,100.0
12:46:59.461,1.0093,0.0,NORMAL,100,100.0
12:46:59.570,1.013,0.0,NORMAL,100,100.0
12:46:59.670,1.0164,0.0,NORMAL,100,100.0
12:46:59.771,1.0133,0.0,NORMAL,100,100.0
12:46:59.871,1.0172,0.0,NORMAL,100,100.0
12:46:59.968,1.0026,0.0,NORMAL,100,100.0
12:47:00.074,1.0139,0.0,NORMAL,100,100.0
12:47:00.180,1.0126,0.0,NORMAL,100,100.0
12:47:00.285,1.0011,0.0,NORMAL,100,100.0
12:47:00.386,1.0031,0.0,NORMAL,100,100.0
12:47:00.486,1.0018,0.0,NORMAL,100,100.0
12:47:00.594,1.0079,0.0,NORMAL,100,100.0
12:47:00.687,1.0174,0.0,NORMAL,100,100.0
12:47:00.797,1.0028,0.0,NORMAL,100,100.0
12:47:00.897,1.0123,0.0,NORMAL,100,100.0
12:47:00.994,1.0123,0.0,NORMAL,100,100.0
12:47:01.100,1.0126,0.0,NORMAL,100,100.0
12:47:01.200,1.0136,0.0,NORMAL,100,100.0
12:47:02.163,1.0213,0.0,NORMAL,100,100.0
12:47:02.262,1.0057,0.0,NORMAL,100,100.0
12:47:02.377,1.0009,0.0,NORMAL,100,100.0
12:47:02.490,1.0057,0.0,NORMAL,100,100.0
12:47:02.606,1.0121,0.0,NORMAL,100,100.0
12:47:02.719,1.0092,0.0,NORMAL,100,100.0
12:47:02.827,1.0063,0.0,NORMAL,100,100.0
12:47:02.949,1.0096,0.0,NORMAL,100,100.0
12:47:03.062,1.0058,0.0,NORMAL,100,100.0
12:47:03.183,1.0091,0.0,NORMAL,100,100.0
12:47:03.321,1.0093,0.0,NORMAL,100,100.0
12:47:03.431,1.0086,0.0,NORMAL,100,100.0
12:47:03.545,1.008,0.0,NORMAL,100,100.0
12:47:03.642,1.0063,0.0,NORMAL,100,100.0
12:47:03.746,1.0092,0.0,NORMAL,100,100.0
12:47:03.855,1.0057,0.0,NORMAL,100,100.0
12:47:03.954,1.0083,0.0,NORMAL,100,100.0
12:47:04.051,1.0144,0.0,NORMAL,100,100.0
12:47:04.155,1.0027,0.0,NORMAL,100,100.0
12:47:04.256,1.0029,0.0,NORMAL,100,100.0
12:47:04.358,1.0025,0.0,NORMAL,100,100.0
12:47:04.452,1.0181,0.0,NORMAL,100,100.0
12:47:04.573,1.0086,0.0,NORMAL,100,98.0
12:47:04.681,1.0004,0.0,NORMAL,100,100.0
12:47:04.903,1.001,0.0,NORMAL,100,100.0
12:47:05.043,1.0082,0.0,NORMAL,100,100.0
12:47:05.186,1.0009,0.0,NORMAL,100,100.0
12:47:05.300,1.0045,0.0,NORMAL,100,100.0
12:47:05.412,1.0111,0.0,NORMAL,100,100.0
12:47:05.521,1.0093,0.0,NORMAL,100,100.0
12:47:05.630,1.0151,0.0,NORMAL,100,100.0
12:47:05.745,1.0102,0.0,NORMAL,100,100.0
12:47:05.848,1.0075,0.0,NORMAL,100,100.0
12:47:05.949,1.0011,0.0,NORMAL,100,100.0
12:47:06.062,1.0123,0.0,NORMAL,100,100.0
12:47:06.169,1.0133,0.0,NORMAL,100,100.0
12:47:06.280,1.0005,0.0,NORMAL,100,100.0
12:47:06.387,1.01,0.0,NORMAL,100,100.0
12:47:06.493,1.0063,0.0,NORMAL,100,100.0
12:47:06.590,1.0101,0.0,NORMAL,100,100.0
12:47:06.694,1.0095,0.0,NORMAL,100,100.0
12:47:06.806,1.0164,0.0,NORMAL,100,100.0
12:47:06.913,1.0163,0.0,NORMAL,100,100.0
12:47:07.018,1.0038,0.0,NORMAL,100,100.0
12:47:07.128,1.012,0.0,NORMAL,100,100.0
12:47:07.234,1.0084,0.0,NORMAL,100,100.0
12:47:07.348,1.0082,0.0,NORMAL,100,100.0
12:47:07.457,1.0018,0.0,NORMAL,100,100.0
12:47:07.565,1.0159,0.0,NORMAL,100,100.0
12:47:07.674,1.0079,0.0,NORMAL,100,100.0
12:47:07.777,1.0122,0.0,NORMAL,100,100.0
12:47:07.879,1.0111,0.0,NORMAL,100,100.0
12:47:07.996,1.0102,0.0,NORMAL,100,100.0
12:47:08.110,1.002,0.0,NORMAL,100,100.0
12:47:08.216,1.0094,0.0,NORMAL,100,100.0
12:47:08.326,1.0101,0.0,NORMAL,100,100.0
12:47:08.434,1.0178,0.0,NORMAL,100,100.0
12:47:08.545,1.0091,0.0,NORMAL,100,100.0
12:47:08.648,1.0069,0.0,NORMAL,100,100.0
12:47:08.757,1.0038,0.0,NORMAL,100,100.0
12:47:08.867,1.0012,0.0,NORMAL,100,100.0
12:47:08.979,1.0097,0.0,NORMAL,100,100.0
12:47:09.086,1.0037,0.0,NORMAL,100,100.0
12:47:09.196,1.0162,0.0,NORMAL,100,100.0
12:47:09.306,1.0181,0.0,NORMAL,100,100.0
12:47:09.422,1.0097,0.0,NORMAL,100,98.0
12:47:09.534,1.0015,0.0,NORMAL,100,100.0
12:47:09.662,1.0183,0.0,NORMAL,100,100.0
12:47:09.779,1.0058,0.0,NORMAL,100,100.0
12:47:09.900,1.0114,0.0,NORMAL,100,100.0
12:47:10.010,1.0096,0.0,NORMAL,100,100.0
12:47:10.128,1.0024,0.0,NORMAL,100,100.0
12:47:10.237,1.0083,0.0,NORMAL,100,100.0
12:47:10.350,1.0097,0.0,NORMAL,100,100.0
12:47:10.456,1.0043,0.0,NORMAL,100,100.0
12:47:10.559,1.0038,0.0,NORMAL,100,100.0
12:47:10.669,1.007,0.0,NORMAL,100,100.0
12:47:10.777,1.0031,0.0,NORMAL,100,100.0
12:47:10.880,1.0026,0.0,NORMAL,100,100.0
12:47:10.982,1.0059,0.0,NORMAL,100,100.0
12:47:11.117,1.0041,0.0,NORMAL,100,100.0
12:47:11.307,1.0053,0.0,NORMAL,100,100.0
12:47:11.469,1.0197,0.0,NORMAL,100,100.0
12:47:11.607,1.4895,0.0,NORMAL,100,81.0
12:47:11.758,1.0692,0.0,NORMAL,100,69.0
12:47:11.892,1.048,0.0,NORMAL,100,53.0
12:47:12.037,1.0491,0.0,NORMAL,100,68.0
12:47:12.182,1.0514,0.0,NORMAL,100,100.0
