timestamp,imu_z,motion_score,decision,motor_speed,confidence
13:13:35.544,1.0011,0.0,NORMAL,100,100.0
13:13:35.844,1.001,0.0,NORMAL,100,100.0
13:13:36.032,1.0117,0.0,NORMAL,100,100.0
13:13:36.202,1.0141,0.0,NORMAL,100,100.0
13:13:36.353,1.0032,0.0,NORMAL,100,100.0
13:13:36.503,1.0075,0.0,NORMAL,100,100.0
13:13:36.662,1.0122,0.0,NORMAL,100,100.0
13:13:36.815,1.014,0.0,NORMAL,100,100.0
13:13:36.969,1.0137,0.0,NORMAL,100,100.0
13:13:37.133,1.0019,0.0,NORMAL,100,100.0
13:13:37.329,1.0105,0.0,NORMAL,100,100.0
13:13:37.481,1.0071,0.0,NORMAL,100,100.0
13:13:37.626,1.0101,0.0,NORMAL,100,100.0
13:13:37.797,1.0161,0.0,NORMAL,100,100.0
13:13:37.948,1.0148,0.0,NORMAL,100,100.0
13:13:38.098,1.0088,0.0,NORMAL,100,100.0
13:13:38.242,1.0003,0.0,NORMAL,100,100.0
13:13:38.408,1.0086,0.0,NORMAL,100,100.0
13:13:38.563,1.0015,0.0,NORMAL,100,100.0
13:13:38.717,1.0166,0.0,NORMAL,100,100.0
13:13:38.877,1.011,0.0,NORMAL,100,100.0
13:13:39.031,1.0199,0.0,NORMAL,100,100.0
13:13:39.193,1.007,0.0,NORMAL,100,100.0
13:13:39.353,1.0092,0.0,NORMAL,100,100.0
13:13:39.514,1.0148,0.0,NORMAL,100,100.0
13:13:39.672,1.0052,0.0,NORMAL,100,100.0
13:13:39.833,1.013,0.0,NORMAL,100,100.0
13:13:39.994,1.0121,0.0,NORMAL,100,100.0
13:13:40.156,1.0097,0.0,NORMAL,100,100.0
13:13:40.319,1.0138,0.0,NORMAL,100,100.0
13:13:40.474,1.0086,0.0,NORMAL,100,100.0
13:13:40.620,1.0004,0.0,NORMAL,100,100.0
13:13:40.753,1.0044,0.0,NORMAL,100,100.0
13:13:40.908,1.012,0.0,NORMAL,100,100.0
13:13:41.060,1.0036,0.0,NORMAL,100,100.0
13:13:41.215,1.0062,0.0,NORMAL,100,100.0
13:13:41.378,1.0051,0.0,NORMAL,100,100.0
13:13:41.555,1.0128,0.0,NORMAL,100,100.0
13:13:41.741,1.0024,0.0,NORMAL,100,100.0
13:13:41.884,1.0059,0.0,NORMAL,100,100.0
13:13:42.035,1.015,0.0,NORMAL,100,100.0
13:13:42.192,1.0037,0.0,NORMAL,100,100.0
13:13:42.326,1.0185,0.0,NORMAL,100,100.0
13:13:42.479,1.0104,0.0,NORMAL,100,100.0
13:13:42.622,1.013,0.0,NORMAL,100,100.0
13:13:42.764,1.0111,0.0,NORMAL,100,100.0
13:13:42.919,1.0006,0.0,NORMAL,100,100.0
13:13:43.071,1.0045,0.0,NORMAL,100,100.0
13:13:43.207,1.0125,0.0,NORMAL,100,100.0
13:13:43.368,1.013,0.0,NORMAL,100,100.0
13:13:43.532,1.0066,0.0,NORMAL,100,100.0
13:13:43.690,1.0099,0.0,NORMAL,100,100.0
13:13:43.846,1.0064,0.0,NORMAL,100,100.0
13:13:43.983,1.0121,0.0,NORMAL,100,100.0
13:13:44.136,1.0146,0.0,NORMAL,100,100.0
13:13:44.283,1.0016,0.0,NORMAL,100,100.0
13:13:44.441,1.0165,0.0,NORMAL,100,100.0
13:13:44.590,1.0118,0.0,NORMAL,100,100.0
13:13:44.731,1.0124,0.0,NORMAL,100,100.0
13:13:44.878,1.0009,0.0,NORMAL,100,100.0
13:13:45.031,1.014,0.0,NORMAL,100,100.0
13:13:45.175,1.0088,0.0,NORMAL,100,100.0
13:13:45.330,1.0044,0.0,NORMAL,100,100.0
13:13:45.484,1.0106,0.0,NORMAL,100,100.0
13:13:45.637,1.0069,0.0,NORMAL,100,100.0
13:13:45.826,1.0071,0.0,NORMAL,100,100.0
13:13:45.981,1.0005,0.0,NORMAL,100,100.0
13:13:46.121,1.0015,0.0,NORMAL,100,100.0
13:13:46.283,1.0027,0.0,NORMAL,100,100.0
13:13:46.449,1.0087,0.0,NORMAL,100,100.0
13:13:46.604,1.0047,0.0,NORMAL,100,100.0
13:13:46.753,1.0094,0.0,NORMAL,100,100.0
13:13:46.902,1.0005,0.0,NORMAL,100,100.0
13:13:47.041,1.0052,0.0,NORMAL,100,100.0
13:13:47.169,1.0057,0.0,NORMAL,100,100.0
13:13:47.302,1.007,0.0,NORMAL,100,100.0
13:13:47.453,1.005,0.0,NORMAL,100,100.0
13:13:47.598,1.007,0.0,NORMAL,100,100.0
13:13:47.755,1.011,0.0,NORMAL,100,100.0
13:13:47.911,1.0043,0.0,NORMAL,100,100.0
13:13:48.060,1.0114,0.0,NORMAL,100,100.0
13:13:48.204,1.0075,0.0,NORMAL,100,100.0
13:13:48.349,1.0037,0.0,NORMAL,100,100.0
13:13:48.507,1.003,0.0,NORMAL,100,100.0
13:13:48.651,1.0095,0.0,NORMAL,100,100.0
13:13:48.791,1.006,0.0,NORMAL,100,100.0
13:13:48.939,1.0009,0.0,NORMAL,100,100.0
13:13:49.069,1.007,0.0,NORMAL,100,100.0
13:13:49.218,1.0164,0.0,NORMAL,100,100.0
13:13:49.375,1.0074,0.0,NORMAL,100,100.0
13:13:49.523,1.0165,0.0,NORMAL,100,100.0
13:13:49.686,1.0097,0.0,NORMAL,100,100.0
13:13:49.830,1.0075,0.0,NORMAL,100,100.0
13:13:49.958,1.0066,0.0,NORMAL,100,100.0
13:13:50.101,1.0079,0.0,NORMAL,100,100.0
13:13:50.236,1.0152,0.0,NORMAL,100,100.0
13:13:50.386,1.0131,0.0,NORMAL,100,100.0
13:13:50.541,1.014,0.0,NORMAL,100,100.0
13:13:50.698,1.0079,0.0,NORMAL,100,100.0
13:13:50.845,1.0086,0.0,NORMAL,100,100.0
13:13:50.991,1.0225,0.0,NORMAL,100,100.0
13:13:51.139,1.011,0.0,NORMAL,100,100.0
13:13:51.304,1.0077,0.0,NORMAL,100,100.0
13:13:51.436,1.0135,0.0,NORMAL,100,100.0
13:13:51.597,1.0037,0.0,NORMAL,100,100.0
13:13:51.740,1.0092,0.0,NORMAL,100,100.0
13:13:51.888,1.0051,0.0,NORMAL,100,100.0
13:13:52.043,1.0168,0.0,NORMAL,100,100.0
13:13:52.198,1.0011,0.0,NORMAL,100,100.0
13:13:52.344,1.0192,2.5,NORMAL,72,74.5
13:13:52.487,1.0033,2.5,NORMAL,72,69.5
13:13:52.640,1.0045,2.5,NORMAL,72,72.5
13:13:52.789,1.0183,2.5,CAUTION,72,71.5
13:13:52.948,1.0018,2.5,CAUTION,72,70.5
13:13:53.097,1.007,2.5,CAUTION,72,71.5
13:13:53.249,1.0074,2.5,CAUTION,72,69.5
13:13:53.412,1.0148,2.5,CAUTION,72,70.5
13:13:53.555,1.0142,2.5,CAUTION,72,71.5
13:13:53.698,1.0021,2.5,CAUTION,72,71.5
13:13:53.839,1.016,2.5,CAUTION,72,72.5
13:13:53.994,1.0075,2.5,CAUTION,72,70.5
13:13:54.140,1.0084,2.5,CAUTION,72,71.5
13:13:54.340,1.0035,0.0,CAUTION,100,100.0
13:13:54.487,1.0093,0.0,CAUTION,100,100.0
13:13:54.652,1.0011,0.0,CAUTION,100,100.0
13:13:54.821,1.0133,0.0,NORMAL,100,100.0
13:13:54.967,1.0138,0.0,NORMAL,100,100.0
13:13:55.128,1.0156,0.0,NORMAL,100,100.0
13:13:55.281,1.0064,0.0,NORMAL,100,100.0
13:13:55.431,1.0002,0.0,NORMAL,100,100.0
13:13:55.574,1.0136,0.0,NORMAL,100,100.0
13:13:55.730,1.0067,0.0,NORMAL,100,100.0
13:13:55.889,1.0151,0.0,NORMAL,100,100.0
13:13:56.026,1.0045,0.0,NORMAL,100,100.0
13:13:56.181,1.0063,0.0,NORMAL,100,100.0
13:13:56.331,1.0013,0.0,NORMAL,100,100.0
13:13:56.467,1.0009,0.0,NORMAL,100,100.0
13:13:56.611,1.0111,0.0,NORMAL,100,100.0
13:13:56.746,1.0081,0.0,NORMAL,100,100.0
13:13:56.899,1.0067,0.0,NORMAL,100,100.0
13:13:57.057,1.0161,2.3,NORMAL,68,77.0
13:13:57.216,1.0152,2.3,NORMAL,68,77.0
13:13:57.362,1.0026,2.3,NORMAL,68,76.0
13:13:57.522,1.0131,2.3,CAUTION,68,78.0
13:13:57.675,1.0186,2.3,CAUTION,68,77.0
13:13:57.832,1.001,2.3,CAUTION,68,75.0
13:13:57.983,1.0054,2.3,CAUTION,68,77.0
13:13:58.131,1.0109,2.3,CAUTION,68,75.0
13:13:58.286,1.0075,2.3,CAUTION,68,74.0
13:13:58.436,1.0011,2.3,CAUTION,68,75.0
13:13:58.583,1.0035,2.3,CAUTION,68,74.0
13:13:58.736,1.0177,2.3,CAUTION,68,76.0
13:13:58.898,1.007,0.0,CAUTION,100,100.0
13:13:59.052,1.0103,0.0,CAUTION,100,100.0
13:13:59.226,1.0002,0.0,CAUTION,100,100.0
13:13:59.380,1.0028,0.0,NORMAL,100,100.0
13:13:59.549,1.0059,0.0,NORMAL,100,100.0
13:13:59.706,1.0072,0.0,NORMAL,100,100.0
13:13:59.840,1.0086,0.0,NORMAL,100,100.0
13:14:00.001,1.0046,0.0,NORMAL,100,100.0
13:14:00.160,1.0065,0.0,NORMAL,100,100.0
13:14:00.340,1.0083,0.0,NORMAL,100,100.0
13:14:00.480,1.0044,0.0,NORMAL,100,100.0
13:14:00.622,1.0099,0.0,NORMAL,100,100.0
13:14:00.780,1.0001,0.0,NORMAL,100,100.0
13:14:00.932,1.0148,0.0,NORMAL,100,100.0
13:14:01.086,1.0165,0.0,NORMAL,100,100.0
13:14:01.250,1.0084,0.0,NORMAL,100,100.0
13:14:01.406,1.0163,0.0,NORMAL,100,100.0
13:14:01.559,1.0071,0.0,NORMAL,100,100.0
13:14:01.700,1.0074,0.0,NORMAL,100,100.0
13:14:01.873,1.0054,0.0,NORMAL,100,100.0
13:14:02.018,1.0015,0.0,NORMAL,100,100.0
13:14:02.186,1.0103,0.0,NORMAL,100,100.0
13:14:02.316,1.0066,0.0,NORMAL,100,100.0
13:14:02.465,1.0062,0.0,NORMAL,100,100.0
13:14:02.617,1.0083,0.0,NORMAL,100,100.0
13:14:02.764,1.0099,0.0,NORMAL,100,100.0
13:14:02.923,1.0016,0.0,NORMAL,100,100.0
13:14:03.066,1.0129,0.0,NORMAL,100,100.0
13:14:03.204,2.6832,0.0,NORMAL,30,50.0
13:14:03.343,1.2571,0.0,NORMAL,100,62.0
13:14:03.540,1.2047,0.0,NORMAL,100,86.0
13:14:03.687,1.1774,0.0,NORMAL,100,98.0
13:14:03.843,1.1514,0.0,NORMAL,100,98.0
13:14:03.988,1.1176,0.0,NORMAL,100,97.0
13:14:04.121,1.1111,0.0,NORMAL,100,79.0
13:14:04.249,1.0943,0.0,NORMAL,100,65.0
13:14:04.394,1.0939,0.0,NORMAL,100,59.0
13:14:04.543,1.0715,0.0,NORMAL,100,41.0
13:14:04.699,1.066,0.0,NORMAL,100,41.0
13:14:04.843,1.0372,0.0,NORMAL,100,49.0
13:14:05.002,1.0415,0.0,NORMAL,100,69.0
13:14:05.145,1.0508,0.0,NORMAL,100,100.0
13:14:05.331,1.0453,0.0,NORMAL,100,100.0
13:14:05.513,1.031,0.0,NORMAL,100,100.0
13:14:05.646,1.0342,0.0,NORMAL,100,100.0
13:14:05.791,1.0125,0.0,NORMAL,100,99.0
13:14:05.950,1.0116,0.0,NORMAL,100,100.0
13:14:06.098,1.0261,0.0,NORMAL,100,100.0
13:14:06.243,1.0156,0.0,NORMAL,100,100.0
13:14:06.375,1.0083,0.0,NORMAL,100,100.0
13:14:06.532,1.0048,0.0,NORMAL,100,100.0
13:14:06.684,1.0136,0.0,NORMAL,100,100.0
13:14:06.825,1.0145,0.0,NORMAL,100,100.0
13:14:06.968,1.0012,0.0,NORMAL,100,100.0
13:14:07.112,1.0156,0.0,NORMAL,100,100.0
13:14:07.246,1.0115,0.0,NORMAL,100,100.0
13:14:07.397,1.0029,0.0,NORMAL,100,100.0
13:14:07.549,1.0115,0.0,NORMAL,100,100.0
13:14:07.715,1.0136,0.0,NORMAL,100,100.0
13:14:07.858,1.0066,0.0,NORMAL,100,100.0
13:14:08.018,1.0162,0.0,NORMAL,100,100.0
13:14:08.172,1.0085,0.0,NORMAL,100,100.0
13:14:08.318,1.0097,0.0,NORMAL,100,100.0
13:14:08.463,1.0034,0.0,NORMAL,100,100.0
13:14:08.615,1.0057,0.0,NORMAL,100,100.0
13:14:08.769,1.0085,0.0,NORMAL,100,100.0
13:14:08.916,1.0068,0.0,NORMAL,100,100.0
13:14:09.073,1.0036,0.0,NORMAL,100,100.0
13:14:09.229,1.0145,0.0,NORMAL,100,100.0
13:14:09.383,1.0166,0.0,NORMAL,100,100.0
13:14:09.536,1.0071,0.0,NORMAL,100,100.0
13:14:09.686,1.0179,0.0,NORMAL,100,100.0
13:14:09.842,1.0079,0.0,NORMAL,100,100.0
13:14:09.998,1.0101,0.0,NORMAL,100,100.0
13:14:10.145,1.0099,0.0,NORMAL,100,100.0
13:14:10.295,1.0132,0.0,NORMAL,100,100.0
13:14:10.456,1.0073,0.0,NORMAL,100,100.0
13:14:10.595,1.0085,0.0,NORMAL,100,100.0
13:14:10.754,1.0102,0.0,NORMAL,100,100.0
13:14:10.919,1.0023,0.0,NORMAL,100,100.0
13:14:11.058,1.0064,0.0,NORMAL,100,100.0
13:14:11.202,1.0143,0.0,NORMAL,100,100.0
13:14:11.349,1.002,0.0,NORMAL,100,100.0
13:14:11.509,1.0003,0.0,NORMAL,100,100.0
13:14:11.665,1.0059,0.0,NORMAL,100,100.0
13:14:11.816,1.0097,0.0,NORMAL,100,100.0
13:14:11.976,1.0049,0.0,NORMAL,100,100.0
13:14:12.123,1.0056,0.0,NORMAL,100,100.0
13:14:12.271,1.0132,0.0,NORMAL,100,100.0
13:14:12.426,1.0094,0.0,NORMAL,100,100.0
13:14:12.568,1.0158,0.0,NORMAL,100,100.0
13:14:12.716,1.0177,0.0,NORMAL,100,100.0
13:14:12.858,1.0034,0.0,NORMAL,100,100.0
13:14:12.996,1.006,0.0,NORMAL,100,100.0
13:14:13.186,1.0133,0.0,NORMAL,100,100.0
13:14:13.336,1.0008,0.0,NORMAL,100,100.0
13:14:13.489,1.0136,0.0,NORMAL,100,100.0
13:14:13.644,1.0054,0.0,NORMAL,100,100.0
13:14:13.785,1.0005,0.0,NORMAL,100,100.0
13:14:13.928,1.0135,0.0,NORMAL,100,100.0
13:14:14.080,1.0012,0.0,NORMAL,100,100.0
13:14:14.230,1.0093,0.0,NORMAL,100,100.0
13:14:14.383,1.0065,0.0,NORMAL,100,100.0
13:14:14.527,1.0127,0.0,NORMAL,100,100.0
13:14:14.682,1.0052,0.0,NORMAL,100,100.0
13:14:14.830,1.003,0.0,NORMAL,100,100.0
13:14:14.989,1.0139,0.0,NORMAL,100,100.0
13:14:15.131,1.0067,0.0,NORMAL,100,100.0
13:14:15.284,1.0185,0.0,NORMAL,100,100.0
13:14:15.441,1.0115,0.0,NORMAL,100,100.0
13:14:15.600,1.0122,0.0,NORMAL,100,100.0
13:14:15.742,1.017,0.0,NORMAL,100,100.0
13:14:15.881,1.0115,0.0,NORMAL,100,100.0
13:14:16.039,1.0039,0.0,NORMAL,100,100.0
13:14:16.191,1.0099,0.0,NORMAL,100,100.0
13:14:16.332,1.0029,1.3875,NORMAL,80,59.0
13:14:16.485,1.0064,1.3875,NORMAL,80,56.0
13:14:16.627,1.013,1.3875,NORMAL,80,57.0
13:14:16.789,1.0073,1.3875,CAUTION,80,56.0
13:14:16.947,1.0019,1.3875,CAUTION,80,57.0
13:14:17.102,1.0028,1.3875,CAUTION,80,57.0
13:14:17.269,1.0037,1.3875,CAUTION,80,56.0
13:14:17.421,1.0105,1.3875,CAUTION,80,57.0
13:14:17.584,1.0025,1.3875,CAUTION,80,58.0
13:14:17.749,1.0116,1.3875,CAUTION,80,58.0
13:14:17.902,1.017,1.3875,CAUTION,80,59.0
13:14:18.053,1.0092,1.3875,CAUTION,80,59.0
13:14:18.201,1.0045,0.0,CAUTION,100,100.0
13:14:18.369,1.0073,0.0,CAUTION,100,100.0
13:14:18.518,1.0019,0.0,CAUTION,100,100.0
13:14:18.676,1.0153,0.0,NORMAL,100,100.0
13:14:18.814,1.0042,0.0,NORMAL,100,100.0
13:14:18.952,1.0111,0.0,NORMAL,100,100.0
13:14:19.107,1.0015,0.0,NORMAL,100,100.0
13:14:19.256,1.0001,0.0,NORMAL,100,100.0
13:14:19.402,1.0149,0.0,NORMAL,100,100.0
13:14:19.552,1.013,1.4,NORMAL,80,58.0
13:14:19.714,1.0062,1.4,NORMAL,80,57.0
13:14:19.868,1.0034,1.4,NORMAL,80,56.0
13:14:20.037,1.0037,1.4,CAUTION,80,56.0
13:14:20.183,1.0176,1.4,CAUTION,80,58.0
13:14:20.334,1.0149,1.4,CAUTION,80,58.0
13:14:20.491,1.0102,1.4,CAUTION,80,61.0
13:14:20.647,1.0006,1.4,CAUTION,80,59.0
13:14:20.805,1.0045,1.4,CAUTION,80,56.0
13:14:21.006,1.4601,1.4,CAUTION,80,55.0
13:14:21.153,1.0587,0.0,CAUTION,100,63.0
13:14:21.308,1.0489,0.0,CAUTION,100,51.0
13:14:21.464,1.0379,0.0,CAUTION,100,81.0
13:14:21.615,1.0328,0.0,NORMAL,100,100.0
13:14:21.771,1.031,0.0,NORMAL,100,100.0
13:14:21.924,1.0489,0.0,NORMAL,100,100.0
13:14:22.070,1.0477,0.0,NORMAL,100,100.0
13:14:22.207,1.0283,0.0,NORMAL,100,100.0
13:14:22.345,1.0288,0.0,NORMAL,100,100.0
13:14:22.491,1.0244,0.0,NORMAL,100,100.0
13:14:22.665,1.0132,0.0,NORMAL,100,100.0
13:14:22.823,1.0123,0.0,NORMAL,100,100.0
13:14:22.966,1.0188,0.0,NORMAL,100,100.0
13:14:23.115,1.0083,0.0,NORMAL,100,100.0
13:14:23.258,1.0082,0.0,NORMAL,100,100.0
13:14:23.402,1.0173,0.0,NORMAL,100,100.0
13:14:23.547,1.0164,0.0,NORMAL,100,100.0
13:14:23.705,1.0097,0.0,NORMAL,100,100.0
13:14:23.863,1.0013,0.0,NORMAL,100,100.0
13:14:24.014,1.0123,0.0,NORMAL,100,100.0
13:14:24.164,1.0029,0.0,NORMAL,100,100.0
13:14:24.325,2.691,0.0,NORMAL,30,41.0
13:14:24.475,1.2387,0.0,NORMAL,100,58.0
13:14:24.636,1.2097,0.0,NORMAL,100,86.0
13:14:24.813,1.1708,2.5,NORMAL,72,73.5
13:14:24.964,1.1588,2.5,NORMAL,72,73.5
13:14:25.112,1.1502,2.5,NORMAL,72,74.5
13:14:25.273,1.1292,2.5,CAUTION,72,79.5
13:14:25.436,1.0836,2.5,CAUTION,72,99.0
13:14:25.580,1.0889,2.5,CAUTION,72,99.0
13:14:25.735,1.0534,2.5,CAUTION,72,99.0
13:14:25.877,1.056,2.5,CAUTION,72,99.0
13:14:26.034,1.0375,0.0,CAUTION,100,61.0
13:14:26.185,1.06,0.0,CAUTION,100,58.0
13:14:26.345,1.0458,0.0,CAUTION,100,75.0
13:14:26.503,1.0323,0.0,NORMAL,100,81.0
13:14:26.632,1.0278,0.0,NORMAL,100,100.0
13:14:26.778,1.0194,0.0,NORMAL,100,100.0
13:14:26.950,1.0213,0.0,NORMAL,100,100.0
13:14:27.095,1.0155,0.0,NORMAL,100,100.0
13:14:27.252,1.0136,0.0,NORMAL,100,100.0
13:14:27.409,1.0091,0.0,NORMAL,100,100.0
13:14:27.553,1.0263,0.0,NORMAL,100,100.0
13:14:27.692,1.0194,0.0,NORMAL,100,100.0
13:14:27.843,1.0034,0.0,NORMAL,100,100.0
13:14:27.987,1.012,0.0,NORMAL,100,100.0
13:14:28.177,1.0025,0.0,NORMAL,100,100.0
13:14:28.335,1.0129,0.0,NORMAL,100,100.0
13:14:28.488,1.008,0.0,NORMAL,100,100.0
13:14:28.642,1.0132,0.0,NORMAL,100,100.0
13:14:28.780,1.0062,0.0,NORMAL,100,100.0
13:14:28.928,1.0134,0.0,NORMAL,100,100.0
13:14:29.080,1.0036,0.0,NORMAL,100,100.0
13:14:29.239,1.018,0.0,NORMAL,100,100.0
13:14:29.437,1.012,0.0,NORMAL,100,100.0
13:14:29.610,1.0126,0.0,NORMAL,100,100.0
13:14:29.764,1.0,0.0,NORMAL,100,100.0
13:14:29.917,1.0169,0.0,NORMAL,100,100.0
13:14:30.078,1.0174,0.0,NORMAL,100,100.0
13:14:30.232,1.0059,0.0,NORMAL,100,100.0
13:14:30.385,1.0066,0.0,NORMAL,100,100.0
13:14:30.539,1.0049,0.0,NORMAL,100,100.0
13:14:30.685,1.0099,0.0,NORMAL,100,100.0
13:14:30.822,1.0027,0.0,NORMAL,100,100.0
13:14:30.970,1.0036,0.0,NORMAL,100,100.0
13:14:31.120,1.0175,0.0,NORMAL,100,100.0
13:14:31.261,1.0098,0.0,NORMAL,100,100.0
13:14:31.414,1.0007,0.0,NORMAL,100,100.0
13:14:31.563,1.013,0.0,NORMAL,100,100.0
13:14:31.715,1.0006,0.0,NORMAL,100,100.0
13:14:31.869,1.0006,0.0,NORMAL,100,100.0
13:14:32.010,1.0146,0.0,NORMAL,100,100.0
13:14:32.152,1.0005,0.0,NORMAL,100,100.0
13:14:32.313,1.0048,0.0,NORMAL,100,100.0
13:14:32.460,1.004,0.0,NORMAL,100,100.0
13:14:32.617,1.0154,1.3132,NORMAL,80,58.0
13:14:32.775,1.0121,1.3132,NORMAL,80,58.0
13:14:32.918,1.0101,1.3132,NORMAL,80,59.0
13:14:33.080,1.0095,1.3132,CAUTION,80,58.0
13:14:33.230,1.0119,1.3132,CAUTION,80,59.0
13:14:33.389,1.0064,1.3132,CAUTION,80,56.0
13:14:33.544,1.0014,1.3132,CAUTION,80,57.0
13:14:33.706,1.0021,1.3132,CAUTION,80,57.0
13:14:33.855,1.0076,1.3132,CAUTION,80,55.0
13:14:34.006,1.015,4.0976,CAUTION,50,57.0
13:14:34.157,1.0071,4.0976,CAUTION,50,57.0
13:14:34.317,1.0086,4.0976,CAUTION,50,58.0
13:14:34.476,1.0114,3.0,CAUTION,68,76.0
13:14:34.629,1.0011,4.0976,HAZARD,50,57.0
13:14:34.783,1.0061,4.0976,HAZARD,50,55.0
13:14:34.948,1.0085,4.0976,HAZARD,50,57.0
13:14:35.102,1.0092,4.0976,HAZARD,50,58.0
13:14:35.256,1.0062,4.0976,HAZARD,50,57.0
13:14:35.433,1.012,4.0976,HAZARD,50,57.0
13:14:35.591,1.0171,4.0976,HAZARD,50,59.0
13:14:35.763,1.0182,4.0976,HAZARD,50,59.0
13:14:35.913,1.0146,2.5,HAZARD,72,74.5
13:14:36.079,1.002,2.5,HAZARD,72,73.5
13:14:36.242,1.0161,2.5,HAZARD,72,72.5
13:14:36.397,1.0096,2.5,CAUTION,72,71.5
13:14:36.543,1.0049,2.5,CAUTION,72,71.5
13:14:36.693,1.0166,2.5,CAUTION,72,71.5
13:14:36.846,1.01,2.5,CAUTION,72,71.5
13:14:36.993,1.0083,2.5,CAUTION,72,74.5
13:14:37.142,1.0019,2.5,CAUTION,72,70.5
13:14:37.340,1.0056,2.5,CAUTION,72,69.5
13:14:37.507,1.014,2.5,CAUTION,72,71.5
13:14:37.672,1.0156,2.5,CAUTION,72,72.5
13:14:37.821,1.0066,0.0,CAUTION,100,100.0
13:14:37.967,1.007,0.0,CAUTION,100,100.0
13:14:38.142,1.0046,4.4635,CAUTION,45,69.2
13:14:38.286,1.0039,4.4635,CAUTION,45,69.2
13:14:38.447,1.007,4.4635,HAZARD,45,69.2
13:14:38.593,1.0114,4.4635,HAZARD,45,71.2
13:14:38.730,1.0001,4.4635,HAZARD,45,70.2
13:14:38.883,1.0018,4.4635,HAZARD,45,70.2
13:14:39.027,1.0141,4.4635,HAZARD,45,71.2
13:14:39.175,1.0022,4.4635,HAZARD,45,70.2
13:14:39.339,1.0098,4.4635,HAZARD,45,70.2
13:14:39.497,1.0073,4.4635,HAZARD,45,70.2
13:14:39.656,1.0135,4.4635,HAZARD,45,70.2
13:14:39.811,2.6543,4.4635,HAZARD,45,99.0
13:14:39.954,1.2662,0.0,HAZARD,100,66.0
13:14:40.110,1.2193,0.0,HAZARD,100,86.0
13:14:40.266,1.1788,0.0,HAZARD,100,98.0
13:14:40.418,1.1437,0.0,NORMAL,100,97.0
13:14:40.556,1.134,0.0,NORMAL,100,82.0
13:14:40.696,1.1185,0.0,NORMAL,100,74.0
13:14:40.829,1.0811,0.0,NORMAL,100,70.0
13:14:40.983,1.0732,0.0,NORMAL,100,64.0
13:14:41.139,1.085,0.0,NORMAL,100,41.0
13:14:41.290,1.0487,0.0,NORMAL,100,49.0
13:14:41.452,1.0476,0.0,NORMAL,100,68.0
13:14:41.598,1.0475,0.0,NORMAL,100,100.0
13:14:41.751,1.0251,0.0,NORMAL,100,99.0
13:14:41.906,1.0224,0.0,NORMAL,100,100.0
13:14:42.062,1.0377,0.0,NORMAL,100,100.0
13:14:42.214,1.0274,0.0,NORMAL,100,100.0
13:14:42.366,1.0246,0.0,NORMAL,100,100.0
13:14:42.511,1.0118,0.0,NORMAL,100,100.0
13:14:42.658,1.0146,0.0,NORMAL,100,100.0
13:14:42.797,1.0049,0.0,NORMAL,100,100.0
13:14:42.948,1.0176,0.0,NORMAL,100,100.0
13:14:43.109,1.0073,0.0,NORMAL,100,100.0
13:14:43.269,1.0051,0.0,NORMAL,100,100.0
13:14:43.423,1.0212,0.0,NORMAL,100,100.0
13:14:43.579,1.0164,0.0,NORMAL,100,100.0
13:14:43.711,1.021,0.0,NORMAL,100,100.0
13:14:43.854,1.0098,1.3104,NORMAL,80,61.0
13:14:43.996,1.0092,1.3104,NORMAL,80,62.0
13:14:44.140,1.0044,1.3104,NORMAL,80,57.0
13:14:44.312,1.0012,1.3104,CAUTION,80,57.0
13:14:44.466,1.0106,1.3104,CAUTION,80,58.0
13:14:44.619,1.01,1.3104,CAUTION,80,58.0
13:14:44.768,1.0072,1.3104,CAUTION,80,57.0
13:14:44.922,1.0169,1.3104,CAUTION,80,59.0
13:14:45.082,1.011,1.3104,CAUTION,80,58.0
13:14:45.234,1.0171,1.3104,CAUTION,80,62.0
13:14:45.397,1.0049,1.3104,CAUTION,80,56.0
13:14:45.562,1.0117,1.3104,CAUTION,80,60.0
13:14:45.724,1.0121,0.0,CAUTION,100,100.0
13:14:45.876,1.0034,0.0,CAUTION,100,100.0
13:14:46.035,1.0133,4.0892,CAUTION,50,58.0
13:14:46.243,1.0123,4.0892,CAUTION,50,58.0
13:14:46.406,1.0069,4.0892,HAZARD,50,56.0
13:14:46.553,1.0008,0.0,NORMAL,100,100.0
13:14:46.712,1.0143,0.0,NORMAL,100,100.0
13:14:46.865,1.0045,0.0,NORMAL,100,100.0
13:14:47.017,1.0042,4.0892,HAZARD,50,57.0
13:14:47.169,1.0018,4.0892,HAZARD,50,57.0
13:14:47.323,1.0172,0.0,NORMAL,100,100.0
13:14:47.481,1.0002,0.0,NORMAL,100,100.0
13:14:47.633,1.0055,0.0,NORMAL,100,100.0
13:14:47.789,1.0006,0.0,NORMAL,100,100.0
13:14:47.942,1.0085,0.0,NORMAL,100,100.0
13:14:48.091,1.0116,0.0,NORMAL,100,100.0
13:14:48.232,1.0011,1.3625,NORMAL,80,57.0
13:14:48.381,1.0094,1.3625,NORMAL,80,58.0
13:14:48.547,1.0035,1.3625,NORMAL,80,57.0
13:14:48.691,1.0184,1.3625,CAUTION,80,58.0
13:14:48.828,1.0066,1.3625,CAUTION,80,56.0
13:14:48.991,1.0029,0.0,CAUTION,100,100.0
13:14:49.134,1.0117,0.0,CAUTION,100,100.0
13:14:49.285,1.0081,4.6267,CAUTION,42,70.6
13:14:49.425,1.0034,4.6267,CAUTION,42,70.6
13:14:49.591,1.0093,4.6267,HAZARD,42,71.6
13:14:49.734,1.0103,4.6267,HAZARD,42,73.6
13:14:49.889,1.0138,4.6267,HAZARD,42,73.6
13:14:50.046,1.0156,4.6267,HAZARD,42,73.6
13:14:50.204,1.0163,4.6267,HAZARD,42,73.6
13:14:50.349,1.0081,0.0,HAZARD,100,100.0
13:14:50.487,1.0026,4.6267,HAZARD,42,74.6
13:14:50.647,1.0122,4.6267,HAZARD,42,72.6
13:14:50.793,1.0031,4.6267,HAZARD,42,71.6
13:14:50.948,1.0017,4.6267,HAZARD,42,71.6
13:14:51.106,1.0089,0.0,HAZARD,100,100.0
13:14:51.268,1.0106,0.0,HAZARD,100,100.0
13:14:51.421,1.0182,0.0,HAZARD,100,100.0
13:14:51.576,1.0191,0.0,NORMAL,100,100.0
13:14:51.731,1.0116,0.0,NORMAL,100,100.0
13:14:51.888,1.0027,0.0,NORMAL,100,100.0
13:14:52.042,1.0069,0.0,NORMAL,100,100.0
13:14:52.195,1.0056,0.0,NORMAL,100,100.0
13:14:52.343,1.0168,0.0,NORMAL,100,100.0
13:14:52.474,1.0096,0.0,NORMAL,100,100.0
13:14:52.624,1.0153,0.0,NORMAL,100,100.0
13:14:52.787,1.0179,0.0,NORMAL,100,100.0
13:14:52.938,1.0054,0.0,NORMAL,100,100.0
13:14:53.094,1.0135,0.0,NORMAL,100,100.0
13:14:53.255,1.0058,0.0,NORMAL,100,100.0
13:14:53.441,1.0046,0.0,NORMAL,100,100.0
13:14:53.596,1.005,0.0,NORMAL,100,100.0
13:14:53.736,1.0004,0.0,NORMAL,100,100.0
13:14:53.899,1.0185,0.0,NORMAL,100,100.0
13:14:54.046,1.0057,0.0,NORMAL,100,100.0
13:14:54.183,1.0125,0.0,NORMAL,100,100.0
13:14:54.333,1.0155,0.0,NORMAL,100,100.0
13:14:54.496,1.0168,0.0,NORMAL,100,100.0
13:14:54.637,1.013,4.0946,NORMAL,50,59.0
13:14:54.802,1.0154,4.0946,NORMAL,50,62.0
13:14:54.965,1.0113,4.0946,NORMAL,50,58.0
13:14:55.123,1.0116,4.0946,HAZARD,50,59.0
13:14:55.277,1.0057,4.0946,HAZARD,50,56.0
13:14:55.471,1.002,4.0946,HAZARD,50,57.0
13:14:55.630,1.003,4.0946,HAZARD,50,56.0
13:14:55.783,1.0113,0.0,HAZARD,100,100.0
13:14:55.944,1.0143,4.0946,HAZARD,50,59.0
13:14:56.095,1.0071,4.0946,HAZARD,50,57.0
13:14:56.252,1.0037,0.0,HAZARD,100,100.0
13:14:56.418,1.0003,4.0946,HAZARD,50,57.0
13:14:56.567,1.0018,0.0,HAZARD,100,100.0
13:14:56.705,1.0132,0.0,NORMAL,100,100.0
13:14:56.842,1.0003,0.0,NORMAL,100,100.0
13:14:56.993,1.0091,0.0,NORMAL,100,100.0
13:14:57.133,1.0097,0.0,NORMAL,100,100.0
13:14:57.274,1.0139,0.0,NORMAL,100,100.0
13:14:57.419,1.0005,0.0,NORMAL,100,100.0
13:14:57.568,1.01,0.0,NORMAL,100,100.0
13:14:57.708,1.0154,0.0,NORMAL,100,100.0
13:14:57.862,1.0177,0.0,NORMAL,100,100.0
13:14:58.010,1.0068,0.0,NORMAL,100,100.0
13:14:58.164,1.0079,0.0,NORMAL,100,100.0
13:14:58.315,1.0017,0.0,NORMAL,100,100.0
13:14:58.463,1.0012,0.0,NORMAL,100,100.0
13:14:58.608,1.0112,0.0,NORMAL,100,100.0
13:14:58.750,1.0075,0.0,NORMAL,100,100.0
13:14:58.896,1.0058,0.0,NORMAL,100,100.0
13:14:59.054,1.0159,0.0,NORMAL,100,100.0
13:14:59.204,1.019,0.0,NORMAL,100,100.0
13:14:59.350,1.0168,0.0,NORMAL,100,100.0
13:14:59.498,1.0132,0.0,NORMAL,100,100.0
13:14:59.658,1.0014,0.0,NORMAL,100,100.0
13:14:59.818,1.01,0.0,NORMAL,100,100.0
13:14:59.965,1.0038,0.0,NORMAL,100,100.0
13:15:00.123,1.0107,0.0,NORMAL,100,100.0
13:15:00.281,1.0018,0.0,NORMAL,100,100.0
13:15:00.406,1.0084,0.0,NORMAL,100,100.0
13:15:00.541,1.0119,0.0,NORMAL,100,100.0
13:15:00.697,1.0073,0.0,NORMAL,100,100.0
13:15:00.834,1.0008,0.0,NORMAL,100,100.0
13:15:00.981,1.0104,0.0,NORMAL,100,100.0
13:15:01.133,1.0155,5.0,NORMAL,37,77.0
13:15:01.300,1.0015,5.0,NORMAL,37,75.0
13:15:01.470,1.0041,5.0,NORMAL,37,75.0
13:15:01.616,1.0126,5.0,HAZARD,37,76.0
13:15:01.768,1.001,5.0,HAZARD,37,75.0
13:15:01.943,1.0179,5.0,HAZARD,37,76.0
13:15:02.112,1.0092,5.0,HAZARD,37,77.0
13:15:02.268,1.0109,5.0,HAZARD,37,80.0
13:15:02.438,1.0049,5.0,HAZARD,37,74.0
13:15:02.586,1.0028,5.0,HAZARD,37,75.0
13:15:02.734,1.0135,5.0,HAZARD,37,77.0
13:15:02.896,1.0179,5.0,HAZARD,37,78.0
13:15:03.067,1.0179,5.0,HAZARD,37,77.0
13:15:03.228,1.0012,5.0,HAZARD,37,78.0
13:15:03.377,1.0005,5.0,HAZARD,37,78.0
13:15:03.542,1.0144,5.0,HAZARD,37,76.0
13:15:03.734,1.0103,5.0,HAZARD,37,76.0
13:15:03.892,1.0034,5.0,HAZARD,37,76.0
13:15:04.057,1.0001,5.0,HAZARD,37,75.0
13:15:04.204,1.01,5.0,HAZARD,37,76.0
13:15:04.360,1.0052,0.0,HAZARD,100,100.0
13:15:04.523,1.0078,5.0,HAZARD,37,74.0
13:15:04.678,1.0042,0.0,HAZARD,100,100.0
13:15:04.815,1.0015,0.0,HAZARD,100,100.0
13:15:04.981,1.0005,0.0,NORMAL,100,100.0
13:15:05.142,1.0117,0.0,NORMAL,100,100.0
13:15:05.292,1.0151,0.0,NORMAL,100,100.0
13:15:05.439,1.008,0.0,NORMAL,100,100.0
13:15:05.588,1.006,0.0,NORMAL,100,100.0
13:15:05.743,1.0055,0.0,NORMAL,100,100.0
13:15:05.890,1.0036,0.0,NORMAL,100,100.0
13:15:06.046,1.0142,1.3417,NORMAL,80,59.0
13:15:06.195,1.0215,4.0192,NORMAL,51,59.0
13:15:06.356,1.4914,1.3417,NORMAL,80,57.0
13:15:06.518,1.0627,4.0192,NORMAL,51,83.0
13:15:06.668,1.061,1.3417,CAUTION,80,89.0
13:15:06.814,1.0461,1.3417,CAUTION,80,95.0
13:15:06.971,1.0469,4.5429,CAUTION,43,95.9
13:15:07.134,1.0328,4.5429,HAZARD,43,77.9
13:15:07.299,1.0244,1.3417,CAUTION,80,65.0
13:15:07.443,1.0483,4.5429,HAZARD,43,75.9
13:15:07.612,1.0315,4.5429,HAZARD,43,75.9
13:15:07.769,1.0072,4.5429,HAZARD,43,71.9
13:15:07.920,1.0263,4.5429,HAZARD,43,74.9
13:15:08.071,1.0245,4.5429,HAZARD,43,72.9
13:15:08.227,1.0161,4.5429,HAZARD,43,76.9
13:15:08.388,1.0241,4.5429,HAZARD,43,76.9
13:15:08.544,1.0039,4.5429,HAZARD,43,72.9
13:15:08.705,1.0107,4.5429,HAZARD,43,73.9
13:15:08.865,1.0113,3.0,HAZARD,68,76.0
13:15:09.029,1.0078,3.0,HAZARD,68,74.0
13:15:09.192,1.01,3.0,HAZARD,68,76.0
13:15:09.345,1.0138,3.0,CAUTION,68,78.0
13:15:09.507,1.0005,3.0,CAUTION,68,75.0
13:15:09.660,1.0175,3.0,CAUTION,68,76.0
13:15:09.807,1.0122,3.0,CAUTION,68,76.0
13:15:09.949,1.0124,3.0,CAUTION,68,79.0
13:15:10.104,1.0037,3.0,CAUTION,68,75.0
13:15:10.261,1.0144,3.0,CAUTION,68,77.0
13:15:10.423,1.0068,3.0,CAUTION,68,75.0
13:15:10.584,1.0111,3.0,CAUTION,68,77.0
13:15:10.724,1.0146,0.0,CAUTION,100,100.0
13:15:10.871,1.0035,0.0,CAUTION,100,100.0
13:15:11.041,1.0054,0.0,CAUTION,100,100.0
13:15:11.195,1.0006,0.0,NORMAL,100,100.0
13:15:11.334,1.0083,0.0,NORMAL,100,100.0
13:15:11.473,1.0085,0.0,NORMAL,100,100.0
13:15:11.627,1.0022,0.0,NORMAL,100,100.0
13:15:11.761,1.0044,2.3,NORMAL,68,74.0
13:15:11.927,1.0211,0.0,NORMAL,100,100.0
13:15:12.137,1.0143,0.0,NORMAL,100,100.0
13:15:12.284,1.02,0.0,NORMAL,100,100.0
13:15:12.434,1.0101,0.0,NORMAL,100,100.0
13:15:12.580,1.0081,0.0,NORMAL,100,100.0
13:15:12.742,1.0124,0.0,NORMAL,100,100.0
13:15:12.903,1.0084,0.0,NORMAL,100,100.0
13:15:13.047,1.001,0.0,NORMAL,100,100.0
13:15:13.199,1.0102,0.0,NORMAL,100,100.0
13:15:13.360,1.0132,0.0,NORMAL,100,100.0
13:15:13.527,1.0057,2.3,NORMAL,68,75.0
13:15:13.700,1.005,3.0,NORMAL,68,74.0
13:15:13.852,1.0095,0.0,NORMAL,100,100.0
13:15:14.014,1.0017,0.0,NORMAL,100,100.0
13:15:14.158,1.0026,0.0,NORMAL,100,100.0
13:15:14.310,1.008,0.0,NORMAL,100,100.0
13:15:14.471,1.0145,0.0,NORMAL,100,100.0
13:15:14.602,1.0118,0.0,NORMAL,100,100.0
13:15:14.745,1.0166,0.0,NORMAL,100,100.0
13:15:14.897,1.0139,0.0,NORMAL,100,100.0
13:15:15.028,1.0071,0.0,NORMAL,100,100.0
13:15:15.179,1.0114,0.0,NORMAL,100,100.0
13:15:15.326,1.0066,0.0,NORMAL,100,100.0
13:15:15.483,1.0168,0.0,NORMAL,100,100.0
13:15:15.628,1.0082,0.0,NORMAL,100,100.0
13:15:15.770,1.0073,0.0,NORMAL,100,100.0
13:15:15.920,1.0076,0.0,NORMAL,100,100.0
13:15:16.066,1.0002,0.0,NORMAL,100,100.0
13:15:16.220,2.6671,0.0,NORMAL,30,42.0
13:15:16.387,1.2395,0.0,NORMAL,100,59.0
13:15:16.545,1.2049,0.0,NORMAL,100,86.0
13:15:16.692,1.3103,0.0,NORMAL,100,98.0
13:15:16.843,1.2142,0.0,NORMAL,100,97.0
13:15:16.972,1.1913,0.0,NORMAL,100,98.0
13:15:17.131,1.1793,0.0,NORMAL,100,98.0
13:15:17.285,1.1402,0.0,NORMAL,100,97.0
13:15:17.454,1.1065,0.0,NORMAL,100,80.0
13:15:17.611,1.1186,0.0,NORMAL,100,73.0
13:15:17.764,1.0729,0.0,NORMAL,100,67.0
13:15:17.915,1.0633,0.0,NORMAL,100,64.0
13:15:18.058,1.0733,0.0,NORMAL,100,41.0
13:15:18.207,1.0587,0.0,NORMAL,100,38.0
13:15:18.367,1.059,0.0,NORMAL,100,39.0
13:15:18.530,1.0497,0.0,NORMAL,100,61.0
13:15:18.674,1.0369,0.0,NORMAL,100,81.0
13:15:18.831,1.008,0.0,NORMAL,100,99.0
13:15:18.970,1.0388,0.0,NORMAL,100,100.0
13:15:19.114,1.0273,0.0,NORMAL,100,100.0
13:15:19.270,1.0196,0.0,NORMAL,100,100.0
13:15:19.415,1.0036,0.0,NORMAL,100,100.0
13:15:19.555,1.022,0.0,NORMAL,100,100.0
13:15:19.715,1.0047,0.0,NORMAL,100,100.0
13:15:19.880,1.0018,0.0,NORMAL,100,100.0
13:15:20.017,1.0126,0.0,NORMAL,100,100.0
13:15:20.163,1.0024,0.0,NORMAL,100,100.0
13:15:20.318,1.0045,0.0,NORMAL,100,100.0
13:15:20.478,1.0032,0.0,NORMAL,100,100.0
13:15:20.624,1.0105,0.0,NORMAL,100,100.0
13:15:20.774,1.0017,4.44,NORMAL,45,71.0
13:15:20.929,1.0024,4.44,NORMAL,45,70.0
13:15:21.076,1.005,4.44,NORMAL,45,69.0
13:15:21.230,1.0003,4.44,HAZARD,45,70.0
13:15:21.421,1.0189,4.44,HAZARD,45,71.0
13:15:21.578,1.0126,4.44,HAZARD,45,71.0
13:15:21.738,1.0129,4.44,HAZARD,45,74.0
13:15:21.898,1.0008,4.44,HAZARD,45,70.0
13:15:22.049,1.0078,4.44,HAZARD,45,68.0
13:15:22.195,1.0059,4.44,HAZARD,45,69.0
13:15:22.333,1.0066,4.44,HAZARD,45,69.0
13:15:22.491,1.0019,4.44,HAZARD,45,70.0
13:15:22.647,1.0041,2.5,HAZARD,72,69.5
13:15:22.807,1.0164,2.5,HAZARD,72,71.5
13:15:22.957,1.0132,2.5,HAZARD,72,71.5
13:15:23.098,1.0036,2.5,CAUTION,72,73.5
13:15:23.270,1.0142,2.5,CAUTION,72,72.5
13:15:23.435,1.0074,2.5,CAUTION,72,69.5
13:15:23.579,1.009,2.5,CAUTION,72,71.5
13:15:23.737,1.0119,2.5,CAUTION,72,72.5
13:15:23.888,1.0104,2.5,CAUTION,72,71.5
13:15:24.047,1.0075,2.5,CAUTION,72,69.5
13:15:24.204,1.0212,2.5,CAUTION,72,71.5
13:15:24.372,1.0146,2.5,CAUTION,72,71.5
13:15:24.525,1.0064,0.0,CAUTION,100,100.0
13:15:24.682,1.0079,0.0,CAUTION,100,100.0
13:15:24.823,1.0035,0.0,CAUTION,100,100.0
13:15:24.974,1.0011,0.0,NORMAL,100,100.0
13:15:25.125,1.0118,0.0,NORMAL,100,100.0
13:15:25.278,1.0182,0.0,NORMAL,100,100.0
13:15:25.431,1.0059,0.0,NORMAL,100,100.0
13:15:25.566,1.0188,1.3263,NORMAL,80,61.0
13:15:25.711,1.0118,1.3263,NORMAL,80,59.0
13:15:25.860,1.0042,1.3263,NORMAL,80,60.0
13:15:26.011,1.0129,1.3263,CAUTION,80,58.0
13:15:26.174,1.017,1.3263,CAUTION,80,60.0
13:15:26.324,1.0025,1.3263,CAUTION,80,57.0
13:15:26.475,1.0046,1.3263,CAUTION,80,59.0
13:15:26.635,1.0164,1.3263,CAUTION,80,58.0
13:15:26.834,1.0023,1.3263,CAUTION,80,57.0
13:15:27.000,1.0166,1.3263,CAUTION,80,61.0
13:15:27.147,1.0039,0.0,CAUTION,100,100.0
13:15:27.286,1.0046,0.0,CAUTION,100,100.0
13:15:27.446,1.014,0.0,CAUTION,100,100.0
13:15:27.608,1.0087,0.0,NORMAL,100,100.0
13:15:27.762,1.0021,0.0,NORMAL,100,100.0
13:15:27.919,1.0042,0.0,NORMAL,100,100.0
13:15:28.072,1.0074,3.0,NORMAL,68,74.0
13:15:28.232,1.0042,3.0,NORMAL,68,74.0
13:15:28.396,1.0009,3.0,NORMAL,68,75.0
13:15:28.551,1.009,3.0,CAUTION,68,76.0
13:15:28.701,1.0186,0.0,CAUTION,100,100.0
13:15:28.918,1.0122,3.0,CAUTION,68,76.0
13:15:29.093,1.0055,0.0,CAUTION,100,100.0
13:15:29.254,1.0113,3.0,CAUTION,68,75.0
13:15:29.409,1.0069,0.0,CAUTION,100,100.0
13:15:29.557,1.0032,3.0,CAUTION,68,74.0
13:15:29.715,1.0068,3.0,CAUTION,68,74.0
13:15:29.888,1.0079,3.0,CAUTION,68,74.0
13:15:30.035,1.0089,3.0,CAUTION,68,76.0
13:15:30.204,1.0203,3.0,CAUTION,68,77.0
13:15:30.348,1.0167,0.0,CAUTION,100,100.0
13:15:30.511,1.014,3.0,CAUTION,68,79.0
13:15:30.664,1.004,3.0,CAUTION,68,77.0
13:15:30.821,1.0162,3.0,CAUTION,68,76.0
13:15:30.983,1.0019,3.0,CAUTION,68,75.0
13:15:31.128,1.0096,3.0,CAUTION,68,79.0
13:15:31.279,1.0075,3.0,CAUTION,68,75.0
13:15:31.442,1.0085,3.0,CAUTION,68,75.0
13:15:31.614,1.015,3.0,CAUTION,68,75.0
13:15:31.764,1.0093,0.0,CAUTION,100,100.0
13:15:31.908,1.0073,0.0,CAUTION,100,100.0
13:15:32.060,1.0118,0.0,CAUTION,100,100.0
13:15:32.216,1.0093,0.0,NORMAL,100,100.0
13:15:32.363,1.0083,0.0,NORMAL,100,100.0
13:15:32.504,1.0112,0.0,NORMAL,100,100.0
13:15:32.665,1.0018,0.0,NORMAL,100,100.0
13:15:32.818,1.0054,0.0,NORMAL,100,100.0
13:15:32.972,1.0004,0.0,NORMAL,100,100.0
13:15:33.115,1.0033,0.0,NORMAL,100,100.0
13:15:33.273,1.0011,0.0,NORMAL,100,100.0
13:15:33.431,1.0131,0.0,NORMAL,100,100.0
13:15:33.582,1.006,0.0,NORMAL,100,100.0
13:15:33.733,1.0001,0.0,NORMAL,100,100.0
13:15:33.882,1.0076,0.0,NORMAL,100,100.0
13:15:34.026,1.0183,0.0,NORMAL,100,100.0
13:15:34.180,1.0004,0.0,NORMAL,100,100.0
13:15:34.327,1.0133,0.0,NORMAL,100,100.0
13:15:34.490,1.013,0.0,NORMAL,100,100.0
13:15:34.636,1.0018,0.0,NORMAL,100,100.0
13:15:34.792,1.0142,0.0,NORMAL,100,100.0
13:15:34.931,1.0063,0.0,NORMAL,100,100.0
13:15:35.071,1.0047,0.0,NORMAL,100,100.0
13:15:35.234,1.0032,0.0,NORMAL,100,100.0
13:15:35.398,1.0123,0.0,NORMAL,100,100.0
13:15:35.552,1.0095,0.0,NORMAL,100,100.0
13:15:35.699,1.0132,0.0,NORMAL,100,100.0
13:15:35.870,1.0131,0.0,NORMAL,100,100.0
13:15:36.035,1.0064,0.0,NORMAL,100,100.0
13:15:36.234,1.0176,0.0,NORMAL,100,100.0
13:15:36.380,1.0177,0.0,NORMAL,100,100.0
13:15:36.534,1.0027,0.0,NORMAL,100,100.0
13:15:36.689,1.0061,0.0,NORMAL,100,100.0
13:15:36.846,1.0105,0.0,NORMAL,100,100.0
13:15:37.005,1.0145,0.0,NORMAL,100,100.0
13:15:37.179,1.0072,0.0,NORMAL,100,100.0
13:15:37.330,1.0027,0.0,NORMAL,100,100.0
13:15:37.477,1.0151,0.0,NORMAL,100,100.0
13:15:37.635,1.0046,0.0,NORMAL,100,100.0
13:15:37.782,1.0106,0.0,NORMAL,100,100.0
13:15:37.968,1.0044,0.0,NORMAL,100,100.0
13:15:38.130,1.0117,0.0,NORMAL,100,100.0
13:15:38.278,1.0153,0.0,NORMAL,100,100.0
13:15:38.429,1.0045,0.0,NORMAL,100,100.0
13:15:38.584,1.0137,0.0,NORMAL,100,100.0
13:15:38.742,1.0138,0.0,NORMAL,100,100.0
13:15:38.900,1.003,0.0,NORMAL,100,100.0
13:15:39.051,1.0028,0.0,NORMAL,100,100.0
13:15:39.195,1.0066,0.0,NORMAL,100,100.0
13:15:39.333,1.0023,0.0,NORMAL,100,100.0
13:15:39.497,1.0096,0.0,NORMAL,100,100.0
13:15:39.638,1.0088,0.0,NORMAL,100,100.0
13:15:39.795,1.0151,0.0,NORMAL,100,100.0
13:15:39.963,1.015,0.0,NORMAL,100,100.0
13:15:40.122,1.0098,0.0,NORMAL,100,100.0
13:15:40.272,1.0188,4.4061,NORMAL,45,74.7
13:15:40.428,1.0099,4.4061,NORMAL,45,71.7
13:15:40.582,1.0135,1.3156,NORMAL,80,63.0
13:15:40.748,1.002,4.4061,NORMAL,45,69.7
13:15:40.905,1.0114,1.3156,HAZARD,80,58.0
13:15:41.053,1.0007,4.4061,HAZARD,45,69.7
13:15:41.204,1.0185,4.4061,HAZARD,45,70.7
13:15:41.358,1.0092,4.4061,HAZARD,45,71.7
13:15:41.515,1.0121,4.4061,HAZARD,45,74.7
13:15:41.664,1.0044,1.3156,HAZARD,80,57.0
13:15:41.808,1.0041,1.3156,HAZARD,80,56.0
13:15:41.959,1.0041,1.3156,HAZARD,80,56.0
13:15:42.117,1.012,0.0,CAUTION,100,100.0
13:15:42.272,1.0115,0.0,CAUTION,100,100.0
13:15:42.435,1.0125,2.5,CAUTION,72,71.5
13:15:42.585,1.0142,2.5,CAUTION,72,71.5
13:15:42.739,1.0093,2.5,CAUTION,72,71.5
13:15:42.893,1.0093,3.0,CAUTION,68,77.0
13:15:43.053,1.002,3.0,CAUTION,68,77.0
13:15:43.213,1.0016,3.0,CAUTION,68,75.0
13:15:43.373,1.0055,3.0,CAUTION,68,74.0
13:15:43.524,1.0005,3.0,CAUTION,68,75.0
13:15:43.674,1.0015,3.0,CAUTION,68,75.0
13:15:43.829,1.003,3.0,CAUTION,68,74.0
13:15:43.989,1.0096,3.0,CAUTION,68,75.0
13:15:44.142,1.0075,2.5,CAUTION,72,70.5
13:15:44.299,1.0012,3.0,CAUTION,68,75.0
13:15:44.458,1.0102,3.0,CAUTION,68,76.0
13:15:44.626,1.012,3.0,CAUTION,68,76.0
13:15:44.787,1.0077,3.0,CAUTION,68,74.0
13:15:44.949,1.0017,3.0,CAUTION,68,75.0
13:15:45.108,1.0133,3.0,CAUTION,68,76.0
13:15:45.268,1.0129,3.0,CAUTION,68,76.0
13:15:45.427,1.0131,3.0,CAUTION,68,76.0
13:15:45.589,1.0123,3.0,CAUTION,68,76.0
13:15:45.747,1.0035,3.0,CAUTION,68,75.0
13:15:45.936,1.0034,3.0,CAUTION,68,74.0
13:15:46.106,1.0033,3.0,CAUTION,68,74.0
13:15:46.336,1.0161,3.0,CAUTION,68,76.0
13:15:46.507,1.0086,3.0,CAUTION,68,76.0
13:15:46.698,1.0095,3.0,CAUTION,68,77.0
13:15:46.953,1.0006,3.0,CAUTION,68,77.0
13:15:47.273,1.0085,3.0,CAUTION,68,75.0
13:15:47.553,1.0062,3.0,CAUTION,68,74.0
13:15:47.787,1.0153,3.0,CAUTION,68,77.0
13:15:48.085,1.0043,0.0,CAUTION,100,100.0
13:15:48.341,1.0095,0.0,CAUTION,100,100.0
13:15:48.635,1.014,0.0,CAUTION,100,100.0
13:15:48.937,1.0125,0.0,NORMAL,100,100.0
13:15:49.211,1.0052,1.7,NORMAL,76,57.0
13:15:49.553,1.0001,1.7,NORMAL,76,57.0
13:15:49.850,1.005,1.7,NORMAL,76,55.0
13:15:50.081,1.0046,1.7,CAUTION,76,56.0
13:15:50.312,1.0137,1.7,CAUTION,76,58.0
13:15:50.558,1.015,1.7,CAUTION,76,59.0
13:15:50.815,1.0156,1.7,CAUTION,76,59.0
13:15:51.143,1.0123,1.5188,CAUTION,78,59.0
13:15:51.495,1.003,0.0,CAUTION,100,100.0
13:15:51.778,1.0187,1.5188,CAUTION,78,58.0
13:15:52.069,1.0054,0.0,CAUTION,100,100.0
13:15:52.363,1.0025,0.0,CAUTION,100,100.0
13:15:52.718,1.0063,0.0,NORMAL,100,100.0
13:15:53.032,1.0072,0.0,NORMAL,100,100.0
13:15:53.304,1.0092,0.0,NORMAL,100,100.0
13:15:53.636,1.0053,0.0,NORMAL,100,100.0
13:15:53.900,1.0168,0.0,NORMAL,100,100.0
13:15:54.173,1.0041,0.0,NORMAL,100,100.0
13:15:54.461,1.0195,0.0,NORMAL,100,100.0
13:15:54.774,1.0161,0.0,NORMAL,100,100.0
13:15:55.061,1.0142,0.0,NORMAL,100,100.0
13:15:55.331,1.0025,0.0,NORMAL,100,100.0
13:15:55.604,1.0116,0.0,NORMAL,100,100.0
13:15:55.873,1.014,0.0,NORMAL,100,100.0
13:15:56.128,1.0017,0.0,NORMAL,100,100.0
13:15:56.453,1.498,0.0,NORMAL,100,77.0
13:15:56.727,1.0813,0.0,NORMAL,100,64.0
13:15:57.063,1.0648,0.0,NORMAL,100,65.0
13:15:57.322,1.0426,0.0,NORMAL,100,49.0
13:15:57.598,1.0361,0.0,NORMAL,100,69.0
13:15:57.918,1.0345,0.0,NORMAL,100,100.0
13:15:58.188,1.0521,0.0,NORMAL,100,81.0
13:15:58.446,1.0453,0.0,NORMAL,100,79.0
13:15:58.796,1.0282,0.0,NORMAL,100,81.0
13:15:59.118,1.0334,0.0,NORMAL,100,100.0
13:15:59.374,1.0149,0.0,NORMAL,100,100.0
13:15:59.680,1.0268,0.0,NORMAL,100,100.0
13:16:00.035,1.0051,0.0,NORMAL,100,99.0
13:16:00.375,1.017,0.0,NORMAL,100,100.0
13:16:00.695,1.0206,0.0,NORMAL,100,100.0
13:16:00.973,1.0051,0.0,NORMAL,100,100.0
13:16:01.319,1.0133,0.0,NORMAL,100,100.0
13:16:01.641,1.0121,5.0,NORMAL,37,76.0
13:16:01.878,1.0026,5.0,NORMAL,37,76.0
13:16:02.082,1.0042,5.0,NORMAL,37,74.0
13:16:02.258,1.0017,5.0,HAZARD,37,75.0
13:16:02.436,1.0102,0.0,HAZARD,100,100.0
13:16:02.602,1.0059,0.0,HAZARD,100,100.0
13:16:02.785,1.0016,0.0,HAZARD,100,100.0
13:16:02.939,1.0062,4.9659,HAZARD,38,73.7
13:16:03.101,1.0148,4.9659,HAZARD,38,75.7
13:16:03.275,1.0116,4.9659,HAZARD,38,75.7
13:16:03.422,1.0104,4.9659,HAZARD,38,76.7
13:16:03.577,1.0059,4.9659,HAZARD,38,73.7
13:16:03.733,1.011,4.9659,HAZARD,38,74.7
13:16:03.882,1.0093,4.9659,HAZARD,38,75.7
13:16:04.058,1.005,4.9659,HAZARD,38,74.7
13:16:04.245,1.003,4.9659,HAZARD,38,73.7
13:16:04.410,1.0082,4.9659,HAZARD,38,72.7
13:16:04.565,1.0035,4.9659,HAZARD,38,73.7
13:16:04.705,1.0066,4.9659,HAZARD,38,73.7
13:16:04.868,1.0055,2.8333,HAZARD,69,72.5
13:16:05.038,1.011,2.8333,HAZARD,69,73.5
13:16:05.198,1.0015,2.8333,HAZARD,69,74.5
13:16:05.364,1.0116,2.8333,CAUTION,69,75.5
13:16:05.546,1.0088,2.8333,CAUTION,69,73.5
13:16:05.714,1.0065,2.8333,CAUTION,69,73.5
13:16:05.889,1.0007,2.8333,CAUTION,69,73.5
13:16:06.054,1.0011,2.8333,CAUTION,69,73.5
13:16:06.226,1.0139,2.8333,CAUTION,69,74.5
13:16:06.387,1.0058,2.8333,CAUTION,69,73.5
13:16:06.565,1.0148,2.8333,CAUTION,69,74.5
13:16:06.744,1.0103,0.0,CAUTION,100,100.0
13:16:06.916,1.0001,0.0,CAUTION,100,100.0
13:16:07.082,1.0069,0.0,CAUTION,100,100.0
13:16:07.236,1.009,0.0,NORMAL,100,100.0
13:16:07.399,1.0082,0.0,NORMAL,100,100.0
13:16:07.561,1.0007,0.0,NORMAL,100,100.0
13:16:07.724,1.0167,0.0,NORMAL,100,100.0
13:16:07.898,1.0013,0.0,NORMAL,100,100.0
13:16:08.062,1.0003,0.0,NORMAL,100,100.0
13:16:08.233,1.0133,0.0,NORMAL,100,100.0
13:16:08.414,1.009,0.0,NORMAL,100,100.0
13:16:08.556,1.0154,0.0,NORMAL,100,100.0
13:16:08.716,1.0091,0.0,NORMAL,100,100.0
13:16:08.878,1.0051,0.0,NORMAL,100,100.0
13:16:09.039,1.0018,0.0,NORMAL,100,100.0
13:16:09.195,1.0153,0.0,NORMAL,100,100.0
13:16:09.351,1.0031,0.0,NORMAL,100,100.0
13:16:09.519,1.0052,0.0,NORMAL,100,100.0
13:16:09.671,1.0086,0.0,NORMAL,100,100.0
13:16:09.831,1.0001,0.0,NORMAL,100,100.0
13:16:09.994,1.0155,0.0,NORMAL,100,100.0
13:16:10.164,1.0112,0.0,NORMAL,100,100.0
13:16:10.336,2.5333,0.0,NORMAL,32,46.0
13:16:10.488,1.2149,0.0,NORMAL,100,64.0
13:16:10.660,1.1809,0.0,NORMAL,100,86.0
13:16:10.842,1.1559,0.0,NORMAL,100,98.0
13:16:10.991,1.1546,0.0,NORMAL,100,98.0
13:16:11.159,1.137,0.0,NORMAL,100,96.0
13:16:11.300,1.0882,0.0,NORMAL,100,75.0
13:16:11.458,1.0956,0.0,NORMAL,100,63.0
13:16:11.626,1.0858,0.0,NORMAL,100,41.0
13:16:11.794,1.072,0.0,NORMAL,100,41.0
13:16:11.969,1.0525,0.0,NORMAL,100,42.0
13:16:12.130,1.0556,0.0,NORMAL,100,40.0
13:16:12.303,1.0354,0.0,NORMAL,100,61.0
13:16:12.463,1.0135,0.0,NORMAL,100,80.0
13:16:12.624,1.0261,0.0,NORMAL,100,100.0
13:16:12.782,1.0112,0.0,NORMAL,100,100.0
13:16:12.921,1.0384,0.0,NORMAL,100,100.0
13:16:13.120,1.03,0.0,NORMAL,100,100.0
13:16:13.269,1.0087,0.0,NORMAL,100,99.0
13:16:13.419,1.0139,0.0,NORMAL,100,100.0
13:16:13.582,1.0063,0.0,NORMAL,100,100.0
13:16:13.743,1.0033,0.0,NORMAL,100,100.0
13:16:13.908,1.0195,0.0,NORMAL,100,100.0
13:16:14.049,1.0112,0.0,NORMAL,100,100.0
13:16:14.203,1.0154,0.0,NORMAL,100,100.0
13:16:14.366,1.0062,0.0,NORMAL,100,100.0
13:16:14.520,1.0116,0.0,NORMAL,100,100.0
13:16:14.687,1.0039,0.0,NORMAL,100,100.0
13:16:14.849,1.0033,0.0,NORMAL,100,100.0
13:16:15.016,1.0002,0.0,NORMAL,100,100.0
13:16:15.175,1.0063,0.0,NORMAL,100,100.0
13:16:15.327,1.0082,0.0,NORMAL,100,100.0
13:16:15.492,1.0003,0.0,NORMAL,100,100.0
13:16:15.646,1.011,0.0,NORMAL,100,100.0
13:16:15.787,1.0154,0.0,NORMAL,100,100.0
13:16:15.934,1.0085,0.0,NORMAL,100,100.0
13:16:16.088,1.0084,0.0,NORMAL,100,100.0
13:16:16.246,1.0075,0.0,NORMAL,100,100.0
13:16:16.408,1.0162,0.0,NORMAL,100,100.0
13:16:16.568,1.0114,0.0,NORMAL,100,100.0
13:16:16.724,1.0005,0.0,NORMAL,100,100.0
13:16:16.873,1.0099,0.0,NORMAL,100,100.0
13:16:17.025,1.0052,0.0,NORMAL,100,100.0
13:16:17.179,1.0135,0.0,NORMAL,100,100.0
13:16:17.326,1.0092,0.0,NORMAL,100,100.0
13:16:17.488,1.0187,0.0,NORMAL,100,100.0
13:16:17.660,1.0023,0.0,NORMAL,100,100.0
13:16:17.815,1.0046,0.0,NORMAL,100,100.0
13:16:17.987,1.014,0.0,NORMAL,100,100.0
13:16:18.141,1.0103,0.0,NORMAL,100,100.0
13:16:18.319,1.0,0.0,NORMAL,100,100.0
13:16:18.476,1.0062,0.0,NORMAL,100,100.0
13:16:18.649,1.0017,0.0,NORMAL,100,100.0
13:16:18.818,1.0016,0.0,NORMAL,100,100.0
13:16:18.964,1.0019,0.0,NORMAL,100,100.0
13:16:19.104,1.0159,0.0,NORMAL,100,100.0
13:16:19.258,1.016,0.0,NORMAL,100,100.0
13:16:19.432,1.0132,0.0,NORMAL,100,100.0
13:16:19.605,1.0152,0.0,NORMAL,100,100.0
13:16:19.768,1.0032,0.0,NORMAL,100,100.0
13:16:19.943,1.0133,0.0,NORMAL,100,100.0
13:16:20.105,1.0161,0.0,NORMAL,100,100.0
13:16:20.250,1.0115,0.0,NORMAL,100,100.0
13:16:20.396,1.0061,0.0,NORMAL,100,100.0
13:16:20.578,1.0079,0.0,NORMAL,100,100.0
13:16:20.748,1.0175,0.0,NORMAL,100,100.0
13:16:20.905,2.6567,0.0,NORMAL,30,48.0
13:16:21.061,1.2467,0.0,NORMAL,100,63.0
13:16:21.219,1.226,0.0,NORMAL,100,86.0
13:16:21.366,1.1748,0.0,NORMAL,100,98.0
13:16:21.516,1.1653,0.0,NORMAL,100,98.0
13:16:21.662,1.1346,0.0,NORMAL,100,97.0
13:16:21.827,1.0949,0.0,NORMAL,100,77.0
13:16:21.996,1.0995,0.0,NORMAL,100,63.0
13:16:22.185,1.0909,0.0,NORMAL,100,41.0
13:16:22.342,1.0504,0.0,NORMAL,100,49.0
13:16:22.488,1.0478,0.0,NORMAL,100,68.0
13:16:22.638,1.0377,0.0,NORMAL,100,100.0
13:16:22.783,1.0427,0.0,NORMAL,100,100.0
13:16:22.954,1.0339,0.0,NORMAL,100,100.0
13:16:23.116,1.0356,0.0,NORMAL,100,100.0
13:16:23.288,1.0421,0.0,NORMAL,100,100.0
13:16:23.433,1.0094,0.0,NORMAL,100,99.0
13:16:23.584,1.015,0.0,NORMAL,100,100.0
13:16:23.738,1.0324,0.0,NORMAL,100,100.0
13:16:23.895,1.0292,0.0,NORMAL,100,100.0
13:16:24.060,1.0016,0.0,NORMAL,100,99.0
13:16:24.212,1.004,0.0,NORMAL,100,100.0
13:16:24.382,1.0102,0.0,NORMAL,100,100.0
13:16:24.540,1.0065,0.0,NORMAL,100,100.0
13:16:24.683,1.0094,0.0,NORMAL,100,100.0
13:16:24.846,1.0113,0.0,NORMAL,100,100.0
13:16:25.024,1.013,0.0,NORMAL,100,100.0
13:16:25.185,1.0068,0.0,NORMAL,100,100.0
13:16:25.351,1.0047,0.0,NORMAL,100,100.0
13:16:25.515,1.007,0.0,NORMAL,100,100.0
13:16:25.679,1.0122,0.0,NORMAL,100,100.0
13:16:25.830,1.0126,0.0,NORMAL,100,100.0
13:16:26.002,1.0059,0.0,NORMAL,100,100.0
13:16:26.178,1.0034,0.0,NORMAL,100,100.0
13:16:26.321,1.0047,0.0,NORMAL,100,100.0
13:16:26.491,1.0171,0.0,NORMAL,100,100.0
13:16:26.652,1.0181,0.0,NORMAL,100,100.0
13:16:26.815,1.0052,0.0,NORMAL,100,98.0
13:16:26.968,1.015,0.0,NORMAL,100,100.0
13:16:27.115,1.0154,0.0,NORMAL,100,100.0
13:16:27.261,1.0009,0.0,NORMAL,100,100.0
13:16:27.431,1.0017,0.0,NORMAL,100,100.0
13:16:27.580,1.0097,0.0,NORMAL,100,100.0
13:16:27.751,1.0081,0.0,NORMAL,100,100.0
13:16:27.904,1.0124,0.0,NORMAL,100,100.0
13:16:28.062,1.013,0.0,NORMAL,100,100.0
13:16:28.210,1.0078,0.0,NORMAL,100,100.0
13:16:28.378,1.0121,0.0,NORMAL,100,100.0
13:16:28.536,1.0151,0.0,NORMAL,100,100.0
13:16:28.705,1.0025,0.0,NORMAL,100,100.0
13:16:28.883,1.009,0.0,NORMAL,100,100.0
13:16:29.035,1.0062,0.0,NORMAL,100,100.0
13:16:29.179,1.0058,0.0,NORMAL,100,100.0
13:16:29.350,1.0095,0.0,NORMAL,100,100.0
13:16:29.515,1.0064,0.0,NORMAL,100,100.0
13:16:29.673,1.0173,0.0,NORMAL,100,100.0
13:16:29.837,1.0032,0.0,NORMAL,100,100.0
13:16:29.991,1.0169,0.0,NORMAL,100,100.0
13:16:30.140,1.0055,0.0,NORMAL,100,100.0
13:16:30.300,1.0154,0.0,NORMAL,100,100.0
13:16:30.463,1.0184,0.0,NORMAL,100,100.0
13:16:30.634,1.0178,0.0,NORMAL,100,100.0
13:16:30.791,1.0016,0.0,NORMAL,100,100.0
13:16:30.963,1.0072,0.0,NORMAL,100,100.0
13:16:31.110,1.0024,0.0,NORMAL,100,100.0
13:16:31.263,1.0015,0.0,NORMAL,100,100.0
13:16:31.411,1.0037,0.0,NORMAL,100,100.0
13:16:31.565,1.0055,0.0,NORMAL,100,100.0
13:16:31.765,1.0109,0.0,NORMAL,100,100.0
13:16:31.910,1.0089,0.0,NORMAL,100,100.0
13:16:32.070,1.0069,0.0,NORMAL,100,100.0
13:16:32.246,1.0158,0.0,NORMAL,100,100.0
13:16:32.405,1.0078,0.0,NORMAL,100,100.0
13:16:32.570,1.0109,0.0,NORMAL,100,100.0
13:16:32.738,1.0039,0.0,NORMAL,100,100.0
13:16:32.900,1.009,0.0,NORMAL,100,100.0
13:16:33.073,1.0067,0.0,NORMAL,100,100.0
13:16:33.224,1.0027,0.0,NORMAL,100,100.0
13:16:33.391,1.0189,0.0,NORMAL,100,100.0
13:16:33.547,1.0042,0.0,NORMAL,100,100.0
13:16:33.705,1.011,0.0,NORMAL,100,100.0
13:16:33.870,1.0026,0.0,NORMAL,100,100.0
13:16:34.044,1.0017,0.0,NORMAL,100,100.0
13:16:34.209,1.0099,0.0,NORMAL,100,100.0
13:16:34.369,1.0021,0.0,NORMAL,100,100.0
13:16:34.518,1.0026,0.0,NORMAL,100,100.0
13:16:34.678,1.0112,4.0667,NORMAL,50,58.0
13:16:34.835,1.013,4.0667,NORMAL,50,58.0
13:16:35.004,1.006,4.0667,NORMAL,50,57.0
13:16:35.177,1.0061,4.0667,HAZARD,50,56.0
13:16:35.357,1.0028,4.0667,HAZARD,50,57.0
13:16:35.554,1.0069,4.0667,HAZARD,50,56.0
13:16:35.719,1.0032,4.0667,HAZARD,50,56.0
13:16:35.893,1.0042,4.0667,HAZARD,50,56.0
13:16:36.071,1.0142,4.0667,HAZARD,50,58.0
13:16:36.240,1.0025,4.0667,HAZARD,50,57.0
13:16:36.414,1.0004,4.0667,HAZARD,50,57.0
13:16:36.593,1.0085,4.0667,HAZARD,50,57.0
13:16:36.761,1.0144,4.0667,HAZARD,50,57.0
13:16:36.927,1.0034,0.0,HAZARD,100,100.0
13:16:37.086,1.0086,0.0,HAZARD,100,100.0
13:16:37.255,1.0122,0.0,HAZARD,100,100.0
13:16:37.425,1.0048,2.3,NORMAL,68,75.0
13:16:37.588,1.0134,2.3,NORMAL,68,76.0
13:16:37.748,1.0116,2.3,NORMAL,68,76.0
13:16:37.919,1.0106,2.3,CAUTION,68,76.0
13:16:38.096,1.0199,2.3,CAUTION,68,78.0
13:16:38.275,1.0134,2.3,CAUTION,68,76.0
13:16:38.434,1.0122,2.3,CAUTION,68,79.0
13:16:38.606,1.0038,2.3,CAUTION,68,75.0
13:16:38.784,1.0048,2.3,CAUTION,68,74.0
13:16:38.962,1.0105,2.3,CAUTION,68,75.0
13:16:39.132,1.0009,2.3,CAUTION,68,76.0
13:16:39.286,1.0127,0.0,CAUTION,100,100.0
13:16:39.464,1.0015,0.0,CAUTION,100,100.0
13:16:39.648,1.008,0.0,CAUTION,100,100.0
13:16:39.859,1.0117,0.0,NORMAL,100,100.0
13:16:40.015,1.0103,0.0,NORMAL,100,100.0
13:16:40.162,1.0152,0.0,NORMAL,100,100.0
13:16:40.316,1.0037,0.0,NORMAL,100,100.0
13:16:40.468,1.0051,0.0,NORMAL,100,100.0
13:16:40.636,1.0031,0.0,NORMAL,100,100.0
13:16:40.809,1.0036,0.0,NORMAL,100,100.0
13:16:40.973,1.0015,0.0,NORMAL,100,100.0
13:16:41.146,1.0023,0.0,NORMAL,100,100.0
13:16:41.307,1.0128,0.0,NORMAL,100,100.0
13:16:41.463,1.0143,0.0,NORMAL,100,100.0
13:16:41.612,1.0034,0.0,NORMAL,100,100.0
13:16:41.768,1.0148,0.0,NORMAL,100,100.0
13:16:41.899,1.0052,0.0,NORMAL,100,100.0
13:16:42.060,1.0131,0.0,NORMAL,100,100.0
13:16:42.216,1.0071,0.0,NORMAL,100,100.0
13:16:42.373,1.0027,0.0,NORMAL,100,100.0
13:16:42.532,1.0171,0.0,NORMAL,100,100.0
13:16:42.681,1.0021,0.0,NORMAL,100,100.0
13:16:42.851,1.0017,0.0,NORMAL,100,100.0
13:16:43.008,1.003,0.0,NORMAL,100,100.0
13:16:43.165,1.0017,0.0,NORMAL,100,100.0
13:16:43.334,1.0007,0.0,NORMAL,100,100.0
13:16:43.493,1.0015,0.0,NORMAL,100,100.0
13:16:43.637,1.0002,0.0,NORMAL,100,100.0
13:16:43.792,1.0085,0.0,NORMAL,100,100.0
13:16:43.964,1.0056,0.0,NORMAL,100,100.0
13:16:44.119,1.009,0.0,NORMAL,100,100.0
13:16:44.273,1.0093,0.0,NORMAL,100,100.0
13:16:44.441,1.014,0.0,NORMAL,100,100.0
13:16:44.599,1.0038,0.0,NORMAL,100,100.0
13:16:44.758,1.0048,0.0,NORMAL,100,100.0
13:16:44.920,1.0019,0.0,NORMAL,100,100.0
13:16:45.078,1.0109,0.0,NORMAL,100,100.0
13:16:45.241,1.0076,0.0,NORMAL,100,100.0
13:16:45.402,1.0006,0.0,NORMAL,100,100.0
13:16:45.557,1.0027,0.0,NORMAL,100,100.0
13:16:45.715,1.0018,0.0,NORMAL,100,100.0
13:16:45.865,1.0054,0.0,NORMAL,100,100.0
13:16:46.032,1.0022,0.0,NORMAL,100,100.0
13:16:46.192,1.0099,0.0,NORMAL,100,100.0
13:16:46.358,1.0086,0.0,NORMAL,100,100.0
13:16:46.529,1.0228,0.0,NORMAL,100,100.0
13:16:46.691,1.0,0.0,NORMAL,100,99.0
13:16:46.842,1.0155,0.0,NORMAL,100,100.0
13:16:46.998,1.0031,2.3,NORMAL,68,74.0
13:16:47.168,1.0095,2.3,NORMAL,68,76.0
13:16:47.322,1.0009,2.3,NORMAL,68,77.0
13:16:47.488,1.0067,2.3,CAUTION,68,73.0
13:16:47.654,1.0154,2.3,CAUTION,68,77.0
13:16:47.808,1.0133,2.3,CAUTION,68,76.0
13:16:47.969,1.0036,2.3,CAUTION,68,76.0
13:16:48.132,1.0014,2.3,CAUTION,68,75.0
13:16:48.301,1.0069,2.3,CAUTION,68,73.0
13:16:48.462,1.0146,2.3,CAUTION,68,76.0
13:16:48.634,1.0059,2.3,CAUTION,68,75.0
13:16:48.811,1.0066,0.0,CAUTION,100,100.0
13:16:49.015,1.0149,0.0,CAUTION,100,100.0
13:16:49.165,1.0121,0.0,CAUTION,100,100.0
13:16:49.343,1.0102,0.0,NORMAL,100,100.0
13:16:49.498,1.0155,0.0,NORMAL,100,100.0
13:16:49.654,1.0092,0.0,NORMAL,100,100.0
13:16:49.787,1.0006,0.0,NORMAL,100,100.0
13:16:49.956,1.0125,0.0,NORMAL,100,100.0
13:16:50.119,1.0057,0.0,NORMAL,100,100.0
13:16:50.267,1.0131,0.0,NORMAL,100,100.0
13:16:50.421,1.0068,0.0,NORMAL,100,100.0
13:16:50.575,1.0085,0.0,NORMAL,100,100.0
13:16:50.730,1.0063,0.0,NORMAL,100,100.0
13:16:50.890,1.0114,0.0,NORMAL,100,100.0
13:16:51.067,1.0151,0.0,NORMAL,100,100.0
13:16:51.215,1.0059,0.0,NORMAL,100,100.0
13:16:51.368,1.0111,0.0,NORMAL,100,100.0
13:16:51.512,1.0045,0.0,NORMAL,100,100.0
13:16:51.685,1.0008,0.0,NORMAL,100,100.0
13:16:51.855,1.0162,0.0,NORMAL,100,100.0
13:16:52.033,1.0122,0.0,NORMAL,100,100.0
13:16:52.192,1.0147,0.0,NORMAL,100,100.0
13:16:52.346,1.0029,0.0,NORMAL,100,100.0
13:16:52.520,1.0027,3.0,NORMAL,68,76.0
13:16:52.698,1.0123,3.0,NORMAL,68,76.0
13:16:52.873,1.0181,3.0,NORMAL,68,77.0
13:16:53.044,1.0162,3.0,CAUTION,68,77.0
13:16:53.210,1.0048,0.0,CAUTION,100,100.0
13:16:53.392,1.0057,0.0,CAUTION,100,100.0
13:16:53.553,1.0075,0.0,CAUTION,100,100.0
13:16:53.728,1.0097,0.0,NORMAL,100,100.0
13:16:53.905,1.007,0.0,NORMAL,100,100.0
13:16:54.063,1.0085,0.0,NORMAL,100,100.0
13:16:54.229,1.0099,0.0,NORMAL,100,100.0
13:16:54.399,1.0073,0.0,NORMAL,100,100.0
13:16:54.555,1.0217,4.7745,NORMAL,40,74.0
13:16:54.723,1.0102,0.0,NORMAL,100,100.0
13:16:54.876,1.0119,0.0,NORMAL,100,100.0
13:16:55.031,1.0095,0.0,NORMAL,100,100.0
13:16:55.175,1.0125,0.0,NORMAL,100,100.0
13:16:55.346,1.0042,0.0,NORMAL,100,100.0
13:16:55.501,1.0079,4.7745,NORMAL,40,72.0
13:16:55.673,1.0211,4.7745,NORMAL,40,74.0
13:16:55.846,1.0175,4.7745,NORMAL,40,75.0
13:16:55.995,1.0076,4.7745,HAZARD,40,75.0
13:16:56.152,1.0058,4.7745,HAZARD,40,75.0
13:16:56.309,1.0103,4.0834,HAZARD,50,58.0
13:16:56.463,1.0058,4.0834,HAZARD,50,56.0
13:16:56.625,1.0138,4.0834,HAZARD,50,58.0
13:16:56.770,1.0081,4.0834,HAZARD,50,56.0
13:16:56.937,1.0031,4.0834,HAZARD,50,56.0
13:16:57.108,1.0161,4.0834,HAZARD,50,58.0
13:16:57.265,1.0172,4.0834,HAZARD,50,59.0
13:16:57.423,1.0155,4.0834,HAZARD,50,60.0
13:16:57.628,1.0067,4.0834,HAZARD,50,60.0
13:16:57.798,1.0006,4.0834,HAZARD,50,58.0
13:16:57.964,1.0155,4.0834,HAZARD,50,58.0
13:16:58.124,1.012,2.3333,HAZARD,74,70.0
13:16:58.312,1.0034,2.3,HAZARD,68,76.0
13:16:58.500,1.0098,2.3,HAZARD,68,75.0
13:16:58.674,1.0179,2.3,CAUTION,68,78.0
13:16:58.841,1.0135,2.3,CAUTION,68,76.0
13:16:59.020,1.0073,2.3,CAUTION,68,77.0
13:16:59.188,1.0113,2.3,CAUTION,68,76.0
13:16:59.370,1.0025,2.3,CAUTION,68,76.0
13:16:59.548,1.0087,2.3,CAUTION,68,74.0
13:16:59.707,1.0154,2.3,CAUTION,68,76.0
13:16:59.883,1.4578,2.3,CAUTION,68,73.0
13:17:00.060,1.0646,2.3,CAUTION,68,99.0
13:17:00.233,1.0521,2.3,CAUTION,68,99.0
13:17:00.414,1.0602,2.3,CAUTION,68,99.0
13:17:00.590,1.0421,2.3,CAUTION,68,99.0
13:17:00.779,1.0529,2.3,CAUTION,68,99.0
13:17:00.952,1.0381,2.3,CAUTION,68,92.0
13:17:01.130,1.0231,2.3,CAUTION,68,99.0
13:17:01.317,1.017,0.0,CAUTION,100,100.0
13:17:01.488,1.0069,0.0,CAUTION,100,100.0
13:17:01.672,1.0142,0.0,CAUTION,100,100.0
13:17:01.860,1.0115,0.0,NORMAL,100,100.0
13:17:02.025,1.0043,0.0,NORMAL,100,100.0
13:17:02.213,1.0101,0.0,NORMAL,100,100.0
13:17:02.388,1.0114,0.0,NORMAL,100,100.0
13:17:02.559,1.0195,0.0,NORMAL,100,100.0
13:17:02.740,1.0183,2.0,NORMAL,78,59.0
13:17:02.912,1.0074,2.0,NORMAL,78,59.0
13:17:03.082,1.0001,2.0,NORMAL,78,61.0
13:17:03.267,1.0142,2.0,CAUTION,78,58.0
13:17:03.445,1.0048,0.0,CAUTION,100,100.0
13:17:03.606,1.0111,0.0,CAUTION,100,100.0
13:17:03.794,1.0012,0.0,CAUTION,100,100.0
13:17:03.962,1.003,0.0,NORMAL,100,100.0
13:17:04.130,1.011,2.0,NORMAL,78,58.0
13:17:04.294,1.0103,2.0,NORMAL,78,58.0
13:17:04.461,1.0004,2.0,NORMAL,78,57.0
13:17:04.642,1.0048,2.5,CAUTION,72,69.5
13:17:04.861,1.0134,2.5,CAUTION,72,71.5
13:17:05.045,1.0027,0.0,CAUTION,100,100.0
13:17:05.214,1.007,2.5,CAUTION,72,69.5
13:17:05.399,1.0083,0.0,CAUTION,100,100.0
13:17:05.575,1.0168,2.5,CAUTION,72,72.5
13:17:05.748,1.0102,2.5,CAUTION,72,71.5
13:17:05.928,1.015,4.5409,CAUTION,43,75.9
13:17:06.100,1.0054,4.5409,CAUTION,43,70.9
13:17:06.294,1.0012,4.5409,CAUTION,43,71.9
13:17:06.476,1.0042,4.5409,HAZARD,43,69.9
13:17:06.646,1.013,2.8333,HAZARD,69,74.5
13:17:06.830,1.0063,4.5409,HAZARD,43,69.9
13:17:06.995,1.0028,2.8333,HAZARD,69,73.5
13:17:07.178,1.0081,4.5409,HAZARD,43,68.9
13:17:07.340,1.012,4.5409,HAZARD,43,71.9
13:17:07.511,1.013,4.5409,HAZARD,43,71.9
13:17:07.677,1.0066,4.5409,HAZARD,43,69.9
13:17:07.831,1.0013,0.0,HAZARD,100,100.0
13:17:08.002,1.015,0.0,HAZARD,100,100.0
13:17:08.192,1.0157,0.0,HAZARD,100,100.0
13:17:08.373,1.0039,0.0,NORMAL,100,100.0
13:17:08.548,1.0006,0.0,NORMAL,100,100.0
13:17:08.731,1.0068,0.0,NORMAL,100,100.0
13:17:08.905,1.0022,0.0,NORMAL,100,100.0
13:17:09.109,1.0131,0.0,NORMAL,100,100.0
13:17:09.294,1.0148,0.0,NORMAL,100,100.0
13:17:09.478,1.0066,0.0,NORMAL,100,100.0
13:17:09.677,1.0024,0.0,NORMAL,100,100.0
13:17:09.864,1.0067,0.0,NORMAL,100,100.0
13:17:10.050,1.0062,0.0,NORMAL,100,100.0
13:17:10.218,1.0071,0.0,NORMAL,100,100.0
13:17:10.382,1.0124,0.0,NORMAL,100,100.0
13:17:10.538,1.0205,0.0,NORMAL,100,100.0
13:17:10.713,1.0178,0.0,NORMAL,100,100.0
13:17:10.878,1.0161,0.0,NORMAL,100,100.0
13:17:11.037,1.0174,0.0,NORMAL,100,100.0
13:17:11.194,1.0096,0.0,NORMAL,100,100.0
13:17:11.371,1.018,0.0,NORMAL,100,100.0
13:17:11.559,1.009,0.0,NORMAL,100,100.0
13:17:11.712,1.007,0.0,NORMAL,100,100.0
13:17:11.885,1.0091,0.0,NORMAL,100,100.0
13:17:12.061,1.0126,1.3066,NORMAL,80,59.0
13:17:12.250,1.0079,1.3066,NORMAL,80,56.0
13:17:12.429,1.0124,0.0,NORMAL,100,100.0
13:17:12.597,1.0091,1.3066,NORMAL,80,58.0
13:17:12.765,1.0171,1.3066,CAUTION,80,60.0
13:17:12.940,1.0121,1.3066,CAUTION,80,58.0
13:17:13.105,1.007,1.3066,CAUTION,80,59.0
13:17:13.277,1.0019,1.3066,CAUTION,80,57.0
13:17:13.437,1.0003,1.3066,CAUTION,80,57.0
13:17:13.610,1.0128,1.3066,CAUTION,80,58.0
13:17:13.767,1.0156,1.3066,CAUTION,80,60.0
13:17:13.943,1.0152,0.0,CAUTION,100,100.0
13:17:14.135,1.0136,0.0,CAUTION,100,100.0
13:17:14.307,1.0155,0.0,CAUTION,100,100.0
13:17:14.487,1.0109,0.0,NORMAL,100,100.0
13:17:14.653,1.0092,0.0,NORMAL,100,100.0
13:17:14.832,1.0113,0.0,NORMAL,100,100.0
13:17:14.984,1.0076,0.0,NORMAL,100,100.0
13:17:15.147,1.0062,0.0,NORMAL,100,100.0
13:17:15.323,1.0145,0.0,NORMAL,100,100.0
13:17:15.495,1.0125,0.0,NORMAL,100,100.0
13:17:15.656,1.0069,0.0,NORMAL,100,100.0
13:17:15.816,1.0056,0.0,NORMAL,100,100.0
13:17:15.964,1.0008,0.0,NORMAL,100,100.0
13:17:16.123,1.0026,0.0,NORMAL,100,100.0
13:17:16.281,1.0145,0.0,NORMAL,100,100.0
13:17:16.450,1.0099,0.0,NORMAL,100,100.0
13:17:16.612,1.0035,0.0,NORMAL,100,100.0
13:17:16.768,1.0172,0.0,NORMAL,100,100.0
13:17:16.924,1.0116,0.0,NORMAL,100,100.0
13:17:17.105,1.0016,0.0,NORMAL,100,100.0
13:17:17.268,1.0038,0.0,NORMAL,100,100.0
13:17:17.434,1.0109,0.0,NORMAL,100,100.0
13:17:17.587,1.0097,0.0,NORMAL,100,100.0
13:17:17.754,1.0135,0.0,NORMAL,100,100.0
13:17:17.918,1.0099,0.0,NORMAL,100,100.0
13:17:18.075,1.0002,0.0,NORMAL,100,100.0
13:17:18.248,1.0108,0.0,NORMAL,100,100.0
13:17:18.402,1.0073,0.0,NORMAL,100,100.0
13:17:18.560,1.0065,0.0,NORMAL,100,100.0
13:17:18.732,1.0136,0.0,NORMAL,100,100.0
13:17:18.876,1.0159,0.0,NORMAL,100,100.0
13:17:19.048,1.0099,0.0,NORMAL,100,100.0
13:17:19.221,1.0171,0.0,NORMAL,100,100.0
13:17:19.388,1.0004,0.0,NORMAL,100,100.0
13:17:19.558,1.0133,0.0,NORMAL,100,100.0
13:17:19.728,1.0054,0.0,NORMAL,100,100.0
13:17:19.898,1.0104,0.0,NORMAL,100,100.0
13:17:20.064,1.0061,0.0,NORMAL,100,100.0
13:17:20.234,1.0114,0.0,NORMAL,100,100.0
13:17:20.414,1.0069,0.0,NORMAL,100,100.0
13:17:20.589,1.0067,0.0,NORMAL,100,100.0
13:17:20.761,1.0005,1.3395,NORMAL,80,57.0
13:17:20.922,1.0033,1.3395,NORMAL,80,56.0
13:17:21.121,1.0107,1.3395,NORMAL,80,57.0
13:17:21.276,1.0092,1.3395,CAUTION,80,58.0
13:17:21.452,1.0129,1.3395,CAUTION,80,59.0
13:17:21.633,1.0181,1.3395,CAUTION,80,59.0
13:17:21.800,1.0103,1.3395,CAUTION,80,59.0
13:17:21.972,1.0048,1.3395,CAUTION,80,59.0
13:17:22.144,1.0059,1.3395,CAUTION,80,56.0
13:17:22.312,1.0014,1.3395,CAUTION,80,57.0
13:17:22.500,1.0113,1.3395,CAUTION,80,58.0
13:17:22.665,1.001,0.0,CAUTION,100,100.0
13:17:22.821,1.0078,4.0161,CAUTION,51,55.0
13:17:23.002,1.0154,4.0161,CAUTION,51,58.0
13:17:23.167,1.0099,4.0161,CAUTION,51,58.0
13:17:23.339,1.0004,4.0161,HAZARD,51,60.0
13:17:23.517,1.0091,4.0161,HAZARD,51,58.0
13:17:23.692,1.0195,4.0161,HAZARD,51,60.0
13:17:23.838,1.0012,4.0161,HAZARD,51,57.0
13:17:23.998,1.0032,4.0161,HAZARD,51,59.0
13:17:24.147,1.0101,4.0161,HAZARD,51,57.0
13:17:24.315,1.0153,4.0161,HAZARD,51,59.0
13:17:24.498,1.0082,4.0161,HAZARD,51,57.0
13:17:24.666,1.0028,4.7656,HAZARD,40,73.9
13:17:24.840,1.0088,4.7656,HAZARD,40,71.9
13:17:25.004,1.0008,4.7656,HAZARD,40,74.9
13:17:25.172,1.0007,4.7656,HAZARD,40,72.9
13:17:25.338,1.0073,4.7656,HAZARD,40,70.9
13:17:25.497,1.0031,4.7656,HAZARD,40,71.9
13:17:25.659,1.0103,4.7656,HAZARD,40,72.9
13:17:25.834,1.0122,4.7656,HAZARD,40,73.9
13:17:25.988,1.0103,0.0,HAZARD,100,100.0
13:17:26.148,1.0069,0.0,HAZARD,100,100.0
13:17:26.317,1.013,0.0,HAZARD,100,100.0
13:17:26.473,1.0063,0.0,NORMAL,100,100.0
13:17:26.667,1.0184,0.0,NORMAL,100,100.0
13:17:26.826,1.0076,0.0,NORMAL,100,100.0
13:17:26.981,1.0156,0.0,NORMAL,100,100.0
13:17:27.144,1.0134,0.0,NORMAL,100,100.0
13:17:27.309,1.0083,0.0,NORMAL,100,100.0
13:17:27.473,1.0038,0.0,NORMAL,100,100.0
13:17:27.625,1.0158,0.0,NORMAL,100,100.0
13:17:27.794,1.0071,0.0,NORMAL,100,100.0
13:17:27.937,1.0091,0.0,NORMAL,100,100.0
13:17:28.097,1.003,0.0,NORMAL,100,100.0
13:17:28.252,1.0015,0.0,NORMAL,100,100.0
13:17:28.418,1.0127,0.0,NORMAL,100,100.0
13:17:28.574,1.0055,0.0,NORMAL,100,100.0
13:17:28.740,1.0098,0.0,NORMAL,100,100.0
13:17:28.881,1.0154,0.0,NORMAL,100,100.0
13:17:29.025,1.0158,0.0,NORMAL,100,100.0
13:17:29.183,1.0027,0.0,NORMAL,100,100.0
13:17:29.339,1.0075,0.0,NORMAL,100,100.0
13:17:29.489,1.0058,0.0,NORMAL,100,100.0
13:17:29.636,1.0081,0.0,NORMAL,100,100.0
13:17:29.800,1.0073,0.0,NORMAL,100,100.0
13:17:29.964,1.0124,0.0,NORMAL,100,100.0
13:17:30.129,1.0138,0.0,NORMAL,100,100.0
13:17:30.305,1.0037,0.0,NORMAL,100,100.0
13:17:30.477,1.0089,0.0,NORMAL,100,100.0
13:17:30.636,1.0119,0.0,NORMAL,100,100.0
13:17:30.786,1.0202,0.0,NORMAL,100,100.0
13:17:30.936,1.0092,0.0,NORMAL,100,100.0
13:17:31.091,1.0056,0.0,NORMAL,100,100.0
13:17:31.245,1.0011,0.0,NORMAL,100,100.0
13:17:31.391,1.0109,0.0,NORMAL,100,100.0
13:17:31.544,1.0038,0.0,NORMAL,100,100.0
13:17:31.711,1.0071,0.0,NORMAL,100,100.0
13:17:31.864,1.0205,0.0,NORMAL,100,100.0
13:17:32.009,1.0015,0.0,NORMAL,100,100.0
13:17:32.160,1.0146,0.0,NORMAL,100,100.0
13:17:32.323,1.0077,0.0,NORMAL,100,100.0
13:17:32.471,1.0135,0.0,NORMAL,100,100.0
13:17:32.627,1.0107,0.0,NORMAL,100,100.0
13:17:32.778,1.0029,0.0,NORMAL,100,100.0
13:17:32.924,1.0076,0.0,NORMAL,100,100.0
13:17:33.066,1.0099,0.0,NORMAL,100,100.0
13:17:33.222,1.0088,0.0,NORMAL,100,100.0
13:17:33.368,1.0156,0.0,NORMAL,100,100.0
13:17:33.519,1.0119,0.0,NORMAL,100,100.0
13:17:33.677,1.0002,0.0,NORMAL,100,100.0
13:17:33.844,1.0051,0.0,NORMAL,100,100.0
13:17:33.991,1.011,0.0,NORMAL,100,100.0
13:17:34.136,1.0045,0.0,NORMAL,100,100.0
13:17:34.294,1.0022,0.0,NORMAL,100,100.0
13:17:34.461,1.0049,0.0,NORMAL,100,100.0
13:17:34.612,1.5001,0.0,NORMAL,100,78.0
13:17:34.775,1.0809,0.0,NORMAL,100,66.0
13:17:34.917,1.0456,0.0,NORMAL,100,52.0
13:17:35.080,1.0627,0.0,NORMAL,100,50.0
13:17:35.245,1.0282,0.0,NORMAL,100,74.0
13:17:35.398,1.0424,0.0,NORMAL,100,68.0
13:17:35.563,1.0351,0.0,NORMAL,100,100.0
13:17:35.699,1.0216,0.0,NORMAL,100,100.0
13:17:35.855,1.0285,0.0,NORMAL,100,100.0
13:17:36.009,1.0113,0.0,NORMAL,100,100.0
13:17:36.167,1.0296,0.0,NORMAL,100,100.0
13:17:36.323,1.0216,0.0,NORMAL,100,100.0
13:17:36.511,1.0165,0.0,NORMAL,100,100.0
13:17:36.674,1.0157,0.0,NORMAL,100,100.0
13:17:36.843,1.003,0.0,NORMAL,100,100.0
13:17:37.003,1.007,0.0,NORMAL,100,100.0
13:17:37.157,1.018,0.0,NORMAL,100,100.0
13:17:37.309,1.0162,0.0,NORMAL,100,100.0
13:17:37.461,1.0189,0.0,NORMAL,100,100.0
13:17:37.629,1.0065,0.0,NORMAL,100,100.0
13:17:37.789,1.0044,0.0,NORMAL,100,100.0
13:17:37.940,1.0009,0.0,NORMAL,100,100.0
13:17:38.097,1.0056,0.0,NORMAL,100,100.0
13:17:38.254,1.0036,0.0,NORMAL,100,100.0
13:17:38.412,1.001,0.0,NORMAL,100,100.0
13:17:38.572,1.0131,0.0,NORMAL,100,100.0
13:17:38.736,1.0095,0.0,NORMAL,100,100.0
13:17:38.886,1.0118,0.0,NORMAL,100,100.0
13:17:39.029,1.0078,0.0,NORMAL,100,100.0
13:17:39.176,1.0085,0.0,NORMAL,100,100.0
13:17:39.329,1.0121,0.0,NORMAL,100,100.0
13:17:39.477,1.0065,0.0,NORMAL,100,100.0
13:17:39.658,1.0081,0.0,NORMAL,100,100.0
13:17:39.811,1.0056,0.0,NORMAL,100,100.0
13:17:39.951,1.0158,0.0,NORMAL,100,100.0
13:17:40.122,1.0178,0.0,NORMAL,100,100.0
13:17:40.299,1.0134,0.0,NORMAL,100,100.0
13:17:40.464,1.0133,0.0,NORMAL,100,100.0
13:17:40.611,1.0123,0.0,NORMAL,100,100.0
13:17:40.781,1.0056,0.0,NORMAL,100,100.0
13:17:40.935,1.0148,0.0,NORMAL,100,100.0
13:17:41.080,1.0105,0.0,NORMAL,100,100.0
13:17:41.241,1.0043,0.0,NORMAL,100,100.0
13:17:41.409,1.0127,0.0,NORMAL,100,100.0
13:17:41.567,1.003,0.0,NORMAL,100,100.0
13:17:41.719,1.0145,0.0,NORMAL,100,100.0
13:17:41.870,1.006,0.0,NORMAL,100,100.0
13:17:42.029,1.008,0.0,NORMAL,100,100.0
13:17:42.178,1.0088,0.0,NORMAL,100,100.0
13:17:42.328,1.009,0.0,NORMAL,100,100.0
13:17:42.475,1.0211,0.0,NORMAL,100,100.0
13:17:42.641,1.0087,0.0,NORMAL,100,100.0
13:17:42.806,1.009,0.0,NORMAL,100,100.0
13:17:42.955,1.0048,0.0,NORMAL,100,100.0
13:17:43.125,1.009,0.0,NORMAL,100,100.0
13:17:43.297,1.0086,0.0,NORMAL,100,100.0
13:17:43.448,1.0058,0.0,NORMAL,100,100.0
13:17:43.612,1.0002,0.0,NORMAL,100,100.0
13:17:43.757,1.0122,0.0,NORMAL,100,100.0
13:17:43.922,1.0004,0.0,NORMAL,100,100.0
13:17:44.077,1.0117,0.0,NORMAL,100,100.0
13:17:44.227,1.0036,0.0,NORMAL,100,100.0
13:17:44.383,1.0124,0.0,NORMAL,100,100.0
13:17:44.543,1.0088,0.0,NORMAL,100,100.0
13:17:44.695,1.0166,0.0,NORMAL,100,100.0
13:17:44.843,2.6681,0.0,NORMAL,30,48.0
13:17:45.009,1.2545,0.0,NORMAL,100,63.0
13:17:45.185,1.196,0.0,NORMAL,100,86.0
13:17:45.341,1.1821,0.0,NORMAL,100,98.0
13:17:45.491,1.1689,0.0,NORMAL,100,98.0
13:17:45.653,1.1347,0.0,NORMAL,100,97.0
13:17:45.805,1.1268,0.0,NORMAL,100,81.0
13:17:45.969,1.0831,0.0,NORMAL,100,70.0
13:17:46.163,1.0813,0.0,NORMAL,100,64.0
13:17:46.324,1.0681,0.0,NORMAL,100,41.0
13:17:46.482,1.066,0.0,NORMAL,100,41.0
13:17:46.640,1.0345,0.0,NORMAL,100,50.0
13:17:46.809,1.0544,0.0,NORMAL,100,54.0
13:17:46.972,1.0285,0.0,NORMAL,100,74.0
13:17:47.142,1.0269,0.0,NORMAL,100,81.0
13:17:47.302,1.0192,0.0,NORMAL,100,100.0
13:17:47.466,1.0238,0.0,NORMAL,100,100.0
13:17:47.621,1.0214,0.0,NORMAL,100,100.0
13:17:47.775,1.0316,0.0,NORMAL,100,100.0
13:17:47.927,1.0048,0.0,NORMAL,100,99.0
13:17:48.084,1.0034,0.0,NORMAL,100,100.0
13:17:48.237,1.0081,0.0,NORMAL,100,100.0
13:17:48.394,1.004,0.0,NORMAL,100,100.0
13:17:48.543,1.0062,0.0,NORMAL,100,100.0
13:17:48.698,1.018,0.0,NORMAL,100,100.0
13:17:48.856,1.0019,0.0,NORMAL,100,100.0
13:17:49.016,1.0209,0.0,NORMAL,100,100.0
13:17:49.175,1.0082,0.0,NORMAL,100,100.0
13:17:49.324,1.0015,0.0,NORMAL,100,100.0
13:17:49.487,1.0065,0.0,NORMAL,100,100.0
13:17:49.643,1.0122,0.0,NORMAL,100,100.0
13:17:49.797,1.0089,0.0,NORMAL,100,100.0
13:17:49.962,1.0093,0.0,NORMAL,100,100.0
13:17:50.148,1.0035,0.0,NORMAL,100,100.0
13:17:50.309,1.0152,0.0,NORMAL,100,100.0
13:17:50.465,1.0164,0.0,NORMAL,100,100.0
13:17:50.642,1.0132,0.0,NORMAL,100,100.0
13:17:50.820,1.0044,0.0,NORMAL,100,100.0
13:17:50.972,1.0045,1.8,NORMAL,74,68.0
13:17:51.152,1.0033,1.8,NORMAL,74,68.0
13:17:51.321,1.0092,1.8,NORMAL,74,69.0
13:17:51.476,1.0001,1.8,CAUTION,74,71.0
13:17:51.646,1.007,1.8,CAUTION,74,67.0
13:17:51.807,1.0043,1.8,CAUTION,74,68.0
13:17:51.962,1.001,1.8,CAUTION,74,69.0
13:17:52.124,1.001,1.8,CAUTION,74,69.0
13:17:52.296,1.0126,0.0,CAUTION,100,100.0
13:17:52.469,1.0081,0.0,CAUTION,100,100.0
13:17:52.647,1.0019,0.0,CAUTION,100,100.0
13:17:52.810,1.0061,0.0,NORMAL,100,100.0
13:17:52.955,1.0042,0.0,NORMAL,100,100.0
13:17:53.119,1.0106,0.0,NORMAL,100,100.0
13:17:53.266,1.0006,0.0,NORMAL,100,100.0
13:17:53.414,1.0083,0.0,NORMAL,100,100.0
13:17:53.577,1.0048,2.0,NORMAL,78,56.0
13:17:53.730,1.0085,2.0,NORMAL,78,57.0
13:17:53.896,1.0204,0.0,NORMAL,100,100.0
13:17:54.046,1.013,0.0,NORMAL,100,100.0
13:17:54.224,1.0005,0.0,NORMAL,100,100.0
13:17:54.377,1.015,0.0,NORMAL,100,100.0
13:17:54.531,1.0084,0.0,NORMAL,100,100.0
13:17:54.725,1.0088,0.0,NORMAL,100,100.0
13:17:54.893,1.0184,0.0,NORMAL,100,100.0
13:17:55.046,1.0061,0.0,NORMAL,100,100.0
13:17:55.207,1.0105,0.0,NORMAL,100,100.0
13:17:55.371,1.0003,1.5,NORMAL,78,57.0
13:17:55.540,1.0049,1.5,NORMAL,78,56.0
13:17:55.709,1.0152,1.5,NORMAL,78,59.0
13:17:55.884,1.0041,1.5,CAUTION,78,56.0
13:17:56.038,1.0058,1.5,CAUTION,78,57.0
13:17:56.195,1.001,1.5,CAUTION,78,57.0
13:17:56.364,1.0064,1.5,CAUTION,78,55.0
13:17:56.543,1.0136,1.5,CAUTION,78,57.0
13:17:56.711,1.0034,1.5,CAUTION,78,56.0
13:17:56.868,1.0037,0.0,CAUTION,100,100.0
13:17:57.039,1.0012,1.5,CAUTION,78,57.0
13:17:57.203,1.0151,0.0,CAUTION,100,100.0
13:17:57.383,1.0037,0.0,CAUTION,100,100.0
13:17:57.543,1.002,4.36,NORMAL,46,70.2
13:17:57.699,1.0017,4.36,NORMAL,46,69.2
13:17:57.848,1.0149,0.0,NORMAL,100,100.0
13:17:58.001,1.0156,4.36,NORMAL,46,71.2
13:17:58.178,1.0074,0.0,NORMAL,100,100.0
13:17:58.333,1.0119,4.36,HAZARD,46,71.2
13:17:58.489,1.0053,4.36,HAZARD,46,68.2
13:17:58.656,1.0127,0.0,HAZARD,100,100.0
13:17:58.824,1.0045,0.0,NORMAL,100,100.0
13:17:58.973,1.0015,0.0,NORMAL,100,100.0
13:17:59.115,1.0181,0.0,NORMAL,100,100.0
13:17:59.263,1.0084,0.0,NORMAL,100,98.0
13:17:59.443,1.0139,0.0,NORMAL,100,100.0
13:17:59.600,1.0126,0.0,NORMAL,100,100.0
13:17:59.752,1.0127,0.0,NORMAL,100,100.0
13:17:59.902,1.0134,0.0,NORMAL,100,100.0
13:18:00.062,1.0016,4.3531,NORMAL,46,69.2
13:18:00.211,1.0025,4.3531,NORMAL,46,69.2
13:18:00.372,1.0134,4.3531,NORMAL,46,71.2
13:18:00.554,1.0054,4.3531,HAZARD,46,69.2
13:18:00.725,1.0035,4.3531,HAZARD,46,68.2
13:18:00.895,1.0036,4.3531,HAZARD,46,68.2
13:18:01.048,1.0141,4.3531,HAZARD,46,71.2
13:18:01.220,1.0071,4.3531,HAZARD,46,69.2
13:18:01.386,1.0157,4.3531,HAZARD,46,71.2
13:18:01.565,1.0085,4.3531,HAZARD,46,70.2
13:18:01.723,1.0026,4.3531,HAZARD,46,70.2
13:18:01.867,1.0027,3.0,HAZARD,68,75.0
13:18:02.028,1.0008,3.0,HAZARD,68,75.0
13:18:02.201,1.0118,3.0,HAZARD,68,77.0
13:18:02.360,1.0001,3.0,CAUTION,68,75.0
13:18:02.590,1.0027,3.0,CAUTION,68,75.0
13:18:02.756,1.0065,3.0,CAUTION,68,74.0
13:18:02.908,1.0175,3.0,CAUTION,68,77.0
13:18:03.079,1.0027,3.0,CAUTION,68,75.0
13:18:03.233,1.0105,3.0,CAUTION,68,79.0
13:18:03.404,1.007,3.0,CAUTION,68,74.0
13:18:03.561,1.0071,3.0,CAUTION,68,74.0
13:18:03.699,1.0062,0.0,CAUTION,100,100.0
13:18:03.878,1.0149,0.0,CAUTION,100,100.0
13:18:04.038,1.0178,0.0,CAUTION,100,100.0
13:18:04.210,1.009,0.0,NORMAL,100,100.0
13:18:04.373,1.0099,0.0,NORMAL,100,100.0
13:18:04.527,1.0016,0.0,NORMAL,100,100.0
13:18:04.686,1.0018,0.0,NORMAL,100,100.0
13:18:04.841,1.0056,0.0,NORMAL,100,100.0
13:18:04.993,1.0085,3.0,NORMAL,68,75.0
13:18:05.145,1.0072,3.0,NORMAL,68,74.0
13:18:05.308,1.0098,3.0,NORMAL,68,76.0
13:18:05.480,1.0018,0.0,NORMAL,100,100.0
13:18:05.629,1.0155,0.0,NORMAL,100,100.0
13:18:05.794,1.0095,0.0,NORMAL,100,100.0
13:18:05.940,1.0063,0.0,NORMAL,100,100.0
13:18:06.084,1.0012,0.0,NORMAL,100,100.0
13:18:06.235,1.0169,0.0,NORMAL,100,100.0
13:18:06.388,1.0071,0.0,NORMAL,100,100.0
13:18:06.542,1.0064,0.0,NORMAL,100,100.0
13:18:06.695,1.0011,0.0,NORMAL,100,100.0
13:18:06.863,1.0034,0.0,NORMAL,100,100.0
13:18:07.033,1.0113,0.0,NORMAL,100,100.0
13:18:07.177,1.014,0.0,NORMAL,100,99.0
13:18:07.334,1.0087,0.0,NORMAL,100,100.0
13:18:07.478,1.0122,0.0,NORMAL,100,100.0
13:18:07.640,1.0148,0.0,NORMAL,100,100.0
13:18:07.804,1.0054,0.0,NORMAL,100,100.0
13:18:07.961,1.005,0.0,NORMAL,100,100.0
13:18:08.123,1.0036,0.0,NORMAL,100,100.0
13:18:08.270,1.0081,0.0,NORMAL,100,100.0
13:18:08.426,1.0066,0.0,NORMAL,100,100.0
13:18:08.578,1.0107,0.0,NORMAL,100,100.0
13:18:08.738,1.0146,0.0,NORMAL,100,100.0
13:18:08.913,1.0085,0.0,NORMAL,100,100.0
13:18:09.068,1.0058,0.0,NORMAL,100,100.0
13:18:09.234,1.0092,0.0,NORMAL,100,100.0
13:18:09.396,1.0128,0.0,NORMAL,100,100.0
13:18:09.545,1.0192,0.0,NORMAL,100,100.0
13:18:09.706,1.0141,0.0,NORMAL,100,100.0
13:18:09.856,1.0143,0.0,NORMAL,100,100.0
13:18:10.018,1.0133,0.0,NORMAL,100,100.0
13:18:10.176,1.007,0.0,NORMAL,100,100.0
13:18:10.333,1.0016,0.0,NORMAL,100,100.0
13:18:10.526,1.0121,0.0,NORMAL,100,100.0
13:18:10.684,1.0131,0.0,NORMAL,100,100.0
13:18:10.834,1.0086,0.0,NORMAL,100,100.0
13:18:10.984,1.0073,0.0,NORMAL,100,100.0
13:18:11.158,1.0115,0.0,NORMAL,100,100.0
13:18:11.329,1.0086,0.0,NORMAL,100,100.0
13:18:11.478,1.0063,0.0,NORMAL,100,100.0
13:18:11.631,1.0132,0.0,NORMAL,100,100.0
13:18:11.800,1.0122,0.0,NORMAL,100,100.0
13:18:11.962,1.0095,0.0,NORMAL,100,100.0
13:18:12.131,1.0063,0.0,NORMAL,100,100.0
13:18:12.276,1.014,0.0,NORMAL,100,100.0
13:18:12.423,1.0181,0.0,NORMAL,100,100.0
13:18:12.588,1.0065,0.0,NORMAL,100,98.0
13:18:12.744,1.0039,0.0,NORMAL,100,100.0
13:18:12.917,1.0106,0.0,NORMAL,100,100.0
13:18:13.070,1.0122,0.0,NORMAL,100,100.0
13:18:13.234,1.0104,0.0,NORMAL,100,100.0
13:18:13.393,1.0114,0.0,NORMAL,100,100.0
13:18:13.556,1.0128,0.0,NORMAL,100,100.0
13:18:13.708,1.0143,0.0,NORMAL,100,100.0
13:18:13.871,1.004,0.0,NORMAL,100,100.0
13:18:14.011,1.0048,0.0,NORMAL,100,100.0
13:18:14.157,1.006,0.0,NORMAL,100,100.0
13:18:14.292,1.0131,0.0,NORMAL,100,100.0
13:18:14.435,1.0161,0.0,NORMAL,100,100.0
13:18:14.579,1.0073,0.0,NORMAL,100,100.0
13:18:14.738,1.0099,0.0,NORMAL,100,100.0
13:18:14.888,1.0049,0.0,NORMAL,100,100.0
13:18:15.044,1.013,0.0,NORMAL,100,100.0
13:18:15.216,1.0105,0.0,NORMAL,100,100.0
13:18:15.370,1.0005,0.0,NORMAL,100,100.0
13:18:15.509,1.0168,0.0,NORMAL,100,100.0
13:18:15.660,1.0045,0.0,NORMAL,100,100.0
13:18:15.835,1.005,0.0,NORMAL,100,100.0
13:18:16.003,1.0129,0.0,NORMAL,100,100.0
13:18:16.141,1.0056,0.0,NORMAL,100,100.0
13:18:16.314,1.0086,0.0,NORMAL,100,100.0
13:18:16.466,1.0039,0.0,NORMAL,100,100.0
13:18:16.632,1.0032,0.0,NORMAL,100,100.0
13:18:16.770,1.004,0.0,NORMAL,100,100.0
13:18:16.937,1.0166,0.0,NORMAL,100,100.0
13:18:17.113,1.01,0.0,NORMAL,100,100.0
13:18:17.275,1.0049,0.0,NORMAL,100,100.0
13:18:17.437,1.0068,0.0,NORMAL,100,100.0
13:18:17.587,1.0084,0.0,NORMAL,100,100.0
13:18:17.742,1.0159,0.0,NORMAL,100,100.0
13:18:17.914,1.0033,0.0,NORMAL,100,100.0
13:18:18.070,1.0137,0.0,NORMAL,100,100.0
13:18:18.229,1.0156,0.0,NORMAL,100,100.0
13:18:18.371,1.0045,0.0,NORMAL,100,100.0
13:18:18.532,1.0049,0.0,NORMAL,100,100.0
13:18:18.688,1.0067,0.0,NORMAL,100,100.0
13:18:18.838,1.0064,0.0,NORMAL,100,100.0
13:18:19.001,1.0148,0.0,NORMAL,100,100.0
13:18:19.184,1.0045,0.0,NORMAL,100,100.0
13:18:19.341,1.0054,0.0,NORMAL,100,100.0
13:18:19.502,1.0032,0.0,NORMAL,100,100.0
13:18:19.644,1.0217,0.0,NORMAL,100,100.0
13:18:19.802,1.0146,0.0,NORMAL,100,100.0
13:18:19.951,1.0055,0.0,NORMAL,100,100.0
13:18:20.104,1.0106,0.0,NORMAL,100,100.0
13:18:20.260,1.0087,0.0,NORMAL,100,100.0
13:18:20.428,1.0121,0.0,NORMAL,100,100.0
13:18:20.625,1.0123,0.0,NORMAL,100,100.0
13:18:20.782,1.0055,0.0,NORMAL,100,100.0
13:18:20.949,1.0072,0.0,NORMAL,100,100.0
13:18:21.119,1.002,0.0,NORMAL,100,100.0
13:18:21.280,1.0052,0.0,NORMAL,100,100.0
13:18:21.436,1.0099,0.0,NORMAL,100,100.0
13:18:21.607,1.0065,0.0,NORMAL,100,100.0
13:18:21.767,1.0223,0.0,NORMAL,100,100.0
13:18:21.931,1.0115,0.0,NORMAL,100,100.0
13:18:22.090,1.0211,0.0,NORMAL,100,100.0
13:18:22.251,1.0023,0.0,NORMAL,100,100.0
13:18:22.406,1.0148,0.0,NORMAL,100,100.0
13:18:22.573,1.0145,0.0,NORMAL,100,100.0
13:18:22.750,1.0115,0.0,NORMAL,100,100.0
13:18:22.903,1.0095,0.0,NORMAL,100,100.0
13:18:23.058,1.0172,0.0,NORMAL,100,100.0
13:18:23.208,1.0044,0.0,NORMAL,100,100.0
13:18:23.384,1.0164,0.0,NORMAL,100,100.0
13:18:23.529,1.008,0.0,NORMAL,100,100.0
13:18:23.695,2.6308,0.0,NORMAL,30,43.0
13:18:23.858,1.249,0.0,NORMAL,100,63.0
13:18:24.012,1.2222,0.0,NORMAL,100,86.0
13:18:24.167,1.1751,0.0,NORMAL,100,98.0
13:18:24.328,1.1441,0.0,NORMAL,100,97.0
13:18:24.496,1.1175,0.0,NORMAL,100,82.0
13:18:24.699,1.1027,0.0,NORMAL,100,74.0
13:18:24.859,1.0858,0.0,NORMAL,100,63.0
13:18:25.007,1.0826,0.0,NORMAL,100,58.0
13:18:25.172,1.0836,0.0,NORMAL,100,41.0
13:18:25.333,1.0588,0.0,NORMAL,100,40.0
13:18:25.494,1.038,0.0,NORMAL,100,50.0
13:18:25.663,1.0367,0.0,NORMAL,100,81.0
13:18:25.813,1.0359,0.0,NORMAL,100,100.0
13:18:25.969,1.0133,0.0,NORMAL,100,99.0
13:18:26.120,1.0128,0.0,NORMAL,100,100.0
13:18:26.261,1.0292,0.0,NORMAL,100,100.0
13:18:26.405,1.0226,0.0,NORMAL,100,100.0
13:18:26.553,1.006,0.0,NORMAL,100,100.0
13:18:26.707,1.0302,0.0,NORMAL,100,100.0
13:18:26.853,1.003,0.0,NORMAL,100,99.0
13:18:27.010,1.0169,0.0,NORMAL,100,100.0
13:18:27.176,1.0055,0.0,NORMAL,100,100.0
13:18:27.336,1.0139,0.0,NORMAL,100,100.0
13:18:27.493,1.0014,0.0,NORMAL,100,100.0
13:18:27.654,1.0075,0.0,NORMAL,100,100.0
13:18:27.823,1.0211,0.0,NORMAL,100,100.0
13:18:27.987,1.0002,0.0,NORMAL,100,100.0
13:18:28.153,1.0072,0.0,NORMAL,100,100.0
13:18:28.312,1.0149,0.0,NORMAL,100,100.0
13:18:28.466,1.0122,0.0,NORMAL,100,100.0
13:18:28.630,1.0176,0.0,NORMAL,100,100.0
13:18:28.794,1.0085,0.0,NORMAL,100,100.0
13:18:28.941,1.0067,0.0,NORMAL,100,100.0
13:18:29.124,1.0186,0.0,NORMAL,100,100.0
13:18:29.303,1.0038,0.0,NORMAL,100,100.0
13:18:29.451,1.0031,0.0,NORMAL,100,100.0
13:18:29.619,1.0016,0.0,NORMAL,100,100.0
13:18:29.774,1.0108,0.0,NORMAL,100,100.0
13:18:29.935,1.0009,0.0,NORMAL,100,100.0
13:18:30.094,1.0091,0.0,NORMAL,100,100.0
13:18:30.252,1.0105,0.0,NORMAL,100,100.0
13:18:30.390,1.016,0.0,NORMAL,100,100.0
13:18:30.551,1.0002,0.0,NORMAL,100,100.0
13:18:30.714,1.0121,0.0,NORMAL,100,100.0
13:18:30.870,1.0052,0.0,NORMAL,100,100.0
13:18:31.031,1.0028,0.0,NORMAL,100,100.0
13:18:31.193,1.0005,0.0,NORMAL,100,100.0
13:18:31.362,1.0132,0.0,NORMAL,100,100.0
13:18:31.508,1.0179,0.0,NORMAL,100,100.0
13:18:31.684,1.0035,0.0,NORMAL,100,100.0
13:18:31.847,1.0065,0.0,NORMAL,100,100.0
13:18:31.996,1.0053,0.0,NORMAL,100,100.0
13:18:32.153,1.0036,0.0,NORMAL,100,100.0
13:18:32.299,1.005,0.0,NORMAL,100,100.0
13:18:32.463,1.0179,4.9092,NORMAL,38,75.2
13:18:32.623,1.0003,4.9092,NORMAL,38,74.2
13:18:32.803,1.0103,0.0,NORMAL,100,100.0
13:18:32.968,1.0201,0.0,NORMAL,100,100.0
13:18:33.119,1.0039,0.0,NORMAL,100,100.0
13:18:33.276,1.0003,0.0,NORMAL,100,100.0
13:18:33.423,1.0126,2.3,NORMAL,68,76.0
13:18:33.576,1.0188,2.3,NORMAL,68,77.0
13:18:33.726,1.011,2.3,NORMAL,68,77.0
13:18:33.894,1.0001,2.3,CAUTION,68,78.0
13:18:34.072,1.0043,2.3,CAUTION,68,74.0
13:18:34.234,1.0148,2.3,CAUTION,68,77.0
13:18:34.396,1.0033,2.3,CAUTION,68,74.0
13:18:34.558,1.0085,2.3,CAUTION,68,75.0
13:18:34.729,1.0156,2.3,CAUTION,68,76.0
13:18:34.887,1.0036,2.3,CAUTION,68,74.0
13:18:35.039,1.0053,2.3,CAUTION,68,75.0
13:18:35.197,1.0107,2.3,CAUTION,68,75.0
13:18:35.377,1.0123,0.0,CAUTION,100,100.0
13:18:35.532,1.0016,0.0,CAUTION,100,100.0
13:18:35.692,1.0141,0.0,CAUTION,100,100.0
13:18:35.851,1.0144,0.0,NORMAL,100,100.0
13:18:36.013,1.0116,0.0,NORMAL,100,100.0
13:18:36.159,1.0109,0.0,NORMAL,100,100.0
13:18:36.316,1.0036,0.0,NORMAL,100,100.0
13:18:36.472,1.0154,0.0,NORMAL,100,100.0
13:18:36.628,1.0027,0.0,NORMAL,100,100.0
13:18:36.786,1.0099,0.0,NORMAL,100,100.0
13:18:36.939,1.0007,0.0,NORMAL,100,100.0
13:18:37.099,1.0038,0.0,NORMAL,100,100.0
13:18:37.263,1.009,0.0,NORMAL,100,100.0
13:18:37.419,1.0023,0.0,NORMAL,100,100.0
13:18:37.562,1.0134,0.0,NORMAL,100,100.0
13:18:37.706,1.0083,0.0,NORMAL,100,100.0
13:18:37.878,1.0156,0.0,NORMAL,100,100.0
13:18:38.083,1.0161,0.0,NORMAL,100,100.0
13:18:38.294,1.004,1.3197,NORMAL,80,57.0
13:18:38.451,1.0005,1.3197,NORMAL,80,58.0
13:18:38.605,1.0005,1.3197,NORMAL,80,57.0
13:18:38.790,1.0116,1.3197,CAUTION,80,59.0
13:18:38.979,1.0068,1.3197,CAUTION,80,56.0
13:18:39.139,1.0046,1.3197,CAUTION,80,56.0
13:18:39.288,1.0144,1.3197,CAUTION,80,58.0
13:18:39.446,1.0135,1.3197,CAUTION,80,58.0
13:18:39.601,1.0049,1.55,CAUTION,78,58.0
13:18:39.767,1.0123,1.55,CAUTION,78,57.0
13:18:39.928,1.001,1.55,CAUTION,78,57.0
13:18:40.085,1.0008,1.55,CAUTION,78,57.0
13:18:40.232,1.0065,1.55,CAUTION,78,55.0
13:18:40.393,1.0092,1.55,CAUTION,78,58.0
13:18:40.569,1.0065,1.55,CAUTION,78,57.0
13:18:40.735,1.0048,2.3333,CAUTION,74,68.0
13:18:40.904,1.0166,2.3333,CAUTION,74,70.0
13:18:41.064,1.0129,2.3333,CAUTION,74,70.0
13:18:41.226,1.0105,2.3333,CAUTION,74,73.0
13:18:41.407,1.0171,2.3333,CAUTION,74,71.0
13:18:41.591,1.0109,2.3333,CAUTION,74,70.0
13:18:41.754,1.0017,2.3333,CAUTION,74,73.0
13:18:41.920,1.0052,2.3333,CAUTION,74,68.0
13:18:42.091,1.0167,2.3333,CAUTION,74,70.0
13:18:42.253,1.0161,2.3333,CAUTION,74,71.0
13:18:42.424,1.0002,2.3333,CAUTION,74,72.0
13:18:42.595,1.0053,2.3,CAUTION,68,74.0
13:18:42.754,1.0041,2.3,CAUTION,68,74.0
13:18:42.922,1.0068,2.3,CAUTION,68,74.0
13:18:43.101,1.0027,2.3,CAUTION,68,75.0
13:18:43.276,1.0106,2.3,CAUTION,68,76.0
13:18:43.458,1.0022,2.3,CAUTION,68,76.0
13:18:43.632,1.0041,2.3,CAUTION,68,74.0
13:18:43.796,1.0151,2.3,CAUTION,68,77.0
13:18:43.946,1.0144,2.3,CAUTION,68,76.0
13:18:44.126,1.0181,2.3,CAUTION,68,79.0
13:18:44.293,1.0077,2.3,CAUTION,68,75.0
13:18:44.455,1.0158,0.0,CAUTION,100,100.0
13:18:44.624,1.0087,0.0,CAUTION,100,100.0
13:18:44.774,1.0163,0.0,CAUTION,100,100.0
13:18:44.937,1.0131,0.0,NORMAL,100,100.0
13:18:45.101,1.0188,1.9563,NORMAL,72,75.9
13:18:45.260,2.6371,1.9563,NORMAL,47,99.0
13:18:45.422,1.2451,1.9563,NORMAL,72,92.9
13:18:45.591,1.2216,1.9563,NORMAL,72,80.9
13:18:45.754,1.1729,1.9563,CAUTION,72,72.9
13:18:45.917,1.1543,1.9563,CAUTION,72,73.9
13:18:46.085,1.1359,1.9563,CAUTION,72,78.9
13:18:46.247,1.114,1.9563,CAUTION,72,96.9
13:18:46.413,1.102,1.9563,CAUTION,72,99.0
13:18:46.573,1.0868,1.9563,CAUTION,72,99.0
13:18:46.774,1.0618,1.9563,CAUTION,72,99.0
13:18:46.937,1.0569,0.0,CAUTION,100,39.0
13:18:47.097,1.0479,0.0,CAUTION,100,55.0
13:18:47.263,1.0493,0.0,CAUTION,100,81.0
13:18:47.436,1.0161,0.0,NORMAL,100,99.0
13:18:47.600,1.0361,0.0,NORMAL,100,100.0
13:18:47.773,1.0338,0.0,NORMAL,100,100.0
13:18:47.937,1.0296,0.0,NORMAL,100,100.0
13:18:48.096,1.0059,0.0,NORMAL,100,99.0
13:18:48.272,1.0054,0.0,NORMAL,100,100.0
13:18:48.430,1.0099,0.0,NORMAL,100,100.0
13:18:48.587,1.0022,0.0,NORMAL,100,100.0
13:18:48.746,1.0062,0.0,NORMAL,100,100.0
13:18:48.897,1.0251,0.0,NORMAL,100,100.0
13:18:49.062,1.003,0.0,NORMAL,100,99.0
13:18:49.225,1.0083,0.0,NORMAL,100,100.0
13:18:49.379,1.0059,0.0,NORMAL,100,100.0
13:18:49.535,1.0098,0.0,NORMAL,100,100.0
13:18:49.702,1.0171,0.0,NORMAL,100,100.0
13:18:49.862,1.0104,0.0,NORMAL,100,100.0
13:18:50.010,1.0129,0.0,NORMAL,100,100.0
13:18:50.175,1.0035,0.0,NORMAL,100,100.0
13:18:50.342,1.0163,0.0,NORMAL,100,100.0
13:18:50.495,1.0095,0.0,NORMAL,100,100.0
13:18:50.653,1.0014,0.0,NORMAL,100,100.0
13:18:50.808,1.0136,0.0,NORMAL,100,100.0
13:18:50.972,1.0193,0.0,NORMAL,100,100.0
13:18:51.130,1.0082,0.0,NORMAL,100,100.0
13:18:51.304,1.0086,0.0,NORMAL,100,100.0
13:18:51.475,1.4351,0.0,NORMAL,100,78.0
13:18:51.632,1.0798,0.0,NORMAL,100,66.0
13:18:51.784,1.0587,0.0,NORMAL,100,63.0
13:18:51.944,1.0613,0.0,NORMAL,100,41.0
13:18:52.087,1.0225,0.0,NORMAL,100,60.0
13:18:52.241,1.0344,0.0,NORMAL,100,73.0
13:18:52.412,1.0328,0.0,NORMAL,100,100.0
13:18:52.571,1.006,0.0,NORMAL,100,99.0
13:18:52.722,1.0261,0.0,NORMAL,100,100.0
13:18:52.871,1.0303,0.0,NORMAL,100,100.0
13:18:53.037,1.001,0.0,NORMAL,100,99.0
13:18:53.186,1.0263,0.0,NORMAL,100,100.0
13:18:53.346,1.0048,0.0,NORMAL,100,99.0
13:18:53.508,1.019,0.0,NORMAL,100,100.0
13:18:53.660,1.0006,0.0,NORMAL,100,100.0
13:18:53.819,1.0181,0.0,NORMAL,100,100.0
13:18:53.984,1.0108,0.0,NORMAL,100,98.0
13:18:54.128,1.001,0.0,NORMAL,100,100.0
13:18:54.283,1.0122,0.0,NORMAL,100,100.0
13:18:54.437,1.0099,0.0,NORMAL,100,100.0
13:18:54.584,1.0044,0.0,NORMAL,100,100.0
13:18:54.745,1.0101,0.0,NORMAL,100,100.0
13:18:54.889,1.0015,0.0,NORMAL,100,100.0
13:18:55.067,1.0005,0.0,NORMAL,100,100.0
13:18:55.236,1.0054,0.0,NORMAL,100,100.0
13:18:55.389,1.0116,0.0,NORMAL,100,100.0
13:18:55.562,1.0173,0.0,NORMAL,100,100.0
13:18:55.722,2.6473,0.0,NORMAL,30,47.0
13:18:55.859,1.2415,0.0,NORMAL,100,63.0
13:18:56.003,1.2262,0.0,NORMAL,100,86.0
13:18:56.155,1.1647,0.0,NORMAL,100,97.0
13:18:56.319,1.1556,0.0,NORMAL,100,98.0
13:18:56.513,1.1472,0.0,NORMAL,100,98.0
13:18:56.659,1.1113,4.37,NORMAL,46,87.3
13:18:56.819,1.076,4.37,NORMAL,46,99.0
13:18:56.971,1.0816,4.37,NORMAL,46,99.0
13:18:57.130,1.062,4.37,HAZARD,46,99.0
13:18:57.299,1.0458,4.37,HAZARD,46,99.0
13:18:57.468,1.0657,4.37,HAZARD,46,99.0
13:18:57.629,1.0563,0.0,HAZARD,100,48.0
13:18:57.799,1.0175,4.37,HAZARD,46,99.0
13:18:57.954,1.0432,0.0,HAZARD,100,80.0
13:18:58.111,1.0238,2.0,HAZARD,72,76.4
13:18:58.268,1.0063,2.0,HAZARD,72,73.4
13:18:58.423,1.0268,2.0,CAUTION,72,75.4
13:18:58.603,1.0099,2.0,CAUTION,72,72.4
13:18:58.751,1.0185,2.0,CAUTION,72,78.4
13:18:58.911,1.0191,2.0,CAUTION,72,73.4
13:18:59.084,1.0064,4.37,CAUTION,46,71.3
13:18:59.252,1.026,4.37,CAUTION,46,73.3
13:18:59.418,1.0091,4.37,CAUTION,46,70.3
13:18:59.572,1.0099,4.37,HAZARD,46,74.3
13:18:59.743,1.0086,4.37,HAZARD,46,70.3
13:18:59.898,1.0119,2.0,HAZARD,72,72.4
13:19:00.053,1.0078,0.0,HAZARD,100,100.0
13:19:00.192,1.0048,0.0,HAZARD,100,100.0
13:19:00.342,1.0153,4.37,HAZARD,46,71.3
13:19:00.507,1.011,0.0,NORMAL,100,100.0
13:19:00.675,1.0176,0.0,NORMAL,100,100.0
13:19:00.838,1.0082,0.0,NORMAL,100,100.0
13:19:00.995,1.0067,0.0,NORMAL,100,100.0
13:19:01.152,1.0054,0.0,NORMAL,100,100.0
13:19:01.323,1.0001,0.0,NORMAL,100,100.0
13:19:01.483,1.0112,0.0,NORMAL,100,100.0
13:19:01.638,1.0098,0.0,NORMAL,100,100.0
13:19:01.779,1.0178,0.0,NORMAL,100,100.0
13:19:01.936,1.0037,0.0,NORMAL,100,100.0
13:19:02.103,1.0055,0.0,NORMAL,100,100.0
13:19:02.251,1.0148,0.0,NORMAL,100,100.0
13:19:03.445,1.016,0.0,NORMAL,100,100.0
13:19:03.676,1.0109,2.0,NORMAL,78,59.0
13:19:03.911,1.0131,2.0,NORMAL,78,59.0
13:19:04.145,1.0028,2.0,NORMAL,78,57.0
13:19:04.387,1.0156,2.0,CAUTION,78,58.0
13:19:04.612,1.0058,2.0,CAUTION,78,57.0
13:19:04.870,1.013,2.0,CAUTION,78,58.0
13:19:05.090,2.6667,2.0,CAUTION,54,94.0
13:19:05.317,1.2479,2.0,CAUTION,78,80.0
13:19:05.533,1.1987,0.0,CAUTION,100,86.0
13:19:05.798,1.1714,0.0,CAUTION,100,98.0
13:19:06.014,1.1666,0.0,NORMAL,100,98.0
13:19:06.279,1.1187,0.0,NORMAL,100,97.0
13:19:06.515,1.1087,0.0,NORMAL,100,80.0
13:19:06.719,1.0958,0.0,NORMAL,100,67.0
13:19:06.919,1.0902,0.0,NORMAL,100,59.0
13:19:07.145,1.0775,0.0,NORMAL,100,41.0
13:19:07.411,1.0709,0.0,NORMAL,100,41.0
13:19:07.663,1.0607,0.0,NORMAL,100,40.0
13:19:07.968,1.0236,0.0,NORMAL,100,49.0
13:19:08.230,1.0482,0.0,NORMAL,100,80.0
13:19:08.567,1.0343,0.0,NORMAL,100,100.0
13:19:08.753,1.0327,0.0,NORMAL,100,100.0
13:19:09.163,1.0086,0.0,NORMAL,100,99.0
13:19:09.310,1.028,0.0,NORMAL,100,100.0
13:19:09.434,1.0111,0.0,NORMAL,100,100.0
13:19:09.552,1.0182,0.0,NORMAL,100,100.0
13:19:09.691,1.0022,0.0,NORMAL,100,100.0
13:19:09.890,1.0077,2.3,NORMAL,68,76.0
13:19:10.730,1.0088,2.3,NORMAL,68,75.0
13:19:10.871,1.0242,2.3,NORMAL,68,77.0
13:19:11.016,1.0102,2.3,CAUTION,68,76.0
13:19:11.160,1.0109,2.3,CAUTION,68,79.0
13:19:11.289,1.0168,2.3,CAUTION,68,77.0
13:19:11.611,1.0055,2.3,CAUTION,68,74.0
13:19:11.748,1.0047,4.345,CAUTION,46,71.1
13:19:11.862,1.0114,4.345,CAUTION,46,69.1
13:19:11.983,1.0006,4.345,CAUTION,46,69.1
13:19:12.095,1.0076,0.0,CAUTION,100,100.0
13:19:12.197,1.0053,0.0,HAZARD,100,100.0
13:19:12.310,1.0,0.0,NORMAL,100,100.0
13:19:12.434,1.0021,2.0,NORMAL,78,57.0
13:19:12.651,1.0128,2.0,NORMAL,78,59.0
13:19:12.765,1.014,2.0,NORMAL,78,58.0
13:19:12.867,1.0096,4.345,NORMAL,46,70.1
13:19:12.975,1.0017,4.345,CAUTION,46,71.1
13:19:13.081,1.0164,2.0,CAUTION,78,58.0
13:19:13.186,1.0133,4.345,CAUTION,46,70.1
13:19:13.292,2.6267,2.0,HAZARD,54,96.0
13:19:13.405,1.2438,4.345,HAZARD,46,91.1
13:19:13.509,1.2161,0.0,HAZARD,100,86.0
13:19:13.616,1.1688,2.0,HAZARD,78,60.0
13:19:13.837,1.1478,2.0,CAUTION,78,64.0
13:19:14.213,1.1118,0.0,HAZARD,100,88.0
13:19:14.481,1.1124,0.0,NORMAL,100,75.0
13:19:14.751,1.0852,2.0,NORMAL,78,90.0
13:19:15.052,1.0713,2.0,CAUTION,78,91.0
13:19:15.282,1.0685,2.0,CAUTION,78,91.0
13:19:15.546,1.0618,2.0,CAUTION,78,91.0
13:19:15.832,1.0481,2.0,CAUTION,78,95.0
13:19:16.103,1.0554,2.0,CAUTION,78,87.0
13:19:16.452,1.038,0.0,CAUTION,100,75.0
13:19:16.692,1.0153,1.325,CAUTION,80,78.0
13:19:17.010,1.0416,0.0,CAUTION,100,100.0
13:19:17.282,1.0224,0.0,CAUTION,100,100.0
13:19:17.578,1.0175,0.0,NORMAL,100,100.0
13:19:17.884,1.015,0.0,NORMAL,100,100.0
13:19:18.115,1.0202,0.0,NORMAL,100,100.0
13:19:18.383,1.0181,0.0,NORMAL,100,100.0
13:19:18.717,1.0056,0.0,NORMAL,100,98.0
13:19:19.004,1.0221,0.0,NORMAL,100,100.0
13:19:19.259,1.0097,0.0,NORMAL,100,100.0
13:19:19.582,1.0007,0.0,NORMAL,100,100.0
13:19:19.882,1.0176,0.0,NORMAL,100,100.0
13:19:20.121,1.0151,0.0,NORMAL,100,100.0
13:19:20.339,1.0103,0.0,NORMAL,100,100.0
13:19:20.639,1.0093,0.0,NORMAL,100,100.0
13:19:20.939,1.0023,0.0,NORMAL,100,100.0
13:19:21.188,1.0008,0.0,NORMAL,100,100.0
13:19:21.451,1.0107,0.0,NORMAL,100,100.0
13:19:21.699,1.0186,0.0,NORMAL,100,100.0
13:19:21.963,1.0134,0.0,NORMAL,100,100.0
13:19:22.298,1.0059,0.0,NORMAL,100,100.0
13:19:22.612,1.0123,0.0,NORMAL,100,100.0
13:19:22.910,1.0078,0.0,NORMAL,100,100.0
13:19:23.188,1.0083,0.0,NORMAL,100,100.0
13:19:23.476,1.0062,4.4804,NORMAL,44,69.3
13:19:23.776,1.0135,0.0,NORMAL,100,100.0
13:19:24.098,1.0126,4.4804,NORMAL,44,71.3
13:19:24.375,1.0031,4.4804,NORMAL,44,70.3
13:19:24.642,1.0046,4.4804,HAZARD,44,69.3
13:19:24.931,1.0077,1.85,HAZARD,74,68.6
13:19:25.211,1.0075,0.0,HAZARD,100,100.0
13:19:25.521,1.0107,0.0,NORMAL,100,100.0
13:19:25.809,1.0094,0.0,NORMAL,100,100.0
13:19:26.155,1.0078,0.0,NORMAL,100,100.0
13:19:26.440,1.0122,0.0,NORMAL,100,100.0
13:19:26.697,1.0077,1.85,NORMAL,74,68.6
13:19:27.027,1.0047,0.0,NORMAL,100,100.0
13:19:27.345,1.0059,0.0,NORMAL,100,100.0
13:19:27.575,1.0067,0.0,NORMAL,100,100.0
13:19:27.882,1.0039,4.056,NORMAL,50,56.0
13:19:28.156,1.0022,0.0,NORMAL,100,100.0
13:19:28.459,1.0076,0.0,NORMAL,100,100.0
13:19:28.786,1.013,4.056,NORMAL,50,57.0
13:19:29.106,1.0022,4.056,NORMAL,50,57.0
13:19:29.425,1.0212,0.0,NORMAL,100,100.0
13:19:29.686,1.004,0.0,NORMAL,100,100.0
13:19:30.055,1.0059,3.0,NORMAL,68,77.0
13:19:30.285,1.0003,1.3197,NORMAL,80,57.0
13:19:30.565,1.009,1.3197,CAUTION,80,58.0
13:19:30.885,1.0001,1.3197,CAUTION,80,59.0
13:19:31.177,1.0101,1.3197,CAUTION,80,58.0
13:19:31.410,1.0063,1.3197,CAUTION,80,56.0
13:19:31.684,1.0067,3.0,CAUTION,68,74.0
13:19:32.011,1.0201,3.0,CAUTION,68,76.0
13:19:32.341,1.0021,3.0,CAUTION,68,75.0
13:19:32.626,1.0155,3.0,CAUTION,68,79.0
13:19:32.876,1.0129,4.2757,CAUTION,47,69.5
13:19:33.187,1.0024,4.2757,CAUTION,47,69.5
13:19:33.517,1.0094,0.0,CAUTION,100,100.0
13:19:33.848,1.0074,0.0,CAUTION,100,100.0
13:19:34.127,1.0102,0.0,NORMAL,100,100.0
13:19:34.474,1.0106,0.0,NORMAL,100,100.0
13:19:34.797,1.0035,4.4421,NORMAL,45,70.0
13:19:35.177,1.0057,4.4421,NORMAL,45,69.0
13:19:35.486,1.0033,0.0,NORMAL,100,100.0
13:19:35.754,1.0061,3.0,NORMAL,68,74.0
13:19:36.073,1.0007,0.0,NORMAL,100,100.0
13:19:36.378,1.005,0.0,NORMAL,100,100.0
13:19:36.716,1.0138,0.0,NORMAL,100,100.0
13:19:37.035,1.005,0.0,NORMAL,100,100.0
13:19:37.311,1.0128,0.0,NORMAL,100,100.0
13:19:37.639,1.0139,0.0,NORMAL,100,100.0
13:19:37.969,1.0035,0.0,NORMAL,100,100.0
13:19:38.323,1.0018,4.2533,NORMAL,48,68.3
13:19:38.642,1.0082,4.2533,NORMAL,48,66.3
13:19:38.948,1.0017,4.2533,NORMAL,48,68.3
13:19:39.216,1.0013,0.0,NORMAL,100,100.0
13:19:39.514,1.014,4.2533,HAZARD,48,69.3
13:19:39.814,1.0036,4.2533,HAZARD,48,67.3
13:19:40.173,1.0086,2.6667,HAZARD,71,71.0
13:19:40.498,1.0109,1.325,HAZARD,80,58.0
13:19:40.759,1.0022,2.6667,CAUTION,71,73.0
13:19:40.995,1.0127,1.325,CAUTION,80,59.0
13:19:41.279,1.0054,1.325,CAUTION,80,57.0
13:19:41.530,1.0104,1.325,CAUTION,80,57.0
13:19:41.841,1.0101,1.325,CAUTION,80,58.0
13:19:42.129,1.001,1.325,CAUTION,80,58.0
13:19:42.381,1.0109,3.0,CAUTION,68,76.0
13:19:42.631,1.0129,3.0,CAUTION,68,76.0
13:19:42.918,1.0202,3.0,CAUTION,68,77.0
13:19:43.237,1.0016,3.0,CAUTION,68,75.0
13:19:43.498,1.0118,0.0,CAUTION,100,100.0
13:19:43.776,1.0137,0.0,CAUTION,100,100.0
13:19:44.110,1.0047,2.8333,CAUTION,69,73.5
13:19:44.365,1.0031,2.8333,CAUTION,69,72.5
13:19:44.688,1.0065,0.0,CAUTION,100,100.0
13:19:44.953,1.0006,0.0,NORMAL,100,100.0
13:19:45.252,1.015,2.8333,NORMAL,69,74.5
13:19:45.554,1.0112,2.8333,CAUTION,69,74.5
13:19:45.876,1.0085,2.8333,CAUTION,69,74.5
13:19:46.216,1.0065,0.0,CAUTION,100,100.0
13:19:46.534,1.012,0.0,NORMAL,100,100.0
13:19:46.853,1.0162,0.0,NORMAL,100,100.0
13:19:47.147,1.0018,0.0,NORMAL,100,100.0
13:19:47.436,1.0124,0.0,NORMAL,100,100.0
13:19:47.793,1.0046,0.0,NORMAL,100,100.0
13:19:48.067,1.019,0.0,NORMAL,100,100.0
13:19:48.405,1.0026,0.0,NORMAL,100,100.0
13:19:48.779,1.0091,0.0,NORMAL,100,100.0
13:19:49.061,1.0096,0.0,NORMAL,100,100.0
13:19:49.394,1.0117,0.0,NORMAL,100,100.0
13:19:49.701,1.0019,0.0,NORMAL,100,100.0
13:19:50.028,1.0075,0.0,NORMAL,100,100.0
13:19:50.325,1.0005,0.0,NORMAL,100,100.0
13:19:50.680,1.0102,0.0,NORMAL,100,100.0
13:19:50.990,1.0066,0.0,NORMAL,100,100.0
13:19:51.337,1.0072,0.0,NORMAL,100,100.0
13:19:51.666,1.01,0.0,NORMAL,100,100.0
13:19:51.993,1.0049,0.0,NORMAL,100,100.0
13:19:52.297,1.0022,0.0,NORMAL,100,100.0
13:19:52.632,1.0154,0.0,NORMAL,100,100.0
13:19:52.916,1.0037,0.0,NORMAL,100,100.0
13:19:53.203,1.0042,0.0,NORMAL,100,100.0
13:19:53.515,1.0144,0.0,NORMAL,100,100.0
13:19:53.862,1.0124,0.0,NORMAL,100,100.0
13:19:54.138,1.0088,0.0,NORMAL,100,100.0
13:19:54.455,1.0086,0.0,NORMAL,100,100.0
13:19:54.824,1.0198,2.3,NORMAL,68,77.0
13:19:55.142,1.0073,2.3,NORMAL,68,74.0
13:19:55.553,1.012,2.3,NORMAL,68,78.0
13:19:56.036,1.0129,2.3,CAUTION,68,76.0
13:19:56.291,1.0108,2.3,CAUTION,68,76.0
13:19:56.634,1.0014,1.425,CAUTION,79,58.0
13:19:56.975,1.0036,1.425,CAUTION,79,56.0
13:19:57.293,1.0107,1.425,CAUTION,79,57.0
13:19:57.602,1.0151,1.425,CAUTION,79,60.0
13:19:57.851,1.0051,1.425,CAUTION,79,56.0
13:19:58.155,1.0036,1.425,CAUTION,79,57.0
13:19:58.409,1.0215,1.425,CAUTION,79,58.0
13:19:58.638,1.0009,3.0,CAUTION,68,75.0
13:19:58.875,1.0086,0.0,CAUTION,100,100.0
13:19:59.138,1.0032,0.0,CAUTION,100,100.0
13:19:59.441,1.0118,0.0,CAUTION,100,100.0
13:19:59.772,1.0086,0.0,NORMAL,100,100.0
13:20:00.049,1.0118,0.0,NORMAL,100,100.0
13:20:00.341,1.0168,3.0,NORMAL,68,77.0
13:20:00.642,1.0109,3.0,NORMAL,68,76.0
13:20:00.925,1.0094,3.0,NORMAL,68,79.0
13:20:01.197,1.0052,3.0,CAUTION,68,75.0
13:20:01.463,1.0113,3.0,CAUTION,68,75.0
13:20:01.770,1.0118,3.0,CAUTION,68,76.0
13:20:02.097,1.0107,3.0,CAUTION,68,76.0
13:20:02.385,1.0008,4.2555,CAUTION,48,69.3
13:20:02.686,1.004,3.0,CAUTION,68,74.0
13:20:02.969,1.0183,3.0,CAUTION,68,76.0
13:20:03.300,1.0085,3.0,CAUTION,68,76.0
13:20:03.627,1.0138,3.0,CAUTION,68,78.0
13:20:03.908,1.0126,3.0,CAUTION,68,76.0
13:20:04.218,1.0061,3.0,CAUTION,68,74.0
13:20:04.569,1.0096,3.0,CAUTION,68,76.0
13:20:04.856,1.0155,3.0,CAUTION,68,77.0
13:20:05.175,1.0146,3.0,CAUTION,68,76.0
13:20:05.419,1.002,3.0,CAUTION,68,76.0
13:20:05.679,1.0157,3.0,CAUTION,68,77.0
13:20:06.021,1.0012,3.0,CAUTION,68,75.0
13:20:06.290,1.0094,3.0,CAUTION,68,77.0
13:20:06.654,1.0105,2.1487,CAUTION,70,75.2
13:20:06.998,1.0152,2.1487,CAUTION,70,75.2
13:20:07.363,1.0106,2.1487,CAUTION,70,74.2
13:20:07.665,1.0124,2.1487,CAUTION,70,75.2
13:20:07.980,1.0023,2.1487,CAUTION,70,73.2
13:20:08.268,1.0131,0.0,CAUTION,100,100.0
13:20:08.525,1.0059,0.0,CAUTION,100,100.0
13:20:08.830,1.0006,0.0,CAUTION,100,100.0
13:20:09.136,1.0057,0.0,NORMAL,100,100.0
13:20:09.416,1.0143,0.0,NORMAL,100,100.0
13:20:09.760,1.0118,0.0,NORMAL,100,100.0
13:20:10.083,1.0167,0.0,NORMAL,100,100.0
13:20:10.381,1.0189,0.0,NORMAL,100,100.0
13:20:10.665,1.0002,0.0,NORMAL,100,100.0
13:20:10.939,1.0091,0.0,NORMAL,100,100.0
13:20:11.173,1.0002,0.0,NORMAL,100,100.0
13:20:11.455,1.0139,0.0,NORMAL,100,100.0
13:20:11.737,1.0202,0.0,NORMAL,100,100.0
13:20:11.998,1.0149,0.0,NORMAL,100,100.0
13:20:12.243,1.0093,0.0,NORMAL,100,100.0
13:20:12.512,1.0143,0.0,NORMAL,100,100.0
13:20:12.858,1.0098,0.0,NORMAL,100,100.0
13:20:13.158,1.0129,0.0,NORMAL,100,100.0
13:20:13.474,1.0125,4.3796,NORMAL,45,70.4
13:20:13.807,1.0095,4.3796,NORMAL,45,70.4
13:20:14.086,1.0078,4.3796,NORMAL,45,69.4
13:20:14.385,1.0127,4.3796,HAZARD,45,69.4
13:20:14.739,1.0111,4.3796,HAZARD,45,70.4
13:20:15.017,1.0084,4.3796,HAZARD,45,69.4
13:20:15.264,1.0163,4.3885,HAZARD,45,71.5
13:20:15.517,1.0002,0.0,HAZARD,100,100.0
13:20:15.773,1.0122,0.0,HAZARD,100,100.0
13:20:16.053,1.0131,0.0,HAZARD,100,100.0
13:20:16.354,1.0048,4.3885,HAZARD,45,69.5
13:20:16.593,1.0053,0.0,NORMAL,100,100.0
13:20:16.875,1.0064,0.0,NORMAL,100,100.0
13:20:17.116,1.0026,0.0,NORMAL,100,100.0
13:20:17.381,1.0054,0.0,NORMAL,100,100.0
13:20:17.628,1.0001,0.0,NORMAL,100,100.0
13:20:17.927,1.0189,0.0,NORMAL,100,100.0
13:20:18.180,1.0116,0.0,NORMAL,100,100.0
13:20:18.436,1.0161,0.0,NORMAL,100,100.0
13:20:18.683,1.0129,2.3333,NORMAL,74,70.0
13:20:18.917,1.0192,3.0,NORMAL,68,78.0
13:20:19.165,1.0125,3.0,NORMAL,68,76.0
13:20:19.390,1.0129,3.0,CAUTION,68,79.0
13:20:19.639,1.0135,0.0,CAUTION,100,100.0
13:20:19.863,1.0017,0.0,CAUTION,100,100.0
13:20:20.102,1.0158,0.0,CAUTION,100,100.0
13:20:20.348,1.004,3.0,CAUTION,68,74.0
13:20:20.648,1.0041,3.0,CAUTION,68,75.0
13:20:20.955,1.0025,3.0,CAUTION,68,75.0
13:20:21.220,1.01,2.8333,CAUTION,69,73.5
13:20:21.525,1.0011,3.0,CAUTION,68,77.0
13:20:21.872,1.006,4.4317,CAUTION,45,67.9
13:20:22.173,1.0091,2.8333,CAUTION,69,74.5
13:20:22.477,1.0111,3.0,CAUTION,68,77.0
13:20:22.811,1.364,2.8333,CAUTION,69,70.5
13:20:23.093,1.0482,3.0,CAUTION,68,83.0
13:20:23.392,1.0432,1.4346,CAUTION,79,91.0
13:20:23.651,1.0448,1.4346,CAUTION,79,64.0
13:20:23.901,1.0247,1.4346,CAUTION,79,62.0
13:20:24.156,1.0506,1.4346,CAUTION,79,64.0
13:20:24.465,1.0186,0.0,CAUTION,100,99.0
13:20:24.755,1.0293,3.0,CAUTION,68,85.0
13:20:25.091,1.0344,3.0,CAUTION,68,80.0
13:20:25.441,1.012,3.0,CAUTION,68,76.0
13:20:25.724,1.0011,3.0,CAUTION,68,78.0
13:20:26.024,1.0022,3.0,CAUTION,68,75.0
13:20:26.304,1.0024,2.3,CAUTION,68,75.0
13:20:26.621,1.0249,3.0,CAUTION,68,76.0
13:20:26.991,1.0097,2.3,CAUTION,68,76.0
13:20:27.283,1.0002,2.3,CAUTION,68,80.0
13:20:27.623,1.0064,2.1667,CAUTION,76,55.0
13:20:27.881,1.0092,2.1667,CAUTION,76,58.0
13:20:28.142,1.0026,3.0,CAUTION,68,76.0
13:20:28.461,1.0222,0.0,CAUTION,100,100.0
13:20:28.775,1.0139,3.0,CAUTION,68,77.0
13:20:29.142,1.0159,3.0,CAUTION,68,80.0
13:20:29.378,1.0167,0.0,CAUTION,100,100.0
13:20:29.642,1.0171,0.0,CAUTION,100,100.0
13:20:29.914,1.0064,0.0,NORMAL,100,100.0
13:20:30.196,2.6157,0.0,NORMAL,30,42.0
13:20:30.503,1.2575,0.0,NORMAL,100,63.0
13:20:30.804,1.2197,4.3493,NORMAL,46,79.1
13:20:31.032,1.1767,4.3493,NORMAL,46,71.1
13:20:31.358,1.1407,4.4392,HAZARD,45,78.0
13:20:31.626,1.1069,4.4392,HAZARD,45,94.0
13:20:31.985,1.1081,1.7063,HAZARD,76,99.0
13:20:32.310,1.0959,1.7063,HAZARD,76,99.0
13:20:32.623,1.0708,1.7063,HAZARD,76,99.0
13:20:33.024,1.076,1.7063,CAUTION,76,99.0
13:20:33.270,1.0392,1.7063,CAUTION,76,99.0
13:20:33.576,1.0321,1.7063,CAUTION,76,99.0
13:20:33.887,1.0299,1.4083,CAUTION,80,62.0
13:20:34.181,1.0377,1.4083,CAUTION,80,63.0
13:20:34.511,1.0441,1.4083,CAUTION,80,62.0
13:20:34.801,1.0438,1.4083,CAUTION,80,62.0
13:20:35.158,1.0106,1.4083,CAUTION,80,60.0
13:20:35.447,1.0174,1.4083,CAUTION,80,64.0
13:20:35.734,1.0223,0.0,CAUTION,100,100.0
13:20:36.031,1.0048,0.0,CAUTION,100,100.0
13:20:36.282,1.0058,0.0,CAUTION,100,100.0
13:20:36.571,1.0034,0.0,NORMAL,100,100.0
13:20:37.011,1.0001,0.0,NORMAL,100,100.0
13:20:37.252,1.002,0.0,NORMAL,100,100.0
13:20:37.591,1.0097,2.3,NORMAL,68,76.0
13:20:37.926,1.0108,2.3,NORMAL,68,77.0
13:20:38.241,1.0126,2.3,NORMAL,68,76.0
13:20:38.534,1.0066,2.3,CAUTION,68,74.0
13:20:38.805,1.004,2.3,CAUTION,68,74.0
13:20:39.158,1.0082,2.3,CAUTION,68,74.0
13:20:39.431,1.0027,0.0,CAUTION,100,100.0
13:20:39.755,1.0038,2.3,CAUTION,68,74.0
13:20:40.025,1.0148,2.3,CAUTION,68,77.0
13:20:40.311,1.0092,2.3,CAUTION,68,76.0
13:20:40.634,1.0063,2.3,CAUTION,68,76.0
13:20:40.947,1.018,2.3,CAUTION,68,76.0
13:20:41.249,1.0036,2.3,CAUTION,68,74.0
13:20:41.610,1.0096,0.0,CAUTION,100,100.0
13:20:41.986,1.0112,4.2412,CAUTION,48,70.2
13:20:42.229,1.0002,0.0,CAUTION,100,100.0
13:20:42.549,1.0079,0.0,NORMAL,100,100.0
13:20:42.814,1.0172,0.0,NORMAL,100,100.0
13:20:43.126,1.0174,0.0,NORMAL,100,100.0
13:20:43.466,1.0154,0.0,NORMAL,100,100.0
13:20:43.784,1.0161,4.2806,NORMAL,47,73.5
13:20:44.102,1.004,4.2806,NORMAL,47,68.5
13:20:44.361,1.0142,4.2806,NORMAL,47,73.5
13:20:44.617,1.0109,4.2806,HAZARD,47,69.5
13:20:44.897,1.018,3.0,HAZARD,68,77.0
13:20:45.217,1.0022,3.0,HAZARD,68,75.0
13:20:45.545,1.0104,3.0,HAZARD,68,79.0
13:20:45.864,1.0068,3.0,CAUTION,68,74.0
13:20:46.148,1.0042,0.0,CAUTION,100,100.0
13:20:46.386,1.0139,0.0,CAUTION,100,100.0
13:20:46.696,1.009,0.0,CAUTION,100,100.0
13:20:46.956,1.0104,0.0,NORMAL,100,100.0
13:20:47.218,1.0004,0.0,NORMAL,100,100.0
13:20:47.496,1.0082,0.0,NORMAL,100,100.0
13:20:47.788,1.0094,0.0,NORMAL,100,100.0
13:20:48.075,1.0167,0.0,NORMAL,100,100.0
13:20:48.426,1.0107,0.0,NORMAL,100,100.0
13:20:48.781,1.0153,0.0,NORMAL,100,100.0
13:20:49.112,1.0054,0.0,NORMAL,100,100.0
13:20:49.414,1.0141,0.0,NORMAL,100,100.0
13:20:49.734,1.0081,0.0,NORMAL,100,100.0
13:20:49.998,1.004,0.0,NORMAL,100,100.0
13:20:50.340,1.0129,4.0288,NORMAL,50,58.0
13:20:50.646,1.0145,4.0288,NORMAL,50,58.0
13:20:50.891,1.0047,4.216,NORMAL,48,66.9
13:20:51.140,1.006,4.216,HAZARD,48,67.9
13:20:51.436,1.0148,4.0288,HAZARD,50,58.0
13:20:51.741,1.0087,4.216,HAZARD,48,67.9
13:20:52.042,1.0019,4.216,HAZARD,48,68.9
13:20:52.327,1.0005,2.5,HAZARD,72,70.5
13:20:52.616,1.0137,2.5,HAZARD,72,71.5
13:20:52.921,1.013,2.8333,HAZARD,69,74.5
13:20:53.276,1.0033,2.5,CAUTION,72,70.5
13:20:53.579,1.0015,0.0,CAUTION,100,100.0
13:20:53.870,1.0048,0.0,CAUTION,100,100.0
13:20:54.139,1.0092,0.0,CAUTION,100,100.0
13:20:54.433,1.0159,0.0,NORMAL,100,100.0
13:20:54.783,1.0174,0.0,NORMAL,100,100.0
13:20:55.115,1.0102,3.0,NORMAL,68,78.0
13:20:55.450,1.004,3.0,NORMAL,68,77.0
13:20:55.770,1.0008,3.0,NORMAL,68,75.0
13:20:56.021,1.0148,3.0,CAUTION,68,76.0
13:20:56.356,1.0091,3.0,CAUTION,68,76.0
13:20:56.623,1.0036,3.0,CAUTION,68,76.0
13:20:56.879,1.0052,3.0,CAUTION,68,74.0
13:20:57.172,1.0099,0.0,CAUTION,100,100.0
13:20:57.511,1.0042,3.0,CAUTION,68,75.0
13:20:57.768,1.0005,3.0,CAUTION,68,75.0
13:20:58.075,1.0113,3.0,CAUTION,68,77.0
13:20:58.346,1.0132,3.0,CAUTION,68,76.0
13:20:58.691,1.007,3.0,CAUTION,68,74.0
13:20:59.017,1.0069,3.0,CAUTION,68,74.0
13:20:59.319,1.0094,0.0,CAUTION,100,100.0
13:20:59.621,1.0081,1.65,CAUTION,76,57.0
13:20:59.977,1.0117,1.65,CAUTION,76,58.0
13:21:00.293,1.0131,1.65,CAUTION,76,58.0
13:21:00.633,1.015,1.65,CAUTION,76,59.0
13:21:00.949,1.004,1.65,CAUTION,76,56.0
13:21:01.245,1.0038,1.65,CAUTION,76,57.0
13:21:01.571,1.0067,0.0,CAUTION,100,100.0
13:21:01.887,1.0102,0.0,CAUTION,100,100.0
13:21:02.163,1.0166,0.0,CAUTION,100,100.0
13:21:02.422,1.0111,0.0,NORMAL,100,100.0
13:21:02.693,1.0148,3.0,NORMAL,68,80.0
13:21:02.959,1.0015,3.0,NORMAL,68,75.0
13:21:03.220,1.0029,3.0,NORMAL,68,76.0
13:21:03.486,1.0147,3.0,CAUTION,68,76.0
13:21:03.751,1.0019,3.0,CAUTION,68,75.0
13:21:03.979,1.0077,4.6779,CAUTION,41,71.1
13:21:04.193,1.0127,4.6779,CAUTION,41,72.1
13:21:04.422,1.0032,4.6779,CAUTION,41,72.1
13:21:04.708,1.0064,4.6779,HAZARD,41,71.1
13:21:04.964,1.0066,4.6779,HAZARD,41,71.1
13:21:05.255,1.0001,4.6779,HAZARD,41,72.1
13:21:05.561,1.006,4.6779,HAZARD,41,70.1
13:21:05.813,1.0098,4.6779,HAZARD,41,73.1
13:21:06.048,1.0145,1.8417,HAZARD,74,70.5
13:21:06.284,1.0066,4.6779,HAZARD,41,72.1
13:21:06.560,1.0061,0.0,HAZARD,100,100.0
13:21:06.846,1.0117,0.0,HAZARD,100,100.0
13:21:07.178,1.0115,4.6779,HAZARD,41,73.1
13:21:07.525,1.0106,4.6779,HAZARD,41,73.1
13:21:07.878,1.0181,4.6779,HAZARD,41,74.1
13:21:08.136,1.0116,4.6779,HAZARD,41,73.1
13:21:08.377,1.0142,0.0,HAZARD,100,100.0
13:21:08.662,1.0052,0.0,HAZARD,100,100.0
13:21:08.985,1.0125,0.0,HAZARD,100,100.0
13:21:09.322,1.013,0.0,NORMAL,100,100.0
13:21:09.620,1.0062,0.0,NORMAL,100,100.0
13:21:09.946,1.0067,0.0,NORMAL,100,100.0
13:21:10.238,1.0017,0.0,NORMAL,100,100.0
13:21:10.590,1.0178,0.0,NORMAL,100,100.0
13:21:10.871,1.0105,0.0,NORMAL,100,100.0
13:21:11.134,1.0065,0.0,NORMAL,100,100.0
13:21:11.406,1.0064,0.0,NORMAL,100,100.0
13:21:11.705,1.0069,0.0,NORMAL,100,100.0
13:21:12.058,1.0036,0.0,NORMAL,100,100.0
13:21:12.381,1.0141,0.0,NORMAL,100,100.0
13:21:12.712,1.0104,0.0,NORMAL,100,100.0
13:21:13.053,1.0165,0.0,NORMAL,100,100.0
13:21:13.396,1.015,0.0,NORMAL,100,100.0
13:21:13.745,1.0065,0.0,NORMAL,100,100.0
13:21:14.032,1.0056,0.0,NORMAL,100,100.0
13:21:14.364,1.0008,0.0,NORMAL,100,100.0
13:21:14.685,1.0009,0.0,NORMAL,100,100.0
13:21:14.950,1.0151,0.0,NORMAL,100,100.0
13:21:15.222,1.0105,0.0,NORMAL,100,100.0
13:21:15.445,1.0071,0.0,NORMAL,100,100.0
13:21:15.671,1.0109,0.0,NORMAL,100,100.0
13:21:15.909,1.0132,0.0,NORMAL,100,100.0
13:21:16.192,1.008,0.0,NORMAL,100,100.0
13:21:16.412,1.0055,0.0,NORMAL,100,100.0
13:21:16.695,1.0083,4.2,NORMAL,48,57.0
13:21:16.975,1.0109,0.0,NORMAL,100,100.0
13:21:17.207,1.0061,0.0,NORMAL,100,100.0
13:21:17.468,1.0144,4.2,NORMAL,48,58.0
13:21:17.727,1.0037,4.2,NORMAL,48,56.0
13:21:17.996,1.018,4.2,HAZARD,48,59.0
13:21:18.295,1.0136,4.2,HAZARD,48,58.0
13:21:18.584,1.0054,0.0,HAZARD,100,100.0
13:21:18.908,1.0171,1.8,HAZARD,74,70.0
13:21:19.134,1.0041,1.8,HAZARD,74,68.0
13:21:19.399,1.0088,1.8,CAUTION,74,71.0
13:21:19.759,1.0006,1.8,CAUTION,74,71.0
13:21:20.031,1.0006,1.8,CAUTION,74,69.0
13:21:20.273,1.0076,0.0,CAUTION,100,100.0
13:21:20.558,1.0037,0.0,CAUTION,100,100.0
13:21:20.876,1.0065,0.0,CAUTION,100,100.0
13:21:21.149,1.0165,0.0,NORMAL,100,100.0
13:21:21.496,1.0142,0.0,NORMAL,100,100.0
13:21:21.765,1.0197,0.0,NORMAL,100,100.0
13:21:22.093,1.0041,0.0,NORMAL,100,100.0
13:21:22.359,1.0102,2.1667,NORMAL,76,60.0
13:21:22.688,1.004,2.1667,NORMAL,76,56.0
13:21:22.984,1.0159,0.0,NORMAL,100,100.0
13:21:23.216,1.0042,0.0,NORMAL,100,100.0
13:21:23.528,1.0024,2.1667,NORMAL,76,58.0
13:21:23.803,1.0048,2.1667,CAUTION,76,56.0
13:21:24.106,1.0106,2.1667,CAUTION,76,57.0
13:21:24.395,1.0052,2.8333,CAUTION,69,72.5
13:21:24.719,1.0152,2.8333,CAUTION,69,75.5
13:21:25.035,1.0112,0.0,CAUTION,100,100.0
13:21:25.326,1.015,0.0,CAUTION,100,100.0
13:21:25.584,1.0073,0.0,CAUTION,100,100.0
13:21:25.880,1.0011,0.0,NORMAL,100,100.0
13:21:26.119,1.0064,0.0,NORMAL,100,100.0
13:21:26.425,1.0138,0.0,NORMAL,100,100.0
13:21:26.752,1.0137,0.0,NORMAL,100,100.0
13:21:27.073,1.0175,0.0,NORMAL,100,100.0
13:21:27.404,2.66,0.0,NORMAL,30,47.0
13:21:27.683,1.244,4.7135,NORMAL,41,95.4
13:21:27.990,1.2013,0.0,NORMAL,100,86.0
13:21:28.313,1.1913,0.0,NORMAL,100,98.0
13:21:28.585,1.1423,0.0,NORMAL,100,97.0
13:21:28.929,1.1304,0.0,NORMAL,100,82.0
13:21:29.208,1.1151,4.7135,NORMAL,41,99.0
13:21:29.494,1.1095,0.0,NORMAL,100,73.0
13:21:29.804,1.0921,0.0,NORMAL,100,64.0
13:21:30.102,1.0796,0.0,NORMAL,100,59.0
13:21:30.420,1.0626,0.0,NORMAL,100,41.0
13:21:30.765,1.0527,5.0,NORMAL,37,99.0
13:21:31.060,1.0363,5.0,NORMAL,37,99.0
13:21:31.388,1.0206,5.0,NORMAL,37,99.0
13:21:31.698,1.0346,5.0,HAZARD,37,80.0
13:21:31.991,1.0395,5.0,HAZARD,37,80.0
13:21:32.290,1.0046,5.0,HAZARD,37,74.0
13:21:32.644,1.0269,5.0,HAZARD,37,79.0
13:21:32.922,1.0097,5.0,HAZARD,37,76.0
13:21:33.141,1.0233,2.3333,HAZARD,74,74.0
13:21:33.414,1.0002,2.3333,HAZARD,74,66.0
13:21:33.682,1.0065,2.3333,HAZARD,74,70.0
13:21:34.044,1.0025,3.0,CAUTION,68,75.0
13:21:34.317,1.0222,3.0,CAUTION,68,76.0
13:21:34.610,1.0143,2.3333,CAUTION,74,71.0
13:21:34.899,1.0062,2.3333,CAUTION,74,72.0
13:21:35.172,1.0052,2.8333,CAUTION,69,73.5
13:21:35.532,1.0067,0.0,CAUTION,100,100.0
13:21:35.820,2.5974,0.0,CAUTION,30,44.0
13:21:36.081,1.2306,0.0,CAUTION,100,63.0
13:21:36.371,1.1938,2.8333,CAUTION,69,83.5
13:21:36.715,1.1935,2.8333,CAUTION,69,76.5
13:21:37.084,1.1449,4.2877,CAUTION,47,76.6
13:21:37.424,1.1254,4.2877,HAZARD,47,89.6
13:21:37.705,1.1185,4.2877,HAZARD,47,99.0
13:21:38.003,1.0944,4.2877,HAZARD,47,99.0
13:21:38.278,1.0839,3.0,HAZARD,68,99.0
13:21:38.552,1.0509,3.0,HAZARD,68,99.0
13:21:38.882,1.0696,3.0,HAZARD,68,99.0
13:21:39.173,1.0349,3.0,CAUTION,68,91.0
13:21:39.400,1.031,3.0,CAUTION,68,99.0
13:21:39.671,1.0313,3.0,CAUTION,68,80.0
13:21:40.015,1.0422,4.2877,CAUTION,47,74.6
13:21:40.319,1.0309,4.2877,CAUTION,47,73.6
13:21:40.614,1.0161,0.0,CAUTION,100,100.0
13:21:40.875,1.0032,0.0,CAUTION,100,100.0
13:21:41.165,1.0203,0.0,NORMAL,100,100.0
13:21:41.468,1.0231,0.0,NORMAL,100,100.0
13:21:41.766,1.024,0.0,NORMAL,100,100.0
13:21:42.037,1.0234,0.0,NORMAL,100,100.0
13:21:42.354,1.0057,0.0,NORMAL,100,100.0
13:21:42.691,1.0176,2.0,NORMAL,78,61.0
13:21:42.959,1.0061,2.0,NORMAL,78,56.0
13:21:43.285,1.0113,0.0,NORMAL,100,100.0
13:21:43.642,1.0079,3.0,NORMAL,68,74.0
13:21:43.940,1.0059,0.0,NORMAL,100,100.0
13:21:44.293,1.0005,0.0,NORMAL,100,100.0
13:21:44.651,1.006,3.0,CAUTION,68,73.0
13:21:44.933,1.0073,3.0,CAUTION,68,74.0
13:21:45.217,1.005,3.0,CAUTION,68,74.0
13:21:45.475,1.0132,3.0,CAUTION,68,76.0
13:21:45.820,1.0095,3.0,CAUTION,68,76.0
13:21:46.076,1.0088,3.0,CAUTION,68,76.0
13:21:46.404,1.0005,3.0,CAUTION,68,77.0
13:21:46.714,1.0117,3.0,CAUTION,68,77.0
13:21:47.072,1.0079,3.0,CAUTION,68,74.0
13:21:47.421,1.0024,3.0,CAUTION,68,75.0
13:21:47.728,1.0019,3.0,CAUTION,68,75.0
13:21:48.025,1.0119,3.0,CAUTION,68,76.0
13:21:48.343,1.0137,3.0,CAUTION,68,76.0
13:21:48.717,1.0031,0.0,CAUTION,100,100.0
13:21:49.062,1.0146,2.1667,CAUTION,76,58.0
13:21:49.409,1.002,2.1667,CAUTION,76,57.0
13:21:49.730,1.0149,2.1667,CAUTION,76,59.0
13:21:50.057,1.0077,2.1667,CAUTION,76,57.0
13:21:50.403,1.0136,2.1667,CAUTION,76,58.0
13:21:50.761,1.0048,2.1667,CAUTION,76,57.0
13:21:51.036,1.0122,3.0,CAUTION,68,75.0
13:21:51.328,1.0012,3.0,CAUTION,68,75.0
13:21:51.625,1.0109,3.0,CAUTION,68,76.0
13:21:51.883,1.0098,3.0,CAUTION,68,76.0
13:21:52.162,1.0075,2.3333,CAUTION,74,69.0
13:21:52.471,1.0112,2.3333,CAUTION,74,70.0
13:21:52.806,1.0027,2.3333,CAUTION,74,70.0
13:21:53.090,1.0107,0.0,CAUTION,100,100.0
13:21:53.420,1.0089,0.0,CAUTION,100,100.0
13:21:53.777,1.0122,0.0,CAUTION,100,100.0
13:21:54.036,1.0048,0.0,NORMAL,100,100.0
13:21:54.365,1.0055,3.0,NORMAL,68,74.0
13:21:54.709,1.0164,0.0,NORMAL,100,100.0
13:21:54.948,1.0095,0.0,NORMAL,100,100.0
13:21:55.251,1.0088,1.7375,NORMAL,75,72.2
13:21:55.577,1.0101,1.7375,NORMAL,75,70.2
13:21:55.856,1.0029,1.7375,CAUTION,75,68.2
13:21:56.089,1.0133,1.7375,CAUTION,75,70.2
13:21:56.464,1.0172,1.7375,CAUTION,75,71.2
13:21:56.739,1.0122,3.0,CAUTION,68,76.0
13:21:57.082,1.0022,3.0,CAUTION,68,78.0
13:21:57.401,1.0086,3.0,CAUTION,68,74.0
13:21:57.704,1.0152,3.0,CAUTION,68,76.0
13:21:58.002,1.0114,3.0,CAUTION,68,76.0
13:21:58.315,1.0154,3.0,CAUTION,68,79.0
13:21:58.656,1.0079,3.0,CAUTION,68,75.0
13:21:59.001,1.0117,3.0,CAUTION,68,77.0
13:21:59.331,1.0006,3.0,CAUTION,68,75.0
13:21:59.639,1.0001,0.0,CAUTION,100,100.0
13:21:59.929,1.0231,2.125,CAUTION,70,73.9
13:22:00.235,1.0034,2.125,CAUTION,70,71.9
13:22:00.581,1.0067,2.125,CAUTION,70,74.9
13:22:00.923,1.0003,2.125,CAUTION,70,72.9
13:22:01.236,1.0064,2.125,CAUTION,70,70.9
13:22:01.523,1.0156,2.125,CAUTION,70,74.9
13:22:01.820,1.0125,2.3,CAUTION,68,76.0
13:22:02.116,1.0137,2.3,CAUTION,68,77.0
13:22:02.444,1.014,2.3,CAUTION,68,76.0
13:22:02.768,1.008,2.3,CAUTION,68,74.0
13:22:03.064,1.009,2.3,CAUTION,68,76.0
13:22:03.336,1.0026,2.3,CAUTION,68,76.0
13:22:03.655,1.0053,2.3,CAUTION,68,74.0
13:22:03.942,1.0068,2.3,CAUTION,68,74.0
13:22:04.279,1.0049,2.3,CAUTION,68,74.0
13:22:04.559,1.0182,2.3,CAUTION,68,76.0
13:22:04.792,1.0088,2.3,CAUTION,68,76.0
13:22:05.083,1.0136,2.3,CAUTION,68,79.0
13:22:05.291,1.0054,2.3,CAUTION,68,75.0
13:22:05.571,1.005,2.3,CAUTION,68,74.0
13:22:05.821,1.0201,2.3,CAUTION,68,76.0
13:22:06.062,1.0093,2.3,CAUTION,68,76.0
13:22:06.335,1.0023,2.3,CAUTION,68,80.0
13:22:06.605,1.0174,2.3,CAUTION,68,76.0
13:22:06.899,1.0069,2.3,CAUTION,68,74.0
13:22:07.245,1.0152,2.3,CAUTION,68,80.0
13:22:07.614,1.0087,1.8987,CAUTION,73,70.2
13:22:07.889,1.0144,1.8987,CAUTION,73,71.2
13:22:08.071,1.0017,1.8987,CAUTION,73,70.2
13:22:08.252,2.5361,1.8987,CAUTION,48,99.0
13:22:08.399,1.2421,1.8987,CAUTION,73,98.2
13:22:08.558,1.1784,1.8987,CAUTION,73,80.2
13:22:08.716,1.1768,1.8987,CAUTION,73,73.2
13:22:08.859,1.1565,1.8987,CAUTION,73,73.2
13:22:09.021,1.132,1.8987,CAUTION,73,78.2
13:22:09.185,1.089,1.8987,CAUTION,73,97.2
13:22:09.334,1.0696,1.8987,CAUTION,73,99.0
13:22:09.510,1.0741,0.0,CAUTION,100,41.0
13:22:09.671,1.062,0.0,CAUTION,100,41.0
13:22:09.831,1.0649,0.0,CAUTION,100,41.0
13:22:09.997,1.0484,0.0,NORMAL,100,55.0
13:22:10.166,1.0365,0.0,NORMAL,100,69.0
13:22:10.317,1.0272,0.0,NORMAL,100,100.0
13:22:10.489,1.0101,0.0,NORMAL,100,100.0
13:22:10.682,1.0376,0.0,NORMAL,100,100.0
13:22:10.898,1.01,0.0,NORMAL,100,99.0
13:22:11.121,1.0226,0.0,NORMAL,100,100.0
13:22:11.318,1.0068,0.0,NORMAL,100,100.0
13:22:11.518,1.0112,0.0,NORMAL,100,100.0
13:22:11.698,1.0253,0.0,NORMAL,100,100.0
13:22:11.872,1.0088,0.0,NORMAL,100,100.0
13:22:12.046,1.0201,0.0,NORMAL,100,100.0
13:22:12.217,1.0121,0.0,NORMAL,100,100.0
13:22:12.380,1.0037,0.0,NORMAL,100,100.0
13:22:12.551,1.013,0.0,NORMAL,100,100.0
13:22:12.707,1.0175,0.0,NORMAL,100,100.0
13:22:12.932,1.0012,0.0,NORMAL,100,100.0
13:22:13.277,1.0058,0.0,NORMAL,100,100.0
13:22:13.679,1.0162,0.0,NORMAL,100,100.0
13:22:14.571,1.0061,0.0,NORMAL,100,100.0
13:22:15.007,1.0014,0.0,NORMAL,100,100.0
13:22:16.063,1.0103,0.0,NORMAL,100,100.0
13:22:16.659,1.0051,0.0,NORMAL,100,100.0
13:22:16.830,1.0037,0.0,NORMAL,100,100.0
13:22:16.983,1.0076,0.0,NORMAL,100,100.0
13:22:17.117,1.0035,0.0,NORMAL,100,100.0
13:22:17.285,1.017,0.0,NORMAL,100,100.0
13:22:17.458,1.0086,0.0,NORMAL,100,100.0
13:22:17.623,1.0092,0.0,NORMAL,100,100.0
13:22:17.786,1.0083,0.0,NORMAL,100,100.0
13:22:17.949,1.0042,0.0,NORMAL,100,100.0
13:22:18.138,1.0114,0.0,NORMAL,100,100.0
13:22:18.281,1.0019,0.0,NORMAL,100,100.0
13:22:18.413,1.0074,0.0,NORMAL,100,100.0
13:22:18.562,1.0111,0.0,NORMAL,100,100.0
13:22:18.707,1.0092,0.0,NORMAL,100,100.0
13:22:18.869,1.0112,0.0,NORMAL,100,100.0
13:22:19.016,1.0002,0.0,NORMAL,100,100.0
13:22:19.154,1.008,0.0,NORMAL,100,100.0
13:22:19.312,1.0018,0.0,NORMAL,100,100.0
13:22:19.442,1.0052,1.3526,NORMAL,80,56.0
13:22:19.583,1.0059,1.3526,NORMAL,80,56.0
13:22:19.735,1.0015,1.3526,NORMAL,80,57.0
13:22:19.887,1.0012,1.3526,CAUTION,80,57.0
13:22:20.042,1.0008,1.3526,CAUTION,80,57.0
13:22:20.205,1.0043,1.3526,CAUTION,80,56.0
13:22:20.364,1.0085,1.3526,CAUTION,80,57.0
13:22:20.533,1.0185,1.3526,CAUTION,80,59.0
13:22:20.700,1.0074,1.3526,CAUTION,80,56.0
13:22:20.864,1.0068,1.3526,CAUTION,80,59.0
13:22:21.012,1.0173,1.3526,CAUTION,80,59.0
13:22:21.164,1.0043,1.3526,CAUTION,80,56.0
13:22:21.304,1.002,0.0,CAUTION,100,100.0
13:22:21.468,1.0037,0.0,CAUTION,100,100.0
13:22:21.627,1.0036,0.0,CAUTION,100,100.0
13:22:21.776,1.0103,0.0,NORMAL,100,100.0
13:22:21.924,1.0024,0.0,NORMAL,100,100.0
13:22:22.076,1.018,0.0,NORMAL,100,100.0
13:22:22.211,1.0091,0.0,NORMAL,100,100.0
13:22:22.341,1.0128,0.0,NORMAL,100,100.0
13:22:22.496,1.0007,0.0,NORMAL,100,100.0
13:22:22.669,1.0152,0.0,NORMAL,100,100.0
13:22:22.821,1.0094,0.0,NORMAL,100,100.0
13:22:22.948,1.0132,0.0,NORMAL,100,100.0
13:22:23.094,1.0036,0.0,NORMAL,100,100.0
13:22:23.238,1.0152,0.0,NORMAL,100,100.0
13:22:23.374,1.0122,0.0,NORMAL,100,100.0
13:22:23.539,1.0009,0.0,NORMAL,100,100.0
13:22:23.684,1.0005,0.0,NORMAL,100,100.0
13:22:23.825,1.0061,0.0,NORMAL,100,100.0
13:22:23.981,1.0035,0.0,NORMAL,100,100.0
13:22:24.134,1.0049,0.0,NORMAL,100,100.0
13:22:24.279,1.0036,0.0,NORMAL,100,100.0
13:22:24.433,1.005,0.0,NORMAL,100,100.0
13:22:24.571,1.0057,0.0,NORMAL,100,100.0
13:22:24.718,1.0074,1.4053,NORMAL,80,56.0
13:22:24.875,1.0082,1.4053,NORMAL,80,56.0
13:22:25.028,1.0008,1.4053,NORMAL,80,58.0
13:22:25.185,1.015,1.4053,CAUTION,80,58.0
13:22:25.333,1.0157,1.4053,CAUTION,80,59.0
13:22:25.484,1.0129,1.4053,CAUTION,80,59.0
13:22:25.641,1.0113,1.4053,CAUTION,80,59.0
13:22:25.797,1.0116,1.4053,CAUTION,80,58.0
13:22:25.956,1.0168,1.4053,CAUTION,80,59.0
13:22:26.119,1.0053,1.4053,CAUTION,80,56.0
13:22:26.276,1.0124,1.4053,CAUTION,80,60.0
13:22:26.437,1.0125,1.4053,CAUTION,80,58.0
13:22:26.583,1.0087,0.0,CAUTION,100,100.0
13:22:26.747,1.0106,0.0,CAUTION,100,100.0
13:22:26.915,1.0084,0.0,CAUTION,100,100.0
13:22:27.062,1.0169,0.0,NORMAL,100,100.0
13:22:27.214,1.0075,0.0,NORMAL,100,100.0
13:22:27.363,1.0213,0.0,NORMAL,100,100.0
13:22:27.532,1.0073,0.0,NORMAL,100,100.0
13:22:27.684,1.0044,0.0,NORMAL,100,100.0
13:22:27.816,1.003,0.0,NORMAL,100,100.0
13:22:27.969,1.0095,0.0,NORMAL,100,100.0
13:22:28.124,1.0119,0.0,NORMAL,100,100.0
13:22:28.290,1.0066,0.0,NORMAL,100,100.0
13:22:28.447,1.0063,0.0,NORMAL,100,100.0
13:22:28.596,1.0061,0.0,NORMAL,100,100.0
13:22:28.737,1.0157,0.0,NORMAL,100,100.0
13:22:28.901,1.0063,0.0,NORMAL,100,100.0
13:22:29.048,1.0031,0.0,NORMAL,100,100.0
13:22:29.197,1.0174,0.0,NORMAL,100,100.0
13:22:29.348,1.0145,0.0,NORMAL,100,100.0
13:22:29.476,1.0113,0.0,NORMAL,100,100.0
13:22:29.625,1.0017,0.0,NORMAL,100,100.0
13:22:29.781,1.0097,0.0,NORMAL,100,100.0
13:22:29.931,1.0119,0.0,NORMAL,100,100.0
13:22:30.067,1.0081,0.0,NORMAL,100,100.0
13:22:30.220,1.0126,0.0,NORMAL,100,100.0
13:22:30.371,1.0065,0.0,NORMAL,100,100.0
13:22:30.520,1.0106,0.0,NORMAL,100,100.0
13:22:30.660,1.0046,0.0,NORMAL,100,100.0
13:22:30.817,1.0028,0.0,NORMAL,100,100.0
13:22:30.983,1.0053,0.0,NORMAL,100,100.0
13:22:31.156,1.0081,0.0,NORMAL,100,100.0
13:22:31.321,1.0081,0.0,NORMAL,100,100.0
13:22:31.495,1.0169,0.0,NORMAL,100,100.0
13:22:31.645,1.0148,0.0,NORMAL,100,100.0
13:22:31.818,1.0111,0.0,NORMAL,100,100.0
13:22:31.970,1.0019,0.0,NORMAL,100,100.0
13:22:32.152,1.0194,0.0,NORMAL,65,99.0
13:22:32.325,1.0138,0.0,NORMAL,65,99.0
13:22:32.501,1.0063,0.0,NORMAL,65,99.0
13:22:32.652,1.0038,0.0,CAUTION,66,99.0
13:22:32.820,1.0086,0.0,CAUTION,66,99.0
13:22:33.159,1.002,0.0,CAUTION,50,100.0
13:22:33.608,1.0186,0.0,CAUTION,50,100.0
13:22:34.197,1.013,0.0,CAUTION,50,100.0
