timestamp,imu_z,imu_x,imu_y,motion_score,camera_event,camera_conf,road_event,road_conf,rear_event,rear_conf,decision,confidence,severity_score,motor_speed,lora_event,lora_sent,lora_confidence_check,lora_latency_ms,motion_conf,imu_conf,road_conf_fusion,ground_truth
13:11:12.776,1.0558,1.0012,1.0107,0.0,normal,0.0,normal,0.0,normal,0.0,NORMAL,3.2,0.0,100,normal,YES,PASS,0.0,0.068,0.022,0.0,
13:11:12.955,1.0487,1.0099,1.0093,0.0,normal,0.0,normal,0.0,normal,0.0,NORMAL,1.6,0.0,100,normal,YES,PASS,0.0,0.034,0.019,0.0,
13:11:13.115,1.0196,1.0001,1.0064,0.0,normal,0.0,normal,0.0,normal,0.0,NORMAL,1.0,0.0,100,normal,YES,PASS,0.0,0.021,0.008,0.0,
13:11:13.268,1.0261,1.0093,1.0062,0.0,normal,0.0,normal,0.0,normal,0.0,NORMAL,0.7,0.0,100,normal,YES,PASS,0.0,0.014,0.01,0.0,
13:11:13.433,1.0454,1.0029,1.0093,0.0,normal,0.0,normal,0.0,normal,0.0,NORMAL,0.5,0.0,100,normal,YES,PASS,0.0,0.01,0.018,0.0,
13:11:13.576,1.0079,1.0148,1.0019,0.0,normal,0.0,normal,0.0,normal,0.0,NORMAL,0.3,0.0,100,normal,YES,PASS,0.0,0.007,0.003,0.0,
13:11:13.724,1.008,1.0028,1.0092,0.0,normal,0.0,normal,0.0,normal,0.0,NORMAL,0.2,0.0,100,normal,YES,PASS,0.0,0.005,0.003,0.0,
13:11:13.869,1.0038,1.0063,1.0007,0.0,normal,0.0,normal,0.0,normal,0.0,NORMAL,0.2,0.0,100,normal,YES,PASS,0.0,0.004,0.002,0.0,
13:11:14.007,1.0213,1.0053,1.0007,0.0,normal,0.0,normal,0.0,normal,0.0,NORMAL,0.2,0.0,100,normal,YES,PASS,0.0,0.003,0.009,0.0,
13:11:14.155,1.0144,1.0059,1.0043,0.0,normal,0.0,normal,0.0,normal,0.0,NORMAL,0.1,0.0,100,normal,YES,PASS,0.0,0.002,0.006,0.0,
13:11:14.305,1.0585,1.009,1.0019,0.0,normal,0.0,normal,0.0,normal,0.0,NORMAL,0.2,0.0,100,normal,YES,PASS,0.0,0.001,0.023,0.0,
13:11:14.443,1.0264,1.0038,1.0043,0.0,normal,0.0,normal,0.0,normal,0.0,NORMAL,0.1,0.0,100,normal,YES,PASS,0.0,0.001,0.011,0.0,
13:11:14.588,1.0323,1.012,1.0043,0.0,normal,0.0,normal,0.0,normal,0.0,NORMAL,0.1,0.0,100,normal,YES,PASS,0.0,0.001,0.013,0.0,
13:11:14.735,1.0613,1.0024,1.0089,0.0,normal,0.0,normal,0.0,normal,0.0,NORMAL,0.1,0.0,100,normal,YES,PASS,0.0,0.001,0.025,0.0,
13:11:14.892,1.0607,1.0028,1.009,0.0,normal,0.0,normal,0.0,normal,0.0,NORMAL,0.1,0.0,100,normal,YES,PASS,0.0,0.0,0.024,0.0,
13:11:15.069,1.0609,1.0065,1.0112,0.0,normal,0.0,normal,0.0,normal,0.0,NORMAL,0.1,0.0,100,normal,YES,PASS,0.0,0.0,0.024,0.0,
13:11:15.246,1.0489,1.0047,1.0013,0.0,normal,0.0,normal,0.0,normal,0.0,NORMAL,0.1,0.0,100,normal,YES,PASS,0.0,0.0,0.02,0.0,
13:11:15.407,1.0363,1.0139,1.001,0.0,normal,0.0,normal,0.0,normal,0.0,NORMAL,0.1,0.0,100,normal,YES,PASS,0.0,0.0,0.015,0.0,
13:11:15.554,1.0154,1.003,1.0062,0.0,normal,0.0,normal,0.0,normal,0.0,NORMAL,0.0,0.0,100,normal,YES,PASS,0.0,0.0,0.006,0.0,
13:11:15.723,1.0043,1.011,1.0085,0.0,normal,0.0,normal,0.0,normal,0.0,NORMAL,0.0,0.0,100,normal,YES,PASS,0.0,0.0,0.002,0.0,
13:11:15.876,1.027,1.0082,1.0075,0.0,normal,0.0,normal,0.0,normal,0.0,NORMAL,0.1,0.0,100,normal,YES,PASS,0.0,0.0,0.011,0.0,
13:11:16.040,1.0093,1.0055,1.0033,0.0,normal,0.0,normal,0.0,normal,0.0,NORMAL,0.0,0.0,100,normal,YES,PASS,0.0,0.0,0.004,0.0,
13:11:16.200,1.0207,1.0017,1.0003,0.0,normal,0.0,normal,0.0,normal,0.0,NORMAL,0.0,0.0,100,normal,YES,PASS,0.0,0.0,0.008,0.0,
13:11:16.347,1.0181,1.007,1.0085,0.0,normal,0.0,normal,0.0,normal,0.0,NORMAL,0.0,0.0,100,normal,YES,PASS,0.0,0.0,0.007,0.0,
13:11:16.499,1.0404,1.0134,1.0045,0.0,normal,0.0,normal,0.0,normal,0.0,NORMAL,0.1,0.0,100,normal,YES,PASS,0.0,0.0,0.016,0.0,
13:11:16.649,1.0265,1.0068,1.0099,0.0,normal,0.0,normal,0.0,normal,0.0,NORMAL,0.1,0.0,100,normal,YES,PASS,0.0,0.0,0.011,0.0,
13:11:16.810,1.0182,1.006,1.0003,0.0,normal,0.0,normal,0.0,normal,0.0,NORMAL,0.0,0.0,100,normal,YES,PASS,0.0,0.0,0.007,0.0,
13:11:16.960,1.0055,1.0089,1.0095,0.0,normal,0.0,normal,0.0,normal,0.0,NORMAL,0.0,0.0,100,normal,YES,PASS,0.0,0.0,0.002,0.0,
13:11:17.104,1.047,1.0115,1.0096,0.0,normal,0.0,normal,0.0,normal,0.0,NORMAL,0.1,0.0,100,normal,YES,PASS,0.0,0.0,0.019,0.0,
13:11:17.254,1.0398,1.0062,1.008,0.0,normal,0.0,normal,0.0,normal,0.0,NORMAL,0.1,0.0,100,normal,YES,PASS,0.0,0.0,0.016,0.0,
13:11:17.391,1.0362,1.0051,1.0088,0.0,normal,0.0,normal,0.0,normal,0.0,NORMAL,0.1,0.0,100,normal,YES,PASS,0.0,0.0,0.014,0.0,
13:11:17.535,1.061,1.0106,1.0054,0.0,normal,0.0,normal,0.0,normal,0.0,NORMAL,0.1,0.0,100,normal,YES,PASS,0.0,0.0,0.024,0.0,
13:11:17.675,1.0253,1.0045,1.0064,0.0,normal,0.0,normal,0.0,normal,0.0,NORMAL,0.1,0.0,100,normal,YES,PASS,0.0,0.0,0.01,0.0,
13:11:17.820,1.0224,1.0056,1.0023,0.0,normal,0.0,normal,0.0,normal,0.0,NORMAL,0.0,0.0,100,normal,YES,PASS,0.0,0.0,0.009,0.0,
13:11:17.959,1.006,1.0084,1.0056,0.0,normal,0.0,normal,0.0,normal,0.0,NORMAL,0.0,0.0,100,normal,YES,PASS,0.0,0.0,0.002,0.0,
13:11:18.101,1.0154,1.0045,1.0062,0.0,normal,0.0,normal,0.0,normal,0.0,NORMAL,0.0,0.0,100,normal,YES,PASS,0.0,0.0,0.006,0.0,
13:11:18.243,1.0633,1.0087,1.0051,0.0,normal,0.0,normal,0.0,normal,0.0,NORMAL,0.1,0.0,100,normal,YES,PASS,0.0,0.0,0.025,0.0,
13:11:18.394,1.0058,1.0068,1.0087,0.0,normal,0.0,normal,0.0,normal,0.0,NORMAL,0.0,0.0,100,normal,YES,PASS,0.0,0.0,0.002,0.0,
13:11:18.546,1.0205,1.0114,1.0039,0.0,normal,0.0,normal,0.0,normal,0.0,NORMAL,0.0,0.0,100,normal,YES,PASS,0.0,0.0,0.008,0.0,
13:11:18.696,1.0442,1.004,1.0009,0.0,normal,0.0,normal,0.0,normal,0.0,NORMAL,0.1,0.0,100,normal,YES,PASS,0.0,0.0,0.018,0.0,
13:11:18.838,1.0378,1.0015,1.0108,0.0,normal,0.0,normal,0.0,normal,0.0,NORMAL,0.1,0.0,100,normal,YES,PASS,0.0,0.0,0.015,0.0,
13:11:18.979,1.0236,1.0089,1.0032,0.0,normal,0.0,normal,0.0,normal,0.0,NORMAL,0.0,0.0,100,normal,YES,PASS,0.0,0.0,0.009,0.0,
13:11:19.123,1.0665,1.0054,1.0151,0.0,normal,0.0,normal,0.0,normal,0.0,NORMAL,0.1,0.0,100,normal,YES,PASS,0.0,0.0,0.027,0.0,
13:11:19.256,1.0424,1.0121,1.0027,0.0,normal,0.0,normal,0.0,normal,0.0,NORMAL,0.1,0.0,100,normal,YES,PASS,0.0,0.0,0.017,0.0,
13:11:19.391,1.0122,1.0069,1.0006,0.0,normal,0.0,normal,0.0,normal,0.0,NORMAL,0.0,0.0,100,normal,YES,PASS,0.0,0.0,0.005,0.0,
13:11:19.531,1.0063,1.0136,1.0114,0.0,normal,0.0,normal,0.0,normal,0.0,NORMAL,0.0,0.0,100,normal,YES,PASS,0.0,0.0,0.003,0.0,
13:11:19.671,1.0129,1.0126,1.0046,0.0,normal,0.0,normal,0.0,normal,0.0,NORMAL,0.0,0.0,100,normal,YES,PASS,0.0,0.0,0.005,0.0,
13:11:19.807,1.0641,1.0013,1.011,0.0,normal,0.0,normal,0.0,normal,0.0,NORMAL,0.1,0.0,100,normal,YES,PASS,0.0,0.0,0.026,0.0,
13:11:19.941,1.007,1.0135,1.0052,0.0,normal,0.0,normal,0.0,normal,0.0,NORMAL,0.0,0.0,100,normal,YES,PASS,0.0,0.0,0.003,0.0,
13:11:20.081,1.051,1.0039,1.0021,0.0,normal,0.0,normal,0.0,normal,0.0,NORMAL,0.1,0.0,100,normal,YES,PASS,0.0,0.0,0.02,0.0,
13:11:20.217,1.0079,1.0131,1.0102,0.0,normal,0.0,normal,0.0,normal,0.0,NORMAL,0.0,0.0,100,normal,YES,PASS,0.0,0.0,0.003,0.0,
13:11:20.350,1.0275,1.0075,1.0026,0.0,normal,0.0,normal,0.0,normal,0.0,NORMAL,0.1,0.0,100,normal,YES,PASS,0.0,0.0,0.011,0.0,
13:11:20.480,1.0273,1.0118,1.0102,0.0,normal,0.0,normal,0.0,normal,0.0,NORMAL,0.1,0.0,100,normal,YES,PASS,0.0,0.0,0.011,0.0,
13:11:20.617,1.0208,1.0088,1.003,0.0,normal,0.0,normal,0.0,normal,0.0,NORMAL,0.0,0.0,100,normal,YES,PASS,0.0,0.0,0.008,0.0,
13:11:20.757,1.014,1.0109,1.0129,0.0,normal,0.0,normal,0.0,normal,0.0,NORMAL,0.0,0.0,100,normal,YES,PASS,0.0,0.0,0.006,0.0,
13:11:20.894,1.0581,1.0078,1.0043,0.0,normal,0.0,normal,0.0,normal,0.0,NORMAL,0.1,0.0,100,normal,YES,PASS,0.0,0.0,0.023,0.0,
13:11:21.036,1.0465,1.0026,1.0101,0.0,normal,0.0,normal,0.0,normal,0.0,NORMAL,0.1,0.0,100,normal,YES,PASS,0.0,0.0,0.019,0.0,
13:11:21.169,1.0702,1.0088,1.0,0.0,normal,0.0,normal,0.0,normal,0.0,NORMAL,0.1,0.0,100,normal,YES,PASS,0.0,0.0,0.028,0.0,
13:11:21.312,1.0081,1.0059,1.0008,0.0,normal,0.0,normal,0.0,normal,0.0,NORMAL,0.0,0.0,100,normal,YES,PASS,0.0,0.0,0.003,0.0,
13:11:21.451,1.0329,1.0024,1.0011,0.0,normal,0.0,normal,0.0,normal,0.0,NORMAL,0.1,0.0,100,normal,YES,PASS,0.0,0.0,0.013,0.0,
13:11:21.594,1.0189,1.0002,1.0084,0.0,normal,0.0,normal,0.0,normal,0.0,NORMAL,0.0,0.0,100,normal,YES,PASS,0.0,0.0,0.008,0.0,
13:11:21.735,1.0131,1.013,1.0004,0.0,normal,0.0,normal,0.0,normal,0.0,NORMAL,0.0,0.0,100,normal,YES,PASS,0.0,0.0,0.005,0.0,
13:11:21.879,1.0344,1.004,1.0106,0.0,normal,0.0,normal,0.0,normal,0.0,NORMAL,0.1,0.0,100,normal,YES,PASS,0.0,0.0,0.014,0.0,
13:11:22.016,1.0485,1.0071,1.0096,0.0,normal,0.0,normal,0.0,normal,0.0,NORMAL,0.1,0.0,100,normal,YES,PASS,0.0,0.0,0.019,0.0,
13:11:22.153,1.0502,1.0105,1.0123,0.0,normal,0.0,normal,0.0,normal,0.0,NORMAL,0.1,0.0,100,normal,YES,PASS,0.0,0.0,0.02,0.0,
13:11:22.287,1.0692,1.002,1.0069,0.0,normal,0.0,normal,0.0,normal,0.0,NORMAL,0.1,0.0,100,normal,YES,PASS,0.0,0.0,0.028,0.0,
13:11:22.420,1.0573,1.0058,1.0056,0.0,normal,0.0,normal,0.0,normal,0.0,NORMAL,0.1,0.0,100,normal,YES,PASS,0.0,0.0,0.023,0.0,
13:11:22.557,1.0591,1.0098,1.0051,0.0,normal,0.0,normal,0.0,normal,0.0,NORMAL,0.1,0.0,100,normal,YES,PASS,0.0,0.0,0.024,0.0,
13:11:22.692,1.0313,1.0055,1.0107,0.0,normal,0.0,normal,0.0,normal,0.0,NORMAL,0.1,0.0,100,normal,YES,PASS,0.0,0.0,0.013,0.0,
13:11:22.822,1.0294,1.0065,1.0005,0.0,normal,0.0,normal,0.0,normal,0.0,NORMAL,0.1,0.0,100,normal,YES,PASS,0.0,0.0,0.012,0.0,
13:11:22.962,1.0402,1.0068,1.0066,0.0,normal,0.0,normal,0.0,normal,0.0,NORMAL,0.1,0.0,100,normal,YES,PASS,0.0,0.0,0.016,0.0,
13:11:23.098,1.0614,1.0087,1.0033,0.0,normal,0.0,normal,0.0,normal,0.0,NORMAL,0.1,0.0,100,normal,YES,PASS,0.0,0.0,0.025,0.0,
13:11:23.238,1.0379,1.0035,1.005,0.0,normal,0.0,normal,0.0,normal,0.0,NORMAL,0.1,0.0,100,normal,YES,PASS,0.0,0.0,0.015,0.0,
13:11:23.371,1.057,1.0057,1.004,0.0,normal,0.0,normal,0.0,normal,0.0,NORMAL,0.1,0.0,100,normal,YES,PASS,0.0,0.0,0.023,0.0,
13:11:23.508,1.0159,1.0036,1.0034,0.0,normal,0.0,normal,0.0,normal,0.0,NORMAL,0.0,0.0,100,normal,YES,PASS,0.0,0.0,0.006,0.0,
13:11:23.654,1.0688,1.0023,1.0076,0.0,normal,0.0,normal,0.0,normal,0.0,NORMAL,0.1,0.0,100,normal,YES,PASS,0.0,0.0,0.028,0.0,
13:11:23.794,1.0186,1.0013,1.0052,0.0,normal,0.0,normal,0.0,normal,0.0,NORMAL,0.0,0.0,100,normal,YES,PASS,0.0,0.0,0.007,0.0,
13:11:23.931,1.013,1.0034,1.005,0.0,normal,0.0,normal,0.0,normal,0.0,NORMAL,0.0,0.0,100,normal,YES,PASS,0.0,0.0,0.005,0.0,
13:11:24.080,1.0181,1.0047,1.0025,0.0,normal,0.0,normal,0.0,normal,0.0,NORMAL,0.0,0.0,100,normal,YES,PASS,0.0,0.0,0.007,0.0,
13:11:24.213,1.0081,1.0081,1.0088,0.0,normal,0.0,normal,0.0,normal,0.0,NORMAL,0.0,0.0,100,normal,YES,PASS,0.0,0.0,0.003,0.0,
13:11:24.351,1.0543,1.0048,1.0037,0.0,normal,0.0,normal,0.0,normal,0.0,NORMAL,0.1,0.0,100,normal,YES,PASS,0.0,0.0,0.022,0.0,
13:11:24.490,1.0672,1.0039,1.0041,0.0,normal,0.0,normal,0.0,normal,0.0,NORMAL,0.1,0.0,100,normal,YES,PASS,0.0,0.0,0.027,0.0,
13:11:24.622,1.0301,1.0071,1.0023,0.0,normal,0.0,normal,0.0,normal,0.0,NORMAL,0.1,0.0,100,normal,YES,PASS,0.0,0.0,0.012,0.0,
13:11:24.762,1.0641,1.0009,1.0028,0.0,normal,0.0,normal,0.0,normal,0.0,NORMAL,0.1,0.0,100,normal,YES,PASS,0.0,0.0,0.026,0.0,
13:11:24.906,1.0243,1.0105,1.0042,0.0,normal,0.0,normal,0.0,normal,0.0,NORMAL,0.0,0.0,100,normal,YES,PASS,0.0,0.0,0.01,0.0,
13:11:25.049,1.0051,1.0067,1.0115,0.0,normal,0.0,normal,0.0,normal,0.0,NORMAL,0.0,0.0,100,normal,YES,PASS,0.0,0.0,0.002,0.0,
13:11:25.188,1.0112,1.0013,1.0092,0.0,normal,0.0,normal,0.0,normal,0.0,NORMAL,0.0,0.0,100,normal,YES,PASS,0.0,0.0,0.004,0.0,
13:11:25.330,1.044,1.0017,1.0065,0.0,normal,0.0,normal,0.0,normal,0.0,NORMAL,0.1,0.0,100,normal,YES,PASS,0.0,0.0,0.018,0.0,
13:11:25.471,1.059,1.0067,1.0129,0.0,normal,0.0,normal,0.0,normal,0.0,NORMAL,0.1,0.0,100,normal,YES,PASS,0.0,0.0,0.024,0.0,
13:11:25.612,1.0622,1.0047,1.0086,0.0,normal,0.0,normal,0.0,normal,0.0,NORMAL,0.1,0.0,100,normal,YES,PASS,0.0,0.0,0.025,0.0,
13:11:25.747,1.0012,1.0082,1.0077,0.0,normal,0.0,normal,0.0,normal,0.0,NORMAL,0.0,0.0,100,normal,YES,PASS,0.0,0.0,0.0,0.0,
13:11:25.891,1.0645,1.0063,1.0052,0.0,normal,0.0,normal,0.0,normal,0.0,NORMAL,0.1,0.0,100,normal,YES,PASS,0.0,0.0,0.026,0.0,
13:11:26.023,1.0449,1.0093,1.0114,0.0,normal,0.0,normal,0.0,normal,0.0,NORMAL,0.1,0.0,100,normal,YES,PASS,0.0,0.0,0.018,0.0,
13:11:26.169,1.0224,1.003,1.0007,0.0,normal,0.0,normal,0.0,normal,0.0,NORMAL,0.0,0.0,100,normal,YES,PASS,0.0,0.0,0.009,0.0,
13:11:26.306,1.0504,1.0134,1.0084,0.0,normal,0.0,normal,0.0,normal,0.0,NORMAL,0.1,0.0,100,normal,YES,PASS,0.0,0.0,0.02,0.0,
13:11:26.437,1.0648,1.0044,1.0048,0.0,normal,0.0,normal,0.0,normal,0.0,NORMAL,0.1,0.0,100,normal,YES,PASS,0.0,0.0,0.026,0.0,
13:11:26.572,1.0273,1.0048,1.0029,0.0,normal,0.0,normal,0.0,normal,0.0,NORMAL,0.1,0.0,100,normal,YES,PASS,0.0,0.0,0.011,0.0,
13:11:26.713,1.0009,1.0029,1.0133,0.0,normal,0.0,normal,0.0,normal,0.0,NORMAL,0.0,0.0,100,normal,YES,PASS,0.0,0.0,0.0,0.0,
13:11:26.851,1.0464,1.0095,1.0038,0.0,normal,0.0,normal,0.0,normal,0.0,NORMAL,0.1,0.0,100,normal,YES,PASS,0.0,0.0,0.019,0.0,
13:11:26.983,1.0046,1.0017,1.0089,0.0,normal,0.0,normal,0.0,normal,0.0,NORMAL,0.0,0.0,100,normal,YES,PASS,0.0,0.0,0.002,0.0,
13:11:27.119,1.0312,1.0035,1.0031,0.0,normal,0.0,normal,0.0,normal,0.0,NORMAL,0.1,0.0,100,normal,YES,PASS,0.0,0.0,0.012,0.0,
13:11:27.258,1.0012,1.0085,1.0103,0.0,normal,0.0,normal,0.0,normal,0.0,NORMAL,0.0,0.0,100,normal,YES,PASS,0.0,0.0,0.0,0.0,
13:11:27.392,1.0512,1.0105,1.0157,0.0,normal,0.0,normal,0.0,normal,0.0,NORMAL,0.1,0.0,100,normal,YES,PASS,0.0,0.0,0.02,0.0,
13:11:27.533,1.0338,1.0087,1.0053,0.0,normal,0.0,normal,0.0,normal,0.0,NORMAL,0.1,0.0,100,normal,YES,PASS,0.0,0.0,0.014,0.0,
13:11:27.664,1.0284,1.002,1.0036,0.0,normal,0.0,normal,0.0,normal,0.0,NORMAL,0.1,0.0,100,normal,YES,PASS,0.0,0.0,0.011,0.0,
13:11:27.803,1.0382,1.0114,1.0011,0.0,normal,0.0,normal,0.0,normal,0.0,NORMAL,0.1,0.0,100,normal,YES,PASS,0.0,0.0,0.015,0.0,
13:11:27.942,1.0077,1.0054,1.0043,0.0,normal,0.0,normal,0.0,normal,0.0,NORMAL,0.0,0.0,100,normal,YES,PASS,0.0,0.0,0.003,0.0,
13:11:28.087,1.0197,1.0041,1.0037,0.0,normal,0.0,normal,0.0,normal,0.0,NORMAL,0.0,0.0,100,normal,YES,PASS,0.0,0.0,0.008,0.0,
13:11:28.254,1.0691,1.006,1.0001,0.0,normal,0.0,normal,0.0,normal,0.0,NORMAL,0.1,0.0,100,normal,YES,PASS,0.0,0.0,0.028,0.0,
13:11:28.424,1.0363,1.0054,1.0096,0.0,normal,0.0,normal,0.0,normal,0.0,NORMAL,0.1,0.0,100,normal,YES,PASS,0.0,0.0,0.015,0.0,
13:11:28.600,1.0362,1.0124,1.0133,0.0,normal,0.0,speed_hump,0.5087,normal,0.0,NORMAL,17.9,0.0,100,speed_hump,YES,PASS,0.0,0.0,0.014,0.509,
13:11:28.799,1.0011,1.0112,1.0076,0.0,normal,0.0,normal,0.0,normal,0.0,NORMAL,0.0,0.0,100,normal,YES,PASS,0.0,0.0,0.0,0.0,
13:11:28.994,1.0444,1.0049,1.0025,0.0,normal,0.0,normal,0.0,normal,0.0,NORMAL,0.1,0.0,100,normal,YES,PASS,0.0,0.0,0.018,0.0,
13:11:29.177,1.0017,1.0112,1.0051,0.0,normal,0.0,speed_hump,0.5008,normal,0.0,NORMAL,17.5,0.0,100,speed_hump,YES,PASS,0.0,0.0,0.001,0.501,
13:11:29.345,1.0072,1.0067,1.0097,0.0,normal,0.0,speed_hump,0.5052,normal,0.0,NORMAL,17.7,0.0,100,speed_hump,YES,PASS,0.0,0.0,0.003,0.505,
13:11:29.528,1.053,1.0028,1.0097,0.0,normal,0.0,speed_hump,0.5052,normal,0.0,NORMAL,17.8,0.0,100,speed_hump,YES,PASS,0.0,0.0,0.021,0.505,
13:11:29.701,1.0042,1.0012,1.0087,0.0,normal,0.0,speed_hump,0.5034,normal,0.0,NORMAL,17.6,0.0,100,speed_hump,YES,PASS,0.0,0.0,0.002,0.503,
13:11:29.869,1.0193,1.01,1.0027,0.0,normal,0.0,speed_hump,0.5033,normal,0.0,NORMAL,17.7,0.0,100,speed_hump,YES,PASS,0.0,0.0,0.008,0.503,
13:11:30.042,1.0656,1.0042,1.0116,0.0,normal,0.0,speed_hump,0.5062,normal,0.0,NORMAL,17.8,0.0,100,speed_hump,YES,PASS,0.0,0.0,0.026,0.506,
13:11:30.224,1.0078,1.0033,1.0098,0.0,normal,0.0,speed_hump,0.5067,normal,0.0,NORMAL,17.8,0.0,100,speed_hump,YES,PASS,0.0,0.0,0.003,0.507,
13:11:30.390,1.0197,1.0081,1.0114,0.0,normal,0.0,normal,0.0,normal,0.0,NORMAL,0.0,0.0,100,normal,YES,PASS,0.0,0.0,0.008,0.0,
13:11:30.581,1.0595,1.0106,1.0007,0.0,normal,0.0,normal,0.0,normal,0.0,NORMAL,0.1,0.0,100,normal,YES,PASS,0.0,0.0,0.024,0.0,
13:11:30.752,1.0565,1.0109,1.0078,0.0,normal,0.0,normal,0.0,normal,0.0,NORMAL,0.1,0.0,100,normal,YES,PASS,0.0,0.0,0.023,0.0,
13:11:30.931,1.0347,1.0103,1.0044,0.0,normal,0.0,normal,0.0,normal,0.0,NORMAL,0.1,0.0,100,normal,YES,PASS,0.0,0.0,0.014,0.0,
13:11:31.096,1.027,1.0039,1.0007,0.0,normal,0.0,normal,0.0,normal,0.0,NORMAL,0.1,0.0,100,normal,YES,PASS,0.0,0.0,0.011,0.0,
13:11:31.270,1.0407,1.01,1.001,0.0,normal,0.0,normal,0.0,normal,0.0,NORMAL,0.1,0.0,100,normal,YES,PASS,0.0,0.0,0.016,0.0,
13:11:31.436,1.0414,1.0117,1.0107,0.0,normal,0.0,normal,0.0,normal,0.0,NORMAL,0.1,0.0,100,normal,YES,PASS,0.0,0.0,0.017,0.0,
13:11:31.607,1.0233,1.0108,1.0007,0.0,normal,0.0,normal,0.0,normal,0.0,NORMAL,0.0,0.0,100,normal,YES,PASS,0.0,0.0,0.009,0.0,
13:11:31.783,1.0132,1.0091,1.0083,0.0,normal,0.0,normal,0.0,normal,0.0,NORMAL,0.0,0.0,100,normal,YES,PASS,0.0,0.0,0.005,0.0,
13:11:31.959,1.0088,1.0086,1.0066,0.0,normal,0.0,speed_hump,0.5119,normal,0.0,NORMAL,17.9,0.0,100,speed_hump,YES,PASS,0.0,0.0,0.004,0.512,
13:11:32.124,1.0512,1.0036,1.0152,0.0,normal,0.0,speed_hump,0.5477,normal,0.0,NORMAL,19.3,0.0,100,speed_hump,YES,PASS,0.0,0.0,0.02,0.548,
13:11:32.300,1.0608,1.0046,1.0087,0.0,normal,0.0,speed_hump,0.5429,normal,0.0,NORMAL,19.1,0.0,100,speed_hump,YES,PASS,0.0,0.0,0.024,0.543,
13:11:32.478,1.0129,1.0063,1.0145,0.0,normal,0.0,normal,0.0,normal,0.0,NORMAL,0.0,0.0,100,normal,YES,PASS,0.0,0.0,0.005,0.0,
13:11:32.652,1.0198,1.0093,1.0054,0.0,normal,0.0,normal,0.0,normal,0.0,NORMAL,0.0,0.0,100,normal,YES,PASS,0.0,0.0,0.008,0.0,
13:11:32.827,1.0231,1.0079,1.0068,0.0,normal,0.0,normal,0.0,normal,0.0,NORMAL,0.0,0.0,100,normal,YES,PASS,0.0,0.0,0.009,0.0,
13:11:33.000,1.0237,1.0062,1.0026,0.0,normal,0.0,normal,0.0,normal,0.0,NORMAL,0.0,0.0,100,normal,YES,PASS,0.0,0.0,0.009,0.0,
13:11:33.174,1.05,1.0077,1.001,0.0,normal,0.0,normal,0.0,normal,0.0,NORMAL,0.1,0.0,100,normal,YES,PASS,0.0,0.0,0.02,0.0,
13:11:33.345,1.0003,1.0115,1.0097,0.0,normal,0.0,speed_hump,0.5148,normal,0.0,NORMAL,18.0,0.0,100,speed_hump,YES,PASS,0.0,0.0,0.0,0.515,
13:11:33.517,1.039,1.0012,1.0085,0.0,normal,0.0,speed_hump,0.5335,normal,0.0,NORMAL,18.8,0.0,100,speed_hump,YES,PASS,0.0,0.0,0.016,0.534,
13:11:33.681,1.0171,1.0095,1.0118,0.0,normal,0.0,speed_hump,0.5451,normal,0.0,NORMAL,19.1,0.0,100,speed_hump,YES,PASS,0.0,0.0,0.007,0.545,
13:11:33.850,1.0177,1.0145,1.0114,0.0,normal,0.0,speed_hump,0.5526,normal,0.0,NORMAL,19.4,0.0,100,speed_hump,YES,PASS,0.0,0.0,0.007,0.553,
13:11:34.018,1.0231,1.0003,1.009,0.0,normal,0.0,speed_hump,0.5447,normal,0.0,NORMAL,19.1,0.0,100,speed_hump,YES,PASS,0.0,0.0,0.009,0.545,
13:11:34.189,1.0517,1.0054,1.016,0.0,normal,0.0,speed_hump,0.5374,normal,0.0,NORMAL,18.9,0.0,100,speed_hump,YES,PASS,0.0,0.0,0.021,0.537,
13:11:34.404,1.0064,1.0066,1.0002,0.0,normal,0.0,speed_hump,0.537,normal,0.0,NORMAL,18.8,0.0,100,speed_hump,YES,PASS,0.0,0.0,0.003,0.537,
13:11:34.584,1.0584,1.0019,1.001,0.0,normal,0.0,speed_hump,0.5232,normal,0.0,NORMAL,18.4,0.0,100,speed_hump,YES,PASS,0.0,0.0,0.023,0.523,
13:11:34.759,1.0347,1.005,1.0007,0.0,normal,0.0,speed_hump,0.5263,normal,0.0,NORMAL,18.5,0.0,100,speed_hump,YES,PASS,0.0,0.0,0.014,0.526,
13:11:34.927,1.0153,1.0012,1.0103,0.0,normal,0.0,speed_hump,0.5323,normal,0.0,NORMAL,18.7,0.0,100,speed_hump,YES,PASS,0.0,0.0,0.006,0.532,
13:11:35.105,1.04,1.0066,1.0073,0.0,normal,0.0,speed_hump,0.5271,normal,0.0,NORMAL,18.5,0.0,100,speed_hump,YES,PASS,0.0,0.0,0.016,0.527,
13:11:35.282,1.0057,1.003,1.0155,0.0,normal,0.0,speed_hump,0.5255,normal,0.0,NORMAL,18.4,0.0,100,speed_hump,YES,PASS,0.0,0.0,0.002,0.526,
13:11:35.452,1.0627,1.0158,1.0111,0.0,normal,0.0,speed_hump,0.5244,normal,0.0,NORMAL,18.5,0.0,100,speed_hump,YES,PASS,0.0,0.0,0.025,0.524,
13:11:35.627,1.0276,1.0131,1.0101,0.0,normal,0.0,speed_hump,0.5292,normal,0.0,NORMAL,18.6,0.0,100,speed_hump,YES,PASS,0.0,0.0,0.011,0.529,
13:11:35.787,1.0151,1.0097,1.0082,0.0,normal,0.0,speed_hump,0.5121,normal,0.0,NORMAL,18.0,0.0,100,speed_hump,YES,PASS,0.0,0.0,0.006,0.512,
13:11:35.956,1.0436,1.0076,1.0063,0.0,normal,0.0,speed_hump,0.5068,normal,0.0,NORMAL,17.8,0.0,100,speed_hump,YES,PASS,0.0,0.0,0.017,0.507,
13:11:36.129,1.0705,1.0021,1.0015,0.0,normal,0.0,speed_hump,0.5137,normal,0.0,NORMAL,18.1,0.0,100,speed_hump,YES,PASS,0.0,0.0,0.028,0.514,
13:11:36.305,1.0473,1.0014,1.0104,0.0,normal,0.0,speed_hump,0.5214,normal,0.0,NORMAL,18.3,0.0,100,speed_hump,YES,PASS,0.0,0.0,0.019,0.521,
13:11:36.487,1.0191,1.0084,1.0059,0.0,normal,0.0,normal,0.0,normal,0.0,NORMAL,0.0,0.0,100,normal,YES,PASS,0.0,0.0,0.008,0.0,
13:11:36.681,1.0447,1.008,1.0137,0.0,normal,0.0,normal,0.0,normal,0.0,NORMAL,0.1,0.0,100,normal,YES,PASS,0.0,0.0,0.018,0.0,
13:11:36.864,1.0118,1.0043,1.0098,0.0,normal,0.0,speed_hump,0.5849,normal,0.0,NORMAL,20.5,0.0,100,speed_hump,YES,PASS,0.0,0.0,0.005,0.585,
13:11:37.037,1.0193,1.0072,1.0,0.0,normal,0.0,speed_hump,0.5482,normal,0.0,NORMAL,19.2,0.0,100,speed_hump,YES,PASS,0.0,0.0,0.008,0.548,
13:11:37.215,1.03,1.0085,1.002,0.0,normal,0.0,speed_hump,0.5693,normal,0.0,NORMAL,20.0,0.0,100,speed_hump,YES,PASS,0.0,0.0,0.012,0.569,
13:11:37.393,1.025,1.0049,1.0117,0.0,normal,0.0,speed_hump,0.5539,normal,0.0,NORMAL,19.4,0.0,100,speed_hump,YES,PASS,0.0,0.0,0.01,0.554,
13:11:37.603,1.0503,1.0041,1.0003,0.0,normal,0.0,speed_hump,0.5523,normal,0.0,NORMAL,19.4,0.0,100,speed_hump,YES,PASS,0.0,0.0,0.02,0.552,
13:11:37.847,1.0115,1.0087,1.0056,0.0,normal,0.0,speed_hump,0.5513,normal,0.0,NORMAL,19.3,0.0,100,speed_hump,YES,PASS,0.0,0.0,0.005,0.551,
13:11:38.077,1.047,1.0148,1.0039,0.0,normal,0.0,speed_hump,0.5143,normal,0.0,NORMAL,18.1,0.0,100,speed_hump,YES,PASS,0.0,0.0,0.019,0.514,
13:11:38.299,1.0326,1.0099,1.0055,4.3202,pothole,0.6601,normal,0.0,normal,0.0,NORMAL,15.8,0.0,100,pothole,YES,PASS,0.0,0.35,0.013,0.0,
13:11:38.514,1.0634,1.0026,1.0,4.3202,pothole,0.6601,normal,0.0,normal,0.0,NORMAL,27.4,0.19,100,pothole,YES,PASS,0.0,0.606,0.025,0.0,
13:11:38.708,1.049,1.007,1.0015,4.3202,pothole,0.6601,normal,0.0,normal,0.0,NORMAL,35.7,0.25,100,pothole,YES,PASS,0.0,0.792,0.02,0.0,
13:11:38.898,1.0145,1.0034,1.0099,4.3202,pothole,0.6601,normal,0.0,normal,0.0,CAUTION,41.8,0.29,85,pothole,NO,BLOCKED,0.0,0.928,0.006,0.0,
13:11:39.089,1.0213,1.0125,1.0008,4.3202,pothole,0.6601,speed_hump,0.5259,normal,0.0,CAUTION,63.4,0.63,68,speed_hump,NO,BLOCKED,0.0,1.0,0.009,0.526,
13:11:39.284,1.0474,1.0091,1.0111,4.3202,pothole,0.6601,speed_hump,0.5509,normal,0.0,CAUTION,64.4,0.64,68,speed_hump,NO,BLOCKED,0.0,1.0,0.019,0.551,
13:11:39.502,1.0632,1.0031,1.0085,4.3202,pothole,0.6601,speed_hump,0.5169,normal,0.0,HAZARD,63.2,0.63,56,normal,NO,BLOCKED,0.0,1.0,0.025,0.517,
13:11:39.706,1.0471,1.0107,1.0026,0.0,normal,0.0,speed_hump,0.5185,normal,0.0,HAZARD,56.1,0.56,61,normal,NO,BLOCKED,0.0,0.842,0.019,0.519,
13:11:39.900,1.0074,1.0003,1.0046,0.0,normal,0.0,normal,0.0,normal,0.0,HAZARD,27.7,0.19,86,normal,NO,BLOCKED,0.0,0.614,0.003,0.0,
13:11:40.093,1.0623,1.0002,1.0128,0.0,normal,0.0,normal,0.0,normal,0.0,HAZARD,20.3,0.0,100,normal,NO,BLOCKED,0.0,0.448,0.025,0.0,
13:11:40.275,1.0506,1.0001,1.0089,0.0,normal,0.0,speed_hump,0.5273,normal,0.0,CAUTION,33.3,0.23,88,speed_hump,NO,BLOCKED,0.0,0.327,0.02,0.527,
13:11:40.461,1.0021,1.0022,1.0073,0.0,normal,0.0,speed_hump,0.5264,normal,0.0,CAUTION,29.2,0.2,90,speed_hump,NO,BLOCKED,0.0,0.239,0.001,0.526,
13:11:40.643,1.0214,1.0132,1.0124,0.0,normal,0.0,speed_hump,0.5379,normal,0.0,CAUTION,26.7,0.19,91,speed_hump,NO,BLOCKED,0.0,0.174,0.009,0.538,
13:11:40.822,1.0536,1.0014,1.0031,5.0,pothole,1.0,speed_hump,0.5058,normal,0.0,CAUTION,41.8,0.29,85,speed_hump,NO,BLOCKED,0.0,0.532,0.021,0.506,
13:11:40.998,1.0016,1.0114,1.0007,5.0,pothole,1.0,normal,0.0,normal,0.0,CAUTION,35.7,0.25,87,pothole,NO,BLOCKED,0.0,0.794,0.001,0.0,
13:11:41.169,1.0151,1.0073,1.0033,5.0,pothole,1.0,normal,0.0,normal,0.0,CAUTION,44.3,0.31,84,pothole,NO,BLOCKED,0.0,0.985,0.006,0.0,
13:11:41.340,1.049,1.005,1.0005,5.0,pothole,1.0,normal,0.0,normal,0.0,CAUTION,45.1,0.32,84,pothole,NO,BLOCKED,0.0,1.0,0.02,0.0,
13:11:41.524,1.0323,1.015,1.0015,5.0,pothole,1.0,normal,0.0,normal,0.0,CAUTION,45.1,0.32,84,pothole,NO,BLOCKED,0.0,1.0,0.013,0.0,
13:11:41.702,1.047,1.0088,1.0044,5.0,pothole,1.0,speed_hump,0.5389,normal,0.0,CAUTION,64.0,0.64,68,speed_hump,NO,BLOCKED,0.0,1.0,0.019,0.539,
13:11:41.874,1.0291,1.0038,1.0055,5.0,pothole,1.0,speed_hump,0.5412,normal,0.0,CAUTION,64.0,0.64,68,speed_hump,NO,BLOCKED,0.0,1.0,0.012,0.541,
13:11:42.043,1.0408,1.0117,1.0033,0.0,normal,0.0,normal,0.0,normal,0.0,CAUTION,44.5,0.31,84,braking,NO,BLOCKED,0.0,0.988,0.016,0.0,
13:11:42.223,1.0281,1.0057,1.0104,0.0,normal,0.0,normal,0.0,normal,0.0,CAUTION,32.5,0.23,89,braking,NO,BLOCKED,0.0,0.721,0.011,0.0,
13:11:42.402,1.0087,1.0154,1.0014,0.0,normal,0.0,normal,0.0,normal,0.0,CAUTION,23.7,0.0,100,braking,NO,BLOCKED,0.0,0.526,0.003,0.0,
13:11:42.580,1.0606,1.0053,1.0057,0.0,normal,0.0,normal,0.0,normal,0.0,CAUTION,17.4,0.0,100,braking,NO,BLOCKED,0.0,0.384,0.024,0.0,
13:11:42.753,1.0239,1.0001,1.012,0.0,normal,0.0,speed_hump,0.605,normal,0.0,CAUTION,33.8,0.24,88,speed_hump,NO,BLOCKED,0.0,0.28,0.01,0.605,
13:11:42.930,1.004,1.0087,1.0104,5.0,pothole,1.0,normal,0.0,normal,0.0,CAUTION,27.5,0.19,90,pothole,NO,BLOCKED,0.0,0.61,0.002,0.0,
13:11:43.118,1.0523,1.0016,1.007,5.0,pothole,1.0,normal,0.0,normal,0.0,CAUTION,38.4,0.27,87,pothole,NO,BLOCKED,0.0,0.85,0.021,0.0,
13:11:43.298,1.0128,1.0088,1.0099,5.0,pothole,1.0,normal,0.0,normal,0.0,CAUTION,45.0,0.32,84,pothole,NO,BLOCKED,0.0,1.0,0.005,0.0,
13:11:43.488,1.0233,1.0023,1.0005,5.0,pothole,1.0,speed_hump,0.5119,normal,0.0,CAUTION,63.0,0.63,69,speed_hump,NO,BLOCKED,0.0,1.0,0.009,0.512,
13:11:43.660,1.0552,1.0122,1.0042,5.0,pothole,1.0,speed_hump,0.5687,normal,0.0,CAUTION,65.0,0.65,67,speed_hump,NO,BLOCKED,0.0,1.0,0.022,0.569,
13:11:43.839,1.0373,1.0088,1.0016,5.0,pothole,1.0,speed_hump,0.5138,normal,0.0,HAZARD,63.1,0.63,56,normal,NO,BLOCKED,0.0,1.0,0.015,0.514,
13:11:44.010,1.0451,1.0081,1.0033,5.0,pothole,1.0,normal,0.0,normal,0.0,HAZARD,45.1,0.32,78,normal,NO,BLOCKED,0.0,1.0,0.018,0.0,
13:11:44.176,1.0403,1.0112,1.0092,5.0,pothole,1.0,normal,0.0,normal,0.0,HAZARD,45.1,0.32,78,normal,NO,BLOCKED,0.0,1.0,0.016,0.0,
13:11:44.350,1.0535,1.013,1.0007,5.0,pothole,1.0,normal,0.0,normal,0.0,CAUTION,45.1,0.32,84,pothole,NO,BLOCKED,0.0,1.0,0.021,0.0,
13:11:44.526,1.0155,1.0085,1.0108,5.0,pothole,1.0,speed_hump,0.5771,normal,0.0,CAUTION,65.2,0.65,67,speed_hump,NO,BLOCKED,0.0,1.0,0.006,0.577,
13:11:44.716,1.0503,1.0065,1.0061,5.0,pothole,1.0,speed_hump,0.5441,normal,0.0,CAUTION,64.1,0.64,68,speed_hump,NO,BLOCKED,0.0,1.0,0.02,0.544,
13:11:44.901,1.0084,1.0024,1.0002,2.3649,speed_hump,0.6824,speed_hump,0.5279,normal,0.0,HAZARD,63.5,0.63,56,normal,NO,BLOCKED,0.0,1.0,0.003,0.528,
13:11:45.084,1.0159,1.0129,1.0078,2.3649,speed_hump,0.6824,speed_hump,0.5235,normal,0.0,HAZARD,63.4,0.63,56,normal,NO,BLOCKED,0.0,1.0,0.006,0.524,
13:11:45.255,1.0293,1.0119,1.0133,2.3649,speed_hump,0.6824,normal,0.0,normal,0.0,HAZARD,45.1,0.32,78,normal,NO,BLOCKED,0.0,1.0,0.012,0.0,
13:11:45.424,1.0352,1.0105,1.0118,2.3649,speed_hump,0.6824,normal,0.0,normal,0.0,HAZARD,41.6,0.29,80,normal,NO,BLOCKED,0.0,0.923,0.014,0.0,
13:11:45.588,1.0255,1.0038,1.0083,2.3649,speed_hump,0.6824,normal,0.0,normal,0.0,CAUTION,39.0,0.27,86,speed_hump,NO,BLOCKED,0.0,0.865,0.01,0.0,
13:11:45.750,1.0533,1.0038,1.0025,2.3649,speed_hump,0.6824,normal,0.0,normal,0.0,CAUTION,37.1,0.26,87,speed_hump,NO,BLOCKED,0.0,0.823,0.021,0.0,
13:11:45.921,1.0257,1.0036,1.0072,2.3649,speed_hump,0.6824,normal,0.0,normal,0.0,CAUTION,35.7,0.25,88,speed_hump,NO,BLOCKED,0.0,0.792,0.01,0.0,
13:11:46.095,1.0033,1.0031,1.0016,2.3649,speed_hump,0.6824,normal,0.0,normal,0.0,CAUTION,34.7,0.24,88,speed_hump,NO,BLOCKED,0.0,0.77,0.001,0.0,
13:11:46.271,1.0172,1.0142,1.0036,2.3649,speed_hump,0.6824,normal,0.0,normal,0.0,CAUTION,33.9,0.24,88,speed_hump,NO,BLOCKED,0.0,0.754,0.007,0.0,
13:11:46.445,1.0424,1.0075,1.0007,2.3649,speed_hump,0.6824,normal,0.0,normal,0.0,CAUTION,33.5,0.23,88,speed_hump,NO,BLOCKED,0.0,0.742,0.017,0.0,
13:11:46.622,1.0007,1.0041,1.0068,2.3649,speed_hump,0.6824,speed_hump,0.5055,normal,0.0,CAUTION,50.7,0.35,82,speed_hump,NO,BLOCKED,0.0,0.733,0.0,0.505,
13:11:46.795,1.0578,1.0096,1.0117,2.2929,speed_hump,0.6464,normal,0.0,normal,0.0,CAUTION,32.6,0.23,89,speed_hump,NO,BLOCKED,0.0,0.721,0.023,0.0,
13:11:46.968,1.0058,1.013,1.0087,2.2929,speed_hump,0.6464,normal,0.0,normal,0.0,CAUTION,32.0,0.22,89,speed_hump,NO,BLOCKED,0.0,0.712,0.002,0.0,
13:11:47.135,1.0288,1.0076,1.005,0.0,normal,0.0,normal,0.0,normal,0.0,CAUTION,23.4,0.0,100,braking,NO,BLOCKED,0.0,0.52,0.012,0.0,
13:11:47.295,1.0391,1.0056,1.013,0.0,normal,0.0,normal,0.0,normal,0.0,CAUTION,17.1,0.0,100,braking,NO,BLOCKED,0.0,0.379,0.016,0.0,
13:11:47.468,1.0567,1.0033,1.0051,0.0,normal,0.0,normal,0.0,normal,0.0,NORMAL,12.6,0.0,100,normal,YES,PASS,0.0,0.277,0.023,0.0,
13:11:47.640,1.0278,1.0094,1.0077,0.0,normal,0.0,normal,0.0,normal,0.0,NORMAL,9.1,0.0,100,normal,YES,PASS,0.0,0.202,0.011,0.0,
13:11:47.811,1.0421,1.0147,1.0093,0.0,normal,0.0,normal,0.0,normal,0.0,NORMAL,6.7,0.0,100,normal,YES,PASS,0.0,0.147,0.017,0.0,
13:11:47.983,1.0144,1.001,1.0081,0.0,normal,0.0,normal,0.0,normal,0.0,NORMAL,4.9,0.0,100,normal,YES,PASS,0.0,0.108,0.006,0.0,
13:11:48.152,1.0613,1.0055,1.0009,0.0,normal,0.0,normal,0.0,normal,0.0,NORMAL,3.7,0.0,100,normal,YES,PASS,0.0,0.079,0.025,0.0,
13:11:48.329,1.0457,1.0041,1.002,0.0,normal,0.0,normal,0.0,normal,0.0,NORMAL,2.7,0.0,100,normal,YES,PASS,0.0,0.057,0.018,0.0,
13:11:48.507,1.0438,1.0104,1.0055,0.0,normal,0.0,speed_hump,0.5085,normal,0.0,NORMAL,19.8,0.0,100,speed_hump,YES,PASS,0.0,0.042,0.018,0.508,
13:11:48.672,1.0445,1.0123,1.0094,0.0,normal,0.0,speed_hump,0.5143,normal,0.0,NORMAL,19.5,0.0,100,speed_hump,YES,PASS,0.0,0.031,0.018,0.514,
13:11:48.850,1.0555,1.005,1.0116,0.0,normal,0.0,speed_hump,0.5128,normal,0.0,NORMAL,19.1,0.0,100,speed_hump,YES,PASS,0.0,0.022,0.022,0.513,
13:11:49.027,1.0335,1.002,1.0107,0.0,normal,0.0,speed_hump,0.5228,normal,0.0,NORMAL,19.1,0.0,100,speed_hump,YES,PASS,0.0,0.016,0.013,0.523,
13:11:49.203,1.0098,1.0014,1.0068,0.0,normal,0.0,normal,0.0,normal,0.0,NORMAL,0.6,0.0,100,normal,YES,PASS,0.0,0.012,0.004,0.0,
13:11:49.373,1.0253,1.0044,1.0012,0.0,normal,0.0,normal,0.0,normal,0.0,NORMAL,0.4,0.0,100,normal,YES,PASS,0.0,0.009,0.01,0.0,
13:11:49.540,1.0754,1.0025,1.0044,0.0,normal,0.0,normal,0.0,normal,0.0,NORMAL,0.4,0.0,100,normal,YES,PASS,0.0,0.006,0.03,0.0,
13:11:49.715,1.0069,1.009,1.0042,0.0,normal,0.0,speed_hump,0.5016,normal,0.0,NORMAL,17.8,0.0,100,speed_hump,YES,PASS,0.0,0.005,0.003,0.502,
13:11:49.905,1.003,1.0097,1.0005,0.0,normal,0.0,speed_hump,0.5053,normal,0.0,NORMAL,17.8,0.0,100,speed_hump,YES,PASS,0.0,0.003,0.001,0.505,
13:11:50.101,1.0412,1.0129,1.0124,0.0,normal,0.0,speed_hump,0.5146,normal,0.0,NORMAL,18.2,0.0,100,speed_hump,YES,PASS,0.0,0.002,0.016,0.515,
13:11:50.288,1.0159,1.0079,1.0146,0.0,normal,0.0,speed_hump,0.5117,normal,0.0,NORMAL,18.0,0.0,100,speed_hump,YES,PASS,0.0,0.002,0.006,0.512,
13:11:50.484,1.0059,1.0029,1.0087,0.0,normal,0.0,speed_hump,0.5203,normal,0.0,NORMAL,18.3,0.0,100,speed_hump,YES,PASS,0.0,0.001,0.002,0.52,
13:11:50.676,1.0074,1.0067,1.0073,0.0,normal,0.0,speed_hump,0.528,normal,0.0,NORMAL,18.5,0.0,100,speed_hump,YES,PASS,0.0,0.001,0.003,0.528,
13:11:50.861,1.0308,1.0092,1.0044,0.0,normal,0.0,speed_hump,0.5339,normal,0.0,NORMAL,18.8,0.0,100,speed_hump,YES,PASS,0.0,0.001,0.012,0.534,
13:11:51.032,1.0411,1.0109,1.0071,0.0,normal,0.0,speed_hump,0.5331,normal,0.0,NORMAL,18.8,0.0,100,speed_hump,YES,PASS,0.0,0.001,0.016,0.533,
13:11:51.211,1.0648,1.0049,1.0041,0.0,normal,0.0,speed_hump,0.5326,normal,0.0,NORMAL,18.8,0.0,100,speed_hump,YES,PASS,0.0,0.0,0.026,0.533,
13:11:51.387,1.0299,1.0097,1.0035,0.0,normal,0.0,speed_hump,0.5348,normal,0.0,NORMAL,18.8,0.0,100,speed_hump,YES,PASS,0.0,0.0,0.012,0.535,
13:11:51.558,1.0032,1.0024,1.0062,0.0,normal,0.0,speed_hump,0.5344,normal,0.0,NORMAL,18.7,0.0,100,speed_hump,YES,PASS,0.0,0.0,0.001,0.534,
13:11:51.753,1.0617,1.0,1.0134,0.0,normal,0.0,speed_hump,0.5359,normal,0.0,NORMAL,18.9,0.0,100,speed_hump,YES,PASS,0.0,0.0,0.025,0.536,
13:11:51.930,1.0126,1.0013,1.0023,0.0,normal,0.0,speed_hump,0.5273,normal,0.0,NORMAL,18.5,0.0,100,speed_hump,YES,PASS,0.0,0.0,0.005,0.527,
13:11:52.113,1.0102,1.0035,1.0012,0.0,normal,0.0,speed_hump,0.529,normal,0.0,NORMAL,18.5,0.0,100,speed_hump,YES,PASS,0.0,0.0,0.004,0.529,
13:11:52.291,1.0479,1.0068,1.0044,0.0,normal,0.0,speed_hump,0.5293,normal,0.0,NORMAL,18.6,0.0,100,speed_hump,YES,PASS,0.0,0.0,0.019,0.529,
13:11:52.479,1.0315,1.0004,1.002,0.0,normal,0.0,speed_hump,0.5308,normal,0.0,NORMAL,18.6,0.0,100,speed_hump,YES,PASS,0.0,0.0,0.013,0.531,
13:11:52.646,1.0449,1.0082,1.0046,0.0,normal,0.0,speed_hump,0.5324,normal,0.0,NORMAL,18.7,0.0,100,speed_hump,YES,PASS,0.0,0.0,0.018,0.532,
13:11:52.813,1.0576,1.0167,1.0128,0.0,normal,0.0,speed_hump,0.5357,normal,0.0,NORMAL,18.9,0.0,100,speed_hump,YES,PASS,0.0,0.0,0.023,0.536,
13:11:52.996,1.0208,1.0059,1.0116,0.0,normal,0.0,speed_hump,0.5319,normal,0.0,NORMAL,18.7,0.0,100,speed_hump,YES,PASS,0.0,0.0,0.008,0.532,
13:11:53.175,1.0665,1.0102,1.0046,0.0,normal,0.0,speed_hump,0.5314,normal,0.0,NORMAL,18.7,0.0,100,speed_hump,YES,PASS,0.0,0.0,0.027,0.531,
13:11:53.346,1.0172,1.0004,1.0005,0.0,normal,0.0,speed_hump,0.5314,normal,0.0,NORMAL,18.6,0.0,100,speed_hump,YES,PASS,0.0,0.0,0.007,0.531,
13:11:53.517,1.0317,1.0089,1.0033,0.0,normal,0.0,speed_hump,0.53,normal,0.0,NORMAL,18.6,0.0,100,speed_hump,YES,PASS,0.0,0.0,0.013,0.53,
13:11:53.693,1.0137,1.004,1.011,0.0,normal,0.0,speed_hump,0.5323,normal,0.0,NORMAL,18.7,0.0,100,speed_hump,YES,PASS,0.0,0.0,0.005,0.532,
13:11:53.900,1.0615,1.0049,1.0036,0.0,normal,0.0,speed_hump,0.532,normal,0.0,NORMAL,18.7,0.0,100,speed_hump,YES,PASS,0.0,0.0,0.025,0.532,
13:11:54.080,1.0448,1.0005,1.0086,0.0,normal,0.0,speed_hump,0.5348,normal,0.0,NORMAL,18.8,0.0,100,speed_hump,YES,PASS,0.0,0.0,0.018,0.535,
13:11:54.281,1.0466,1.0057,1.0078,0.0,normal,0.0,speed_hump,0.5242,normal,0.0,NORMAL,18.4,0.0,100,speed_hump,YES,PASS,0.0,0.0,0.019,0.524,
13:11:54.474,1.0014,1.0012,1.0114,0.0,normal,0.0,speed_hump,0.5262,normal,0.0,NORMAL,18.4,0.0,100,speed_hump,YES,PASS,0.0,0.0,0.001,0.526,
13:11:54.656,1.0636,1.0047,1.0116,0.0,normal,0.0,speed_hump,0.5274,normal,0.0,NORMAL,18.6,0.0,100,speed_hump,YES,PASS,0.0,0.0,0.025,0.527,
13:11:54.836,1.027,1.0011,1.0011,0.0,normal,0.0,speed_hump,0.5253,normal,0.0,NORMAL,18.4,0.0,100,speed_hump,YES,PASS,0.0,0.0,0.011,0.525,
13:11:55.002,1.0438,1.0047,1.0035,0.0,normal,0.0,speed_hump,0.5226,normal,0.0,NORMAL,18.4,0.0,100,speed_hump,YES,PASS,0.0,0.0,0.018,0.523,
13:11:55.176,1.0175,1.0023,1.0021,0.0,normal,0.0,speed_hump,0.523,normal,0.0,NORMAL,18.3,0.0,100,speed_hump,YES,PASS,0.0,0.0,0.007,0.523,
13:11:55.351,1.013,1.002,1.0019,0.0,normal,0.0,speed_hump,0.5241,normal,0.0,NORMAL,18.4,0.0,100,speed_hump,YES,PASS,0.0,0.0,0.005,0.524,
13:11:55.559,1.0117,1.004,1.001,0.0,normal,0.0,speed_hump,0.5252,normal,0.0,NORMAL,18.4,0.0,100,speed_hump,YES,PASS,0.0,0.0,0.005,0.525,
13:11:55.781,1.0188,1.0103,1.0018,0.0,normal,0.0,speed_hump,0.5258,normal,0.0,NORMAL,18.4,0.0,100,speed_hump,YES,PASS,0.0,0.0,0.008,0.526,
13:11:55.972,1.002,1.0124,1.009,0.0,normal,0.0,speed_hump,0.5267,normal,0.0,NORMAL,18.4,0.0,100,speed_hump,YES,PASS,0.0,0.0,0.001,0.527,
13:11:56.156,1.0447,1.0,1.0111,0.0,normal,0.0,speed_hump,0.5251,normal,0.0,NORMAL,18.5,0.0,100,speed_hump,YES,PASS,0.0,0.0,0.018,0.525,
13:11:56.335,1.018,1.014,1.0023,0.0,normal,0.0,speed_hump,0.5258,normal,0.0,NORMAL,18.4,0.0,100,speed_hump,YES,PASS,0.0,0.0,0.007,0.526,
13:11:56.520,1.0011,1.0117,1.0003,0.0,normal,0.0,speed_hump,0.5365,normal,0.0,NORMAL,18.8,0.0,100,speed_hump,YES,PASS,0.0,0.0,0.0,0.536,
13:11:56.698,1.0146,1.0041,1.0051,0.0,normal,0.0,speed_hump,0.5288,normal,0.0,NORMAL,18.5,0.0,100,speed_hump,YES,PASS,0.0,0.0,0.006,0.529,
13:11:56.874,1.0439,1.0022,1.0119,0.0,normal,0.0,speed_hump,0.5333,normal,0.0,NORMAL,18.8,0.0,100,speed_hump,YES,PASS,0.0,0.0,0.018,0.533,
13:11:57.047,1.0549,1.0019,1.0004,0.0,normal,0.0,speed_hump,0.5349,normal,0.0,NORMAL,18.8,0.0,100,speed_hump,YES,PASS,0.0,0.0,0.022,0.535,
13:11:57.209,1.0214,1.0024,1.0107,0.0,normal,0.0,speed_hump,0.5262,normal,0.0,NORMAL,18.5,0.0,100,speed_hump,YES,PASS,0.0,0.0,0.009,0.526,
13:11:57.379,1.0162,1.0051,1.0013,0.0,normal,0.0,speed_hump,0.522,normal,0.0,NORMAL,18.3,0.0,100,speed_hump,YES,PASS,0.0,0.0,0.006,0.522,
13:11:57.541,1.0011,1.0023,1.0107,0.0,normal,0.0,speed_hump,0.5247,normal,0.0,NORMAL,18.4,0.0,100,speed_hump,YES,PASS,0.0,0.0,0.0,0.525,
13:11:57.712,1.0039,1.0036,1.0042,0.0,normal,0.0,speed_hump,0.5251,normal,0.0,NORMAL,18.4,0.0,100,speed_hump,YES,PASS,0.0,0.0,0.002,0.525,
13:11:57.881,1.0115,1.0002,1.0037,0.0,normal,0.0,speed_hump,0.5354,normal,0.0,NORMAL,18.8,0.0,100,speed_hump,YES,PASS,0.0,0.0,0.005,0.535,
13:11:58.046,1.0045,1.0,1.0065,0.0,normal,0.0,speed_hump,0.5346,normal,0.0,NORMAL,18.7,0.0,100,speed_hump,YES,PASS,0.0,0.0,0.002,0.535,
13:11:58.222,1.0618,1.0117,1.005,0.0,normal,0.0,speed_hump,0.5339,normal,0.0,NORMAL,18.8,0.0,100,speed_hump,YES,PASS,0.0,0.0,0.025,0.534,
13:11:58.399,1.0026,1.0053,1.0049,0.0,normal,0.0,speed_hump,0.5347,normal,0.0,NORMAL,18.7,0.0,100,speed_hump,YES,PASS,0.0,0.0,0.001,0.535,
13:11:58.569,1.0088,1.0069,1.006,0.0,normal,0.0,speed_hump,0.533,normal,0.0,NORMAL,18.7,0.0,100,speed_hump,YES,PASS,0.0,0.0,0.004,0.533,
13:11:58.755,1.0127,1.0013,1.0002,0.0,normal,0.0,speed_hump,0.5324,normal,0.0,NORMAL,18.7,0.0,100,speed_hump,YES,PASS,0.0,0.0,0.005,0.532,
13:11:58.937,1.0512,1.0104,1.0031,0.0,normal,0.0,speed_hump,0.5328,normal,0.0,NORMAL,18.8,0.0,100,speed_hump,YES,PASS,0.0,0.0,0.02,0.533,
13:11:59.124,1.0719,1.0087,1.0019,0.0,normal,0.0,speed_hump,0.5347,normal,0.0,NORMAL,18.9,0.0,100,speed_hump,YES,PASS,0.0,0.0,0.029,0.535,
13:11:59.317,1.0452,1.0107,1.0029,0.0,normal,0.0,speed_hump,0.5344,normal,0.0,NORMAL,18.8,0.0,100,speed_hump,YES,PASS,0.0,0.0,0.018,0.534,
13:11:59.505,1.0277,1.015,1.0081,0.0,normal,0.0,speed_hump,0.5344,normal,0.0,NORMAL,18.8,0.0,100,speed_hump,YES,PASS,0.0,0.0,0.011,0.534,
13:11:59.698,1.0384,1.008,1.0097,0.0,normal,0.0,speed_hump,0.5343,normal,0.0,NORMAL,18.8,0.0,100,speed_hump,YES,PASS,0.0,0.0,0.015,0.534,
13:11:59.878,1.0364,1.0106,1.0003,0.0,normal,0.0,speed_hump,0.5384,normal,0.0,NORMAL,18.9,0.0,100,speed_hump,YES,PASS,0.0,0.0,0.015,0.538,
13:12:00.061,1.0187,1.0113,1.0049,0.0,normal,0.0,normal,0.0,normal,0.0,NORMAL,0.0,0.0,100,normal,YES,PASS,0.0,0.0,0.007,0.0,
13:12:00.236,1.0142,1.0121,1.0038,0.0,normal,0.0,normal,0.0,normal,0.0,NORMAL,0.0,0.0,100,normal,YES,PASS,0.0,0.0,0.006,0.0,
13:12:00.413,1.0138,1.0019,1.0006,0.0,normal,0.0,speed_hump,0.5363,normal,0.0,NORMAL,18.8,0.0,100,speed_hump,YES,PASS,0.0,0.0,0.006,0.536,
13:12:00.588,1.0599,1.0003,1.0051,0.0,normal,0.0,speed_hump,0.5739,normal,0.0,NORMAL,20.2,0.0,100,speed_hump,YES,PASS,0.0,0.0,0.024,0.574,
13:12:00.785,1.0083,1.0019,1.0112,0.0,normal,0.0,speed_hump,0.6036,normal,0.0,NORMAL,21.1,0.0,100,speed_hump,YES,PASS,0.0,0.0,0.003,0.604,
13:12:00.991,1.0151,1.0079,1.0076,0.0,normal,0.0,speed_hump,0.6277,normal,0.0,NORMAL,22.0,0.0,100,speed_hump,YES,PASS,0.0,0.0,0.006,0.628,
13:12:01.243,1.0452,1.0043,1.0076,0.0,normal,0.0,normal,0.0,normal,0.0,NORMAL,0.1,0.0,100,normal,YES,PASS,0.0,0.0,0.018,0.0,
13:12:01.433,1.0155,1.0074,1.0095,0.0,normal,0.0,normal,0.0,normal,0.0,NORMAL,0.0,0.0,100,normal,YES,PASS,0.0,0.0,0.006,0.0,
13:12:01.618,1.0202,1.0065,1.0005,0.0,normal,0.0,normal,0.0,normal,0.0,NORMAL,0.0,0.0,100,normal,YES,PASS,0.0,0.0,0.008,0.0,
13:12:01.818,1.0279,1.0014,1.0135,0.0,normal,0.0,normal,0.0,normal,0.0,NORMAL,0.1,0.0,100,normal,YES,PASS,0.0,0.0,0.011,0.0,
13:12:02.014,1.064,1.0053,1.0123,0.0,normal,0.0,normal,0.0,normal,0.0,NORMAL,0.1,0.0,100,normal,YES,PASS,0.0,0.0,0.026,0.0,
13:12:02.234,1.0558,1.0106,1.0094,0.0,normal,0.0,normal,0.0,normal,0.0,NORMAL,0.1,0.0,100,normal,YES,PASS,0.0,0.0,0.022,0.0,
13:12:02.435,1.0365,1.0074,1.0092,0.0,normal,0.0,normal,0.0,normal,0.0,NORMAL,0.1,0.0,100,normal,YES,PASS,0.0,0.0,0.015,0.0,
13:12:02.641,1.0438,1.0122,1.0,0.0,normal,0.0,speed_hump,0.522,normal,0.0,NORMAL,18.4,0.0,100,speed_hump,YES,PASS,0.0,0.0,0.018,0.522,
13:12:02.835,1.0076,1.0109,1.0014,0.0,normal,0.0,speed_hump,0.521,normal,0.0,NORMAL,18.3,0.0,100,speed_hump,YES,PASS,0.0,0.0,0.003,0.521,
13:12:03.052,1.0435,1.0074,1.002,0.0,normal,0.0,speed_hump,0.5168,normal,0.0,NORMAL,18.2,0.0,100,speed_hump,YES,PASS,0.0,0.0,0.017,0.517,
13:12:03.257,1.0494,1.0095,1.0146,0.0,normal,0.0,speed_hump,0.5022,normal,0.0,NORMAL,17.7,0.0,100,speed_hump,YES,PASS,0.0,0.0,0.02,0.502,
13:12:03.454,1.0363,1.0027,1.0138,0.0,normal,0.0,normal,0.0,normal,0.0,NORMAL,0.1,0.0,100,normal,YES,PASS,0.0,0.0,0.015,0.0,
13:12:03.623,1.0103,1.0054,1.0033,0.0,normal,0.0,normal,0.0,normal,0.0,NORMAL,0.0,0.0,100,normal,YES,PASS,0.0,0.0,0.004,0.0,
13:12:03.793,1.0032,1.0018,1.0125,0.0,normal,0.0,normal,0.0,normal,0.0,NORMAL,0.0,0.0,100,normal,YES,PASS,0.0,0.0,0.001,0.0,
13:12:03.970,1.0457,1.0157,1.013,0.0,normal,0.0,normal,0.0,normal,0.0,NORMAL,0.1,0.0,100,normal,YES,PASS,0.0,0.0,0.018,0.0,
13:12:04.141,1.0671,1.0039,1.0094,0.0,normal,0.0,normal,0.0,normal,0.0,NORMAL,0.1,0.0,100,normal,YES,PASS,0.0,0.0,0.027,0.0,
13:12:04.315,1.0243,1.0096,1.0039,0.0,normal,0.0,speed_hump,0.5348,normal,0.0,NORMAL,18.8,0.0,100,speed_hump,YES,PASS,0.0,0.0,0.01,0.535,
13:12:04.487,1.0391,1.0064,1.0006,0.0,normal,0.0,normal,0.0,normal,0.0,NORMAL,0.1,0.0,100,normal,YES,PASS,0.0,0.0,0.016,0.0,
13:12:04.663,1.0273,1.0069,1.0032,0.0,normal,0.0,normal,0.0,normal,0.0,NORMAL,0.1,0.0,100,normal,YES,PASS,0.0,0.0,0.011,0.0,
13:12:04.836,1.028,1.0013,1.0015,0.0,normal,0.0,normal,0.0,normal,0.0,NORMAL,0.1,0.0,100,normal,YES,PASS,0.0,0.0,0.011,0.0,
13:12:05.004,1.0361,1.0038,1.0064,0.0,normal,0.0,normal,0.0,normal,0.0,NORMAL,0.1,0.0,100,normal,YES,PASS,0.0,0.0,0.014,0.0,
13:12:05.172,1.0461,1.0144,1.007,0.0,normal,0.0,normal,0.0,normal,0.0,NORMAL,0.1,0.0,100,normal,YES,PASS,0.0,0.0,0.018,0.0,
13:12:05.343,1.0145,1.0095,1.0084,0.0,normal,0.0,normal,0.0,normal,0.0,NORMAL,0.0,0.0,100,normal,YES,PASS,0.0,0.0,0.006,0.0,
13:12:05.511,1.0021,1.0015,1.0083,0.0,normal,0.0,normal,0.0,normal,0.0,NORMAL,0.0,0.0,100,normal,YES,PASS,0.0,0.0,0.001,0.0,
13:12:05.673,1.0399,1.0005,1.0099,0.0,normal,0.0,normal,0.0,normal,0.0,NORMAL,0.1,0.0,100,normal,YES,PASS,0.0,0.0,0.016,0.0,
13:12:05.851,1.035,1.0103,1.0116,0.0,normal,0.0,normal,0.0,normal,0.0,NORMAL,0.1,0.0,100,normal,YES,PASS,0.0,0.0,0.014,0.0,
13:12:06.028,1.0283,1.0131,1.008,0.0,normal,0.0,normal,0.0,normal,0.0,NORMAL,0.1,0.0,100,normal,YES,PASS,0.0,0.0,0.011,0.0,
13:12:06.213,1.0428,1.0026,1.0091,0.0,normal,0.0,normal,0.0,normal,0.0,NORMAL,0.1,0.0,100,normal,YES,PASS,0.0,0.0,0.017,0.0,
13:12:06.390,1.011,1.0077,1.0094,0.0,normal,0.0,normal,0.0,normal,0.0,NORMAL,0.0,0.0,100,normal,YES,PASS,0.0,0.0,0.004,0.0,
13:12:06.563,1.0396,1.0064,1.0108,0.0,normal,0.0,normal,0.0,normal,0.0,NORMAL,0.1,0.0,100,normal,YES,PASS,0.0,0.0,0.016,0.0,
13:12:06.751,1.0113,1.0111,1.013,0.0,normal,0.0,normal,0.0,normal,0.0,NORMAL,0.0,0.0,100,normal,YES,PASS,0.0,0.0,0.005,0.0,
13:12:06.938,1.0032,1.0052,1.0106,0.0,normal,0.0,normal,0.0,normal,0.0,NORMAL,0.0,0.0,100,normal,YES,PASS,0.0,0.0,0.001,0.0,
13:12:07.112,1.0225,1.0135,1.008,0.0,normal,0.0,normal,0.0,normal,0.0,NORMAL,0.0,0.0,100,normal,YES,PASS,0.0,0.0,0.009,0.0,
13:12:07.293,1.0299,1.0066,1.0147,0.0,normal,0.0,normal,0.0,normal,0.0,NORMAL,0.1,0.0,100,normal,YES,PASS,0.0,0.0,0.012,0.0,
13:12:07.477,1.0274,1.0015,1.0088,0.0,normal,0.0,normal,0.0,normal,0.0,NORMAL,0.1,0.0,100,normal,YES,PASS,0.0,0.0,0.011,0.0,
13:12:07.654,1.0588,1.0074,1.0081,0.0,normal,0.0,normal,0.0,normal,0.0,NORMAL,0.1,0.0,100,normal,YES,PASS,0.0,0.0,0.024,0.0,
13:12:07.852,1.0366,1.0085,1.0071,0.0,normal,0.0,normal,0.0,normal,0.0,NORMAL,0.1,0.0,100,normal,YES,PASS,0.0,0.0,0.015,0.0,
13:12:08.048,1.0139,1.007,1.0043,0.0,normal,0.0,normal,0.0,normal,0.0,NORMAL,0.0,0.0,100,normal,YES,PASS,0.0,0.0,0.006,0.0,
13:12:08.237,1.0202,1.0003,1.0046,0.0,normal,0.0,normal,0.0,normal,0.0,NORMAL,0.0,0.0,100,normal,YES,PASS,0.0,0.0,0.008,0.0,
13:12:08.414,1.0225,1.007,1.0104,0.0,normal,0.0,normal,0.0,normal,0.0,NORMAL,0.0,0.0,100,normal,YES,PASS,0.0,0.0,0.009,0.0,
13:12:08.591,1.0352,1.0052,1.003,0.0,normal,0.0,normal,0.0,normal,0.0,NORMAL,0.1,0.0,100,normal,YES,PASS,0.0,0.0,0.014,0.0,
13:12:08.782,1.0654,1.005,1.0008,0.0,normal,0.0,normal,0.0,normal,0.0,NORMAL,0.1,0.0,100,normal,YES,PASS,0.0,0.0,0.026,0.0,
13:12:09.130,1.0359,1.0102,1.0075,0.0,normal,0.0,normal,0.0,normal,0.0,NORMAL,0.1,0.0,100,normal,YES,PASS,0.0,0.0,0.014,0.0,
13:12:09.326,1.0117,1.002,1.0054,0.0,normal,0.0,normal,0.0,normal,0.0,NORMAL,0.0,0.0,100,normal,YES,PASS,0.0,0.0,0.005,0.0,
13:12:09.612,1.0,1.0092,1.0097,0.0,normal,0.0,normal,0.0,normal,0.0,NORMAL,0.0,0.0,100,normal,YES,PASS,0.0,0.0,0.0,0.0,
13:12:09.813,1.0554,1.002,1.0018,0.0,normal,0.0,normal,0.0,normal,0.0,NORMAL,0.1,0.0,100,normal,YES,PASS,0.0,0.0,0.022,0.0,
13:12:10.002,1.0612,1.0038,1.0045,0.0,normal,0.0,normal,0.0,normal,0.0,NORMAL,0.1,0.0,100,normal,YES,PASS,0.0,0.0,0.024,0.0,
13:12:10.186,1.0121,1.0094,1.0056,0.0,normal,0.0,normal,0.0,normal,0.0,NORMAL,0.0,0.0,100,normal,YES,PASS,0.0,0.0,0.005,0.0,
13:12:10.375,1.0359,1.0097,1.0109,0.0,normal,0.0,normal,0.0,normal,0.0,NORMAL,0.1,0.0,100,normal,YES,PASS,0.0,0.0,0.014,0.0,
13:12:10.554,1.0355,1.0029,1.0034,0.0,normal,0.0,normal,0.0,normal,0.0,NORMAL,0.1,0.0,100,normal,YES,PASS,0.0,0.0,0.014,0.0,
13:12:10.737,1.0376,1.0058,1.0059,0.0,normal,0.0,normal,0.0,normal,0.0,NORMAL,0.1,0.0,100,normal,YES,PASS,0.0,0.0,0.015,0.0,
13:12:10.910,1.055,1.0046,1.0075,0.0,normal,0.0,normal,0.0,normal,0.0,NORMAL,0.1,0.0,100,normal,YES,PASS,0.0,0.0,0.022,0.0,
13:12:11.155,1.0248,1.0099,1.0007,0.0,normal,0.0,normal,0.0,normal,0.0,NORMAL,0.0,0.0,100,normal,YES,PASS,0.0,0.0,0.01,0.0,
13:12:11.364,1.0472,1.0107,1.0098,0.0,normal,0.0,normal,0.0,normal,0.0,NORMAL,0.1,0.0,100,normal,YES,PASS,0.0,0.0,0.019,0.0,
13:12:11.561,1.0235,1.0122,1.0032,0.0,normal,0.0,normal,0.0,normal,0.0,NORMAL,0.0,0.0,100,normal,YES,PASS,0.0,0.0,0.009,0.0,
13:12:11.758,1.011,1.0073,1.0026,0.0,normal,0.0,normal,0.0,normal,0.0,NORMAL,0.0,0.0,100,normal,YES,PASS,0.0,0.0,0.004,0.0,
13:12:11.952,1.0292,1.0,1.0086,0.0,normal,0.0,normal,0.0,normal,0.0,NORMAL,0.1,0.0,100,normal,YES,PASS,0.0,0.0,0.012,0.0,
13:12:12.140,1.0363,1.0004,1.0129,0.0,normal,0.0,normal,0.0,normal,0.0,NORMAL,0.1,0.0,100,normal,YES,PASS,0.0,0.0,0.015,0.0,
13:12:12.321,1.0402,1.0082,1.0079,0.0,normal,0.0,normal,0.0,normal,0.0,NORMAL,0.1,0.0,100,normal,YES,PASS,0.0,0.0,0.016,0.0,
13:12:12.502,1.0206,1.0047,1.0142,0.0,normal,0.0,normal,0.0,normal,0.0,NORMAL,0.0,0.0,100,normal,YES,PASS,0.0,0.0,0.008,0.0,
13:12:12.704,1.0322,1.0002,1.0095,0.0,normal,0.0,normal,0.0,normal,0.0,NORMAL,0.1,0.0,100,normal,YES,PASS,0.0,0.0,0.013,0.0,
13:12:12.951,1.0072,1.004,1.0046,0.0,normal,0.0,normal,0.0,normal,0.0,NORMAL,0.0,0.0,100,normal,YES,PASS,0.0,0.0,0.003,0.0,
13:12:13.173,1.0357,1.0007,1.0128,0.0,normal,0.0,normal,0.0,normal,0.0,NORMAL,0.1,0.0,100,normal,YES,PASS,0.0,0.0,0.014,0.0,
13:12:13.401,1.0252,1.0069,1.0006,0.0,normal,0.0,normal,0.0,normal,0.0,NORMAL,0.1,0.0,100,normal,YES,PASS,0.0,0.0,0.01,0.0,
13:12:13.623,1.0083,1.0125,1.0064,0.0,normal,0.0,normal,0.0,normal,0.0,NORMAL,0.0,0.0,100,normal,YES,PASS,0.0,0.0,0.003,0.0,
13:12:13.853,1.0451,1.0036,1.0045,0.0,normal,0.0,normal,0.0,normal,0.0,NORMAL,0.1,0.0,100,normal,YES,PASS,0.0,0.0,0.018,0.0,
13:12:14.058,1.0463,1.002,1.0066,0.0,normal,0.0,normal,0.0,normal,0.0,NORMAL,0.1,0.0,100,normal,YES,PASS,0.0,0.0,0.019,0.0,
13:12:14.272,1.0264,1.0089,1.0017,0.0,normal,0.0,normal,0.0,normal,0.0,NORMAL,0.1,0.0,100,normal,YES,PASS,0.0,0.0,0.011,0.0,
13:12:14.501,1.0244,1.0083,1.0001,0.0,normal,0.0,normal,0.0,normal,0.0,NORMAL,0.0,0.0,100,normal,YES,PASS,0.0,0.0,0.01,0.0,
13:12:14.707,1.0016,1.0068,1.0035,0.0,normal,0.0,normal,0.0,normal,0.0,NORMAL,0.0,0.0,100,normal,YES,PASS,0.0,0.0,0.001,0.0,
13:12:14.920,1.0329,1.0052,1.0062,0.0,normal,0.0,normal,0.0,normal,0.0,NORMAL,0.1,0.0,100,normal,YES,PASS,0.0,0.0,0.013,0.0,
13:12:15.118,1.0177,1.0056,1.0055,0.0,normal,0.0,normal,0.0,normal,0.0,NORMAL,0.0,0.0,100,normal,YES,PASS,0.0,0.0,0.007,0.0,
13:12:15.339,1.0525,1.0022,1.0045,0.0,normal,0.0,normal,0.0,normal,0.0,NORMAL,0.1,0.0,100,normal,YES,PASS,0.0,0.0,0.021,0.0,
13:12:15.559,1.0125,1.0033,1.0136,0.0,normal,0.0,normal,0.0,normal,0.0,NORMAL,0.0,0.0,100,normal,YES,PASS,0.0,0.0,0.005,0.0,
13:12:15.754,1.0248,1.0042,1.0024,0.0,normal,0.0,normal,0.0,normal,0.0,NORMAL,0.0,0.0,100,normal,YES,PASS,0.0,0.0,0.01,0.0,
13:12:15.991,1.0358,1.0062,1.0046,0.0,normal,0.0,normal,0.0,normal,0.0,NORMAL,0.1,0.0,100,normal,YES,PASS,0.0,0.0,0.014,0.0,
13:12:16.203,1.0435,1.0123,1.0126,0.0,normal,0.0,normal,0.0,normal,0.0,NORMAL,0.1,0.0,100,normal,YES,PASS,0.0,0.0,0.017,0.0,
13:12:16.409,1.0364,1.0027,1.004,0.0,normal,0.0,normal,0.0,normal,0.0,NORMAL,0.1,0.0,100,normal,YES,PASS,0.0,0.0,0.015,0.0,
13:12:16.638,1.0056,1.0055,1.0133,0.0,normal,0.0,normal,0.0,normal,0.0,NORMAL,0.0,0.0,100,normal,YES,PASS,0.0,0.0,0.002,0.0,
13:12:16.857,1.0024,1.0053,1.012,0.0,normal,0.0,normal,0.0,normal,0.0,NORMAL,0.0,0.0,100,normal,YES,PASS,0.0,0.0,0.001,0.0,
13:12:17.086,1.038,1.0025,1.0028,0.0,normal,0.0,normal,0.0,normal,0.0,NORMAL,0.1,0.0,100,normal,YES,PASS,0.0,0.0,0.015,0.0,
13:12:17.339,1.0188,1.0072,1.0093,0.0,normal,0.0,normal,0.0,normal,0.0,NORMAL,0.0,0.0,100,normal,YES,PASS,0.0,0.0,0.008,0.0,
13:12:17.585,1.04,1.0122,1.0095,0.0,normal,0.0,normal,0.0,normal,0.0,NORMAL,0.1,0.0,100,normal,YES,PASS,0.0,0.0,0.016,0.0,
13:12:17.822,1.031,1.0136,1.0002,0.0,normal,0.0,normal,0.0,normal,0.0,NORMAL,0.1,0.0,100,normal,YES,PASS,0.0,0.0,0.012,0.0,
13:12:18.052,1.0241,1.0055,1.0018,0.0,normal,0.0,normal,0.0,normal,0.0,NORMAL,0.0,0.0,100,normal,YES,PASS,0.0,0.0,0.01,0.0,
13:12:18.273,1.0338,1.0069,1.002,0.0,normal,0.0,normal,0.0,normal,0.0,NORMAL,0.1,0.0,100,normal,YES,PASS,0.0,0.0,0.014,0.0,
13:12:18.472,1.0371,1.0009,1.0115,0.0,normal,0.0,normal,0.0,normal,0.0,NORMAL,0.1,0.0,100,normal,YES,PASS,0.0,0.0,0.015,0.0,
13:12:18.668,1.0313,1.0081,1.0033,0.0,normal,0.0,normal,0.0,normal,0.0,NORMAL,0.1,0.0,100,normal,YES,PASS,0.0,0.0,0.013,0.0,
13:12:18.891,1.0042,1.011,1.0076,0.0,normal,0.0,normal,0.0,normal,0.0,NORMAL,0.0,0.0,100,normal,YES,PASS,0.0,0.0,0.002,0.0,
13:12:19.092,1.0801,1.0085,1.0074,0.0,normal,0.0,normal,0.0,normal,0.0,NORMAL,0.2,0.0,100,normal,YES,PASS,0.0,0.0,0.032,0.0,
13:12:19.301,1.0179,1.0008,1.0052,0.0,normal,0.0,normal,0.0,normal,0.0,NORMAL,0.0,0.0,100,normal,YES,PASS,0.0,0.0,0.007,0.0,
13:12:19.507,1.0197,1.0074,1.0068,0.0,normal,0.0,normal,0.0,normal,0.0,NORMAL,0.0,0.0,100,normal,YES,PASS,0.0,0.0,0.008,0.0,
13:12:19.721,1.0126,1.0045,1.005,0.0,normal,0.0,normal,0.0,normal,0.0,NORMAL,0.0,0.0,100,normal,YES,PASS,0.0,0.0,0.005,0.0,
13:12:19.918,1.0544,1.0052,1.0129,0.0,normal,0.0,normal,0.0,normal,0.0,NORMAL,0.1,0.0,100,normal,YES,PASS,0.0,0.0,0.022,0.0,
13:12:20.124,1.0039,1.0,1.0097,0.0,normal,0.0,normal,0.0,normal,0.0,NORMAL,0.0,0.0,100,normal,YES,PASS,0.0,0.0,0.002,0.0,
13:12:20.338,1.045,1.0057,1.0104,0.0,normal,0.0,normal,0.0,normal,0.0,NORMAL,0.1,0.0,100,normal,YES,PASS,0.0,0.0,0.018,0.0,
13:12:20.606,1.0058,1.002,1.0075,0.0,normal,0.0,normal,0.0,normal,0.0,NORMAL,0.0,0.0,100,normal,YES,PASS,0.0,0.0,0.002,0.0,
13:12:20.836,1.0019,1.004,1.0141,0.0,normal,0.0,normal,0.0,normal,0.0,NORMAL,0.0,0.0,100,normal,YES,PASS,0.0,0.0,0.001,0.0,
13:12:21.050,1.0406,1.0032,1.0015,0.0,normal,0.0,normal,0.0,normal,0.0,NORMAL,0.1,0.0,100,normal,YES,PASS,0.0,0.0,0.016,0.0,
13:12:21.233,1.0284,1.0115,1.0116,0.0,normal,0.0,normal,0.0,normal,0.0,NORMAL,0.1,0.0,100,normal,YES,PASS,0.0,0.0,0.011,0.0,
13:12:21.455,1.0212,1.0112,1.0108,0.0,normal,0.0,normal,0.0,normal,0.0,NORMAL,0.0,0.0,100,normal,YES,PASS,0.0,0.0,0.008,0.0,
13:12:21.652,1.0043,1.0113,1.009,0.0,normal,0.0,normal,0.0,normal,0.0,NORMAL,0.0,0.0,100,normal,YES,PASS,0.0,0.0,0.002,0.0,
13:12:21.874,1.0435,1.003,1.0058,0.0,normal,0.0,normal,0.0,normal,0.0,NORMAL,0.1,0.0,100,normal,YES,PASS,0.0,0.0,0.017,0.0,
13:12:22.087,1.0093,1.0019,1.004,0.0,normal,0.0,normal,0.0,normal,0.0,NORMAL,0.0,0.0,100,normal,YES,PASS,0.0,0.0,0.004,0.0,
13:12:22.325,1.0088,1.0122,1.0104,0.0,normal,0.0,normal,0.0,normal,0.0,NORMAL,0.0,0.0,100,normal,YES,PASS,0.0,0.0,0.004,0.0,
13:12:22.522,1.0334,1.0045,1.0066,0.0,normal,0.0,normal,0.0,normal,0.0,NORMAL,0.1,0.0,100,normal,YES,PASS,0.0,0.0,0.013,0.0,
13:12:22.720,1.0049,1.0045,1.0015,0.0,normal,0.0,normal,0.0,normal,0.0,NORMAL,0.0,0.0,100,normal,YES,PASS,0.0,0.0,0.002,0.0,
13:12:22.955,1.0272,1.0112,1.0026,0.0,normal,0.0,normal,0.0,normal,0.0,NORMAL,0.1,0.0,100,normal,YES,PASS,0.0,0.0,0.011,0.0,
13:12:23.153,1.025,1.0114,1.0081,0.0,normal,0.0,normal,0.0,normal,0.0,NORMAL,0.1,0.0,100,normal,YES,PASS,0.0,0.0,0.01,0.0,
13:12:23.367,1.0103,1.005,1.0088,0.0,normal,0.0,normal,0.0,normal,0.0,NORMAL,0.0,0.0,100,normal,YES,PASS,0.0,0.0,0.004,0.0,
13:12:23.575,1.0525,1.0017,1.0063,0.0,normal,0.0,normal,0.0,normal,0.0,NORMAL,0.1,0.0,100,normal,YES,PASS,0.0,0.0,0.021,0.0,
13:12:23.756,1.0233,1.0049,1.0007,0.0,normal,0.0,normal,0.0,normal,0.0,NORMAL,0.0,0.0,100,normal,YES,PASS,0.0,0.0,0.009,0.0,
13:12:23.940,1.0318,1.0018,1.0062,0.0,normal,0.0,normal,0.0,normal,0.0,NORMAL,0.1,0.0,100,normal,YES,PASS,0.0,0.0,0.013,0.0,
13:12:24.163,1.01,1.011,1.0079,0.0,normal,0.0,normal,0.0,normal,0.0,NORMAL,0.0,0.0,100,normal,YES,PASS,0.0,0.0,0.004,0.0,
13:12:24.391,1.0502,1.0113,1.0003,0.0,normal,0.0,normal,0.0,normal,0.0,NORMAL,0.1,0.0,100,normal,YES,PASS,0.0,0.0,0.02,0.0,
13:12:24.615,1.0162,1.0027,1.0096,0.0,normal,0.0,normal,0.0,normal,0.0,NORMAL,0.0,0.0,100,normal,YES,PASS,0.0,0.0,0.006,0.0,
13:12:24.847,1.066,1.0106,1.0059,0.0,normal,0.0,normal,0.0,normal,0.0,NORMAL,0.1,0.0,100,normal,YES,PASS,0.0,0.0,0.026,0.0,
13:12:25.106,1.0065,1.0011,1.0079,0.0,normal,0.0,normal,0.0,normal,0.0,NORMAL,0.0,0.0,100,normal,YES,PASS,0.0,0.0,0.003,0.0,
13:12:25.309,1.0118,1.0047,1.001,0.0,normal,0.0,normal,0.0,normal,0.0,NORMAL,0.0,0.0,100,normal,YES,PASS,0.0,0.0,0.005,0.0,
13:12:25.505,1.0076,1.0023,1.0023,0.0,normal,0.0,normal,0.0,normal,0.0,NORMAL,0.0,0.0,100,normal,YES,PASS,0.0,0.0,0.003,0.0,
13:12:25.791,1.0436,1.0079,1.0022,0.0,normal,0.0,normal,0.0,normal,0.0,NORMAL,0.1,0.0,100,normal,YES,PASS,0.0,0.0,0.017,0.0,
13:12:26.057,1.0346,1.0057,1.0139,0.0,normal,0.0,normal,0.0,normal,0.0,NORMAL,0.1,0.0,100,normal,YES,PASS,0.0,0.0,0.014,0.0,
13:12:26.282,1.0582,1.0028,1.0075,0.0,normal,0.0,normal,0.0,normal,0.0,NORMAL,0.1,0.0,100,normal,YES,PASS,0.0,0.0,0.023,0.0,
13:12:26.488,1.0059,1.0026,1.0097,0.0,normal,0.0,normal,0.0,normal,0.0,NORMAL,0.0,0.0,100,normal,YES,PASS,0.0,0.0,0.002,0.0,
13:12:26.700,1.0276,1.0001,1.0064,0.0,normal,0.0,normal,0.0,normal,0.0,NORMAL,0.1,0.0,100,normal,YES,PASS,0.0,0.0,0.011,0.0,
13:12:26.928,1.0421,1.0007,1.0026,0.0,normal,0.0,normal,0.0,normal,0.0,NORMAL,0.1,0.0,100,normal,YES,PASS,0.0,0.0,0.017,0.0,
13:12:27.119,1.0774,1.0023,1.0101,0.0,normal,0.0,normal,0.0,normal,0.0,NORMAL,0.2,0.0,100,normal,YES,PASS,0.0,0.0,0.031,0.0,
13:12:27.311,1.0077,1.0129,1.0018,0.0,normal,0.0,normal,0.0,normal,0.0,NORMAL,0.0,0.0,100,normal,YES,PASS,0.0,0.0,0.003,0.0,
13:12:27.490,1.0106,1.0052,1.0119,0.0,normal,0.0,normal,0.0,normal,0.0,NORMAL,0.0,0.0,100,normal,YES,PASS,0.0,0.0,0.004,0.0,
13:12:27.665,1.019,1.0005,1.0081,0.0,normal,0.0,normal,0.0,normal,0.0,NORMAL,0.0,0.0,100,normal,YES,PASS,0.0,0.0,0.008,0.0,
13:12:27.827,1.0284,1.003,1.0007,0.0,normal,0.0,normal,0.0,normal,0.0,NORMAL,0.1,0.0,100,normal,YES,PASS,0.0,0.0,0.011,0.0,
13:12:28.000,1.0504,1.011,1.0101,0.0,normal,0.0,normal,0.0,normal,0.0,NORMAL,0.1,0.0,100,normal,YES,PASS,0.0,0.0,0.02,0.0,
13:12:28.173,1.0098,1.0116,1.0006,0.0,normal,0.0,normal,0.0,normal,0.0,NORMAL,0.0,0.0,100,normal,YES,PASS,0.0,0.0,0.004,0.0,
13:12:28.339,1.0177,1.0043,1.0091,0.0,normal,0.0,normal,0.0,normal,0.0,NORMAL,0.0,0.0,100,normal,YES,PASS,0.0,0.0,0.007,0.0,
13:12:28.628,1.0271,1.0012,1.0084,0.0,normal,0.0,normal,0.0,normal,0.0,NORMAL,0.1,0.0,100,normal,YES,PASS,0.0,0.0,0.011,0.0,
13:12:28.799,1.0139,1.0119,1.0014,0.0,normal,0.0,normal,0.0,normal,0.0,NORMAL,0.0,0.0,100,normal,YES,PASS,0.0,0.0,0.006,0.0,
13:12:28.956,1.0109,1.0041,1.0036,0.0,normal,0.0,normal,0.0,normal,0.0,NORMAL,0.0,0.0,100,normal,YES,PASS,0.0,0.0,0.004,0.0,
13:12:29.114,1.0078,1.0052,1.0068,0.0,normal,0.0,normal,0.0,normal,0.0,NORMAL,0.0,0.0,100,normal,YES,PASS,0.0,0.0,0.003,0.0,
13:12:29.292,1.047,1.0096,1.0091,0.0,normal,0.0,normal,0.0,normal,0.0,NORMAL,0.1,0.0,100,normal,YES,PASS,0.0,0.0,0.019,0.0,
13:12:29.464,1.0204,1.0051,1.0011,0.0,normal,0.0,normal,0.0,normal,0.0,NORMAL,0.0,0.0,100,normal,YES,PASS,0.0,0.0,0.008,0.0,
13:12:29.641,1.0435,1.016,1.0063,0.0,normal,0.0,normal,0.0,normal,0.0,NORMAL,0.1,0.0,100,normal,YES,PASS,0.0,0.0,0.017,0.0,
13:12:29.801,1.0215,1.0104,1.0114,0.0,normal,0.0,normal,0.0,normal,0.0,NORMAL,0.0,0.0,100,normal,YES,PASS,0.0,0.0,0.009,0.0,
13:12:29.975,1.004,1.0111,1.0009,0.0,normal,0.0,normal,0.0,normal,0.0,NORMAL,0.0,0.0,100,normal,YES,PASS,0.0,0.0,0.002,0.0,
13:12:30.152,1.0491,1.0072,1.0002,0.0,normal,0.0,normal,0.0,normal,0.0,NORMAL,0.1,0.0,100,normal,YES,PASS,0.0,0.0,0.02,0.0,
13:12:30.320,1.0375,1.0069,1.0076,0.0,normal,0.0,normal,0.0,normal,0.0,NORMAL,0.1,0.0,100,normal,YES,PASS,0.0,0.0,0.015,0.0,
13:12:30.517,1.0205,1.0005,1.0076,0.0,normal,0.0,normal,0.0,normal,0.0,NORMAL,0.0,0.0,100,normal,YES,PASS,0.0,0.0,0.008,0.0,
13:12:30.700,1.0104,1.0116,1.0065,0.0,normal,0.0,normal,0.0,normal,0.0,NORMAL,0.0,0.0,100,normal,YES,PASS,0.0,0.0,0.004,0.0,
13:12:30.862,1.0439,1.0054,1.0122,0.0,normal,0.0,normal,0.0,normal,0.0,NORMAL,0.1,0.0,100,normal,YES,PASS,0.0,0.0,0.018,0.0,
13:12:31.042,1.0603,1.0093,1.0076,0.0,normal,0.0,normal,0.0,normal,0.0,NORMAL,0.1,0.0,100,normal,YES,PASS,0.0,0.0,0.024,0.0,
13:12:31.219,1.0304,1.0075,1.0104,0.0,normal,0.0,normal,0.0,normal,0.0,NORMAL,0.1,0.0,100,normal,YES,PASS,0.0,0.0,0.012,0.0,
13:12:31.389,1.0003,1.0112,1.0018,0.0,normal,0.0,normal,0.0,normal,0.0,NORMAL,0.0,0.0,100,normal,YES,PASS,0.0,0.0,0.0,0.0,
13:12:31.556,1.0093,1.006,1.012,0.0,normal,0.0,normal,0.0,normal,0.0,NORMAL,0.0,0.0,100,normal,YES,PASS,0.0,0.0,0.004,0.0,
13:12:31.735,1.0301,1.0024,1.0053,0.0,normal,0.0,normal,0.0,normal,0.0,NORMAL,0.1,0.0,100,normal,YES,PASS,0.0,0.0,0.012,0.0,
13:12:31.920,1.0062,1.0028,1.0011,0.0,normal,0.0,normal,0.0,normal,0.0,NORMAL,0.0,0.0,100,normal,YES,PASS,0.0,0.0,0.002,0.0,
13:12:32.087,1.0618,1.0025,1.0094,0.0,normal,0.0,normal,0.0,normal,0.0,NORMAL,0.1,0.0,100,normal,YES,PASS,0.0,0.0,0.025,0.0,
13:12:32.260,1.0118,1.0072,1.0008,0.0,normal,0.0,normal,0.0,normal,0.0,NORMAL,0.0,0.0,100,normal,YES,PASS,0.0,0.0,0.005,0.0,
13:12:32.427,1.0369,1.0139,1.0061,0.0,normal,0.0,normal,0.0,normal,0.0,NORMAL,0.1,0.0,100,normal,YES,PASS,0.0,0.0,0.015,0.0,
13:12:32.599,1.0174,1.0087,1.0049,0.0,normal,0.0,normal,0.0,normal,0.0,NORMAL,0.0,0.0,100,normal,YES,PASS,0.0,0.0,0.007,0.0,
13:12:32.766,1.0182,1.0113,1.0118,0.0,normal,0.0,normal,0.0,normal,0.0,NORMAL,0.0,0.0,100,normal,YES,PASS,0.0,0.0,0.007,0.0,
13:12:32.937,1.0319,1.011,1.0097,0.0,normal,0.0,normal,0.0,normal,0.0,NORMAL,0.1,0.0,100,normal,YES,PASS,0.0,0.0,0.013,0.0,
13:12:33.116,1.0016,1.0002,1.0093,0.0,normal,0.0,normal,0.0,normal,0.0,NORMAL,0.0,0.0,100,normal,YES,PASS,0.0,0.0,0.001,0.0,
13:12:33.342,1.0109,1.0023,1.0131,0.0,normal,0.0,normal,0.0,normal,0.0,NORMAL,0.0,0.0,100,normal,YES,PASS,0.0,0.0,0.004,0.0,
13:12:33.528,1.071,1.002,1.0088,0.0,normal,0.0,normal,0.0,normal,0.0,NORMAL,0.1,0.0,100,normal,YES,PASS,0.0,0.0,0.028,0.0,
13:12:33.706,1.0478,1.0048,1.011,0.0,normal,0.0,normal,0.0,normal,0.0,NORMAL,0.1,0.0,100,normal,YES,PASS,0.0,0.0,0.019,0.0,
13:12:33.877,1.0404,1.0119,1.0065,0.0,normal,0.0,normal,0.0,normal,0.0,NORMAL,0.1,0.0,100,normal,YES,PASS,0.0,0.0,0.016,0.0,
13:12:34.100,1.0484,1.0094,1.0008,0.0,normal,0.0,normal,0.0,normal,0.0,NORMAL,0.1,0.0,100,normal,YES,PASS,0.0,0.0,0.019,0.0,
13:12:34.285,1.0624,1.0111,1.0067,0.0,normal,0.0,normal,0.0,normal,0.0,NORMAL,0.1,0.0,100,normal,YES,PASS,0.0,0.0,0.025,0.0,
13:12:34.463,1.051,1.0134,1.0027,0.0,normal,0.0,normal,0.0,normal,0.0,NORMAL,0.1,0.0,100,normal,YES,PASS,0.0,0.0,0.02,0.0,
13:12:34.648,1.0582,1.0101,1.0093,0.0,normal,0.0,normal,0.0,normal,0.0,NORMAL,0.1,0.0,100,normal,YES,PASS,0.0,0.0,0.023,0.0,
13:12:34.817,1.0557,1.0094,1.001,0.0,normal,0.0,normal,0.0,normal,0.0,NORMAL,0.1,0.0,100,normal,YES,PASS,0.0,0.0,0.022,0.0,
13:12:34.984,1.0199,1.0102,1.0073,0.0,normal,0.0,normal,0.0,normal,0.0,NORMAL,0.0,0.0,100,normal,YES,PASS,0.0,0.0,0.008,0.0,
13:12:35.159,1.0408,1.0075,1.0146,0.0,normal,0.0,normal,0.0,normal,0.0,NORMAL,0.1,0.0,100,normal,YES,PASS,0.0,0.0,0.016,0.0,
13:12:35.323,1.0385,1.0083,1.007,0.0,normal,0.0,normal,0.0,normal,0.0,NORMAL,0.1,0.0,100,normal,YES,PASS,0.0,0.0,0.015,0.0,
13:12:35.496,1.0049,1.0083,1.0014,0.0,normal,0.0,normal,0.0,normal,0.0,NORMAL,0.0,0.0,100,normal,YES,PASS,0.0,0.0,0.002,0.0,
13:12:35.672,1.0244,1.0127,1.0092,0.0,normal,0.0,normal,0.0,normal,0.0,NORMAL,0.0,0.0,100,normal,YES,PASS,0.0,0.0,0.01,0.0,
13:12:35.830,1.0252,1.0091,1.0098,0.0,normal,0.0,normal,0.0,normal,0.0,NORMAL,0.1,0.0,100,normal,YES,PASS,0.0,0.0,0.01,0.0,
13:12:36.003,1.0445,1.0041,1.0088,0.0,normal,0.0,normal,0.0,normal,0.0,NORMAL,0.1,0.0,100,normal,YES,PASS,0.0,0.0,0.018,0.0,
13:12:36.180,1.0613,1.008,1.0002,0.0,normal,0.0,normal,0.0,normal,0.0,NORMAL,0.1,0.0,100,normal,YES,PASS,0.0,0.0,0.025,0.0,
13:12:36.354,1.0043,1.0155,1.0126,0.0,normal,0.0,normal,0.0,normal,0.0,NORMAL,0.0,0.0,100,normal,YES,PASS,0.0,0.0,0.002,0.0,
13:12:36.528,1.0003,1.0072,1.0038,0.0,normal,0.0,normal,0.0,normal,0.0,NORMAL,0.0,0.0,100,normal,YES,PASS,0.0,0.0,0.0,0.0,
13:12:36.691,1.0207,1.01,1.0075,0.0,normal,0.0,normal,0.0,normal,0.0,NORMAL,0.0,0.0,100,normal,YES,PASS,0.0,0.0,0.008,0.0,
13:12:36.855,1.0142,1.005,1.0064,0.0,normal,0.0,normal,0.0,normal,0.0,NORMAL,0.0,0.0,100,normal,YES,PASS,0.0,0.0,0.006,0.0,
13:12:37.030,1.0419,1.0007,1.0058,0.0,normal,0.0,normal,0.0,normal,0.0,NORMAL,0.1,0.0,100,normal,YES,PASS,0.0,0.0,0.017,0.0,
13:12:37.197,1.0161,1.0086,1.0089,0.0,normal,0.0,normal,0.0,normal,0.0,NORMAL,0.0,0.0,100,normal,YES,PASS,0.0,0.0,0.006,0.0,
13:12:37.373,1.0406,1.0098,1.0041,0.0,normal,0.0,normal,0.0,normal,0.0,NORMAL,0.1,0.0,100,normal,YES,PASS,0.0,0.0,0.016,0.0,
13:12:37.542,1.0001,1.001,1.0121,0.0,normal,0.0,normal,0.0,normal,0.0,NORMAL,0.0,0.0,100,normal,YES,PASS,0.0,0.0,0.0,0.0,
13:12:37.710,1.0399,1.0129,1.01,0.0,normal,0.0,normal,0.0,normal,0.0,NORMAL,0.1,0.0,100,normal,YES,PASS,0.0,0.0,0.016,0.0,
13:12:37.890,1.0265,1.0077,1.0087,0.0,normal,0.0,normal,0.0,normal,0.0,NORMAL,0.1,0.0,100,normal,YES,PASS,0.0,0.0,0.011,0.0,
13:12:38.076,1.0375,1.0004,1.0048,0.0,normal,0.0,normal,0.0,normal,0.0,NORMAL,0.1,0.0,100,normal,YES,PASS,0.0,0.0,0.015,0.0,
13:12:38.274,1.0047,1.012,1.009,0.0,normal,0.0,normal,0.0,normal,0.0,NORMAL,0.0,0.0,100,normal,YES,PASS,0.0,0.0,0.002,0.0,
13:12:38.478,1.0309,1.0087,1.0031,0.0,normal,0.0,normal,0.0,normal,0.0,NORMAL,0.1,0.0,100,normal,YES,PASS,0.0,0.0,0.012,0.0,
13:12:38.689,1.0469,1.0156,1.0032,0.0,normal,0.0,normal,0.0,normal,0.0,NORMAL,0.1,0.0,100,normal,YES,PASS,0.0,0.0,0.019,0.0,
13:12:38.937,1.0164,1.0077,1.0084,0.0,normal,0.0,normal,0.0,normal,0.0,NORMAL,0.0,0.0,100,normal,YES,PASS,0.0,0.0,0.007,0.0,
13:12:39.190,1.0639,1.01,1.0047,0.0,normal,0.0,normal,0.0,normal,0.0,NORMAL,0.1,0.0,100,normal,YES,PASS,0.0,0.0,0.026,0.0,
13:12:39.435,1.0681,1.0039,1.0019,0.0,normal,0.0,normal,0.0,normal,0.0,NORMAL,0.1,0.0,100,normal,YES,PASS,0.0,0.0,0.027,0.0,
13:12:39.703,1.0111,1.0021,1.0133,0.0,normal,0.0,normal,0.0,normal,0.0,NORMAL,0.0,0.0,100,normal,YES,PASS,0.0,0.0,0.004,0.0,
13:12:39.934,1.0571,1.0079,1.0064,0.0,normal,0.0,normal,0.0,normal,0.0,NORMAL,0.1,0.0,100,normal,YES,PASS,0.0,0.0,0.023,0.0,
13:12:40.158,1.0418,1.0106,1.01,0.0,normal,0.0,normal,0.0,normal,0.0,NORMAL,0.1,0.0,100,normal,YES,PASS,0.0,0.0,0.017,0.0,
13:12:40.371,1.0098,1.0088,1.0016,0.0,normal,0.0,normal,0.0,normal,0.0,NORMAL,0.0,0.0,100,normal,YES,PASS,0.0,0.0,0.004,0.0,
13:12:40.584,1.0343,1.0088,1.0025,0.0,normal,0.0,normal,0.0,normal,0.0,NORMAL,0.1,0.0,100,normal,YES,PASS,0.0,0.0,0.014,0.0,
13:12:40.806,1.0121,1.0015,1.0001,0.0,normal,0.0,normal,0.0,normal,0.0,NORMAL,0.0,0.0,100,normal,YES,PASS,0.0,0.0,0.005,0.0,
13:12:41.034,1.0353,1.0174,1.0071,0.0,normal,0.0,normal,0.0,normal,0.0,NORMAL,0.1,0.0,100,normal,YES,PASS,0.0,0.0,0.014,0.0,
13:12:41.287,1.0404,1.0096,1.008,0.0,normal,0.0,normal,0.0,normal,0.0,NORMAL,0.1,0.0,100,normal,YES,PASS,0.0,0.0,0.016,0.0,
13:12:41.517,1.0187,1.0103,1.0144,0.0,normal,0.0,normal,0.0,normal,0.0,NORMAL,0.0,0.0,100,normal,YES,PASS,0.0,0.0,0.007,0.0,
13:12:41.739,1.0646,1.0027,1.0082,0.0,normal,0.0,normal,0.0,normal,0.0,NORMAL,0.1,0.0,100,normal,YES,PASS,0.0,0.0,0.026,0.0,
13:12:41.951,1.0472,1.0102,1.0053,0.0,normal,0.0,normal,0.0,normal,0.0,NORMAL,0.1,0.0,100,normal,YES,PASS,0.0,0.0,0.019,0.0,
13:12:42.189,1.0158,1.0155,1.0037,0.0,normal,0.0,normal,0.0,normal,0.0,NORMAL,0.0,0.0,100,normal,YES,PASS,0.0,0.0,0.006,0.0,
13:12:42.403,1.0301,1.0096,1.0056,0.0,normal,0.0,normal,0.0,normal,0.0,NORMAL,0.1,0.0,100,normal,YES,PASS,0.0,0.0,0.012,0.0,
13:12:42.618,1.054,1.0025,1.0081,0.0,normal,0.0,normal,0.0,normal,0.0,NORMAL,0.1,0.0,100,normal,YES,PASS,0.0,0.0,0.022,0.0,
13:12:42.856,1.0312,1.0092,1.0121,0.0,normal,0.0,normal,0.0,normal,0.0,NORMAL,0.1,0.0,100,normal,YES,PASS,0.0,0.0,0.012,0.0,
13:12:43.087,1.0277,1.0085,1.0126,0.0,normal,0.0,normal,0.0,normal,0.0,NORMAL,0.1,0.0,100,normal,YES,PASS,0.0,0.0,0.011,0.0,
13:12:43.301,1.0424,1.0054,1.0057,0.0,normal,0.0,normal,0.0,normal,0.0,NORMAL,0.1,0.0,100,normal,YES,PASS,0.0,0.0,0.017,0.0,
13:12:43.504,1.0661,1.0084,1.0114,0.0,normal,0.0,normal,0.0,normal,0.0,NORMAL,0.1,0.0,100,normal,YES,PASS,0.0,0.0,0.026,0.0,
13:12:43.702,1.0341,1.0036,1.0026,0.0,normal,0.0,normal,0.0,normal,0.0,NORMAL,0.1,0.0,100,normal,YES,PASS,0.0,0.0,0.014,0.0,
13:12:43.924,1.0139,1.0115,1.0085,0.0,normal,0.0,normal,0.0,normal,0.0,NORMAL,0.0,0.0,100,normal,YES,PASS,0.0,0.0,0.006,0.0,
13:12:44.139,1.0134,1.0031,1.0064,0.0,normal,0.0,normal,0.0,normal,0.0,NORMAL,0.0,0.0,100,normal,YES,PASS,0.0,0.0,0.005,0.0,
13:12:44.370,1.0103,1.0016,1.005,0.0,normal,0.0,normal,0.0,normal,0.0,NORMAL,0.0,0.0,100,normal,YES,PASS,0.0,0.0,0.004,0.0,
13:12:44.584,1.0202,1.0096,1.0069,0.0,normal,0.0,normal,0.0,normal,0.0,NORMAL,0.0,0.0,100,normal,YES,PASS,0.0,0.0,0.008,0.0,
13:12:44.806,1.0142,1.0099,1.0108,0.0,normal,0.0,normal,0.0,normal,0.0,NORMAL,0.0,0.0,100,normal,YES,PASS,0.0,0.0,0.006,0.0,
13:12:45.019,1.0077,1.0093,1.0066,0.0,normal,0.0,normal,0.0,normal,0.0,NORMAL,0.0,0.0,100,normal,YES,PASS,0.0,0.0,0.003,0.0,
13:12:45.257,1.0125,1.0041,1.0097,0.0,normal,0.0,normal,0.0,normal,0.0,NORMAL,0.0,0.0,100,normal,YES,PASS,0.0,0.0,0.005,0.0,
13:12:45.486,1.0023,1.0053,1.0095,0.0,normal,0.0,normal,0.0,normal,0.0,NORMAL,0.0,0.0,100,normal,YES,PASS,0.0,0.0,0.001,0.0,
13:12:45.701,1.0387,1.008,1.0111,0.0,normal,0.0,normal,0.0,normal,0.0,NORMAL,0.1,0.0,100,normal,YES,PASS,0.0,0.0,0.015,0.0,
13:12:45.932,1.046,1.0122,1.0091,0.0,normal,0.0,normal,0.0,normal,0.0,NORMAL,0.1,0.0,100,normal,YES,PASS,0.0,0.0,0.018,0.0,
13:12:46.155,1.053,1.0055,1.0143,0.0,normal,0.0,normal,0.0,normal,0.0,NORMAL,0.1,0.0,100,normal,YES,PASS,0.0,0.0,0.021,0.0,
13:12:46.369,1.0099,1.0114,1.0007,0.0,normal,0.0,normal,0.0,normal,0.0,NORMAL,0.0,0.0,100,normal,YES,PASS,0.0,0.0,0.004,0.0,
13:12:46.599,1.0311,1.0075,1.0085,0.0,normal,0.0,normal,0.0,normal,0.0,NORMAL,0.1,0.0,100,normal,YES,PASS,0.0,0.0,0.012,0.0,
13:12:46.806,1.0655,1.0042,1.0017,0.0,normal,0.0,normal,0.0,normal,0.0,NORMAL,0.1,0.0,100,normal,YES,PASS,0.0,0.0,0.026,0.0,
13:12:47.052,1.0005,1.0,1.0074,0.0,normal,0.0,normal,0.0,normal,0.0,NORMAL,0.0,0.0,100,normal,YES,PASS,0.0,0.0,0.0,0.0,
13:12:47.274,1.009,1.0039,1.0117,0.0,normal,0.0,normal,0.0,normal,0.0,NORMAL,0.0,0.0,100,normal,YES,PASS,0.0,0.0,0.004,0.0,
13:12:47.503,1.0586,1.0147,1.0025,0.0,normal,0.0,normal,0.0,normal,0.0,NORMAL,0.1,0.0,100,normal,YES,PASS,0.0,0.0,0.023,0.0,
13:12:47.733,1.0476,1.0086,1.0086,0.0,normal,0.0,normal,0.0,normal,0.0,NORMAL,0.1,0.0,100,normal,YES,PASS,0.0,0.0,0.019,0.0,
13:12:47.971,1.0196,1.0011,1.0078,0.0,normal,0.0,normal,0.0,normal,0.0,NORMAL,0.0,0.0,100,normal,YES,PASS,0.0,0.0,0.008,0.0,
13:12:48.270,1.0337,1.0073,1.0052,0.0,normal,0.0,normal,0.0,normal,0.0,NORMAL,0.1,0.0,100,normal,YES,PASS,0.0,0.0,0.013,0.0,
13:12:48.505,1.0258,1.007,1.0017,0.0,normal,0.0,normal,0.0,normal,0.0,NORMAL,0.1,0.0,100,normal,YES,PASS,0.0,0.0,0.01,0.0,
13:12:48.750,1.0202,1.0098,1.0078,0.0,normal,0.0,normal,0.0,normal,0.0,NORMAL,0.0,0.0,100,normal,YES,PASS,0.0,0.0,0.008,0.0,
13:12:49.018,1.0389,1.0045,1.0001,0.0,normal,0.0,normal,0.0,normal,0.0,NORMAL,0.1,0.0,100,normal,YES,PASS,0.0,0.0,0.016,0.0,
13:12:49.255,1.0724,1.0121,1.0036,0.0,normal,0.0,normal,0.0,normal,0.0,NORMAL,0.1,0.0,100,normal,YES,PASS,0.0,0.0,0.029,0.0,
13:12:49.485,1.0133,1.0034,1.0042,0.0,normal,0.0,normal,0.0,normal,0.0,NORMAL,0.0,0.0,100,normal,YES,PASS,0.0,0.0,0.005,0.0,
13:12:49.716,1.0261,1.0086,1.0067,0.0,normal,0.0,normal,0.0,normal,0.0,NORMAL,0.1,0.0,100,normal,YES,PASS,0.0,0.0,0.01,0.0,
13:12:49.938,1.0296,1.0132,1.0083,0.0,normal,0.0,normal,0.0,normal,0.0,NORMAL,0.1,0.0,100,normal,YES,PASS,0.0,0.0,0.012,0.0,
13:12:50.166,1.0364,1.0116,1.0084,0.0,normal,0.0,normal,0.0,normal,0.0,NORMAL,0.1,0.0,100,normal,YES,PASS,0.0,0.0,0.015,0.0,
13:12:50.406,1.0602,1.0099,1.0032,0.0,normal,0.0,normal,0.0,normal,0.0,NORMAL,0.1,0.0,100,normal,YES,PASS,0.0,0.0,0.024,0.0,
13:12:50.635,1.0312,1.0081,1.0067,0.0,normal,0.0,normal,0.0,normal,0.0,NORMAL,0.1,0.0,100,normal,YES,PASS,0.0,0.0,0.012,0.0,
13:12:50.871,1.0074,1.0017,1.0148,0.0,normal,0.0,normal,0.0,normal,0.0,NORMAL,0.0,0.0,100,normal,YES,PASS,0.0,0.0,0.003,0.0,
13:12:51.100,1.0024,1.0072,1.0116,0.0,normal,0.0,normal,0.0,normal,0.0,NORMAL,0.0,0.0,100,normal,YES,PASS,0.0,0.0,0.001,0.0,
13:12:51.322,1.0411,1.0073,1.0014,0.0,normal,0.0,normal,0.0,normal,0.0,NORMAL,0.1,0.0,100,normal,YES,PASS,0.0,0.0,0.016,0.0,
13:12:51.520,1.025,1.0103,1.0083,0.0,normal,0.0,normal,0.0,normal,0.0,NORMAL,0.0,0.0,100,normal,YES,PASS,0.0,0.0,0.01,0.0,
13:12:51.733,1.0594,1.0021,1.0061,0.0,normal,0.0,normal,0.0,normal,0.0,NORMAL,0.1,0.0,100,normal,YES,PASS,0.0,0.0,0.024,0.0,
13:12:51.922,1.06,1.0055,1.0009,0.0,normal,0.0,normal,0.0,normal,0.0,NORMAL,0.1,0.0,100,normal,YES,PASS,0.0,0.0,0.024,0.0,
13:12:52.136,1.0308,1.0136,1.0017,0.0,normal,0.0,normal,0.0,normal,0.0,NORMAL,0.1,0.0,100,normal,YES,PASS,0.0,0.0,0.012,0.0,
13:12:52.317,1.0455,1.009,1.0121,0.0,normal,0.0,normal,0.0,normal,0.0,NORMAL,0.1,0.0,100,normal,YES,PASS,0.0,0.0,0.018,0.0,
13:12:52.517,1.004,1.0086,1.0075,0.0,normal,0.0,normal,0.0,normal,0.0,NORMAL,0.0,0.0,100,normal,YES,PASS,0.0,0.0,0.002,0.0,
13:12:52.724,1.0401,1.0063,1.0045,0.0,normal,0.0,normal,0.0,normal,0.0,NORMAL,0.1,0.0,100,normal,YES,PASS,0.0,0.0,0.016,0.0,
13:12:52.919,1.0462,1.0111,1.0067,0.0,normal,0.0,normal,0.0,normal,0.0,NORMAL,0.1,0.0,100,normal,YES,PASS,0.0,0.0,0.018,0.0,
13:12:53.117,1.0304,1.0082,1.0094,0.0,normal,0.0,normal,0.0,normal,0.0,NORMAL,0.1,0.0,100,normal,YES,PASS,0.0,0.0,0.012,0.0,
13:12:53.298,1.0451,1.0109,1.0009,0.0,normal,0.0,normal,0.0,normal,0.0,NORMAL,0.1,0.0,100,normal,YES,PASS,0.0,0.0,0.018,0.0,
13:12:53.505,1.0016,1.01,1.0064,0.0,normal,0.0,normal,0.0,normal,0.0,NORMAL,0.0,0.0,100,normal,YES,PASS,0.0,0.0,0.001,0.0,
13:12:53.710,1.0045,1.0042,1.0096,0.0,normal,0.0,normal,0.0,normal,0.0,NORMAL,0.0,0.0,100,normal,YES,PASS,0.0,0.0,0.002,0.0,
13:12:53.902,1.0006,1.0037,1.0084,0.0,normal,0.0,normal,0.0,normal,0.0,NORMAL,0.0,0.0,100,normal,YES,PASS,0.0,0.0,0.0,0.0,
13:12:54.115,1.0538,1.0106,1.0021,0.0,normal,0.0,normal,0.0,normal,0.0,NORMAL,0.1,0.0,100,normal,YES,PASS,0.0,0.0,0.022,0.0,
13:12:54.303,1.0429,1.0131,1.0125,0.0,normal,0.0,normal,0.0,normal,0.0,NORMAL,0.1,0.0,100,normal,YES,PASS,0.0,0.0,0.017,0.0,
13:12:54.517,1.0159,1.008,1.0007,0.0,normal,0.0,normal,0.0,normal,0.0,NORMAL,0.0,0.0,100,normal,YES,PASS,0.0,0.0,0.006,0.0,
13:12:54.732,1.0318,1.0101,1.0052,0.0,normal,0.0,normal,0.0,normal,0.0,NORMAL,0.1,0.0,100,normal,YES,PASS,0.0,0.0,0.013,0.0,
13:12:54.921,1.0037,1.0115,1.0063,0.0,normal,0.0,normal,0.0,normal,0.0,NORMAL,0.0,0.0,100,normal,YES,PASS,0.0,0.0,0.001,0.0,
13:12:55.135,1.0165,1.0082,1.0054,0.0,normal,0.0,normal,0.0,normal,0.0,NORMAL,0.0,0.0,100,normal,YES,PASS,0.0,0.0,0.007,0.0,
13:12:55.332,1.0053,1.0102,1.0026,0.0,normal,0.0,normal,0.0,normal,0.0,NORMAL,0.0,0.0,100,normal,YES,PASS,0.0,0.0,0.002,0.0,
13:12:55.531,1.0691,1.006,1.0106,0.0,normal,0.0,normal,0.0,normal,0.0,NORMAL,0.1,0.0,100,normal,YES,PASS,0.0,0.0,0.028,0.0,
13:12:55.706,1.0563,1.0109,1.0069,0.0,normal,0.0,normal,0.0,normal,0.0,NORMAL,0.1,0.0,100,normal,YES,PASS,0.0,0.0,0.023,0.0,
13:12:55.919,1.0218,1.0055,1.0093,0.0,normal,0.0,normal,0.0,normal,0.0,NORMAL,0.0,0.0,100,normal,YES,PASS,0.0,0.0,0.009,0.0,
13:12:56.100,1.0299,1.0028,1.0102,0.0,normal,0.0,normal,0.0,normal,0.0,NORMAL,0.1,0.0,100,normal,YES,PASS,0.0,0.0,0.012,0.0,
13:12:56.299,1.0282,1.0034,1.0049,0.0,normal,0.0,normal,0.0,normal,0.0,NORMAL,0.1,0.0,100,normal,YES,PASS,0.0,0.0,0.011,0.0,
13:12:56.506,1.0134,1.0047,1.0029,0.0,normal,0.0,normal,0.0,normal,0.0,NORMAL,0.0,0.0,100,normal,YES,PASS,0.0,0.0,0.005,0.0,
13:12:56.703,1.0381,1.0044,1.003,0.0,normal,0.0,normal,0.0,normal,0.0,NORMAL,0.1,0.0,100,normal,YES,PASS,0.0,0.0,0.015,0.0,
13:12:56.885,1.079,1.0077,1.0059,0.0,normal,0.0,normal,0.0,normal,0.0,NORMAL,0.2,0.0,100,normal,YES,PASS,0.0,0.0,0.032,0.0,
13:12:57.083,1.0434,1.0091,1.0071,0.0,normal,0.0,normal,0.0,normal,0.0,NORMAL,0.1,0.0,100,normal,YES,PASS,0.0,0.0,0.017,0.0,
13:12:57.265,1.0378,1.0092,1.0016,0.0,normal,0.0,normal,0.0,normal,0.0,NORMAL,0.1,0.0,100,normal,YES,PASS,0.0,0.0,0.015,0.0,
13:12:57.454,1.0507,1.0135,1.012,0.0,normal,0.0,normal,0.0,normal,0.0,NORMAL,0.1,0.0,100,normal,YES,PASS,0.0,0.0,0.02,0.0,
13:12:57.651,1.0468,1.0024,1.0094,0.0,normal,0.0,normal,0.0,normal,0.0,NORMAL,0.1,0.0,100,normal,YES,PASS,0.0,0.0,0.019,0.0,
13:12:57.849,1.0018,1.0065,1.0113,0.0,normal,0.0,normal,0.0,normal,0.0,NORMAL,0.0,0.0,100,normal,YES,PASS,0.0,0.0,0.001,0.0,
13:12:58.056,1.0059,1.011,1.0027,0.0,normal,0.0,normal,0.0,normal,0.0,NORMAL,0.0,0.0,100,normal,YES,PASS,0.0,0.0,0.002,0.0,
13:12:58.253,1.0025,1.0115,1.0041,0.0,normal,0.0,normal,0.0,normal,0.0,NORMAL,0.0,0.0,100,normal,YES,PASS,0.0,0.0,0.001,0.0,
13:12:58.451,1.0549,1.0026,1.0002,0.0,normal,0.0,normal,0.0,normal,0.0,NORMAL,0.1,0.0,100,normal,YES,PASS,0.0,0.0,0.022,0.0,
13:12:58.666,1.023,1.0126,1.0011,0.0,normal,0.0,normal,0.0,normal,0.0,NORMAL,0.0,0.0,100,normal,YES,PASS,0.0,0.0,0.009,0.0,
13:12:58.872,1.018,1.0012,1.0016,0.0,normal,0.0,normal,0.0,normal,0.0,NORMAL,0.0,0.0,100,normal,YES,PASS,0.0,0.0,0.007,0.0,
13:12:59.068,1.0064,1.0057,1.0105,0.0,normal,0.0,normal,0.0,normal,0.0,NORMAL,0.0,0.0,100,normal,YES,PASS,0.0,0.0,0.003,0.0,
13:12:59.266,1.043,1.0133,1.0052,0.0,normal,0.0,normal,0.0,normal,0.0,NORMAL,0.1,0.0,100,normal,YES,PASS,0.0,0.0,0.017,0.0,
13:12:59.465,1.0191,1.0089,1.0005,0.0,normal,0.0,normal,0.0,normal,0.0,NORMAL,0.0,0.0,100,normal,YES,PASS,0.0,0.0,0.008,0.0,
13:12:59.655,1.045,1.0126,1.0124,0.0,normal,0.0,normal,0.0,normal,0.0,NORMAL,0.1,0.0,100,normal,YES,PASS,0.0,0.0,0.018,0.0,
13:12:59.852,1.0032,1.0111,1.011,0.0,normal,0.0,normal,0.0,normal,0.0,NORMAL,0.0,0.0,100,normal,YES,PASS,0.0,0.0,0.001,0.0,
13:13:00.066,1.0278,1.0059,1.0053,0.0,normal,0.0,normal,0.0,normal,0.0,NORMAL,0.1,0.0,100,normal,YES,PASS,0.0,0.0,0.011,0.0,
13:13:00.289,1.0114,1.0112,1.0056,0.0,normal,0.0,normal,0.0,normal,0.0,NORMAL,0.0,0.0,100,normal,YES,PASS,0.0,0.0,0.005,0.0,
13:13:00.471,1.042,1.007,1.0101,0.0,normal,0.0,normal,0.0,normal,0.0,NORMAL,0.1,0.0,100,normal,YES,PASS,0.0,0.0,0.017,0.0,
13:13:00.668,1.0113,1.0045,1.0024,0.0,normal,0.0,normal,0.0,normal,0.0,NORMAL,0.0,0.0,100,normal,YES,PASS,0.0,0.0,0.005,0.0,
13:13:00.883,1.0512,1.0034,1.0087,0.0,normal,0.0,normal,0.0,normal,0.0,NORMAL,0.1,0.0,100,normal,YES,PASS,0.0,0.0,0.02,0.0,
13:13:01.073,1.0148,1.0063,1.009,0.0,normal,0.0,normal,0.0,normal,0.0,NORMAL,0.0,0.0,100,normal,YES,PASS,0.0,0.0,0.006,0.0,
13:13:01.269,1.0295,1.0054,1.0092,0.0,normal,0.0,normal,0.0,normal,0.0,NORMAL,0.1,0.0,100,normal,YES,PASS,0.0,0.0,0.012,0.0,
13:13:01.517,1.0194,1.0045,1.0046,0.0,normal,0.0,normal,0.0,normal,0.0,NORMAL,0.0,0.0,100,normal,YES,PASS,0.0,0.0,0.008,0.0,
13:13:01.731,1.0735,1.0093,1.0084,0.0,normal,0.0,normal,0.0,normal,0.0,NORMAL,0.1,0.0,100,normal,YES,PASS,0.0,0.0,0.029,0.0,
13:13:01.954,1.0035,1.0042,1.0005,0.0,normal,0.0,normal,0.0,normal,0.0,NORMAL,0.0,0.0,100,normal,YES,PASS,0.0,0.0,0.001,0.0,
13:13:02.169,1.023,1.0039,1.0091,0.0,normal,0.0,normal,0.0,normal,0.0,NORMAL,0.0,0.0,100,normal,YES,PASS,0.0,0.0,0.009,0.0,
13:13:02.365,1.0081,1.01,1.0075,0.0,normal,0.0,normal,0.0,normal,0.0,NORMAL,0.0,0.0,100,normal,YES,PASS,0.0,0.0,0.003,0.0,
13:13:02.548,1.0144,1.0032,1.0023,0.0,normal,0.0,normal,0.0,normal,0.0,NORMAL,0.0,0.0,100,normal,YES,PASS,0.0,0.0,0.006,0.0,
13:13:02.754,1.0234,1.0043,1.0021,0.0,normal,0.0,normal,0.0,normal,0.0,NORMAL,0.0,0.0,100,normal,YES,PASS,0.0,0.0,0.009,0.0,
13:13:02.951,1.0317,1.0014,1.0017,0.0,normal,0.0,normal,0.0,normal,0.0,NORMAL,0.1,0.0,100,normal,YES,PASS,0.0,0.0,0.013,0.0,
13:13:03.134,1.0451,1.0032,1.0008,0.0,normal,0.0,normal,0.0,normal,0.0,NORMAL,0.1,0.0,100,normal,YES,PASS,0.0,0.0,0.018,0.0,
13:13:03.332,1.0099,1.0107,1.0114,0.0,normal,0.0,normal,0.0,normal,0.0,NORMAL,0.0,0.0,100,normal,YES,PASS,0.0,0.0,0.004,0.0,
13:13:03.537,1.0548,1.0087,1.0052,0.0,normal,0.0,normal,0.0,normal,0.0,NORMAL,0.1,0.0,100,normal,YES,PASS,0.0,0.0,0.022,0.0,
13:13:03.737,1.0141,1.0034,1.0022,0.0,normal,0.0,normal,0.0,normal,0.0,NORMAL,0.0,0.0,100,normal,YES,PASS,0.0,0.0,0.006,0.0,
13:13:03.935,1.0328,1.0067,1.0001,0.0,normal,0.0,normal,0.0,normal,0.0,NORMAL,0.1,0.0,100,normal,YES,PASS,0.0,0.0,0.013,0.0,
13:13:04.117,1.0553,1.003,1.0005,0.0,normal,0.0,normal,0.0,normal,0.0,NORMAL,0.1,0.0,100,normal,YES,PASS,0.0,0.0,0.022,0.0,
13:13:04.316,1.0317,1.009,1.0143,0.0,normal,0.0,normal,0.0,normal,0.0,NORMAL,0.1,0.0,100,normal,YES,PASS,0.0,0.0,0.013,0.0,
13:13:04.515,1.0026,1.0052,1.0089,0.0,normal,0.0,normal,0.0,normal,0.0,NORMAL,0.0,0.0,100,normal,YES,PASS,0.0,0.0,0.001,0.0,
13:13:04.737,1.0378,1.0026,1.0015,0.0,normal,0.0,normal,0.0,normal,0.0,NORMAL,0.1,0.0,100,normal,YES,PASS,0.0,0.0,0.015,0.0,
13:13:04.935,1.0381,1.0079,1.0014,0.0,normal,0.0,normal,0.0,normal,0.0,NORMAL,0.1,0.0,100,normal,YES,PASS,0.0,0.0,0.015,0.0,
13:13:05.118,1.0241,1.0114,1.0021,0.0,normal,0.0,normal,0.0,normal,0.0,NORMAL,0.0,0.0,100,normal,YES,PASS,0.0,0.0,0.01,0.0,
13:13:05.315,1.0219,1.0047,1.0089,0.0,normal,0.0,normal,0.0,normal,0.0,NORMAL,0.0,0.0,100,normal,YES,PASS,0.0,0.0,0.009,0.0,
13:13:05.521,1.0602,1.0042,1.0086,0.0,normal,0.0,normal,0.0,normal,0.0,NORMAL,0.1,0.0,100,normal,YES,PASS,0.0,0.0,0.024,0.0,
13:13:05.702,1.0052,1.0115,1.0111,0.0,normal,0.0,normal,0.0,normal,0.0,NORMAL,0.0,0.0,100,normal,YES,PASS,0.0,0.0,0.002,0.0,
13:13:05.902,1.0509,1.0074,1.0066,0.0,normal,0.0,normal,0.0,normal,0.0,NORMAL,0.1,0.0,100,normal,YES,PASS,0.0,0.0,0.02,0.0,
13:13:06.115,1.0654,1.0103,1.0041,0.0,normal,0.0,normal,0.0,normal,0.0,NORMAL,0.1,0.0,100,normal,YES,PASS,0.0,0.0,0.026,0.0,
13:13:06.304,1.004,1.0104,1.0107,0.0,normal,0.0,normal,0.0,normal,0.0,NORMAL,0.0,0.0,100,normal,YES,PASS,0.0,0.0,0.002,0.0,
13:13:06.518,1.0522,1.0072,1.0013,0.0,normal,0.0,normal,0.0,normal,0.0,NORMAL,0.1,0.0,100,normal,YES,PASS,0.0,0.0,0.021,0.0,
13:13:06.718,1.0407,1.0035,1.0156,0.0,normal,0.0,normal,0.0,normal,0.0,NORMAL,0.1,0.0,100,normal,YES,PASS,0.0,0.0,0.016,0.0,
13:13:06.915,1.0177,1.0012,1.0068,0.0,normal,0.0,normal,0.0,normal,0.0,NORMAL,0.0,0.0,100,normal,YES,PASS,0.0,0.0,0.007,0.0,
13:13:07.105,1.0359,1.0065,1.0139,0.0,normal,0.0,normal,0.0,normal,0.0,NORMAL,0.1,0.0,100,normal,YES,PASS,0.0,0.0,0.014,0.0,
13:13:07.322,1.041,1.015,1.0089,0.0,normal,0.0,normal,0.0,normal,0.0,NORMAL,0.1,0.0,100,normal,YES,PASS,0.0,0.0,0.016,0.0,
13:13:07.585,1.0633,1.0107,1.0119,0.0,normal,0.0,normal,0.0,normal,0.0,NORMAL,0.1,0.0,100,normal,YES,PASS,0.0,0.0,0.025,0.0,
13:13:07.839,1.0227,1.0142,1.0011,0.0,normal,0.0,normal,0.0,normal,0.0,NORMAL,0.0,0.0,100,normal,YES,PASS,0.0,0.0,0.009,0.0,
13:13:08.053,1.0077,1.0095,1.0119,0.0,normal,0.0,normal,0.0,normal,0.0,NORMAL,0.0,0.0,100,normal,YES,PASS,0.0,0.0,0.003,0.0,
13:13:08.268,1.0218,1.0095,1.0058,0.0,normal,0.0,normal,0.0,normal,0.0,NORMAL,0.0,0.0,100,normal,YES,PASS,0.0,0.0,0.009,0.0,
13:13:08.482,1.0051,1.0003,1.0073,0.0,normal,0.0,normal,0.0,normal,0.0,NORMAL,0.0,0.0,100,normal,YES,PASS,0.0,0.0,0.002,0.0,
13:13:08.687,1.021,1.0073,1.0099,0.0,normal,0.0,normal,0.0,normal,0.0,NORMAL,0.0,0.0,100,normal,YES,PASS,0.0,0.0,0.008,0.0,
13:13:08.885,1.0498,1.0048,1.0046,0.0,normal,0.0,normal,0.0,normal,0.0,NORMAL,0.1,0.0,100,normal,YES,PASS,0.0,0.0,0.02,0.0,
13:13:09.068,1.0337,1.0013,1.0137,0.0,normal,0.0,normal,0.0,normal,0.0,NORMAL,0.1,0.0,100,normal,YES,PASS,0.0,0.0,0.013,0.0,
13:13:09.282,1.0387,1.0061,1.0103,0.0,normal,0.0,normal,0.0,normal,0.0,NORMAL,0.1,0.0,100,normal,YES,PASS,0.0,0.0,0.015,0.0,
13:13:09.488,1.0413,1.0083,1.0079,0.0,normal,0.0,normal,0.0,normal,0.0,NORMAL,0.1,0.0,100,normal,YES,PASS,0.0,0.0,0.017,0.0,
13:13:09.670,1.003,1.0106,1.0073,0.0,normal,0.0,normal,0.0,normal,0.0,NORMAL,0.0,0.0,100,normal,YES,PASS,0.0,0.0,0.001,0.0,
13:13:09.868,1.0347,1.0006,1.0062,0.0,normal,0.0,normal,0.0,normal,0.0,NORMAL,0.1,0.0,100,normal,YES,PASS,0.0,0.0,0.014,0.0,
13:13:10.050,1.0253,1.0081,1.0058,0.0,normal,0.0,normal,0.0,normal,0.0,NORMAL,0.1,0.0,100,normal,YES,PASS,0.0,0.0,0.01,0.0,
13:13:10.248,1.0299,1.0054,1.0059,0.0,normal,0.0,normal,0.0,normal,0.0,NORMAL,0.1,0.0,100,normal,YES,PASS,0.0,0.0,0.012,0.0,
13:13:10.437,1.0188,1.0071,1.0027,0.0,normal,0.0,normal,0.0,normal,0.0,NORMAL,0.0,0.0,100,normal,YES,PASS,0.0,0.0,0.008,0.0,
13:13:10.637,1.054,1.0065,1.0109,0.0,normal,0.0,normal,0.0,normal,0.0,NORMAL,0.1,0.0,100,normal,YES,PASS,0.0,0.0,0.022,0.0,
13:13:10.850,1.0124,1.0053,1.0079,0.0,normal,0.0,normal,0.0,normal,0.0,NORMAL,0.0,0.0,100,normal,YES,PASS,0.0,0.0,0.005,0.0,
13:13:11.086,1.0404,1.0065,1.0114,0.0,normal,0.0,normal,0.0,normal,0.0,NORMAL,0.1,0.0,100,normal,YES,PASS,0.0,0.0,0.016,0.0,
13:13:11.302,1.0117,1.0093,1.008,0.0,normal,0.0,normal,0.0,normal,0.0,NORMAL,0.0,0.0,100,normal,YES,PASS,0.0,0.0,0.005,0.0,
13:13:11.650,1.0678,1.0036,1.0104,0.0,normal,0.0,normal,0.0,normal,0.0,NORMAL,0.1,0.0,100,normal,YES,PASS,0.0,0.0,0.027,0.0,
13:13:11.918,1.0069,1.0128,1.0101,0.0,normal,0.0,normal,0.0,normal,0.0,NORMAL,0.0,0.0,100,normal,YES,PASS,0.0,0.0,0.003,0.0,
13:13:12.171,1.0449,1.0005,1.0059,0.0,normal,0.0,normal,0.0,normal,0.0,NORMAL,0.1,0.0,100,normal,YES,PASS,0.0,0.0,0.018,0.0,
13:13:12.415,1.063,1.0081,1.01,0.0,normal,0.0,normal,0.0,normal,0.0,NORMAL,0.1,0.0,100,normal,YES,PASS,0.0,0.0,0.025,0.0,
13:13:12.669,1.0431,1.0085,1.0055,0.0,normal,0.0,normal,0.0,normal,0.0,NORMAL,0.1,0.0,100,normal,YES,PASS,0.0,0.0,0.017,0.0,
13:13:13.037,1.0495,1.0151,1.0094,0.0,normal,0.0,normal,0.0,normal,0.0,NORMAL,0.1,0.0,100,normal,YES,PASS,0.0,0.0,0.02,0.0,
13:13:13.287,1.0251,1.0054,1.0098,0.0,normal,0.0,normal,0.0,normal,0.0,NORMAL,0.1,0.0,100,normal,YES,PASS,0.0,0.0,0.01,0.0,
13:13:13.506,1.0224,1.0052,1.0087,0.0,normal,0.0,normal,0.0,normal,0.0,NORMAL,0.0,0.0,100,normal,YES,PASS,0.0,0.0,0.009,0.0,
13:13:13.722,1.0026,1.0128,1.0037,0.0,normal,0.0,normal,0.0,normal,0.0,NORMAL,0.0,0.0,100,normal,YES,PASS,0.0,0.0,0.001,0.0,
13:13:13.951,1.0567,1.0088,1.016,0.0,normal,0.0,normal,0.0,normal,0.0,NORMAL,0.1,0.0,100,normal,YES,PASS,0.0,0.0,0.023,0.0,
13:13:14.164,1.0281,1.0125,1.0015,0.0,normal,0.0,normal,0.0,normal,0.0,NORMAL,0.1,0.0,100,normal,YES,PASS,0.0,0.0,0.011,0.0,
13:13:14.555,1.0087,1.0028,1.0032,0.0,normal,0.0,normal,0.0,normal,0.0,NORMAL,0.0,0.0,100,normal,YES,PASS,0.0,0.0,0.003,0.0,
13:13:14.793,1.0402,1.0069,1.0059,0.0,normal,0.0,normal,0.0,normal,0.0,NORMAL,0.1,0.0,100,normal,YES,PASS,0.0,0.0,0.016,0.0,
13:13:15.011,1.0436,1.0067,1.0097,0.0,normal,0.0,normal,0.0,normal,0.0,NORMAL,0.1,0.0,100,normal,YES,PASS,0.0,0.0,0.017,0.0,
13:13:15.187,1.0766,1.0036,1.0002,0.0,normal,0.0,normal,0.0,normal,0.0,NORMAL,0.2,0.0,100,normal,YES,PASS,0.0,0.0,0.031,0.0,
13:13:15.362,1.0401,1.0083,1.009,0.0,normal,0.0,normal,0.0,normal,0.0,NORMAL,0.1,0.0,100,normal,YES,PASS,0.0,0.0,0.016,0.0,
13:13:15.569,1.004,1.0075,1.0097,0.0,normal,0.0,normal,0.0,normal,0.0,NORMAL,0.0,0.0,100,normal,YES,PASS,0.0,0.0,0.002,0.0,
13:13:15.776,1.0167,1.0056,1.0076,0.0,normal,0.0,normal,0.0,normal,0.0,NORMAL,0.0,0.0,100,normal,YES,PASS,0.0,0.0,0.007,0.0,
13:13:15.980,1.043,1.0092,1.0069,0.0,normal,0.0,normal,0.0,normal,0.0,NORMAL,0.1,0.0,100,normal,YES,PASS,0.0,0.0,0.017,0.0,
13:13:16.169,1.0418,1.0013,1.0137,0.0,normal,0.0,normal,0.0,normal,0.0,NORMAL,0.1,0.0,100,normal,YES,PASS,0.0,0.0,0.017,0.0,
13:13:16.343,1.0286,1.0069,1.0079,0.0,normal,0.0,normal,0.0,normal,0.0,NORMAL,0.1,0.0,100,normal,YES,PASS,0.0,0.0,0.011,0.0,
13:13:16.514,1.0008,1.0043,1.0098,0.0,normal,0.0,normal,0.0,normal,0.0,NORMAL,0.0,0.0,100,normal,YES,PASS,0.0,0.0,0.0,0.0,
13:13:16.688,1.0363,1.0024,1.0049,0.0,normal,0.0,normal,0.0,normal,0.0,NORMAL,0.1,0.0,100,normal,YES,PASS,0.0,0.0,0.015,0.0,
13:13:16.889,1.0033,1.013,1.0105,0.0,normal,0.0,normal,0.0,normal,0.0,NORMAL,0.0,0.0,100,normal,YES,PASS,0.0,0.0,0.001,0.0,
13:13:17.062,1.0077,1.0115,1.0081,0.0,normal,0.0,normal,0.0,normal,0.0,NORMAL,0.0,0.0,100,normal,YES,PASS,0.0,0.0,0.003,0.0,
13:13:17.232,1.023,1.0062,1.0099,0.0,normal,0.0,normal,0.0,normal,0.0,NORMAL,0.0,0.0,100,normal,YES,PASS,0.0,0.0,0.009,0.0,
13:13:17.401,1.0024,1.0018,1.0118,0.0,normal,0.0,normal,0.0,normal,0.0,NORMAL,0.0,0.0,100,normal,YES,PASS,0.0,0.0,0.001,0.0,
13:13:17.585,1.0016,1.0082,1.01,0.0,normal,0.0,normal,0.0,normal,0.0,NORMAL,0.0,0.0,100,normal,YES,PASS,0.0,0.0,0.001,0.0,
13:13:17.782,1.0289,1.0043,1.0044,0.0,normal,0.0,normal,0.0,normal,0.0,NORMAL,0.1,0.0,100,normal,YES,PASS,0.0,0.0,0.012,0.0,
13:13:17.981,1.041,1.0128,1.0033,0.0,normal,0.0,normal,0.0,normal,0.0,NORMAL,0.1,0.0,100,normal,YES,PASS,0.0,0.0,0.016,0.0,
13:13:18.170,1.0455,1.0099,1.0164,0.0,normal,0.0,normal,0.0,normal,0.0,NORMAL,0.1,0.0,100,normal,YES,PASS,0.0,0.0,0.018,0.0,
13:13:18.344,1.0025,1.0061,1.01,0.0,normal,0.0,normal,0.0,normal,0.0,NORMAL,0.0,0.0,100,normal,YES,PASS,0.0,0.0,0.001,0.0,
13:13:18.502,1.05,1.0049,1.0049,0.0,normal,0.0,normal,0.0,normal,0.0,NORMAL,0.1,0.0,100,normal,YES,PASS,0.0,0.0,0.02,0.0,
13:13:18.707,1.0531,1.0017,1.0072,0.0,normal,0.0,normal,0.0,normal,0.0,NORMAL,0.1,0.0,100,normal,YES,PASS,0.0,0.0,0.021,0.0,
13:13:18.881,1.0244,1.0052,1.0084,0.0,normal,0.0,normal,0.0,normal,0.0,NORMAL,0.0,0.0,100,normal,YES,PASS,0.0,0.0,0.01,0.0,
13:13:19.063,1.0008,1.0078,1.0084,0.0,normal,0.0,normal,0.0,normal,0.0,NORMAL,0.0,0.0,100,normal,YES,PASS,0.0,0.0,0.0,0.0,
13:13:19.266,1.0167,1.0007,1.0041,0.0,normal,0.0,normal,0.0,normal,0.0,NORMAL,0.0,0.0,100,normal,YES,PASS,0.0,0.0,0.007,0.0,
13:13:19.434,1.0085,1.0078,1.009,0.0,normal,0.0,normal,0.0,normal,0.0,NORMAL,0.0,0.0,100,normal,YES,PASS,0.0,0.0,0.003,0.0,
13:13:19.625,1.0327,1.0041,1.0059,0.0,normal,0.0,normal,0.0,normal,0.0,NORMAL,0.1,0.0,100,normal,YES,PASS,0.0,0.0,0.013,0.0,
13:13:19.831,1.0162,1.0002,1.0,0.0,normal,0.0,normal,0.0,normal,0.0,NORMAL,0.0,0.0,100,normal,YES,PASS,0.0,0.0,0.006,0.0,
13:13:20.022,1.0345,1.0116,1.0117,0.0,normal,0.0,normal,0.0,normal,0.0,NORMAL,0.1,0.0,100,normal,YES,PASS,0.0,0.0,0.014,0.0,
13:13:20.226,1.0315,1.0081,1.0056,0.0,normal,0.0,normal,0.0,normal,0.0,NORMAL,0.1,0.0,100,normal,YES,PASS,0.0,0.0,0.013,0.0,
13:13:20.463,1.0247,1.0009,1.0043,0.0,normal,0.0,normal,0.0,normal,0.0,NORMAL,0.0,0.0,100,normal,YES,PASS,0.0,0.0,0.01,0.0,
13:13:20.670,1.0414,1.0008,1.01,0.0,normal,0.0,normal,0.0,normal,0.0,NORMAL,0.1,0.0,100,normal,YES,PASS,0.0,0.0,0.017,0.0,
13:13:20.869,1.0467,1.0134,1.004,0.0,normal,0.0,normal,0.0,normal,0.0,NORMAL,0.1,0.0,100,normal,YES,PASS,0.0,0.0,0.019,0.0,
13:13:21.066,1.0036,1.0093,1.0006,0.0,normal,0.0,normal,0.0,normal,0.0,NORMAL,0.0,0.0,100,normal,YES,PASS,0.0,0.0,0.001,0.0,
13:13:21.265,1.0174,1.0071,1.0107,0.0,normal,0.0,normal,0.0,normal,0.0,NORMAL,0.0,0.0,100,normal,YES,PASS,0.0,0.0,0.007,0.0,
13:13:21.439,1.0028,1.0107,1.0009,0.0,normal,0.0,normal,0.0,normal,0.0,NORMAL,0.0,0.0,100,normal,YES,PASS,0.0,0.0,0.001,0.0,
13:13:21.613,1.0275,1.0029,1.0083,0.0,normal,0.0,normal,0.0,normal,0.0,NORMAL,0.1,0.0,100,normal,YES,PASS,0.0,0.0,0.011,0.0,
13:13:21.783,1.0167,1.0057,1.0092,0.0,normal,0.0,normal,0.0,normal,0.0,NORMAL,0.0,0.0,100,normal,YES,PASS,0.0,0.0,0.007,0.0,
13:13:21.956,1.003,1.0005,1.0051,0.0,normal,0.0,normal,0.0,normal,0.0,NORMAL,0.0,0.0,100,normal,YES,PASS,0.0,0.0,0.001,0.0,
13:13:22.137,1.029,1.0023,1.0066,0.0,normal,0.0,normal,0.0,normal,0.0,NORMAL,0.1,0.0,100,normal,YES,PASS,0.0,0.0,0.012,0.0,
13:13:22.368,1.0058,1.0024,1.0046,0.0,normal,0.0,normal,0.0,normal,0.0,NORMAL,0.0,0.0,100,normal,YES,PASS,0.0,0.0,0.002,0.0,
13:13:22.667,1.0637,1.0049,1.0125,0.0,normal,0.0,normal,0.0,normal,0.0,NORMAL,0.1,0.0,100,normal,YES,PASS,0.0,0.0,0.025,0.0,
13:13:22.881,1.0403,1.0032,1.0103,0.0,normal,0.0,normal,0.0,normal,0.0,NORMAL,0.1,0.0,100,normal,YES,PASS,0.0,0.0,0.016,0.0,
13:13:23.150,1.0431,1.012,1.0116,0.0,normal,0.0,normal,0.0,normal,0.0,NORMAL,0.1,0.0,100,normal,YES,PASS,0.0,0.0,0.017,0.0,
13:13:23.387,1.0063,1.0106,1.006,0.0,normal,0.0,normal,0.0,normal,0.0,NORMAL,0.0,0.0,100,normal,YES,PASS,0.0,0.0,0.003,0.0,
13:13:23.705,1.0653,1.0073,1.0042,0.0,normal,0.0,normal,0.0,normal,0.0,NORMAL,0.1,0.0,100,normal,YES,PASS,0.0,0.0,0.026,0.0,
13:13:23.951,1.0415,1.0104,1.0024,0.0,normal,0.0,normal,0.0,normal,0.0,NORMAL,0.1,0.0,100,normal,YES,PASS,0.0,0.0,0.017,0.0,
13:13:24.187,1.0201,1.0073,1.0071,0.0,normal,0.0,normal,0.0,normal,0.0,NORMAL,0.0,0.0,100,normal,YES,PASS,0.0,0.0,0.008,0.0,
13:13:24.421,1.0131,1.0052,1.007,0.0,normal,0.0,normal,0.0,normal,0.0,NORMAL,0.0,0.0,100,normal,YES,PASS,0.0,0.0,0.005,0.0,
13:13:24.652,1.0373,1.0146,1.008,0.0,normal,0.0,normal,0.0,normal,0.0,NORMAL,0.1,0.0,100,normal,YES,PASS,0.0,0.0,0.015,0.0,
13:13:24.920,1.0436,1.0128,1.004,0.0,normal,0.0,normal,0.0,normal,0.0,NORMAL,0.1,0.0,100,normal,YES,PASS,0.0,0.0,0.017,0.0,
13:13:25.160,1.0157,1.0084,1.0025,0.0,normal,0.0,normal,0.0,normal,0.0,NORMAL,0.0,0.0,100,normal,YES,PASS,0.0,0.0,0.006,0.0,
13:13:25.336,1.0055,1.0033,1.0029,0.0,normal,0.0,normal,0.0,normal,0.0,NORMAL,0.0,0.0,100,normal,YES,PASS,0.0,0.0,0.002,0.0,
13:13:25.499,1.0175,1.013,1.0004,0.0,normal,0.0,normal,0.0,normal,0.0,NORMAL,0.0,0.0,100,normal,YES,PASS,0.0,0.0,0.007,0.0,
13:13:25.664,1.0386,1.0093,1.0141,0.0,normal,0.0,normal,0.0,normal,0.0,NORMAL,0.1,0.0,100,normal,YES,PASS,0.0,0.0,0.015,0.0,
13:13:25.880,1.0393,1.0121,1.0015,0.0,normal,0.0,normal,0.0,normal,0.0,NORMAL,0.1,0.0,100,normal,YES,PASS,0.0,0.0,0.016,0.0,
13:13:26.116,1.0448,1.0028,1.0166,0.0,normal,0.0,normal,0.0,normal,0.0,NORMAL,0.1,0.0,100,normal,YES,PASS,0.0,0.0,0.018,0.0,
13:13:26.353,1.0365,1.0043,1.0105,0.0,normal,0.0,normal,0.0,normal,0.0,NORMAL,0.1,0.0,100,normal,YES,PASS,0.0,0.0,0.015,0.0,
13:13:26.599,1.0359,1.0008,1.0132,0.0,normal,0.0,normal,0.0,normal,0.0,NORMAL,0.1,0.0,100,normal,YES,PASS,0.0,0.0,0.014,0.0,
13:13:26.855,1.0007,1.0108,1.0077,0.0,normal,0.0,normal,0.0,normal,0.0,NORMAL,0.0,0.0,100,normal,YES,PASS,0.0,0.0,0.0,0.0,
13:13:27.051,1.0772,1.0027,1.0016,0.0,normal,0.0,normal,0.0,normal,0.0,NORMAL,0.2,0.0,100,normal,YES,PASS,0.0,0.0,0.031,0.0,
13:13:27.216,1.0479,1.0133,1.0003,0.0,normal,0.0,normal,0.0,normal,0.0,NORMAL,0.1,0.0,100,normal,YES,PASS,0.0,0.0,0.019,0.0,
13:13:27.388,1.0367,1.0118,1.0028,0.0,normal,0.0,normal,0.0,normal,0.0,NORMAL,0.1,0.0,100,normal,YES,PASS,0.0,0.0,0.015,0.0,
13:13:27.614,1.0559,1.0037,1.0116,0.0,normal,0.0,normal,0.0,normal,0.0,NORMAL,0.1,0.0,100,normal,YES,PASS,0.0,0.0,0.022,0.0,
13:13:27.836,1.0072,1.0009,1.0078,0.0,normal,0.0,normal,0.0,normal,0.0,NORMAL,0.0,0.0,100,normal,YES,PASS,0.0,0.0,0.003,0.0,
13:13:28.036,1.007,1.0003,1.0114,0.0,normal,0.0,normal,0.0,normal,0.0,NORMAL,0.0,0.0,100,normal,YES,PASS,0.0,0.0,0.003,0.0,
13:13:28.221,1.0189,1.0134,1.0008,0.0,normal,0.0,normal,0.0,normal,0.0,NORMAL,0.0,0.0,100,normal,YES,PASS,0.0,0.0,0.008,0.0,
13:13:28.426,1.0328,1.0047,1.0153,0.0,normal,0.0,normal,0.0,normal,0.0,NORMAL,0.1,0.0,100,normal,YES,PASS,0.0,0.0,0.013,0.0,
13:13:28.635,1.032,1.0043,1.0068,0.0,normal,0.0,normal,0.0,normal,0.0,NORMAL,0.1,0.0,100,normal,YES,PASS,0.0,0.0,0.013,0.0,
13:13:28.810,1.0275,1.0083,1.0087,0.0,normal,0.0,normal,0.0,normal,0.0,NORMAL,0.1,0.0,100,normal,YES,PASS,0.0,0.0,0.011,0.0,
13:13:28.984,1.0171,1.0015,1.0106,0.0,normal,0.0,normal,0.0,normal,0.0,NORMAL,0.0,0.0,100,normal,YES,PASS,0.0,0.0,0.007,0.0,
13:13:29.164,1.0363,1.0029,1.0086,0.0,normal,0.0,normal,0.0,normal,0.0,NORMAL,0.1,0.0,100,normal,YES,PASS,0.0,0.0,0.015,0.0,
13:13:29.336,1.0017,1.0062,1.0037,0.0,normal,0.0,normal,0.0,normal,0.0,NORMAL,0.0,0.0,100,normal,YES,PASS,0.0,0.0,0.001,0.0,
13:13:29.510,1.0454,1.0058,1.0006,0.0,normal,0.0,normal,0.0,normal,0.0,NORMAL,0.1,0.0,100,normal,YES,PASS,0.0,0.0,0.018,0.0,
13:13:29.673,1.0002,1.0142,1.0043,0.0,normal,0.0,normal,0.0,normal,0.0,NORMAL,0.0,0.0,100,normal,YES,PASS,0.0,0.0,0.0,0.0,
13:13:29.880,1.0104,1.0113,1.0047,0.0,normal,0.0,normal,0.0,normal,0.0,NORMAL,0.0,0.0,100,normal,YES,PASS,0.0,0.0,0.004,0.0,
13:13:30.071,1.0314,1.0019,1.01,0.0,normal,0.0,normal,0.0,normal,0.0,NORMAL,0.1,0.0,100,normal,YES,PASS,0.0,0.0,0.013,0.0,
13:13:30.236,1.0237,1.0079,1.0078,0.0,normal,0.0,normal,0.0,normal,0.0,NORMAL,0.0,0.0,100,normal,YES,PASS,0.0,0.0,0.009,0.0,
13:13:30.466,1.004,1.0109,1.0025,0.0,normal,0.0,normal,0.0,normal,0.0,NORMAL,0.0,0.0,100,normal,YES,PASS,0.0,0.0,0.002,0.0,
13:13:30.716,1.0361,1.008,1.004,0.0,normal,0.0,normal,0.0,normal,0.0,NORMAL,0.1,0.0,100,normal,YES,PASS,0.0,0.0,0.014,0.0,
13:13:30.953,1.0177,1.0107,1.0005,0.0,normal,0.0,normal,0.0,normal,0.0,NORMAL,0.0,0.0,100,normal,YES,PASS,0.0,0.0,0.007,0.0,
13:13:31.217,1.0066,1.0067,1.0042,0.0,normal,0.0,normal,0.0,normal,0.0,NORMAL,0.0,0.0,100,normal,YES,PASS,0.0,0.0,0.003,0.0,
13:13:31.502,1.0335,1.0063,1.0022,0.0,normal,0.0,normal,0.0,normal,0.0,NORMAL,0.1,0.0,100,normal,YES,PASS,0.0,0.0,0.013,0.0,
13:13:31.741,1.042,1.0023,1.0103,0.0,normal,0.0,normal,0.0,normal,0.0,NORMAL,0.1,0.0,100,normal,YES,PASS,0.0,0.0,0.017,0.0,
13:13:32.041,1.0429,1.0112,1.0114,0.0,normal,0.0,normal,0.0,normal,0.0,NORMAL,0.1,0.0,100,normal,YES,PASS,0.0,0.0,0.017,0.0,
13:13:32.329,1.0182,1.0079,1.0063,0.0,normal,0.0,normal,0.0,normal,0.0,NORMAL,0.0,0.0,100,normal,YES,PASS,0.0,0.0,0.007,0.0,
13:13:32.596,1.0286,1.0078,1.0034,0.0,normal,0.0,normal,0.0,normal,0.0,NORMAL,0.1,0.0,100,normal,YES,PASS,0.0,0.0,0.011,0.0,
13:13:32.863,1.04,1.0038,1.0036,0.0,normal,0.0,normal,0.0,normal,0.0,NORMAL,0.1,0.0,100,normal,YES,PASS,0.0,0.0,0.016,0.0,
13:13:33.149,1.0492,1.0001,1.0125,0.0,normal,0.0,normal,0.0,normal,0.0,NORMAL,0.1,0.0,100,normal,YES,PASS,0.0,0.0,0.02,0.0,
13:13:33.394,1.0209,1.0048,1.004,0.0,normal,0.0,normal,0.0,normal,0.0,NORMAL,0.0,0.0,100,normal,YES,PASS,0.0,0.0,0.008,0.0,
13:13:33.648,1.005,1.0053,1.0034,0.0,normal,0.0,normal,0.0,normal,0.0,NORMAL,0.0,0.0,100,normal,YES,PASS,0.0,0.0,0.002,0.0,
13:13:33.883,1.0322,1.0027,1.0106,0.0,normal,0.0,normal,0.0,normal,0.0,NORMAL,0.1,0.0,100,normal,YES,PASS,0.0,0.0,0.013,0.0,
13:13:34.134,1.0149,1.002,1.0077,0.0,normal,0.0,normal,0.0,normal,0.0,NORMAL,0.0,0.0,100,normal,YES,PASS,0.0,0.0,0.006,0.0,
13:13:34.384,1.0621,1.0061,1.0019,0.0,normal,0.0,normal,0.0,normal,0.0,NORMAL,0.1,0.0,100,normal,YES,PASS,0.0,0.0,0.025,0.0,
13:13:34.636,1.0419,1.0025,1.0118,0.0,normal,0.0,normal,0.0,normal,0.0,NORMAL,0.1,0.0,100,normal,YES,PASS,0.0,0.0,0.017,0.0,
13:13:34.953,1.0443,1.0042,1.0018,0.0,normal,0.0,normal,0.0,normal,0.0,NORMAL,0.1,0.0,100,normal,YES,PASS,0.0,0.0,0.018,0.0,
13:13:35.235,1.0284,1.014,1.0028,0.0,normal,0.0,normal,0.0,normal,0.0,NORMAL,0.1,0.0,100,normal,YES,PASS,0.0,0.0,0.011,0.0,
13:13:35.664,1.0412,1.0089,1.0089,0.0,normal,0.0,normal,0.0,normal,0.0,NORMAL,0.1,0.0,100,normal,YES,PASS,0.0,0.0,0.016,0.0,
13:13:35.977,1.0278,1.0099,1.0047,0.0,normal,0.0,normal,0.0,normal,0.0,NORMAL,0.1,0.0,100,normal,YES,PASS,0.0,0.0,0.011,0.0,
13:13:36.290,1.0105,1.0041,1.0104,0.0,normal,0.0,normal,0.0,normal,0.0,NORMAL,0.0,0.0,100,normal,YES,PASS,0.0,0.0,0.004,0.0,
13:13:36.605,1.0487,1.0041,1.0096,0.0,normal,0.0,normal,0.0,normal,0.0,NORMAL,0.1,0.0,100,normal,YES,PASS,0.0,0.0,0.019,0.0,
13:13:36.869,1.0519,1.0099,1.0037,0.0,normal,0.0,normal,0.0,normal,0.0,NORMAL,0.1,0.0,100,normal,YES,PASS,0.0,0.0,0.021,0.0,
13:13:37.165,1.0408,1.0006,1.0027,0.0,normal,0.0,normal,0.0,normal,0.0,NORMAL,0.1,0.0,100,normal,YES,PASS,0.0,0.0,0.016,0.0,
13:13:37.421,1.0243,1.0134,1.0086,0.0,normal,0.0,normal,0.0,normal,0.0,NORMAL,0.0,0.0,100,normal,YES,PASS,0.0,0.0,0.01,0.0,
13:13:37.662,1.0437,1.0095,1.0059,0.0,normal,0.0,normal,0.0,normal,0.0,NORMAL,0.1,0.0,100,normal,YES,PASS,0.0,0.0,0.017,0.0,
13:13:37.913,1.0295,1.0021,1.0038,0.0,normal,0.0,normal,0.0,normal,0.0,NORMAL,0.1,0.0,100,normal,YES,PASS,0.0,0.0,0.012,0.0,
13:13:38.165,1.0402,1.0115,1.0097,0.0,normal,0.0,normal,0.0,normal,0.0,NORMAL,0.1,0.0,100,normal,YES,PASS,0.0,0.0,0.016,0.0,
13:13:38.369,1.0391,1.0067,1.0118,0.0,normal,0.0,normal,0.0,normal,0.0,NORMAL,0.1,0.0,100,normal,YES,PASS,0.0,0.0,0.016,0.0,
13:13:38.543,1.0099,1.0081,1.0053,0.0,normal,0.0,normal,0.0,normal,0.0,NORMAL,0.0,0.0,100,normal,YES,PASS,0.0,0.0,0.004,0.0,
13:13:38.731,1.04,1.0045,1.0069,0.0,normal,0.0,normal,0.0,normal,0.0,NORMAL,0.1,0.0,100,normal,YES,PASS,0.0,0.0,0.016,0.0,
13:13:38.949,1.0618,1.0097,1.0084,0.0,normal,0.0,normal,0.0,normal,0.0,NORMAL,0.1,0.0,100,normal,YES,PASS,0.0,0.0,0.025,0.0,
13:13:39.310,1.0428,1.0025,1.0006,0.0,normal,0.0,normal,0.0,normal,0.0,NORMAL,0.1,0.0,100,normal,YES,PASS,0.0,0.0,0.017,0.0,
13:13:39.563,1.0196,1.005,1.0025,0.0,normal,0.0,normal,0.0,normal,0.0,NORMAL,0.0,0.0,100,normal,YES,PASS,0.0,0.0,0.008,0.0,
13:13:39.737,1.019,1.0128,1.0077,0.0,normal,0.0,normal,0.0,normal,0.0,NORMAL,0.0,0.0,100,normal,YES,PASS,0.0,0.0,0.008,0.0,
13:13:39.924,1.0354,1.0018,1.0131,0.0,normal,0.0,normal,0.0,normal,0.0,NORMAL,0.1,0.0,100,normal,YES,PASS,0.0,0.0,0.014,0.0,
13:13:40.098,1.0708,1.0061,1.0037,0.0,normal,0.0,normal,0.0,normal,0.0,NORMAL,0.1,0.0,100,normal,YES,PASS,0.0,0.0,0.028,0.0,
13:13:40.349,1.0158,1.0019,1.0004,0.0,normal,0.0,normal,0.0,normal,0.0,NORMAL,0.0,0.0,100,normal,YES,PASS,0.0,0.0,0.006,0.0,
13:13:40.568,1.0181,1.0093,1.0086,0.0,normal,0.0,normal,0.0,normal,0.0,NORMAL,0.0,0.0,100,normal,YES,PASS,0.0,0.0,0.007,0.0,
13:13:40.758,1.0278,1.0079,1.0064,0.0,normal,0.0,normal,0.0,normal,0.0,NORMAL,0.1,0.0,100,normal,YES,PASS,0.0,0.0,0.011,0.0,
13:13:40.931,1.0179,1.0032,1.0054,0.0,normal,0.0,normal,0.0,normal,0.0,NORMAL,0.0,0.0,100,normal,YES,PASS,0.0,0.0,0.007,0.0,
13:13:41.105,1.0214,1.0104,1.0052,0.0,normal,0.0,normal,0.0,normal,0.0,NORMAL,0.0,0.0,100,normal,YES,PASS,0.0,0.0,0.009,0.0,
13:13:41.292,1.0581,1.0132,1.0068,0.0,normal,0.0,normal,0.0,normal,0.0,NORMAL,0.1,0.0,100,normal,YES,PASS,0.0,0.0,0.023,0.0,
13:13:41.498,1.0526,1.0074,1.0078,0.0,normal,0.0,normal,0.0,normal,0.0,NORMAL,0.1,0.0,100,normal,YES,PASS,0.0,0.0,0.021,0.0,
13:13:41.751,1.0044,1.0069,1.0073,0.0,normal,0.0,normal,0.0,normal,0.0,NORMAL,0.0,0.0,100,normal,YES,PASS,0.0,0.0,0.002,0.0,
13:13:41.925,1.0185,1.0139,1.0042,0.0,normal,0.0,normal,0.0,normal,0.0,NORMAL,0.0,0.0,100,normal,YES,PASS,0.0,0.0,0.007,0.0,
13:13:42.114,1.0206,1.0046,1.0102,0.0,normal,0.0,normal,0.0,normal,0.0,NORMAL,0.0,0.0,100,normal,YES,PASS,0.0,0.0,0.008,0.0,
13:13:42.289,1.0078,1.003,1.0042,0.0,normal,0.0,normal,0.0,normal,0.0,NORMAL,0.0,0.0,100,normal,YES,PASS,0.0,0.0,0.003,0.0,
13:13:42.462,1.0444,1.0035,1.0053,0.0,normal,0.0,normal,0.0,normal,0.0,NORMAL,0.1,0.0,100,normal,YES,PASS,0.0,0.0,0.018,0.0,
13:13:42.697,1.0327,1.0109,1.0008,0.0,normal,0.0,normal,0.0,normal,0.0,NORMAL,0.1,0.0,100,normal,YES,PASS,0.0,0.0,0.013,0.0,
13:13:42.979,1.0594,1.0024,1.0047,0.0,normal,0.0,normal,0.0,normal,0.0,NORMAL,0.1,0.0,100,normal,YES,PASS,0.0,0.0,0.024,0.0,
13:13:43.187,1.0199,1.005,1.013,0.0,normal,0.0,normal,0.0,normal,0.0,NORMAL,0.0,0.0,100,normal,YES,PASS,0.0,0.0,0.008,0.0,
13:13:43.376,1.0608,1.0025,1.0018,0.0,normal,0.0,normal,0.0,normal,0.0,NORMAL,0.1,0.0,100,normal,YES,PASS,0.0,0.0,0.024,0.0,
13:13:43.548,1.0513,1.0092,1.0097,0.0,normal,0.0,normal,0.0,normal,0.0,NORMAL,0.1,0.0,100,normal,YES,PASS,0.0,0.0,0.021,0.0,
13:13:43.892,1.0551,1.0035,1.0013,0.0,normal,0.0,normal,0.0,normal,0.0,NORMAL,0.1,0.0,100,normal,YES,PASS,0.0,0.0,0.022,0.0,
13:13:44.132,1.0314,1.0071,1.0028,0.0,normal,0.0,normal,0.0,normal,0.0,NORMAL,0.1,0.0,100,normal,YES,PASS,0.0,0.0,0.013,0.0,
13:13:44.336,1.0666,1.0137,1.002,0.0,normal,0.0,normal,0.0,normal,0.0,NORMAL,0.1,0.0,100,normal,YES,PASS,0.0,0.0,0.027,0.0,
13:13:44.617,1.0545,1.0089,1.0098,0.0,normal,0.0,normal,0.0,normal,0.0,NORMAL,0.1,0.0,100,normal,YES,PASS,0.0,0.0,0.022,0.0,
13:13:44.836,1.0292,1.0055,1.0132,0.0,normal,0.0,normal,0.0,normal,0.0,NORMAL,0.1,0.0,100,normal,YES,PASS,0.0,0.0,0.012,0.0,
13:13:45.072,1.0175,1.0037,1.0093,0.0,normal,0.0,normal,0.0,normal,0.0,NORMAL,0.0,0.0,100,normal,YES,PASS,0.0,0.0,0.007,0.0,
13:13:45.325,1.0127,1.0051,1.0093,0.0,normal,0.0,normal,0.0,normal,0.0,NORMAL,0.0,0.0,100,normal,YES,PASS,0.0,0.0,0.005,0.0,
13:13:45.547,1.0451,1.0066,1.0003,0.0,normal,0.0,normal,0.0,normal,0.0,NORMAL,0.1,0.0,100,normal,YES,PASS,0.0,0.0,0.018,0.0,
13:13:45.721,1.0092,1.003,1.0044,0.0,normal,0.0,normal,0.0,normal,0.0,NORMAL,0.0,0.0,100,normal,YES,PASS,0.0,0.0,0.004,0.0,
13:13:45.909,1.0352,1.0018,1.0036,0.0,normal,0.0,normal,0.0,normal,0.0,NORMAL,0.1,0.0,100,normal,YES,PASS,0.0,0.0,0.014,0.0,
13:13:46.126,1.018,1.015,1.0065,0.0,normal,0.0,normal,0.0,normal,0.0,NORMAL,0.0,0.0,100,normal,YES,PASS,0.0,0.0,0.007,0.0,
13:13:46.346,1.0166,1.001,1.0059,0.0,normal,0.0,normal,0.0,normal,0.0,NORMAL,0.0,0.0,100,normal,YES,PASS,0.0,0.0,0.007,0.0,
13:13:46.552,1.0251,1.0053,1.0007,0.0,normal,0.0,normal,0.0,normal,0.0,NORMAL,0.1,0.0,100,normal,YES,PASS,0.0,0.0,0.01,0.0,
13:13:46.757,1.0356,1.0069,1.0007,0.0,normal,0.0,normal,0.0,normal,0.0,NORMAL,0.1,0.0,100,normal,YES,PASS,0.0,0.0,0.014,0.0,
13:13:46.946,1.0441,1.0076,1.0034,0.0,normal,0.0,normal,0.0,normal,0.0,NORMAL,0.1,0.0,100,normal,YES,PASS,0.0,0.0,0.018,0.0,
13:13:47.134,1.0155,1.0026,1.0055,0.0,normal,0.0,normal,0.0,normal,0.0,NORMAL,0.0,0.0,100,normal,YES,PASS,0.0,0.0,0.006,0.0,
13:13:47.382,1.0207,1.0096,1.0039,0.0,normal,0.0,normal,0.0,normal,0.0,NORMAL,0.0,0.0,100,normal,YES,PASS,0.0,0.0,0.008,0.0,
13:13:47.619,1.0561,1.0024,1.0091,0.0,normal,0.0,normal,0.0,normal,0.0,NORMAL,0.1,0.0,100,normal,YES,PASS,0.0,0.0,0.022,0.0,
13:13:47.840,1.0346,1.0079,1.0051,0.0,normal,0.0,normal,0.0,normal,0.0,NORMAL,0.1,0.0,100,normal,YES,PASS,0.0,0.0,0.014,0.0,
13:13:48.044,1.0332,1.0053,1.0068,0.0,normal,0.0,normal,0.0,normal,0.0,NORMAL,0.1,0.0,100,normal,YES,PASS,0.0,0.0,0.013,0.0,
13:13:48.216,1.0102,1.0036,1.002,0.0,normal,0.0,normal,0.0,normal,0.0,NORMAL,0.0,0.0,100,normal,YES,PASS,0.0,0.0,0.004,0.0,
13:13:48.402,1.0594,1.0022,1.0011,0.0,normal,0.0,normal,0.0,normal,0.0,NORMAL,0.1,0.0,100,normal,YES,PASS,0.0,0.0,0.024,0.0,
13:13:48.622,1.0121,1.0143,1.0068,0.0,normal,0.0,normal,0.0,normal,0.0,NORMAL,0.0,0.0,100,normal,YES,PASS,0.0,0.0,0.005,0.0,
13:13:48.844,1.0168,1.0095,1.0068,0.0,normal,0.0,normal,0.0,normal,0.0,NORMAL,0.0,0.0,100,normal,YES,PASS,0.0,0.0,0.007,0.0,
13:13:49.082,1.0388,1.0032,1.0083,0.0,normal,0.0,normal,0.0,normal,0.0,NORMAL,0.1,0.0,100,normal,YES,PASS,0.0,0.0,0.016,0.0,
13:13:49.272,1.0066,1.0071,1.0052,0.0,normal,0.0,normal,0.0,normal,0.0,NORMAL,0.0,0.0,100,normal,YES,PASS,0.0,0.0,0.003,0.0,
13:13:49.476,1.0536,1.0119,1.007,0.0,normal,0.0,normal,0.0,normal,0.0,NORMAL,0.1,0.0,100,normal,YES,PASS,0.0,0.0,0.021,0.0,
13:13:49.696,1.0298,1.0045,1.0084,0.0,normal,0.0,normal,0.0,normal,0.0,NORMAL,0.1,0.0,100,normal,YES,PASS,0.0,0.0,0.012,0.0,
13:13:49.933,1.0376,1.004,1.0041,0.0,normal,0.0,normal,0.0,normal,0.0,NORMAL,0.1,0.0,100,normal,YES,PASS,0.0,0.0,0.015,0.0,
13:13:50.185,1.014,1.0048,1.004,0.0,normal,0.0,normal,0.0,normal,0.0,NORMAL,0.0,0.0,100,normal,YES,PASS,0.0,0.0,0.006,0.0,
13:13:50.371,1.0346,1.002,1.0071,0.0,normal,0.0,normal,0.0,normal,0.0,NORMAL,0.1,0.0,100,normal,YES,PASS,0.0,0.0,0.014,0.0,
13:13:50.561,1.0305,1.0033,1.0045,0.0,normal,0.0,normal,0.0,normal,0.0,NORMAL,0.1,0.0,100,normal,YES,PASS,0.0,0.0,0.012,0.0,
13:13:50.748,1.0102,1.0092,1.0002,0.0,normal,0.0,normal,0.0,normal,0.0,NORMAL,0.0,0.0,100,normal,YES,PASS,0.0,0.0,0.004,0.0,
13:13:50.973,1.0336,1.0072,1.0011,0.0,normal,0.0,normal,0.0,normal,0.0,NORMAL,0.1,0.0,100,normal,YES,PASS,0.0,0.0,0.013,0.0,
13:13:51.220,1.0133,1.011,1.0025,0.0,normal,0.0,normal,0.0,normal,0.0,NORMAL,0.0,0.0,100,normal,YES,PASS,0.0,0.0,0.005,0.0,
13:13:51.409,1.0656,1.0072,1.013,0.0,normal,0.0,normal,0.0,normal,0.0,NORMAL,0.1,0.0,100,normal,YES,PASS,0.0,0.0,0.026,0.0,
13:13:51.582,1.0107,1.0084,1.0001,0.0,normal,0.0,normal,0.0,normal,0.0,NORMAL,0.0,0.0,100,normal,YES,PASS,0.0,0.0,0.004,0.0,
13:13:51.739,1.0064,1.0046,1.001,0.0,normal,0.0,normal,0.0,normal,0.0,NORMAL,0.0,0.0,100,normal,YES,PASS,0.0,0.0,0.003,0.0,
13:13:51.944,1.0152,1.0019,1.0103,0.0,normal,0.0,normal,0.0,normal,0.0,NORMAL,0.0,0.0,100,normal,YES,PASS,0.0,0.0,0.006,0.0,
13:13:52.180,1.0037,1.006,1.0091,0.0,normal,0.0,normal,0.0,normal,0.0,NORMAL,0.0,0.0,100,normal,YES,PASS,0.0,0.0,0.001,0.0,
13:13:52.385,1.0597,1.0004,1.0006,0.0,normal,0.0,normal,0.0,normal,0.0,NORMAL,0.1,0.0,100,normal,YES,PASS,0.0,0.0,0.024,0.0,
13:13:52.589,1.0291,1.0095,1.0053,0.0,normal,0.0,normal,0.0,normal,0.0,NORMAL,0.1,0.0,100,normal,YES,PASS,0.0,0.0,0.012,0.0,
13:13:52.762,1.0227,1.001,1.0118,0.0,normal,0.0,normal,0.0,normal,0.0,NORMAL,0.0,0.0,100,normal,YES,PASS,0.0,0.0,0.009,0.0,
13:13:52.950,1.0353,1.0135,1.0017,0.0,normal,0.0,normal,0.0,normal,0.0,NORMAL,0.1,0.0,100,normal,YES,PASS,0.0,0.0,0.014,0.0,
13:13:53.184,1.0116,1.0009,1.0029,0.0,normal,0.0,normal,0.0,normal,0.0,NORMAL,0.0,0.0,100,normal,YES,PASS,0.0,0.0,0.005,0.0,
13:13:53.453,1.0535,1.0093,1.0079,0.0,normal,0.0,normal,0.0,normal,0.0,NORMAL,0.1,0.0,100,normal,YES,PASS,0.0,0.0,0.021,0.0,
13:13:53.658,1.0207,1.0127,1.001,0.0,normal,0.0,normal,0.0,normal,0.0,NORMAL,0.0,0.0,100,normal,YES,PASS,0.0,0.0,0.008,0.0,
13:13:53.848,1.0554,1.0068,1.0059,0.0,normal,0.0,normal,0.0,normal,0.0,NORMAL,0.1,0.0,100,normal,YES,PASS,0.0,0.0,0.022,0.0,
13:13:54.020,1.0012,1.0096,1.0154,0.0,normal,0.0,normal,0.0,normal,0.0,NORMAL,0.0,0.0,100,normal,YES,PASS,0.0,0.0,0.0,0.0,
13:13:54.226,1.0363,1.0089,1.006,0.0,normal,0.0,normal,0.0,normal,0.0,NORMAL,0.1,0.0,100,normal,YES,PASS,0.0,0.0,0.015,0.0,
13:13:54.446,1.0503,1.013,1.0053,0.0,normal,0.0,normal,0.0,normal,0.0,NORMAL,0.1,0.0,100,normal,YES,PASS,0.0,0.0,0.02,0.0,
13:13:54.651,1.0372,1.0125,1.0076,0.0,normal,0.0,normal,0.0,normal,0.0,NORMAL,0.1,0.0,100,normal,YES,PASS,0.0,0.0,0.015,0.0,
13:13:54.842,1.0392,1.0078,1.005,0.0,normal,0.0,normal,0.0,normal,0.0,NORMAL,0.1,0.0,100,normal,YES,PASS,0.0,0.0,0.016,0.0,
13:13:55.014,1.0386,1.0081,1.0023,0.0,normal,0.0,normal,0.0,normal,0.0,NORMAL,0.1,0.0,100,normal,YES,PASS,0.0,0.0,0.015,0.0,
13:13:55.235,1.0502,1.0113,1.0061,0.0,normal,0.0,normal,0.0,normal,0.0,NORMAL,0.1,0.0,100,normal,YES,PASS,0.0,0.0,0.02,0.0,
13:13:55.454,1.0354,1.0076,1.0066,0.0,normal,0.0,normal,0.0,normal,0.0,NORMAL,0.1,0.0,100,normal,YES,PASS,0.0,0.0,0.014,0.0,
13:13:55.676,1.0479,1.0127,1.0008,0.0,normal,0.0,normal,0.0,normal,0.0,NORMAL,0.1,0.0,100,normal,YES,PASS,0.0,0.0,0.019,0.0,
13:13:55.880,1.0356,1.004,1.0005,0.0,normal,0.0,normal,0.0,normal,0.0,NORMAL,0.1,0.0,100,normal,YES,PASS,0.0,0.0,0.014,0.0,
13:13:56.084,1.0517,1.0029,1.0096,0.0,normal,0.0,normal,0.0,normal,0.0,NORMAL,0.1,0.0,100,normal,YES,PASS,0.0,0.0,0.021,0.0,
13:13:56.304,1.0519,1.0101,1.0098,0.0,normal,0.0,normal,0.0,normal,0.0,NORMAL,0.1,0.0,100,normal,YES,PASS,0.0,0.0,0.021,0.0,
13:13:56.492,1.0014,1.0146,1.0122,0.0,normal,0.0,normal,0.0,normal,0.0,NORMAL,0.0,0.0,100,normal,YES,PASS,0.0,0.0,0.001,0.0,
13:13:56.698,1.0191,1.0006,1.0103,0.0,normal,0.0,normal,0.0,normal,0.0,NORMAL,0.0,0.0,100,normal,YES,PASS,0.0,0.0,0.008,0.0,
13:13:56.932,1.0207,1.0106,1.0053,0.0,normal,0.0,normal,0.0,normal,0.0,NORMAL,0.0,0.0,100,normal,YES,PASS,0.0,0.0,0.008,0.0,
13:13:57.121,1.0176,1.0078,1.0072,0.0,normal,0.0,normal,0.0,normal,0.0,NORMAL,0.0,0.0,100,normal,YES,PASS,0.0,0.0,0.007,0.0,
13:13:57.295,1.0499,1.0082,1.0,0.0,normal,0.0,normal,0.0,normal,0.0,NORMAL,0.1,0.0,100,normal,YES,PASS,0.0,0.0,0.02,0.0,
13:13:57.483,1.0345,1.0068,1.0124,0.0,normal,0.0,normal,0.0,normal,0.0,NORMAL,0.1,0.0,100,normal,YES,PASS,0.0,0.0,0.014,0.0,
13:13:57.716,1.0501,1.0051,1.0007,0.0,normal,0.0,normal,0.0,normal,0.0,NORMAL,0.1,0.0,100,normal,YES,PASS,0.0,0.0,0.02,0.0,
13:13:57.953,1.0613,1.0113,1.0076,0.0,normal,0.0,normal,0.0,normal,0.0,NORMAL,0.1,0.0,100,normal,YES,PASS,0.0,0.0,0.025,0.0,
13:13:58.157,1.0515,1.0059,1.0057,0.0,normal,0.0,normal,0.0,normal,0.0,NORMAL,0.1,0.0,100,normal,YES,PASS,0.0,0.0,0.021,0.0,
13:13:58.330,1.0254,1.0108,1.0088,0.0,normal,0.0,normal,0.0,normal,0.0,NORMAL,0.1,0.0,100,normal,YES,PASS,0.0,0.0,0.01,0.0,
13:13:58.520,1.0365,1.0056,1.0017,0.0,normal,0.0,normal,0.0,normal,0.0,NORMAL,0.1,0.0,100,normal,YES,PASS,0.0,0.0,0.015,0.0,
13:13:58.711,1.0206,1.0142,1.0045,0.0,normal,0.0,normal,0.0,normal,0.0,NORMAL,0.0,0.0,100,normal,YES,PASS,0.0,0.0,0.008,0.0,
13:13:59.058,1.022,1.0093,1.007,0.0,normal,0.0,normal,0.0,normal,0.0,NORMAL,0.0,0.0,100,normal,YES,PASS,0.0,0.0,0.009,0.0,
13:13:59.295,1.0284,1.0058,1.0133,0.0,normal,0.0,normal,0.0,normal,0.0,NORMAL,0.1,0.0,100,normal,YES,PASS,0.0,0.0,0.011,0.0,
13:13:59.529,1.0412,1.0008,1.0006,0.0,normal,0.0,normal,0.0,normal,0.0,NORMAL,0.1,0.0,100,normal,YES,PASS,0.0,0.0,0.016,0.0,
13:13:59.809,1.0092,1.0085,1.0075,0.0,normal,0.0,normal,0.0,normal,0.0,NORMAL,0.0,0.0,100,normal,YES,PASS,0.0,0.0,0.004,0.0,
13:14:00.277,1.0808,1.0086,1.0019,0.0,normal,0.0,normal,0.0,normal,0.0,NORMAL,0.2,0.0,100,normal,YES,PASS,0.0,0.0,0.032,0.0,
13:14:00.562,1.0106,1.0027,1.007,0.0,normal,0.0,normal,0.0,normal,0.0,NORMAL,0.0,0.0,100,normal,YES,PASS,0.0,0.0,0.004,0.0,
13:14:00.838,1.0318,1.0037,1.0017,0.0,normal,0.0,normal,0.0,normal,0.0,NORMAL,0.1,0.0,100,normal,YES,PASS,0.0,0.0,0.013,0.0,
13:14:01.109,1.0605,1.0088,1.0038,0.0,normal,0.0,normal,0.0,normal,0.0,NORMAL,0.1,0.0,100,normal,YES,PASS,0.0,0.0,0.024,0.0,
13:14:01.346,1.0035,1.0098,1.0062,0.0,normal,0.0,normal,0.0,normal,0.0,NORMAL,0.0,0.0,100,normal,YES,PASS,0.0,0.0,0.001,0.0,
13:14:01.601,1.0109,1.0081,1.0046,0.0,normal,0.0,normal,0.0,normal,0.0,NORMAL,0.0,0.0,100,normal,YES,PASS,0.0,0.0,0.004,0.0,
13:14:01.906,1.0006,1.0054,1.013,0.0,normal,0.0,normal,0.0,normal,0.0,NORMAL,0.0,0.0,100,normal,YES,PASS,0.0,0.0,0.0,0.0,
13:14:02.095,1.0232,1.01,1.008,0.0,normal,0.0,normal,0.0,normal,0.0,NORMAL,0.0,0.0,100,normal,YES,PASS,0.0,0.0,0.009,0.0,
13:14:02.268,1.0377,1.0064,1.003,0.0,normal,0.0,normal,0.0,normal,0.0,NORMAL,0.1,0.0,100,normal,YES,PASS,0.0,0.0,0.015,0.0,
13:14:02.449,1.0307,1.0067,1.0083,0.0,normal,0.0,normal,0.0,normal,0.0,NORMAL,0.1,0.0,100,normal,YES,PASS,0.0,0.0,0.012,0.0,
13:14:02.627,1.0211,1.0017,1.0028,0.0,normal,0.0,normal,0.0,normal,0.0,NORMAL,0.0,0.0,100,normal,YES,PASS,0.0,0.0,0.008,0.0,
13:14:02.801,1.0253,1.0045,1.0048,0.0,normal,0.0,normal,0.0,normal,0.0,NORMAL,0.1,0.0,100,normal,YES,PASS,0.0,0.0,0.01,0.0,
13:14:02.991,1.0457,1.0106,1.0084,0.0,normal,0.0,normal,0.0,normal,0.0,NORMAL,0.1,0.0,100,normal,YES,PASS,0.0,0.0,0.018,0.0,
13:14:03.192,1.0473,1.0115,1.0066,0.0,normal,0.0,normal,0.0,normal,0.0,NORMAL,0.1,0.0,100,normal,YES,PASS,0.0,0.0,0.019,0.0,
13:14:03.384,1.0588,1.0108,1.0005,0.0,normal,0.0,normal,0.0,normal,0.0,NORMAL,0.1,0.0,100,normal,YES,PASS,0.0,0.0,0.024,0.0,
13:14:03.569,1.0564,1.0033,1.0023,0.0,normal,0.0,normal,0.0,normal,0.0,NORMAL,0.1,0.0,100,normal,YES,PASS,0.0,0.0,0.023,0.0,
13:14:03.774,1.0536,1.0048,1.007,0.0,normal,0.0,normal,0.0,normal,0.0,NORMAL,0.1,0.0,100,normal,YES,PASS,0.0,0.0,0.021,0.0,
13:14:03.984,1.0049,1.0035,1.0113,0.0,normal,0.0,normal,0.0,normal,0.0,NORMAL,0.0,0.0,100,normal,YES,PASS,0.0,0.0,0.002,0.0,
13:14:04.259,1.0051,1.0023,1.0013,0.0,normal,0.0,normal,0.0,normal,0.0,NORMAL,0.0,0.0,100,normal,YES,PASS,0.0,0.0,0.002,0.0,
13:14:04.494,1.0102,1.0081,1.0063,0.0,normal,0.0,normal,0.0,normal,0.0,NORMAL,0.0,0.0,100,normal,YES,PASS,0.0,0.0,0.004,0.0,
13:14:04.735,1.0006,1.0036,1.0117,0.0,normal,0.0,normal,0.0,normal,0.0,NORMAL,0.0,0.0,100,normal,YES,PASS,0.0,0.0,0.0,0.0,
13:14:04.986,1.0459,1.0093,1.0012,0.0,normal,0.0,normal,0.0,normal,0.0,NORMAL,0.1,0.0,100,normal,YES,PASS,0.0,0.0,0.018,0.0,
13:14:05.186,1.0357,1.0151,1.0063,0.0,normal,0.0,normal,0.0,normal,0.0,NORMAL,0.1,0.0,100,normal,YES,PASS,0.0,0.0,0.014,0.0,
13:14:05.436,1.0073,1.0082,1.0122,0.0,normal,0.0,normal,0.0,normal,0.0,NORMAL,0.0,0.0,100,normal,YES,PASS,0.0,0.0,0.003,0.0,
13:14:05.635,1.015,1.0039,1.0042,0.0,normal,0.0,normal,0.0,normal,0.0,NORMAL,0.0,0.0,100,normal,YES,PASS,0.0,0.0,0.006,0.0,
13:14:05.819,1.0276,1.0059,1.0018,0.0,normal,0.0,normal,0.0,normal,0.0,NORMAL,0.1,0.0,100,normal,YES,PASS,0.0,0.0,0.011,0.0,
13:14:06.016,1.0241,1.0097,1.0135,0.0,normal,0.0,normal,0.0,normal,0.0,NORMAL,0.0,0.0,100,normal,YES,PASS,0.0,0.0,0.01,0.0,
13:14:06.211,1.0503,1.0026,1.0066,0.0,normal,0.0,normal,0.0,normal,0.0,NORMAL,0.1,0.0,100,normal,YES,PASS,0.0,0.0,0.02,0.0,
13:14:06.463,1.0115,1.0026,1.0038,0.0,normal,0.0,normal,0.0,normal,0.0,NORMAL,0.0,0.0,100,normal,YES,PASS,0.0,0.0,0.005,0.0,
13:14:06.665,1.013,1.0066,1.0092,0.0,normal,0.0,normal,0.0,normal,0.0,NORMAL,0.0,0.0,100,normal,YES,PASS,0.0,0.0,0.005,0.0,
13:14:06.905,1.0056,1.0083,1.0035,0.0,normal,0.0,normal,0.0,normal,0.0,NORMAL,0.0,0.0,100,normal,YES,PASS,0.0,0.0,0.002,0.0,
13:14:07.119,1.0539,1.0074,1.0075,0.0,normal,0.0,normal,0.0,normal,0.0,NORMAL,0.1,0.0,100,normal,YES,PASS,0.0,0.0,0.022,0.0,
13:14:07.386,1.0108,1.0032,1.003,0.0,normal,0.0,normal,0.0,normal,0.0,NORMAL,0.0,0.0,100,normal,YES,PASS,0.0,0.0,0.004,0.0,
13:14:07.570,1.0263,1.0001,1.0011,0.0,normal,0.0,normal,0.0,normal,0.0,NORMAL,0.1,0.0,100,normal,YES,PASS,0.0,0.0,0.011,0.0,
13:14:07.752,1.0711,1.0084,1.0129,0.0,normal,0.0,normal,0.0,normal,0.0,NORMAL,0.1,0.0,100,normal,YES,PASS,0.0,0.0,0.028,0.0,
13:14:07.935,1.022,1.0107,1.0153,0.0,normal,0.0,normal,0.0,normal,0.0,NORMAL,0.0,0.0,100,normal,YES,PASS,0.0,0.0,0.009,0.0,
13:14:08.150,1.0545,1.0057,1.0097,0.0,normal,0.0,normal,0.0,normal,0.0,NORMAL,0.1,0.0,100,normal,YES,PASS,0.0,0.0,0.022,0.0,
13:14:08.348,1.0344,1.0052,1.0086,0.0,normal,0.0,normal,0.0,normal,0.0,NORMAL,0.1,0.0,100,normal,YES,PASS,0.0,0.0,0.014,0.0,
13:14:08.533,1.0298,1.0141,1.0004,0.0,normal,0.0,normal,0.0,normal,0.0,NORMAL,0.1,0.0,100,normal,YES,PASS,0.0,0.0,0.012,0.0,
13:14:08.714,1.0474,1.0073,1.0012,0.0,normal,0.0,normal,0.0,normal,0.0,NORMAL,0.1,0.0,100,normal,YES,PASS,0.0,0.0,0.019,0.0,
13:14:08.884,1.0486,1.0122,1.0133,0.0,normal,0.0,normal,0.0,normal,0.0,NORMAL,0.1,0.0,100,normal,YES,PASS,0.0,0.0,0.019,0.0,
13:14:09.058,1.007,1.0006,1.0061,0.0,normal,0.0,normal,0.0,normal,0.0,NORMAL,0.0,0.0,100,normal,YES,PASS,0.0,0.0,0.003,0.0,
13:14:09.265,1.0699,1.0034,1.0137,0.0,normal,0.0,normal,0.0,normal,0.0,NORMAL,0.1,0.0,100,normal,YES,PASS,0.0,0.0,0.028,0.0,
13:14:09.447,1.0301,1.0079,1.0111,0.0,normal,0.0,normal,0.0,normal,0.0,NORMAL,0.1,0.0,100,normal,YES,PASS,0.0,0.0,0.012,0.0,
13:14:09.646,1.0539,1.0088,1.0036,0.0,normal,0.0,normal,0.0,normal,0.0,NORMAL,0.1,0.0,100,normal,YES,PASS,0.0,0.0,0.022,0.0,
13:14:09.830,1.0088,1.0059,1.0031,0.0,normal,0.0,normal,0.0,normal,0.0,NORMAL,0.0,0.0,100,normal,YES,PASS,0.0,0.0,0.004,0.0,
13:14:10.036,1.0593,1.0086,1.002,0.0,normal,0.0,normal,0.0,normal,0.0,NORMAL,0.1,0.0,100,normal,YES,PASS,0.0,0.0,0.024,0.0,
13:14:10.265,1.0426,1.0048,1.0066,0.0,normal,0.0,normal,0.0,normal,0.0,NORMAL,0.1,0.0,100,normal,YES,PASS,0.0,0.0,0.017,0.0,
13:14:10.469,1.0113,1.0032,1.0079,0.0,normal,0.0,normal,0.0,normal,0.0,NORMAL,0.0,0.0,100,normal,YES,PASS,0.0,0.0,0.005,0.0,
13:14:10.653,1.0441,1.0113,1.0005,0.0,normal,0.0,normal,0.0,normal,0.0,NORMAL,0.1,0.0,100,normal,YES,PASS,0.0,0.0,0.018,0.0,
13:14:10.843,1.0481,1.0094,1.0042,0.0,normal,0.0,normal,0.0,normal,0.0,NORMAL,0.1,0.0,100,normal,YES,PASS,0.0,0.0,0.019,0.0,
13:14:11.011,1.0556,1.0066,1.0139,0.0,normal,0.0,normal,0.0,normal,0.0,NORMAL,0.1,0.0,100,normal,YES,PASS,0.0,0.0,0.022,0.0,
13:14:11.185,1.0005,1.0087,1.0067,0.0,normal,0.0,normal,0.0,normal,0.0,NORMAL,0.0,0.0,100,normal,YES,PASS,0.0,0.0,0.0,0.0,
13:14:11.391,1.053,1.0062,1.0085,0.0,normal,0.0,normal,0.0,normal,0.0,NORMAL,0.1,0.0,100,normal,YES,PASS,0.0,0.0,0.021,0.0,
13:14:11.574,1.0349,1.01,1.002,0.0,normal,0.0,normal,0.0,normal,0.0,NORMAL,0.1,0.0,100,normal,YES,PASS,0.0,0.0,0.014,0.0,
13:14:11.732,1.0589,1.0084,1.0088,0.0,normal,0.0,normal,0.0,normal,0.0,NORMAL,0.1,0.0,100,normal,YES,PASS,0.0,0.0,0.024,0.0,
13:14:11.890,1.0474,1.0143,1.0119,0.0,normal,0.0,normal,0.0,normal,0.0,NORMAL,0.1,0.0,100,normal,YES,PASS,0.0,0.0,0.019,0.0,
13:14:12.050,1.0404,1.003,1.0125,0.0,normal,0.0,normal,0.0,normal,0.0,NORMAL,0.1,0.0,100,normal,YES,PASS,0.0,0.0,0.016,0.0,
13:14:12.230,1.0234,1.0061,1.0038,0.0,normal,0.0,normal,0.0,normal,0.0,NORMAL,0.0,0.0,100,normal,YES,PASS,0.0,0.0,0.009,0.0,
13:14:12.415,1.0481,1.0028,1.0115,0.0,normal,0.0,normal,0.0,normal,0.0,NORMAL,0.1,0.0,100,normal,YES,PASS,0.0,0.0,0.019,0.0,
13:14:12.627,1.048,1.0117,1.0039,0.0,normal,0.0,normal,0.0,normal,0.0,NORMAL,0.1,0.0,100,normal,YES,PASS,0.0,0.0,0.019,0.0,
13:14:12.886,1.0321,1.0075,1.0098,0.0,normal,0.0,normal,0.0,normal,0.0,NORMAL,0.1,0.0,100,normal,YES,PASS,0.0,0.0,0.013,0.0,
13:14:13.093,1.0237,1.0055,1.0064,0.0,normal,0.0,normal,0.0,normal,0.0,NORMAL,0.0,0.0,100,normal,YES,PASS,0.0,0.0,0.009,0.0,
13:14:13.346,1.0467,1.0032,1.0102,0.0,normal,0.0,normal,0.0,normal,0.0,NORMAL,0.1,0.0,100,normal,YES,PASS,0.0,0.0,0.019,0.0,
13:14:13.521,1.0422,1.0028,1.0003,0.0,normal,0.0,normal,0.0,normal,0.0,NORMAL,0.1,0.0,100,normal,YES,PASS,0.0,0.0,0.017,0.0,
13:14:13.711,1.0167,1.0158,1.004,0.0,normal,0.0,normal,0.0,normal,0.0,NORMAL,0.0,0.0,100,normal,YES,PASS,0.0,0.0,0.007,0.0,
13:14:13.901,1.0746,1.0099,1.0031,0.0,normal,0.0,normal,0.0,normal,0.0,NORMAL,0.1,0.0,100,normal,YES,PASS,0.0,0.0,0.03,0.0,
13:14:14.075,1.0302,1.0038,1.0086,0.0,normal,0.0,normal,0.0,normal,0.0,NORMAL,0.1,0.0,100,normal,YES,PASS,0.0,0.0,0.012,0.0,
13:14:14.235,1.0165,1.0025,1.011,0.0,normal,0.0,normal,0.0,normal,0.0,NORMAL,0.0,0.0,100,normal,YES,PASS,0.0,0.0,0.007,0.0,
13:14:14.389,1.0158,1.0026,1.0139,0.0,normal,0.0,normal,0.0,normal,0.0,NORMAL,0.0,0.0,100,normal,YES,PASS,0.0,0.0,0.006,0.0,
13:14:14.544,1.0122,1.0055,1.0058,0.0,normal,0.0,normal,0.0,normal,0.0,NORMAL,0.0,0.0,100,normal,YES,PASS,0.0,0.0,0.005,0.0,
13:14:14.706,1.0494,1.0004,1.0022,0.0,normal,0.0,normal,0.0,normal,0.0,NORMAL,0.1,0.0,100,normal,YES,PASS,0.0,0.0,0.02,0.0,
13:14:14.886,1.0255,1.0038,1.013,0.0,normal,0.0,normal,0.0,normal,0.0,NORMAL,0.1,0.0,100,normal,YES,PASS,0.0,0.0,0.01,0.0,
13:14:15.066,1.0212,1.0124,1.0008,0.0,normal,0.0,normal,0.0,normal,0.0,NORMAL,0.0,0.0,100,normal,YES,PASS,0.0,0.0,0.008,0.0,
13:14:15.230,1.0332,1.0016,1.0114,0.0,normal,0.0,normal,0.0,normal,0.0,NORMAL,0.1,0.0,100,normal,YES,PASS,0.0,0.0,0.013,0.0,
13:14:15.400,1.0029,1.0117,1.0049,0.0,normal,0.0,normal,0.0,normal,0.0,NORMAL,0.0,0.0,100,normal,YES,PASS,0.0,0.0,0.001,0.0,
13:14:15.561,1.0273,1.0063,1.0126,0.0,normal,0.0,normal,0.0,normal,0.0,NORMAL,0.1,0.0,100,normal,YES,PASS,0.0,0.0,0.011,0.0,
13:14:15.728,1.0247,1.0002,1.0085,0.0,normal,0.0,normal,0.0,normal,0.0,NORMAL,0.0,0.0,100,normal,YES,PASS,0.0,0.0,0.01,0.0,
13:14:16.047,1.0564,1.0019,1.0053,0.0,normal,0.0,normal,0.0,normal,0.0,NORMAL,0.1,0.0,100,normal,YES,PASS,0.0,0.0,0.023,0.0,
13:14:16.242,1.0108,1.008,1.0089,0.0,normal,0.0,normal,0.0,normal,0.0,NORMAL,0.0,0.0,100,normal,YES,PASS,0.0,0.0,0.004,0.0,
13:14:16.444,1.0561,1.0052,1.0072,0.0,normal,0.0,normal,0.0,normal,0.0,NORMAL,0.1,0.0,100,normal,YES,PASS,0.0,0.0,0.022,0.0,
13:14:16.635,1.0632,1.008,1.0008,0.0,normal,0.0,normal,0.0,normal,0.0,NORMAL,0.1,0.0,100,normal,YES,PASS,0.0,0.0,0.025,0.0,
13:14:16.822,1.0281,1.0082,1.0036,0.0,normal,0.0,normal,0.0,normal,0.0,NORMAL,0.1,0.0,100,normal,YES,PASS,0.0,0.0,0.011,0.0,
13:14:17.156,1.0051,1.004,1.0044,0.0,normal,0.0,normal,0.0,normal,0.0,NORMAL,0.0,0.0,100,normal,YES,PASS,0.0,0.0,0.002,0.0,
13:14:17.348,1.0002,1.0105,1.0053,0.0,normal,0.0,normal,0.0,normal,0.0,NORMAL,0.0,0.0,100,normal,YES,PASS,0.0,0.0,0.0,0.0,
13:14:17.549,1.0569,1.0037,1.0039,0.0,normal,0.0,normal,0.0,normal,0.0,NORMAL,0.1,0.0,100,normal,YES,PASS,0.0,0.0,0.023,0.0,
13:14:17.744,1.0019,1.0023,1.0006,0.0,normal,0.0,normal,0.0,normal,0.0,NORMAL,0.0,0.0,100,normal,YES,PASS,0.0,0.0,0.001,0.0,
13:14:17.942,1.0362,1.0134,1.0102,0.0,normal,0.0,normal,0.0,normal,0.0,NORMAL,0.1,0.0,100,normal,YES,PASS,0.0,0.0,0.014,0.0,
13:14:18.131,1.0116,1.0028,1.0088,0.0,normal,0.0,normal,0.0,normal,0.0,NORMAL,0.0,0.0,100,normal,YES,PASS,0.0,0.0,0.005,0.0,
13:14:18.319,1.0427,1.0051,1.0012,0.0,normal,0.0,normal,0.0,normal,0.0,NORMAL,0.1,0.0,100,normal,YES,PASS,0.0,0.0,0.017,0.0,
13:14:18.565,1.0063,1.0065,1.004,0.0,normal,0.0,normal,0.0,normal,0.0,NORMAL,0.0,0.0,100,normal,YES,PASS,0.0,0.0,0.003,0.0,
13:14:18.832,1.0623,1.0012,1.0057,0.0,normal,0.0,normal,0.0,normal,0.0,NORMAL,0.1,0.0,100,normal,YES,PASS,0.0,0.0,0.025,0.0,
13:14:19.056,1.0392,1.0003,1.0124,0.0,normal,0.0,normal,0.0,normal,0.0,NORMAL,0.1,0.0,100,normal,YES,PASS,0.0,0.0,0.016,0.0,
13:14:19.277,1.0325,1.0072,1.0069,0.0,normal,0.0,normal,0.0,normal,0.0,NORMAL,0.1,0.0,100,normal,YES,PASS,0.0,0.0,0.013,0.0,
13:14:19.471,1.0484,1.0096,1.006,0.0,normal,0.0,normal,0.0,normal,0.0,NORMAL,0.1,0.0,100,normal,YES,PASS,0.0,0.0,0.019,0.0,
13:14:19.627,1.0042,1.0116,1.0062,0.0,normal,0.0,normal,0.0,normal,0.0,NORMAL,0.0,0.0,100,normal,YES,PASS,0.0,0.0,0.002,0.0,
13:14:19.803,1.0093,1.0101,1.004,0.0,normal,0.0,normal,0.0,normal,0.0,NORMAL,0.0,0.0,100,normal,YES,PASS,0.0,0.0,0.004,0.0,
13:14:19.976,1.0413,1.0019,1.0151,0.0,normal,0.0,normal,0.0,normal,0.0,NORMAL,0.1,0.0,100,normal,YES,PASS,0.0,0.0,0.017,0.0,
13:14:20.152,1.012,1.0055,1.0054,0.0,normal,0.0,normal,0.0,normal,0.0,NORMAL,0.0,0.0,100,normal,YES,PASS,0.0,0.0,0.005,0.0,
13:14:20.320,1.0374,1.0047,1.0016,0.0,normal,0.0,normal,0.0,normal,0.0,NORMAL,0.1,0.0,100,normal,YES,PASS,0.0,0.0,0.015,0.0,
13:14:20.495,1.0529,1.0079,1.016,0.0,normal,0.0,normal,0.0,normal,0.0,NORMAL,0.1,0.0,100,normal,YES,PASS,0.0,0.0,0.021,0.0,
13:14:20.685,1.0018,1.0021,1.0015,0.0,normal,0.0,normal,0.0,normal,0.0,NORMAL,0.0,0.0,100,normal,YES,PASS,0.0,0.0,0.001,0.0,
13:14:20.916,1.0255,1.0061,1.01,0.0,normal,0.0,normal,0.0,normal,0.0,NORMAL,0.1,0.0,100,normal,YES,PASS,0.0,0.0,0.01,0.0,
13:14:21.133,1.0358,1.0122,1.0081,0.0,normal,0.0,normal,0.0,normal,0.0,NORMAL,0.1,0.0,100,normal,YES,PASS,0.0,0.0,0.014,0.0,
13:14:21.368,1.0057,1.0085,1.0024,0.0,normal,0.0,normal,0.0,normal,0.0,NORMAL,0.0,0.0,100,normal,YES,PASS,0.0,0.0,0.002,0.0,
13:14:21.551,1.0229,1.0057,1.0045,0.0,normal,0.0,normal,0.0,normal,0.0,NORMAL,0.0,0.0,100,normal,YES,PASS,0.0,0.0,0.009,0.0,
13:14:21.755,1.0385,1.0071,1.014,0.0,normal,0.0,normal,0.0,normal,0.0,NORMAL,0.1,0.0,100,normal,YES,PASS,0.0,0.0,0.015,0.0,
13:14:21.968,1.0294,1.0069,1.0095,0.0,normal,0.0,normal,0.0,normal,0.0,NORMAL,0.1,0.0,100,normal,YES,PASS,0.0,0.0,0.012,0.0,
13:14:22.292,1.0199,1.0113,1.0035,0.0,normal,0.0,normal,0.0,normal,0.0,NORMAL,0.0,0.0,100,normal,YES,PASS,0.0,0.0,0.008,0.0,
