timestamp,imu_z,motion_score,decision,motor_speed,confidence
13:24:17.345,1.015,0.0,NORMAL,100,100.0
13:24:17.613,1.0046,0.0,NORMAL,100,100.0
13:24:17.785,1.0049,0.0,NORMAL,100,100.0
13:24:17.946,1.0089,0.0,NORMAL,100,100.0
13:24:18.100,1.0068,0.0,NORMAL,100,100.0
13:24:18.247,1.016,0.0,NORMAL,100,100.0
13:24:18.411,1.0106,0.0,NORMAL,100,100.0
13:24:18.558,1.0132,0.0,NORMAL,75,100.0
13:24:18.714,1.0011,0.0,NORMAL,75,100.0
13:24:18.872,1.0002,0.0,NORMAL,75,100.0
13:24:19.032,1.0,0.0,CAUTION,75,100.0
13:24:19.184,1.0094,0.0,CAUTION,66,99.0
13:24:19.335,1.0066,0.0,CAUTION,66,99.0
13:24:19.527,1.0072,0.0,CAUTION,66,99.0
13:24:19.693,1.0081,0.0,CAUTION,66,99.0
13:24:19.845,1.0057,0.0,CAUTION,66,99.0
13:24:19.994,1.0012,0.0,CAUTION,66,99.0
13:24:20.161,1.0029,0.0,CAUTION,66,99.0
13:24:20.307,1.0114,0.0,CAUTION,66,99.0
13:24:20.476,1.0189,0.0,CAUTION,66,99.0
13:24:20.623,1.0157,0.0,CAUTION,66,99.0
13:24:20.785,1.0034,0.0,CAUTION,66,99.0
13:24:20.947,1.0036,0.0,CAUTION,66,99.0
13:24:21.101,1.0116,0.0,CAUTION,66,99.0
13:24:21.264,1.0091,0.0,CAUTION,66,99.0
13:24:21.408,1.0108,0.0,CAUTION,66,99.0
13:24:21.574,1.0141,0.0,CAUTION,65,99.0
13:24:21.762,1.0097,0.0,CAUTION,65,99.0
13:24:21.911,1.0187,0.0,CAUTION,65,99.0
13:24:22.076,1.0083,0.0,CAUTION,65,99.0
13:24:22.235,1.0163,0.0,CAUTION,65,99.0
13:24:22.395,1.0071,0.0,CAUTION,65,99.0
13:24:22.557,1.0083,0.0,CAUTION,65,99.0
13:24:22.720,1.0163,0.0,CAUTION,65,99.0
13:24:22.893,1.004,0.0,CAUTION,65,99.0
13:24:23.068,1.0161,0.0,CAUTION,65,99.0
13:24:23.232,1.0015,0.0,CAUTION,65,99.0
13:24:23.380,1.011,0.0,CAUTION,65,99.0
13:24:23.544,1.0147,0.0,CAUTION,100,100.0
13:24:23.707,1.0167,0.0,CAUTION,100,100.0
13:24:23.862,1.0162,0.0,CAUTION,100,100.0
13:24:24.026,1.011,0.0,NORMAL,100,100.0
13:24:24.193,1.0112,5.0,NORMAL,37,79.0
13:24:24.349,1.0111,5.0,NORMAL,37,76.0
13:24:24.501,1.0162,5.0,NORMAL,37,77.0
13:24:24.675,1.0043,5.0,HAZARD,37,74.0
13:24:24.839,1.0088,5.0,HAZARD,37,78.0
13:24:25.001,1.0149,5.0,HAZARD,37,76.0
13:24:25.153,1.0027,5.0,HAZARD,37,75.0
13:24:25.330,1.0066,5.0,HAZARD,37,75.0
13:24:25.474,1.0108,5.0,HAZARD,37,76.0
13:24:25.626,1.0045,5.0,HAZARD,37,74.0
13:24:25.784,1.0058,5.0,HAZARD,37,74.0
13:24:25.963,1.0103,5.0,HAZARD,37,76.0
13:24:26.121,1.0182,2.6667,HAZARD,71,75.0
13:24:26.295,1.0092,2.6667,HAZARD,71,74.0
13:24:26.462,1.0068,2.6667,HAZARD,71,75.0
13:24:26.629,1.0124,2.6667,CAUTION,71,72.0
13:24:26.800,1.0189,2.6667,CAUTION,71,74.0
13:24:26.955,1.011,2.6667,CAUTION,71,74.0
13:24:27.108,1.0169,2.6667,CAUTION,71,77.0
13:24:27.301,1.015,2.6667,CAUTION,71,74.0
13:24:27.459,1.0005,2.6667,CAUTION,71,75.0
13:24:27.619,1.0051,2.6667,CAUTION,71,72.0
13:24:27.777,1.0152,2.6667,CAUTION,71,74.0
13:24:27.958,1.0064,0.0,CAUTION,100,100.0
13:24:28.118,1.0034,0.0,CAUTION,100,100.0
13:24:28.274,1.0176,0.0,CAUTION,100,100.0
13:24:28.437,2.6379,0.0,CAUTION,30,49.0
13:24:28.607,1.236,0.0,NORMAL,100,63.0
13:24:28.755,1.2241,0.0,NORMAL,100,86.0
13:24:28.909,1.1713,0.0,NORMAL,100,98.0
13:24:29.096,1.1345,0.0,NORMAL,100,97.0
13:24:29.247,1.1394,0.0,NORMAL,100,81.0
13:24:29.398,1.1141,0.0,NORMAL,100,74.0
13:24:29.557,1.1068,0.0,NORMAL,100,72.0
13:24:29.717,1.0741,0.0,NORMAL,100,62.0
13:24:29.872,1.0472,0.0,NORMAL,100,47.0
13:24:30.011,1.064,0.0,NORMAL,100,50.0
13:24:30.162,1.0555,0.0,NORMAL,100,48.0
13:24:30.319,1.0525,0.0,NORMAL,100,43.0
13:24:30.465,1.0406,0.0,NORMAL,100,64.0
13:24:30.662,1.0359,0.0,NORMAL,100,81.0
13:24:30.881,1.0215,0.0,NORMAL,100,100.0
13:24:31.037,1.0316,0.0,NORMAL,100,100.0
13:24:31.187,1.0117,0.0,NORMAL,100,100.0
13:24:31.343,1.0042,0.0,NORMAL,100,100.0
13:24:31.503,1.02,0.0,NORMAL,100,100.0
13:24:31.642,1.0076,0.0,NORMAL,100,100.0
13:24:31.798,1.0007,0.0,NORMAL,100,100.0
13:24:31.958,1.0002,0.0,NORMAL,100,100.0
13:24:32.124,1.0017,0.0,NORMAL,100,100.0
13:24:32.280,1.0186,0.0,NORMAL,100,100.0
13:24:32.442,1.0041,0.0,NORMAL,100,100.0
13:24:32.591,1.0118,0.0,NORMAL,100,100.0
13:24:32.742,1.0043,0.0,NORMAL,100,100.0
13:24:32.898,1.0029,0.0,NORMAL,100,100.0
13:24:33.053,1.016,0.0,NORMAL,100,100.0
13:24:33.203,1.0056,0.0,NORMAL,100,100.0
13:24:33.361,1.0074,0.0,NORMAL,100,100.0
13:24:33.513,1.011,0.0,NORMAL,100,100.0
13:24:33.664,1.0049,0.0,NORMAL,100,100.0
13:24:33.810,1.0017,0.0,NORMAL,100,100.0
13:24:33.952,1.0052,0.0,NORMAL,100,100.0
13:24:34.112,1.0113,0.0,NORMAL,100,100.0
13:24:34.259,1.0027,0.0,NORMAL,100,100.0
13:24:34.420,1.0086,0.0,NORMAL,100,100.0
13:24:34.571,1.0092,0.0,NORMAL,100,100.0
13:24:34.739,1.003,0.0,NORMAL,100,100.0
13:24:34.894,1.0054,0.0,NORMAL,100,100.0
13:24:35.037,1.0057,0.0,NORMAL,100,100.0
13:24:35.201,1.0058,0.0,NORMAL,100,100.0
13:24:35.344,1.0064,0.0,NORMAL,100,100.0
13:24:35.510,1.0067,0.0,NORMAL,100,100.0
13:24:35.671,1.0051,0.0,NORMAL,100,100.0
13:24:35.827,1.0022,0.0,NORMAL,100,100.0
13:24:35.977,1.0104,0.0,NORMAL,100,100.0
13:24:36.146,1.0194,0.0,NORMAL,100,100.0
13:24:36.303,1.0009,0.0,NORMAL,100,100.0
13:24:36.460,1.0057,0.0,NORMAL,100,100.0
13:24:36.615,1.0074,0.0,NORMAL,100,100.0
13:24:36.794,1.0045,0.0,NORMAL,100,100.0
13:24:36.961,1.0052,0.0,NORMAL,100,100.0
13:24:37.134,1.0097,0.0,NORMAL,100,100.0
13:24:37.309,1.0012,0.0,NORMAL,100,100.0
13:24:37.479,1.0056,0.0,NORMAL,100,100.0
13:24:37.641,1.0055,0.0,NORMAL,100,100.0
13:24:37.789,1.0004,0.0,NORMAL,100,100.0
13:24:37.931,1.0146,0.0,NORMAL,100,100.0
13:24:38.103,1.001,0.0,NORMAL,100,100.0
13:24:38.281,1.0138,0.0,NORMAL,100,100.0
13:24:38.434,1.0118,0.0,NORMAL,100,100.0
13:24:38.601,1.0001,0.0,NORMAL,100,100.0
13:24:38.775,1.0152,0.0,NORMAL,100,100.0
13:24:38.938,1.0095,0.0,NORMAL,100,100.0
13:24:39.143,1.0015,0.0,NORMAL,100,100.0
13:24:39.304,1.0026,0.0,NORMAL,100,100.0
13:24:39.453,1.008,0.0,NORMAL,100,100.0
13:24:39.593,1.0134,0.0,NORMAL,100,100.0
13:24:39.744,1.0066,0.0,NORMAL,100,100.0
13:24:39.907,1.0003,0.0,NORMAL,100,100.0
13:24:40.051,1.0107,0.0,NORMAL,100,100.0
13:24:40.218,1.0199,0.0,NORMAL,100,100.0
13:24:40.381,1.0045,0.0,NORMAL,100,100.0
13:24:40.547,1.0008,1.3461,NORMAL,80,60.0
13:24:40.694,1.0054,1.3461,NORMAL,80,56.0
13:24:40.859,1.0037,1.3461,NORMAL,80,56.0
13:24:41.028,1.0124,1.3461,CAUTION,80,58.0
13:24:41.189,1.006,1.3461,CAUTION,80,56.0
13:24:41.359,1.0049,1.3461,CAUTION,80,56.0
13:24:41.514,1.0135,1.3461,CAUTION,80,58.0
13:24:41.671,1.0149,1.3461,CAUTION,80,58.0
13:24:41.831,1.0068,1.3461,CAUTION,80,57.0
13:24:42.008,1.0122,1.3461,CAUTION,80,58.0
13:24:42.167,1.0123,1.3461,CAUTION,80,58.0
13:24:42.321,1.0048,1.3461,CAUTION,80,57.0
13:24:42.497,1.002,2.3333,CAUTION,74,69.0
13:24:42.651,1.0089,2.3333,CAUTION,74,69.0
13:24:42.815,1.0164,2.3333,CAUTION,74,71.0
13:24:42.979,1.012,2.3333,CAUTION,74,70.0
13:24:43.143,1.0068,2.3333,CAUTION,74,71.0
13:24:43.301,1.0037,2.3333,CAUTION,74,68.0
13:24:43.451,1.0207,3.0,CAUTION,68,76.0
13:24:43.606,1.005,3.0,CAUTION,68,74.0
13:24:43.750,1.0107,3.0,CAUTION,68,78.0
13:24:43.910,1.0113,3.0,CAUTION,68,76.0
13:24:44.077,1.0142,3.0,CAUTION,68,77.0
13:24:44.247,1.0006,3.0,CAUTION,68,75.0
13:24:44.421,1.0,3.0,CAUTION,68,76.0
13:24:44.589,1.0035,3.0,CAUTION,68,74.0
13:24:44.754,1.0111,3.0,CAUTION,68,76.0
13:24:44.908,1.0112,3.0,CAUTION,68,76.0
13:24:45.066,1.0077,3.0,CAUTION,68,74.0
13:24:45.206,1.0141,3.0,CAUTION,68,75.0
13:24:45.365,1.0014,3.0,CAUTION,68,75.0
13:24:45.532,1.0053,3.0,CAUTION,68,74.0
13:24:45.695,1.0045,3.0,CAUTION,68,74.0
13:24:45.852,1.0011,3.0,CAUTION,68,75.0
13:24:46.009,1.0046,3.0,CAUTION,68,74.0
13:24:46.159,1.0099,3.0,CAUTION,68,75.0
13:24:46.299,1.0089,3.0,CAUTION,68,77.0
13:24:46.460,1.0145,3.0,CAUTION,68,76.0
13:24:46.626,1.0088,3.0,CAUTION,68,75.0
13:24:46.787,1.0169,3.0,CAUTION,68,79.0
13:24:46.938,1.0137,3.0,CAUTION,68,76.0
13:24:47.152,1.0079,3.0,CAUTION,68,77.0
13:24:47.380,1.0009,3.0,CAUTION,68,76.0
13:24:47.522,1.0023,3.0,CAUTION,68,75.0
13:24:47.684,1.0025,3.0,CAUTION,68,75.0
13:24:47.830,1.0108,3.0,CAUTION,68,76.0
13:24:47.999,1.0118,0.0,CAUTION,100,100.0
13:24:48.225,1.0063,0.0,CAUTION,100,100.0
13:24:48.385,1.0001,0.0,CAUTION,100,100.0
13:24:48.550,1.0107,0.0,NORMAL,100,100.0
13:24:48.714,1.0003,0.0,NORMAL,100,100.0
13:24:48.872,1.0061,0.0,NORMAL,100,100.0
13:24:49.027,1.0108,0.0,NORMAL,100,100.0
13:24:49.176,1.0113,0.0,NORMAL,100,100.0
13:24:49.309,1.0201,0.0,NORMAL,100,100.0
13:24:49.455,1.0167,4.696,NORMAL,41,74.3
13:24:49.617,1.0055,4.696,NORMAL,41,74.3
13:24:49.779,1.0124,4.696,NORMAL,41,75.3
13:24:49.921,1.001,4.696,HAZARD,41,72.3
13:24:50.070,1.013,4.696,HAZARD,41,73.3
13:24:50.215,1.0115,4.696,HAZARD,41,73.3
13:24:50.356,1.0077,4.696,HAZARD,41,71.3
13:24:50.520,1.0132,4.696,HAZARD,41,72.3
13:24:50.684,1.019,4.696,HAZARD,41,74.3
13:24:50.833,1.0154,4.696,HAZARD,41,74.3
13:24:50.981,1.0006,4.696,HAZARD,41,75.3
13:24:51.143,1.0094,4.696,HAZARD,41,74.3
13:24:51.304,1.0011,0.0,HAZARD,100,100.0
13:24:51.449,1.0003,1.3066,HAZARD,80,57.0
13:24:51.604,1.011,1.3066,HAZARD,80,59.0
13:24:51.761,1.0116,1.3066,CAUTION,80,58.0
13:24:51.915,1.0158,1.3066,CAUTION,80,60.0
13:24:52.068,1.0089,1.3066,CAUTION,80,59.0
13:24:52.225,1.0008,1.3066,CAUTION,80,60.0
13:24:52.382,1.0139,1.3066,CAUTION,80,58.0
13:24:52.520,1.0038,1.3066,CAUTION,80,56.0
13:24:52.675,1.0152,1.3066,CAUTION,80,58.0
13:24:52.837,1.0143,1.3066,CAUTION,80,58.0
13:24:52.993,1.0004,1.3066,CAUTION,80,58.0
13:24:53.147,1.0067,1.3066,CAUTION,80,56.0
13:24:53.300,1.0022,0.0,CAUTION,100,100.0
13:24:53.456,1.0136,0.0,CAUTION,100,100.0
13:24:53.605,1.0106,0.0,CAUTION,100,100.0
13:24:53.762,1.0119,0.0,NORMAL,100,100.0
13:24:53.912,1.0171,0.0,NORMAL,100,100.0
13:24:54.057,1.0111,4.2226,NORMAL,48,69.0
13:24:54.201,1.0004,4.2226,NORMAL,48,71.0
13:24:54.364,1.4,4.2226,NORMAL,48,68.0
13:24:54.528,1.0693,4.2226,HAZARD,48,99.0
13:24:54.704,1.0551,4.2226,HAZARD,48,99.0
13:24:54.874,1.0571,4.2226,HAZARD,48,99.0
13:24:55.032,1.0179,4.2226,HAZARD,48,96.0
13:24:55.180,1.0434,4.2226,HAZARD,48,95.0
13:24:55.328,1.0083,4.2226,HAZARD,48,68.0
13:24:55.481,1.0346,4.2226,HAZARD,48,72.0
13:24:55.625,1.0232,4.2226,HAZARD,48,70.0
13:24:55.778,1.0021,4.2226,HAZARD,48,71.0
13:24:55.935,1.0145,2.8333,HAZARD,69,77.5
13:24:56.080,1.0004,2.8333,HAZARD,69,73.5
13:24:56.246,1.0188,2.8333,HAZARD,69,75.5
13:24:56.405,1.0049,2.8333,CAUTION,69,72.5
13:24:56.553,1.0201,2.8333,CAUTION,69,77.5
13:24:56.699,1.0195,2.8333,CAUTION,69,75.5
13:24:56.870,1.0105,2.1667,CAUTION,76,62.0
13:24:57.026,1.0146,2.1667,CAUTION,76,62.0
13:24:57.176,1.0116,2.1667,CAUTION,76,58.0
13:24:57.344,1.0085,2.1667,CAUTION,76,58.0
13:24:57.525,1.0102,2.1667,CAUTION,76,58.0
13:24:57.676,1.0033,2.1667,CAUTION,76,57.0
13:24:57.814,1.0042,2.1667,CAUTION,76,56.0
13:24:57.972,1.0076,2.1667,CAUTION,76,56.0
13:24:58.139,1.0122,2.1667,CAUTION,76,58.0
13:24:58.295,1.0123,2.1667,CAUTION,76,58.0
13:24:58.446,1.0084,2.1667,CAUTION,76,57.0
13:24:58.604,1.0127,2.1667,CAUTION,76,58.0
13:24:58.760,1.0016,3.0,CAUTION,68,75.0
13:24:58.927,1.0077,3.0,CAUTION,68,73.0
13:24:59.075,1.0125,3.0,CAUTION,68,75.0
13:24:59.230,1.0111,0.0,CAUTION,100,100.0
13:24:59.390,1.007,3.0,CAUTION,68,74.0
13:24:59.546,1.0056,3.0,CAUTION,68,74.0
13:24:59.695,1.0114,0.0,CAUTION,100,100.0
13:24:59.840,1.0021,0.0,CAUTION,100,100.0
13:25:00.005,1.0068,0.0,NORMAL,100,100.0
13:25:00.149,1.0106,0.0,NORMAL,100,100.0
13:25:00.310,1.0105,0.0,NORMAL,100,100.0
13:25:00.455,1.014,3.0,NORMAL,68,77.0
13:25:00.604,1.001,3.0,NORMAL,68,75.0
13:25:00.751,1.0066,3.0,NORMAL,68,73.0
13:25:00.905,1.002,3.0,CAUTION,68,75.0
13:25:01.064,1.0178,3.0,CAUTION,68,76.0
13:25:01.226,1.0017,3.0,CAUTION,68,75.0
13:25:01.399,1.0112,3.0,CAUTION,68,79.0
13:25:01.581,1.0044,3.0,CAUTION,68,75.0
13:25:01.735,1.0037,3.0,CAUTION,78,74.0
13:25:01.895,1.0041,3.0,CAUTION,78,74.0
13:25:02.039,1.0166,3.0,CAUTION,78,76.0
13:25:02.244,1.0011,3.0,CAUTION,78,75.0
13:25:02.406,1.0015,3.0,CAUTION,78,78.0
13:25:02.571,1.0083,2.5,CAUTION,78,69.5
13:25:02.729,1.0156,2.5,CAUTION,78,71.5
13:25:02.878,1.0167,2.5,CAUTION,78,72.5
13:25:03.043,1.0023,2.5,CAUTION,78,71.5
13:25:03.195,1.0005,2.5,CAUTION,78,73.5
13:25:03.346,1.0167,2.5,CAUTION,72,71.5
13:25:03.506,1.0018,0.0,CAUTION,100,100.0
13:25:03.659,1.0152,0.0,CAUTION,100,100.0
13:25:03.812,1.0131,0.0,CAUTION,100,100.0
13:25:03.967,1.0165,0.0,NORMAL,100,100.0
13:25:04.117,1.0024,0.0,NORMAL,100,100.0
13:25:04.262,1.0087,0.0,NORMAL,100,100.0
13:25:04.405,1.0008,0.0,NORMAL,100,100.0
13:25:04.540,1.0123,0.0,NORMAL,100,100.0
13:25:04.712,1.0047,0.0,NORMAL,100,100.0
13:25:04.871,1.0112,0.0,NORMAL,100,100.0
13:25:05.021,1.0127,0.0,NORMAL,100,100.0
13:25:05.163,1.0024,0.0,NORMAL,100,100.0
13:25:05.313,1.0144,0.0,NORMAL,100,100.0
13:25:05.466,1.012,0.0,NORMAL,100,100.0
13:25:05.622,1.0138,0.0,NORMAL,100,100.0
13:25:05.762,1.0069,0.0,NORMAL,100,100.0
13:25:05.917,1.0065,0.0,NORMAL,100,100.0
13:25:06.053,1.009,0.0,NORMAL,100,100.0
13:25:06.208,1.0033,0.0,NORMAL,100,100.0
13:25:06.357,1.0096,0.0,NORMAL,100,100.0
13:25:06.513,1.0209,0.0,NORMAL,100,100.0
13:25:06.652,2.5832,0.0,NORMAL,31,48.0
13:25:06.810,1.2482,0.0,NORMAL,100,66.0
13:25:06.951,1.2119,0.0,NORMAL,100,86.0
13:25:07.121,1.155,5.0,NORMAL,37,78.0
13:25:07.284,1.1483,5.0,NORMAL,73,82.0
13:25:07.432,1.1241,5.0,NORMAL,73,92.0
13:25:07.578,1.0859,5.0,CAUTION,73,99.0
13:25:07.748,1.0875,5.0,CAUTION,73,99.0
13:25:07.911,1.073,5.0,CAUTION,73,99.0
13:25:08.080,1.0586,5.0,CAUTION,73,99.0
13:25:08.222,1.0534,5.0,CAUTION,73,99.0
13:25:08.426,1.0472,5.0,CAUTION,73,99.0
13:25:08.598,1.0252,5.0,CAUTION,73,96.0
13:25:08.759,1.0248,5.0,CAUTION,73,82.0
13:25:08.918,1.0328,5.0,CAUTION,73,81.0
13:25:09.075,1.037,3.0,CAUTION,68,81.0
13:25:09.230,1.0125,3.0,CAUTION,68,76.0
13:25:09.378,1.005,3.0,CAUTION,68,78.0
13:25:09.537,1.0043,3.0,CAUTION,68,74.0
13:25:09.682,1.027,3.0,CAUTION,68,76.0
13:25:09.836,1.003,3.0,CAUTION,68,71.0
13:25:09.983,1.004,3.0,CAUTION,68,77.0
13:25:10.133,1.0117,3.0,CAUTION,68,76.0
13:25:10.290,1.0091,3.0,CAUTION,68,76.0
13:25:10.441,1.0,3.0,CAUTION,68,77.0
13:25:10.605,1.0022,3.0,CAUTION,68,75.0
13:25:10.742,1.0231,3.0,CAUTION,68,76.0
13:25:10.907,1.0001,2.5,CAUTION,72,67.5
13:25:11.054,1.0095,2.5,CAUTION,72,74.5
13:25:11.218,1.0122,2.5,CAUTION,72,72.5
13:25:11.385,1.0061,2.5,CAUTION,72,69.5
13:25:11.547,1.0097,2.5,CAUTION,72,71.5
13:25:11.694,1.01,2.5,CAUTION,72,72.5
13:25:11.848,1.0083,2.5,CAUTION,72,71.5
13:25:12.013,1.016,2.5,CAUTION,72,72.5
13:25:12.168,1.0069,2.5,CAUTION,72,70.5
13:25:12.324,1.0079,2.5,CAUTION,72,70.5
13:25:12.479,1.0049,2.5,CAUTION,72,69.5
13:25:12.626,1.0086,2.5,CAUTION,72,70.5
13:25:12.780,1.0055,0.0,CAUTION,100,100.0
13:25:12.925,1.0089,0.0,CAUTION,100,100.0
13:25:13.079,1.0042,0.0,CAUTION,100,100.0
13:25:13.252,1.0034,0.0,NORMAL,100,100.0
13:25:13.400,1.0133,0.0,NORMAL,100,100.0
13:25:13.537,1.0038,0.0,NORMAL,100,100.0
13:25:13.680,1.001,0.0,NORMAL,100,100.0
13:25:13.823,1.0127,0.0,NORMAL,100,100.0
13:25:13.953,1.008,0.0,NORMAL,100,100.0
13:25:14.097,1.0016,0.0,NORMAL,100,100.0
13:25:14.244,1.008,0.0,NORMAL,100,100.0
13:25:14.394,1.0005,0.0,NORMAL,100,100.0
13:25:14.533,1.0015,0.0,NORMAL,100,100.0
13:25:14.671,1.0096,0.0,NORMAL,100,100.0
13:25:14.833,1.0002,0.0,NORMAL,100,100.0
13:25:14.985,1.0015,0.0,NORMAL,100,100.0
13:25:15.145,1.0138,0.0,NORMAL,100,100.0
13:25:15.289,1.0048,0.0,NORMAL,100,100.0
13:25:15.443,1.0107,0.0,NORMAL,100,100.0
13:25:15.589,1.0121,0.0,NORMAL,100,100.0
13:25:15.744,1.0066,0.0,NORMAL,100,100.0
13:25:15.898,1.0196,0.0,NORMAL,100,100.0
13:25:16.037,1.0028,0.0,NORMAL,100,100.0
13:25:16.189,1.0138,0.0,NORMAL,100,100.0
13:25:16.337,1.0166,0.0,NORMAL,100,100.0
13:25:16.481,1.0035,0.0,NORMAL,100,100.0
13:25:16.633,1.002,0.0,NORMAL,100,100.0
13:25:16.776,1.0068,0.0,NORMAL,100,100.0
13:25:16.935,1.0065,0.0,NORMAL,100,100.0
13:25:17.085,1.0107,0.0,NORMAL,100,100.0
13:25:17.239,1.0063,0.0,NORMAL,100,100.0
13:25:17.395,1.008,0.0,NORMAL,100,100.0
13:25:17.585,1.0045,0.0,NORMAL,100,100.0
13:25:17.717,1.0053,0.0,NORMAL,100,100.0
13:25:17.867,1.4784,0.0,NORMAL,100,78.0
13:25:18.013,1.057,0.0,NORMAL,100,65.0
13:25:18.154,1.0459,0.0,NORMAL,100,52.0
13:25:18.295,1.0468,0.0,NORMAL,100,81.0
13:25:18.436,1.0439,0.0,NORMAL,100,100.0
13:25:18.601,1.0294,0.0,NORMAL,100,100.0
13:25:18.742,1.0431,0.0,NORMAL,100,100.0
13:25:18.891,1.0231,0.0,NORMAL,100,100.0
13:25:19.030,1.0215,0.0,NORMAL,100,100.0
13:25:19.177,1.0294,0.0,NORMAL,100,100.0
13:25:19.338,1.0349,0.0,NORMAL,100,100.0
13:25:19.481,1.0109,0.0,NORMAL,100,99.0
13:25:19.625,1.0006,0.0,NORMAL,100,100.0
13:25:19.779,1.0076,0.0,NORMAL,100,100.0
13:25:19.923,1.0075,0.0,NORMAL,100,100.0
13:25:20.073,1.0127,0.0,NORMAL,100,100.0
13:25:20.221,1.019,0.0,NORMAL,100,100.0
13:25:20.371,1.0084,0.0,NORMAL,100,100.0
13:25:20.531,1.0005,0.0,NORMAL,100,100.0
13:25:20.668,1.0005,0.0,NORMAL,100,100.0
13:25:20.806,1.01,0.0,NORMAL,100,100.0
13:25:20.960,1.0126,0.0,NORMAL,100,100.0
13:25:21.103,1.0198,0.0,NORMAL,100,100.0
13:25:21.233,1.0173,0.0,NORMAL,100,100.0
13:25:21.384,1.0077,0.0,NORMAL,100,100.0
13:25:21.547,1.0081,0.0,NORMAL,100,100.0
13:25:21.688,1.0012,0.0,NORMAL,100,100.0
13:25:21.839,1.0053,0.0,NORMAL,100,100.0
13:25:21.993,1.0064,0.0,NORMAL,100,100.0
13:25:22.136,1.0157,0.0,NORMAL,100,100.0
13:25:22.277,1.0136,0.0,NORMAL,100,100.0
13:25:22.417,1.0063,0.0,NORMAL,100,100.0
13:25:22.577,1.017,0.0,NORMAL,100,100.0
13:25:22.738,1.0036,0.0,NORMAL,100,100.0
13:25:22.861,1.0034,0.0,NORMAL,100,100.0
13:25:23.009,1.0135,0.0,NORMAL,100,100.0
13:25:23.155,1.0034,0.0,NORMAL,100,100.0
13:25:23.314,1.0201,0.0,NORMAL,100,100.0
13:25:23.476,1.0031,0.0,NORMAL,100,100.0
13:25:23.636,1.0109,0.0,NORMAL,100,100.0
13:25:23.773,1.0134,0.0,NORMAL,100,100.0
13:25:23.914,1.0094,0.0,NORMAL,100,100.0
13:25:24.071,1.0061,0.0,NORMAL,100,100.0
13:25:24.205,1.0105,0.0,NORMAL,100,100.0
13:25:24.344,1.0163,0.0,NORMAL,100,100.0
13:25:24.494,1.0035,0.0,NORMAL,100,100.0
13:25:24.621,1.0088,0.0,NORMAL,100,100.0
13:25:24.795,1.0169,0.0,NORMAL,100,100.0
13:25:24.955,1.0167,0.0,NORMAL,100,100.0
13:25:25.100,1.0118,0.0,NORMAL,100,100.0
13:25:25.260,1.0018,0.0,NORMAL,100,100.0
13:25:25.410,1.0025,0.0,NORMAL,100,100.0
13:25:25.557,1.0066,0.0,NORMAL,100,100.0
13:25:25.705,1.0181,0.0,NORMAL,100,100.0
13:25:25.840,1.0002,0.0,NORMAL,100,98.0
13:25:25.985,1.005,0.0,NORMAL,100,100.0
13:25:26.118,1.0047,0.0,NORMAL,100,100.0
13:25:26.259,1.0038,0.0,NORMAL,100,100.0
13:25:26.427,1.0105,0.0,NORMAL,100,100.0
13:25:26.581,1.0065,0.0,NORMAL,100,100.0
13:25:26.724,1.0074,0.0,NORMAL,100,100.0
13:25:26.877,1.0143,0.0,NORMAL,100,100.0
13:25:27.072,1.0164,0.0,NORMAL,100,100.0
13:25:27.216,1.0062,0.0,NORMAL,100,100.0
13:25:27.364,1.0001,0.0,NORMAL,100,100.0
13:25:27.527,1.0055,0.0,NORMAL,100,100.0
13:25:27.680,1.0074,0.0,NORMAL,100,100.0
13:25:27.823,1.0151,0.0,NORMAL,100,100.0
13:25:27.972,1.0111,0.0,NORMAL,100,100.0
13:25:28.128,1.0009,1.6816,NORMAL,76,58.0
13:25:28.298,1.0086,1.6816,NORMAL,76,57.0
13:25:28.445,1.0016,1.6816,NORMAL,76,58.0
13:25:28.599,1.0157,1.6816,CAUTION,76,58.0
13:25:28.742,1.0066,1.6816,CAUTION,76,57.0
13:25:28.904,1.0015,1.6816,CAUTION,76,58.0
13:25:29.052,1.0071,1.6816,CAUTION,76,55.0
13:25:29.210,1.0086,1.6816,CAUTION,76,57.0
13:25:29.364,1.0049,0.0,CAUTION,100,100.0
13:25:29.533,1.0161,1.6816,CAUTION,76,59.0
13:25:29.680,1.0068,0.0,CAUTION,100,100.0
13:25:29.834,2.6642,0.0,CAUTION,30,43.0
13:25:29.989,1.258,0.0,CAUTION,100,60.0
13:25:30.157,1.2221,0.0,NORMAL,100,86.0
13:25:30.290,1.1716,0.0,NORMAL,100,98.0
13:25:30.433,1.1535,0.0,NORMAL,100,98.0
13:25:30.570,1.1419,0.0,NORMAL,100,97.0
13:25:30.708,1.121,0.0,NORMAL,100,81.0
13:25:30.858,1.0882,0.0,NORMAL,100,70.0
13:25:30.999,1.0609,0.0,NORMAL,100,64.0
13:25:31.139,1.0624,0.0,NORMAL,100,41.0
13:25:31.292,1.069,0.0,NORMAL,100,42.0
13:25:31.431,1.05,0.0,NORMAL,100,55.0
13:25:31.572,1.0503,0.0,NORMAL,100,68.0
13:25:31.718,1.0207,0.0,NORMAL,100,99.0
13:25:31.854,1.0414,0.0,NORMAL,100,100.0
13:25:31.990,1.0307,0.0,NORMAL,100,100.0
13:25:32.136,1.009,0.0,NORMAL,100,99.0
13:25:32.293,1.0197,0.0,NORMAL,100,100.0
13:25:32.432,1.0187,0.0,NORMAL,100,100.0
13:25:32.596,1.0016,0.0,NORMAL,100,100.0
13:25:32.756,1.0164,0.0,NORMAL,100,100.0
13:25:32.905,1.0048,0.0,NORMAL,100,100.0
13:25:33.052,1.0011,0.0,NORMAL,100,100.0
13:25:33.190,1.0057,1.3329,NORMAL,80,56.0
13:25:33.346,1.0136,1.3329,NORMAL,80,58.0
13:25:33.512,1.0062,1.3329,NORMAL,80,57.0
13:25:33.676,1.0019,1.3329,CAUTION,80,57.0
13:25:33.820,1.0234,1.3329,CAUTION,80,58.0
13:25:33.978,1.0114,1.3329,CAUTION,80,58.0
13:25:34.126,1.0218,1.3329,CAUTION,80,63.0
13:25:34.271,1.0154,1.3329,CAUTION,80,59.0
13:25:34.433,1.0118,1.3329,CAUTION,80,61.0
13:25:34.578,1.0103,1.3329,CAUTION,80,59.0
13:25:34.725,1.0029,1.3329,CAUTION,80,58.0
13:25:34.875,1.0162,1.3329,CAUTION,80,58.0
13:25:35.021,1.0034,4.2042,CAUTION,48,66.8
13:25:35.167,1.0165,4.2042,CAUTION,48,71.8
13:25:35.323,1.0048,4.2042,CAUTION,48,66.8
13:25:35.475,1.0109,4.2042,HAZARD,48,70.8
13:25:35.631,1.0063,4.2042,HAZARD,48,66.8
13:25:35.769,1.0134,4.2042,HAZARD,48,67.8
13:25:35.954,1.0113,4.2042,HAZARD,48,68.8
13:25:36.114,1.0006,4.2042,HAZARD,48,67.8
13:25:36.276,1.014,4.2042,HAZARD,48,68.8
13:25:36.424,1.0151,4.2042,HAZARD,48,69.8
13:25:36.591,1.0175,4.2042,HAZARD,48,69.8
13:25:36.744,1.0112,4.2042,HAZARD,48,69.8
13:25:36.898,1.0027,4.2042,HAZARD,48,71.8
13:25:37.063,1.0108,4.2042,HAZARD,48,68.8
13:25:37.226,1.0146,4.2042,HAZARD,48,69.8
13:25:37.382,1.0035,4.2042,HAZARD,48,66.8
13:25:37.547,1.0025,4.2042,HAZARD,48,68.8
13:25:37.739,1.0058,4.2042,HAZARD,48,66.8
13:25:37.933,1.0039,4.2042,HAZARD,48,66.8
13:25:38.087,1.0097,4.2042,HAZARD,48,67.8
13:25:38.236,1.0136,4.2042,HAZARD,48,69.8
13:25:38.390,1.0036,4.2042,HAZARD,48,66.8
13:25:38.543,1.0083,4.2042,HAZARD,48,67.8
13:25:38.701,1.0136,4.2042,HAZARD,48,67.8
13:25:38.853,1.006,0.0,HAZARD,100,100.0
13:25:39.020,1.0181,0.0,HAZARD,100,100.0
13:25:39.177,1.0074,0.0,HAZARD,100,98.0
13:25:39.333,1.0138,0.0,NORMAL,100,100.0
13:25:39.480,1.003,0.0,NORMAL,100,100.0
13:25:39.620,1.0093,0.0,NORMAL,100,100.0
13:25:39.762,1.0018,0.0,NORMAL,100,100.0
13:25:39.903,1.0102,4.6423,NORMAL,42,72.8
13:25:40.066,1.0145,4.6423,NORMAL,42,73.8
13:25:40.232,1.0098,4.6423,NORMAL,42,72.8
13:25:40.389,1.0012,4.6423,HAZARD,42,74.8
13:25:40.541,1.0135,4.6423,HAZARD,42,72.8
13:25:40.701,1.0085,0.0,HAZARD,71,99.0
13:25:40.864,1.018,4.6423,HAZARD,67,75.2
13:25:41.021,1.0099,0.0,HAZARD,66,99.0
13:25:41.183,1.015,0.0,CAUTION,66,99.0
13:25:41.341,1.0048,0.0,CAUTION,66,99.0
13:25:41.482,1.0024,0.0,CAUTION,66,99.0
13:25:41.633,1.0086,0.0,CAUTION,66,99.0
13:25:41.785,1.0113,0.0,CAUTION,66,99.0
13:25:41.932,1.0109,0.0,CAUTION,66,99.0
13:25:42.091,1.0102,0.0,CAUTION,66,99.0
13:25:42.252,1.0109,0.0,CAUTION,66,99.0
13:25:42.413,1.0014,0.0,CAUTION,66,99.0
13:25:42.562,1.0086,3.0,CAUTION,68,74.0
13:25:42.714,1.0011,3.0,CAUTION,68,76.0
13:25:42.870,1.0062,3.0,CAUTION,68,73.0
13:25:43.027,1.0087,3.0,CAUTION,68,75.0
13:25:43.190,1.0122,3.0,CAUTION,68,76.0
13:25:43.339,1.0185,3.0,CAUTION,68,77.0
13:25:43.477,1.0057,0.0,CAUTION,100,100.0
13:25:43.628,1.0146,0.0,CAUTION,100,100.0
13:25:43.831,1.0071,0.0,CAUTION,100,100.0
13:25:43.992,1.0084,0.0,NORMAL,100,100.0
13:25:44.138,1.0005,0.0,NORMAL,100,100.0
13:25:44.301,1.0032,0.0,NORMAL,100,100.0
13:25:44.443,1.0183,0.0,NORMAL,100,100.0
13:25:44.589,1.0156,0.0,NORMAL,100,100.0
13:25:44.752,1.0002,0.0,NORMAL,100,100.0
13:25:44.905,1.007,4.2593,NORMAL,48,67.3
13:25:45.060,1.0023,4.2593,NORMAL,48,68.3
13:25:45.213,1.0095,4.2593,NORMAL,48,68.3
13:25:45.361,1.0078,4.2593,HAZARD,48,68.3
13:25:45.521,1.0022,4.2593,HAZARD,48,68.3
13:25:45.688,1.0001,4.2593,HAZARD,48,68.3
13:25:45.826,1.0059,4.2593,HAZARD,48,66.3
13:25:45.979,1.0046,4.2593,HAZARD,48,67.3
13:25:46.144,1.0198,4.2593,HAZARD,48,69.3
13:25:46.282,1.0007,4.2593,HAZARD,48,68.3
13:25:46.437,1.0192,4.2593,HAZARD,48,72.3
13:25:46.599,1.003,4.2593,HAZARD,48,67.3
13:25:46.744,1.0014,0.0,HAZARD,100,100.0
13:25:46.909,1.0182,0.0,HAZARD,100,100.0
13:25:47.073,1.0139,0.0,HAZARD,100,100.0
13:25:47.225,1.0039,0.0,NORMAL,100,100.0
13:25:47.390,1.0053,0.0,NORMAL,100,100.0
13:25:47.533,1.007,0.0,NORMAL,100,100.0
13:25:47.684,1.0137,0.0,NORMAL,100,100.0
13:25:47.843,1.0007,0.0,NORMAL,100,100.0
13:25:47.973,1.0168,0.0,NORMAL,100,100.0
13:25:48.114,1.0005,0.0,NORMAL,100,100.0
13:25:48.272,1.0026,0.0,NORMAL,100,100.0
13:25:48.427,1.0008,0.0,NORMAL,100,100.0
13:25:48.581,1.0011,0.0,NORMAL,100,100.0
13:25:48.736,1.0106,0.0,NORMAL,100,100.0
13:25:48.873,1.0008,0.0,NORMAL,100,100.0
13:25:49.017,1.0136,0.0,NORMAL,100,100.0
13:25:49.171,1.003,0.0,NORMAL,100,100.0
13:25:49.330,1.0119,0.0,NORMAL,100,100.0
13:25:49.493,1.0135,0.0,NORMAL,100,100.0
13:25:49.645,1.0186,0.0,NORMAL,100,100.0
13:25:49.776,1.0051,0.0,NORMAL,100,100.0
13:25:49.916,1.0035,0.0,NORMAL,100,100.0
13:25:50.073,1.0086,0.0,NORMAL,100,100.0
13:25:50.219,1.0105,0.0,NORMAL,100,100.0
13:25:50.367,1.0217,0.0,NORMAL,100,100.0
13:25:50.498,1.0071,0.0,NORMAL,100,100.0
13:25:50.638,1.0001,0.0,NORMAL,100,100.0
13:25:50.785,1.0112,0.0,NORMAL,100,100.0
13:25:50.929,1.0074,0.0,NORMAL,100,100.0
13:25:51.080,1.0005,0.0,NORMAL,100,100.0
13:25:51.232,1.0148,0.0,NORMAL,100,100.0
13:25:51.391,1.0042,0.0,NORMAL,100,100.0
13:25:51.540,1.007,0.0,NORMAL,100,100.0
13:25:51.693,1.0124,0.0,NORMAL,100,100.0
13:25:51.831,1.006,0.0,NORMAL,100,100.0
13:25:51.978,1.0182,0.0,NORMAL,100,100.0
13:25:52.132,1.0101,0.0,NORMAL,100,100.0
13:25:52.286,1.0141,0.0,NORMAL,100,100.0
13:25:52.421,1.0092,0.0,NORMAL,100,100.0
13:25:52.579,1.0065,0.0,NORMAL,100,100.0
13:25:52.737,1.0066,0.0,NORMAL,100,100.0
13:25:52.876,1.0137,0.0,NORMAL,100,100.0
13:25:53.053,1.0106,0.0,NORMAL,100,100.0
13:25:53.204,1.0017,0.0,NORMAL,100,100.0
13:25:53.347,1.0058,0.0,NORMAL,100,100.0
13:25:53.513,1.0169,0.0,NORMAL,100,100.0
13:25:53.663,1.0121,0.0,NORMAL,100,100.0
13:25:53.807,1.0087,0.0,NORMAL,100,100.0
13:25:53.954,1.0161,0.0,NORMAL,100,100.0
13:25:54.098,1.0085,0.0,NORMAL,100,100.0
13:25:54.259,1.0169,0.0,NORMAL,100,100.0
13:25:54.408,1.0104,0.0,NORMAL,100,100.0
13:25:54.554,1.0062,0.0,NORMAL,100,100.0
13:25:54.704,1.0043,0.0,NORMAL,100,100.0
13:25:54.854,1.0164,0.0,NORMAL,100,100.0
13:25:55.001,1.0037,0.0,NORMAL,100,100.0
13:25:55.156,1.0076,0.0,NORMAL,100,100.0
13:25:55.298,1.0119,0.0,NORMAL,100,100.0
13:25:55.445,1.0079,0.0,NORMAL,100,100.0
13:25:55.603,1.0032,0.0,NORMAL,100,100.0
13:25:55.753,1.0165,0.0,NORMAL,100,100.0
13:25:55.908,1.0092,0.0,NORMAL,100,100.0
13:25:56.105,1.0052,0.0,NORMAL,100,100.0
13:25:56.298,1.0071,0.0,NORMAL,100,100.0
13:25:56.490,1.0067,0.0,NORMAL,100,100.0
13:25:56.675,1.0024,0.0,NORMAL,100,100.0
13:25:56.830,1.0163,0.0,NORMAL,100,100.0
13:25:56.977,1.0021,0.0,NORMAL,100,100.0
13:25:57.132,1.0034,0.0,NORMAL,100,100.0
13:25:57.283,1.0026,0.0,NORMAL,100,100.0
13:25:57.445,1.0075,4.9392,NORMAL,38,72.5
13:25:57.652,1.0012,4.9392,NORMAL,38,74.5
13:25:57.804,1.01,4.9392,NORMAL,38,75.5
13:25:57.973,1.0156,4.9392,HAZARD,38,77.5
13:25:58.126,1.0078,4.9392,HAZARD,38,74.5
13:25:58.290,1.0029,4.9392,HAZARD,38,74.5
13:25:58.419,1.0012,4.9392,HAZARD,38,74.5
13:25:58.578,1.0129,4.9392,HAZARD,38,75.5
13:25:58.729,1.0136,4.9392,HAZARD,38,75.5
13:25:58.872,1.0159,4.9392,HAZARD,38,76.5
13:25:59.017,1.0109,4.9392,HAZARD,38,75.5
13:25:59.156,1.0015,4.9392,HAZARD,38,76.5
13:25:59.310,1.0137,3.0,HAZARD,68,76.0
13:25:59.457,1.0105,3.0,HAZARD,68,76.0
13:25:59.614,1.0175,3.0,HAZARD,68,77.0
13:25:59.754,1.015,3.0,CAUTION,68,77.0
13:25:59.909,1.0069,3.0,CAUTION,68,78.0
13:26:00.058,1.0136,3.0,CAUTION,68,76.0
13:26:00.208,1.0025,3.0,CAUTION,68,75.0
13:26:00.355,1.0207,3.0,CAUTION,68,76.0
13:26:00.503,1.0095,3.0,CAUTION,68,76.0
13:26:00.658,1.0047,3.0,CAUTION,68,78.0
13:26:00.811,1.0143,3.0,CAUTION,68,76.0
13:26:00.972,1.0155,3.0,CAUTION,68,77.0
13:26:01.130,1.0023,4.0791,CAUTION,50,58.0
13:26:01.289,1.0109,4.0791,CAUTION,50,59.0
13:26:01.426,1.0052,4.0791,CAUTION,50,56.0
13:26:01.590,1.0017,4.0791,HAZARD,50,57.0
13:26:01.759,1.0103,4.0791,HAZARD,50,58.0
13:26:01.921,1.0048,4.0791,HAZARD,50,56.0
13:26:02.074,1.0024,4.0791,HAZARD,50,57.0
13:26:02.236,1.0078,4.0791,HAZARD,50,55.0
13:26:02.387,1.0006,4.0791,HAZARD,50,58.0
13:26:02.546,1.0134,4.0791,HAZARD,50,58.0
13:26:02.691,1.0068,4.0791,HAZARD,50,56.0
13:26:02.859,2.6371,4.0791,HAZARD,50,98.0
13:26:03.025,1.2602,0.0,HAZARD,100,63.0
13:26:03.170,1.2132,0.0,HAZARD,100,86.0
13:26:03.326,1.1734,0.0,HAZARD,100,98.0
13:26:03.478,1.1353,0.0,NORMAL,100,97.0
13:26:03.630,1.1297,0.0,NORMAL,100,81.0
13:26:03.778,1.106,0.0,NORMAL,100,73.0
13:26:03.925,1.108,0.0,NORMAL,100,71.0
13:26:04.084,1.0706,0.0,NORMAL,100,63.0
13:26:04.237,1.0803,0.0,NORMAL,100,59.0
13:26:04.394,1.0446,0.0,NORMAL,100,49.0
13:26:04.543,1.0654,0.0,NORMAL,100,50.0
13:26:04.678,1.0561,0.0,NORMAL,100,48.0
13:26:04.828,1.0325,0.0,NORMAL,100,50.0
13:26:04.985,1.0253,0.0,NORMAL,100,81.0
13:26:05.122,1.0215,0.0,NORMAL,100,100.0
13:26:05.263,1.035,0.0,NORMAL,100,100.0
13:26:05.412,1.0095,0.0,NORMAL,100,99.0
13:26:05.556,1.0131,0.0,NORMAL,100,100.0
13:26:05.713,1.0033,4.4167,NORMAL,45,68.8
13:26:05.869,1.0142,0.0,NORMAL,100,100.0
13:26:06.005,1.0038,4.4167,NORMAL,45,68.8
13:26:06.172,1.0114,4.4167,NORMAL,45,70.8
13:26:06.312,1.0174,4.4167,HAZARD,45,71.8
13:26:06.465,1.0188,4.4167,HAZARD,45,71.8
13:26:06.619,1.0022,4.4167,HAZARD,45,72.8
13:26:06.753,1.0049,4.4167,HAZARD,45,71.8
13:26:06.903,1.008,0.0,HAZARD,100,100.0
13:26:07.051,1.0181,0.0,HAZARD,100,100.0
13:26:07.196,1.0084,0.0,HAZARD,100,98.0
13:26:07.351,1.0036,0.0,NORMAL,100,100.0
13:26:07.495,1.0005,0.0,NORMAL,100,100.0
13:26:07.658,1.0012,0.0,NORMAL,100,100.0
13:26:07.836,2.6798,0.0,NORMAL,30,43.0
13:26:07.992,1.2522,0.0,NORMAL,100,58.0
13:26:08.146,1.2215,0.0,NORMAL,100,86.0
13:26:08.294,1.1845,0.0,NORMAL,100,98.0
13:26:08.446,1.1721,0.0,NORMAL,100,98.0
13:26:08.571,1.1286,0.0,NORMAL,100,97.0
13:26:08.709,1.1173,0.0,NORMAL,100,81.0
13:26:08.858,1.2651,0.0,NORMAL,100,76.0
13:26:09.010,1.1259,0.0,NORMAL,100,91.0
13:26:09.169,1.1312,0.0,NORMAL,100,81.0
13:26:09.317,1.0884,0.0,NORMAL,100,70.0
13:26:09.471,1.0667,0.0,NORMAL,100,64.0
13:26:09.630,1.0853,0.0,NORMAL,100,41.0
13:26:09.775,1.0673,0.0,NORMAL,100,40.0
13:26:09.938,1.0445,0.0,NORMAL,100,49.0
13:26:10.126,1.048,0.0,NORMAL,100,69.0
13:26:10.293,1.0447,0.0,NORMAL,100,100.0
13:26:10.457,1.0265,0.0,NORMAL,100,100.0
13:26:10.622,1.0164,0.0,NORMAL,100,100.0
13:26:10.749,1.0267,0.0,NORMAL,100,100.0
13:26:10.881,1.0219,0.0,NORMAL,100,100.0
13:26:11.036,1.0098,0.0,NORMAL,100,100.0
13:26:11.180,1.0026,5.0,NORMAL,37,80.0
13:26:11.336,1.0008,5.0,NORMAL,37,75.0
13:26:11.490,1.0081,5.0,NORMAL,37,73.0
13:26:11.654,1.0118,5.0,HAZARD,37,76.0
13:26:11.803,1.0027,5.0,HAZARD,37,76.0
13:26:11.971,1.0057,5.0,HAZARD,37,74.0
13:26:12.113,1.0058,5.0,HAZARD,37,74.0
13:26:12.261,1.0044,5.0,HAZARD,37,74.0
13:26:12.415,1.0138,5.0,HAZARD,37,76.0
13:26:12.561,1.001,5.0,HAZARD,37,75.0
13:26:12.707,1.0201,5.0,HAZARD,37,76.0
13:26:12.863,1.015,5.0,HAZARD,37,77.0
13:26:13.027,1.0057,5.0,HAZARD,37,78.0
13:26:13.184,1.0125,5.0,HAZARD,37,76.0
13:26:13.339,1.0024,5.0,HAZARD,37,75.0
13:26:13.488,1.0085,5.0,HAZARD,37,74.0
13:26:13.660,1.0058,5.0,HAZARD,37,74.0
13:26:13.806,1.0134,5.0,HAZARD,37,76.0
13:26:13.967,1.0001,5.0,HAZARD,37,75.0
13:26:14.113,1.0098,5.0,HAZARD,37,76.0
13:26:14.272,1.007,5.0,HAZARD,37,75.0
13:26:14.429,1.012,5.0,HAZARD,37,75.0
13:26:14.571,1.0037,5.0,HAZARD,37,75.0
13:26:14.708,1.0073,5.0,HAZARD,37,74.0
13:26:14.878,1.0189,5.0,HAZARD,37,76.0
13:26:15.039,1.0,5.0,HAZARD,37,75.0
13:26:15.179,1.0142,5.0,HAZARD,37,79.0
13:26:15.322,1.0128,5.0,HAZARD,37,76.0
13:26:15.474,1.0055,5.0,HAZARD,37,75.0
13:26:15.612,1.0127,5.0,HAZARD,37,75.0
13:26:15.771,1.0009,5.0,HAZARD,37,75.0
13:26:15.915,1.0044,5.0,HAZARD,37,74.0
13:26:16.072,1.0043,5.0,HAZARD,37,74.0
13:26:16.225,1.0128,5.0,HAZARD,37,76.0
13:26:16.390,1.0153,0.0,HAZARD,100,100.0
13:26:16.537,1.0126,0.0,HAZARD,100,100.0
13:26:16.685,1.0177,0.0,HAZARD,100,100.0
13:26:16.834,1.0019,0.0,NORMAL,100,100.0
13:26:16.972,1.009,0.0,NORMAL,100,100.0
13:26:17.124,1.0073,0.0,NORMAL,100,100.0
13:26:17.284,1.0109,0.0,NORMAL,100,100.0
13:26:17.428,1.0151,0.0,NORMAL,100,100.0
13:26:17.585,1.0122,0.0,NORMAL,100,100.0
13:26:17.732,1.0117,0.0,NORMAL,100,100.0
13:26:17.866,1.0014,0.0,NORMAL,100,100.0
13:26:18.012,1.0128,0.0,NORMAL,100,100.0
13:26:18.191,1.021,0.0,NORMAL,100,100.0
13:26:18.334,1.0148,0.0,NORMAL,100,100.0
13:26:18.492,1.007,0.0,NORMAL,100,100.0
13:26:18.629,1.0112,0.0,NORMAL,100,100.0
13:26:18.787,1.0029,0.0,NORMAL,100,100.0
13:26:18.941,1.0045,0.0,NORMAL,100,100.0
13:26:19.079,1.0083,0.0,NORMAL,72,99.0
13:26:19.232,1.0074,0.0,NORMAL,72,99.0
13:26:19.380,1.0097,0.0,NORMAL,72,99.0
13:26:19.521,1.0122,0.0,CAUTION,72,99.0
13:26:19.677,1.0093,0.0,CAUTION,72,99.0
13:26:19.836,1.0091,0.0,CAUTION,72,99.0
13:26:19.988,1.0168,0.0,CAUTION,72,99.0
13:26:20.138,1.0038,0.0,CAUTION,72,99.0
13:26:20.289,1.0097,0.0,CAUTION,72,99.0
13:26:20.431,1.0052,0.0,CAUTION,72,99.0
13:26:20.584,1.0152,0.0,CAUTION,72,99.0
13:26:20.741,1.0158,0.0,CAUTION,72,99.0
13:26:20.896,1.0001,0.0,CAUTION,100,100.0
13:26:21.055,1.0042,0.0,CAUTION,100,100.0
13:26:21.192,1.0204,0.0,CAUTION,100,100.0
13:26:21.346,1.0016,0.0,NORMAL,100,100.0
13:26:21.490,1.0104,0.0,NORMAL,100,100.0
13:26:21.651,1.0115,0.0,NORMAL,100,100.0
13:26:21.778,1.0048,0.0,NORMAL,100,100.0
13:26:21.932,1.0066,0.0,NORMAL,100,100.0
13:26:22.083,1.0047,0.0,NORMAL,100,100.0
13:26:22.226,1.0132,0.0,NORMAL,100,100.0
13:26:22.371,1.0154,0.0,NORMAL,100,100.0
13:26:22.510,1.0067,0.0,NORMAL,100,100.0
13:26:22.666,1.0207,0.0,NORMAL,78,100.0
13:26:22.807,1.0068,0.0,NORMAL,78,100.0
13:26:22.963,1.0137,0.0,NORMAL,78,100.0
13:26:23.114,1.0088,0.0,CAUTION,78,100.0
13:26:23.263,1.0093,0.0,CAUTION,78,100.0
13:26:23.409,1.0062,0.0,CAUTION,78,100.0
13:26:23.552,1.0131,0.0,CAUTION,78,100.0
13:26:23.714,1.0028,0.0,CAUTION,78,100.0
13:26:23.862,1.0051,0.0,CAUTION,78,100.0
13:26:24.018,1.0118,0.0,CAUTION,78,100.0
13:26:24.188,1.004,0.0,CAUTION,100,100.0
13:26:24.328,1.0118,0.0,CAUTION,100,100.0
13:26:24.489,1.0111,0.0,CAUTION,100,100.0
13:26:24.635,1.0002,0.0,NORMAL,100,100.0
13:26:24.777,1.0068,0.0,NORMAL,100,100.0
13:26:24.925,1.0076,0.0,NORMAL,100,100.0
13:26:25.062,1.0024,0.0,NORMAL,100,100.0
13:26:25.209,1.0034,0.0,NORMAL,100,100.0
13:26:25.353,1.01,0.0,NORMAL,100,100.0
13:26:25.492,1.0091,0.0,NORMAL,100,100.0
13:26:25.627,1.0037,0.0,NORMAL,100,100.0
13:26:25.786,1.0186,0.0,NORMAL,100,100.0
13:26:25.933,1.0074,0.0,NORMAL,100,100.0
13:26:26.086,1.0162,0.0,NORMAL,100,100.0
13:26:26.242,1.0135,0.0,NORMAL,100,100.0
13:26:26.389,1.0141,0.0,NORMAL,100,100.0
13:26:26.537,1.0074,0.0,NORMAL,100,100.0
13:26:26.692,1.014,0.0,NORMAL,100,100.0
13:26:26.835,1.011,0.0,NORMAL,100,100.0
13:26:26.981,1.0083,0.0,NORMAL,100,100.0
13:26:27.124,1.0054,0.0,NORMAL,100,100.0
13:26:27.266,1.0005,0.0,NORMAL,100,100.0
13:26:27.456,1.0082,0.0,NORMAL,100,100.0
13:26:27.610,1.0113,0.0,NORMAL,100,100.0
13:26:27.766,1.0121,0.0,NORMAL,100,100.0
13:26:27.919,1.002,0.0,NORMAL,100,100.0
13:26:28.071,1.0023,0.0,NORMAL,100,100.0
13:26:28.222,1.0139,0.0,NORMAL,100,100.0
13:26:28.354,1.0119,0.0,NORMAL,100,100.0
13:26:28.499,1.0023,0.0,NORMAL,100,100.0
13:26:28.652,1.0022,0.0,NORMAL,100,100.0
13:26:28.806,1.01,0.0,NORMAL,100,100.0
13:26:28.961,1.009,0.0,NORMAL,100,100.0
13:26:29.116,1.0038,0.0,NORMAL,100,100.0
13:26:29.274,1.0036,0.0,NORMAL,100,100.0
13:26:29.425,1.0091,0.0,NORMAL,100,100.0
13:26:29.570,1.0146,0.0,NORMAL,100,100.0
13:26:29.721,1.0028,0.0,NORMAL,100,100.0
13:26:29.866,1.019,0.0,NORMAL,100,100.0
13:26:30.015,1.0114,0.0,NORMAL,100,100.0
13:26:30.177,1.0002,0.0,NORMAL,100,100.0
13:26:30.337,1.0071,0.0,NORMAL,100,100.0
13:26:30.486,1.0016,0.0,NORMAL,100,100.0
13:26:30.632,1.0009,0.0,NORMAL,100,100.0
13:26:30.785,1.0002,0.0,NORMAL,100,100.0
13:26:30.932,1.0061,0.0,NORMAL,100,100.0
13:26:31.072,1.008,0.0,NORMAL,100,100.0
13:26:31.210,1.0001,0.0,NORMAL,100,100.0
13:26:31.365,1.0113,0.0,NORMAL,100,100.0
13:26:31.510,1.0065,0.0,NORMAL,100,100.0
13:26:31.668,1.0107,0.0,NORMAL,100,100.0
13:26:31.811,1.012,0.0,NORMAL,100,100.0
13:26:31.961,1.0121,0.0,NORMAL,100,100.0
13:26:32.115,1.0131,0.0,NORMAL,100,100.0
13:26:32.274,1.005,0.0,NORMAL,100,100.0
13:26:32.420,1.0041,0.0,NORMAL,100,100.0
13:26:32.556,1.0001,0.0,NORMAL,100,100.0
13:26:32.709,1.0008,0.0,NORMAL,100,100.0
13:26:32.858,1.0069,0.0,NORMAL,100,100.0
13:26:32.994,1.0028,0.0,NORMAL,100,100.0
13:26:33.126,1.0064,0.0,NORMAL,100,100.0
13:26:33.277,1.0041,0.0,NORMAL,100,100.0
13:26:33.426,1.0087,0.0,NORMAL,100,100.0
13:26:33.581,1.0178,0.0,NORMAL,100,100.0
13:26:33.735,1.0123,0.0,NORMAL,100,100.0
13:26:33.890,1.0179,0.0,NORMAL,100,100.0
13:26:34.046,1.0088,0.0,NORMAL,100,100.0
13:26:34.190,1.0057,0.0,NORMAL,100,100.0
13:26:34.321,1.0109,0.0,NORMAL,100,100.0
13:26:34.468,1.0002,0.0,NORMAL,100,100.0
13:26:34.625,1.0126,0.0,NORMAL,100,100.0
13:26:34.775,1.0077,0.0,NORMAL,100,100.0
13:26:34.921,1.0069,0.0,NORMAL,100,100.0
13:26:35.072,1.0116,0.0,NORMAL,100,100.0
13:26:35.221,1.0037,0.0,NORMAL,100,100.0
13:26:35.375,1.0003,0.0,NORMAL,100,100.0
13:26:35.522,1.0101,0.0,NORMAL,100,100.0
13:26:35.675,1.0186,3.0,NORMAL,68,78.0
13:26:35.819,1.0151,3.0,NORMAL,68,77.0
13:26:35.971,1.0004,3.0,NORMAL,68,78.0
13:26:36.133,1.0168,3.0,CAUTION,68,77.0
13:26:36.274,1.0107,3.0,CAUTION,68,76.0
13:26:36.491,1.0089,3.0,CAUTION,68,79.0
13:26:36.656,1.0124,3.0,CAUTION,68,77.0
13:26:36.808,1.0095,3.0,CAUTION,68,76.0
13:26:36.961,1.0143,3.0,CAUTION,68,76.0
13:26:37.120,1.0072,3.0,CAUTION,68,75.0
13:26:37.278,1.0179,3.0,CAUTION,68,78.0
13:26:37.409,1.007,3.0,CAUTION,68,74.0
13:26:37.569,1.006,0.0,CAUTION,100,100.0
13:26:37.706,1.0041,0.0,CAUTION,100,100.0
13:26:37.854,1.0024,0.0,CAUTION,100,100.0
13:26:38.019,1.0163,0.0,NORMAL,100,100.0
13:26:38.176,1.0134,0.0,NORMAL,100,100.0
13:26:38.323,1.0007,0.0,NORMAL,100,100.0
13:26:38.467,1.0052,0.0,NORMAL,100,100.0
13:26:38.622,1.0116,0.0,NORMAL,100,100.0
13:26:38.771,1.0017,0.0,NORMAL,100,100.0
13:26:38.933,1.0086,0.0,NORMAL,100,100.0
13:26:39.087,1.0065,0.0,NORMAL,100,100.0
13:26:39.235,1.0134,0.0,NORMAL,100,100.0
13:26:39.391,1.0103,0.0,NORMAL,100,100.0
13:26:39.539,1.0143,0.0,NORMAL,100,100.0
13:26:39.688,1.011,0.0,NORMAL,100,100.0
13:26:39.856,1.0173,0.0,NORMAL,100,100.0
13:26:39.996,1.0107,0.0,NORMAL,100,100.0
13:26:40.149,1.0016,0.0,NORMAL,100,100.0
13:26:40.307,1.0037,0.0,NORMAL,100,100.0
13:26:40.455,1.0084,0.0,NORMAL,100,100.0
13:26:40.589,1.0001,0.0,NORMAL,100,100.0
13:26:40.740,1.0044,0.0,NORMAL,100,100.0
13:26:40.897,1.0126,0.0,NORMAL,100,100.0
13:26:41.048,1.0176,0.0,NORMAL,100,100.0
13:26:41.197,1.0075,0.0,NORMAL,100,100.0
13:26:41.345,1.0131,0.0,NORMAL,100,100.0
13:26:41.500,1.0118,0.0,NORMAL,100,100.0
13:26:41.656,1.014,0.0,NORMAL,100,100.0
13:26:41.811,1.0018,0.0,NORMAL,100,100.0
13:26:41.987,1.0032,0.0,NORMAL,100,100.0
13:26:42.124,1.0123,0.0,NORMAL,100,100.0
13:26:42.267,1.0169,4.879,NORMAL,38,76.9
13:26:42.427,1.0152,2.3,NORMAL,68,77.0
13:26:42.586,1.0079,4.879,NORMAL,38,76.9
13:26:42.737,1.0156,4.879,HAZARD,38,76.9
13:26:42.891,1.0141,4.879,HAZARD,38,74.9
13:26:43.045,1.0027,4.879,HAZARD,71,74.9
13:26:43.189,1.0149,4.879,HAZARD,71,74.9
13:26:43.351,1.0128,4.879,CAUTION,71,74.9
13:26:43.509,1.0162,4.879,CAUTION,71,77.9
13:26:43.684,1.0079,4.879,CAUTION,71,73.9
13:26:43.851,1.004,4.879,CAUTION,65,77.0
13:26:44.026,1.0051,4.879,CAUTION,65,74.0
13:26:44.192,1.0069,5.0,CAUTION,65,74.0
13:26:44.353,1.002,5.0,CAUTION,65,75.0
13:26:44.507,1.0081,5.0,CAUTION,65,73.0
13:26:44.669,1.0061,5.0,CAUTION,65,74.0
13:26:44.819,1.0077,5.0,CAUTION,65,74.0
13:26:44.975,1.014,5.0,CAUTION,65,75.0
13:26:45.116,1.0028,5.0,CAUTION,65,75.0
13:26:45.305,1.0099,5.0,CAUTION,65,75.0
13:26:45.456,1.0056,5.0,CAUTION,37,75.0
13:26:45.599,1.0076,5.0,CAUTION,37,74.0
13:26:45.750,1.0174,5.0,CAUTION,37,77.0
13:26:45.899,1.0043,5.0,HAZARD,37,74.0
13:26:46.059,1.0103,4.2945,HAZARD,47,71.7
13:26:46.222,1.0027,4.2945,HAZARD,47,69.7
13:26:46.374,1.0015,4.2945,HAZARD,47,68.7
13:26:46.513,1.0094,4.2945,HAZARD,47,69.7
13:26:46.671,1.0155,4.2945,HAZARD,47,70.7
13:26:46.818,1.0041,4.2945,HAZARD,47,67.7
13:26:46.984,2.6347,4.2945,HAZARD,47,99.0
13:26:47.136,1.2489,4.2945,HAZARD,47,96.7
13:26:47.300,1.2102,4.2945,HAZARD,47,78.7
13:26:47.439,1.1745,4.2945,HAZARD,47,71.7
13:26:47.602,1.1426,4.2945,HAZARD,47,76.7
13:26:47.756,1.1419,4.2945,HAZARD,47,89.7
13:26:47.936,1.1174,0.0,HAZARD,100,75.0
13:26:48.078,1.0973,0.0,HAZARD,100,70.0
13:26:48.230,1.0926,0.0,HAZARD,100,61.0
13:26:48.388,1.0587,0.0,NORMAL,100,40.0
13:26:48.536,1.0707,0.0,NORMAL,100,41.0
13:26:48.677,1.0481,0.0,NORMAL,100,60.0
13:26:48.822,1.0508,0.0,NORMAL,100,68.0
13:26:48.968,1.0275,0.0,NORMAL,100,99.0
13:26:49.116,1.0119,0.0,NORMAL,100,100.0
13:26:49.265,1.0091,0.0,NORMAL,100,100.0
13:26:49.410,1.0158,0.0,NORMAL,100,100.0
13:26:49.552,1.0276,0.0,NORMAL,100,100.0
13:26:49.692,1.0247,0.0,NORMAL,100,100.0
13:26:49.843,1.0007,0.0,NORMAL,100,99.0
13:26:49.982,1.0156,0.0,NORMAL,100,100.0
13:26:50.125,1.0102,0.0,NORMAL,100,100.0
13:26:50.288,1.0013,0.0,NORMAL,100,100.0
13:26:50.428,1.0101,5.0,NORMAL,37,76.0
13:26:50.585,1.0046,5.0,NORMAL,37,74.0
13:26:50.729,1.0112,5.0,NORMAL,37,75.0
13:26:50.893,1.0055,5.0,HAZARD,37,74.0
13:26:51.038,1.0204,5.0,HAZARD,37,76.0
13:26:51.192,1.0111,5.0,HAZARD,37,77.0
13:26:51.345,1.0127,5.0,HAZARD,37,79.0
13:26:51.507,1.0104,5.0,HAZARD,37,76.0
13:26:51.670,1.0166,5.0,HAZARD,37,77.0
13:26:51.841,1.0037,5.0,HAZARD,37,74.0
13:26:51.993,1.0004,5.0,HAZARD,37,78.0
13:26:52.186,1.0001,5.0,HAZARD,37,75.0
13:26:52.339,1.0058,5.0,HAZARD,37,73.0
13:26:52.494,1.013,5.0,HAZARD,37,75.0
13:26:52.665,1.0127,5.0,HAZARD,37,76.0
13:26:52.819,1.0067,5.0,HAZARD,37,74.0
13:26:52.971,1.0109,5.0,HAZARD,37,76.0
13:26:53.119,1.0015,0.0,HAZARD,100,100.0
13:26:53.269,1.0095,0.0,HAZARD,100,100.0
13:26:53.436,1.012,0.0,HAZARD,100,100.0
13:26:53.578,1.0037,0.0,NORMAL,100,100.0
13:26:53.725,1.0093,0.0,NORMAL,100,100.0
13:26:53.887,1.0098,0.0,NORMAL,100,100.0
13:26:54.035,1.0074,0.0,NORMAL,100,100.0
13:26:54.169,1.0076,0.0,NORMAL,100,100.0
13:26:54.338,1.0073,0.0,NORMAL,100,100.0
13:26:54.484,1.0048,2.3,NORMAL,68,74.0
13:26:54.642,1.0151,2.3,NORMAL,68,77.0
13:26:54.791,1.0066,2.3,NORMAL,68,75.0
13:26:54.957,1.0008,2.3,CAUTION,68,76.0
13:26:55.117,1.0045,2.3,CAUTION,68,74.0
13:26:55.271,1.0098,2.3,CAUTION,68,75.0
13:26:55.424,1.0016,2.3,CAUTION,68,77.0
13:26:55.585,1.0043,2.3,CAUTION,68,74.0
13:26:55.742,1.0053,2.3,CAUTION,68,74.0
13:26:55.904,1.0126,2.3,CAUTION,68,75.0
13:26:56.068,1.0075,2.3,CAUTION,68,74.0
13:26:56.225,1.0002,2.3,CAUTION,68,76.0
13:26:56.383,1.0,4.2886,CAUTION,47,68.6
13:26:56.517,1.0079,4.2886,CAUTION,47,67.6
13:26:56.676,1.0135,4.2886,CAUTION,47,68.6
13:26:56.831,1.0093,4.2886,HAZARD,47,69.6
13:26:56.990,1.0046,4.2886,HAZARD,47,68.6
13:26:57.147,1.0068,4.2886,HAZARD,47,67.6
13:26:57.309,1.0139,4.2886,HAZARD,47,68.6
13:26:57.460,1.0113,4.2886,HAZARD,47,69.6
13:26:57.616,1.0102,4.2886,HAZARD,47,69.6
13:26:57.770,1.0026,4.2886,HAZARD,47,69.6
13:26:57.909,1.004,4.2886,HAZARD,47,67.6
13:26:58.069,1.0098,4.2886,HAZARD,47,68.6
13:26:58.223,1.0164,0.0,HAZARD,100,100.0
13:26:58.380,1.0136,0.0,HAZARD,100,100.0
13:26:58.540,1.0042,0.0,HAZARD,100,100.0
13:26:58.742,1.0004,0.0,NORMAL,100,100.0
13:26:58.925,1.0007,0.0,NORMAL,100,100.0
13:26:59.131,1.0078,0.0,NORMAL,100,100.0
13:26:59.293,1.0106,0.0,NORMAL,100,100.0
13:26:59.458,1.0001,0.0,NORMAL,100,100.0
13:26:59.655,1.0081,0.0,NORMAL,100,100.0
13:26:59.794,1.0026,0.0,NORMAL,100,100.0
13:26:59.961,1.0117,0.0,NORMAL,100,100.0
13:27:00.121,1.0003,0.0,NORMAL,100,100.0
13:27:00.283,1.0021,0.0,NORMAL,100,100.0
13:27:00.442,1.0007,0.0,NORMAL,100,100.0
13:27:00.589,1.0066,0.0,NORMAL,100,100.0
13:27:00.743,1.001,0.0,NORMAL,100,100.0
13:27:00.882,1.0019,0.0,NORMAL,100,100.0
13:27:01.035,1.0108,0.0,NORMAL,100,100.0
13:27:01.177,1.0019,0.0,NORMAL,100,100.0
13:27:01.330,1.0156,0.0,NORMAL,100,100.0
13:27:01.532,1.003,0.0,NORMAL,100,100.0
13:27:01.739,1.0028,0.0,NORMAL,100,100.0
13:27:01.902,1.0004,0.0,NORMAL,100,100.0
13:27:02.091,1.003,4.3235,NORMAL,47,67.9
13:27:02.248,1.0084,4.3235,NORMAL,47,67.9
13:27:02.405,1.0081,4.3235,NORMAL,47,67.9
13:27:02.556,1.0062,4.3235,HAZARD,47,67.9
13:27:02.710,1.0082,4.3235,HAZARD,47,67.9
13:27:02.866,1.0123,4.3235,HAZARD,47,69.9
13:27:03.033,1.0171,4.3235,HAZARD,47,70.9
13:27:03.192,1.0049,4.3235,HAZARD,47,67.9
13:27:03.349,1.01,4.3235,HAZARD,47,71.9
13:27:03.505,1.01,4.3235,HAZARD,47,70.9
13:27:03.659,1.0144,4.3235,HAZARD,47,71.9
13:27:03.826,1.0049,4.3235,HAZARD,47,68.9
13:27:03.974,1.013,4.4608,HAZARD,45,72.1
13:27:04.177,1.0003,4.4608,HAZARD,45,70.1
13:27:04.436,1.0079,4.4608,HAZARD,45,68.1
13:27:04.641,1.0122,4.4608,HAZARD,45,71.1
13:27:04.818,1.012,4.4608,HAZARD,45,71.1
13:27:04.990,1.011,4.4608,HAZARD,45,71.1
13:27:05.185,1.0098,4.4608,HAZARD,45,71.1
13:27:05.363,1.0165,4.4608,HAZARD,45,72.1
13:27:05.544,1.0124,4.4608,HAZARD,45,71.1
13:27:05.720,1.0153,4.4608,HAZARD,45,76.1
13:27:05.871,1.0144,0.0,HAZARD,100,100.0
13:27:06.031,1.0126,0.0,HAZARD,100,100.0
13:27:06.204,1.0102,0.0,HAZARD,100,100.0
13:27:06.373,1.008,0.0,NORMAL,100,100.0
13:27:06.517,1.0027,0.0,NORMAL,100,100.0
13:27:06.680,1.0148,0.0,NORMAL,100,100.0
13:27:06.833,1.0127,0.0,NORMAL,100,100.0
13:27:06.981,1.0024,0.0,NORMAL,100,100.0
13:27:07.138,1.0057,0.0,NORMAL,100,100.0
13:27:07.282,1.0134,0.0,NORMAL,100,100.0
13:27:07.454,1.0101,0.0,NORMAL,100,100.0
13:27:07.634,1.0098,0.0,NORMAL,100,100.0
13:27:07.772,1.0061,0.0,NORMAL,100,100.0
13:27:07.908,1.0179,0.0,NORMAL,100,100.0
13:27:08.124,1.0106,0.0,NORMAL,100,100.0
13:27:08.307,1.0035,0.0,NORMAL,100,100.0
13:27:08.488,1.0067,0.0,NORMAL,100,100.0
13:27:08.658,1.0027,0.0,NORMAL,100,100.0
13:27:08.795,1.0032,0.0,NORMAL,100,100.0
13:27:08.938,1.0047,0.0,NORMAL,100,100.0
13:27:09.090,1.0123,0.0,NORMAL,100,100.0
13:27:09.284,1.0068,0.0,NORMAL,100,100.0
13:27:09.525,1.0139,0.0,NORMAL,100,100.0
13:27:09.740,1.0092,0.0,NORMAL,100,100.0
13:27:09.901,1.0094,0.0,NORMAL,100,100.0
13:27:10.047,1.0076,0.0,NORMAL,100,100.0
13:27:10.189,1.0,0.0,NORMAL,100,100.0
13:27:10.350,1.0114,0.0,NORMAL,100,100.0
13:27:10.505,1.0097,0.0,NORMAL,100,100.0
13:27:10.727,1.0062,0.0,NORMAL,100,100.0
13:27:10.929,1.0161,0.0,NORMAL,100,100.0
13:27:11.077,1.0097,3.0,NORMAL,68,76.0
13:27:11.233,1.0177,3.0,NORMAL,68,79.0
13:27:11.376,1.0167,3.0,NORMAL,68,77.0
13:27:11.536,1.0083,3.0,CAUTION,68,79.0
13:27:11.707,1.0094,3.0,CAUTION,68,79.0
13:27:11.883,1.0116,3.0,CAUTION,68,77.0
13:27:12.121,1.0141,3.0,CAUTION,68,76.0
13:27:12.334,1.0075,3.0,CAUTION,68,74.0
13:27:12.493,1.004,3.0,CAUTION,68,74.0
13:27:12.654,1.0011,3.0,CAUTION,68,75.0
13:27:12.814,1.0179,3.0,CAUTION,68,76.0
13:27:12.984,1.009,2.6667,CAUTION,71,74.0
13:27:13.143,1.0166,2.6667,CAUTION,71,77.0
13:27:14.322,1.0145,2.6667,CAUTION,71,73.0
13:27:14.574,1.0008,2.6667,CAUTION,71,75.0
13:27:14.827,1.0091,2.6667,CAUTION,71,74.0
13:27:15.072,1.0037,2.6667,CAUTION,71,72.0
13:27:15.302,1.0027,2.6667,CAUTION,71,72.0
13:27:15.546,1.0088,2.6667,CAUTION,71,71.0
13:27:15.809,1.3859,2.6667,CAUTION,71,69.0
13:27:16.058,1.0601,2.6667,CAUTION,71,99.0
13:27:16.305,1.0467,2.6667,CAUTION,71,99.0
13:27:16.543,1.0419,2.6667,CAUTION,71,97.0
13:27:16.784,1.0534,2.5,CAUTION,72,80.5
13:27:17.045,1.0156,2.5,CAUTION,72,86.5
13:27:17.262,1.0112,2.5,CAUTION,72,92.5
13:27:17.467,1.0121,2.5,CAUTION,72,72.5
13:27:17.768,1.0198,2.5,CAUTION,72,73.5
13:27:17.994,1.0208,2.5,CAUTION,72,72.5
13:27:18.206,1.0265,2.5,CAUTION,72,75.5
13:27:18.467,1.0038,2.5,CAUTION,72,69.5
13:27:19.433,1.0254,2.5,CAUTION,72,74.5
13:27:20.282,1.024,2.5,CAUTION,72,72.5
13:27:20.742,1.0017,2.5,CAUTION,72,70.5
13:27:21.199,1.0137,2.5,CAUTION,72,74.5
13:27:21.437,1.0077,0.0,CAUTION,100,100.0
13:27:21.649,1.0153,0.0,CAUTION,100,100.0
13:27:21.889,1.0052,0.0,CAUTION,100,100.0
13:27:22.141,1.0163,0.0,NORMAL,100,100.0
13:27:22.491,1.0011,4.0598,NORMAL,50,57.0
13:27:23.110,1.0087,4.0598,NORMAL,50,60.0
13:27:23.460,1.0077,4.0598,NORMAL,50,57.0
13:27:23.589,1.0069,4.0598,HAZARD,50,56.0
13:27:23.713,1.4752,4.0598,HAZARD,50,56.0
13:27:23.821,1.0825,4.0598,HAZARD,50,88.0
13:27:23.928,1.0515,4.0598,HAZARD,50,97.0
13:27:24.031,1.0697,4.0598,HAZARD,50,89.0
13:27:24.145,1.0301,4.0598,HAZARD,50,73.0
13:27:24.267,1.043,4.0598,HAZARD,50,95.0
13:27:24.390,1.034,4.3848,HAZARD,45,75.5
13:27:24.505,1.0386,4.3848,HAZARD,45,75.5
13:27:24.615,1.0106,4.3848,HAZARD,45,70.5
13:27:24.737,1.0328,4.3848,HAZARD,45,74.5
13:27:24.847,1.0054,4.3848,HAZARD,45,65.5
13:27:25.071,1.0131,4.3848,HAZARD,45,73.5
13:27:25.173,1.0146,0.0,HAZARD,100,100.0
13:27:25.275,1.0087,0.0,HAZARD,100,100.0
13:27:25.381,1.0097,0.0,HAZARD,100,100.0
13:27:25.482,1.022,0.0,NORMAL,100,100.0
13:27:25.574,1.0116,0.0,NORMAL,100,100.0
13:27:25.668,1.011,0.0,NORMAL,100,100.0
13:27:25.764,1.0106,0.0,NORMAL,100,100.0
13:27:25.855,1.0162,0.0,NORMAL,100,100.0
13:27:25.951,1.0066,0.0,NORMAL,100,100.0
13:27:26.040,1.0109,0.0,NORMAL,100,100.0
13:27:26.129,1.0207,0.0,NORMAL,100,100.0
13:27:26.225,1.002,0.0,NORMAL,100,100.0
13:27:26.332,1.0028,0.0,NORMAL,100,100.0
13:27:26.506,1.0052,0.0,NORMAL,100,100.0
13:27:26.659,1.0106,0.0,NORMAL,100,100.0
13:27:26.786,1.0054,0.0,NORMAL,100,100.0
13:27:26.891,1.0066,0.0,NORMAL,100,100.0
13:27:26.994,1.0051,0.0,NORMAL,100,100.0
13:27:27.100,1.0007,0.0,NORMAL,100,100.0
13:27:27.209,1.0155,0.0,NORMAL,100,100.0
13:27:27.306,1.0159,0.0,NORMAL,100,100.0
13:27:27.414,1.0188,0.0,NORMAL,100,100.0
13:27:27.514,1.006,0.0,NORMAL,100,100.0
13:27:27.606,1.0071,0.0,NORMAL,100,100.0
13:27:27.709,1.0062,0.0,NORMAL,100,100.0
13:27:27.814,1.0143,3.0,NORMAL,68,76.0
13:27:27.914,1.0133,3.0,NORMAL,68,76.0
13:27:28.016,1.0091,3.0,NORMAL,68,77.0
13:27:28.211,1.0009,3.0,CAUTION,68,77.0
13:27:28.618,1.0053,3.0,CAUTION,68,74.0
13:27:28.889,1.008,3.0,CAUTION,68,74.0
13:27:29.129,1.0143,3.0,CAUTION,68,75.0
13:27:29.412,1.009,3.0,CAUTION,68,76.0
13:27:29.725,1.0018,0.0,CAUTION,100,100.0
13:27:29.952,1.0019,0.0,CAUTION,100,100.0
13:27:30.186,1.0013,0.0,CAUTION,100,100.0
13:27:30.396,1.0049,0.0,NORMAL,100,100.0
13:27:30.711,1.005,5.0,NORMAL,37,74.0
13:27:30.916,1.013,5.0,NORMAL,37,76.0
13:27:31.146,1.0035,5.0,NORMAL,37,75.0
13:27:31.361,1.0114,0.0,NORMAL,100,100.0
13:27:31.657,1.0042,0.0,HAZARD,70,99.0
13:27:31.879,1.0067,0.0,HAZARD,70,99.0
13:27:32.097,1.0073,0.0,CAUTION,70,99.0
13:27:32.307,1.0136,0.0,CAUTION,70,99.0
13:27:32.555,1.0086,0.0,CAUTION,70,99.0
13:27:32.848,1.0034,0.0,CAUTION,70,99.0
13:27:33.176,1.0053,0.0,CAUTION,70,99.0
13:27:33.419,1.0013,0.0,CAUTION,100,100.0
13:27:33.651,1.0056,0.0,CAUTION,100,100.0
13:27:33.880,1.0068,0.0,CAUTION,100,100.0
13:27:34.141,1.016,0.0,NORMAL,100,100.0
13:27:34.416,1.0063,0.0,NORMAL,100,100.0
13:27:34.611,1.0002,0.0,NORMAL,100,100.0
13:27:34.860,1.0094,4.4867,NORMAL,44,71.4
13:27:35.113,1.0019,4.4867,NORMAL,44,72.4
13:27:35.331,1.0153,4.4867,NORMAL,44,71.4
13:27:35.553,1.0036,4.4867,HAZARD,44,69.4
13:27:35.781,1.0042,4.4867,HAZARD,44,70.4
13:27:35.988,1.016,4.4867,HAZARD,44,71.4
13:27:36.202,1.0107,4.4867,HAZARD,44,71.4
13:27:36.440,1.0082,2.5,HAZARD,72,70.5
13:27:36.663,1.0058,4.4867,HAZARD,44,69.4
13:27:36.882,1.0022,2.5,HAZARD,72,70.5
13:27:37.090,1.0011,2.5,HAZARD,72,70.5
13:27:37.334,1.018,2.5,CAUTION,72,71.5
13:27:37.589,1.01,2.5,CAUTION,72,72.5
13:27:37.834,1.0104,2.5,CAUTION,72,75.5
13:27:38.071,1.0019,2.5,CAUTION,72,71.5
13:27:38.333,1.0219,2.5,CAUTION,72,71.5
13:27:38.553,1.0092,2.5,CAUTION,72,71.5
13:27:38.780,1.0204,2.5,CAUTION,72,76.5
13:27:39.021,1.003,2.5,CAUTION,72,69.5
13:27:39.454,1.0123,0.0,CAUTION,100,100.0
13:27:39.678,1.0037,0.0,CAUTION,100,100.0
13:27:39.970,1.0201,0.0,CAUTION,100,100.0
13:27:40.213,1.014,0.0,NORMAL,100,100.0
13:27:40.434,1.0154,0.0,NORMAL,100,100.0
13:27:40.636,1.0105,0.0,NORMAL,100,100.0
13:27:40.881,1.0033,0.0,NORMAL,100,100.0
13:27:41.099,1.0154,0.0,NORMAL,100,100.0
13:27:41.329,1.0035,0.0,NORMAL,100,100.0
13:27:41.513,1.0128,0.0,NORMAL,75,100.0
13:27:41.714,1.009,0.0,NORMAL,73,100.0
13:27:42.003,1.0129,0.0,NORMAL,70,99.0
13:27:42.225,1.0097,0.0,CAUTION,70,99.0
13:27:42.478,1.0156,0.0,CAUTION,70,99.0
13:27:42.791,1.009,2.1667,CAUTION,70,71.1
13:27:43.101,1.0065,2.1667,CAUTION,70,71.1
13:27:43.387,1.0086,4.0765,CAUTION,70,70.1
13:27:43.652,1.0014,0.0,CAUTION,100,100.0
13:27:43.886,1.0002,0.0,CAUTION,100,100.0
13:27:44.122,1.0141,4.0827,CAUTION,50,58.0
13:27:44.379,1.0157,4.0827,CAUTION,50,59.0
13:27:44.600,1.0016,4.0827,HAZARD,50,57.0
13:27:44.816,1.0047,4.0827,HAZARD,50,57.0
13:27:45.058,1.0049,4.0827,HAZARD,50,56.0
13:27:45.278,1.0053,4.0827,HAZARD,50,56.0
13:27:45.496,1.0135,4.0827,HAZARD,50,58.0
13:27:45.719,1.0099,4.0827,HAZARD,50,58.0
13:27:45.979,1.0076,4.0827,HAZARD,50,57.0
13:27:46.200,1.0142,4.0827,HAZARD,50,57.0
13:27:46.419,1.0159,4.0827,HAZARD,50,59.0
13:27:46.633,1.0042,4.0827,HAZARD,50,57.0
13:27:46.853,1.0082,4.0827,HAZARD,50,57.0
13:27:47.092,1.0022,4.0827,HAZARD,50,57.0
13:27:47.320,1.0032,4.0827,HAZARD,50,56.0
13:27:47.537,1.0009,4.0827,HAZARD,43,68.0
13:27:47.765,1.0178,4.0827,HAZARD,65,76.0
13:27:47.999,1.0167,0.0,HAZARD,65,99.0
13:27:48.210,1.0056,0.0,HAZARD,65,99.0
13:27:48.431,1.0161,0.0,CAUTION,65,99.0
13:27:48.653,1.0137,0.0,CAUTION,65,99.0
13:27:48.863,1.0017,0.0,CAUTION,65,99.0
13:27:49.101,1.0006,0.0,CAUTION,65,99.0
13:27:49.333,1.0096,0.0,CAUTION,65,99.0
13:27:50.488,1.0003,0.0,CAUTION,65,99.0
13:27:50.717,1.0019,0.0,CAUTION,65,99.0
13:27:50.936,1.0022,0.0,CAUTION,65,99.0
13:27:51.155,1.0106,0.0,CAUTION,65,99.0
13:27:51.386,1.0077,0.0,CAUTION,65,99.0
13:27:51.622,1.0065,0.0,CAUTION,65,99.0
13:27:51.841,1.0047,0.0,CAUTION,65,99.0
13:27:52.052,1.0081,0.0,CAUTION,65,99.0
13:27:52.267,1.0082,0.0,CAUTION,100,100.0
13:27:52.485,1.0035,0.0,CAUTION,100,100.0
13:27:52.739,1.004,0.0,CAUTION,100,100.0
13:27:52.948,1.0099,0.0,NORMAL,100,100.0
13:27:53.144,1.014,0.0,NORMAL,100,100.0
13:27:53.359,1.0117,0.0,NORMAL,100,100.0
13:27:53.567,1.0078,0.0,NORMAL,100,100.0
13:27:53.801,1.0091,0.0,NORMAL,100,100.0
13:27:54.018,1.0012,0.0,NORMAL,100,100.0
13:27:54.235,2.6254,0.0,NORMAL,30,42.0
13:27:54.478,1.2615,0.0,NORMAL,100,61.0
13:27:54.679,1.222,0.0,NORMAL,100,86.0
13:27:54.893,1.1727,0.0,NORMAL,100,98.0
13:27:55.100,1.1416,0.0,NORMAL,100,97.0
13:27:55.603,1.1126,0.0,NORMAL,100,82.0
13:27:55.823,1.1266,0.0,NORMAL,74,74.0
13:27:56.046,1.0949,0.0,NORMAL,74,67.0
13:27:56.251,1.0901,0.0,NORMAL,74,64.0
13:27:56.462,1.0649,0.0,CAUTION,74,41.0
13:27:56.668,1.0425,0.0,CAUTION,74,49.0
13:27:57.208,1.3632,0.0,CAUTION,74,69.0
13:27:57.416,1.0988,0.0,CAUTION,100,69.0
13:27:57.644,1.0857,0.0,CAUTION,100,63.0
13:27:57.845,1.0601,0.0,CAUTION,100,40.0
13:27:58.124,1.0541,0.0,NORMAL,100,39.0
13:27:58.368,1.0595,0.0,NORMAL,100,40.0
13:27:58.646,1.0417,0.0,NORMAL,100,61.0
13:27:58.875,1.0349,0.0,NORMAL,100,81.0
13:27:59.107,1.0481,0.0,NORMAL,100,100.0
13:27:59.308,1.0444,0.0,NORMAL,100,100.0
13:27:59.733,1.0135,0.0,NORMAL,100,99.0
13:27:59.936,1.0071,0.0,NORMAL,100,100.0
13:28:00.169,1.025,0.0,NORMAL,100,100.0
13:28:00.374,1.0075,0.0,NORMAL,100,100.0
13:28:00.709,1.0188,0.0,NORMAL,100,100.0
13:28:00.915,1.0047,0.0,NORMAL,100,100.0
13:28:01.128,1.0191,0.0,NORMAL,100,100.0
13:28:01.336,1.0222,0.0,NORMAL,100,100.0
13:28:01.780,1.0185,0.0,NORMAL,100,100.0
13:28:01.983,1.0019,0.0,NORMAL,100,100.0
13:28:02.205,1.0118,0.0,NORMAL,100,100.0
13:28:02.423,1.0089,0.0,NORMAL,100,100.0
13:28:02.748,1.005,0.0,NORMAL,71,99.0
13:28:03.119,1.0073,0.0,NORMAL,71,99.0
13:28:03.220,1.0032,0.0,NORMAL,71,99.0
13:28:03.327,1.0109,0.0,CAUTION,71,99.0
13:28:03.421,1.0147,0.0,CAUTION,71,99.0
13:28:03.506,1.0019,0.0,CAUTION,71,99.0
13:28:03.591,1.0066,0.0,CAUTION,71,99.0
13:28:03.678,1.0013,0.0,CAUTION,71,99.0
13:28:03.770,1.01,0.0,CAUTION,71,99.0
13:28:03.863,1.0031,0.0,CAUTION,71,99.0
13:28:03.952,1.0113,0.0,CAUTION,71,99.0
13:28:04.061,1.013,0.0,CAUTION,71,99.0
13:28:04.209,1.0111,0.0,CAUTION,71,99.0
13:28:04.320,1.0151,0.0,CAUTION,71,99.0
13:28:04.430,1.0147,0.0,CAUTION,71,99.0
13:28:04.541,1.013,0.0,CAUTION,71,99.0
13:28:04.646,1.0151,0.0,CAUTION,100,100.0
13:28:04.749,1.0029,0.0,CAUTION,100,100.0
13:28:04.848,1.0098,0.0,CAUTION,100,100.0
13:28:04.953,1.0134,0.0,NORMAL,100,100.0
13:28:05.047,1.0018,0.0,NORMAL,100,100.0
13:28:05.140,1.0127,0.0,NORMAL,100,100.0
13:28:05.238,1.0038,0.0,NORMAL,100,100.0
13:28:05.332,1.0025,0.0,NORMAL,100,100.0
13:28:05.425,1.0121,0.0,NORMAL,100,100.0
13:28:05.523,1.0108,0.0,NORMAL,100,100.0
13:28:05.616,1.0141,0.0,NORMAL,100,100.0
13:28:05.708,1.0129,0.0,NORMAL,100,100.0
13:28:05.796,2.6657,0.0,NORMAL,30,47.0
13:28:05.887,1.2513,0.0,NORMAL,100,63.0
13:28:05.972,1.2262,0.0,NORMAL,100,86.0
13:28:06.076,1.1731,0.0,NORMAL,100,98.0
13:28:06.174,1.1633,0.0,NORMAL,100,98.0
13:28:06.279,1.1352,0.0,NORMAL,100,97.0
13:28:06.378,1.1063,0.0,NORMAL,100,80.0
13:28:06.484,1.0984,0.0,NORMAL,100,66.0
13:28:06.586,1.0859,0.0,NORMAL,100,59.0
13:28:06.681,1.0604,0.0,NORMAL,100,41.0
13:28:06.784,1.0437,0.0,NORMAL,100,50.0
13:28:06.883,1.045,0.0,NORMAL,100,81.0
13:28:06.983,1.0373,0.0,NORMAL,100,100.0
13:28:07.087,1.0391,0.0,NORMAL,100,100.0
13:28:07.187,1.0326,0.0,NORMAL,100,100.0
13:28:07.286,1.0351,0.0,NORMAL,100,100.0
13:28:07.417,1.0232,0.0,NORMAL,100,100.0
13:28:07.524,1.01,0.0,NORMAL,100,100.0
13:28:07.629,1.0187,0.0,NORMAL,100,100.0
13:28:07.729,1.0026,0.0,NORMAL,100,100.0
13:28:07.998,1.0282,0.0,NORMAL,100,100.0
13:28:08.223,1.0156,0.0,NORMAL,100,100.0
13:28:08.431,1.0068,0.0,NORMAL,100,100.0
13:28:08.635,1.0043,0.0,NORMAL,100,100.0
13:28:08.862,1.0037,0.0,NORMAL,100,100.0
13:28:09.095,1.0038,0.0,NORMAL,100,100.0
13:28:09.288,1.0077,0.0,NORMAL,100,100.0
13:28:09.518,1.0031,0.0,NORMAL,100,100.0
13:28:09.736,1.0244,0.0,NORMAL,100,100.0
13:28:09.947,1.0002,0.0,NORMAL,100,99.0
13:28:10.181,1.0123,0.0,NORMAL,100,100.0
13:28:10.399,1.0052,0.0,NORMAL,100,100.0
13:28:10.616,1.0036,0.0,NORMAL,100,100.0
13:28:10.874,1.0031,0.0,NORMAL,100,100.0
13:28:11.102,1.0056,0.0,NORMAL,100,100.0
13:28:11.314,1.0045,0.0,NORMAL,100,100.0
13:28:11.538,1.0087,0.0,NORMAL,100,100.0
13:28:11.740,1.0054,0.0,NORMAL,100,100.0
13:28:11.987,1.0055,0.0,NORMAL,100,100.0
13:28:12.246,1.0207,0.0,NORMAL,100,100.0
13:28:12.460,1.0078,0.0,NORMAL,100,100.0
13:28:12.694,1.0067,0.0,NORMAL,100,100.0
13:28:12.917,1.0177,0.0,NORMAL,100,100.0
13:28:13.127,1.0025,0.0,NORMAL,100,100.0
13:28:13.403,1.0045,0.0,NORMAL,100,100.0
13:28:13.652,1.0156,0.0,NORMAL,100,100.0
13:28:13.869,1.0046,0.0,NORMAL,100,100.0
13:28:14.109,1.0026,0.0,NORMAL,100,100.0
13:28:14.329,1.0006,0.0,NORMAL,100,100.0
13:28:14.566,1.0104,0.0,NORMAL,100,100.0
13:28:14.787,1.0088,0.0,NORMAL,100,100.0
13:28:15.020,1.0115,0.0,NORMAL,100,100.0
13:28:15.250,1.0102,0.0,NORMAL,100,100.0
13:28:15.484,1.0046,0.0,NORMAL,100,100.0
13:28:15.708,1.0142,0.0,NORMAL,100,100.0
13:28:15.924,1.0179,0.0,NORMAL,100,100.0
13:28:16.138,1.0149,0.0,NORMAL,100,100.0
13:28:16.342,1.0034,0.0,NORMAL,100,100.0
13:28:16.546,1.0124,0.0,NORMAL,100,100.0
13:28:16.777,1.0112,0.0,NORMAL,100,100.0
13:28:16.985,1.0084,0.0,NORMAL,100,100.0
13:28:17.195,1.0141,0.0,NORMAL,100,100.0
13:28:17.410,1.0112,0.0,NORMAL,100,100.0
13:28:17.676,1.0116,0.0,NORMAL,100,100.0
13:28:17.912,1.015,0.0,NORMAL,100,100.0
13:28:18.115,1.014,0.0,NORMAL,100,100.0
13:28:18.357,1.0081,0.0,NORMAL,100,100.0
13:28:18.568,1.0142,0.0,NORMAL,100,100.0
13:28:18.804,1.0116,0.0,NORMAL,100,100.0
13:28:19.013,1.0122,0.0,NORMAL,100,100.0
13:28:19.217,1.0108,0.0,NORMAL,100,100.0
13:28:19.446,1.0019,0.0,NORMAL,100,100.0
13:28:19.708,1.0049,0.0,NORMAL,100,100.0
13:28:19.908,1.0165,0.0,NORMAL,100,100.0
13:28:20.126,1.0092,0.0,NORMAL,100,100.0
13:28:20.351,1.0045,0.0,NORMAL,100,100.0
13:28:20.574,1.005,0.0,NORMAL,100,100.0
13:28:20.784,1.0107,0.0,NORMAL,100,100.0
13:28:20.970,1.0036,0.0,NORMAL,100,100.0
13:28:21.172,1.0005,0.0,NORMAL,100,100.0
13:28:21.367,1.0032,0.0,NORMAL,100,100.0
13:28:21.543,1.0112,0.0,NORMAL,100,100.0
13:28:21.755,1.0098,0.0,NORMAL,100,100.0
13:28:21.912,1.0093,0.0,NORMAL,100,100.0
13:28:22.108,1.0103,0.0,NORMAL,100,100.0
13:28:22.320,1.0025,0.0,NORMAL,100,100.0
13:28:22.499,1.0116,0.0,NORMAL,100,100.0
13:28:22.667,1.0091,0.0,NORMAL,100,100.0
13:28:22.826,1.0012,0.0,NORMAL,100,100.0
13:28:22.998,1.0116,0.0,NORMAL,100,100.0
13:28:23.176,1.0025,0.0,NORMAL,100,100.0
13:28:23.324,1.0128,0.0,NORMAL,100,100.0
13:28:23.491,1.0172,0.0,NORMAL,100,100.0
13:28:23.658,1.0132,0.0,NORMAL,100,100.0
13:28:23.806,1.0128,0.0,NORMAL,100,100.0
13:28:23.954,1.0159,0.0,NORMAL,100,100.0
13:28:24.095,1.0137,0.0,NORMAL,100,100.0
13:28:24.249,1.0051,0.0,NORMAL,100,100.0
13:28:24.398,1.0107,0.0,NORMAL,100,100.0
13:28:24.551,1.0021,0.0,NORMAL,100,100.0
13:28:24.703,1.002,0.0,NORMAL,100,100.0
13:28:24.859,1.0043,0.0,NORMAL,100,100.0
13:28:25.011,1.0045,0.0,NORMAL,100,100.0
13:28:25.172,1.0081,0.0,NORMAL,100,100.0
13:28:25.334,1.0174,0.0,NORMAL,100,100.0
13:28:25.473,1.0133,0.0,NORMAL,100,100.0
13:28:25.605,1.0001,0.0,NORMAL,100,100.0
13:28:25.771,1.0004,0.0,NORMAL,100,100.0
13:28:25.922,1.0024,0.0,NORMAL,100,100.0
13:28:26.076,1.0069,0.0,NORMAL,100,100.0
13:28:26.221,1.0084,0.0,NORMAL,100,100.0
13:28:26.385,1.0088,0.0,NORMAL,100,100.0
13:28:26.545,1.0159,0.0,NORMAL,100,100.0
13:28:26.712,1.0126,0.0,NORMAL,100,100.0
13:28:26.864,1.015,0.0,NORMAL,100,100.0
13:28:27.029,1.0102,0.0,NORMAL,100,100.0
13:28:27.185,1.014,0.0,NORMAL,100,100.0
13:28:27.331,1.0084,0.0,NORMAL,100,100.0
13:28:27.509,1.0148,0.0,NORMAL,100,100.0
13:28:27.653,1.0046,0.0,NORMAL,100,100.0
13:28:27.807,1.0103,0.0,NORMAL,100,100.0
13:28:27.951,1.0191,0.0,NORMAL,100,100.0
13:28:28.097,1.0038,0.0,NORMAL,100,100.0
13:28:28.258,1.0155,0.0,NORMAL,100,100.0
13:28:28.404,1.0143,0.0,NORMAL,100,100.0
13:28:28.549,1.0038,0.0,NORMAL,100,100.0
13:28:28.706,1.0023,0.0,NORMAL,100,100.0
13:28:28.841,1.0096,0.0,NORMAL,100,100.0
13:28:28.992,1.0057,0.0,NORMAL,100,100.0
13:28:29.160,1.0048,0.0,NORMAL,100,100.0
13:28:29.354,1.0124,0.0,NORMAL,100,100.0
13:28:29.512,1.009,0.0,NORMAL,100,100.0
13:28:29.659,1.014,0.0,NORMAL,100,100.0
13:28:29.811,1.0151,0.0,NORMAL,100,100.0
13:28:29.954,1.0037,0.0,NORMAL,100,100.0
13:28:30.097,1.0016,0.0,NORMAL,100,100.0
13:28:30.234,1.0016,0.0,NORMAL,100,100.0
13:28:30.383,1.0128,0.0,NORMAL,100,100.0
13:28:30.535,1.01,0.0,NORMAL,100,100.0
13:28:30.695,1.0179,0.0,NORMAL,100,100.0
13:28:30.850,1.0185,0.0,NORMAL,100,100.0
13:28:30.998,1.0071,0.0,NORMAL,100,100.0
13:28:31.150,1.0152,0.0,NORMAL,100,100.0
13:28:31.309,1.0041,0.0,NORMAL,100,100.0
13:28:31.457,1.0116,0.0,NORMAL,100,100.0
13:28:31.599,1.0156,0.0,NORMAL,100,100.0
13:28:31.757,1.0066,0.0,NORMAL,100,100.0
13:28:31.912,1.0128,0.0,NORMAL,100,100.0
13:28:32.088,1.0206,0.0,NORMAL,100,100.0
13:28:32.242,1.0154,0.0,NORMAL,100,100.0
13:28:32.380,1.0039,0.0,NORMAL,100,100.0
13:28:32.521,1.0059,0.0,NORMAL,100,100.0
13:28:32.664,1.0128,0.0,NORMAL,100,100.0
13:28:32.812,1.0089,0.0,NORMAL,100,100.0
13:28:32.968,1.0087,0.0,NORMAL,100,100.0
13:28:33.122,1.0205,0.0,NORMAL,100,100.0
13:28:33.282,1.0026,0.0,NORMAL,100,100.0
13:28:33.434,1.0072,0.0,NORMAL,100,100.0
13:28:33.585,1.0128,0.0,NORMAL,100,100.0
13:28:33.731,1.0107,0.0,NORMAL,100,100.0
13:28:33.874,1.0126,0.0,NORMAL,100,100.0
13:28:34.028,1.0018,0.0,NORMAL,100,100.0
13:28:34.176,1.0124,0.0,NORMAL,100,100.0
13:28:34.324,1.0031,0.0,NORMAL,100,100.0
13:28:34.498,1.0081,0.0,NORMAL,100,100.0
13:28:34.650,1.0143,0.0,NORMAL,100,100.0
13:28:34.791,1.0185,0.0,NORMAL,100,100.0
13:28:34.943,1.0059,0.0,NORMAL,100,100.0
13:28:35.090,1.0133,0.0,NORMAL,100,100.0
13:28:35.233,1.0071,0.0,NORMAL,100,100.0
13:28:35.370,1.003,0.0,NORMAL,100,100.0
13:28:35.519,1.0161,0.0,NORMAL,100,100.0
13:28:35.674,1.0027,0.0,NORMAL,100,100.0
13:28:35.838,1.0086,0.0,NORMAL,100,100.0
13:28:35.997,1.0141,0.0,NORMAL,72,99.0
13:28:36.143,1.0037,0.0,NORMAL,72,99.0
13:28:36.295,1.0064,0.0,NORMAL,72,99.0
13:28:36.449,1.003,0.0,CAUTION,72,99.0
13:28:36.601,1.0087,0.0,CAUTION,72,99.0
13:28:36.746,1.0066,0.0,CAUTION,72,99.0
13:28:36.890,1.0017,0.0,CAUTION,72,99.0
13:28:37.051,1.0013,0.0,CAUTION,72,99.0
13:28:37.211,1.0058,0.0,CAUTION,72,99.0
13:28:37.379,1.0142,0.0,CAUTION,72,99.0
13:28:37.522,1.0149,0.0,CAUTION,100,100.0
13:28:37.662,1.0016,0.0,CAUTION,100,100.0
13:28:37.822,1.0153,0.0,CAUTION,100,100.0
13:28:37.969,1.0019,0.0,NORMAL,100,100.0
13:28:38.169,1.0026,0.0,NORMAL,100,100.0
13:28:38.316,1.001,0.0,NORMAL,100,100.0
13:28:38.451,1.0165,0.0,NORMAL,100,100.0
13:28:38.601,1.0006,0.0,NORMAL,100,100.0
13:28:38.746,1.0165,0.0,NORMAL,100,100.0
13:28:38.898,1.0075,0.0,NORMAL,100,100.0
13:28:39.063,1.0183,0.0,NORMAL,100,100.0
13:28:39.212,1.0044,0.0,NORMAL,100,100.0
13:28:39.363,1.0138,0.0,NORMAL,100,100.0
13:28:39.517,1.009,0.0,NORMAL,100,100.0
13:28:39.668,1.0019,0.0,NORMAL,100,100.0
13:28:39.822,1.0083,0.0,NORMAL,100,100.0
13:28:39.984,1.005,0.0,NORMAL,100,100.0
13:28:40.134,1.0096,0.0,NORMAL,100,100.0
13:28:40.296,1.0127,0.0,NORMAL,100,100.0
13:28:40.423,1.0007,0.0,NORMAL,100,100.0
13:28:40.575,1.0012,0.0,NORMAL,100,100.0
13:28:40.720,1.0055,0.0,NORMAL,100,100.0
13:28:40.868,1.0062,0.0,NORMAL,100,100.0
13:28:41.039,1.0061,0.0,NORMAL,100,100.0
13:28:41.190,1.0058,0.0,NORMAL,100,100.0
13:28:41.348,1.0002,0.0,NORMAL,100,100.0
13:28:41.502,1.0035,0.0,NORMAL,100,100.0
13:28:41.651,1.002,0.0,NORMAL,100,100.0
13:28:41.805,1.0094,0.0,NORMAL,100,100.0
13:28:41.962,1.0023,0.0,NORMAL,100,100.0
13:28:42.125,1.0086,0.0,NORMAL,100,100.0
13:28:42.272,1.0076,0.0,NORMAL,100,100.0
13:28:42.405,1.0093,0.0,NORMAL,100,100.0
13:28:42.551,1.0086,0.0,NORMAL,100,100.0
13:28:42.695,1.0008,0.0,NORMAL,100,100.0
13:28:42.844,1.0138,0.0,NORMAL,100,100.0
13:28:42.989,1.0042,0.0,NORMAL,100,100.0
13:28:43.123,1.013,0.0,NORMAL,100,100.0
13:28:43.255,1.0123,0.0,NORMAL,100,100.0
13:28:43.408,1.0194,0.0,NORMAL,100,100.0
13:28:43.563,1.0127,0.0,NORMAL,100,100.0
13:28:43.723,1.0004,0.0,NORMAL,100,100.0
13:28:43.870,1.0136,0.0,NORMAL,100,100.0
13:28:44.030,1.0123,0.0,NORMAL,100,100.0
13:28:44.168,1.009,0.0,NORMAL,100,100.0
13:28:44.325,1.0007,0.0,NORMAL,100,100.0
13:28:44.475,1.0067,0.0,NORMAL,100,100.0
13:28:44.631,1.0059,0.0,NORMAL,100,100.0
13:28:44.768,1.0115,0.0,NORMAL,100,100.0
13:28:44.927,1.0082,0.0,NORMAL,100,100.0
13:28:45.088,1.0033,0.0,NORMAL,100,100.0
13:28:45.229,1.0159,0.0,NORMAL,100,100.0
13:28:45.381,1.0085,0.0,NORMAL,100,100.0
13:28:45.519,1.0102,0.0,NORMAL,100,100.0
13:28:45.670,1.0116,0.0,NORMAL,100,100.0
13:28:45.829,1.0012,0.0,NORMAL,100,100.0
13:28:45.980,1.0096,0.0,NORMAL,100,100.0
13:28:46.139,1.0108,0.0,NORMAL,100,100.0
13:28:46.294,1.014,0.0,NORMAL,100,100.0
13:28:46.425,1.014,0.0,NORMAL,100,100.0
13:28:46.587,1.0212,0.0,NORMAL,100,100.0
13:28:46.741,1.0144,0.0,NORMAL,100,100.0
13:28:46.890,1.0042,0.0,NORMAL,100,100.0
13:28:47.033,1.0045,0.0,NORMAL,100,100.0
13:28:47.186,1.0102,0.0,NORMAL,100,100.0
13:28:47.348,1.0178,0.0,NORMAL,100,100.0
13:28:47.501,1.0099,0.0,NORMAL,100,100.0
13:28:47.668,1.0088,0.0,NORMAL,100,100.0
13:28:47.862,1.0079,0.0,NORMAL,100,100.0
13:28:48.018,1.0059,0.0,NORMAL,100,100.0
13:28:48.163,1.0125,0.0,NORMAL,100,100.0
13:28:48.323,1.0106,0.0,NORMAL,100,100.0
13:28:48.481,1.0026,0.0,NORMAL,100,100.0
13:28:48.642,1.0169,0.0,NORMAL,100,100.0
13:28:48.782,1.0016,0.0,NORMAL,100,100.0
13:28:48.928,1.0049,0.0,NORMAL,100,100.0
13:28:49.080,1.0004,0.0,NORMAL,100,100.0
13:28:49.242,1.0011,0.0,NORMAL,100,100.0
13:28:49.407,1.0127,0.0,NORMAL,100,100.0
13:28:49.566,1.0023,0.0,NORMAL,100,100.0
13:28:49.721,1.0101,0.0,NORMAL,54,100.0
13:28:49.885,1.0168,0.0,NORMAL,71,99.0
13:28:50.042,1.0095,0.0,NORMAL,71,99.0
13:28:50.227,1.006,0.0,CAUTION,71,99.0
13:28:50.370,1.0062,0.0,CAUTION,71,99.0
13:28:50.514,1.0137,0.0,CAUTION,71,99.0
13:28:50.671,1.0122,0.0,CAUTION,71,99.0
13:28:50.819,1.011,0.0,CAUTION,71,99.0
13:28:50.968,1.011,0.0,CAUTION,71,99.0
13:28:51.138,1.0085,0.0,CAUTION,71,99.0
13:28:51.294,1.0103,0.0,CAUTION,71,99.0
13:28:51.454,1.006,0.0,CAUTION,71,99.0
13:28:51.619,1.0094,0.0,CAUTION,66,99.0
13:28:51.771,1.0074,0.0,CAUTION,30,99.0
13:28:51.929,1.0002,0.0,CAUTION,65,99.0
13:28:52.092,1.0061,0.0,CAUTION,65,99.0
13:28:52.242,1.0167,0.0,CAUTION,65,99.0
13:28:52.407,1.0134,0.0,CAUTION,65,99.0
13:28:52.587,1.012,0.0,CAUTION,65,99.0
13:28:52.742,1.0063,0.0,CAUTION,65,99.0
13:28:52.910,1.0028,4.1733,CAUTION,65,75.0
13:28:53.082,1.0146,4.1733,CAUTION,65,76.0
13:28:53.241,1.0118,4.1733,CAUTION,65,76.0
13:28:53.406,1.0094,4.1733,CAUTION,65,77.0
13:28:53.556,1.0198,4.1733,CAUTION,65,78.0
13:28:53.706,1.0108,4.1733,CAUTION,65,77.0
13:28:53.867,1.012,4.1733,CAUTION,49,61.0
13:28:54.028,1.0099,4.1733,CAUTION,49,58.0
13:28:54.191,1.0023,4.1733,CAUTION,49,59.0
13:28:54.361,1.0117,4.1733,HAZARD,49,58.0
13:28:54.564,1.0043,4.1733,HAZARD,49,57.0
13:28:54.731,1.011,2.8333,HAZARD,69,73.5
13:28:54.882,1.0164,2.8333,HAZARD,69,75.5
13:28:55.033,1.0079,2.8333,HAZARD,69,73.5
13:28:55.202,1.0073,2.8333,CAUTION,69,75.5
13:28:55.374,1.0154,2.8333,CAUTION,69,75.5
13:28:55.533,1.0062,2.8333,CAUTION,69,73.5
13:28:55.698,1.0143,2.8333,CAUTION,69,75.5
13:28:55.876,1.0103,2.8333,CAUTION,69,74.5
13:28:56.044,1.0017,2.8333,CAUTION,69,75.5
13:28:56.221,1.0148,2.8333,CAUTION,69,74.5
13:28:56.400,1.0034,2.8333,CAUTION,69,72.5
13:28:56.564,1.005,3.0,CAUTION,68,75.0
13:28:56.723,1.0083,3.0,CAUTION,68,75.0
13:28:56.867,1.0098,3.0,CAUTION,68,76.0
13:28:57.046,1.0049,3.0,CAUTION,68,75.0
13:28:57.219,1.0027,3.0,CAUTION,68,75.0
13:28:57.379,1.0085,3.0,CAUTION,68,74.0
13:28:57.549,1.0035,3.0,CAUTION,68,74.0
13:28:57.722,1.0152,3.0,CAUTION,68,76.0
13:28:57.887,1.0059,3.0,CAUTION,68,75.0
13:28:58.064,1.01,3.0,CAUTION,68,77.0
13:28:58.242,1.0088,3.0,CAUTION,68,76.0
13:28:58.408,1.0132,0.0,CAUTION,100,100.0
13:28:58.560,1.0112,0.0,CAUTION,100,100.0
13:28:58.715,1.0059,0.0,CAUTION,100,100.0
13:28:58.869,1.0042,0.0,NORMAL,100,100.0
13:28:59.034,1.017,0.0,NORMAL,100,100.0
13:28:59.190,1.0184,0.0,NORMAL,100,100.0
13:28:59.354,1.0151,0.0,NORMAL,100,100.0
13:28:59.505,1.0087,0.0,NORMAL,100,100.0
13:28:59.654,1.01,0.0,NORMAL,100,100.0
13:28:59.822,1.0028,0.0,NORMAL,100,100.0
13:28:59.978,1.0201,0.0,NORMAL,100,100.0
13:29:00.133,1.0051,0.0,NORMAL,100,100.0
13:29:00.292,1.0009,0.0,NORMAL,100,100.0
13:29:00.449,1.0185,0.0,NORMAL,100,100.0
13:29:00.597,1.0106,0.0,NORMAL,100,100.0
13:29:00.747,1.0178,0.0,NORMAL,100,100.0
13:29:00.889,1.0056,0.0,NORMAL,100,100.0
13:29:01.044,1.0179,0.0,NORMAL,100,100.0
13:29:01.198,1.0065,0.0,NORMAL,100,100.0
13:29:01.357,1.0052,0.0,NORMAL,100,100.0
13:29:01.500,1.0151,0.0,NORMAL,100,100.0
13:29:01.652,1.0146,0.0,NORMAL,100,100.0
13:29:01.803,1.0156,0.0,NORMAL,100,100.0
13:29:01.938,1.0136,0.0,NORMAL,100,100.0
13:29:02.086,1.0008,0.0,NORMAL,100,100.0
13:29:02.223,1.0099,0.0,NORMAL,100,100.0
13:29:02.366,1.0085,0.0,NORMAL,100,100.0
13:29:02.507,1.0095,0.0,NORMAL,100,100.0
13:29:02.660,1.0032,0.0,NORMAL,100,100.0
13:29:02.825,1.0063,0.0,NORMAL,100,100.0
13:29:02.996,1.0046,0.0,NORMAL,100,100.0
13:29:03.142,1.0111,0.0,NORMAL,100,100.0
13:29:03.284,1.0113,0.0,NORMAL,100,100.0
13:29:03.464,1.0061,0.0,NORMAL,100,100.0
13:29:03.618,1.0013,0.0,NORMAL,100,100.0
13:29:03.766,1.0108,0.0,NORMAL,100,100.0
13:29:03.916,1.0184,0.0,NORMAL,100,100.0
13:29:04.079,1.0004,0.0,NORMAL,100,100.0
13:29:04.224,1.0121,0.0,NORMAL,100,100.0
13:29:04.383,1.0025,0.0,NORMAL,100,100.0
13:29:04.547,1.0073,0.0,NORMAL,100,100.0
13:29:04.697,1.0028,0.0,NORMAL,100,100.0
13:29:04.853,1.0124,0.0,NORMAL,100,100.0
13:29:05.007,1.0064,0.0,NORMAL,100,100.0
13:29:05.165,1.0014,0.0,NORMAL,100,100.0
13:29:05.304,1.0151,0.0,NORMAL,100,100.0
13:29:05.458,1.015,0.0,NORMAL,100,100.0
13:29:05.617,1.0035,0.0,NORMAL,100,100.0
13:29:05.782,1.016,0.0,NORMAL,100,100.0
13:29:05.942,1.0129,0.0,NORMAL,100,100.0
13:29:06.106,1.0093,0.0,NORMAL,100,100.0
13:29:06.254,1.0018,0.0,NORMAL,100,100.0
13:29:06.415,1.0114,0.0,NORMAL,100,100.0
13:29:06.571,1.0052,0.0,NORMAL,100,100.0
13:29:06.721,1.0175,0.0,NORMAL,100,100.0
13:29:06.864,1.0106,0.0,NORMAL,100,100.0
13:29:07.028,1.0012,0.0,NORMAL,100,100.0
13:29:07.185,1.0046,0.0,NORMAL,100,100.0
13:29:07.335,1.0117,0.0,NORMAL,100,100.0
13:29:07.489,1.0137,0.0,NORMAL,100,100.0
13:29:07.633,1.0153,0.0,NORMAL,100,100.0
13:29:07.789,1.0169,0.0,NORMAL,100,100.0
13:29:07.939,1.0059,0.0,NORMAL,100,100.0
13:29:08.098,1.0042,0.0,NORMAL,100,100.0
13:29:08.244,1.0176,0.0,NORMAL,100,100.0
13:29:08.400,1.0164,0.0,NORMAL,100,100.0
13:29:08.565,1.0018,0.0,NORMAL,100,100.0
13:29:08.722,1.004,0.0,NORMAL,100,100.0
13:29:08.862,1.0034,0.0,NORMAL,100,100.0
13:29:08.999,1.0179,0.0,NORMAL,100,100.0
13:29:09.149,1.0143,0.0,NORMAL,100,100.0
13:29:09.311,1.0046,0.0,NORMAL,100,100.0
13:29:09.475,1.0074,0.0,NORMAL,100,100.0
13:29:09.626,1.0146,0.0,NORMAL,100,100.0
13:29:09.780,1.0022,0.0,NORMAL,100,100.0
13:29:09.921,1.0073,0.0,NORMAL,100,100.0
13:29:10.088,1.0119,0.0,NORMAL,100,100.0
13:29:10.257,1.0094,0.0,NORMAL,100,100.0
13:29:10.416,1.0148,0.0,NORMAL,100,100.0
13:29:10.556,1.0035,0.0,NORMAL,100,100.0
13:29:10.714,1.0172,0.0,NORMAL,100,100.0
13:29:10.879,1.0096,0.0,NORMAL,100,100.0
13:29:11.044,1.0115,0.0,NORMAL,100,100.0
13:29:11.204,1.0072,0.0,NORMAL,100,100.0
13:29:11.358,1.0089,0.0,NORMAL,100,100.0
13:29:11.515,1.0135,0.0,NORMAL,100,100.0
13:29:11.706,1.0022,0.0,NORMAL,100,100.0
13:29:11.858,1.0152,0.0,NORMAL,100,100.0
13:29:12.012,1.0051,0.0,NORMAL,100,100.0
13:29:12.164,1.0031,0.0,NORMAL,100,100.0
13:29:12.315,1.0039,0.0,NORMAL,100,100.0
13:29:12.461,1.019,0.0,NORMAL,100,100.0
13:29:12.593,1.0151,0.0,NORMAL,100,100.0
13:29:12.754,1.0108,0.0,NORMAL,100,100.0
13:29:12.907,1.0056,0.0,NORMAL,100,100.0
13:29:13.072,1.015,0.0,NORMAL,100,100.0
13:29:13.236,1.0092,0.0,NORMAL,100,100.0
13:29:13.397,1.0053,0.0,NORMAL,100,100.0
13:29:13.540,1.0146,0.0,NORMAL,100,100.0
13:29:13.700,1.0026,0.0,NORMAL,100,100.0
13:29:13.852,1.0139,0.0,NORMAL,100,100.0
13:29:13.989,1.0008,0.0,NORMAL,100,100.0
13:29:14.134,1.0084,0.0,NORMAL,100,100.0
13:29:14.284,1.0099,0.0,NORMAL,100,100.0
13:29:14.430,1.0059,0.0,NORMAL,100,100.0
13:29:14.581,1.01,0.0,NORMAL,100,100.0
13:29:14.732,1.0019,0.0,NORMAL,100,100.0
13:29:14.888,1.001,0.0,NORMAL,100,100.0
13:29:15.033,1.0181,0.0,NORMAL,100,100.0
13:29:15.205,1.0072,0.0,NORMAL,100,98.0
13:29:15.349,1.0015,0.0,NORMAL,100,100.0
13:29:15.510,1.0031,0.0,NORMAL,100,100.0
13:29:15.667,1.0011,0.0,NORMAL,100,100.0
13:29:15.821,1.0003,0.0,NORMAL,100,100.0
13:29:15.964,1.0101,0.0,NORMAL,100,100.0
13:29:16.108,1.0099,0.0,NORMAL,100,100.0
13:29:16.251,1.0127,0.0,NORMAL,100,100.0
13:29:16.398,1.0097,0.0,NORMAL,100,100.0
13:29:16.546,1.0241,0.0,NORMAL,100,100.0
13:29:16.697,1.0049,0.0,NORMAL,100,100.0
13:29:16.850,1.0058,0.0,NORMAL,100,100.0
13:29:17.023,1.0066,0.0,NORMAL,100,100.0
13:29:17.179,1.0129,0.0,NORMAL,100,100.0
13:29:17.333,1.0113,0.0,NORMAL,100,100.0
13:29:17.477,1.0025,0.0,NORMAL,100,100.0
13:29:17.622,1.0044,0.0,NORMAL,100,100.0
13:29:17.759,1.0166,0.0,NORMAL,100,100.0
13:29:17.911,1.0156,0.0,NORMAL,100,100.0
13:29:18.063,1.0096,0.0,NORMAL,100,100.0
13:29:18.203,1.0069,0.0,NORMAL,100,100.0
13:29:18.363,1.0193,0.0,NORMAL,100,100.0
13:29:18.497,1.0038,0.0,NORMAL,100,100.0
13:29:18.642,1.0013,0.0,NORMAL,100,100.0
13:29:18.798,1.011,0.0,NORMAL,100,100.0
13:29:18.946,1.0149,0.0,NORMAL,100,100.0
13:29:19.089,1.0014,0.0,NORMAL,100,100.0
13:29:19.236,1.0122,0.0,NORMAL,100,100.0
13:29:19.396,1.0008,0.0,NORMAL,100,100.0
13:29:19.546,1.0077,0.0,NORMAL,100,100.0
13:29:19.690,1.0067,0.0,NORMAL,100,100.0
13:29:19.849,1.0042,0.0,NORMAL,100,100.0
13:29:19.997,1.0073,0.0,NORMAL,100,100.0
13:29:20.153,1.0151,0.0,NORMAL,100,100.0
13:29:20.307,1.01,0.0,NORMAL,100,100.0
13:29:20.443,1.0047,0.0,NORMAL,100,100.0
13:29:20.596,1.0002,0.0,NORMAL,100,100.0
13:29:20.739,1.005,0.0,NORMAL,100,100.0
13:29:20.883,1.0047,0.0,NORMAL,100,100.0
13:29:21.036,1.0014,0.0,NORMAL,100,100.0
13:29:21.171,1.004,0.0,NORMAL,100,100.0
13:29:21.360,1.0188,0.0,NORMAL,100,100.0
13:29:21.513,1.0073,0.0,NORMAL,100,100.0
13:29:21.667,1.002,0.0,NORMAL,100,100.0
13:29:21.818,1.0125,0.0,NORMAL,100,100.0
13:29:21.968,1.0149,0.0,NORMAL,100,100.0
13:29:22.104,1.0073,0.0,NORMAL,100,100.0
13:29:22.248,1.0096,0.0,NORMAL,100,100.0
13:29:22.393,1.0024,0.0,NORMAL,100,100.0
13:29:22.524,1.0037,0.0,NORMAL,100,100.0
13:29:22.674,1.0204,0.0,NORMAL,100,100.0
13:29:22.816,1.0088,0.0,NORMAL,100,100.0
13:29:22.966,1.0114,0.0,NORMAL,100,100.0
13:29:23.124,1.0109,0.0,NORMAL,100,100.0
13:29:23.265,1.0137,0.0,NORMAL,100,100.0
13:29:23.415,1.0038,0.0,NORMAL,100,100.0
13:29:23.561,1.0073,0.0,NORMAL,100,100.0
13:29:23.708,1.0004,0.0,NORMAL,100,100.0
13:29:23.859,2.6565,0.0,NORMAL,30,42.0
13:29:24.011,1.2355,0.0,NORMAL,100,58.0
13:29:24.144,1.201,0.0,NORMAL,100,86.0
13:29:24.303,1.1912,0.0,NORMAL,100,98.0
13:29:24.442,1.1684,0.0,NORMAL,100,98.0
13:29:24.600,1.117,0.0,NORMAL,100,97.0
13:29:24.760,1.0981,0.0,NORMAL,100,77.0
13:29:24.919,1.1057,0.0,NORMAL,100,65.0
13:29:25.077,1.0905,0.0,NORMAL,100,45.0
13:29:25.232,1.0701,0.0,NORMAL,100,59.0
13:29:25.388,1.0653,0.0,NORMAL,100,41.0
13:29:25.548,1.0522,0.0,NORMAL,100,42.0
13:29:25.694,1.0459,0.0,NORMAL,100,54.0
13:29:25.845,1.0324,0.0,NORMAL,100,81.0
13:29:26.000,1.0141,0.0,NORMAL,100,100.0
13:29:26.146,1.0316,0.0,NORMAL,100,100.0
13:29:26.282,1.0334,0.0,NORMAL,100,100.0
13:29:26.431,1.0233,0.0,NORMAL,100,100.0
13:29:26.591,1.0106,0.0,NORMAL,100,100.0
13:29:26.736,1.0217,0.0,NORMAL,100,100.0
13:29:26.876,1.023,0.0,NORMAL,100,100.0
13:29:27.032,1.0087,0.0,NORMAL,100,100.0
13:29:27.192,1.0071,0.0,NORMAL,100,100.0
13:29:27.323,1.0129,0.0,NORMAL,100,100.0
13:29:27.482,1.0005,0.0,NORMAL,100,100.0
13:29:27.629,1.01,0.0,NORMAL,100,100.0
13:29:27.766,1.0021,0.0,NORMAL,100,100.0
13:29:27.914,1.0014,0.0,NORMAL,100,100.0
13:29:28.068,1.0047,0.0,NORMAL,100,100.0
13:29:28.217,1.0172,0.0,NORMAL,100,100.0
13:29:28.350,1.0184,0.0,NORMAL,100,100.0
13:29:28.501,1.0079,0.0,NORMAL,100,100.0
13:29:28.653,1.0101,0.0,NORMAL,100,100.0
13:29:28.805,1.0127,0.0,NORMAL,100,100.0
13:29:28.953,1.0223,0.0,NORMAL,100,100.0
13:29:29.098,1.0113,0.0,NORMAL,100,100.0
13:29:29.245,1.016,0.0,NORMAL,100,100.0
13:29:29.419,1.0119,0.0,NORMAL,100,100.0
13:29:29.577,1.0044,0.0,NORMAL,100,100.0
13:29:29.747,1.0138,0.0,NORMAL,100,100.0
13:29:29.905,1.0171,0.0,NORMAL,100,100.0
13:29:30.052,1.0133,0.0,NORMAL,100,100.0
13:29:30.205,1.0146,0.0,NORMAL,100,100.0
13:29:30.390,1.0066,0.0,NORMAL,100,100.0
13:29:30.545,1.0099,0.0,NORMAL,100,100.0
13:29:30.684,1.009,0.0,NORMAL,100,100.0
13:29:30.844,1.0119,0.0,NORMAL,100,100.0
13:29:30.992,1.011,0.0,NORMAL,100,100.0
13:29:31.129,1.0046,0.0,NORMAL,100,100.0
13:29:31.276,1.0025,0.0,NORMAL,100,100.0
13:29:31.425,1.0047,0.0,NORMAL,100,100.0
13:29:31.563,1.0003,0.0,NORMAL,100,100.0
13:29:31.699,1.0063,0.0,NORMAL,100,100.0
13:29:31.851,1.0164,0.0,NORMAL,100,100.0
13:29:31.999,1.0094,0.0,NORMAL,100,100.0
13:29:32.148,1.0017,0.0,NORMAL,100,100.0
13:29:32.304,1.0153,0.0,NORMAL,100,100.0
13:29:32.447,1.0018,0.0,NORMAL,100,100.0
13:29:32.579,1.0045,0.0,NORMAL,100,100.0
13:29:32.748,1.0119,0.0,NORMAL,100,100.0
13:29:32.906,1.0125,0.0,NORMAL,100,100.0
13:29:33.073,1.0164,0.0,NORMAL,100,100.0
13:29:33.205,1.0066,0.0,NORMAL,100,100.0
13:29:33.361,1.0109,0.0,NORMAL,100,100.0
13:29:33.503,1.008,0.0,NORMAL,100,100.0
13:29:33.654,1.0064,0.0,NORMAL,100,100.0
13:29:33.780,1.0039,0.0,NORMAL,100,100.0
13:29:33.925,1.0084,0.0,NORMAL,100,100.0
13:29:34.080,1.0056,0.0,NORMAL,100,100.0
13:29:34.235,1.0101,0.0,NORMAL,100,100.0
13:29:34.382,1.0014,0.0,NORMAL,100,100.0
13:29:34.535,1.0061,0.0,NORMAL,100,100.0
13:29:34.666,1.0151,0.0,NORMAL,100,100.0
13:29:34.825,1.0101,0.0,NORMAL,100,100.0
13:29:34.972,1.0061,0.0,NORMAL,100,100.0
13:29:35.126,1.0027,0.0,NORMAL,100,100.0
13:29:35.277,1.0063,0.0,NORMAL,100,100.0
13:29:35.434,1.0202,0.0,NORMAL,100,100.0
13:29:35.570,1.0101,0.0,NORMAL,100,100.0
13:29:35.706,1.0012,0.0,NORMAL,100,100.0
13:29:35.870,1.0124,0.0,NORMAL,100,100.0
13:29:36.025,1.0141,0.0,NORMAL,100,100.0
13:29:36.159,1.0027,0.0,NORMAL,100,100.0
13:29:36.343,1.0015,0.0,NORMAL,100,100.0
13:29:36.536,1.0042,0.0,NORMAL,100,100.0
13:29:36.704,1.0023,0.0,NORMAL,100,100.0
13:29:36.861,1.0181,0.0,NORMAL,100,100.0
13:29:37.022,1.0045,0.0,NORMAL,100,98.0
13:29:37.159,1.0104,0.0,NORMAL,100,100.0
13:29:37.314,1.0038,0.0,NORMAL,100,100.0
13:29:37.473,1.0067,0.0,NORMAL,100,100.0
13:29:37.632,1.4931,0.0,NORMAL,100,78.0
13:29:37.781,1.092,0.0,NORMAL,100,66.0
13:29:37.936,1.0786,0.0,NORMAL,100,65.0
13:29:38.107,1.0414,0.0,NORMAL,100,49.0
13:29:38.272,1.0391,0.0,NORMAL,100,68.0
13:29:38.414,1.0394,0.0,NORMAL,100,100.0
13:29:38.558,1.0295,0.0,NORMAL,100,100.0
13:29:38.705,1.0225,0.0,NORMAL,100,100.0
13:29:38.863,1.0239,0.0,NORMAL,100,100.0
13:29:38.987,1.0052,0.0,NORMAL,100,100.0
13:29:39.147,1.0179,4.1104,NORMAL,50,61.0
13:29:39.293,1.033,4.1104,NORMAL,50,59.0
13:29:39.437,1.0246,4.1104,NORMAL,50,63.0
13:29:39.579,1.0026,4.1104,HAZARD,50,57.0
13:29:39.768,1.0143,4.1104,HAZARD,50,61.0
13:29:39.925,1.0,4.1104,HAZARD,50,57.0
13:29:40.070,1.0026,4.1104,HAZARD,50,58.0
13:29:40.222,1.0023,4.1104,HAZARD,50,57.0
13:29:40.378,1.0106,4.1104,HAZARD,50,58.0
13:29:40.533,1.0119,4.1104,HAZARD,50,58.0
13:29:40.688,1.002,4.1104,HAZARD,50,57.0
13:29:40.832,1.019,4.1104,HAZARD,50,58.0
13:29:40.989,1.0049,4.1104,HAZARD,50,56.0
13:29:41.153,1.0129,4.1104,HAZARD,50,61.0
13:29:41.304,1.0037,4.1104,HAZARD,50,57.0
13:29:41.464,1.0078,0.0,HAZARD,100,100.0
13:29:41.606,1.011,0.0,HAZARD,100,100.0
13:29:41.745,1.0018,0.0,HAZARD,100,100.0
13:29:41.887,1.0146,0.0,NORMAL,100,100.0
13:29:42.045,1.0039,0.0,NORMAL,100,100.0
13:29:42.195,1.0138,0.0,NORMAL,100,100.0
13:29:42.343,1.0039,1.5708,NORMAL,77,56.0
13:29:42.513,1.0101,1.5708,NORMAL,77,57.0
13:29:42.672,1.0097,1.5708,NORMAL,77,58.0
13:29:42.823,1.0003,1.5708,CAUTION,77,59.0
13:29:42.982,1.0031,1.5708,CAUTION,77,56.0
13:29:43.134,1.0149,1.5708,CAUTION,77,58.0
13:29:43.299,1.0074,1.5708,CAUTION,77,57.0
13:29:43.457,1.0155,1.5708,CAUTION,77,60.0
13:29:43.602,1.009,1.5708,CAUTION,77,58.0
13:29:43.750,1.0107,1.5708,CAUTION,77,60.0
13:29:43.897,1.0104,1.5708,CAUTION,77,58.0
13:29:44.036,1.012,1.5708,CAUTION,77,58.0
13:29:44.205,1.0098,0.0,CAUTION,100,100.0
13:29:44.363,1.0058,0.0,CAUTION,100,100.0
13:29:44.524,1.0047,0.0,CAUTION,100,100.0
13:29:44.682,1.0009,0.0,NORMAL,100,100.0
13:29:44.841,1.0054,0.0,NORMAL,100,100.0
13:29:44.995,1.0034,0.0,NORMAL,100,100.0
13:29:45.139,1.011,0.0,NORMAL,100,100.0
13:29:45.278,1.0093,0.0,NORMAL,100,100.0
13:29:45.431,1.0106,0.0,NORMAL,100,100.0
13:29:45.588,1.004,1.3263,NORMAL,80,56.0
13:29:45.734,1.0069,1.3263,NORMAL,80,56.0
13:29:45.905,1.0123,1.3263,NORMAL,80,57.0
13:29:46.049,1.0092,1.3263,CAUTION,80,58.0
13:29:46.197,1.0044,1.3263,CAUTION,80,57.0
13:29:46.347,1.004,1.3263,CAUTION,80,56.0
13:29:46.497,1.0136,1.3263,CAUTION,80,58.0
13:29:46.659,1.0133,1.3263,CAUTION,80,58.0
13:29:46.798,1.0066,1.3263,CAUTION,80,56.0
13:29:46.997,1.0072,1.3263,CAUTION,80,56.0
13:29:47.150,1.0114,1.3263,CAUTION,80,58.0
13:29:47.299,1.0191,1.3263,CAUTION,80,60.0
13:29:47.456,1.0022,0.0,CAUTION,100,100.0
13:29:47.601,1.0054,0.0,CAUTION,100,100.0
13:29:47.758,1.0065,0.0,CAUTION,100,100.0
13:29:47.924,1.0007,0.0,NORMAL,100,100.0
13:29:48.075,1.0151,0.0,NORMAL,100,100.0
13:29:48.222,1.0105,0.0,NORMAL,100,100.0
13:29:48.367,1.0049,0.0,NORMAL,100,100.0
13:29:48.513,1.0074,0.0,NORMAL,100,100.0
13:29:48.657,1.0022,0.0,NORMAL,100,100.0
13:29:48.815,1.0099,0.0,NORMAL,100,100.0
13:29:48.953,1.0002,0.0,NORMAL,100,100.0
13:29:49.096,1.0106,0.0,NORMAL,100,100.0
13:29:49.244,1.005,0.0,NORMAL,100,100.0
13:29:49.418,1.012,0.0,NORMAL,100,100.0
13:29:49.567,1.0152,0.0,NORMAL,100,100.0
13:29:49.710,1.0128,0.0,NORMAL,100,100.0
13:29:49.849,1.0148,0.0,NORMAL,100,100.0
13:29:49.989,1.0024,0.0,NORMAL,100,100.0
13:29:50.152,1.0002,0.0,NORMAL,100,100.0
13:29:50.307,1.009,0.0,NORMAL,100,100.0
13:29:50.437,1.0112,0.0,NORMAL,100,100.0
13:29:50.588,1.0017,0.0,NORMAL,100,100.0
13:29:50.737,1.0183,0.0,NORMAL,100,100.0
13:29:50.893,1.0078,0.0,NORMAL,100,100.0
13:29:51.052,1.0147,0.0,NORMAL,100,100.0
13:29:51.225,1.0005,0.0,NORMAL,100,100.0
13:29:51.389,1.0003,0.0,NORMAL,100,100.0
13:29:51.551,1.0177,0.0,NORMAL,100,100.0
13:29:51.703,1.0036,0.0,NORMAL,100,100.0
13:29:51.856,1.0018,0.0,NORMAL,100,100.0
13:29:52.015,1.0131,0.0,NORMAL,100,100.0
13:29:52.165,1.0182,0.0,NORMAL,100,100.0
13:29:52.324,1.0087,0.0,NORMAL,100,100.0
13:29:52.474,1.0013,0.0,NORMAL,100,100.0
13:29:52.629,1.0132,0.0,NORMAL,100,100.0
13:29:52.783,1.0155,0.0,NORMAL,100,100.0
13:29:52.930,1.0132,0.0,NORMAL,100,100.0
13:29:53.087,1.0112,0.0,NORMAL,100,100.0
13:29:53.245,1.0039,4.1407,NORMAL,49,57.0
13:29:53.389,1.0134,4.1407,NORMAL,49,58.0
13:29:53.547,1.014,4.1407,NORMAL,49,58.0
13:29:53.699,1.0115,4.1407,HAZARD,49,58.0
13:29:53.843,1.0133,4.1407,HAZARD,49,58.0
13:29:53.998,1.0142,4.1407,HAZARD,49,58.0
13:29:54.152,1.0054,4.1407,HAZARD,49,57.0
13:29:54.294,1.0016,4.1407,HAZARD,49,57.0
13:29:54.475,1.0008,4.1407,HAZARD,49,57.0
13:29:54.634,1.0011,4.1407,HAZARD,49,57.0
13:29:54.780,1.0126,4.1407,HAZARD,49,58.0
13:29:54.924,1.0018,4.1407,HAZARD,49,57.0
13:29:55.082,1.0051,4.6178,HAZARD,43,70.6
13:29:55.246,1.0174,4.6178,HAZARD,43,72.6
13:29:55.397,1.0096,4.6178,HAZARD,43,73.6
13:29:55.556,1.0126,4.6178,HAZARD,43,76.6
13:29:55.717,1.0062,4.6178,HAZARD,43,70.6
13:29:55.867,1.0025,4.6178,HAZARD,43,71.6
13:29:56.030,1.0123,4.6178,HAZARD,43,72.6
13:29:56.175,1.0002,4.6178,HAZARD,43,71.6
13:29:56.336,1.0115,4.6178,HAZARD,43,72.6
13:29:56.491,1.0031,4.6178,HAZARD,43,71.6
13:29:56.652,1.0131,4.6178,HAZARD,43,72.6
13:29:56.803,1.0087,4.6178,HAZARD,43,71.6
13:29:56.967,1.0027,0.0,HAZARD,100,100.0
13:29:57.137,1.0119,0.0,HAZARD,100,100.0
13:29:57.294,1.0082,0.0,HAZARD,100,100.0
13:29:57.440,1.0064,0.0,NORMAL,100,100.0
13:29:57.589,1.0203,0.0,NORMAL,100,100.0
13:29:57.743,1.006,0.0,NORMAL,100,100.0
13:29:57.881,1.0086,0.0,NORMAL,100,100.0
13:29:58.029,1.0112,0.0,NORMAL,100,100.0
13:29:58.179,1.008,0.0,NORMAL,100,100.0
13:29:58.317,1.0121,0.0,NORMAL,100,100.0
13:29:58.477,1.0099,0.0,NORMAL,100,100.0
13:29:58.612,1.0088,0.0,NORMAL,100,100.0
13:29:58.738,1.0128,0.0,NORMAL,100,100.0
13:29:58.888,1.0006,0.0,NORMAL,100,100.0
13:29:59.039,1.0012,0.0,NORMAL,100,100.0
13:29:59.180,1.0024,0.0,NORMAL,100,100.0
13:29:59.325,1.004,0.0,NORMAL,100,100.0
13:29:59.482,1.0012,0.0,NORMAL,100,100.0
13:29:59.640,1.0031,0.0,NORMAL,100,100.0
13:29:59.788,1.0066,0.0,NORMAL,100,100.0
13:29:59.936,1.0034,0.0,NORMAL,100,100.0
13:30:00.080,1.0024,0.0,NORMAL,100,100.0
13:30:00.224,1.0081,0.0,NORMAL,100,100.0
13:30:00.380,1.003,0.0,NORMAL,100,100.0
13:30:00.539,1.0179,0.0,NORMAL,100,100.0
13:30:00.695,1.0083,0.0,NORMAL,100,100.0
13:30:00.849,1.0081,0.0,NORMAL,100,100.0
13:30:01.005,1.0192,0.0,NORMAL,100,100.0
13:30:01.152,1.0097,0.0,NORMAL,100,100.0
13:30:01.302,1.0025,0.0,NORMAL,100,100.0
13:30:01.456,1.0083,0.0,NORMAL,100,100.0
13:30:01.611,1.0157,0.0,NORMAL,100,100.0
13:30:01.754,1.0017,0.0,NORMAL,100,100.0
13:30:01.919,1.0135,0.0,NORMAL,100,100.0
13:30:02.065,1.0014,0.0,NORMAL,100,100.0
13:30:02.210,1.0108,0.0,NORMAL,100,100.0
13:30:02.359,1.0173,0.0,NORMAL,100,100.0
13:30:02.522,1.0092,0.0,NORMAL,100,100.0
13:30:02.657,1.0067,0.0,NORMAL,100,100.0
13:30:02.811,1.0069,0.0,NORMAL,100,100.0
13:30:02.965,1.0008,0.0,NORMAL,100,100.0
13:30:03.110,1.0051,0.0,NORMAL,100,100.0
13:30:03.261,1.0099,0.0,NORMAL,100,100.0
13:30:03.410,1.0013,0.0,NORMAL,100,100.0
13:30:03.566,1.0056,0.0,NORMAL,100,100.0
13:30:03.743,1.0115,0.0,NORMAL,100,100.0
13:30:03.900,1.0184,0.0,NORMAL,100,100.0
13:30:04.055,1.0063,0.0,NORMAL,100,100.0
13:30:04.196,1.0181,0.0,NORMAL,100,100.0
13:30:04.336,1.0046,0.0,NORMAL,100,98.0
13:30:04.492,1.0019,0.0,NORMAL,100,100.0
13:30:04.639,1.0109,0.0,NORMAL,100,100.0
13:30:04.789,1.0111,0.0,NORMAL,100,100.0
13:30:04.927,1.0055,0.0,NORMAL,100,100.0
13:30:05.079,1.015,0.0,NORMAL,100,100.0
13:30:05.234,1.0071,0.0,NORMAL,100,100.0
13:30:05.380,1.015,0.0,NORMAL,100,100.0
13:30:05.534,1.0096,0.0,NORMAL,100,100.0
13:30:05.672,1.0104,0.0,NORMAL,100,100.0
13:30:05.805,1.0033,0.0,NORMAL,100,100.0
13:30:05.947,1.0062,0.0,NORMAL,100,100.0
13:30:06.115,1.0182,0.0,NORMAL,100,100.0
13:30:06.275,1.0101,0.0,NORMAL,100,100.0
13:30:06.438,1.0066,0.0,NORMAL,100,100.0
13:30:06.605,1.0141,0.0,NORMAL,100,100.0
13:30:06.736,1.0115,0.0,NORMAL,100,100.0
13:30:06.891,1.0019,0.0,NORMAL,100,100.0
13:30:07.049,1.0092,0.0,NORMAL,100,100.0
13:30:07.189,1.0191,0.0,NORMAL,100,100.0
13:30:07.341,1.003,0.0,NORMAL,100,100.0
13:30:07.484,1.0151,0.0,NORMAL,100,100.0
13:30:07.644,1.0072,0.0,NORMAL,100,100.0
13:30:07.791,1.004,0.0,NORMAL,100,100.0
13:30:07.945,1.0154,0.0,NORMAL,100,100.0
13:30:08.083,1.0029,0.0,NORMAL,100,100.0
13:30:08.221,1.0018,0.0,NORMAL,100,100.0
13:30:08.357,1.0023,0.0,NORMAL,100,100.0
13:30:08.494,1.0103,0.0,NORMAL,100,100.0
13:30:08.641,1.0029,0.0,NORMAL,100,100.0
13:30:08.791,1.0143,0.0,NORMAL,100,100.0
13:30:08.948,1.0172,0.0,NORMAL,100,100.0
13:30:09.104,1.0172,0.0,NORMAL,100,100.0
13:30:09.261,1.0025,0.0,NORMAL,100,100.0
13:30:09.393,1.0108,0.0,NORMAL,100,100.0
13:30:09.541,1.0031,0.0,NORMAL,100,100.0
13:30:09.684,1.004,0.0,NORMAL,100,100.0
13:30:09.841,1.0143,0.0,NORMAL,100,100.0
13:30:09.988,1.0123,0.0,NORMAL,100,100.0
13:30:10.130,1.0126,4.3837,NORMAL,45,71.5
13:30:10.287,1.0107,4.3837,NORMAL,45,70.5
13:30:10.447,1.0012,4.3837,NORMAL,45,70.5
13:30:10.586,1.0107,4.3837,HAZARD,45,70.5
13:30:10.735,1.0162,4.3837,HAZARD,45,71.5
13:30:10.901,1.0001,4.3837,HAZARD,45,69.5
13:30:11.050,1.0099,4.3837,HAZARD,45,73.5
13:30:11.198,1.0221,4.3837,HAZARD,45,72.5
13:30:11.359,1.015,4.3837,HAZARD,45,71.5
13:30:11.518,1.002,4.3837,HAZARD,45,72.5
13:30:11.674,1.0006,4.3837,HAZARD,45,70.5
13:30:11.818,1.0059,4.3837,HAZARD,45,67.5
13:30:11.974,1.0084,4.3837,HAZARD,45,69.5
13:30:12.145,1.0036,4.3837,HAZARD,45,68.5
13:30:12.306,1.0051,4.3837,HAZARD,45,68.5
13:30:12.471,1.0108,4.3837,HAZARD,45,69.5
13:30:12.632,1.0096,4.3837,HAZARD,45,70.5
13:30:12.796,1.0053,4.3837,HAZARD,45,69.5
13:30:12.985,1.0094,4.3837,HAZARD,45,70.5
13:30:13.144,1.0062,4.3837,HAZARD,45,69.5
13:30:13.303,1.0077,4.3837,HAZARD,45,68.5
13:30:13.452,1.004,4.3837,HAZARD,45,68.5
13:30:13.594,1.0175,4.3837,HAZARD,45,70.5
13:30:13.740,1.0121,4.3837,HAZARD,45,70.5
13:30:13.913,1.0043,4.2545,HAZARD,48,71.3
13:30:14.066,1.0066,4.2545,HAZARD,48,67.3
13:30:14.233,1.0193,4.2545,HAZARD,48,69.3
13:30:14.403,1.0125,4.2545,HAZARD,48,70.3
13:30:14.564,1.0133,4.2545,HAZARD,48,72.3
13:30:14.712,1.005,4.2545,HAZARD,48,68.3
13:30:14.861,1.006,4.2545,HAZARD,48,67.3
13:30:15.017,1.0066,4.2545,HAZARD,48,67.3
13:30:15.150,1.0086,4.2545,HAZARD,48,68.3
13:30:15.294,1.0005,4.2545,HAZARD,48,69.3
13:30:15.457,1.0169,4.2545,HAZARD,48,69.3
13:30:15.596,1.0139,4.2545,HAZARD,48,69.3
13:30:15.750,1.0056,4.2545,HAZARD,48,71.3
13:30:15.900,1.0097,4.2545,HAZARD,48,69.3
13:30:16.052,1.0085,4.2545,HAZARD,48,69.3
13:30:16.207,1.0031,4.2545,HAZARD,48,67.3
13:30:16.351,1.0022,4.2545,HAZARD,48,68.3
13:30:16.494,1.0051,4.2545,HAZARD,48,67.3
13:30:16.655,1.0082,4.2545,HAZARD,48,67.3
13:30:16.801,1.0145,4.2545,HAZARD,48,68.3
13:30:16.945,1.0001,4.2545,HAZARD,48,68.3
13:30:17.090,1.0184,4.2545,HAZARD,48,70.3
13:30:17.234,1.0011,4.2545,HAZARD,48,68.3
13:30:17.394,1.0163,4.2545,HAZARD,48,72.3
13:30:17.551,1.0139,4.2545,HAZARD,48,69.3
13:30:17.693,1.01,0.0,HAZARD,100,100.0
13:30:17.857,1.0023,0.0,HAZARD,100,100.0
13:30:18.022,1.0118,0.0,HAZARD,100,100.0
13:30:18.176,1.003,0.0,NORMAL,100,100.0
13:30:18.346,1.0073,0.0,NORMAL,100,100.0
13:30:18.497,1.0063,0.0,NORMAL,100,100.0
13:30:18.633,1.0007,0.0,NORMAL,100,100.0
13:30:18.770,1.0083,0.0,NORMAL,100,100.0
13:30:18.928,1.0194,0.0,NORMAL,100,100.0
13:30:19.063,1.0123,0.0,NORMAL,100,100.0
13:30:19.217,1.0099,0.0,NORMAL,100,100.0
13:30:19.356,1.0026,0.0,NORMAL,100,100.0
13:30:19.502,1.0036,0.0,NORMAL,100,100.0
13:30:19.642,1.0072,0.0,NORMAL,100,100.0
13:30:19.788,1.0127,0.0,NORMAL,100,100.0
13:30:19.940,1.0192,0.0,NORMAL,100,100.0
13:30:20.081,1.0091,0.0,NORMAL,100,100.0
13:30:20.223,1.0036,0.0,NORMAL,100,100.0
13:30:20.366,1.0143,0.0,NORMAL,100,100.0
13:30:20.513,1.0132,0.0,NORMAL,100,100.0
13:30:20.698,1.0058,0.0,NORMAL,100,100.0
13:30:20.840,1.0164,0.0,NORMAL,100,100.0
13:30:20.990,1.001,0.0,NORMAL,100,100.0
13:30:21.134,1.0054,0.0,NORMAL,100,100.0
13:30:21.295,1.0186,0.0,NORMAL,100,100.0
13:30:21.445,1.0147,0.0,NORMAL,100,100.0
13:30:21.586,1.0171,0.0,NORMAL,100,100.0
13:30:21.751,1.0105,0.0,NORMAL,100,100.0
13:30:21.917,1.01,0.0,NORMAL,100,100.0
13:30:22.080,1.0085,0.0,NORMAL,100,100.0
13:30:22.241,1.0064,0.0,NORMAL,100,100.0
13:30:22.395,1.0107,0.0,NORMAL,100,100.0
13:30:22.554,1.0144,0.0,NORMAL,100,100.0
13:30:22.699,1.003,0.0,NORMAL,100,100.0
13:30:22.847,1.01,0.0,NORMAL,100,100.0
13:30:22.983,1.0021,0.0,NORMAL,100,100.0
13:30:23.136,1.0086,0.0,NORMAL,100,100.0
13:30:23.296,1.0023,0.0,NORMAL,100,100.0
13:30:23.446,1.0055,0.0,NORMAL,100,100.0
13:30:23.607,1.0063,0.0,NORMAL,100,100.0
13:30:23.755,1.0004,0.0,NORMAL,100,100.0
13:30:23.900,1.014,0.0,NORMAL,100,100.0
13:30:24.032,1.0053,0.0,NORMAL,100,100.0
13:30:24.180,1.0124,0.0,NORMAL,100,100.0
13:30:24.338,1.0106,0.0,NORMAL,100,100.0
13:30:24.493,1.0041,0.0,NORMAL,100,100.0
13:30:24.634,1.0068,0.0,NORMAL,100,100.0
13:30:24.780,1.0145,0.0,NORMAL,100,100.0
13:30:24.937,1.0046,0.0,NORMAL,100,100.0
13:30:25.085,1.0068,0.0,NORMAL,100,100.0
13:30:25.237,1.0121,0.0,NORMAL,100,100.0
13:30:25.396,1.0164,0.0,NORMAL,100,100.0
13:30:25.547,1.0149,0.0,NORMAL,100,100.0
13:30:25.694,1.0115,0.0,NORMAL,100,100.0
13:30:25.846,1.0147,0.0,NORMAL,100,100.0
13:30:25.989,1.0169,0.0,NORMAL,100,100.0
13:30:26.130,1.0171,0.0,NORMAL,100,100.0
13:30:26.267,1.0158,0.0,NORMAL,100,100.0
13:30:26.416,1.0108,0.0,NORMAL,100,100.0
13:30:26.568,1.0029,0.0,NORMAL,100,100.0
13:30:26.720,1.0134,0.0,NORMAL,100,100.0
13:30:26.875,1.0117,0.0,NORMAL,100,100.0
13:30:27.013,1.0012,0.0,NORMAL,100,100.0
13:30:27.162,1.0183,0.0,NORMAL,100,100.0
13:30:27.299,1.0079,0.0,NORMAL,100,100.0
13:30:27.468,1.0075,0.0,NORMAL,100,100.0
13:30:27.612,1.0023,0.0,NORMAL,100,100.0
13:30:27.757,1.0061,0.0,NORMAL,100,100.0
13:30:27.906,1.0033,0.0,NORMAL,100,100.0
13:30:28.054,1.0062,0.0,NORMAL,100,100.0
13:30:28.207,1.0067,0.0,NORMAL,100,100.0
13:30:28.347,1.0023,0.0,NORMAL,100,100.0
13:30:28.499,1.0132,0.0,NORMAL,100,100.0
13:30:28.639,1.0067,0.0,NORMAL,100,100.0
13:30:28.801,1.009,0.0,NORMAL,100,100.0
13:30:28.938,1.01,0.0,NORMAL,100,100.0
13:30:29.079,1.0207,0.0,NORMAL,100,100.0
13:30:29.223,1.0033,0.0,NORMAL,100,100.0
13:30:29.371,1.0074,0.0,NORMAL,100,100.0
13:30:29.550,1.0049,0.0,NORMAL,100,100.0
13:30:29.701,1.0021,0.0,NORMAL,100,100.0
13:30:29.851,1.0097,0.0,NORMAL,100,100.0
13:30:29.983,1.0083,0.0,NORMAL,100,100.0
13:30:30.134,1.0118,0.0,NORMAL,100,100.0
13:30:30.272,1.0141,0.0,NORMAL,100,100.0
13:30:30.407,1.0049,0.0,NORMAL,100,100.0
13:30:30.566,1.0045,0.0,NORMAL,100,100.0
13:30:30.724,1.0116,0.0,NORMAL,100,100.0
13:30:30.880,1.0171,0.0,NORMAL,100,100.0
13:30:31.034,1.007,0.0,NORMAL,100,100.0
13:30:31.170,1.0001,0.0,NORMAL,100,100.0
13:30:31.318,1.004,0.0,NORMAL,100,100.0
13:30:31.467,1.0102,0.0,NORMAL,100,100.0
13:30:31.592,1.0189,0.0,NORMAL,100,100.0
13:30:31.744,1.0056,0.0,NORMAL,100,100.0
13:30:31.894,1.3562,0.0,NORMAL,100,76.0
13:30:32.034,1.0393,0.0,NORMAL,100,55.0
13:30:32.177,1.0583,0.0,NORMAL,100,74.0
13:30:32.327,1.0339,0.0,NORMAL,100,74.0
13:30:32.481,1.0297,0.0,NORMAL,100,81.0
13:30:32.612,1.0362,0.0,NORMAL,100,100.0
13:30:32.759,1.0305,0.0,NORMAL,100,100.0
13:30:32.912,1.0237,0.0,NORMAL,100,100.0
13:30:33.059,1.03,0.0,NORMAL,100,100.0
13:30:33.212,1.0281,0.0,NORMAL,100,100.0
13:30:33.366,1.0093,0.0,NORMAL,100,100.0
13:30:33.506,1.0072,0.0,NORMAL,100,100.0
13:30:33.656,1.0183,0.0,NORMAL,100,100.0
13:30:33.793,1.0126,0.0,NORMAL,100,100.0
13:30:33.937,1.0086,0.0,NORMAL,100,100.0
13:30:34.090,1.0165,0.0,NORMAL,65,99.0
13:30:34.240,1.0128,0.0,NORMAL,65,99.0
13:30:34.398,1.015,0.0,NORMAL,65,99.0
13:30:34.556,1.0032,0.0,CAUTION,65,99.0
13:30:34.717,1.0018,0.0,CAUTION,70,99.0
13:30:34.870,1.0054,0.0,CAUTION,70,99.0
13:30:35.023,1.0057,0.0,CAUTION,70,99.0
13:30:35.182,1.0043,0.0,CAUTION,70,99.0
13:30:35.317,1.0152,0.0,CAUTION,70,99.0
13:30:35.470,1.008,0.0,CAUTION,70,99.0
13:30:35.637,1.0142,0.0,CAUTION,70,99.0
13:30:35.838,1.0013,0.0,CAUTION,70,99.0
13:30:35.974,1.0123,0.0,CAUTION,70,99.0
13:30:36.117,1.0182,0.0,CAUTION,70,99.0
13:30:36.263,1.0069,0.0,CAUTION,100,100.0
13:30:36.419,1.0049,0.0,CAUTION,100,100.0
13:30:36.575,1.0162,0.0,CAUTION,72,99.0
13:30:36.721,1.016,0.0,CAUTION,74,100.0
13:30:36.866,1.0069,0.0,CAUTION,74,100.0
13:30:37.028,1.019,0.0,CAUTION,74,100.0
13:30:37.197,1.0067,0.0,CAUTION,74,100.0
13:30:37.349,1.0068,0.0,CAUTION,74,100.0
13:30:37.504,1.0021,0.0,CAUTION,74,100.0
13:30:37.647,1.0083,0.0,CAUTION,74,100.0
13:30:37.797,1.0072,0.0,CAUTION,74,100.0
13:30:37.947,1.0032,0.0,CAUTION,74,100.0
13:30:38.109,1.0105,0.0,CAUTION,74,100.0
13:30:38.258,1.0012,0.0,CAUTION,100,100.0
13:30:38.410,1.0053,0.0,CAUTION,100,100.0
13:30:38.566,1.0062,0.0,CAUTION,100,100.0
13:30:38.718,1.0014,0.0,NORMAL,100,100.0
13:30:38.884,1.0027,0.0,NORMAL,100,100.0
13:30:39.026,1.0105,0.0,NORMAL,100,100.0
13:30:39.177,1.0135,0.0,NORMAL,100,100.0
13:30:39.331,1.009,0.0,NORMAL,100,100.0
13:30:39.463,1.0068,0.0,NORMAL,100,100.0
13:30:39.611,1.011,0.0,NORMAL,100,100.0
13:30:39.773,1.0006,0.0,NORMAL,100,100.0
13:30:39.930,1.0139,0.0,NORMAL,100,100.0
13:30:40.077,1.0091,0.0,NORMAL,100,100.0
13:30:40.217,1.0062,0.0,NORMAL,100,100.0
13:30:40.368,1.0177,0.0,NORMAL,100,100.0
13:30:40.526,1.0059,0.0,NORMAL,100,100.0
13:30:40.673,1.0023,0.0,NORMAL,100,100.0
13:30:40.833,1.0146,0.0,NORMAL,100,100.0
13:30:40.989,1.0149,0.0,NORMAL,100,100.0
13:30:41.138,1.0137,0.0,NORMAL,100,100.0
13:30:41.273,1.0196,0.0,NORMAL,100,100.0
13:30:41.425,1.0123,0.0,NORMAL,100,100.0
13:30:41.570,1.0032,0.0,NORMAL,100,100.0
13:30:41.710,1.0013,0.0,NORMAL,100,100.0
13:30:41.865,1.0086,0.0,NORMAL,100,100.0
13:30:42.011,1.0104,0.0,NORMAL,100,100.0
13:30:42.161,1.0069,0.0,NORMAL,100,100.0
13:30:42.305,1.0088,0.0,NORMAL,100,100.0
13:30:42.454,1.0016,0.0,NORMAL,100,100.0
13:30:42.610,1.0013,0.0,NORMAL,100,100.0
13:30:42.763,1.006,0.0,NORMAL,100,100.0
13:30:42.910,1.0133,0.0,NORMAL,100,100.0
13:30:43.062,1.0177,0.0,NORMAL,100,100.0
13:30:43.213,1.0195,0.0,NORMAL,100,100.0
13:30:43.340,1.009,0.0,NORMAL,100,100.0
13:30:43.494,1.0134,0.0,NORMAL,100,100.0
13:30:43.630,1.0048,0.0,NORMAL,100,100.0
13:30:43.762,1.0031,0.0,NORMAL,100,100.0
13:30:43.915,1.0169,0.0,NORMAL,100,100.0
13:30:44.061,1.011,0.0,NORMAL,100,100.0
13:30:44.213,1.0086,0.0,NORMAL,100,100.0
13:30:44.358,1.0036,0.0,NORMAL,100,100.0
13:30:44.495,1.0119,0.0,NORMAL,100,100.0
13:30:44.643,1.0123,0.0,NORMAL,100,100.0
13:30:44.782,1.011,0.0,NORMAL,100,100.0
13:30:44.938,1.0039,0.0,NORMAL,100,100.0
13:30:45.077,1.0078,0.0,NORMAL,100,100.0
13:30:45.225,1.0133,0.0,NORMAL,100,100.0
13:30:45.388,1.0016,0.0,NORMAL,100,100.0
13:30:45.577,1.0014,0.0,NORMAL,100,100.0
13:30:45.735,1.0092,0.0,NORMAL,100,100.0
13:30:45.877,1.0092,0.0,NORMAL,100,100.0
13:30:46.021,1.016,0.0,NORMAL,100,100.0
13:30:46.172,1.016,0.0,NORMAL,100,100.0
13:30:46.330,1.0002,0.0,NORMAL,100,100.0
13:30:46.483,1.0109,0.0,NORMAL,100,100.0
13:30:46.623,1.0065,0.0,NORMAL,100,100.0
13:30:46.770,1.0024,0.0,NORMAL,100,100.0
13:30:46.934,1.0008,0.0,NORMAL,100,100.0
13:30:47.092,1.0004,0.0,NORMAL,74,100.0
13:30:47.246,1.0102,0.0,NORMAL,74,100.0
13:30:47.381,1.0056,0.0,NORMAL,74,100.0
13:30:47.535,1.0019,0.0,CAUTION,74,100.0
13:30:47.678,1.015,0.0,CAUTION,74,100.0
13:30:47.825,1.0066,0.0,CAUTION,74,100.0
13:30:47.955,1.0023,0.0,CAUTION,74,100.0
13:30:48.107,1.0124,0.0,CAUTION,74,100.0
13:30:48.258,1.0068,0.0,CAUTION,74,100.0
13:30:48.405,1.0096,0.0,CAUTION,74,100.0
13:30:48.555,1.0161,0.0,CAUTION,74,100.0
13:30:48.705,1.0124,0.0,CAUTION,74,100.0
13:30:48.858,1.008,0.0,CAUTION,74,100.0
13:30:49.008,1.0011,0.0,CAUTION,74,100.0
13:30:49.166,1.0095,0.0,CAUTION,74,100.0
13:30:49.316,1.0088,0.0,CAUTION,74,100.0
13:30:49.460,1.0169,0.0,CAUTION,74,100.0
13:30:49.610,1.0098,0.0,CAUTION,74,100.0
13:30:49.764,1.0164,0.0,CAUTION,74,100.0
13:30:49.921,1.0038,0.0,CAUTION,74,100.0
13:30:50.074,1.0062,0.0,CAUTION,74,100.0
13:30:50.225,1.006,0.0,CAUTION,100,100.0
13:30:50.382,1.0056,0.0,CAUTION,100,100.0
13:30:50.541,1.0144,0.0,CAUTION,100,100.0
13:30:50.690,1.004,0.0,NORMAL,100,100.0
13:30:50.841,1.0143,0.0,NORMAL,100,100.0
13:30:50.986,1.0102,0.0,NORMAL,100,100.0
13:30:51.129,1.0147,0.0,NORMAL,100,100.0
13:30:51.281,1.0086,0.0,NORMAL,100,100.0
13:30:51.437,1.0029,0.0,NORMAL,100,100.0
13:30:51.577,1.0124,0.0,NORMAL,100,100.0
13:30:51.729,1.0168,0.0,NORMAL,100,100.0
13:30:51.864,1.0039,0.0,NORMAL,100,100.0
13:30:52.012,1.0135,0.0,NORMAL,100,100.0
13:30:52.150,1.0056,0.0,NORMAL,100,100.0
13:30:52.298,1.009,0.0,NORMAL,100,100.0
13:30:52.451,1.0093,0.0,NORMAL,100,100.0
13:30:52.611,1.0082,0.0,NORMAL,100,100.0
13:30:52.739,1.0055,0.0,NORMAL,100,100.0
13:30:52.890,1.015,0.0,NORMAL,100,100.0
13:30:53.033,1.011,0.0,NORMAL,100,100.0
13:30:53.192,1.0121,0.0,NORMAL,100,100.0
13:30:53.358,1.0029,0.0,NORMAL,100,100.0
13:30:53.502,1.0047,0.0,NORMAL,100,100.0
13:30:53.659,1.0071,0.0,NORMAL,100,100.0
13:30:53.803,1.0108,0.0,NORMAL,100,100.0
13:30:53.939,1.0043,0.0,NORMAL,100,100.0
13:30:54.081,1.0209,0.0,NORMAL,100,100.0
13:30:54.240,1.007,0.0,NORMAL,100,100.0
13:30:54.397,1.0192,0.0,NORMAL,100,100.0
13:30:54.527,1.0188,0.0,NORMAL,100,100.0
13:30:54.657,1.0022,0.0,NORMAL,100,100.0
13:30:54.805,1.0003,0.0,NORMAL,100,100.0
13:30:54.959,1.0089,0.0,NORMAL,100,100.0
13:30:55.122,1.0055,0.0,NORMAL,100,100.0
13:30:55.307,1.015,0.0,NORMAL,100,100.0
13:30:55.442,1.0041,0.0,NORMAL,100,100.0
13:30:55.586,1.0098,0.0,NORMAL,100,100.0
13:30:55.728,1.019,0.0,NORMAL,100,100.0
13:30:55.871,1.0019,0.0,NORMAL,100,100.0
13:30:56.011,1.0187,0.0,NORMAL,100,100.0
13:30:56.152,1.0089,0.0,NORMAL,100,100.0
13:30:56.281,1.0098,0.0,NORMAL,100,100.0
13:30:56.430,1.015,0.0,NORMAL,100,100.0
13:30:56.581,1.0072,0.0,NORMAL,100,100.0
13:30:56.710,1.0009,0.0,NORMAL,100,100.0
13:30:56.861,1.0108,0.0,NORMAL,100,100.0
13:30:56.997,1.0171,0.0,NORMAL,100,100.0
13:30:57.136,1.0079,0.0,NORMAL,100,100.0
13:30:57.283,1.0001,0.0,NORMAL,100,100.0
13:30:57.426,1.001,0.0,NORMAL,100,100.0
13:30:57.580,1.0038,0.0,NORMAL,100,100.0
13:30:57.725,1.0039,0.0,NORMAL,100,100.0
13:30:57.874,1.0042,0.0,NORMAL,100,100.0
13:30:58.013,1.0142,0.0,NORMAL,100,100.0
13:30:58.174,1.0012,0.0,NORMAL,100,100.0
13:30:58.311,1.0129,0.0,NORMAL,100,100.0
13:30:58.470,1.0049,0.0,NORMAL,100,100.0
13:30:58.612,1.0199,0.0,NORMAL,100,100.0
13:30:58.763,1.0174,0.0,NORMAL,100,100.0
13:30:58.919,1.0182,0.0,NORMAL,100,100.0
13:30:59.068,1.0048,0.0,NORMAL,100,100.0
13:30:59.207,1.0133,0.0,NORMAL,100,100.0
13:30:59.373,1.0008,0.0,NORMAL,100,100.0
13:30:59.521,1.0059,0.0,NORMAL,100,100.0
13:30:59.669,1.0063,0.0,NORMAL,100,100.0
13:30:59.834,1.0086,0.0,NORMAL,100,100.0
13:30:59.980,1.0108,0.0,NORMAL,100,100.0
13:31:00.130,1.0037,0.0,NORMAL,100,100.0
13:31:00.281,1.0068,0.0,NORMAL,100,100.0
13:31:00.431,1.0025,0.0,NORMAL,100,100.0
13:31:00.576,1.0006,0.0,NORMAL,100,100.0
13:31:00.728,1.0201,0.0,NORMAL,100,100.0
13:31:00.877,1.0082,0.0,NORMAL,100,100.0
13:31:01.013,1.0064,0.0,NORMAL,100,100.0
13:31:01.162,1.018,0.0,NORMAL,74,100.0
13:31:01.304,1.0084,0.0,NORMAL,74,100.0
13:31:01.459,1.0138,0.0,NORMAL,74,100.0
13:31:01.614,1.0069,0.0,CAUTION,74,100.0
13:31:01.755,1.001,0.0,CAUTION,74,100.0
13:31:01.913,1.0016,0.0,CAUTION,74,100.0
13:31:02.067,1.0087,0.0,CAUTION,30,99.0
13:31:02.214,1.0017,0.0,CAUTION,30,99.0
13:31:02.370,1.0113,0.0,CAUTION,30,99.0
13:31:02.515,1.0154,0.0,CAUTION,65,99.0
13:31:02.656,1.0018,0.0,CAUTION,65,99.0
13:31:02.826,1.0101,0.0,CAUTION,65,99.0
13:31:02.992,1.0141,4.0093,CAUTION,65,77.0
13:31:03.144,1.0031,4.0093,CAUTION,65,74.0
13:31:03.299,1.0035,4.0093,CAUTION,65,74.0
13:31:03.445,1.018,4.0093,CAUTION,65,76.0
13:31:03.613,1.0053,4.0093,CAUTION,65,74.0
13:31:03.773,1.0066,4.0093,CAUTION,65,77.0
13:31:03.918,1.006,4.0093,CAUTION,65,74.0
13:31:04.064,1.0,4.0093,CAUTION,65,75.0
13:31:04.211,1.0191,4.0093,CAUTION,51,58.0
13:31:04.375,1.0113,4.0093,CAUTION,65,77.0
13:31:04.532,1.0133,0.0,CAUTION,65,99.0
13:31:04.677,1.0158,0.0,CAUTION,65,99.0
13:31:04.883,1.0016,0.0,CAUTION,65,99.0
13:31:05.039,1.0016,4.648,CAUTION,65,76.0
13:31:05.181,1.0092,4.648,CAUTION,65,76.0
13:31:05.330,1.0047,4.648,CAUTION,65,75.0
13:31:05.490,1.0053,4.648,CAUTION,65,74.0
13:31:05.646,1.0033,4.648,CAUTION,65,74.0
13:31:05.799,1.0041,4.648,CAUTION,65,74.0
13:31:05.965,1.0099,4.648,CAUTION,65,75.0
13:31:06.117,1.0189,4.648,CAUTION,65,79.0
13:31:06.280,1.0089,4.648,CAUTION,42,72.8
13:31:06.429,1.0014,4.648,CAUTION,42,76.8
13:31:06.565,1.0086,4.648,CAUTION,42,70.8
13:31:06.709,1.0051,4.648,HAZARD,42,70.8
13:31:06.870,1.0033,3.0,HAZARD,68,74.0
13:31:07.032,1.0075,3.0,HAZARD,68,74.0
13:31:07.193,1.0096,3.0,HAZARD,68,76.0
13:31:07.341,1.0002,3.0,CAUTION,68,77.0
13:31:07.502,1.003,3.0,CAUTION,68,74.0
13:31:07.665,1.0127,3.0,CAUTION,68,76.0
13:31:07.827,1.0034,3.0,CAUTION,68,75.0
13:31:07.983,1.0112,3.0,CAUTION,68,76.0
13:31:08.150,1.0107,3.0,CAUTION,68,76.0
13:31:08.302,1.0124,3.0,CAUTION,68,76.0
13:31:08.461,1.0028,3.0,CAUTION,68,76.0
13:31:08.609,1.0047,3.0,CAUTION,68,74.0
13:31:08.776,1.0073,2.5,CAUTION,72,69.5
13:31:08.921,1.0075,2.5,CAUTION,72,69.5
13:31:09.083,1.0034,2.5,CAUTION,72,69.5
13:31:09.240,1.0036,2.5,CAUTION,72,69.5
13:31:09.404,1.0083,2.5,CAUTION,72,69.5
13:31:09.554,1.0027,2.5,CAUTION,72,70.5
13:31:09.714,1.0128,2.5,CAUTION,72,72.5
13:31:09.867,1.0072,2.5,CAUTION,72,69.5
13:31:10.016,1.0,2.5,CAUTION,72,71.5
13:31:10.186,1.0123,2.5,CAUTION,72,71.5
13:31:10.325,1.018,2.5,CAUTION,72,72.5
13:31:10.494,1.0067,2.5,CAUTION,72,69.5
13:31:10.643,1.0177,0.0,CAUTION,100,100.0
13:31:10.800,1.0145,0.0,CAUTION,100,100.0
13:31:10.947,1.0147,0.0,CAUTION,100,100.0
13:31:11.103,1.0121,0.0,NORMAL,100,100.0
13:31:11.266,1.0067,0.0,NORMAL,100,100.0
13:31:11.427,1.0034,0.0,NORMAL,100,100.0
13:31:11.578,1.0011,0.0,NORMAL,100,100.0
13:31:11.733,1.0171,0.0,NORMAL,100,100.0
13:31:11.890,1.0035,0.0,NORMAL,100,100.0
13:31:12.057,1.0097,0.0,NORMAL,100,100.0
13:31:12.210,1.0144,0.0,NORMAL,100,100.0
13:31:12.393,1.0028,0.0,NORMAL,100,100.0
13:31:12.558,1.0047,0.0,NORMAL,100,100.0
13:31:12.732,1.0079,0.0,NORMAL,100,100.0
13:31:12.876,1.0029,0.0,NORMAL,100,100.0
13:31:13.034,1.0145,0.0,NORMAL,100,100.0
13:31:13.213,1.0098,0.0,NORMAL,100,100.0
13:31:13.386,1.006,0.0,NORMAL,100,100.0
13:31:13.549,1.0046,0.0,NORMAL,100,100.0
13:31:13.698,1.0094,0.0,NORMAL,100,100.0
13:31:13.833,1.0063,0.0,NORMAL,100,100.0
13:31:13.979,1.0119,0.0,NORMAL,100,100.0
13:31:14.134,1.0212,0.0,NORMAL,100,100.0
13:31:14.284,1.0057,0.0,NORMAL,100,100.0
13:31:14.443,1.0188,0.0,NORMAL,100,100.0
13:31:14.597,1.0029,0.0,NORMAL,100,100.0
13:31:14.750,1.0111,0.0,NORMAL,100,100.0
13:31:14.899,1.0133,0.0,NORMAL,100,100.0
13:31:15.048,1.0043,0.0,NORMAL,100,100.0
13:31:15.200,1.0165,0.0,NORMAL,100,100.0
13:31:15.351,1.0158,0.0,NORMAL,100,100.0
13:31:15.514,1.0101,0.0,NORMAL,100,100.0
13:31:15.676,1.0073,0.0,NORMAL,100,100.0
13:31:15.839,1.0079,0.0,NORMAL,100,100.0
13:31:15.984,1.01,0.0,NORMAL,100,100.0
13:31:16.153,1.0019,0.0,NORMAL,100,100.0
13:31:16.309,1.0007,0.0,NORMAL,100,100.0
13:31:16.472,1.005,0.0,NORMAL,100,100.0
13:31:16.635,1.0045,0.0,NORMAL,100,100.0
13:31:16.792,1.0183,0.0,NORMAL,100,100.0
13:31:16.944,1.005,0.0,NORMAL,100,100.0
13:31:17.088,1.0128,0.0,NORMAL,100,100.0
13:31:17.242,1.0126,0.0,NORMAL,100,100.0
13:31:17.393,1.0065,0.0,NORMAL,100,100.0
13:31:17.530,1.0016,0.0,NORMAL,100,100.0
13:31:17.695,1.0077,0.0,NORMAL,100,100.0
13:31:17.858,1.0189,0.0,NORMAL,100,100.0
13:31:17.993,1.0123,0.0,NORMAL,100,100.0
13:31:18.155,1.013,0.0,NORMAL,100,100.0
13:31:18.316,1.0109,0.0,NORMAL,100,100.0
13:31:18.489,1.0072,0.0,NORMAL,100,100.0
13:31:18.649,1.0038,0.0,NORMAL,100,100.0
13:31:18.808,1.0168,0.0,NORMAL,100,100.0
13:31:18.959,1.0007,0.0,NORMAL,100,100.0
13:31:19.125,1.0042,0.0,NORMAL,100,100.0
13:31:19.284,1.0001,0.0,NORMAL,100,100.0
13:31:19.433,1.0115,0.0,NORMAL,100,100.0
13:31:19.602,1.0034,0.0,NORMAL,100,100.0
13:31:19.753,1.0157,0.0,NORMAL,100,100.0
13:31:19.897,1.0025,0.0,NORMAL,100,100.0
13:31:20.041,1.0152,0.0,NORMAL,100,100.0
13:31:20.200,1.0069,0.0,NORMAL,100,100.0
13:31:20.345,1.0025,0.0,NORMAL,100,100.0
13:31:20.493,1.0059,0.0,NORMAL,100,100.0
13:31:20.638,1.02,0.0,NORMAL,100,100.0
13:31:20.785,1.0055,0.0,NORMAL,100,100.0
13:31:20.938,1.0052,0.0,NORMAL,100,100.0
13:31:21.093,1.0132,0.0,NORMAL,100,100.0
13:31:21.241,1.0104,0.0,NORMAL,100,100.0
13:31:21.377,1.0144,0.0,NORMAL,100,100.0
13:31:21.529,1.0016,0.0,NORMAL,100,100.0
13:31:21.670,1.0128,0.0,NORMAL,100,100.0
13:31:21.828,1.0123,0.0,NORMAL,100,100.0
13:31:21.977,1.0097,0.0,NORMAL,100,100.0
13:31:22.128,1.0092,0.0,NORMAL,100,100.0
13:31:22.290,1.0125,0.0,NORMAL,100,100.0
13:31:22.438,1.018,0.0,NORMAL,100,100.0
13:31:22.577,1.0026,0.0,NORMAL,100,100.0
13:31:22.733,1.009,0.0,NORMAL,100,100.0
13:31:22.885,1.0033,0.0,NORMAL,100,100.0
13:31:23.071,1.0126,0.0,NORMAL,100,100.0
13:31:23.230,1.0152,0.0,NORMAL,100,100.0
13:31:23.378,1.006,0.0,NORMAL,100,100.0
13:31:23.532,1.0116,0.0,NORMAL,100,100.0
13:31:23.676,1.0093,0.0,NORMAL,100,100.0
13:31:23.830,1.0162,0.0,NORMAL,100,100.0
13:31:23.975,1.0078,0.0,NORMAL,100,100.0
13:31:24.125,1.0148,0.0,NORMAL,100,100.0
13:31:24.280,1.0091,0.0,NORMAL,100,100.0
13:31:24.428,1.0129,0.0,NORMAL,100,100.0
13:31:24.572,1.0005,0.0,NORMAL,100,100.0
13:31:24.740,1.0189,0.0,NORMAL,100,100.0
13:31:24.882,1.0028,0.0,NORMAL,100,100.0
13:31:25.022,1.0014,0.0,NORMAL,100,100.0
13:31:25.177,1.0029,0.0,NORMAL,100,100.0
13:31:25.333,1.0023,0.0,NORMAL,100,100.0
13:31:25.496,1.0032,0.0,NORMAL,100,100.0
13:31:25.648,1.0145,0.0,NORMAL,100,100.0
13:31:25.816,1.019,0.0,NORMAL,100,100.0
13:31:25.967,1.0091,0.0,NORMAL,100,100.0
13:31:26.119,1.0086,0.0,NORMAL,100,100.0
13:31:26.275,1.0043,0.0,NORMAL,100,100.0
13:31:26.442,1.0177,0.0,NORMAL,100,100.0
13:31:26.585,1.007,0.0,NORMAL,100,100.0
13:31:26.742,1.0123,0.0,NORMAL,100,100.0
13:31:26.907,1.0117,0.0,NORMAL,100,100.0
13:31:27.059,1.0114,0.0,NORMAL,100,100.0
13:31:27.225,1.0068,0.0,NORMAL,100,100.0
13:31:27.373,1.0158,0.0,NORMAL,100,100.0
13:31:27.514,1.0137,0.0,NORMAL,100,100.0
13:31:27.678,1.0025,0.0,NORMAL,100,100.0
13:31:27.829,1.0033,0.0,NORMAL,100,100.0
13:31:27.995,1.0145,0.0,NORMAL,100,100.0
13:31:28.135,1.015,0.0,NORMAL,100,100.0
13:31:28.293,1.0012,0.0,NORMAL,100,100.0
13:31:28.431,1.0121,0.0,NORMAL,100,100.0
13:31:28.581,1.0042,0.0,NORMAL,100,100.0
13:31:28.744,1.0185,0.0,NORMAL,100,100.0
13:31:28.898,1.0174,0.0,NORMAL,100,100.0
13:31:29.042,1.0097,0.0,NORMAL,100,100.0
13:31:29.203,1.0113,0.0,NORMAL,100,100.0
13:31:29.356,1.0105,0.0,NORMAL,100,100.0
13:31:29.512,1.0077,0.0,NORMAL,100,100.0
13:31:29.672,1.0043,0.0,NORMAL,100,100.0
13:31:29.831,1.0076,0.0,NORMAL,100,100.0
13:31:30.033,1.0029,0.0,NORMAL,100,100.0
13:31:30.232,1.0112,0.0,NORMAL,100,100.0
13:31:30.387,1.0048,0.0,NORMAL,100,100.0
13:31:30.545,1.0028,0.0,NORMAL,100,100.0
13:31:30.709,1.007,0.0,NORMAL,100,100.0
13:31:30.846,1.015,0.0,NORMAL,100,100.0
13:31:31.009,1.0044,0.0,NORMAL,100,100.0
13:31:31.152,1.0066,0.0,NORMAL,100,100.0
13:31:31.301,1.0131,0.0,NORMAL,100,100.0
13:31:31.461,1.0013,0.0,NORMAL,100,100.0
13:31:31.605,1.0046,0.0,NORMAL,100,100.0
13:31:31.760,1.0028,0.0,NORMAL,100,100.0
13:31:31.915,1.0034,0.0,NORMAL,100,100.0
13:31:32.064,1.0119,0.0,NORMAL,100,100.0
13:31:32.223,1.0098,0.0,NORMAL,100,100.0
13:31:32.375,1.0139,0.0,NORMAL,100,100.0
13:31:32.514,1.009,0.0,NORMAL,100,100.0
13:31:32.704,1.0055,0.0,NORMAL,100,100.0
13:31:32.862,1.0037,0.0,NORMAL,100,100.0
13:31:33.041,1.0102,0.0,NORMAL,100,100.0
13:31:33.192,1.014,0.0,NORMAL,100,100.0
13:31:33.355,1.0015,0.0,NORMAL,100,100.0
13:31:33.507,1.0142,0.0,NORMAL,100,100.0
13:31:33.681,1.0162,0.0,NORMAL,100,100.0
13:31:33.837,1.004,0.0,NORMAL,100,100.0
13:31:34.000,1.014,0.0,NORMAL,100,100.0
13:31:34.168,1.0021,0.0,NORMAL,100,100.0
13:31:34.312,1.0082,0.0,NORMAL,100,100.0
13:31:34.472,1.0026,0.0,NORMAL,100,100.0
13:31:34.631,1.005,0.0,NORMAL,100,100.0
13:31:34.787,1.0066,0.0,NORMAL,100,100.0
13:31:34.947,1.0188,0.0,NORMAL,100,100.0
13:31:35.103,1.0136,0.0,NORMAL,100,100.0
13:31:35.247,1.0019,0.0,NORMAL,100,100.0
13:31:35.404,1.0104,0.0,NORMAL,100,100.0
13:31:35.570,1.0031,0.0,NORMAL,100,100.0
13:31:35.730,1.01,0.0,NORMAL,100,100.0
13:31:35.888,1.0068,0.0,NORMAL,100,100.0
13:31:36.043,1.0078,0.0,NORMAL,100,100.0
13:31:36.209,1.0154,0.0,NORMAL,100,100.0
13:31:36.356,1.0123,0.0,NORMAL,100,100.0
13:31:36.496,1.0022,0.0,NORMAL,100,100.0
13:31:36.654,1.0128,0.0,NORMAL,100,100.0
13:31:36.805,1.0046,0.0,NORMAL,100,100.0
13:31:36.958,1.0141,0.0,NORMAL,100,100.0
13:31:37.106,1.01,0.0,NORMAL,100,100.0
13:31:37.258,1.0137,0.0,NORMAL,100,100.0
13:31:37.413,1.0114,0.0,NORMAL,100,100.0
13:31:37.582,1.0132,0.0,NORMAL,100,100.0
13:31:37.733,1.0085,0.0,NORMAL,100,100.0
13:31:37.884,1.0053,0.0,NORMAL,100,100.0
13:31:38.029,1.005,0.0,NORMAL,100,100.0
13:31:38.173,1.0018,0.0,NORMAL,100,100.0
13:31:38.325,1.0056,0.0,NORMAL,100,100.0
13:31:38.483,1.0106,0.0,NORMAL,100,100.0
13:31:38.640,1.0161,0.0,NORMAL,100,100.0
13:31:38.811,1.0013,0.0,NORMAL,100,100.0
13:31:38.974,1.0049,0.0,NORMAL,100,100.0
13:31:39.136,1.0112,0.0,NORMAL,100,100.0
13:31:39.309,1.0125,0.0,NORMAL,100,100.0
13:31:39.465,1.0129,0.0,NORMAL,100,100.0
13:31:39.613,1.0164,0.0,NORMAL,100,100.0
13:31:39.766,1.0164,0.0,NORMAL,100,100.0
13:31:39.921,1.0036,0.0,NORMAL,100,100.0
13:31:40.082,1.0018,0.0,NORMAL,100,100.0
13:31:40.246,1.0086,0.0,NORMAL,100,100.0
13:31:40.405,1.0025,0.0,NORMAL,100,100.0
13:31:40.574,2.636,0.0,NORMAL,30,42.0
13:31:40.724,1.2381,0.0,NORMAL,100,61.0
13:31:40.879,1.2167,0.0,NORMAL,100,86.0
13:31:41.025,1.1844,0.0,NORMAL,100,98.0
13:31:41.189,1.1436,0.0,NORMAL,100,97.0
13:31:41.355,1.1391,0.0,NORMAL,100,82.0
13:31:41.507,1.1106,0.0,NORMAL,100,74.0
13:31:41.643,1.0961,0.0,NORMAL,100,67.0
13:31:41.795,1.0908,0.0,NORMAL,100,59.0
13:31:41.945,1.0686,0.0,NORMAL,100,41.0
13:31:42.100,1.0495,0.0,NORMAL,100,50.0
13:31:42.251,1.0611,0.0,NORMAL,100,52.0
13:31:42.428,1.0245,0.0,NORMAL,100,74.0
13:31:42.586,1.0444,0.0,NORMAL,100,80.0
13:31:42.768,1.0294,0.0,NORMAL,100,100.0
13:31:42.914,1.0178,0.0,NORMAL,100,100.0
13:31:43.063,1.0369,0.0,NORMAL,100,100.0
13:31:43.229,1.0312,0.0,NORMAL,100,100.0
13:31:43.359,1.0048,0.0,NORMAL,100,99.0
13:31:43.502,1.008,0.0,NORMAL,100,100.0
13:31:43.668,1.001,0.0,NORMAL,100,100.0
13:31:43.826,1.007,0.0,NORMAL,100,100.0
13:31:43.980,1.0051,0.0,NORMAL,100,100.0
13:31:44.126,1.0089,0.0,NORMAL,100,100.0
13:31:44.273,1.0026,0.0,NORMAL,100,100.0
13:31:44.429,1.003,0.0,NORMAL,100,100.0
13:31:44.593,1.0207,0.0,NORMAL,100,100.0
13:31:44.768,1.0032,0.0,NORMAL,100,100.0
13:31:44.924,1.0205,0.0,NORMAL,100,100.0
13:31:45.087,1.0143,0.0,NORMAL,100,100.0
13:31:45.262,1.0088,0.0,NORMAL,100,100.0
13:31:45.447,1.017,1.3461,NORMAL,80,61.0
13:31:45.619,1.0126,1.3461,NORMAL,80,58.0
13:31:45.774,1.0117,1.3461,NORMAL,80,61.0
13:31:45.941,1.0057,1.3461,CAUTION,80,56.0
13:31:46.104,1.0001,1.3461,CAUTION,80,57.0
13:31:46.279,1.0063,1.3461,CAUTION,80,55.0
13:31:46.458,1.0039,1.3461,CAUTION,80,56.0
13:31:46.613,1.0075,1.3461,CAUTION,80,56.0
13:31:46.775,1.0154,1.3461,CAUTION,80,59.0
13:31:46.948,1.0036,1.3461,CAUTION,80,56.0
13:31:47.115,1.0111,1.3461,CAUTION,80,58.0
13:31:47.279,1.0001,1.4776,CAUTION,78,57.0
13:31:47.463,1.0094,1.4776,CAUTION,78,58.0
13:31:47.631,1.0035,1.4776,CAUTION,78,57.0
13:31:47.791,1.0031,1.4776,CAUTION,78,56.0
13:31:47.960,1.0044,1.4776,CAUTION,78,56.0
13:31:48.123,1.0034,1.4776,CAUTION,78,56.0
13:31:48.275,1.0085,1.4776,CAUTION,78,56.0
13:31:48.438,1.0029,1.4776,CAUTION,78,56.0
13:31:48.609,1.0112,1.4776,CAUTION,78,58.0
13:31:48.786,1.0087,1.4776,CAUTION,78,57.0
13:31:48.955,1.0078,1.4776,CAUTION,78,57.0
13:31:49.115,1.0088,0.0,CAUTION,100,100.0
13:31:49.274,1.0127,0.0,CAUTION,100,100.0
13:31:49.457,1.0075,0.0,CAUTION,100,100.0
13:31:49.631,1.003,0.0,NORMAL,100,100.0
13:31:49.801,1.0053,0.0,NORMAL,100,100.0
13:31:49.954,1.005,0.0,NORMAL,100,100.0
13:31:50.147,1.005,0.0,NORMAL,100,100.0
13:31:50.291,1.0118,0.0,NORMAL,100,100.0
13:31:50.450,1.0114,0.0,NORMAL,100,100.0
13:31:50.608,1.0046,0.0,NORMAL,100,100.0
13:31:50.754,1.011,0.0,NORMAL,100,100.0
13:31:50.924,1.0149,0.0,NORMAL,100,100.0
13:31:51.082,1.0023,0.0,NORMAL,100,100.0
13:31:51.238,1.0049,0.0,NORMAL,100,100.0
13:31:51.388,1.0169,0.0,NORMAL,100,100.0
13:31:51.545,1.0158,0.0,NORMAL,100,100.0
13:31:51.718,1.0044,0.0,NORMAL,100,100.0
13:31:51.895,1.0132,0.0,NORMAL,100,100.0
13:31:52.043,1.0049,0.0,NORMAL,100,100.0
13:31:52.203,1.006,0.0,NORMAL,100,100.0
13:31:52.351,1.0048,0.0,NORMAL,100,100.0
13:31:52.509,1.0186,0.0,NORMAL,100,100.0
13:31:52.663,1.0109,0.0,NORMAL,100,100.0
13:31:52.811,1.0049,0.0,NORMAL,100,100.0
13:31:52.962,1.0099,0.0,NORMAL,100,100.0
13:31:53.112,1.0028,0.0,NORMAL,100,100.0
13:31:53.264,1.0003,0.0,NORMAL,100,100.0
13:31:53.418,1.0033,0.0,NORMAL,100,100.0
13:31:53.581,1.0042,0.0,NORMAL,100,100.0
13:31:53.734,1.0222,0.0,NORMAL,100,100.0
13:31:53.905,1.0067,0.0,NORMAL,100,100.0
13:31:54.059,1.0038,0.0,NORMAL,100,100.0
13:31:54.197,1.0098,0.0,NORMAL,100,100.0
13:31:54.347,1.0066,0.0,NORMAL,100,100.0
13:31:54.494,1.0135,0.0,NORMAL,100,100.0
13:31:54.659,1.0096,0.0,NORMAL,100,100.0
13:31:54.801,1.0094,0.0,NORMAL,100,100.0
13:31:54.965,1.018,0.0,NORMAL,100,100.0
13:31:55.103,1.0014,0.0,NORMAL,100,100.0
13:31:55.263,1.013,0.0,NORMAL,100,100.0
13:31:55.408,1.0059,0.0,NORMAL,100,100.0
13:31:55.542,1.0118,0.0,NORMAL,100,100.0
13:31:55.688,1.0143,0.0,NORMAL,100,100.0
13:31:55.850,1.006,0.0,NORMAL,100,100.0
13:31:56.015,1.0146,0.0,NORMAL,100,100.0
13:31:56.173,1.0108,0.0,NORMAL,100,100.0
13:31:56.317,1.0034,0.0,NORMAL,100,100.0
13:31:56.455,1.0089,0.0,NORMAL,100,100.0
13:31:56.602,1.002,0.0,NORMAL,100,100.0
13:31:56.756,1.0076,0.0,NORMAL,100,100.0
13:31:56.913,1.0088,0.0,NORMAL,100,100.0
13:31:57.073,1.001,0.0,NORMAL,100,100.0
13:31:57.223,1.0118,4.0314,NORMAL,50,59.0
13:31:57.369,1.0114,4.0314,NORMAL,50,58.0
13:31:57.524,1.0026,4.0314,NORMAL,50,58.0
13:31:57.680,1.0113,4.0314,HAZARD,50,58.0
13:31:57.821,1.0011,4.0314,HAZARD,50,57.0
13:31:57.975,1.0119,4.0314,HAZARD,50,59.0
13:31:58.132,1.0105,4.0314,HAZARD,50,58.0
13:31:58.294,1.0148,4.0314,HAZARD,50,59.0
13:31:58.449,1.014,4.0314,HAZARD,50,58.0
13:31:58.614,1.0137,4.0314,HAZARD,50,59.0
13:31:58.789,1.0114,4.0314,HAZARD,50,58.0
13:31:58.958,1.0091,4.0314,HAZARD,50,58.0
13:31:59.144,1.0061,0.0,HAZARD,100,100.0
13:31:59.298,1.0078,2.6667,HAZARD,71,71.0
13:31:59.444,1.0046,2.6667,HAZARD,71,71.0
13:31:59.608,1.0177,2.6667,CAUTION,65,76.0
13:31:59.774,1.0136,2.6667,CAUTION,65,76.0
13:31:59.930,1.0057,2.6667,CAUTION,65,78.0
13:32:00.082,1.0157,2.6667,CAUTION,65,77.0
13:32:00.232,1.016,0.0,CAUTION,65,99.0
13:32:00.383,1.0108,0.0,CAUTION,65,99.0
13:32:00.534,1.002,0.0,CAUTION,65,99.0
13:32:00.692,1.0024,0.0,CAUTION,65,99.0
13:32:00.843,1.0081,0.0,CAUTION,65,99.0
13:32:00.996,1.0088,0.0,CAUTION,65,99.0
13:32:01.152,1.017,0.0,CAUTION,30,99.0
13:32:01.312,1.0109,0.0,CAUTION,65,99.0
13:32:01.465,1.0001,0.0,CAUTION,70,99.0
13:32:01.617,1.007,0.0,CAUTION,70,99.0
13:32:01.772,1.0136,0.0,CAUTION,70,99.0
13:32:01.944,1.0169,0.0,CAUTION,76,100.0
13:32:02.100,1.0017,0.0,CAUTION,76,100.0
13:32:02.259,1.0013,0.0,CAUTION,76,100.0
13:32:02.424,1.0037,0.0,CAUTION,76,100.0
13:32:02.575,1.0085,0.0,CAUTION,76,100.0
13:32:02.737,1.0147,0.0,CAUTION,76,100.0
13:32:02.893,1.0149,0.0,CAUTION,76,100.0
13:32:03.045,1.0008,0.0,CAUTION,76,100.0
13:32:03.194,1.0003,0.0,CAUTION,76,100.0
13:32:03.348,1.0052,0.0,CAUTION,76,100.0
13:32:03.498,1.0089,0.0,CAUTION,100,100.0
13:32:03.635,1.0082,0.0,CAUTION,100,100.0
13:32:03.806,1.0033,0.0,CAUTION,100,100.0
13:32:03.963,1.0081,0.0,NORMAL,100,100.0
13:32:04.122,1.0052,0.0,NORMAL,100,100.0
13:32:04.272,1.0097,0.0,NORMAL,100,100.0
13:32:04.452,1.0184,0.0,NORMAL,100,100.0
13:32:04.608,1.0104,0.0,NORMAL,100,100.0
13:32:04.760,1.0109,0.0,NORMAL,100,100.0
13:32:04.897,1.0079,0.0,NORMAL,100,100.0
13:32:05.050,1.0173,0.0,NORMAL,100,100.0
13:32:05.207,1.0086,0.0,NORMAL,100,100.0
13:32:05.353,1.0125,0.0,NORMAL,100,100.0
13:32:05.505,1.0121,0.0,NORMAL,100,100.0
13:32:05.666,1.0151,0.0,NORMAL,100,100.0
13:32:05.820,1.0136,0.0,NORMAL,100,100.0
13:32:05.974,1.0019,0.0,NORMAL,100,100.0
13:32:06.115,1.0088,0.0,NORMAL,100,100.0
13:32:06.266,1.0085,0.0,NORMAL,100,100.0
13:32:06.413,1.0034,0.0,NORMAL,100,100.0
13:32:06.572,1.0076,0.0,NORMAL,100,100.0
13:32:06.714,1.0154,0.0,NORMAL,100,100.0
13:32:06.878,1.0097,0.0,NORMAL,100,100.0
13:32:07.023,1.0076,0.0,NORMAL,100,100.0
13:32:07.176,1.012,0.0,NORMAL,100,100.0
13:32:07.349,1.0059,0.0,NORMAL,100,100.0
13:32:07.492,1.02,0.0,NORMAL,100,100.0
13:32:07.632,1.0086,0.0,NORMAL,100,100.0
13:32:07.787,1.001,0.0,NORMAL,100,100.0
13:32:07.939,1.0118,0.0,NORMAL,100,100.0
13:32:08.096,1.0112,0.0,NORMAL,100,100.0
13:32:08.252,1.0105,0.0,NORMAL,100,100.0
13:32:08.405,1.0045,0.0,NORMAL,100,100.0
13:32:08.564,1.001,0.0,NORMAL,100,100.0
13:32:08.725,1.0061,0.0,NORMAL,100,100.0
13:32:08.925,1.0121,0.0,NORMAL,100,100.0
13:32:09.069,1.0169,0.0,NORMAL,100,100.0
13:32:09.223,1.0112,0.0,NORMAL,74,100.0
13:32:09.364,1.0157,0.0,NORMAL,74,100.0
13:32:09.531,1.0061,0.0,NORMAL,74,100.0
13:32:09.704,1.0023,0.0,CAUTION,74,100.0
13:32:09.853,1.0162,0.0,CAUTION,74,100.0
13:32:10.006,1.0006,0.0,CAUTION,74,100.0
13:32:10.163,1.0163,0.0,CAUTION,74,100.0
13:32:10.319,1.0112,0.0,CAUTION,74,100.0
13:32:10.475,1.0007,0.0,CAUTION,74,100.0
13:32:10.630,1.0116,0.0,CAUTION,74,100.0
13:32:10.787,1.0122,0.0,CAUTION,100,100.0
13:32:10.942,1.0049,0.0,CAUTION,100,100.0
13:32:11.091,1.0109,0.0,CAUTION,100,100.0
13:32:11.248,1.0178,0.0,NORMAL,100,100.0
13:32:11.396,1.013,0.0,NORMAL,100,100.0
13:32:11.546,1.0065,0.0,NORMAL,100,100.0
13:32:11.683,1.0057,0.0,NORMAL,100,100.0
13:32:11.839,1.0008,0.0,NORMAL,100,100.0
13:32:11.998,1.0036,0.0,NORMAL,74,100.0
13:32:12.149,1.0122,0.0,NORMAL,74,100.0
13:32:12.290,1.0005,0.0,NORMAL,74,100.0
13:32:12.442,1.0002,0.0,CAUTION,74,100.0
13:32:12.585,1.0115,0.0,CAUTION,74,100.0
13:32:12.738,1.0031,0.0,CAUTION,74,100.0
13:32:12.903,1.0143,0.0,CAUTION,74,100.0
13:32:13.057,1.0104,0.0,CAUTION,74,100.0
13:32:13.211,1.0018,0.0,CAUTION,74,100.0
13:32:13.359,1.0,0.0,CAUTION,74,100.0
13:32:13.511,1.0085,0.0,CAUTION,74,100.0
13:32:13.676,1.003,0.0,CAUTION,74,100.0
13:32:13.835,1.0154,0.0,CAUTION,74,100.0
13:32:14.033,1.0063,0.0,CAUTION,74,100.0
13:32:14.267,1.0125,0.0,CAUTION,100,100.0
13:32:14.490,1.0135,0.0,CAUTION,100,100.0
13:32:14.644,1.0099,0.0,CAUTION,100,100.0
13:32:14.794,1.0025,0.0,NORMAL,100,100.0
13:32:14.944,1.0046,0.0,NORMAL,100,100.0
13:32:15.081,1.0111,0.0,NORMAL,100,100.0
13:32:15.229,1.0041,0.0,NORMAL,100,100.0
13:32:15.379,2.6863,0.0,NORMAL,30,41.0
13:32:15.520,1.2397,0.0,NORMAL,100,58.0
13:32:15.671,1.2066,0.0,NORMAL,100,86.0
13:32:15.830,1.1975,0.0,NORMAL,100,98.0
13:32:15.998,1.1646,0.0,NORMAL,100,98.0
13:32:16.174,1.137,0.0,NORMAL,100,97.0
13:32:16.320,1.1073,0.0,NORMAL,100,80.0
13:32:16.475,1.0927,0.0,NORMAL,100,66.0
13:32:16.625,1.0964,0.0,NORMAL,100,59.0
13:32:16.774,1.0642,0.0,NORMAL,100,41.0
13:32:16.935,1.0718,0.0,NORMAL,100,41.0
13:32:17.076,1.0328,0.0,NORMAL,100,50.0
13:32:17.230,1.0532,0.0,NORMAL,100,53.0
13:32:17.359,1.0464,0.0,NORMAL,100,75.0
13:32:17.528,1.0407,0.0,NORMAL,100,81.0
13:32:17.671,1.0227,0.0,NORMAL,100,100.0
13:32:17.809,1.0227,0.0,NORMAL,100,100.0
13:32:17.957,1.0295,0.0,NORMAL,100,100.0
13:32:18.115,1.0007,0.0,NORMAL,100,99.0
13:32:18.284,1.0105,0.0,NORMAL,100,100.0
13:32:18.449,1.0002,0.0,NORMAL,100,100.0
13:32:18.605,1.0027,0.0,NORMAL,100,100.0
13:32:18.762,1.0077,0.0,NORMAL,100,100.0
13:32:18.909,1.0105,0.0,NORMAL,100,100.0
13:32:19.049,1.017,0.0,NORMAL,100,100.0
13:32:19.206,1.0171,0.0,NORMAL,100,100.0
13:32:19.356,1.0185,0.0,NORMAL,100,100.0
13:32:19.526,1.007,0.0,NORMAL,100,100.0
13:32:19.675,1.0069,0.0,NORMAL,100,100.0
13:32:19.818,1.0084,0.0,NORMAL,100,100.0
13:32:19.972,1.0037,0.0,NORMAL,100,100.0
13:32:20.142,1.0064,0.0,NORMAL,100,100.0
13:32:20.302,1.0022,0.0,NORMAL,100,100.0
13:32:20.476,1.014,0.0,NORMAL,100,100.0
13:32:20.628,1.0095,0.0,NORMAL,100,100.0
13:32:20.786,1.005,0.0,NORMAL,100,100.0
13:32:20.938,1.0095,0.0,NORMAL,100,100.0
13:32:21.098,1.0089,0.0,NORMAL,100,100.0
13:32:21.247,1.0061,0.0,NORMAL,100,100.0
13:32:21.416,1.0007,0.0,NORMAL,100,100.0
13:32:21.572,1.0049,0.0,NORMAL,100,100.0
13:32:21.711,1.0042,0.0,NORMAL,100,100.0
13:32:21.860,1.0079,0.0,NORMAL,100,100.0
13:32:22.021,1.0174,0.0,NORMAL,100,100.0
13:32:22.168,1.0022,0.0,NORMAL,100,100.0
13:32:22.315,1.0021,0.0,NORMAL,100,100.0
13:32:22.466,1.0014,0.0,NORMAL,100,100.0
13:32:22.613,1.0142,0.0,NORMAL,100,100.0
13:32:22.770,1.0065,0.0,NORMAL,100,100.0
13:32:22.899,1.0045,0.0,NORMAL,100,100.0
13:32:23.039,1.0041,0.0,NORMAL,100,100.0
13:32:23.192,1.0138,0.0,NORMAL,100,100.0
13:32:23.334,1.0088,0.0,NORMAL,100,100.0
13:32:23.525,1.0028,0.0,NORMAL,100,100.0
13:32:23.684,1.0028,0.0,NORMAL,100,100.0
13:32:23.840,1.009,0.0,NORMAL,100,100.0
13:32:23.988,1.0082,0.0,NORMAL,100,100.0
13:32:24.134,1.0065,0.0,NORMAL,100,100.0
13:32:24.288,1.0002,0.0,NORMAL,100,100.0
13:32:24.434,1.014,0.0,NORMAL,100,100.0
13:32:24.593,1.0013,0.0,NORMAL,100,100.0
13:32:24.746,1.0065,0.0,NORMAL,100,100.0
13:32:24.910,1.02,0.0,NORMAL,100,100.0
13:32:25.067,1.0121,0.0,NORMAL,100,100.0
13:32:25.238,1.0013,0.0,NORMAL,100,100.0
13:32:25.398,1.0029,0.0,NORMAL,100,100.0
13:32:25.572,1.0182,0.0,NORMAL,100,100.0
13:32:25.735,1.0115,0.0,NORMAL,100,100.0
13:32:25.876,1.0101,0.0,NORMAL,100,100.0
13:32:26.021,1.0122,0.0,NORMAL,100,100.0
13:32:26.173,1.0102,0.0,NORMAL,100,100.0
13:32:26.332,1.0078,0.0,NORMAL,100,100.0
13:32:26.476,1.0133,0.0,NORMAL,100,100.0
13:32:26.626,1.0125,0.0,NORMAL,100,100.0
13:32:26.781,1.0006,0.0,NORMAL,100,100.0
13:32:26.922,1.0014,0.0,NORMAL,100,100.0
13:32:27.061,1.0104,0.0,NORMAL,100,100.0
13:32:27.207,1.0145,0.0,NORMAL,100,100.0
13:32:27.344,1.0144,0.0,NORMAL,100,100.0
13:32:27.492,1.0162,0.0,NORMAL,100,100.0
13:32:27.640,1.0154,0.0,NORMAL,100,100.0
13:32:27.789,1.0151,0.0,NORMAL,100,100.0
13:32:27.936,1.0056,0.0,NORMAL,100,100.0
13:32:28.074,1.0126,0.0,NORMAL,100,100.0
13:32:28.231,1.0051,0.0,NORMAL,100,100.0
13:32:28.382,1.0048,0.0,NORMAL,100,100.0
13:32:28.534,1.0017,0.0,NORMAL,100,100.0
13:32:28.686,1.013,0.0,NORMAL,100,100.0
13:32:28.841,1.0132,0.0,NORMAL,100,100.0
13:32:28.999,1.0088,0.0,NORMAL,100,100.0
13:32:29.157,1.0053,0.0,NORMAL,100,100.0
13:32:29.310,1.0002,0.0,NORMAL,100,100.0
13:32:29.478,1.0078,0.0,NORMAL,100,100.0
13:32:29.646,1.0029,0.0,NORMAL,100,100.0
13:32:29.811,1.0043,0.0,NORMAL,100,100.0
13:32:29.969,1.0025,0.0,NORMAL,100,100.0
13:32:30.114,1.0064,0.0,NORMAL,100,100.0
13:32:30.252,1.0117,0.0,NORMAL,100,100.0
13:32:30.407,1.0117,0.0,NORMAL,100,100.0
13:32:30.545,1.0151,0.0,NORMAL,100,100.0
13:32:30.673,1.0055,0.0,NORMAL,100,100.0
13:32:30.827,1.0068,0.0,NORMAL,100,100.0
13:32:30.973,1.01,0.0,NORMAL,100,100.0
13:32:31.121,1.0004,0.0,NORMAL,100,100.0
13:32:31.274,1.0102,0.0,NORMAL,100,100.0
13:32:31.431,1.0095,0.0,NORMAL,100,100.0
13:32:31.579,1.0213,0.0,NORMAL,100,100.0
13:32:31.736,1.0143,0.0,NORMAL,100,100.0
13:32:31.882,1.0064,0.0,NORMAL,100,100.0
13:32:32.042,1.0005,0.0,NORMAL,100,100.0
13:32:32.193,1.0129,0.0,NORMAL,100,100.0
13:32:32.326,1.0092,0.0,NORMAL,100,100.0
13:32:32.481,1.0077,0.0,NORMAL,100,100.0
13:32:32.645,1.0104,0.0,NORMAL,100,100.0
13:32:32.795,1.0171,0.0,NORMAL,100,100.0
13:32:32.947,1.0019,0.0,NORMAL,100,100.0
13:32:33.110,1.0095,0.0,NORMAL,100,100.0
13:32:33.259,1.0188,0.0,NORMAL,100,100.0
13:32:33.414,1.0036,0.0,NORMAL,100,100.0
13:32:33.565,1.0023,0.0,NORMAL,100,100.0
13:32:33.712,1.0065,0.0,NORMAL,100,100.0
13:32:33.858,1.0078,0.0,NORMAL,100,100.0
13:32:34.023,1.0042,0.0,NORMAL,100,100.0
13:32:34.177,1.0063,0.0,NORMAL,100,100.0
13:32:34.317,1.0058,0.0,NORMAL,100,100.0
13:32:34.478,1.0123,0.0,NORMAL,100,100.0
13:32:34.623,1.0186,0.0,NORMAL,100,100.0
13:32:34.779,1.0177,0.0,NORMAL,100,100.0
13:32:34.929,1.0171,0.0,NORMAL,100,100.0
13:32:35.085,1.0077,0.0,NORMAL,100,100.0
13:32:35.235,1.0135,0.0,NORMAL,100,100.0
13:32:35.372,1.0004,0.0,NORMAL,100,100.0
13:32:35.502,1.0129,0.0,NORMAL,100,100.0
13:32:35.651,1.0101,0.0,NORMAL,100,100.0
13:32:35.803,1.0173,0.0,NORMAL,100,100.0
13:32:35.955,1.0153,0.0,NORMAL,100,100.0
13:32:36.111,1.0083,0.0,NORMAL,100,100.0
13:32:36.249,1.0087,0.0,NORMAL,100,100.0
13:32:36.389,1.0028,0.0,NORMAL,100,100.0
13:32:36.540,1.0165,0.0,NORMAL,100,100.0
13:32:36.705,1.0109,0.0,NORMAL,100,100.0
13:32:36.847,1.0022,0.0,NORMAL,100,100.0
13:32:36.992,1.0087,0.0,NORMAL,100,100.0
13:32:37.145,1.0039,0.0,NORMAL,100,100.0
13:32:37.310,1.0049,0.0,NORMAL,100,100.0
13:32:37.459,1.0115,0.0,NORMAL,100,100.0
13:32:37.615,1.02,0.0,NORMAL,100,100.0
13:32:37.772,1.0045,0.0,NORMAL,100,100.0
13:32:37.921,1.0045,0.0,NORMAL,100,100.0
13:32:38.081,1.0069,0.0,NORMAL,100,100.0
13:32:38.238,1.012,0.0,NORMAL,100,100.0
13:32:38.403,1.0028,0.0,NORMAL,100,100.0
13:32:38.568,1.0058,0.0,NORMAL,100,100.0
13:32:38.722,1.0086,0.0,NORMAL,100,100.0
13:32:38.878,1.0038,0.0,NORMAL,100,100.0
13:32:39.026,1.0178,0.0,NORMAL,100,100.0
13:32:39.182,1.0104,0.0,NORMAL,100,100.0
13:32:39.325,1.0017,0.0,NORMAL,100,100.0
13:32:39.494,1.0085,0.0,NORMAL,100,100.0
13:32:39.647,1.0089,0.0,NORMAL,100,100.0
13:32:39.793,1.0147,0.0,NORMAL,100,100.0
13:32:39.926,1.0132,0.0,NORMAL,100,100.0
13:32:40.093,1.0063,0.0,NORMAL,100,100.0
13:32:40.231,1.0126,0.0,NORMAL,100,100.0
13:32:40.385,1.01,0.0,NORMAL,100,100.0
13:32:40.550,1.0044,0.0,NORMAL,100,100.0
13:32:40.699,1.0092,0.0,NORMAL,100,100.0
13:32:40.866,1.0057,0.0,NORMAL,100,100.0
13:32:41.001,1.0088,0.0,NORMAL,100,100.0
13:32:41.158,1.0081,0.0,NORMAL,100,100.0
13:32:41.317,1.0194,0.0,NORMAL,100,100.0
13:32:41.468,1.0029,0.0,NORMAL,100,100.0
13:32:41.607,1.0076,0.0,NORMAL,100,100.0
13:32:41.762,1.0065,0.0,NORMAL,100,100.0
13:32:41.954,1.005,0.0,NORMAL,100,100.0
13:32:42.097,1.0147,0.0,NORMAL,100,100.0
13:32:42.243,1.0056,0.0,NORMAL,100,100.0
13:32:42.394,1.0035,0.0,NORMAL,100,100.0
13:32:42.518,1.014,0.0,NORMAL,100,100.0
13:32:42.664,1.0089,0.0,NORMAL,100,100.0
13:32:42.814,1.0059,0.0,NORMAL,100,100.0
13:32:42.958,1.0145,0.0,NORMAL,100,100.0
13:32:43.122,1.0083,0.0,NORMAL,100,100.0
13:32:43.258,1.0106,0.0,NORMAL,100,100.0
13:32:43.419,1.0062,0.0,NORMAL,100,100.0
13:32:43.568,1.0072,0.0,NORMAL,100,100.0
13:32:43.724,1.0139,0.0,NORMAL,100,100.0
13:32:43.882,1.0007,0.0,NORMAL,100,100.0
13:32:44.040,1.0147,0.0,NORMAL,100,100.0
13:32:44.191,1.0176,0.0,NORMAL,100,100.0
13:32:44.332,1.003,0.0,NORMAL,100,100.0
13:32:44.482,1.0099,0.0,NORMAL,100,100.0
13:32:44.638,1.0076,0.0,NORMAL,100,100.0
13:32:44.785,1.0097,0.0,NORMAL,100,100.0
13:32:44.926,1.0011,0.0,NORMAL,100,100.0
13:32:45.059,1.0056,0.0,NORMAL,100,100.0
13:32:45.221,1.0124,0.0,NORMAL,100,100.0
13:32:45.396,1.0013,0.0,NORMAL,100,100.0
13:32:45.550,1.0085,0.0,NORMAL,100,100.0
13:32:45.710,1.0189,0.0,NORMAL,100,100.0
13:32:45.873,1.0085,0.0,NORMAL,100,100.0
13:32:46.048,1.006,0.0,NORMAL,100,100.0
13:32:46.198,1.0052,0.0,NORMAL,100,100.0
13:32:46.351,1.0074,0.0,NORMAL,100,100.0
13:32:46.518,1.0017,0.0,NORMAL,100,100.0
13:32:46.676,1.0154,0.0,NORMAL,100,100.0
13:32:46.834,1.0067,0.0,NORMAL,100,100.0
13:32:46.979,1.0036,0.0,NORMAL,100,100.0
13:32:47.147,1.0128,0.0,NORMAL,100,100.0
13:32:47.301,1.0007,0.0,NORMAL,100,100.0
13:32:47.446,1.0151,0.0,NORMAL,100,100.0
13:32:47.597,1.012,0.0,NORMAL,100,100.0
13:32:47.748,1.0172,0.0,NORMAL,100,100.0
13:32:47.894,1.0139,0.0,NORMAL,100,100.0
13:32:48.037,1.0049,0.0,NORMAL,100,100.0
13:32:48.191,1.004,0.0,NORMAL,100,100.0
13:32:48.338,1.0021,0.0,NORMAL,100,100.0
13:32:48.486,1.0018,0.0,NORMAL,100,100.0
13:32:48.649,1.0062,0.0,NORMAL,100,100.0
13:32:48.804,1.0118,0.0,NORMAL,100,100.0
13:32:48.943,1.0059,0.0,NORMAL,100,100.0
13:32:49.091,1.0042,0.0,NORMAL,100,100.0
13:32:49.246,1.0151,0.0,NORMAL,100,100.0
13:32:49.414,1.0134,0.0,NORMAL,100,100.0
13:32:49.579,1.0175,0.0,NORMAL,100,100.0
13:32:49.732,1.0133,0.0,NORMAL,100,100.0
13:32:49.892,1.0132,0.0,NORMAL,100,100.0
13:32:50.054,1.0201,0.0,NORMAL,100,100.0
13:32:50.191,1.0089,0.0,NORMAL,100,100.0
13:32:50.348,1.0157,0.0,NORMAL,100,100.0
13:32:50.530,1.0139,0.0,NORMAL,100,100.0
13:32:50.671,1.0078,0.0,NORMAL,100,100.0
13:32:50.827,1.0004,0.0,NORMAL,100,100.0
13:32:50.975,1.0058,0.0,NORMAL,100,100.0
13:32:51.131,1.0079,0.0,NORMAL,100,100.0
13:32:51.276,1.0133,0.0,NORMAL,100,100.0
13:32:51.424,1.0164,0.0,NORMAL,100,100.0
13:32:51.573,1.0051,0.0,NORMAL,100,100.0
13:32:51.707,1.0132,0.0,NORMAL,100,100.0
13:32:51.851,1.0143,0.0,NORMAL,100,100.0
13:32:52.007,1.0188,0.0,NORMAL,100,100.0
13:32:52.151,1.0001,0.0,NORMAL,100,100.0
13:32:52.292,1.0017,0.0,NORMAL,100,100.0
13:32:52.443,1.0141,0.0,NORMAL,100,100.0
13:32:52.594,1.0132,0.0,NORMAL,100,100.0
13:32:52.738,1.0186,0.0,NORMAL,100,100.0
13:32:52.889,1.0049,0.0,NORMAL,100,100.0
13:32:53.043,1.0155,0.0,NORMAL,100,100.0
13:32:53.211,1.01,0.0,NORMAL,100,100.0
13:32:53.361,1.0159,0.0,NORMAL,100,100.0
13:32:53.513,1.0151,0.0,NORMAL,100,100.0
13:32:53.664,1.0044,0.0,NORMAL,100,100.0
13:32:53.821,1.0173,0.0,NORMAL,100,100.0
13:32:53.967,1.0131,0.0,NORMAL,100,100.0
13:32:54.118,1.0202,0.0,NORMAL,100,100.0
13:32:54.276,1.012,0.0,NORMAL,100,100.0
13:32:54.436,1.0154,0.0,NORMAL,100,100.0
13:32:54.585,1.0036,0.0,NORMAL,100,100.0
13:32:54.729,1.0109,0.0,NORMAL,100,100.0
13:32:54.884,1.0136,0.0,NORMAL,100,100.0
13:32:55.029,1.0084,0.0,NORMAL,100,100.0
13:32:55.194,1.0037,0.0,NORMAL,100,100.0
13:32:55.370,1.0073,0.0,NORMAL,100,100.0
13:32:55.523,1.0029,0.0,NORMAL,100,100.0
13:32:55.670,1.0012,0.0,NORMAL,100,100.0
13:32:55.817,1.0018,0.0,NORMAL,100,100.0
13:32:55.960,1.0065,0.0,NORMAL,100,100.0
13:32:56.118,1.0124,0.0,NORMAL,100,100.0
13:32:56.267,1.0108,0.0,NORMAL,100,100.0
13:32:56.410,1.0101,0.0,NORMAL,100,100.0
13:32:56.562,1.0007,0.0,NORMAL,100,100.0
13:32:56.710,1.0053,0.0,NORMAL,100,100.0
13:32:56.865,1.0094,0.0,NORMAL,100,100.0
13:32:57.018,1.0112,0.0,NORMAL,100,100.0
13:32:57.155,1.0151,0.0,NORMAL,100,100.0
13:32:57.300,1.0134,0.0,NORMAL,100,100.0
13:32:57.445,1.017,0.0,NORMAL,100,100.0
13:32:57.590,1.0035,0.0,NORMAL,100,100.0
13:32:57.754,1.0027,0.0,NORMAL,100,100.0
13:32:57.892,1.0063,0.0,NORMAL,100,100.0
13:32:58.026,1.0018,0.0,NORMAL,100,100.0
13:32:58.177,1.011,0.0,NORMAL,100,100.0
13:32:58.318,1.0154,0.0,NORMAL,100,100.0
13:32:58.465,1.0156,0.0,NORMAL,100,100.0
13:32:58.613,1.0153,0.0,NORMAL,100,100.0
13:32:58.768,1.0158,0.0,NORMAL,100,100.0
13:32:58.919,1.0025,0.0,NORMAL,100,100.0
13:32:59.070,1.0119,0.0,NORMAL,100,100.0
13:32:59.218,1.0094,0.0,NORMAL,100,100.0
13:32:59.381,1.0094,0.0,NORMAL,100,100.0
13:32:59.553,1.0133,0.0,NORMAL,100,100.0
13:32:59.729,1.0166,0.0,NORMAL,100,100.0
13:32:59.870,1.0063,0.0,NORMAL,100,100.0
13:33:00.026,1.0024,0.0,NORMAL,100,100.0
13:33:00.178,1.0065,0.0,NORMAL,100,100.0
13:33:00.326,1.0121,0.0,NORMAL,100,100.0
13:33:00.471,1.018,0.0,NORMAL,100,100.0
13:33:00.619,1.0058,0.0,NORMAL,100,100.0
13:33:00.769,1.0171,0.0,NORMAL,100,100.0
13:33:00.921,1.0152,0.0,NORMAL,100,100.0
13:33:01.072,1.0062,0.0,NORMAL,100,100.0
13:33:01.218,1.0012,0.0,NORMAL,100,100.0
13:33:01.355,1.0125,0.0,NORMAL,100,100.0
13:33:01.503,1.0085,0.0,NORMAL,100,100.0
13:33:01.659,1.0105,0.0,NORMAL,100,100.0
13:33:01.799,1.012,0.0,NORMAL,100,100.0
13:33:01.954,1.0151,0.0,NORMAL,100,100.0
13:33:02.097,1.0097,0.0,NORMAL,100,100.0
13:33:02.244,1.0122,0.0,NORMAL,100,100.0
13:33:02.409,1.0061,0.0,NORMAL,100,100.0
13:33:02.559,1.01,0.0,NORMAL,100,100.0
13:33:02.709,1.0122,0.0,NORMAL,100,100.0
13:33:02.858,1.0148,0.0,NORMAL,100,100.0
13:33:03.009,1.0036,0.0,NORMAL,100,100.0
13:33:03.166,1.0038,0.0,NORMAL,100,100.0
13:33:03.323,1.0054,0.0,NORMAL,100,100.0
13:33:03.478,1.0117,0.0,NORMAL,100,100.0
13:33:03.618,1.0005,0.0,NORMAL,100,100.0
13:33:03.758,1.011,0.0,NORMAL,100,100.0
13:33:03.910,1.0046,0.0,NORMAL,100,100.0
13:33:04.063,1.0129,0.0,NORMAL,100,100.0
13:33:04.228,1.0075,0.0,NORMAL,100,100.0
13:33:04.384,1.0011,0.0,NORMAL,100,100.0
13:33:04.541,1.0192,0.0,NORMAL,100,100.0
13:33:04.707,1.0042,0.0,NORMAL,100,100.0
13:33:04.850,1.0074,0.0,NORMAL,100,100.0
13:33:05.004,1.0114,0.0,NORMAL,100,100.0
13:33:05.163,1.0154,0.0,NORMAL,100,100.0
13:33:05.322,1.0019,0.0,NORMAL,100,100.0
13:33:05.464,1.0171,0.0,NORMAL,100,100.0
13:33:05.612,1.0084,0.0,NORMAL,100,100.0
13:33:05.766,1.0001,0.0,NORMAL,100,100.0
13:33:05.914,1.0136,0.0,NORMAL,100,100.0
13:33:06.062,1.0086,0.0,NORMAL,100,100.0
13:33:06.220,1.0172,0.0,NORMAL,100,100.0
13:33:06.346,1.0175,0.0,NORMAL,100,100.0
13:33:06.511,1.0012,0.0,NORMAL,100,100.0
13:33:06.666,1.0017,0.0,NORMAL,100,100.0
13:33:06.820,1.0079,0.0,NORMAL,100,100.0
13:33:06.957,1.0085,0.0,NORMAL,100,100.0
13:33:07.105,1.0003,0.0,NORMAL,100,100.0
13:33:07.275,1.0052,0.0,NORMAL,100,100.0
13:33:07.441,1.0116,0.0,NORMAL,100,100.0
13:33:07.603,1.0105,0.0,NORMAL,100,100.0
13:33:07.764,1.0048,0.0,NORMAL,100,100.0
13:33:07.905,1.0096,0.0,NORMAL,100,100.0
13:33:08.063,1.0018,0.0,NORMAL,100,100.0
13:33:08.217,1.0155,0.0,NORMAL,100,100.0
13:33:08.375,1.0138,0.0,NORMAL,100,100.0
13:33:08.522,1.0127,0.0,NORMAL,100,100.0
13:33:08.674,1.0145,0.0,NORMAL,100,100.0
13:33:08.838,1.0067,0.0,NORMAL,100,100.0
13:33:09.028,1.0036,0.0,NORMAL,100,100.0
13:33:09.175,1.0014,0.0,NORMAL,100,100.0
13:33:09.332,1.0119,0.0,NORMAL,100,100.0
13:33:09.478,1.0099,0.0,NORMAL,100,100.0
13:33:09.624,1.0048,0.0,NORMAL,100,100.0
13:33:09.763,1.012,0.0,NORMAL,100,100.0
13:33:09.905,1.013,0.0,NORMAL,100,100.0
13:33:10.041,1.0124,0.0,NORMAL,100,100.0
13:33:10.188,1.008,0.0,NORMAL,100,100.0
13:33:10.320,1.0132,0.0,NORMAL,100,100.0
13:33:10.468,1.0012,0.0,NORMAL,100,100.0
13:33:10.610,1.0178,0.0,NORMAL,100,100.0
13:33:10.754,1.0139,0.0,NORMAL,100,100.0
13:33:10.909,1.0017,0.0,NORMAL,100,100.0
13:33:11.058,1.0005,0.0,NORMAL,100,100.0
13:33:11.210,1.0123,0.0,NORMAL,100,100.0
13:33:11.356,1.0036,0.0,NORMAL,100,100.0
13:33:11.500,1.0008,0.0,NORMAL,100,100.0
13:33:11.650,1.0008,0.0,NORMAL,100,100.0
13:33:11.806,1.0032,0.0,NORMAL,100,100.0
13:33:11.986,1.0116,0.0,NORMAL,100,100.0
13:33:12.137,1.0123,0.0,NORMAL,100,100.0
13:33:12.281,1.0068,0.0,NORMAL,100,100.0
13:33:12.419,1.0025,0.0,NORMAL,100,100.0
13:33:12.594,1.01,0.0,NORMAL,100,100.0
13:33:12.765,1.0112,0.0,NORMAL,100,100.0
13:33:12.930,1.0016,0.0,NORMAL,100,100.0
13:33:13.096,1.0013,0.0,NORMAL,100,100.0
13:33:13.270,1.0011,0.0,NORMAL,100,100.0
13:33:13.453,1.0002,0.0,NORMAL,100,100.0
13:33:13.617,1.0096,0.0,NORMAL,100,100.0
13:33:13.768,1.0086,0.0,NORMAL,100,100.0
13:33:13.938,1.005,0.0,NORMAL,100,100.0
13:33:14.109,1.0059,0.0,NORMAL,100,100.0
13:33:14.269,1.0044,0.0,NORMAL,100,100.0
13:33:14.410,1.0113,0.0,NORMAL,100,100.0
13:33:14.570,1.0141,0.0,NORMAL,100,99.0
13:33:14.722,1.0029,0.0,NORMAL,100,100.0
13:33:14.882,1.0105,0.0,NORMAL,100,100.0
13:33:15.054,1.0046,0.0,NORMAL,100,100.0
13:33:15.222,1.0097,0.0,NORMAL,100,100.0
13:33:15.377,1.0214,0.0,NORMAL,100,100.0
13:33:15.542,1.0115,0.0,NORMAL,100,100.0
13:33:15.693,1.0046,0.0,NORMAL,100,100.0
13:33:15.846,1.0138,0.0,NORMAL,100,100.0
13:33:16.004,1.0083,0.0,NORMAL,100,100.0
13:33:16.270,1.0119,0.0,NORMAL,100,100.0
13:33:16.607,1.0056,0.0,NORMAL,100,100.0
13:33:16.948,1.0029,0.0,NORMAL,100,100.0
13:33:17.261,1.0114,0.0,NORMAL,100,100.0
13:33:17.584,1.0146,0.0,NORMAL,100,100.0
13:33:17.887,1.0121,0.0,NORMAL,100,100.0
13:33:18.223,1.0036,0.0,NORMAL,100,100.0
13:33:18.545,1.0065,0.0,NORMAL,100,100.0
13:33:18.863,1.0045,0.0,NORMAL,100,100.0
13:33:19.276,1.003,0.0,NORMAL,100,0.0
13:33:19.775,1.0007,0.0,NORMAL,100,100.0
13:33:20.293,1.011,0.0,NORMAL,100,100.0
13:33:20.793,1.0133,0.0,NORMAL,100,100.0
13:33:21.513,1.0134,0.0,NORMAL,100,100.0
13:33:22.512,1.0109,0.0,NORMAL,100,100.0
13:33:23.286,1.0025,0.0,NORMAL,100,100.0
13:33:23.796,1.0195,0.0,NORMAL,100,100.0
13:33:24.260,1.0166,0.0,NORMAL,100,100.0
13:33:24.743,1.001,0.0,NORMAL,100,100.0
13:33:25.407,1.006,0.0,NORMAL,100,100.0
13:33:26.222,1.0174,0.0,NORMAL,100,100.0
13:33:27.138,1.0085,0.0,NORMAL,100,100.0
13:33:28.155,1.0087,0.0,NORMAL,100,100.0
