timestamp,imu_z,motion_score,decision,motor_speed,confidence
12:56:17.905,1.0,0.0,NORMAL,100,100.0
12:56:18.044,1.85,0.0,HAZARD,56,64.0
12:56:18.141,1.7225,0.0,NORMAL,100,84.0
12:56:18.238,1.6141,0.0,NORMAL,100,97.0
12:56:18.329,1.522,0.0,NORMAL,100,97.0
12:56:18.424,1.4437,0.0,NORMAL,100,97.0
12:56:18.511,1.3771,0.0,NORMAL,100,97.0
12:56:18.606,1.3206,0.0,NORMAL,100,96.0
12:56:18.704,1.2725,0.0,NORMAL,100,96.0
12:56:18.792,1.2316,0.0,NORMAL,100,98.0
12:56:18.887,1.1969,0.0,NORMAL,100,98.0
12:56:18.982,1.1673,0.0,NORMAL,100,98.0
12:56:19.069,1.1422,0.0,NORMAL,100,97.0
12:56:19.209,1.1209,0.0,NORMAL,100,82.0
12:56:19.301,1.1028,0.0,NORMAL,100,73.0
12:56:19.398,1.0874,0.0,NORMAL,100,66.0
12:56:19.489,1.0743,0.0,NORMAL,100,58.0
12:56:19.584,1.0631,0.0,NORMAL,100,41.0
12:56:19.674,1.0536,0.0,NORMAL,100,39.0
12:56:19.769,1.0456,4.0928,NORMAL,50,95.0
12:56:19.851,1.0388,4.0928,NORMAL,50,83.0
12:56:19.937,1.0329,4.0928,NORMAL,50,64.0
12:56:20.033,1.028,4.0928,HAZARD,50,62.0
12:56:20.117,1.0238,4.0928,HAZARD,50,62.0
12:56:20.205,1.0202,4.0928,HAZARD,50,62.0
12:56:20.303,1.0172,4.0928,HAZARD,50,62.0
12:56:20.387,1.0146,4.0928,HAZARD,50,61.0
12:56:20.482,1.0124,4.0928,HAZARD,50,61.0
12:56:20.575,1.0106,4.0928,HAZARD,50,59.0
12:56:20.664,1.009,4.0928,HAZARD,50,58.0
12:56:20.755,1.0076,4.0928,HAZARD,50,57.0
12:56:20.844,1.0065,4.0928,HAZARD,50,56.0
12:56:20.929,1.0055,4.0928,HAZARD,50,56.0
12:56:21.034,1.0047,4.0928,HAZARD,50,56.0
12:56:21.123,1.004,4.0928,HAZARD,50,56.0
12:56:21.211,1.0034,4.0928,HAZARD,50,56.0
12:56:21.305,1.0029,4.0928,HAZARD,50,57.0
12:56:21.392,1.0024,4.0928,HAZARD,50,57.0
12:56:21.482,1.0021,4.0928,HAZARD,50,57.0
12:56:21.565,1.0018,3.0,HAZARD,68,75.0
12:56:21.654,1.0015,3.0,HAZARD,68,75.0
12:56:21.743,1.0013,3.0,HAZARD,68,75.0
12:56:21.830,1.0011,3.0,CAUTION,68,75.0
12:56:21.923,1.0009,0.0,CAUTION,100,100.0
12:56:22.012,1.0008,0.0,CAUTION,70,99.0
12:56:22.090,1.0007,0.0,CAUTION,70,99.0
12:56:22.176,1.0006,0.0,CAUTION,70,99.0
12:56:22.264,1.0005,0.0,CAUTION,70,99.0
12:56:22.352,1.0004,0.0,CAUTION,70,99.0
12:56:22.439,1.0003,0.0,CAUTION,70,99.0
12:56:22.531,1.0003,0.0,CAUTION,70,99.0
12:56:22.618,1.0003,0.0,CAUTION,70,99.0
12:56:22.703,1.0002,0.0,CAUTION,70,99.0
12:56:22.791,1.0002,0.0,CAUTION,70,99.0
12:56:22.882,1.0002,0.0,CAUTION,70,99.0
12:56:22.967,1.0001,0.0,CAUTION,70,99.0
12:56:23.053,1.0001,0.0,CAUTION,70,99.0
12:56:23.138,1.0001,2.0,CAUTION,70,71.0
12:56:23.230,1.0001,2.0,CAUTION,70,71.0
12:56:23.351,1.0001,2.0,CAUTION,70,71.0
12:56:23.435,1.0001,2.0,CAUTION,70,71.0
12:56:23.526,1.0,2.0,CAUTION,78,57.0
12:56:23.602,1.0,2.0,CAUTION,72,68.3
12:56:23.683,1.0,2.0,CAUTION,74,57.0
12:56:23.771,1.0,0.0,CAUTION,74,100.0
12:56:23.861,1.0,0.0,CAUTION,74,100.0
12:56:23.946,1.0,2.0,CAUTION,74,57.0
12:56:24.036,1.0,2.0,CAUTION,74,57.0
12:56:24.128,1.0,2.0,CAUTION,74,57.0
12:56:24.213,1.0,2.0,CAUTION,74,57.0
12:56:24.304,1.0,2.0,CAUTION,74,57.0
12:56:24.395,1.0,2.0,CAUTION,74,57.0
12:56:24.474,1.0,2.0,CAUTION,74,57.0
12:56:24.564,1.0,2.0,CAUTION,74,57.0
12:56:24.669,1.0,2.0,CAUTION,74,57.0
12:56:24.772,1.0,2.0,CAUTION,74,57.0
12:56:24.873,1.0,0.0,CAUTION,74,100.0
12:56:24.965,1.0,0.0,CAUTION,74,100.0
12:56:25.054,1.0,0.0,CAUTION,74,100.0
12:56:25.143,1.0,0.0,CAUTION,74,100.0
12:56:25.226,1.0,0.0,CAUTION,74,100.0
12:56:25.309,1.0,0.0,CAUTION,100,100.0
12:56:25.394,1.0,0.0,CAUTION,100,100.0
12:56:25.470,1.0,3.0,CAUTION,68,75.0
12:56:25.550,1.0,3.0,CAUTION,68,75.0
12:56:25.637,1.0,3.0,CAUTION,68,75.0
12:56:25.729,1.0,3.0,CAUTION,68,75.0
12:56:25.812,1.0,3.0,CAUTION,68,75.0
12:56:25.898,1.0,3.0,CAUTION,68,75.0
12:56:25.983,1.0,3.0,CAUTION,68,75.0
12:56:26.065,1.0,3.0,CAUTION,68,75.0
12:56:26.148,1.0,3.0,CAUTION,68,75.0
12:56:26.234,1.0,3.0,CAUTION,68,75.0
12:56:26.326,1.0,3.0,CAUTION,68,75.0
12:56:26.415,1.0,3.0,CAUTION,68,75.0
12:56:26.499,1.0,3.0,CAUTION,68,75.0
12:56:26.586,1.0,3.0,CAUTION,68,75.0
12:56:26.676,1.0,3.0,CAUTION,68,75.0
12:56:26.757,1.0,3.0,CAUTION,68,75.0
12:56:26.843,1.0,3.0,CAUTION,68,75.0
12:56:26.929,1.0,3.0,CAUTION,68,75.0
12:56:27.019,1.0,3.0,CAUTION,68,75.0
12:56:27.107,1.0,3.0,CAUTION,68,75.0
12:56:27.194,1.0,2.0,CAUTION,78,57.0
12:56:27.280,1.0,3.0,CAUTION,68,75.0
12:56:27.366,1.0,2.0,CAUTION,78,57.0
12:56:27.453,1.0,2.0,CAUTION,78,57.0
12:56:27.562,1.0,3.0,CAUTION,68,75.0
12:56:27.655,1.0,2.0,CAUTION,78,57.0
12:56:27.744,1.0,2.0,CAUTION,78,57.0
12:56:27.833,1.0,2.0,CAUTION,78,57.0
12:56:27.913,1.0,2.0,CAUTION,78,57.0
12:56:28.001,1.0,3.0,CAUTION,68,75.0
12:56:28.090,1.0,3.0,CAUTION,68,75.0
12:56:28.175,1.0,3.0,CAUTION,68,75.0
12:56:28.254,1.0,3.0,CAUTION,68,75.0
12:56:28.331,1.0,3.0,CAUTION,68,75.0
12:56:28.419,1.0,3.0,CAUTION,68,75.0
12:56:28.499,1.0,3.0,CAUTION,68,75.0
12:56:28.587,1.0,3.0,CAUTION,68,75.0
12:56:28.684,1.0,3.0,CAUTION,68,75.0
12:56:28.773,1.0,3.0,CAUTION,68,75.0
12:56:28.859,1.0,3.0,CAUTION,68,75.0
12:56:28.947,1.0,3.0,CAUTION,68,75.0
12:56:29.031,1.0,3.0,CAUTION,68,75.0
12:56:29.122,1.0,3.0,CAUTION,68,75.0
12:56:29.208,1.0,3.0,CAUTION,68,75.0
12:56:29.296,1.0,3.0,CAUTION,68,75.0
12:56:29.376,1.0,3.0,CAUTION,68,75.0
12:56:29.464,1.0,3.0,CAUTION,68,75.0
12:56:29.550,1.0,3.0,CAUTION,68,75.0
12:56:29.638,1.0,3.0,CAUTION,68,75.0
12:56:29.727,1.0,3.0,CAUTION,68,75.0
12:56:29.812,1.0,3.0,CAUTION,68,75.0
12:56:29.894,1.0,3.0,CAUTION,68,75.0
12:56:29.981,1.0,3.0,CAUTION,68,75.0
12:56:30.062,1.0,3.0,CAUTION,68,75.0
12:56:30.146,1.0,3.0,CAUTION,68,75.0
12:56:30.229,1.0,3.0,CAUTION,68,75.0
12:56:30.315,1.0,3.0,CAUTION,68,75.0
12:56:30.391,1.0,3.0,CAUTION,68,75.0
12:56:30.468,1.0,3.0,CAUTION,68,75.0
12:56:30.557,1.0,3.0,CAUTION,68,75.0
12:56:30.665,1.0,3.0,CAUTION,68,75.0
12:56:30.755,1.0,3.0,CAUTION,68,75.0
12:56:30.844,1.0,3.0,CAUTION,68,75.0
12:56:30.929,1.0,3.0,CAUTION,68,75.0
12:56:31.019,1.0,3.0,CAUTION,68,75.0
12:56:31.111,1.0,3.0,CAUTION,68,75.0
12:56:31.200,1.0,3.0,CAUTION,68,75.0
12:56:31.284,1.0,3.0,CAUTION,68,75.0
12:56:31.366,1.0,3.0,CAUTION,68,75.0
12:56:31.452,1.0,3.0,CAUTION,68,75.0
12:56:31.533,1.0,3.0,CAUTION,68,75.0
12:56:31.618,1.0,3.0,CAUTION,68,75.0
12:56:31.730,1.0,4.12,CAUTION,50,57.0
12:56:31.813,1.0,0.0,CAUTION,100,100.0
12:56:31.904,1.0,0.0,CAUTION,100,100.0
12:56:31.984,1.0,0.0,CAUTION,100,100.0
12:56:32.066,1.0,0.0,NORMAL,100,100.0
12:56:32.145,1.0,3.0,NORMAL,68,75.0
12:56:32.227,1.0,3.0,NORMAL,68,75.0
12:56:32.316,1.0,3.0,NORMAL,68,75.0
12:56:32.392,1.0,3.0,CAUTION,68,75.0
12:56:32.471,1.0,3.0,CAUTION,68,75.0
12:56:32.556,1.0,3.0,CAUTION,68,75.0
12:56:32.645,1.0,3.0,CAUTION,68,75.0
12:56:32.728,1.0,3.0,CAUTION,68,75.0
12:56:32.815,1.0,3.0,CAUTION,68,75.0
12:56:32.898,1.0,0.0,CAUTION,100,100.0
12:56:32.984,1.0,0.0,CAUTION,100,100.0
12:56:33.072,1.0,3.0,CAUTION,68,75.0
12:56:33.157,1.0,3.0,CAUTION,68,75.0
12:56:33.236,1.0,0.0,CAUTION,100,100.0
12:56:33.320,1.0,3.0,CAUTION,68,75.0
12:56:33.408,1.0,3.0,CAUTION,68,75.0
12:56:33.493,1.0,3.0,CAUTION,68,75.0
12:56:33.575,1.0,3.0,CAUTION,68,75.0
12:56:33.675,1.0,3.0,CAUTION,68,75.0
12:56:33.785,1.0,3.0,CAUTION,68,75.0
12:56:33.914,1.0,3.0,CAUTION,68,75.0
12:56:34.041,1.0,3.0,CAUTION,68,75.0
12:56:34.165,1.0,3.0,CAUTION,68,75.0
12:56:34.293,1.0,3.0,CAUTION,68,75.0
12:56:34.423,1.0,3.0,CAUTION,68,75.0
12:56:34.542,1.0,3.0,CAUTION,68,75.0
12:56:34.673,1.0,3.0,CAUTION,68,75.0
12:56:34.798,1.0,3.0,CAUTION,68,75.0
12:56:34.930,1.0,3.0,CAUTION,68,75.0
12:56:35.050,1.0,3.0,CAUTION,68,75.0
12:56:35.170,1.0,3.0,CAUTION,68,75.0
12:56:35.290,1.0,3.0,CAUTION,68,75.0
12:56:35.411,1.0,3.0,CAUTION,68,75.0
12:56:35.535,1.0,3.0,CAUTION,68,75.0
12:56:35.701,1.0,3.0,CAUTION,68,75.0
12:56:35.823,1.0,3.0,CAUTION,68,75.0
12:56:35.946,1.0,3.0,CAUTION,68,75.0
12:56:36.068,1.0,3.0,CAUTION,68,75.0
12:56:36.195,1.0,3.0,CAUTION,68,75.0
12:56:36.321,1.0,3.0,CAUTION,68,75.0
12:56:36.431,1.0,4.0029,CAUTION,51,57.0
12:56:36.555,1.0,4.0029,CAUTION,51,57.0
12:56:36.686,1.0,4.0029,CAUTION,51,57.0
12:56:36.802,1.0,4.0029,HAZARD,51,57.0
12:56:36.926,1.0,4.0029,HAZARD,51,57.0
12:56:37.077,1.0,4.0029,HAZARD,51,57.0
12:56:37.220,1.0,4.0029,HAZARD,51,57.0
12:56:37.338,1.0,4.0029,HAZARD,51,57.0
12:56:37.457,1.0,4.0029,HAZARD,51,57.0
12:56:37.574,1.0,4.0029,HAZARD,51,57.0
12:56:37.697,1.0,4.0029,HAZARD,51,57.0
12:56:37.815,1.0,4.0029,HAZARD,51,57.0
12:56:37.944,1.0,4.0029,HAZARD,51,57.0
12:56:38.069,1.0,4.0029,HAZARD,51,57.0
12:56:38.191,1.0,4.0029,HAZARD,51,57.0
12:56:38.317,1.0,3.0,HAZARD,68,75.0
12:56:38.433,1.0,3.0,HAZARD,68,75.0
12:56:38.555,1.0,3.0,HAZARD,68,75.0
12:56:38.675,1.0,3.0,CAUTION,68,75.0
12:56:38.792,1.0,3.0,CAUTION,68,75.0
12:56:38.920,1.0,3.0,CAUTION,68,75.0
12:56:39.043,1.0,3.0,CAUTION,68,75.0
12:56:39.168,1.0,3.0,CAUTION,68,75.0
12:56:39.291,1.0,3.0,CAUTION,68,75.0
12:56:39.412,1.0,3.0,CAUTION,68,75.0
12:56:39.527,1.0,3.0,CAUTION,68,75.0
12:56:39.651,1.0,3.0,CAUTION,68,75.0
12:56:39.779,1.0,3.0,CAUTION,68,75.0
12:56:39.904,1.0,3.0,CAUTION,68,75.0
12:56:40.026,1.0,3.0,CAUTION,68,75.0
12:56:40.151,1.0,3.0,CAUTION,68,75.0
12:56:40.271,1.0,3.0,CAUTION,68,75.0
12:56:40.388,1.0,3.0,CAUTION,68,75.0
12:56:40.509,1.0,3.0,CAUTION,68,75.0
12:56:40.636,1.0,3.0,CAUTION,68,75.0
12:56:40.755,1.0,3.0,CAUTION,68,75.0
12:56:40.881,1.0,3.0,CAUTION,68,75.0
12:56:41.039,1.0,3.0,CAUTION,68,75.0
12:56:41.168,1.0,3.0,CAUTION,68,75.0
12:56:41.281,1.0,3.0,CAUTION,68,75.0
12:56:41.401,1.0,3.0,CAUTION,68,75.0
12:56:41.524,1.0,3.0,CAUTION,68,75.0
12:56:41.649,1.0,3.0,CAUTION,68,75.0
12:56:41.772,1.0,3.0,CAUTION,68,75.0
12:56:41.897,1.0,3.0,CAUTION,68,75.0
12:56:42.019,1.0,3.0,CAUTION,68,75.0
12:56:42.144,1.0,3.0,CAUTION,68,75.0
12:56:42.270,1.0,3.0,CAUTION,68,75.0
12:56:42.389,1.0,3.0,CAUTION,68,75.0
12:56:42.505,1.0,3.0,CAUTION,68,75.0
12:56:42.627,1.0,3.0,CAUTION,68,75.0
12:56:42.754,1.0,3.0,CAUTION,68,75.0
12:56:42.876,1.0,3.0,CAUTION,68,75.0
12:56:43.000,1.0,3.0,CAUTION,68,75.0
12:56:43.136,1.0,0.0,CAUTION,100,100.0
12:56:43.271,1.0,0.0,CAUTION,100,100.0
12:56:43.405,1.0,0.0,CAUTION,100,100.0
12:56:43.537,1.0,0.0,NORMAL,100,100.0
12:56:43.658,1.0,0.0,NORMAL,100,100.0
12:56:43.786,1.0,0.0,NORMAL,100,100.0
12:56:43.926,1.0,0.0,NORMAL,76,100.0
12:56:44.068,1.0,0.0,NORMAL,76,100.0
12:56:44.210,1.0,0.0,NORMAL,76,100.0
12:56:44.356,1.0,0.0,CAUTION,76,100.0
12:56:44.491,1.0,0.0,CAUTION,76,100.0
12:56:44.633,1.0,0.0,CAUTION,76,100.0
12:56:44.792,1.0,0.0,CAUTION,76,100.0
12:56:44.934,1.0,0.0,CAUTION,74,100.0
12:56:45.075,1.0,0.0,CAUTION,70,99.0
12:56:45.214,1.0,0.0,CAUTION,65,99.0
12:56:45.369,1.0,0.0,CAUTION,65,99.0
12:56:45.515,1.0,0.0,CAUTION,65,99.0
12:56:45.654,1.0,0.0,CAUTION,65,99.0
12:56:45.800,1.0,0.0,CAUTION,65,99.0
12:56:45.948,1.0,0.0,CAUTION,65,99.0
12:56:46.089,1.0,0.0,CAUTION,65,99.0
12:56:46.233,1.0,0.0,CAUTION,65,99.0
12:56:46.369,1.0,0.0,CAUTION,65,99.0
12:56:46.510,1.0,0.0,CAUTION,65,99.0
12:56:46.645,1.0,0.0,CAUTION,65,99.0
12:56:46.792,1.0,0.0,CAUTION,65,99.0
12:56:46.936,1.0,0.0,CAUTION,65,99.0
12:56:47.115,1.0,0.0,CAUTION,65,99.0
12:56:47.271,1.0,0.0,CAUTION,68,99.0
12:56:47.416,1.0,0.0,CAUTION,51,100.0
12:56:47.567,1.0,0.0,CAUTION,51,100.0
12:56:47.724,1.0,0.0,CAUTION,51,100.0
12:56:47.889,1.0,0.0,HAZARD,51,100.0
12:56:48.044,1.0,0.0,HAZARD,51,100.0
12:56:48.200,1.0,0.0,HAZARD,51,100.0
12:56:48.331,1.0,0.0,HAZARD,51,100.0
12:56:48.480,1.0,0.0,HAZARD,51,100.0
12:56:48.637,1.0,0.0,HAZARD,76,100.0
12:56:48.785,1.0,0.0,HAZARD,76,100.0
12:56:48.927,1.0,0.0,HAZARD,76,100.0
12:56:49.071,1.0,0.0,CAUTION,76,100.0
12:56:49.224,1.0,2.0,CAUTION,76,57.0
12:56:49.382,1.0,2.0,CAUTION,76,57.0
12:56:49.531,1.0,2.0,CAUTION,76,57.0
12:56:49.678,1.0,2.0,CAUTION,76,57.0
12:56:49.828,1.0,2.0,CAUTION,76,57.0
12:56:49.968,1.0,2.0,CAUTION,76,57.0
12:56:50.112,1.0,2.0,CAUTION,76,57.0
12:56:50.264,1.0,2.0,CAUTION,78,57.0
12:56:50.404,1.0,2.0,CAUTION,78,57.0
12:56:50.537,1.0,2.0,CAUTION,78,57.0
12:56:50.677,1.0,0.0,CAUTION,100,100.0
12:56:50.827,1.0,2.0,CAUTION,78,57.0
12:56:50.978,1.0,2.0,CAUTION,78,57.0
12:56:51.114,1.0,3.0,CAUTION,68,75.0
12:56:51.252,1.0,3.0,CAUTION,68,75.0
12:56:51.395,1.0,3.0,CAUTION,68,75.0
12:56:51.535,1.0,3.0,CAUTION,68,75.0
12:56:51.702,1.0,3.0,CAUTION,68,75.0
12:56:51.849,1.0,3.0,CAUTION,68,75.0
12:56:52.003,1.0,3.0,CAUTION,68,75.0
12:56:52.148,1.0,3.0,CAUTION,68,75.0
12:56:52.302,1.0,3.0,CAUTION,68,75.0
12:56:52.441,1.0,3.0,CAUTION,68,75.0
12:56:52.579,1.0,3.0,CAUTION,68,75.0
12:56:52.727,1.0,3.0,CAUTION,68,75.0
12:56:52.871,1.0,3.0,CAUTION,68,75.0
12:56:53.010,1.0,4.4587,CAUTION,45,70.1
12:56:53.161,1.0,4.4587,CAUTION,45,70.1
12:56:53.307,1.0,4.4587,CAUTION,45,70.1
12:56:53.443,1.0,4.4587,HAZARD,45,70.1
12:56:53.590,1.0,4.4587,HAZARD,45,70.1
12:56:53.792,1.0,4.4587,HAZARD,45,70.1
12:56:53.974,1.0,4.4587,HAZARD,45,70.1
12:56:54.137,1.0,4.4587,HAZARD,45,70.1
12:56:54.294,1.0,4.4587,HAZARD,45,70.1
12:56:54.440,1.0,4.4587,HAZARD,45,70.1
12:56:54.585,1.0,4.4587,HAZARD,45,70.1
12:56:54.747,1.0,4.4587,HAZARD,45,70.1
12:56:54.895,1.0,4.2921,HAZARD,47,68.6
12:56:55.052,1.0,4.2921,HAZARD,47,68.6
12:56:55.193,1.0,4.2921,HAZARD,47,68.6
12:56:55.336,1.0,4.2921,HAZARD,47,68.6
12:56:55.486,1.0,4.2921,HAZARD,47,68.6
12:56:55.636,1.0,4.2921,HAZARD,47,68.6
12:56:55.786,1.0,4.2921,HAZARD,47,68.6
12:56:55.937,1.0,4.2921,HAZARD,47,68.6
12:56:56.084,1.0,4.2921,HAZARD,47,68.6
12:56:56.237,1.0,4.2921,HAZARD,47,68.6
12:56:56.392,1.0,4.2921,HAZARD,47,68.6
12:56:56.545,1.0,4.2921,HAZARD,47,68.6
12:56:56.700,1.0,4.2921,HAZARD,47,68.6
12:56:56.856,1.0,4.2921,HAZARD,47,68.6
12:56:57.016,1.0,4.2921,HAZARD,47,68.6
12:56:57.174,1.0,4.2921,HAZARD,47,68.6
12:56:57.320,1.0,4.2921,HAZARD,47,68.6
12:56:57.464,1.0,4.2921,HAZARD,47,68.6
12:56:57.622,1.0,4.2921,HAZARD,47,68.6
12:56:57.766,1.0,4.2921,HAZARD,47,68.6
12:56:57.914,1.0,4.2921,HAZARD,47,68.6
12:56:58.062,1.0,4.2921,HAZARD,47,68.6
12:56:58.219,1.0,4.2921,HAZARD,47,68.6
12:56:58.362,1.0,4.2921,HAZARD,47,68.6
12:56:58.511,1.0,0.0,HAZARD,100,100.0
12:56:58.664,1.0,0.0,HAZARD,100,100.0
12:56:58.801,1.0,0.0,HAZARD,100,100.0
12:56:58.952,1.0,0.0,NORMAL,100,100.0
12:56:59.103,1.0,0.0,NORMAL,100,100.0
12:56:59.250,1.0,0.0,NORMAL,100,100.0
12:56:59.387,1.0,0.0,NORMAL,100,100.0
12:56:59.530,1.0,0.0,NORMAL,100,100.0
12:56:59.681,1.0,0.0,NORMAL,100,100.0
12:56:59.827,1.0,0.0,NORMAL,100,100.0
12:56:59.976,1.0,0.0,NORMAL,100,100.0
12:57:00.133,1.0,0.0,NORMAL,100,100.0
12:57:00.283,1.0,0.0,NORMAL,100,100.0
12:57:00.420,1.0,0.0,NORMAL,100,100.0
12:57:00.568,1.0,0.0,NORMAL,100,100.0
12:57:00.715,1.0,0.0,NORMAL,100,100.0
12:57:00.863,1.0,0.0,NORMAL,100,100.0
12:57:01.016,1.0,0.0,NORMAL,100,100.0
12:57:01.166,1.0,0.0,NORMAL,100,100.0
12:57:01.308,1.0,0.0,NORMAL,100,100.0
12:57:01.451,1.0,0.0,NORMAL,100,100.0
12:57:01.585,1.0,0.0,NORMAL,100,100.0
12:57:01.764,1.0,0.0,NORMAL,100,100.0
12:57:01.908,1.0,0.0,NORMAL,100,100.0
12:57:02.059,1.0,0.0,NORMAL,100,100.0
12:57:02.215,1.0,0.0,NORMAL,100,100.0
12:57:02.366,1.0,0.0,NORMAL,100,100.0
12:57:02.504,1.0,0.0,NORMAL,100,100.0
12:57:02.666,1.0,0.0,NORMAL,100,100.0
12:57:02.810,1.0,0.0,NORMAL,100,100.0
12:57:02.950,1.0,0.0,NORMAL,100,100.0
12:57:03.099,1.0,0.0,NORMAL,100,100.0
12:57:03.241,1.0,0.0,NORMAL,100,100.0
12:57:03.382,1.0,0.0,NORMAL,100,100.0
12:57:03.529,1.0,0.0,NORMAL,100,100.0
12:57:03.671,1.0,0.0,NORMAL,100,100.0
12:57:03.828,1.0,0.0,NORMAL,100,100.0
12:57:03.964,1.0,0.0,NORMAL,100,100.0
12:57:04.108,1.0,0.0,NORMAL,100,100.0
12:57:04.259,1.0,0.0,NORMAL,100,100.0
12:57:04.407,1.0,0.0,NORMAL,100,100.0
12:57:04.551,1.0,0.0,NORMAL,100,100.0
12:57:04.704,1.0,0.0,NORMAL,100,100.0
12:57:04.853,1.0,0.0,NORMAL,100,100.0
12:57:04.977,1.0,0.0,NORMAL,100,100.0
12:57:05.122,1.0,0.0,NORMAL,100,100.0
12:57:05.268,1.0,0.0,NORMAL,100,100.0
12:57:05.420,1.0,0.0,NORMAL,100,100.0
12:57:05.565,1.0,0.0,NORMAL,100,100.0
12:57:05.735,1.0,0.0,NORMAL,100,100.0
12:57:05.881,1.0,0.0,NORMAL,100,100.0
12:57:06.037,1.0,0.0,NORMAL,100,100.0
12:57:06.201,1.0,0.0,NORMAL,100,100.0
12:57:06.346,1.0,0.0,NORMAL,100,100.0
12:57:06.499,1.0,0.0,NORMAL,100,100.0
12:57:06.658,1.0,0.0,NORMAL,100,100.0
12:57:06.810,1.0,0.0,NORMAL,100,100.0
12:57:06.951,1.0,0.0,NORMAL,100,100.0
12:57:07.105,1.0,0.0,NORMAL,100,100.0
12:57:07.257,1.0,0.0,NORMAL,100,100.0
12:57:07.413,1.0,0.0,NORMAL,100,100.0
12:57:07.561,1.0,0.0,NORMAL,100,100.0
12:57:07.707,1.0,0.0,NORMAL,100,100.0
12:57:07.871,1.0,0.0,NORMAL,100,100.0
12:57:08.020,1.0,0.0,NORMAL,100,100.0
12:57:08.176,1.0,0.0,NORMAL,100,100.0
12:57:08.338,1.0,0.0,NORMAL,100,100.0
12:57:08.486,1.0,0.0,NORMAL,100,100.0
12:57:08.640,1.0,0.0,NORMAL,100,100.0
12:57:08.794,1.0,0.0,NORMAL,100,100.0
12:57:08.953,1.0,0.0,NORMAL,100,100.0
12:57:09.120,1.0,0.0,NORMAL,100,100.0
12:57:09.274,1.0,0.0,NORMAL,100,100.0
12:57:09.420,1.0,0.0,NORMAL,100,100.0
12:57:09.568,1.0,0.0,NORMAL,100,100.0
12:57:09.724,1.0,0.0,NORMAL,100,100.0
12:57:09.870,1.0,0.0,NORMAL,100,100.0
12:57:10.019,1.0,0.0,NORMAL,100,100.0
12:57:10.157,1.0,0.0,NORMAL,100,100.0
12:57:10.315,1.0,0.0,NORMAL,100,100.0
12:57:10.457,1.0,0.0,NORMAL,100,100.0
12:57:10.595,1.0,0.0,NORMAL,100,100.0
12:57:10.747,1.0,0.0,NORMAL,100,100.0
12:57:10.905,1.0,0.0,NORMAL,100,100.0
12:57:11.055,1.0,0.0,NORMAL,100,100.0
12:57:11.206,1.0,0.0,NORMAL,100,100.0
12:57:11.349,1.0,0.0,NORMAL,100,100.0
12:57:11.488,1.0,0.0,NORMAL,100,100.0
12:57:11.631,1.0,0.0,NORMAL,100,100.0
12:57:11.795,1.0,0.0,NORMAL,100,100.0
12:57:11.946,1.0,0.0,NORMAL,100,100.0
12:57:12.099,1.0,0.0,NORMAL,100,100.0
12:57:12.262,1.0,0.0,NORMAL,100,100.0
12:57:12.416,1.0,0.0,NORMAL,100,100.0
12:57:12.608,1.0,0.0,NORMAL,100,100.0
12:57:12.756,1.0,0.0,NORMAL,100,100.0
12:57:12.919,1.0,0.0,NORMAL,100,100.0
12:57:13.076,1.0,0.0,NORMAL,100,100.0
12:57:13.237,1.0,0.0,NORMAL,100,100.0
12:57:13.401,1.0,0.0,NORMAL,100,100.0
12:57:13.566,1.0,0.0,NORMAL,100,100.0
12:57:13.732,1.0,0.0,NORMAL,100,100.0
12:57:13.886,1.0,0.0,NORMAL,100,100.0
12:57:14.056,1.0,0.0,NORMAL,100,100.0
12:57:14.212,1.0,0.0,NORMAL,100,100.0
12:57:14.381,1.0,0.0,NORMAL,100,100.0
12:57:14.539,1.0,0.0,NORMAL,100,100.0
12:57:14.695,1.0,0.0,NORMAL,100,100.0
12:57:14.839,1.0,0.0,NORMAL,100,100.0
12:57:14.998,1.0,0.0,NORMAL,100,100.0
12:57:15.158,1.0,0.0,NORMAL,100,100.0
12:57:15.328,1.0,0.0,NORMAL,100,100.0
12:57:15.480,1.0,0.0,NORMAL,100,100.0
12:57:15.637,1.0,0.0,NORMAL,100,100.0
12:57:15.793,1.0,0.0,NORMAL,100,100.0
12:57:15.944,1.0,0.0,NORMAL,100,100.0
12:57:16.084,1.0,0.0,NORMAL,100,100.0
12:57:16.241,1.0,0.0,NORMAL,100,100.0
12:57:16.396,1.0,0.0,NORMAL,100,100.0
12:57:16.542,1.0,0.0,NORMAL,100,100.0
12:57:16.702,1.0,0.0,NORMAL,100,100.0
12:57:16.850,1.0,0.0,NORMAL,100,100.0
12:57:17.006,1.0,0.0,NORMAL,100,100.0
12:57:17.156,1.0,0.0,NORMAL,100,100.0
12:57:17.306,1.0,0.0,NORMAL,100,100.0
12:57:17.457,1.0,0.0,NORMAL,100,100.0
12:57:17.607,1.0,0.0,NORMAL,100,100.0
12:57:17.758,1.0,0.0,NORMAL,100,100.0
12:57:17.912,1.0,0.0,NORMAL,100,100.0
12:57:18.084,1.0,0.0,NORMAL,100,100.0
12:57:18.229,1.0,0.0,NORMAL,100,100.0
12:57:18.388,1.0,0.0,NORMAL,100,100.0
12:57:18.534,1.0,0.0,NORMAL,100,100.0
12:57:18.704,1.0,0.0,NORMAL,100,100.0
12:57:18.867,1.0,0.0,NORMAL,100,100.0
12:57:19.036,1.0,0.0,NORMAL,100,100.0
12:57:19.178,1.0,0.0,NORMAL,100,100.0
12:57:19.342,1.0,0.0,NORMAL,100,100.0
12:57:19.501,1.0,0.0,NORMAL,100,100.0
12:57:19.672,1.0,0.0,NORMAL,100,100.0
12:57:19.823,1.0,0.0,NORMAL,100,100.0
12:57:19.976,1.0,0.0,NORMAL,100,100.0
12:57:20.124,1.0,0.0,NORMAL,100,100.0
12:57:20.285,1.0,0.0,NORMAL,100,100.0
12:57:20.427,1.0,0.0,NORMAL,100,100.0
12:57:20.567,1.0,0.0,NORMAL,100,100.0
12:57:20.726,1.0,0.0,NORMAL,100,100.0
12:57:20.867,1.0,0.0,NORMAL,100,100.0
12:57:21.007,1.0,0.0,NORMAL,100,100.0
12:57:21.162,1.0,0.0,NORMAL,100,100.0
12:57:21.318,1.0,0.0,NORMAL,100,100.0
12:57:21.478,1.0,0.0,NORMAL,100,100.0
12:57:21.627,1.0,0.0,NORMAL,100,100.0
12:57:21.787,1.0,0.0,NORMAL,100,100.0
12:57:21.948,1.0,0.0,NORMAL,100,100.0
12:57:22.105,1.0,0.0,NORMAL,100,100.0
12:57:22.260,1.0,0.0,NORMAL,100,100.0
12:57:22.404,1.0,0.0,NORMAL,100,100.0
12:57:22.560,1.0,0.0,NORMAL,100,100.0
12:57:22.725,1.0,0.0,NORMAL,100,100.0
12:57:22.880,1.0,0.0,NORMAL,100,100.0
12:57:23.035,1.0,0.0,NORMAL,100,100.0
12:57:23.186,1.0,0.0,NORMAL,100,100.0
12:57:23.358,1.0,0.0,NORMAL,100,100.0
12:57:23.538,1.0,0.0,NORMAL,100,100.0
12:57:23.695,1.0,0.0,NORMAL,100,100.0
12:57:23.872,1.0,0.0,NORMAL,100,100.0
12:57:24.031,1.0,0.0,NORMAL,100,100.0
12:57:24.198,1.0,0.0,NORMAL,100,100.0
12:57:24.344,1.0,0.0,NORMAL,100,100.0
12:57:24.487,1.0,0.0,NORMAL,100,100.0
12:57:24.640,1.0,0.0,NORMAL,100,100.0
12:57:24.797,1.0,0.0,NORMAL,100,100.0
12:57:24.956,1.0,0.0,NORMAL,100,100.0
12:57:25.091,1.0,0.0,NORMAL,100,100.0
12:57:25.227,1.0,0.0,NORMAL,100,100.0
12:57:25.385,1.0,0.0,NORMAL,100,100.0
12:57:25.533,1.0,0.0,NORMAL,100,100.0
12:57:25.693,1.0,0.0,NORMAL,100,100.0
12:57:25.849,1.0,0.0,NORMAL,100,100.0
12:57:26.006,1.0,0.0,NORMAL,100,100.0
12:57:26.172,1.0,0.0,NORMAL,100,100.0
12:57:26.320,1.0,0.0,NORMAL,100,100.0
12:57:26.482,1.0,0.0,NORMAL,100,100.0
12:57:26.653,1.0,0.0,NORMAL,100,100.0
12:57:26.811,1.0,0.0,NORMAL,100,100.0
12:57:26.971,1.0,0.0,NORMAL,100,100.0
12:57:27.141,1.0,0.0,NORMAL,100,100.0
12:57:27.296,1.0,0.0,NORMAL,100,100.0
12:57:27.443,1.0,0.0,NORMAL,100,100.0
12:57:27.609,1.0,0.0,NORMAL,100,100.0
12:57:27.792,1.0,0.0,NORMAL,100,100.0
12:57:27.948,1.0,0.0,NORMAL,100,100.0
12:57:28.120,1.0,0.0,NORMAL,100,100.0
12:57:28.287,1.0,0.0,NORMAL,100,100.0
12:57:28.449,1.0,0.0,NORMAL,100,100.0
12:57:28.609,1.0,0.0,NORMAL,100,100.0
12:57:28.777,1.0,0.0,NORMAL,100,100.0
12:57:28.935,1.0,0.0,NORMAL,100,100.0
12:57:29.097,1.0,0.0,NORMAL,100,100.0
12:57:29.258,1.0,0.0,NORMAL,100,100.0
12:57:29.436,1.0,0.0,NORMAL,100,100.0
12:57:29.603,1.0,0.0,NORMAL,100,100.0
12:57:29.766,1.0,0.0,NORMAL,100,100.0
12:57:29.924,1.0,0.0,NORMAL,100,100.0
12:57:30.099,1.0,0.0,NORMAL,100,100.0
12:57:30.265,1.0,0.0,NORMAL,100,100.0
12:57:30.427,1.0,0.0,NORMAL,100,100.0
12:57:30.593,1.0,0.0,NORMAL,100,100.0
12:57:30.761,1.0,0.0,NORMAL,100,100.0
12:57:30.916,1.0,0.0,NORMAL,100,100.0
12:57:31.083,1.0,0.0,NORMAL,100,100.0
12:57:31.234,1.0,0.0,NORMAL,100,100.0
12:57:31.406,1.0,0.0,NORMAL,100,100.0
12:57:31.568,1.0,0.0,NORMAL,100,100.0
12:57:31.721,1.0,0.0,NORMAL,100,100.0
12:57:31.891,1.0,0.0,NORMAL,100,100.0
12:57:32.060,1.0,0.0,NORMAL,100,100.0
12:57:32.231,1.0,0.0,NORMAL,100,100.0
12:57:32.395,1.0,0.0,NORMAL,100,100.0
12:57:32.554,1.0,0.0,NORMAL,100,100.0
12:57:32.737,1.0,0.0,NORMAL,100,100.0
12:57:32.910,1.0,0.0,NORMAL,100,100.0
12:57:33.060,1.0,0.0,NORMAL,100,100.0
12:57:33.218,1.0,0.0,NORMAL,100,100.0
12:57:33.390,1.0,0.0,NORMAL,100,100.0
12:57:33.557,1.0,0.0,NORMAL,100,100.0
12:57:33.714,1.0,0.0,NORMAL,100,100.0
12:57:33.881,1.0,0.0,NORMAL,100,100.0
12:57:34.055,1.0,0.0,NORMAL,100,100.0
12:57:34.232,1.0,0.0,NORMAL,100,100.0
12:57:34.396,1.0,0.0,NORMAL,100,100.0
12:57:34.547,1.0,0.0,NORMAL,100,100.0
12:57:34.718,1.0,0.0,NORMAL,100,100.0
12:57:34.888,1.0,0.0,NORMAL,100,100.0
12:57:35.058,1.0,0.0,NORMAL,100,100.0
12:57:35.283,1.0,0.0,NORMAL,100,100.0
12:57:35.452,1.0,0.0,NORMAL,100,100.0
12:57:35.606,1.0,0.0,NORMAL,100,100.0
12:57:35.791,1.0,0.0,NORMAL,100,100.0
12:57:35.971,1.0,0.0,NORMAL,100,100.0
12:57:36.134,1.0,0.0,NORMAL,100,100.0
12:57:36.310,1.0,0.0,NORMAL,100,100.0
12:57:36.488,1.0,0.0,NORMAL,100,100.0
12:57:36.643,1.0,0.0,NORMAL,100,100.0
12:57:36.800,1.0,0.0,NORMAL,100,100.0
12:57:36.967,1.0,0.0,NORMAL,100,100.0
12:57:37.132,1.0,0.0,NORMAL,100,100.0
12:57:37.290,1.0,0.0,NORMAL,100,100.0
12:57:37.470,1.0,0.0,NORMAL,100,100.0
12:57:37.641,1.0,0.0,NORMAL,100,100.0
12:57:37.821,1.0,0.0,NORMAL,100,100.0
12:57:37.992,1.0,0.0,NORMAL,100,100.0
12:57:38.163,1.0,0.0,NORMAL,100,100.0
12:57:38.332,1.0,0.0,NORMAL,100,100.0
12:57:38.488,1.0,0.0,NORMAL,100,100.0
12:57:38.653,1.0,0.0,NORMAL,100,100.0
12:57:38.828,1.0,0.0,NORMAL,100,100.0
12:57:39.001,1.0,0.0,NORMAL,100,100.0
12:57:39.159,1.0,0.0,NORMAL,100,100.0
12:57:39.314,1.0,0.0,NORMAL,100,100.0
12:57:39.467,1.0,0.0,NORMAL,100,100.0
12:57:39.622,1.0,0.0,NORMAL,100,100.0
12:57:39.794,1.0,0.0,NORMAL,100,100.0
12:57:39.981,1.0,0.0,NORMAL,100,100.0
12:57:40.158,1.0,0.0,NORMAL,100,100.0
12:57:40.329,1.0,0.0,NORMAL,100,100.0
12:57:40.492,1.0,0.0,NORMAL,100,100.0
12:57:40.668,1.0,0.0,NORMAL,100,100.0
12:57:40.840,1.0,0.0,NORMAL,100,100.0
12:57:41.004,1.0,0.0,NORMAL,100,100.0
12:57:41.168,1.0,0.0,NORMAL,100,100.0
12:57:41.326,1.0,0.0,NORMAL,100,100.0
12:57:41.484,1.0,0.0,NORMAL,100,100.0
12:57:41.658,1.0,0.0,NORMAL,100,100.0
12:57:41.836,1.0,0.0,NORMAL,100,100.0
12:57:41.994,1.0,0.0,NORMAL,100,100.0
12:57:42.154,1.0,0.0,NORMAL,100,100.0
12:57:42.326,1.0,0.0,NORMAL,100,100.0
12:57:42.489,1.0,0.0,NORMAL,100,100.0
12:57:42.663,1.0,0.0,NORMAL,100,100.0
12:57:42.831,1.0,0.0,NORMAL,100,100.0
12:57:43.003,1.0,0.0,NORMAL,100,100.0
12:57:43.166,1.0,0.0,NORMAL,100,100.0
12:57:43.325,1.0,0.0,NORMAL,100,100.0
12:57:43.474,1.0,0.0,NORMAL,100,100.0
12:57:43.638,1.0,0.0,NORMAL,100,100.0
12:57:43.800,1.0,0.0,NORMAL,100,100.0
12:57:43.962,1.0,0.0,NORMAL,100,100.0
12:57:44.141,1.0,0.0,NORMAL,100,100.0
12:57:44.319,1.0,0.0,NORMAL,100,100.0
12:57:44.475,1.0,0.0,NORMAL,100,100.0
12:57:44.633,1.0,0.0,NORMAL,100,100.0
12:57:44.819,1.0,0.0,NORMAL,100,100.0
12:57:44.989,1.0,0.0,NORMAL,100,100.0
12:57:45.171,1.0,0.0,NORMAL,100,100.0
12:57:45.329,1.0,0.0,NORMAL,100,100.0
12:57:45.480,1.0,0.0,NORMAL,100,100.0
12:57:45.638,1.0,0.0,NORMAL,100,100.0
12:57:45.809,1.0,0.0,NORMAL,100,100.0
12:57:45.974,1.0,0.0,NORMAL,100,100.0
12:57:46.150,1.0,0.0,NORMAL,100,100.0
12:57:46.303,1.0,0.0,NORMAL,100,100.0
12:57:46.465,1.0,0.0,NORMAL,100,100.0
12:57:46.634,1.0,0.0,NORMAL,100,100.0
12:57:46.802,1.0,0.0,NORMAL,100,100.0
12:57:46.972,1.0,0.0,NORMAL,100,100.0
12:57:47.131,1.0,0.0,NORMAL,100,100.0
12:57:47.302,1.0,0.0,NORMAL,100,100.0
12:57:47.468,1.0,0.0,NORMAL,100,100.0
12:57:47.623,1.0,0.0,NORMAL,100,100.0
12:57:47.868,1.0,0.0,NORMAL,100,100.0
12:57:48.087,1.0,0.0,NORMAL,100,100.0
12:57:48.262,1.0,0.0,NORMAL,100,100.0
12:57:48.434,1.0,0.0,NORMAL,100,100.0
12:57:48.608,1.0,0.0,NORMAL,100,100.0
12:57:48.803,1.0,0.0,NORMAL,100,100.0
12:57:48.958,1.0,0.0,NORMAL,100,100.0
12:57:49.105,1.0,0.0,NORMAL,100,100.0
12:57:49.261,1.0,0.0,NORMAL,100,100.0
12:57:49.430,1.0,0.0,NORMAL,100,100.0
12:57:49.615,1.0,0.0,NORMAL,100,100.0
12:57:49.791,1.0,0.0,NORMAL,100,100.0
12:57:49.952,1.0,0.0,NORMAL,100,100.0
12:57:50.128,1.0,0.0,NORMAL,100,100.0
12:57:50.274,1.0,0.0,NORMAL,100,100.0
12:57:50.423,1.0,0.0,NORMAL,100,100.0
12:57:50.564,1.0,0.0,NORMAL,100,100.0
12:57:50.725,1.0,0.0,NORMAL,100,100.0
12:57:50.898,1.0,0.0,NORMAL,100,100.0
12:57:51.065,1.0,0.0,NORMAL,100,100.0
12:57:51.233,1.0,0.0,NORMAL,100,100.0
12:57:51.398,1.0,0.0,NORMAL,100,100.0
12:57:51.569,1.0,0.0,NORMAL,100,100.0
12:57:51.738,1.0,0.0,NORMAL,100,100.0
12:57:51.908,1.0,0.0,NORMAL,100,100.0
12:57:52.066,1.0,0.0,NORMAL,100,100.0
12:57:52.236,1.0,0.0,NORMAL,100,100.0
12:57:52.409,1.0,0.0,NORMAL,100,100.0
12:57:52.583,1.0,0.0,NORMAL,100,100.0
12:57:52.754,1.0,0.0,NORMAL,100,100.0
12:57:52.922,1.0,0.0,NORMAL,100,100.0
12:57:53.074,1.0,0.0,NORMAL,100,100.0
12:57:53.232,1.0,0.0,NORMAL,100,100.0
12:57:53.380,1.0,0.0,NORMAL,100,100.0
12:57:53.540,1.0,0.0,NORMAL,100,100.0
12:57:53.733,1.0,0.0,NORMAL,100,100.0
12:57:53.887,1.0,0.0,NORMAL,100,100.0
12:57:54.055,1.0,0.0,NORMAL,100,100.0
12:57:54.235,1.0,0.0,NORMAL,100,100.0
12:57:54.409,1.0,0.0,NORMAL,100,100.0
12:57:54.572,1.0,0.0,NORMAL,100,100.0
12:57:54.741,1.0,0.0,NORMAL,100,100.0
12:57:54.916,1.0,0.0,NORMAL,100,100.0
12:57:55.075,1.0,0.0,NORMAL,100,100.0
12:57:55.245,1.0,0.0,NORMAL,100,100.0
12:57:55.426,1.0,0.0,NORMAL,100,100.0
12:57:55.606,1.0,0.0,NORMAL,100,100.0
12:57:55.763,1.0,0.0,NORMAL,100,100.0
12:57:55.927,1.0,0.0,NORMAL,100,100.0
12:57:56.085,1.0,0.0,NORMAL,100,100.0
12:57:56.247,1.0,0.0,NORMAL,100,100.0
12:57:56.421,1.0,0.0,NORMAL,100,100.0
12:57:56.597,1.0,0.0,NORMAL,100,100.0
12:57:56.783,1.0,0.0,NORMAL,100,100.0
12:57:57.004,1.0,0.0,NORMAL,100,100.0
12:57:57.167,1.0,0.0,NORMAL,100,100.0
12:57:57.319,1.0,0.0,NORMAL,100,100.0
12:57:57.497,1.0,0.0,NORMAL,100,100.0
12:57:57.674,1.0,0.0,NORMAL,100,100.0
12:57:57.850,1.0,0.0,NORMAL,100,100.0
12:57:58.013,1.0,0.0,NORMAL,100,100.0
12:57:58.172,1.0,0.0,NORMAL,100,100.0
12:57:58.343,1.0,0.0,NORMAL,100,100.0
12:57:58.504,1.0,0.0,NORMAL,100,100.0
12:57:58.664,1.0,0.0,NORMAL,100,100.0
12:57:58.839,1.0,0.0,NORMAL,100,100.0
12:57:59.012,1.0,0.0,NORMAL,100,100.0
12:57:59.176,1.0,0.0,NORMAL,100,100.0
12:57:59.340,1.0,0.0,NORMAL,100,100.0
12:57:59.524,1.0,0.0,NORMAL,100,100.0
12:57:59.723,1.0,0.0,NORMAL,100,100.0
12:57:59.894,1.0,0.0,NORMAL,100,100.0
12:58:00.079,1.0,0.0,NORMAL,100,100.0
12:58:00.278,1.0,0.0,NORMAL,100,100.0
12:58:00.471,1.0,0.0,NORMAL,100,100.0
12:58:00.640,1.0,0.0,NORMAL,100,100.0
12:58:00.837,1.0,0.0,NORMAL,100,100.0
12:58:01.048,1.0,0.0,NORMAL,100,100.0
12:58:01.256,1.0,0.0,NORMAL,100,100.0
12:58:01.454,1.0,0.0,NORMAL,100,100.0
12:58:01.637,1.0,0.0,NORMAL,100,100.0
12:58:01.817,1.0,0.0,NORMAL,100,100.0
12:58:02.005,1.0,0.0,NORMAL,100,100.0
12:58:02.202,1.0,0.0,NORMAL,100,100.0
12:58:02.396,1.0,0.0,NORMAL,100,100.0
12:58:02.572,1.0,0.0,NORMAL,100,100.0
12:58:02.741,1.0,0.0,NORMAL,100,100.0
12:58:02.931,1.0,0.0,NORMAL,100,100.0
12:58:03.118,1.0,0.0,NORMAL,100,100.0
12:58:03.281,1.0,0.0,NORMAL,100,100.0
12:58:03.449,1.0,0.0,NORMAL,100,100.0
12:58:03.624,1.0,0.0,NORMAL,100,100.0
12:58:03.824,1.0,0.0,NORMAL,100,100.0
12:58:04.010,1.0,0.0,NORMAL,100,100.0
12:58:04.206,1.0,0.0,NORMAL,100,100.0
12:58:04.412,1.0,0.0,NORMAL,100,100.0
12:58:04.588,1.0,0.0,NORMAL,100,100.0
12:58:04.759,1.0,0.0,NORMAL,100,100.0
12:58:04.951,1.0,0.0,NORMAL,100,100.0
12:58:05.138,1.0,0.0,NORMAL,100,100.0
12:58:05.317,1.0,0.0,NORMAL,100,100.0
12:58:05.486,1.0,0.0,NORMAL,100,100.0
12:58:05.657,1.0,0.0,NORMAL,100,100.0
12:58:05.838,1.0,0.0,NORMAL,100,100.0
12:58:06.008,1.0,0.0,NORMAL,100,100.0
12:58:06.183,1.0,0.0,NORMAL,100,100.0
12:58:06.380,1.0,0.0,NORMAL,100,100.0
12:58:06.560,1.0,0.0,NORMAL,100,100.0
12:58:06.753,1.0,0.0,NORMAL,100,100.0
12:58:06.947,1.0,0.0,NORMAL,100,100.0
12:58:07.130,1.0,0.0,NORMAL,100,100.0
12:58:07.305,1.0,0.0,NORMAL,100,100.0
12:58:07.476,1.0,0.0,NORMAL,100,100.0
12:58:07.652,1.0,0.0,NORMAL,100,100.0
12:58:07.813,1.0,0.0,NORMAL,100,100.0
12:58:08.007,1.0,0.0,NORMAL,100,100.0
12:58:08.184,1.0,0.0,NORMAL,100,100.0
12:58:08.377,1.0,0.0,NORMAL,100,100.0
12:58:08.566,1.0,0.0,NORMAL,100,100.0
12:58:08.761,1.0,0.0,NORMAL,100,100.0
12:58:08.961,1.0,0.0,NORMAL,100,100.0
12:58:09.127,1.0,0.0,NORMAL,100,100.0
12:58:09.321,1.0,0.0,NORMAL,100,100.0
12:58:09.514,1.0,0.0,NORMAL,100,100.0
12:58:09.685,1.0,0.0,NORMAL,100,100.0
12:58:09.853,1.0,0.0,NORMAL,100,100.0
12:58:10.029,1.0,0.0,NORMAL,100,100.0
12:58:10.217,1.0,0.0,NORMAL,100,100.0
12:58:10.405,1.0,0.0,NORMAL,100,100.0
12:58:10.577,1.0,0.0,NORMAL,100,100.0
12:58:10.758,1.0,0.0,NORMAL,100,100.0
12:58:10.937,1.0,0.0,NORMAL,100,100.0
12:58:11.109,1.0,0.0,NORMAL,100,100.0
12:58:11.278,1.0,0.0,NORMAL,100,100.0
12:58:11.476,1.0,0.0,NORMAL,100,100.0
12:58:11.661,1.0,0.0,NORMAL,100,100.0
12:58:11.841,1.0,0.0,NORMAL,100,100.0
12:58:12.008,1.0,0.0,NORMAL,100,100.0
12:58:12.191,1.0,0.0,NORMAL,100,100.0
12:58:12.392,1.0,0.0,NORMAL,100,100.0
12:58:12.609,1.0,0.0,NORMAL,100,100.0
12:58:12.819,1.0,0.0,NORMAL,100,100.0
12:58:12.992,1.0,0.0,NORMAL,100,100.0
12:58:13.165,1.0,0.0,NORMAL,100,100.0
12:58:13.344,1.0,0.0,NORMAL,100,100.0
12:58:13.540,1.0,0.0,NORMAL,100,100.0
12:58:13.717,1.0,0.0,NORMAL,100,100.0
12:58:13.916,1.0,0.0,NORMAL,100,100.0
12:58:14.108,1.0,0.0,NORMAL,100,100.0
12:58:14.293,1.0,0.0,NORMAL,100,100.0
12:58:14.486,1.0,0.0,NORMAL,100,100.0
12:58:14.649,1.0,0.0,NORMAL,100,100.0
12:58:14.819,1.0,0.0,NORMAL,100,100.0
12:58:14.992,1.0,0.0,NORMAL,100,100.0
12:58:15.175,1.0,0.0,NORMAL,100,100.0
12:58:15.354,1.0,0.0,NORMAL,100,100.0
12:58:15.527,1.0,0.0,NORMAL,100,100.0
12:58:15.729,1.0,0.0,NORMAL,100,100.0
12:58:15.903,1.0,0.0,NORMAL,100,100.0
12:58:16.088,1.0,0.0,NORMAL,100,100.0
12:58:16.275,1.0,0.0,NORMAL,100,100.0
12:58:16.459,1.0,0.0,NORMAL,100,100.0
12:58:16.632,1.0,0.0,NORMAL,100,100.0
12:58:16.806,1.0,0.0,NORMAL,100,100.0
12:58:16.981,1.0,0.0,NORMAL,100,100.0
12:58:17.142,1.0,0.0,NORMAL,100,100.0
12:58:17.328,1.0,0.0,NORMAL,100,100.0
12:58:17.484,1.0,0.0,NORMAL,100,100.0
12:58:17.663,1.0,0.0,NORMAL,100,100.0
12:58:17.853,1.0,0.0,NORMAL,100,100.0
12:58:18.035,1.0,0.0,NORMAL,100,100.0
12:58:18.199,1.0,0.0,NORMAL,100,100.0
12:58:18.371,1.0,0.0,NORMAL,100,100.0
12:58:18.539,1.0,0.0,NORMAL,100,100.0
12:58:18.716,1.0,0.0,NORMAL,100,100.0
12:58:18.912,1.0,0.0,NORMAL,100,100.0
12:58:19.088,1.0,0.0,NORMAL,100,100.0
12:58:19.260,1.0,0.0,NORMAL,100,100.0
12:58:19.423,1.0,0.0,NORMAL,100,100.0
12:58:19.590,1.0,0.0,NORMAL,100,100.0
12:58:19.776,1.0,0.0,NORMAL,100,100.0
12:58:19.959,1.0,0.0,NORMAL,100,100.0
12:58:20.131,1.0,0.0,NORMAL,100,100.0
12:58:20.304,1.0,0.0,NORMAL,100,100.0
12:58:20.480,1.0,0.0,NORMAL,100,100.0
12:58:20.641,1.0,0.0,NORMAL,100,100.0
12:58:20.821,1.0,0.0,NORMAL,100,100.0
12:58:21.000,1.0,0.0,NORMAL,100,100.0
12:58:21.171,1.0,0.0,NORMAL,100,100.0
12:58:21.350,1.0,0.0,NORMAL,100,100.0
12:58:21.533,1.0,0.0,NORMAL,100,100.0
12:58:21.701,1.0,0.0,NORMAL,100,100.0
12:58:21.890,1.0,0.0,NORMAL,100,100.0
12:58:22.066,1.0,0.0,NORMAL,100,100.0
12:58:22.226,1.0,0.0,NORMAL,100,100.0
12:58:22.395,1.0,0.0,NORMAL,100,100.0
12:58:22.579,1.0,0.0,NORMAL,100,100.0
12:58:22.750,1.0,0.0,NORMAL,100,100.0
12:58:22.926,1.0,0.0,NORMAL,100,100.0
12:58:23.113,1.0,0.0,NORMAL,100,100.0
12:58:23.288,1.0,0.0,NORMAL,100,100.0
12:58:23.476,1.0,0.0,NORMAL,100,100.0
12:58:23.665,1.0,0.0,NORMAL,100,100.0
12:58:23.856,1.0,0.0,NORMAL,100,100.0
12:58:24.023,1.0,0.0,NORMAL,100,100.0
12:58:24.201,1.0,0.0,NORMAL,100,100.0
12:58:24.371,1.0,0.0,NORMAL,100,100.0
12:58:24.552,1.0,0.0,NORMAL,100,100.0
12:58:24.723,1.0,0.0,NORMAL,100,100.0
12:58:24.893,1.0,0.0,NORMAL,100,100.0
12:58:25.064,1.0,0.0,NORMAL,100,100.0
12:58:25.255,1.0,0.0,NORMAL,100,100.0
12:58:25.435,1.0,0.0,NORMAL,100,100.0
12:58:25.611,1.0,0.0,NORMAL,100,100.0
12:58:25.781,1.0,0.0,NORMAL,100,100.0
12:58:25.987,1.0,0.0,NORMAL,100,100.0
12:58:26.209,1.0,0.0,NORMAL,100,100.0
12:58:26.419,1.0,0.0,NORMAL,100,100.0
12:58:26.611,1.0,0.0,NORMAL,100,100.0
12:58:26.797,1.0,0.0,NORMAL,100,100.0
12:58:27.001,1.0,0.0,NORMAL,100,100.0
12:58:27.178,1.0,0.0,NORMAL,100,100.0
12:58:27.359,1.0,0.0,NORMAL,100,100.0
12:58:27.539,1.0,0.0,NORMAL,100,100.0
12:58:27.717,1.0,0.0,NORMAL,100,100.0
12:58:27.900,1.0,0.0,NORMAL,100,100.0
12:58:28.083,1.0,0.0,NORMAL,100,100.0
12:58:28.282,1.0,0.0,NORMAL,100,100.0
12:58:28.471,1.0,0.0,NORMAL,100,100.0
12:58:28.650,1.0,0.0,NORMAL,100,100.0
12:58:28.819,1.0,0.0,NORMAL,100,100.0
12:58:28.993,1.0,0.0,NORMAL,100,100.0
12:58:29.174,1.0,0.0,NORMAL,100,100.0
12:58:29.341,1.0,0.0,NORMAL,100,100.0
12:58:29.508,1.0,0.0,NORMAL,100,100.0
12:58:29.692,1.0,0.0,NORMAL,100,100.0
12:58:29.865,1.0,0.0,NORMAL,100,100.0
12:58:30.033,1.0,0.0,NORMAL,100,100.0
12:58:30.208,1.0,0.0,NORMAL,100,100.0
12:58:30.404,1.0,0.0,NORMAL,100,100.0
12:58:30.588,1.0,0.0,NORMAL,100,100.0
12:58:30.776,1.0,0.0,NORMAL,100,100.0
12:58:30.964,1.0,0.0,NORMAL,100,100.0
12:58:31.145,1.0,0.0,NORMAL,100,100.0
12:58:31.327,1.0,0.0,NORMAL,100,100.0
12:58:31.493,1.0,0.0,NORMAL,100,100.0
12:58:31.693,1.0,0.0,NORMAL,100,100.0
12:58:31.858,1.0,0.0,NORMAL,100,100.0
12:58:32.051,1.0,0.0,NORMAL,100,100.0
12:58:32.222,1.0,0.0,NORMAL,100,100.0
12:58:32.682,1.0,0.0,NORMAL,100,100.0
12:58:33.483,1.0,0.0,NORMAL,100,100.0
12:58:34.151,1.0,0.0,NORMAL,100,100.0
12:58:34.569,1.0,0.0,NORMAL,100,100.0
12:58:35.118,1.0,0.0,NORMAL,100,100.0
12:58:35.622,1.0,0.0,NORMAL,100,100.0
12:58:36.380,1.0,0.0,NORMAL,100,100.0
12:58:36.907,1.0,0.0,NORMAL,100,100.0
12:58:37.426,1.0,0.0,NORMAL,100,100.0
12:58:37.983,1.0,0.0,NORMAL,100,100.0
12:58:38.430,1.0,0.0,NORMAL,100,100.0
12:58:38.883,1.0,0.0,NORMAL,100,100.0
12:58:39.364,1.0,0.0,NORMAL,100,100.0
12:58:39.794,1.0,0.0,NORMAL,100,100.0
12:58:40.337,1.0,0.0,NORMAL,100,100.0
12:58:40.823,1.0,0.0,NORMAL,100,100.0
12:58:41.342,1.0,0.0,NORMAL,100,100.0
12:58:41.852,1.0,0.0,NORMAL,100,100.0
12:58:42.376,1.0,0.0,NORMAL,100,100.0
12:58:42.840,1.0,0.0,NORMAL,100,100.0
12:58:43.317,1.0,0.0,NORMAL,100,100.0
12:58:43.740,1.0,0.0,NORMAL,100,100.0
12:58:44.287,1.0,0.0,NORMAL,100,100.0
12:58:44.723,1.0,0.0,NORMAL,100,100.0
12:58:45.218,1.0,0.0,NORMAL,100,100.0
12:58:45.635,1.0,0.0,NORMAL,100,100.0
12:58:46.190,1.0,0.0,NORMAL,100,100.0
12:58:46.673,1.0,0.0,NORMAL,100,100.0
12:58:47.239,1.0,0.0,NORMAL,100,100.0
12:58:47.912,1.0,0.0,NORMAL,100,100.0
12:58:48.462,1.0,0.0,NORMAL,100,100.0
12:58:49.057,1.0,0.0,NORMAL,100,100.0
12:58:49.505,1.0,0.0,NORMAL,100,100.0
12:58:50.034,1.0,0.0,NORMAL,100,100.0
12:58:50.489,1.0,0.0,NORMAL,100,100.0
12:58:50.986,1.0,0.0,NORMAL,100,100.0
12:58:51.516,1.0,0.0,NORMAL,100,100.0
12:58:52.032,1.0,0.0,NORMAL,100,100.0
12:58:52.539,1.0,0.0,NORMAL,100,100.0
12:58:53.063,1.0,0.0,NORMAL,100,100.0
12:58:53.572,1.0,0.0,NORMAL,100,100.0
12:58:54.078,1.0,0.0,NORMAL,100,100.0
12:58:54.531,1.0,0.0,NORMAL,100,100.0
12:58:55.071,1.0,0.0,NORMAL,100,100.0
12:58:55.508,1.0,0.0,NORMAL,100,100.0
12:58:56.040,1.0,0.0,NORMAL,100,100.0
12:58:56.523,1.0,0.0,NORMAL,100,100.0
12:58:57.088,1.0,0.0,NORMAL,100,100.0
12:58:57.534,1.0,0.0,NORMAL,100,100.0
12:58:58.083,1.0,0.0,NORMAL,100,100.0
12:58:58.585,1.0,0.0,NORMAL,100,100.0
12:58:59.102,1.0,0.0,NORMAL,100,100.0
12:58:59.530,1.0,0.0,NORMAL,100,100.0
12:59:00.149,1.0,0.0,NORMAL,100,100.0
12:59:00.637,1.0,0.0,NORMAL,100,100.0
12:59:01.099,1.0,0.0,NORMAL,100,100.0
12:59:01.566,1.0,0.0,NORMAL,100,100.0
12:59:02.175,1.0,0.0,NORMAL,100,100.0
12:59:02.745,1.0,0.0,NORMAL,100,100.0
12:59:03.268,1.0,0.0,NORMAL,100,100.0
12:59:03.780,1.0,0.0,NORMAL,100,100.0
12:59:04.221,1.0,0.0,NORMAL,100,100.0
12:59:04.669,1.0,0.0,NORMAL,100,100.0
12:59:05.194,1.0,0.0,NORMAL,100,100.0
12:59:05.682,1.0,0.0,NORMAL,100,100.0
12:59:06.211,1.0,0.0,NORMAL,100,100.0
12:59:06.706,1.0,0.0,NORMAL,100,100.0
12:59:07.284,1.0,0.0,NORMAL,100,100.0
12:59:07.775,1.0,0.0,NORMAL,100,100.0
12:59:08.375,1.0,0.0,NORMAL,100,100.0
12:59:08.884,1.0,0.0,NORMAL,100,100.0
12:59:09.421,1.0,0.0,NORMAL,100,100.0
12:59:09.899,1.0,0.0,NORMAL,100,100.0
12:59:10.426,1.0,0.0,NORMAL,100,100.0
12:59:10.970,1.0,0.0,NORMAL,100,100.0
12:59:11.489,1.0,0.0,NORMAL,100,100.0
12:59:11.969,1.0,0.0,NORMAL,100,100.0
12:59:12.486,1.0,0.0,NORMAL,100,100.0
12:59:12.999,1.0,0.0,NORMAL,100,100.0
12:59:13.530,1.0,0.0,NORMAL,100,100.0
12:59:14.055,1.0,0.0,NORMAL,100,100.0
12:59:14.553,1.0,0.0,NORMAL,100,100.0
12:59:15.137,1.0,0.0,NORMAL,100,100.0
12:59:15.575,1.0,0.0,NORMAL,100,100.0
12:59:16.284,1.0,0.0,NORMAL,100,100.0
12:59:16.881,1.0,0.0,NORMAL,100,100.0
12:59:17.532,1.0,0.0,NORMAL,100,100.0
12:59:18.070,1.0,0.0,NORMAL,100,100.0
12:59:18.535,1.0,0.0,NORMAL,100,100.0
12:59:19.197,1.0,0.0,NORMAL,100,100.0
12:59:19.696,1.0,0.0,NORMAL,100,100.0
12:59:20.217,1.0,0.0,NORMAL,100,100.0
12:59:20.981,1.0,0.0,NORMAL,100,100.0
12:59:21.504,1.0,0.0,NORMAL,100,100.0
12:59:22.237,1.0,0.0,NORMAL,100,100.0
12:59:22.862,1.0,0.0,NORMAL,100,100.0
12:59:23.279,1.0,0.0,NORMAL,100,100.0
12:59:23.403,1.0,0.0,NORMAL,100,100.0
12:59:23.499,1.0,0.0,NORMAL,100,100.0
12:59:23.592,1.0,0.0,NORMAL,100,100.0
12:59:23.682,1.0,0.0,NORMAL,100,100.0
12:59:23.769,1.0,0.0,NORMAL,100,100.0
12:59:23.858,1.0,0.0,NORMAL,100,100.0
12:59:23.945,1.0,0.0,NORMAL,100,100.0
12:59:24.026,1.0,0.0,NORMAL,100,100.0
12:59:24.109,1.0,0.0,NORMAL,100,100.0
12:59:24.200,1.0,0.0,NORMAL,100,100.0
12:59:24.335,1.0,0.0,NORMAL,100,100.0
12:59:24.426,1.0,0.0,NORMAL,100,100.0
12:59:24.521,1.0,0.0,NORMAL,100,100.0
12:59:24.610,1.0,0.0,NORMAL,100,100.0
12:59:24.703,1.0,0.0,NORMAL,100,100.0
12:59:24.796,1.0,0.0,NORMAL,100,100.0
12:59:24.890,1.0,0.0,NORMAL,100,100.0
12:59:24.984,1.0,0.0,NORMAL,100,100.0
12:59:25.081,1.0,0.0,NORMAL,100,100.0
12:59:25.170,1.0,0.0,NORMAL,100,100.0
12:59:25.264,1.0,0.0,NORMAL,100,100.0
12:59:25.357,1.0,0.0,NORMAL,100,100.0
12:59:25.452,1.0,0.0,NORMAL,100,100.0
12:59:25.550,1.0,0.0,NORMAL,100,100.0
12:59:25.646,1.0,0.0,NORMAL,100,100.0
12:59:25.737,1.0,0.0,NORMAL,100,100.0
12:59:25.823,1.0,0.0,NORMAL,100,100.0
12:59:25.909,1.0,0.0,NORMAL,100,100.0
12:59:25.991,1.0,0.0,NORMAL,100,100.0
12:59:26.312,1.0,0.0,NORMAL,100,100.0
12:59:26.401,1.0,0.0,NORMAL,100,100.0
12:59:26.487,1.0,0.0,NORMAL,100,100.0
12:59:26.573,1.0,0.0,NORMAL,100,100.0
12:59:26.657,1.0,0.0,NORMAL,100,100.0
12:59:26.742,1.0,0.0,NORMAL,100,100.0
12:59:26.823,1.0,0.0,NORMAL,100,100.0
12:59:26.935,1.0,0.0,NORMAL,100,100.0
12:59:27.027,1.0,0.0,NORMAL,100,100.0
12:59:27.112,1.0,0.0,NORMAL,100,100.0
12:59:27.197,1.0,0.0,NORMAL,100,100.0
12:59:27.286,1.0,0.0,NORMAL,100,100.0
12:59:27.378,1.0,0.0,NORMAL,100,100.0
12:59:27.468,1.0,0.0,NORMAL,100,100.0
12:59:27.549,1.0,0.0,NORMAL,100,100.0
12:59:27.643,1.0,0.0,NORMAL,100,100.0
12:59:27.730,1.0,0.0,NORMAL,100,100.0
12:59:27.824,1.0,0.0,NORMAL,100,100.0
12:59:27.917,1.0,0.0,NORMAL,100,100.0
12:59:28.000,1.0,0.0,NORMAL,100,100.0
12:59:28.086,1.0,0.0,NORMAL,100,100.0
12:59:28.170,1.0,0.0,NORMAL,100,100.0
12:59:28.259,1.0,0.0,NORMAL,100,100.0
12:59:28.342,1.0,0.0,NORMAL,100,100.0
12:59:28.423,1.0,0.0,NORMAL,100,100.0
12:59:28.518,1.0,0.0,NORMAL,100,100.0
12:59:28.858,1.0,0.0,NORMAL,100,100.0
12:59:28.946,1.0,0.0,NORMAL,100,100.0
12:59:29.052,1.0,0.0,NORMAL,100,100.0
12:59:29.183,1.0,0.0,NORMAL,100,100.0
12:59:29.333,1.0,0.0,NORMAL,100,100.0
12:59:29.500,1.0,0.0,NORMAL,100,100.0
12:59:29.697,1.0,0.0,NORMAL,100,100.0
12:59:29.882,1.0,0.0,NORMAL,100,100.0
12:59:30.068,1.0,0.0,NORMAL,100,100.0
12:59:30.259,1.0,0.0,NORMAL,100,100.0
12:59:30.443,1.0,0.0,NORMAL,100,100.0
12:59:30.630,1.0,0.0,NORMAL,100,100.0
12:59:30.837,1.0,0.0,NORMAL,100,100.0
12:59:31.036,1.0,0.0,NORMAL,100,100.0
12:59:31.227,1.0,0.0,NORMAL,100,100.0
12:59:31.418,1.0,0.0,NORMAL,100,100.0
12:59:31.598,1.0,0.0,NORMAL,100,100.0
12:59:31.796,1.0,0.0,NORMAL,100,100.0
12:59:32.002,1.0,0.0,NORMAL,100,100.0
12:59:32.189,1.0,0.0,NORMAL,100,100.0
12:59:32.412,1.0,0.0,NORMAL,100,100.0
12:59:32.631,1.0,0.0,NORMAL,100,100.0
12:59:32.831,1.0,0.0,NORMAL,100,100.0
12:59:33.013,1.0,0.0,NORMAL,100,100.0
12:59:33.212,1.0,0.0,NORMAL,100,100.0
12:59:33.439,1.0,0.0,NORMAL,100,100.0
12:59:33.632,1.0,0.0,NORMAL,100,100.0
12:59:33.843,1.0,0.0,NORMAL,100,100.0
12:59:34.033,1.0,0.0,NORMAL,100,100.0
12:59:34.213,1.0,0.0,NORMAL,100,100.0
12:59:34.414,1.0,0.0,NORMAL,100,100.0
12:59:34.591,1.0,0.0,NORMAL,100,100.0
12:59:34.786,1.0,0.0,NORMAL,100,100.0
12:59:34.984,1.0,0.0,NORMAL,100,100.0
12:59:35.166,1.0,0.0,NORMAL,100,100.0
12:59:35.347,1.0,0.0,NORMAL,100,100.0
12:59:35.524,1.0,0.0,NORMAL,100,100.0
12:59:35.713,1.0,0.0,NORMAL,100,100.0
12:59:35.899,1.0,0.0,NORMAL,100,100.0
12:59:36.099,1.0,0.0,NORMAL,100,100.0
12:59:36.288,1.0,0.0,NORMAL,100,100.0
12:59:36.490,1.0,0.0,NORMAL,100,100.0
12:59:36.704,1.0,0.0,NORMAL,100,100.0
12:59:36.926,1.0,0.0,NORMAL,100,100.0
12:59:37.137,1.0,0.0,NORMAL,100,100.0
12:59:37.342,1.0,0.0,NORMAL,100,100.0
12:59:37.519,1.0,0.0,NORMAL,100,100.0
12:59:37.768,1.0,0.0,NORMAL,100,100.0
12:59:37.973,1.0,0.0,NORMAL,100,100.0
12:59:38.164,1.0,0.0,NORMAL,100,100.0
12:59:38.395,1.0,0.0,NORMAL,100,100.0
12:59:38.587,1.0,0.0,NORMAL,100,100.0
12:59:38.823,1.0,0.0,NORMAL,100,100.0
12:59:39.103,1.0,0.0,NORMAL,100,100.0
12:59:39.435,1.0,0.0,NORMAL,100,100.0
12:59:39.668,1.0,0.0,NORMAL,100,100.0
12:59:39.899,1.0,0.0,NORMAL,100,100.0
12:59:40.139,1.0,0.0,NORMAL,100,100.0
12:59:40.361,1.0,0.0,NORMAL,100,100.0
12:59:40.564,1.0,0.0,NORMAL,100,100.0
12:59:40.736,1.0,0.0,NORMAL,100,100.0
12:59:40.920,1.0,0.0,NORMAL,100,100.0
12:59:41.114,1.0,0.0,NORMAL,100,100.0
12:59:41.301,1.0,0.0,NORMAL,100,100.0
12:59:41.478,1.0,0.0,NORMAL,100,100.0
12:59:41.646,1.0,0.0,NORMAL,100,100.0
12:59:41.840,1.0,0.0,NORMAL,100,100.0
12:59:42.016,1.0,0.0,NORMAL,100,100.0
12:59:42.193,1.0,0.0,NORMAL,100,100.0
12:59:42.365,1.0,0.0,NORMAL,100,100.0
12:59:42.537,1.0,0.0,NORMAL,100,100.0
12:59:42.740,1.0,0.0,NORMAL,100,100.0
12:59:42.945,1.0,0.0,NORMAL,100,100.0
12:59:43.175,1.0,0.0,NORMAL,100,100.0
12:59:43.404,1.0,0.0,NORMAL,100,100.0
12:59:43.665,1.0,0.0,NORMAL,100,100.0
12:59:43.947,1.0,0.0,NORMAL,100,100.0
12:59:44.197,1.0,0.0,NORMAL,100,100.0
12:59:44.489,1.0,0.0,NORMAL,100,100.0
12:59:44.728,1.0,0.0,NORMAL,100,100.0
12:59:44.980,1.0,0.0,NORMAL,100,100.0
12:59:45.214,1.0,0.0,NORMAL,100,100.0
12:59:45.480,1.0,0.0,NORMAL,100,100.0
12:59:45.745,1.0,0.0,NORMAL,100,100.0
12:59:46.016,1.0,0.0,NORMAL,100,100.0
12:59:46.219,1.0,0.0,NORMAL,100,100.0
12:59:46.397,1.0,0.0,NORMAL,100,100.0
12:59:46.589,1.0,0.0,NORMAL,100,100.0
12:59:46.811,1.0,0.0,NORMAL,100,100.0
12:59:46.999,1.0,0.0,NORMAL,100,100.0
12:59:47.163,1.0,0.0,NORMAL,100,100.0
12:59:47.318,1.0,2.8333,NORMAL,69,73.5
12:59:47.482,1.0,2.8333,NORMAL,69,73.5
12:59:47.658,1.0,2.8333,NORMAL,69,73.5
12:59:47.866,1.0,2.8333,CAUTION,69,73.5
12:59:48.055,1.0,2.1667,CAUTION,76,57.0
12:59:48.261,1.0,0.0,CAUTION,70,99.0
12:59:48.473,1.0,0.0,CAUTION,65,99.0
12:59:48.674,1.0,0.0,CAUTION,65,99.0
12:59:48.905,1.0,0.0,CAUTION,65,99.0
12:59:49.112,1.0,0.0,CAUTION,65,99.0
12:59:49.282,1.0,2.1667,CAUTION,65,75.0
12:59:49.462,1.0,0.0,CAUTION,65,99.0
12:59:49.650,1.0,0.0,CAUTION,65,99.0
12:59:49.832,1.0,0.0,CAUTION,65,99.0
12:59:50.011,1.0,0.0,CAUTION,65,99.0
12:59:50.192,1.0,0.0,CAUTION,65,99.0
12:59:50.434,1.0,0.0,CAUTION,100,100.0
12:59:50.664,1.0,0.0,CAUTION,100,100.0
12:59:50.871,1.0,4.44,CAUTION,45,70.0
12:59:51.102,1.0,4.44,CAUTION,45,70.0
12:59:51.298,1.0,2.0,CAUTION,78,57.0
12:59:51.469,1.0,2.0,CAUTION,78,57.0
12:59:51.653,1.0,2.0,CAUTION,78,57.0
12:59:51.828,1.0,2.0,CAUTION,78,57.0
12:59:52.003,1.0,2.0,CAUTION,78,57.0
12:59:52.178,1.0,2.0,CAUTION,78,57.0
12:59:52.351,1.0,2.0,CAUTION,78,57.0
12:59:52.527,1.0,2.5,CAUTION,72,70.5
12:59:52.711,1.0,1.3547,CAUTION,80,57.0
12:59:52.901,1.0,1.3547,CAUTION,80,57.0
12:59:53.084,1.0,1.3547,CAUTION,80,57.0
12:59:53.257,1.0,1.3547,CAUTION,80,57.0
12:59:53.439,1.0,1.3547,CAUTION,80,57.0
12:59:53.627,1.0,1.3547,CAUTION,80,57.0
12:59:53.813,1.0,1.3547,CAUTION,80,57.0
12:59:53.994,1.0,1.3547,CAUTION,80,57.0
12:59:54.177,1.0,1.3547,CAUTION,80,57.0
12:59:54.396,1.0,1.3547,CAUTION,80,57.0
12:59:54.590,1.0,1.5566,CAUTION,78,57.0
12:59:54.799,1.0,1.5566,CAUTION,78,57.0
12:59:54.983,1.0,1.5566,CAUTION,78,57.0
12:59:55.187,1.0,1.5566,CAUTION,78,57.0
12:59:55.384,1.0,1.5566,CAUTION,78,57.0
12:59:55.568,1.0,1.5566,CAUTION,78,57.0
12:59:55.774,1.0,1.5566,CAUTION,78,57.0
12:59:55.987,1.0,1.5566,CAUTION,78,57.0
12:59:56.212,1.0,0.0,CAUTION,100,100.0
12:59:56.454,1.0,0.0,CAUTION,100,100.0
12:59:56.683,1.0,2.5,CAUTION,72,70.5
12:59:56.913,1.0,2.5,CAUTION,72,70.5
12:59:57.145,1.0,2.5,CAUTION,72,70.5
12:59:57.359,1.0,2.5,CAUTION,72,70.5
12:59:57.566,1.0,0.0,CAUTION,100,100.0
12:59:57.784,1.0,0.0,CAUTION,100,100.0
12:59:58.020,1.0,0.0,CAUTION,100,100.0
12:59:58.225,1.0,0.0,NORMAL,100,100.0
12:59:58.428,1.0,0.0,NORMAL,100,100.0
12:59:58.657,1.0,0.0,NORMAL,100,100.0
12:59:58.860,1.0,0.0,NORMAL,100,100.0
12:59:59.096,1.0,0.0,NORMAL,100,100.0
12:59:59.318,1.0,0.0,NORMAL,100,100.0
12:59:59.519,1.0,0.0,NORMAL,100,100.0
12:59:59.713,1.0,0.0,NORMAL,100,100.0
12:59:59.888,1.0,0.0,NORMAL,100,100.0
13:00:00.066,1.0,0.0,NORMAL,100,100.0
13:00:00.270,1.0,0.0,NORMAL,100,100.0
13:00:00.498,1.0,0.0,NORMAL,100,100.0
13:00:00.698,1.0,0.0,NORMAL,100,100.0
13:00:00.892,1.0,0.0,NORMAL,100,100.0
13:00:01.092,1.0,0.0,NORMAL,100,100.0
13:00:01.281,1.0,0.0,NORMAL,100,100.0
13:00:01.456,1.0,0.0,NORMAL,100,100.0
13:00:01.613,1.0,0.0,NORMAL,100,100.0
13:00:01.769,1.0,0.0,NORMAL,100,100.0
13:00:01.945,1.0,0.0,NORMAL,100,100.0
13:00:02.126,1.0,0.0,NORMAL,100,100.0
13:00:02.292,1.0,0.0,NORMAL,100,100.0
13:00:02.484,1.0,0.0,NORMAL,100,100.0
13:00:02.647,1.0,0.0,NORMAL,100,100.0
13:00:02.805,1.0,0.0,NORMAL,100,100.0
13:00:02.980,1.0,0.0,NORMAL,100,100.0
13:00:03.145,1.0,0.0,NORMAL,100,100.0
13:00:03.301,1.0,0.0,NORMAL,100,100.0
13:00:03.484,1.0,1.3147,NORMAL,80,57.0
13:00:03.653,1.0,0.0,NORMAL,100,100.0
13:00:03.835,1.0,1.3147,NORMAL,80,57.0
13:00:04.044,1.0,1.3147,NORMAL,80,57.0
13:00:04.227,1.0,1.3147,CAUTION,80,57.0
13:00:04.418,1.0,1.3147,CAUTION,80,57.0
13:00:04.591,1.0,1.3147,CAUTION,80,57.0
13:00:04.758,1.0,1.3147,CAUTION,80,57.0
13:00:04.975,1.0,1.3147,CAUTION,80,57.0
13:00:05.365,1.0,1.7605,CAUTION,74,68.5
13:00:05.643,1.0,1.7605,CAUTION,74,68.5
13:00:05.871,1.0,1.7605,CAUTION,74,68.5
13:00:06.089,1.0,1.7605,CAUTION,74,68.5
13:00:06.300,1.0,1.7605,CAUTION,74,68.5
13:00:06.474,1.0,1.7605,CAUTION,74,68.5
13:00:06.654,1.0,1.7605,CAUTION,74,68.5
13:00:06.826,1.0,1.7605,CAUTION,74,68.5
13:00:07.006,1.0,1.7605,CAUTION,74,68.5
13:00:07.190,1.0,0.0,CAUTION,100,100.0
13:00:07.363,1.0,0.0,CAUTION,100,100.0
13:00:07.541,1.0,0.0,CAUTION,100,100.0
13:00:07.740,1.0,0.0,NORMAL,100,100.0
13:00:07.908,1.0,0.0,NORMAL,100,100.0
13:00:08.094,1.0,0.0,NORMAL,100,100.0
13:00:08.268,1.0,0.0,NORMAL,100,100.0
13:00:08.436,1.0,0.0,NORMAL,100,100.0
13:00:08.625,1.0,0.0,NORMAL,100,100.0
13:00:08.828,1.0,0.0,NORMAL,100,100.0
13:00:09.045,1.0,0.0,NORMAL,100,100.0
13:00:09.234,1.0,0.0,NORMAL,100,100.0
13:00:09.451,1.0,0.0,NORMAL,100,100.0
13:00:09.656,1.0,0.0,NORMAL,100,100.0
13:00:09.926,1.0,0.0,NORMAL,100,100.0
13:00:10.149,1.0,0.0,NORMAL,100,100.0
13:00:10.373,1.0,0.0,NORMAL,100,100.0
13:00:10.585,1.0,0.0,NORMAL,100,100.0
13:00:10.815,1.0,0.0,NORMAL,100,100.0
13:00:11.052,1.0,0.0,NORMAL,100,100.0
13:00:11.313,1.0,0.0,NORMAL,100,100.0
13:00:11.598,1.0,0.0,NORMAL,100,100.0
13:00:11.856,1.0,0.0,NORMAL,100,100.0
13:00:12.101,1.0,0.0,NORMAL,100,100.0
13:00:12.345,1.0,0.0,NORMAL,100,100.0
13:00:12.576,1.0,0.0,NORMAL,100,100.0
13:00:12.825,1.0,0.0,NORMAL,100,100.0
13:00:13.045,1.0,0.0,NORMAL,100,100.0
13:00:13.254,1.0,0.0,NORMAL,100,100.0
13:00:13.470,1.0,0.0,NORMAL,100,100.0
13:00:13.735,1.0,0.0,NORMAL,100,100.0
13:00:13.954,1.0,0.0,NORMAL,100,100.0
13:00:14.212,1.0,0.0,NORMAL,100,100.0
13:00:14.457,1.0,0.0,NORMAL,100,100.0
13:00:14.687,1.0,0.0,NORMAL,100,100.0
13:00:14.914,1.0,0.0,NORMAL,100,100.0
13:00:15.156,1.0,0.0,NORMAL,100,100.0
13:00:15.423,1.0,0.0,NORMAL,100,100.0
13:00:15.668,1.0,0.0,NORMAL,100,100.0
13:00:15.896,1.0,1.3526,NORMAL,80,57.0
13:00:16.137,1.0,1.3526,NORMAL,80,57.0
13:00:16.396,1.0,1.3526,NORMAL,80,57.0
13:00:16.661,1.0,1.3526,CAUTION,80,57.0
13:00:16.908,1.0,1.3526,CAUTION,80,57.0
13:00:17.129,1.0,1.3526,CAUTION,80,57.0
13:00:17.369,1.0,1.3526,CAUTION,80,57.0
13:00:17.606,1.0,1.3526,CAUTION,80,57.0
13:00:17.853,1.0,1.3724,CAUTION,80,57.0
13:00:18.075,1.0,1.3724,CAUTION,80,57.0
13:00:18.312,1.0,1.3724,CAUTION,80,57.0
13:00:18.518,1.0,1.3724,CAUTION,80,57.0
13:00:18.814,1.0,1.3724,CAUTION,80,57.0
13:00:19.118,1.0,1.3724,CAUTION,80,57.0
13:00:19.370,1.0,1.3724,CAUTION,80,57.0
13:00:19.627,1.0,1.3724,CAUTION,80,57.0
13:00:19.874,1.0,0.0,CAUTION,100,100.0
13:00:20.119,1.0,0.0,CAUTION,100,100.0
13:00:20.368,1.0,0.0,CAUTION,100,100.0
13:00:20.600,1.0,0.0,NORMAL,100,100.0
13:00:20.859,1.0,0.0,NORMAL,100,100.0
13:00:21.123,1.0,0.0,NORMAL,100,100.0
13:00:21.383,1.0,0.0,NORMAL,100,100.0
13:00:21.625,1.0,0.0,NORMAL,100,100.0
13:00:21.852,1.0,0.0,NORMAL,100,100.0
13:00:22.115,1.0,0.0,NORMAL,100,100.0
13:00:22.382,1.0,0.0,NORMAL,100,100.0
13:00:22.610,1.0,0.0,NORMAL,100,100.0
13:00:22.830,1.0,0.0,NORMAL,100,100.0
13:00:23.086,1.0,0.0,NORMAL,100,100.0
13:00:23.347,1.0,0.0,NORMAL,100,100.0
13:00:23.615,1.0,0.0,NORMAL,100,100.0
13:00:23.844,1.0,0.0,NORMAL,100,100.0
13:00:24.091,1.0,0.0,NORMAL,100,100.0
13:00:24.334,1.0,0.0,NORMAL,100,100.0
13:00:24.556,1.0,0.0,NORMAL,100,100.0
13:00:24.821,1.0,0.0,NORMAL,100,100.0
13:00:25.034,1.0,0.0,NORMAL,100,100.0
13:00:25.254,1.0,0.0,NORMAL,100,100.0
13:00:25.476,1.0,0.0,NORMAL,100,100.0
13:00:25.742,1.0,0.0,NORMAL,100,100.0
13:00:25.987,1.0,0.0,NORMAL,100,100.0
13:00:26.231,1.0,0.0,NORMAL,100,100.0
13:00:26.484,1.0,0.0,NORMAL,100,100.0
13:00:26.736,1.0,2.0,NORMAL,78,57.0
13:00:26.963,1.0,4.7326,NORMAL,40,72.6
13:00:27.219,1.0,4.7326,NORMAL,40,72.6
13:00:27.454,1.0,4.7326,HAZARD,40,72.6
13:00:27.703,1.0,0.0,HAZARD,100,100.0
13:00:27.979,1.0,4.3365,HAZARD,46,69.0
13:00:28.257,1.0,4.3365,HAZARD,46,69.0
13:00:28.522,1.0,0.0,HAZARD,100,100.0
13:00:28.809,1.0,2.0,HAZARD,78,57.0
13:00:29.094,1.0,2.0,HAZARD,78,57.0
13:00:29.365,1.0,2.0,CAUTION,78,57.0
13:00:29.607,1.0,2.0,CAUTION,78,57.0
13:00:29.839,1.0,2.0,CAUTION,78,57.0
13:00:30.117,1.0,2.0,CAUTION,78,57.0
13:00:30.397,1.0,2.0,CAUTION,78,57.0
13:00:30.663,1.0,2.5,CAUTION,72,70.5
13:00:30.923,1.0,3.0,CAUTION,68,75.0
13:00:31.165,1.0,3.0,CAUTION,68,75.0
13:00:31.422,1.0,3.0,CAUTION,68,75.0
13:00:31.700,1.0,0.0,CAUTION,100,100.0
13:00:31.976,1.0,0.0,CAUTION,100,100.0
13:00:32.243,1.0,0.0,CAUTION,100,100.0
13:00:32.555,1.0,0.0,NORMAL,100,100.0
13:00:32.812,1.0,0.0,NORMAL,100,100.0
13:00:33.046,1.0,0.0,NORMAL,100,100.0
13:00:33.296,1.0,0.0,NORMAL,100,100.0
13:00:33.537,1.0,0.0,NORMAL,100,100.0
13:00:33.789,1.0,0.0,NORMAL,100,100.0
13:00:34.031,1.0,0.0,NORMAL,100,100.0
13:00:34.267,1.0,0.0,NORMAL,100,100.0
13:00:34.504,1.0,0.0,NORMAL,100,100.0
13:00:34.750,1.0,0.0,NORMAL,100,100.0
13:00:35.006,1.0,0.0,NORMAL,100,100.0
13:00:35.263,1.0,0.0,NORMAL,100,100.0
13:00:35.490,1.0,0.0,NORMAL,100,100.0
13:00:35.713,1.0,0.0,NORMAL,100,100.0
13:00:35.977,1.0,5.0,NORMAL,37,75.0
13:00:36.220,1.0,5.0,NORMAL,37,75.0
13:00:36.441,1.0,5.0,NORMAL,37,75.0
13:00:36.685,1.0,5.0,HAZARD,37,75.0
13:00:36.962,1.0,2.1667,HAZARD,76,57.0
13:00:37.233,1.0,2.1667,HAZARD,76,57.0
13:00:37.465,1.0,2.3,HAZARD,68,75.0
13:00:37.683,1.0,2.3,CAUTION,68,75.0
13:00:37.915,1.0,2.3,CAUTION,68,75.0
13:00:38.181,1.0,2.3,CAUTION,68,75.0
13:00:38.476,1.0,5.0,CAUTION,37,75.0
13:00:38.723,1.0,5.0,CAUTION,37,75.0
13:00:38.979,1.0,5.0,CAUTION,37,75.0
13:00:39.225,1.0,2.3,CAUTION,68,75.0
13:00:39.438,1.0,2.3,CAUTION,68,75.0
13:00:39.709,1.0,2.3,CAUTION,68,75.0
13:00:39.959,1.0,2.3,CAUTION,68,75.0
13:00:40.200,1.0,2.3,CAUTION,68,75.0
13:00:40.434,1.0,0.0,CAUTION,100,100.0
13:00:40.690,1.0,1.3987,CAUTION,80,57.0
13:00:40.970,1.0,1.3987,CAUTION,80,57.0
13:00:41.222,1.0,1.3987,CAUTION,80,57.0
13:00:41.446,1.0,1.3987,CAUTION,80,57.0
13:00:41.710,1.0,1.3987,CAUTION,80,57.0
13:00:41.993,1.0,1.3987,CAUTION,80,57.0
13:00:42.255,1.0,1.3987,CAUTION,80,57.0
13:00:42.470,1.0,4.8842,CAUTION,38,74.0
13:00:42.712,1.0,4.031,CAUTION,50,57.0
13:00:42.967,1.0,4.031,CAUTION,50,57.0
13:00:43.243,1.0,4.031,HAZARD,50,57.0
13:00:43.470,1.0,4.031,HAZARD,50,57.0
13:00:43.700,1.0,3.0,HAZARD,68,75.0
13:00:43.952,1.0,3.0,HAZARD,68,75.0
13:00:44.231,1.0,1.7,HAZARD,76,57.0
13:00:44.462,1.0,1.7,CAUTION,76,57.0
13:00:44.710,1.0,1.3536,CAUTION,80,57.0
13:00:45.064,1.0,1.3536,CAUTION,80,57.0
13:00:45.325,1.0,1.3536,CAUTION,80,57.0
13:00:45.576,1.0,1.3536,CAUTION,80,57.0
13:00:45.833,1.0,0.0,CAUTION,100,100.0
13:00:46.074,1.0,0.0,CAUTION,100,100.0
13:00:46.359,1.0,0.0,CAUTION,100,100.0
13:00:46.605,1.0,0.0,NORMAL,100,100.0
13:00:46.819,1.0,1.8833,NORMAL,73,70.0
13:00:47.049,1.0,1.8833,NORMAL,73,70.0
13:00:47.313,1.0,1.8833,NORMAL,73,70.0
13:00:47.553,1.0,2.1667,CAUTION,76,57.0
13:00:47.807,1.0,2.1667,CAUTION,76,57.0
13:00:48.074,1.0,3.0,CAUTION,68,75.0
13:00:48.331,1.0,3.0,CAUTION,68,75.0
13:00:48.554,1.0,1.5292,CAUTION,78,57.0
13:00:48.836,1.0,3.0,CAUTION,68,75.0
13:00:49.118,1.0,3.0,CAUTION,68,75.0
13:00:49.372,1.0,4.0496,CAUTION,50,57.0
13:00:49.637,1.0,4.0496,CAUTION,50,57.0
13:00:49.881,1.0,3.0,CAUTION,68,75.0
13:00:50.147,1.0,4.0496,CAUTION,50,57.0
13:00:50.383,1.0,4.0496,HAZARD,50,57.0
13:00:50.595,1.0,4.0496,HAZARD,50,57.0
13:00:50.821,1.0,2.8333,HAZARD,69,73.5
13:00:51.082,1.0,0.0,HAZARD,100,100.0
13:00:51.347,1.0,0.0,HAZARD,100,100.0
13:00:51.569,1.0,0.0,HAZARD,100,100.0
13:00:51.835,1.0,0.0,NORMAL,100,100.0
13:00:52.092,1.0,0.0,NORMAL,100,100.0
13:00:52.316,1.0,0.0,NORMAL,100,100.0
13:00:52.546,1.0,0.0,NORMAL,100,100.0
13:00:52.806,1.0,0.0,NORMAL,100,100.0
13:00:53.052,1.0,0.0,NORMAL,100,100.0
13:00:53.294,1.0,0.0,NORMAL,100,100.0
13:00:53.515,1.0,1.55,NORMAL,78,57.0
13:00:53.760,1.0,1.55,NORMAL,78,57.0
13:00:54.021,1.0,1.55,NORMAL,78,57.0
13:00:54.276,1.0,0.0,NORMAL,100,100.0
13:00:54.493,1.0,0.0,NORMAL,100,100.0
13:00:54.725,1.0,2.0,CAUTION,78,57.0
13:00:54.990,1.0,0.0,CAUTION,100,100.0
13:00:55.243,1.0,0.0,NORMAL,100,100.0
13:00:55.445,1.0,0.0,NORMAL,100,100.0
13:00:55.688,1.0,0.0,NORMAL,100,100.0
13:00:55.924,1.0,0.0,NORMAL,100,100.0
13:00:56.183,1.0,4.383,NORMAL,45,69.4
13:00:56.429,1.0,4.383,NORMAL,45,69.4
13:00:56.685,1.0,4.383,NORMAL,45,69.4
13:00:57.063,1.0,0.0,NORMAL,100,100.0
13:00:57.309,1.0,0.0,NORMAL,100,100.0
13:00:57.520,1.0,3.0,HAZARD,68,75.0
13:00:57.785,1.0,3.0,HAZARD,68,75.0
13:00:58.028,1.0,3.0,CAUTION,68,75.0
13:00:58.417,1.0,3.0,CAUTION,68,75.0
13:00:58.668,1.0,3.0,CAUTION,68,75.0
13:00:58.928,1.0,3.0,CAUTION,68,75.0
13:00:59.198,1.0,3.0,CAUTION,68,75.0
13:00:59.443,1.0,3.0,CAUTION,68,75.0
13:00:59.714,1.0,3.0,CAUTION,68,75.0
13:00:59.963,1.0,3.0,CAUTION,68,75.0
13:01:00.212,1.0,3.0,CAUTION,68,75.0
13:01:00.442,1.0,3.0,CAUTION,68,75.0
13:01:00.688,1.0,3.0,CAUTION,68,75.0
13:01:00.947,1.0,3.0,CAUTION,68,75.0
13:01:01.200,1.0,2.1667,CAUTION,76,57.0
13:01:01.463,1.0,2.1667,CAUTION,76,57.0
13:01:01.704,1.0,2.1667,CAUTION,76,57.0
13:01:01.932,1.0,2.1667,CAUTION,76,57.0
13:01:02.179,1.0,0.0,CAUTION,100,100.0
13:01:02.442,1.0,0.0,CAUTION,100,100.0
13:01:02.679,1.0,2.1667,CAUTION,76,57.0
13:01:02.944,1.0,2.1667,CAUTION,76,57.0
13:01:03.217,1.0,0.0,CAUTION,100,100.0
13:01:03.445,1.0,0.0,NORMAL,100,100.0
13:01:03.656,1.0,2.6667,NORMAL,71,72.0
13:01:03.923,1.0,2.6667,CAUTION,71,72.0
13:01:04.169,1.0,2.6667,CAUTION,71,72.0
13:01:04.398,1.0,0.0,CAUTION,100,100.0
13:01:04.612,1.0,0.0,NORMAL,100,100.0
13:01:04.888,1.0,2.6667,CAUTION,71,72.0
13:01:05.134,1.0,2.6667,CAUTION,71,72.0
13:01:05.393,1.0,2.6667,CAUTION,71,72.0
13:01:05.614,1.0,3.0,CAUTION,68,75.0
13:01:05.840,1.0,0.0,CAUTION,100,100.0
13:01:06.123,1.0,0.0,CAUTION,100,100.0
13:01:06.363,1.0,0.0,CAUTION,100,100.0
13:01:06.585,1.0,0.0,NORMAL,100,100.0
13:01:06.838,1.0,0.0,NORMAL,100,100.0
13:01:07.075,1.0,0.0,NORMAL,100,100.0
13:01:07.325,1.0,0.0,NORMAL,100,100.0
13:01:07.548,1.0,0.0,NORMAL,100,100.0
13:01:07.791,1.0,0.0,NORMAL,100,100.0
13:01:08.082,1.0,0.0,NORMAL,100,100.0
13:01:08.366,1.0,0.0,NORMAL,100,100.0
13:01:08.662,1.0,0.0,NORMAL,100,100.0
13:01:08.946,1.0,1.85,NORMAL,74,69.6
13:01:09.361,1.0,1.85,NORMAL,74,69.6
13:01:09.630,1.0,1.85,NORMAL,74,69.6
13:01:09.913,1.0,0.0,NORMAL,100,100.0
13:01:10.219,1.0,0.0,NORMAL,100,100.0
13:01:10.495,1.0,0.0,NORMAL,100,100.0
13:01:10.786,1.0,0.0,NORMAL,100,100.0
13:01:11.062,1.0,0.0,NORMAL,100,100.0
13:01:11.342,1.0,0.0,NORMAL,100,100.0
13:01:11.604,1.0,0.0,NORMAL,100,100.0
13:01:11.892,1.0,0.0,NORMAL,100,100.0
13:01:12.137,1.0,0.0,NORMAL,100,100.0
13:01:12.394,1.0,0.0,NORMAL,100,100.0
13:01:12.625,1.0,1.4719,NORMAL,78,57.0
13:01:12.876,1.0,3.0,NORMAL,68,75.0
13:01:13.140,1.0,1.4719,NORMAL,78,57.0
13:01:13.401,1.0,1.4719,CAUTION,78,57.0
13:01:13.630,1.0,1.4719,CAUTION,78,57.0
13:01:13.918,1.0,3.0,CAUTION,68,75.0
13:01:14.185,1.0,1.4719,CAUTION,78,57.0
13:01:14.440,1.0,4.7911,CAUTION,40,73.1
13:01:14.678,1.0,2.1667,CAUTION,76,57.0
13:01:14.952,1.0,2.1667,CAUTION,76,57.0
13:01:15.205,1.0,0.0,CAUTION,100,100.0
13:01:15.451,1.0,0.0,CAUTION,100,100.0
13:01:15.743,1.0,0.0,CAUTION,100,100.0
13:01:16.006,1.0,0.0,NORMAL,100,100.0
13:01:16.251,1.0,0.0,NORMAL,100,100.0
13:01:16.473,1.0,1.8625,NORMAL,74,69.8
13:01:16.748,1.0,1.8625,NORMAL,74,69.8
13:01:16.980,1.0,1.8625,NORMAL,74,69.8
13:01:17.224,1.0,1.8625,CAUTION,74,69.8
13:01:17.488,1.0,1.8625,CAUTION,74,69.8
13:01:17.743,1.0,1.8625,CAUTION,74,69.8
13:01:17.990,1.0,4.3201,CAUTION,47,68.9
13:01:18.238,1.0,1.8625,CAUTION,74,69.8
13:01:18.464,1.0,4.3201,CAUTION,47,68.9
13:01:18.689,1.0,4.3201,CAUTION,47,68.9
13:01:18.979,1.0,3.0,CAUTION,68,75.0
13:01:19.268,1.0,3.0,CAUTION,68,75.0
13:01:19.491,1.0,4.3201,HAZARD,47,68.9
13:01:19.718,1.0,3.0,CAUTION,68,75.0
13:01:19.963,1.0,2.1667,CAUTION,76,57.0
13:01:20.171,1.0,2.1667,CAUTION,76,57.0
13:01:20.436,1.0,2.1667,CAUTION,76,57.0
13:01:20.704,1.0,0.0,CAUTION,100,100.0
13:01:20.943,1.0,0.0,CAUTION,100,100.0
13:01:21.179,1.0,2.6667,CAUTION,71,72.0
13:01:21.399,1.0,0.0,CAUTION,100,100.0
13:01:21.744,1.0,2.6667,CAUTION,71,72.0
13:01:21.993,1.0,2.3,CAUTION,68,75.0
13:01:22.269,1.0,0.0,NORMAL,100,100.0
13:01:22.514,1.0,2.6667,CAUTION,71,72.0
13:01:22.762,1.0,0.0,CAUTION,100,100.0
13:01:23.007,1.0,0.0,NORMAL,100,100.0
13:01:23.285,1.0,3.0,CAUTION,68,75.0
13:01:23.544,1.0,3.0,CAUTION,68,75.0
13:01:23.815,1.0,3.0,CAUTION,68,75.0
13:01:24.057,1.0,3.0,CAUTION,68,75.0
13:01:24.285,1.0,2.0,CAUTION,78,57.0
13:01:24.529,1.0,1.5014,CAUTION,78,57.0
13:01:24.776,1.0,1.5014,CAUTION,78,57.0
13:01:25.029,1.0,1.5014,CAUTION,78,57.0
13:01:25.274,1.0,1.5014,CAUTION,78,57.0
13:01:25.496,1.0,1.5014,CAUTION,78,57.0
13:01:25.759,1.0,1.5014,CAUTION,78,57.0
13:01:26.016,1.0,1.5014,CAUTION,78,57.0
13:01:26.292,1.0,1.5014,CAUTION,78,57.0
13:01:26.510,1.0,3.0,CAUTION,68,75.0
13:01:26.772,1.0,3.0,CAUTION,68,75.0
13:01:27.033,1.0,3.0,CAUTION,68,75.0
13:01:27.280,1.0,3.0,CAUTION,68,75.0
13:01:27.499,1.0,3.0,CAUTION,68,75.0
13:01:27.757,1.0,3.0,CAUTION,68,75.0
13:01:28.004,1.0,3.0,CAUTION,68,75.0
13:01:28.264,1.0,3.0,CAUTION,68,75.0
13:01:28.519,1.0,3.0,CAUTION,68,75.0
13:01:28.770,1.0,3.0,CAUTION,68,75.0
13:01:29.025,1.0,3.0,CAUTION,68,75.0
13:01:29.284,1.0,2.3,CAUTION,68,75.0
13:01:29.515,1.0,2.3,CAUTION,68,75.0
13:01:29.749,1.0,2.3,CAUTION,68,75.0
13:01:29.988,1.0,2.3,CAUTION,68,75.0
13:01:30.244,1.0,2.3,CAUTION,68,75.0
13:01:30.499,1.0,2.3,CAUTION,68,75.0
13:01:30.747,1.0,2.3,CAUTION,68,75.0
13:01:30.997,1.0,2.3,CAUTION,68,75.0
13:01:31.222,1.0,1.8208,CAUTION,74,69.2
13:01:31.474,1.0,1.8208,CAUTION,74,69.2
13:01:31.750,1.0,1.8208,CAUTION,74,69.2
13:01:32.008,1.0,1.8208,CAUTION,74,69.2
13:01:32.269,1.0,1.8208,CAUTION,74,69.2
13:01:32.504,1.0,1.8208,CAUTION,74,69.2
13:01:32.756,1.0,5.0,CAUTION,37,75.0
13:01:33.041,1.0,0.0,CAUTION,100,100.0
13:01:33.294,1.0,0.0,CAUTION,100,100.0
13:01:33.514,1.0,0.0,CAUTION,100,100.0
13:01:33.860,1.0,5.0,NORMAL,37,75.0
13:01:34.110,1.0,5.0,HAZARD,37,75.0
13:01:34.361,1.0,5.0,HAZARD,37,75.0
13:01:34.634,1.0,5.0,HAZARD,37,75.0
13:01:34.883,1.0,5.0,HAZARD,37,75.0
13:01:35.103,1.0,5.0,HAZARD,37,75.0
13:01:35.361,1.0,5.0,HAZARD,37,75.0
13:01:35.593,1.0,5.0,HAZARD,37,75.0
13:01:35.847,1.0,5.0,HAZARD,37,75.0
13:01:36.113,1.0,2.0,HAZARD,78,57.0
13:01:36.355,1.0,2.0,HAZARD,78,57.0
13:01:36.594,1.0,0.0,HAZARD,100,100.0
13:01:36.873,1.0,0.0,HAZARD,100,100.0
13:01:37.110,1.0,0.0,NORMAL,100,100.0
13:01:37.331,1.0,0.0,NORMAL,100,100.0
13:01:37.573,1.0,0.0,NORMAL,100,100.0
13:01:37.826,1.0,0.0,NORMAL,100,100.0
13:01:38.086,1.0,0.0,NORMAL,100,100.0
13:01:38.329,1.0,0.0,NORMAL,100,100.0
13:01:38.587,1.0,0.0,NORMAL,100,100.0
13:01:38.845,1.0,0.0,NORMAL,100,100.0
13:01:39.111,1.0,0.0,NORMAL,100,100.0
13:01:39.345,1.0,0.0,NORMAL,100,100.0
13:01:39.574,1.0,0.0,NORMAL,100,100.0
13:01:39.843,1.0,0.0,NORMAL,100,100.0
13:01:40.093,1.0,1.975,NORMAL,72,71.1
13:01:40.326,1.0,1.975,NORMAL,72,71.1
13:01:40.576,1.0,1.975,NORMAL,72,71.1
13:01:40.822,1.0,1.975,CAUTION,72,71.1
13:01:41.061,1.0,1.975,CAUTION,72,71.1
13:01:41.338,1.0,0.0,CAUTION,100,100.0
13:01:41.563,1.0,4.7195,CAUTION,41,72.5
13:01:41.793,1.0,4.7195,CAUTION,41,72.5
13:01:42.071,1.0,4.7195,CAUTION,41,72.5
13:01:42.318,1.0,4.7195,HAZARD,41,72.5
13:01:42.543,1.0,4.7195,HAZARD,41,72.5
13:01:42.801,1.0,4.7195,HAZARD,41,72.5
13:01:43.073,1.0,4.7195,HAZARD,41,72.5
13:01:43.322,1.0,4.7195,HAZARD,41,72.5
13:01:43.539,1.0,2.0,HAZARD,78,57.0
13:01:43.807,1.0,2.5,HAZARD,72,70.5
13:01:44.076,1.0,2.5,HAZARD,72,70.5
13:01:44.315,1.0,0.0,CAUTION,100,100.0
13:01:44.575,1.0,0.0,CAUTION,100,100.0
13:01:44.851,1.0,2.5,CAUTION,72,70.5
13:01:45.074,1.0,2.5,CAUTION,72,70.5
13:01:45.346,1.0,0.0,CAUTION,100,100.0
13:01:45.594,1.0,0.0,NORMAL,100,100.0
13:01:45.897,1.0,0.0,NORMAL,100,100.0
13:01:46.165,1.0,0.0,NORMAL,100,100.0
13:01:46.393,1.0,0.0,NORMAL,100,100.0
13:01:46.655,1.0,0.0,NORMAL,100,100.0
13:01:46.915,1.0,3.0,NORMAL,68,75.0
13:01:47.171,1.0,3.0,NORMAL,68,75.0
13:01:47.418,1.0,3.0,NORMAL,68,75.0
13:01:47.657,1.0,0.0,NORMAL,100,100.0
13:01:47.907,1.0,0.0,NORMAL,100,100.0
13:01:48.141,1.0,3.0,CAUTION,68,75.0
13:01:48.406,1.0,3.0,CAUTION,68,75.0
13:01:48.674,1.0,3.0,CAUTION,68,75.0
13:01:48.911,1.0,1.7464,CAUTION,75,68.4
13:01:49.174,1.0,1.7464,CAUTION,75,68.4
13:01:49.400,1.0,0.0,CAUTION,100,100.0
13:01:49.636,1.0,0.0,CAUTION,100,100.0
13:01:49.892,1.0,0.0,CAUTION,100,100.0
13:01:50.211,1.0,0.0,NORMAL,100,100.0
13:01:50.473,1.0,1.7464,NORMAL,75,68.4
13:01:50.706,1.0,4.0389,NORMAL,50,57.0
13:01:50.989,1.0,4.0389,NORMAL,50,57.0
13:01:51.273,1.0,3.0,NORMAL,68,75.0
13:01:51.489,1.0,3.0,CAUTION,68,75.0
13:01:51.782,1.0,3.0,CAUTION,68,75.0
13:01:52.061,1.0,3.0,CAUTION,68,75.0
13:01:52.319,1.0,3.0,CAUTION,68,75.0
13:01:52.566,1.0,3.0,CAUTION,68,75.0
13:01:52.812,1.0,3.0,CAUTION,68,75.0
13:01:53.048,1.0,3.0,CAUTION,68,75.0
13:01:53.326,1.0,0.0,CAUTION,100,100.0
13:01:53.559,1.0,0.0,CAUTION,100,100.0
13:01:53.820,1.0,0.0,CAUTION,100,100.0
13:01:54.139,1.0,0.0,NORMAL,100,100.0
13:01:54.416,1.0,0.0,NORMAL,100,100.0
13:01:54.680,1.0,0.0,NORMAL,100,100.0
13:01:54.935,1.0,1.4071,NORMAL,80,57.0
13:01:55.193,1.0,1.4071,NORMAL,80,57.0
13:01:55.445,1.0,1.4071,NORMAL,80,57.0
13:01:55.704,1.0,1.4071,CAUTION,80,57.0
13:01:55.939,1.0,1.4071,CAUTION,80,57.0
13:01:56.198,1.0,0.0,CAUTION,100,100.0
13:01:56.444,1.0,0.0,CAUTION,100,100.0
13:01:56.694,1.0,0.0,CAUTION,100,100.0
13:01:56.938,1.0,0.0,NORMAL,100,100.0
13:01:57.194,1.0,0.0,NORMAL,100,100.0
13:01:57.452,1.0,0.0,NORMAL,100,100.0
13:01:57.683,1.0,0.0,NORMAL,100,100.0
13:01:57.919,1.0,0.0,NORMAL,100,100.0
13:01:58.189,1.0,0.0,NORMAL,100,100.0
13:01:58.528,1.0,0.0,NORMAL,100,100.0
13:01:58.779,1.0,0.0,NORMAL,100,100.0
13:01:59.023,1.0,0.0,NORMAL,100,100.0
13:01:59.264,1.0,0.0,NORMAL,100,100.0
13:01:59.515,1.0,0.0,NORMAL,100,100.0
13:01:59.761,1.0,0.0,NORMAL,100,100.0
13:02:00.010,1.0,0.0,NORMAL,100,100.0
13:02:00.261,1.0,0.0,NORMAL,100,100.0
13:02:00.505,1.0,0.0,NORMAL,100,100.0
13:02:00.743,1.0,0.0,NORMAL,100,100.0
13:02:01.003,1.0,0.0,NORMAL,100,100.0
13:02:01.244,1.0,0.0,NORMAL,100,100.0
13:02:01.484,1.0,0.0,NORMAL,100,100.0
13:02:01.705,1.0,0.0,NORMAL,100,100.0
13:02:01.931,1.0,0.0,NORMAL,100,100.0
13:02:02.157,1.0,0.0,NORMAL,100,100.0
13:02:02.395,1.0,0.0,NORMAL,100,100.0
13:02:02.645,1.0,0.0,NORMAL,100,100.0
13:02:02.887,1.0,0.0,NORMAL,100,100.0
13:02:03.154,1.0,2.3,NORMAL,68,75.0
13:02:03.392,1.0,2.3,NORMAL,68,75.0
13:02:03.609,1.0,2.3,NORMAL,68,75.0
13:02:03.881,1.0,2.3,CAUTION,68,75.0
13:02:04.168,1.0,2.3,CAUTION,68,75.0
13:02:04.402,1.0,2.3,CAUTION,68,75.0
13:02:04.626,1.0,2.3,CAUTION,68,75.0
13:02:04.895,1.0,0.0,CAUTION,100,100.0
13:02:05.147,1.0,0.0,CAUTION,100,100.0
13:02:05.370,1.0,0.0,CAUTION,100,100.0
13:02:05.611,1.0,4.4006,CAUTION,45,69.6
13:02:05.872,1.0,4.4006,NORMAL,45,69.6
13:02:06.105,1.0,4.4006,HAZARD,45,69.6
13:02:06.362,1.0,4.4006,HAZARD,45,69.6
13:02:06.603,1.0,4.4006,HAZARD,45,69.6
13:02:06.843,1.0,0.0,HAZARD,100,100.0
13:02:07.092,1.0,1.5969,HAZARD,77,57.0
13:02:07.357,1.0,4.4006,HAZARD,45,69.6
13:02:07.615,1.0,3.0,HAZARD,68,75.0
13:02:07.853,1.0,3.0,CAUTION,68,75.0
13:02:08.083,1.0,3.0,CAUTION,68,75.0
13:02:08.354,1.0,3.0,CAUTION,68,75.0
13:02:08.596,1.0,0.0,CAUTION,100,100.0
13:02:08.863,1.0,0.0,CAUTION,100,100.0
13:02:09.097,1.0,3.0,CAUTION,68,75.0
13:02:09.329,1.0,3.0,CAUTION,68,75.0
13:02:09.577,1.0,3.0,CAUTION,68,75.0
13:02:09.847,1.0,3.0,CAUTION,68,75.0
13:02:10.073,1.0,3.0,CAUTION,68,75.0
13:02:10.328,1.0,3.0,CAUTION,68,75.0
13:02:10.584,1.0,3.0,CAUTION,68,75.0
13:02:10.814,1.0,3.0,CAUTION,68,75.0
13:02:11.062,1.0,0.0,CAUTION,100,100.0
13:02:11.391,1.0,0.0,CAUTION,100,100.0
13:02:11.652,1.0,2.3,CAUTION,68,75.0
13:02:11.935,1.0,2.3,CAUTION,68,75.0
13:02:12.186,1.0,2.3,CAUTION,68,75.0
13:02:12.424,1.0,2.3,CAUTION,68,75.0
13:02:12.655,1.0,2.3,CAUTION,68,75.0
13:02:12.901,1.0,2.3,CAUTION,68,75.0
13:02:13.140,1.0,3.0,CAUTION,68,75.0
13:02:13.385,1.0,3.0,CAUTION,68,75.0
13:02:13.659,1.0,3.0,CAUTION,68,75.0
13:02:13.904,1.0,3.0,CAUTION,68,75.0
13:02:14.141,1.0,3.0,CAUTION,68,75.0
13:02:14.380,1.0,3.0,CAUTION,68,75.0
13:02:14.643,1.0,3.0,CAUTION,68,75.0
13:02:14.920,1.0,3.0,CAUTION,68,75.0
13:02:15.183,1.0,0.0,CAUTION,100,100.0
13:02:15.408,1.0,0.0,CAUTION,100,100.0
13:02:15.623,1.0,4.4671,CAUTION,45,70.2
13:02:15.874,1.0,4.4671,CAUTION,45,70.2
13:02:16.143,1.0,4.4671,HAZARD,45,70.2
13:02:16.380,1.0,4.4671,HAZARD,45,70.2
13:02:16.593,1.0,4.4671,HAZARD,45,70.2
13:02:16.864,1.0,4.4671,HAZARD,45,70.2
13:02:17.132,1.0,4.4671,HAZARD,45,70.2
13:02:17.366,1.0,4.4671,HAZARD,45,70.2
13:02:17.625,1.0,4.6186,HAZARD,43,71.6
13:02:17.898,1.0,4.6186,HAZARD,43,71.6
13:02:18.137,1.0,4.6186,HAZARD,43,71.6
13:02:18.368,1.0,4.6186,HAZARD,43,71.6
13:02:18.592,1.0,4.6186,HAZARD,43,71.6
13:02:18.858,1.0,4.6186,HAZARD,43,71.6
13:02:19.139,1.0,4.6186,HAZARD,43,71.6
13:02:19.387,1.0,4.6186,HAZARD,43,71.6
13:02:19.609,1.0,0.0,HAZARD,100,100.0
13:02:19.867,1.0,0.0,HAZARD,100,100.0
13:02:20.109,1.0,0.0,HAZARD,100,100.0
13:02:20.315,1.0,0.0,NORMAL,100,100.0
13:02:20.539,1.0,0.0,NORMAL,100,100.0
13:02:20.767,1.0,4.4846,NORMAL,44,70.4
13:02:20.999,1.0,1.3729,NORMAL,80,57.0
13:02:21.223,1.0,1.3729,NORMAL,80,57.0
13:02:21.442,1.0,2.1667,CAUTION,76,57.0
13:02:21.689,1.0,4.4846,CAUTION,44,70.4
13:02:21.944,1.0,4.4846,CAUTION,44,70.4
13:02:22.215,1.0,2.1667,CAUTION,76,57.0
13:02:22.489,1.0,2.1667,CAUTION,76,57.0
13:02:22.770,1.0,3.0,CAUTION,68,75.0
13:02:23.155,1.0,2.3,CAUTION,68,75.0
13:02:23.420,1.0,2.8333,CAUTION,69,73.5
13:02:23.708,1.0,2.8333,CAUTION,69,73.5
13:02:23.987,1.0,2.8333,CAUTION,69,73.5
13:02:24.283,1.0,2.8333,CAUTION,69,73.5
13:02:24.564,1.0,3.0,CAUTION,68,75.0
13:02:24.842,1.0,0.0,CAUTION,100,100.0
13:02:25.104,1.0,0.0,CAUTION,100,100.0
13:02:25.365,1.0,0.0,CAUTION,100,100.0
13:02:25.594,1.0,2.3,CAUTION,68,75.0
13:02:25.892,1.0,2.3,CAUTION,68,75.0
13:02:26.167,1.0,0.0,NORMAL,100,100.0
13:02:26.462,1.0,0.0,NORMAL,100,100.0
13:02:26.733,1.0,0.0,NORMAL,100,100.0
13:02:27.004,1.0,0.0,NORMAL,100,100.0
13:02:27.282,1.0,0.0,NORMAL,100,100.0
13:02:27.542,1.0,0.0,NORMAL,100,100.0
13:02:27.819,1.0,0.0,NORMAL,100,100.0
13:02:28.073,1.0,0.0,NORMAL,100,100.0
13:02:28.361,1.0,0.0,NORMAL,100,100.0
13:02:28.607,1.0,0.0,NORMAL,100,100.0
13:02:28.867,1.0,0.0,NORMAL,100,100.0
13:02:29.110,1.0,0.0,NORMAL,100,100.0
13:02:29.397,1.0,0.0,NORMAL,100,100.0
13:02:29.630,1.0,0.0,NORMAL,100,100.0
13:02:29.876,1.0,0.0,NORMAL,100,100.0
13:02:30.148,1.0,0.0,NORMAL,100,100.0
13:02:30.435,1.0,0.0,NORMAL,100,100.0
13:02:30.822,1.0,0.0,NORMAL,100,100.0
13:02:31.105,1.0,0.0,NORMAL,100,100.0
13:02:31.372,1.0,0.0,NORMAL,100,100.0
13:02:31.627,1.0,0.0,NORMAL,100,100.0
13:02:31.882,1.0,0.0,NORMAL,100,100.0
13:02:32.164,1.0,0.0,NORMAL,100,100.0
13:02:32.432,1.0,0.0,NORMAL,100,100.0
13:02:32.710,1.0,0.0,NORMAL,100,100.0
13:02:32.999,1.0,0.0,NORMAL,100,100.0
13:02:33.288,1.0,0.0,NORMAL,100,100.0
13:02:33.540,1.0,0.0,NORMAL,100,100.0
13:02:33.785,1.0,0.0,NORMAL,100,100.0
13:02:34.048,1.0,0.0,NORMAL,100,100.0
13:02:34.341,1.0,0.0,NORMAL,100,100.0
13:02:34.605,1.0,0.0,NORMAL,100,100.0
13:02:34.896,1.0,0.0,NORMAL,100,100.0
13:02:35.162,1.0,0.0,NORMAL,100,100.0
13:02:35.421,1.0,0.0,NORMAL,100,100.0
13:02:35.653,1.0,0.0,NORMAL,100,100.0
13:02:35.910,1.0,0.0,NORMAL,100,100.0
13:02:36.185,1.0,0.0,NORMAL,100,100.0
13:02:36.437,1.0,0.0,NORMAL,100,100.0
13:02:36.687,1.0,0.0,NORMAL,100,100.0
13:02:36.947,1.0,0.0,NORMAL,100,100.0
13:02:37.227,1.0,0.0,NORMAL,100,100.0
13:02:37.461,1.0,0.0,NORMAL,100,100.0
13:02:37.702,1.0,0.0,NORMAL,100,100.0
13:02:37.998,1.0,0.0,NORMAL,100,100.0
13:02:38.264,1.0,0.0,NORMAL,100,100.0
13:02:38.508,1.0,0.0,NORMAL,100,100.0
13:02:38.783,1.0,0.0,NORMAL,100,100.0
13:02:39.032,1.0,0.0,NORMAL,100,100.0
13:02:39.298,1.0,0.0,NORMAL,100,100.0
13:02:39.549,1.0,0.0,NORMAL,100,100.0
13:02:39.860,1.0,0.0,NORMAL,100,100.0
13:02:40.192,1.0,0.0,NORMAL,100,100.0
13:02:40.469,1.0,2.1667,NORMAL,76,57.0
13:02:40.742,1.0,2.1667,NORMAL,76,57.0
13:02:41.019,1.0,2.1667,NORMAL,76,57.0
13:02:41.305,1.0,2.1667,CAUTION,76,57.0
13:02:41.550,1.0,0.0,CAUTION,100,100.0
13:02:41.828,1.0,0.0,CAUTION,100,100.0
13:02:42.105,1.0,2.1667,CAUTION,76,57.0
13:02:42.381,1.0,0.0,CAUTION,100,100.0
13:02:42.647,1.0,0.0,NORMAL,100,100.0
13:02:42.922,1.0,0.0,NORMAL,100,100.0
13:02:43.220,1.0,0.0,NORMAL,100,100.0
13:02:43.481,1.0,0.0,NORMAL,100,100.0
13:02:43.712,1.0,0.0,NORMAL,100,100.0
13:02:43.954,1.0,0.0,NORMAL,100,100.0
13:02:44.232,1.0,0.0,NORMAL,100,100.0
13:02:44.503,1.0,0.0,NORMAL,100,100.0
13:02:44.754,1.0,0.0,NORMAL,100,100.0
13:02:45.031,1.0,0.0,NORMAL,100,100.0
13:02:45.305,1.0,0.0,NORMAL,100,100.0
13:02:45.536,1.0,0.0,NORMAL,100,100.0
13:02:45.780,1.0,0.0,NORMAL,100,100.0
13:02:46.063,1.0,0.0,NORMAL,100,100.0
13:02:46.322,1.0,0.0,NORMAL,100,100.0
13:02:46.556,1.0,0.0,NORMAL,100,100.0
13:02:46.822,1.0,0.0,NORMAL,100,100.0
13:02:47.099,1.0,0.0,NORMAL,100,100.0
13:02:47.357,1.0,0.0,NORMAL,100,100.0
13:02:47.609,1.0,0.0,NORMAL,100,100.0
13:02:47.895,1.0,0.0,NORMAL,100,100.0
13:02:48.168,1.0,0.0,NORMAL,100,100.0
13:02:48.417,1.0,0.0,NORMAL,100,100.0
13:02:48.669,1.0,0.0,NORMAL,100,100.0
13:02:48.989,1.0,0.0,NORMAL,100,100.0
13:02:49.275,1.0,0.0,NORMAL,100,100.0
13:02:49.553,1.0,0.0,NORMAL,100,100.0
13:02:49.830,1.0,0.0,NORMAL,100,100.0
13:02:50.116,1.0,2.0,NORMAL,78,57.0
13:02:50.386,1.0,2.0,NORMAL,78,57.0
13:02:50.657,1.0,0.0,NORMAL,100,100.0
13:02:50.921,1.0,0.0,NORMAL,100,100.0
13:02:51.193,1.0,2.0,NORMAL,78,57.0
13:02:51.447,1.0,0.0,NORMAL,100,100.0
13:02:51.702,1.0,0.0,NORMAL,100,100.0
13:02:51.958,1.0,0.0,NORMAL,100,100.0
13:02:52.231,1.0,4.2694,NORMAL,48,68.4
13:02:52.502,1.0,0.0,NORMAL,100,100.0
13:02:52.771,1.0,4.2694,NORMAL,48,68.4
13:02:53.036,1.0,4.2694,NORMAL,48,68.4
13:02:53.317,1.0,4.2694,HAZARD,48,68.4
13:02:53.583,1.0,4.2694,HAZARD,48,68.4
13:02:53.857,1.0,4.2694,HAZARD,48,68.4
13:02:54.106,1.0,0.0,HAZARD,100,100.0
13:02:54.395,1.0,0.0,HAZARD,100,100.0
13:02:54.652,1.0,0.0,HAZARD,100,100.0
13:02:54.915,1.0,0.0,NORMAL,100,100.0
13:02:55.192,1.0,0.0,NORMAL,100,100.0
13:02:55.523,1.0,0.0,NORMAL,100,100.0
13:02:55.803,1.0,0.0,NORMAL,100,100.0
13:02:56.065,1.0,0.0,NORMAL,100,100.0
13:02:56.339,1.0,4.2518,NORMAL,48,68.3
13:02:56.594,1.0,4.2518,NORMAL,48,68.3
13:02:56.865,1.0,4.2518,NORMAL,48,68.3
13:02:57.151,1.0,4.2518,HAZARD,48,68.3
13:02:57.422,1.0,0.0,HAZARD,100,100.0
13:02:57.676,1.0,0.0,HAZARD,100,100.0
13:02:57.935,1.0,0.0,HAZARD,100,100.0
13:02:58.188,1.0,0.0,NORMAL,100,100.0
13:02:58.407,1.0,2.3,NORMAL,68,75.0
13:02:58.635,1.0,2.3,NORMAL,68,75.0
13:02:58.866,1.0,2.3,NORMAL,68,75.0
13:02:59.092,1.0,2.3,CAUTION,68,75.0
13:02:59.357,1.0,2.3,CAUTION,68,75.0
13:02:59.579,1.0,2.3,CAUTION,68,75.0
13:02:59.813,1.0,2.3,CAUTION,68,75.0
13:03:00.082,1.0,0.0,CAUTION,100,100.0
13:03:00.378,1.0,0.0,CAUTION,100,100.0
13:03:00.645,1.0,0.0,CAUTION,100,100.0
13:03:00.875,1.0,0.0,NORMAL,100,100.0
13:03:02.115,1.0,0.0,NORMAL,100,100.0
13:03:02.368,1.0,0.0,NORMAL,100,100.0
13:03:02.676,1.0,0.0,NORMAL,100,100.0
13:03:03.085,1.0,0.0,NORMAL,100,100.0
13:03:03.450,1.0,0.0,NORMAL,100,100.0
13:03:03.796,1.0,0.0,NORMAL,100,100.0
13:03:04.160,1.0,0.0,NORMAL,100,100.0
13:03:04.516,1.0,0.0,NORMAL,100,100.0
13:03:04.910,1.0,0.0,NORMAL,100,100.0
13:03:05.252,1.0,0.0,NORMAL,100,100.0
13:03:05.549,1.0,0.0,NORMAL,100,100.0
13:03:05.925,1.0,0.0,NORMAL,100,100.0
13:03:06.234,1.0,0.0,NORMAL,100,100.0
13:03:06.514,1.0,0.0,NORMAL,100,100.0
13:03:06.837,1.0,0.0,NORMAL,100,100.0
13:03:07.165,1.0,0.0,NORMAL,100,100.0
13:03:07.460,1.0,0.0,NORMAL,100,100.0
13:03:07.750,1.0,0.0,NORMAL,100,100.0
13:03:08.043,1.0,0.0,NORMAL,100,100.0
13:03:08.342,1.0,0.0,NORMAL,100,100.0
13:03:08.601,1.0,0.0,NORMAL,100,100.0
13:03:08.907,1.0,0.0,NORMAL,100,100.0
13:03:09.198,1.0,0.0,NORMAL,100,100.0
13:03:09.449,1.0,0.0,NORMAL,100,100.0
13:03:09.724,1.0,1.5333,NORMAL,78,57.0
13:03:09.979,1.0,1.5333,NORMAL,78,57.0
13:03:10.254,1.0,1.5333,NORMAL,78,57.0
13:03:10.523,1.0,0.0,NORMAL,100,100.0
13:03:10.807,1.0,0.0,NORMAL,100,100.0
13:03:11.068,1.0,1.4908,CAUTION,78,57.0
13:03:11.450,1.0,1.4908,CAUTION,78,57.0
13:03:11.727,1.0,1.4908,CAUTION,78,57.0
13:03:12.008,1.0,1.4908,CAUTION,78,57.0
13:03:12.270,1.0,1.4908,CAUTION,78,57.0
13:03:12.509,1.0,1.4908,CAUTION,78,57.0
13:03:12.793,1.0,1.4908,CAUTION,78,57.0
13:03:13.061,1.0,1.4513,CAUTION,79,57.0
13:03:13.324,1.0,1.4513,CAUTION,79,57.0
13:03:13.557,1.0,1.4513,CAUTION,79,57.0
13:03:13.815,1.0,1.4513,CAUTION,79,57.0
13:03:14.086,1.0,1.4513,CAUTION,79,57.0
13:03:14.359,1.0,1.4513,CAUTION,79,57.0
13:03:14.601,1.0,1.4513,CAUTION,79,57.0
13:03:14.894,1.0,1.3066,CAUTION,80,57.0
13:03:15.159,1.0,1.3066,CAUTION,80,57.0
13:03:15.408,1.0,1.3066,CAUTION,80,57.0
13:03:15.666,1.0,1.3066,CAUTION,80,57.0
13:03:15.934,1.0,1.3066,CAUTION,80,57.0
13:03:16.218,1.0,1.3066,CAUTION,80,57.0
13:03:16.460,1.0,1.3066,CAUTION,80,57.0
13:03:16.733,1.0,0.0,CAUTION,100,100.0
13:03:17.014,1.0,0.0,CAUTION,100,100.0
13:03:17.280,1.0,0.0,CAUTION,100,100.0
13:03:17.535,1.0,0.0,NORMAL,100,100.0
13:03:17.790,1.0,0.0,NORMAL,100,100.0
13:03:18.061,1.0,4.44,NORMAL,45,70.0
13:03:18.331,1.0,4.44,NORMAL,45,70.0
13:03:18.595,1.0,0.0,NORMAL,100,100.0
13:03:18.878,1.0,0.0,NORMAL,100,100.0
13:03:19.171,1.0,0.0,NORMAL,100,100.0
13:03:19.465,1.0,0.0,NORMAL,100,100.0
13:03:19.766,1.0,0.0,NORMAL,100,100.0
13:03:20.052,1.0,0.0,NORMAL,100,100.0
13:03:20.325,1.0,0.0,NORMAL,100,100.0
13:03:20.554,1.0,0.0,NORMAL,100,100.0
13:03:20.845,1.0,0.0,NORMAL,100,100.0
13:03:21.117,1.0,0.0,NORMAL,100,100.0
13:03:21.381,1.0,0.0,NORMAL,100,100.0
13:03:21.643,1.0,0.0,NORMAL,100,100.0
13:03:21.914,1.0,0.0,NORMAL,100,100.0
13:03:22.184,1.0,0.0,NORMAL,100,100.0
13:03:22.421,1.0,0.0,NORMAL,100,100.0
13:03:22.683,1.0,0.0,NORMAL,100,100.0
13:03:22.959,1.0,0.0,NORMAL,100,100.0
13:03:23.218,1.0,0.0,NORMAL,100,100.0
13:03:23.471,1.0,0.0,NORMAL,100,100.0
13:03:23.732,1.0,0.0,NORMAL,100,100.0
13:03:23.983,1.0,3.0,NORMAL,68,75.0
13:03:24.254,1.0,3.0,NORMAL,68,75.0
13:03:24.512,1.0,0.0,NORMAL,100,100.0
13:03:24.747,1.0,0.0,NORMAL,100,100.0
13:03:25.009,1.0,0.0,NORMAL,100,100.0
13:03:25.283,1.0,0.0,NORMAL,100,100.0
13:03:25.575,1.0,0.0,NORMAL,100,100.0
13:03:25.895,1.0,0.0,NORMAL,100,100.0
13:03:26.172,1.0,0.0,NORMAL,100,100.0
13:03:26.439,1.0,0.0,NORMAL,100,100.0
13:03:26.697,1.0,0.0,NORMAL,100,100.0
13:03:26.965,1.0,0.0,NORMAL,100,100.0
13:03:27.231,1.0,0.0,NORMAL,100,100.0
13:03:27.485,1.0,0.0,NORMAL,100,100.0
13:03:27.773,1.0,0.0,NORMAL,100,100.0
13:03:28.026,1.0,0.0,NORMAL,100,100.0
13:03:28.278,1.0,0.0,NORMAL,100,100.0
13:03:28.520,1.0,0.0,NORMAL,100,100.0
13:03:28.766,1.0,0.0,NORMAL,100,100.0
13:03:29.054,1.0,0.0,NORMAL,100,100.0
13:03:29.307,1.0,0.0,NORMAL,100,100.0
13:03:29.525,1.0,0.0,NORMAL,100,100.0
13:03:29.769,1.0,0.0,NORMAL,100,100.0
13:03:30.037,1.0,0.0,NORMAL,100,100.0
13:03:30.297,1.0,0.0,NORMAL,100,100.0
13:03:30.535,1.0,0.0,NORMAL,100,100.0
13:03:30.785,1.0,0.0,NORMAL,100,100.0
13:03:31.046,1.0,0.0,NORMAL,100,100.0
13:03:31.321,1.0,0.0,NORMAL,100,100.0
13:03:31.558,1.0,0.0,NORMAL,100,100.0
13:03:31.824,1.0,0.0,NORMAL,100,100.0
13:03:32.099,1.0,0.0,NORMAL,100,100.0
13:03:32.357,1.0,0.0,NORMAL,100,100.0
13:03:32.594,1.0,0.0,NORMAL,100,100.0
13:03:32.852,1.0,0.0,NORMAL,100,100.0
13:03:33.135,1.0,0.0,NORMAL,100,100.0
13:03:33.386,1.0,0.0,NORMAL,100,100.0
13:03:33.630,1.0,0.0,NORMAL,100,100.0
13:03:33.886,1.0,0.0,NORMAL,100,100.0
13:03:34.153,1.0,0.0,NORMAL,100,100.0
13:03:34.411,1.0,0.0,NORMAL,100,100.0
13:03:34.651,1.0,0.0,NORMAL,100,100.0
13:03:34.902,1.0,0.0,NORMAL,100,100.0
13:03:35.154,1.0,0.0,NORMAL,100,100.0
13:03:35.423,1.0,0.0,NORMAL,100,100.0
13:03:35.681,1.0,3.0,NORMAL,68,75.0
13:03:35.954,1.0,0.0,NORMAL,100,100.0
13:03:36.209,1.0,0.0,NORMAL,100,100.0
13:03:36.455,1.0,0.0,NORMAL,100,100.0
13:03:36.711,1.0,0.0,NORMAL,100,100.0
13:03:36.984,1.0,1.3972,NORMAL,80,57.0
13:03:37.260,1.0,1.3972,NORMAL,80,57.0
13:03:37.513,1.0,0.0,NORMAL,100,100.0
13:03:37.780,1.0,1.3972,NORMAL,80,57.0
13:03:38.043,1.0,1.3972,CAUTION,80,57.0
13:03:38.317,1.0,1.3972,CAUTION,80,57.0
13:03:38.579,1.0,1.3972,CAUTION,80,57.0
13:03:38.896,1.0,1.3066,CAUTION,80,57.0
13:03:39.153,1.0,1.3066,CAUTION,80,57.0
13:03:39.439,1.0,1.3066,CAUTION,80,57.0
13:03:39.698,1.0,1.3066,CAUTION,80,57.0
13:03:39.970,1.0,1.3066,CAUTION,80,57.0
13:03:40.339,1.0,1.3066,CAUTION,80,57.0
13:03:40.606,1.0,1.3066,CAUTION,80,57.0
13:03:40.868,1.0,0.0,CAUTION,100,100.0
13:03:41.156,1.0,0.0,CAUTION,100,100.0
13:03:41.439,1.0,0.0,CAUTION,100,100.0
13:03:41.699,1.0,0.0,NORMAL,100,100.0
13:03:41.953,1.0,0.0,NORMAL,100,100.0
13:03:42.222,1.0,0.0,NORMAL,100,100.0
13:03:42.472,1.0,0.0,NORMAL,100,100.0
13:03:42.710,1.0,0.0,NORMAL,100,100.0
13:03:42.979,1.0,1.3714,NORMAL,80,57.0
13:03:43.247,1.0,1.3714,NORMAL,80,57.0
13:03:43.490,1.0,0.0,NORMAL,100,100.0
13:03:43.727,1.0,0.0,NORMAL,100,100.0
13:03:43.996,1.0,0.0,NORMAL,100,100.0
13:03:44.279,1.0,0.0,NORMAL,100,100.0
13:03:44.511,1.0,0.0,NORMAL,100,100.0
13:03:44.776,1.0,0.0,NORMAL,100,100.0
13:03:45.024,1.0,0.0,NORMAL,100,100.0
13:03:45.291,1.0,0.0,NORMAL,100,100.0
13:03:45.536,1.0,0.0,NORMAL,100,100.0
13:03:45.803,1.0,1.425,NORMAL,79,57.0
13:03:46.052,1.0,1.425,NORMAL,79,57.0
13:03:46.319,1.0,1.425,NORMAL,79,57.0
13:03:46.564,1.0,1.425,CAUTION,79,57.0
13:03:46.814,1.0,1.425,CAUTION,79,57.0
13:03:47.083,1.0,1.425,CAUTION,79,57.0
13:03:47.367,1.0,1.425,CAUTION,79,57.0
13:03:47.617,1.0,0.0,CAUTION,100,100.0
13:03:47.934,1.0,0.0,CAUTION,100,100.0
13:03:48.236,1.0,0.0,CAUTION,100,100.0
13:03:48.531,1.0,1.6092,CAUTION,76,57.0
13:03:48.857,1.0,1.6092,CAUTION,76,57.0
13:03:49.103,1.0,1.6092,CAUTION,76,57.0
13:03:49.380,1.0,1.6092,CAUTION,76,57.0
13:03:49.643,1.0,1.6092,CAUTION,76,57.0
13:03:49.924,1.0,1.6092,CAUTION,76,57.0
13:03:50.199,1.0,1.6092,CAUTION,76,57.0
13:03:50.458,1.0,0.0,CAUTION,100,100.0
13:03:50.726,1.0,0.0,CAUTION,100,100.0
13:03:51.015,1.0,0.0,CAUTION,100,100.0
13:03:51.286,1.0,0.0,NORMAL,100,100.0
13:03:51.526,1.0,0.0,NORMAL,100,100.0
13:03:51.775,1.0,0.0,NORMAL,100,100.0
13:03:52.043,1.0,0.0,NORMAL,100,100.0
13:03:52.301,1.0,0.0,NORMAL,100,100.0
13:03:52.569,1.0,0.0,NORMAL,100,100.0
13:03:52.846,1.0,0.0,NORMAL,100,100.0
13:03:53.101,1.0,0.0,NORMAL,100,100.0
13:03:53.368,1.0,0.0,NORMAL,100,100.0
13:03:53.600,1.0,0.0,NORMAL,100,100.0
13:03:53.882,1.0,0.0,NORMAL,100,100.0
13:03:54.170,1.0,0.0,NORMAL,100,100.0
13:03:54.435,1.0,0.0,NORMAL,100,100.0
13:03:54.694,1.0,1.85,NORMAL,74,69.6
13:03:54.974,1.0,1.85,NORMAL,74,69.6
13:03:55.269,1.0,1.85,NORMAL,74,69.6
13:03:55.497,1.0,0.0,NORMAL,100,100.0
13:03:55.797,1.0,0.0,NORMAL,100,100.0
13:03:56.099,1.0,0.0,NORMAL,100,100.0
13:03:56.363,1.0,3.0,CAUTION,68,75.0
13:03:56.629,1.0,3.0,CAUTION,68,75.0
13:03:56.907,1.0,3.0,CAUTION,68,75.0
13:03:57.194,1.0,3.0,CAUTION,68,75.0
13:03:57.449,1.0,3.0,CAUTION,68,75.0
13:03:57.738,1.0,3.0,CAUTION,68,75.0
13:03:58.021,1.0,3.0,CAUTION,68,75.0
13:03:58.292,1.0,3.0,CAUTION,68,75.0
13:03:58.553,1.0,3.0,CAUTION,68,75.0
13:03:58.825,1.0,4.0557,CAUTION,50,57.0
13:03:59.105,1.0,4.0557,CAUTION,50,57.0
13:03:59.383,1.0,2.1667,CAUTION,76,57.0
13:03:59.662,1.0,2.1667,CAUTION,76,57.0
13:03:59.952,1.0,0.0,CAUTION,100,100.0
13:04:00.245,1.0,0.0,CAUTION,100,100.0
13:04:00.496,1.0,2.125,CAUTION,70,72.9
13:04:00.766,1.0,2.125,CAUTION,70,72.9
13:04:01.034,1.0,2.125,CAUTION,70,72.9
13:04:01.306,1.0,2.3333,CAUTION,74,69.0
13:04:01.553,1.0,2.3333,CAUTION,74,69.0
13:04:01.835,1.0,2.3333,CAUTION,74,69.0
13:04:02.116,1.0,2.3333,CAUTION,74,69.0
13:04:02.402,1.0,2.3333,CAUTION,74,69.0
13:04:02.668,1.0,0.0,CAUTION,100,100.0
13:04:02.950,1.0,0.0,CAUTION,100,100.0
13:04:03.233,1.0,0.0,CAUTION,100,100.0
13:04:03.580,1.0,0.0,NORMAL,100,100.0
13:04:03.864,1.0,0.0,NORMAL,100,100.0
13:04:04.124,1.0,0.0,NORMAL,100,100.0
13:04:04.413,1.0,0.0,NORMAL,100,100.0
13:04:04.691,1.0,0.0,NORMAL,100,100.0
13:04:04.963,1.0,0.0,NORMAL,100,100.0
13:04:05.229,1.0,0.0,NORMAL,100,100.0
13:04:05.489,1.0,0.0,NORMAL,100,100.0
13:04:05.753,1.0,0.0,NORMAL,100,100.0
13:04:06.006,1.0,0.0,NORMAL,100,100.0
13:04:06.245,1.0,4.2629,NORMAL,48,68.4
13:04:06.490,1.0,3.0,NORMAL,68,75.0
13:04:06.776,1.0,3.0,NORMAL,68,75.0
13:04:07.038,1.0,3.0,CAUTION,68,75.0
13:04:07.319,1.0,3.0,CAUTION,68,75.0
13:04:07.565,1.0,4.84,CAUTION,39,73.6
13:04:07.868,1.0,4.84,CAUTION,39,73.6
13:04:08.145,1.0,4.84,CAUTION,39,73.6
13:04:08.419,1.0,4.84,HAZARD,39,73.6
13:04:08.703,1.0,0.0,HAZARD,100,100.0
13:04:09.131,1.0,0.0,HAZARD,100,100.0
13:04:09.422,1.0,0.0,HAZARD,100,100.0
13:04:09.698,1.0,0.0,NORMAL,100,100.0
13:04:09.983,1.0,0.0,NORMAL,100,100.0
13:04:10.255,1.0,0.0,NORMAL,100,100.0
13:04:10.520,1.0,2.3,NORMAL,74,75.0
13:04:10.786,1.0,2.3,NORMAL,74,75.0
13:04:11.073,1.0,2.3,NORMAL,74,75.0
13:04:11.375,1.0,2.3,CAUTION,74,75.0
13:04:11.632,1.0,2.3,CAUTION,74,75.0
13:04:11.913,1.0,2.3,CAUTION,74,75.0
13:04:12.182,1.0,2.3,CAUTION,68,75.0
13:04:12.454,1.0,0.0,CAUTION,100,100.0
13:04:12.735,1.0,0.0,CAUTION,100,100.0
13:04:13.032,1.0,2.1571,CAUTION,70,73.3
13:04:13.322,1.0,2.1571,CAUTION,70,73.3
13:04:13.555,1.0,2.1571,CAUTION,70,73.3
13:04:13.848,1.0,2.1571,CAUTION,70,73.3
13:04:14.127,1.0,2.1571,CAUTION,70,73.3
13:04:14.411,1.0,1.8625,CAUTION,74,69.8
13:04:14.696,1.0,2.1571,CAUTION,70,73.3
13:04:14.972,1.0,2.3,CAUTION,68,75.0
13:04:15.252,1.0,2.3,CAUTION,68,75.0
13:04:15.500,1.0,1.8625,CAUTION,74,69.8
13:04:15.788,1.0,1.8625,CAUTION,74,69.8
13:04:16.044,1.0,1.8625,CAUTION,74,69.8
13:04:16.323,1.0,2.3,CAUTION,68,75.0
13:04:16.577,1.0,2.3,CAUTION,68,75.0
13:04:16.835,1.0,0.0,CAUTION,100,100.0
13:04:17.125,1.0,0.0,CAUTION,100,100.0
13:04:17.401,1.0,4.0118,CAUTION,51,57.0
13:04:17.679,1.0,3.0,CAUTION,68,75.0
13:04:17.963,1.0,3.0,CAUTION,68,75.0
13:04:18.235,1.0,4.0118,CAUTION,51,57.0
13:04:18.486,1.0,4.0118,HAZARD,51,57.0
13:04:18.776,1.0,3.0,CAUTION,68,75.0
13:04:19.050,1.0,4.0118,HAZARD,51,57.0
13:04:19.315,1.0,0.0,CAUTION,100,100.0
13:04:19.580,1.0,5.0,HAZARD,37,75.0
13:04:19.869,1.0,5.0,HAZARD,37,75.0
13:04:20.160,1.0,5.0,HAZARD,37,75.0
13:04:20.449,1.0,5.0,HAZARD,37,75.0
13:04:20.737,1.0,5.0,HAZARD,37,75.0
13:04:21.008,1.0,5.0,HAZARD,37,75.0
13:04:21.312,1.0,5.0,HAZARD,37,75.0
13:04:21.627,1.0,0.0,HAZARD,100,100.0
13:04:21.922,1.0,0.0,HAZARD,100,100.0
13:04:22.200,1.0,0.0,HAZARD,100,100.0
13:04:22.460,1.0,0.0,NORMAL,100,100.0
13:04:22.729,1.0,4.0667,NORMAL,50,57.0
13:04:23.027,1.0,4.0667,NORMAL,50,57.0
13:04:23.327,1.0,4.0667,NORMAL,50,57.0
13:04:23.565,1.0,0.0,NORMAL,100,100.0
13:04:23.836,1.0,1.8,HAZARD,74,69.0
13:04:24.115,1.0,1.8,HAZARD,74,69.0
13:04:24.406,1.0,1.8,CAUTION,74,69.0
13:04:24.681,1.0,1.8,CAUTION,74,69.0
13:04:24.967,1.0,1.8,CAUTION,74,69.0
13:04:25.265,1.0,1.8,CAUTION,74,69.0
13:04:25.537,1.0,1.8,CAUTION,74,69.0
13:04:25.827,1.0,0.0,CAUTION,100,100.0
13:04:26.104,1.0,2.175,CAUTION,69,73.5
13:04:26.395,1.0,1.8417,CAUTION,74,69.5
13:04:26.670,1.0,1.8417,CAUTION,74,69.5
13:04:26.970,1.0,1.8417,CAUTION,74,69.5
13:04:27.250,1.0,1.8417,CAUTION,74,69.5
13:04:27.520,1.0,1.8417,CAUTION,74,69.5
13:04:27.788,1.0,1.8417,CAUTION,74,69.5
13:04:28.061,1.0,0.0,CAUTION,100,100.0
13:04:28.338,1.0,0.0,CAUTION,100,100.0
13:04:28.596,1.0,0.0,CAUTION,100,100.0
13:04:28.876,1.0,0.0,NORMAL,100,100.0
13:04:29.159,1.0,0.0,NORMAL,100,100.0
13:04:29.422,1.0,0.0,NORMAL,100,100.0
13:04:29.690,1.0,0.0,NORMAL,100,100.0
13:04:29.964,1.0,0.0,NORMAL,100,100.0
13:04:30.233,1.0,0.0,NORMAL,100,100.0
13:04:30.500,1.0,0.0,NORMAL,100,100.0
13:04:30.758,1.0,0.0,NORMAL,100,100.0
13:04:31.047,1.0,0.0,NORMAL,100,100.0
13:04:31.318,1.0,0.0,NORMAL,100,100.0
13:04:31.566,1.0,0.0,NORMAL,100,100.0
13:04:31.826,1.0,0.0,NORMAL,100,100.0
13:04:32.074,1.0,0.0,NORMAL,100,100.0
13:04:32.329,1.0,0.0,NORMAL,100,100.0
13:04:32.558,1.0,0.0,NORMAL,100,100.0
13:04:32.839,1.0,0.0,NORMAL,100,100.0
13:04:33.155,1.0,0.0,NORMAL,100,100.0
13:04:33.435,1.0,0.0,NORMAL,100,100.0
13:04:33.716,1.0,0.0,NORMAL,100,100.0
13:04:33.983,1.0,0.0,NORMAL,100,100.0
13:04:34.262,1.0,1.3417,NORMAL,80,57.0
13:04:34.536,1.0,1.3417,NORMAL,80,57.0
13:04:34.822,1.0,1.3417,NORMAL,80,57.0
13:04:35.135,1.0,0.0,NORMAL,100,100.0
13:04:35.451,1.0,0.0,NORMAL,100,100.0
13:04:35.747,1.0,0.0,NORMAL,100,100.0
13:04:36.032,1.0,0.0,NORMAL,100,100.0
13:04:36.295,1.0,0.0,NORMAL,100,100.0
13:04:36.548,1.0,0.0,NORMAL,100,100.0
13:04:36.800,1.0,0.0,NORMAL,100,100.0
13:04:37.081,1.0,2.1667,NORMAL,76,57.0
13:04:37.376,1.0,2.1667,NORMAL,76,57.0
13:04:37.643,1.0,0.0,NORMAL,100,100.0
13:04:37.915,1.0,0.0,NORMAL,100,100.0
13:04:38.189,1.0,4.3219,NORMAL,47,68.9
13:04:38.475,1.0,2.1667,CAUTION,76,57.0
13:04:38.748,1.0,4.3219,CAUTION,47,68.9
13:04:39.039,1.0,4.3219,HAZARD,47,68.9
13:04:39.323,1.0,4.3219,HAZARD,47,68.9
13:04:39.596,1.0,4.3219,HAZARD,47,68.9
13:04:39.878,1.0,4.3219,HAZARD,47,68.9
13:04:40.171,1.0,4.6919,HAZARD,41,72.2
13:04:40.444,1.0,4.6919,HAZARD,41,72.2
13:04:40.726,1.0,4.6919,HAZARD,41,72.2
13:04:40.994,1.0,0.0,HAZARD,100,100.0
13:04:41.253,1.0,4.7023,HAZARD,41,72.3
13:04:41.497,1.0,0.0,HAZARD,100,100.0
13:04:41.767,1.0,4.7023,HAZARD,41,72.3
13:04:42.064,1.0,0.0,HAZARD,100,100.0
13:04:42.367,1.0,4.6533,HAZARD,42,71.9
13:04:42.647,1.0,4.6533,HAZARD,42,71.9
13:04:42.924,1.0,4.6533,HAZARD,42,71.9
13:04:43.213,1.0,4.6533,HAZARD,42,71.9
13:04:43.488,1.0,4.6533,HAZARD,42,71.9
13:04:43.773,1.0,4.6533,HAZARD,42,71.9
13:04:44.063,1.0,0.0,HAZARD,100,100.0
13:04:44.355,1.0,2.0,HAZARD,78,57.0
13:04:44.606,1.0,4.6533,HAZARD,42,71.9
13:04:44.892,1.0,4.6533,HAZARD,42,71.9
13:04:45.167,1.0,4.6533,HAZARD,42,71.9
13:04:45.439,1.0,4.6533,HAZARD,42,71.9
13:04:45.725,1.0,0.0,HAZARD,100,100.0
13:04:45.993,1.0,4.6533,HAZARD,42,71.9
13:04:46.260,1.0,4.0381,HAZARD,50,57.0
13:04:46.529,1.0,0.0,HAZARD,100,100.0
13:04:46.886,1.0,0.0,HAZARD,100,100.0
13:04:47.162,1.0,0.0,NORMAL,100,100.0
13:04:47.423,1.0,4.0381,NORMAL,50,57.0
13:04:47.712,1.0,4.0381,HAZARD,50,57.0
13:04:48.024,1.0,0.0,NORMAL,100,100.0
13:04:48.302,1.0,0.0,NORMAL,100,100.0
13:04:48.584,1.0,0.0,NORMAL,100,100.0
13:04:48.859,1.0,0.0,NORMAL,100,100.0
13:04:49.126,1.0,0.0,NORMAL,100,100.0
13:04:49.382,1.0,0.0,NORMAL,100,100.0
13:04:49.636,1.0,4.4072,NORMAL,45,69.7
13:04:49.931,1.0,4.4072,NORMAL,45,69.7
13:04:50.198,1.0,1.6929,NORMAL,76,57.0
13:04:50.461,1.0,1.6929,NORMAL,76,57.0
13:04:50.741,1.0,1.6929,CAUTION,76,57.0
13:04:51.014,1.0,1.6929,CAUTION,76,57.0
13:04:51.282,1.0,2.5,CAUTION,72,70.5
13:04:51.540,1.0,2.5,CAUTION,72,70.5
13:04:51.845,1.0,2.5,CAUTION,72,70.5
13:04:52.132,1.0,2.3333,CAUTION,74,69.0
13:04:52.385,1.0,2.3333,CAUTION,74,69.0
13:04:52.664,1.0,2.3333,CAUTION,74,69.0
13:04:52.960,1.0,2.3333,CAUTION,74,69.0
13:04:53.252,1.0,2.3333,CAUTION,74,69.0
13:04:53.529,1.0,2.8333,CAUTION,69,73.5
13:04:53.808,1.0,2.8333,CAUTION,69,73.5
13:04:54.095,1.0,0.0,CAUTION,100,100.0
13:04:54.371,1.0,1.4,CAUTION,80,57.0
13:04:54.641,1.0,1.4,CAUTION,80,57.0
13:04:54.904,1.0,0.0,CAUTION,100,100.0
13:04:55.169,1.0,2.3,CAUTION,68,75.0
13:04:55.437,1.0,1.4,CAUTION,80,57.0
13:04:55.720,1.0,1.4,CAUTION,74,57.0
13:04:55.980,1.0,1.4,CAUTION,74,57.0
13:04:56.279,1.0,2.3,CAUTION,74,75.0
13:04:56.539,1.0,2.3,CAUTION,74,75.0
13:04:56.804,1.0,2.3,CAUTION,74,75.0
13:04:57.084,1.0,2.3,CAUTION,74,75.0
13:04:57.374,1.0,2.3,CAUTION,68,75.0
13:04:57.626,1.0,2.3,CAUTION,68,75.0
13:04:57.910,1.0,2.3,CAUTION,68,75.0
13:04:58.194,1.0,1.5426,CAUTION,78,57.0
13:04:58.480,1.0,1.5426,CAUTION,78,57.0
13:04:58.754,1.0,1.5426,CAUTION,78,57.0
13:04:59.063,1.0,0.0,CAUTION,100,100.0
13:04:59.356,1.0,0.0,CAUTION,100,100.0
13:04:59.644,1.0,0.0,CAUTION,100,100.0
13:04:59.967,1.0,0.0,NORMAL,100,100.0
13:05:00.247,1.0,0.0,NORMAL,100,100.0
13:05:00.496,1.0,0.0,NORMAL,100,100.0
13:05:00.756,1.0,0.0,NORMAL,100,100.0
13:05:01.036,1.0,0.0,NORMAL,100,100.0
13:05:01.315,1.0,0.0,NORMAL,100,100.0
13:05:01.575,1.0,0.0,NORMAL,100,100.0
13:05:01.844,1.0,0.0,NORMAL,100,100.0
13:05:02.125,1.0,0.0,NORMAL,100,100.0
13:05:02.390,1.0,0.0,NORMAL,100,100.0
13:05:02.631,1.0,0.0,NORMAL,100,100.0
13:05:02.904,1.0,0.0,NORMAL,100,100.0
13:05:03.209,1.0,0.0,NORMAL,100,100.0
13:05:03.468,1.0,0.0,NORMAL,100,100.0
13:05:03.726,1.0,0.0,NORMAL,100,100.0
13:05:03.993,1.0,0.0,NORMAL,100,100.0
13:05:04.274,1.0,0.0,NORMAL,100,100.0
13:05:04.544,1.0,0.0,NORMAL,100,100.0
13:05:04.812,1.0,0.0,NORMAL,100,100.0
13:05:05.082,1.0,0.0,NORMAL,100,100.0
13:05:05.372,1.0,0.0,NORMAL,100,100.0
13:05:05.604,1.0,0.0,NORMAL,100,100.0
13:05:05.866,1.0,0.0,NORMAL,100,100.0
13:05:06.136,1.0,0.0,NORMAL,100,100.0
13:05:06.398,1.0,0.0,NORMAL,100,100.0
13:05:06.665,1.0,0.0,NORMAL,100,100.0
13:05:06.942,1.0,0.0,NORMAL,100,100.0
13:05:07.203,1.0,4.0571,NORMAL,50,57.0
13:05:07.467,1.0,4.0571,NORMAL,50,57.0
13:05:07.751,1.0,4.0571,NORMAL,50,57.0
13:05:08.039,1.0,4.0571,HAZARD,50,57.0
13:05:08.344,1.0,4.0571,HAZARD,50,57.0
13:05:08.615,1.0,4.0571,HAZARD,50,57.0
13:05:08.896,1.0,4.0571,HAZARD,50,57.0
13:05:09.194,1.0,0.0,HAZARD,100,100.0
13:05:09.476,1.0,0.0,HAZARD,100,100.0
13:05:09.775,1.0,0.0,HAZARD,100,100.0
13:05:10.064,1.0,2.8333,HAZARD,69,73.5
13:05:10.336,1.0,0.0,NORMAL,100,100.0
13:05:10.622,1.0,0.0,NORMAL,100,100.0
13:05:10.903,1.0,0.0,NORMAL,100,100.0
13:05:11.160,1.0,0.0,NORMAL,100,100.0
13:05:11.430,1.0,2.8333,NORMAL,69,73.5
13:05:11.720,1.0,2.8333,NORMAL,69,73.5
13:05:12.002,1.0,0.0,NORMAL,100,100.0
13:05:12.270,1.0,0.0,NORMAL,100,100.0
13:05:12.533,1.0,0.0,NORMAL,100,100.0
13:05:12.797,1.0,0.0,NORMAL,100,100.0
13:05:13.115,1.0,0.0,NORMAL,100,100.0
13:05:13.394,1.0,0.0,NORMAL,100,100.0
13:05:13.647,1.0,0.0,NORMAL,100,100.0
13:05:13.908,1.0,0.0,NORMAL,100,100.0
13:05:14.185,1.0,0.0,NORMAL,100,100.0
13:05:14.433,1.0,0.0,NORMAL,100,100.0
13:05:14.681,1.0,0.0,NORMAL,100,100.0
13:05:14.970,1.0,0.0,NORMAL,100,100.0
13:05:15.245,1.0,0.0,NORMAL,100,100.0
13:05:15.514,1.0,0.0,NORMAL,100,100.0
13:05:15.777,1.0,0.0,NORMAL,100,100.0
13:05:16.044,1.0,0.0,NORMAL,100,100.0
13:05:16.317,1.0,0.0,NORMAL,100,100.0
13:05:16.568,1.0,0.0,NORMAL,100,100.0
13:05:16.846,1.0,0.0,NORMAL,100,100.0
13:05:17.123,1.0,0.0,NORMAL,100,100.0
13:05:17.410,1.0,0.0,NORMAL,100,100.0
13:05:17.682,1.0,0.0,NORMAL,100,100.0
13:05:17.992,1.0,3.0,NORMAL,68,75.0
13:05:18.277,1.0,3.0,NORMAL,68,75.0
13:05:18.546,1.0,3.0,NORMAL,68,75.0
13:05:18.865,1.0,3.0,CAUTION,68,75.0
13:05:19.139,1.0,3.0,CAUTION,68,75.0
13:05:19.435,1.0,3.0,CAUTION,68,75.0
13:05:19.718,1.0,3.0,CAUTION,68,75.0
13:05:20.121,1.0,3.0,CAUTION,68,75.0
13:05:20.473,1.0,3.0,CAUTION,68,75.0
13:05:20.769,1.0,1.5,CAUTION,78,57.0
13:05:21.066,1.0,1.5,CAUTION,78,57.0
13:05:21.354,1.0,1.5,CAUTION,78,57.0
13:05:21.623,1.85,1.5,CAUTION,55,73.0
13:05:21.925,1.7735,1.5,CAUTION,78,71.0
13:05:22.209,1.6575,1.5,CAUTION,78,59.0
13:05:22.478,2.0667,1.5,CAUTION,55,57.0
13:05:22.770,1.3988,2.2479,CAUTION,68,78.4
13:05:23.048,1.339,2.2479,CAUTION,68,77.4
13:05:23.327,1.2882,2.2479,CAUTION,68,78.4
13:05:23.585,1.2449,2.2479,CAUTION,68,76.4
13:05:23.868,1.2082,2.2479,CAUTION,68,76.4
13:05:24.130,1.177,2.2479,CAUTION,68,77.4
13:05:24.392,1.1504,0.0,CAUTION,100,98.0
13:05:24.669,1.1279,0.0,CAUTION,100,97.0
13:05:24.959,1.1087,0.0,CAUTION,100,77.0
13:05:25.251,1.0924,2.0656,CAUTION,70,99.0
13:05:25.519,1.0785,2.0656,CAUTION,70,99.0
13:05:25.815,1.0667,2.0656,CAUTION,70,99.0
13:05:26.124,1.0567,2.0656,CAUTION,70,99.0
13:05:26.421,1.0482,2.0656,CAUTION,70,99.0
13:05:26.673,1.041,2.0656,CAUTION,70,99.0
13:05:26.957,1.0348,2.0656,CAUTION,70,79.2
13:05:27.249,1.0296,0.0,CAUTION,100,100.0
13:05:27.504,1.0252,0.0,CAUTION,100,100.0
13:05:27.796,1.0214,0.0,CAUTION,100,100.0
13:05:28.073,1.0182,1.3132,CAUTION,80,62.0
13:05:28.361,1.0155,1.3132,CAUTION,80,62.0
13:05:28.612,1.0247,1.3132,CAUTION,80,63.0
13:05:28.901,1.0168,1.3132,CAUTION,80,61.0
13:05:29.214,1.0143,1.3132,CAUTION,68,76.3
13:05:29.537,1.0122,1.3132,CAUTION,67,77.3
13:05:29.848,1.0103,1.3132,CAUTION,67,75.3
13:05:30.125,1.0088,1.4579,CAUTION,67,73.3
13:05:30.507,1.0075,1.4579,CAUTION,67,73.3
13:05:30.819,1.0064,1.4579,CAUTION,67,72.3
13:05:31.114,1.0054,1.4579,CAUTION,78,56.0
13:05:31.399,1.0046,1.4579,CAUTION,78,56.0
13:05:31.680,1.0039,1.4579,CAUTION,78,56.0
13:05:32.043,1.0033,1.9974,CAUTION,72,70.4
13:05:32.385,1.0028,1.9974,CAUTION,72,71.4
13:05:32.709,1.0024,1.9974,CAUTION,72,71.4
13:05:33.030,1.002,1.9974,CAUTION,72,71.4
13:05:33.399,1.0017,1.9974,CAUTION,72,71.4
13:05:33.758,1.0015,0.0,CAUTION,100,100.0
13:05:34.195,1.0013,0.0,CAUTION,100,100.0
13:05:34.719,1.0011,0.0,CAUTION,100,100.0
13:05:35.035,1.0009,2.3,CAUTION,68,75.0
13:05:35.348,1.0008,2.3,CAUTION,68,75.0
13:05:35.656,1.0007,2.3,CAUTION,68,75.0
13:05:35.952,1.0006,2.3,CAUTION,68,75.0
13:05:36.212,1.0005,2.3,CAUTION,65,75.0
13:05:36.477,1.0004,2.3,CAUTION,65,75.0
13:05:36.757,1.0003,2.3,CAUTION,65,75.0
13:05:37.017,1.0003,2.3,CAUTION,65,75.0
13:05:37.262,1.0002,2.3,CAUTION,65,75.0
13:05:37.520,1.0002,2.3,CAUTION,65,75.0
13:05:37.762,1.0002,2.3,CAUTION,65,75.0
13:05:38.002,1.0002,2.3,CAUTION,65,75.0
13:05:38.227,1.0001,2.3,CAUTION,65,75.0
13:05:38.467,1.0001,2.3,CAUTION,65,75.0
13:05:38.720,1.0001,0.0,CAUTION,65,99.0
13:05:38.971,1.0001,0.0,CAUTION,65,99.0
13:05:39.207,1.0001,0.0,CAUTION,30,99.0
13:05:39.441,1.0001,0.0,CAUTION,33,99.0
13:05:39.673,1.0,0.0,CAUTION,68,99.0
13:05:39.902,1.0,0.0,CAUTION,68,99.0
13:05:40.129,1.0,0.0,CAUTION,30,99.0
13:05:40.349,1.0,0.0,HAZARD,30,99.0
13:05:40.574,1.0,0.0,HAZARD,30,99.0
13:05:40.804,1.0,0.0,HAZARD,30,99.0
13:05:41.010,1.0,0.0,HAZARD,65,99.0
13:05:41.234,1.0,0.0,HAZARD,65,99.0
13:05:41.470,1.0,0.0,HAZARD,65,99.0
13:05:41.723,1.0,0.0,CAUTION,65,99.0
13:05:41.974,1.0,0.0,CAUTION,65,99.0
13:05:42.214,1.0,0.0,CAUTION,65,99.0
13:05:42.489,1.0,0.0,CAUTION,65,99.0
13:05:42.722,1.0,0.0,CAUTION,65,99.0
13:05:42.955,1.0,0.0,CAUTION,100,100.0
13:05:43.175,1.0,0.0,CAUTION,100,100.0
13:05:43.386,1.0,0.0,CAUTION,100,100.0
13:05:43.610,1.0,0.0,NORMAL,100,100.0
13:05:43.855,1.0,0.0,NORMAL,100,100.0
13:05:44.105,1.0,0.0,NORMAL,100,100.0
13:05:44.347,1.0,0.0,NORMAL,100,100.0
13:05:44.593,1.0,0.0,NORMAL,100,100.0
13:05:44.838,1.0,0.0,NORMAL,100,100.0
13:05:45.066,1.0,0.0,NORMAL,100,100.0
13:05:45.303,1.0,0.0,NORMAL,65,99.0
13:05:45.504,1.0,0.0,NORMAL,65,99.0
13:05:45.719,1.0,0.0,NORMAL,65,99.0
13:05:45.933,1.0,0.0,CAUTION,65,99.0
13:05:46.163,1.0,0.0,CAUTION,30,99.0
13:05:46.391,1.0,0.0,CAUTION,30,99.0
13:05:46.604,1.0,0.0,CAUTION,38,99.0
13:05:46.836,1.0,0.0,CAUTION,100,100.0
13:05:47.068,1.0,0.0,HAZARD,100,100.0
13:05:47.297,1.0,0.0,HAZARD,100,100.0
13:05:47.518,1.0,0.0,NORMAL,100,100.0
13:05:47.750,1.0,0.0,NORMAL,100,100.0
13:05:47.995,1.0,0.0,NORMAL,100,100.0
13:05:48.213,1.0,0.0,NORMAL,100,100.0
13:05:48.438,1.0,0.0,NORMAL,100,100.0
13:05:48.680,1.0,0.0,NORMAL,100,100.0
13:05:48.916,1.0,0.0,NORMAL,100,100.0
13:05:49.137,1.0,0.0,NORMAL,100,100.0
13:05:49.364,1.0,0.0,NORMAL,100,100.0
13:05:49.602,1.0,0.0,NORMAL,100,100.0
13:05:49.837,1.0,0.0,NORMAL,100,100.0
13:05:50.071,1.0,0.0,NORMAL,100,100.0
13:05:50.280,1.0,0.0,NORMAL,100,100.0
13:05:50.502,1.0,0.0,NORMAL,100,100.0
13:05:50.709,1.0,0.0,NORMAL,100,100.0
13:05:50.939,1.0,0.0,NORMAL,100,100.0
13:05:51.146,1.0,0.0,NORMAL,100,100.0
13:05:51.341,1.0,0.0,NORMAL,100,100.0
13:05:51.552,1.0,0.0,NORMAL,100,100.0
13:05:51.775,1.0,0.0,NORMAL,100,100.0
13:05:52.000,1.0,0.0,NORMAL,100,100.0
13:05:52.212,1.0,0.0,NORMAL,100,100.0
13:05:52.429,1.0,0.0,NORMAL,100,100.0
13:05:52.647,1.0,0.0,NORMAL,100,100.0
13:05:52.855,1.0,0.0,NORMAL,100,100.0
13:05:53.064,1.0,0.0,NORMAL,100,100.0
13:05:53.269,1.0,0.0,NORMAL,43,99.0
13:05:53.490,1.0,0.0,NORMAL,43,99.0
13:05:53.722,1.0,0.0,NORMAL,43,99.0
13:05:53.939,1.0,0.0,HAZARD,65,99.0
13:05:54.167,1.0,0.0,HAZARD,65,99.0
13:05:54.397,1.0,0.0,CAUTION,65,99.0
13:05:54.626,1.0,4.4573,CAUTION,65,75.0
13:05:54.939,1.0,4.4573,CAUTION,65,75.0
13:05:55.182,1.0,4.4573,CAUTION,65,75.0
13:05:55.436,1.0,4.4573,CAUTION,65,75.0
13:05:55.677,1.0,0.0,CAUTION,65,99.0
13:05:55.918,1.0,0.0,CAUTION,100,100.0
13:05:56.167,1.0,0.0,CAUTION,100,100.0
13:05:56.391,1.0,0.0,CAUTION,100,100.0
13:05:56.636,1.0,0.0,NORMAL,100,100.0
13:05:56.859,1.0,2.5,NORMAL,72,70.5
13:05:57.071,1.0,2.5,NORMAL,72,70.5
13:05:57.296,1.0,2.5,NORMAL,72,70.5
13:05:57.533,1.0,2.5,CAUTION,72,70.5
13:05:57.796,1.0,2.5,CAUTION,72,70.5
13:05:58.015,1.0,2.5,CAUTION,66,73.9
13:05:58.249,1.0,0.0,CAUTION,66,99.0
13:05:58.491,1.0,0.0,CAUTION,72,99.0
13:05:58.713,1.0,0.0,CAUTION,72,99.0
13:05:58.946,1.0,0.0,CAUTION,72,99.0
13:05:59.174,1.0,0.0,CAUTION,74,100.0
13:05:59.395,1.0,0.0,CAUTION,74,100.0
13:05:59.620,1.0,0.0,CAUTION,74,100.0
13:05:59.853,1.0,0.0,CAUTION,74,100.0
13:06:00.084,1.0,0.0,CAUTION,74,100.0
13:06:00.305,1.0,0.0,CAUTION,74,100.0
13:06:00.528,1.0,0.0,CAUTION,74,100.0
13:06:00.765,1.0,0.0,CAUTION,74,100.0
13:06:01.000,1.0,0.0,CAUTION,74,100.0
13:06:01.223,1.0,0.0,CAUTION,74,100.0
13:06:01.469,1.0,0.0,CAUTION,74,100.0
13:06:01.699,1.0,0.0,CAUTION,74,100.0
13:06:01.898,1.0,0.0,CAUTION,74,100.0
13:06:02.121,1.0,0.0,CAUTION,74,100.0
13:06:02.352,1.0,0.0,CAUTION,100,100.0
13:06:02.590,1.0,0.0,CAUTION,76,100.0
13:06:02.836,1.0,0.0,CAUTION,48,100.0
13:06:03.054,1.0,0.0,CAUTION,66,99.0
13:06:03.276,1.0,0.0,CAUTION,66,99.0
13:06:03.507,1.0,0.0,CAUTION,66,99.0
13:06:03.743,1.0,0.0,CAUTION,66,99.0
13:06:03.983,1.0,0.0,CAUTION,66,99.0
13:06:04.215,1.0,0.0,CAUTION,66,99.0
13:06:04.458,1.0,0.0,CAUTION,66,99.0
13:06:04.749,1.0,0.0,CAUTION,66,99.0
13:06:04.967,1.0,0.0,CAUTION,100,100.0
13:06:05.189,1.0,0.0,CAUTION,100,100.0
13:06:05.421,1.0,0.0,CAUTION,66,99.0
13:06:05.655,1.0,0.0,CAUTION,66,99.0
13:06:05.888,1.0,0.0,CAUTION,69,99.0
13:06:06.107,1.0,0.0,CAUTION,76,100.0
13:06:06.345,1.0,0.0,CAUTION,77,100.0
13:06:06.582,1.0,0.0,CAUTION,100,100.0
13:06:06.831,1.0,0.0,CAUTION,100,100.0
13:06:07.123,1.0,0.0,CAUTION,100,100.0
13:06:07.412,1.0,0.0,NORMAL,100,100.0
13:06:07.694,1.0,0.0,NORMAL,100,100.0
13:06:07.954,1.0,0.0,NORMAL,100,100.0
13:06:08.194,1.0,0.0,NORMAL,100,100.0
13:06:08.444,1.0,0.0,NORMAL,100,100.0
13:06:08.693,1.0,0.0,NORMAL,100,100.0
13:06:08.964,1.0,0.0,NORMAL,100,100.0
13:06:09.214,1.0,0.0,NORMAL,100,100.0
13:06:09.469,1.0,0.0,NORMAL,100,100.0
13:06:09.721,1.0,0.0,NORMAL,100,100.0
13:06:09.959,1.0,0.0,NORMAL,100,100.0
13:06:10.181,1.0,0.0,NORMAL,100,100.0
13:06:10.396,1.0,0.0,NORMAL,100,100.0
13:06:10.636,1.0,0.0,NORMAL,100,100.0
13:06:10.858,1.0,0.0,NORMAL,100,100.0
13:06:11.109,1.0,0.0,NORMAL,100,100.0
13:06:11.337,1.0,0.0,NORMAL,100,100.0
13:06:11.561,1.0,0.0,NORMAL,100,100.0
13:06:11.807,1.0,0.0,NORMAL,100,100.0
13:06:12.061,1.0,0.0,NORMAL,100,100.0
13:06:12.295,1.0,0.0,NORMAL,100,100.0
13:06:12.492,1.0,0.0,NORMAL,100,100.0
13:06:12.716,1.0,0.0,NORMAL,100,100.0
13:06:12.946,1.0,0.0,NORMAL,100,100.0
13:06:13.183,1.0,0.0,NORMAL,100,100.0
13:06:13.405,1.0,0.0,NORMAL,100,100.0
13:06:13.624,1.0,0.0,NORMAL,100,100.0
13:06:13.870,1.0,1.575,NORMAL,77,57.0
13:06:14.101,1.0,1.575,NORMAL,77,57.0
13:06:14.350,1.0,1.575,NORMAL,76,57.0
13:06:14.571,1.0,1.575,CAUTION,74,57.0
13:06:14.812,1.0,1.575,CAUTION,74,57.0
13:06:15.036,1.0,1.575,CAUTION,74,57.0
13:06:15.279,1.0,1.575,CAUTION,74,57.0
13:06:15.515,1.0,1.575,CAUTION,74,57.0
13:06:15.745,1.0,2.5,CAUTION,74,70.5
13:06:15.971,1.0,2.5,CAUTION,74,70.5
13:06:16.181,1.0,2.5,CAUTION,72,70.5
13:06:16.400,1.0,2.5,CAUTION,72,70.5
13:06:16.632,1.0,2.5,CAUTION,72,70.5
13:06:16.883,1.0,2.5,CAUTION,72,70.5
13:06:17.112,1.0,2.5,CAUTION,72,70.5
13:06:17.360,1.0,2.5,CAUTION,72,70.5
13:06:17.591,1.0,3.0,CAUTION,68,75.0
13:06:17.836,1.0,3.0,CAUTION,68,75.0
13:06:18.075,1.0,3.0,CAUTION,68,75.0
13:06:18.320,1.0,3.0,CAUTION,68,75.0
13:06:18.615,1.0,3.0,CAUTION,68,75.0
13:06:18.847,1.0,3.0,CAUTION,68,75.0
13:06:19.084,1.0,3.0,CAUTION,68,75.0
13:06:19.304,1.0,3.0,CAUTION,68,75.0
13:06:19.519,1.0,0.0,CAUTION,100,100.0
13:06:19.759,1.0,0.0,CAUTION,100,100.0
13:06:19.992,1.0,0.0,CAUTION,100,100.0
13:06:20.221,1.0,0.0,NORMAL,100,100.0
13:06:20.448,1.0,0.0,NORMAL,100,100.0
13:06:20.670,1.0,0.0,NORMAL,100,100.0
13:06:20.889,1.0,0.0,NORMAL,100,100.0
13:06:21.120,1.0,0.0,NORMAL,100,100.0
13:06:21.336,1.0,0.0,NORMAL,100,100.0
13:06:21.552,1.0,0.0,NORMAL,100,100.0
13:06:21.774,1.0,0.0,NORMAL,100,100.0
13:06:21.981,1.0,0.0,NORMAL,100,100.0
13:06:22.172,1.0,0.0,NORMAL,100,100.0
13:06:22.390,1.0,0.0,NORMAL,100,100.0
13:06:22.609,1.0,0.0,NORMAL,100,100.0
13:06:22.845,1.0,0.0,NORMAL,100,100.0
13:06:23.070,1.0,0.0,NORMAL,100,100.0
13:06:23.302,1.0,0.0,NORMAL,100,100.0
13:06:23.503,1.0,0.0,NORMAL,100,100.0
13:06:23.730,1.0,0.0,NORMAL,76,100.0
13:06:23.961,1.0,0.0,NORMAL,76,100.0
13:06:24.200,1.0,0.0,NORMAL,78,100.0
13:06:24.420,1.0,0.0,CAUTION,78,100.0
13:06:24.661,1.0,0.0,CAUTION,78,100.0
13:06:24.878,1.0,0.0,CAUTION,78,100.0
13:06:25.105,1.0,0.0,CAUTION,78,100.0
13:06:25.308,1.0,0.0,CAUTION,78,100.0
13:06:25.532,1.0,0.0,CAUTION,78,100.0
13:06:25.760,1.0,0.0,CAUTION,100,100.0
13:06:25.986,1.0,0.0,CAUTION,100,100.0
13:06:26.214,1.0,0.0,CAUTION,100,100.0
13:06:26.435,1.0,0.0,NORMAL,100,100.0
13:06:26.660,1.0,0.0,NORMAL,100,100.0
13:06:26.874,1.0,0.0,NORMAL,100,100.0
13:06:27.071,1.0,1.375,NORMAL,80,57.0
13:06:27.300,1.0,1.375,NORMAL,80,57.0
13:06:27.532,1.0,1.375,NORMAL,80,57.0
13:06:27.767,1.0,1.375,CAUTION,80,57.0
13:06:27.993,1.0,1.375,CAUTION,80,57.0
13:06:28.221,1.0,1.375,CAUTION,80,57.0
13:06:28.459,1.0,1.375,CAUTION,80,57.0
13:06:28.694,1.0,0.0,CAUTION,100,100.0
13:06:28.933,1.0,4.1631,CAUTION,49,57.0
13:06:29.148,1.0,4.1631,CAUTION,49,57.0
13:06:29.383,1.0,4.1631,CAUTION,49,57.0
13:06:29.595,1.0,4.1631,HAZARD,49,57.0
13:06:29.825,1.0,4.1631,HAZARD,49,57.0
13:06:30.039,1.0,4.1631,HAZARD,49,57.0
13:06:30.260,1.0,4.1631,HAZARD,49,57.0
13:06:30.540,1.0,4.1631,HAZARD,49,57.0
13:06:30.805,1.0,0.0,HAZARD,100,100.0
13:06:31.045,1.0,0.0,HAZARD,78,100.0
13:06:31.285,1.0,0.0,HAZARD,78,100.0
13:06:31.525,1.0,0.0,CAUTION,78,100.0
13:06:31.757,1.0,0.0,CAUTION,78,100.0
13:06:31.971,1.0,0.0,CAUTION,78,100.0
13:06:32.200,1.0,4.4133,CAUTION,78,69.7
13:06:32.422,1.0,4.4133,CAUTION,78,69.7
13:06:32.638,1.0,4.4133,CAUTION,78,69.7
13:06:32.899,1.0,4.4133,CAUTION,78,69.7
13:06:33.136,1.0,4.4133,CAUTION,45,69.7
13:06:33.379,1.0,4.4133,CAUTION,45,69.7
13:06:33.607,1.0,4.4133,CAUTION,45,69.7
13:06:33.857,1.0,4.4133,HAZARD,45,69.7
13:06:34.087,1.0,4.4133,HAZARD,45,69.7
13:06:34.319,1.0,4.4133,HAZARD,45,69.7
13:06:34.561,1.0,4.4133,HAZARD,45,69.7
13:06:34.798,1.0,4.4133,HAZARD,45,69.7
13:06:35.037,1.0,4.4133,HAZARD,45,69.7
13:06:35.258,1.0,4.4133,HAZARD,45,69.7
13:06:35.457,1.0,4.4133,HAZARD,45,69.7
13:06:35.686,1.0,4.4133,HAZARD,45,69.7
13:06:35.892,1.0,0.0,HAZARD,100,100.0
13:06:36.118,1.0,0.0,HAZARD,100,100.0
13:06:36.356,1.0,0.0,HAZARD,100,100.0
13:06:36.568,1.0,0.0,NORMAL,100,100.0
13:06:36.799,1.0,0.0,NORMAL,100,100.0
13:06:37.038,1.0,0.0,NORMAL,100,100.0
13:06:37.276,1.0,0.0,NORMAL,100,100.0
13:06:37.487,1.0,0.0,NORMAL,100,100.0
13:06:37.686,1.0,0.0,NORMAL,100,100.0
13:06:37.893,1.0,2.3,NORMAL,68,75.0
13:06:38.104,1.0,2.3,NORMAL,68,75.0
13:06:38.321,1.0,2.3,NORMAL,68,75.0
13:06:38.536,1.0,2.3,CAUTION,68,75.0
13:06:38.775,1.0,2.3,CAUTION,68,75.0
13:06:39.012,1.0,2.3,CAUTION,68,75.0
13:06:39.238,1.0,2.3,CAUTION,68,75.0
13:06:39.458,1.0,2.3,CAUTION,68,75.0
13:06:39.697,1.0,2.3,CAUTION,68,75.0
13:06:39.898,1.0,1.9161,CAUTION,72,70.4
13:06:40.123,1.0,1.9161,CAUTION,72,70.4
13:06:40.344,1.0,1.9161,CAUTION,72,70.4
13:06:40.574,1.0,1.9161,CAUTION,72,70.4
13:06:40.886,1.0,1.9161,CAUTION,72,70.4
13:06:41.123,1.0,1.9161,CAUTION,72,70.4
13:06:41.363,1.0,1.9161,CAUTION,72,70.4
13:06:41.595,1.0,1.9161,CAUTION,72,70.4
13:06:41.843,1.0,0.0,CAUTION,100,100.0
13:06:42.081,1.0,0.0,CAUTION,100,100.0
13:06:42.310,1.0,0.0,CAUTION,100,100.0
13:06:42.524,1.0,0.0,NORMAL,100,100.0
13:06:42.735,1.0,0.0,NORMAL,100,100.0
13:06:42.967,1.0,0.0,NORMAL,100,100.0
13:06:43.178,1.0,0.0,NORMAL,100,100.0
13:06:43.400,1.0,0.0,NORMAL,100,100.0
13:06:43.606,1.0,0.0,NORMAL,100,100.0
13:06:43.830,1.0,0.0,NORMAL,100,100.0
13:06:44.054,1.0,0.0,NORMAL,100,100.0
13:06:44.283,1.0,0.0,NORMAL,100,100.0
13:06:44.520,1.0,0.0,NORMAL,100,100.0
13:06:44.730,1.0,0.0,NORMAL,100,100.0
13:06:44.948,1.0,0.0,NORMAL,100,100.0
13:06:45.164,1.0,0.0,NORMAL,100,100.0
13:06:45.368,1.0,0.0,NORMAL,100,100.0
13:06:45.585,1.0,0.0,NORMAL,100,100.0
13:06:45.814,1.0,0.0,NORMAL,100,100.0
13:06:46.019,1.0,0.0,NORMAL,100,100.0
13:06:46.220,1.0,0.0,NORMAL,100,100.0
13:06:46.431,1.0,0.0,NORMAL,100,100.0
13:06:46.639,1.0,0.0,NORMAL,100,100.0
13:06:46.864,1.0,0.0,NORMAL,100,100.0
13:06:47.088,1.0,0.0,NORMAL,100,100.0
13:06:47.304,1.0,0.0,NORMAL,100,100.0
13:06:47.517,1.0,0.0,NORMAL,100,100.0
13:06:47.720,1.0,0.0,NORMAL,100,100.0
13:06:47.958,1.0,0.0,NORMAL,100,100.0
13:06:48.144,1.0,0.0,NORMAL,100,100.0
13:06:48.369,1.0,0.0,NORMAL,100,100.0
13:06:48.592,1.0,0.0,NORMAL,100,100.0
13:06:48.820,1.0,0.0,NORMAL,65,99.0
13:06:49.048,1.0,0.0,NORMAL,65,99.0
13:06:49.291,1.0,0.0,NORMAL,65,99.0
13:06:49.535,1.0,0.0,CAUTION,65,99.0
13:06:49.766,1.0,0.0,CAUTION,65,99.0
13:06:50.005,1.0,0.0,CAUTION,65,99.0
13:06:50.219,1.0,0.0,CAUTION,65,99.0
13:06:50.434,1.0,0.0,CAUTION,65,99.0
13:06:50.675,1.0,0.0,CAUTION,74,100.0
13:06:50.900,1.0,0.0,CAUTION,74,100.0
13:06:51.140,1.0,0.0,CAUTION,74,100.0
13:06:51.373,1.0,0.0,CAUTION,74,100.0
13:06:51.600,1.0,0.0,CAUTION,76,100.0
13:06:51.844,1.0,0.0,CAUTION,76,100.0
13:06:52.086,1.0,0.0,CAUTION,76,100.0
13:06:52.323,1.0,0.0,CAUTION,76,100.0
13:06:52.560,1.0,0.0,CAUTION,76,100.0
13:06:52.812,1.0,2.3333,CAUTION,76,69.0
13:06:53.114,1.0,2.3333,CAUTION,76,69.0
13:06:53.362,1.0,2.3333,CAUTION,76,69.0
13:06:53.612,1.0,2.3333,CAUTION,76,69.0
13:06:53.837,1.0,2.3333,CAUTION,76,69.0
13:06:54.103,1.0,2.3333,CAUTION,76,69.0
13:06:54.361,1.0,2.3333,CAUTION,76,69.0
13:06:54.621,1.0,0.0,CAUTION,76,100.0
13:06:54.831,1.0,0.0,CAUTION,76,100.0
13:06:55.049,1.0,0.0,CAUTION,100,100.0
13:06:55.275,1.0,0.0,CAUTION,100,100.0
13:06:55.526,1.0,2.0,CAUTION,78,57.0
13:06:55.769,1.0,2.0,CAUTION,78,57.0
13:06:55.999,1.0,2.0,CAUTION,78,57.0
13:06:56.217,1.0,2.0,CAUTION,78,57.0
13:06:56.454,1.0,2.0,CAUTION,78,57.0
13:06:56.685,1.0,2.0,CAUTION,78,57.0
13:06:56.922,1.0,2.0,CAUTION,78,57.0
13:06:57.164,1.0,2.0,CAUTION,78,57.0
13:06:57.387,1.0,3.0,CAUTION,68,75.0
13:06:57.639,1.0,3.0,CAUTION,68,75.0
13:06:57.882,1.0,3.0,CAUTION,68,75.0
13:06:58.104,1.0,3.0,CAUTION,68,75.0
13:06:58.330,1.0,3.0,CAUTION,68,75.0
13:06:58.535,1.0,1.4146,CAUTION,80,57.0
13:06:58.788,1.0,3.0,CAUTION,68,75.0
13:06:59.039,1.0,3.0,CAUTION,68,75.0
13:06:59.263,1.0,0.0,CAUTION,100,100.0
13:06:59.504,1.0,1.4146,CAUTION,80,57.0
13:06:59.714,1.0,1.4146,CAUTION,80,57.0
13:06:59.932,1.0,1.4146,CAUTION,80,57.0
13:07:00.175,1.0,1.4146,CAUTION,80,57.0
13:07:00.389,1.0,0.0,CAUTION,100,100.0
13:07:00.614,1.0,0.0,CAUTION,100,100.0
13:07:00.871,1.0,0.0,CAUTION,100,100.0
13:07:01.098,1.0,0.0,NORMAL,100,100.0
13:07:01.318,1.0,0.0,NORMAL,100,100.0
13:07:01.537,1.0,0.0,NORMAL,100,100.0
13:07:01.754,1.0,0.0,NORMAL,100,100.0
13:07:01.984,1.0,0.0,NORMAL,100,100.0
13:07:02.187,1.0,0.0,NORMAL,100,100.0
13:07:02.394,1.0,0.0,NORMAL,100,100.0
13:07:02.617,1.0,0.0,NORMAL,100,100.0
13:07:02.823,1.0,0.0,NORMAL,100,100.0
13:07:03.123,1.0,0.0,NORMAL,100,100.0
13:07:03.379,1.0,0.0,NORMAL,100,100.0
13:07:03.618,1.0,0.0,NORMAL,100,100.0
13:07:03.866,1.0,0.0,NORMAL,100,100.0
13:07:04.101,1.0,0.0,NORMAL,100,100.0
13:07:04.309,1.0,0.0,NORMAL,100,100.0
13:07:04.540,1.0,0.0,NORMAL,100,100.0
13:07:04.764,1.0,0.0,NORMAL,100,100.0
13:07:04.989,1.0,0.0,NORMAL,100,100.0
13:07:05.243,1.0,0.0,NORMAL,100,100.0
13:07:05.502,1.0,0.0,NORMAL,100,100.0
13:07:05.728,1.0,0.0,NORMAL,100,100.0
13:07:05.954,1.0,0.0,NORMAL,100,100.0
13:07:06.171,1.0,0.0,NORMAL,100,100.0
13:07:06.411,1.0,0.0,NORMAL,100,100.0
13:07:06.628,1.0,0.0,NORMAL,100,100.0
13:07:06.868,1.0,0.0,NORMAL,100,100.0
13:07:07.095,1.0,0.0,NORMAL,100,100.0
13:07:07.322,1.0,0.0,NORMAL,100,100.0
13:07:07.528,1.0,0.0,NORMAL,100,100.0
13:07:07.737,1.0,0.0,NORMAL,100,100.0
13:07:07.965,1.0,0.0,NORMAL,100,100.0
13:07:08.181,1.0,0.0,NORMAL,100,100.0
13:07:08.395,1.0,0.0,NORMAL,100,100.0
13:07:08.609,1.0,0.0,NORMAL,100,100.0
13:07:08.821,1.0,0.0,NORMAL,100,100.0
13:07:09.055,1.0,0.0,NORMAL,100,100.0
13:07:09.263,1.0,0.0,NORMAL,100,100.0
13:07:09.476,1.0,0.0,NORMAL,74,100.0
13:07:09.705,1.0,0.0,NORMAL,74,100.0
13:07:09.917,1.0,0.0,NORMAL,74,100.0
13:07:10.117,1.0,0.0,CAUTION,74,100.0
13:07:10.332,1.0,0.0,CAUTION,74,100.0
13:07:10.552,1.0,0.0,CAUTION,74,100.0
13:07:10.774,1.0,0.0,CAUTION,74,100.0
13:07:10.983,1.0,0.0,CAUTION,74,100.0
13:07:11.204,1.0,0.0,CAUTION,74,100.0
13:07:11.443,1.0,0.0,CAUTION,76,100.0
13:07:11.683,1.0,0.0,CAUTION,78,100.0
13:07:11.893,1.0,0.0,CAUTION,78,100.0
13:07:12.115,1.0,0.0,CAUTION,78,100.0
13:07:12.341,1.0,0.0,CAUTION,78,100.0
13:07:12.568,1.0,0.0,CAUTION,78,100.0
13:07:12.791,1.0,0.0,CAUTION,78,100.0
13:07:13.015,1.0,0.0,CAUTION,100,100.0
13:07:13.234,1.0,0.0,CAUTION,100,100.0
13:07:13.466,1.0,0.0,CAUTION,100,100.0
13:07:13.693,1.0,0.0,NORMAL,100,100.0
13:07:13.930,1.0,0.0,NORMAL,75,100.0
13:07:14.132,1.0,0.0,NORMAL,75,100.0
13:07:14.357,1.0,0.0,NORMAL,75,100.0
13:07:14.579,1.0,0.0,CAUTION,75,100.0
13:07:14.814,1.0,0.0,CAUTION,75,100.0
13:07:15.048,1.0,0.0,CAUTION,71,99.0
13:07:15.297,1.0,0.0,CAUTION,71,99.0
13:07:15.577,1.0,0.0,CAUTION,71,99.0
13:07:15.815,1.0,0.0,CAUTION,71,99.0
13:07:16.058,1.0,0.0,CAUTION,71,99.0
13:07:16.269,1.0,0.0,CAUTION,71,99.0
13:07:16.484,1.0,0.0,CAUTION,71,99.0
13:07:16.717,1.0,0.0,CAUTION,100,100.0
13:07:16.958,1.0,0.0,CAUTION,100,100.0
13:07:17.191,1.0,4.4933,CAUTION,44,70.4
13:07:17.411,1.0,4.4933,CAUTION,44,70.4
13:07:17.655,1.0,4.4933,CAUTION,70,70.5
13:07:17.899,1.0,0.0,CAUTION,74,100.0
13:07:18.115,1.0,0.0,CAUTION,76,100.0
13:07:18.338,1.0,0.0,CAUTION,76,100.0
13:07:18.574,1.0,0.0,CAUTION,76,100.0
13:07:18.814,1.0,0.0,CAUTION,76,100.0
13:07:19.043,1.0,0.0,CAUTION,76,100.0
13:07:19.275,1.0,0.0,CAUTION,76,100.0
13:07:19.484,1.0,0.0,CAUTION,76,100.0
13:07:19.697,1.0,0.0,CAUTION,76,100.0
13:07:19.930,1.0,0.0,CAUTION,100,100.0
13:07:20.154,1.0,0.0,CAUTION,100,100.0
13:07:20.380,1.0,0.0,CAUTION,100,100.0
13:07:20.615,1.0,0.0,NORMAL,100,100.0
13:07:20.844,1.0,0.0,NORMAL,100,100.0
13:07:21.066,1.0,0.0,NORMAL,100,100.0
13:07:21.285,1.0,0.0,NORMAL,100,100.0
13:07:21.490,1.0,0.0,NORMAL,100,100.0
13:07:21.717,1.0,0.0,NORMAL,50,100.0
13:07:21.926,1.0,0.0,NORMAL,68,99.0
13:07:22.146,1.0,0.0,NORMAL,68,99.0
13:07:22.372,1.0,0.0,CAUTION,68,99.0
13:07:22.606,1.0,0.0,CAUTION,68,99.0
13:07:22.829,1.0,0.0,CAUTION,68,99.0
13:07:23.051,1.0,0.0,CAUTION,68,99.0
13:07:23.275,1.0,0.0,CAUTION,68,99.0
13:07:23.494,1.0,0.0,CAUTION,68,99.0
13:07:23.708,1.0,0.0,CAUTION,68,99.0
13:07:23.949,1.0,0.0,CAUTION,68,99.0
13:07:24.192,1.0,0.0,CAUTION,68,99.0
13:07:24.422,1.0,0.0,CAUTION,72,99.0
13:07:24.651,1.0,0.0,CAUTION,72,99.0
13:07:24.880,1.0,0.0,CAUTION,72,99.0
13:07:25.107,1.0,0.0,CAUTION,72,99.0
13:07:25.327,1.0,0.0,CAUTION,72,99.0
13:07:25.552,1.0,0.0,CAUTION,72,99.0
13:07:25.825,1.0,0.0,CAUTION,72,99.0
13:07:26.039,1.0,0.0,CAUTION,100,100.0
13:07:26.279,1.0,0.0,CAUTION,100,100.0
13:07:26.481,1.0,0.0,CAUTION,100,100.0
13:07:26.710,1.0,0.0,NORMAL,100,100.0
13:07:26.973,1.0,0.0,NORMAL,100,100.0
13:07:27.203,1.0,0.0,NORMAL,100,100.0
13:07:27.408,1.0,0.0,NORMAL,65,99.0
13:07:27.622,1.0,0.0,NORMAL,65,99.0
13:07:27.860,1.0,0.0,NORMAL,65,99.0
13:07:28.084,1.0,0.0,CAUTION,65,99.0
13:07:28.315,1.0,0.0,CAUTION,65,99.0
13:07:28.532,1.0,0.0,CAUTION,65,99.0
13:07:28.746,1.0,0.0,CAUTION,65,99.0
13:07:28.981,1.0,0.0,CAUTION,65,99.0
13:07:29.232,1.0,0.0,CAUTION,100,100.0
13:07:29.464,1.0,0.0,CAUTION,100,100.0
13:07:29.721,1.0,0.0,CAUTION,100,100.0
13:07:29.979,1.0,0.0,NORMAL,100,100.0
13:07:30.191,1.0,0.0,NORMAL,100,100.0
13:07:30.430,1.0,0.0,NORMAL,100,100.0
13:07:30.668,1.0,0.0,NORMAL,100,100.0
13:07:30.908,1.0,0.0,NORMAL,100,100.0
13:07:31.130,1.0,0.0,NORMAL,100,100.0
13:07:31.347,1.0,0.0,NORMAL,100,100.0
13:07:31.555,1.0,4.4667,NORMAL,45,70.2
13:07:31.801,1.0,4.4667,NORMAL,45,70.2
13:07:32.046,1.0,0.0,NORMAL,100,100.0
13:07:32.267,1.0,0.0,NORMAL,100,100.0
13:07:32.477,1.0,0.0,NORMAL,100,100.0
13:07:32.710,1.0,0.0,NORMAL,100,100.0
13:07:32.937,1.0,0.0,NORMAL,100,100.0
13:07:33.164,1.0,0.0,NORMAL,100,100.0
13:07:33.353,1.0,0.0,NORMAL,100,100.0
13:07:33.572,1.0,0.0,NORMAL,100,100.0
13:07:33.782,1.0,0.0,NORMAL,100,100.0
13:07:33.997,1.0,0.0,NORMAL,100,100.0
13:07:34.216,1.0,4.6342,NORMAL,42,71.7
13:07:34.442,1.0,4.6342,NORMAL,42,71.7
13:07:34.674,1.0,4.6342,NORMAL,66,73.7
13:07:34.916,1.0,4.6342,NORMAL,66,73.7
13:07:35.150,1.0,4.6342,CAUTION,72,71.7
13:07:35.397,1.0,4.6342,CAUTION,72,71.7
13:07:35.640,1.0,4.6342,CAUTION,72,71.7
13:07:35.857,1.0,4.6342,CAUTION,75,71.7
13:07:36.088,1.0,3.0,CAUTION,75,75.0
13:07:36.319,1.0,3.0,CAUTION,75,75.0
13:07:36.543,1.0,2.1667,CAUTION,75,57.0
13:07:36.783,1.0,2.1667,CAUTION,75,57.0
13:07:37.001,1.0,2.1667,CAUTION,75,57.0
13:07:37.235,1.0,2.1667,CAUTION,75,57.0
13:07:37.457,1.0,0.0,CAUTION,100,100.0
13:07:37.692,1.0,0.0,CAUTION,100,100.0
13:07:37.936,1.0,0.0,CAUTION,100,100.0
13:07:38.173,1.0,0.0,NORMAL,100,100.0
13:07:38.451,1.0,0.0,NORMAL,100,100.0
13:07:38.697,1.0,0.0,NORMAL,100,100.0
13:07:38.905,1.0,0.0,NORMAL,100,100.0
13:07:39.135,1.0,0.0,NORMAL,100,100.0
13:07:39.373,1.0,0.0,NORMAL,100,100.0
13:07:39.605,1.0,0.0,NORMAL,100,100.0
13:07:39.818,1.0,0.0,NORMAL,100,100.0
13:07:40.030,1.0,0.0,NORMAL,100,100.0
13:07:40.233,1.0,0.0,NORMAL,100,100.0
13:07:40.433,1.0,0.0,NORMAL,100,100.0
13:07:40.665,1.0,0.0,NORMAL,100,100.0
13:07:40.890,1.0,0.0,NORMAL,100,100.0
13:07:41.101,1.0,0.0,NORMAL,100,100.0
13:07:41.332,1.0,0.0,NORMAL,100,100.0
13:07:41.581,1.0,0.0,NORMAL,100,100.0
13:07:41.827,1.0,0.0,NORMAL,100,100.0
13:07:42.074,1.0,0.0,NORMAL,100,100.0
13:07:42.308,1.0,0.0,NORMAL,100,100.0
13:07:42.506,1.0,0.0,NORMAL,100,100.0
13:07:42.731,1.0,0.0,NORMAL,100,100.0
13:07:42.959,1.0,0.0,NORMAL,100,100.0
13:07:43.178,1.0,0.0,NORMAL,100,100.0
13:07:43.399,1.0,0.0,NORMAL,100,100.0
13:07:43.611,1.0,0.0,NORMAL,100,100.0
13:07:43.805,1.0,0.0,NORMAL,100,100.0
13:07:44.012,1.0,0.0,NORMAL,100,100.0
13:07:44.216,1.0,0.0,NORMAL,100,100.0
13:07:44.428,1.0,0.0,NORMAL,100,100.0
13:07:44.616,1.0,0.0,NORMAL,100,100.0
13:07:44.868,1.0,0.0,NORMAL,100,100.0
13:07:45.098,1.0,0.0,NORMAL,100,100.0
13:07:45.306,1.0,0.0,NORMAL,100,100.0
13:07:45.535,1.0,0.0,NORMAL,100,100.0
13:07:45.737,1.0,0.0,NORMAL,100,100.0
13:07:45.976,1.0,0.0,NORMAL,100,100.0
13:07:46.217,1.0,0.0,NORMAL,100,100.0
13:07:46.450,1.0,0.0,NORMAL,100,100.0
13:07:46.708,1.0,0.0,NORMAL,100,100.0
13:07:46.970,1.0,0.0,NORMAL,100,100.0
13:07:47.239,1.0,0.0,NORMAL,100,100.0
13:07:47.511,1.0,0.0,NORMAL,100,100.0
13:07:47.768,1.0,0.0,NORMAL,100,100.0
13:07:48.080,1.0,0.0,NORMAL,100,100.0
13:07:48.375,1.0,0.0,NORMAL,100,100.0
13:07:48.680,1.0,0.0,NORMAL,100,100.0
13:07:48.944,1.0,0.0,NORMAL,100,100.0
13:07:49.188,1.0,0.0,NORMAL,100,100.0
13:07:49.436,1.0,0.0,NORMAL,100,100.0
13:07:49.707,1.0,0.0,NORMAL,100,100.0
13:07:49.916,1.0,0.0,NORMAL,100,100.0
13:07:50.146,1.0,0.0,NORMAL,100,100.0
13:07:50.366,1.0,0.0,NORMAL,100,100.0
13:07:50.565,1.0,0.0,NORMAL,100,100.0
13:07:50.780,1.0,0.0,NORMAL,100,100.0
13:07:50.989,1.0,0.0,NORMAL,100,100.0
13:07:51.211,1.0,0.0,NORMAL,100,100.0
13:07:51.438,1.0,0.0,NORMAL,100,100.0
13:07:51.655,1.0,0.0,NORMAL,100,100.0
13:07:51.870,1.0,0.0,NORMAL,100,100.0
13:07:52.077,1.0,0.0,NORMAL,100,100.0
13:07:52.302,1.0,0.0,NORMAL,100,100.0
13:07:52.528,1.0,0.0,NORMAL,100,100.0
13:07:52.768,1.0,0.0,NORMAL,100,100.0
13:07:53.009,1.0,0.0,NORMAL,100,100.0
13:07:53.225,1.0,0.0,NORMAL,100,100.0
13:07:53.482,1.0,0.0,NORMAL,100,100.0
13:07:53.806,1.0,0.0,NORMAL,100,100.0
13:07:54.066,1.0,0.0,NORMAL,100,100.0
13:07:54.315,1.0,0.0,NORMAL,100,100.0
13:07:54.560,1.0,0.0,NORMAL,100,100.0
13:07:54.845,1.0,0.0,NORMAL,100,100.0
13:07:55.119,1.0,0.0,NORMAL,100,100.0
13:07:55.373,1.0,0.0,NORMAL,100,100.0
13:07:55.633,1.0,0.0,NORMAL,100,100.0
13:07:55.876,1.0,0.0,NORMAL,100,100.0
13:07:56.107,1.0,0.0,NORMAL,100,100.0
13:07:56.302,1.0,0.0,NORMAL,100,100.0
13:07:56.492,1.0,0.0,NORMAL,100,100.0
13:07:56.703,1.0,0.0,NORMAL,100,100.0
13:07:56.936,1.0,2.0,NORMAL,78,57.0
13:07:57.170,1.0,2.0,NORMAL,78,57.0
13:07:57.405,1.0,2.0,NORMAL,78,57.0
13:07:57.606,1.0,2.0,CAUTION,78,57.0
13:07:57.833,1.0,2.0,CAUTION,78,57.0
13:07:58.092,1.0,2.0,CAUTION,78,57.0
13:07:58.399,1.0,2.0,CAUTION,78,57.0
13:07:58.683,1.0,2.0,CAUTION,78,57.0
13:07:58.951,1.0,3.0,CAUTION,68,75.0
13:07:59.204,1.0,3.0,CAUTION,68,75.0
13:07:59.466,1.0,3.0,CAUTION,68,75.0
13:07:59.744,1.0,3.0,CAUTION,68,75.0
13:07:59.998,1.0,0.0,CAUTION,100,100.0
13:08:00.255,1.0,0.0,CAUTION,100,100.0
13:08:00.504,1.0,0.0,CAUTION,100,100.0
13:08:00.768,1.0,0.0,NORMAL,100,100.0
13:08:00.997,1.0,0.0,NORMAL,100,100.0
13:08:01.222,1.0,0.0,NORMAL,100,100.0
13:08:01.416,1.0,0.0,NORMAL,100,100.0
13:08:01.651,1.0,0.0,NORMAL,100,100.0
13:08:01.895,1.0,0.0,NORMAL,100,100.0
13:08:02.149,1.0,0.0,NORMAL,100,100.0
13:08:02.435,1.0,0.0,NORMAL,100,100.0
13:08:02.744,1.0,0.0,NORMAL,100,100.0
13:08:03.113,1.0,0.0,NORMAL,100,100.0
13:08:03.380,1.0,0.0,NORMAL,100,100.0
13:08:03.651,1.0,0.0,NORMAL,100,100.0
13:08:03.911,1.0,0.0,NORMAL,100,100.0
13:08:04.174,1.0,0.0,NORMAL,100,100.0
13:08:04.460,1.0,0.0,NORMAL,100,100.0
13:08:04.764,1.0,0.0,NORMAL,100,100.0
13:08:05.112,1.0,4.0404,NORMAL,50,57.0
13:08:05.411,1.0,4.0404,NORMAL,50,57.0
13:08:05.676,1.0,4.0404,NORMAL,50,57.0
13:08:05.950,1.0,4.0404,HAZARD,50,57.0
13:08:06.232,1.0,4.0404,HAZARD,50,57.0
13:08:06.501,1.0,4.0404,HAZARD,50,57.0
13:08:06.800,1.0,4.0404,HAZARD,50,57.0
13:08:07.084,1.0,3.0,HAZARD,68,75.0
13:08:07.463,1.0,3.0,HAZARD,68,75.0
13:08:07.750,1.0,3.0,HAZARD,68,75.0
13:08:08.027,1.0,3.0,CAUTION,68,75.0
13:08:08.287,1.0,3.0,CAUTION,68,75.0
13:08:08.559,1.0,3.0,CAUTION,68,75.0
13:08:08.812,1.0,3.0,CAUTION,68,75.0
13:08:09.104,1.0,0.0,CAUTION,100,100.0
13:08:09.384,1.0,0.0,CAUTION,100,100.0
13:08:09.681,1.0,0.0,CAUTION,100,100.0
13:08:09.958,1.0,0.0,NORMAL,100,100.0
13:08:10.231,1.0,0.0,NORMAL,100,100.0
13:08:10.477,1.0,0.0,NORMAL,100,100.0
13:08:10.736,1.0,0.0,NORMAL,100,100.0
13:08:11.007,1.0,0.0,NORMAL,100,100.0
13:08:11.288,1.0,0.0,NORMAL,100,100.0
13:08:11.525,1.0,0.0,NORMAL,100,100.0
13:08:11.794,1.0,0.0,NORMAL,100,100.0
13:08:12.075,1.0,0.0,NORMAL,100,100.0
13:08:12.359,1.0,1.775,NORMAL,74,68.7
13:08:12.626,1.0,1.775,NORMAL,74,68.7
13:08:12.909,1.0,1.775,NORMAL,74,68.7
13:08:13.161,1.0,1.775,CAUTION,74,68.7
13:08:13.423,1.0,1.775,CAUTION,74,68.7
13:08:13.695,1.0,0.0,CAUTION,100,100.0
13:08:13.965,1.0,0.0,CAUTION,100,100.0
13:08:14.251,1.0,2.3,CAUTION,68,75.0
13:08:14.506,1.0,2.3,CAUTION,68,75.0
13:08:14.792,1.0,2.3,CAUTION,68,75.0
13:08:15.065,1.0,2.3,CAUTION,68,75.0
13:08:15.348,1.0,2.3,CAUTION,68,75.0
13:08:15.602,1.0,2.3,CAUTION,68,75.0
13:08:15.867,1.0,2.3,CAUTION,68,75.0
13:08:16.149,1.0,0.0,CAUTION,100,100.0
13:08:16.430,1.0,0.0,CAUTION,100,100.0
13:08:16.683,1.0,0.0,CAUTION,100,100.0
13:08:16.953,1.0,0.0,NORMAL,100,100.0
13:08:17.232,1.0,0.0,NORMAL,100,100.0
13:08:17.464,1.0,0.0,NORMAL,100,100.0
13:08:17.737,1.0,0.0,NORMAL,100,100.0
13:08:18.024,1.0,0.0,NORMAL,100,100.0
13:08:18.319,1.0,0.0,NORMAL,100,100.0
13:08:18.571,1.0,0.0,NORMAL,100,100.0
13:08:18.873,1.0,2.0,NORMAL,78,57.0
13:08:19.153,1.0,2.0,NORMAL,78,57.0
13:08:19.430,1.0,2.0,NORMAL,78,57.0
13:08:19.702,1.0,2.0,CAUTION,78,57.0
13:08:19.977,1.0,2.0,CAUTION,78,57.0
13:08:20.261,1.0,2.0,CAUTION,78,57.0
13:08:20.531,1.0,2.0,CAUTION,78,57.0
13:08:20.907,1.0,2.8333,CAUTION,69,73.5
13:08:21.170,1.0,2.8333,CAUTION,69,73.5
13:08:21.429,1.0,2.8333,CAUTION,69,73.5
13:08:21.699,1.0,0.0,CAUTION,100,100.0
13:08:21.995,1.0,0.0,CAUTION,100,100.0
13:08:22.281,1.0,0.0,CAUTION,100,100.0
13:08:22.557,1.0,0.0,NORMAL,100,100.0
13:08:22.834,1.0,0.0,NORMAL,100,100.0
13:08:23.119,1.051,0.0,NORMAL,100,100.0
13:08:23.389,1.0077,0.0,NORMAL,100,99.0
13:08:23.656,1.0065,0.0,NORMAL,100,100.0
13:08:23.927,1.0055,0.0,NORMAL,100,100.0
13:08:24.206,1.0047,0.0,NORMAL,100,100.0
13:08:24.467,1.004,0.0,NORMAL,100,100.0
13:08:24.723,1.0034,0.0,NORMAL,100,100.0
13:08:24.990,1.0029,0.0,NORMAL,100,100.0
13:08:25.265,1.0025,0.0,NORMAL,100,100.0
13:08:25.526,1.0021,0.0,NORMAL,100,100.0
13:08:25.797,1.0475,0.0,NORMAL,100,100.0
13:08:26.064,1.0089,0.0,NORMAL,100,99.0
13:08:26.342,1.0076,2.0,NORMAL,78,62.0
13:08:26.606,1.0064,2.0,NORMAL,78,56.0
13:08:26.920,1.0055,2.0,NORMAL,78,56.0
13:08:27.215,1.0046,2.0,CAUTION,78,56.0
13:08:27.479,1.0039,2.0,CAUTION,78,56.0
13:08:27.779,1.0034,2.0,CAUTION,78,56.0
13:08:28.072,1.0029,0.0,CAUTION,100,100.0
13:08:28.350,1.0024,0.0,CAUTION,100,100.0
13:08:28.601,1.0021,0.0,CAUTION,100,100.0
13:08:28.870,1.0018,0.0,NORMAL,100,100.0
13:08:29.150,1.0015,0.0,NORMAL,100,100.0
13:08:29.410,1.0013,0.0,NORMAL,100,100.0
13:08:29.676,1.0011,0.0,NORMAL,100,100.0
13:08:29.935,1.0009,0.0,NORMAL,100,100.0
13:08:30.200,1.0008,0.0,NORMAL,100,100.0
13:08:30.469,1.0007,0.0,NORMAL,100,100.0
13:08:30.761,1.0006,0.0,NORMAL,100,100.0
13:08:31.052,1.0005,0.0,NORMAL,100,100.0
13:08:31.349,1.0004,0.0,NORMAL,100,100.0
13:08:31.597,1.0003,0.0,NORMAL,100,100.0
13:08:31.880,1.0003,0.0,NORMAL,100,100.0
13:08:32.149,1.0002,0.0,NORMAL,100,100.0
13:08:32.418,1.0002,0.0,NORMAL,100,100.0
13:08:32.676,1.0002,0.0,NORMAL,100,100.0
13:08:32.953,1.0002,0.0,NORMAL,100,100.0
13:08:33.215,1.0001,0.0,NORMAL,100,100.0
13:08:33.490,1.0001,0.0,NORMAL,100,100.0
13:08:33.757,1.0001,0.0,NORMAL,100,100.0
13:08:34.032,1.0001,2.3,NORMAL,68,75.0
13:08:34.303,1.0001,2.3,NORMAL,68,75.0
13:08:34.561,1.0001,2.3,NORMAL,68,75.0
13:08:34.837,1.0,2.3,CAUTION,68,75.0
13:08:35.121,1.0,2.3,CAUTION,68,75.0
13:08:35.401,1.0,2.3,CAUTION,68,75.0
13:08:35.684,1.0,2.3,CAUTION,68,75.0
13:08:35.987,1.0,0.0,CAUTION,100,100.0
13:08:36.310,1.0,0.0,CAUTION,100,100.0
13:08:36.597,1.0,0.0,CAUTION,100,100.0
13:08:36.892,1.0,0.0,NORMAL,100,100.0
13:08:37.185,1.0,0.0,NORMAL,100,100.0
13:08:37.441,1.0,1.3972,NORMAL,80,57.0
13:08:37.692,1.0,1.3972,NORMAL,80,57.0
13:08:38.096,1.0,1.3972,NORMAL,80,57.0
13:08:38.374,1.0,0.0,NORMAL,100,100.0
13:08:38.645,1.0,0.0,NORMAL,100,100.0
13:08:38.944,1.0,0.0,NORMAL,100,100.0
13:08:39.217,1.0,0.0,NORMAL,100,100.0
13:08:39.502,1.0,0.0,NORMAL,100,100.0
13:08:39.807,1.0,0.0,NORMAL,100,100.0
13:08:40.073,1.0,0.0,NORMAL,100,100.0
13:08:40.330,1.0,0.0,NORMAL,100,100.0
13:08:40.565,1.0,0.0,NORMAL,100,100.0
13:08:40.834,1.0,1.95,NORMAL,72,70.8
13:08:41.086,1.0,1.95,NORMAL,72,70.8
13:08:41.380,1.0,1.95,NORMAL,72,70.8
13:08:41.655,1.0,1.95,CAUTION,72,70.8
13:08:41.951,1.0,1.95,CAUTION,72,70.8
13:08:42.228,1.0,1.95,CAUTION,72,70.8
13:08:42.478,1.0,1.95,CAUTION,72,70.8
13:08:42.752,1.0,0.0,CAUTION,100,100.0
13:08:43.036,1.0,0.0,CAUTION,100,100.0
13:08:43.328,1.0,0.0,CAUTION,100,100.0
13:08:43.576,1.0,0.0,NORMAL,100,100.0
13:08:43.851,1.0,0.0,NORMAL,100,100.0
13:08:44.124,1.0,0.0,NORMAL,100,100.0
13:08:44.385,1.0,0.0,NORMAL,100,100.0
13:08:44.644,1.0,0.0,NORMAL,100,100.0
13:08:44.918,1.0,0.0,NORMAL,100,100.0
13:08:45.205,1.0,0.0,NORMAL,100,100.0
13:08:45.472,1.0,0.0,NORMAL,100,100.0
13:08:45.740,1.0,0.0,NORMAL,100,100.0
13:08:46.038,1.0,0.0,NORMAL,100,100.0
13:08:46.323,1.0,0.0,NORMAL,100,100.0
13:08:46.596,1.0,0.0,NORMAL,100,100.0
13:08:46.895,1.0,0.0,NORMAL,100,100.0
13:08:47.187,1.0,0.0,NORMAL,100,100.0
13:08:47.477,1.0,0.0,NORMAL,100,100.0
13:08:47.799,1.0,0.0,NORMAL,100,100.0
13:08:48.124,1.0,0.0,NORMAL,100,100.0
13:08:48.431,1.0,0.0,NORMAL,100,100.0
13:08:48.763,1.0,0.0,NORMAL,100,100.0
13:08:49.415,1.0,0.0,NORMAL,100,100.0
13:08:49.670,1.0,0.0,NORMAL,100,100.0
13:08:49.935,1.0,0.0,NORMAL,100,100.0
13:08:50.246,1.0,0.0,NORMAL,100,100.0
13:08:50.525,1.0,0.0,NORMAL,100,100.0
13:08:50.817,1.0,0.0,NORMAL,100,100.0
13:08:51.080,1.0,0.0,NORMAL,100,100.0
13:08:51.348,1.0,0.0,NORMAL,100,100.0
13:08:51.591,1.0,0.0,NORMAL,100,100.0
13:08:51.875,1.0,0.0,NORMAL,100,100.0
13:08:52.154,1.0,0.0,NORMAL,100,100.0
13:08:52.469,1.0,0.0,NORMAL,100,100.0
13:08:52.758,1.0,0.0,NORMAL,100,100.0
13:08:53.036,1.0,0.0,NORMAL,100,100.0
13:08:53.333,1.0,0.0,NORMAL,100,100.0
13:08:53.616,1.0,0.0,NORMAL,100,100.0
13:08:53.922,1.0,0.0,NORMAL,100,100.0
13:08:54.692,1.0,0.0,NORMAL,100,100.0
13:08:55.421,1.0,0.0,NORMAL,100,100.0
13:08:55.724,1.0,0.0,NORMAL,100,100.0
13:08:56.038,1.0,0.0,NORMAL,100,100.0
13:08:56.430,1.0,0.0,NORMAL,100,100.0
13:08:56.784,1.0,0.0,NORMAL,100,100.0
13:08:57.129,1.0,0.0,NORMAL,100,100.0
13:08:57.495,1.0,0.0,NORMAL,100,100.0
13:08:57.877,1.0,0.0,NORMAL,100,100.0
13:08:58.255,1.0,0.0,NORMAL,100,100.0
13:08:58.791,1.0,0.0,NORMAL,100,100.0
13:08:59.349,1.0,0.0,NORMAL,100,100.0
13:08:59.649,1.0,0.0,NORMAL,100,100.0
13:08:59.994,1.0,2.1958,NORMAL,69,73.8
13:09:00.335,1.0,2.1958,NORMAL,69,73.8
13:09:00.666,1.0,2.1958,NORMAL,69,73.8
13:09:01.026,1.0,2.1958,CAUTION,69,73.8
13:09:01.444,1.0,2.1958,CAUTION,69,73.8
13:09:02.055,1.0,2.3,CAUTION,68,75.0
13:09:02.335,1.0,2.3,CAUTION,68,75.0
13:09:02.633,1.0,2.3,CAUTION,68,75.0
13:09:02.955,1.0,2.3,CAUTION,68,75.0
13:09:03.283,1.0,2.3,CAUTION,68,75.0
13:09:03.609,1.0,2.3,CAUTION,68,75.0
13:09:03.968,1.0,2.3,CAUTION,68,75.0
13:09:04.342,1.0,2.3,CAUTION,68,75.0
13:09:04.686,1.0,4.8133,CAUTION,40,73.3
13:09:05.076,1.0,4.1159,CAUTION,50,57.0
13:09:05.447,1.0,4.1159,CAUTION,50,57.0
13:09:05.826,1.0,4.1159,HAZARD,50,57.0
13:09:06.320,1.0,4.1159,HAZARD,50,57.0
13:09:06.768,1.0,0.0,HAZARD,100,100.0
13:09:07.238,1.0,4.3173,HAZARD,47,68.9
13:09:07.652,1.0,4.3173,HAZARD,47,68.9
13:09:07.990,1.0,0.0,HAZARD,100,100.0
13:09:08.315,1.0,0.0,HAZARD,100,100.0
13:09:08.624,1.0,0.0,NORMAL,100,100.0
13:09:08.978,1.0,0.0,NORMAL,100,100.0
13:09:09.339,1.0,0.0,NORMAL,100,100.0
13:09:09.703,1.0,2.0,NORMAL,78,57.0
13:09:10.109,1.0,2.0,NORMAL,78,57.0
13:09:10.518,1.0,2.0,NORMAL,78,57.0
13:09:11.014,1.0,2.0,CAUTION,78,57.0
13:09:11.441,1.0,2.0,CAUTION,78,57.0
13:09:11.823,1.0,2.6667,CAUTION,71,72.0
13:09:12.431,1.0,2.6667,CAUTION,71,72.0
13:09:12.924,1.0,2.6667,CAUTION,71,72.0
13:09:13.251,1.0,2.6667,CAUTION,71,72.0
13:09:13.582,1.0,0.0,CAUTION,100,100.0
13:09:13.932,1.0,0.0,CAUTION,100,100.0
13:09:14.284,1.0,0.0,CAUTION,100,100.0
13:09:14.630,1.0,0.0,NORMAL,100,100.0
13:09:14.990,1.0,0.0,NORMAL,100,100.0
13:09:15.373,1.0,0.0,NORMAL,100,100.0
13:09:15.730,1.0,0.0,NORMAL,100,100.0
13:09:16.078,1.0,0.0,NORMAL,100,100.0
13:09:16.486,1.0,0.0,NORMAL,100,100.0
13:09:16.955,1.0,0.0,NORMAL,100,100.0
13:09:17.426,1.0,0.0,NORMAL,100,100.0
13:09:17.788,1.0,0.0,NORMAL,100,100.0
13:09:18.158,1.0,0.0,NORMAL,100,100.0
13:09:18.504,1.0,0.0,NORMAL,100,100.0
13:09:18.848,1.0,0.0,NORMAL,100,100.0
13:09:19.182,1.0,0.0,NORMAL,100,100.0
13:09:19.496,1.0,0.0,NORMAL,100,100.0
13:09:19.896,1.0,0.0,NORMAL,100,100.0
13:09:20.316,1.0,0.0,NORMAL,100,100.0
13:09:20.669,1.0,0.0,NORMAL,100,100.0
13:09:21.271,1.0,0.0,NORMAL,100,100.0
13:09:21.526,1.0,0.0,NORMAL,100,100.0
13:09:21.791,1.0,0.0,NORMAL,100,100.0
13:09:22.106,1.0,0.0,NORMAL,100,100.0
13:09:22.404,1.0,0.0,NORMAL,100,100.0
13:09:22.679,1.0,0.0,NORMAL,100,100.0
13:09:23.003,1.0,0.0,NORMAL,100,100.0
13:09:23.291,1.0,0.0,NORMAL,100,100.0
13:09:23.564,1.0,0.0,NORMAL,100,100.0
13:09:23.872,1.0,0.0,NORMAL,100,100.0
13:09:24.188,1.0,0.0,NORMAL,100,100.0
13:09:24.487,1.0,0.0,NORMAL,100,100.0
13:09:24.806,1.0,0.0,NORMAL,100,100.0
13:09:25.124,1.0,0.0,NORMAL,100,100.0
13:09:25.436,1.0,0.0,NORMAL,100,100.0
13:09:25.744,1.0,0.0,NORMAL,100,100.0
13:09:26.083,1.0,0.0,NORMAL,100,100.0
13:09:26.418,1.0,0.0,NORMAL,100,100.0
13:09:26.735,1.0,0.0,NORMAL,100,100.0
13:09:27.074,1.0,0.0,NORMAL,100,100.0
13:09:27.404,1.0,0.0,NORMAL,100,100.0
13:09:27.691,1.0,0.0,NORMAL,100,100.0
13:09:28.031,1.0,0.0,NORMAL,100,100.0
13:09:28.340,1.0,0.0,NORMAL,100,100.0
13:09:28.627,1.0,0.0,NORMAL,100,100.0
13:09:28.941,1.0,0.0,NORMAL,100,100.0
13:09:29.240,1.0,0.0,NORMAL,100,100.0
13:09:29.538,1.0,0.0,NORMAL,100,100.0
13:09:29.862,1.0,0.0,NORMAL,100,100.0
13:09:30.189,1.0,0.0,NORMAL,100,100.0
13:09:30.528,1.0,0.0,NORMAL,100,100.0
13:09:30.877,1.0,0.0,NORMAL,100,100.0
13:09:31.205,1.0,1.7,NORMAL,76,57.0
13:09:31.526,1.0,1.7,NORMAL,76,57.0
13:09:31.837,1.0,1.7,NORMAL,76,57.0
13:09:32.171,1.0,1.7,CAUTION,76,57.0
13:09:32.529,1.0,0.0,CAUTION,100,100.0
13:09:32.890,1.0,0.0,CAUTION,100,100.0
13:09:33.379,1.0,0.0,CAUTION,100,100.0
13:09:33.701,1.0,0.0,NORMAL,100,100.0
13:09:34.077,1.0,0.0,NORMAL,100,100.0
13:09:34.516,1.0,0.0,NORMAL,100,100.0
13:09:34.924,1.0,0.0,NORMAL,100,100.0
13:09:35.283,1.0,0.0,NORMAL,100,100.0
13:09:35.554,1.0,0.0,NORMAL,100,100.0
13:09:35.886,1.0,0.0,NORMAL,100,100.0
13:09:36.175,1.0,0.0,NORMAL,100,100.0
13:09:36.497,1.0,0.0,NORMAL,100,100.0
13:09:36.766,1.0,0.0,NORMAL,100,100.0
13:09:37.059,1.0,0.0,NORMAL,100,100.0
13:09:37.303,1.0,0.0,NORMAL,100,100.0
13:09:37.575,1.0,0.0,NORMAL,100,100.0
13:09:37.891,1.0,0.0,NORMAL,100,100.0
13:09:38.190,1.0,0.0,NORMAL,100,100.0
13:09:38.469,1.0,0.0,NORMAL,100,100.0
13:09:39.173,1.0,0.0,NORMAL,100,100.0
13:09:39.731,1.0,0.0,NORMAL,100,100.0
13:09:40.086,1.0,0.0,NORMAL,100,100.0
13:09:40.427,1.0,0.0,NORMAL,100,100.0
13:09:40.726,1.0,0.0,NORMAL,100,100.0
13:09:41.054,1.0,0.0,NORMAL,100,100.0
13:09:41.394,1.0,0.0,NORMAL,100,100.0
13:09:41.719,1.0,0.0,NORMAL,100,100.0
13:09:42.060,1.0,0.0,NORMAL,100,100.0
13:09:42.401,1.0,0.0,NORMAL,100,100.0
13:09:42.719,1.0,0.0,NORMAL,100,100.0
13:09:43.079,1.0,0.0,NORMAL,100,100.0
13:09:43.418,1.0,0.0,NORMAL,100,100.0
13:09:43.728,1.0,0.0,NORMAL,100,100.0
13:09:44.084,1.0,0.0,NORMAL,100,100.0
13:09:44.399,1.0,0.0,NORMAL,100,100.0
13:09:44.648,1.0,0.0,NORMAL,100,100.0
13:09:44.978,1.0,0.0,NORMAL,100,100.0
13:09:45.298,1.0,0.0,NORMAL,100,100.0
13:09:45.578,1.0,0.0,NORMAL,100,100.0
13:09:45.918,1.0,0.0,NORMAL,100,100.0
13:09:46.248,1.0,0.0,NORMAL,100,100.0
13:09:46.551,1.0,0.0,NORMAL,100,100.0
13:09:46.848,1.0,0.0,NORMAL,100,100.0
13:09:47.140,1.0,0.0,NORMAL,100,100.0
13:09:47.485,1.0,0.0,NORMAL,100,100.0
13:09:47.815,1.0,0.0,NORMAL,100,100.0
13:09:48.177,1.0,0.0,NORMAL,100,100.0
13:09:48.550,1.0,0.0,NORMAL,100,100.0
13:09:48.848,1.0,0.0,NORMAL,100,100.0
13:09:49.161,1.0,0.0,NORMAL,100,100.0
13:09:49.414,1.0,0.0,NORMAL,100,100.0
13:09:49.721,1.0,0.0,NORMAL,100,100.0
13:09:50.019,1.0,0.0,NORMAL,100,100.0
13:09:50.335,1.0,0.0,NORMAL,100,100.0
13:09:50.614,1.0,0.0,NORMAL,100,100.0
13:09:50.929,1.0,0.0,NORMAL,100,100.0
13:09:51.239,1.0,0.0,NORMAL,100,100.0
13:09:51.513,1.0,0.0,NORMAL,100,100.0
13:09:51.866,1.0,0.0,NORMAL,100,100.0
13:09:52.178,1.0,0.0,NORMAL,100,100.0
13:09:52.476,1.0,0.0,NORMAL,100,100.0
13:09:52.780,1.0,0.0,NORMAL,100,100.0
13:09:53.088,1.0,0.0,NORMAL,100,100.0
13:09:53.423,1.0,4.0649,NORMAL,50,57.0
13:09:53.773,1.0,4.0649,NORMAL,50,57.0
13:09:54.207,1.0,4.0649,NORMAL,50,57.0
13:09:54.539,1.0,4.0649,HAZARD,50,57.0
13:09:54.881,1.0,4.0649,HAZARD,50,57.0
13:09:55.202,1.0,4.0649,HAZARD,50,57.0
13:09:55.519,1.0,2.8333,HAZARD,69,73.5
13:09:55.869,1.0,0.0,HAZARD,100,100.0
13:09:56.222,1.0,0.0,HAZARD,100,100.0
13:09:56.511,1.0,0.0,HAZARD,100,100.0
13:09:56.820,1.0,0.0,NORMAL,100,100.0
13:09:57.238,1.0,0.0,NORMAL,100,100.0
13:09:57.561,1.0,0.0,NORMAL,100,100.0
13:09:57.956,1.0,0.0,NORMAL,100,100.0
13:09:58.314,1.0,0.0,NORMAL,100,100.0
13:09:58.579,1.0,4.3867,NORMAL,45,69.5
13:09:58.895,1.0,4.3867,NORMAL,45,69.5
13:09:59.221,1.0,4.3867,NORMAL,45,69.5
13:09:59.533,1.0,4.3867,HAZARD,45,69.5
13:09:59.846,1.0,4.3867,HAZARD,45,69.5
13:10:00.172,1.0,0.0,HAZARD,100,100.0
13:10:00.492,1.0,0.0,HAZARD,100,100.0
13:10:00.864,1.0,0.0,HAZARD,100,100.0
13:10:01.217,1.0,0.0,NORMAL,100,100.0
13:10:01.511,1.0,0.0,NORMAL,100,100.0
13:10:01.846,1.0,0.0,NORMAL,100,100.0
13:10:02.179,1.0,0.0,NORMAL,100,100.0
13:10:02.489,1.0,0.0,NORMAL,100,100.0
13:10:02.803,1.0,0.0,NORMAL,100,100.0
13:10:03.124,1.0,0.0,NORMAL,100,100.0
13:10:03.432,1.0,0.0,NORMAL,100,100.0
13:10:03.758,1.0,0.0,NORMAL,100,100.0
13:10:04.053,1.0,0.0,NORMAL,100,100.0
13:10:04.346,1.0,0.0,NORMAL,100,100.0
13:10:04.639,1.0,0.0,NORMAL,100,100.0
13:10:04.962,1.0,0.0,NORMAL,100,100.0
13:10:05.263,1.0,0.0,NORMAL,100,100.0
13:10:05.533,1.0,0.0,NORMAL,100,100.0
13:10:05.800,1.0,0.0,NORMAL,100,100.0
13:10:06.097,1.0,0.0,NORMAL,100,100.0
13:10:06.392,1.0,1.875,NORMAL,73,69.9
13:10:06.680,1.0,1.875,NORMAL,73,69.9
13:10:06.983,1.0,1.875,NORMAL,73,69.9
13:10:07.250,1.0,1.875,CAUTION,73,69.9
13:10:07.516,1.0,1.875,CAUTION,73,69.9
13:10:07.791,1.0,0.0,CAUTION,100,100.0
13:10:08.071,1.0,0.0,CAUTION,100,100.0
13:10:08.375,1.0,0.0,CAUTION,100,100.0
13:10:08.657,1.0,0.0,NORMAL,100,100.0
13:10:08.963,1.0,0.0,NORMAL,100,100.0
13:10:09.263,1.0,0.0,NORMAL,100,100.0
13:10:09.541,1.0,0.0,NORMAL,100,100.0
13:10:09.849,1.0,0.0,NORMAL,100,100.0
13:10:10.314,1.0,0.0,NORMAL,100,100.0
13:10:10.628,1.0,0.0,NORMAL,100,100.0
13:10:10.976,1.0,0.0,NORMAL,100,100.0
13:10:11.298,1.0,0.0,NORMAL,100,100.0
13:10:11.587,1.0,0.0,NORMAL,100,100.0
13:10:11.929,1.0,0.0,NORMAL,100,100.0
13:10:12.272,1.0,2.3,NORMAL,68,75.0
13:10:12.582,1.0,2.3,NORMAL,68,75.0
13:10:12.904,1.0,2.3,NORMAL,68,75.0
13:10:13.231,1.0,2.3,CAUTION,68,75.0
13:10:13.536,1.0,2.3,CAUTION,68,75.0
13:10:13.895,1.0,2.3,CAUTION,68,75.0
13:10:14.216,1.0,2.6667,CAUTION,71,72.0
13:10:14.508,1.0,2.6667,CAUTION,71,72.0
13:10:14.822,1.0,2.6667,CAUTION,71,72.0
13:10:15.200,1.0,2.6667,CAUTION,71,72.0
13:10:15.564,1.0,2.6667,CAUTION,71,72.0
13:10:15.941,1.0,2.6667,CAUTION,71,72.0
13:10:16.378,1.0,3.0,CAUTION,68,75.0
13:10:16.708,1.0,3.0,CAUTION,68,75.0
13:10:17.055,1.0,3.0,CAUTION,68,75.0
13:10:17.373,1.0,3.0,CAUTION,68,75.0
13:10:17.669,1.0,3.0,CAUTION,68,75.0
13:10:17.993,1.0,3.0,CAUTION,68,75.0
13:10:18.297,1.0,0.0,CAUTION,100,100.0
13:10:18.597,1.0,0.0,CAUTION,100,100.0
13:10:18.933,1.0,0.0,CAUTION,100,100.0
13:10:19.255,1.0,0.0,NORMAL,100,100.0
13:10:19.567,1.0,0.0,NORMAL,100,100.0
13:10:19.893,1.0,0.0,NORMAL,100,100.0
13:10:20.184,1.0,0.0,NORMAL,100,100.0
13:10:20.451,1.0,0.0,NORMAL,100,100.0
13:10:20.750,1.0,0.0,NORMAL,100,100.0
13:10:21.073,1.0,0.0,NORMAL,100,100.0
13:10:21.402,1.0,0.0,NORMAL,100,100.0
13:10:21.689,1.0,0.0,NORMAL,100,100.0
13:10:22.004,1.0,0.0,NORMAL,100,100.0
13:10:22.322,1.0,0.0,NORMAL,100,100.0
13:10:22.597,1.0,0.0,NORMAL,100,100.0
13:10:22.893,1.0,0.0,NORMAL,100,100.0
13:10:23.188,1.0,0.0,NORMAL,100,100.0
13:10:23.522,1.0,0.0,NORMAL,100,100.0
13:10:23.891,1.0,0.0,NORMAL,100,100.0
13:10:24.213,1.0,0.0,NORMAL,100,100.0
13:10:24.525,1.0,2.3,NORMAL,68,75.0
13:10:24.882,1.0,2.3,NORMAL,68,75.0
13:10:25.172,1.0,2.3,NORMAL,68,75.0
13:10:25.480,1.0,2.3,CAUTION,68,75.0
13:10:25.840,1.0,2.3,CAUTION,68,75.0
13:10:26.136,1.0,2.3,CAUTION,68,75.0
13:10:26.494,1.0,4.5896,CAUTION,43,71.3
13:10:26.866,1.0,4.5896,CAUTION,43,71.3
13:10:27.211,1.0,0.0,CAUTION,100,100.0
13:10:27.536,1.0,0.0,CAUTION,100,100.0
13:10:27.904,1.0,0.0,NORMAL,100,100.0
13:10:28.257,1.0,0.0,NORMAL,100,100.0
13:10:28.578,1.0,0.0,NORMAL,100,100.0
13:10:28.856,1.0,0.0,NORMAL,100,100.0
13:10:29.110,1.0,0.0,NORMAL,100,100.0
13:10:29.400,1.0,0.0,NORMAL,100,100.0
13:10:29.677,1.0,0.0,NORMAL,100,100.0
13:10:30.000,1.0,0.0,NORMAL,100,100.0
13:10:30.298,1.0,0.0,NORMAL,100,100.0
13:10:30.576,1.0,0.0,NORMAL,100,100.0
13:10:30.879,1.0,0.0,NORMAL,100,100.0
13:10:31.164,1.0,0.0,NORMAL,100,100.0
13:10:31.439,1.0,4.2571,NORMAL,48,68.3
13:10:31.719,1.0,4.2571,NORMAL,48,68.3
13:10:31.999,1.0,4.2571,NORMAL,48,68.3
13:10:32.250,1.0,0.0,NORMAL,100,100.0
13:10:32.533,1.0,0.0,NORMAL,100,100.0
13:10:32.815,1.0,0.0,NORMAL,100,100.0
13:10:33.064,1.0,0.0,NORMAL,100,100.0
13:10:33.347,1.0,0.0,NORMAL,100,100.0
13:10:33.617,1.0,0.0,NORMAL,100,100.0
13:10:33.911,1.0,0.0,NORMAL,100,100.0
13:10:34.201,1.0,0.0,NORMAL,100,100.0
13:10:34.484,1.0,2.3,NORMAL,68,75.0
13:10:34.778,1.0,2.3,NORMAL,68,75.0
13:10:35.132,1.0,2.3,NORMAL,68,75.0
13:10:35.476,1.0,2.3,CAUTION,68,75.0
13:10:35.851,1.0,2.125,CAUTION,70,72.9
13:10:36.185,1.0,2.125,CAUTION,70,72.9
13:10:36.498,1.0,2.3,CAUTION,68,75.0
13:10:36.803,1.0,2.3,CAUTION,68,75.0
13:10:37.115,1.0,2.3,CAUTION,68,75.0
13:10:37.393,1.0,2.125,CAUTION,70,72.9
13:10:37.661,1.0,2.3,CAUTION,68,75.0
13:10:37.932,1.0,2.3,CAUTION,68,75.0
13:10:38.217,1.0,2.3,CAUTION,68,75.0
13:10:38.505,1.0,4.1552,CAUTION,49,57.0
13:10:38.789,1.0,4.0636,CAUTION,50,57.0
13:10:39.059,1.0,4.0636,CAUTION,50,57.0
13:10:39.358,1.0,4.0636,HAZARD,50,57.0
13:10:39.668,1.0,4.0636,HAZARD,50,57.0
13:10:39.987,1.0,4.0636,HAZARD,50,57.0
13:10:40.258,1.0,4.1552,HAZARD,49,57.0
13:10:40.529,1.0,4.0636,HAZARD,50,57.0
13:10:40.805,1.0,2.3333,HAZARD,74,69.0
13:10:41.099,1.0,2.3333,HAZARD,74,69.0
13:10:41.387,1.0,2.3333,HAZARD,74,69.0
13:10:41.680,1.0,4.1552,HAZARD,49,57.0
13:10:41.979,1.0,0.0,CAUTION,100,100.0
13:10:42.337,1.0,0.0,CAUTION,100,100.0
13:10:42.645,1.0,2.3,CAUTION,68,75.0
13:10:42.962,1.0,4.1552,CAUTION,49,57.0
13:10:43.305,1.0,4.1552,HAZARD,49,57.0
13:10:43.636,1.0,1.5083,HAZARD,78,57.0
13:10:43.979,1.0,0.0,NORMAL,100,100.0
13:10:44.327,1.0,4.3493,HAZARD,46,69.1
13:10:44.613,1.0,0.0,HAZARD,100,100.0
13:10:44.968,1.0,1.4979,HAZARD,78,57.0
13:10:45.311,1.0,1.4979,CAUTION,78,57.0
13:10:45.598,1.0,1.4979,CAUTION,78,57.0
13:10:45.940,1.0,1.4979,CAUTION,78,57.0
13:10:46.264,1.0,1.4979,CAUTION,78,57.0
13:10:46.542,1.0,0.0,CAUTION,100,100.0
13:10:46.886,1.0,4.8603,CAUTION,39,73.7
13:10:47.243,1.0,4.8603,CAUTION,39,73.7
13:10:47.577,1.0,4.8603,CAUTION,39,73.7
13:10:47.938,1.0,4.8603,HAZARD,39,73.7
13:10:48.308,1.0,0.0,HAZARD,100,100.0
13:10:48.660,1.0,0.0,HAZARD,100,100.0
13:10:48.986,1.0,0.0,HAZARD,100,100.0
13:10:49.311,1.0,0.0,NORMAL,100,100.0
13:10:49.603,1.0,0.0,NORMAL,100,100.0
13:10:49.912,1.0,0.0,NORMAL,100,100.0
13:10:50.222,1.0,0.0,NORMAL,100,100.0
13:10:50.511,1.0,0.0,NORMAL,100,100.0
13:10:50.799,1.0,0.0,NORMAL,100,100.0
13:10:51.102,1.0,0.0,NORMAL,100,100.0
13:10:51.400,1.0,0.0,NORMAL,100,100.0
13:10:51.683,1.0,0.0,NORMAL,100,100.0
13:10:52.009,1.0,0.0,NORMAL,100,100.0
13:10:52.335,1.0,0.0,NORMAL,100,100.0
13:10:52.620,1.0,0.0,NORMAL,100,100.0
13:10:52.961,1.0,0.0,NORMAL,100,100.0
13:10:53.304,1.0,0.0,NORMAL,100,100.0
13:10:53.603,1.0,2.0,NORMAL,78,57.0
13:10:53.951,1.0,2.0,NORMAL,78,57.0
13:10:54.312,1.0,2.0,NORMAL,78,57.0
13:10:54.618,1.0,2.0,CAUTION,78,57.0
13:10:54.941,1.0,2.0,CAUTION,78,57.0
13:10:55.288,1.0,2.0,CAUTION,78,57.0
13:10:55.603,1.0,2.8333,CAUTION,69,73.5
13:10:55.957,1.0,2.8333,CAUTION,69,73.5
13:10:56.296,1.0,2.8333,CAUTION,69,73.5
13:10:56.602,1.0,2.8333,CAUTION,69,73.5
13:10:56.934,1.0,2.8333,CAUTION,69,73.5
13:10:57.318,1.0,2.8333,CAUTION,69,73.5
13:10:57.646,1.0,3.0,CAUTION,68,75.0
13:10:57.982,1.0,3.0,CAUTION,68,75.0
13:10:58.322,1.0,3.0,CAUTION,68,75.0
13:10:58.635,1.0,3.0,CAUTION,68,75.0
13:10:58.959,1.0,0.0,CAUTION,100,100.0
13:10:59.285,1.0,0.0,CAUTION,100,100.0
13:10:59.586,1.0,0.0,CAUTION,100,100.0
13:10:59.936,1.0,0.0,NORMAL,100,100.0
13:11:00.272,1.0,0.0,NORMAL,100,100.0
13:11:00.577,1.0,0.0,NORMAL,100,100.0
13:11:00.884,1.0,2.3,NORMAL,68,75.0
13:11:01.210,1.0,2.3,NORMAL,68,75.0
13:11:01.527,1.0,2.3,NORMAL,68,75.0
13:11:01.897,1.0,2.3,CAUTION,68,75.0
13:11:02.271,1.0,2.3,CAUTION,68,75.0
13:11:02.578,1.0,0.0,CAUTION,100,100.0
13:11:02.906,1.0,0.0,CAUTION,100,100.0
13:11:03.190,1.0,0.0,CAUTION,100,100.0
13:11:03.476,1.0,0.0,NORMAL,100,100.0
13:11:03.751,1.0,0.0,NORMAL,100,100.0
13:11:04.008,1.0,0.0,NORMAL,100,100.0
13:11:04.286,1.0,0.0,NORMAL,100,100.0
13:11:04.556,1.0,0.0,NORMAL,100,100.0
13:11:04.833,1.0,0.0,NORMAL,100,100.0
13:11:05.125,1.0,0.0,NORMAL,100,100.0
13:11:05.416,1.0,0.0,NORMAL,100,100.0
13:11:05.718,1.0,0.0,NORMAL,100,100.0
13:11:06.024,1.0,0.0,NORMAL,100,100.0
13:11:06.314,1.0,0.0,NORMAL,100,100.0
13:11:06.595,1.0,4.5773,NORMAL,43,71.2
13:11:06.926,1.0,4.5773,NORMAL,43,71.2
13:11:07.257,1.0,4.5773,NORMAL,43,71.2
13:11:07.528,1.0,4.5773,HAZARD,43,71.2
13:11:07.839,1.0,0.0,HAZARD,100,100.0
13:11:08.161,1.0,0.0,HAZARD,100,100.0
13:11:08.471,1.0,0.0,HAZARD,100,100.0
13:11:08.743,1.0,0.0,NORMAL,100,100.0
13:11:09.030,1.0,0.0,NORMAL,100,100.0
13:11:09.381,1.0,0.0,NORMAL,100,100.0
13:11:09.677,1.0,0.0,NORMAL,100,100.0
13:11:09.995,1.0,2.0,NORMAL,78,57.0
13:11:10.289,1.0,2.0,NORMAL,78,57.0
13:11:10.598,1.0,2.0,NORMAL,78,57.0
13:11:10.875,1.0,2.0,CAUTION,78,57.0
13:11:11.145,1.0,2.0,CAUTION,78,57.0
13:11:11.430,1.0,2.0,CAUTION,78,57.0
13:11:11.706,1.0,2.0,CAUTION,78,57.0
13:11:11.989,1.0,2.5,CAUTION,72,70.5
13:11:12.275,1.0,0.0,CAUTION,100,100.0
13:11:12.568,1.0,0.0,CAUTION,100,100.0
13:11:12.964,1.0,0.0,CAUTION,100,100.0
13:11:13.247,1.0,0.0,NORMAL,100,100.0
13:11:13.516,1.0,0.0,NORMAL,100,100.0
13:11:13.785,1.0,0.0,NORMAL,100,100.0
13:11:14.057,1.0,0.0,NORMAL,100,100.0
13:11:14.293,1.0,0.0,NORMAL,100,100.0
13:11:14.545,1.0,0.0,NORMAL,100,100.0
13:11:14.841,1.0,2.3,NORMAL,68,75.0
13:11:15.122,1.0,2.3,NORMAL,68,75.0
13:11:15.399,1.0,2.3,NORMAL,68,75.0
13:11:15.665,1.0,2.3,CAUTION,68,75.0
13:11:15.919,1.0,2.3,CAUTION,68,75.0
13:11:16.184,1.0,2.3,CAUTION,68,75.0
13:11:16.452,1.0,2.3,CAUTION,68,75.0
13:11:16.735,1.0,3.0,CAUTION,68,75.0
13:11:16.996,1.0,3.0,CAUTION,68,75.0
13:11:17.253,1.0,3.0,CAUTION,68,75.0
13:11:17.526,1.0,3.0,CAUTION,68,75.0
13:11:17.794,1.0,3.0,CAUTION,68,75.0
13:11:18.063,1.0,3.0,CAUTION,68,75.0
13:11:18.362,1.0,3.0,CAUTION,68,75.0
13:11:18.617,1.0,0.0,CAUTION,100,100.0
13:11:18.904,1.0,0.0,CAUTION,100,100.0
13:11:19.173,1.0,0.0,CAUTION,100,100.0
13:11:19.422,1.0,0.0,NORMAL,100,100.0
13:11:19.644,1.0,0.0,NORMAL,100,100.0
13:11:19.908,1.0,0.0,NORMAL,100,100.0
13:11:20.187,1.0,0.0,NORMAL,100,100.0
13:11:20.438,1.0,0.0,NORMAL,100,100.0
13:11:20.721,1.0,0.0,NORMAL,100,100.0
13:11:21.026,1.0,0.0,NORMAL,100,100.0
13:11:21.327,1.0,0.0,NORMAL,100,100.0
13:11:21.556,1.0,0.0,NORMAL,100,100.0
13:11:21.845,1.0,0.0,NORMAL,100,100.0
13:11:22.114,1.0,0.0,NORMAL,100,100.0
13:11:22.375,1.0,0.0,NORMAL,100,100.0
13:11:22.618,1.0,0.0,NORMAL,100,100.0
13:11:22.881,1.0,0.0,NORMAL,100,100.0
13:11:23.165,1.0,0.0,NORMAL,100,100.0
13:11:23.466,1.0,0.0,NORMAL,100,100.0
13:11:23.728,1.0,0.0,NORMAL,100,100.0
13:11:23.992,1.0,0.0,NORMAL,100,100.0
13:11:24.242,1.0,0.0,NORMAL,100,100.0
13:11:24.494,1.0,0.0,NORMAL,100,100.0
13:11:24.777,1.0,0.0,NORMAL,100,100.0
13:11:25.094,1.0,0.0,NORMAL,100,100.0
13:11:25.388,1.0,0.0,NORMAL,100,100.0
13:11:25.648,1.0,0.0,NORMAL,100,100.0
13:11:25.948,1.0,0.0,NORMAL,100,100.0
13:11:26.279,1.0,0.0,NORMAL,100,100.0
13:11:26.580,1.0,0.0,NORMAL,100,100.0
13:11:26.888,1.0,0.0,NORMAL,100,100.0
13:11:27.186,1.0,0.0,NORMAL,100,100.0
13:11:27.467,1.0,0.0,NORMAL,100,100.0
13:11:27.778,1.0,0.0,NORMAL,100,100.0
13:11:28.078,1.0,0.0,NORMAL,100,100.0
13:11:28.439,1.0,0.0,NORMAL,100,100.0
13:11:28.777,1.0,0.0,NORMAL,100,100.0
13:11:29.103,1.0,0.0,NORMAL,100,100.0
13:11:29.539,1.0,0.0,NORMAL,100,100.0
13:11:30.001,1.0,0.0,NORMAL,100,100.0
13:11:30.304,1.0,0.0,NORMAL,100,100.0
13:11:30.548,1.0,0.0,NORMAL,100,100.0
13:11:30.832,1.0,0.0,NORMAL,100,100.0
13:11:31.157,1.0,0.0,NORMAL,100,100.0
13:11:31.451,1.0,0.0,NORMAL,100,100.0
13:11:31.743,1.0,0.0,NORMAL,100,100.0
13:11:32.062,1.0,0.0,NORMAL,100,100.0
13:11:32.385,1.0,0.0,NORMAL,100,100.0
13:11:32.662,1.0,0.0,NORMAL,100,100.0
13:11:32.975,1.0,0.0,NORMAL,100,100.0
13:11:33.298,1.0,0.0,NORMAL,100,100.0
13:11:33.572,1.0,0.0,NORMAL,100,100.0
13:11:33.916,1.0,0.0,NORMAL,100,100.0
13:11:34.248,1.0,0.0,NORMAL,100,100.0
13:11:34.542,1.0,0.0,NORMAL,100,100.0
13:11:34.860,1.0,0.0,NORMAL,100,100.0
13:11:35.199,1.0,0.0,NORMAL,100,100.0
13:11:35.492,1.0,0.0,NORMAL,100,100.0
13:11:35.819,1.0,0.0,NORMAL,100,100.0
13:11:36.151,1.0,0.0,NORMAL,100,100.0
13:11:36.485,1.0,0.0,NORMAL,100,100.0
13:11:36.783,1.0,0.0,NORMAL,100,100.0
13:11:37.104,1.0,0.0,NORMAL,100,100.0
13:11:37.380,1.0,0.0,NORMAL,100,100.0
13:11:37.644,1.0,0.0,NORMAL,100,100.0
13:11:37.930,1.0,0.0,NORMAL,100,100.0
13:11:38.211,1.0,0.0,NORMAL,100,100.0
13:11:38.451,1.0,0.0,NORMAL,100,100.0
13:11:38.707,1.0,0.0,NORMAL,100,100.0
13:11:38.973,1.0,0.0,NORMAL,100,100.0
13:11:39.250,1.0,0.0,NORMAL,100,100.0
13:11:39.518,1.0,0.0,NORMAL,100,100.0
13:11:39.759,1.0,0.0,NORMAL,100,100.0
13:11:40.040,1.0,0.0,NORMAL,100,100.0
13:11:40.292,1.0,0.0,NORMAL,100,100.0
13:11:40.549,1.0,0.0,NORMAL,100,100.0
13:11:40.828,1.0,0.0,NORMAL,100,100.0
13:11:41.504,1.0,0.0,NORMAL,100,100.0
13:11:41.740,1.0,0.0,NORMAL,100,100.0
13:11:42.130,1.0,0.0,NORMAL,100,100.0
13:11:42.390,1.0,0.0,NORMAL,100,100.0
13:11:42.629,1.0,0.0,NORMAL,100,100.0
13:11:42.910,1.0,0.0,NORMAL,100,100.0
13:11:43.200,1.0,0.0,NORMAL,100,100.0
13:11:43.487,1.0,0.0,NORMAL,100,100.0
13:11:43.745,1.0,0.0,NORMAL,100,100.0
13:11:43.992,1.0,0.0,NORMAL,100,100.0
13:11:44.239,1.0,0.0,NORMAL,100,100.0
13:11:44.483,1.0,0.0,NORMAL,100,100.0
13:11:44.776,1.0,0.0,NORMAL,100,100.0
13:11:45.070,1.0,0.0,NORMAL,100,100.0
13:11:45.339,1.0,0.0,NORMAL,100,100.0
13:11:45.573,1.0,0.0,NORMAL,100,100.0
13:11:45.828,1.0,0.0,NORMAL,100,100.0
13:11:46.255,1.0,2.3,NORMAL,68,75.0
13:11:46.649,1.0,2.3,NORMAL,68,75.0
13:11:47.045,1.0,2.3,NORMAL,68,75.0
13:11:47.408,1.0,2.3,CAUTION,68,75.0
13:11:48.002,1.0,2.3,CAUTION,68,75.0
13:11:48.425,1.0,1.7722,CAUTION,74,68.7
13:11:48.832,1.0,0.0,CAUTION,100,100.0
13:11:49.386,1.0,0.0,CAUTION,100,100.0
13:11:49.927,1.0,0.0,CAUTION,100,100.0
13:11:50.560,1.0,4.4254,CAUTION,45,69.8
13:11:51.024,1.0,0.0,NORMAL,100,100.0
13:11:51.463,1.0,0.0,NORMAL,100,100.0
13:11:51.921,1.0,0.0,NORMAL,100,100.0
13:11:52.521,1.0,0.0,NORMAL,100,100.0
13:11:53.162,1.0,0.0,NORMAL,100,100.0
13:11:53.499,1.0,0.0,NORMAL,100,100.0
13:11:53.870,1.0,0.0,NORMAL,100,100.0
13:11:54.287,1.0,0.0,NORMAL,100,100.0
13:11:55.080,1.0,0.0,NORMAL,100,100.0
13:11:55.465,1.0,0.0,NORMAL,100,100.0
13:11:55.810,1.0,0.0,NORMAL,100,100.0
13:11:56.179,1.0,0.0,NORMAL,100,100.0
13:11:56.571,1.0,0.0,NORMAL,100,100.0
13:11:57.221,1.0,4.2736,NORMAL,48,68.5
13:11:57.747,1.0,4.2736,NORMAL,48,68.5
13:11:58.080,1.0,4.2736,NORMAL,48,68.5
13:11:58.454,1.0,4.2736,HAZARD,48,68.5
13:11:58.881,1.0,4.2736,HAZARD,48,68.5
13:11:59.384,1.0,0.0,HAZARD,100,100.0
13:11:59.986,1.0,0.0,HAZARD,100,100.0
13:12:00.373,1.0,0.0,HAZARD,100,100.0
13:12:00.743,1.0,0.0,NORMAL,100,100.0
13:12:01.152,1.0,0.0,NORMAL,100,100.0
13:12:01.566,1.0,0.0,NORMAL,100,100.0
13:12:01.974,1.0,0.0,NORMAL,100,100.0
13:12:02.380,1.0,0.0,NORMAL,100,100.0
13:12:02.764,1.0,0.0,NORMAL,100,100.0
13:12:03.257,1.0,0.0,NORMAL,100,100.0
13:12:03.918,1.0,0.0,NORMAL,100,100.0
13:12:04.346,1.0,0.0,NORMAL,100,100.0
13:12:04.698,1.0,1.3673,NORMAL,80,57.0
13:12:05.164,1.0,1.3673,NORMAL,80,57.0
13:12:06.169,1.0,1.3673,NORMAL,80,57.0
13:12:06.547,1.0,3.0,CAUTION,68,75.0
13:12:07.020,1.0,3.0,CAUTION,71,75.0
13:12:07.406,1.0,3.0,CAUTION,71,75.0
13:12:07.775,1.0,3.0,CAUTION,71,75.0
13:12:08.478,1.0,3.0,CAUTION,71,75.0
13:12:08.924,1.0,3.0,CAUTION,68,75.0
13:12:09.262,1.0,3.0,CAUTION,68,75.0
13:12:09.611,1.0,3.0,CAUTION,68,75.0
13:12:10.007,1.0,3.0,CAUTION,68,75.0
13:12:10.428,1.0,3.0,CAUTION,68,75.0
13:12:10.818,1.0,3.0,CAUTION,68,75.0
13:12:11.493,1.0,3.0,CAUTION,68,75.0
13:12:11.899,1.0,3.0,CAUTION,68,75.0
13:12:12.253,1.0,3.0,CAUTION,68,75.0
13:12:12.589,1.0,3.0,CAUTION,68,75.0
13:12:12.953,1.0,3.0,CAUTION,68,75.0
13:12:13.643,1.0,0.0,CAUTION,100,100.0
13:12:13.986,1.0,0.0,CAUTION,100,100.0
13:12:14.329,1.0,0.0,CAUTION,100,100.0
13:12:14.665,1.0,0.0,NORMAL,100,100.0
13:12:15.045,1.0,0.0,NORMAL,100,100.0
13:12:15.433,1.0,0.0,NORMAL,100,100.0
13:12:15.809,1.0,0.0,NORMAL,100,100.0
13:12:16.191,1.0,0.0,NORMAL,100,100.0
13:12:16.548,1.0,0.0,NORMAL,100,100.0
13:12:16.946,1.0,0.0,NORMAL,100,100.0
13:12:17.317,1.0,0.0,NORMAL,100,100.0
13:12:17.682,1.0,0.0,NORMAL,100,100.0
13:12:18.076,1.0,0.0,NORMAL,100,100.0
13:12:18.450,1.0,0.0,NORMAL,100,100.0
13:12:18.843,1.0,0.0,NORMAL,100,100.0
13:12:19.227,1.0,0.0,NORMAL,100,100.0
13:12:19.578,1.0,0.0,NORMAL,100,100.0
13:12:20.298,1.0,0.0,NORMAL,100,100.0
13:12:20.623,1.0,0.0,NORMAL,100,100.0
13:12:20.973,1.0,0.0,NORMAL,100,100.0
13:12:21.300,1.0,0.0,NORMAL,100,100.0
13:12:21.643,1.0,0.0,NORMAL,100,100.0
13:12:21.995,1.0,0.0,NORMAL,100,100.0
13:12:22.372,1.0,0.0,NORMAL,100,100.0
13:12:22.725,1.0,0.0,NORMAL,100,100.0
13:12:23.107,1.0,0.0,NORMAL,100,100.0
13:12:23.469,1.0,0.0,NORMAL,100,100.0
13:12:23.840,1.0,0.0,NORMAL,100,100.0
13:12:24.229,1.0,0.0,NORMAL,100,100.0
13:12:24.590,1.0,0.0,NORMAL,100,100.0
13:12:24.962,1.0,0.0,NORMAL,100,100.0
13:12:25.366,1.0,0.0,NORMAL,100,100.0
13:12:25.894,1.0,0.0,NORMAL,100,100.0
13:12:26.279,1.0,0.0,NORMAL,100,100.0
13:12:26.633,1.0,0.0,NORMAL,100,100.0
13:12:27.347,1.0005,0.0,NORMAL,100,100.0
13:12:27.665,1.0001,0.0,NORMAL,100,100.0
13:12:28.024,1.0001,0.0,NORMAL,100,100.0
13:12:28.380,1.0001,0.0,NORMAL,100,100.0
13:12:28.718,1.0,0.0,NORMAL,100,100.0
13:12:29.070,1.0,0.0,NORMAL,100,100.0
13:12:29.438,1.0,0.0,NORMAL,100,100.0
13:12:29.798,1.0,0.0,NORMAL,100,100.0
13:12:30.189,1.0,0.0,NORMAL,100,100.0
13:12:30.541,1.0,0.0,NORMAL,100,100.0
13:12:30.943,1.0,0.0,NORMAL,100,100.0
13:12:31.332,1.0,0.0,NORMAL,100,100.0
13:12:31.724,1.0,0.0,NORMAL,100,100.0
13:12:32.452,1.0,0.0,NORMAL,100,100.0
13:12:32.738,1.0,0.0,NORMAL,100,100.0
13:12:33.055,1.0,0.0,NORMAL,100,100.0
13:12:33.376,1.0,0.0,NORMAL,100,100.0
13:12:33.744,1.0,0.0,NORMAL,100,100.0
13:12:34.088,1.0,0.0,NORMAL,100,100.0
13:12:34.434,1.051,0.0,NORMAL,100,100.0
13:12:34.783,1.0076,0.0,NORMAL,100,99.0
13:12:35.136,1.0065,0.0,NORMAL,100,100.0
13:12:35.428,1.0055,0.0,NORMAL,100,100.0
13:12:35.754,1.0047,0.0,NORMAL,100,100.0
13:12:36.106,1.004,0.0,NORMAL,100,100.0
13:12:36.458,1.0034,0.0,NORMAL,100,100.0
13:12:36.795,1.0029,0.0,NORMAL,100,100.0
13:12:37.152,1.0025,0.0,NORMAL,100,100.0
13:12:37.515,1.0021,0.0,NORMAL,100,100.0
13:12:37.895,1.0018,0.0,NORMAL,100,100.0
13:12:38.256,1.0015,0.0,NORMAL,100,100.0
13:12:38.609,1.0013,0.0,NORMAL,100,100.0
13:12:39.002,1.0011,0.0,NORMAL,100,100.0
13:12:39.383,1.0009,0.0,NORMAL,100,100.0
13:12:39.768,1.0008,0.0,NORMAL,100,100.0
13:12:40.182,1.0007,0.0,NORMAL,100,100.0
13:12:40.548,1.0006,0.0,NORMAL,100,100.0
13:12:40.945,1.0005,0.0,NORMAL,100,100.0
13:12:41.335,1.0004,0.0,NORMAL,100,100.0
13:12:41.694,1.0003,0.0,NORMAL,100,100.0
13:12:42.077,1.0003,0.0,NORMAL,100,100.0
13:12:42.436,1.0003,0.0,NORMAL,100,100.0
13:12:42.787,1.0002,0.0,NORMAL,100,100.0
13:12:43.107,1.0002,0.0,NORMAL,100,100.0
13:12:43.442,1.0002,0.0,NORMAL,100,100.0
13:12:43.737,1.0001,0.0,NORMAL,100,100.0
13:12:44.073,1.0001,0.0,NORMAL,100,100.0
13:12:44.438,1.0001,0.0,NORMAL,100,100.0
13:12:44.803,1.0001,0.0,NORMAL,100,100.0
13:12:45.178,1.0001,0.0,NORMAL,100,100.0
13:12:45.531,1.0001,0.0,NORMAL,100,100.0
13:12:45.931,1.0,0.0,NORMAL,100,100.0
13:12:46.299,1.0,0.0,NORMAL,100,100.0
13:12:46.633,1.0,0.0,NORMAL,100,100.0
13:12:47.007,1.0,0.0,NORMAL,100,100.0
13:12:47.380,1.0,0.0,NORMAL,100,100.0
13:12:47.760,1.0,0.0,NORMAL,100,100.0
13:12:48.619,1.0,0.0,NORMAL,100,100.0
13:12:49.033,1.0,0.0,NORMAL,100,100.0
13:12:49.381,1.0,0.0,NORMAL,100,100.0
13:12:49.694,1.0,0.0,NORMAL,100,100.0
13:12:50.037,1.0,0.0,NORMAL,100,100.0
13:12:50.408,1.0,0.0,NORMAL,100,100.0
13:12:50.761,1.0,0.0,NORMAL,100,100.0
13:12:51.124,1.0,0.0,NORMAL,100,100.0
13:12:51.498,1.0,0.0,NORMAL,100,100.0
13:12:51.843,1.0,0.0,NORMAL,100,100.0
13:12:52.220,1.0,0.0,NORMAL,100,100.0
13:12:52.600,1.0,0.0,NORMAL,100,100.0
13:12:53.012,1.0,0.0,NORMAL,100,100.0
13:12:53.404,1.0,0.0,NORMAL,100,100.0
13:12:53.772,1.0,0.0,NORMAL,100,100.0
13:12:54.177,1.0,0.0,NORMAL,100,100.0
13:12:54.545,1.0,0.0,NORMAL,100,100.0
13:12:54.934,1.0,0.0,NORMAL,100,100.0
13:12:55.325,1.0,0.0,NORMAL,100,100.0
13:12:55.711,1.0,0.0,NORMAL,100,100.0
13:12:56.288,1.0,0.0,NORMAL,100,100.0
13:12:56.756,1.0,0.0,NORMAL,100,100.0
13:12:57.110,1.0,0.0,NORMAL,100,100.0
13:12:57.480,1.0,0.0,NORMAL,100,100.0
13:12:57.844,1.0,0.0,NORMAL,100,100.0
13:12:58.202,1.0,0.0,NORMAL,100,100.0
13:12:58.563,1.0,0.0,NORMAL,100,100.0
13:12:58.929,1.0,0.0,NORMAL,100,100.0
13:12:59.289,1.0,0.0,NORMAL,100,100.0
13:12:59.640,1.0,0.0,NORMAL,100,100.0
13:13:00.102,1.0,0.0,NORMAL,100,100.0
13:13:00.658,1.0,0.0,NORMAL,100,100.0
13:13:00.992,1.0,0.0,NORMAL,100,100.0
13:13:01.313,1.0,0.0,NORMAL,100,100.0
13:13:01.637,1.0,0.0,NORMAL,100,100.0
13:13:02.011,1.0,0.0,NORMAL,100,100.0
13:13:02.400,1.0,0.0,NORMAL,100,100.0
13:13:02.745,1.0,0.0,NORMAL,100,100.0
13:13:03.121,1.0,0.0,NORMAL,100,100.0
13:13:03.492,1.0,0.0,NORMAL,100,100.0
13:13:03.861,1.0,0.0,NORMAL,100,100.0
13:13:04.223,1.0,0.0,NORMAL,100,100.0
13:13:04.583,1.0,0.0,NORMAL,100,100.0
13:13:04.950,1.0,0.0,NORMAL,100,100.0
13:13:05.312,1.0,0.0,NORMAL,100,100.0
13:13:05.686,1.0,0.0,NORMAL,100,100.0
13:13:06.330,1.0,0.0,NORMAL,100,100.0
13:13:06.666,1.0,0.0,NORMAL,100,100.0
13:13:07.001,1.0,0.0,NORMAL,100,100.0
13:13:07.336,1.0,0.0,NORMAL,100,100.0
13:13:07.675,1.0,0.0,NORMAL,100,100.0
13:13:08.074,1.0,0.0,NORMAL,100,100.0
13:13:08.459,1.0,0.0,NORMAL,100,100.0
13:13:08.815,1.0,0.0,NORMAL,100,100.0
13:13:09.171,1.0,0.0,NORMAL,100,100.0
13:13:09.520,1.0,0.0,NORMAL,100,100.0
13:13:09.899,1.0,0.0,NORMAL,100,100.0
13:13:10.307,1.0,0.0,NORMAL,100,100.0
13:13:10.666,1.0,0.0,NORMAL,100,100.0
13:13:11.378,1.0,0.0,NORMAL,100,100.0
13:13:11.955,1.0,0.0,NORMAL,100,100.0
13:13:12.337,1.0,0.0,NORMAL,100,100.0
13:13:12.679,1.0,0.0,NORMAL,100,100.0
13:13:13.003,1.0,0.0,NORMAL,100,100.0
13:13:13.360,1.0,0.0,NORMAL,100,100.0
13:13:13.704,1.0,0.0,NORMAL,100,100.0
13:13:14.088,1.0,0.0,NORMAL,100,100.0
13:13:14.456,1.0,0.0,NORMAL,100,100.0
13:13:14.819,1.0,0.0,NORMAL,100,100.0
13:13:15.226,1.0,0.0,NORMAL,100,100.0
13:13:15.597,1.0,0.0,NORMAL,100,100.0
13:13:16.013,1.0,0.0,NORMAL,100,100.0
13:13:16.410,1.0,0.0,NORMAL,100,100.0
13:13:16.781,1.0,0.0,NORMAL,100,100.0
13:13:17.165,1.0,0.0,NORMAL,100,100.0
13:13:17.530,1.0,0.0,NORMAL,100,100.0
13:13:17.921,1.0,0.0,NORMAL,100,100.0
13:13:18.317,1.0,0.0,NORMAL,100,100.0
13:13:18.692,1.0,0.0,NORMAL,100,100.0
13:13:19.109,1.0,0.0,NORMAL,100,100.0
13:13:19.485,1.0,0.0,NORMAL,100,100.0
13:13:19.878,1.0,0.0,NORMAL,100,100.0
13:13:20.253,1.0,0.0,NORMAL,100,100.0
13:13:20.630,1.0,0.0,NORMAL,100,100.0
13:13:21.050,1.0,0.0,NORMAL,100,100.0
13:13:21.438,1.0,0.0,NORMAL,100,100.0
13:13:21.830,1.0,0.0,NORMAL,100,100.0
13:13:22.244,1.0,0.0,NORMAL,100,100.0
13:13:22.609,1.0,0.0,NORMAL,100,100.0
13:13:22.999,1.0,0.0,NORMAL,100,100.0
13:13:23.392,1.0,0.0,NORMAL,100,100.0
13:13:23.765,1.0,0.0,NORMAL,100,100.0
13:13:24.163,1.0,0.0,NORMAL,100,100.0
13:13:24.550,1.0,0.0,NORMAL,100,100.0
13:13:24.933,1.0,0.0,NORMAL,100,100.0
13:13:25.370,1.0,0.0,NORMAL,100,100.0
13:13:25.756,1.0,0.0,NORMAL,100,100.0
13:13:26.156,1.0,0.0,NORMAL,100,100.0
13:13:26.525,1.0,0.0,NORMAL,100,100.0
13:13:26.928,1.0,0.0,NORMAL,100,100.0
13:13:27.338,1.0,0.0,NORMAL,100,100.0
13:13:27.719,1.0,0.0,NORMAL,100,100.0
13:13:28.119,1.0,0.0,NORMAL,100,100.0
13:13:28.496,1.0,0.0,NORMAL,100,100.0
13:13:28.901,1.0,0.0,NORMAL,100,100.0
13:13:29.208,1.0,0.0,NORMAL,100,100.0
13:13:29.541,1.0,0.0,NORMAL,100,100.0
13:13:29.948,1.0,0.0,NORMAL,100,100.0
13:13:30.364,1.0,0.0,NORMAL,100,100.0
13:13:30.744,1.0,0.0,NORMAL,100,100.0
13:13:31.111,1.0,0.0,NORMAL,100,100.0
13:13:31.493,1.0,0.0,NORMAL,100,100.0
13:13:31.859,1.0,0.0,NORMAL,100,100.0
13:13:32.220,1.0,0.0,NORMAL,100,100.0
13:13:32.551,1.0,0.0,NORMAL,100,100.0
13:13:32.944,1.0,0.0,NORMAL,100,100.0
13:13:33.281,1.0,0.0,NORMAL,100,100.0
13:13:33.610,1.0,0.0,NORMAL,100,100.0
13:13:34.017,1.0,0.0,NORMAL,100,100.0
13:13:34.374,1.0,0.0,NORMAL,100,100.0
13:13:34.689,1.0,0.0,NORMAL,100,100.0
13:13:35.056,1.0,0.0,NORMAL,100,100.0
13:13:35.529,1.0,0.0,NORMAL,100,100.0
13:13:35.911,1.0,0.0,NORMAL,100,100.0
13:13:36.299,1.0,0.0,NORMAL,100,100.0
13:13:36.624,1.0,0.0,NORMAL,100,100.0
13:13:37.327,1.0,0.0,NORMAL,100,100.0
13:13:37.621,1.0,0.0,NORMAL,100,100.0
13:13:37.934,1.0,0.0,NORMAL,100,100.0
13:13:38.285,1.0,0.0,NORMAL,100,100.0
13:13:38.608,1.0,0.0,NORMAL,100,100.0
13:13:38.969,1.0,0.0,NORMAL,100,100.0
13:13:39.288,1.0,0.0,NORMAL,100,100.0
13:13:39.590,1.0,0.0,NORMAL,100,100.0
13:13:39.942,1.0,0.0,NORMAL,100,100.0
13:13:40.276,1.0,0.0,NORMAL,100,100.0
13:13:40.597,1.0,0.0,NORMAL,100,100.0
13:13:40.949,1.0,0.0,NORMAL,100,100.0
13:13:41.292,1.0,0.0,NORMAL,100,100.0
13:13:41.616,1.0,0.0,NORMAL,100,100.0
13:13:41.980,1.0,0.0,NORMAL,100,100.0
13:13:42.342,1.0,0.0,NORMAL,100,100.0
13:13:42.707,1.0,0.0,NORMAL,100,100.0
13:13:43.203,1.0,0.0,NORMAL,100,100.0
13:13:43.734,1.0,0.0,NORMAL,100,100.0
13:13:44.035,1.0,0.0,NORMAL,100,100.0
13:13:44.369,1.0,0.0,NORMAL,100,100.0
13:13:44.688,1.0,0.0,NORMAL,100,100.0
13:13:45.082,1.0,0.0,NORMAL,100,100.0
13:13:45.448,1.0,0.0,NORMAL,100,100.0
13:13:45.822,1.0,0.0,NORMAL,100,100.0
13:13:46.198,1.0,0.0,NORMAL,100,100.0
13:13:46.550,1.0,2.0,NORMAL,78,57.0
13:13:46.964,1.0,2.0,NORMAL,78,57.0
13:13:47.326,1.0,2.0,NORMAL,78,57.0
13:13:47.671,1.0,2.0,CAUTION,78,57.0
13:13:48.077,1.0,2.0,CAUTION,78,57.0
13:13:48.445,1.0,3.0,CAUTION,68,75.0
13:13:48.771,1.0,3.0,CAUTION,68,75.0
13:13:49.217,1.0,3.0,CAUTION,68,75.0
13:13:49.564,1.0,3.0,CAUTION,68,75.0
13:13:50.082,1.0,3.0,CAUTION,68,75.0
13:13:50.436,1.0,3.0,CAUTION,68,75.0
13:13:50.770,1.0,3.0,CAUTION,68,75.0
13:13:51.117,1.0,3.0,CAUTION,68,75.0
13:13:51.463,1.0,3.0,CAUTION,68,75.0
13:13:51.816,1.0,3.0,CAUTION,68,75.0
13:13:52.153,1.0,3.0,CAUTION,68,75.0
13:13:52.499,1.0,0.0,CAUTION,100,100.0
13:13:52.851,1.0,0.0,CAUTION,100,100.0
13:13:53.185,1.0,0.0,CAUTION,100,100.0
13:13:53.527,1.0,4.0464,CAUTION,50,57.0
13:13:53.907,1.0,4.0464,NORMAL,50,57.0
13:13:54.264,1.0,1.425,NORMAL,79,57.0
13:13:54.574,1.0,1.425,NORMAL,79,57.0
13:13:54.920,1.0,1.425,CAUTION,79,57.0
13:13:55.283,1.0,1.425,CAUTION,79,57.0
13:13:55.636,1.0,1.425,CAUTION,79,57.0
13:13:56.051,1.0,1.425,CAUTION,79,57.0
13:13:56.411,1.0,2.2211,CAUTION,68,74.1
13:13:56.763,1.0,2.2211,CAUTION,68,74.1
13:13:57.101,1.0,2.2211,CAUTION,68,74.1
13:13:57.447,1.0,2.2211,CAUTION,68,74.1
13:13:57.809,1.0,2.2211,CAUTION,68,74.1
13:13:58.165,1.0,2.2211,CAUTION,68,74.1
13:13:58.511,1.0,2.1487,CAUTION,70,73.2
13:13:58.856,1.0,2.1487,CAUTION,70,73.2
13:13:59.198,1.0,2.1487,CAUTION,70,73.2
13:13:59.529,1.0,2.1487,CAUTION,70,73.2
13:13:59.895,1.0,2.1487,CAUTION,70,73.2
13:14:00.247,1.0,2.1487,CAUTION,70,73.2
13:14:00.542,1.0,1.6224,CAUTION,76,57.0
13:14:00.898,1.0,1.6224,CAUTION,76,57.0
13:14:01.261,1.0,1.6224,CAUTION,76,57.0
13:14:01.570,1.0,1.6224,CAUTION,76,57.0
13:14:01.904,1.0,1.6224,CAUTION,76,57.0
13:14:02.230,1.0,1.6224,CAUTION,76,57.0
13:14:02.555,1.0,0.0,CAUTION,100,100.0
13:14:02.869,1.0,0.0,CAUTION,100,100.0
13:14:03.194,1.0,0.0,CAUTION,100,100.0
13:14:03.550,1.0,0.0,NORMAL,100,100.0
13:14:03.861,1.0,0.0,NORMAL,100,100.0
13:14:04.188,1.0,0.0,NORMAL,100,100.0
13:14:04.519,1.0,0.0,NORMAL,100,100.0
13:14:04.844,1.0,0.0,NORMAL,100,100.0
13:14:05.169,1.0,0.0,NORMAL,100,100.0
13:14:05.505,1.0,0.0,NORMAL,100,100.0
13:14:05.842,1.0,0.0,NORMAL,100,100.0
13:14:06.175,1.0,0.0,NORMAL,100,100.0
13:14:06.480,1.0,0.0,NORMAL,100,100.0
13:14:06.830,1.0,0.0,NORMAL,100,100.0
13:14:07.190,1.0,0.0,NORMAL,100,100.0
13:14:07.499,1.0,0.0,NORMAL,100,100.0
13:14:07.850,1.0,0.0,NORMAL,100,100.0
13:14:08.199,1.0,4.2857,NORMAL,47,68.6
13:14:08.531,1.0,4.2857,NORMAL,47,68.6
13:14:08.888,1.0,4.2857,NORMAL,47,68.6
13:14:09.226,1.0,4.2857,HAZARD,47,68.6
13:14:09.582,1.0,4.2857,HAZARD,47,68.6
13:14:10.011,1.0,1.6158,HAZARD,76,57.0
13:14:10.340,1.0,1.6158,HAZARD,76,57.0
13:14:10.662,1.0,1.6158,HAZARD,76,57.0
13:14:11.002,1.0,1.6158,CAUTION,76,57.0
13:14:11.356,1.0,1.6158,CAUTION,76,57.0
13:14:11.677,1.0,1.6158,CAUTION,76,57.0
13:14:12.038,1.0,3.0,CAUTION,68,75.0
13:14:12.393,1.0,3.0,CAUTION,68,75.0
13:14:12.713,1.0,3.0,CAUTION,68,75.0
13:14:13.067,1.0,3.0,CAUTION,68,75.0
13:14:13.423,1.0,3.0,CAUTION,68,75.0
13:14:13.762,1.0,3.0,CAUTION,68,75.0
13:14:14.113,1.0,2.5,CAUTION,72,70.5
13:14:14.437,1.0,2.5,CAUTION,72,70.5
13:14:14.787,1.0,2.5,CAUTION,72,70.5
13:14:15.141,1.0,2.5,CAUTION,72,70.5
13:14:15.517,1.0,2.5,CAUTION,72,70.5
13:14:15.895,1.0,2.5,CAUTION,72,70.5
13:14:16.266,1.0,0.0,CAUTION,100,100.0
13:14:16.581,1.0,0.0,CAUTION,100,100.0
13:14:16.881,1.0,0.0,CAUTION,100,100.0
13:14:17.194,1.0,0.0,NORMAL,100,100.0
13:14:17.502,1.0,3.0,NORMAL,68,75.0
13:14:17.833,1.0,3.0,NORMAL,68,75.0
13:14:18.161,1.0,3.0,NORMAL,68,75.0
13:14:18.492,1.0,3.0,CAUTION,68,75.0
13:14:18.813,1.0,3.0,CAUTION,68,75.0
13:14:19.137,1.0,0.0,CAUTION,100,100.0
13:14:19.434,1.0,0.0,CAUTION,100,100.0
13:14:19.739,1.0,0.0,CAUTION,100,100.0
13:14:20.091,1.0,0.0,NORMAL,100,100.0
13:14:20.418,1.0,0.0,NORMAL,100,100.0
13:14:20.748,1.0,0.0,NORMAL,100,100.0
13:14:21.084,1.0,0.0,NORMAL,100,100.0
13:14:21.421,1.0,0.0,NORMAL,100,100.0
13:14:21.722,1.0,0.0,NORMAL,100,100.0
13:14:22.036,1.0,0.0,NORMAL,100,100.0
13:14:22.370,1.0,0.0,NORMAL,100,100.0
13:14:22.641,1.0,0.0,NORMAL,100,100.0
13:14:22.939,1.0,0.0,NORMAL,100,100.0
13:14:23.229,1.0,0.0,NORMAL,100,100.0
13:14:23.506,1.0,0.0,NORMAL,100,100.0
13:14:23.803,1.0,0.0,NORMAL,100,100.0
13:14:24.070,1.0,0.0,NORMAL,100,100.0
13:14:24.338,1.0,4.4432,NORMAL,45,70.0
13:14:24.603,1.0,4.4432,NORMAL,45,70.0
13:14:24.901,1.0,4.4432,NORMAL,45,70.0
13:14:25.366,1.0,4.4432,HAZARD,45,70.0
13:14:25.686,1.0,0.0,HAZARD,100,100.0
13:14:26.027,1.0,0.0,HAZARD,100,100.0
13:14:26.358,1.0,0.0,HAZARD,100,100.0
13:14:26.672,1.0,0.0,NORMAL,100,100.0
13:14:27.007,1.0,0.0,NORMAL,100,100.0
13:14:27.311,1.0,0.0,NORMAL,100,100.0
13:14:27.585,1.0,0.0,NORMAL,100,100.0
13:14:27.855,1.0,0.0,NORMAL,100,100.0
13:14:28.111,1.0,0.0,NORMAL,100,100.0
13:14:28.401,1.0,0.0,NORMAL,100,100.0
13:14:28.699,1.0,0.0,NORMAL,100,100.0
13:14:28.975,1.0,0.0,NORMAL,100,100.0
13:14:29.255,1.0,0.0,NORMAL,100,100.0
13:14:29.495,1.0,0.0,NORMAL,100,100.0
13:14:29.784,1.0,0.0,NORMAL,100,100.0
13:14:30.029,1.0,0.0,NORMAL,100,100.0
13:14:30.301,1.0,0.0,NORMAL,100,100.0
13:14:30.584,1.0,0.0,NORMAL,100,100.0
13:14:30.868,1.0,0.0,NORMAL,100,100.0
13:14:31.124,1.0,0.0,NORMAL,100,100.0
13:14:31.395,1.0,0.0,NORMAL,100,100.0
13:14:31.653,1.0,0.0,NORMAL,100,100.0
13:14:31.913,1.0,0.0,NORMAL,100,100.0
13:14:32.195,1.0,0.0,NORMAL,100,100.0
13:14:32.452,1.0,0.0,NORMAL,100,100.0
13:14:32.741,1.0,0.0,NORMAL,100,100.0
13:14:33.027,1.0,0.0,NORMAL,100,100.0
13:14:33.313,1.0,0.0,NORMAL,100,100.0
13:14:33.566,1.0,1.3833,NORMAL,80,57.0
13:14:33.913,1.0,1.3833,NORMAL,80,57.0
13:14:34.254,1.0,1.3833,NORMAL,80,57.0
13:14:34.584,1.0,1.3833,CAUTION,80,57.0
13:14:34.879,1.0,0.0,CAUTION,100,100.0
13:14:35.140,1.0,0.0,CAUTION,100,100.0
13:14:35.444,1.0,0.0,CAUTION,100,100.0
13:14:35.769,1.0,0.0,NORMAL,100,100.0
13:14:36.066,1.0,0.0,NORMAL,100,100.0
13:14:36.347,1.0,0.0,NORMAL,100,100.0
13:14:36.612,1.0,0.0,NORMAL,100,100.0
13:14:36.887,1.0,0.0,NORMAL,100,100.0
13:14:37.143,1.0,0.0,NORMAL,100,100.0
13:14:37.447,1.0,0.0,NORMAL,100,100.0
13:14:37.766,1.0,0.0,NORMAL,100,100.0
13:14:38.052,1.0,0.0,NORMAL,100,100.0
13:14:38.358,1.0,0.0,NORMAL,100,100.0
13:14:38.660,1.0,0.0,NORMAL,100,100.0
13:14:38.981,1.0,0.0,NORMAL,100,100.0
13:14:39.322,1.0,0.0,NORMAL,100,100.0
13:14:39.650,1.0,0.0,NORMAL,100,100.0
13:14:39.920,1.0,0.0,NORMAL,100,100.0
13:14:40.231,1.0,0.0,NORMAL,100,100.0
13:14:40.528,1.0,0.0,NORMAL,100,100.0
13:14:41.009,1.0,0.0,NORMAL,100,100.0
13:14:41.365,1.0,0.0,NORMAL,100,100.0
13:14:41.733,1.0,0.0,NORMAL,100,100.0
13:14:42.058,1.0,0.0,NORMAL,100,100.0
13:14:42.340,1.0,0.0,NORMAL,100,100.0
13:14:42.616,1.0,0.0,NORMAL,100,100.0
13:14:42.890,1.0,0.0,NORMAL,100,100.0
13:14:43.194,1.0,4.1114,NORMAL,50,57.0
13:14:43.545,1.0,4.1114,NORMAL,50,57.0
13:14:43.831,1.0,4.1114,NORMAL,50,57.0
13:14:44.182,1.0,2.1667,HAZARD,76,57.0
13:14:44.513,1.0,2.1667,HAZARD,76,57.0
13:14:44.848,1.0,2.1667,CAUTION,76,57.0
13:14:45.125,1.0,4.1114,HAZARD,50,57.0
13:14:45.466,1.0,4.1114,HAZARD,50,57.0
13:14:45.798,1.0,4.1114,HAZARD,50,57.0
13:14:46.129,1.0,4.1114,HAZARD,50,57.0
13:14:46.427,1.0,4.1114,HAZARD,50,57.0
13:14:46.773,1.0,4.1114,HAZARD,50,57.0
13:14:47.123,1.0,4.2982,HAZARD,47,68.7
13:14:47.435,1.0,4.2982,HAZARD,47,68.7
13:14:47.764,1.0,4.2982,HAZARD,47,68.7
13:14:48.149,1.0,4.2982,HAZARD,47,68.7
13:14:48.490,1.0,4.2982,HAZARD,47,68.7
13:14:48.837,1.0,4.2982,HAZARD,47,68.7
13:14:49.255,1.0,0.0,HAZARD,100,100.0
13:14:49.596,1.0,0.0,HAZARD,100,100.0
13:14:49.945,1.0,0.0,HAZARD,100,100.0
13:14:50.301,1.0,0.0,NORMAL,100,100.0
13:14:50.591,1.0,0.0,NORMAL,100,100.0
13:14:50.884,1.0,0.0,NORMAL,100,100.0
13:14:51.202,1.0,1.4786,NORMAL,78,57.0
13:14:51.528,1.0,0.0,NORMAL,100,100.0
13:14:51.842,1.0,1.4786,NORMAL,78,57.0
13:14:52.179,1.0,1.4786,NORMAL,78,57.0
13:14:52.547,1.0,1.4786,CAUTION,78,57.0
13:14:52.904,1.0,1.4786,CAUTION,78,57.0
13:14:53.204,1.0,0.0,CAUTION,100,100.0
13:14:53.531,1.0,0.0,CAUTION,100,100.0
13:14:53.890,1.0,0.0,CAUTION,100,100.0
13:14:54.246,1.0,0.0,NORMAL,100,100.0
13:14:54.554,1.0,0.0,NORMAL,100,100.0
13:14:54.913,1.0,1.7792,NORMAL,74,68.8
13:14:55.251,1.0,1.7792,NORMAL,74,68.8
13:14:55.586,1.0,0.0,NORMAL,100,100.0
13:14:55.931,1.0,0.0,NORMAL,100,100.0
13:14:56.253,1.0,0.0,NORMAL,100,100.0
13:14:56.536,1.0,0.0,NORMAL,100,100.0
13:14:56.871,1.0,0.0,NORMAL,100,100.0
13:14:57.228,1.0,0.0,NORMAL,100,100.0
13:14:57.557,1.0,0.0,NORMAL,100,100.0
13:14:57.880,1.0,0.0,NORMAL,100,100.0
13:14:58.211,1.0,0.0,NORMAL,100,100.0
13:14:58.524,1.0,0.0,NORMAL,100,100.0
13:14:58.874,1.0,0.0,NORMAL,100,100.0
13:14:59.214,1.0,0.0,NORMAL,100,100.0
13:14:59.561,1.0,0.0,NORMAL,100,100.0
13:14:59.925,1.0,0.0,NORMAL,100,100.0
13:15:00.278,1.0,0.0,NORMAL,100,100.0
13:15:00.609,1.0,0.0,NORMAL,100,100.0
13:15:00.938,1.0,0.0,NORMAL,100,100.0
13:15:01.273,1.0,0.0,NORMAL,100,100.0
13:15:01.537,1.0,0.0,NORMAL,100,100.0
13:15:02.899,1.0,0.0,NORMAL,100,100.0
13:15:03.158,1.0,4.6916,NORMAL,41,72.2
13:15:03.478,1.0,0.0,NORMAL,100,100.0
13:15:03.835,1.0,0.0,NORMAL,100,100.0
13:15:04.191,1.0,0.0,NORMAL,100,100.0
13:15:04.557,1.0,4.6916,NORMAL,41,72.2
13:15:04.964,1.0,4.6916,NORMAL,41,72.2
13:15:05.936,1.0,4.6916,HAZARD,41,72.2
13:15:06.295,1.0,2.0083,HAZARD,72,71.5
13:15:06.660,1.0,2.0083,HAZARD,72,71.5
13:15:07.054,1.0,0.0,HAZARD,100,100.0
13:15:07.427,1.0,2.0083,CAUTION,72,71.5
13:15:07.814,1.0,2.0083,CAUTION,72,71.5
13:15:08.201,1.0,1.3694,CAUTION,80,57.0
13:15:08.590,1.0,1.3694,CAUTION,80,57.0
13:15:08.943,1.0,1.3694,CAUTION,80,57.0
13:15:09.292,1.0,0.0,CAUTION,100,100.0
13:15:09.625,1.0,0.0,CAUTION,100,100.0
13:15:09.997,1.0,0.0,CAUTION,100,100.0
13:15:10.357,1.0,0.0,NORMAL,100,100.0
13:15:10.698,1.0,0.0,NORMAL,100,100.0
13:15:11.078,1.0,0.0,NORMAL,100,100.0
13:15:11.408,1.0,0.0,NORMAL,100,100.0
13:15:11.737,1.0,0.0,NORMAL,100,100.0
13:15:12.068,1.0,0.0,NORMAL,100,100.0
13:15:12.386,1.0,0.0,NORMAL,100,100.0
13:15:12.688,1.0,0.0,NORMAL,100,100.0
13:15:13.004,1.0,0.0,NORMAL,100,100.0
13:15:13.336,1.0,0.0,NORMAL,100,100.0
13:15:13.603,1.0,0.0,NORMAL,100,100.0
13:15:13.924,1.0,4.2703,NORMAL,48,68.4
13:15:14.272,1.0,4.2703,NORMAL,48,68.4
13:15:14.539,1.0,4.2703,NORMAL,48,68.4
13:15:14.864,1.0,0.0,NORMAL,100,100.0
13:15:15.225,1.0,0.0,NORMAL,100,100.0
13:15:15.576,1.0,0.0,NORMAL,100,100.0
13:15:15.921,1.0,4.472,HAZARD,45,70.2
13:15:16.226,1.0,4.472,HAZARD,45,70.2
13:15:16.551,1.0,4.472,HAZARD,45,70.2
13:15:16.851,1.0,3.0,HAZARD,68,75.0
13:15:17.287,1.0,3.0,HAZARD,68,75.0
13:15:17.601,1.0,3.0,CAUTION,68,75.0
13:15:17.976,1.0,3.0,CAUTION,68,75.0
13:15:18.329,1.0,3.0,CAUTION,68,75.0
13:15:18.678,1.0,3.0,CAUTION,68,75.0
13:15:19.034,1.0,3.0,CAUTION,68,75.0
13:15:19.372,1.0,0.0,CAUTION,100,100.0
13:15:19.687,1.0,0.0,CAUTION,100,100.0
13:15:20.016,1.0,0.0,CAUTION,100,100.0
13:15:20.344,1.0,0.0,NORMAL,100,100.0
13:15:20.675,1.0,0.0,NORMAL,100,100.0
13:15:20.991,1.0,0.0,NORMAL,100,100.0
13:15:21.290,1.0,0.0,NORMAL,100,100.0
13:15:21.560,1.0,0.0,NORMAL,100,100.0
13:15:21.854,1.0,0.0,NORMAL,100,100.0
13:15:22.162,1.0,4.4918,NORMAL,44,70.4
13:15:22.447,1.0,4.4918,NORMAL,44,70.4
13:15:22.706,1.0,4.4918,NORMAL,44,70.4
13:15:22.978,1.0,4.4918,HAZARD,44,70.4
13:15:23.261,1.0,4.4918,HAZARD,44,70.4
13:15:23.545,1.0,4.4918,HAZARD,44,70.4
13:15:23.870,1.0,4.4918,HAZARD,44,70.4
13:15:24.166,1.0,2.8333,HAZARD,69,73.5
13:15:24.448,1.0,2.8333,HAZARD,69,73.5
13:15:24.742,1.0,2.8333,HAZARD,69,73.5
13:15:25.004,1.0,0.0,CAUTION,100,100.0
13:15:25.266,1.0,0.0,CAUTION,100,100.0
13:15:25.557,1.0,0.0,CAUTION,100,100.0
13:15:25.876,1.0,0.0,NORMAL,100,100.0
13:15:26.187,1.0,0.0,NORMAL,100,100.0
13:15:26.464,1.0,0.0,NORMAL,100,100.0
13:15:26.786,1.0,0.0,NORMAL,100,100.0
13:15:27.091,1.0,0.0,NORMAL,100,100.0
13:15:27.404,1.0,4.5289,NORMAL,43,70.8
13:15:27.719,1.0,4.5289,NORMAL,43,70.8
13:15:28.064,1.0,4.5289,NORMAL,43,70.8
13:15:28.395,1.0,4.5289,HAZARD,43,70.8
13:15:28.716,1.0,4.5289,HAZARD,43,70.8
13:15:29.054,1.0,0.0,HAZARD,100,100.0
13:15:29.361,1.0,0.0,HAZARD,100,100.0
13:15:29.688,1.0,4.5289,HAZARD,43,70.8
13:15:30.001,1.0,0.0,HAZARD,100,100.0
13:15:30.332,1.0,0.0,NORMAL,100,100.0
13:15:30.645,1.0,0.0,NORMAL,100,100.0
13:15:30.966,1.0,4.0941,NORMAL,50,57.0
13:15:31.306,1.0,4.0941,NORMAL,50,57.0
13:15:31.618,1.0,4.0941,HAZARD,50,57.0
13:15:31.972,1.0,4.0941,HAZARD,50,57.0
13:15:32.413,1.0,4.0941,HAZARD,50,57.0
13:15:32.734,1.0,0.0,HAZARD,100,100.0
13:15:33.076,1.0,0.0,HAZARD,100,100.0
13:15:33.405,1.0,0.0,HAZARD,100,100.0
13:15:33.742,1.0,0.0,NORMAL,100,100.0
13:15:34.064,1.0,0.0,NORMAL,100,100.0
13:15:34.374,1.0,0.0,NORMAL,100,100.0
13:15:34.672,1.0,1.7,NORMAL,76,57.0
13:15:34.981,1.0,1.7,NORMAL,76,57.0
13:15:35.306,1.0,1.7,NORMAL,76,57.0
13:15:35.628,1.0,1.7,CAUTION,76,57.0
13:15:35.963,1.0,1.7,CAUTION,76,57.0
13:15:36.324,1.0,1.7,CAUTION,76,57.0
13:15:36.650,1.0,0.0,CAUTION,100,100.0
13:15:37.018,1.0,0.0,CAUTION,100,100.0
13:15:37.382,1.0,0.0,CAUTION,100,100.0
13:15:37.757,1.0,0.0,NORMAL,100,100.0
13:15:38.131,1.0,0.0,NORMAL,100,100.0
13:15:38.497,1.0,0.0,NORMAL,100,100.0
13:15:38.832,1.0,0.0,NORMAL,100,100.0
13:15:39.184,1.0,4.0933,NORMAL,50,57.0
13:15:39.527,1.0,4.0933,NORMAL,50,57.0
13:15:39.879,1.0,4.0933,NORMAL,50,57.0
13:15:40.248,1.0,0.0,NORMAL,100,100.0
13:15:40.560,1.0,0.0,NORMAL,100,100.0
13:15:40.838,1.0,0.0,NORMAL,100,100.0
13:15:41.170,1.0,0.0,NORMAL,100,100.0
13:15:41.508,1.0,0.0,NORMAL,100,100.0
13:15:41.834,1.0,0.0,NORMAL,100,100.0
13:15:42.193,1.0,0.0,NORMAL,100,100.0
13:15:42.528,1.0,0.0,NORMAL,100,100.0
13:15:42.883,1.0,1.4094,NORMAL,80,57.0
13:15:43.185,1.0,1.4094,NORMAL,80,57.0
13:15:43.487,1.0,0.0,NORMAL,100,100.0
13:15:43.834,1.0,0.0,NORMAL,100,100.0
13:15:44.194,1.0,0.0,NORMAL,100,100.0
13:15:44.491,1.0,0.0,NORMAL,100,100.0
13:15:44.793,1.0,0.0,NORMAL,100,100.0
13:15:45.073,1.0,0.0,NORMAL,100,100.0
13:15:45.400,1.0,0.0,NORMAL,100,100.0
13:15:45.697,1.0,0.0,NORMAL,100,100.0
13:15:45.997,1.0,0.0,NORMAL,100,100.0
13:15:46.334,1.0,0.0,NORMAL,100,100.0
13:15:46.613,1.0,0.0,NORMAL,100,100.0
13:15:46.959,1.0,0.0,NORMAL,100,100.0
13:15:47.281,1.0,0.0,NORMAL,100,100.0
13:15:47.553,1.0,0.0,NORMAL,100,100.0
13:15:47.889,1.0,0.0,NORMAL,100,100.0
13:15:48.236,1.0,0.0,NORMAL,100,100.0
13:15:48.571,1.0,0.0,NORMAL,100,100.0
13:15:48.913,1.0,0.0,NORMAL,100,100.0
13:15:49.253,1.0,0.0,NORMAL,100,100.0
13:15:49.589,1.0,0.0,NORMAL,100,100.0
13:15:49.945,1.0,0.0,NORMAL,100,100.0
13:15:50.256,1.0,0.0,NORMAL,100,100.0
13:15:50.665,1.0,0.0,NORMAL,100,100.0
13:15:50.997,1.0,0.0,NORMAL,100,100.0
13:15:51.344,1.0,0.0,NORMAL,100,100.0
13:15:51.672,1.0,0.0,NORMAL,100,100.0
13:15:52.018,1.0,0.0,NORMAL,100,100.0
13:15:52.362,1.0,2.3333,NORMAL,74,69.0
13:15:52.719,1.0,0.0,NORMAL,100,100.0
13:15:53.067,1.0,0.0,NORMAL,100,100.0
13:15:53.416,1.0,0.0,NORMAL,100,100.0
13:15:53.711,1.0,0.0,NORMAL,100,100.0
13:15:54.039,1.0,0.0,NORMAL,100,100.0
13:15:54.353,1.0,0.0,NORMAL,100,100.0
13:15:54.600,1.0,0.0,NORMAL,100,100.0
13:15:54.905,1.0,0.0,NORMAL,100,100.0
13:15:55.242,1.0,0.0,NORMAL,100,100.0
13:15:55.527,1.0,0.0,NORMAL,100,100.0
13:15:55.811,1.0,0.0,NORMAL,100,100.0
13:15:56.109,1.0,0.0,NORMAL,100,100.0
13:15:56.423,1.0,0.0,NORMAL,100,100.0
13:15:56.746,1.0,0.0,NORMAL,100,100.0
13:15:57.094,1.0,0.0,NORMAL,100,100.0
13:15:57.427,1.0,0.0,NORMAL,100,100.0
13:15:57.751,1.0,0.0,NORMAL,100,100.0
13:15:58.052,1.0,0.0,NORMAL,100,100.0
13:15:58.369,1.0,0.0,NORMAL,100,100.0
13:15:58.665,1.0,0.0,NORMAL,100,100.0
13:15:59.000,1.0,0.0,NORMAL,100,100.0
13:15:59.333,1.0,0.0,NORMAL,100,100.0
13:15:59.660,1.0,0.0,NORMAL,100,100.0
13:16:00.020,1.0,0.0,NORMAL,100,100.0
13:16:00.342,1.0,0.0,NORMAL,76,100.0
13:16:00.680,1.0,0.0,NORMAL,75,100.0
13:16:01.044,1.0,0.0,NORMAL,75,100.0
13:16:01.425,1.0,0.0,CAUTION,75,100.0
13:16:01.770,1.0,0.0,CAUTION,75,100.0
13:16:02.112,1.0,0.0,CAUTION,75,100.0
13:16:02.454,1.0,0.0,CAUTION,100,100.0
13:16:02.822,1.0,0.0,CAUTION,100,100.0
13:16:03.166,1.0,0.0,CAUTION,100,100.0
13:16:03.505,1.0,0.0,NORMAL,100,100.0
13:16:03.799,1.0,0.0,NORMAL,75,100.0
13:16:04.093,1.0,0.0,NORMAL,76,100.0
13:16:04.410,1.0,0.0,NORMAL,76,100.0
13:16:04.735,1.0,0.0,CAUTION,76,100.0
13:16:05.051,1.0,1.4,CAUTION,76,57.0
13:16:05.371,1.0,1.4,CAUTION,76,57.0
13:16:05.665,1.0,1.4,CAUTION,80,57.0
13:16:06.013,1.0,0.0,CAUTION,100,100.0
13:16:06.399,1.0,0.0,CAUTION,100,100.0
13:16:06.727,1.0,0.0,CAUTION,100,100.0
13:16:07.059,1.0,0.0,NORMAL,100,100.0
13:16:07.400,1.0,0.0,NORMAL,100,100.0
13:16:07.732,1.0,1.3962,NORMAL,80,57.0
13:16:08.103,1.0,1.6684,NORMAL,76,57.0
13:16:08.455,1.0,1.6684,NORMAL,76,57.0
13:16:08.809,1.0,1.6684,CAUTION,76,57.0
13:16:09.146,1.0,1.6684,CAUTION,76,57.0
13:16:09.473,1.0,1.6684,CAUTION,76,57.0
13:16:09.807,1.0,0.0,CAUTION,100,100.0
13:16:10.116,1.0,0.0,CAUTION,100,100.0
13:16:10.436,1.0,0.0,CAUTION,100,100.0
13:16:10.755,1.0,4.4088,CAUTION,45,69.7
13:16:11.268,1.0,4.4088,NORMAL,45,69.7
13:16:11.577,1.0,4.4088,HAZARD,45,69.7
13:16:11.947,1.0,4.4088,HAZARD,45,69.7
13:16:12.306,1.0,4.4088,HAZARD,45,69.7
13:16:12.632,1.0,2.0,HAZARD,78,57.0
13:16:12.985,1.0,0.0,HAZARD,100,100.0
13:16:13.357,1.0,0.0,HAZARD,100,100.0
13:16:13.687,1.0,0.0,HAZARD,100,100.0
13:16:14.042,1.0,0.0,NORMAL,100,100.0
13:16:14.364,1.0,0.0,NORMAL,100,100.0
13:16:14.697,1.0,0.0,NORMAL,100,100.0
13:16:15.030,1.0,0.0,NORMAL,100,100.0
13:16:15.356,1.0,0.0,NORMAL,100,100.0
13:16:15.662,1.0,0.0,NORMAL,100,100.0
13:16:15.969,1.0,0.0,NORMAL,100,100.0
13:16:16.300,1.0,0.0,NORMAL,100,100.0
13:16:16.639,1.0,0.0,NORMAL,100,100.0
13:16:16.946,1.0,0.0,NORMAL,100,100.0
13:16:17.243,1.0,0.0,NORMAL,100,100.0
13:16:17.533,1.0,0.0,NORMAL,100,100.0
13:16:17.863,1.0,0.0,NORMAL,100,100.0
13:16:18.202,1.0,0.0,NORMAL,100,100.0
13:16:18.486,1.0,0.0,NORMAL,100,100.0
13:16:18.834,1.0,0.0,NORMAL,100,100.0
13:16:19.186,1.0,0.0,NORMAL,100,100.0
13:16:19.491,1.0,0.0,NORMAL,100,100.0
13:16:19.845,1.0,0.0,NORMAL,100,100.0
13:16:20.184,1.0,0.0,NORMAL,100,100.0
13:16:20.509,1.0,0.0,NORMAL,100,100.0
13:16:20.876,1.0,0.0,NORMAL,100,100.0
13:16:21.228,1.0,0.0,NORMAL,100,100.0
13:16:21.538,1.0,0.0,NORMAL,100,100.0
13:16:21.901,1.0,0.0,NORMAL,100,100.0
13:16:22.219,1.0,0.0,NORMAL,100,100.0
13:16:22.514,1.0,0.0,NORMAL,100,100.0
13:16:22.841,1.0,0.0,NORMAL,100,100.0
13:16:23.179,1.0,0.0,NORMAL,100,100.0
13:16:23.499,1.0,2.3,NORMAL,68,75.0
13:16:23.837,1.0,2.3,NORMAL,68,75.0
13:16:24.203,1.0,2.3,NORMAL,68,75.0
13:16:24.542,1.0,2.3,CAUTION,68,75.0
13:16:24.884,1.0,2.3,CAUTION,68,75.0
13:16:25.230,1.0,2.3,CAUTION,68,75.0
13:16:25.583,1.0,2.2545,CAUTION,68,74.5
13:16:25.943,1.0,2.2545,CAUTION,68,74.5
13:16:26.286,1.0,2.2545,CAUTION,68,74.5
13:16:26.607,1.0,2.2545,CAUTION,68,74.5
13:16:26.980,1.0,2.2545,CAUTION,68,74.5
13:16:27.329,1.0,2.2545,CAUTION,68,74.5
13:16:27.647,1.0,2.0794,CAUTION,70,72.4
13:16:27.978,1.0,2.0794,CAUTION,70,72.4
13:16:28.308,1.0,2.0794,CAUTION,70,72.4
13:16:28.643,1.0,2.0794,CAUTION,70,72.4
13:16:28.980,1.0,2.0794,CAUTION,70,72.4
13:16:29.336,1.0,2.0794,CAUTION,70,72.4
13:16:29.675,1.0,1.7276,CAUTION,75,68.1
13:16:30.023,1.0,1.7276,CAUTION,75,68.1
13:16:30.377,1.0,1.7276,CAUTION,75,68.1
13:16:30.699,1.0,1.7276,CAUTION,75,68.1
13:16:31.053,1.0,1.6173,CAUTION,76,57.0
13:16:31.380,1.0,1.6173,CAUTION,76,57.0
13:16:31.710,1.0,1.6173,CAUTION,76,57.0
13:16:32.048,1.0,1.6173,CAUTION,76,57.0
13:16:32.381,1.0,1.6173,CAUTION,76,57.0
13:16:32.716,1.0,0.0,CAUTION,100,100.0
13:16:33.082,1.0,0.0,CAUTION,100,100.0
13:16:33.430,1.0,0.0,CAUTION,100,100.0
13:16:33.758,1.0,0.0,NORMAL,100,100.0
13:16:34.095,1.0,0.0,NORMAL,100,100.0
13:16:34.443,1.0,0.0,NORMAL,100,100.0
13:16:34.778,1.0,0.0,NORMAL,100,100.0
13:16:35.121,1.0,2.3,NORMAL,68,75.0
13:16:35.427,1.0,2.3,NORMAL,68,75.0
13:16:35.770,1.0,2.3,NORMAL,68,75.0
13:16:36.124,1.0,2.3,CAUTION,68,75.0
13:16:36.478,1.0,2.3,CAUTION,68,75.0
13:16:36.822,1.0,2.3,CAUTION,68,75.0
13:16:37.180,1.0,0.0,CAUTION,100,100.0
13:16:37.526,1.0,0.0,CAUTION,100,100.0
13:16:37.881,1.0,0.0,CAUTION,100,100.0
13:16:38.215,1.0,0.0,NORMAL,100,100.0
13:16:38.534,1.0,0.0,NORMAL,100,100.0
13:16:38.882,1.0,0.0,NORMAL,100,100.0
13:16:39.247,1.0,0.0,NORMAL,100,100.0
13:16:39.591,1.0,4.7532,NORMAL,40,72.8
13:16:39.939,1.0,4.7532,NORMAL,40,72.8
13:16:40.304,1.0,4.7532,NORMAL,40,72.8
13:16:40.600,1.0,4.7532,HAZARD,40,72.8
13:16:41.009,1.0,4.2543,HAZARD,48,68.3
13:16:41.400,1.0,4.2543,HAZARD,48,68.3
13:16:41.755,1.0,4.2543,HAZARD,48,68.3
13:16:42.116,1.0,4.2543,HAZARD,48,68.3
13:16:42.465,1.0,2.6667,HAZARD,71,72.0
13:16:42.822,1.0,4.2543,HAZARD,48,68.3
13:16:43.177,1.0,4.2543,HAZARD,48,68.3
13:16:43.495,1.0,4.2543,HAZARD,48,68.3
13:16:43.846,1.0,4.2543,HAZARD,48,68.3
13:16:44.193,1.0,4.2543,HAZARD,48,68.3
13:16:44.554,1.0,4.2543,HAZARD,48,68.3
13:16:44.901,1.0,4.2543,HAZARD,48,68.3
13:16:45.248,1.051,4.2543,HAZARD,48,69.3
13:16:45.618,1.0077,4.2543,HAZARD,48,64.3
13:16:46.027,1.0065,4.8066,HAZARD,40,79.3
13:16:46.371,1.0055,4.8066,HAZARD,40,72.3
13:16:46.708,1.0047,4.2543,HAZARD,48,67.3
13:16:47.046,1.004,0.0,HAZARD,100,100.0
13:16:47.382,1.0034,4.8066,HAZARD,40,72.3
13:16:47.713,1.0029,4.8066,HAZARD,40,73.3
13:16:48.063,1.0025,0.0,HAZARD,100,100.0
13:16:48.436,1.0021,0.0,HAZARD,100,100.0
13:16:48.828,1.0018,0.0,NORMAL,100,100.0
13:16:49.176,1.0015,0.0,NORMAL,100,100.0
13:16:49.521,1.0013,0.0,NORMAL,100,100.0
13:16:49.898,1.0488,0.0,NORMAL,100,100.0
13:16:50.254,1.0084,1.4944,NORMAL,78,54.0
13:16:50.590,1.0071,1.4944,NORMAL,78,61.0
13:16:50.911,1.0061,1.4944,NORMAL,78,56.0
13:16:51.238,1.0052,1.4944,CAUTION,78,56.0
13:16:51.560,1.0044,1.4944,CAUTION,78,56.0
13:16:51.973,1.0037,1.4944,CAUTION,78,56.0
13:16:52.327,1.0032,1.6833,CAUTION,76,56.0
13:16:52.664,1.0027,1.6833,CAUTION,76,57.0
13:16:53.041,1.0023,1.6833,CAUTION,76,57.0
13:16:53.409,1.0019,1.6833,CAUTION,76,57.0
13:16:53.787,1.0017,2.3,CAUTION,68,75.0
13:16:54.190,1.0014,2.3,CAUTION,68,75.0
13:16:54.568,1.0012,2.3,CAUTION,68,75.0
13:16:55.011,1.001,2.3,CAUTION,68,75.0
13:16:55.379,1.0009,2.3,CAUTION,68,75.0
13:16:55.743,1.0007,1.3724,CAUTION,80,57.0
13:16:56.109,1.0006,1.3724,CAUTION,80,57.0
13:16:56.535,1.0005,4.3924,CAUTION,45,69.5
13:16:56.947,1.0005,4.7824,CAUTION,40,73.0
13:16:57.285,1.0004,4.7824,CAUTION,40,73.0
13:16:57.635,1.0003,4.7824,HAZARD,40,73.0
13:16:57.976,1.0003,4.3924,HAZARD,45,69.5
13:16:58.327,1.0002,0.0,HAZARD,100,100.0
13:16:58.596,1.0002,0.0,HAZARD,100,100.0
13:16:58.930,1.0002,0.0,HAZARD,100,100.0
13:16:59.285,1.0001,0.0,NORMAL,100,100.0
13:16:59.613,1.0001,0.0,NORMAL,100,100.0
13:16:59.961,1.0001,0.0,NORMAL,100,100.0
13:17:00.286,1.0001,0.0,NORMAL,100,100.0
13:17:00.599,1.0001,0.0,NORMAL,100,100.0
13:17:00.955,1.0001,0.0,NORMAL,100,100.0
13:17:01.273,1.0001,0.0,NORMAL,100,100.0
13:17:01.579,1.0,0.0,NORMAL,100,100.0
13:17:01.896,1.0,1.3625,NORMAL,80,57.0
13:17:02.244,1.0,1.3625,NORMAL,80,57.0
13:17:02.584,1.0,1.3625,NORMAL,80,57.0
13:17:02.923,1.0,1.3625,CAUTION,80,57.0
13:17:03.266,1.0,1.3625,CAUTION,80,57.0
13:17:03.586,1.0,1.3625,CAUTION,80,57.0
13:17:03.926,1.0,0.0,CAUTION,100,100.0
13:17:04.277,1.0,0.0,CAUTION,100,100.0
13:17:04.613,1.0,0.0,CAUTION,100,100.0
13:17:04.996,1.0,0.0,NORMAL,100,100.0
13:17:05.338,1.0,0.0,NORMAL,100,100.0
13:17:05.658,1.0,0.0,NORMAL,100,100.0
13:17:06.007,1.0,0.0,NORMAL,100,100.0
13:17:06.332,1.0,0.0,NORMAL,100,100.0
13:17:06.638,1.0,0.0,NORMAL,100,100.0
13:17:06.967,1.0,0.0,NORMAL,100,100.0
13:17:07.307,1.0,0.0,NORMAL,100,100.0
13:17:07.627,1.0,0.0,NORMAL,100,100.0
13:17:07.952,1.0,1.3089,NORMAL,80,57.0
13:17:08.305,1.0,4.3431,NORMAL,46,69.1
13:17:08.645,1.0,4.3431,NORMAL,46,69.1
13:17:08.994,1.0,0.0,NORMAL,100,100.0
13:17:09.310,1.0,0.0,NORMAL,100,100.0
13:17:09.606,1.0,0.0,NORMAL,100,100.0
13:17:09.941,1.0,0.0,NORMAL,100,100.0
13:17:10.265,1.0,0.0,NORMAL,100,100.0
13:17:10.583,1.0,0.0,NORMAL,100,100.0
13:17:10.938,1.0,0.0,NORMAL,100,100.0
13:17:11.288,1.0,0.0,NORMAL,100,100.0
13:17:11.629,1.0,0.0,NORMAL,100,100.0
13:17:11.981,1.0,4.2533,NORMAL,48,68.3
13:17:12.348,1.0,4.2533,NORMAL,48,68.3
13:17:12.698,1.0,0.0,NORMAL,100,100.0
13:17:13.155,1.0,0.0,NORMAL,100,100.0
13:17:13.651,1.0,0.0,NORMAL,100,100.0
13:17:13.966,1.0,0.0,NORMAL,100,100.0
13:17:14.310,1.0,0.0,NORMAL,100,100.0
13:17:14.675,1.0,0.0,NORMAL,100,100.0
13:17:15.309,1.0,0.0,NORMAL,100,100.0
13:17:15.753,1.0,0.0,NORMAL,100,100.0
13:17:16.084,1.0,0.0,NORMAL,100,100.0
13:17:16.427,1.0,0.0,NORMAL,100,100.0
13:17:16.778,1.0,0.0,NORMAL,100,100.0
13:17:17.129,1.0,0.0,NORMAL,100,100.0
13:17:17.460,1.0,0.0,NORMAL,100,100.0
13:17:17.815,1.0,0.0,NORMAL,100,100.0
13:17:18.221,1.0,0.0,NORMAL,100,100.0
13:17:18.576,1.0,0.0,NORMAL,100,100.0
13:17:19.027,1.0,0.0,NORMAL,100,100.0
13:17:19.641,1.0,0.0,NORMAL,100,100.0
13:17:19.954,1.0,0.0,NORMAL,100,100.0
13:17:20.280,1.0,0.0,NORMAL,100,100.0
13:17:20.608,1.0,0.0,NORMAL,100,100.0
13:17:20.984,1.0,0.0,NORMAL,100,100.0
13:17:21.358,1.0,0.0,NORMAL,100,100.0
13:17:21.722,1.0,0.0,NORMAL,100,100.0
13:17:22.099,1.0,0.0,NORMAL,100,100.0
13:17:22.484,1.0,0.0,NORMAL,100,100.0
13:17:22.917,1.0,0.0,NORMAL,100,100.0
13:17:23.214,1.0,0.0,NORMAL,100,100.0
13:17:23.535,1.0,0.0,NORMAL,100,100.0
13:17:23.866,1.0,0.0,NORMAL,100,100.0
13:17:24.195,1.0,0.0,NORMAL,100,100.0
13:17:24.532,1.0,0.0,NORMAL,100,100.0
13:17:24.874,1.0,0.0,NORMAL,100,100.0
13:17:25.221,1.0,0.0,NORMAL,100,100.0
13:17:25.513,1.0,0.0,NORMAL,100,100.0
13:17:25.858,1.0,0.0,NORMAL,100,100.0
13:17:26.171,1.0,0.0,NORMAL,100,100.0
13:17:26.494,1.0,0.0,NORMAL,100,100.0
13:17:26.821,1.0,0.0,NORMAL,100,100.0
13:17:27.136,1.0,0.0,NORMAL,100,100.0
13:17:27.458,1.0,0.0,NORMAL,100,100.0
13:17:27.816,1.0,0.0,NORMAL,100,100.0
13:17:28.171,1.0,1.4429,NORMAL,79,57.0
13:17:28.508,1.0,1.4429,NORMAL,79,57.0
13:17:28.917,1.0,1.4429,NORMAL,79,57.0
13:17:29.554,1.0,1.4429,CAUTION,79,57.0
13:17:29.883,1.0,1.4042,CAUTION,80,57.0
13:17:30.181,1.0,1.4042,CAUTION,80,57.0
13:17:30.519,1.0,1.4042,CAUTION,80,57.0
13:17:30.881,1.0,1.4042,CAUTION,80,57.0
13:17:31.227,1.0,1.4042,CAUTION,80,57.0
13:17:31.542,1.0,1.4042,CAUTION,80,57.0
13:17:31.875,1.0,0.0,CAUTION,100,100.0
13:17:32.232,1.0,0.0,CAUTION,100,100.0
13:17:32.551,1.0,0.0,CAUTION,100,100.0
13:17:32.911,1.0,0.0,NORMAL,100,100.0
13:17:33.554,1.0,0.0,NORMAL,100,100.0
13:17:33.984,1.0,0.0,NORMAL,100,100.0
13:17:34.318,1.0,0.0,NORMAL,100,100.0
13:17:34.677,1.0,0.0,NORMAL,100,100.0
13:17:35.039,1.0,0.0,NORMAL,100,100.0
13:17:35.381,1.0,0.0,NORMAL,100,100.0
13:17:35.690,1.0,0.0,NORMAL,100,100.0
13:17:36.038,1.0,5.0,NORMAL,37,75.0
13:17:36.359,1.0,5.0,NORMAL,37,75.0
13:17:36.672,1.0,5.0,NORMAL,37,75.0
13:17:37.051,1.0,0.0,NORMAL,100,100.0
13:17:37.397,1.0,0.0,NORMAL,100,100.0
13:17:37.713,1.0,4.5648,HAZARD,43,71.1
13:17:38.090,1.0,4.5648,HAZARD,43,71.1
13:17:38.424,1.0,0.0,HAZARD,100,100.0
13:17:38.779,1.0,4.5648,HAZARD,43,71.1
13:17:39.159,1.0,4.5648,HAZARD,43,71.1
13:17:40.001,1.0,2.5,HAZARD,72,70.5
13:17:40.346,1.0,2.5,HAZARD,72,70.5
13:17:40.670,1.0,2.5,CAUTION,72,70.5
13:17:41.043,1.0,2.5,CAUTION,72,70.5
13:17:41.459,1.0,2.5,CAUTION,72,70.5
13:17:42.103,1.0,3.0,CAUTION,68,75.0
13:17:42.478,1.0,3.0,CAUTION,68,75.0
13:17:42.832,1.0,3.0,CAUTION,68,75.0
13:17:43.170,1.0,3.0,CAUTION,68,75.0
13:17:43.525,1.0,3.0,CAUTION,68,75.0
13:17:43.924,1.0,3.0,CAUTION,68,75.0
13:17:44.349,1.0,3.0,CAUTION,68,75.0
13:17:44.976,1.0,0.0,CAUTION,100,100.0
13:17:45.569,1.0,3.0,CAUTION,68,75.0
13:17:45.932,1.0,3.0,CAUTION,68,75.0
13:17:46.291,1.0,4.3067,CAUTION,47,68.8
13:17:46.617,1.0,3.0,CAUTION,68,75.0
13:17:47.070,1.0,3.0,CAUTION,68,75.0
13:17:47.624,1.0,4.3067,CAUTION,47,68.8
13:17:47.992,1.0,3.0,CAUTION,68,75.0
13:17:48.306,1.0,3.0,CAUTION,68,75.0
13:17:48.643,1.0,3.0,CAUTION,68,75.0
13:17:49.073,1.0,3.0,CAUTION,68,75.0
13:17:49.397,1.0,3.0,CAUTION,68,75.0
13:17:49.728,1.0,3.0,CAUTION,68,75.0
13:17:50.106,1.0,3.0,CAUTION,68,75.0
13:17:50.450,1.0,3.0,CAUTION,68,75.0
13:17:50.847,1.0,3.0,CAUTION,68,75.0
13:17:51.589,1.0,3.0,CAUTION,68,75.0
13:17:51.994,1.0,3.0,CAUTION,68,75.0
13:17:52.312,1.0,3.0,CAUTION,68,75.0
13:17:52.593,1.0,3.0,CAUTION,68,75.0
13:17:52.946,1.0,3.0,CAUTION,68,75.0
13:17:53.287,1.0,3.0,CAUTION,68,75.0
13:17:53.606,1.0,3.0,CAUTION,68,75.0
13:17:53.954,1.0,3.0,CAUTION,68,75.0
13:17:54.294,1.0,3.0,CAUTION,68,75.0
13:17:54.604,1.0,3.0,CAUTION,68,75.0
13:17:54.989,1.0,3.0,CAUTION,68,75.0
13:17:55.463,1.0,0.0,CAUTION,100,100.0
13:17:56.159,1.0,0.0,CAUTION,100,100.0
13:17:56.485,1.0,0.0,CAUTION,100,100.0
13:17:56.798,1.0,1.8313,CAUTION,74,69.4
13:17:57.185,1.0,1.8313,CAUTION,74,69.4
13:17:57.535,1.0,0.0,NORMAL,100,100.0
13:17:57.884,1.0,0.0,NORMAL,100,100.0
13:17:58.224,1.0,0.0,NORMAL,100,100.0
13:17:58.565,1.0,0.0,NORMAL,100,100.0
13:17:58.921,1.0,0.0,NORMAL,100,100.0
13:17:59.295,1.0,0.0,NORMAL,100,100.0
13:17:59.657,1.0,4.3204,NORMAL,47,68.9
13:18:00.043,1.0,4.3204,NORMAL,47,68.9
13:18:00.591,1.0,4.3204,NORMAL,47,68.9
13:18:01.210,1.0,4.3204,HAZARD,47,68.9
13:18:01.545,1.0,2.1667,HAZARD,76,57.0
13:18:01.873,1.0,2.1667,HAZARD,76,57.0
13:18:02.225,1.0,2.1667,HAZARD,76,57.0
13:18:02.566,1.0,2.1667,CAUTION,76,57.0
13:18:02.933,1.0,2.1667,CAUTION,76,57.0
13:18:03.347,1.0,2.1667,CAUTION,76,57.0
13:18:04.023,1.0,3.0,CAUTION,68,75.0
13:18:04.368,1.0,3.0,CAUTION,68,75.0
13:18:04.681,1.0,0.0,CAUTION,100,100.0
13:18:05.062,1.0,0.0,CAUTION,100,100.0
13:18:05.463,1.0,0.0,CAUTION,100,100.0
13:18:06.078,1.0,0.0,NORMAL,100,100.0
13:18:06.450,1.0,0.0,NORMAL,100,100.0
13:18:06.767,1.0,0.0,NORMAL,100,100.0
13:18:07.129,1.0,0.0,NORMAL,100,100.0
13:18:07.476,1.0,0.0,NORMAL,100,100.0
13:18:07.812,1.0,0.0,NORMAL,100,100.0
13:18:08.190,1.0,0.0,NORMAL,100,100.0
13:18:08.848,1.0,0.0,NORMAL,100,100.0
13:18:09.165,1.0,0.0,NORMAL,100,100.0
13:18:09.528,1.0,0.0,NORMAL,100,100.0
13:18:09.852,1.0,0.0,NORMAL,100,100.0
13:18:10.205,1.0,0.0,NORMAL,100,100.0
13:18:10.940,1.0,0.0,NORMAL,100,100.0
13:18:11.447,1.0,1.5,NORMAL,78,57.0
13:18:11.776,1.0,0.0,NORMAL,100,100.0
13:18:12.118,1.0,0.0,NORMAL,100,100.0
13:18:12.465,1.0,0.0,NORMAL,100,100.0
13:18:12.814,1.0,0.0,NORMAL,100,100.0
13:18:13.159,1.0,0.0,NORMAL,100,100.0
13:18:13.476,1.0,0.0,NORMAL,100,100.0
13:18:13.809,1.0,0.0,NORMAL,100,100.0
13:18:14.134,1.0,0.0,NORMAL,100,100.0
13:18:14.472,1.0,0.0,NORMAL,100,100.0
13:18:14.838,1.0,4.0154,NORMAL,51,57.0
13:18:15.226,1.0,4.0154,NORMAL,51,57.0
13:18:15.690,1.0,4.0154,NORMAL,51,57.0
13:18:16.141,1.0,4.0154,HAZARD,51,57.0
13:18:16.549,1.0,2.1667,HAZARD,76,57.0
13:18:17.039,1.0,2.3333,HAZARD,74,69.0
13:18:17.541,1.0,2.3333,HAZARD,74,69.0
13:18:17.921,1.0,2.3333,CAUTION,74,69.0
13:18:18.283,1.0,2.3333,CAUTION,74,69.0
13:18:18.618,1.0,2.3333,CAUTION,74,69.0
13:18:19.009,1.0,2.6667,CAUTION,71,72.0
13:18:19.425,1.0,2.6667,CAUTION,71,72.0
13:18:20.058,1.0,2.6667,CAUTION,71,72.0
13:18:20.970,1.0,2.6667,CAUTION,71,72.0
13:18:21.172,1.0,2.6667,CAUTION,71,72.0
13:18:21.443,1.0,2.6667,CAUTION,71,72.0
13:18:21.699,1.0,2.6667,CAUTION,71,72.0
13:18:22.000,1.0,2.6667,CAUTION,71,72.0
13:18:22.345,1.0,2.6667,CAUTION,71,72.0
13:18:22.692,1.0,2.6667,CAUTION,71,72.0
13:18:23.029,1.0,4.2173,CAUTION,48,68.0
13:18:23.406,1.0,4.2173,CAUTION,48,68.0
13:18:24.358,1.0,0.0,CAUTION,100,100.0
13:18:24.919,1.0,0.0,CAUTION,100,100.0
13:18:25.254,1.0,1.55,CAUTION,78,57.0
13:18:25.589,1.0,0.0,NORMAL,100,100.0
13:18:25.907,1.0,0.0,NORMAL,100,100.0
13:18:26.266,1.0,0.0,NORMAL,100,100.0
13:18:26.676,1.0,0.0,NORMAL,100,100.0
13:18:27.465,1.0,0.0,NORMAL,100,100.0
13:18:27.735,1.0,1.3521,NORMAL,80,57.0
13:18:28.243,1.0,0.0,NORMAL,100,100.0
13:18:28.611,1.0,0.0,NORMAL,100,100.0
13:18:29.363,1.0,0.0,NORMAL,100,100.0
13:18:29.668,1.0,0.0,NORMAL,100,100.0
13:18:29.961,1.0,0.0,NORMAL,100,100.0
13:18:30.308,1.0,0.0,NORMAL,100,100.0
13:18:30.607,1.0,0.0,NORMAL,100,100.0
13:18:30.993,1.0,0.0,NORMAL,100,100.0
13:18:31.732,1.0,0.0,NORMAL,100,100.0
13:18:32.097,1.0,0.0,NORMAL,100,100.0
13:18:32.457,1.0,0.0,NORMAL,100,100.0
13:18:32.897,1.0,0.0,NORMAL,100,100.0
13:18:33.664,1.0,0.0,NORMAL,100,100.0
13:18:34.003,1.0,0.0,NORMAL,100,100.0
13:18:34.389,1.0,0.0,NORMAL,100,100.0
13:18:34.717,1.0,0.0,NORMAL,100,100.0
13:18:35.110,1.0,0.0,NORMAL,100,100.0
13:18:35.520,1.0,0.0,NORMAL,100,100.0
13:18:36.463,1.0,0.0,NORMAL,100,100.0
13:18:36.754,1.0,2.3333,NORMAL,74,69.0
13:18:37.095,1.0,2.3333,NORMAL,74,69.0
13:18:37.427,1.0,2.3333,NORMAL,74,69.0
13:18:37.759,1.0,4.1441,CAUTION,49,57.0
13:18:38.104,1.0,1.5639,CAUTION,78,57.0
13:18:38.456,1.0,1.5639,CAUTION,78,57.0
13:18:38.820,1.0,1.5639,CAUTION,78,57.0
13:18:39.321,1.0,0.0,CAUTION,100,100.0
13:18:40.028,1.0,0.0,CAUTION,100,100.0
13:18:40.372,1.0,0.0,CAUTION,100,100.0
13:18:40.755,1.0,0.0,CAUTION,65,99.0
13:18:41.143,1.0,0.0,CAUTION,65,99.0
13:18:41.920,1.0,5.0,CAUTION,65,75.0
13:18:42.304,1.0,5.0,CAUTION,37,75.0
13:18:42.609,1.0,5.0,CAUTION,37,75.0
13:18:42.938,1.0,5.0,CAUTION,37,75.0
13:18:43.307,1.0,5.0,HAZARD,37,75.0
13:18:43.977,1.0,0.0,HAZARD,100,100.0
13:18:44.446,1.0,0.0,HAZARD,100,100.0
13:18:44.786,1.0,0.0,HAZARD,65,99.0
13:18:45.185,1.0,0.0,HAZARD,65,99.0
13:18:45.545,1.0,0.0,CAUTION,65,99.0
13:18:46.381,1.0,2.3333,CAUTION,74,69.0
13:18:46.687,1.0,2.3333,CAUTION,74,69.0
13:18:47.008,1.0,2.3333,CAUTION,74,69.0
13:18:47.344,1.0,2.3333,CAUTION,74,69.0
13:18:47.641,1.0,2.3333,CAUTION,74,69.0
13:18:48.038,1.0,0.0,CAUTION,100,100.0
13:18:48.523,1.0,1.325,CAUTION,80,57.0
13:18:49.401,1.0,1.325,CAUTION,80,57.0
13:18:49.796,1.0,0.0,CAUTION,100,100.0
13:18:50.151,1.0,0.0,CAUTION,100,100.0
13:18:50.504,1.0,0.0,NORMAL,100,100.0
13:18:50.910,1.0,0.0,NORMAL,100,100.0
13:18:51.713,1.0,2.3,NORMAL,68,75.0
13:18:52.049,1.0,2.3,NORMAL,68,75.0
13:18:52.417,1.0,2.3,NORMAL,68,75.0
13:18:52.757,1.0,0.0,NORMAL,100,100.0
13:18:53.115,1.0,2.3,CAUTION,68,75.0
13:18:53.914,1.0,1.8208,CAUTION,74,69.2
13:18:54.239,1.0,1.8208,CAUTION,74,69.2
13:18:54.569,1.0,1.8208,CAUTION,74,69.2
13:18:54.953,1.0,1.8208,CAUTION,74,69.2
13:18:55.362,1.0,1.8208,CAUTION,74,69.2
13:18:56.214,1.0,3.0,CAUTION,68,75.0
13:18:56.533,1.0,3.0,CAUTION,68,75.0
13:18:56.885,1.0,3.0,CAUTION,68,75.0
13:18:57.260,1.0,3.0,CAUTION,68,75.0
13:18:57.661,1.0,3.0,CAUTION,68,75.0
13:18:58.269,1.0,0.0,CAUTION,100,100.0
13:18:58.988,1.0,0.0,CAUTION,100,100.0
13:18:59.352,1.0,0.0,CAUTION,100,100.0
13:18:59.676,1.0,0.0,NORMAL,100,100.0
13:19:00.076,1.0,0.0,NORMAL,100,100.0
13:19:00.473,1.0,0.0,NORMAL,100,100.0
13:19:01.353,1.0,4.024,NORMAL,51,57.0
13:19:01.646,1.0,4.024,NORMAL,51,57.0
13:19:02.017,1.0,4.024,NORMAL,51,57.0
13:19:02.396,1.0,4.024,HAZARD,51,57.0
13:19:02.749,1.0,4.024,HAZARD,51,57.0
13:19:03.171,1.0,3.0,HAZARD,68,75.0
13:19:03.933,1.0,3.0,HAZARD,68,75.0
13:19:04.275,1.0,3.0,HAZARD,68,75.0
13:19:04.622,1.0,3.0,CAUTION,68,75.0
13:19:04.997,1.0,3.0,CAUTION,68,75.0
13:19:05.393,1.0,0.0,CAUTION,100,100.0
13:19:05.815,1.0,0.0,CAUTION,100,100.0
13:19:06.542,1.0,2.3,CAUTION,68,75.0
13:19:07.304,1.0,2.3,CAUTION,68,75.0
13:19:07.595,1.0,2.3,CAUTION,68,75.0
13:19:07.958,1.0,2.3,CAUTION,68,75.0
13:19:08.343,1.0,2.3,CAUTION,68,75.0
13:19:09.178,1.0,0.0,CAUTION,100,100.0
13:19:09.502,1.0,0.0,CAUTION,100,100.0
13:19:10.013,1.0,0.0,CAUTION,100,100.0
13:19:10.436,1.0,0.0,NORMAL,100,100.0
13:19:11.271,1.0,0.0,NORMAL,100,100.0
13:19:11.583,1.0,0.0,NORMAL,100,100.0
13:19:12.079,1.0,0.0,NORMAL,100,100.0
13:19:12.620,1.0,0.0,NORMAL,100,100.0
13:19:13.281,1.0,0.0,NORMAL,100,100.0
13:19:13.573,1.0,0.0,NORMAL,100,100.0
13:19:13.936,1.0,0.0,NORMAL,100,100.0
13:19:14.331,1.0,1.525,NORMAL,78,57.0
13:19:15.075,1.0,1.525,NORMAL,78,57.0
13:19:15.465,1.0,1.525,NORMAL,78,57.0
13:19:15.825,1.0,0.0,NORMAL,100,100.0
13:19:16.180,1.0,0.0,NORMAL,100,100.0
13:19:16.624,1.0,0.0,NORMAL,100,100.0
13:19:17.429,1.0,0.0,NORMAL,100,100.0
13:19:17.737,1.0,0.0,NORMAL,100,100.0
13:19:18.091,1.0,1.5125,NORMAL,78,57.0
13:19:18.465,1.0,1.5125,NORMAL,78,57.0
13:19:18.864,1.0,1.5125,NORMAL,78,57.0
13:19:19.638,1.0,1.5125,CAUTION,78,57.0
13:19:19.984,1.0,0.0,CAUTION,100,100.0
13:19:20.357,1.0,0.0,CAUTION,100,100.0
13:19:20.712,1.0,0.0,CAUTION,100,100.0
13:19:21.499,1.0,0.0,NORMAL,100,100.0
13:19:21.918,1.0,0.0,NORMAL,100,100.0
13:19:22.313,1.0,0.0,NORMAL,100,100.0
13:19:22.626,1.0,0.0,NORMAL,100,100.0
13:19:23.004,1.0,0.0,NORMAL,100,100.0
13:19:23.509,1.0,0.0,NORMAL,100,100.0
13:19:24.177,1.0,0.0,NORMAL,100,100.0
13:19:24.519,1.0,1.9,NORMAL,73,70.2
13:19:24.884,1.0,1.9,NORMAL,73,70.2
13:19:25.295,1.0,0.0,NORMAL,100,100.0
13:19:25.935,1.0,1.9,NORMAL,73,70.2
13:19:26.662,1.0,0.0,NORMAL,100,100.0
13:19:27.056,1.0,0.0,NORMAL,100,100.0
13:19:27.413,1.0,0.0,NORMAL,100,100.0
13:19:27.796,1.0,0.0,NORMAL,100,100.0
13:19:28.625,1.0,2.1542,NORMAL,70,73.2
13:19:28.958,1.0,2.1542,NORMAL,70,73.2
13:19:29.304,1.0,0.0,NORMAL,100,100.0
13:19:29.629,1.0,0.0,NORMAL,100,100.0
13:19:30.134,1.0,2.1542,NORMAL,70,73.2
13:19:30.834,1.0,0.0,NORMAL,100,100.0
13:19:31.184,1.0,0.0,NORMAL,100,100.0
13:19:31.499,1.0,0.0,NORMAL,100,100.0
13:19:31.860,1.0,0.0,NORMAL,100,100.0
13:19:32.185,1.0,4.7756,NORMAL,40,73.0
13:19:32.523,1.0,4.1599,NORMAL,49,57.0
13:19:32.884,1.0,4.1599,NORMAL,49,57.0
13:19:33.282,1.0,4.1599,HAZARD,49,57.0
13:19:34.098,1.0,4.1599,HAZARD,49,57.0
13:19:34.446,1.0,2.6667,HAZARD,71,72.0
13:19:34.854,1.0,2.1667,HAZARD,76,57.0
13:19:35.276,1.0,2.1667,HAZARD,76,57.0
13:19:36.119,1.0,2.1667,CAUTION,76,57.0
13:19:36.472,1.0,0.0,CAUTION,100,100.0
13:19:36.812,1.0,3.0,CAUTION,68,75.0
13:19:37.162,1.0,3.0,CAUTION,68,75.0
13:19:37.951,1.0,0.0,CAUTION,100,100.0
13:19:38.293,1.0,0.0,CAUTION,100,100.0
13:19:38.628,1.0,3.0,CAUTION,68,75.0
13:19:40.158,1.0,0.0,NORMAL,100,100.0
13:19:40.479,1.0,0.0,NORMAL,100,100.0
13:19:40.853,1.0,0.0,NORMAL,100,100.0
13:19:41.707,1.0,0.0,NORMAL,100,100.0
13:19:42.109,1.0,0.0,NORMAL,100,100.0
13:19:42.456,1.0,0.0,NORMAL,100,100.0
13:19:42.834,1.0,0.0,NORMAL,100,100.0
13:19:43.670,1.0,0.0,NORMAL,100,100.0
13:19:43.995,1.0,0.0,NORMAL,100,100.0
13:19:44.341,1.0,0.0,NORMAL,100,100.0
13:19:44.657,1.0,0.0,NORMAL,100,100.0
13:19:45.084,1.0,0.0,NORMAL,100,100.0
13:19:45.871,1.0,0.0,NORMAL,100,100.0
13:19:46.210,1.0,0.0,NORMAL,100,100.0
13:19:46.550,1.0,0.0,NORMAL,100,100.0
13:19:46.942,1.0,0.0,NORMAL,100,100.0
13:19:47.685,1.0,0.0,NORMAL,100,100.0
13:19:48.145,1.0,0.0,NORMAL,100,100.0
13:19:48.524,1.0,0.0,NORMAL,100,100.0
13:19:49.464,1.0,0.0,NORMAL,100,100.0
13:19:49.816,1.0,0.0,NORMAL,100,100.0
13:19:50.205,1.0,0.0,NORMAL,69,99.0
13:19:51.144,1.0,0.0,NORMAL,70,99.0
13:19:51.484,1.0,4.8656,NORMAL,70,73.8
13:19:51.841,1.0,0.0,CAUTION,70,99.0
13:19:52.177,1.0,0.0,CAUTION,70,99.0
13:19:52.521,1.0,0.0,CAUTION,70,99.0
13:19:52.871,1.0,0.0,CAUTION,100,100.0
13:19:53.253,1.0,0.0,CAUTION,100,100.0
13:19:53.638,1.0,1.75,CAUTION,75,68.4
13:19:54.430,1.0,1.75,CAUTION,75,68.4
13:19:54.758,1.0,0.0,CAUTION,100,100.0
13:19:55.112,1.0,0.0,NORMAL,100,100.0
13:19:55.490,1.0,0.0,NORMAL,100,100.0
13:19:56.208,1.0,0.0,NORMAL,100,100.0
13:19:56.656,1.0,0.0,NORMAL,100,100.0
13:19:57.013,1.0,0.0,NORMAL,100,100.0
13:19:57.388,1.0,4.568,NORMAL,43,71.1
13:19:57.778,1.0,4.568,NORMAL,43,71.1
13:19:58.797,1.0,0.0,NORMAL,100,100.0
13:19:59.128,1.0,4.568,NORMAL,43,71.1
13:19:59.458,1.0,4.568,HAZARD,43,71.1
13:19:59.802,1.0,4.568,HAZARD,43,71.1
13:20:00.678,1.0,4.568,HAZARD,43,71.1
13:20:01.039,1.0,4.568,HAZARD,43,71.1
13:20:01.402,1.0,4.568,HAZARD,43,71.1
13:20:01.775,1.0,0.0,HAZARD,100,100.0
13:20:02.556,1.0,0.0,HAZARD,100,100.0
13:20:02.913,1.0,0.0,HAZARD,100,100.0
13:20:03.273,1.0,0.0,NORMAL,100,100.0
13:20:03.589,1.0,0.0,NORMAL,100,100.0
13:20:03.989,1.0,0.0,NORMAL,100,100.0
13:20:04.768,1.0,0.0,NORMAL,100,100.0
13:20:05.118,1.0,0.0,NORMAL,100,100.0
13:20:05.456,1.0,0.0,NORMAL,100,100.0
13:20:05.837,1.0,0.0,NORMAL,100,100.0
13:20:06.606,1.0,0.0,NORMAL,100,100.0
13:20:07.022,1.0,0.0,NORMAL,100,100.0
13:20:07.387,1.0,0.0,NORMAL,100,100.0
13:20:07.719,1.0,0.0,NORMAL,100,100.0
13:20:08.087,1.0,0.0,NORMAL,100,100.0
13:20:08.838,1.0,0.0,NORMAL,100,100.0
13:20:09.206,1.0,0.0,NORMAL,100,100.0
13:20:09.515,1.0,0.0,NORMAL,100,100.0
13:20:09.909,1.0,0.0,NORMAL,100,100.0
13:20:10.301,1.0,0.0,NORMAL,100,100.0
13:20:11.172,1.0,4.0896,NORMAL,50,57.0
13:20:11.518,1.0,4.0896,NORMAL,50,57.0
13:20:11.885,1.0,4.0896,NORMAL,50,57.0
13:20:12.277,1.0,4.0896,HAZARD,50,57.0
13:20:13.068,1.0,2.1667,HAZARD,76,57.0
13:20:13.435,1.0,2.1667,HAZARD,76,57.0
13:20:13.787,1.0,2.1667,HAZARD,76,57.0
13:20:14.126,1.0,2.1667,CAUTION,76,57.0
13:20:14.466,1.0,2.1667,CAUTION,76,57.0
13:20:14.839,1.0,2.1667,CAUTION,76,57.0
13:20:15.192,1.0,1.4042,CAUTION,80,57.0
13:20:15.569,1.0,1.4042,CAUTION,80,57.0
13:20:16.137,1.0,1.4042,CAUTION,80,57.0
13:20:16.547,1.0,0.0,CAUTION,100,100.0
13:20:17.067,1.0,0.0,CAUTION,100,100.0
13:20:17.511,1.0,0.0,CAUTION,100,100.0
13:20:18.018,1.0,0.0,NORMAL,100,100.0
13:20:18.587,1.0,0.0,NORMAL,100,100.0
13:20:19.211,1.0,0.0,NORMAL,100,100.0
13:20:19.553,1.0,0.0,NORMAL,100,100.0
13:20:19.917,1.0,0.0,NORMAL,100,100.0
13:20:20.296,1.0,0.0,NORMAL,100,100.0
13:20:20.658,1.0,0.0,NORMAL,100,100.0
13:20:21.393,1.0,0.0,NORMAL,100,100.0
13:20:22.016,1.0,0.0,NORMAL,100,100.0
13:20:22.382,1.0,0.0,NORMAL,100,100.0
13:20:22.738,1.0,0.0,NORMAL,100,100.0
13:20:23.165,1.0,1.325,NORMAL,80,57.0
13:20:23.519,1.0,1.325,NORMAL,80,57.0
13:20:23.889,1.0,1.325,NORMAL,80,57.0
13:20:24.251,1.0,1.325,CAUTION,80,57.0
13:20:24.621,1.0,0.0,CAUTION,100,100.0
13:20:25.038,1.0,0.0,CAUTION,100,100.0
13:20:25.411,1.0,0.0,CAUTION,100,100.0
13:20:25.804,1.0,0.0,NORMAL,100,100.0
13:20:26.599,1.0,0.0,NORMAL,100,100.0
13:20:26.966,1.0,0.0,NORMAL,100,100.0
13:20:27.323,1.0,0.0,NORMAL,100,100.0
13:20:27.659,1.0,0.0,NORMAL,100,100.0
13:20:28.055,1.0,0.0,NORMAL,100,100.0
13:20:28.801,1.0,0.0,NORMAL,100,100.0
13:20:29.220,1.0,0.0,NORMAL,100,100.0
13:20:29.545,1.0,0.0,NORMAL,100,100.0
13:20:29.916,1.0,0.0,NORMAL,100,100.0
13:20:30.315,1.0,0.0,NORMAL,100,100.0
13:20:30.677,1.0,0.0,NORMAL,100,100.0
13:20:31.279,1.0,0.0,NORMAL,100,100.0
13:20:31.901,1.0,4.1958,NORMAL,48,57.0
13:20:32.259,1.0,4.1958,NORMAL,48,57.0
13:20:32.596,1.0,0.0,NORMAL,100,100.0
13:20:32.982,1.0,4.1958,NORMAL,48,57.0
13:20:33.453,1.0,2.05,HAZARD,71,72.0
13:20:34.266,1.0,2.6667,HAZARD,71,72.0
13:20:34.609,1.0,2.6667,CAUTION,71,72.0
13:20:34.968,1.0,2.6667,CAUTION,71,72.0
13:20:35.354,1.0,2.6667,CAUTION,71,72.0
13:20:36.166,1.0,0.0,CAUTION,100,100.0
13:20:36.594,1.0,0.0,CAUTION,100,100.0
13:20:36.947,1.0,0.0,CAUTION,100,100.0
13:20:37.342,1.0,0.0,NORMAL,100,100.0
13:20:37.713,1.0,0.0,NORMAL,100,100.0
13:20:38.485,1.0,0.0,NORMAL,100,100.0
13:20:39.095,1.0,0.0,NORMAL,100,100.0
13:20:39.451,1.0,0.0,NORMAL,100,100.0
13:20:39.831,1.0,0.0,NORMAL,100,100.0
13:20:40.362,1.0,0.0,NORMAL,100,100.0
13:20:41.085,1.0,0.0,NORMAL,100,100.0
13:20:41.459,1.0,0.0,NORMAL,100,100.0
13:20:42.117,1.0,0.0,NORMAL,100,100.0
13:20:42.790,1.0,0.0,NORMAL,100,100.0
13:20:43.130,1.0,0.0,NORMAL,100,100.0
13:20:43.618,1.0,0.0,NORMAL,100,100.0
13:20:44.433,1.0,0.0,NORMAL,100,100.0
13:20:44.802,1.0,0.0,NORMAL,100,100.0
13:20:45.174,1.0,0.0,NORMAL,100,100.0
13:20:45.771,1.0,0.0,NORMAL,100,100.0
13:20:46.462,1.0,1.9,NORMAL,73,70.2
13:20:46.835,1.0,0.0,NORMAL,100,100.0
13:20:47.212,1.0,0.0,NORMAL,100,100.0
13:20:47.983,1.0,1.9,NORMAL,73,70.2
13:20:48.411,1.0,0.0,NORMAL,100,100.0
13:20:48.785,1.0,0.0,NORMAL,100,100.0
13:20:49.190,1.0,0.0,NORMAL,100,100.0
13:20:49.970,1.0,0.0,NORMAL,100,100.0
13:20:50.323,1.0,0.0,NORMAL,100,100.0
13:20:50.676,1.0,0.0,NORMAL,100,100.0
13:20:51.084,1.0,0.0,NORMAL,100,100.0
13:20:51.462,1.0,0.0,NORMAL,100,100.0
13:20:52.177,1.0,0.0,NORMAL,100,100.0
13:20:52.636,1.0,0.0,NORMAL,100,100.0
13:20:53.018,1.0,0.0,NORMAL,100,100.0
13:20:53.472,1.0,0.0,NORMAL,100,100.0
13:20:54.365,1.0,0.0,NORMAL,100,100.0
13:20:54.706,1.0,0.0,NORMAL,100,100.0
13:20:55.012,1.0,0.0,NORMAL,100,100.0
13:20:55.376,1.0,0.0,NORMAL,100,100.0
13:20:56.253,1.0,0.0,NORMAL,100,100.0
13:20:56.588,1.0,0.0,NORMAL,100,100.0
13:20:56.986,1.0,0.0,NORMAL,100,100.0
13:20:57.380,1.0,0.0,NORMAL,100,100.0
13:20:57.730,1.0,0.0,NORMAL,100,100.0
13:20:58.169,1.0,0.0,NORMAL,100,100.0
13:20:58.976,1.0,0.0,NORMAL,100,100.0
13:20:59.340,1.0,0.0,NORMAL,100,100.0
13:20:59.674,1.0,0.0,NORMAL,100,100.0
13:21:00.097,1.0,0.0,NORMAL,100,100.0
13:21:01.048,1.0,0.0,NORMAL,100,100.0
13:21:01.430,1.0,0.0,NORMAL,100,100.0
13:21:01.796,1.0,0.0,NORMAL,100,100.0
13:21:02.218,1.0,0.0,NORMAL,100,100.0
13:21:02.587,1.0,0.0,NORMAL,100,100.0
13:21:03.023,1.0,0.0,NORMAL,100,100.0
13:21:03.793,1.0,0.0,NORMAL,100,100.0
13:21:04.162,1.0,0.0,NORMAL,100,100.0
13:21:04.514,1.0,0.0,NORMAL,100,100.0
13:21:04.925,1.0,0.0,NORMAL,100,100.0
13:21:05.327,1.0,0.0,NORMAL,100,100.0
13:21:05.703,1.0,0.0,NORMAL,100,100.0
13:21:06.261,1.0,0.0,NORMAL,100,100.0
13:21:07.056,1.0,2.3,NORMAL,68,75.0
13:21:07.417,1.0,2.3,NORMAL,68,75.0
13:21:07.787,1.0,2.3,NORMAL,68,75.0
13:21:08.164,1.0,2.3,CAUTION,68,75.0
13:21:08.651,1.0,2.3,CAUTION,68,75.0
13:21:09.387,1.0,0.0,CAUTION,100,100.0
13:21:09.765,1.0,0.0,CAUTION,100,100.0
13:21:10.156,1.0,2.3,CAUTION,68,75.0
13:21:10.561,1.0,2.3,CAUTION,68,75.0
13:21:10.981,1.0,2.3,CAUTION,68,75.0
13:21:11.462,1.0,2.3,CAUTION,68,75.0
13:21:12.433,1.0,2.3,CAUTION,68,75.0
13:21:12.784,1.0,2.3,CAUTION,68,75.0
13:21:13.188,1.0,2.3,CAUTION,68,75.0
13:21:13.583,1.0,2.3,CAUTION,68,75.0
13:21:14.361,1.0,2.5,CAUTION,72,70.5
13:21:14.895,1.0,2.5,CAUTION,72,70.5
13:21:15.285,1.0,0.0,CAUTION,65,99.0
13:21:15.664,1.0,0.0,CAUTION,65,99.0
13:21:16.053,1.0,0.0,CAUTION,65,99.0
13:21:16.525,1.0,0.0,CAUTION,65,99.0
13:21:17.256,1.0,0.0,CAUTION,100,100.0
13:21:17.600,1.0,0.0,CAUTION,100,100.0
13:21:17.953,1.0,3.0,CAUTION,68,75.0
13:21:18.355,1.0,3.0,CAUTION,65,75.0
13:21:19.188,1.0,3.0,CAUTION,65,75.0
13:21:19.527,1.0,0.0,CAUTION,65,99.0
13:21:19.870,1.0,0.0,CAUTION,65,99.0
13:21:20.245,1.0,0.0,CAUTION,65,99.0
13:21:20.940,1.0,0.0,CAUTION,65,99.0
13:21:21.363,1.0,0.0,CAUTION,65,99.0
13:21:21.719,1.0,0.0,CAUTION,65,99.0
13:21:22.078,1.0,0.0,CAUTION,100,100.0
13:21:22.450,1.0,0.0,CAUTION,100,100.0
13:21:23.344,1.0,0.0,CAUTION,100,100.0
13:21:23.626,1.0,0.0,NORMAL,100,100.0
13:21:23.963,1.0,0.0,NORMAL,100,100.0
13:21:24.345,1.0,0.0,NORMAL,100,100.0
13:21:25.002,1.0,0.0,NORMAL,100,100.0
13:21:25.477,1.0,0.0,NORMAL,100,100.0
13:21:25.838,1.0,0.0,NORMAL,100,100.0
13:21:26.207,1.0,0.0,NORMAL,100,100.0
13:21:26.567,1.0,0.0,NORMAL,100,100.0
13:21:27.420,1.0,0.0,NORMAL,100,100.0
13:21:27.763,1.0,0.0,NORMAL,100,100.0
13:21:28.144,1.0,0.0,NORMAL,100,100.0
13:21:28.485,1.0,0.0,NORMAL,100,100.0
13:21:28.859,1.0,0.0,NORMAL,100,100.0
13:21:30.430,1.0,0.0,NORMAL,100,100.0
13:21:30.841,1.0,0.0,NORMAL,100,100.0
13:21:32.042,1.0,0.0,NORMAL,100,100.0
13:21:32.448,1.0,0.0,NORMAL,100,100.0
13:21:32.836,1.0,0.0,NORMAL,100,100.0
13:21:33.301,1.0,0.0,NORMAL,100,100.0
13:21:34.226,1.0,0.0,NORMAL,100,100.0
13:21:34.621,1.0,0.0,NORMAL,100,100.0
13:21:35.546,1.0,0.0,NORMAL,100,100.0
13:21:36.177,1.0,0.0,NORMAL,100,100.0
13:21:36.624,1.0,0.0,NORMAL,100,100.0
13:21:37.607,1.0,0.0,NORMAL,100,100.0
13:21:37.941,1.0,0.0,NORMAL,100,100.0
13:21:38.257,1.0,4.5659,NORMAL,43,71.1
13:21:38.562,1.0,0.0,NORMAL,100,100.0
13:21:38.866,1.0,0.0,NORMAL,100,100.0
13:21:39.191,1.0,0.0,NORMAL,100,100.0
13:21:39.533,1.0,0.0,NORMAL,100,100.0
13:21:39.884,1.0,0.0,NORMAL,100,100.0
13:21:40.291,1.0,2.8333,NORMAL,69,73.5
13:21:40.647,1.0,2.8333,NORMAL,69,73.5
13:21:40.994,1.0,2.8333,NORMAL,69,73.5
13:21:41.707,1.0,2.8333,CAUTION,69,73.5
13:21:42.157,1.0,2.3,CAUTION,68,75.0
13:21:42.487,1.0,2.3,CAUTION,68,75.0
13:21:42.897,1.0,2.3,CAUTION,68,75.0
13:21:43.903,1.0,2.3,CAUTION,68,75.0
13:21:44.374,1.0,1.425,CAUTION,79,57.0
13:21:44.779,1.0,1.425,CAUTION,79,57.0
