timestamp,imu_z,motion_score,decision,motor_speed,confidence
16:48:01.090,1.85,0.0,CAUTION,78,64.0
16:48:01.333,1.7225,0.0,CAUTION,100,84.0
16:48:01.482,1.6141,0.0,NORMAL,100,97.0
16:48:01.617,1.522,0.0,NORMAL,100,97.0
16:48:01.756,1.4437,0.0,NORMAL,100,97.0
16:48:01.894,1.3771,0.0,NORMAL,100,97.0
16:48:02.047,1.3206,0.0,NORMAL,100,96.0
16:48:02.183,1.2725,0.0,NORMAL,100,96.0
16:48:02.302,1.2316,0.0,NORMAL,100,98.0
16:48:02.431,1.1969,0.0,NORMAL,100,98.0
16:48:02.550,1.1673,0.0,NORMAL,100,98.0
16:48:02.691,1.1422,0.0,NORMAL,100,97.0
16:48:02.831,1.1209,0.0,NORMAL,100,82.0
16:48:02.973,1.1028,0.0,NORMAL,100,73.0
16:48:03.114,1.0874,0.0,NORMAL,100,66.0
16:48:03.244,1.0743,0.0,NORMAL,100,58.0
16:48:03.375,1.0631,0.0,NORMAL,100,41.0
16:48:03.509,1.0536,0.0,NORMAL,100,39.0
16:48:03.641,1.0456,0.0,NORMAL,100,51.0
16:48:03.775,1.0388,0.0,NORMAL,100,81.0
16:48:03.912,1.0329,0.0,NORMAL,100,100.0
16:48:04.045,1.028,0.0,NORMAL,100,100.0
16:48:04.175,1.0238,0.0,NORMAL,100,100.0
16:48:04.297,1.0202,0.0,NORMAL,100,100.0
16:48:04.439,1.0172,0.0,NORMAL,100,100.0
16:48:04.560,1.0146,0.0,NORMAL,100,100.0
16:48:04.699,1.0124,0.0,NORMAL,100,100.0
16:48:04.829,1.0106,0.0,NORMAL,100,100.0
16:48:04.966,1.009,0.0,NORMAL,100,100.0
16:48:05.097,1.0076,0.0,NORMAL,100,100.0
16:48:05.232,1.0065,0.0,NORMAL,100,100.0
16:48:05.361,1.0055,0.0,NORMAL,100,100.0
16:48:05.483,1.0047,0.0,NORMAL,100,100.0
16:48:05.623,1.004,0.0,NORMAL,100,100.0
16:48:05.756,1.0034,0.0,NORMAL,100,100.0
16:48:05.878,1.0029,0.0,NORMAL,100,100.0
16:48:06.005,1.0024,0.0,NORMAL,100,100.0
16:48:06.133,1.0021,0.0,NORMAL,100,100.0
16:48:06.263,1.0018,0.0,NORMAL,100,100.0
16:48:06.405,1.0015,0.0,NORMAL,100,100.0
16:48:06.529,1.0013,0.0,NORMAL,100,100.0
16:48:06.658,1.0011,0.0,NORMAL,100,100.0
16:48:06.795,1.0009,0.0,NORMAL,100,100.0
16:48:06.928,1.0008,0.0,NORMAL,100,100.0
16:48:07.054,1.0007,0.0,NORMAL,100,100.0
16:48:07.204,1.0006,0.0,NORMAL,100,100.0
16:48:07.337,1.0005,0.0,NORMAL,100,100.0
16:48:07.462,1.0004,0.0,NORMAL,100,100.0
16:48:07.592,1.0003,0.0,NORMAL,100,100.0
16:48:07.718,1.0003,0.0,NORMAL,100,100.0
16:48:07.856,1.0003,0.0,NORMAL,100,100.0
16:48:07.981,1.0002,0.0,NORMAL,100,100.0
16:48:08.110,1.0002,0.0,NORMAL,100,100.0
16:48:08.239,1.0002,0.0,NORMAL,100,100.0
16:48:08.377,1.0001,0.0,NORMAL,100,100.0
16:48:08.502,1.0001,0.0,NORMAL,100,100.0
16:48:08.629,1.0001,0.0,NORMAL,100,100.0
16:48:08.769,1.0001,0.0,NORMAL,100,100.0
16:48:08.902,1.0001,0.0,NORMAL,100,100.0
16:48:09.031,1.0001,0.0,NORMAL,100,100.0
16:48:09.162,1.0,0.0,NORMAL,100,100.0
16:48:09.293,1.0,0.0,NORMAL,100,100.0
16:48:09.424,1.0,0.0,NORMAL,100,100.0
16:48:09.561,1.0,0.0,NORMAL,100,100.0
16:48:09.686,1.0,0.0,NORMAL,100,100.0
16:48:09.811,1.0,0.0,NORMAL,100,100.0
16:48:09.949,1.0,0.0,NORMAL,100,100.0
16:48:10.094,1.0,0.0,NORMAL,100,100.0
16:48:10.218,1.0,0.0,NORMAL,100,100.0
16:48:10.350,1.0,0.0,NORMAL,100,100.0
16:48:10.471,1.0,0.0,NORMAL,100,100.0
16:48:10.637,1.0,0.0,NORMAL,100,100.0
16:48:10.769,1.0,0.0,NORMAL,100,100.0
16:48:10.902,1.0,0.0,NORMAL,100,100.0
16:48:11.029,1.0,0.0,NORMAL,100,100.0
16:48:11.165,1.0,0.0,NORMAL,100,100.0
16:48:11.295,1.0,0.0,NORMAL,100,100.0
16:48:11.445,1.0,0.0,NORMAL,100,100.0
16:48:11.601,1.0,0.0,NORMAL,100,100.0
16:48:11.728,1.0,1.67,NORMAL,84,57.0
16:48:11.853,1.0,2.67,NORMAL,74,57.0
16:48:11.983,1.0,3.67,CAUTION,65,57.0
16:48:12.115,1.0,3.67,CAUTION,65,57.0
16:48:12.243,1.0,3.67,CAUTION,65,57.0
16:48:12.375,1.0,3.67,CAUTION,65,57.0
16:48:12.500,1.0,3.67,CAUTION,65,57.0
16:48:12.642,1.0,3.67,CAUTION,67,57.0
16:48:12.777,1.0,3.67,CAUTION,69,57.0
16:48:12.901,1.0,3.67,CAUTION,72,57.0
16:48:13.038,1.0,3.67,CAUTION,72,57.0
16:48:13.188,1.0,3.67,CAUTION,72,57.0
16:48:13.328,1.0,3.67,CAUTION,72,57.0
16:48:13.477,1.0,3.67,CAUTION,72,57.0
16:48:13.624,1.0,3.67,CAUTION,72,57.0
16:48:13.757,1.0,3.67,CAUTION,72,57.0
16:48:13.889,1.0,3.67,CAUTION,72,57.0
16:48:14.009,1.0,3.67,CAUTION,72,57.0
16:48:14.139,1.0,3.67,CAUTION,72,57.0
16:48:14.278,1.0,3.67,CAUTION,72,57.0
16:48:14.419,1.0,3.67,CAUTION,49,57.0
16:48:14.593,1.0,3.67,CAUTION,49,57.0
16:48:14.778,1.0,3.67,HAZARD,49,57.0
16:48:14.966,1.0,4.33,HAZARD,39,57.0
16:48:15.157,1.0,4.33,HAZARD,39,57.0
16:48:15.347,1.0,4.33,HAZARD,39,57.0
16:48:15.541,1.0,4.33,HAZARD,39,57.0
16:48:15.735,1.0,9.33,HAZARD,30,57.0
16:48:15.908,1.0,3.67,HAZARD,49,57.0
16:48:16.095,1.0,16.0,HAZARD,30,57.0
16:48:16.285,1.0,0.0,HAZARD,100,100.0
16:48:16.469,1.0,24.0,HAZARD,30,57.0
16:48:16.674,1.0,24.0,HAZARD,30,57.0
16:48:16.861,1.0,25.33,HAZARD,30,57.0
16:48:17.073,1.0,0.0,HAZARD,100,100.0
16:48:17.273,1.0,0.0,HAZARD,100,100.0
16:48:17.521,1.0,28.0,HAZARD,30,57.0
16:48:17.728,1.0,28.0,HAZARD,30,57.0
16:48:17.950,1.0,28.0,HAZARD,30,57.0
16:48:18.213,1.0,28.0,HAZARD,30,57.0
16:48:18.442,1.0,0.0,HAZARD,100,100.0
16:48:18.673,1.0,0.0,HAZARD,100,100.0
16:48:18.901,1.0,0.0,NORMAL,100,100.0
16:48:19.124,1.0,0.0,NORMAL,100,100.0
16:48:19.369,1.0,0.0,NORMAL,100,100.0
16:48:19.682,1.0,31.33,NORMAL,30,57.0
16:48:20.003,1.0,31.33,NORMAL,30,57.0
16:48:20.317,1.0,31.33,HAZARD,30,57.0
16:48:20.585,1.0,43.0,HAZARD,30,57.0
16:48:20.832,1.0,43.0,HAZARD,30,57.0
16:48:21.063,1.0,43.0,HAZARD,30,57.0
16:48:21.308,1.0,43.0,HAZARD,30,57.0
16:48:21.561,1.0,43.0,HAZARD,30,57.0
16:48:21.825,1.0,67.67,HAZARD,30,57.0
16:48:22.074,1.0,67.67,HAZARD,30,57.0
16:48:22.333,1.0,67.67,HAZARD,30,57.0
16:48:22.574,1.0,67.67,HAZARD,30,57.0
16:48:22.810,1.0,67.67,HAZARD,30,57.0
16:48:23.033,1.0,67.67,HAZARD,30,57.0
16:48:23.262,1.0,67.67,HAZARD,30,57.0
16:48:23.473,1.0,67.67,HAZARD,30,57.0
16:48:23.692,1.0,67.67,HAZARD,30,57.0
16:48:23.911,1.0,65.67,HAZARD,30,57.0
16:48:24.121,1.0,65.67,HAZARD,30,57.0
16:48:24.330,1.0,63.33,HAZARD,30,57.0
16:48:24.524,1.0,44.33,HAZARD,30,57.0
16:48:24.713,1.0,24.67,HAZARD,30,57.0
16:48:24.919,1.0,19.0,HAZARD,30,57.0
16:48:25.115,1.0,6.0,HAZARD,73,57.0
16:48:25.325,1.0,6.0,HAZARD,73,57.0
16:48:25.527,1.0,6.0,HAZARD,30,57.0
16:48:25.735,1.0,6.0,HAZARD,30,57.0
16:48:25.938,1.0,6.67,HAZARD,30,57.0
16:48:26.137,1.0,6.67,HAZARD,30,57.0
16:48:26.337,1.0,6.0,HAZARD,30,57.0
16:48:26.541,1.0,4.67,HAZARD,35,57.0
16:48:26.737,1.0,4.33,HAZARD,39,57.0
16:48:26.927,1.0,6.67,HAZARD,30,57.0
16:48:27.117,1.0,6.67,HAZARD,48,57.0
16:48:27.371,1.0,5.67,HAZARD,30,57.0
16:48:27.558,1.0,5.67,HAZARD,30,57.0
16:48:27.745,1.0,5.67,HAZARD,30,57.0
16:48:27.926,1.0,5.67,HAZARD,30,57.0
16:48:28.114,1.0,7.0,HAZARD,30,57.0
16:48:28.302,1.0,7.0,HAZARD,30,57.0
16:48:28.481,1.0,7.0,HAZARD,30,57.0
16:48:28.675,1.0,7.0,HAZARD,30,57.0
16:48:28.864,1.0,7.0,HAZARD,30,57.0
16:48:29.054,1.0,7.0,HAZARD,30,57.0
16:48:29.241,1.0,5.33,HAZARD,30,57.0
16:48:29.425,1.0,7.0,HAZARD,30,57.0
16:48:29.613,1.0,7.0,HAZARD,30,57.0
16:48:29.804,1.0,7.0,HAZARD,43,57.0
16:48:29.984,1.0,7.0,HAZARD,43,57.0
16:48:30.172,1.0,7.0,HAZARD,43,57.0
16:48:30.360,1.0,7.0,HAZARD,30,57.0
16:48:30.550,1.0,7.0,HAZARD,30,57.0
16:48:30.737,1.0,7.0,HAZARD,30,57.0
16:48:30.937,1.0,5.0,HAZARD,30,57.0
16:48:31.132,1.0,5.0,HAZARD,30,57.0
16:48:31.323,1.0,5.0,HAZARD,30,57.0
16:48:31.514,1.0,0.0,HAZARD,100,100.0
16:48:31.710,1.0,0.0,HAZARD,100,100.0
16:48:31.896,1.0,7.67,HAZARD,30,57.0
16:48:32.094,1.0,7.67,HAZARD,30,57.0
16:48:32.270,1.0,7.67,HAZARD,30,57.0
16:48:32.462,1.0,7.67,HAZARD,30,57.0
16:48:32.653,1.0,7.67,HAZARD,30,57.0
16:48:32.839,1.0,9.33,HAZARD,32,57.0
16:48:33.024,1.0,10.67,HAZARD,30,57.0
16:48:33.217,1.0,13.0,HAZARD,30,57.0
16:48:33.408,1.0,13.67,HAZARD,30,57.0
16:48:33.593,1.0,14.67,HAZARD,30,57.0
16:48:33.785,1.0,14.67,HAZARD,30,57.0
16:48:33.964,1.0,14.67,HAZARD,30,57.0
16:48:34.141,1.0,15.33,HAZARD,30,57.0
16:48:34.327,1.0,15.33,HAZARD,30,57.0
16:48:34.512,1.0,15.33,HAZARD,30,57.0
16:48:34.706,1.0,15.33,HAZARD,30,57.0
16:48:34.903,1.0,15.33,HAZARD,30,57.0
16:48:35.097,1.0,15.33,HAZARD,30,57.0
16:48:35.283,1.0,4.67,HAZARD,76,57.0
16:48:35.470,1.0,4.67,HAZARD,76,57.0
16:48:35.652,1.0,4.67,CAUTION,76,57.0
16:48:35.838,1.0,4.67,CAUTION,76,57.0
16:48:36.105,1.0,4.67,CAUTION,76,57.0
16:48:36.305,1.0,4.67,CAUTION,76,57.0
16:48:36.489,1.0,4.67,CAUTION,76,57.0
16:48:36.671,1.0,4.67,CAUTION,76,57.0
16:48:36.865,1.0,4.67,CAUTION,76,57.0
16:48:37.044,1.0,4.67,CAUTION,76,57.0
16:48:37.237,1.0,0.0,CAUTION,100,100.0
16:48:37.425,1.0,0.0,CAUTION,100,100.0
16:48:37.609,1.0,0.0,NORMAL,100,100.0
16:48:37.798,1.0,0.0,NORMAL,100,100.0
16:48:37.982,1.0,0.67,NORMAL,100,39.0
16:48:38.160,1.0,1.33,NORMAL,86,57.0
16:48:38.328,1.0,1.33,NORMAL,86,57.0
16:48:38.500,1.0,2.67,CAUTION,74,57.0
16:48:38.689,1.0,2.67,CAUTION,74,57.0
16:48:38.880,1.0,2.67,CAUTION,74,57.0
16:48:39.051,1.0,2.67,CAUTION,74,57.0
16:48:39.243,1.0,3.0,CAUTION,70,57.0
16:48:39.427,1.0,3.0,CAUTION,70,57.0
16:48:39.609,1.0,3.0,CAUTION,70,57.0
16:48:39.805,1.0,3.0,CAUTION,70,57.0
16:48:40.001,1.0,3.0,CAUTION,70,57.0
16:48:40.182,1.0,3.0,CAUTION,70,57.0
16:48:40.358,1.0,3.0,CAUTION,70,57.0
16:48:40.548,1.0,5.0,CAUTION,30,57.0
16:48:40.727,1.0,5.0,CAUTION,30,57.0
16:48:40.940,1.0,5.0,HAZARD,30,57.0
16:48:41.128,1.0,5.0,HAZARD,30,57.0
16:48:41.324,1.0,5.0,HAZARD,30,57.0
16:48:41.513,1.0,5.0,HAZARD,30,57.0
16:48:41.699,1.0,5.0,HAZARD,30,57.0
16:48:41.885,1.0,5.0,HAZARD,30,57.0
16:48:42.065,1.0,5.0,HAZARD,30,57.0
16:48:42.251,1.0,5.0,HAZARD,30,57.0
16:48:42.443,1.0,5.0,HAZARD,30,57.0
16:48:42.633,1.0,5.0,HAZARD,30,57.0
16:48:42.815,1.0,5.0,HAZARD,30,57.0
16:48:42.997,1.0,5.0,HAZARD,30,57.0
16:48:43.254,1.0,5.0,HAZARD,30,57.0
16:48:43.437,1.0,5.0,HAZARD,30,57.0
16:48:43.610,1.0,5.0,HAZARD,30,57.0
16:48:43.801,1.0,4.67,HAZARD,35,57.0
16:48:43.986,1.0,4.67,HAZARD,35,57.0
16:48:44.168,1.0,3.67,HAZARD,49,57.0
16:48:44.374,1.0,5.33,HAZARD,30,57.0
16:48:44.564,1.0,5.33,HAZARD,30,57.0
16:48:44.744,1.0,4.67,HAZARD,35,57.0
16:48:44.923,1.0,4.67,HAZARD,76,57.0
16:48:45.110,1.0,4.67,HAZARD,76,57.0
16:48:45.297,1.0,4.67,CAUTION,76,57.0
16:48:45.481,1.0,6.33,CAUTION,30,57.0
16:48:45.667,1.0,6.67,CAUTION,30,57.0
16:48:45.856,1.0,7.33,HAZARD,30,57.0
16:48:46.054,1.0,8.33,HAZARD,30,57.0
16:48:46.233,1.0,8.33,HAZARD,30,57.0
16:48:46.420,1.0,9.33,HAZARD,30,57.0
16:48:46.611,1.0,9.67,HAZARD,30,57.0
16:48:46.804,1.0,10.67,HAZARD,30,57.0
16:48:46.986,1.0,10.67,HAZARD,30,57.0
16:48:47.182,1.0,10.67,HAZARD,30,57.0
16:48:47.363,1.0,10.67,HAZARD,30,57.0
16:48:47.555,1.0,10.67,HAZARD,31,57.0
16:48:47.754,1.0,10.67,HAZARD,31,57.0
16:48:47.943,1.0,10.67,HAZARD,30,57.0
16:48:48.125,1.0,10.67,HAZARD,30,57.0
16:48:48.305,1.0,10.67,HAZARD,30,57.0
16:48:48.493,1.0,10.67,HAZARD,31,57.0
16:48:48.686,1.0,10.67,HAZARD,31,57.0
16:48:48.878,1.0,10.67,HAZARD,31,57.0
16:48:49.067,1.0,10.67,HAZARD,31,57.0
16:48:49.260,1.0,10.67,HAZARD,31,57.0
16:48:49.442,1.0,8.67,HAZARD,37,57.0
16:48:49.635,1.0,10.0,HAZARD,37,57.0
16:48:49.820,1.0,10.0,HAZARD,37,57.0
16:48:50.008,1.0,10.33,HAZARD,36,57.0
16:48:50.188,1.0,12.33,HAZARD,32,57.0
16:48:50.378,1.0,8.67,HAZARD,37,57.0
16:48:50.566,1.0,14.33,HAZARD,30,57.0
16:48:50.758,1.0,14.33,HAZARD,30,57.0
16:48:50.937,1.0,14.33,HAZARD,30,57.0
16:48:51.127,1.0,14.33,HAZARD,30,57.0
16:48:51.322,1.0,0.33,HAZARD,100,100.0
16:48:51.515,1.0,3.0,HAZARD,70,57.0
16:48:51.703,1.0,3.33,HAZARD,74,57.0
16:48:51.880,1.0,3.33,CAUTION,74,57.0
16:48:52.064,1.0,4.33,CAUTION,39,57.0
16:48:52.331,1.0,4.67,CAUTION,35,57.0
16:48:52.526,1.0,5.33,HAZARD,30,57.0
16:48:52.714,1.0,5.67,HAZARD,30,57.0
16:48:52.896,1.0,6.0,HAZARD,30,57.0
16:48:53.089,1.0,6.33,HAZARD,30,57.0
16:48:53.265,1.0,7.33,HAZARD,30,57.0
16:48:53.455,1.0,7.67,HAZARD,30,57.0
16:48:53.643,1.0,7.67,HAZARD,30,57.0
16:48:53.857,1.0,7.67,HAZARD,30,57.0
16:48:54.035,1.0,8.67,HAZARD,30,57.0
16:48:54.214,1.0,9.33,HAZARD,46,57.0
16:48:54.400,1.0,10.67,HAZARD,45,57.0
16:48:54.570,1.0,11.0,HAZARD,44,57.0
16:48:54.764,1.0,11.33,HAZARD,44,57.0
16:48:54.946,1.0,13.33,HAZARD,41,57.0
16:48:55.122,1.0,12.67,HAZARD,42,57.0
16:48:55.298,1.0,12.33,HAZARD,43,57.0
16:48:55.489,1.0,12.0,HAZARD,43,57.0
16:48:55.677,1.0,11.67,HAZARD,43,57.0
16:48:55.856,1.0,11.67,HAZARD,43,57.0
16:48:56.039,1.0,15.0,HAZARD,30,57.0
16:48:56.226,1.0,15.0,HAZARD,30,57.0
16:48:56.407,1.0,12.33,HAZARD,30,57.0
16:48:56.595,1.0,11.33,HAZARD,30,57.0
16:48:56.787,1.0,12.33,HAZARD,30,57.0
16:48:56.976,1.0,12.33,HAZARD,30,57.0
16:48:57.163,1.0,12.33,HAZARD,30,57.0
16:48:57.339,1.0,12.33,HAZARD,30,57.0
16:48:57.527,1.0,12.33,HAZARD,30,57.0
16:48:57.713,1.0,12.33,HAZARD,30,57.0
16:48:57.896,1.0,12.33,HAZARD,30,57.0
16:48:58.087,1.0,12.33,HAZARD,30,57.0
16:48:58.274,1.0,12.33,HAZARD,30,57.0
16:48:58.451,1.0,12.33,HAZARD,30,57.0
16:48:58.631,1.0,12.33,HAZARD,30,57.0
16:48:58.807,1.0,3.67,HAZARD,49,57.0
16:48:58.986,1.0,0.0,HAZARD,100,100.0
16:48:59.181,1.0,0.0,HAZARD,100,100.0
16:48:59.365,1.0,0.0,NORMAL,100,100.0
16:48:59.552,1.0,5.0,NORMAL,30,57.0
16:48:59.742,1.0,5.33,NORMAL,30,57.0
16:48:59.930,1.0,6.33,HAZARD,30,57.0
16:49:00.127,1.0,7.0,HAZARD,30,57.0
16:49:00.321,1.0,0.0,HAZARD,100,100.0
16:49:00.501,1.0,0.0,HAZARD,100,100.0
16:49:00.687,1.0,0.0,NORMAL,100,100.0
16:49:00.884,1.0,0.0,NORMAL,100,100.0
16:49:01.107,1.0,0.0,NORMAL,100,100.0
16:49:01.310,1.0,0.0,NORMAL,100,100.0
16:49:01.478,1.0,6.0,NORMAL,30,57.0
16:49:01.660,1.0,5.33,NORMAL,30,57.0
16:49:01.817,1.0,2.67,HAZARD,74,57.0
16:49:02.002,1.0,2.33,HAZARD,76,57.0
16:49:02.175,1.0,1.67,CAUTION,84,57.0
16:49:02.356,1.0,2.67,CAUTION,74,57.0
16:49:02.543,1.0,3.0,CAUTION,70,57.0
16:49:02.719,1.0,3.33,CAUTION,53,57.0
16:49:02.903,1.0,2.67,CAUTION,74,57.0
16:49:03.088,1.0,2.67,CAUTION,74,57.0
16:49:03.276,1.0,2.67,CAUTION,74,57.0
16:49:03.458,1.0,2.33,CAUTION,76,57.0
16:49:03.651,1.0,2.33,CAUTION,76,57.0
16:49:03.844,1.0,2.0,CAUTION,80,57.0
16:49:04.028,1.0,2.0,CAUTION,80,57.0
16:49:04.225,1.0,2.33,CAUTION,76,57.0
16:49:04.410,1.0,2.33,CAUTION,76,57.0
16:49:04.589,1.0,2.33,CAUTION,76,57.0
16:49:04.774,1.0,3.33,CAUTION,53,57.0
16:49:04.972,1.0,3.33,CAUTION,53,57.0
16:49:05.170,1.0,0.0,CAUTION,100,100.0
16:49:05.356,1.0,5.33,CAUTION,74,57.0
16:49:05.553,1.0,5.33,HAZARD,74,57.0
16:49:05.741,1.0,5.33,CAUTION,74,57.0
16:49:05.929,1.0,5.33,CAUTION,74,57.0
16:49:06.116,1.0,5.33,CAUTION,74,57.0
16:49:06.310,1.0,5.67,CAUTION,30,57.0
16:49:06.504,1.0,7.0,CAUTION,30,57.0
16:49:06.689,1.0,7.0,HAZARD,30,57.0
16:49:06.881,1.0,7.33,HAZARD,30,57.0
16:49:07.077,1.0,7.67,HAZARD,30,57.0
16:49:07.265,1.0,7.67,HAZARD,30,57.0
16:49:07.455,1.0,7.67,HAZARD,30,57.0
16:49:07.635,1.0,8.0,HAZARD,30,57.0
16:49:07.825,1.0,8.33,HAZARD,30,57.0
16:49:08.020,1.0,8.33,HAZARD,30,57.0
16:49:08.217,1.0,8.33,HAZARD,30,57.0
16:49:08.418,1.0,9.33,HAZARD,30,57.0
16:49:08.607,1.0,9.33,HAZARD,30,57.0
16:49:08.797,1.0,9.33,HAZARD,30,57.0
16:49:08.983,1.0,9.33,HAZARD,30,57.0
16:49:09.172,1.0,9.33,HAZARD,30,57.0
16:49:09.357,1.0,9.33,HAZARD,30,57.0
16:49:09.543,1.0,0.0,HAZARD,100,100.0
16:49:09.734,1.0,0.0,HAZARD,100,100.0
16:49:09.937,1.0,0.0,NORMAL,100,100.0
16:49:10.168,1.0,0.0,NORMAL,100,100.0
16:49:10.364,1.0,0.0,NORMAL,100,100.0
16:49:10.546,1.0,0.0,NORMAL,100,100.0
16:49:10.731,1.0,0.0,NORMAL,100,100.0
16:49:10.906,1.0,0.0,NORMAL,100,100.0
16:49:11.092,1.0,0.0,NORMAL,100,100.0
16:49:11.269,1.0,0.0,NORMAL,100,100.0
16:49:11.463,1.0,0.0,NORMAL,100,100.0
16:49:11.647,1.0,0.0,NORMAL,100,100.0
16:49:11.834,1.0,0.0,NORMAL,100,100.0
16:49:12.021,1.0,0.0,NORMAL,100,100.0
16:49:12.210,1.0,0.0,NORMAL,100,100.0
16:49:12.393,1.0,0.0,NORMAL,100,100.0
16:49:12.566,1.0,12.0,NORMAL,30,57.0
16:49:12.747,1.0,0.0,NORMAL,100,100.0
16:49:12.914,1.0,0.0,NORMAL,100,100.0
16:49:13.101,1.0,0.0,NORMAL,100,100.0
16:49:13.286,1.0,0.0,NORMAL,100,100.0
16:49:13.473,1.0,28.33,NORMAL,30,57.0
16:49:13.653,1.0,28.33,NORMAL,30,57.0
16:49:13.837,1.0,28.33,HAZARD,30,57.0
16:49:14.015,1.0,28.33,HAZARD,30,57.0
16:49:14.201,1.0,28.33,HAZARD,30,57.0
16:49:14.386,1.0,7.33,HAZARD,30,57.0
16:49:14.579,1.0,7.33,HAZARD,30,57.0
16:49:14.765,1.0,9.67,HAZARD,43,57.0
16:49:14.952,1.0,28.33,HAZARD,30,57.0
16:49:15.139,1.0,9.67,HAZARD,30,57.0
16:49:15.325,1.0,21.67,HAZARD,30,57.0
16:49:15.506,1.0,10.67,HAZARD,30,57.0
16:49:15.692,1.0,18.67,HAZARD,30,57.0
16:49:15.878,1.0,30.33,HAZARD,30,57.0
16:49:16.065,1.0,30.33,HAZARD,30,57.0
16:49:16.243,1.0,30.33,HAZARD,30,57.0
16:49:16.438,1.0,17.33,HAZARD,30,57.0
16:49:16.622,1.0,28.33,HAZARD,30,57.0
16:49:16.814,1.0,0.0,HAZARD,100,100.0
16:49:16.998,1.0,3.0,HAZARD,70,57.0
16:49:17.196,1.0,3.0,HAZARD,70,57.0
16:49:17.383,1.0,3.33,CAUTION,65,57.0
16:49:17.581,1.0,3.33,CAUTION,65,57.0
16:49:17.776,1.0,3.33,CAUTION,65,57.0
16:49:17.965,1.0,3.33,CAUTION,65,57.0
16:49:18.168,1.0,3.33,CAUTION,65,57.0
16:49:18.353,1.0,3.67,CAUTION,65,57.0
16:49:18.556,1.0,3.67,CAUTION,65,57.0
16:49:18.748,1.0,3.67,CAUTION,66,57.0
16:49:18.941,1.0,3.67,CAUTION,67,57.0
16:49:19.135,1.0,4.67,CAUTION,76,57.0
16:49:19.419,1.0,6.67,CAUTION,72,57.0
16:49:19.627,1.0,7.67,CAUTION,70,57.0
16:49:19.824,1.0,7.67,CAUTION,70,57.0
16:49:20.018,1.0,7.0,CAUTION,30,57.0
16:49:20.197,1.0,7.0,CAUTION,30,57.0
16:49:20.391,1.0,7.0,HAZARD,44,57.0
16:49:20.576,1.0,7.0,HAZARD,44,57.0
16:49:20.781,1.0,7.0,HAZARD,44,57.0
16:49:20.975,1.0,9.33,HAZARD,40,57.0
16:49:21.149,1.0,9.33,HAZARD,40,57.0
16:49:21.337,1.0,9.33,HAZARD,40,57.0
16:49:21.530,1.0,10.0,HAZARD,38,57.0
16:49:21.722,1.0,13.33,HAZARD,30,57.0
16:49:21.913,1.0,13.33,HAZARD,30,57.0
16:49:22.098,1.0,13.33,HAZARD,30,57.0
16:49:22.286,1.0,13.33,HAZARD,30,57.0
16:49:22.476,1.0,13.33,HAZARD,30,57.0
16:49:22.652,1.0,13.67,HAZARD,30,57.0
16:49:22.833,1.0,14.67,HAZARD,30,57.0
16:49:23.014,1.0,14.67,HAZARD,30,57.0
16:49:23.205,1.0,14.67,HAZARD,30,57.0
16:49:23.393,1.0,12.0,HAZARD,30,57.0
16:49:23.580,1.0,10.33,HAZARD,30,57.0
16:49:23.766,1.0,22.0,HAZARD,30,57.0
16:49:23.958,1.0,14.67,HAZARD,30,57.0
16:49:24.150,1.0,14.67,HAZARD,30,57.0
16:49:24.336,1.0,14.67,HAZARD,30,57.0
16:49:24.533,1.0,14.67,HAZARD,30,57.0
16:49:24.728,1.0,15.0,HAZARD,30,57.0
16:49:24.939,1.0,17.67,HAZARD,30,57.0
16:49:25.131,1.0,17.33,HAZARD,30,57.0
16:49:25.322,1.0,17.33,HAZARD,30,57.0
16:49:25.508,1.0,17.33,HAZARD,30,57.0
16:49:25.704,1.0,17.33,HAZARD,30,57.0
16:49:25.892,1.0,17.33,HAZARD,30,57.0
16:49:26.079,1.0,18.67,HAZARD,30,57.0
16:49:26.264,1.0,19.33,HAZARD,30,57.0
16:49:26.450,1.0,19.33,HAZARD,30,57.0
16:49:26.657,1.0,21.0,HAZARD,30,57.0
16:49:26.858,1.0,22.33,HAZARD,30,57.0
16:49:27.047,1.0,24.33,HAZARD,30,57.0
16:49:27.222,1.0,25.0,HAZARD,30,57.0
16:49:27.400,1.0,26.67,HAZARD,30,57.0
16:49:27.590,1.0,25.0,HAZARD,30,57.0
16:49:27.847,1.0,10.33,HAZARD,30,57.0
16:49:28.047,1.0,10.33,HAZARD,65,57.0
16:49:28.219,1.0,10.33,HAZARD,65,57.0
16:49:28.395,1.0,12.0,HAZARD,30,57.0
16:49:28.577,1.0,13.0,HAZARD,30,57.0
16:49:28.766,1.0,10.67,HAZARD,30,57.0
16:49:28.947,1.0,10.67,HAZARD,30,57.0
16:49:29.142,1.0,10.67,HAZARD,65,57.0
16:49:29.321,1.0,8.33,HAZARD,44,57.0
16:49:29.506,1.0,7.0,HAZARD,45,57.0
16:49:29.705,1.0,6.0,HAZARD,30,57.0
16:49:29.882,1.0,6.0,HAZARD,30,57.0
16:49:30.077,1.0,6.0,HAZARD,30,57.0
16:49:30.265,1.0,10.0,HAZARD,30,57.0
16:49:30.444,1.0,10.33,HAZARD,32,57.0
16:49:30.628,1.0,11.33,HAZARD,30,57.0
16:49:30.819,1.0,11.33,HAZARD,30,57.0
16:49:30.999,1.0,11.33,HAZARD,30,57.0
16:49:31.191,1.0,11.33,HAZARD,30,57.0
16:49:31.375,1.0,11.33,HAZARD,30,57.0
16:49:31.575,1.0,45.0,HAZARD,30,57.0
16:49:31.757,1.0,45.0,HAZARD,30,57.0
16:49:31.956,1.0,11.0,HAZARD,30,57.0
16:49:32.138,1.0,11.0,HAZARD,30,57.0
16:49:32.321,1.0,11.0,HAZARD,30,57.0
16:49:32.502,1.0,15.33,HAZARD,30,57.0
16:49:32.699,1.0,16.0,HAZARD,30,57.0
16:49:32.895,1.0,16.0,HAZARD,30,57.0
16:49:33.087,1.0,16.0,HAZARD,30,57.0
16:49:33.257,1.0,27.67,HAZARD,30,57.0
16:49:33.444,1.0,38.0,HAZARD,30,57.0
16:49:33.632,1.0,38.0,HAZARD,30,57.0
16:49:33.822,1.0,35.67,HAZARD,30,57.0
16:49:33.996,1.0,38.0,HAZARD,30,57.0
16:49:34.176,1.0,38.0,HAZARD,30,57.0
16:49:34.363,1.0,0.0,HAZARD,100,100.0
16:49:34.543,1.0,0.0,HAZARD,100,100.0
16:49:34.729,1.0,0.0,NORMAL,100,100.0
16:49:34.916,1.0,0.0,NORMAL,100,100.0
16:49:35.092,1.0,0.0,NORMAL,100,100.0
16:49:35.282,1.0,0.0,NORMAL,100,100.0
16:49:35.460,1.0,21.0,NORMAL,30,57.0
16:49:35.657,1.0,20.0,NORMAL,30,57.0
16:49:35.846,1.0,20.0,HAZARD,30,57.0
16:49:36.042,1.0,33.67,HAZARD,30,57.0
16:49:36.232,1.0,36.33,HAZARD,30,57.0
16:49:36.420,1.0,23.33,HAZARD,30,57.0
16:49:36.608,1.0,24.0,HAZARD,30,57.0
16:49:36.800,1.0,24.0,HAZARD,30,57.0
16:49:36.975,1.0,26.33,HAZARD,30,57.0
16:49:37.230,1.0,26.33,HAZARD,30,57.0
16:49:37.413,1.0,26.33,HAZARD,30,57.0
16:49:37.597,1.0,25.33,HAZARD,30,57.0
16:49:37.793,1.0,23.33,HAZARD,30,57.0
16:49:37.981,1.0,23.33,HAZARD,30,57.0
16:49:38.174,1.0,23.33,HAZARD,30,57.0
16:49:38.361,1.0,23.33,HAZARD,30,57.0
16:49:38.538,1.0,23.33,HAZARD,30,57.0
16:49:38.743,1.0,22.67,HAZARD,30,57.0
16:49:38.933,1.0,14.67,HAZARD,30,57.0
16:49:39.116,1.0,0.0,HAZARD,100,100.0
16:49:39.300,1.0,0.0,HAZARD,100,100.0
16:49:39.493,1.0,8.0,HAZARD,30,57.0
16:49:39.684,1.0,8.0,HAZARD,30,57.0
16:49:39.873,1.0,15.33,HAZARD,30,57.0
16:49:40.050,1.0,24.67,HAZARD,30,57.0
16:49:40.232,1.0,24.67,HAZARD,30,57.0
16:49:40.416,1.0,24.67,HAZARD,30,57.0
16:49:40.604,1.0,24.67,HAZARD,30,57.0
16:49:40.796,1.0,24.67,HAZARD,30,57.0
16:49:40.976,1.0,13.0,HAZARD,30,57.0
16:49:41.164,1.0,12.33,HAZARD,30,57.0
16:49:41.349,1.0,13.0,HAZARD,30,57.0
16:49:41.539,1.0,12.0,HAZARD,30,57.0
16:49:41.737,1.0,13.67,HAZARD,30,57.0
16:49:41.926,1.0,16.67,HAZARD,30,57.0
16:49:42.128,1.0,17.0,HAZARD,30,57.0
16:49:42.312,1.0,3.67,HAZARD,49,57.0
16:49:42.505,1.0,13.33,HAZARD,30,57.0
16:49:42.696,1.0,13.33,HAZARD,30,57.0
16:49:42.890,1.0,0.0,HAZARD,100,100.0
16:49:43.070,1.0,25.0,HAZARD,30,57.0
16:49:43.254,1.0,25.0,HAZARD,30,57.0
16:49:43.443,1.0,25.0,HAZARD,30,57.0
16:49:43.635,1.0,29.67,HAZARD,30,57.0
16:49:43.822,1.0,36.67,HAZARD,30,57.0
16:49:43.997,1.0,46.67,HAZARD,30,57.0
16:49:44.179,1.0,46.67,HAZARD,30,57.0
16:49:44.372,1.0,50.33,HAZARD,30,57.0
16:49:44.544,1.0,56.33,HAZARD,30,57.0
16:49:44.733,1.0,13.33,HAZARD,30,57.0
16:49:44.913,1.0,8.0,HAZARD,41,57.0
16:49:45.105,1.0,13.33,HAZARD,30,57.0
16:49:45.287,1.0,13.33,HAZARD,30,57.0
16:49:45.470,1.0,7.33,HAZARD,43,57.0
16:49:45.656,1.0,8.0,HAZARD,41,57.0
16:49:45.845,1.0,9.67,HAZARD,38,57.0
16:49:46.044,1.0,9.67,HAZARD,38,57.0
16:49:46.234,1.0,9.67,HAZARD,38,57.0
16:49:46.421,1.0,9.67,HAZARD,38,57.0
16:49:46.607,1.0,9.67,HAZARD,38,57.0
16:49:46.871,1.0,13.33,HAZARD,30,57.0
16:49:47.058,1.0,4.33,HAZARD,39,57.0
16:49:47.259,1.0,6.0,HAZARD,30,57.0
16:49:47.488,1.0,7.67,HAZARD,30,57.0
16:49:47.682,1.0,7.67,HAZARD,30,57.0
16:49:47.866,1.0,7.67,HAZARD,30,57.0
16:49:48.053,1.0,7.67,HAZARD,30,57.0
16:49:48.235,1.0,7.67,HAZARD,30,57.0
16:49:48.430,1.0,7.67,HAZARD,30,57.0
16:49:48.629,1.0,0.0,HAZARD,100,100.0
16:49:48.819,1.0,4.0,HAZARD,44,57.0
16:49:49.015,1.0,5.0,HAZARD,30,57.0
16:49:49.214,1.0,5.0,HAZARD,30,57.0
16:49:49.402,1.0,6.67,HAZARD,49,57.0
16:49:49.604,1.0,6.67,HAZARD,49,57.0
16:49:49.791,1.0,0.0,HAZARD,100,100.0
16:49:49.981,1.0,10.67,HAZARD,30,57.0
16:49:50.181,1.0,10.67,HAZARD,30,57.0
16:49:50.389,1.0,10.67,HAZARD,30,57.0
16:49:50.600,1.0,16.33,HAZARD,30,57.0
16:49:50.812,1.0,18.33,HAZARD,30,57.0
16:49:51.017,1.0,21.33,HAZARD,30,57.0
16:49:51.240,1.0,27.0,HAZARD,30,57.0
16:49:51.436,1.0,10.67,HAZARD,30,57.0
16:49:51.637,1.0,38.0,HAZARD,30,57.0
16:49:51.825,1.0,11.67,HAZARD,30,57.0
16:49:52.016,1.0,11.67,HAZARD,30,57.0
16:49:52.216,1.0,15.0,HAZARD,30,57.0
16:49:52.423,1.0,15.0,HAZARD,30,57.0
16:49:52.616,1.0,15.0,HAZARD,30,57.0
16:49:52.808,1.0,15.0,HAZARD,30,57.0
16:49:53.001,1.0,15.0,HAZARD,30,57.0
16:49:53.202,1.0,15.0,HAZARD,30,57.0
16:49:53.388,1.0,15.0,HAZARD,30,57.0
16:49:53.569,1.0,15.0,HAZARD,30,57.0
16:49:53.765,1.0,15.67,HAZARD,30,57.0
16:49:53.960,1.0,12.0,HAZARD,30,57.0
16:49:54.159,1.0,5.33,HAZARD,30,57.0
16:49:54.359,1.0,5.33,HAZARD,30,57.0
16:49:54.549,1.0,16.67,HAZARD,30,57.0
16:49:54.747,1.0,18.0,HAZARD,30,57.0
16:49:54.930,1.0,18.0,HAZARD,30,57.0
16:49:55.130,1.0,18.0,HAZARD,30,57.0
16:49:55.318,1.0,18.0,HAZARD,30,57.0
16:49:55.509,1.0,18.0,HAZARD,30,57.0
16:49:55.704,1.0,18.0,HAZARD,30,57.0
16:49:55.882,1.0,18.0,HAZARD,30,57.0
16:49:56.065,1.0,21.0,HAZARD,30,57.0
16:49:56.259,1.0,21.33,HAZARD,30,57.0
16:49:56.462,1.0,21.67,HAZARD,30,57.0
16:49:56.691,1.0,24.33,HAZARD,30,57.0
16:49:56.904,1.0,27.33,HAZARD,30,57.0
16:49:57.107,1.0,27.33,HAZARD,30,57.0
16:49:57.305,1.0,19.33,HAZARD,30,57.0
16:49:57.503,1.0,14.67,HAZARD,30,57.0
16:49:57.740,1.0,15.0,HAZARD,30,57.0
16:49:57.965,1.0,15.0,HAZARD,30,57.0
16:49:58.168,1.0,15.0,HAZARD,30,57.0
16:49:58.384,1.0,15.0,HAZARD,30,57.0
16:49:58.599,1.0,23.0,HAZARD,30,57.0
16:49:58.786,1.0,23.0,HAZARD,30,57.0
16:49:58.991,1.0,23.0,HAZARD,30,57.0
16:49:59.184,1.0,23.0,HAZARD,30,57.0
16:49:59.377,1.0,23.0,HAZARD,30,57.0
16:49:59.578,1.0,23.0,HAZARD,30,57.0
16:49:59.769,1.0,22.67,HAZARD,30,57.0
16:49:59.963,1.0,22.67,HAZARD,30,57.0
16:50:00.176,1.0,22.67,HAZARD,30,57.0
16:50:00.369,1.0,20.67,HAZARD,30,57.0
16:50:00.561,1.0,20.67,HAZARD,30,57.0
16:50:00.744,1.0,10.33,HAZARD,30,57.0
16:50:00.929,1.0,11.33,HAZARD,30,57.0
16:50:01.114,1.0,5.33,HAZARD,30,57.0
16:50:01.569,1.0,5.33,HAZARD,30,57.0
16:50:01.806,1.0,5.0,HAZARD,75,57.0
16:50:02.047,1.0,6.0,HAZARD,30,57.0
16:50:02.228,1.0,6.33,HAZARD,30,57.0
16:50:02.421,1.0,7.0,HAZARD,30,57.0
16:50:02.614,1.0,7.0,HAZARD,30,57.0
16:50:02.804,1.0,0.0,HAZARD,100,100.0
16:50:03.000,1.0,0.0,HAZARD,100,100.0
16:50:03.200,1.0,4.0,HAZARD,44,57.0
16:50:03.397,1.0,7.33,HAZARD,30,57.0
16:50:03.596,1.0,8.0,HAZARD,30,57.0
16:50:03.791,1.0,10.0,HAZARD,30,57.0
16:50:03.989,1.0,15.33,HAZARD,30,57.0
16:50:04.181,1.0,21.67,HAZARD,30,57.0
16:50:04.373,1.0,25.0,HAZARD,30,57.0
16:50:04.563,1.0,30.0,HAZARD,30,57.0
16:50:04.750,1.0,31.0,HAZARD,30,57.0
16:50:04.941,1.0,33.33,HAZARD,30,57.0
16:50:05.139,1.0,34.33,HAZARD,30,57.0
16:50:05.332,1.0,7.33,HAZARD,30,57.0
16:50:05.512,1.0,39.67,HAZARD,30,57.0
16:50:05.690,1.0,39.67,HAZARD,30,57.0
16:50:05.886,1.0,37.0,HAZARD,30,57.0
16:50:06.078,1.0,33.67,HAZARD,30,57.0
16:50:06.264,1.0,7.33,HAZARD,30,57.0
16:50:06.443,1.0,4.67,HAZARD,35,57.0
16:50:06.619,1.0,4.67,HAZARD,35,57.0
16:50:06.808,1.0,5.0,HAZARD,30,57.0
16:50:07.076,1.0,5.33,HAZARD,30,57.0
16:50:07.261,1.0,5.0,HAZARD,30,57.0
16:50:07.455,1.0,6.0,HAZARD,30,57.0
16:50:07.640,1.0,6.0,HAZARD,30,57.0
16:50:07.823,1.0,6.67,HAZARD,30,57.0
16:50:08.014,1.0,6.67,HAZARD,30,57.0
16:50:08.194,1.0,6.67,HAZARD,30,57.0
16:50:08.385,1.0,6.0,HAZARD,30,57.0
16:50:08.576,1.0,6.0,HAZARD,30,57.0
16:50:08.759,1.0,6.0,HAZARD,30,57.0
16:50:08.948,1.0,6.0,HAZARD,30,57.0
16:50:09.144,1.0,11.33,HAZARD,30,57.0
16:50:09.327,1.0,11.33,HAZARD,30,57.0
16:50:09.498,1.0,11.33,HAZARD,30,57.0
16:50:09.679,1.0,11.33,HAZARD,30,57.0
16:50:09.866,1.0,11.33,HAZARD,30,57.0
16:50:10.061,1.0,7.67,HAZARD,34,57.0
16:50:10.256,1.0,7.67,HAZARD,30,57.0
16:50:10.436,1.0,7.67,HAZARD,30,57.0
16:50:10.612,1.0,2.33,HAZARD,72,57.0
16:50:10.818,1.0,2.33,HAZARD,76,57.0
16:50:11.007,1.0,3.0,CAUTION,70,57.0
16:50:11.201,1.0,13.33,CAUTION,30,57.0
16:50:11.396,1.0,14.67,CAUTION,30,57.0
16:50:11.587,1.0,19.0,HAZARD,30,57.0
16:50:11.778,1.0,22.67,HAZARD,30,57.0
16:50:11.975,1.0,24.0,HAZARD,30,57.0
16:50:12.175,1.0,25.0,HAZARD,30,57.0
16:50:12.361,1.0,27.0,HAZARD,30,57.0
16:50:12.556,1.0,28.67,HAZARD,30,57.0
16:50:12.741,1.0,0.0,HAZARD,100,100.0
16:50:12.930,1.0,12.33,HAZARD,30,57.0
16:50:13.130,1.0,28.67,HAZARD,30,57.0
16:50:13.309,1.0,24.0,HAZARD,30,57.0
16:50:13.488,1.0,20.67,HAZARD,30,57.0
16:50:13.670,1.0,27.0,HAZARD,30,57.0
16:50:13.857,1.0,15.67,HAZARD,30,57.0
16:50:14.048,1.0,38.67,HAZARD,30,57.0
16:50:14.242,1.0,41.0,HAZARD,30,57.0
16:50:14.421,1.0,41.67,HAZARD,30,57.0
16:50:14.596,1.0,41.67,HAZARD,30,57.0
16:50:14.790,1.0,41.67,HAZARD,30,57.0
16:50:14.981,1.0,41.67,HAZARD,30,57.0
16:50:15.169,1.0,41.67,HAZARD,30,57.0
16:50:15.358,1.0,12.0,HAZARD,30,57.0
16:50:15.606,1.0,33.67,HAZARD,30,57.0
16:50:15.779,1.0,30.67,HAZARD,30,57.0
16:50:15.971,1.0,15.67,HAZARD,30,57.0
16:50:16.155,1.0,15.67,HAZARD,30,57.0
16:50:16.337,1.0,15.67,HAZARD,30,57.0
16:50:16.517,1.0,15.67,HAZARD,30,57.0
16:50:16.707,1.0,15.67,HAZARD,30,57.0
16:50:16.893,1.0,15.67,HAZARD,30,57.0
16:50:17.082,1.0,15.67,HAZARD,30,57.0
16:50:17.275,1.0,10.33,HAZARD,30,57.0
16:50:17.465,1.0,10.33,HAZARD,30,57.0
16:50:17.656,1.0,10.33,HAZARD,30,57.0
16:50:17.849,1.0,10.33,HAZARD,30,57.0
16:50:18.051,1.0,10.33,HAZARD,30,57.0
16:50:18.234,1.0,10.33,HAZARD,30,57.0
16:50:18.404,1.0,0.0,HAZARD,100,100.0
16:50:18.579,1.0,2.67,HAZARD,74,57.0
16:50:18.746,1.0,2.67,HAZARD,74,57.0
16:50:18.907,1.0,2.67,CAUTION,71,57.0
16:50:19.075,1.0,3.33,CAUTION,53,57.0
16:50:19.237,1.0,3.33,CAUTION,53,57.0
16:50:19.427,1.0,3.33,HAZARD,53,57.0
16:50:19.620,1.0,3.33,HAZARD,53,57.0
16:50:19.792,1.0,3.33,HAZARD,53,57.0
16:50:19.965,1.0,3.33,HAZARD,53,57.0
16:50:20.132,1.0,0.0,HAZARD,100,100.0
16:50:20.303,1.0,0.0,HAZARD,100,100.0
16:50:20.462,1.0,0.0,NORMAL,100,100.0
16:50:20.630,1.0,0.0,NORMAL,100,100.0
16:50:20.797,1.0,0.0,NORMAL,100,100.0
16:50:20.973,1.0,0.0,NORMAL,100,100.0
16:50:21.137,1.0,0.0,NORMAL,100,100.0
16:50:21.297,1.0,0.0,NORMAL,100,100.0
16:50:21.454,1.0,0.0,NORMAL,100,100.0
16:50:21.631,1.0,0.0,NORMAL,100,100.0
16:50:21.798,1.0,0.0,NORMAL,100,100.0
16:50:21.955,1.0,0.0,NORMAL,100,100.0
16:50:22.118,1.0,0.0,NORMAL,100,100.0
16:50:22.298,1.0,0.0,NORMAL,100,100.0
16:50:22.454,1.0,0.0,NORMAL,100,100.0
16:50:22.610,1.0,0.0,NORMAL,100,100.0
16:50:22.777,1.0,0.0,NORMAL,100,100.0
16:50:22.946,1.0,0.0,NORMAL,100,100.0
16:50:23.127,1.0,5.67,NORMAL,30,57.0
16:50:23.316,1.0,5.67,NORMAL,30,57.0
16:50:23.476,1.0,5.67,HAZARD,30,57.0
16:50:23.648,1.0,7.67,HAZARD,30,57.0
16:50:23.815,1.0,7.67,HAZARD,30,57.0
16:50:24.044,1.0,8.33,HAZARD,30,57.0
16:50:24.265,1.0,9.33,HAZARD,30,57.0
16:50:24.458,1.0,9.33,HAZARD,30,57.0
16:50:24.628,1.0,9.33,HAZARD,30,57.0
16:50:24.803,1.0,9.33,HAZARD,30,57.0
16:50:24.972,1.0,0.0,HAZARD,100,100.0
16:50:25.142,1.0,0.0,HAZARD,100,100.0
16:50:25.324,1.0,0.0,NORMAL,100,100.0
16:50:25.491,1.0,0.0,NORMAL,100,100.0
16:50:25.666,1.0,0.0,NORMAL,100,100.0
16:50:25.830,1.0,0.0,NORMAL,100,100.0
16:50:25.999,1.0,0.0,NORMAL,100,100.0
16:50:26.164,1.0,0.0,NORMAL,100,100.0
16:50:26.330,1.0,0.0,NORMAL,100,100.0
16:50:26.508,1.0,0.0,NORMAL,100,100.0
16:50:26.671,1.0,0.0,NORMAL,100,100.0
16:50:26.839,1.0,0.0,NORMAL,100,100.0
16:50:27.021,1.0,0.0,NORMAL,100,100.0
16:50:27.182,1.0,0.0,NORMAL,100,100.0
16:50:27.347,1.0,0.0,NORMAL,100,100.0
16:50:27.522,1.0,0.0,NORMAL,100,100.0
16:50:27.693,1.0,0.0,NORMAL,100,100.0
16:50:27.854,1.0,0.0,NORMAL,100,100.0
16:50:28.026,1.0,0.0,NORMAL,100,100.0
16:50:28.192,1.0,0.0,NORMAL,100,100.0
16:50:28.364,1.0,0.0,NORMAL,100,100.0
16:50:28.527,1.0,0.0,NORMAL,100,100.0
16:50:28.696,1.0,0.0,NORMAL,100,100.0
16:50:28.884,1.0,0.0,NORMAL,100,100.0
16:50:29.071,1.0,0.0,NORMAL,100,100.0
16:50:29.257,1.0,3.33,NORMAL,53,57.0
16:50:29.439,1.0,3.33,NORMAL,53,57.0
16:50:29.603,1.0,23.33,HAZARD,30,57.0
16:50:29.863,1.0,3.33,HAZARD,53,57.0
16:50:30.038,1.0,23.33,HAZARD,30,57.0
16:50:30.230,1.0,24.67,HAZARD,30,57.0
16:50:30.414,1.0,27.0,HAZARD,30,57.0
16:50:30.603,1.0,24.67,HAZARD,30,57.0
16:50:30.794,1.0,20.67,HAZARD,30,57.0
16:50:30.984,1.0,20.67,HAZARD,30,57.0
16:50:31.193,1.0,20.67,HAZARD,30,57.0
16:50:31.407,1.0,20.67,HAZARD,30,57.0
16:50:31.603,1.0,13.33,HAZARD,30,57.0
16:50:31.794,1.0,15.67,HAZARD,30,57.0
16:50:31.976,1.0,15.67,HAZARD,30,57.0
16:50:32.157,1.0,23.0,HAZARD,30,57.0
16:50:32.346,1.0,29.67,HAZARD,30,57.0
16:50:32.517,1.0,29.67,HAZARD,30,57.0
16:50:32.703,1.0,29.67,HAZARD,30,57.0
16:50:32.874,1.0,29.67,HAZARD,30,57.0
16:50:33.047,1.0,29.67,HAZARD,30,57.0
16:50:33.220,1.0,29.67,HAZARD,30,57.0
16:50:33.403,1.0,29.67,HAZARD,30,57.0
16:50:33.583,1.0,29.67,HAZARD,30,57.0
16:50:33.769,1.0,24.0,HAZARD,30,57.0
16:50:33.945,1.0,22.0,HAZARD,30,57.0
16:50:34.132,1.0,18.67,HAZARD,30,57.0
16:50:34.307,1.0,17.67,HAZARD,30,57.0
16:50:34.488,1.0,17.67,HAZARD,30,57.0
16:50:34.674,1.0,9.0,HAZARD,33,57.0
16:50:34.868,1.0,5.0,HAZARD,75,57.0
16:50:35.061,1.0,5.67,HAZARD,30,57.0
16:50:35.245,1.0,5.67,HAZARD,30,57.0
16:50:35.826,1.0,5.67,HAZARD,30,57.0
16:50:36.114,1.0,5.67,HAZARD,30,57.0
16:50:36.354,1.0,5.67,HAZARD,30,57.0
16:50:36.536,1.0,5.67,HAZARD,30,57.0
16:50:36.736,1.0,5.67,HAZARD,30,57.0
16:50:36.940,1.0,5.67,HAZARD,30,57.0
16:50:37.171,1.0,5.67,HAZARD,30,57.0
16:50:37.443,1.0,5.67,HAZARD,30,57.0
16:50:37.692,1.0,5.67,HAZARD,30,57.0
16:50:37.923,1.0,5.67,HAZARD,30,57.0
16:50:38.135,1.0,5.67,HAZARD,30,57.0
16:50:38.337,1.0,3.67,HAZARD,49,57.0
16:50:38.527,1.0,3.33,HAZARD,53,57.0
16:50:38.708,1.0,5.33,HAZARD,30,57.0
16:50:38.886,1.0,6.67,HAZARD,30,57.0
16:50:39.083,1.0,9.0,HAZARD,43,57.0
16:50:39.272,1.0,10.67,HAZARD,40,57.0
16:50:39.547,1.0,12.33,HAZARD,37,57.0
16:50:39.745,1.0,12.67,HAZARD,37,57.0
16:50:39.954,1.0,13.67,HAZARD,35,57.0
16:50:40.177,1.0,17.67,HAZARD,30,57.0
16:50:40.373,1.0,19.33,HAZARD,30,57.0
16:50:40.580,1.0,21.0,HAZARD,30,57.0
16:50:40.775,1.0,21.0,HAZARD,30,57.0
16:50:40.957,1.0,21.0,HAZARD,30,57.0
16:50:41.147,1.0,21.33,HAZARD,30,57.0
16:50:41.326,1.0,20.67,HAZARD,30,57.0
16:50:41.503,1.0,16.67,HAZARD,30,57.0
16:50:41.683,1.0,16.0,HAZARD,31,57.0
16:50:41.860,1.0,13.67,HAZARD,35,57.0
16:50:42.049,1.0,13.67,HAZARD,35,57.0
16:50:42.236,1.0,14.0,HAZARD,30,57.0
16:50:42.421,1.0,14.0,HAZARD,30,57.0
16:50:42.597,1.0,16.0,HAZARD,30,57.0
16:50:42.782,1.0,0.0,HAZARD,100,100.0
16:50:42.954,1.0,0.0,HAZARD,100,100.0
16:50:43.133,1.0,21.33,HAZARD,30,57.0
16:50:43.312,1.0,20.0,HAZARD,30,57.0
16:50:43.496,1.0,14.67,HAZARD,30,57.0
16:50:43.678,1.0,22.0,HAZARD,30,57.0
16:50:43.854,1.0,26.0,HAZARD,30,57.0
16:50:44.037,1.0,22.33,HAZARD,30,57.0
16:50:44.217,1.0,22.33,HAZARD,30,57.0
16:50:44.389,1.0,25.33,HAZARD,30,57.0
16:50:44.574,1.0,28.0,HAZARD,30,57.0
16:50:44.761,1.0,32.33,HAZARD,30,57.0
16:50:44.976,1.0,34.67,HAZARD,30,57.0
16:50:45.176,1.0,34.67,HAZARD,30,57.0
16:50:45.349,1.0,34.67,HAZARD,30,57.0
16:50:45.530,1.0,32.33,HAZARD,30,57.0
16:50:45.724,1.0,32.33,HAZARD,30,57.0
16:50:45.904,1.0,18.33,HAZARD,30,57.0
16:50:46.073,1.0,0.0,HAZARD,100,100.0
16:50:46.248,1.0,4.67,HAZARD,76,57.0
16:50:46.416,1.0,3.67,HAZARD,49,57.0
16:50:46.595,1.0,9.33,HAZARD,41,57.0
16:50:46.770,1.0,35.0,HAZARD,30,57.0
16:50:46.943,1.0,35.0,HAZARD,30,57.0
16:50:47.121,1.0,35.0,HAZARD,30,57.0
16:50:47.297,1.0,12.33,HAZARD,30,57.0
16:50:47.470,1.0,35.0,HAZARD,30,57.0
16:50:47.651,1.0,35.0,HAZARD,30,57.0
16:50:47.821,1.0,30.67,HAZARD,30,57.0
16:50:48.076,1.0,35.0,HAZARD,30,57.0
16:50:48.262,1.0,30.67,HAZARD,30,57.0
16:50:48.454,1.0,32.67,HAZARD,30,57.0
16:50:48.644,1.0,22.33,HAZARD,30,57.0
16:50:48.813,1.0,22.33,HAZARD,30,57.0
16:50:49.002,1.0,22.33,HAZARD,30,57.0
16:50:49.172,1.0,20.67,HAZARD,30,57.0
16:50:49.343,1.0,20.67,HAZARD,30,57.0
16:50:49.512,1.0,12.33,HAZARD,30,57.0
16:50:49.688,1.0,15.67,HAZARD,30,57.0
16:50:49.888,1.0,16.67,HAZARD,30,57.0
16:50:50.090,1.0,13.0,HAZARD,30,57.0
16:50:50.317,1.0,13.0,HAZARD,30,57.0
16:50:50.554,1.0,10.67,HAZARD,30,57.0
16:50:50.779,1.0,16.33,HAZARD,30,57.0
16:50:51.013,1.0,15.0,HAZARD,30,57.0
16:50:51.207,1.0,19.33,HAZARD,30,57.0
16:50:51.383,1.0,19.33,HAZARD,30,57.0
16:50:51.588,1.0,19.33,HAZARD,30,57.0
16:50:51.791,1.0,19.33,HAZARD,30,57.0
16:50:51.963,1.0,19.33,HAZARD,30,57.0
16:50:52.137,1.0,19.33,HAZARD,30,57.0
16:50:52.311,1.0,20.67,HAZARD,30,57.0
16:50:52.501,1.0,0.0,HAZARD,100,100.0
16:50:52.683,1.0,0.0,HAZARD,100,100.0
16:50:52.862,1.0,8.33,HAZARD,30,57.0
16:50:53.048,1.0,11.0,HAZARD,30,57.0
16:50:53.225,1.0,21.67,HAZARD,30,57.0
16:50:53.404,1.0,21.67,HAZARD,30,57.0
16:50:53.611,1.0,21.67,HAZARD,30,57.0
16:50:53.797,1.0,21.67,HAZARD,30,57.0
16:50:53.982,1.0,21.33,HAZARD,30,57.0
16:50:54.157,1.0,15.33,HAZARD,30,57.0
16:50:54.391,1.0,13.67,HAZARD,30,57.0
16:50:54.686,1.0,9.0,HAZARD,38,57.0
16:50:54.945,1.0,13.0,HAZARD,30,57.0
16:50:55.212,1.0,13.0,HAZARD,30,57.0
16:50:55.484,1.0,13.0,HAZARD,30,57.0
16:50:55.801,1.0,15.33,HAZARD,30,57.0
16:50:56.080,1.0,15.33,HAZARD,30,57.0
16:50:56.322,1.0,15.33,HAZARD,30,57.0
16:50:56.506,1.0,13.67,HAZARD,30,57.0
16:50:56.697,1.0,13.67,HAZARD,30,57.0
16:50:56.884,1.0,13.67,HAZARD,33,57.0
16:50:57.072,1.0,13.67,HAZARD,30,57.0
16:50:57.297,1.0,12.33,HAZARD,30,57.0
16:50:57.507,1.0,9.67,HAZARD,30,57.0
16:50:57.747,1.0,16.33,HAZARD,30,57.0
16:50:57.957,1.0,8.0,HAZARD,30,57.0
16:50:58.175,1.0,16.33,HAZARD,30,57.0
16:50:58.381,1.0,16.33,HAZARD,30,57.0
16:50:58.604,1.0,11.33,HAZARD,30,57.0
16:50:58.807,1.0,11.33,HAZARD,30,57.0
16:50:59.023,1.0,11.33,HAZARD,30,57.0
16:50:59.223,1.0,11.33,HAZARD,30,57.0
16:50:59.405,1.0,6.67,HAZARD,30,57.0
16:50:59.632,1.0,6.67,HAZARD,30,57.0
16:50:59.852,1.0,6.67,HAZARD,30,57.0
16:51:00.079,1.0,6.67,HAZARD,30,57.0
16:51:00.300,1.0,6.67,HAZARD,30,57.0
16:51:00.502,1.0,9.0,HAZARD,30,57.0
16:51:00.702,1.0,10.0,HAZARD,30,57.0
16:51:00.921,1.0,10.67,HAZARD,37,57.0
16:51:01.147,1.0,16.33,HAZARD,30,57.0
16:51:01.336,1.0,18.67,HAZARD,30,57.0
16:51:01.523,1.0,19.0,HAZARD,30,57.0
16:51:01.756,1.0,19.0,HAZARD,30,57.0
16:51:01.972,1.0,19.0,HAZARD,30,57.0
16:51:02.196,1.0,17.33,HAZARD,30,57.0
16:51:02.406,1.0,14.33,HAZARD,30,57.0
16:51:02.616,1.0,14.33,HAZARD,30,57.0
16:51:02.833,1.0,0.0,HAZARD,100,100.0
16:51:03.028,1.0,0.0,HAZARD,100,100.0
16:51:03.210,1.0,3.33,HAZARD,53,57.0
16:51:03.376,1.0,10.0,HAZARD,30,57.0
16:51:03.541,1.0,10.0,HAZARD,30,57.0
16:51:03.708,1.0,10.0,HAZARD,30,57.0
16:51:03.875,1.0,10.0,HAZARD,30,57.0
16:51:04.079,1.0,10.67,HAZARD,30,57.0
16:51:04.295,1.0,10.67,HAZARD,30,57.0
16:51:04.479,1.0,11.0,HAZARD,30,57.0
16:51:04.649,1.0,11.0,HAZARD,30,57.0
16:51:04.838,1.0,11.0,HAZARD,30,57.0
16:51:05.031,1.0,11.0,HAZARD,30,57.0
16:51:05.230,1.0,11.0,HAZARD,30,57.0
16:51:05.404,1.0,18.33,HAZARD,30,57.0
16:51:05.574,1.0,23.67,HAZARD,30,57.0
16:51:05.745,1.0,23.67,HAZARD,30,57.0
16:51:05.919,1.0,23.67,HAZARD,30,57.0
16:51:06.107,1.0,23.67,HAZARD,30,57.0
16:51:06.285,1.0,23.67,HAZARD,30,57.0
16:51:06.462,1.0,23.67,HAZARD,30,57.0
16:51:06.659,1.0,0.0,HAZARD,100,100.0
16:51:06.858,1.0,0.0,HAZARD,100,100.0
16:51:07.079,1.0,0.0,NORMAL,100,100.0
16:51:07.242,1.0,0.0,NORMAL,100,100.0
16:51:07.418,1.0,0.0,NORMAL,100,100.0
16:51:07.578,1.0,0.0,NORMAL,100,100.0
16:51:07.738,1.0,0.0,NORMAL,100,100.0
16:51:07.898,1.0,0.0,NORMAL,100,100.0
16:51:08.074,1.0,0.0,NORMAL,100,100.0
16:51:08.263,1.0,0.0,NORMAL,100,100.0
16:51:08.443,1.0,0.0,NORMAL,100,100.0
16:51:08.665,1.0,0.0,NORMAL,100,100.0
16:51:08.873,1.0,0.0,NORMAL,100,100.0
16:51:09.090,1.0,0.0,NORMAL,100,100.0
16:51:09.302,1.0,0.0,NORMAL,100,100.0
16:51:09.511,1.0,0.0,NORMAL,100,100.0
16:51:09.713,1.0,0.0,NORMAL,100,100.0
16:51:09.896,1.0,0.0,NORMAL,100,100.0
16:51:10.102,1.0,0.0,NORMAL,100,100.0
16:51:10.324,1.0,0.0,NORMAL,100,100.0
16:51:10.551,1.0,0.0,NORMAL,100,100.0
16:51:10.731,1.0,0.0,NORMAL,100,100.0
16:51:10.946,1.0,0.0,NORMAL,100,100.0
16:51:11.129,1.0,0.0,NORMAL,100,100.0
16:51:11.326,1.0,0.0,NORMAL,100,100.0
16:51:11.560,1.0,0.0,NORMAL,100,100.0
16:51:11.827,1.0,0.0,NORMAL,100,100.0
16:51:12.095,1.0,0.0,NORMAL,100,100.0
16:51:12.319,1.0,0.0,NORMAL,100,100.0
16:51:12.517,1.0,0.0,NORMAL,100,100.0
16:51:12.697,1.0,0.0,NORMAL,100,100.0
16:51:12.879,1.0,0.0,NORMAL,100,100.0
16:51:13.060,1.0,0.0,NORMAL,100,100.0
16:51:13.239,1.0,0.0,NORMAL,100,100.0
16:51:13.453,1.0,0.0,NORMAL,100,100.0
16:51:13.681,1.0,0.0,NORMAL,100,100.0
16:51:13.898,1.0,0.0,NORMAL,100,100.0
16:51:14.125,1.0,0.0,NORMAL,100,100.0
16:51:14.331,1.0,0.0,NORMAL,100,100.0
16:51:14.521,1.0,0.0,NORMAL,100,100.0
16:51:14.702,1.0,0.0,NORMAL,100,100.0
16:51:14.906,1.0,0.0,NORMAL,100,100.0
16:51:15.137,1.0,0.0,NORMAL,100,100.0
16:51:15.389,1.0,0.0,NORMAL,100,100.0
16:51:15.570,1.0,0.0,NORMAL,100,100.0
16:51:15.762,1.0,0.0,NORMAL,100,100.0
16:51:15.931,1.0,0.0,NORMAL,100,100.0
16:51:16.124,1.0,0.0,NORMAL,100,100.0
16:51:16.347,1.0,0.0,NORMAL,100,100.0
16:51:16.667,1.0,0.0,NORMAL,100,100.0
16:51:16.871,1.0,0.0,NORMAL,100,100.0
16:51:17.079,1.0,4.33,NORMAL,39,57.0
16:51:17.265,1.0,4.33,NORMAL,39,57.0
16:51:17.445,1.0,10.0,HAZARD,33,57.0
16:51:17.644,1.0,10.0,HAZARD,33,57.0
16:51:17.844,1.0,25.33,HAZARD,30,57.0
16:51:18.049,1.0,25.33,HAZARD,30,57.0
16:51:18.303,1.0,25.33,HAZARD,30,57.0
16:51:18.538,1.0,25.33,HAZARD,30,57.0
16:51:18.755,1.0,0.0,HAZARD,100,100.0
16:51:19.010,1.0,0.0,HAZARD,100,100.0
16:51:19.189,1.0,0.0,NORMAL,100,100.0
16:51:19.432,1.0,0.0,NORMAL,100,100.0
16:51:19.701,1.0,0.0,NORMAL,100,100.0
16:51:19.990,1.0,0.0,NORMAL,100,100.0
16:51:20.239,1.0,0.0,NORMAL,100,100.0
16:51:20.510,1.0,9.0,NORMAL,30,57.0
16:51:20.805,1.0,18.33,NORMAL,30,57.0
16:51:21.092,1.0,30.0,HAZARD,30,57.0
16:51:21.380,1.0,0.0,HAZARD,100,100.0
16:51:21.632,1.0,36.67,HAZARD,30,57.0
16:51:21.903,1.0,36.67,HAZARD,30,57.0
16:51:22.154,1.0,0.0,HAZARD,100,100.0
16:51:22.421,1.0,37.0,HAZARD,30,57.0
16:51:22.691,1.0,37.0,HAZARD,30,57.0
16:51:22.922,1.0,33.33,HAZARD,30,57.0
16:51:23.133,1.0,30.67,HAZARD,30,57.0
16:51:23.360,1.0,30.67,HAZARD,30,57.0
16:51:23.590,1.0,22.67,HAZARD,30,57.0
16:51:23.835,1.0,22.67,HAZARD,30,57.0
16:51:24.045,1.0,22.67,HAZARD,30,57.0
16:51:24.228,1.0,22.67,HAZARD,30,57.0
16:51:24.436,1.0,0.0,HAZARD,100,100.0
16:51:24.635,1.0,0.0,HAZARD,100,100.0
16:51:24.849,1.0,5.33,HAZARD,30,57.0
16:51:25.057,1.0,5.33,HAZARD,30,57.0
16:51:25.279,1.0,5.33,HAZARD,30,57.0
16:51:25.498,1.0,5.33,HAZARD,30,57.0
16:51:25.705,1.0,5.33,HAZARD,30,57.0
16:51:25.924,1.0,5.33,HAZARD,30,57.0
16:51:26.173,1.0,5.33,HAZARD,30,57.0
16:51:26.365,1.0,18.67,HAZARD,30,57.0
16:51:26.568,1.0,15.67,HAZARD,30,57.0
16:51:26.862,1.0,16.33,HAZARD,30,57.0
16:51:27.105,1.0,16.33,HAZARD,30,57.0
16:51:27.322,1.0,24.33,HAZARD,30,57.0
16:51:27.535,1.0,9.33,HAZARD,30,57.0
16:51:27.753,1.0,11.33,HAZARD,30,57.0
16:51:27.963,1.0,16.67,HAZARD,30,57.0
16:51:28.199,1.0,17.67,HAZARD,30,57.0
16:51:28.407,1.0,17.67,HAZARD,30,57.0
16:51:28.610,1.0,25.33,HAZARD,30,57.0
16:51:28.814,1.0,24.0,HAZARD,30,57.0
16:51:29.020,1.0,23.33,HAZARD,30,57.0
16:51:29.248,1.0,26.67,HAZARD,30,57.0
16:51:29.450,1.0,24.33,HAZARD,30,57.0
16:51:29.654,1.0,26.0,HAZARD,30,57.0
16:51:29.853,1.0,26.0,HAZARD,30,57.0
16:51:30.051,1.0,10.0,HAZARD,30,57.0
16:51:30.249,1.0,10.0,HAZARD,43,57.0
16:51:30.438,1.0,18.0,HAZARD,30,57.0
16:51:30.631,1.0,18.0,HAZARD,30,57.0
16:51:30.841,1.0,18.0,HAZARD,30,57.0
16:51:31.042,1.0,18.0,HAZARD,30,57.0
16:51:31.566,1.0,9.0,HAZARD,30,57.0
16:51:31.843,1.0,0.0,HAZARD,100,100.0
16:51:32.077,1.0,0.0,HAZARD,100,100.0
16:51:32.307,1.0,0.0,NORMAL,100,100.0
16:51:32.504,1.0,0.0,NORMAL,100,100.0
16:51:32.708,1.0,0.0,NORMAL,100,100.0
16:51:32.897,1.0,0.0,NORMAL,100,100.0
16:51:33.089,1.0,0.0,NORMAL,100,100.0
16:51:33.290,1.0,0.0,NORMAL,100,100.0
16:51:33.467,1.0,0.0,NORMAL,100,100.0
16:51:33.658,1.0,0.0,NORMAL,100,100.0
16:51:33.843,1.0,0.0,NORMAL,100,100.0
16:51:34.023,1.0,0.0,NORMAL,100,100.0
16:51:34.210,1.0,0.0,NORMAL,100,100.0
16:51:34.400,1.0,0.0,NORMAL,100,100.0
16:51:34.591,1.0,0.0,NORMAL,100,100.0
16:51:34.786,1.0,0.0,NORMAL,100,100.0
16:51:34.966,1.0,0.0,NORMAL,100,100.0
16:51:35.173,1.0,0.0,NORMAL,100,100.0
16:51:35.380,1.0,0.0,NORMAL,100,100.0
16:51:35.578,1.0,0.0,NORMAL,100,100.0
16:51:35.777,1.0,0.0,NORMAL,100,100.0
16:51:35.981,1.0,0.0,NORMAL,100,100.0
16:51:36.213,1.0,0.0,NORMAL,100,100.0
16:51:36.413,1.0,0.0,NORMAL,100,100.0
16:51:36.595,1.0,0.0,NORMAL,100,100.0
16:51:36.774,1.0,0.0,NORMAL,100,100.0
16:51:36.966,1.0,0.0,NORMAL,100,100.0
16:51:37.158,1.0,0.0,NORMAL,100,100.0
16:51:37.358,1.0,0.0,NORMAL,100,100.0
16:51:37.534,1.0,0.0,NORMAL,100,100.0
16:51:37.735,1.0,0.0,NORMAL,100,100.0
16:51:37.926,1.0,0.0,NORMAL,100,100.0
16:51:38.112,1.0,0.0,NORMAL,100,100.0
16:51:38.302,1.0,6.33,NORMAL,30,57.0
16:51:38.500,1.0,6.33,NORMAL,30,57.0
16:51:38.686,1.0,6.33,HAZARD,30,57.0
16:51:38.887,1.0,6.33,HAZARD,30,57.0
16:51:39.105,1.0,6.33,HAZARD,30,57.0
16:51:39.338,1.0,0.0,HAZARD,100,100.0
16:51:39.606,1.0,0.0,HAZARD,100,100.0
16:51:39.843,1.0,0.0,NORMAL,100,100.0
16:51:40.039,1.0,0.0,NORMAL,100,100.0
16:51:40.262,1.0,0.0,NORMAL,100,100.0
16:51:40.466,1.0,0.0,NORMAL,100,100.0
16:51:40.683,1.0,0.0,NORMAL,100,100.0
16:51:40.883,1.0,0.0,NORMAL,100,100.0
16:51:41.098,1.0,0.0,NORMAL,100,100.0
16:51:41.304,1.0,0.0,NORMAL,100,100.0
16:51:41.499,1.0,0.0,NORMAL,100,100.0
16:51:41.704,1.0,0.0,NORMAL,100,100.0
16:51:41.916,1.0,0.0,NORMAL,100,100.0
16:51:42.116,1.0,0.0,NORMAL,100,100.0
16:51:42.315,1.0,0.0,NORMAL,100,100.0
16:51:42.511,1.0,0.0,NORMAL,100,100.0
16:51:42.720,1.0,0.0,NORMAL,100,100.0
16:51:42.921,1.0,0.0,NORMAL,100,100.0
16:51:43.136,1.0,0.0,NORMAL,100,100.0
16:51:43.331,1.0,0.0,NORMAL,100,100.0
16:51:43.530,1.0,0.0,NORMAL,100,100.0
16:51:43.727,1.0,0.0,NORMAL,100,100.0
16:51:43.914,1.0,0.0,NORMAL,100,100.0
16:51:44.109,1.0,0.0,NORMAL,100,100.0
16:51:44.304,1.0,0.0,NORMAL,100,100.0
16:51:44.485,1.0,0.0,NORMAL,100,100.0
16:51:44.672,1.0,0.0,NORMAL,100,100.0
16:51:44.855,1.0,0.0,NORMAL,100,100.0
16:51:45.038,1.0,0.0,NORMAL,100,100.0
16:51:45.230,1.0,2.33,NORMAL,76,57.0
16:51:45.418,1.0,4.33,NORMAL,39,57.0
16:51:45.620,1.0,4.33,HAZARD,39,57.0
16:51:45.827,1.0,4.33,HAZARD,39,57.0
16:51:46.032,1.0,4.33,HAZARD,39,57.0
16:51:46.221,1.0,5.0,HAZARD,30,57.0
16:51:46.424,1.0,7.0,HAZARD,30,57.0
16:51:46.630,1.0,7.67,HAZARD,30,57.0
16:51:46.843,1.0,7.67,HAZARD,30,57.0
16:51:47.045,1.0,7.67,HAZARD,30,57.0
16:51:47.250,1.0,7.67,HAZARD,30,57.0
16:51:47.464,1.0,7.67,HAZARD,42,57.0
16:51:47.674,1.0,7.67,HAZARD,42,57.0
16:51:47.886,1.0,7.67,HAZARD,42,57.0
16:51:48.093,1.0,7.67,HAZARD,42,57.0
16:51:48.292,1.0,9.67,HAZARD,30,57.0
16:51:48.541,1.0,9.67,HAZARD,30,57.0
16:51:48.786,1.0,9.67,HAZARD,30,57.0
16:51:49.000,1.0,10.33,HAZARD,30,57.0
16:51:49.221,1.0,10.33,HAZARD,30,57.0
16:51:49.428,1.0,10.33,HAZARD,30,57.0
16:51:49.640,1.0,10.33,HAZARD,30,57.0
16:51:49.844,1.0,10.33,HAZARD,30,57.0
16:51:50.035,1.0,0.0,HAZARD,100,100.0
16:51:50.216,1.0,0.0,HAZARD,100,100.0
16:51:50.446,1.0,0.0,NORMAL,100,100.0
16:51:50.659,1.0,0.0,NORMAL,100,100.0
16:51:50.885,1.0,0.0,NORMAL,100,100.0
16:51:51.104,1.0,0.0,NORMAL,100,100.0
16:51:51.399,1.0,0.0,NORMAL,100,100.0
16:51:51.653,1.0,0.0,NORMAL,100,100.0
16:51:51.896,1.0,0.0,NORMAL,100,100.0
16:51:52.145,1.0,0.0,NORMAL,100,100.0
16:51:52.363,1.0,0.0,NORMAL,100,100.0
16:51:52.575,1.0,0.0,NORMAL,100,100.0
16:51:52.786,1.0,0.0,NORMAL,100,100.0
16:51:52.973,1.0,0.0,NORMAL,100,100.0
16:51:53.226,1.0,0.0,NORMAL,100,100.0
16:51:53.411,1.0,0.0,NORMAL,100,100.0
16:51:53.586,1.0,0.0,NORMAL,100,100.0
16:51:53.787,1.0,0.0,NORMAL,100,100.0
16:51:54.030,1.0,0.0,NORMAL,100,100.0
16:51:54.234,1.0,10.67,NORMAL,30,57.0
16:51:54.469,1.0,10.67,NORMAL,30,57.0
16:51:54.680,1.0,13.0,HAZARD,30,57.0
16:51:54.929,1.0,16.33,HAZARD,30,57.0
16:51:55.150,1.0,20.33,HAZARD,30,57.0
16:51:55.370,1.0,23.33,HAZARD,30,57.0
16:51:55.584,1.0,24.33,HAZARD,30,57.0
16:51:55.803,1.0,25.0,HAZARD,30,57.0
16:51:56.011,1.0,27.33,HAZARD,30,57.0
16:51:56.210,1.0,27.33,HAZARD,30,57.0
16:51:56.431,1.0,28.0,HAZARD,30,57.0
16:51:56.640,1.0,28.33,HAZARD,30,57.0
16:51:56.859,1.0,28.67,HAZARD,30,57.0
16:51:57.066,1.0,22.67,HAZARD,30,57.0
16:51:57.260,1.0,24.67,HAZARD,30,57.0
16:51:57.474,1.0,26.0,HAZARD,30,57.0
16:51:57.689,1.0,21.67,HAZARD,30,57.0
16:51:57.895,1.0,18.67,HAZARD,30,57.0
16:51:58.109,1.0,14.67,HAZARD,40,57.0
16:51:58.297,1.0,11.67,HAZARD,43,57.0
16:51:58.508,1.0,16.67,HAZARD,30,57.0
16:51:58.730,1.0,16.0,HAZARD,30,57.0
16:51:58.954,1.0,16.0,HAZARD,30,57.0
16:51:59.162,1.0,8.33,HAZARD,30,57.0
16:51:59.374,1.0,8.33,HAZARD,30,57.0
16:51:59.579,1.0,10.67,HAZARD,30,57.0
16:51:59.779,1.0,10.67,HAZARD,30,57.0
16:51:59.999,1.0,11.33,HAZARD,30,57.0
16:52:00.268,1.0,11.67,HAZARD,30,57.0
16:52:00.490,1.0,16.67,HAZARD,30,57.0
16:52:00.713,1.0,12.0,HAZARD,30,57.0
16:52:00.932,1.0,12.0,HAZARD,30,57.0
16:52:01.144,1.0,45.33,HAZARD,30,57.0
16:52:01.364,1.0,45.0,HAZARD,30,57.0
16:52:01.553,1.0,45.0,HAZARD,30,57.0
16:52:01.883,1.0,45.0,HAZARD,30,57.0
16:52:02.148,1.0,45.0,HAZARD,30,57.0
16:52:02.406,1.0,11.0,HAZARD,30,57.0
16:52:02.617,1.0,11.0,HAZARD,30,57.0
16:52:02.883,1.0,11.0,HAZARD,30,57.0
16:52:03.169,1.0,17.0,HAZARD,30,57.0
16:52:03.450,1.0,28.0,HAZARD,30,57.0
16:52:03.706,1.0,28.0,HAZARD,30,57.0
16:52:03.935,1.0,28.0,HAZARD,30,57.0
16:52:04.191,1.0,27.33,HAZARD,30,57.0
16:52:04.410,1.0,27.0,HAZARD,30,57.0
16:52:04.613,1.0,27.0,HAZARD,30,57.0
16:52:04.818,1.0,27.0,HAZARD,30,57.0
16:52:05.032,1.0,27.0,HAZARD,30,57.0
16:52:05.235,1.0,27.0,HAZARD,30,57.0
16:52:05.462,1.0,27.0,HAZARD,30,57.0
16:52:05.684,1.0,0.0,HAZARD,100,100.0
16:52:05.901,1.0,0.0,HAZARD,100,100.0
16:52:06.159,1.0,6.67,HAZARD,30,57.0
16:52:06.594,1.0,11.0,HAZARD,30,57.0
16:52:07.034,1.0,27.67,HAZARD,30,57.0
16:52:07.313,1.0,27.67,HAZARD,30,57.0
16:52:07.559,1.0,27.67,HAZARD,30,57.0
16:52:07.823,1.0,27.67,HAZARD,30,57.0
16:52:08.066,1.0,3.0,HAZARD,68,57.0
16:52:08.297,1.0,4.33,HAZARD,39,57.0
16:52:08.533,1.0,7.67,HAZARD,48,57.0
16:52:08.739,1.0,9.67,HAZARD,45,57.0
16:52:08.961,1.0,9.67,HAZARD,45,57.0
16:52:09.178,1.0,9.67,HAZARD,45,57.0
16:52:09.391,1.0,9.67,HAZARD,45,57.0
16:52:09.577,1.0,9.67,HAZARD,45,57.0
16:52:09.786,1.0,9.67,HAZARD,39,57.0
16:52:09.995,1.0,18.67,HAZARD,30,57.0
16:52:10.241,1.0,9.67,HAZARD,39,57.0
16:52:10.462,1.0,9.67,HAZARD,39,57.0
16:52:10.673,1.0,9.67,HAZARD,39,57.0
16:52:10.890,1.0,11.0,HAZARD,30,57.0
16:52:11.105,1.0,12.67,HAZARD,30,57.0
16:52:11.345,1.0,27.0,HAZARD,30,57.0
16:52:11.551,1.0,40.67,HAZARD,30,57.0
16:52:11.758,1.0,40.67,HAZARD,30,57.0
16:52:11.959,1.0,40.67,HAZARD,30,57.0
16:52:12.169,1.0,0.0,HAZARD,100,100.0
16:52:12.374,1.0,4.33,HAZARD,39,57.0
16:52:12.575,1.0,16.0,HAZARD,30,57.0
16:52:12.889,1.0,7.67,HAZARD,30,57.0
16:52:13.118,1.0,8.33,HAZARD,30,57.0
16:52:13.343,1.0,15.0,HAZARD,30,57.0
16:52:13.548,1.0,15.0,HAZARD,30,57.0
16:52:13.760,1.0,15.0,HAZARD,30,57.0
16:52:13.975,1.0,17.0,HAZARD,30,57.0
16:52:14.207,1.0,19.0,HAZARD,30,57.0
16:52:14.422,1.0,23.67,HAZARD,30,57.0
16:52:14.636,1.0,21.33,HAZARD,30,57.0
16:52:14.837,1.0,20.33,HAZARD,30,57.0
16:52:15.054,1.0,7.33,HAZARD,30,57.0
16:52:15.295,1.0,10.33,HAZARD,45,57.0
16:52:15.505,1.0,13.33,HAZARD,41,57.0
16:52:15.711,1.0,13.33,HAZARD,41,57.0
16:52:15.916,1.0,13.33,HAZARD,41,57.0
16:52:16.112,1.0,13.33,HAZARD,41,57.0
16:52:16.322,1.0,17.67,HAZARD,30,57.0
16:52:16.571,1.0,19.33,HAZARD,30,57.0
16:52:16.792,1.0,19.33,HAZARD,30,57.0
16:52:17.016,1.0,10.0,HAZARD,30,57.0
16:52:17.226,1.0,21.0,HAZARD,30,57.0
16:52:17.441,1.0,4.33,HAZARD,39,57.0
16:52:17.656,1.0,7.0,HAZARD,47,57.0
16:52:17.871,1.0,10.67,HAZARD,41,57.0
16:52:18.101,1.0,17.67,HAZARD,30,57.0
16:52:18.319,1.0,20.0,HAZARD,30,57.0
16:52:18.549,1.0,27.33,HAZARD,30,57.0
16:52:18.773,1.0,27.33,HAZARD,30,57.0
16:52:19.024,1.0,8.33,HAZARD,68,57.0
16:52:19.245,1.0,7.33,HAZARD,70,57.0
16:52:19.477,1.0,7.33,CAUTION,70,57.0
16:52:19.693,1.0,7.33,CAUTION,70,57.0
16:52:19.923,1.0,7.33,CAUTION,70,57.0
16:52:20.153,1.0,5.0,CAUTION,30,57.0
16:52:20.368,1.0,8.0,CAUTION,48,57.0
16:52:20.601,1.0,6.33,HAZARD,30,57.0
16:52:20.824,1.0,5.67,HAZARD,30,57.0
16:52:21.042,1.0,7.33,HAZARD,30,57.0
16:52:21.281,1.0,7.33,HAZARD,45,57.0
16:52:21.497,1.0,7.33,HAZARD,45,57.0
16:52:21.733,1.0,8.0,HAZARD,45,57.0
16:52:21.977,1.0,9.33,HAZARD,43,57.0
16:52:22.228,1.0,12.33,HAZARD,37,57.0
16:52:22.486,1.0,11.67,HAZARD,38,57.0
16:52:22.719,1.0,13.0,HAZARD,36,57.0
16:52:22.937,1.0,12.0,HAZARD,30,57.0
16:52:23.177,1.0,12.0,HAZARD,30,57.0
16:52:23.400,1.0,19.33,HAZARD,30,57.0
16:52:23.623,1.0,20.33,HAZARD,30,57.0
16:52:23.844,1.0,24.67,HAZARD,30,57.0
16:52:24.075,1.0,24.67,HAZARD,30,57.0
16:52:24.307,1.0,24.67,HAZARD,30,57.0
16:52:24.548,1.0,19.0,HAZARD,30,57.0
16:52:24.781,1.0,19.0,HAZARD,30,57.0
16:52:25.003,1.0,19.33,HAZARD,30,57.0
16:52:25.226,1.0,27.67,HAZARD,30,57.0
16:52:25.434,1.0,27.67,HAZARD,30,57.0
16:52:25.652,1.0,27.67,HAZARD,30,57.0
16:52:25.878,1.0,27.67,HAZARD,30,57.0
16:52:26.095,1.0,7.67,HAZARD,30,57.0
16:52:26.315,1.0,7.67,HAZARD,48,57.0
16:52:26.543,1.0,12.33,HAZARD,30,57.0
16:52:26.770,1.0,13.67,HAZARD,30,57.0
16:52:27.016,1.0,15.67,HAZARD,30,57.0
16:52:27.259,1.0,16.0,HAZARD,30,57.0
16:52:27.487,1.0,10.0,HAZARD,30,57.0
16:52:27.713,1.0,13.33,HAZARD,30,57.0
16:52:27.933,1.0,13.33,HAZARD,30,57.0
16:52:28.175,1.0,13.33,HAZARD,30,57.0
16:52:28.395,1.0,14.33,HAZARD,30,57.0
16:52:28.636,1.0,16.0,HAZARD,30,57.0
16:52:28.860,1.0,24.33,HAZARD,30,57.0
16:52:29.080,1.0,24.33,HAZARD,30,57.0
16:52:29.294,1.0,20.67,HAZARD,30,57.0
16:52:29.527,1.0,24.33,HAZARD,30,57.0
16:52:29.757,1.0,28.33,HAZARD,30,57.0
16:52:29.990,1.0,28.33,HAZARD,30,57.0
16:52:30.214,1.0,26.33,HAZARD,30,57.0
16:52:30.441,1.0,26.33,HAZARD,30,57.0
16:52:30.668,1.0,0.0,HAZARD,100,100.0
16:52:30.890,1.0,23.0,HAZARD,30,57.0
16:52:31.103,1.0,22.0,HAZARD,30,57.0
16:52:31.333,1.0,5.67,HAZARD,30,57.0
16:52:31.566,1.0,5.67,HAZARD,30,57.0
16:52:31.798,1.0,5.67,HAZARD,30,57.0
16:52:32.040,1.0,6.0,HAZARD,30,57.0
16:52:32.278,1.0,8.0,HAZARD,39,57.0
16:52:32.504,1.0,11.0,HAZARD,32,57.0
16:52:32.716,1.0,20.0,HAZARD,30,57.0
16:52:32.927,1.0,20.0,HAZARD,30,57.0
16:52:33.118,1.0,9.33,HAZARD,34,57.0
16:52:33.357,1.0,20.0,HAZARD,30,57.0
16:52:33.605,1.0,20.0,HAZARD,30,57.0
16:52:33.830,1.0,20.0,HAZARD,30,57.0
16:52:34.078,1.0,20.0,HAZARD,30,57.0
16:52:34.304,1.0,20.0,HAZARD,30,57.0
16:52:34.534,1.0,20.0,HAZARD,30,57.0
16:52:34.785,1.0,14.67,HAZARD,40,57.0
16:52:35.007,1.0,14.0,HAZARD,30,57.0
16:52:35.237,1.0,16.0,HAZARD,30,57.0
16:52:35.464,1.0,13.0,HAZARD,30,57.0
16:52:35.678,1.0,12.67,HAZARD,30,57.0
16:52:35.914,1.0,0.0,HAZARD,100,100.0
16:52:36.135,1.0,16.0,HAZARD,30,57.0
16:52:36.370,1.0,14.67,HAZARD,30,57.0
16:52:36.610,1.0,16.0,HAZARD,30,57.0
16:52:36.844,1.0,16.0,HAZARD,30,57.0
16:52:37.071,1.0,16.0,HAZARD,30,57.0
16:52:37.307,1.0,16.0,HAZARD,30,57.0
16:52:37.532,1.0,16.0,HAZARD,30,57.0
16:52:37.751,1.0,21.67,HAZARD,30,57.0
16:52:37.987,1.0,0.0,HAZARD,100,100.0
16:52:38.214,1.0,6.33,HAZARD,30,57.0
16:52:38.443,1.0,10.0,HAZARD,30,57.0
16:52:38.678,1.0,14.33,HAZARD,30,57.0
16:52:38.895,1.0,19.0,HAZARD,30,57.0
16:52:39.127,1.0,19.0,HAZARD,30,57.0
16:52:39.349,1.0,19.0,HAZARD,30,57.0
16:52:39.582,1.0,10.67,HAZARD,30,57.0
16:52:39.803,1.0,10.67,HAZARD,30,57.0
16:52:40.036,1.0,10.67,HAZARD,30,57.0
16:52:40.268,1.0,10.67,HAZARD,30,57.0
16:52:40.492,1.0,10.67,HAZARD,30,57.0
16:52:40.707,1.0,23.67,HAZARD,30,57.0
16:52:40.935,1.0,6.0,HAZARD,30,57.0
16:52:41.155,1.0,6.0,HAZARD,30,57.0
16:52:41.385,1.0,6.0,HAZARD,30,57.0
16:52:41.608,1.0,6.0,HAZARD,30,57.0
16:52:41.828,1.0,6.0,HAZARD,30,57.0
16:52:42.051,1.0,6.0,HAZARD,30,57.0
16:52:42.295,1.0,6.0,HAZARD,30,57.0
16:52:42.531,1.0,0.0,HAZARD,100,100.0
16:52:42.753,1.0,0.0,HAZARD,100,100.0
16:52:42.972,1.0,0.0,NORMAL,100,100.0
16:52:43.184,1.0,0.0,NORMAL,100,100.0
16:52:43.386,1.0,0.0,NORMAL,100,100.0
16:52:43.607,1.0,6.0,NORMAL,30,57.0
16:52:43.813,1.0,6.0,NORMAL,30,57.0
16:52:44.045,1.0,0.0,NORMAL,100,100.0
16:52:44.260,1.0,0.0,NORMAL,100,100.0
16:52:44.474,1.0,0.0,NORMAL,100,100.0
16:52:44.684,1.0,0.0,NORMAL,100,100.0
16:52:44.889,1.0,0.0,NORMAL,100,100.0
16:52:45.090,1.0,0.0,NORMAL,100,100.0
16:52:45.302,1.0,0.0,NORMAL,100,100.0
16:52:45.506,1.0,0.0,NORMAL,100,100.0
16:52:45.731,1.0,0.0,NORMAL,100,100.0
16:52:45.939,1.0,0.0,NORMAL,100,100.0
16:52:46.185,1.0,0.0,NORMAL,100,100.0
16:52:46.416,1.0,0.0,NORMAL,100,100.0
16:52:46.628,1.0,0.0,NORMAL,100,100.0
16:52:46.844,1.0,0.0,NORMAL,100,100.0
16:52:47.082,1.0,0.0,NORMAL,100,100.0
16:52:47.307,1.0,0.0,NORMAL,100,100.0
16:52:47.529,1.0,8.0,NORMAL,30,57.0
16:52:47.738,1.0,10.67,NORMAL,30,57.0
16:52:47.933,1.0,13.67,HAZARD,30,57.0
16:52:48.165,1.0,21.0,HAZARD,30,57.0
16:52:48.392,1.0,27.33,HAZARD,30,57.0
16:52:48.613,1.0,27.33,HAZARD,30,57.0
16:52:48.838,1.0,27.33,HAZARD,30,57.0
16:52:49.062,1.0,27.33,HAZARD,30,57.0
16:52:49.281,1.0,27.33,HAZARD,30,57.0
16:52:49.499,1.0,11.67,HAZARD,30,57.0
16:52:49.901,1.0,0.0,HAZARD,100,100.0
16:52:50.169,1.0,0.0,HAZARD,100,100.0
16:52:50.433,1.0,0.0,NORMAL,100,100.0
16:52:50.678,1.0,0.0,NORMAL,100,100.0
16:52:50.927,1.0,0.0,NORMAL,100,100.0
16:52:51.157,1.0,0.0,NORMAL,100,100.0
16:52:51.393,1.0,21.33,NORMAL,30,57.0
16:52:52.006,1.0,21.33,NORMAL,30,57.0
16:52:52.315,1.0,21.33,HAZARD,30,57.0
16:52:52.566,1.0,29.67,HAZARD,30,57.0
16:52:52.834,1.0,21.33,HAZARD,30,57.0
16:52:53.084,1.0,29.67,HAZARD,30,57.0
16:52:53.317,1.0,27.33,HAZARD,30,57.0
16:52:53.571,1.0,27.33,HAZARD,30,57.0
16:52:53.838,1.0,29.67,HAZARD,30,57.0
16:52:54.087,1.0,33.33,HAZARD,30,57.0
16:52:54.326,1.0,34.33,HAZARD,30,57.0
16:52:54.551,1.0,33.67,HAZARD,30,57.0
16:52:54.794,1.0,32.67,HAZARD,30,57.0
16:52:55.033,1.0,33.33,HAZARD,30,57.0
16:52:55.269,1.0,20.33,HAZARD,30,57.0
16:52:55.477,1.0,20.67,HAZARD,30,57.0
16:52:55.700,1.0,0.0,HAZARD,100,100.0
16:52:55.925,1.0,0.0,HAZARD,100,100.0
16:52:56.162,1.0,0.0,NORMAL,100,100.0
16:52:56.393,1.0,0.0,NORMAL,100,100.0
16:52:56.628,1.0,0.0,NORMAL,100,100.0
16:52:56.843,1.0,40.0,NORMAL,30,57.0
16:52:57.059,1.0,0.0,NORMAL,100,100.0
16:52:57.291,1.0,0.0,NORMAL,100,100.0
16:52:57.524,1.0,21.0,NORMAL,30,57.0
16:52:57.750,1.0,0.0,NORMAL,100,100.0
16:52:57.974,1.0,0.0,NORMAL,100,100.0
16:52:58.202,1.0,0.0,NORMAL,100,100.0
16:52:58.494,1.0,0.0,NORMAL,100,100.0
16:52:58.733,1.0,0.0,NORMAL,100,100.0
16:52:58.968,1.0,28.0,NORMAL,30,57.0
16:52:59.196,1.0,28.0,NORMAL,30,57.0
16:52:59.414,1.0,0.0,NORMAL,100,100.0
16:52:59.641,1.0,0.0,NORMAL,100,100.0
16:52:59.866,1.0,0.0,NORMAL,100,100.0
16:53:00.094,1.0,0.0,NORMAL,100,100.0
16:53:00.313,1.0,0.0,NORMAL,100,100.0
16:53:00.546,1.0,14.33,NORMAL,30,57.0
16:53:00.781,1.0,14.0,NORMAL,30,57.0
16:53:01.009,1.0,14.0,HAZARD,30,57.0
16:53:01.237,1.0,4.33,HAZARD,76,57.0
16:53:01.481,1.0,4.0,HAZARD,44,57.0
16:53:01.716,1.0,3.33,HAZARD,53,57.0
16:53:01.945,1.0,2.67,HAZARD,74,57.0
16:53:02.178,1.0,2.67,CAUTION,74,57.0
16:53:02.413,1.0,2.67,CAUTION,74,57.0
16:53:02.641,1.0,2.67,CAUTION,74,57.0
16:53:02.900,1.0,2.67,CAUTION,74,57.0
16:53:03.136,1.0,2.67,CAUTION,74,57.0
16:53:03.371,1.0,2.67,CAUTION,74,57.0
16:53:03.615,1.0,2.33,CAUTION,76,57.0
16:53:03.843,1.0,15.33,CAUTION,30,57.0
16:53:04.072,1.0,1.67,CAUTION,84,57.0
16:53:04.299,1.0,1.67,CAUTION,84,57.0
16:53:04.526,1.0,4.33,CAUTION,76,57.0
16:53:04.755,1.0,4.67,CAUTION,76,57.0
16:53:04.992,1.0,4.67,CAUTION,76,57.0
16:53:05.238,1.0,7.67,CAUTION,48,57.0
16:53:05.471,1.0,9.67,CAUTION,46,57.0
16:53:05.695,1.0,11.33,HAZARD,30,57.0
16:53:05.924,1.0,11.33,HAZARD,30,57.0
16:53:06.155,1.0,11.33,HAZARD,30,57.0
16:53:06.381,1.0,19.0,HAZARD,30,57.0
16:53:06.604,1.0,19.0,HAZARD,30,57.0
16:53:06.854,1.0,19.0,HAZARD,30,57.0
16:53:07.128,1.0,19.0,HAZARD,30,57.0
16:53:07.396,1.0,28.67,HAZARD,30,57.0
16:53:07.651,1.0,28.67,HAZARD,30,57.0
16:53:07.933,1.0,28.67,HAZARD,30,57.0
16:53:08.213,1.0,28.67,HAZARD,30,57.0
16:53:08.474,1.0,22.33,HAZARD,30,57.0
16:53:08.749,1.0,21.0,HAZARD,30,57.0
16:53:09.029,1.0,20.0,HAZARD,30,57.0
16:53:09.309,1.0,19.33,HAZARD,30,57.0
16:53:09.595,1.0,18.0,HAZARD,30,57.0
16:53:09.835,1.0,17.0,HAZARD,30,57.0
16:53:10.100,1.0,16.0,HAZARD,30,57.0
16:53:10.356,1.0,27.33,HAZARD,30,57.0
16:53:10.583,1.0,27.33,HAZARD,30,57.0
16:53:10.816,1.0,0.0,HAZARD,100,100.0
16:53:11.057,1.0,0.0,HAZARD,100,100.0
16:53:11.289,1.0,12.33,HAZARD,30,57.0
16:53:11.518,1.0,12.33,HAZARD,30,57.0
16:53:11.790,1.0,12.33,HAZARD,30,57.0
16:53:12.044,1.0,12.33,HAZARD,30,57.0
16:53:12.278,1.0,12.33,HAZARD,30,57.0
16:53:12.509,1.0,8.0,HAZARD,30,57.0
16:53:12.737,1.0,9.33,HAZARD,30,57.0
16:53:12.964,1.0,23.67,HAZARD,30,57.0
16:53:13.190,1.0,23.67,HAZARD,30,57.0
16:53:13.411,1.0,23.67,HAZARD,30,57.0
16:53:13.648,1.0,23.67,HAZARD,30,57.0
16:53:13.880,1.0,34.33,HAZARD,30,57.0
16:53:14.104,1.0,34.33,HAZARD,30,57.0
16:53:14.314,1.0,15.67,HAZARD,30,57.0
16:53:14.543,1.0,34.33,HAZARD,30,57.0
16:53:14.775,1.0,34.33,HAZARD,30,57.0
16:53:15.010,1.0,34.33,HAZARD,30,57.0
16:53:15.245,1.0,34.33,HAZARD,30,57.0
16:53:15.476,1.0,34.33,HAZARD,30,57.0
16:53:15.709,1.0,34.33,HAZARD,30,57.0
16:53:15.946,1.0,34.33,HAZARD,30,57.0
16:53:16.170,1.0,34.33,HAZARD,30,57.0
16:53:16.380,1.0,34.33,HAZARD,30,57.0
16:53:16.601,1.0,34.33,HAZARD,30,57.0
16:53:16.827,1.0,34.33,HAZARD,30,57.0
16:53:17.048,1.0,10.33,HAZARD,39,57.0
16:53:17.282,1.0,26.0,HAZARD,30,57.0
16:53:17.535,1.0,34.33,HAZARD,30,57.0
16:53:17.777,1.0,34.33,HAZARD,30,57.0
16:53:18.016,1.0,23.33,HAZARD,30,57.0
16:53:18.274,1.0,23.33,HAZARD,30,57.0
16:53:18.494,1.0,23.33,HAZARD,30,57.0
16:53:18.728,1.0,23.33,HAZARD,30,57.0
16:53:18.965,1.0,0.0,HAZARD,100,100.0
16:53:19.203,1.0,0.0,HAZARD,100,100.0
16:53:19.450,1.0,0.0,NORMAL,100,100.0
16:53:19.680,1.0,0.0,NORMAL,100,100.0
16:53:19.914,1.0,25.67,NORMAL,30,57.0
16:53:20.147,1.0,25.33,NORMAL,30,57.0
16:53:20.382,1.0,25.33,HAZARD,30,57.0
16:53:20.616,1.0,25.33,HAZARD,30,57.0
16:53:20.862,1.0,25.33,HAZARD,30,57.0
16:53:21.086,1.0,25.33,HAZARD,30,57.0
16:53:21.304,1.0,23.33,HAZARD,30,57.0
16:53:21.548,1.0,0.0,HAZARD,100,100.0
16:53:21.788,1.0,0.0,HAZARD,100,100.0
16:53:22.121,1.0,17.33,HAZARD,30,57.0
16:53:22.383,1.0,16.33,HAZARD,30,57.0
16:53:22.621,1.0,16.33,HAZARD,30,57.0
16:53:22.855,1.0,16.33,HAZARD,30,57.0
16:53:23.051,1.0,16.33,HAZARD,30,57.0
16:53:23.263,1.0,16.33,HAZARD,30,57.0
16:53:23.469,1.0,21.0,HAZARD,30,57.0
16:53:23.695,1.0,29.0,HAZARD,30,57.0
16:53:23.909,1.0,39.33,HAZARD,30,57.0
16:53:24.135,1.0,30.0,HAZARD,30,57.0
16:53:24.375,1.0,30.67,HAZARD,30,57.0
16:53:24.602,1.0,12.67,HAZARD,30,57.0
16:53:24.825,1.0,12.67,HAZARD,30,57.0
16:53:25.057,1.0,12.67,HAZARD,30,57.0
16:53:25.291,1.0,12.67,HAZARD,30,57.0
16:53:25.503,1.0,12.67,HAZARD,30,57.0
16:53:25.738,1.0,36.67,HAZARD,30,57.0
16:53:25.949,1.0,36.67,HAZARD,30,57.0
16:53:26.167,1.0,36.67,HAZARD,30,57.0
16:53:26.388,1.0,36.67,HAZARD,30,57.0
16:53:26.607,1.0,17.0,HAZARD,30,57.0
16:53:26.829,1.0,11.33,HAZARD,40,57.0
16:53:27.063,1.0,18.33,HAZARD,30,57.0
16:53:27.296,1.0,18.33,HAZARD,30,57.0
16:53:27.516,1.0,18.33,HAZARD,30,57.0
16:53:27.746,1.0,18.33,HAZARD,30,57.0
16:53:27.957,1.0,2.67,HAZARD,74,57.0
16:53:28.172,1.0,2.67,HAZARD,74,57.0
16:53:28.393,1.0,2.67,CAUTION,74,57.0
16:53:28.619,1.0,2.0,CAUTION,80,57.0
16:53:28.834,1.0,1.67,CAUTION,84,57.0
16:53:29.077,1.0,1.67,CAUTION,84,57.0
16:53:29.303,1.0,1.67,CAUTION,84,57.0
16:53:29.549,1.0,1.67,CAUTION,84,57.0
16:53:29.800,1.0,1.67,CAUTION,84,57.0
16:53:30.038,1.0,1.67,CAUTION,84,57.0
16:53:30.277,1.0,1.67,CAUTION,84,57.0
16:53:30.522,1.0,1.67,CAUTION,84,57.0
16:53:30.764,1.0,1.67,CAUTION,84,57.0
16:53:30.991,1.0,1.67,CAUTION,84,57.0
16:53:31.237,1.0,18.33,CAUTION,30,57.0
16:53:31.487,1.0,18.33,CAUTION,30,57.0
16:53:31.735,1.0,0.0,CAUTION,100,100.0
16:53:31.971,1.0,18.67,HAZARD,30,57.0
16:53:32.226,1.0,18.67,HAZARD,30,57.0
16:53:32.456,1.0,18.67,HAZARD,30,57.0
16:53:32.687,1.0,18.67,HAZARD,30,57.0
16:53:32.959,1.0,18.67,HAZARD,30,57.0
16:53:33.214,1.0,17.67,HAZARD,30,57.0
16:53:33.439,1.0,17.67,HAZARD,30,57.0
16:53:33.669,1.0,17.67,HAZARD,30,57.0
16:53:33.910,1.0,17.67,HAZARD,30,57.0
16:53:34.138,1.0,17.33,HAZARD,30,57.0
16:53:34.379,1.0,29.33,HAZARD,30,57.0
16:53:34.614,1.0,29.33,HAZARD,30,57.0
16:53:34.871,1.0,29.33,HAZARD,30,57.0
16:53:35.098,1.0,29.33,HAZARD,30,57.0
16:53:35.333,1.0,6.33,HAZARD,72,57.0
16:53:35.568,1.0,5.67,HAZARD,30,57.0
16:53:35.807,1.0,4.33,HAZARD,39,57.0
16:53:36.054,1.0,4.0,HAZARD,44,57.0
16:53:36.290,1.0,2.67,HAZARD,74,57.0
16:53:36.513,1.0,29.0,HAZARD,30,57.0
16:53:36.797,1.0,29.0,HAZARD,30,57.0
16:53:37.077,1.0,1.33,HAZARD,86,57.0
16:53:37.336,1.0,1.0,CAUTION,90,57.0
16:53:37.585,1.0,17.67,HAZARD,30,57.0
16:53:37.854,1.0,17.33,HAZARD,30,57.0
16:53:38.073,1.0,18.0,HAZARD,30,57.0
16:53:38.302,1.0,0.67,HAZARD,100,39.0
16:53:38.570,1.0,0.67,HAZARD,100,39.0
16:53:38.836,1.0,0.67,NORMAL,100,39.0
16:53:39.109,1.0,0.67,NORMAL,100,39.0
16:53:39.407,1.0,0.67,NORMAL,100,39.0
16:53:39.684,1.0,1.0,NORMAL,90,57.0
16:53:39.966,1.0,1.0,NORMAL,90,57.0
16:53:40.205,1.0,1.0,CAUTION,90,57.0
16:53:40.467,1.0,1.0,CAUTION,90,57.0
16:53:40.749,1.0,1.0,CAUTION,90,57.0
16:53:41.014,1.0,1.0,CAUTION,90,57.0
16:53:41.265,1.0,1.0,CAUTION,65,57.0
16:53:41.459,1.0,1.0,CAUTION,90,57.0
16:53:41.908,1.0,1.0,CAUTION,90,57.0
16:53:42.087,1.0,0.0,CAUTION,100,100.0
16:53:42.280,1.0,0.0,CAUTION,100,100.0
16:53:42.546,1.0,0.0,NORMAL,100,100.0
16:53:42.813,1.0,0.0,NORMAL,100,100.0
16:53:43.061,1.0,0.0,NORMAL,100,100.0
16:53:43.264,1.0,0.0,NORMAL,100,100.0
16:53:43.477,1.0,0.0,NORMAL,100,100.0
16:53:43.709,1.0,0.0,NORMAL,100,100.0
16:53:43.919,1.0,0.0,NORMAL,100,100.0
16:53:44.104,1.0,0.0,NORMAL,100,100.0
16:53:44.293,1.0,0.67,NORMAL,100,39.0
16:53:44.485,1.0,25.0,NORMAL,30,57.0
16:53:44.686,1.0,1.0,NORMAL,90,57.0
16:53:44.923,1.0,1.0,CAUTION,90,57.0
16:53:45.192,1.0,1.0,CAUTION,90,57.0
16:53:45.427,1.0,1.0,CAUTION,90,57.0
16:53:45.658,1.0,1.0,CAUTION,90,57.0
16:53:45.906,1.0,1.33,CAUTION,86,57.0
16:53:46.134,1.0,26.0,CAUTION,30,57.0
16:53:46.444,1.0,26.0,CAUTION,30,57.0
16:53:46.680,1.0,26.0,HAZARD,30,57.0
16:53:46.945,1.0,26.0,HAZARD,30,57.0
16:53:47.193,1.0,3.33,HAZARD,53,57.0
16:53:47.445,1.0,6.33,HAZARD,30,57.0
16:53:47.725,1.0,1.33,HAZARD,86,57.0
16:53:47.973,1.0,1.33,HAZARD,86,57.0
16:53:48.203,1.0,1.33,CAUTION,86,57.0
16:53:48.442,1.0,7.0,CAUTION,39,57.0
16:53:48.698,1.0,7.0,CAUTION,30,57.0
16:53:48.938,1.0,0.67,CAUTION,100,39.0
16:53:49.156,1.0,7.0,HAZARD,39,57.0
16:53:49.376,1.0,0.67,HAZARD,100,39.0
16:53:49.610,1.0,7.0,HAZARD,39,57.0
16:53:49.911,1.0,1.0,HAZARD,90,57.0
16:53:50.214,1.0,0.67,HAZARD,100,39.0
16:53:50.446,1.0,0.67,NORMAL,100,39.0
16:53:50.686,1.0,0.67,NORMAL,100,39.0
16:53:50.927,1.0,0.67,NORMAL,100,39.0
16:53:51.141,1.0,0.67,NORMAL,100,39.0
16:53:51.347,1.0,18.0,NORMAL,30,57.0
16:53:51.544,1.0,18.0,NORMAL,30,57.0
16:53:51.741,1.0,0.67,NORMAL,100,39.0
16:53:51.927,1.0,0.67,NORMAL,100,39.0
16:53:52.127,1.0,0.67,NORMAL,100,39.0
16:53:52.333,1.0,0.67,NORMAL,100,39.0
16:53:52.532,1.0,18.33,NORMAL,30,57.0
16:53:52.741,1.0,18.33,NORMAL,30,57.0
16:53:52.981,1.0,18.0,HAZARD,30,57.0
16:53:53.200,1.0,18.0,HAZARD,30,57.0
16:53:53.410,1.0,18.0,HAZARD,30,57.0
16:53:53.612,1.0,18.0,HAZARD,30,57.0
16:53:53.810,1.0,18.0,HAZARD,30,57.0
16:53:54.041,1.0,24.67,HAZARD,30,57.0
16:53:54.287,1.0,17.33,HAZARD,30,57.0
16:53:54.498,1.0,24.67,HAZARD,30,57.0
16:53:54.693,1.0,27.67,HAZARD,30,57.0
16:53:54.887,1.0,27.67,HAZARD,30,57.0
16:53:55.107,1.0,27.67,HAZARD,30,57.0
16:53:55.319,1.0,27.67,HAZARD,30,57.0
16:53:55.513,1.0,27.67,HAZARD,30,57.0
16:53:55.726,1.0,27.67,HAZARD,30,57.0
16:53:55.948,1.0,27.67,HAZARD,30,57.0
16:53:56.158,1.0,5.33,HAZARD,30,57.0
16:53:56.393,1.0,30.0,HAZARD,30,57.0
16:53:56.611,1.0,33.33,HAZARD,30,57.0
16:53:56.831,1.0,33.33,HAZARD,30,57.0
16:53:57.045,1.0,33.33,HAZARD,30,57.0
16:53:57.248,1.0,5.0,HAZARD,30,57.0
16:53:57.494,1.0,0.0,HAZARD,100,100.0
16:53:57.759,1.0,0.0,HAZARD,100,100.0
16:53:57.977,1.0,0.0,NORMAL,100,100.0
16:53:58.178,1.0,0.0,NORMAL,100,100.0
16:53:58.373,1.0,0.0,NORMAL,100,100.0
16:53:58.591,1.0,0.0,NORMAL,100,100.0
16:53:58.824,1.0,0.0,NORMAL,100,100.0
16:53:59.048,1.0,0.0,NORMAL,100,100.0
16:53:59.240,1.0,15.67,NORMAL,30,57.0
16:53:59.435,1.0,15.67,NORMAL,30,57.0
16:53:59.640,1.0,26.0,HAZARD,30,57.0
16:53:59.881,1.0,15.67,HAZARD,30,57.0
16:54:00.112,1.0,15.67,HAZARD,30,57.0
16:54:00.319,1.0,24.33,HAZARD,30,57.0
16:54:00.530,1.0,24.33,HAZARD,30,57.0
16:54:00.729,1.0,24.33,HAZARD,30,57.0
16:54:00.947,1.0,24.33,HAZARD,30,57.0
16:54:01.191,1.0,17.33,HAZARD,30,57.0
16:54:01.425,1.0,17.33,HAZARD,30,57.0
16:54:01.636,1.0,13.0,HAZARD,30,57.0
16:54:01.841,1.0,9.0,HAZARD,30,57.0
16:54:02.045,1.0,1.33,HAZARD,86,57.0
16:54:02.244,1.0,1.0,HAZARD,90,57.0
16:54:02.491,1.0,1.0,CAUTION,90,57.0
16:54:02.713,1.0,1.0,CAUTION,90,57.0
16:54:02.923,1.0,1.0,CAUTION,90,57.0
16:54:03.115,1.0,1.67,CAUTION,84,57.0
16:54:03.323,1.0,1.67,CAUTION,76,57.0
16:54:03.528,1.0,1.67,CAUTION,74,57.0
16:54:03.758,1.0,1.67,CAUTION,74,57.0
16:54:03.984,1.0,1.67,CAUTION,73,57.0
16:54:04.208,1.0,3.33,CAUTION,72,57.0
16:54:04.409,1.0,4.67,CAUTION,35,57.0
16:54:04.621,1.0,5.67,CAUTION,30,57.0
16:54:04.835,1.0,6.0,HAZARD,30,57.0
16:54:05.051,1.0,7.33,HAZARD,30,57.0
16:54:05.296,1.0,7.33,HAZARD,30,57.0
16:54:05.497,1.0,7.67,HAZARD,30,57.0
16:54:05.703,1.0,30.0,HAZARD,30,57.0
16:54:05.898,1.0,29.33,HAZARD,30,57.0
16:54:06.092,1.0,29.33,HAZARD,30,57.0
16:54:06.321,1.0,29.33,HAZARD,30,57.0
16:54:06.574,1.0,29.0,HAZARD,30,57.0
16:54:06.824,1.0,30.33,HAZARD,30,57.0
16:54:07.080,1.0,30.33,HAZARD,30,57.0
16:54:07.327,1.0,30.33,HAZARD,30,57.0
16:54:07.596,1.0,30.33,HAZARD,30,57.0
16:54:07.854,1.0,30.33,HAZARD,30,57.0
16:54:08.196,1.0,30.33,HAZARD,30,57.0
16:54:08.445,1.0,30.33,HAZARD,30,57.0
16:54:08.691,1.0,30.33,HAZARD,30,57.0
16:54:08.936,1.0,30.33,HAZARD,30,57.0
16:54:09.189,1.0,30.33,HAZARD,30,57.0
16:54:09.439,1.0,6.67,HAZARD,30,57.0
16:54:09.646,1.0,5.67,HAZARD,30,57.0
16:54:09.847,1.0,5.33,HAZARD,30,57.0
16:54:10.056,1.0,4.33,HAZARD,39,57.0
16:54:10.262,1.0,26.33,HAZARD,30,57.0
16:54:10.479,1.0,0.0,HAZARD,100,100.0
16:54:10.717,1.0,0.0,HAZARD,100,100.0
16:54:10.969,1.0,0.0,NORMAL,100,100.0
16:54:11.182,1.0,13.0,NORMAL,30,57.0
16:54:11.375,1.0,0.0,NORMAL,100,100.0
16:54:11.571,1.0,14.67,NORMAL,30,57.0
16:54:11.797,1.0,14.67,HAZARD,30,57.0
16:54:12.022,1.0,14.67,HAZARD,30,57.0
16:54:12.237,1.0,14.67,HAZARD,30,57.0
16:54:12.446,1.0,15.67,HAZARD,30,57.0
16:54:12.652,1.0,15.67,HAZARD,30,57.0
16:54:12.895,1.0,15.67,HAZARD,30,57.0
16:54:13.142,1.0,15.67,HAZARD,30,57.0
16:54:13.339,1.0,18.67,HAZARD,30,57.0
16:54:13.530,1.0,38.0,HAZARD,30,57.0
16:54:13.736,1.0,43.33,HAZARD,30,57.0
16:54:13.936,1.0,43.33,HAZARD,30,57.0
16:54:14.184,1.0,43.33,HAZARD,30,57.0
16:54:14.403,1.0,43.33,HAZARD,30,57.0
16:54:14.613,1.0,41.33,HAZARD,30,57.0
16:54:14.808,1.0,41.33,HAZARD,30,57.0
16:54:15.004,1.0,40.33,HAZARD,30,57.0
16:54:15.210,1.0,38.67,HAZARD,30,57.0
16:54:15.425,1.0,30.67,HAZARD,30,57.0
16:54:15.665,1.0,30.67,HAZARD,30,57.0
16:54:15.876,1.0,30.67,HAZARD,30,57.0
16:54:16.080,1.0,30.67,HAZARD,30,57.0
16:54:16.281,1.0,24.67,HAZARD,30,57.0
16:54:16.475,1.0,20.33,HAZARD,30,57.0
16:54:16.655,1.0,20.33,HAZARD,30,57.0
16:54:16.891,1.0,19.33,HAZARD,30,57.0
16:54:17.127,1.0,19.33,HAZARD,30,57.0
16:54:17.341,1.0,19.33,HAZARD,30,57.0
16:54:17.551,1.0,11.67,HAZARD,37,57.0
16:54:17.809,1.0,7.67,HAZARD,30,57.0
16:54:18.028,1.0,5.67,HAZARD,30,57.0
16:54:18.247,1.0,6.0,HAZARD,30,57.0
16:54:18.432,1.0,9.0,HAZARD,30,57.0
16:54:18.711,1.0,0.0,HAZARD,100,100.0
16:54:18.939,1.0,0.0,HAZARD,100,100.0
16:54:19.173,1.0,0.0,NORMAL,100,100.0
16:54:19.412,1.0,0.0,NORMAL,100,100.0
16:54:19.630,1.0,0.0,NORMAL,100,100.0
16:54:19.813,1.0,0.0,NORMAL,100,100.0
16:54:20.008,1.0,0.0,NORMAL,100,100.0
16:54:20.211,1.0,0.0,NORMAL,100,100.0
16:54:20.396,1.0,8.33,NORMAL,30,57.0
16:54:20.592,1.0,9.0,NORMAL,30,57.0
16:54:20.775,1.0,11.33,HAZARD,30,57.0
16:54:20.996,1.0,11.33,HAZARD,30,57.0
16:54:21.228,1.0,11.67,HAZARD,30,57.0
16:54:21.479,1.0,31.33,HAZARD,30,57.0
16:54:21.703,1.0,38.0,HAZARD,30,57.0
16:54:21.928,1.0,47.0,HAZARD,30,57.0
16:54:22.161,1.0,49.67,HAZARD,30,57.0
16:54:22.397,1.0,50.33,HAZARD,30,57.0
16:54:22.631,1.0,50.33,HAZARD,30,57.0
16:54:22.852,1.0,50.33,HAZARD,30,57.0
16:54:23.076,1.0,60.67,HAZARD,30,57.0
16:54:23.295,1.0,60.67,HAZARD,30,57.0
16:54:23.528,1.0,60.67,HAZARD,30,57.0
16:54:23.774,1.0,60.67,HAZARD,30,57.0
16:54:23.982,1.0,60.67,HAZARD,30,57.0
16:54:24.217,1.0,49.0,HAZARD,30,57.0
16:54:24.452,1.0,29.33,HAZARD,30,57.0
16:54:24.702,1.0,22.67,HAZARD,30,57.0
16:54:24.906,1.0,15.33,HAZARD,30,57.0
16:54:25.108,1.0,15.33,HAZARD,30,57.0
16:54:25.344,1.0,15.33,HAZARD,30,57.0
16:54:25.555,1.0,11.33,HAZARD,30,57.0
16:54:25.788,1.0,8.0,HAZARD,30,57.0
16:54:25.992,1.0,4.33,HAZARD,39,57.0
16:54:26.195,1.0,4.33,HAZARD,39,57.0
16:54:26.385,1.0,5.33,HAZARD,30,57.0
16:54:26.584,1.0,11.0,HAZARD,30,57.0
16:54:26.824,1.0,11.0,HAZARD,30,57.0
16:54:27.045,1.0,26.67,HAZARD,30,57.0
16:54:27.258,1.0,26.67,HAZARD,30,57.0
16:54:27.445,1.0,26.67,HAZARD,30,57.0
16:54:27.641,1.0,26.67,HAZARD,30,57.0
16:54:27.845,1.0,26.67,HAZARD,30,57.0
16:54:28.075,1.0,26.67,HAZARD,30,57.0
16:54:28.310,1.0,26.67,HAZARD,30,57.0
16:54:28.517,1.0,26.67,HAZARD,30,57.0
16:54:28.728,1.0,26.67,HAZARD,30,57.0
16:54:28.921,1.0,26.67,HAZARD,30,57.0
16:54:29.119,1.0,10.67,HAZARD,30,57.0
16:54:29.342,1.0,10.67,HAZARD,30,57.0
16:54:29.572,1.0,10.67,HAZARD,30,57.0
16:54:29.857,1.0,14.0,HAZARD,30,57.0
16:54:30.094,1.0,15.67,HAZARD,30,57.0
16:54:30.343,1.0,15.67,HAZARD,30,57.0
16:54:30.570,1.0,15.67,HAZARD,30,57.0
16:54:30.772,1.0,14.33,HAZARD,30,57.0
16:54:30.994,1.0,14.67,HAZARD,30,57.0
16:54:31.192,1.0,12.0,HAZARD,30,57.0
16:54:31.436,1.0,12.0,HAZARD,30,57.0
16:54:31.689,1.0,11.0,HAZARD,41,57.0
16:54:31.941,1.0,12.33,HAZARD,39,57.0
16:54:32.166,1.0,12.67,HAZARD,38,57.0
16:54:32.408,1.0,12.67,HAZARD,38,57.0
16:54:32.646,1.0,10.33,HAZARD,42,57.0
16:54:32.897,1.0,8.67,HAZARD,45,57.0
16:54:33.139,1.0,5.67,HAZARD,74,57.0
16:54:33.404,1.0,5.67,HAZARD,74,57.0
16:54:33.670,1.0,5.67,CAUTION,74,57.0
16:54:33.935,1.0,4.33,CAUTION,76,57.0
16:54:34.192,1.0,4.0,CAUTION,44,57.0
16:54:34.463,1.0,4.67,CAUTION,35,57.0
16:54:34.712,1.0,4.67,HAZARD,35,57.0
16:54:34.954,1.0,5.33,HAZARD,30,57.0
16:54:35.206,1.0,5.33,HAZARD,30,57.0
16:54:35.453,1.0,7.33,HAZARD,30,57.0
16:54:35.695,1.0,7.33,HAZARD,30,57.0
16:54:35.955,1.0,11.33,HAZARD,37,57.0
16:54:36.200,1.0,12.0,HAZARD,36,57.0
16:54:36.431,1.0,16.33,HAZARD,30,57.0
16:54:36.668,1.0,16.33,HAZARD,30,57.0
16:54:36.914,1.0,16.33,HAZARD,30,57.0
16:54:37.176,1.0,17.0,HAZARD,30,57.0
16:54:37.423,1.0,17.0,HAZARD,30,57.0
16:54:37.634,1.0,15.67,HAZARD,30,57.0
16:54:37.876,1.0,15.33,HAZARD,30,57.0
16:54:38.122,1.0,16.0,HAZARD,30,57.0
16:54:38.350,1.0,18.0,HAZARD,30,57.0
16:54:38.580,1.0,23.0,HAZARD,30,57.0
16:54:38.800,1.0,9.33,HAZARD,45,57.0
16:54:39.048,1.0,4.67,HAZARD,35,57.0
16:54:39.293,1.0,5.0,HAZARD,30,57.0
16:54:39.523,1.0,5.0,HAZARD,30,57.0
16:54:39.745,1.0,2.67,HAZARD,74,57.0
16:54:39.990,1.0,16.67,HAZARD,30,57.0
16:54:40.233,1.0,15.67,HAZARD,30,57.0
16:54:40.470,1.0,15.67,HAZARD,30,57.0
16:54:40.809,1.0,14.67,HAZARD,30,57.0
16:54:41.073,1.0,13.0,HAZARD,30,57.0
16:54:41.314,1.0,12.67,HAZARD,31,57.0
16:54:41.533,1.0,12.67,HAZARD,31,57.0
16:54:41.767,1.0,12.67,HAZARD,37,57.0
16:54:42.011,1.0,14.0,HAZARD,65,57.0
16:54:42.249,1.0,14.0,HAZARD,30,57.0
16:54:42.500,1.0,14.0,HAZARD,30,57.0
16:54:42.741,1.0,14.67,HAZARD,30,57.0
16:54:42.984,1.0,14.67,HAZARD,30,57.0
16:54:43.187,1.0,12.67,HAZARD,30,57.0
16:54:43.379,1.0,10.0,HAZARD,30,57.0
16:54:43.571,1.0,7.67,HAZARD,30,57.0
16:54:43.801,1.0,6.33,HAZARD,30,57.0
16:54:44.028,1.0,4.67,HAZARD,35,57.0
16:54:44.212,1.0,4.0,HAZARD,44,57.0
16:54:44.439,1.0,2.67,HAZARD,68,57.0
16:54:44.642,1.0,2.67,HAZARD,70,57.0
16:54:44.823,1.0,3.0,CAUTION,70,57.0
16:54:45.064,1.0,2.67,CAUTION,72,57.0
16:54:45.289,1.0,2.67,CAUTION,72,57.0
16:54:45.486,1.0,3.0,CAUTION,72,57.0
16:54:45.684,1.0,3.0,CAUTION,73,57.0
16:54:45.878,1.0,3.33,CAUTION,74,57.0
16:54:46.103,1.0,3.67,CAUTION,74,57.0
16:54:46.328,1.0,3.67,CAUTION,74,57.0
16:54:46.536,1.0,2.67,CAUTION,74,57.0
16:54:46.733,1.0,2.33,CAUTION,74,57.0
16:54:46.948,1.0,2.0,CAUTION,74,57.0
16:54:47.171,1.0,2.0,CAUTION,74,57.0
16:54:47.400,1.0,2.67,CAUTION,74,57.0
16:54:47.624,1.0,4.33,CAUTION,39,57.0
16:54:47.857,1.0,5.67,CAUTION,30,57.0
16:54:48.099,1.0,8.0,HAZARD,30,57.0
16:54:48.323,1.0,9.0,HAZARD,30,57.0
16:54:48.564,1.0,9.67,HAZARD,30,57.0
16:54:48.790,1.0,10.67,HAZARD,30,57.0
16:54:49.014,1.0,11.0,HAZARD,30,57.0
16:54:49.229,1.0,12.67,HAZARD,30,57.0
16:54:49.418,1.0,12.67,HAZARD,30,57.0
16:54:49.629,1.0,14.0,HAZARD,30,57.0
16:54:49.866,1.0,14.67,HAZARD,30,57.0
16:54:50.068,1.0,15.67,HAZARD,30,57.0
16:54:50.267,1.0,19.67,HAZARD,30,57.0
16:54:50.462,1.0,23.67,HAZARD,30,57.0
16:54:50.697,1.0,28.67,HAZARD,30,57.0
16:54:50.969,1.0,31.67,HAZARD,30,57.0
16:54:51.213,1.0,32.33,HAZARD,30,57.0
16:54:51.431,1.0,32.33,HAZARD,30,57.0
16:54:51.680,1.0,32.33,HAZARD,30,57.0
16:54:51.920,1.0,32.33,HAZARD,30,57.0
16:54:52.150,1.0,32.33,HAZARD,30,57.0
16:54:52.388,1.0,29.0,HAZARD,30,57.0
16:54:52.631,1.0,28.67,HAZARD,30,57.0
16:54:52.860,1.0,25.33,HAZARD,30,57.0
16:54:53.077,1.0,23.0,HAZARD,30,57.0
16:54:53.309,1.0,17.67,HAZARD,30,57.0
16:54:53.536,1.0,12.67,HAZARD,31,57.0
16:54:53.764,1.0,8.67,HAZARD,30,57.0
16:54:54.009,1.0,3.67,HAZARD,65,57.0
16:54:54.251,1.0,1.0,HAZARD,66,57.0
16:54:54.493,1.0,1.0,CAUTION,67,57.0
16:54:54.722,1.0,1.0,CAUTION,68,57.0
16:54:54.945,1.0,1.0,CAUTION,69,57.0
16:54:55.156,1.0,1.33,CAUTION,70,57.0
16:54:55.372,1.0,1.67,CAUTION,71,57.0
16:54:55.597,1.0,2.67,CAUTION,72,57.0
16:54:55.840,1.0,3.67,CAUTION,72,57.0
16:54:56.036,1.0,3.67,CAUTION,74,57.0
16:54:56.264,1.0,5.33,CAUTION,30,57.0
16:54:56.553,1.0,5.33,CAUTION,30,57.0
16:54:56.842,1.0,5.33,HAZARD,30,57.0
16:54:57.120,1.0,5.33,HAZARD,30,57.0
16:54:57.346,1.0,5.33,HAZARD,30,57.0
16:54:57.582,1.0,5.33,HAZARD,30,57.0
16:54:57.793,1.0,5.0,HAZARD,30,57.0
16:54:58.013,1.0,5.0,HAZARD,30,57.0
16:54:58.221,1.0,4.67,HAZARD,35,57.0
16:54:58.420,1.0,4.33,HAZARD,39,57.0
16:54:58.646,1.0,4.33,HAZARD,39,57.0
16:54:58.861,1.0,4.33,HAZARD,39,57.0
16:54:59.067,1.0,4.67,HAZARD,35,57.0
16:54:59.270,1.0,4.67,HAZARD,35,57.0
16:54:59.472,1.0,4.67,HAZARD,35,57.0
16:54:59.663,1.0,5.0,HAZARD,30,57.0
16:54:59.878,1.0,5.0,HAZARD,30,57.0
16:55:00.142,1.0,5.0,HAZARD,30,57.0
16:55:00.365,1.0,5.33,HAZARD,30,57.0
16:55:00.565,1.0,5.33,HAZARD,30,57.0
16:55:00.764,1.0,5.33,HAZARD,30,57.0
16:55:01.007,1.0,5.67,HAZARD,30,57.0
16:55:01.241,1.0,5.67,HAZARD,30,57.0
16:55:01.540,1.0,7.33,HAZARD,47,57.0
16:55:01.780,1.0,7.33,HAZARD,30,57.0
16:55:02.034,1.0,7.33,HAZARD,30,57.0
16:55:02.290,1.0,7.33,HAZARD,70,57.0
16:55:02.502,1.0,5.33,HAZARD,74,57.0
16:55:02.715,1.0,3.0,CAUTION,70,57.0
16:55:02.958,1.0,2.67,CAUTION,74,57.0
16:55:03.191,1.0,2.67,CAUTION,74,57.0
16:55:03.415,1.0,3.0,CAUTION,70,57.0
16:55:03.622,1.0,3.0,CAUTION,70,57.0
16:55:03.820,1.0,3.33,CAUTION,53,57.0
16:55:04.022,1.0,2.67,CAUTION,74,57.0
16:55:04.238,1.0,2.33,CAUTION,76,57.0
16:55:04.454,1.0,2.67,CAUTION,74,57.0
16:55:04.655,1.0,1.67,CAUTION,84,57.0
16:55:04.856,1.0,2.0,CAUTION,80,57.0
16:55:05.059,1.0,2.0,CAUTION,80,57.0
16:55:05.296,1.0,2.0,CAUTION,80,57.0
16:55:05.527,1.0,2.0,CAUTION,80,57.0
16:55:05.764,1.0,2.0,CAUTION,80,57.0
16:55:05.997,1.0,2.0,CAUTION,80,57.0
16:55:06.209,1.0,2.0,CAUTION,80,57.0
16:55:06.448,1.0,1.33,CAUTION,86,57.0
16:55:06.717,1.0,1.67,CAUTION,84,57.0
16:55:06.973,1.0,1.33,CAUTION,86,57.0
16:55:07.194,1.0,1.33,CAUTION,86,57.0
16:55:07.440,1.0,1.0,CAUTION,90,57.0
16:55:07.691,1.0,0.67,CAUTION,100,39.0
16:55:07.914,1.0,0.67,CAUTION,100,39.0
16:55:08.155,1.0,0.67,NORMAL,100,39.0
16:55:08.390,1.0,0.67,NORMAL,100,39.0
16:55:08.605,1.0,0.67,NORMAL,100,39.0
16:55:08.898,1.0,0.67,NORMAL,100,39.0
16:55:09.225,1.0,0.67,NORMAL,100,39.0
16:55:09.561,1.0,0.67,NORMAL,100,39.0
16:55:09.877,1.0,1.33,NORMAL,86,57.0
16:55:10.185,1.0,1.33,NORMAL,86,57.0
16:55:10.514,1.0,1.33,CAUTION,86,57.0
16:55:10.843,1.0,1.33,CAUTION,86,57.0
16:55:11.113,1.0,2.0,CAUTION,80,57.0
16:55:11.371,1.0,4.33,CAUTION,76,57.0
16:55:11.622,1.0,4.33,CAUTION,76,57.0
16:55:11.882,1.0,4.33,CAUTION,76,57.0
16:55:12.143,1.0,4.33,CAUTION,76,57.0
16:55:12.403,1.0,4.33,CAUTION,76,57.0
16:55:12.645,1.0,4.33,CAUTION,76,57.0
16:55:12.894,1.0,4.33,CAUTION,39,57.0
16:55:13.123,1.0,4.33,CAUTION,39,57.0
16:55:13.354,1.0,4.33,HAZARD,39,57.0
16:55:13.604,1.0,4.33,HAZARD,39,57.0
16:55:13.846,1.0,4.33,HAZARD,39,57.0
16:55:14.081,1.0,4.33,HAZARD,39,57.0
16:55:14.316,1.0,3.67,HAZARD,49,57.0
16:55:14.640,1.0,2.33,HAZARD,76,57.0
16:55:14.866,1.0,2.0,HAZARD,80,57.0
16:55:15.090,1.0,1.67,CAUTION,84,57.0
16:55:15.317,1.0,1.67,CAUTION,84,57.0
16:55:15.551,1.0,1.67,CAUTION,84,57.0
16:55:15.786,1.0,1.67,CAUTION,84,57.0
16:55:16.043,1.0,2.33,CAUTION,76,57.0
16:55:16.273,1.0,3.0,CAUTION,70,57.0
16:55:16.522,1.0,3.33,CAUTION,53,57.0
16:55:16.788,1.0,3.33,CAUTION,53,57.0
16:55:17.075,1.0,3.33,HAZARD,53,57.0
16:55:17.342,1.0,3.33,HAZARD,53,57.0
16:55:17.586,1.0,3.33,HAZARD,53,57.0
16:55:17.830,1.0,3.33,HAZARD,53,57.0
16:55:18.085,1.0,3.33,HAZARD,53,57.0
16:55:18.312,1.0,6.33,HAZARD,50,57.0
16:55:18.555,1.0,19.67,HAZARD,30,57.0
16:55:18.781,1.0,18.33,HAZARD,30,57.0
16:55:18.978,1.0,18.33,HAZARD,30,57.0
16:55:19.202,1.0,18.33,HAZARD,30,57.0
16:55:19.447,1.0,39.67,HAZARD,30,57.0
16:55:19.681,1.0,39.67,HAZARD,30,57.0
16:55:19.891,1.0,32.0,HAZARD,30,57.0
16:55:20.124,1.0,32.0,HAZARD,30,57.0
16:55:20.372,1.0,32.0,HAZARD,30,57.0
16:55:20.606,1.0,32.0,HAZARD,30,57.0
16:55:20.849,1.0,32.0,HAZARD,30,57.0
16:55:21.094,1.0,32.0,HAZARD,30,57.0
16:55:21.326,1.0,32.0,HAZARD,30,57.0
16:55:21.561,1.0,32.0,HAZARD,30,57.0
16:55:21.802,1.0,13.67,HAZARD,30,57.0
16:55:22.047,1.0,8.67,HAZARD,30,57.0
16:55:22.315,1.0,5.0,HAZARD,30,57.0
16:55:22.564,1.0,5.0,HAZARD,30,57.0
16:55:22.799,1.0,3.67,HAZARD,49,57.0
16:55:23.020,1.0,3.67,HAZARD,68,57.0
16:55:23.277,1.0,2.0,HAZARD,80,57.0
16:55:23.503,1.0,2.0,CAUTION,69,57.0
16:55:23.743,1.0,2.33,CAUTION,76,57.0
16:55:23.968,1.0,2.33,CAUTION,68,57.0
16:55:24.208,1.0,2.33,CAUTION,76,57.0
16:55:24.446,1.0,3.33,CAUTION,53,57.0
16:55:24.684,1.0,3.0,CAUTION,70,57.0
16:55:24.901,1.0,3.0,CAUTION,70,57.0
16:55:25.112,1.0,4.0,CAUTION,44,57.0
16:55:25.414,1.0,4.0,HAZARD,44,57.0
16:55:25.640,1.0,4.0,HAZARD,44,57.0
16:55:25.869,1.0,5.0,HAZARD,30,57.0
16:55:26.088,1.0,8.33,HAZARD,43,57.0
16:55:26.303,1.0,8.33,HAZARD,43,57.0
16:55:26.503,1.0,8.33,HAZARD,43,57.0
16:55:26.747,1.0,8.33,HAZARD,43,57.0
16:55:26.975,1.0,4.67,HAZARD,35,57.0
16:55:27.187,1.0,7.67,HAZARD,40,57.0
16:55:27.395,1.0,9.33,HAZARD,30,57.0
16:55:27.605,1.0,9.33,HAZARD,36,57.0
16:55:27.847,1.0,9.33,HAZARD,36,57.0
16:55:28.087,1.0,7.67,HAZARD,40,57.0
16:55:28.327,1.0,7.67,HAZARD,40,57.0
16:55:28.554,1.0,7.67,HAZARD,40,57.0
16:55:28.777,1.0,7.33,HAZARD,30,57.0
16:55:29.024,1.0,7.33,HAZARD,30,57.0
16:55:29.279,1.0,9.0,HAZARD,43,57.0
16:55:29.512,1.0,9.33,HAZARD,43,57.0
16:55:29.735,1.0,5.33,HAZARD,30,57.0
16:55:29.951,1.0,12.67,HAZARD,37,57.0
16:55:30.206,1.0,5.33,HAZARD,74,57.0
16:55:30.450,1.0,9.33,HAZARD,38,57.0
16:55:30.689,1.0,8.67,HAZARD,40,57.0
16:55:30.922,1.0,6.33,HAZARD,45,57.0
16:55:31.154,1.0,6.0,HAZARD,30,57.0
16:55:31.436,1.0,6.0,HAZARD,30,57.0
16:55:31.760,1.0,6.0,HAZARD,30,57.0
16:55:32.094,1.0,5.67,HAZARD,30,57.0
16:55:32.426,1.0,5.33,HAZARD,30,57.0
16:55:32.765,1.0,5.33,HAZARD,30,57.0
16:55:33.120,1.0,5.33,HAZARD,30,57.0
16:55:33.392,1.0,3.0,HAZARD,74,57.0
16:55:33.646,1.0,6.0,HAZARD,30,57.0
16:55:33.883,1.0,2.33,HAZARD,73,57.0
16:55:34.127,1.0,2.33,CAUTION,72,57.0
16:55:34.358,1.0,2.33,CAUTION,76,57.0
16:55:34.614,1.0,1.33,CAUTION,86,57.0
16:55:34.828,1.0,1.33,CAUTION,86,57.0
16:55:35.072,1.0,1.33,CAUTION,86,57.0
16:55:35.320,1.0,1.33,CAUTION,86,57.0
16:55:35.554,1.0,1.33,CAUTION,86,57.0
16:55:35.783,1.0,1.33,CAUTION,86,57.0
16:55:35.997,1.0,1.33,CAUTION,86,57.0
16:55:36.240,1.0,1.33,CAUTION,86,57.0
16:55:36.485,1.0,1.33,CAUTION,86,57.0
16:55:36.779,1.0,1.33,CAUTION,86,57.0
16:55:37.033,1.0,2.67,CAUTION,74,57.0
16:55:37.289,1.0,2.67,CAUTION,74,57.0
16:55:37.532,1.0,9.0,CAUTION,36,57.0
16:55:37.766,1.0,3.33,CAUTION,53,57.0
16:55:37.999,1.0,11.33,HAZARD,31,57.0
16:55:38.220,1.0,3.33,HAZARD,53,57.0
16:55:38.464,1.0,11.33,HAZARD,31,57.0
16:55:38.707,1.0,3.33,HAZARD,53,57.0
16:55:38.954,1.0,11.33,HAZARD,31,57.0
16:55:39.193,1.0,3.33,HAZARD,53,57.0
16:55:39.431,1.0,9.67,HAZARD,30,57.0
16:55:39.634,1.0,3.33,HAZARD,53,57.0
16:55:39.831,1.0,6.33,HAZARD,30,57.0
16:55:40.052,1.0,6.33,HAZARD,45,57.0
16:55:40.253,1.0,6.33,HAZARD,30,57.0
16:55:40.491,1.0,3.0,HAZARD,70,57.0
16:55:40.725,1.0,5.33,HAZARD,30,57.0
16:55:40.940,1.0,12.33,HAZARD,30,57.0
16:55:41.136,1.0,24.67,HAZARD,30,57.0
16:55:41.334,1.0,24.67,HAZARD,30,57.0
16:55:41.578,1.0,24.67,HAZARD,30,57.0
16:55:41.809,1.0,24.67,HAZARD,30,57.0
16:55:42.027,1.0,24.67,HAZARD,30,57.0
16:55:42.246,1.0,0.0,HAZARD,100,100.0
16:55:42.458,1.0,0.0,HAZARD,100,100.0
16:55:42.697,1.0,0.0,NORMAL,100,100.0
16:55:42.927,1.0,0.0,NORMAL,100,100.0
16:55:43.152,1.0,0.0,NORMAL,100,100.0
16:55:43.392,1.0,0.0,NORMAL,100,100.0
16:55:43.616,1.0,0.0,NORMAL,100,100.0
16:55:43.878,1.0,0.0,NORMAL,100,100.0
16:55:44.115,1.0,0.0,NORMAL,100,100.0
16:55:44.362,1.0,0.0,NORMAL,100,100.0
16:55:44.605,1.0,2.0,NORMAL,80,57.0
16:55:44.874,1.0,2.0,NORMAL,80,57.0
16:55:45.116,1.0,2.0,CAUTION,80,57.0
16:55:45.339,1.0,2.0,CAUTION,80,57.0
16:55:45.565,1.0,2.0,CAUTION,80,57.0
16:55:45.875,1.0,3.0,CAUTION,70,57.0
16:55:46.171,1.0,0.0,CAUTION,100,100.0
16:55:46.414,1.0,0.0,CAUTION,100,100.0
16:55:46.716,1.0,0.0,NORMAL,100,100.0
16:55:47.033,1.0,0.0,NORMAL,100,100.0
16:55:47.364,1.0,21.67,NORMAL,30,57.0
16:55:47.775,1.0,0.0,NORMAL,100,100.0
16:55:48.040,1.0,0.0,NORMAL,100,100.0
16:55:48.339,1.0,0.0,NORMAL,100,100.0
16:55:48.627,1.0,0.0,NORMAL,100,100.0
16:55:48.948,1.0,0.0,NORMAL,100,100.0
16:55:49.243,1.0,0.0,NORMAL,100,100.0
16:55:49.629,1.0,0.0,NORMAL,100,100.0
16:55:49.897,1.0,0.0,NORMAL,100,100.0
16:55:50.126,1.0,11.33,NORMAL,30,57.0
16:55:50.313,1.0,11.33,NORMAL,30,57.0
16:55:50.514,1.0,11.33,HAZARD,30,57.0
16:55:50.710,1.0,23.67,HAZARD,30,57.0
16:55:50.922,1.0,23.67,HAZARD,30,57.0
16:55:51.145,1.0,23.67,HAZARD,30,57.0
16:55:51.367,1.0,23.67,HAZARD,30,57.0
16:55:51.612,1.0,23.67,HAZARD,30,57.0
16:55:51.843,1.0,23.67,HAZARD,30,57.0
16:55:52.072,1.0,15.67,HAZARD,30,57.0
16:55:52.316,1.0,15.67,HAZARD,30,57.0
16:55:52.553,1.0,0.0,HAZARD,100,100.0
16:55:52.773,1.0,0.0,HAZARD,100,100.0
16:55:53.005,1.0,0.0,NORMAL,100,100.0
16:55:53.243,1.0,0.0,NORMAL,100,100.0
16:55:53.462,1.0,0.0,NORMAL,100,100.0
16:55:53.703,1.0,4.0,NORMAL,44,57.0
16:55:53.927,1.0,0.0,NORMAL,100,100.0
16:55:54.144,1.0,0.0,NORMAL,100,100.0
16:55:54.380,1.0,0.0,NORMAL,100,100.0
16:55:54.611,1.0,11.33,NORMAL,30,57.0
16:55:54.826,1.0,12.0,NORMAL,30,57.0
16:55:55.045,1.0,12.0,HAZARD,30,57.0
16:55:55.271,1.0,12.0,HAZARD,30,57.0
16:55:55.502,1.0,12.0,HAZARD,30,57.0
16:55:55.718,1.0,12.0,HAZARD,30,57.0
16:55:55.936,1.0,12.0,HAZARD,30,57.0
16:55:56.148,1.0,12.0,HAZARD,30,57.0
16:55:56.366,1.0,12.0,HAZARD,30,57.0
16:55:56.627,1.0,12.0,HAZARD,30,57.0
16:55:56.863,1.0,12.0,HAZARD,30,57.0
16:55:57.098,1.0,12.0,HAZARD,30,57.0
16:55:57.320,1.0,12.0,HAZARD,30,57.0
16:55:57.536,1.0,0.67,HAZARD,100,39.0
16:55:57.750,1.0,0.67,HAZARD,100,39.0
16:55:57.971,1.0,0.33,NORMAL,100,100.0
16:55:58.204,1.0,0.67,NORMAL,100,39.0
16:55:58.404,1.0,0.67,NORMAL,100,39.0
16:55:58.582,1.0,0.67,NORMAL,100,39.0
16:55:58.790,1.0,0.67,NORMAL,100,39.0
16:55:58.968,1.0,0.67,NORMAL,100,39.0
16:55:59.251,1.0,0.67,NORMAL,100,39.0
16:55:59.459,1.0,0.67,NORMAL,100,39.0
16:55:59.675,1.0,0.67,NORMAL,100,39.0
16:55:59.873,1.0,0.67,NORMAL,74,39.0
16:56:00.077,1.0,1.0,NORMAL,90,57.0
16:56:00.286,1.0,1.0,CAUTION,90,57.0
16:56:00.497,1.0,1.0,CAUTION,90,57.0
16:56:00.714,1.0,1.0,CAUTION,90,57.0
16:56:00.911,1.0,1.0,CAUTION,90,57.0
16:56:01.118,1.0,1.0,CAUTION,74,57.0
16:56:01.335,1.0,0.67,CAUTION,100,39.0
16:56:01.529,1.0,0.67,CAUTION,100,39.0
16:56:01.737,1.0,0.67,NORMAL,100,39.0
16:56:01.943,1.0,0.67,NORMAL,100,39.0
16:56:02.141,1.0,0.67,NORMAL,100,39.0
16:56:02.345,1.0,0.67,NORMAL,100,39.0
16:56:02.547,1.0,0.67,NORMAL,100,39.0
16:56:02.753,1.0,0.33,NORMAL,100,100.0
16:56:02.943,1.0,0.33,NORMAL,100,100.0
16:56:03.154,1.0,0.33,NORMAL,100,100.0
16:56:03.361,1.0,0.33,NORMAL,100,100.0
16:56:03.543,1.0,0.33,NORMAL,100,100.0
16:56:03.747,1.0,0.67,NORMAL,100,39.0
16:56:03.942,1.0,0.67,NORMAL,100,39.0
16:56:04.143,1.0,0.67,NORMAL,100,39.0
16:56:04.357,1.0,0.67,NORMAL,100,39.0
16:56:04.538,1.0,0.67,NORMAL,100,39.0
16:56:04.736,1.0,0.67,NORMAL,100,39.0
16:56:04.941,1.0,0.67,NORMAL,100,39.0
16:56:05.148,1.0,0.67,NORMAL,100,39.0
16:56:05.361,1.0,0.67,NORMAL,100,39.0
16:56:05.562,1.0,0.67,NORMAL,100,39.0
16:56:05.768,1.0,0.67,NORMAL,100,39.0
16:56:05.975,1.0,0.67,NORMAL,100,39.0
16:56:06.193,1.0,0.67,NORMAL,100,39.0
16:56:06.404,1.0,1.0,NORMAL,90,57.0
16:56:06.621,1.0,0.67,NORMAL,75,39.0
16:56:06.869,1.0,0.67,CAUTION,75,39.0
16:56:07.097,1.0,0.67,CAUTION,75,39.0
16:56:07.310,1.0,0.67,CAUTION,76,39.0
16:56:07.535,1.0,0.67,CAUTION,71,39.0
16:56:07.784,1.0,0.67,CAUTION,73,39.0
16:56:08.004,1.0,0.67,CAUTION,100,39.0
16:56:08.219,1.0,0.67,CAUTION,100,39.0
16:56:08.449,1.0,0.67,NORMAL,100,39.0
16:56:08.657,1.0,0.67,NORMAL,100,39.0
16:56:08.853,1.0,0.67,NORMAL,100,39.0
16:56:09.091,1.0,0.67,NORMAL,75,39.0
16:56:09.320,1.0,0.67,NORMAL,100,39.0
16:56:09.559,1.0,0.67,NORMAL,100,39.0
16:56:09.806,1.0,5.33,NORMAL,30,57.0
16:56:10.040,1.0,5.33,HAZARD,30,57.0
16:56:10.346,1.0,5.33,HAZARD,30,57.0
16:56:10.568,1.0,5.33,HAZARD,30,57.0
16:56:10.816,1.0,5.33,HAZARD,30,57.0
16:56:11.053,1.0,5.33,HAZARD,30,57.0
16:56:11.277,1.0,5.33,HAZARD,30,57.0
16:56:11.500,1.0,5.33,HAZARD,30,57.0
16:56:11.773,1.0,5.33,HAZARD,30,57.0
16:56:11.976,1.0,5.33,HAZARD,30,57.0
16:56:12.179,1.0,5.33,HAZARD,30,57.0
16:56:12.413,1.0,6.0,HAZARD,30,57.0
16:56:12.636,1.0,6.0,HAZARD,30,57.0
16:56:12.849,1.0,6.0,HAZARD,30,57.0
16:56:13.068,1.0,6.0,HAZARD,30,57.0
16:56:13.288,1.0,6.0,HAZARD,30,57.0
16:56:13.481,1.0,6.0,HAZARD,30,57.0
16:56:13.697,1.0,6.0,HAZARD,30,57.0
16:56:13.908,1.0,6.0,HAZARD,30,57.0
16:56:14.098,1.0,7.67,HAZARD,30,57.0
16:56:14.317,1.0,7.67,HAZARD,30,57.0
16:56:14.515,1.0,7.67,HAZARD,34,57.0
16:56:14.733,1.0,7.33,HAZARD,36,57.0
16:56:14.938,1.0,7.33,HAZARD,30,57.0
16:56:15.169,1.0,7.33,HAZARD,30,57.0
16:56:15.411,1.0,7.33,HAZARD,30,57.0
16:56:15.658,1.0,7.33,HAZARD,30,57.0
16:56:15.941,1.0,5.67,HAZARD,30,57.0
16:56:16.179,1.0,5.67,HAZARD,30,57.0
16:56:16.479,1.0,5.67,HAZARD,30,57.0
16:56:16.855,1.0,5.67,HAZARD,30,57.0
16:56:17.141,1.0,5.67,HAZARD,30,57.0
16:56:17.404,1.0,5.67,HAZARD,30,57.0
16:56:17.682,1.0,6.67,HAZARD,30,57.0
16:56:17.881,1.0,6.67,HAZARD,30,57.0
16:56:18.123,1.0,7.0,HAZARD,30,57.0
16:56:18.383,1.0,7.0,HAZARD,30,57.0
16:56:18.625,1.0,7.0,HAZARD,38,57.0
16:56:18.852,1.0,7.0,HAZARD,30,57.0
16:56:19.057,1.0,7.0,HAZARD,30,57.0
16:56:19.268,1.0,7.0,HAZARD,30,57.0
16:56:19.472,1.0,7.0,HAZARD,30,57.0
16:56:19.680,1.0,7.0,HAZARD,30,57.0
16:56:19.905,1.0,6.67,HAZARD,30,57.0
16:56:20.143,1.0,6.67,HAZARD,30,57.0
16:56:20.354,1.0,6.33,HAZARD,30,57.0
16:56:20.567,1.0,9.0,HAZARD,30,57.0
16:56:20.791,1.0,9.0,HAZARD,30,57.0
16:56:21.008,1.0,9.0,HAZARD,30,57.0
16:56:21.227,1.0,9.0,HAZARD,30,57.0
16:56:21.451,1.0,9.0,HAZARD,30,57.0
16:56:21.661,1.0,9.0,HAZARD,30,57.0
16:56:21.874,1.0,11.0,HAZARD,30,57.0
16:56:22.075,1.0,11.0,HAZARD,30,57.0
16:56:22.297,1.0,11.0,HAZARD,30,57.0
16:56:22.523,1.0,11.0,HAZARD,30,57.0
16:56:22.734,1.0,11.33,HAZARD,30,57.0
16:56:22.933,1.0,11.33,HAZARD,30,57.0
16:56:23.122,1.0,11.33,HAZARD,30,57.0
16:56:23.336,1.0,11.33,HAZARD,30,57.0
16:56:23.528,1.0,10.33,HAZARD,30,57.0
16:56:23.722,1.0,10.33,HAZARD,30,57.0
16:56:23.924,1.0,10.33,HAZARD,30,57.0
16:56:24.136,1.0,10.0,HAZARD,30,57.0
16:56:24.353,1.0,5.0,HAZARD,30,57.0
16:56:24.553,1.0,5.33,HAZARD,30,57.0
16:56:24.757,1.0,5.0,HAZARD,30,57.0
16:56:24.963,1.0,5.0,HAZARD,30,57.0
16:56:25.183,1.0,5.33,HAZARD,30,57.0
16:56:25.421,1.0,5.33,HAZARD,30,57.0
16:56:25.678,1.0,4.67,HAZARD,35,57.0
16:56:25.928,1.0,1.0,HAZARD,65,57.0
16:56:26.203,1.0,4.67,HAZARD,35,57.0
16:56:26.473,1.0,5.0,HAZARD,30,57.0
16:56:26.762,1.0,5.0,HAZARD,30,57.0
16:56:27.059,1.0,5.0,HAZARD,30,57.0
16:56:27.342,1.0,5.0,HAZARD,30,57.0
16:56:27.617,1.0,5.0,HAZARD,30,57.0
16:56:27.907,1.0,5.0,HAZARD,30,57.0
16:56:28.196,1.0,5.0,HAZARD,30,57.0
16:56:28.545,1.0,5.0,HAZARD,30,57.0
16:56:28.886,1.0,5.0,HAZARD,30,57.0
16:56:29.165,1.0,5.0,HAZARD,30,57.0
16:56:29.420,1.0,4.33,HAZARD,39,57.0
16:56:29.667,1.0,4.33,HAZARD,39,57.0
16:56:29.999,1.0,4.33,HAZARD,39,57.0
16:56:30.217,1.0,4.33,HAZARD,39,57.0
16:56:30.437,1.0,4.33,HAZARD,39,57.0
16:56:30.673,1.0,4.33,HAZARD,39,57.0
16:56:30.928,1.0,4.33,HAZARD,39,57.0
16:56:31.223,1.0,4.33,HAZARD,39,57.0
16:56:31.543,1.0,4.33,HAZARD,39,57.0
16:56:31.874,1.0,4.33,HAZARD,39,57.0
16:56:32.187,1.0,1.0,HAZARD,90,57.0
16:56:32.457,1.0,1.0,HAZARD,90,57.0
16:56:32.694,1.0,1.0,CAUTION,90,57.0
16:56:32.949,1.0,1.0,CAUTION,90,57.0
16:56:33.209,1.0,1.0,CAUTION,90,57.0
16:56:33.451,1.0,0.67,CAUTION,100,39.0
16:56:33.681,1.0,0.67,CAUTION,100,39.0
16:56:33.922,1.0,0.67,NORMAL,100,39.0
16:56:34.155,1.0,0.67,NORMAL,100,39.0
16:56:34.384,1.0,0.67,NORMAL,100,39.0
16:56:34.589,1.0,0.67,NORMAL,100,39.0
16:56:34.792,1.0,0.67,NORMAL,100,39.0
16:56:34.987,1.0,0.67,NORMAL,100,39.0
16:56:35.200,1.0,0.67,NORMAL,100,39.0
16:56:35.398,1.0,0.67,NORMAL,74,39.0
16:56:35.616,1.0,2.0,NORMAL,80,57.0
16:56:35.830,1.0,2.0,CAUTION,80,57.0
16:56:36.040,1.0,2.0,CAUTION,80,57.0
16:56:36.248,1.0,2.0,CAUTION,80,57.0
16:56:36.455,1.0,2.0,CAUTION,80,57.0
16:56:36.663,1.0,2.0,CAUTION,74,57.0
16:56:36.874,1.0,2.0,CAUTION,73,57.0
16:56:37.105,1.0,2.0,CAUTION,80,57.0
16:56:37.337,1.0,2.0,CAUTION,80,57.0
16:56:37.577,1.0,2.0,CAUTION,80,57.0
16:56:37.813,1.0,2.0,CAUTION,80,57.0
16:56:38.064,1.0,2.0,CAUTION,80,57.0
16:56:38.282,1.0,2.0,CAUTION,80,57.0
16:56:38.520,1.0,7.33,CAUTION,30,57.0
16:56:38.753,1.0,7.33,CAUTION,30,57.0
16:56:38.975,1.0,7.33,HAZARD,30,57.0
16:56:39.236,1.0,7.33,HAZARD,30,57.0
16:56:39.493,1.0,7.33,HAZARD,30,57.0
16:56:39.723,1.0,9.0,HAZARD,30,57.0
16:56:39.961,1.0,9.0,HAZARD,30,57.0
16:56:40.201,1.0,9.0,HAZARD,30,57.0
16:56:40.459,1.0,9.0,HAZARD,30,57.0
16:56:40.679,1.0,9.0,HAZARD,30,57.0
16:56:40.900,1.0,9.0,HAZARD,30,57.0
16:56:41.140,1.0,9.0,HAZARD,30,57.0
16:56:41.372,1.0,9.0,HAZARD,30,57.0
16:56:41.595,1.0,8.67,HAZARD,30,57.0
16:56:41.808,1.0,8.67,HAZARD,30,57.0
16:56:42.016,1.0,8.67,HAZARD,30,57.0
16:56:42.237,1.0,9.0,HAZARD,30,57.0
16:56:42.446,1.0,9.0,HAZARD,30,57.0
16:56:42.660,1.0,4.33,HAZARD,39,57.0
16:56:42.875,1.0,4.33,HAZARD,39,57.0
16:56:43.096,1.0,4.33,HAZARD,39,57.0
16:56:43.314,1.0,4.33,HAZARD,39,57.0
16:56:43.524,1.0,4.33,HAZARD,39,57.0
16:56:43.734,1.0,4.0,HAZARD,44,57.0
16:56:43.952,1.0,4.0,HAZARD,44,57.0
16:56:44.165,1.0,4.0,HAZARD,44,57.0
16:56:44.373,1.0,4.0,HAZARD,44,57.0
16:56:44.579,1.0,4.0,HAZARD,44,57.0
16:56:44.783,1.0,4.0,HAZARD,44,57.0
16:56:44.987,1.0,1.0,HAZARD,90,57.0
16:56:45.204,1.0,1.0,HAZARD,90,57.0
16:56:45.408,1.0,1.0,CAUTION,90,57.0
16:56:45.626,1.0,1.0,CAUTION,90,57.0
16:56:45.847,1.0,1.0,CAUTION,90,57.0
16:56:46.063,1.0,1.0,CAUTION,90,57.0
16:56:46.299,1.0,0.67,CAUTION,100,39.0
16:56:46.516,1.0,0.67,CAUTION,100,39.0
16:56:46.734,1.0,0.67,NORMAL,100,39.0
16:56:46.932,1.0,0.67,NORMAL,100,39.0
16:56:47.108,1.0,0.67,NORMAL,100,39.0
16:56:47.315,1.0,0.67,NORMAL,100,39.0
16:56:47.521,1.0,0.67,NORMAL,100,39.0
16:56:47.715,1.0,0.67,NORMAL,100,39.0
16:56:47.912,1.0,1.33,NORMAL,86,57.0
16:56:48.107,1.0,1.67,NORMAL,84,57.0
16:56:48.313,1.0,1.67,CAUTION,84,57.0
16:56:48.541,1.0,1.67,CAUTION,84,57.0
16:56:48.747,1.0,1.67,CAUTION,84,57.0
16:56:48.937,1.0,1.67,CAUTION,84,57.0
16:56:49.121,1.0,1.67,CAUTION,84,57.0
16:56:49.377,1.0,1.67,CAUTION,84,57.0
16:56:49.605,1.0,1.67,CAUTION,84,57.0
16:56:49.823,1.0,1.67,CAUTION,84,57.0
16:56:50.034,1.0,1.67,CAUTION,84,57.0
16:56:50.233,1.0,2.0,CAUTION,80,57.0
16:56:50.461,1.0,2.0,CAUTION,72,57.0
16:56:50.669,1.0,2.0,CAUTION,80,57.0
16:56:50.876,1.0,2.0,CAUTION,74,57.0
16:56:51.079,1.0,2.0,CAUTION,80,57.0
16:56:51.289,1.0,0.67,CAUTION,100,39.0
16:56:51.506,1.0,0.67,CAUTION,100,39.0
16:56:51.739,1.0,0.67,NORMAL,100,39.0
16:56:51.973,1.0,0.67,NORMAL,100,39.0
16:56:52.188,1.0,0.67,NORMAL,100,39.0
16:56:52.413,1.0,0.67,NORMAL,100,39.0
16:56:52.636,1.0,0.67,NORMAL,100,39.0
16:56:52.852,1.0,0.67,NORMAL,100,39.0
16:56:53.046,1.0,0.67,NORMAL,100,39.0
16:56:53.262,1.0,0.67,NORMAL,100,39.0
16:56:53.466,1.0,0.67,NORMAL,100,39.0
16:56:53.675,1.0,0.67,NORMAL,100,39.0
16:56:53.901,1.0,0.67,NORMAL,100,39.0
16:56:54.140,1.0,0.67,NORMAL,100,39.0
16:56:54.362,1.0,0.67,NORMAL,100,39.0
16:56:54.592,1.0,0.67,NORMAL,100,39.0
16:56:54.828,1.0,0.67,NORMAL,100,39.0
16:56:55.041,1.0,0.67,NORMAL,100,39.0
16:56:55.259,1.0,0.67,NORMAL,100,39.0
16:56:55.468,1.0,0.67,NORMAL,100,39.0
16:56:55.716,1.0,0.67,NORMAL,100,39.0
16:56:55.927,1.0,0.67,NORMAL,100,39.0
16:56:56.142,1.0,0.67,NORMAL,100,39.0
16:56:56.347,1.0,0.67,NORMAL,100,39.0
16:56:56.565,1.0,3.0,NORMAL,70,57.0
16:56:56.754,1.0,3.33,NORMAL,53,57.0
16:56:56.962,1.0,3.33,HAZARD,53,57.0
16:56:57.177,1.0,4.0,HAZARD,44,57.0
16:56:57.393,1.0,4.33,HAZARD,39,57.0
16:56:57.613,1.0,4.67,HAZARD,35,57.0
16:56:57.826,1.0,4.67,HAZARD,35,57.0
16:56:58.026,1.0,4.67,HAZARD,35,57.0
16:56:58.238,1.0,4.67,HAZARD,35,57.0
16:56:58.460,1.0,4.67,HAZARD,35,57.0
16:56:58.670,1.0,4.67,HAZARD,35,57.0
16:56:58.889,1.0,4.67,HAZARD,35,57.0
16:56:59.101,1.0,4.67,HAZARD,35,57.0
16:56:59.305,1.0,4.67,HAZARD,35,57.0
16:56:59.530,1.0,4.67,HAZARD,35,57.0
16:56:59.732,1.0,4.67,HAZARD,35,57.0
16:56:59.957,1.0,5.67,HAZARD,30,57.0
16:57:00.182,1.0,5.67,HAZARD,30,57.0
16:57:00.455,1.0,5.67,HAZARD,30,57.0
16:57:00.693,1.0,5.67,HAZARD,30,57.0
16:57:00.934,1.0,5.67,HAZARD,30,57.0
16:57:01.142,1.0,5.67,HAZARD,30,57.0
16:57:01.425,1.0,5.33,HAZARD,30,57.0
16:57:01.747,1.0,5.33,HAZARD,30,57.0
16:57:02.051,1.0,5.33,HAZARD,30,57.0
16:57:02.314,1.0,5.33,HAZARD,30,57.0
16:57:02.562,1.0,5.33,HAZARD,30,57.0
16:57:02.809,1.0,5.33,HAZARD,30,57.0
16:57:03.053,1.0,5.33,HAZARD,30,57.0
16:57:03.262,1.0,5.33,HAZARD,30,57.0
16:57:03.470,1.0,5.33,HAZARD,30,57.0
16:57:03.686,1.0,0.33,HAZARD,100,100.0
16:57:03.901,1.0,0.33,HAZARD,100,100.0
16:57:04.119,1.0,0.33,NORMAL,100,100.0
16:57:04.315,1.0,0.33,NORMAL,100,100.0
16:57:04.540,1.0,0.33,NORMAL,100,100.0
16:57:04.742,1.0,0.33,NORMAL,100,100.0
16:57:04.943,1.0,0.33,NORMAL,100,100.0
16:57:05.161,1.0,0.33,NORMAL,100,100.0
16:57:05.360,1.0,0.33,NORMAL,100,100.0
16:57:05.570,1.0,0.33,NORMAL,100,100.0
16:57:05.770,1.0,0.33,NORMAL,100,100.0
16:57:05.961,1.0,0.67,NORMAL,100,39.0
16:57:06.161,1.0,0.33,NORMAL,100,100.0
16:57:06.367,1.0,0.67,NORMAL,100,39.0
16:57:06.569,1.0,0.33,NORMAL,100,100.0
16:57:06.798,1.0,0.33,NORMAL,100,100.0
16:57:06.996,1.0,0.67,NORMAL,100,39.0
16:57:07.215,1.0,0.67,NORMAL,100,39.0
16:57:07.419,1.0,0.67,NORMAL,100,39.0
16:57:07.617,1.0,0.67,NORMAL,100,39.0
16:57:07.836,1.0,0.67,NORMAL,100,39.0
16:57:08.039,1.0,0.67,NORMAL,100,39.0
16:57:08.245,1.0,0.67,NORMAL,100,39.0
16:57:08.458,1.0,0.67,NORMAL,65,39.0
16:57:08.666,1.0,0.67,NORMAL,100,39.0
16:57:08.867,1.0,0.67,NORMAL,100,39.0
16:57:09.076,1.0,0.67,NORMAL,65,39.0
16:57:09.284,1.0,1.0,CAUTION,90,57.0
16:57:09.485,1.0,0.67,NORMAL,100,39.0
16:57:09.695,1.0,1.0,CAUTION,90,57.0
16:57:09.903,1.0,1.0,CAUTION,90,57.0
16:57:10.096,1.0,1.0,CAUTION,65,57.0
16:57:10.291,1.0,1.0,CAUTION,90,57.0
16:57:10.484,1.0,1.0,CAUTION,90,57.0
16:57:10.691,1.0,1.0,CAUTION,90,57.0
16:57:10.881,1.0,1.0,CAUTION,65,57.0
16:57:11.073,1.0,1.0,CAUTION,90,57.0
16:57:11.254,1.0,1.0,CAUTION,90,57.0
16:57:11.447,1.0,1.0,CAUTION,90,57.0
16:57:11.647,1.0,1.0,CAUTION,90,57.0
16:57:11.912,1.0,1.33,CAUTION,86,57.0
16:57:12.138,1.0,2.0,CAUTION,65,57.0
16:57:12.354,1.0,1.67,CAUTION,65,57.0
16:57:12.564,1.0,1.67,CAUTION,65,57.0
16:57:12.779,1.0,1.67,CAUTION,65,57.0
16:57:13.018,1.0,1.67,CAUTION,65,57.0
16:57:13.235,1.0,1.67,CAUTION,65,57.0
16:57:13.452,1.0,4.67,CAUTION,35,57.0
16:57:13.664,1.0,6.0,CAUTION,30,57.0
16:57:13.877,1.0,12.0,HAZARD,30,57.0
16:57:14.082,1.0,14.0,HAZARD,30,57.0
16:57:14.280,1.0,14.0,HAZARD,30,57.0
16:57:14.477,1.0,14.0,HAZARD,30,57.0
16:57:14.664,1.0,29.0,HAZARD,30,57.0
16:57:14.856,1.0,29.0,HAZARD,30,57.0
16:57:15.053,1.0,29.0,HAZARD,30,57.0
16:57:15.249,1.0,29.0,HAZARD,30,57.0
16:57:15.434,1.0,29.0,HAZARD,30,57.0
16:57:15.626,1.0,29.0,HAZARD,30,57.0
16:57:15.829,1.0,29.0,HAZARD,30,57.0
16:57:16.032,1.0,28.67,HAZARD,30,57.0
16:57:16.228,1.0,19.33,HAZARD,30,57.0
16:57:16.433,1.0,19.33,HAZARD,30,57.0
16:57:16.629,1.0,19.33,HAZARD,30,57.0
16:57:16.830,1.0,12.33,HAZARD,30,57.0
16:57:17.025,1.0,12.33,HAZARD,30,57.0
16:57:17.227,1.0,12.67,HAZARD,30,57.0
16:57:17.394,1.0,5.67,HAZARD,30,57.0
16:57:17.594,1.0,2.33,HAZARD,76,57.0
16:57:17.781,1.0,29.33,HAZARD,30,57.0
16:57:17.978,1.0,30.67,HAZARD,30,57.0
16:57:18.195,1.0,7.0,HAZARD,38,57.0
16:57:18.389,1.0,15.67,HAZARD,30,57.0
16:57:18.585,1.0,15.67,HAZARD,30,57.0
16:57:18.772,1.0,15.67,HAZARD,30,57.0
16:57:18.978,1.0,15.67,HAZARD,30,57.0
16:57:19.176,1.0,16.33,HAZARD,30,57.0
16:57:19.364,1.0,16.33,HAZARD,30,57.0
16:57:19.552,1.0,25.0,HAZARD,30,57.0
16:57:19.759,1.0,25.0,HAZARD,30,57.0
16:57:19.947,1.0,26.0,HAZARD,30,57.0
16:57:20.135,1.0,26.0,HAZARD,30,57.0
16:57:20.403,1.0,26.0,HAZARD,30,57.0
16:57:20.603,1.0,26.0,HAZARD,30,57.0
16:57:20.794,1.0,26.0,HAZARD,30,57.0
16:57:20.990,1.0,25.67,HAZARD,30,57.0
16:57:21.188,1.0,25.67,HAZARD,30,57.0
16:57:21.383,1.0,25.67,HAZARD,30,57.0
16:57:21.568,1.0,25.0,HAZARD,30,57.0
16:57:21.763,1.0,24.67,HAZARD,30,57.0
16:57:21.954,1.0,23.67,HAZARD,30,57.0
16:57:22.152,1.0,23.0,HAZARD,30,57.0
16:57:22.351,1.0,23.0,HAZARD,30,57.0
16:57:22.559,1.0,21.0,HAZARD,30,57.0
16:57:22.769,1.0,21.0,HAZARD,30,57.0
16:57:22.973,1.0,21.0,HAZARD,30,57.0
16:57:23.172,1.0,18.0,HAZARD,30,57.0
16:57:23.388,1.0,16.33,HAZARD,30,57.0
16:57:23.590,1.0,15.33,HAZARD,30,57.0
16:57:23.805,1.0,9.33,HAZARD,30,57.0
16:57:24.010,1.0,9.33,HAZARD,30,57.0
16:57:24.269,1.0,14.33,HAZARD,30,57.0
16:57:24.561,1.0,11.0,HAZARD,30,57.0
16:57:24.861,1.0,0.0,HAZARD,100,100.0
16:57:25.126,1.0,15.0,HAZARD,30,57.0
16:57:25.366,1.0,1.67,HAZARD,84,57.0
16:57:25.591,1.0,18.33,HAZARD,30,57.0
16:57:25.807,1.0,18.33,HAZARD,30,57.0
16:57:26.010,1.0,18.33,HAZARD,30,57.0
16:57:26.230,1.0,18.33,HAZARD,30,57.0
16:57:26.438,1.0,18.33,HAZARD,30,57.0
16:57:26.657,1.0,18.33,HAZARD,30,57.0
16:57:26.866,1.0,18.33,HAZARD,30,57.0
16:57:27.094,1.0,18.33,HAZARD,30,57.0
16:57:27.298,1.0,18.33,HAZARD,30,57.0
16:57:27.519,1.0,18.33,HAZARD,30,57.0
16:57:27.730,1.0,18.33,HAZARD,30,57.0
16:57:27.977,1.0,18.33,HAZARD,30,57.0
16:57:28.193,1.0,18.33,HAZARD,30,57.0
16:57:28.399,1.0,7.0,HAZARD,30,57.0
16:57:28.605,1.0,10.0,HAZARD,30,57.0
16:57:28.795,1.0,13.33,HAZARD,30,57.0
16:57:28.982,1.0,16.67,HAZARD,30,57.0
16:57:29.190,1.0,28.33,HAZARD,30,57.0
16:57:29.376,1.0,28.33,HAZARD,30,57.0
16:57:29.573,1.0,28.67,HAZARD,30,57.0
16:57:29.756,1.0,39.67,HAZARD,30,57.0
16:57:29.941,1.0,39.0,HAZARD,30,57.0
16:57:30.138,1.0,38.67,HAZARD,30,57.0
16:57:30.326,1.0,38.0,HAZARD,30,57.0
16:57:30.540,1.0,38.0,HAZARD,30,57.0
16:57:30.757,1.0,37.67,HAZARD,30,57.0
16:57:30.965,1.0,37.67,HAZARD,30,57.0
16:57:31.171,1.0,37.67,HAZARD,30,57.0
16:57:31.367,1.0,44.67,HAZARD,30,57.0
16:57:31.583,1.0,44.67,HAZARD,30,57.0
16:57:31.792,1.0,44.67,HAZARD,30,57.0
16:57:31.998,1.0,44.67,HAZARD,30,57.0
16:57:32.204,1.0,44.67,HAZARD,30,57.0
16:57:32.396,1.0,44.67,HAZARD,30,57.0
16:57:32.595,1.0,44.67,HAZARD,30,57.0
16:57:32.792,1.0,44.67,HAZARD,30,57.0
16:57:32.974,1.0,44.67,HAZARD,30,57.0
16:57:33.175,1.0,0.0,HAZARD,100,100.0
16:57:33.373,1.0,0.0,HAZARD,100,100.0
16:57:33.572,1.0,0.0,NORMAL,100,100.0
16:57:33.748,1.0,0.0,NORMAL,100,100.0
16:57:33.941,1.0,0.0,NORMAL,100,100.0
16:57:34.112,1.0,0.0,NORMAL,100,100.0
16:57:34.289,1.0,0.0,NORMAL,100,100.0
16:57:34.473,1.0,0.0,NORMAL,100,100.0
16:57:34.641,1.0,0.0,NORMAL,100,100.0
16:57:34.827,1.0,0.0,NORMAL,100,100.0
16:57:35.020,1.0,4.33,NORMAL,39,57.0
16:57:35.213,1.0,28.67,NORMAL,30,57.0
16:57:35.384,1.0,0.0,NORMAL,100,100.0
16:57:35.554,1.0,0.0,NORMAL,100,100.0
16:57:35.747,1.0,0.0,NORMAL,100,100.0
16:57:35.928,1.0,0.0,NORMAL,100,100.0
16:57:36.108,1.0,33.67,NORMAL,30,57.0
16:57:36.296,1.0,33.67,NORMAL,30,57.0
16:57:36.477,1.0,33.67,HAZARD,30,57.0
16:57:36.670,1.0,33.67,HAZARD,30,57.0
16:57:36.866,1.0,33.67,HAZARD,30,57.0
16:57:37.060,1.0,33.67,HAZARD,30,57.0
16:57:37.251,1.0,1.0,HAZARD,90,57.0
16:57:37.491,1.0,0.0,HAZARD,100,100.0
16:57:37.694,1.0,0.0,HAZARD,100,100.0
16:57:37.885,1.0,22.0,HAZARD,30,57.0
16:57:38.098,1.0,0.0,NORMAL,100,100.0
16:57:38.271,1.0,0.0,NORMAL,100,100.0
16:57:38.474,1.0,21.33,NORMAL,30,57.0
16:57:38.682,1.0,0.0,NORMAL,100,100.0
16:57:38.858,1.0,0.0,NORMAL,100,100.0
16:57:39.046,1.0,0.0,NORMAL,100,100.0
16:57:39.241,1.0,0.0,NORMAL,100,100.0
16:57:39.450,1.0,0.0,NORMAL,100,100.0
16:57:39.664,1.0,0.0,NORMAL,100,100.0
16:57:39.883,1.0,10.33,NORMAL,30,57.0
16:57:40.085,1.0,4.33,NORMAL,76,57.0
16:57:40.285,1.0,1.67,CAUTION,84,57.0
16:57:40.475,1.0,0.0,CAUTION,100,100.0
16:57:40.666,1.0,0.0,CAUTION,100,100.0
16:57:40.861,1.0,0.0,NORMAL,100,100.0
16:57:41.054,1.0,0.0,NORMAL,100,100.0
16:57:41.239,1.0,0.0,NORMAL,100,100.0
16:57:41.424,1.0,0.0,NORMAL,100,100.0
16:57:41.600,1.0,12.67,NORMAL,30,57.0
16:57:41.787,1.0,12.67,NORMAL,30,57.0
16:57:41.982,1.0,12.67,HAZARD,30,57.0
16:57:42.177,1.0,12.67,HAZARD,30,57.0
16:57:42.376,1.0,12.67,HAZARD,30,57.0
16:57:42.591,1.0,12.67,HAZARD,30,57.0
16:57:42.797,1.0,12.67,HAZARD,30,57.0
16:57:43.006,1.0,12.67,HAZARD,30,57.0
16:57:43.210,1.0,12.67,HAZARD,30,57.0
16:57:43.405,1.0,12.67,HAZARD,30,57.0
16:57:43.610,1.0,12.67,HAZARD,30,57.0
16:57:43.819,1.0,12.67,HAZARD,30,57.0
16:57:44.042,1.0,12.67,HAZARD,30,57.0
16:57:44.261,1.0,12.67,HAZARD,30,57.0
16:57:44.478,1.0,12.67,HAZARD,30,57.0
16:57:44.693,1.0,10.33,HAZARD,30,57.0
16:57:44.902,1.0,1.67,HAZARD,84,57.0
16:57:45.114,1.0,1.67,HAZARD,84,57.0
16:57:45.323,1.0,1.67,CAUTION,84,57.0
16:57:45.544,1.0,1.67,CAUTION,84,57.0
16:57:45.752,1.0,1.67,CAUTION,84,57.0
16:57:45.950,1.0,1.33,CAUTION,86,57.0
16:57:46.152,1.0,2.67,CAUTION,68,57.0
16:57:46.362,1.0,1.33,CAUTION,86,57.0
16:57:46.559,1.0,1.67,CAUTION,84,57.0
16:57:46.780,1.0,2.67,CAUTION,68,57.0
16:57:46.995,1.0,2.0,CAUTION,80,57.0
16:57:47.205,1.0,2.0,CAUTION,80,57.0
16:57:47.495,1.0,2.0,CAUTION,80,57.0
16:57:47.713,1.0,0.0,CAUTION,100,100.0
16:57:47.927,1.0,0.0,CAUTION,100,100.0
16:57:48.147,1.0,0.0,NORMAL,100,100.0
16:57:48.338,1.0,9.67,NORMAL,30,57.0
16:57:48.536,1.0,9.67,NORMAL,30,57.0
16:57:48.735,1.0,16.33,HAZARD,30,57.0
16:57:48.920,1.0,9.67,HAZARD,30,57.0
16:57:49.118,1.0,9.67,HAZARD,30,57.0
16:57:49.317,1.0,9.67,HAZARD,30,57.0
16:57:49.501,1.0,0.0,HAZARD,100,100.0
16:57:49.704,1.0,0.0,HAZARD,100,100.0
16:57:49.895,1.0,60.0,HAZARD,30,57.0
16:57:50.087,1.0,50.33,HAZARD,30,57.0
16:57:50.289,1.0,50.33,HAZARD,30,57.0
16:57:50.494,1.0,46.0,HAZARD,30,57.0
16:57:50.751,1.0,57.0,HAZARD,30,57.0
16:57:51.005,1.0,28.0,HAZARD,30,57.0
16:57:51.224,1.0,34.67,HAZARD,30,57.0
16:57:51.454,1.0,42.33,HAZARD,30,57.0
16:57:51.685,1.0,49.33,HAZARD,30,57.0
16:57:51.919,1.0,0.0,HAZARD,100,100.0
16:57:52.140,1.0,49.33,HAZARD,30,57.0
16:57:52.361,1.0,49.33,HAZARD,30,57.0
16:57:52.578,1.0,49.33,HAZARD,30,57.0
16:57:52.781,1.0,49.33,HAZARD,30,57.0
16:57:52.984,1.0,35.67,HAZARD,30,57.0
16:57:53.203,1.0,20.33,HAZARD,30,57.0
16:57:53.411,1.0,13.67,HAZARD,30,57.0
16:57:53.624,1.0,35.67,HAZARD,30,57.0
16:57:53.826,1.0,6.67,HAZARD,30,57.0
16:57:54.042,1.0,5.33,HAZARD,30,57.0
16:57:54.233,1.0,5.0,HAZARD,30,57.0
16:57:54.425,1.0,5.0,HAZARD,30,57.0
16:57:54.618,1.0,5.0,HAZARD,30,57.0
16:57:54.821,1.0,5.0,HAZARD,30,57.0
16:57:55.012,1.0,5.0,HAZARD,30,57.0
16:57:55.204,1.0,5.0,HAZARD,30,57.0
16:57:55.386,1.0,5.0,HAZARD,30,57.0
16:57:55.578,1.0,0.0,HAZARD,100,100.0
16:57:55.780,1.0,0.0,HAZARD,100,100.0
16:57:55.978,1.0,0.0,NORMAL,100,100.0
16:57:56.158,1.0,0.0,NORMAL,100,100.0
16:57:56.335,1.0,0.0,NORMAL,100,100.0
16:57:56.523,1.0,0.0,NORMAL,100,100.0
16:57:56.694,1.0,0.0,NORMAL,100,100.0
16:57:56.903,1.0,1.33,NORMAL,86,57.0
16:57:57.096,1.0,6.67,NORMAL,30,57.0
16:57:57.296,1.0,6.67,HAZARD,30,57.0
16:57:57.487,1.0,12.33,HAZARD,30,57.0
16:57:57.681,1.0,0.0,HAZARD,100,100.0
16:57:57.865,1.0,0.0,HAZARD,100,100.0
16:57:58.066,1.0,0.0,NORMAL,100,100.0
16:57:58.265,1.0,0.0,NORMAL,100,100.0
16:57:58.448,1.0,45.33,NORMAL,30,57.0
16:57:58.636,1.0,49.33,NORMAL,30,57.0
16:57:58.818,1.0,62.0,HAZARD,30,57.0
16:57:59.007,1.0,52.67,HAZARD,30,57.0
16:57:59.187,1.0,51.0,HAZARD,30,57.0
16:57:59.371,1.0,51.0,HAZARD,30,57.0
16:57:59.551,1.0,73.33,HAZARD,30,57.0
16:57:59.739,1.0,73.33,HAZARD,30,57.0
16:57:59.929,1.0,71.33,HAZARD,30,57.0
16:58:00.147,1.0,61.0,HAZARD,30,57.0
16:58:00.332,1.0,48.67,HAZARD,30,57.0
16:58:00.526,1.0,41.0,HAZARD,30,57.0
16:58:00.723,1.0,41.0,HAZARD,30,57.0
16:58:00.915,1.0,33.33,HAZARD,30,57.0
16:58:01.110,1.0,28.0,HAZARD,30,57.0
16:58:01.308,1.0,26.67,HAZARD,30,57.0
16:58:01.507,1.0,26.67,HAZARD,30,57.0
16:58:01.714,1.0,26.67,HAZARD,30,57.0
16:58:01.911,1.0,25.0,HAZARD,30,57.0
16:58:02.094,1.0,16.0,HAZARD,30,57.0
16:58:02.295,1.0,2.0,HAZARD,73,57.0
16:58:02.487,1.0,1.0,HAZARD,90,57.0
16:58:02.674,1.0,1.0,CAUTION,90,57.0
16:58:02.863,1.0,1.0,CAUTION,90,57.0
16:58:03.069,1.0,1.33,CAUTION,86,57.0
16:58:03.262,1.0,1.33,CAUTION,86,57.0
16:58:03.455,1.0,2.0,CAUTION,80,57.0
16:58:03.653,1.0,2.0,CAUTION,80,57.0
16:58:03.856,1.0,2.0,CAUTION,80,57.0
16:58:04.055,1.0,2.33,CAUTION,76,57.0
16:58:04.259,1.0,2.67,CAUTION,74,57.0
16:58:04.457,1.0,3.33,CAUTION,53,57.0
16:58:04.650,1.0,4.0,CAUTION,44,57.0
16:58:04.845,1.0,4.33,HAZARD,39,57.0
16:58:05.037,1.0,6.0,HAZARD,30,57.0
16:58:05.225,1.0,6.33,HAZARD,30,57.0
16:58:05.421,1.0,7.0,HAZARD,30,57.0
16:58:05.613,1.0,7.33,HAZARD,30,57.0
16:58:05.789,1.0,7.0,HAZARD,30,57.0
16:58:05.973,1.0,6.67,HAZARD,30,57.0
16:58:06.160,1.0,6.0,HAZARD,30,57.0
16:58:06.404,1.0,5.67,HAZARD,30,57.0
16:58:06.612,1.0,5.67,HAZARD,30,57.0
16:58:06.843,1.0,5.33,HAZARD,30,57.0
16:58:07.066,1.0,5.0,HAZARD,30,57.0
16:58:07.273,1.0,4.67,HAZARD,35,57.0
16:58:07.483,1.0,6.33,HAZARD,30,57.0
16:58:07.692,1.0,6.33,HAZARD,30,57.0
16:58:07.922,1.0,7.33,HAZARD,30,57.0
16:58:08.145,1.0,7.33,HAZARD,30,57.0
16:58:08.362,1.0,8.0,HAZARD,30,57.0
16:58:08.586,1.0,8.0,HAZARD,30,57.0
16:58:08.797,1.0,8.0,HAZARD,30,57.0
16:58:09.008,1.0,8.0,HAZARD,69,57.0
16:58:09.218,1.0,7.67,HAZARD,70,57.0
16:58:09.425,1.0,7.67,CAUTION,70,57.0
16:58:09.622,1.0,7.0,CAUTION,71,57.0
16:58:09.824,1.0,6.0,CAUTION,73,57.0
16:58:10.041,1.0,4.67,CAUTION,76,57.0
16:58:10.236,1.0,3.33,CAUTION,53,57.0
16:58:10.450,1.0,1.67,CAUTION,84,57.0
16:58:10.669,1.0,1.67,CAUTION,84,57.0
16:58:10.904,1.0,0.67,CAUTION,100,39.0
16:58:11.130,1.0,0.67,CAUTION,100,39.0
16:58:11.344,1.0,0.67,NORMAL,100,39.0
16:58:11.562,1.0,0.33,NORMAL,76,100.0
16:58:11.748,1.0,0.67,NORMAL,74,39.0
16:58:11.957,1.0,0.67,CAUTION,73,39.0
16:58:12.172,1.0,0.67,CAUTION,72,39.0
16:58:12.394,1.0,1.33,CAUTION,71,57.0
16:58:12.595,1.0,1.67,CAUTION,70,57.0
16:58:12.785,1.0,2.33,CAUTION,69,57.0
16:58:12.986,1.0,2.33,CAUTION,69,57.0
16:58:13.177,1.0,2.33,CAUTION,68,57.0
16:58:13.371,1.0,2.0,CAUTION,68,57.0
16:58:13.565,1.0,2.0,CAUTION,68,57.0
16:58:13.764,1.0,2.0,CAUTION,68,57.0
16:58:13.962,1.0,2.0,CAUTION,68,57.0
16:58:14.157,1.0,2.0,CAUTION,68,57.0
16:58:14.351,1.0,2.0,CAUTION,68,57.0
16:58:14.540,1.0,4.0,CAUTION,44,57.0
16:58:14.725,1.0,4.33,CAUTION,39,57.0
16:58:14.924,1.0,4.67,HAZARD,35,57.0
16:58:15.114,1.0,6.0,HAZARD,73,57.0
16:58:15.292,1.0,6.0,HAZARD,73,57.0
16:58:15.478,1.0,6.0,CAUTION,73,57.0
16:58:15.679,1.0,8.67,CAUTION,45,57.0
16:58:15.874,1.0,9.33,CAUTION,44,57.0
16:58:16.073,1.0,10.0,HAZARD,43,57.0
16:58:16.258,1.0,10.33,HAZARD,42,57.0
16:58:16.522,1.0,12.0,HAZARD,40,57.0
16:58:16.722,1.0,13.67,HAZARD,37,57.0
16:58:16.910,1.0,15.67,HAZARD,34,57.0
16:58:17.109,1.0,13.67,HAZARD,37,57.0
16:58:17.321,1.0,14.33,HAZARD,36,57.0
16:58:17.538,1.0,14.0,HAZARD,36,57.0
16:58:17.730,1.0,14.0,HAZARD,36,57.0
16:58:17.928,1.0,15.33,HAZARD,34,57.0
16:58:18.138,1.0,14.0,HAZARD,30,57.0
16:58:18.338,1.0,13.67,HAZARD,30,57.0
16:58:18.535,1.0,13.0,HAZARD,30,57.0
16:58:18.725,1.0,14.33,HAZARD,30,57.0
16:58:18.926,1.0,12.67,HAZARD,30,57.0
16:58:19.121,1.0,12.0,HAZARD,30,57.0
16:58:19.308,1.0,12.67,HAZARD,30,57.0
16:58:19.481,1.0,13.67,HAZARD,30,57.0
16:58:19.672,1.0,12.67,HAZARD,30,57.0
16:58:19.865,1.0,13.0,HAZARD,30,57.0
16:58:20.071,1.0,13.67,HAZARD,30,57.0
16:58:20.259,1.0,13.67,HAZARD,30,57.0
16:58:20.435,1.0,14.33,HAZARD,30,57.0
16:58:20.640,1.0,16.33,HAZARD,31,57.0
16:58:20.853,1.0,20.67,HAZARD,30,57.0
16:58:21.059,1.0,20.67,HAZARD,30,57.0
16:58:21.266,1.0,20.67,HAZARD,30,57.0
16:58:21.462,1.0,20.67,HAZARD,30,57.0
16:58:21.678,1.0,20.67,HAZARD,30,57.0
16:58:21.892,1.0,0.0,HAZARD,100,100.0
16:58:22.079,1.0,0.0,HAZARD,100,100.0
16:58:22.287,1.0,0.0,NORMAL,100,100.0
16:58:22.494,1.0,0.0,NORMAL,100,100.0
16:58:22.709,1.0,0.0,NORMAL,100,100.0
16:58:22.889,1.0,0.0,NORMAL,100,100.0
16:58:23.083,1.0,0.0,NORMAL,100,100.0
16:58:23.252,1.0,0.0,NORMAL,100,100.0
16:58:23.423,1.0,0.0,NORMAL,100,100.0
16:58:23.604,1.0,0.0,NORMAL,100,100.0
16:58:23.791,1.0,0.0,NORMAL,100,100.0
16:58:23.968,1.0,0.0,NORMAL,100,100.0
16:58:24.136,1.0,0.0,NORMAL,100,100.0
16:58:24.320,1.0,0.0,NORMAL,100,100.0
16:58:24.502,1.0,0.0,NORMAL,100,100.0
16:58:24.668,1.0,0.0,NORMAL,100,100.0
16:58:24.863,1.0,0.0,NORMAL,100,100.0
16:58:25.046,1.0,0.0,NORMAL,100,100.0
16:58:25.235,1.0,0.0,NORMAL,100,100.0
16:58:25.405,1.0,0.0,NORMAL,100,100.0
16:58:25.574,1.0,0.0,NORMAL,100,100.0
16:58:25.737,1.0,0.0,NORMAL,100,100.0
16:58:25.939,1.0,0.0,NORMAL,100,100.0
16:58:26.158,1.0,0.0,NORMAL,100,100.0
16:58:26.360,1.0,0.0,NORMAL,100,100.0
16:58:26.531,1.0,0.0,NORMAL,100,100.0
16:58:26.743,1.0,0.0,NORMAL,100,100.0
16:58:26.914,1.0,0.0,NORMAL,100,100.0
16:58:27.111,1.0,0.0,NORMAL,100,100.0
16:58:27.325,1.0,0.0,NORMAL,100,100.0
16:58:27.523,1.0,42.33,NORMAL,30,57.0
16:58:27.740,1.0,42.33,NORMAL,30,57.0
16:58:27.957,1.0,42.33,HAZARD,30,57.0
16:58:28.166,1.0,42.33,HAZARD,30,57.0
16:58:28.377,1.0,42.33,HAZARD,30,57.0
16:58:28.577,1.0,42.33,HAZARD,30,57.0
16:58:28.782,1.0,42.33,HAZARD,30,57.0
16:58:28.969,1.0,42.33,HAZARD,30,57.0
16:58:29.139,1.0,42.33,HAZARD,30,57.0
16:58:29.340,1.0,0.0,HAZARD,100,100.0
16:58:29.537,1.0,14.67,HAZARD,30,57.0
16:58:29.725,1.0,14.67,HAZARD,30,57.0
16:58:29.914,1.0,0.0,HAZARD,100,100.0
16:58:30.106,1.0,22.0,HAZARD,30,57.0
16:58:30.295,1.0,22.0,HAZARD,30,57.0
16:58:30.486,1.0,22.0,HAZARD,30,57.0
16:58:30.676,1.0,22.0,HAZARD,30,57.0
16:58:30.865,1.0,22.0,HAZARD,30,57.0
16:58:31.088,1.0,29.33,HAZARD,30,57.0
16:58:31.306,1.0,15.33,HAZARD,30,57.0
16:58:31.508,1.0,20.0,HAZARD,30,57.0
16:58:31.718,1.0,20.0,HAZARD,30,57.0
16:58:31.931,1.0,20.0,HAZARD,30,57.0
16:58:32.127,1.0,0.0,HAZARD,100,100.0
16:58:32.337,1.0,0.0,HAZARD,100,100.0
16:58:32.558,1.0,0.0,NORMAL,100,100.0
16:58:32.762,1.0,0.0,NORMAL,100,100.0
16:58:32.964,1.0,0.0,NORMAL,100,100.0
16:58:33.172,1.0,0.0,NORMAL,100,100.0
16:58:33.376,1.0,8.67,NORMAL,30,57.0
16:58:33.571,1.0,8.67,NORMAL,30,57.0
16:58:33.764,1.0,8.67,HAZARD,30,57.0
16:58:33.977,1.0,12.33,HAZARD,30,57.0
16:58:34.178,1.0,12.33,HAZARD,30,57.0
16:58:34.395,1.0,12.33,HAZARD,30,57.0
16:58:34.607,1.0,12.33,HAZARD,30,57.0
16:58:34.817,1.0,12.33,HAZARD,30,57.0
16:58:35.011,1.0,0.0,HAZARD,100,100.0
16:58:35.198,1.0,7.67,HAZARD,30,57.0
16:58:35.389,1.0,5.0,HAZARD,30,57.0
16:58:35.585,1.0,8.0,HAZARD,30,57.0
16:58:35.838,1.0,11.33,HAZARD,30,57.0
16:58:36.036,1.0,0.0,HAZARD,100,100.0
16:58:36.238,1.0,0.0,HAZARD,100,100.0
16:58:36.408,1.0,34.33,HAZARD,30,57.0
16:58:36.595,1.0,0.0,NORMAL,100,100.0
16:58:36.778,1.0,0.0,NORMAL,100,100.0
16:58:36.947,1.0,0.0,NORMAL,100,100.0
16:58:37.136,1.0,0.0,NORMAL,100,100.0
16:58:37.332,1.0,28.33,NORMAL,30,57.0
16:58:37.497,1.0,26.0,NORMAL,30,57.0
16:58:37.667,1.0,0.0,NORMAL,100,100.0
16:58:37.858,1.0,0.0,NORMAL,100,100.0
16:58:38.031,1.0,2.67,HAZARD,74,57.0
16:58:38.233,1.0,3.33,HAZARD,53,57.0
16:58:38.433,1.0,0.0,NORMAL,100,100.0
16:58:38.621,1.0,1.0,CAUTION,90,57.0
16:58:38.811,1.0,1.0,CAUTION,90,57.0
16:58:39.000,1.0,1.0,CAUTION,90,57.0
16:58:39.187,1.0,8.67,CAUTION,30,57.0
16:58:39.373,1.0,6.67,CAUTION,30,57.0
16:58:39.538,1.0,19.67,HAZARD,30,57.0
16:58:39.727,1.0,7.0,HAZARD,30,57.0
16:58:39.929,1.0,7.0,HAZARD,30,57.0
16:58:40.128,1.0,19.67,HAZARD,30,57.0
16:58:40.317,1.0,7.0,HAZARD,39,57.0
16:58:40.510,1.0,7.0,HAZARD,30,57.0
16:58:40.709,1.0,7.0,HAZARD,30,57.0
16:58:40.942,1.0,7.0,HAZARD,30,57.0
16:58:41.178,1.0,8.67,HAZARD,30,57.0
16:58:41.424,1.0,8.67,HAZARD,30,57.0
16:58:41.685,1.0,8.67,HAZARD,30,57.0
16:58:41.931,1.0,8.67,HAZARD,30,57.0
16:58:42.228,1.0,8.67,HAZARD,30,57.0
16:58:42.534,1.0,8.67,HAZARD,30,57.0
16:58:42.832,1.0,13.0,HAZARD,30,57.0
16:58:43.086,1.0,13.0,HAZARD,30,57.0
16:58:43.319,1.0,13.0,HAZARD,30,57.0
16:58:43.503,1.0,0.0,HAZARD,100,100.0
16:58:43.689,1.0,0.0,HAZARD,100,100.0
16:58:43.894,1.0,0.0,NORMAL,100,100.0
16:58:44.118,1.0,0.0,NORMAL,100,100.0
16:58:44.304,1.0,0.0,NORMAL,100,100.0
16:58:44.497,1.0,0.0,NORMAL,100,100.0
16:58:44.682,1.0,0.0,NORMAL,100,100.0
16:58:44.871,1.0,0.0,NORMAL,100,100.0
16:58:45.054,1.0,0.0,NORMAL,100,100.0
16:58:45.229,1.0,0.0,NORMAL,100,100.0
16:58:45.412,1.0,0.0,NORMAL,100,100.0
16:58:45.590,1.0,0.0,NORMAL,100,100.0
16:58:45.807,1.0,4.33,NORMAL,39,57.0
16:58:46.072,1.0,8.67,NORMAL,30,57.0
16:58:46.297,1.0,8.67,HAZARD,30,57.0
16:58:46.506,1.0,8.67,HAZARD,30,57.0
16:58:46.697,1.0,8.67,HAZARD,30,57.0
16:58:46.892,1.0,8.67,HAZARD,30,57.0
16:58:47.099,1.0,8.67,HAZARD,30,57.0
16:58:47.294,1.0,8.67,HAZARD,30,57.0
16:58:47.477,1.0,9.67,HAZARD,30,57.0
16:58:47.647,1.0,9.67,HAZARD,30,57.0
16:58:47.830,1.0,9.67,HAZARD,30,57.0
16:58:48.059,1.0,9.67,HAZARD,30,57.0
16:58:48.272,1.0,9.67,HAZARD,30,57.0
16:58:48.477,1.0,9.67,HAZARD,30,57.0
16:58:48.665,1.0,0.0,HAZARD,100,100.0
16:58:48.864,1.0,0.0,HAZARD,100,100.0
16:58:49.065,1.0,0.0,NORMAL,100,100.0
16:58:49.259,1.0,0.0,NORMAL,100,100.0
16:58:49.466,1.0,0.0,NORMAL,100,100.0
16:58:49.643,1.0,0.0,NORMAL,100,100.0
16:58:49.807,1.0,0.0,NORMAL,100,100.0
16:58:49.981,1.0,0.0,NORMAL,100,100.0
16:58:50.159,1.0,0.0,NORMAL,100,100.0
16:58:50.354,1.0,0.0,NORMAL,100,100.0
16:58:50.555,1.0,0.0,NORMAL,100,100.0
16:58:50.748,1.0,0.0,NORMAL,100,100.0
16:58:50.964,1.0,0.0,NORMAL,100,100.0
16:58:51.228,1.0,0.0,NORMAL,100,100.0
16:58:51.512,1.0,0.0,NORMAL,100,100.0
16:58:51.776,1.0,2.67,NORMAL,74,57.0
16:58:52.044,1.0,4.67,NORMAL,35,57.0
16:58:52.326,1.0,11.33,HAZARD,30,57.0
16:58:52.591,1.0,11.33,HAZARD,30,57.0
16:58:52.796,1.0,11.33,HAZARD,30,57.0
16:58:53.013,1.0,11.33,HAZARD,30,57.0
16:58:53.211,1.0,11.33,HAZARD,30,57.0
16:58:53.431,1.0,11.33,HAZARD,30,57.0
16:58:53.643,1.0,11.33,HAZARD,30,57.0
16:58:53.838,1.0,11.33,HAZARD,30,57.0
16:58:54.039,1.0,11.33,HAZARD,30,57.0
16:58:54.232,1.0,11.33,HAZARD,30,57.0
16:58:54.411,1.0,11.33,HAZARD,30,57.0
16:58:54.599,1.0,12.0,HAZARD,30,57.0
16:58:54.858,1.0,16.0,HAZARD,30,57.0
16:58:55.107,1.0,16.0,HAZARD,30,57.0
16:58:55.337,1.0,16.0,HAZARD,30,57.0
16:58:55.557,1.0,16.0,HAZARD,30,57.0
16:58:55.754,1.0,16.0,HAZARD,30,57.0
16:58:55.985,1.0,16.0,HAZARD,30,57.0
16:58:56.286,1.0,16.0,HAZARD,30,57.0
16:58:56.554,1.0,16.0,HAZARD,30,57.0
16:58:56.801,1.0,0.0,HAZARD,100,100.0
16:58:57.013,1.0,0.0,HAZARD,100,100.0
16:58:57.204,1.0,0.0,NORMAL,100,100.0
16:58:57.440,1.0,0.0,NORMAL,100,100.0
16:58:57.635,1.0,0.0,NORMAL,100,100.0
16:58:57.819,1.0,0.0,NORMAL,100,100.0
16:58:58.000,1.0,0.0,NORMAL,100,100.0
16:58:58.193,1.0,0.0,NORMAL,100,100.0
16:58:58.399,1.0,0.0,NORMAL,100,100.0
16:58:58.629,1.0,0.0,NORMAL,100,100.0
16:58:58.818,1.0,0.0,NORMAL,100,100.0
16:58:58.990,1.0,0.0,NORMAL,100,100.0
16:58:59.166,1.0,0.0,NORMAL,100,100.0
16:58:59.365,1.0,0.0,NORMAL,100,100.0
16:58:59.576,1.0,0.0,NORMAL,100,100.0
16:58:59.760,1.0,0.0,NORMAL,100,100.0
16:58:59.963,1.0,0.0,NORMAL,100,100.0
16:59:00.161,1.0,0.0,NORMAL,100,100.0
16:59:00.358,1.0,0.0,NORMAL,100,100.0
16:59:00.575,1.0,0.0,NORMAL,100,100.0
16:59:00.807,1.0,0.0,NORMAL,100,100.0
16:59:01.060,1.0,0.0,NORMAL,100,100.0
16:59:01.323,1.0,0.0,NORMAL,100,100.0
16:59:01.555,1.0,0.0,NORMAL,100,100.0
16:59:01.887,1.0,0.0,NORMAL,100,100.0
16:59:02.142,1.0,0.0,NORMAL,100,100.0
16:59:02.414,1.0,0.0,NORMAL,100,100.0
16:59:02.687,1.0,0.0,NORMAL,100,100.0
16:59:02.956,1.0,0.0,NORMAL,100,100.0
16:59:03.210,1.0,0.0,NORMAL,100,100.0
16:59:03.514,1.0,0.0,NORMAL,100,100.0
16:59:03.827,1.0,0.0,NORMAL,100,100.0
16:59:04.090,1.0,0.0,NORMAL,100,100.0
16:59:04.332,1.0,4.67,NORMAL,35,57.0
16:59:04.574,1.0,4.67,NORMAL,35,57.0
16:59:04.797,1.0,11.0,HAZARD,30,57.0
16:59:05.033,1.0,14.33,HAZARD,30,57.0
16:59:05.262,1.0,14.33,HAZARD,30,57.0
16:59:05.485,1.0,17.67,HAZARD,30,57.0
16:59:05.707,1.0,17.67,HAZARD,30,57.0
16:59:05.914,1.0,17.67,HAZARD,30,57.0
16:59:06.145,1.0,17.67,HAZARD,30,57.0
16:59:06.385,1.0,24.0,HAZARD,30,57.0
16:59:06.613,1.0,26.0,HAZARD,30,57.0
16:59:06.849,1.0,26.0,HAZARD,30,57.0
16:59:07.094,1.0,26.0,HAZARD,30,57.0
16:59:07.332,1.0,28.33,HAZARD,30,57.0
16:59:07.561,1.0,28.33,HAZARD,30,57.0
16:59:07.792,1.0,26.0,HAZARD,30,57.0
16:59:08.022,1.0,26.0,HAZARD,30,57.0
16:59:08.285,1.0,26.0,HAZARD,30,57.0
16:59:08.515,1.0,26.0,HAZARD,30,57.0
16:59:08.756,1.0,26.0,HAZARD,30,57.0
16:59:08.965,1.0,0.0,HAZARD,100,100.0
16:59:09.187,1.0,0.0,HAZARD,100,100.0
16:59:09.437,1.0,0.0,NORMAL,100,100.0
16:59:09.653,1.0,0.0,NORMAL,100,100.0
16:59:09.859,1.0,0.0,NORMAL,100,100.0
16:59:10.042,1.0,0.0,NORMAL,100,100.0
16:59:10.243,1.0,0.0,NORMAL,100,100.0
16:59:10.451,1.0,15.0,NORMAL,30,57.0
16:59:10.648,1.0,15.0,NORMAL,30,57.0
16:59:10.870,1.0,15.0,HAZARD,30,57.0
16:59:11.109,1.0,15.0,HAZARD,30,57.0
16:59:11.374,1.0,15.0,HAZARD,30,57.0
16:59:11.692,1.0,15.0,HAZARD,30,57.0
16:59:11.920,1.0,10.0,HAZARD,30,57.0
16:59:12.146,1.0,10.0,HAZARD,30,57.0
16:59:12.372,1.0,11.67,HAZARD,30,57.0
16:59:12.592,1.0,11.0,HAZARD,30,57.0
16:59:12.831,1.0,11.0,HAZARD,30,57.0
16:59:13.044,1.0,11.0,HAZARD,30,57.0
16:59:13.254,1.0,19.67,HAZARD,30,57.0
16:59:13.465,1.0,19.67,HAZARD,30,57.0
16:59:13.703,1.0,11.0,HAZARD,30,57.0
16:59:13.928,1.0,11.0,HAZARD,30,57.0
16:59:14.157,1.0,11.0,HAZARD,30,57.0
16:59:14.374,1.0,26.33,HAZARD,30,57.0
16:59:14.601,1.0,26.33,HAZARD,30,57.0
16:59:14.823,1.0,26.33,HAZARD,30,57.0
16:59:15.059,1.0,26.33,HAZARD,30,57.0
16:59:15.308,1.0,16.67,HAZARD,30,57.0
16:59:15.547,1.0,16.67,HAZARD,30,57.0
16:59:15.777,1.0,16.67,HAZARD,30,57.0
16:59:15.988,1.0,1.33,HAZARD,86,57.0
16:59:16.205,1.0,7.67,HAZARD,30,57.0
16:59:16.447,1.0,7.67,HAZARD,30,57.0
16:59:16.692,1.0,7.67,HAZARD,34,57.0
16:59:17.076,1.0,7.67,HAZARD,34,57.0
16:59:17.367,1.0,10.67,HAZARD,30,57.0
16:59:17.635,1.0,10.67,HAZARD,30,57.0
16:59:17.901,1.0,10.67,HAZARD,30,57.0
16:59:18.139,1.0,10.67,HAZARD,30,57.0
16:59:18.378,1.0,0.0,HAZARD,100,100.0
16:59:18.624,1.0,0.0,HAZARD,100,100.0
16:59:18.886,1.0,0.0,NORMAL,100,100.0
16:59:19.128,1.0,0.0,NORMAL,100,100.0
16:59:19.369,1.0,0.0,NORMAL,100,100.0
16:59:19.650,1.0,0.0,NORMAL,100,100.0
16:59:19.882,1.0,4.67,NORMAL,35,57.0
16:59:20.102,1.0,0.0,NORMAL,100,100.0
16:59:20.325,1.0,0.0,NORMAL,100,100.0
16:59:20.567,1.0,0.0,NORMAL,100,100.0
16:59:20.794,1.0,0.0,NORMAL,100,100.0
16:59:21.010,1.0,0.0,NORMAL,100,100.0
16:59:21.239,1.0,14.67,NORMAL,30,57.0
16:59:21.477,1.0,14.67,NORMAL,30,57.0
16:59:21.688,1.0,14.67,HAZARD,30,57.0
16:59:21.933,1.0,14.67,HAZARD,30,57.0
16:59:22.152,1.0,14.67,HAZARD,30,57.0
16:59:22.478,1.0,14.67,HAZARD,30,57.0
16:59:22.710,1.0,14.67,HAZARD,30,57.0
16:59:22.944,1.0,14.67,HAZARD,30,57.0
16:59:23.206,1.0,14.67,HAZARD,30,57.0
16:59:23.433,1.0,14.67,HAZARD,30,57.0
16:59:23.663,1.0,14.67,HAZARD,30,57.0
16:59:23.890,1.0,11.67,HAZARD,38,57.0
16:59:24.113,1.0,13.67,HAZARD,35,57.0
16:59:24.349,1.0,13.0,HAZARD,33,57.0
16:59:24.592,1.0,14.33,HAZARD,30,57.0
16:59:24.841,1.0,10.0,HAZARD,38,57.0
16:59:25.060,1.0,9.67,HAZARD,30,57.0
16:59:25.270,1.0,5.33,HAZARD,30,57.0
16:59:25.486,1.0,5.0,HAZARD,30,57.0
16:59:25.972,1.0,5.67,HAZARD,30,57.0
16:59:26.429,1.0,5.33,HAZARD,30,57.0
16:59:26.686,1.0,5.0,HAZARD,30,57.0
16:59:26.929,1.0,3.33,HAZARD,75,57.0
16:59:27.166,1.0,3.33,HAZARD,74,57.0
16:59:27.388,1.0,4.67,HAZARD,35,57.0
16:59:27.610,1.0,6.67,HAZARD,30,57.0
16:59:27.845,1.0,6.67,HAZARD,30,57.0
16:59:28.098,1.0,6.67,HAZARD,45,57.0
16:59:28.319,1.0,6.67,HAZARD,30,57.0
16:59:28.546,1.0,6.67,HAZARD,30,57.0
16:59:28.767,1.0,14.67,HAZARD,30,57.0
16:59:28.997,1.0,16.0,HAZARD,30,57.0
16:59:29.235,1.0,16.0,HAZARD,30,57.0
16:59:29.476,1.0,16.0,HAZARD,30,57.0
16:59:29.714,1.0,17.67,HAZARD,30,57.0
16:59:29.976,1.0,17.67,HAZARD,30,57.0
16:59:30.194,1.0,17.67,HAZARD,30,57.0
16:59:30.410,1.0,17.67,HAZARD,30,57.0
16:59:30.642,1.0,27.67,HAZARD,30,57.0
16:59:30.881,1.0,27.67,HAZARD,30,57.0
16:59:31.107,1.0,27.67,HAZARD,30,57.0
16:59:31.315,1.0,27.67,HAZARD,30,57.0
16:59:31.543,1.0,27.67,HAZARD,30,57.0
16:59:31.757,1.0,12.0,HAZARD,30,57.0
16:59:32.016,1.0,12.0,HAZARD,30,57.0
16:59:32.237,1.0,8.67,HAZARD,30,57.0
16:59:32.503,1.0,10.0,HAZARD,30,57.0
16:59:32.833,1.0,10.0,HAZARD,31,57.0
16:59:33.112,1.0,10.0,HAZARD,31,57.0
16:59:33.353,1.0,21.33,HAZARD,30,57.0
16:59:33.614,1.0,22.33,HAZARD,30,57.0
16:59:33.852,1.0,21.67,HAZARD,30,57.0
16:59:34.090,1.0,20.67,HAZARD,30,57.0
16:59:34.339,1.0,20.67,HAZARD,30,57.0
16:59:34.576,1.0,8.33,HAZARD,30,57.0
16:59:34.801,1.0,13.67,HAZARD,30,57.0
16:59:35.029,1.0,13.67,HAZARD,30,57.0
16:59:35.254,1.0,0.0,HAZARD,100,100.0
16:59:35.476,1.0,6.67,HAZARD,30,57.0
16:59:35.712,1.0,7.33,HAZARD,30,57.0
16:59:35.928,1.0,7.67,HAZARD,30,57.0
16:59:36.165,1.0,8.0,HAZARD,45,57.0
16:59:36.396,1.0,8.0,HAZARD,45,57.0
16:59:36.632,1.0,8.0,HAZARD,45,57.0
16:59:36.846,1.0,8.0,HAZARD,30,57.0
16:59:37.119,1.0,5.67,HAZARD,74,57.0
16:59:37.354,1.0,5.67,HAZARD,74,57.0
16:59:37.586,1.0,3.0,CAUTION,70,57.0
16:59:37.816,1.0,1.67,CAUTION,84,57.0
16:59:38.031,1.0,1.67,CAUTION,84,57.0
16:59:38.274,1.0,1.33,CAUTION,86,57.0
16:59:38.502,1.0,0.0,CAUTION,100,100.0
16:59:38.718,1.0,0.0,CAUTION,100,100.0
16:59:38.966,1.0,0.33,NORMAL,100,100.0
16:59:39.226,1.0,0.33,NORMAL,100,100.0
16:59:39.488,1.0,0.33,NORMAL,65,100.0
16:59:39.766,1.0,0.33,NORMAL,65,100.0
16:59:40.022,1.0,0.67,CAUTION,72,39.0
16:59:40.283,1.0,20.67,CAUTION,30,57.0
16:59:40.874,1.0,20.67,CAUTION,30,57.0
16:59:41.208,1.0,20.67,HAZARD,30,57.0
16:59:41.525,1.0,5.0,HAZARD,30,57.0
16:59:41.803,1.0,5.33,HAZARD,30,57.0
16:59:42.074,1.0,5.67,HAZARD,30,57.0
16:59:42.335,1.0,5.67,HAZARD,30,57.0
16:59:42.616,1.0,5.67,HAZARD,30,57.0
16:59:42.899,1.0,5.67,HAZARD,30,57.0
16:59:43.195,1.0,7.33,HAZARD,30,57.0
16:59:43.443,1.0,8.33,HAZARD,40,57.0
16:59:43.695,1.0,8.33,HAZARD,40,57.0
16:59:43.946,1.0,7.33,HAZARD,30,57.0
16:59:44.184,1.0,7.33,HAZARD,30,57.0
16:59:44.417,1.0,7.33,HAZARD,30,57.0
16:59:44.638,1.0,7.33,HAZARD,30,57.0
16:59:44.858,1.0,9.0,HAZARD,36,57.0
16:59:45.096,1.0,7.33,HAZARD,30,57.0
16:59:45.322,1.0,7.33,HAZARD,30,57.0
16:59:45.560,1.0,0.0,HAZARD,100,100.0
16:59:45.778,1.0,0.0,HAZARD,100,100.0
16:59:45.987,1.0,1.0,HAZARD,90,57.0
16:59:46.233,1.0,1.33,CAUTION,86,57.0
16:59:46.484,1.0,1.33,CAUTION,67,57.0
16:59:46.711,1.0,1.33,CAUTION,70,57.0
16:59:46.946,1.0,1.33,CAUTION,86,57.0
16:59:47.193,1.0,1.33,CAUTION,86,57.0
16:59:47.440,1.0,9.67,CAUTION,30,57.0
16:59:47.681,1.0,9.67,CAUTION,30,57.0
16:59:47.900,1.0,9.67,HAZARD,30,57.0
16:59:48.152,1.0,5.67,HAZARD,30,57.0
16:59:48.410,1.0,6.67,HAZARD,30,57.0
16:59:48.666,1.0,5.67,HAZARD,30,57.0
16:59:48.893,1.0,5.67,HAZARD,30,57.0
16:59:49.128,1.0,5.33,HAZARD,30,57.0
16:59:49.380,1.0,0.0,HAZARD,100,100.0
16:59:49.610,1.0,0.0,HAZARD,100,100.0
16:59:49.880,1.0,0.0,NORMAL,100,100.0
16:59:50.116,1.0,0.0,NORMAL,100,100.0
16:59:50.346,1.0,0.0,NORMAL,100,100.0
16:59:50.559,1.0,2.67,NORMAL,66,57.0
16:59:50.811,1.0,2.67,NORMAL,65,57.0
16:59:51.040,1.0,2.0,CAUTION,65,57.0
16:59:51.306,1.0,1.67,CAUTION,65,57.0
16:59:51.539,1.0,1.67,CAUTION,75,57.0
16:59:51.765,1.0,1.67,CAUTION,73,57.0
16:59:52.014,1.0,1.67,CAUTION,65,57.0
16:59:52.236,1.0,1.67,CAUTION,66,57.0
16:59:52.466,1.0,1.67,CAUTION,66,57.0
16:59:52.685,1.0,1.67,CAUTION,68,57.0
16:59:52.911,1.0,1.67,CAUTION,70,57.0
16:59:53.252,1.0,1.67,CAUTION,84,57.0
16:59:53.490,1.0,1.67,CAUTION,84,57.0
16:59:53.762,1.0,2.0,CAUTION,80,57.0
16:59:54.028,1.0,2.67,CAUTION,74,57.0
16:59:54.287,1.0,2.33,CAUTION,76,57.0
16:59:54.546,1.0,2.33,CAUTION,76,57.0
16:59:54.765,1.0,2.33,CAUTION,76,57.0
16:59:54.995,1.0,2.33,CAUTION,76,57.0
16:59:55.263,1.0,7.33,CAUTION,30,57.0
16:59:55.491,1.0,7.33,CAUTION,70,57.0
16:59:55.747,1.0,12.67,CAUTION,30,57.0
16:59:55.992,1.0,15.0,HAZARD,30,57.0
16:59:56.246,1.0,15.33,HAZARD,30,57.0
16:59:56.507,1.0,19.33,HAZARD,30,57.0
16:59:56.748,1.0,24.33,HAZARD,30,57.0
16:59:57.008,1.0,23.33,HAZARD,30,57.0
16:59:57.269,1.0,7.33,HAZARD,48,57.0
16:59:57.497,1.0,22.0,HAZARD,30,57.0
16:59:57.740,1.0,22.0,HAZARD,30,57.0
16:59:58.014,1.0,22.0,HAZARD,30,57.0
16:59:58.264,1.0,22.0,HAZARD,30,57.0
16:59:58.483,1.0,8.67,HAZARD,30,57.0
16:59:58.738,1.0,7.67,HAZARD,30,57.0
16:59:58.983,1.0,6.67,HAZARD,49,57.0
16:59:59.228,1.0,6.67,HAZARD,49,57.0
16:59:59.492,1.0,7.0,HAZARD,30,57.0
16:59:59.738,1.0,7.0,HAZARD,30,57.0
16:59:59.993,1.0,9.0,HAZARD,30,57.0
17:00:00.229,1.0,7.0,HAZARD,47,57.0
17:00:00.453,1.0,8.33,HAZARD,38,57.0
17:00:00.691,1.0,12.67,HAZARD,30,57.0
17:00:00.924,1.0,13.67,HAZARD,30,57.0
17:00:01.195,1.0,12.33,HAZARD,30,57.0
17:00:01.413,1.0,3.67,HAZARD,49,57.0
17:00:01.639,1.0,4.67,HAZARD,35,57.0
17:00:01.883,1.0,5.0,HAZARD,30,57.0
17:00:02.144,1.0,5.0,HAZARD,30,57.0
17:00:02.414,1.0,5.0,HAZARD,30,57.0
17:00:02.663,1.0,5.0,HAZARD,30,57.0
17:00:02.894,1.0,5.0,HAZARD,30,57.0
17:00:03.162,1.0,4.0,HAZARD,44,57.0
17:00:03.447,1.0,5.33,HAZARD,30,57.0
17:00:03.713,1.0,5.33,HAZARD,30,57.0
17:00:03.999,1.0,5.33,HAZARD,30,57.0
17:00:04.241,1.0,3.33,HAZARD,53,57.0
17:00:04.468,1.0,3.33,HAZARD,76,57.0
17:00:04.693,1.0,3.33,HAZARD,76,57.0
17:00:04.933,1.0,3.33,CAUTION,75,57.0
17:00:05.176,1.0,3.33,CAUTION,75,57.0
17:00:05.407,1.0,7.0,CAUTION,30,57.0
17:00:05.641,1.0,7.67,CAUTION,43,57.0
17:00:05.908,1.0,7.67,HAZARD,43,57.0
17:00:06.142,1.0,19.33,HAZARD,30,57.0
17:00:06.379,1.0,7.67,HAZARD,43,57.0
17:00:06.625,1.0,7.67,HAZARD,43,57.0
17:00:06.863,1.0,18.33,HAZARD,30,57.0
17:00:07.097,1.0,18.33,HAZARD,30,57.0
17:00:07.348,1.0,16.0,HAZARD,30,57.0
17:00:07.577,1.0,16.0,HAZARD,30,57.0
17:00:07.852,1.0,16.0,HAZARD,30,57.0
17:00:08.115,1.0,16.0,HAZARD,30,57.0
17:00:08.356,1.0,16.0,HAZARD,30,57.0
17:00:08.594,1.0,16.0,HAZARD,30,57.0
17:00:08.861,1.0,13.0,HAZARD,30,57.0
17:00:09.114,1.0,13.0,HAZARD,30,57.0
17:00:09.348,1.0,13.0,HAZARD,30,57.0
17:00:09.589,1.0,13.0,HAZARD,30,57.0
17:00:09.854,1.0,13.0,HAZARD,30,57.0
17:00:10.093,1.0,13.0,HAZARD,30,57.0
17:00:10.324,1.0,2.0,HAZARD,80,57.0
17:00:10.536,1.0,20.67,HAZARD,30,57.0
17:00:10.800,1.0,9.0,HAZARD,31,57.0
17:00:11.058,1.0,6.33,HAZARD,30,57.0
17:00:11.294,1.0,6.33,HAZARD,30,57.0
17:00:11.540,1.0,34.67,HAZARD,30,57.0
17:00:11.806,1.0,29.67,HAZARD,30,57.0
17:00:12.075,1.0,29.67,HAZARD,30,57.0
17:00:12.293,1.0,29.67,HAZARD,30,57.0
17:00:12.534,1.0,29.67,HAZARD,30,57.0
17:00:12.791,1.0,29.67,HAZARD,30,57.0
17:00:13.062,1.0,21.0,HAZARD,30,57.0
17:00:13.287,1.0,21.0,HAZARD,30,57.0
17:00:13.517,1.0,29.67,HAZARD,30,57.0
17:00:13.729,1.0,29.67,HAZARD,30,57.0
17:00:14.016,1.0,29.67,HAZARD,30,57.0
17:00:14.276,1.0,21.0,HAZARD,30,57.0
17:00:14.498,1.0,21.0,HAZARD,30,57.0
17:00:14.686,1.0,0.0,HAZARD,100,100.0
17:00:14.878,1.0,0.0,HAZARD,100,100.0
17:00:15.065,1.0,0.0,NORMAL,100,100.0
17:00:15.260,1.0,0.0,NORMAL,100,100.0
17:00:15.462,1.0,0.0,NORMAL,100,100.0
17:00:15.675,1.0,0.0,NORMAL,100,100.0
17:00:15.898,1.0,0.0,NORMAL,100,100.0
17:00:16.136,1.0,0.0,NORMAL,100,100.0
17:00:16.352,1.0,0.0,NORMAL,100,100.0
17:00:16.615,1.0,0.0,NORMAL,100,100.0
17:00:16.855,1.0,0.0,NORMAL,100,100.0
17:00:17.059,1.0,0.0,NORMAL,100,100.0
17:00:17.272,1.0,0.0,NORMAL,100,100.0
17:00:17.518,1.0,0.0,NORMAL,100,100.0
17:00:17.795,1.0,0.0,NORMAL,100,100.0
17:00:18.042,1.0,0.0,NORMAL,100,100.0
17:00:18.300,1.0,0.0,NORMAL,100,100.0
17:00:18.535,1.0,0.0,NORMAL,100,100.0
17:00:18.772,1.0,0.0,NORMAL,100,100.0
17:00:19.002,1.0,0.0,NORMAL,100,100.0
17:00:19.242,1.0,0.0,NORMAL,100,100.0
17:00:19.459,1.0,0.0,NORMAL,100,100.0
17:00:19.706,1.0,0.0,NORMAL,100,100.0
17:00:19.920,1.0,1.0,NORMAL,90,57.0
17:00:20.136,1.0,1.0,NORMAL,90,57.0
17:00:20.397,1.0,5.0,CAUTION,30,57.0
17:00:20.624,1.0,5.0,CAUTION,30,57.0
17:00:20.881,1.0,3.33,CAUTION,71,57.0
17:00:21.114,1.0,3.67,CAUTION,70,57.0
17:00:21.330,1.0,3.67,CAUTION,70,57.0
17:00:21.564,1.0,5.0,CAUTION,30,57.0
17:00:21.815,1.0,8.67,CAUTION,30,57.0
17:00:22.070,1.0,5.67,HAZARD,30,57.0
17:00:22.321,1.0,5.67,HAZARD,30,57.0
17:00:22.552,1.0,5.67,HAZARD,30,57.0
17:00:22.779,1.0,5.67,HAZARD,30,57.0
17:00:23.041,1.0,5.67,HAZARD,30,57.0
17:00:23.307,1.0,0.0,HAZARD,100,100.0
17:00:23.555,1.0,0.0,HAZARD,100,100.0
17:00:23.803,1.0,0.0,NORMAL,100,100.0
17:00:24.017,1.0,0.0,NORMAL,100,100.0
17:00:24.279,1.0,0.0,NORMAL,100,100.0
17:00:24.556,1.0,0.0,NORMAL,100,100.0
17:00:24.785,1.0,0.0,NORMAL,100,100.0
17:00:25.031,1.0,0.0,NORMAL,100,100.0
17:00:25.285,1.0,0.0,NORMAL,100,100.0
17:00:25.743,1.0,0.0,NORMAL,100,100.0
17:00:26.214,1.0,0.0,NORMAL,100,100.0
17:00:26.461,1.0,0.0,NORMAL,100,100.0
17:00:26.723,1.0,0.0,NORMAL,100,100.0
17:00:26.996,1.0,0.0,NORMAL,100,100.0
17:00:27.278,1.0,0.0,NORMAL,100,100.0
17:00:27.538,1.0,5.33,NORMAL,30,57.0
17:00:27.808,1.0,5.33,NORMAL,30,57.0
17:00:28.076,1.0,3.0,HAZARD,65,57.0
17:00:28.381,1.0,3.0,HAZARD,65,57.0
17:00:28.669,1.0,14.0,HAZARD,30,57.0
17:00:28.934,1.0,14.0,HAZARD,30,57.0
17:00:29.190,1.0,8.67,HAZARD,30,57.0
17:00:29.445,1.0,8.67,HAZARD,30,57.0
17:00:29.681,1.0,8.67,HAZARD,30,57.0
17:00:29.951,1.0,14.0,HAZARD,30,57.0
17:00:30.195,1.0,14.0,HAZARD,30,57.0
17:00:30.447,1.0,14.0,HAZARD,30,57.0
17:00:30.705,1.0,14.0,HAZARD,30,57.0
17:00:30.958,1.0,8.67,HAZARD,30,57.0
17:00:31.234,1.0,0.0,HAZARD,100,100.0
17:00:31.450,1.0,0.0,HAZARD,100,100.0
17:00:31.688,1.0,0.0,NORMAL,100,100.0
17:00:31.956,1.0,0.0,NORMAL,100,100.0
17:00:32.204,1.0,13.67,NORMAL,30,57.0
17:00:32.432,1.0,19.33,NORMAL,30,57.0
17:00:32.674,1.0,0.0,NORMAL,100,100.0
17:00:32.910,1.0,0.0,NORMAL,100,100.0
17:00:33.140,1.0,2.33,HAZARD,76,57.0
17:00:33.374,1.0,4.0,HAZARD,44,57.0
17:00:33.641,1.0,5.0,HAZARD,30,57.0
17:00:33.871,1.0,5.0,HAZARD,30,57.0
17:00:34.113,1.0,5.0,HAZARD,75,57.0
17:00:34.365,1.0,5.0,HAZARD,75,57.0
17:00:34.637,1.0,5.0,CAUTION,75,57.0
17:00:34.884,1.0,5.0,CAUTION,75,57.0
17:00:35.115,1.0,6.0,CAUTION,73,57.0
17:00:35.357,1.0,10.33,CAUTION,30,57.0
17:00:35.639,1.0,13.33,CAUTION,34,57.0
17:00:35.887,1.0,21.67,HAZARD,30,57.0
17:00:36.128,1.0,35.0,HAZARD,30,57.0
17:00:36.358,1.0,35.0,HAZARD,30,57.0
17:00:36.609,1.0,35.0,HAZARD,30,57.0
17:00:36.867,1.0,35.0,HAZARD,30,57.0
17:00:37.132,1.0,35.0,HAZARD,30,57.0
17:00:37.379,1.0,0.0,HAZARD,100,100.0
17:00:37.617,1.0,0.0,HAZARD,100,100.0
17:00:37.856,1.0,1.0,HAZARD,90,57.0
17:00:38.099,1.0,1.67,CAUTION,84,57.0
17:00:38.323,1.0,1.67,CAUTION,68,57.0
17:00:38.583,1.0,0.0,CAUTION,100,100.0
17:00:38.830,1.0,1.33,CAUTION,86,57.0
17:00:39.073,1.0,2.33,CAUTION,76,57.0
17:00:39.428,1.0,2.33,CAUTION,76,57.0
17:00:39.707,1.0,2.33,CAUTION,76,57.0
17:00:39.938,1.0,2.33,CAUTION,76,57.0
17:00:40.163,1.0,7.0,CAUTION,30,57.0
17:00:40.391,1.0,7.0,CAUTION,44,57.0
17:00:40.640,1.0,7.0,HAZARD,44,57.0
17:00:40.877,1.0,7.0,HAZARD,44,57.0
17:00:41.122,1.0,7.0,HAZARD,44,57.0
17:00:41.369,1.0,7.0,HAZARD,44,57.0
17:00:41.638,1.0,4.0,HAZARD,44,57.0
17:00:41.886,1.0,2.67,HAZARD,74,57.0
17:00:42.121,1.0,2.67,HAZARD,74,57.0
17:00:42.338,1.0,0.0,HAZARD,100,100.0
17:00:42.634,1.0,0.0,CAUTION,100,100.0
17:00:42.907,1.0,0.0,NORMAL,100,100.0
17:00:43.135,1.0,0.0,NORMAL,100,100.0
17:00:43.375,1.0,0.0,NORMAL,100,100.0
17:00:43.587,1.0,3.33,NORMAL,53,57.0
17:00:43.808,1.0,4.0,NORMAL,44,57.0
17:00:44.056,1.0,7.0,HAZARD,46,57.0
17:00:44.312,1.0,7.0,HAZARD,46,57.0
17:00:44.540,1.0,0.0,HAZARD,100,100.0
17:00:44.778,1.0,0.0,HAZARD,100,100.0
17:00:45.056,1.0,0.0,NORMAL,100,100.0
17:00:45.325,1.0,0.0,NORMAL,100,100.0
17:00:45.590,1.0,23.67,NORMAL,30,57.0
17:00:45.860,1.0,0.0,NORMAL,100,100.0
17:00:46.114,1.0,0.0,NORMAL,100,100.0
17:00:46.365,1.0,0.0,NORMAL,100,100.0
17:00:46.643,1.0,0.0,NORMAL,100,100.0
17:00:46.938,1.0,0.0,NORMAL,100,100.0
17:00:47.202,1.0,0.0,NORMAL,100,100.0
17:00:47.425,1.0,10.67,NORMAL,30,57.0
17:00:47.669,1.0,10.67,NORMAL,30,57.0
17:00:47.886,1.0,10.67,HAZARD,30,57.0
17:00:48.159,1.0,10.67,HAZARD,30,57.0
17:00:48.379,1.0,10.67,HAZARD,30,57.0
17:00:48.601,1.0,19.0,HAZARD,30,57.0
17:00:48.857,1.0,0.0,HAZARD,100,100.0
17:00:49.089,1.0,0.0,HAZARD,100,100.0
17:00:49.328,1.0,3.33,HAZARD,53,57.0
17:00:49.608,1.0,1.67,HAZARD,84,57.0
17:00:49.856,1.0,2.33,CAUTION,65,57.0
17:00:50.086,1.0,0.0,CAUTION,100,100.0
17:00:50.300,1.0,0.0,CAUTION,100,100.0
17:00:50.521,1.0,0.0,NORMAL,100,100.0
17:00:50.767,1.0,0.0,NORMAL,100,100.0
17:00:51.008,1.0,6.33,NORMAL,30,57.0
17:00:51.253,1.0,6.33,NORMAL,30,57.0
17:00:51.473,1.0,6.33,HAZARD,44,57.0
17:00:51.720,1.0,6.33,HAZARD,44,57.0
17:00:51.943,1.0,6.33,HAZARD,30,57.0
17:00:52.156,1.0,6.33,HAZARD,30,57.0
17:00:52.381,1.0,6.33,HAZARD,30,57.0
17:00:52.633,1.0,0.0,HAZARD,100,100.0
17:00:52.889,1.0,6.33,HAZARD,30,57.0
17:00:53.142,1.0,6.33,HAZARD,30,57.0
17:00:53.374,1.0,7.33,HAZARD,47,57.0
17:00:53.608,1.0,0.0,HAZARD,100,100.0
17:00:53.845,1.0,0.0,HAZARD,100,100.0
17:00:54.084,1.0,0.0,NORMAL,100,100.0
17:00:54.324,1.0,0.0,NORMAL,100,100.0
17:00:54.592,1.0,0.0,NORMAL,100,100.0
17:00:54.846,1.0,0.0,NORMAL,100,100.0
17:00:55.094,1.0,0.0,NORMAL,100,100.0
17:00:55.337,1.0,0.0,NORMAL,100,100.0
17:00:55.571,1.0,0.0,NORMAL,100,100.0
17:00:55.790,1.0,0.0,NORMAL,100,100.0
17:00:56.018,1.0,0.0,NORMAL,100,100.0
17:00:56.251,1.0,0.0,NORMAL,100,100.0
17:00:56.475,1.0,0.0,NORMAL,100,100.0
17:00:56.694,1.0,3.33,NORMAL,65,57.0
17:00:56.928,1.0,0.0,NORMAL,100,100.0
17:00:57.161,1.0,0.0,NORMAL,100,100.0
17:00:57.381,1.0,0.0,NORMAL,100,100.0
17:00:57.634,1.0,0.0,NORMAL,100,100.0
17:00:57.889,1.0,0.0,NORMAL,100,100.0
17:00:58.126,1.0,0.0,NORMAL,100,100.0
17:00:58.358,1.0,0.0,NORMAL,100,100.0
17:00:58.609,1.0,11.33,NORMAL,33,57.0
17:00:58.887,1.0,11.33,NORMAL,33,57.0
17:00:59.135,1.0,9.33,HAZARD,30,57.0
17:00:59.395,1.0,9.33,HAZARD,30,57.0
17:00:59.653,1.0,9.33,HAZARD,30,57.0
17:00:59.906,1.0,9.33,HAZARD,30,57.0
17:01:00.176,1.0,9.33,HAZARD,30,57.0
17:01:00.439,1.0,9.33,HAZARD,30,57.0
17:01:00.689,1.0,9.33,HAZARD,30,57.0
17:01:00.944,1.0,9.33,HAZARD,30,57.0
17:01:01.189,1.0,9.33,HAZARD,30,57.0
17:01:01.475,1.0,9.33,HAZARD,30,57.0
17:01:01.811,1.0,9.33,HAZARD,30,57.0
17:01:02.100,1.0,9.33,HAZARD,30,57.0
17:01:02.364,1.0,9.33,HAZARD,30,57.0
17:01:02.610,1.0,9.33,HAZARD,30,57.0
17:01:02.850,1.0,0.0,HAZARD,100,100.0
17:01:03.084,1.0,0.0,HAZARD,100,100.0
17:01:03.310,1.0,1.67,HAZARD,84,57.0
17:01:03.575,1.0,2.0,CAUTION,65,57.0
17:01:03.843,1.0,3.67,CAUTION,65,57.0
17:01:04.094,1.0,3.67,CAUTION,65,57.0
17:01:04.324,1.0,3.67,CAUTION,65,57.0
17:01:04.555,1.0,3.67,CAUTION,65,57.0
17:01:04.840,1.0,3.67,CAUTION,65,57.0
17:01:05.141,1.0,3.67,CAUTION,65,57.0
17:01:05.418,1.0,3.67,CAUTION,49,57.0
17:01:05.696,1.0,3.67,CAUTION,49,57.0
17:01:05.947,1.0,3.67,HAZARD,49,57.0
17:01:06.203,1.0,3.67,HAZARD,49,57.0
17:01:06.514,1.0,0.0,HAZARD,100,100.0
17:01:06.800,1.0,0.0,HAZARD,100,100.0
17:01:07.083,1.0,0.0,NORMAL,100,100.0
17:01:07.387,1.0,0.0,NORMAL,100,100.0
17:01:07.680,1.0,0.0,NORMAL,100,100.0
17:01:07.992,1.0,0.0,NORMAL,100,100.0
17:01:08.297,1.0,0.0,NORMAL,100,100.0
17:01:08.593,1.0,0.0,NORMAL,100,100.0
17:01:08.885,1.0,0.0,NORMAL,100,100.0
17:01:09.189,1.0,0.0,NORMAL,100,100.0
17:01:09.486,1.0,0.0,NORMAL,100,100.0
17:01:09.771,1.0,0.0,NORMAL,100,100.0
17:01:10.052,1.0,0.0,NORMAL,100,100.0
17:01:10.294,1.0,0.0,NORMAL,100,100.0
17:01:10.505,1.0,0.0,NORMAL,100,100.0
17:01:10.709,1.0,0.0,NORMAL,100,100.0
17:01:10.935,1.0,0.0,NORMAL,100,100.0
17:01:11.140,1.0,0.0,NORMAL,100,100.0
17:01:11.358,1.0,0.0,NORMAL,100,100.0
17:01:11.575,1.0,0.0,NORMAL,100,100.0
17:01:11.785,1.0,0.0,NORMAL,100,100.0
17:01:11.989,1.0,0.0,NORMAL,100,100.0
17:01:12.189,1.0,0.0,NORMAL,100,100.0
17:01:12.407,1.0,0.0,NORMAL,100,100.0
17:01:12.612,1.0,0.0,NORMAL,100,100.0
17:01:12.793,1.0,0.0,NORMAL,100,100.0
17:01:12.997,1.0,0.0,NORMAL,100,100.0
17:01:13.181,1.0,0.0,NORMAL,100,100.0
17:01:13.387,1.0,0.0,NORMAL,100,100.0
17:01:13.577,1.0,0.0,NORMAL,100,100.0
17:01:13.771,1.0,0.0,NORMAL,100,100.0
17:01:13.966,1.0,0.0,NORMAL,100,100.0
17:01:14.163,1.0,0.0,NORMAL,100,100.0
17:01:14.358,1.0,0.0,NORMAL,100,100.0
17:01:14.565,1.0,0.0,NORMAL,100,100.0
17:01:14.751,1.0,0.0,NORMAL,100,100.0
17:01:14.930,1.0,0.0,NORMAL,100,100.0
17:01:15.139,1.0,0.0,NORMAL,100,100.0
17:01:15.379,1.0,0.0,NORMAL,100,100.0
17:01:15.612,1.0,0.0,NORMAL,100,100.0
17:01:15.817,1.0,0.0,NORMAL,100,100.0
17:01:16.017,1.0,0.0,NORMAL,100,100.0
17:01:16.223,1.0,0.0,NORMAL,100,100.0
17:01:16.444,1.0,0.0,NORMAL,100,100.0
17:01:16.704,1.0,0.0,NORMAL,100,100.0
17:01:16.917,1.0,0.0,NORMAL,100,100.0
17:01:17.125,1.0,0.0,NORMAL,100,100.0
17:01:17.329,1.0,0.0,NORMAL,100,100.0
17:01:17.562,1.0,0.0,NORMAL,100,100.0
17:01:17.812,1.0,0.0,NORMAL,100,100.0
17:01:18.018,1.0,0.0,NORMAL,100,100.0
17:01:18.239,1.0,0.0,NORMAL,100,100.0
17:01:18.459,1.0,0.0,NORMAL,100,100.0
17:01:18.685,1.0,0.0,NORMAL,100,100.0
17:01:18.908,1.0,0.0,NORMAL,100,100.0
17:01:19.145,1.0,0.0,NORMAL,100,100.0
17:01:19.393,1.0,0.0,NORMAL,100,100.0
17:01:19.656,1.0,0.0,NORMAL,100,100.0
17:01:19.894,1.0,0.0,NORMAL,100,100.0
17:01:20.122,1.0,0.0,NORMAL,100,100.0
17:01:20.318,1.0,0.0,NORMAL,100,100.0
17:01:20.545,1.0,0.0,NORMAL,100,100.0
17:01:20.801,1.0,0.0,NORMAL,100,100.0
17:01:21.041,1.0,0.0,NORMAL,100,100.0
17:01:21.307,1.0,0.0,NORMAL,100,100.0
17:01:21.555,1.0,0.0,NORMAL,100,100.0
17:01:21.792,1.0,0.0,NORMAL,100,100.0
17:01:22.013,1.0,0.0,NORMAL,100,100.0
17:01:22.416,1.0,0.0,NORMAL,100,100.0
17:01:22.771,1.0,0.0,NORMAL,100,100.0
17:01:23.122,1.0,0.0,NORMAL,100,100.0
17:01:23.479,1.0,0.0,NORMAL,100,100.0
