timestamp,imu_z,imu_x,imu_y,motion_score,camera_event,camera_conf,road_event,road_conf,rear_event,rear_conf,decision,confidence,severity_score,motor_speed,lora_event,lora_sent,lora_confidence_check,lora_latency_ms,motion_conf,imu_conf,road_conf_fusion,ground_truth
13:22:37.776,1.0024,1.0012,1.0017,0.0,normal,0.0,normal,0.0,normal,0.0,NORMAL,3.0,0.0,100,normal,YES,PASS,0.0,0.068,0.001,0.0,
13:22:37.932,1.0635,1.008,1.0066,0.0,normal,0.0,normal,0.0,normal,0.0,NORMAL,1.6,0.0,100,normal,YES,PASS,0.0,0.034,0.025,0.0,
13:22:38.085,1.0278,1.01,1.0001,0.0,normal,0.0,normal,0.0,normal,0.0,NORMAL,1.0,0.0,100,normal,YES,PASS,0.0,0.021,0.011,0.0,
13:22:38.257,1.015,1.0014,1.006,0.0,normal,0.0,normal,0.0,normal,0.0,NORMAL,0.7,0.0,100,normal,YES,PASS,0.0,0.014,0.006,0.0,
13:22:38.408,1.0426,1.0097,1.0045,0.0,normal,0.0,normal,0.0,normal,0.0,NORMAL,0.5,0.0,100,normal,YES,PASS,0.0,0.01,0.017,0.0,
13:22:38.551,1.0416,1.0002,1.0031,0.0,normal,0.0,normal,0.0,normal,0.0,NORMAL,0.4,0.0,100,normal,YES,PASS,0.0,0.007,0.017,0.0,
13:22:38.698,1.0068,1.0027,1.0105,0.0,normal,0.0,normal,0.0,normal,0.0,NORMAL,0.2,0.0,100,normal,YES,PASS,0.0,0.005,0.003,0.0,
13:22:38.848,1.0043,1.014,1.0061,0.0,normal,0.0,normal,0.0,normal,0.0,NORMAL,0.2,0.0,100,normal,YES,PASS,0.0,0.004,0.002,0.0,
13:22:38.983,1.0094,1.0054,1.0049,0.0,normal,0.0,normal,0.0,normal,0.0,NORMAL,0.1,0.0,100,normal,YES,PASS,0.0,0.003,0.004,0.0,
13:22:39.127,1.0563,1.0022,1.0028,0.0,normal,0.0,normal,0.0,normal,0.0,NORMAL,0.2,0.0,100,normal,YES,PASS,0.0,0.002,0.023,0.0,
13:22:39.272,1.0158,1.0083,1.0155,0.0,normal,0.0,normal,0.0,normal,0.0,NORMAL,0.1,0.0,100,normal,YES,PASS,0.0,0.001,0.006,0.0,
13:22:39.426,1.0014,1.0125,1.0044,0.0,normal,0.0,normal,0.0,normal,0.0,NORMAL,0.1,0.0,100,normal,YES,PASS,0.0,0.001,0.001,0.0,
13:22:39.571,1.0467,1.0122,1.0032,0.0,normal,0.0,normal,0.0,normal,0.0,NORMAL,0.1,0.0,100,normal,YES,PASS,0.0,0.001,0.019,0.0,
13:22:39.707,1.0648,1.0046,1.0124,0.0,normal,0.0,normal,0.0,normal,0.0,NORMAL,0.2,0.0,100,normal,YES,PASS,0.0,0.001,0.026,0.0,
13:22:39.854,1.0358,1.0049,1.0107,0.0,normal,0.0,normal,0.0,normal,0.0,NORMAL,0.1,0.0,100,normal,YES,PASS,0.0,0.0,0.014,0.0,
13:22:39.996,1.0479,1.006,1.0157,0.0,normal,0.0,normal,0.0,normal,0.0,NORMAL,0.1,0.0,100,normal,YES,PASS,0.0,0.0,0.019,0.0,
13:22:40.142,1.0425,1.0051,1.0017,0.0,normal,0.0,normal,0.0,normal,0.0,NORMAL,0.1,0.0,100,normal,YES,PASS,0.0,0.0,0.017,0.0,
13:22:40.289,1.0137,1.0089,1.008,0.0,normal,0.0,normal,0.0,normal,0.0,NORMAL,0.0,0.0,100,normal,YES,PASS,0.0,0.0,0.005,0.0,
13:22:40.438,1.0262,1.0114,1.0113,0.0,normal,0.0,normal,0.0,normal,0.0,NORMAL,0.1,0.0,100,normal,YES,PASS,0.0,0.0,0.01,0.0,
13:22:40.574,1.0261,1.0094,1.008,0.0,normal,0.0,normal,0.0,normal,0.0,NORMAL,0.1,0.0,100,normal,YES,PASS,0.0,0.0,0.01,0.0,
13:22:40.710,1.0602,1.0008,1.0006,0.0,normal,0.0,normal,0.0,normal,0.0,NORMAL,0.1,0.0,100,normal,YES,PASS,0.0,0.0,0.024,0.0,
13:22:40.853,1.033,1.0082,1.0072,0.0,normal,0.0,normal,0.0,normal,0.0,NORMAL,0.1,0.0,100,normal,YES,PASS,0.0,0.0,0.013,0.0,
13:22:41.001,1.0174,1.0081,1.0081,0.0,normal,0.0,normal,0.0,normal,0.0,NORMAL,0.0,0.0,100,normal,YES,PASS,0.0,0.0,0.007,0.0,
13:22:41.145,1.0386,1.0098,1.0099,0.0,normal,0.0,normal,0.0,normal,0.0,NORMAL,0.1,0.0,100,normal,YES,PASS,0.0,0.0,0.015,0.0,
13:22:41.285,1.0303,1.0013,1.0013,0.0,normal,0.0,normal,0.0,normal,0.0,NORMAL,0.1,0.0,100,normal,YES,PASS,0.0,0.0,0.012,0.0,
13:22:41.427,1.0602,1.0038,1.0035,0.0,normal,0.0,normal,0.0,normal,0.0,NORMAL,0.1,0.0,100,normal,YES,PASS,0.0,0.0,0.024,0.0,
13:22:41.563,1.0356,1.001,1.0024,0.0,normal,0.0,normal,0.0,normal,0.0,NORMAL,0.1,0.0,100,normal,YES,PASS,0.0,0.0,0.014,0.0,
13:22:41.705,1.0059,1.0108,1.0145,0.0,normal,0.0,normal,0.0,normal,0.0,NORMAL,0.0,0.0,100,normal,YES,PASS,0.0,0.0,0.002,0.0,
13:22:41.836,1.0401,1.0122,1.0125,0.0,normal,0.0,normal,0.0,normal,0.0,NORMAL,0.1,0.0,100,normal,YES,PASS,0.0,0.0,0.016,0.0,
13:22:41.985,1.0319,1.0022,1.0103,0.0,normal,0.0,normal,0.0,normal,0.0,NORMAL,0.1,0.0,100,normal,YES,PASS,0.0,0.0,0.013,0.0,
13:22:42.127,1.022,1.0061,1.0113,0.0,normal,0.0,normal,0.0,normal,0.0,NORMAL,0.0,0.0,100,normal,YES,PASS,0.0,0.0,0.009,0.0,
13:22:42.267,1.0122,1.0024,1.0018,0.0,normal,0.0,normal,0.0,normal,0.0,NORMAL,0.0,0.0,100,normal,YES,PASS,0.0,0.0,0.005,0.0,
13:22:42.412,1.0195,1.0019,1.0112,0.0,normal,0.0,normal,0.0,normal,0.0,NORMAL,0.0,0.0,100,normal,YES,PASS,0.0,0.0,0.008,0.0,
13:22:42.555,1.0027,1.0082,1.0007,0.0,normal,0.0,normal,0.0,normal,0.0,NORMAL,0.0,0.0,100,normal,YES,PASS,0.0,0.0,0.001,0.0,
13:22:42.693,1.0435,1.0001,1.0036,0.0,normal,0.0,normal,0.0,normal,0.0,NORMAL,0.1,0.0,100,normal,YES,PASS,0.0,0.0,0.017,0.0,
13:22:42.837,1.0343,1.0032,1.0058,0.0,normal,0.0,normal,0.0,normal,0.0,NORMAL,0.1,0.0,100,normal,YES,PASS,0.0,0.0,0.014,0.0,
13:22:42.984,1.0352,1.0047,1.0086,0.0,normal,0.0,normal,0.0,normal,0.0,NORMAL,0.1,0.0,100,normal,YES,PASS,0.0,0.0,0.014,0.0,
13:22:43.125,1.0088,1.0012,1.0121,0.0,normal,0.0,normal,0.0,normal,0.0,NORMAL,0.0,0.0,100,normal,YES,PASS,0.0,0.0,0.004,0.0,
13:22:43.260,1.0001,1.0072,1.0031,0.0,normal,0.0,normal,0.0,normal,0.0,NORMAL,0.0,0.0,100,normal,YES,PASS,0.0,0.0,0.0,0.0,
13:22:43.399,1.0057,1.0137,1.009,0.0,normal,0.0,normal,0.0,normal,0.0,NORMAL,0.0,0.0,100,normal,YES,PASS,0.0,0.0,0.002,0.0,
13:22:43.538,1.022,1.0048,1.0009,0.0,normal,0.0,normal,0.0,normal,0.0,NORMAL,0.0,0.0,100,normal,YES,PASS,0.0,0.0,0.009,0.0,
13:22:43.689,1.0619,1.0023,1.01,0.0,normal,0.0,normal,0.0,normal,0.0,NORMAL,0.1,0.0,100,normal,YES,PASS,0.0,0.0,0.025,0.0,
13:22:43.836,1.0175,1.0135,1.004,0.0,normal,0.0,normal,0.0,normal,0.0,NORMAL,0.0,0.0,100,normal,YES,PASS,0.0,0.0,0.007,0.0,
13:22:43.984,1.009,1.0029,1.0083,0.0,normal,0.0,normal,0.0,normal,0.0,NORMAL,0.0,0.0,100,normal,YES,PASS,0.0,0.0,0.004,0.0,
13:22:44.122,1.026,1.0102,1.0052,0.0,normal,0.0,normal,0.0,normal,0.0,NORMAL,0.1,0.0,100,normal,YES,PASS,0.0,0.0,0.01,0.0,
13:22:44.260,1.018,1.0131,1.0,0.0,normal,0.0,normal,0.0,normal,0.0,NORMAL,0.0,0.0,100,normal,YES,PASS,0.0,0.0,0.007,0.0,
13:22:44.398,1.0364,1.011,1.0066,0.0,normal,0.0,normal,0.0,normal,0.0,NORMAL,0.1,0.0,100,normal,YES,PASS,0.0,0.0,0.015,0.0,
13:22:44.545,1.0588,1.0097,1.011,0.0,normal,0.0,normal,0.0,normal,0.0,NORMAL,0.1,0.0,100,normal,YES,PASS,0.0,0.0,0.024,0.0,
13:22:44.681,1.0016,1.0061,1.0044,0.0,normal,0.0,normal,0.0,normal,0.0,NORMAL,0.0,0.0,100,normal,YES,PASS,0.0,0.0,0.001,0.0,
13:22:44.826,1.0721,1.0007,1.0053,0.0,normal,0.0,normal,0.0,normal,0.0,NORMAL,0.1,0.0,100,normal,YES,PASS,0.0,0.0,0.029,0.0,
13:22:44.968,1.0042,1.013,1.0075,0.0,normal,0.0,normal,0.0,normal,0.0,NORMAL,0.0,0.0,100,normal,YES,PASS,0.0,0.0,0.002,0.0,
13:22:45.113,1.0572,1.0088,1.0048,0.0,normal,0.0,normal,0.0,normal,0.0,NORMAL,0.1,0.0,100,normal,YES,PASS,0.0,0.0,0.023,0.0,
13:22:45.254,1.0198,1.003,1.0059,0.0,normal,0.0,normal,0.0,normal,0.0,NORMAL,0.0,0.0,100,normal,YES,PASS,0.0,0.0,0.008,0.0,
13:22:45.407,1.0256,1.0105,1.0111,0.0,normal,0.0,normal,0.0,normal,0.0,NORMAL,0.1,0.0,100,normal,YES,PASS,0.0,0.0,0.01,0.0,
13:22:45.543,1.0392,1.0034,1.0013,0.0,normal,0.0,normal,0.0,normal,0.0,NORMAL,0.1,0.0,100,normal,YES,PASS,0.0,0.0,0.016,0.0,
13:22:45.688,1.0211,1.0015,1.0113,0.0,normal,0.0,normal,0.0,normal,0.0,NORMAL,0.0,0.0,100,normal,YES,PASS,0.0,0.0,0.008,0.0,
13:22:45.823,1.0428,1.0035,1.0062,0.0,normal,0.0,normal,0.0,normal,0.0,NORMAL,0.1,0.0,100,normal,YES,PASS,0.0,0.0,0.017,0.0,
13:22:45.958,1.0102,1.0106,1.0053,0.0,normal,0.0,normal,0.0,normal,0.0,NORMAL,0.0,0.0,100,normal,YES,PASS,0.0,0.0,0.004,0.0,
13:22:46.093,1.037,1.0004,1.0118,0.0,normal,0.0,normal,0.0,normal,0.0,NORMAL,0.1,0.0,100,normal,YES,PASS,0.0,0.0,0.015,0.0,
13:22:46.233,1.0468,1.0038,1.0129,0.0,normal,0.0,normal,0.0,normal,0.0,NORMAL,0.1,0.0,100,normal,YES,PASS,0.0,0.0,0.019,0.0,
13:22:46.379,1.0529,1.0024,1.0049,0.0,normal,0.0,normal,0.0,normal,0.0,NORMAL,0.1,0.0,100,normal,YES,PASS,0.0,0.0,0.021,0.0,
13:22:46.523,1.022,1.0069,1.0068,0.0,normal,0.0,normal,0.0,normal,0.0,NORMAL,0.0,0.0,100,normal,YES,PASS,0.0,0.0,0.009,0.0,
13:22:46.664,1.0098,1.0047,1.001,0.0,normal,0.0,normal,0.0,normal,0.0,NORMAL,0.0,0.0,100,normal,YES,PASS,0.0,0.0,0.004,0.0,
13:22:46.810,1.0641,1.0026,1.0047,0.0,normal,0.0,normal,0.0,normal,0.0,NORMAL,0.1,0.0,100,normal,YES,PASS,0.0,0.0,0.026,0.0,
13:22:46.951,1.0236,1.0071,1.0092,0.0,normal,0.0,normal,0.0,normal,0.0,NORMAL,0.0,0.0,100,normal,YES,PASS,0.0,0.0,0.009,0.0,
13:22:47.100,1.0426,1.0102,1.0009,0.0,normal,0.0,normal,0.0,normal,0.0,NORMAL,0.1,0.0,100,normal,YES,PASS,0.0,0.0,0.017,0.0,
13:22:47.233,1.0015,1.0026,1.0113,0.0,normal,0.0,speed_hump,0.5028,normal,0.0,NORMAL,17.6,0.0,100,speed_hump,YES,PASS,0.0,0.0,0.001,0.503,
13:22:47.383,1.0624,1.0089,1.0094,0.0,normal,0.0,speed_hump,0.5125,normal,0.0,NORMAL,18.1,0.0,100,speed_hump,YES,PASS,0.0,0.0,0.025,0.513,
13:22:47.520,1.0062,1.0028,1.0096,0.0,normal,0.0,normal,0.0,normal,0.0,NORMAL,0.0,0.0,100,normal,YES,PASS,0.0,0.0,0.002,0.0,
13:22:47.658,1.0204,1.0017,1.0126,0.0,normal,0.0,normal,0.0,normal,0.0,NORMAL,0.0,0.0,100,normal,YES,PASS,0.0,0.0,0.008,0.0,
13:22:47.801,1.0122,1.001,1.0085,0.0,normal,0.0,normal,0.0,normal,0.0,NORMAL,0.0,0.0,100,normal,YES,PASS,0.0,0.0,0.005,0.0,
13:22:47.942,1.066,1.0037,1.0083,0.0,normal,0.0,normal,0.0,normal,0.0,NORMAL,0.1,0.0,100,normal,YES,PASS,0.0,0.0,0.026,0.0,
13:22:48.090,1.0015,1.0066,1.0032,0.0,normal,0.0,normal,0.0,normal,0.0,NORMAL,0.0,0.0,100,normal,YES,PASS,0.0,0.0,0.001,0.0,
13:22:48.231,1.0291,1.0098,1.0136,0.0,normal,0.0,normal,0.0,normal,0.0,NORMAL,0.1,0.0,100,normal,YES,PASS,0.0,0.0,0.012,0.0,
13:22:48.378,1.0222,1.0117,1.0027,0.0,normal,0.0,normal,0.0,normal,0.0,NORMAL,0.0,0.0,100,normal,YES,PASS,0.0,0.0,0.009,0.0,
13:22:48.527,1.0384,1.0148,1.0031,0.0,normal,0.0,normal,0.0,normal,0.0,NORMAL,0.1,0.0,100,normal,YES,PASS,0.0,0.0,0.015,0.0,
13:22:48.670,1.0601,1.003,1.0047,0.0,normal,0.0,normal,0.0,normal,0.0,NORMAL,0.1,0.0,100,normal,YES,PASS,0.0,0.0,0.024,0.0,
13:22:48.813,1.062,1.0005,1.0039,0.0,normal,0.0,normal,0.0,normal,0.0,NORMAL,0.1,0.0,100,normal,YES,PASS,0.0,0.0,0.025,0.0,
13:22:48.953,1.034,1.0125,1.0016,0.0,normal,0.0,normal,0.0,normal,0.0,NORMAL,0.1,0.0,100,normal,YES,PASS,0.0,0.0,0.014,0.0,
13:22:49.098,1.0262,1.0078,1.0053,0.0,normal,0.0,normal,0.0,normal,0.0,NORMAL,0.1,0.0,100,normal,YES,PASS,0.0,0.0,0.01,0.0,
13:22:49.234,1.0576,1.0092,1.0077,0.0,normal,0.0,normal,0.0,normal,0.0,NORMAL,0.1,0.0,100,normal,YES,PASS,0.0,0.0,0.023,0.0,
13:22:49.374,1.0465,1.0081,1.0033,0.0,normal,0.0,normal,0.0,normal,0.0,NORMAL,0.1,0.0,100,normal,YES,PASS,0.0,0.0,0.019,0.0,
13:22:49.521,1.0578,1.0026,1.0103,0.0,normal,0.0,normal,0.0,normal,0.0,NORMAL,0.1,0.0,100,normal,YES,PASS,0.0,0.0,0.023,0.0,
13:22:49.663,1.0248,1.0039,1.0081,0.0,normal,0.0,normal,0.0,normal,0.0,NORMAL,0.0,0.0,100,normal,YES,PASS,0.0,0.0,0.01,0.0,
13:22:49.802,1.0183,1.0,1.0122,0.0,normal,0.0,normal,0.0,normal,0.0,NORMAL,0.0,0.0,100,normal,YES,PASS,0.0,0.0,0.007,0.0,
13:22:49.950,1.0215,1.0082,1.0078,0.0,normal,0.0,normal,0.0,normal,0.0,NORMAL,0.0,0.0,100,normal,YES,PASS,0.0,0.0,0.009,0.0,
13:22:50.101,1.0377,1.0153,1.0086,0.0,normal,0.0,normal,0.0,normal,0.0,NORMAL,0.1,0.0,100,normal,YES,PASS,0.0,0.0,0.015,0.0,
13:22:50.239,1.0378,1.0068,1.005,0.0,normal,0.0,normal,0.0,normal,0.0,NORMAL,0.1,0.0,100,normal,YES,PASS,0.0,0.0,0.015,0.0,
13:22:50.373,1.032,1.0085,1.0026,0.0,normal,0.0,normal,0.0,normal,0.0,NORMAL,0.1,0.0,100,normal,YES,PASS,0.0,0.0,0.013,0.0,
13:22:50.510,1.0159,1.0091,1.0025,0.0,normal,0.0,normal,0.0,normal,0.0,NORMAL,0.0,0.0,100,normal,YES,PASS,0.0,0.0,0.006,0.0,
13:22:50.655,1.012,1.0055,1.0053,0.0,normal,0.0,normal,0.0,normal,0.0,NORMAL,0.0,0.0,100,normal,YES,PASS,0.0,0.0,0.005,0.0,
13:22:50.792,1.0213,1.0016,1.0055,0.0,normal,0.0,normal,0.0,normal,0.0,NORMAL,0.0,0.0,100,normal,YES,PASS,0.0,0.0,0.009,0.0,
13:22:50.929,1.0272,1.0006,1.0052,0.0,normal,0.0,normal,0.0,normal,0.0,NORMAL,0.1,0.0,100,normal,YES,PASS,0.0,0.0,0.011,0.0,
13:22:51.071,1.0122,1.0026,1.0127,0.0,normal,0.0,normal,0.0,normal,0.0,NORMAL,0.0,0.0,100,normal,YES,PASS,0.0,0.0,0.005,0.0,
13:22:51.214,1.0168,1.0007,1.0044,0.0,normal,0.0,speed_hump,0.5333,normal,0.0,NORMAL,18.7,0.0,100,speed_hump,YES,PASS,0.0,0.0,0.007,0.533,
13:22:51.389,1.0574,1.0061,1.0038,0.0,normal,0.0,speed_hump,0.556,normal,0.0,NORMAL,19.6,0.0,100,speed_hump,YES,PASS,0.0,0.0,0.023,0.556,
13:22:51.541,1.0038,1.0098,1.0107,0.0,normal,0.0,speed_hump,0.5178,normal,0.0,NORMAL,18.1,0.0,100,speed_hump,YES,PASS,0.0,0.0,0.002,0.518,
13:22:51.714,1.0103,1.013,1.0104,0.0,normal,0.0,speed_hump,0.5081,normal,0.0,NORMAL,17.8,0.0,100,speed_hump,YES,PASS,0.0,0.0,0.004,0.508,
13:22:51.896,1.0377,1.0098,1.0003,0.0,normal,0.0,normal,0.0,normal,0.0,NORMAL,0.1,0.0,100,normal,YES,PASS,0.0,0.0,0.015,0.0,
13:22:52.098,1.0093,1.0103,1.0109,0.0,normal,0.0,normal,0.0,normal,0.0,NORMAL,0.0,0.0,100,normal,YES,PASS,0.0,0.0,0.004,0.0,
13:22:52.275,1.0148,1.0066,1.0069,0.0,normal,0.0,normal,0.0,normal,0.0,NORMAL,0.0,0.0,100,normal,YES,PASS,0.0,0.0,0.006,0.0,
13:22:52.447,1.058,1.0137,1.0038,0.0,normal,0.0,normal,0.0,normal,0.0,NORMAL,0.1,0.0,100,normal,YES,PASS,0.0,0.0,0.023,0.0,
13:22:52.639,1.0516,1.008,1.0099,0.0,normal,0.0,normal,0.0,normal,0.0,NORMAL,0.1,0.0,100,normal,YES,PASS,0.0,0.0,0.021,0.0,
13:22:52.824,1.0596,1.0051,1.0078,0.0,normal,0.0,normal,0.0,normal,0.0,NORMAL,0.1,0.0,100,normal,YES,PASS,0.0,0.0,0.024,0.0,
13:22:52.998,1.0238,1.0032,1.0127,0.0,normal,0.0,speed_hump,0.5395,normal,0.0,NORMAL,18.9,0.0,100,speed_hump,YES,PASS,0.0,0.0,0.01,0.54,
13:22:53.178,1.0405,1.0028,1.007,4.976,pothole,0.988,normal,0.0,normal,0.0,NORMAL,18.2,0.0,100,pothole,YES,PASS,0.0,0.403,0.016,0.0,
13:22:53.355,1.0318,1.0095,1.0009,4.976,pothole,0.988,normal,0.0,normal,0.0,NORMAL,31.5,0.22,100,pothole,YES,PASS,0.0,0.698,0.013,0.0,
13:22:53.545,1.0131,1.0105,1.0019,4.976,pothole,0.988,speed_hump,0.5529,normal,0.0,NORMAL,60.4,0.6,100,speed_hump,YES,PASS,0.0,0.912,0.005,0.553,
13:22:53.728,1.0564,1.0131,1.009,4.976,pothole,0.988,speed_hump,0.5439,normal,0.0,HAZARD,64.2,0.64,55,normal,NO,BLOCKED,0.0,1.0,0.023,0.544,
13:22:53.917,1.022,1.0091,1.0038,4.976,pothole,0.988,normal,0.0,normal,0.0,CAUTION,45.0,0.32,84,pothole,NO,BLOCKED,0.0,1.0,0.009,0.0,
13:22:54.102,1.0368,1.0089,1.0133,4.976,pothole,0.988,normal,0.0,normal,0.0,CAUTION,45.1,0.32,84,pothole,NO,BLOCKED,0.0,1.0,0.015,0.0,
13:22:54.285,1.0531,1.0091,1.0041,4.976,pothole,0.988,speed_hump,0.5319,normal,0.0,HAZARD,63.7,0.64,55,normal,NO,BLOCKED,0.0,1.0,0.021,0.532,
13:22:54.462,1.0068,1.0003,1.0095,4.976,pothole,0.988,speed_hump,0.535,normal,0.0,HAZARD,63.7,0.64,55,normal,NO,BLOCKED,0.0,1.0,0.003,0.535,
13:22:54.643,1.0215,1.0124,1.0101,4.976,pothole,0.988,normal,0.0,normal,0.0,CAUTION,45.0,0.32,84,pothole,NO,BLOCKED,0.0,1.0,0.009,0.0,
13:22:54.832,1.0107,1.0,1.0077,4.976,pothole,0.988,speed_hump,0.5163,normal,0.0,HAZARD,63.1,0.63,56,normal,NO,BLOCKED,0.0,1.0,0.004,0.516,
13:22:55.017,1.0088,1.0007,1.0009,5.0,pothole,1.0,speed_hump,0.5406,normal,0.0,HAZARD,63.9,0.64,55,normal,NO,BLOCKED,0.0,1.0,0.004,0.541,
13:22:55.195,1.0083,1.0134,1.0016,5.0,pothole,1.0,normal,0.0,normal,0.0,HAZARD,45.0,0.32,78,normal,NO,BLOCKED,0.0,1.0,0.003,0.0,
13:22:55.367,1.0035,1.0012,1.001,5.0,pothole,1.0,speed_hump,0.5306,normal,0.0,HAZARD,63.6,0.64,55,normal,NO,BLOCKED,0.0,1.0,0.001,0.531,
13:22:55.560,1.0202,1.0082,1.0091,5.0,pothole,1.0,speed_hump,0.5292,normal,0.0,HAZARD,63.6,0.64,56,normal,NO,BLOCKED,0.0,1.0,0.008,0.529,
13:22:55.752,1.0218,1.0032,1.0086,5.0,pothole,1.0,speed_hump,0.5406,normal,0.0,HAZARD,64.0,0.64,55,normal,NO,BLOCKED,0.0,1.0,0.009,0.541,
13:22:55.940,1.0429,1.0061,1.008,5.0,pothole,1.0,speed_hump,0.5343,normal,0.0,HAZARD,63.8,0.64,55,normal,NO,BLOCKED,0.0,1.0,0.017,0.534,
13:22:56.125,1.0637,1.0043,1.009,5.0,pothole,1.0,speed_hump,0.5104,normal,0.0,HAZARD,63.0,0.63,56,normal,NO,BLOCKED,0.0,1.0,0.025,0.51,
13:22:56.302,1.0355,1.0114,1.0116,5.0,pothole,1.0,speed_hump,0.5255,normal,0.0,HAZARD,63.5,0.63,56,normal,NO,BLOCKED,0.0,1.0,0.014,0.525,
13:22:56.488,1.0542,1.0029,1.0119,5.0,pothole,1.0,normal,0.0,normal,0.0,HAZARD,45.1,0.32,78,normal,NO,BLOCKED,0.0,1.0,0.022,0.0,
13:22:56.673,1.0242,1.0055,1.0021,5.0,pothole,1.0,speed_hump,0.514,normal,0.0,HAZARD,63.0,0.63,56,normal,NO,BLOCKED,0.0,1.0,0.01,0.514,
13:22:56.893,1.0253,1.0047,1.001,5.0,pothole,1.0,speed_hump,0.5202,normal,0.0,HAZARD,63.3,0.63,56,normal,NO,BLOCKED,0.0,1.0,0.01,0.52,
13:22:57.079,1.0311,1.0066,1.0056,5.0,pothole,1.0,normal,0.0,normal,0.0,HAZARD,45.1,0.32,78,normal,NO,BLOCKED,0.0,1.0,0.012,0.0,
13:22:57.252,1.0353,1.0007,1.0035,5.0,pothole,1.0,speed_hump,0.5295,normal,0.0,HAZARD,63.6,0.64,55,normal,NO,BLOCKED,0.0,1.0,0.014,0.53,
13:22:57.427,1.0402,1.0029,1.0086,5.0,pothole,1.0,speed_hump,0.5361,normal,0.0,HAZARD,63.8,0.64,55,normal,NO,BLOCKED,0.0,1.0,0.016,0.536,
13:22:57.604,1.062,1.0001,1.0033,5.0,pothole,1.0,normal,0.0,normal,0.0,HAZARD,45.1,0.32,78,normal,NO,BLOCKED,0.0,1.0,0.025,0.0,
13:22:57.775,1.0157,1.0052,1.0029,5.0,pothole,1.0,normal,0.0,normal,0.0,CAUTION,45.0,0.32,84,pothole,NO,BLOCKED,0.0,1.0,0.006,0.0,
13:22:57.956,1.0556,1.0097,1.0077,5.0,pothole,1.0,speed_hump,0.5258,normal,0.0,HAZARD,63.5,0.64,56,normal,NO,BLOCKED,0.0,1.0,0.022,0.526,
13:22:58.136,1.0279,1.0077,1.006,5.0,pothole,1.0,speed_hump,0.5182,normal,0.0,HAZARD,63.2,0.63,56,normal,NO,BLOCKED,0.0,1.0,0.011,0.518,
13:22:58.321,1.0374,1.0042,1.0116,5.0,pothole,1.0,normal,0.0,normal,0.0,CAUTION,45.1,0.32,84,pothole,NO,BLOCKED,0.0,1.0,0.015,0.0,
13:22:58.500,1.0525,1.0146,1.0032,5.0,pothole,1.0,speed_hump,0.5155,normal,0.0,HAZARD,63.1,0.63,56,normal,NO,BLOCKED,0.0,1.0,0.021,0.515,
13:22:58.673,1.0347,1.008,1.0099,5.0,pothole,1.0,speed_hump,0.5407,normal,0.0,HAZARD,64.0,0.64,55,normal,NO,BLOCKED,0.0,1.0,0.014,0.541,
13:22:58.855,1.009,1.0048,1.0115,5.0,pothole,1.0,normal,0.0,normal,0.0,HAZARD,45.0,0.32,78,normal,NO,BLOCKED,0.0,1.0,0.004,0.0,
13:22:59.033,1.0506,1.0024,1.0078,5.0,pothole,1.0,normal,0.0,normal,0.0,CAUTION,45.1,0.32,84,pothole,NO,BLOCKED,0.0,1.0,0.02,0.0,
13:22:59.213,1.0238,1.0009,1.0114,5.0,pothole,1.0,normal,0.0,normal,0.0,CAUTION,45.0,0.32,84,pothole,NO,BLOCKED,0.0,1.0,0.01,0.0,
13:22:59.379,1.0345,1.0136,1.0082,5.0,pothole,1.0,normal,0.0,normal,0.0,CAUTION,45.1,0.32,84,pothole,NO,BLOCKED,0.0,1.0,0.014,0.0,
13:22:59.558,1.0275,1.003,1.0002,5.0,pothole,1.0,normal,0.0,normal,0.0,CAUTION,45.1,0.32,84,pothole,NO,BLOCKED,0.0,1.0,0.011,0.0,
13:22:59.745,1.0206,1.0003,1.0119,5.0,pothole,1.0,normal,0.0,normal,0.0,CAUTION,45.0,0.32,84,pothole,NO,BLOCKED,0.0,1.0,0.008,0.0,
13:22:59.943,1.0016,1.0026,1.0076,5.0,pothole,1.0,normal,0.0,normal,0.0,CAUTION,45.0,0.32,84,pothole,NO,BLOCKED,0.0,1.0,0.001,0.0,
13:23:00.128,1.0441,1.0001,1.0076,0.0,normal,0.0,normal,0.0,normal,0.0,CAUTION,45.1,0.32,84,braking,NO,BLOCKED,0.0,1.0,0.018,0.0,
13:23:00.305,1.025,1.01,1.0116,0.0,normal,0.0,normal,0.0,normal,0.0,CAUTION,36.0,0.25,87,braking,NO,BLOCKED,0.0,0.799,0.01,0.0,
13:23:00.473,1.0532,1.0032,1.0128,0.0,normal,0.0,normal,0.0,normal,0.0,CAUTION,26.3,0.18,91,braking,NO,BLOCKED,0.0,0.583,0.021,0.0,
13:23:00.642,1.0073,1.0131,1.0011,0.0,normal,0.0,normal,0.0,normal,0.0,CAUTION,19.2,0.0,100,braking,NO,BLOCKED,0.0,0.426,0.003,0.0,
13:23:00.825,1.0123,1.0128,1.0012,0.0,normal,0.0,normal,0.0,normal,0.0,CAUTION,14.0,0.0,100,braking,NO,BLOCKED,0.0,0.311,0.005,0.0,
13:23:00.979,1.0217,1.0093,1.009,0.0,normal,0.0,normal,0.0,normal,0.0,NORMAL,10.2,0.0,100,normal,YES,PASS,0.0,0.227,0.009,0.0,
13:23:01.153,1.0472,1.0068,1.0071,0.0,normal,0.0,normal,0.0,normal,0.0,NORMAL,7.5,0.0,100,normal,YES,PASS,0.0,0.165,0.019,0.0,
13:23:01.336,1.0615,1.0069,1.0131,0.0,normal,0.0,normal,0.0,normal,0.0,NORMAL,5.6,0.0,100,normal,YES,PASS,0.0,0.121,0.025,0.0,
13:23:01.518,1.0112,1.0053,1.0093,0.0,normal,0.0,normal,0.0,normal,0.0,NORMAL,4.0,0.0,100,normal,YES,PASS,0.0,0.088,0.004,0.0,
13:23:01.700,1.0459,1.0081,1.0029,0.0,normal,0.0,normal,0.0,normal,0.0,NORMAL,3.0,0.0,100,normal,YES,PASS,0.0,0.064,0.018,0.0,
13:23:01.878,1.0441,1.007,1.0133,0.0,normal,0.0,normal,0.0,normal,0.0,NORMAL,2.2,0.0,100,normal,YES,PASS,0.0,0.047,0.018,0.0,
13:23:02.049,1.0259,1.0125,1.0109,0.0,normal,0.0,normal,0.0,normal,0.0,NORMAL,1.6,0.0,100,normal,YES,PASS,0.0,0.034,0.01,0.0,
13:23:02.215,1.0686,1.0091,1.0053,0.0,normal,0.0,normal,0.0,normal,0.0,NORMAL,1.3,0.0,100,normal,YES,PASS,0.0,0.025,0.027,0.0,
13:23:02.395,1.0409,1.0127,1.0046,0.0,normal,0.0,normal,0.0,normal,0.0,NORMAL,0.9,0.0,100,normal,YES,PASS,0.0,0.018,0.016,0.0,
13:23:02.577,1.0116,1.0037,1.0097,0.0,normal,0.0,normal,0.0,normal,0.0,NORMAL,0.6,0.0,100,normal,YES,PASS,0.0,0.013,0.005,0.0,
13:23:02.752,1.0165,1.0023,1.0112,0.0,normal,0.0,normal,0.0,normal,0.0,NORMAL,0.5,0.0,100,normal,YES,PASS,0.0,0.01,0.007,0.0,
13:23:02.916,1.0587,1.002,1.0023,0.0,normal,0.0,normal,0.0,normal,0.0,NORMAL,0.4,0.0,100,normal,YES,PASS,0.0,0.007,0.023,0.0,
13:23:03.087,1.0066,1.0101,1.0029,0.0,normal,0.0,normal,0.0,normal,0.0,NORMAL,0.2,0.0,100,normal,YES,PASS,0.0,0.005,0.003,0.0,
13:23:03.251,1.0261,1.0077,1.0118,0.0,normal,0.0,normal,0.0,normal,0.0,NORMAL,0.2,0.0,100,normal,YES,PASS,0.0,0.004,0.01,0.0,
13:23:03.422,1.004,1.0048,1.0074,0.0,normal,0.0,normal,0.0,normal,0.0,NORMAL,0.1,0.0,100,normal,YES,PASS,0.0,0.003,0.002,0.0,
13:23:03.592,1.0231,1.0012,1.004,0.0,normal,0.0,normal,0.0,normal,0.0,NORMAL,0.1,0.0,100,normal,YES,PASS,0.0,0.002,0.009,0.0,
13:23:03.753,1.0351,1.0029,1.0078,0.0,normal,0.0,normal,0.0,normal,0.0,NORMAL,0.1,0.0,100,normal,YES,PASS,0.0,0.001,0.014,0.0,
13:23:03.931,1.0183,1.011,1.0087,0.0,normal,0.0,normal,0.0,normal,0.0,NORMAL,0.1,0.0,100,normal,YES,PASS,0.0,0.001,0.007,0.0,
13:23:04.093,1.0529,1.0023,1.0002,0.0,normal,0.0,normal,0.0,normal,0.0,NORMAL,0.1,0.0,100,normal,YES,PASS,0.0,0.001,0.021,0.0,
13:23:04.271,1.0085,1.007,1.0103,0.0,normal,0.0,normal,0.0,normal,0.0,NORMAL,0.0,0.0,100,normal,YES,PASS,0.0,0.001,0.003,0.0,
13:23:04.440,1.0217,1.0036,1.0025,0.0,normal,0.0,normal,0.0,normal,0.0,NORMAL,0.1,0.0,100,normal,YES,PASS,0.0,0.0,0.009,0.0,
13:23:04.613,1.01,1.0098,1.0073,0.0,normal,0.0,normal,0.0,normal,0.0,NORMAL,0.0,0.0,100,normal,YES,PASS,0.0,0.0,0.004,0.0,
13:23:04.790,1.0331,1.0081,1.004,0.0,normal,0.0,normal,0.0,normal,0.0,NORMAL,0.1,0.0,100,normal,YES,PASS,0.0,0.0,0.013,0.0,
13:23:04.974,1.0015,1.0101,1.0147,0.0,normal,0.0,normal,0.0,normal,0.0,NORMAL,0.0,0.0,100,normal,YES,PASS,0.0,0.0,0.001,0.0,
13:23:05.152,1.0421,1.0049,1.0069,0.0,normal,0.0,normal,0.0,normal,0.0,NORMAL,0.1,0.0,100,normal,YES,PASS,0.0,0.0,0.017,0.0,
13:23:05.342,1.0618,1.0022,1.0027,0.0,normal,0.0,normal,0.0,normal,0.0,NORMAL,0.1,0.0,100,normal,YES,PASS,0.0,0.0,0.025,0.0,
13:23:05.546,1.0271,1.0086,1.0033,0.0,normal,0.0,normal,0.0,normal,0.0,NORMAL,0.1,0.0,100,normal,YES,PASS,0.0,0.0,0.011,0.0,
13:23:05.771,1.0499,1.0012,1.0013,0.0,normal,0.0,normal,0.0,normal,0.0,NORMAL,0.1,0.0,100,normal,YES,PASS,0.0,0.0,0.02,0.0,
13:23:06.038,1.0455,1.0052,1.008,0.0,normal,0.0,normal,0.0,normal,0.0,NORMAL,0.1,0.0,100,normal,YES,PASS,0.0,0.0,0.018,0.0,
13:23:06.290,1.0145,1.001,1.0014,0.0,normal,0.0,normal,0.0,normal,0.0,NORMAL,0.0,0.0,100,normal,YES,PASS,0.0,0.0,0.006,0.0,
13:23:06.556,1.0254,1.0083,1.0101,0.0,normal,0.0,normal,0.0,normal,0.0,NORMAL,0.1,0.0,100,normal,YES,PASS,0.0,0.0,0.01,0.0,
13:23:06.790,1.0051,1.0045,1.0049,0.0,normal,0.0,normal,0.0,normal,0.0,NORMAL,0.0,0.0,100,normal,YES,PASS,0.0,0.0,0.002,0.0,
13:23:07.018,1.0058,1.0049,1.0055,0.0,normal,0.0,normal,0.0,normal,0.0,NORMAL,0.0,0.0,100,normal,YES,PASS,0.0,0.0,0.002,0.0,
13:23:07.275,1.001,1.0077,1.0087,0.0,normal,0.0,normal,0.0,normal,0.0,NORMAL,0.0,0.0,100,normal,YES,PASS,0.0,0.0,0.0,0.0,
13:23:07.475,1.0339,1.0066,1.0088,0.0,normal,0.0,normal,0.0,normal,0.0,NORMAL,0.1,0.0,100,normal,YES,PASS,0.0,0.0,0.014,0.0,
13:23:07.662,1.0016,1.0021,1.0002,0.0,normal,0.0,normal,0.0,normal,0.0,NORMAL,0.0,0.0,100,normal,YES,PASS,0.0,0.0,0.001,0.0,
13:23:07.873,1.0058,1.0074,1.0141,0.0,normal,0.0,normal,0.0,normal,0.0,NORMAL,0.0,0.0,100,normal,YES,PASS,0.0,0.0,0.002,0.0,
13:23:08.118,1.0302,1.0168,1.0044,0.0,normal,0.0,normal,0.0,normal,0.0,NORMAL,0.1,0.0,100,normal,YES,PASS,0.0,0.0,0.012,0.0,
13:23:08.302,1.0842,1.0054,1.0003,0.0,normal,0.0,normal,0.0,normal,0.0,NORMAL,0.2,0.0,100,normal,YES,PASS,0.0,0.0,0.034,0.0,
13:23:08.525,1.0362,1.0086,1.0046,0.0,normal,0.0,normal,0.0,normal,0.0,NORMAL,0.1,0.0,100,normal,YES,PASS,0.0,0.0,0.014,0.0,
13:23:08.723,1.0016,1.0151,1.0026,0.0,normal,0.0,normal,0.0,normal,0.0,NORMAL,0.0,0.0,100,normal,YES,PASS,0.0,0.0,0.001,0.0,
13:23:08.922,1.0026,1.0047,1.0094,0.0,normal,0.0,normal,0.0,normal,0.0,NORMAL,0.0,0.0,100,normal,YES,PASS,0.0,0.0,0.001,0.0,
13:23:09.118,1.0156,1.0035,1.0009,0.0,normal,0.0,normal,0.0,normal,0.0,NORMAL,0.0,0.0,100,normal,YES,PASS,0.0,0.0,0.006,0.0,
13:23:09.306,1.0019,1.0031,1.0046,0.0,normal,0.0,normal,0.0,normal,0.0,NORMAL,0.0,0.0,100,normal,YES,PASS,0.0,0.0,0.001,0.0,
13:23:09.503,1.0037,1.0092,1.0106,0.0,normal,0.0,normal,0.0,normal,0.0,NORMAL,0.0,0.0,100,normal,YES,PASS,0.0,0.0,0.001,0.0,
13:23:09.708,1.0067,1.0113,1.0066,0.0,normal,0.0,normal,0.0,normal,0.0,NORMAL,0.0,0.0,100,normal,YES,PASS,0.0,0.0,0.003,0.0,
13:23:09.906,1.0259,1.009,1.0096,0.0,normal,0.0,normal,0.0,normal,0.0,NORMAL,0.1,0.0,100,normal,YES,PASS,0.0,0.0,0.01,0.0,
13:23:10.104,1.0256,1.0068,1.0085,0.0,normal,0.0,normal,0.0,normal,0.0,NORMAL,0.1,0.0,100,normal,YES,PASS,0.0,0.0,0.01,0.0,
13:23:10.317,1.0269,1.0027,1.0049,0.0,normal,0.0,normal,0.0,normal,0.0,NORMAL,0.1,0.0,100,normal,YES,PASS,0.0,0.0,0.011,0.0,
13:23:10.524,1.015,1.0008,1.0123,0.0,normal,0.0,normal,0.0,normal,0.0,NORMAL,0.0,0.0,100,normal,YES,PASS,0.0,0.0,0.006,0.0,
13:23:10.720,1.0095,1.0118,1.005,0.0,normal,0.0,normal,0.0,normal,0.0,NORMAL,0.0,0.0,100,normal,YES,PASS,0.0,0.0,0.004,0.0,
13:23:10.935,1.0042,1.0116,1.0094,0.0,normal,0.0,normal,0.0,normal,0.0,NORMAL,0.0,0.0,100,normal,YES,PASS,0.0,0.0,0.002,0.0,
13:23:11.125,1.0325,1.0015,1.0046,0.0,normal,0.0,normal,0.0,normal,0.0,NORMAL,0.1,0.0,100,normal,YES,PASS,0.0,0.0,0.013,0.0,
13:23:11.337,1.0135,1.0112,1.0106,0.0,normal,0.0,normal,0.0,normal,0.0,NORMAL,0.0,0.0,100,normal,YES,PASS,0.0,0.0,0.005,0.0,
13:23:11.535,1.017,1.0053,1.0042,0.0,normal,0.0,normal,0.0,normal,0.0,NORMAL,0.0,0.0,100,normal,YES,PASS,0.0,0.0,0.007,0.0,
13:23:11.790,1.0168,1.0042,1.0064,0.0,normal,0.0,normal,0.0,normal,0.0,NORMAL,0.0,0.0,100,normal,YES,PASS,0.0,0.0,0.007,0.0,
13:23:12.023,1.067,1.0093,1.0079,0.0,normal,0.0,normal,0.0,normal,0.0,NORMAL,0.1,0.0,100,normal,YES,PASS,0.0,0.0,0.027,0.0,
13:23:12.258,1.0255,1.0077,1.012,0.0,normal,0.0,normal,0.0,normal,0.0,NORMAL,0.1,0.0,100,normal,YES,PASS,0.0,0.0,0.01,0.0,
13:23:12.439,1.0195,1.0004,1.0059,0.0,normal,0.0,normal,0.0,normal,0.0,NORMAL,0.0,0.0,100,normal,YES,PASS,0.0,0.0,0.008,0.0,
13:23:12.620,1.0124,1.007,1.0021,0.0,normal,0.0,normal,0.0,normal,0.0,NORMAL,0.0,0.0,100,normal,YES,PASS,0.0,0.0,0.005,0.0,
13:23:12.806,1.0255,1.0065,1.0125,0.0,normal,0.0,normal,0.0,normal,0.0,NORMAL,0.1,0.0,100,normal,YES,PASS,0.0,0.0,0.01,0.0,
13:23:13.006,1.0458,1.0039,1.006,0.0,normal,0.0,normal,0.0,normal,0.0,NORMAL,0.1,0.0,100,normal,YES,PASS,0.0,0.0,0.018,0.0,
13:23:13.208,1.0299,1.0147,1.0097,0.0,normal,0.0,normal,0.0,normal,0.0,NORMAL,0.1,0.0,100,normal,YES,PASS,0.0,0.0,0.012,0.0,
13:23:13.401,1.0357,1.0035,1.0049,0.0,normal,0.0,normal,0.0,normal,0.0,NORMAL,0.1,0.0,100,normal,YES,PASS,0.0,0.0,0.014,0.0,
13:23:13.620,1.0215,1.0095,1.0082,0.0,normal,0.0,normal,0.0,normal,0.0,NORMAL,0.0,0.0,100,normal,YES,PASS,0.0,0.0,0.009,0.0,
13:23:13.839,1.0385,1.0116,1.0067,0.0,normal,0.0,normal,0.0,normal,0.0,NORMAL,0.1,0.0,100,normal,YES,PASS,0.0,0.0,0.015,0.0,
13:23:14.050,1.0336,1.0077,1.0087,0.0,normal,0.0,normal,0.0,normal,0.0,NORMAL,0.1,0.0,100,normal,YES,PASS,0.0,0.0,0.013,0.0,
13:23:14.283,1.0474,1.0073,1.0076,0.0,normal,0.0,normal,0.0,normal,0.0,NORMAL,0.1,0.0,100,normal,YES,PASS,0.0,0.0,0.019,0.0,
13:23:14.786,1.0623,1.0045,1.0066,0.0,normal,0.0,normal,0.0,normal,0.0,NORMAL,0.1,0.0,100,normal,YES,PASS,0.0,0.0,0.025,0.0,
13:23:15.005,1.0254,1.0086,1.0019,0.0,normal,0.0,normal,0.0,normal,0.0,NORMAL,0.1,0.0,100,normal,YES,PASS,0.0,0.0,0.01,0.0,
13:23:15.239,1.0313,1.0126,1.0026,0.0,normal,0.0,normal,0.0,normal,0.0,NORMAL,0.1,0.0,100,normal,YES,PASS,0.0,0.0,0.013,0.0,
13:23:15.539,1.0504,1.011,1.0043,0.0,normal,0.0,normal,0.0,normal,0.0,NORMAL,0.1,0.0,100,normal,YES,PASS,0.0,0.0,0.02,0.0,
13:23:15.755,1.0172,1.0028,1.0013,0.0,normal,0.0,normal,0.0,normal,0.0,NORMAL,0.0,0.0,100,normal,YES,PASS,0.0,0.0,0.007,0.0,
13:23:15.975,1.0139,1.0028,1.0134,0.0,normal,0.0,normal,0.0,normal,0.0,NORMAL,0.0,0.0,100,normal,YES,PASS,0.0,0.0,0.006,0.0,
13:23:16.142,1.0301,1.0106,1.0032,0.0,normal,0.0,normal,0.0,normal,0.0,NORMAL,0.1,0.0,100,normal,YES,PASS,0.0,0.0,0.012,0.0,
13:23:16.337,1.054,1.0104,1.0045,0.0,normal,0.0,normal,0.0,normal,0.0,NORMAL,0.1,0.0,100,normal,YES,PASS,0.0,0.0,0.022,0.0,
13:23:16.558,1.0341,1.0049,1.0103,0.0,normal,0.0,normal,0.0,normal,0.0,NORMAL,0.1,0.0,100,normal,YES,PASS,0.0,0.0,0.014,0.0,
13:23:16.754,1.0441,1.0131,1.0002,0.0,normal,0.0,normal,0.0,normal,0.0,NORMAL,0.1,0.0,100,normal,YES,PASS,0.0,0.0,0.018,0.0,
13:23:16.924,1.0361,1.0091,1.0044,0.0,normal,0.0,normal,0.0,normal,0.0,NORMAL,0.1,0.0,100,normal,YES,PASS,0.0,0.0,0.014,0.0,
13:23:17.104,1.0026,1.0021,1.0093,0.0,normal,0.0,normal,0.0,normal,0.0,NORMAL,0.0,0.0,100,normal,YES,PASS,0.0,0.0,0.001,0.0,
13:23:17.277,1.0438,1.0092,1.0172,0.0,normal,0.0,normal,0.0,normal,0.0,NORMAL,0.1,0.0,100,normal,YES,PASS,0.0,0.0,0.018,0.0,
13:23:17.473,1.0606,1.0066,1.0086,0.0,normal,0.0,normal,0.0,normal,0.0,NORMAL,0.1,0.0,100,normal,YES,PASS,0.0,0.0,0.024,0.0,
13:23:17.654,1.0337,1.0017,1.0118,0.0,normal,0.0,normal,0.0,normal,0.0,NORMAL,0.1,0.0,100,normal,YES,PASS,0.0,0.0,0.013,0.0,
13:23:17.857,1.0221,1.0044,1.0067,0.0,normal,0.0,normal,0.0,normal,0.0,NORMAL,0.0,0.0,100,normal,YES,PASS,0.0,0.0,0.009,0.0,
13:23:18.041,1.0422,1.0053,1.01,0.0,normal,0.0,normal,0.0,normal,0.0,NORMAL,0.1,0.0,100,normal,YES,PASS,0.0,0.0,0.017,0.0,
13:23:18.224,1.0247,1.0051,1.0028,0.0,normal,0.0,normal,0.0,normal,0.0,NORMAL,0.0,0.0,100,normal,YES,PASS,0.0,0.0,0.01,0.0,
13:23:18.405,1.0355,1.0055,1.0039,0.0,normal,0.0,normal,0.0,normal,0.0,NORMAL,0.1,0.0,100,normal,YES,PASS,0.0,0.0,0.014,0.0,
13:23:18.585,1.0056,1.0108,1.0093,0.0,normal,0.0,normal,0.0,normal,0.0,NORMAL,0.0,0.0,100,normal,YES,PASS,0.0,0.0,0.002,0.0,
13:23:18.771,1.0556,1.0013,1.0102,0.0,normal,0.0,normal,0.0,normal,0.0,NORMAL,0.1,0.0,100,normal,YES,PASS,0.0,0.0,0.022,0.0,
13:23:18.941,1.0061,1.0032,1.0144,0.0,normal,0.0,normal,0.0,normal,0.0,NORMAL,0.0,0.0,100,normal,YES,PASS,0.0,0.0,0.002,0.0,
13:23:19.120,1.0547,1.0055,1.0099,0.0,normal,0.0,normal,0.0,normal,0.0,NORMAL,0.1,0.0,100,normal,YES,PASS,0.0,0.0,0.022,0.0,
13:23:19.286,1.0319,1.0114,1.0113,0.0,normal,0.0,normal,0.0,normal,0.0,NORMAL,0.1,0.0,100,normal,YES,PASS,0.0,0.0,0.013,0.0,
13:23:19.492,1.0602,1.0094,1.0108,0.0,normal,0.0,normal,0.0,normal,0.0,NORMAL,0.1,0.0,100,normal,YES,PASS,0.0,0.0,0.024,0.0,
13:23:19.685,1.0082,1.0095,1.0118,0.0,normal,0.0,normal,0.0,normal,0.0,NORMAL,0.0,0.0,100,normal,YES,PASS,0.0,0.0,0.003,0.0,
13:23:19.904,1.0237,1.0086,1.0035,0.0,normal,0.0,normal,0.0,normal,0.0,NORMAL,0.0,0.0,100,normal,YES,PASS,0.0,0.0,0.009,0.0,
13:23:20.108,1.0579,1.0034,1.0011,0.0,normal,0.0,normal,0.0,normal,0.0,NORMAL,0.1,0.0,100,normal,YES,PASS,0.0,0.0,0.023,0.0,
13:23:20.288,1.0135,1.0058,1.0082,0.0,normal,0.0,normal,0.0,normal,0.0,NORMAL,0.0,0.0,100,normal,YES,PASS,0.0,0.0,0.005,0.0,
13:23:20.469,1.0317,1.0003,1.0001,0.0,normal,0.0,normal,0.0,normal,0.0,NORMAL,0.1,0.0,100,normal,YES,PASS,0.0,0.0,0.013,0.0,
13:23:20.641,1.0558,1.0075,1.0017,0.0,normal,0.0,normal,0.0,normal,0.0,NORMAL,0.1,0.0,100,normal,YES,PASS,0.0,0.0,0.022,0.0,
13:23:20.838,1.0082,1.0145,1.008,0.0,normal,0.0,normal,0.0,normal,0.0,NORMAL,0.0,0.0,100,normal,YES,PASS,0.0,0.0,0.003,0.0,
13:23:21.122,1.0451,1.0112,1.0043,0.0,normal,0.0,normal,0.0,normal,0.0,NORMAL,0.1,0.0,100,normal,YES,PASS,0.0,0.0,0.018,0.0,
13:23:21.374,1.0614,1.0116,1.0023,0.0,normal,0.0,normal,0.0,normal,0.0,NORMAL,0.1,0.0,100,normal,YES,PASS,0.0,0.0,0.025,0.0,
13:23:21.571,1.0021,1.0094,1.0146,0.0,normal,0.0,normal,0.0,normal,0.0,NORMAL,0.0,0.0,100,normal,YES,PASS,0.0,0.0,0.001,0.0,
13:23:21.758,1.004,1.0123,1.0121,0.0,normal,0.0,normal,0.0,normal,0.0,NORMAL,0.0,0.0,100,normal,YES,PASS,0.0,0.0,0.002,0.0,
13:23:21.939,1.0207,1.0102,1.0062,0.0,normal,0.0,normal,0.0,normal,0.0,NORMAL,0.0,0.0,100,normal,YES,PASS,0.0,0.0,0.008,0.0,
13:23:22.138,1.0102,1.0034,1.0025,0.0,normal,0.0,normal,0.0,normal,0.0,NORMAL,0.0,0.0,100,normal,YES,PASS,0.0,0.0,0.004,0.0,
13:23:22.336,1.0463,1.0058,1.0009,0.0,normal,0.0,normal,0.0,normal,0.0,NORMAL,0.1,0.0,100,normal,YES,PASS,0.0,0.0,0.019,0.0,
13:23:22.507,1.0544,1.0005,1.0018,0.0,normal,0.0,normal,0.0,normal,0.0,NORMAL,0.1,0.0,100,normal,YES,PASS,0.0,0.0,0.022,0.0,
13:23:22.687,1.019,1.0117,1.0022,0.0,normal,0.0,normal,0.0,normal,0.0,NORMAL,0.0,0.0,100,normal,YES,PASS,0.0,0.0,0.008,0.0,
13:23:22.873,1.0184,1.0112,1.0144,0.0,normal,0.0,normal,0.0,normal,0.0,NORMAL,0.0,0.0,100,normal,YES,PASS,0.0,0.0,0.007,0.0,
13:23:23.038,1.0333,1.0055,1.0094,0.0,normal,0.0,normal,0.0,normal,0.0,NORMAL,0.1,0.0,100,normal,YES,PASS,0.0,0.0,0.013,0.0,
13:23:23.220,1.0074,1.0047,1.0019,0.0,normal,0.0,normal,0.0,normal,0.0,NORMAL,0.0,0.0,100,normal,YES,PASS,0.0,0.0,0.003,0.0,
13:23:23.407,1.0467,1.0055,1.0093,0.0,normal,0.0,normal,0.0,normal,0.0,NORMAL,0.1,0.0,100,normal,YES,PASS,0.0,0.0,0.019,0.0,
13:23:23.577,1.0027,1.0145,1.0095,0.0,normal,0.0,normal,0.0,normal,0.0,NORMAL,0.0,0.0,100,normal,YES,PASS,0.0,0.0,0.001,0.0,
13:23:23.754,1.0244,1.003,1.0109,0.0,normal,0.0,normal,0.0,normal,0.0,NORMAL,0.0,0.0,100,normal,YES,PASS,0.0,0.0,0.01,0.0,
13:23:23.920,1.0223,1.0021,1.0078,0.0,normal,0.0,normal,0.0,normal,0.0,NORMAL,0.0,0.0,100,normal,YES,PASS,0.0,0.0,0.009,0.0,
13:23:24.107,1.0008,1.0094,1.0107,0.0,normal,0.0,normal,0.0,normal,0.0,NORMAL,0.0,0.0,100,normal,YES,PASS,0.0,0.0,0.0,0.0,
13:23:24.288,1.0182,1.0104,1.0145,0.0,normal,0.0,normal,0.0,normal,0.0,NORMAL,0.0,0.0,100,normal,YES,PASS,0.0,0.0,0.007,0.0,
13:23:24.452,1.0667,1.0028,1.0071,0.0,normal,0.0,normal,0.0,normal,0.0,NORMAL,0.1,0.0,100,normal,YES,PASS,0.0,0.0,0.027,0.0,
13:23:24.627,1.0011,1.0088,1.0012,0.0,normal,0.0,normal,0.0,normal,0.0,NORMAL,0.0,0.0,100,normal,YES,PASS,0.0,0.0,0.0,0.0,
13:23:24.807,1.0564,1.0125,1.006,0.0,normal,0.0,normal,0.0,normal,0.0,NORMAL,0.1,0.0,100,normal,YES,PASS,0.0,0.0,0.023,0.0,
13:23:24.970,1.0265,1.0008,1.0068,0.0,normal,0.0,normal,0.0,normal,0.0,NORMAL,0.1,0.0,100,normal,YES,PASS,0.0,0.0,0.011,0.0,
13:23:25.174,1.001,1.0062,1.0099,0.0,normal,0.0,normal,0.0,normal,0.0,NORMAL,0.0,0.0,100,normal,YES,PASS,0.0,0.0,0.0,0.0,
13:23:25.354,1.0621,1.0013,1.0055,0.0,normal,0.0,normal,0.0,normal,0.0,NORMAL,0.1,0.0,100,normal,YES,PASS,0.0,0.0,0.025,0.0,
13:23:25.520,1.0575,1.0132,1.0111,0.0,normal,0.0,normal,0.0,normal,0.0,NORMAL,0.1,0.0,100,normal,YES,PASS,0.0,0.0,0.023,0.0,
13:23:25.723,1.0582,1.0082,1.0123,0.0,normal,0.0,normal,0.0,normal,0.0,NORMAL,0.1,0.0,100,normal,YES,PASS,0.0,0.0,0.023,0.0,
13:23:25.888,1.026,1.004,1.0076,0.0,normal,0.0,normal,0.0,normal,0.0,NORMAL,0.1,0.0,100,normal,YES,PASS,0.0,0.0,0.01,0.0,
13:23:26.052,1.0245,1.0005,1.007,0.0,normal,0.0,normal,0.0,normal,0.0,NORMAL,0.0,0.0,100,normal,YES,PASS,0.0,0.0,0.01,0.0,
13:23:26.257,1.0576,1.0078,1.0118,0.0,normal,0.0,normal,0.0,normal,0.0,NORMAL,0.1,0.0,100,normal,YES,PASS,0.0,0.0,0.023,0.0,
13:23:26.438,1.0127,1.0108,1.0008,0.0,normal,0.0,normal,0.0,normal,0.0,NORMAL,0.0,0.0,100,normal,YES,PASS,0.0,0.0,0.005,0.0,
13:23:26.610,1.0362,1.0075,1.0111,0.0,normal,0.0,normal,0.0,normal,0.0,NORMAL,0.1,0.0,100,normal,YES,PASS,0.0,0.0,0.014,0.0,
13:23:26.788,1.0027,1.0071,1.0128,0.0,normal,0.0,normal,0.0,normal,0.0,NORMAL,0.0,0.0,100,normal,YES,PASS,0.0,0.0,0.001,0.0,
13:23:26.971,1.0065,1.0078,1.0016,0.0,normal,0.0,normal,0.0,normal,0.0,NORMAL,0.0,0.0,100,normal,YES,PASS,0.0,0.0,0.003,0.0,
13:23:27.141,1.0402,1.0071,1.0109,0.0,normal,0.0,normal,0.0,normal,0.0,NORMAL,0.1,0.0,100,normal,YES,PASS,0.0,0.0,0.016,0.0,
13:23:27.352,1.0204,1.0019,1.003,0.0,normal,0.0,normal,0.0,normal,0.0,NORMAL,0.0,0.0,100,normal,YES,PASS,0.0,0.0,0.008,0.0,
13:23:27.524,1.0112,1.0052,1.0009,0.0,normal,0.0,normal,0.0,normal,0.0,NORMAL,0.0,0.0,100,normal,YES,PASS,0.0,0.0,0.004,0.0,
13:23:27.685,1.0542,1.0118,1.0076,0.0,normal,0.0,normal,0.0,normal,0.0,NORMAL,0.1,0.0,100,normal,YES,PASS,0.0,0.0,0.022,0.0,
13:23:27.844,1.0151,1.0058,1.0094,0.0,normal,0.0,normal,0.0,normal,0.0,NORMAL,0.0,0.0,100,normal,YES,PASS,0.0,0.0,0.006,0.0,
13:23:28.007,1.0158,1.0007,1.0058,0.0,normal,0.0,normal,0.0,normal,0.0,NORMAL,0.0,0.0,100,normal,YES,PASS,0.0,0.0,0.006,0.0,
13:23:28.188,1.0391,1.0027,1.0077,0.0,normal,0.0,normal,0.0,normal,0.0,NORMAL,0.1,0.0,100,normal,YES,PASS,0.0,0.0,0.016,0.0,
13:23:28.373,1.0332,1.0069,1.0094,0.0,normal,0.0,normal,0.0,normal,0.0,NORMAL,0.1,0.0,100,normal,YES,PASS,0.0,0.0,0.013,0.0,
13:23:28.553,1.0139,1.0028,1.0067,0.0,normal,0.0,normal,0.0,normal,0.0,NORMAL,0.0,0.0,100,normal,YES,PASS,0.0,0.0,0.006,0.0,
13:23:28.724,1.0243,1.0026,1.012,0.0,normal,0.0,normal,0.0,normal,0.0,NORMAL,0.0,0.0,100,normal,YES,PASS,0.0,0.0,0.01,0.0,
13:23:28.904,1.0529,1.012,1.0058,0.0,normal,0.0,normal,0.0,normal,0.0,NORMAL,0.1,0.0,100,normal,YES,PASS,0.0,0.0,0.021,0.0,
13:23:29.107,1.0654,1.0062,1.011,0.0,normal,0.0,normal,0.0,normal,0.0,NORMAL,0.1,0.0,100,normal,YES,PASS,0.0,0.0,0.026,0.0,
13:23:29.271,1.0537,1.0005,1.0003,0.0,normal,0.0,normal,0.0,normal,0.0,NORMAL,0.1,0.0,100,normal,YES,PASS,0.0,0.0,0.021,0.0,
13:23:29.435,1.0395,1.0047,1.0004,0.0,normal,0.0,normal,0.0,normal,0.0,NORMAL,0.1,0.0,100,normal,YES,PASS,0.0,0.0,0.016,0.0,
13:23:29.607,1.0474,1.0101,1.0068,0.0,normal,0.0,normal,0.0,normal,0.0,NORMAL,0.1,0.0,100,normal,YES,PASS,0.0,0.0,0.019,0.0,
13:23:29.790,1.0299,1.0003,1.0073,0.0,normal,0.0,normal,0.0,normal,0.0,NORMAL,0.1,0.0,100,normal,YES,PASS,0.0,0.0,0.012,0.0,
13:23:29.972,1.0136,1.0054,1.0097,0.0,normal,0.0,normal,0.0,normal,0.0,NORMAL,0.0,0.0,100,normal,YES,PASS,0.0,0.0,0.005,0.0,
13:23:30.138,1.0114,1.0055,1.0104,0.0,normal,0.0,normal,0.0,normal,0.0,NORMAL,0.0,0.0,100,normal,YES,PASS,0.0,0.0,0.005,0.0,
13:23:30.303,1.0207,1.0037,1.0091,0.0,normal,0.0,normal,0.0,normal,0.0,NORMAL,0.0,0.0,100,normal,YES,PASS,0.0,0.0,0.008,0.0,
13:23:30.469,1.0056,1.0019,1.0114,0.0,normal,0.0,normal,0.0,normal,0.0,NORMAL,0.0,0.0,100,normal,YES,PASS,0.0,0.0,0.002,0.0,
13:23:30.674,1.008,1.0037,1.0123,0.0,normal,0.0,normal,0.0,normal,0.0,NORMAL,0.0,0.0,100,normal,YES,PASS,0.0,0.0,0.003,0.0,
13:23:30.853,1.07,1.0118,1.0124,0.0,normal,0.0,normal,0.0,normal,0.0,NORMAL,0.1,0.0,100,normal,YES,PASS,0.0,0.0,0.028,0.0,
13:23:31.034,1.034,1.0093,1.0104,0.0,normal,0.0,normal,0.0,normal,0.0,NORMAL,0.1,0.0,100,normal,YES,PASS,0.0,0.0,0.014,0.0,
13:23:31.207,1.0559,1.0015,1.0125,0.0,normal,0.0,normal,0.0,normal,0.0,NORMAL,0.1,0.0,100,normal,YES,PASS,0.0,0.0,0.022,0.0,
13:23:31.390,1.0376,1.0054,1.0012,0.0,normal,0.0,normal,0.0,normal,0.0,NORMAL,0.1,0.0,100,normal,YES,PASS,0.0,0.0,0.015,0.0,
13:23:31.570,1.0063,1.0094,1.0034,0.0,normal,0.0,normal,0.0,normal,0.0,NORMAL,0.0,0.0,100,normal,YES,PASS,0.0,0.0,0.003,0.0,
13:23:31.760,1.0625,1.0029,1.0098,0.0,normal,0.0,normal,0.0,normal,0.0,NORMAL,0.1,0.0,100,normal,YES,PASS,0.0,0.0,0.025,0.0,
13:23:31.938,1.0392,1.0017,1.0084,0.0,normal,0.0,normal,0.0,normal,0.0,NORMAL,0.1,0.0,100,normal,YES,PASS,0.0,0.0,0.016,0.0,
13:23:32.110,1.0513,1.0073,1.0068,0.0,normal,0.0,normal,0.0,normal,0.0,NORMAL,0.1,0.0,100,normal,YES,PASS,0.0,0.0,0.021,0.0,
13:23:32.305,1.0299,1.0019,1.0048,0.0,normal,0.0,normal,0.0,normal,0.0,NORMAL,0.1,0.0,100,normal,YES,PASS,0.0,0.0,0.012,0.0,
13:23:32.486,1.0274,1.0039,1.012,0.0,normal,0.0,normal,0.0,normal,0.0,NORMAL,0.1,0.0,100,normal,YES,PASS,0.0,0.0,0.011,0.0,
13:23:32.657,1.0715,1.0126,1.0048,0.0,normal,0.0,normal,0.0,normal,0.0,NORMAL,0.1,0.0,100,normal,YES,PASS,0.0,0.0,0.029,0.0,
13:23:32.838,1.0096,1.0105,1.0017,0.0,normal,0.0,normal,0.0,normal,0.0,NORMAL,0.0,0.0,100,normal,YES,PASS,0.0,0.0,0.004,0.0,
13:23:33.019,1.0103,1.0126,1.0054,0.0,normal,0.0,normal,0.0,normal,0.0,NORMAL,0.0,0.0,100,normal,YES,PASS,0.0,0.0,0.004,0.0,
13:23:33.207,1.0104,1.0082,1.0152,0.0,normal,0.0,normal,0.0,normal,0.0,NORMAL,0.0,0.0,100,normal,YES,PASS,0.0,0.0,0.004,0.0,
13:23:33.384,1.0107,1.01,1.0106,0.0,normal,0.0,normal,0.0,normal,0.0,NORMAL,0.0,0.0,100,normal,YES,PASS,0.0,0.0,0.004,0.0,
13:23:33.556,1.0094,1.0001,1.005,0.0,normal,0.0,normal,0.0,normal,0.0,NORMAL,0.0,0.0,100,normal,YES,PASS,0.0,0.0,0.004,0.0,
13:23:33.752,1.0061,1.0048,1.0106,0.0,normal,0.0,normal,0.0,normal,0.0,NORMAL,0.0,0.0,100,normal,YES,PASS,0.0,0.0,0.002,0.0,
13:23:33.955,1.0284,1.0071,1.013,0.0,normal,0.0,normal,0.0,normal,0.0,NORMAL,0.1,0.0,100,normal,YES,PASS,0.0,0.0,0.011,0.0,
13:23:34.168,1.0419,1.0023,1.0028,0.0,normal,0.0,normal,0.0,normal,0.0,NORMAL,0.1,0.0,100,normal,YES,PASS,0.0,0.0,0.017,0.0,
13:23:34.357,1.0014,1.0095,1.0023,0.0,normal,0.0,normal,0.0,normal,0.0,NORMAL,0.0,0.0,100,normal,YES,PASS,0.0,0.0,0.001,0.0,
13:23:34.537,1.0237,1.0022,1.0011,0.0,normal,0.0,normal,0.0,normal,0.0,NORMAL,0.0,0.0,100,normal,YES,PASS,0.0,0.0,0.009,0.0,
13:23:34.702,1.0216,1.0146,1.0058,0.0,normal,0.0,normal,0.0,normal,0.0,NORMAL,0.0,0.0,100,normal,YES,PASS,0.0,0.0,0.009,0.0,
13:23:34.906,1.06,1.0055,1.01,0.0,normal,0.0,normal,0.0,normal,0.0,NORMAL,0.1,0.0,100,normal,YES,PASS,0.0,0.0,0.024,0.0,
13:23:35.084,1.0477,1.006,1.0041,0.0,normal,0.0,normal,0.0,normal,0.0,NORMAL,0.1,0.0,100,normal,YES,PASS,0.0,0.0,0.019,0.0,
13:23:35.253,1.0497,1.0074,1.011,0.0,normal,0.0,normal,0.0,normal,0.0,NORMAL,0.1,0.0,100,normal,YES,PASS,0.0,0.0,0.02,0.0,
13:23:35.423,1.045,1.0066,1.0022,0.0,normal,0.0,normal,0.0,normal,0.0,NORMAL,0.1,0.0,100,normal,YES,PASS,0.0,0.0,0.018,0.0,
13:23:35.605,1.0396,1.0107,1.0046,0.0,normal,0.0,normal,0.0,normal,0.0,NORMAL,0.1,0.0,100,normal,YES,PASS,0.0,0.0,0.016,0.0,
13:23:35.787,1.0529,1.009,1.0068,0.0,normal,0.0,normal,0.0,normal,0.0,NORMAL,0.1,0.0,100,normal,YES,PASS,0.0,0.0,0.021,0.0,
13:23:35.967,1.0597,1.0024,1.0076,0.0,normal,0.0,normal,0.0,normal,0.0,NORMAL,0.1,0.0,100,normal,YES,PASS,0.0,0.0,0.024,0.0,
13:23:36.154,1.0515,1.0073,1.0049,0.0,normal,0.0,normal,0.0,normal,0.0,NORMAL,0.1,0.0,100,normal,YES,PASS,0.0,0.0,0.021,0.0,
13:23:36.337,1.0014,1.0084,1.0055,0.0,normal,0.0,normal,0.0,normal,0.0,NORMAL,0.0,0.0,100,normal,YES,PASS,0.0,0.0,0.001,0.0,
13:23:36.555,1.0354,1.016,1.0133,0.0,normal,0.0,normal,0.0,normal,0.0,NORMAL,0.1,0.0,100,normal,YES,PASS,0.0,0.0,0.014,0.0,
13:23:36.721,1.0218,1.0109,1.0035,0.0,normal,0.0,normal,0.0,normal,0.0,NORMAL,0.0,0.0,100,normal,YES,PASS,0.0,0.0,0.009,0.0,
13:23:36.884,1.007,1.0097,1.0048,0.0,normal,0.0,normal,0.0,normal,0.0,NORMAL,0.0,0.0,100,normal,YES,PASS,0.0,0.0,0.003,0.0,
13:23:37.056,1.0295,1.01,1.0128,0.0,normal,0.0,normal,0.0,normal,0.0,NORMAL,0.1,0.0,100,normal,YES,PASS,0.0,0.0,0.012,0.0,
13:23:37.224,1.0139,1.0043,1.0106,0.0,normal,0.0,normal,0.0,normal,0.0,NORMAL,0.0,0.0,100,normal,YES,PASS,0.0,0.0,0.006,0.0,
13:23:37.421,1.0177,1.0006,1.0049,0.0,normal,0.0,normal,0.0,normal,0.0,NORMAL,0.0,0.0,100,normal,YES,PASS,0.0,0.0,0.007,0.0,
13:23:37.601,1.0555,1.0056,1.0067,0.0,normal,0.0,normal,0.0,normal,0.0,NORMAL,0.1,0.0,100,normal,YES,PASS,0.0,0.0,0.022,0.0,
13:23:37.772,1.05,1.0101,1.0013,0.0,normal,0.0,normal,0.0,normal,0.0,NORMAL,0.1,0.0,100,normal,YES,PASS,0.0,0.0,0.02,0.0,
13:23:37.966,1.0602,1.0018,1.0028,0.0,normal,0.0,normal,0.0,normal,0.0,NORMAL,0.1,0.0,100,normal,YES,PASS,0.0,0.0,0.024,0.0,
13:23:38.166,1.0508,1.0048,1.003,0.0,normal,0.0,normal,0.0,normal,0.0,NORMAL,0.1,0.0,100,normal,YES,PASS,0.0,0.0,0.02,0.0,
13:23:38.355,1.037,1.0018,1.001,0.0,normal,0.0,normal,0.0,normal,0.0,NORMAL,0.1,0.0,100,normal,YES,PASS,0.0,0.0,0.015,0.0,
13:23:38.574,1.0053,1.0007,1.0087,0.0,normal,0.0,normal,0.0,normal,0.0,NORMAL,0.0,0.0,100,normal,YES,PASS,0.0,0.0,0.002,0.0,
13:23:38.751,1.0383,1.0055,1.0132,0.0,normal,0.0,normal,0.0,normal,0.0,NORMAL,0.1,0.0,100,normal,YES,PASS,0.0,0.0,0.015,0.0,
13:23:38.919,1.0416,1.0083,1.0073,0.0,normal,0.0,normal,0.0,normal,0.0,NORMAL,0.1,0.0,100,normal,YES,PASS,0.0,0.0,0.017,0.0,
13:23:39.120,1.0495,1.0073,1.0055,0.0,normal,0.0,normal,0.0,normal,0.0,NORMAL,0.1,0.0,100,normal,YES,PASS,0.0,0.0,0.02,0.0,
13:23:39.388,1.0022,1.0056,1.0081,0.0,normal,0.0,normal,0.0,normal,0.0,NORMAL,0.0,0.0,100,normal,YES,PASS,0.0,0.0,0.001,0.0,
13:23:39.656,1.0072,1.006,1.0046,0.0,normal,0.0,normal,0.0,normal,0.0,NORMAL,0.0,0.0,100,normal,YES,PASS,0.0,0.0,0.003,0.0,
13:23:39.907,1.0616,1.0076,1.0086,0.0,normal,0.0,normal,0.0,normal,0.0,NORMAL,0.1,0.0,100,normal,YES,PASS,0.0,0.0,0.025,0.0,
13:23:40.105,1.0158,1.005,1.0063,0.0,normal,0.0,normal,0.0,normal,0.0,NORMAL,0.0,0.0,100,normal,YES,PASS,0.0,0.0,0.006,0.0,
13:23:40.288,1.05,1.0001,1.0071,0.0,normal,0.0,normal,0.0,normal,0.0,NORMAL,0.1,0.0,100,normal,YES,PASS,0.0,0.0,0.02,0.0,
13:23:40.470,1.0443,1.0121,1.0026,0.0,normal,0.0,normal,0.0,normal,0.0,NORMAL,0.1,0.0,100,normal,YES,PASS,0.0,0.0,0.018,0.0,
13:23:40.655,1.0071,1.0055,1.001,0.0,normal,0.0,normal,0.0,normal,0.0,NORMAL,0.0,0.0,100,normal,YES,PASS,0.0,0.0,0.003,0.0,
13:23:40.920,1.0293,1.0018,1.0076,0.0,normal,0.0,normal,0.0,normal,0.0,NORMAL,0.1,0.0,100,normal,YES,PASS,0.0,0.0,0.012,0.0,
13:23:41.121,1.0607,1.0047,1.004,0.0,normal,0.0,normal,0.0,normal,0.0,NORMAL,0.1,0.0,100,normal,YES,PASS,0.0,0.0,0.024,0.0,
13:23:41.318,1.0653,1.0042,1.0132,0.0,normal,0.0,normal,0.0,normal,0.0,NORMAL,0.1,0.0,100,normal,YES,PASS,0.0,0.0,0.026,0.0,
13:23:41.501,1.0394,1.0121,1.0043,0.0,normal,0.0,normal,0.0,normal,0.0,NORMAL,0.1,0.0,100,normal,YES,PASS,0.0,0.0,0.016,0.0,
13:23:41.690,1.0314,1.0014,1.0003,0.0,normal,0.0,normal,0.0,normal,0.0,NORMAL,0.1,0.0,100,normal,YES,PASS,0.0,0.0,0.013,0.0,
13:23:41.890,1.0436,1.004,1.006,0.0,normal,0.0,normal,0.0,normal,0.0,NORMAL,0.1,0.0,100,normal,YES,PASS,0.0,0.0,0.017,0.0,
13:23:42.071,1.0032,1.0001,1.0111,0.0,normal,0.0,normal,0.0,normal,0.0,NORMAL,0.0,0.0,100,normal,YES,PASS,0.0,0.0,0.001,0.0,
13:23:42.268,1.0413,1.0086,1.0131,0.0,normal,0.0,normal,0.0,normal,0.0,NORMAL,0.1,0.0,100,normal,YES,PASS,0.0,0.0,0.017,0.0,
13:23:42.471,1.0403,1.0058,1.0058,0.0,normal,0.0,normal,0.0,normal,0.0,NORMAL,0.1,0.0,100,normal,YES,PASS,0.0,0.0,0.016,0.0,
13:23:42.672,1.0109,1.0091,1.003,0.0,normal,0.0,normal,0.0,normal,0.0,NORMAL,0.0,0.0,100,normal,YES,PASS,0.0,0.0,0.004,0.0,
13:23:42.854,1.0345,1.0017,1.0071,0.0,normal,0.0,normal,0.0,normal,0.0,NORMAL,0.1,0.0,100,normal,YES,PASS,0.0,0.0,0.014,0.0,
13:23:43.036,1.0019,1.001,1.0073,0.0,normal,0.0,normal,0.0,normal,0.0,NORMAL,0.0,0.0,100,normal,YES,PASS,0.0,0.0,0.001,0.0,
13:23:43.235,1.0048,1.0066,1.0118,0.0,normal,0.0,normal,0.0,normal,0.0,NORMAL,0.0,0.0,100,normal,YES,PASS,0.0,0.0,0.002,0.0,
13:23:43.434,1.0303,1.0098,1.0032,0.0,normal,0.0,normal,0.0,normal,0.0,NORMAL,0.1,0.0,100,normal,YES,PASS,0.0,0.0,0.012,0.0,
13:23:43.615,1.016,1.0091,1.0054,0.0,normal,0.0,normal,0.0,normal,0.0,NORMAL,0.0,0.0,100,normal,YES,PASS,0.0,0.0,0.006,0.0,
13:23:43.788,1.0378,1.0119,1.0137,0.0,normal,0.0,normal,0.0,normal,0.0,NORMAL,0.1,0.0,100,normal,YES,PASS,0.0,0.0,0.015,0.0,
13:23:43.971,1.0523,1.0027,1.0095,0.0,normal,0.0,normal,0.0,normal,0.0,NORMAL,0.1,0.0,100,normal,YES,PASS,0.0,0.0,0.021,0.0,
13:23:44.154,1.0064,1.0078,1.0046,0.0,normal,0.0,normal,0.0,normal,0.0,NORMAL,0.0,0.0,100,normal,YES,PASS,0.0,0.0,0.003,0.0,
13:23:44.321,1.0061,1.0146,1.0094,0.0,normal,0.0,normal,0.0,normal,0.0,NORMAL,0.0,0.0,100,normal,YES,PASS,0.0,0.0,0.002,0.0,
13:23:44.504,1.0251,1.0097,1.0156,0.0,normal,0.0,normal,0.0,normal,0.0,NORMAL,0.1,0.0,100,normal,YES,PASS,0.0,0.0,0.01,0.0,
13:23:44.672,1.0412,1.0097,1.0087,0.0,normal,0.0,normal,0.0,normal,0.0,NORMAL,0.1,0.0,100,normal,YES,PASS,0.0,0.0,0.016,0.0,
13:23:44.855,1.0177,1.0148,1.0006,0.0,normal,0.0,normal,0.0,normal,0.0,NORMAL,0.0,0.0,100,normal,YES,PASS,0.0,0.0,0.007,0.0,
13:23:45.039,1.0341,1.0038,1.0058,0.0,normal,0.0,normal,0.0,normal,0.0,NORMAL,0.1,0.0,100,normal,YES,PASS,0.0,0.0,0.014,0.0,
13:23:45.221,1.0442,1.0054,1.0027,0.0,normal,0.0,normal,0.0,normal,0.0,NORMAL,0.1,0.0,100,normal,YES,PASS,0.0,0.0,0.018,0.0,
13:23:45.420,1.0567,1.0079,1.0042,0.0,normal,0.0,normal,0.0,normal,0.0,NORMAL,0.1,0.0,100,normal,YES,PASS,0.0,0.0,0.023,0.0,
13:23:45.603,1.0559,1.0121,1.0106,0.0,normal,0.0,normal,0.0,normal,0.0,NORMAL,0.1,0.0,100,normal,YES,PASS,0.0,0.0,0.022,0.0,
13:23:45.785,1.0162,1.0055,1.0036,0.0,normal,0.0,normal,0.0,normal,0.0,NORMAL,0.0,0.0,100,normal,YES,PASS,0.0,0.0,0.006,0.0,
13:23:45.968,1.0112,1.0004,1.0109,0.0,normal,0.0,normal,0.0,normal,0.0,NORMAL,0.0,0.0,100,normal,YES,PASS,0.0,0.0,0.004,0.0,
13:23:46.166,1.0196,1.0041,1.0002,0.0,normal,0.0,normal,0.0,normal,0.0,NORMAL,0.0,0.0,100,normal,YES,PASS,0.0,0.0,0.008,0.0,
13:23:46.334,1.0228,1.0025,1.0086,0.0,normal,0.0,normal,0.0,normal,0.0,NORMAL,0.0,0.0,100,normal,YES,PASS,0.0,0.0,0.009,0.0,
13:23:46.604,1.0283,1.0064,1.0069,0.0,normal,0.0,normal,0.0,normal,0.0,NORMAL,0.1,0.0,100,normal,YES,PASS,0.0,0.0,0.011,0.0,
13:23:46.820,1.0401,1.0053,1.0014,0.0,normal,0.0,normal,0.0,normal,0.0,NORMAL,0.1,0.0,100,normal,YES,PASS,0.0,0.0,0.016,0.0,
13:23:47.017,1.0048,1.0059,1.0067,0.0,normal,0.0,normal,0.0,normal,0.0,NORMAL,0.0,0.0,100,normal,YES,PASS,0.0,0.0,0.002,0.0,
13:23:47.200,1.0564,1.0063,1.0117,0.0,normal,0.0,normal,0.0,normal,0.0,NORMAL,0.1,0.0,100,normal,YES,PASS,0.0,0.0,0.023,0.0,
13:23:47.381,1.0006,1.0097,1.0001,0.0,normal,0.0,normal,0.0,normal,0.0,NORMAL,0.0,0.0,100,normal,YES,PASS,0.0,0.0,0.0,0.0,
13:23:47.572,1.0432,1.0001,1.0003,0.0,normal,0.0,normal,0.0,normal,0.0,NORMAL,0.1,0.0,100,normal,YES,PASS,0.0,0.0,0.017,0.0,
13:23:47.771,1.0724,1.0099,1.0097,0.0,normal,0.0,normal,0.0,normal,0.0,NORMAL,0.1,0.0,100,normal,YES,PASS,0.0,0.0,0.029,0.0,
13:23:47.938,1.0581,1.0111,1.0023,0.0,normal,0.0,normal,0.0,normal,0.0,NORMAL,0.1,0.0,100,normal,YES,PASS,0.0,0.0,0.023,0.0,
13:23:48.125,1.0418,1.0055,1.0059,0.0,normal,0.0,normal,0.0,normal,0.0,NORMAL,0.1,0.0,100,normal,YES,PASS,0.0,0.0,0.017,0.0,
13:23:48.303,1.0308,1.0054,1.0096,0.0,normal,0.0,normal,0.0,normal,0.0,NORMAL,0.1,0.0,100,normal,YES,PASS,0.0,0.0,0.012,0.0,
13:23:48.484,1.0091,1.0093,1.0049,0.0,normal,0.0,normal,0.0,normal,0.0,NORMAL,0.0,0.0,100,normal,YES,PASS,0.0,0.0,0.004,0.0,
13:23:48.666,1.0389,1.0039,1.0025,0.0,normal,0.0,normal,0.0,normal,0.0,NORMAL,0.1,0.0,100,normal,YES,PASS,0.0,0.0,0.016,0.0,
13:23:48.865,1.0203,1.004,1.0065,0.0,normal,0.0,normal,0.0,normal,0.0,NORMAL,0.0,0.0,100,normal,YES,PASS,0.0,0.0,0.008,0.0,
13:23:49.070,1.0115,1.0014,1.0054,0.0,normal,0.0,normal,0.0,normal,0.0,NORMAL,0.0,0.0,100,normal,YES,PASS,0.0,0.0,0.005,0.0,
13:23:49.268,1.0468,1.0059,1.008,0.0,normal,0.0,normal,0.0,normal,0.0,NORMAL,0.1,0.0,100,normal,YES,PASS,0.0,0.0,0.019,0.0,
13:23:49.450,1.0261,1.0003,1.0125,0.0,normal,0.0,normal,0.0,normal,0.0,NORMAL,0.1,0.0,100,normal,YES,PASS,0.0,0.0,0.01,0.0,
13:23:49.649,1.0236,1.0127,1.011,0.0,normal,0.0,normal,0.0,normal,0.0,NORMAL,0.0,0.0,100,normal,YES,PASS,0.0,0.0,0.009,0.0,
13:23:49.849,1.0075,1.0029,1.0132,0.0,normal,0.0,normal,0.0,normal,0.0,NORMAL,0.0,0.0,100,normal,YES,PASS,0.0,0.0,0.003,0.0,
13:23:50.056,1.053,1.0066,1.0062,0.0,normal,0.0,normal,0.0,normal,0.0,NORMAL,0.1,0.0,100,normal,YES,PASS,0.0,0.0,0.021,0.0,
13:23:50.222,1.0292,1.0055,1.0059,0.0,normal,0.0,normal,0.0,normal,0.0,NORMAL,0.1,0.0,100,normal,YES,PASS,0.0,0.0,0.012,0.0,
13:23:50.406,1.0343,1.0101,1.0032,0.0,normal,0.0,normal,0.0,normal,0.0,NORMAL,0.1,0.0,100,normal,YES,PASS,0.0,0.0,0.014,0.0,
13:23:50.588,1.0243,1.0086,1.0077,0.0,normal,0.0,normal,0.0,normal,0.0,NORMAL,0.0,0.0,100,normal,YES,PASS,0.0,0.0,0.01,0.0,
13:23:50.769,1.0027,1.0092,1.0059,0.0,normal,0.0,normal,0.0,normal,0.0,NORMAL,0.0,0.0,100,normal,YES,PASS,0.0,0.0,0.001,0.0,
13:23:50.968,1.0558,1.004,1.0074,0.0,normal,0.0,normal,0.0,normal,0.0,NORMAL,0.1,0.0,100,normal,YES,PASS,0.0,0.0,0.022,0.0,
13:23:51.149,1.008,1.0082,1.0052,0.0,normal,0.0,normal,0.0,normal,0.0,NORMAL,0.0,0.0,100,normal,YES,PASS,0.0,0.0,0.003,0.0,
13:23:51.339,1.02,1.0034,1.0012,0.0,normal,0.0,normal,0.0,normal,0.0,NORMAL,0.0,0.0,100,normal,YES,PASS,0.0,0.0,0.008,0.0,
13:23:51.536,1.0107,1.0012,1.007,0.0,normal,0.0,normal,0.0,normal,0.0,NORMAL,0.0,0.0,100,normal,YES,PASS,0.0,0.0,0.004,0.0,
13:23:51.717,1.0175,1.0033,1.0065,0.0,normal,0.0,normal,0.0,normal,0.0,NORMAL,0.0,0.0,100,normal,YES,PASS,0.0,0.0,0.007,0.0,
13:23:51.905,1.0089,1.0056,1.0037,0.0,normal,0.0,normal,0.0,normal,0.0,NORMAL,0.0,0.0,100,normal,YES,PASS,0.0,0.0,0.004,0.0,
13:23:52.088,1.0639,1.0004,1.0091,0.0,normal,0.0,normal,0.0,normal,0.0,NORMAL,0.1,0.0,100,normal,YES,PASS,0.0,0.0,0.026,0.0,
13:23:52.270,1.0119,1.0012,1.0125,0.0,normal,0.0,normal,0.0,normal,0.0,NORMAL,0.0,0.0,100,normal,YES,PASS,0.0,0.0,0.005,0.0,
13:23:52.459,1.0341,1.0015,1.011,0.0,normal,0.0,normal,0.0,normal,0.0,NORMAL,0.1,0.0,100,normal,YES,PASS,0.0,0.0,0.014,0.0,
13:23:52.653,1.0365,1.0083,1.0102,0.0,normal,0.0,normal,0.0,normal,0.0,NORMAL,0.1,0.0,100,normal,YES,PASS,0.0,0.0,0.015,0.0,
13:23:52.856,1.0489,1.0046,1.0105,0.0,normal,0.0,normal,0.0,normal,0.0,NORMAL,0.1,0.0,100,normal,YES,PASS,0.0,0.0,0.02,0.0,
13:23:53.036,1.0276,1.0075,1.0005,0.0,normal,0.0,normal,0.0,normal,0.0,NORMAL,0.1,0.0,100,normal,YES,PASS,0.0,0.0,0.011,0.0,
13:23:53.226,1.0565,1.0056,1.0064,0.0,normal,0.0,normal,0.0,normal,0.0,NORMAL,0.1,0.0,100,normal,YES,PASS,0.0,0.0,0.023,0.0,
13:23:53.419,1.0071,1.0048,1.0086,0.0,normal,0.0,normal,0.0,normal,0.0,NORMAL,0.0,0.0,100,normal,YES,PASS,0.0,0.0,0.003,0.0,
13:23:53.649,1.0166,1.0041,1.0087,0.0,normal,0.0,normal,0.0,normal,0.0,NORMAL,0.0,0.0,100,normal,YES,PASS,0.0,0.0,0.007,0.0,
13:23:53.919,1.009,1.0036,1.0071,0.0,normal,0.0,normal,0.0,normal,0.0,NORMAL,0.0,0.0,100,normal,YES,PASS,0.0,0.0,0.004,0.0,
13:23:54.166,1.0203,1.0076,1.002,0.0,normal,0.0,normal,0.0,normal,0.0,NORMAL,0.0,0.0,100,normal,YES,PASS,0.0,0.0,0.008,0.0,
13:23:54.373,1.0168,1.0109,1.0138,0.0,normal,0.0,normal,0.0,normal,0.0,NORMAL,0.0,0.0,100,normal,YES,PASS,0.0,0.0,0.007,0.0,
13:23:54.579,1.0405,1.0074,1.0071,0.0,normal,0.0,normal,0.0,normal,0.0,NORMAL,0.1,0.0,100,normal,YES,PASS,0.0,0.0,0.016,0.0,
13:23:54.750,1.0635,1.0021,1.0061,0.0,normal,0.0,normal,0.0,normal,0.0,NORMAL,0.1,0.0,100,normal,YES,PASS,0.0,0.0,0.025,0.0,
13:23:54.930,1.041,1.0047,1.0087,0.0,normal,0.0,normal,0.0,normal,0.0,NORMAL,0.1,0.0,100,normal,YES,PASS,0.0,0.0,0.016,0.0,
13:23:55.123,1.0091,1.0103,1.0046,0.0,normal,0.0,normal,0.0,normal,0.0,NORMAL,0.0,0.0,100,normal,YES,PASS,0.0,0.0,0.004,0.0,
13:23:55.290,1.0128,1.0018,1.0031,0.0,normal,0.0,normal,0.0,normal,0.0,NORMAL,0.0,0.0,100,normal,YES,PASS,0.0,0.0,0.005,0.0,
13:23:55.456,1.0137,1.0065,1.0011,0.0,normal,0.0,normal,0.0,normal,0.0,NORMAL,0.0,0.0,100,normal,YES,PASS,0.0,0.0,0.005,0.0,
13:23:55.638,1.0175,1.0043,1.0052,0.0,normal,0.0,normal,0.0,normal,0.0,NORMAL,0.0,0.0,100,normal,YES,PASS,0.0,0.0,0.007,0.0,
13:23:55.829,1.0089,1.0022,1.0049,0.0,normal,0.0,normal,0.0,normal,0.0,NORMAL,0.0,0.0,100,normal,YES,PASS,0.0,0.0,0.004,0.0,
13:23:56.015,1.0246,1.0096,1.0081,0.0,normal,0.0,normal,0.0,normal,0.0,NORMAL,0.0,0.0,100,normal,YES,PASS,0.0,0.0,0.01,0.0,
13:23:56.183,1.0404,1.0012,1.008,0.0,normal,0.0,normal,0.0,normal,0.0,NORMAL,0.1,0.0,100,normal,YES,PASS,0.0,0.0,0.016,0.0,
13:23:56.366,1.0558,1.0055,1.0092,0.0,normal,0.0,normal,0.0,normal,0.0,NORMAL,0.1,0.0,100,normal,YES,PASS,0.0,0.0,0.022,0.0,
13:23:56.532,1.0039,1.0124,1.0049,0.0,normal,0.0,normal,0.0,normal,0.0,NORMAL,0.0,0.0,100,normal,YES,PASS,0.0,0.0,0.002,0.0,
13:23:56.720,1.0499,1.0108,1.0098,0.0,normal,0.0,normal,0.0,normal,0.0,NORMAL,0.1,0.0,100,normal,YES,PASS,0.0,0.0,0.02,0.0,
13:23:56.888,1.0027,1.0026,1.0063,0.0,normal,0.0,normal,0.0,normal,0.0,NORMAL,0.0,0.0,100,normal,YES,PASS,0.0,0.0,0.001,0.0,
13:23:57.055,1.0501,1.0029,1.0075,0.0,normal,0.0,normal,0.0,normal,0.0,NORMAL,0.1,0.0,100,normal,YES,PASS,0.0,0.0,0.02,0.0,
13:23:57.260,1.0382,1.0085,1.0089,0.0,normal,0.0,normal,0.0,normal,0.0,NORMAL,0.1,0.0,100,normal,YES,PASS,0.0,0.0,0.015,0.0,
13:23:57.472,1.0605,1.0051,1.0025,0.0,normal,0.0,normal,0.0,normal,0.0,NORMAL,0.1,0.0,100,normal,YES,PASS,0.0,0.0,0.024,0.0,
13:23:57.686,1.057,1.0043,1.0018,0.0,normal,0.0,normal,0.0,normal,0.0,NORMAL,0.1,0.0,100,normal,YES,PASS,0.0,0.0,0.023,0.0,
13:23:57.917,1.0077,1.0136,1.0087,0.0,normal,0.0,normal,0.0,normal,0.0,NORMAL,0.0,0.0,100,normal,YES,PASS,0.0,0.0,0.003,0.0,
13:23:58.120,1.0553,1.0021,1.0036,0.0,normal,0.0,normal,0.0,normal,0.0,NORMAL,0.1,0.0,100,normal,YES,PASS,0.0,0.0,0.022,0.0,
13:23:58.320,1.0436,1.0091,1.0036,0.0,normal,0.0,normal,0.0,normal,0.0,NORMAL,0.1,0.0,100,normal,YES,PASS,0.0,0.0,0.017,0.0,
13:23:58.534,1.0082,1.0062,1.0091,0.0,normal,0.0,normal,0.0,normal,0.0,NORMAL,0.0,0.0,100,normal,YES,PASS,0.0,0.0,0.003,0.0,
13:23:58.716,1.0344,1.0037,1.0098,0.0,normal,0.0,normal,0.0,normal,0.0,NORMAL,0.1,0.0,100,normal,YES,PASS,0.0,0.0,0.014,0.0,
13:23:58.915,1.0051,1.0059,1.0011,0.0,normal,0.0,normal,0.0,normal,0.0,NORMAL,0.0,0.0,100,normal,YES,PASS,0.0,0.0,0.002,0.0,
13:23:59.114,1.0081,1.009,1.0008,0.0,normal,0.0,normal,0.0,normal,0.0,NORMAL,0.0,0.0,100,normal,YES,PASS,0.0,0.0,0.003,0.0,
13:23:59.303,1.0108,1.0011,1.0104,0.0,normal,0.0,normal,0.0,normal,0.0,NORMAL,0.0,0.0,100,normal,YES,PASS,0.0,0.0,0.004,0.0,
13:23:59.502,1.0215,1.0008,1.0083,0.0,normal,0.0,normal,0.0,normal,0.0,NORMAL,0.0,0.0,100,normal,YES,PASS,0.0,0.0,0.009,0.0,
13:23:59.718,1.0578,1.0025,1.0095,0.0,normal,0.0,normal,0.0,normal,0.0,NORMAL,0.1,0.0,100,normal,YES,PASS,0.0,0.0,0.023,0.0,
13:23:59.900,1.0509,1.0112,1.0078,0.0,normal,0.0,normal,0.0,normal,0.0,NORMAL,0.1,0.0,100,normal,YES,PASS,0.0,0.0,0.02,0.0,
13:24:00.083,1.0162,1.0017,1.0088,0.0,normal,0.0,normal,0.0,normal,0.0,NORMAL,0.0,0.0,100,normal,YES,PASS,0.0,0.0,0.006,0.0,
13:24:00.351,1.0088,1.002,1.002,0.0,normal,0.0,normal,0.0,normal,0.0,NORMAL,0.0,0.0,100,normal,YES,PASS,0.0,0.0,0.004,0.0,
13:24:00.565,1.0169,1.0113,1.0054,0.0,normal,0.0,normal,0.0,normal,0.0,NORMAL,0.0,0.0,100,normal,YES,PASS,0.0,0.0,0.007,0.0,
13:24:00.786,1.0377,1.005,1.0058,0.0,normal,0.0,normal,0.0,normal,0.0,NORMAL,0.1,0.0,100,normal,YES,PASS,0.0,0.0,0.015,0.0,
13:24:00.983,1.0195,1.0054,1.0087,0.0,normal,0.0,normal,0.0,normal,0.0,NORMAL,0.0,0.0,100,normal,YES,PASS,0.0,0.0,0.008,0.0,
13:24:01.167,1.0611,1.0096,1.0003,0.0,normal,0.0,normal,0.0,normal,0.0,NORMAL,0.1,0.0,100,normal,YES,PASS,0.0,0.0,0.024,0.0,
13:24:01.365,1.0,1.0018,1.006,0.0,normal,0.0,normal,0.0,normal,0.0,NORMAL,0.0,0.0,100,normal,YES,PASS,0.0,0.0,0.0,0.0,
13:24:01.547,1.025,1.0066,1.0017,0.0,normal,0.0,normal,0.0,normal,0.0,NORMAL,0.1,0.0,100,normal,YES,PASS,0.0,0.0,0.01,0.0,
13:24:01.742,1.0343,1.0095,1.0041,0.0,normal,0.0,normal,0.0,normal,0.0,NORMAL,0.1,0.0,100,normal,YES,PASS,0.0,0.0,0.014,0.0,
13:24:01.934,1.0184,1.0034,1.0098,0.0,normal,0.0,normal,0.0,normal,0.0,NORMAL,0.0,0.0,100,normal,YES,PASS,0.0,0.0,0.007,0.0,
13:24:02.118,1.0639,1.0085,1.0051,0.0,normal,0.0,normal,0.0,normal,0.0,NORMAL,0.1,0.0,100,normal,YES,PASS,0.0,0.0,0.026,0.0,
13:24:02.331,1.0396,1.0034,1.0019,0.0,normal,0.0,normal,0.0,normal,0.0,NORMAL,0.1,0.0,100,normal,YES,PASS,0.0,0.0,0.016,0.0,
13:24:02.521,1.06,1.0028,1.0002,0.0,normal,0.0,normal,0.0,normal,0.0,NORMAL,0.1,0.0,100,normal,YES,PASS,0.0,0.0,0.024,0.0,
13:24:02.735,1.0225,1.0068,1.0099,0.0,normal,0.0,normal,0.0,normal,0.0,NORMAL,0.0,0.0,100,normal,YES,PASS,0.0,0.0,0.009,0.0,
13:24:02.949,1.0182,1.0054,1.0099,0.0,normal,0.0,normal,0.0,normal,0.0,NORMAL,0.0,0.0,100,normal,YES,PASS,0.0,0.0,0.007,0.0,
13:24:03.131,1.0322,1.0054,1.0067,0.0,normal,0.0,normal,0.0,normal,0.0,NORMAL,0.1,0.0,100,normal,YES,PASS,0.0,0.0,0.013,0.0,
13:24:03.323,1.0115,1.0073,1.0058,0.0,normal,0.0,normal,0.0,normal,0.0,NORMAL,0.0,0.0,100,normal,YES,PASS,0.0,0.0,0.005,0.0,
13:24:03.535,1.0244,1.0132,1.0019,0.0,normal,0.0,normal,0.0,normal,0.0,NORMAL,0.0,0.0,100,normal,YES,PASS,0.0,0.0,0.01,0.0,
13:24:03.733,1.0281,1.0046,1.0095,0.0,normal,0.0,normal,0.0,normal,0.0,NORMAL,0.1,0.0,100,normal,YES,PASS,0.0,0.0,0.011,0.0,
13:24:03.915,1.0555,1.001,1.0079,0.0,normal,0.0,normal,0.0,normal,0.0,NORMAL,0.1,0.0,100,normal,YES,PASS,0.0,0.0,0.022,0.0,
13:24:04.105,1.0054,1.0029,1.0069,0.0,normal,0.0,normal,0.0,normal,0.0,NORMAL,0.0,0.0,100,normal,YES,PASS,0.0,0.0,0.002,0.0,
13:24:04.305,1.0389,1.0001,1.0103,0.0,normal,0.0,normal,0.0,normal,0.0,NORMAL,0.1,0.0,100,normal,YES,PASS,0.0,0.0,0.016,0.0,
13:24:04.504,1.009,1.0037,1.0021,0.0,normal,0.0,normal,0.0,normal,0.0,NORMAL,0.0,0.0,100,normal,YES,PASS,0.0,0.0,0.004,0.0,
13:24:04.685,1.0501,1.0126,1.0088,0.0,normal,0.0,normal,0.0,normal,0.0,NORMAL,0.1,0.0,100,normal,YES,PASS,0.0,0.0,0.02,0.0,
13:24:04.867,1.0126,1.0113,1.0126,0.0,normal,0.0,normal,0.0,normal,0.0,NORMAL,0.0,0.0,100,normal,YES,PASS,0.0,0.0,0.005,0.0,
13:24:05.065,1.036,1.0078,1.0062,0.0,normal,0.0,normal,0.0,normal,0.0,NORMAL,0.1,0.0,100,normal,YES,PASS,0.0,0.0,0.014,0.0,
13:24:05.240,1.0301,1.0068,1.0074,0.0,normal,0.0,normal,0.0,normal,0.0,NORMAL,0.1,0.0,100,normal,YES,PASS,0.0,0.0,0.012,0.0,
13:24:05.431,1.0486,1.0057,1.0158,0.0,normal,0.0,normal,0.0,normal,0.0,NORMAL,0.1,0.0,100,normal,YES,PASS,0.0,0.0,0.019,0.0,
13:24:05.637,1.0227,1.0058,1.0017,0.0,normal,0.0,normal,0.0,normal,0.0,NORMAL,0.0,0.0,100,normal,YES,PASS,0.0,0.0,0.009,0.0,
13:24:05.839,1.0411,1.0147,1.0062,0.0,normal,0.0,normal,0.0,normal,0.0,NORMAL,0.1,0.0,100,normal,YES,PASS,0.0,0.0,0.016,0.0,
13:24:06.018,1.0417,1.0121,1.0,0.0,normal,0.0,normal,0.0,normal,0.0,NORMAL,0.1,0.0,100,normal,YES,PASS,0.0,0.0,0.017,0.0,
13:24:06.184,1.0143,1.0055,1.001,0.0,normal,0.0,normal,0.0,normal,0.0,NORMAL,0.0,0.0,100,normal,YES,PASS,0.0,0.0,0.006,0.0,
13:24:06.384,1.0294,1.0089,1.008,0.0,normal,0.0,normal,0.0,normal,0.0,NORMAL,0.1,0.0,100,normal,YES,PASS,0.0,0.0,0.012,0.0,
13:24:06.566,1.0587,1.0134,1.0097,0.0,normal,0.0,normal,0.0,normal,0.0,NORMAL,0.1,0.0,100,normal,YES,PASS,0.0,0.0,0.023,0.0,
13:24:06.765,1.0189,1.0116,1.0025,0.0,normal,0.0,normal,0.0,normal,0.0,NORMAL,0.0,0.0,100,normal,YES,PASS,0.0,0.0,0.008,0.0,
13:24:06.971,1.0515,1.0032,1.0108,0.0,normal,0.0,normal,0.0,normal,0.0,NORMAL,0.1,0.0,100,normal,YES,PASS,0.0,0.0,0.021,0.0,
13:24:07.170,1.0173,1.0002,1.0094,0.0,normal,0.0,normal,0.0,normal,0.0,NORMAL,0.0,0.0,100,normal,YES,PASS,0.0,0.0,0.007,0.0,
13:24:07.354,1.0537,1.0029,1.0028,0.0,normal,0.0,normal,0.0,normal,0.0,NORMAL,0.1,0.0,100,normal,YES,PASS,0.0,0.0,0.021,0.0,
13:24:07.552,1.004,1.0097,1.0083,0.0,normal,0.0,normal,0.0,normal,0.0,NORMAL,0.0,0.0,100,normal,YES,PASS,0.0,0.0,0.002,0.0,
13:24:07.767,1.0469,1.0129,1.0029,0.0,normal,0.0,normal,0.0,normal,0.0,NORMAL,0.1,0.0,100,normal,YES,PASS,0.0,0.0,0.019,0.0,
13:24:07.965,1.0474,1.0091,1.0059,0.0,normal,0.0,normal,0.0,normal,0.0,NORMAL,0.1,0.0,100,normal,YES,PASS,0.0,0.0,0.019,0.0,
13:24:08.171,1.0437,1.011,1.0021,0.0,normal,0.0,normal,0.0,normal,0.0,NORMAL,0.1,0.0,100,normal,YES,PASS,0.0,0.0,0.017,0.0,
13:24:08.369,1.0223,1.0142,1.0097,0.0,normal,0.0,normal,0.0,normal,0.0,NORMAL,0.0,0.0,100,normal,YES,PASS,0.0,0.0,0.009,0.0,
13:24:08.567,1.0322,1.0094,1.0119,0.0,normal,0.0,normal,0.0,normal,0.0,NORMAL,0.1,0.0,100,normal,YES,PASS,0.0,0.0,0.013,0.0,
13:24:08.765,1.0678,1.0079,1.0091,0.0,normal,0.0,normal,0.0,normal,0.0,NORMAL,0.1,0.0,100,normal,YES,PASS,0.0,0.0,0.027,0.0,
13:24:08.964,1.0634,1.0019,1.0038,0.0,normal,0.0,normal,0.0,normal,0.0,NORMAL,0.1,0.0,100,normal,YES,PASS,0.0,0.0,0.025,0.0,
13:24:09.154,1.0348,1.0126,1.006,0.0,normal,0.0,normal,0.0,normal,0.0,NORMAL,0.1,0.0,100,normal,YES,PASS,0.0,0.0,0.014,0.0,
13:24:09.352,1.0272,1.0108,1.0134,0.0,normal,0.0,normal,0.0,normal,0.0,NORMAL,0.1,0.0,100,normal,YES,PASS,0.0,0.0,0.011,0.0,
13:24:09.550,1.0544,1.0065,1.0067,0.0,normal,0.0,normal,0.0,normal,0.0,NORMAL,0.1,0.0,100,normal,YES,PASS,0.0,0.0,0.022,0.0,
13:24:09.730,1.0316,1.0082,1.0068,0.0,normal,0.0,normal,0.0,normal,0.0,NORMAL,0.1,0.0,100,normal,YES,PASS,0.0,0.0,0.013,0.0,
13:24:09.924,1.0465,1.0016,1.008,0.0,normal,0.0,normal,0.0,normal,0.0,NORMAL,0.1,0.0,100,normal,YES,PASS,0.0,0.0,0.019,0.0,
13:24:10.117,1.0493,1.0012,1.0015,0.0,normal,0.0,normal,0.0,normal,0.0,NORMAL,0.1,0.0,100,normal,YES,PASS,0.0,0.0,0.02,0.0,
13:24:10.299,1.0031,1.0043,1.013,0.0,normal,0.0,normal,0.0,normal,0.0,NORMAL,0.0,0.0,100,normal,YES,PASS,0.0,0.0,0.001,0.0,
13:24:10.482,1.0699,1.0098,1.0116,0.0,normal,0.0,normal,0.0,normal,0.0,NORMAL,0.1,0.0,100,normal,YES,PASS,0.0,0.0,0.028,0.0,
13:24:10.664,1.0077,1.0073,1.0013,0.0,normal,0.0,normal,0.0,normal,0.0,NORMAL,0.0,0.0,100,normal,YES,PASS,0.0,0.0,0.003,0.0,
13:24:10.848,1.019,1.0145,1.0104,0.0,normal,0.0,normal,0.0,normal,0.0,NORMAL,0.0,0.0,100,normal,YES,PASS,0.0,0.0,0.008,0.0,
13:24:11.055,1.0425,1.0117,1.0014,0.0,normal,0.0,normal,0.0,normal,0.0,NORMAL,0.1,0.0,100,normal,YES,PASS,0.0,0.0,0.017,0.0,
13:24:11.237,1.032,1.0116,1.0091,0.0,normal,0.0,normal,0.0,normal,0.0,NORMAL,0.1,0.0,100,normal,YES,PASS,0.0,0.0,0.013,0.0,
13:24:11.435,1.0635,1.0009,1.0097,0.0,normal,0.0,normal,0.0,normal,0.0,NORMAL,0.1,0.0,100,normal,YES,PASS,0.0,0.0,0.025,0.0,
13:24:11.633,1.0307,1.0002,1.0061,0.0,normal,0.0,normal,0.0,normal,0.0,NORMAL,0.1,0.0,100,normal,YES,PASS,0.0,0.0,0.012,0.0,
13:24:11.830,1.0599,1.0005,1.0045,0.0,normal,0.0,normal,0.0,normal,0.0,NORMAL,0.1,0.0,100,normal,YES,PASS,0.0,0.0,0.024,0.0,
13:24:12.037,1.0228,1.0049,1.013,0.0,normal,0.0,normal,0.0,normal,0.0,NORMAL,0.0,0.0,100,normal,YES,PASS,0.0,0.0,0.009,0.0,
13:24:12.219,1.0205,1.0063,1.0098,0.0,normal,0.0,normal,0.0,normal,0.0,NORMAL,0.0,0.0,100,normal,YES,PASS,0.0,0.0,0.008,0.0,
13:24:12.400,1.0576,1.0002,1.0081,0.0,normal,0.0,normal,0.0,normal,0.0,NORMAL,0.1,0.0,100,normal,YES,PASS,0.0,0.0,0.023,0.0,
13:24:12.599,1.0572,1.0042,1.0126,0.0,normal,0.0,normal,0.0,normal,0.0,NORMAL,0.1,0.0,100,normal,YES,PASS,0.0,0.0,0.023,0.0,
13:24:12.804,1.0323,1.0069,1.0034,0.0,normal,0.0,normal,0.0,normal,0.0,NORMAL,0.1,0.0,100,normal,YES,PASS,0.0,0.0,0.013,0.0,
13:24:13.003,1.012,1.0109,1.0122,0.0,normal,0.0,normal,0.0,normal,0.0,NORMAL,0.0,0.0,100,normal,YES,PASS,0.0,0.0,0.005,0.0,
13:24:13.201,1.01,1.0118,1.009,0.0,normal,0.0,normal,0.0,normal,0.0,NORMAL,0.0,0.0,100,normal,YES,PASS,0.0,0.0,0.004,0.0,
13:24:13.398,1.0195,1.0095,1.0001,0.0,normal,0.0,normal,0.0,normal,0.0,NORMAL,0.0,0.0,100,normal,YES,PASS,0.0,0.0,0.008,0.0,
13:24:13.581,1.0493,1.0123,1.0066,0.0,normal,0.0,normal,0.0,normal,0.0,NORMAL,0.1,0.0,100,normal,YES,PASS,0.0,0.0,0.02,0.0,
13:24:13.755,1.021,1.0137,1.0129,0.0,normal,0.0,normal,0.0,normal,0.0,NORMAL,0.0,0.0,100,normal,YES,PASS,0.0,0.0,0.008,0.0,
13:24:13.952,1.0464,1.0013,1.0118,0.0,normal,0.0,normal,0.0,normal,0.0,NORMAL,0.1,0.0,100,normal,YES,PASS,0.0,0.0,0.019,0.0,
13:24:14.149,1.0002,1.0076,1.0098,0.0,normal,0.0,normal,0.0,normal,0.0,NORMAL,0.0,0.0,100,normal,YES,PASS,0.0,0.0,0.0,0.0,
13:24:14.347,1.0553,1.0003,1.0097,0.0,normal,0.0,normal,0.0,normal,0.0,NORMAL,0.1,0.0,100,normal,YES,PASS,0.0,0.0,0.022,0.0,
13:24:14.539,1.0289,1.003,1.0088,0.0,normal,0.0,normal,0.0,normal,0.0,NORMAL,0.1,0.0,100,normal,YES,PASS,0.0,0.0,0.012,0.0,
13:24:14.736,1.0536,1.0002,1.0097,0.0,normal,0.0,normal,0.0,normal,0.0,NORMAL,0.1,0.0,100,normal,YES,PASS,0.0,0.0,0.021,0.0,
13:24:14.901,1.0072,1.0056,1.0036,0.0,normal,0.0,normal,0.0,normal,0.0,NORMAL,0.0,0.0,100,normal,YES,PASS,0.0,0.0,0.003,0.0,
13:24:15.099,1.0089,1.0078,1.0038,0.0,normal,0.0,normal,0.0,normal,0.0,NORMAL,0.0,0.0,100,normal,YES,PASS,0.0,0.0,0.004,0.0,
13:24:15.298,1.0704,1.004,1.0102,0.0,normal,0.0,normal,0.0,normal,0.0,NORMAL,0.1,0.0,100,normal,YES,PASS,0.0,0.0,0.028,0.0,
13:24:15.482,1.0397,1.0099,1.0067,0.0,normal,0.0,normal,0.0,normal,0.0,NORMAL,0.1,0.0,100,normal,YES,PASS,0.0,0.0,0.016,0.0,
13:24:15.672,1.0019,1.0036,1.0047,0.0,normal,0.0,normal,0.0,normal,0.0,NORMAL,0.0,0.0,100,normal,YES,PASS,0.0,0.0,0.001,0.0,
13:24:15.853,1.0134,1.003,1.0034,0.0,normal,0.0,normal,0.0,normal,0.0,NORMAL,0.0,0.0,100,normal,YES,PASS,0.0,0.0,0.005,0.0,
13:24:16.051,1.0415,1.0079,1.0026,0.0,normal,0.0,normal,0.0,normal,0.0,NORMAL,0.1,0.0,100,normal,YES,PASS,0.0,0.0,0.017,0.0,
13:24:16.231,1.0417,1.0022,1.009,0.0,normal,0.0,normal,0.0,normal,0.0,NORMAL,0.1,0.0,100,normal,YES,PASS,0.0,0.0,0.017,0.0,
13:24:16.423,1.0196,1.0072,1.0004,0.0,normal,0.0,normal,0.0,normal,0.0,NORMAL,0.0,0.0,100,normal,YES,PASS,0.0,0.0,0.008,0.0,
13:24:16.619,1.0384,1.0077,1.0013,0.0,normal,0.0,normal,0.0,normal,0.0,NORMAL,0.1,0.0,100,normal,YES,PASS,0.0,0.0,0.015,0.0,
13:24:16.802,1.0255,1.01,1.0099,0.0,normal,0.0,normal,0.0,normal,0.0,NORMAL,0.1,0.0,100,normal,YES,PASS,0.0,0.0,0.01,0.0,
13:24:16.985,1.0392,1.0012,1.0096,0.0,normal,0.0,normal,0.0,normal,0.0,NORMAL,0.1,0.0,100,normal,YES,PASS,0.0,0.0,0.016,0.0,
13:24:17.168,1.0203,1.0103,1.0066,0.0,normal,0.0,normal,0.0,normal,0.0,NORMAL,0.0,0.0,100,normal,YES,PASS,0.0,0.0,0.008,0.0,
13:24:17.382,1.0401,1.0053,1.0098,0.0,normal,0.0,normal,0.0,normal,0.0,NORMAL,0.1,0.0,100,normal,YES,PASS,0.0,0.0,0.016,0.0,
13:24:17.580,1.0031,1.0058,1.0156,0.0,normal,0.0,normal,0.0,normal,0.0,NORMAL,0.0,0.0,100,normal,YES,PASS,0.0,0.0,0.001,0.0,
13:24:17.803,1.0124,1.006,1.0051,0.0,normal,0.0,normal,0.0,normal,0.0,NORMAL,0.0,0.0,100,normal,YES,PASS,0.0,0.0,0.005,0.0,
13:24:17.986,1.0404,1.0085,1.0021,0.0,normal,0.0,normal,0.0,normal,0.0,NORMAL,0.1,0.0,100,normal,YES,PASS,0.0,0.0,0.016,0.0,
13:24:18.186,1.0332,1.008,1.0022,0.0,normal,0.0,normal,0.0,normal,0.0,NORMAL,0.1,0.0,100,normal,YES,PASS,0.0,0.0,0.013,0.0,
13:24:18.385,1.0096,1.0081,1.0048,0.0,normal,0.0,normal,0.0,normal,0.0,NORMAL,0.0,0.0,100,normal,YES,PASS,0.0,0.0,0.004,0.0,
13:24:18.583,1.0292,1.0147,1.0068,0.0,normal,0.0,normal,0.0,normal,0.0,NORMAL,0.1,0.0,100,normal,YES,PASS,0.0,0.0,0.012,0.0,
13:24:18.781,1.0289,1.0079,1.0018,0.0,normal,0.0,normal,0.0,normal,0.0,NORMAL,0.1,0.0,100,normal,YES,PASS,0.0,0.0,0.012,0.0,
13:24:18.982,1.0028,1.008,1.0132,0.0,normal,0.0,normal,0.0,normal,0.0,NORMAL,0.0,0.0,100,normal,YES,PASS,0.0,0.0,0.001,0.0,
13:24:19.180,1.0129,1.0031,1.0102,0.0,normal,0.0,normal,0.0,normal,0.0,NORMAL,0.0,0.0,100,normal,YES,PASS,0.0,0.0,0.005,0.0,
13:24:19.372,1.0595,1.0089,1.0085,0.0,normal,0.0,normal,0.0,normal,0.0,NORMAL,0.1,0.0,100,normal,YES,PASS,0.0,0.0,0.024,0.0,
13:24:19.553,1.0144,1.0114,1.0061,0.0,normal,0.0,normal,0.0,normal,0.0,NORMAL,0.0,0.0,100,normal,YES,PASS,0.0,0.0,0.006,0.0,
13:24:19.767,1.039,1.0083,1.0038,0.0,normal,0.0,normal,0.0,normal,0.0,NORMAL,0.1,0.0,100,normal,YES,PASS,0.0,0.0,0.016,0.0,
13:24:19.965,1.0405,1.0081,1.0033,0.0,normal,0.0,normal,0.0,normal,0.0,NORMAL,0.1,0.0,100,normal,YES,PASS,0.0,0.0,0.016,0.0,
13:24:20.156,1.0189,1.001,1.0,0.0,normal,0.0,normal,0.0,normal,0.0,NORMAL,0.0,0.0,100,normal,YES,PASS,0.0,0.0,0.008,0.0,
13:24:20.337,1.0566,1.0085,1.0041,0.0,normal,0.0,normal,0.0,normal,0.0,NORMAL,0.1,0.0,100,normal,YES,PASS,0.0,0.0,0.023,0.0,
13:24:20.535,1.0415,1.0049,1.0145,0.0,normal,0.0,normal,0.0,normal,0.0,NORMAL,0.1,0.0,100,normal,YES,PASS,0.0,0.0,0.017,0.0,
13:24:20.733,1.0073,1.0078,1.0103,0.0,normal,0.0,normal,0.0,normal,0.0,NORMAL,0.0,0.0,100,normal,YES,PASS,0.0,0.0,0.003,0.0,
13:24:20.915,1.0094,1.0106,1.0042,0.0,normal,0.0,normal,0.0,normal,0.0,NORMAL,0.0,0.0,100,normal,YES,PASS,0.0,0.0,0.004,0.0,
13:24:21.098,1.0124,1.0034,1.0038,0.0,normal,0.0,normal,0.0,normal,0.0,NORMAL,0.0,0.0,100,normal,YES,PASS,0.0,0.0,0.005,0.0,
13:24:21.303,1.054,1.0039,1.0142,0.0,normal,0.0,normal,0.0,normal,0.0,NORMAL,0.1,0.0,100,normal,YES,PASS,0.0,0.0,0.022,0.0,
13:24:21.484,1.0527,1.0042,1.0078,0.0,normal,0.0,normal,0.0,normal,0.0,NORMAL,0.1,0.0,100,normal,YES,PASS,0.0,0.0,0.021,0.0,
13:24:21.667,1.0042,1.0141,1.0023,0.0,normal,0.0,normal,0.0,normal,0.0,NORMAL,0.0,0.0,100,normal,YES,PASS,0.0,0.0,0.002,0.0,
13:24:21.864,1.0471,1.0063,1.0061,0.0,normal,0.0,normal,0.0,normal,0.0,NORMAL,0.1,0.0,100,normal,YES,PASS,0.0,0.0,0.019,0.0,
13:24:22.055,1.0344,1.0076,1.0107,0.0,normal,0.0,normal,0.0,normal,0.0,NORMAL,0.1,0.0,100,normal,YES,PASS,0.0,0.0,0.014,0.0,
13:24:22.236,1.0321,1.0018,1.0091,0.0,normal,0.0,normal,0.0,normal,0.0,NORMAL,0.1,0.0,100,normal,YES,PASS,0.0,0.0,0.013,0.0,
13:24:22.419,1.0136,1.0118,1.0142,0.0,normal,0.0,normal,0.0,normal,0.0,NORMAL,0.0,0.0,100,normal,YES,PASS,0.0,0.0,0.005,0.0,
13:24:22.602,1.028,1.0044,1.0067,0.0,normal,0.0,normal,0.0,normal,0.0,NORMAL,0.1,0.0,100,normal,YES,PASS,0.0,0.0,0.011,0.0,
13:24:22.802,1.0495,1.0,1.0016,0.0,normal,0.0,normal,0.0,normal,0.0,NORMAL,0.1,0.0,100,normal,YES,PASS,0.0,0.0,0.02,0.0,
13:24:23.002,1.0203,1.0145,1.0081,0.0,normal,0.0,normal,0.0,normal,0.0,NORMAL,0.0,0.0,100,normal,YES,PASS,0.0,0.0,0.008,0.0,
13:24:23.200,1.0104,1.0101,1.0105,0.0,normal,0.0,normal,0.0,normal,0.0,NORMAL,0.0,0.0,100,normal,YES,PASS,0.0,0.0,0.004,0.0,
13:24:23.414,1.0334,1.0028,1.0034,0.0,normal,0.0,normal,0.0,normal,0.0,NORMAL,0.1,0.0,100,normal,YES,PASS,0.0,0.0,0.013,0.0,
13:24:23.607,1.0058,1.0018,1.0009,0.0,normal,0.0,normal,0.0,normal,0.0,NORMAL,0.0,0.0,100,normal,YES,PASS,0.0,0.0,0.002,0.0,
13:24:23.797,1.032,1.0086,1.0026,0.0,normal,0.0,normal,0.0,normal,0.0,NORMAL,0.1,0.0,100,normal,YES,PASS,0.0,0.0,0.013,0.0,
13:24:23.987,1.026,1.0113,1.0021,0.0,normal,0.0,normal,0.0,normal,0.0,NORMAL,0.1,0.0,100,normal,YES,PASS,0.0,0.0,0.01,0.0,
13:24:24.168,1.0085,1.0006,1.0049,0.0,normal,0.0,normal,0.0,normal,0.0,NORMAL,0.0,0.0,100,normal,YES,PASS,0.0,0.0,0.003,0.0,
13:24:24.349,1.035,1.0014,1.0014,0.0,normal,0.0,normal,0.0,normal,0.0,NORMAL,0.1,0.0,100,normal,YES,PASS,0.0,0.0,0.014,0.0,
13:24:24.531,1.0066,1.0094,1.0037,0.0,normal,0.0,normal,0.0,normal,0.0,NORMAL,0.0,0.0,100,normal,YES,PASS,0.0,0.0,0.003,0.0,
13:24:24.731,1.0584,1.0051,1.0001,0.0,normal,0.0,normal,0.0,normal,0.0,NORMAL,0.1,0.0,100,normal,YES,PASS,0.0,0.0,0.023,0.0,
13:24:24.936,1.0347,1.0004,1.0033,0.0,normal,0.0,normal,0.0,normal,0.0,NORMAL,0.1,0.0,100,normal,YES,PASS,0.0,0.0,0.014,0.0,
13:24:25.119,1.004,1.0119,1.0072,0.0,normal,0.0,normal,0.0,normal,0.0,NORMAL,0.0,0.0,100,normal,YES,PASS,0.0,0.0,0.002,0.0,
13:24:25.302,1.0327,1.0053,1.0051,0.0,normal,0.0,normal,0.0,normal,0.0,NORMAL,0.1,0.0,100,normal,YES,PASS,0.0,0.0,0.013,0.0,
13:24:25.501,1.0333,1.0077,1.0015,0.0,normal,0.0,normal,0.0,normal,0.0,NORMAL,0.1,0.0,100,normal,YES,PASS,0.0,0.0,0.013,0.0,
13:24:25.700,1.0173,1.0138,1.0102,0.0,normal,0.0,normal,0.0,normal,0.0,NORMAL,0.0,0.0,100,normal,YES,PASS,0.0,0.0,0.007,0.0,
13:24:25.899,1.0464,1.0004,1.0135,0.0,normal,0.0,normal,0.0,normal,0.0,NORMAL,0.1,0.0,100,normal,YES,PASS,0.0,0.0,0.019,0.0,
13:24:26.097,1.0264,1.0023,1.0129,0.0,normal,0.0,normal,0.0,normal,0.0,NORMAL,0.1,0.0,100,normal,YES,PASS,0.0,0.0,0.011,0.0,
13:24:26.303,1.0468,1.0151,1.0069,0.0,normal,0.0,normal,0.0,normal,0.0,NORMAL,0.1,0.0,100,normal,YES,PASS,0.0,0.0,0.019,0.0,
13:24:26.486,1.0463,1.0059,1.008,0.0,normal,0.0,normal,0.0,normal,0.0,NORMAL,0.1,0.0,100,normal,YES,PASS,0.0,0.0,0.019,0.0,
13:24:26.669,1.0043,1.001,1.0057,0.0,normal,0.0,normal,0.0,normal,0.0,NORMAL,0.0,0.0,100,normal,YES,PASS,0.0,0.0,0.002,0.0,
13:24:26.884,1.0006,1.0071,1.0023,0.0,normal,0.0,normal,0.0,normal,0.0,NORMAL,0.0,0.0,100,normal,YES,PASS,0.0,0.0,0.0,0.0,
13:24:27.081,1.0365,1.0037,1.0061,0.0,normal,0.0,normal,0.0,normal,0.0,NORMAL,0.1,0.0,100,normal,YES,PASS,0.0,0.0,0.015,0.0,
13:24:27.269,1.0022,1.0018,1.0002,0.0,normal,0.0,normal,0.0,normal,0.0,NORMAL,0.0,0.0,100,normal,YES,PASS,0.0,0.0,0.001,0.0,
13:24:27.467,1.0594,1.0013,1.0017,0.0,normal,0.0,normal,0.0,normal,0.0,NORMAL,0.1,0.0,100,normal,YES,PASS,0.0,0.0,0.024,0.0,
13:24:27.680,1.0193,1.0037,1.0055,0.0,normal,0.0,normal,0.0,normal,0.0,NORMAL,0.0,0.0,100,normal,YES,PASS,0.0,0.0,0.008,0.0,
13:24:27.884,1.0056,1.0072,1.0004,0.0,normal,0.0,normal,0.0,normal,0.0,NORMAL,0.0,0.0,100,normal,YES,PASS,0.0,0.0,0.002,0.0,
13:24:28.084,1.0557,1.0066,1.0019,0.0,normal,0.0,normal,0.0,normal,0.0,NORMAL,0.1,0.0,100,normal,YES,PASS,0.0,0.0,0.022,0.0,
13:24:28.299,1.0238,1.0056,1.0026,0.0,normal,0.0,normal,0.0,normal,0.0,NORMAL,0.0,0.0,100,normal,YES,PASS,0.0,0.0,0.01,0.0,
13:24:28.504,1.0664,1.0104,1.0132,0.0,normal,0.0,normal,0.0,normal,0.0,NORMAL,0.1,0.0,100,normal,YES,PASS,0.0,0.0,0.027,0.0,
13:24:28.702,1.0224,1.0016,1.0003,0.0,normal,0.0,normal,0.0,normal,0.0,NORMAL,0.0,0.0,100,normal,YES,PASS,0.0,0.0,0.009,0.0,
13:24:28.916,1.0389,1.0047,1.0119,0.0,normal,0.0,normal,0.0,normal,0.0,NORMAL,0.1,0.0,100,normal,YES,PASS,0.0,0.0,0.016,0.0,
13:24:29.098,1.0127,1.0096,1.0046,0.0,normal,0.0,normal,0.0,normal,0.0,NORMAL,0.0,0.0,100,normal,YES,PASS,0.0,0.0,0.005,0.0,
13:24:29.302,1.0488,1.0037,1.0114,0.0,normal,0.0,normal,0.0,normal,0.0,NORMAL,0.1,0.0,100,normal,YES,PASS,0.0,0.0,0.02,0.0,
13:24:29.500,1.006,1.0021,1.0123,0.0,normal,0.0,normal,0.0,normal,0.0,NORMAL,0.0,0.0,100,normal,YES,PASS,0.0,0.0,0.002,0.0,
13:24:29.698,1.0443,1.0115,1.0078,0.0,normal,0.0,normal,0.0,normal,0.0,NORMAL,0.1,0.0,100,normal,YES,PASS,0.0,0.0,0.018,0.0,
13:24:29.886,1.0525,1.0033,1.0112,0.0,normal,0.0,normal,0.0,normal,0.0,NORMAL,0.1,0.0,100,normal,YES,PASS,0.0,0.0,0.021,0.0,
13:24:30.101,1.0074,1.0016,1.007,0.0,normal,0.0,normal,0.0,normal,0.0,NORMAL,0.0,0.0,100,normal,YES,PASS,0.0,0.0,0.003,0.0,
13:24:30.298,1.0131,1.0109,1.0156,0.0,normal,0.0,normal,0.0,normal,0.0,NORMAL,0.0,0.0,100,normal,YES,PASS,0.0,0.0,0.005,0.0,
13:24:30.488,1.0223,1.0086,1.0028,0.0,normal,0.0,normal,0.0,normal,0.0,NORMAL,0.0,0.0,100,normal,YES,PASS,0.0,0.0,0.009,0.0,
13:24:30.669,1.0157,1.0029,1.0099,0.0,normal,0.0,normal,0.0,normal,0.0,NORMAL,0.0,0.0,100,normal,YES,PASS,0.0,0.0,0.006,0.0,
13:24:30.852,1.0265,1.0058,1.002,0.0,normal,0.0,normal,0.0,normal,0.0,NORMAL,0.1,0.0,100,normal,YES,PASS,0.0,0.0,0.011,0.0,
13:24:31.050,1.022,1.0015,1.005,0.0,normal,0.0,normal,0.0,normal,0.0,NORMAL,0.0,0.0,100,normal,YES,PASS,0.0,0.0,0.009,0.0,
13:24:31.231,1.0225,1.0052,1.0084,0.0,normal,0.0,normal,0.0,normal,0.0,NORMAL,0.0,0.0,100,normal,YES,PASS,0.0,0.0,0.009,0.0,
13:24:31.421,1.0246,1.0073,1.0073,0.0,normal,0.0,normal,0.0,normal,0.0,NORMAL,0.0,0.0,100,normal,YES,PASS,0.0,0.0,0.01,0.0,
13:24:31.603,1.0498,1.0072,1.0,0.0,normal,0.0,normal,0.0,normal,0.0,NORMAL,0.1,0.0,100,normal,YES,PASS,0.0,0.0,0.02,0.0,
13:24:31.802,1.0024,1.011,1.0086,0.0,normal,0.0,normal,0.0,normal,0.0,NORMAL,0.0,0.0,100,normal,YES,PASS,0.0,0.0,0.001,0.0,
13:24:32.001,1.0393,1.0088,1.0037,0.0,normal,0.0,normal,0.0,normal,0.0,NORMAL,0.1,0.0,100,normal,YES,PASS,0.0,0.0,0.016,0.0,
13:24:32.183,1.052,1.0062,1.0115,0.0,normal,0.0,normal,0.0,normal,0.0,NORMAL,0.1,0.0,100,normal,YES,PASS,0.0,0.0,0.021,0.0,
13:24:32.381,1.0389,1.0081,1.0015,0.0,normal,0.0,normal,0.0,normal,0.0,NORMAL,0.1,0.0,100,normal,YES,PASS,0.0,0.0,0.016,0.0,
13:24:32.564,1.0392,1.0095,1.0078,0.0,normal,0.0,normal,0.0,normal,0.0,NORMAL,0.1,0.0,100,normal,YES,PASS,0.0,0.0,0.016,0.0,
13:24:32.762,1.0176,1.0024,1.0086,0.0,normal,0.0,normal,0.0,normal,0.0,NORMAL,0.0,0.0,100,normal,YES,PASS,0.0,0.0,0.007,0.0,
13:24:32.970,1.0308,1.0069,1.0043,0.0,normal,0.0,normal,0.0,normal,0.0,NORMAL,0.1,0.0,100,normal,YES,PASS,0.0,0.0,0.012,0.0,
13:24:33.168,1.0651,1.0053,1.0098,0.0,normal,0.0,normal,0.0,normal,0.0,NORMAL,0.1,0.0,100,normal,YES,PASS,0.0,0.0,0.026,0.0,
13:24:33.367,1.0167,1.0049,1.0005,0.0,normal,0.0,normal,0.0,normal,0.0,NORMAL,0.0,0.0,100,normal,YES,PASS,0.0,0.0,0.007,0.0,
13:24:33.565,1.0468,1.0026,1.0142,0.0,normal,0.0,normal,0.0,normal,0.0,NORMAL,0.1,0.0,100,normal,YES,PASS,0.0,0.0,0.019,0.0,
13:24:33.763,1.0312,1.0113,1.012,0.0,normal,0.0,normal,0.0,normal,0.0,NORMAL,0.1,0.0,100,normal,YES,PASS,0.0,0.0,0.012,0.0,
13:24:33.970,1.0544,1.0008,1.0083,0.0,normal,0.0,normal,0.0,normal,0.0,NORMAL,0.1,0.0,100,normal,YES,PASS,0.0,0.0,0.022,0.0,
13:24:34.136,1.0105,1.0071,1.0093,0.0,normal,0.0,normal,0.0,normal,0.0,NORMAL,0.0,0.0,100,normal,YES,PASS,0.0,0.0,0.004,0.0,
13:24:34.336,1.0234,1.0071,1.0103,0.0,normal,0.0,normal,0.0,normal,0.0,NORMAL,0.0,0.0,100,normal,YES,PASS,0.0,0.0,0.009,0.0,
13:24:34.533,1.049,1.0094,1.0102,0.0,normal,0.0,normal,0.0,normal,0.0,NORMAL,0.1,0.0,100,normal,YES,PASS,0.0,0.0,0.02,0.0,
13:24:34.715,1.0431,1.0097,1.0049,0.0,normal,0.0,normal,0.0,normal,0.0,NORMAL,0.1,0.0,100,normal,YES,PASS,0.0,0.0,0.017,0.0,
13:24:34.896,1.054,1.0029,1.0128,0.0,normal,0.0,normal,0.0,normal,0.0,NORMAL,0.1,0.0,100,normal,YES,PASS,0.0,0.0,0.022,0.0,
13:24:35.087,1.0382,1.012,1.01,0.0,normal,0.0,normal,0.0,normal,0.0,NORMAL,0.1,0.0,100,normal,YES,PASS,0.0,0.0,0.015,0.0,
13:24:35.284,1.0329,1.011,1.0049,0.0,normal,0.0,normal,0.0,normal,0.0,NORMAL,0.1,0.0,100,normal,YES,PASS,0.0,0.0,0.013,0.0,
13:24:35.466,1.0204,1.0038,1.0092,0.0,normal,0.0,normal,0.0,normal,0.0,NORMAL,0.0,0.0,100,normal,YES,PASS,0.0,0.0,0.008,0.0,
13:24:35.648,1.0215,1.0042,1.0119,0.0,normal,0.0,normal,0.0,normal,0.0,NORMAL,0.0,0.0,100,normal,YES,PASS,0.0,0.0,0.009,0.0,
13:24:35.855,1.0406,1.0094,1.0053,0.0,normal,0.0,normal,0.0,normal,0.0,NORMAL,0.1,0.0,100,normal,YES,PASS,0.0,0.0,0.016,0.0,
13:24:36.037,1.0188,1.0037,1.0055,0.0,normal,0.0,normal,0.0,normal,0.0,NORMAL,0.0,0.0,100,normal,YES,PASS,0.0,0.0,0.008,0.0,
13:24:36.250,1.0063,1.016,1.0059,0.0,normal,0.0,normal,0.0,normal,0.0,NORMAL,0.0,0.0,100,normal,YES,PASS,0.0,0.0,0.003,0.0,
13:24:36.449,1.0001,1.0071,1.0042,0.0,normal,0.0,normal,0.0,normal,0.0,NORMAL,0.0,0.0,100,normal,YES,PASS,0.0,0.0,0.0,0.0,
13:24:36.646,1.0005,1.0001,1.0013,0.0,normal,0.0,normal,0.0,normal,0.0,NORMAL,0.0,0.0,100,normal,YES,PASS,0.0,0.0,0.0,0.0,
13:24:36.829,1.0557,1.0084,1.0119,0.0,normal,0.0,normal,0.0,normal,0.0,NORMAL,0.1,0.0,100,normal,YES,PASS,0.0,0.0,0.022,0.0,
13:24:37.019,1.0072,1.0012,1.01,0.0,normal,0.0,normal,0.0,normal,0.0,NORMAL,0.0,0.0,100,normal,YES,PASS,0.0,0.0,0.003,0.0,
13:24:37.232,1.0047,1.0053,1.0004,0.0,normal,0.0,normal,0.0,normal,0.0,NORMAL,0.0,0.0,100,normal,YES,PASS,0.0,0.0,0.002,0.0,
13:24:37.430,1.0262,1.0003,1.0135,0.0,normal,0.0,normal,0.0,normal,0.0,NORMAL,0.1,0.0,100,normal,YES,PASS,0.0,0.0,0.01,0.0,
13:24:37.620,1.0405,1.0041,1.0112,0.0,normal,0.0,normal,0.0,normal,0.0,NORMAL,0.1,0.0,100,normal,YES,PASS,0.0,0.0,0.016,0.0,
13:24:37.818,1.0303,1.0107,1.0063,0.0,normal,0.0,normal,0.0,normal,0.0,NORMAL,0.1,0.0,100,normal,YES,PASS,0.0,0.0,0.012,0.0,
13:24:38.016,1.0502,1.0069,1.0126,0.0,normal,0.0,normal,0.0,normal,0.0,NORMAL,0.1,0.0,100,normal,YES,PASS,0.0,0.0,0.02,0.0,
13:24:38.231,1.0296,1.0012,1.0044,0.0,normal,0.0,normal,0.0,normal,0.0,NORMAL,0.1,0.0,100,normal,YES,PASS,0.0,0.0,0.012,0.0,
13:24:38.437,1.0283,1.0011,1.0009,0.0,normal,0.0,normal,0.0,normal,0.0,NORMAL,0.1,0.0,100,normal,YES,PASS,0.0,0.0,0.011,0.0,
13:24:38.637,1.0456,1.0027,1.0124,0.0,normal,0.0,normal,0.0,normal,0.0,NORMAL,0.1,0.0,100,normal,YES,PASS,0.0,0.0,0.018,0.0,
13:24:38.851,1.0194,1.0079,1.0088,0.0,normal,0.0,normal,0.0,normal,0.0,NORMAL,0.0,0.0,100,normal,YES,PASS,0.0,0.0,0.008,0.0,
13:24:39.049,1.0195,1.0021,1.0039,0.0,normal,0.0,normal,0.0,normal,0.0,NORMAL,0.0,0.0,100,normal,YES,PASS,0.0,0.0,0.008,0.0,
13:24:39.230,1.0064,1.0038,1.0064,0.0,normal,0.0,normal,0.0,normal,0.0,NORMAL,0.0,0.0,100,normal,YES,PASS,0.0,0.0,0.003,0.0,
13:24:39.436,1.0547,1.0066,1.0128,0.0,normal,0.0,normal,0.0,normal,0.0,NORMAL,0.1,0.0,100,normal,YES,PASS,0.0,0.0,0.022,0.0,
13:24:39.617,1.0454,1.0008,1.0128,0.0,normal,0.0,normal,0.0,normal,0.0,NORMAL,0.1,0.0,100,normal,YES,PASS,0.0,0.0,0.018,0.0,
13:24:39.815,1.0593,1.0019,1.0095,0.0,normal,0.0,normal,0.0,normal,0.0,NORMAL,0.1,0.0,100,normal,YES,PASS,0.0,0.0,0.024,0.0,
13:24:39.998,1.0391,1.01,1.0141,0.0,normal,0.0,normal,0.0,normal,0.0,NORMAL,0.1,0.0,100,normal,YES,PASS,0.0,0.0,0.016,0.0,
13:24:40.187,1.0104,1.0049,1.0116,0.0,normal,0.0,normal,0.0,normal,0.0,NORMAL,0.0,0.0,100,normal,YES,PASS,0.0,0.0,0.004,0.0,
13:24:40.386,1.0225,1.0083,1.0052,0.0,normal,0.0,normal,0.0,normal,0.0,NORMAL,0.0,0.0,100,normal,YES,PASS,0.0,0.0,0.009,0.0,
13:24:40.584,1.0173,1.0082,1.0051,0.0,normal,0.0,normal,0.0,normal,0.0,NORMAL,0.0,0.0,100,normal,YES,PASS,0.0,0.0,0.007,0.0,
13:24:40.768,1.0424,1.0129,1.0117,0.0,normal,0.0,normal,0.0,normal,0.0,NORMAL,0.1,0.0,100,normal,YES,PASS,0.0,0.0,0.017,0.0,
13:24:40.965,1.0171,1.011,1.0073,0.0,normal,0.0,normal,0.0,normal,0.0,NORMAL,0.0,0.0,100,normal,YES,PASS,0.0,0.0,0.007,0.0,
13:24:41.163,1.0561,1.0008,1.005,0.0,normal,0.0,normal,0.0,normal,0.0,NORMAL,0.1,0.0,100,normal,YES,PASS,0.0,0.0,0.022,0.0,
13:24:41.363,1.0395,1.0048,1.0005,0.0,normal,0.0,normal,0.0,normal,0.0,NORMAL,0.1,0.0,100,normal,YES,PASS,0.0,0.0,0.016,0.0,
13:24:41.553,1.0463,1.004,1.0007,0.0,normal,0.0,normal,0.0,normal,0.0,NORMAL,0.1,0.0,100,normal,YES,PASS,0.0,0.0,0.019,0.0,
13:24:41.751,1.0085,1.0163,1.0124,0.0,normal,0.0,normal,0.0,normal,0.0,NORMAL,0.0,0.0,100,normal,YES,PASS,0.0,0.0,0.003,0.0,
13:24:41.949,1.0244,1.0098,1.0051,0.0,normal,0.0,normal,0.0,normal,0.0,NORMAL,0.0,0.0,100,normal,YES,PASS,0.0,0.0,0.01,0.0,
13:24:42.148,1.0287,1.0017,1.0073,0.0,normal,0.0,normal,0.0,normal,0.0,NORMAL,0.1,0.0,100,normal,YES,PASS,0.0,0.0,0.011,0.0,
13:24:42.330,1.0494,1.0115,1.0007,0.0,normal,0.0,normal,0.0,normal,0.0,NORMAL,0.1,0.0,100,normal,YES,PASS,0.0,0.0,0.02,0.0,
13:24:42.537,1.0459,1.0073,1.0154,0.0,normal,0.0,normal,0.0,normal,0.0,NORMAL,0.1,0.0,100,normal,YES,PASS,0.0,0.0,0.018,0.0,
13:24:42.719,1.0066,1.0084,1.0116,0.0,normal,0.0,normal,0.0,normal,0.0,NORMAL,0.0,0.0,100,normal,YES,PASS,0.0,0.0,0.003,0.0,
13:24:42.901,1.0492,1.0026,1.0089,0.0,normal,0.0,normal,0.0,normal,0.0,NORMAL,0.1,0.0,100,normal,YES,PASS,0.0,0.0,0.02,0.0,
13:24:43.083,1.0164,1.0088,1.0068,0.0,normal,0.0,normal,0.0,normal,0.0,NORMAL,0.0,0.0,100,normal,YES,PASS,0.0,0.0,0.007,0.0,
13:24:43.282,1.0267,1.0083,1.0107,0.0,normal,0.0,normal,0.0,normal,0.0,NORMAL,0.1,0.0,100,normal,YES,PASS,0.0,0.0,0.011,0.0,
13:24:43.479,1.0058,1.0093,1.0078,0.0,normal,0.0,normal,0.0,normal,0.0,NORMAL,0.0,0.0,100,normal,YES,PASS,0.0,0.0,0.002,0.0,
13:24:43.662,1.0075,1.0021,1.001,0.0,normal,0.0,normal,0.0,normal,0.0,NORMAL,0.0,0.0,100,normal,YES,PASS,0.0,0.0,0.003,0.0,
13:24:43.853,1.0402,1.0006,1.0073,0.0,normal,0.0,normal,0.0,normal,0.0,NORMAL,0.1,0.0,100,normal,YES,PASS,0.0,0.0,0.016,0.0,
13:24:44.036,1.0522,1.0011,1.0019,0.0,normal,0.0,normal,0.0,normal,0.0,NORMAL,0.1,0.0,100,normal,YES,PASS,0.0,0.0,0.021,0.0,
13:24:44.233,1.042,1.005,1.0013,0.0,normal,0.0,normal,0.0,normal,0.0,NORMAL,0.1,0.0,100,normal,YES,PASS,0.0,0.0,0.017,0.0,
13:24:44.416,1.0072,1.001,1.0014,0.0,normal,0.0,normal,0.0,normal,0.0,NORMAL,0.0,0.0,100,normal,YES,PASS,0.0,0.0,0.003,0.0,
13:24:44.599,1.0023,1.0013,1.0029,0.0,normal,0.0,normal,0.0,normal,0.0,NORMAL,0.0,0.0,100,normal,YES,PASS,0.0,0.0,0.001,0.0,
13:24:44.781,1.0357,1.0002,1.009,0.0,normal,0.0,normal,0.0,normal,0.0,NORMAL,0.1,0.0,100,normal,YES,PASS,0.0,0.0,0.014,0.0,
13:24:44.987,1.0423,1.0024,1.0084,0.0,normal,0.0,normal,0.0,normal,0.0,NORMAL,0.1,0.0,100,normal,YES,PASS,0.0,0.0,0.017,0.0,
13:24:45.170,1.0206,1.0019,1.0096,0.0,normal,0.0,normal,0.0,normal,0.0,NORMAL,0.0,0.0,100,normal,YES,PASS,0.0,0.0,0.008,0.0,
13:24:45.372,1.048,1.0122,1.0044,0.0,normal,0.0,normal,0.0,normal,0.0,NORMAL,0.1,0.0,100,normal,YES,PASS,0.0,0.0,0.019,0.0,
13:24:45.551,1.05,1.0048,1.0099,0.0,normal,0.0,normal,0.0,normal,0.0,NORMAL,0.1,0.0,100,normal,YES,PASS,0.0,0.0,0.02,0.0,
13:24:45.748,1.0429,1.013,1.0064,0.0,normal,0.0,normal,0.0,normal,0.0,NORMAL,0.1,0.0,100,normal,YES,PASS,0.0,0.0,0.017,0.0,
13:24:45.930,1.0538,1.0139,1.0073,0.0,normal,0.0,normal,0.0,normal,0.0,NORMAL,0.1,0.0,100,normal,YES,PASS,0.0,0.0,0.022,0.0,
13:24:46.103,1.0255,1.0024,1.003,0.0,normal,0.0,normal,0.0,normal,0.0,NORMAL,0.1,0.0,100,normal,YES,PASS,0.0,0.0,0.01,0.0,
13:24:46.286,1.0029,1.0002,1.0068,0.0,normal,0.0,normal,0.0,normal,0.0,NORMAL,0.0,0.0,100,normal,YES,PASS,0.0,0.0,0.001,0.0,
13:24:46.486,1.0295,1.0085,1.0134,0.0,normal,0.0,normal,0.0,normal,0.0,NORMAL,0.1,0.0,100,normal,YES,PASS,0.0,0.0,0.012,0.0,
13:24:46.685,1.0144,1.0114,1.0027,0.0,normal,0.0,normal,0.0,normal,0.0,NORMAL,0.0,0.0,100,normal,YES,PASS,0.0,0.0,0.006,0.0,
13:24:46.867,1.0523,1.0091,1.009,0.0,normal,0.0,normal,0.0,normal,0.0,NORMAL,0.1,0.0,100,normal,YES,PASS,0.0,0.0,0.021,0.0,
13:24:47.065,1.0434,1.0026,1.0039,0.0,normal,0.0,normal,0.0,normal,0.0,NORMAL,0.1,0.0,100,normal,YES,PASS,0.0,0.0,0.017,0.0,
13:24:47.232,1.0326,1.0029,1.0072,0.0,normal,0.0,normal,0.0,normal,0.0,NORMAL,0.1,0.0,100,normal,YES,PASS,0.0,0.0,0.013,0.0,
13:24:47.414,1.0017,1.0015,1.0023,0.0,normal,0.0,normal,0.0,normal,0.0,NORMAL,0.0,0.0,100,normal,YES,PASS,0.0,0.0,0.001,0.0,
13:24:47.598,1.0272,1.0086,1.0066,0.0,normal,0.0,normal,0.0,normal,0.0,NORMAL,0.1,0.0,100,normal,YES,PASS,0.0,0.0,0.011,0.0,
13:24:47.819,1.0447,1.0145,1.0111,0.0,normal,0.0,normal,0.0,normal,0.0,NORMAL,0.1,0.0,100,normal,YES,PASS,0.0,0.0,0.018,0.0,
13:24:48.017,1.0331,1.0039,1.0027,0.0,normal,0.0,normal,0.0,normal,0.0,NORMAL,0.1,0.0,100,normal,YES,PASS,0.0,0.0,0.013,0.0,
13:24:48.231,1.0259,1.0084,1.0061,0.0,normal,0.0,normal,0.0,normal,0.0,NORMAL,0.1,0.0,100,normal,YES,PASS,0.0,0.0,0.01,0.0,
13:24:48.453,1.0284,1.0059,1.0076,0.0,normal,0.0,normal,0.0,normal,0.0,NORMAL,0.1,0.0,100,normal,YES,PASS,0.0,0.0,0.011,0.0,
13:24:48.636,1.0316,1.0008,1.0001,0.0,normal,0.0,normal,0.0,normal,0.0,NORMAL,0.1,0.0,100,normal,YES,PASS,0.0,0.0,0.013,0.0,
13:24:48.834,1.0849,1.0032,1.001,0.0,normal,0.0,normal,0.0,normal,0.0,NORMAL,0.2,0.0,100,normal,YES,PASS,0.0,0.0,0.034,0.0,
13:24:49.031,1.0066,1.0102,1.0037,0.0,normal,0.0,normal,0.0,normal,0.0,NORMAL,0.0,0.0,100,normal,YES,PASS,0.0,0.0,0.003,0.0,
13:24:49.231,1.0042,1.0029,1.0027,0.0,normal,0.0,normal,0.0,normal,0.0,NORMAL,0.0,0.0,100,normal,YES,PASS,0.0,0.0,0.002,0.0,
13:24:49.412,1.0444,1.003,1.002,0.0,normal,0.0,normal,0.0,normal,0.0,NORMAL,0.1,0.0,100,normal,YES,PASS,0.0,0.0,0.018,0.0,
13:24:49.604,1.0356,1.0106,1.0009,0.0,normal,0.0,normal,0.0,normal,0.0,NORMAL,0.1,0.0,100,normal,YES,PASS,0.0,0.0,0.014,0.0,
13:24:49.795,1.0565,1.009,1.0025,0.0,normal,0.0,normal,0.0,normal,0.0,NORMAL,0.1,0.0,100,normal,YES,PASS,0.0,0.0,0.023,0.0,
13:24:49.987,1.0507,1.014,1.0084,0.0,normal,0.0,normal,0.0,normal,0.0,NORMAL,0.1,0.0,100,normal,YES,PASS,0.0,0.0,0.02,0.0,
13:24:50.186,1.0405,1.0047,1.0127,0.0,normal,0.0,normal,0.0,normal,0.0,NORMAL,0.1,0.0,100,normal,YES,PASS,0.0,0.0,0.016,0.0,
13:24:50.352,1.025,1.0111,1.0101,0.0,normal,0.0,normal,0.0,normal,0.0,NORMAL,0.1,0.0,100,normal,YES,PASS,0.0,0.0,0.01,0.0,
13:24:50.535,1.0463,1.0055,1.0101,0.0,normal,0.0,normal,0.0,normal,0.0,NORMAL,0.1,0.0,100,normal,YES,PASS,0.0,0.0,0.019,0.0,
13:24:50.732,1.04,1.0061,1.0075,0.0,normal,0.0,normal,0.0,normal,0.0,NORMAL,0.1,0.0,100,normal,YES,PASS,0.0,0.0,0.016,0.0,
13:24:50.930,1.0649,1.0125,1.0005,0.0,normal,0.0,normal,0.0,normal,0.0,NORMAL,0.1,0.0,100,normal,YES,PASS,0.0,0.0,0.026,0.0,
13:24:51.135,1.024,1.0082,1.0037,0.0,normal,0.0,normal,0.0,normal,0.0,NORMAL,0.0,0.0,100,normal,YES,PASS,0.0,0.0,0.01,0.0,
13:24:51.317,1.0216,1.0117,1.0033,0.0,normal,0.0,normal,0.0,normal,0.0,NORMAL,0.0,0.0,100,normal,YES,PASS,0.0,0.0,0.009,0.0,
13:24:51.498,1.0274,1.0054,1.005,0.0,normal,0.0,normal,0.0,normal,0.0,NORMAL,0.1,0.0,100,normal,YES,PASS,0.0,0.0,0.011,0.0,
13:24:51.680,1.0125,1.0104,1.0059,0.0,normal,0.0,normal,0.0,normal,0.0,NORMAL,0.0,0.0,100,normal,YES,PASS,0.0,0.0,0.005,0.0,
13:24:51.885,1.053,1.0136,1.0072,0.0,normal,0.0,normal,0.0,normal,0.0,NORMAL,0.1,0.0,100,normal,YES,PASS,0.0,0.0,0.021,0.0,
13:24:52.068,1.049,1.0108,1.0052,0.0,normal,0.0,normal,0.0,normal,0.0,NORMAL,0.1,0.0,100,normal,YES,PASS,0.0,0.0,0.02,0.0,
13:24:52.249,1.021,1.0025,1.0005,0.0,normal,0.0,normal,0.0,normal,0.0,NORMAL,0.0,0.0,100,normal,YES,PASS,0.0,0.0,0.008,0.0,
13:24:52.448,1.0528,1.0006,1.0079,0.0,normal,0.0,normal,0.0,normal,0.0,NORMAL,0.1,0.0,100,normal,YES,PASS,0.0,0.0,0.021,0.0,
13:24:52.614,1.0449,1.0045,1.0063,0.0,normal,0.0,normal,0.0,normal,0.0,NORMAL,0.1,0.0,100,normal,YES,PASS,0.0,0.0,0.018,0.0,
13:24:52.803,1.0473,1.0066,1.0003,0.0,normal,0.0,normal,0.0,normal,0.0,NORMAL,0.1,0.0,100,normal,YES,PASS,0.0,0.0,0.019,0.0,
13:24:53.002,1.0163,1.01,1.0048,0.0,normal,0.0,normal,0.0,normal,0.0,NORMAL,0.0,0.0,100,normal,YES,PASS,0.0,0.0,0.007,0.0,
13:24:53.201,1.0396,1.0008,1.001,0.0,normal,0.0,normal,0.0,normal,0.0,NORMAL,0.1,0.0,100,normal,YES,PASS,0.0,0.0,0.016,0.0,
13:24:53.399,1.0011,1.0079,1.0101,0.0,normal,0.0,normal,0.0,normal,0.0,NORMAL,0.0,0.0,100,normal,YES,PASS,0.0,0.0,0.0,0.0,
13:24:53.598,1.0093,1.0082,1.0051,0.0,normal,0.0,normal,0.0,normal,0.0,NORMAL,0.0,0.0,100,normal,YES,PASS,0.0,0.0,0.004,0.0,
13:24:53.780,1.0022,1.0026,1.0093,0.0,normal,0.0,normal,0.0,normal,0.0,NORMAL,0.0,0.0,100,normal,YES,PASS,0.0,0.0,0.001,0.0,
13:24:53.964,1.0494,1.008,1.0117,0.0,normal,0.0,normal,0.0,normal,0.0,NORMAL,0.1,0.0,100,normal,YES,PASS,0.0,0.0,0.02,0.0,
13:24:54.146,1.043,1.0009,1.0037,0.0,normal,0.0,normal,0.0,normal,0.0,NORMAL,0.1,0.0,100,normal,YES,PASS,0.0,0.0,0.017,0.0,
13:24:54.313,1.003,1.0002,1.0035,0.0,normal,0.0,normal,0.0,normal,0.0,NORMAL,0.0,0.0,100,normal,YES,PASS,0.0,0.0,0.001,0.0,
13:24:54.496,1.0262,1.0054,1.0041,0.0,normal,0.0,normal,0.0,normal,0.0,NORMAL,0.1,0.0,100,normal,YES,PASS,0.0,0.0,0.01,0.0,
13:24:54.688,1.0326,1.0117,1.0005,0.0,normal,0.0,normal,0.0,normal,0.0,NORMAL,0.1,0.0,100,normal,YES,PASS,0.0,0.0,0.013,0.0,
13:24:54.905,1.0517,1.0056,1.0079,0.0,normal,0.0,normal,0.0,normal,0.0,NORMAL,0.1,0.0,100,normal,YES,PASS,0.0,0.0,0.021,0.0,
13:24:55.083,1.0173,1.0053,1.0067,0.0,normal,0.0,normal,0.0,normal,0.0,NORMAL,0.0,0.0,100,normal,YES,PASS,0.0,0.0,0.007,0.0,
13:24:55.281,1.0331,1.0037,1.011,0.0,normal,0.0,normal,0.0,normal,0.0,NORMAL,0.1,0.0,100,normal,YES,PASS,0.0,0.0,0.013,0.0,
13:24:55.479,1.0127,1.0031,1.0063,0.0,normal,0.0,normal,0.0,normal,0.0,NORMAL,0.0,0.0,100,normal,YES,PASS,0.0,0.0,0.005,0.0,
13:24:55.686,1.0002,1.0027,1.0032,0.0,normal,0.0,normal,0.0,normal,0.0,NORMAL,0.0,0.0,100,normal,YES,PASS,0.0,0.0,0.0,0.0,
13:24:55.869,1.0434,1.0092,1.0101,0.0,normal,0.0,normal,0.0,normal,0.0,NORMAL,0.1,0.0,100,normal,YES,PASS,0.0,0.0,0.017,0.0,
13:24:56.051,1.0369,1.0043,1.0026,0.0,normal,0.0,normal,0.0,normal,0.0,NORMAL,0.1,0.0,100,normal,YES,PASS,0.0,0.0,0.015,0.0,
13:24:56.234,1.0318,1.0038,1.0049,0.0,normal,0.0,normal,0.0,normal,0.0,NORMAL,0.1,0.0,100,normal,YES,PASS,0.0,0.0,0.013,0.0,
13:24:56.400,1.0272,1.0087,1.0035,0.0,normal,0.0,normal,0.0,normal,0.0,NORMAL,0.1,0.0,100,normal,YES,PASS,0.0,0.0,0.011,0.0,
13:24:56.581,1.0209,1.0119,1.0126,0.0,normal,0.0,normal,0.0,normal,0.0,NORMAL,0.0,0.0,100,normal,YES,PASS,0.0,0.0,0.008,0.0,
13:24:56.781,1.0528,1.0088,1.0002,0.0,normal,0.0,normal,0.0,normal,0.0,NORMAL,0.1,0.0,100,normal,YES,PASS,0.0,0.0,0.021,0.0,
13:24:56.963,1.041,1.0105,1.0036,0.0,normal,0.0,normal,0.0,normal,0.0,NORMAL,0.1,0.0,100,normal,YES,PASS,0.0,0.0,0.016,0.0,
13:24:57.162,1.0146,1.0086,1.0014,0.0,normal,0.0,normal,0.0,normal,0.0,NORMAL,0.0,0.0,100,normal,YES,PASS,0.0,0.0,0.006,0.0,
13:24:57.351,1.0491,1.001,1.0045,0.0,normal,0.0,normal,0.0,normal,0.0,NORMAL,0.1,0.0,100,normal,YES,PASS,0.0,0.0,0.02,0.0,
13:24:57.548,1.0081,1.0119,1.0065,0.0,normal,0.0,normal,0.0,normal,0.0,NORMAL,0.0,0.0,100,normal,YES,PASS,0.0,0.0,0.003,0.0,
13:24:57.746,1.0462,1.0022,1.0109,0.0,normal,0.0,normal,0.0,normal,0.0,NORMAL,0.1,0.0,100,normal,YES,PASS,0.0,0.0,0.018,0.0,
13:24:57.968,1.0212,1.0057,1.0023,0.0,normal,0.0,normal,0.0,normal,0.0,NORMAL,0.0,0.0,100,normal,YES,PASS,0.0,0.0,0.008,0.0,
13:24:58.166,1.0222,1.0185,1.0213,0.0,normal,0.0,normal,0.0,normal,0.0,NORMAL,0.0,0.0,100,normal,YES,PASS,0.0,0.0,0.009,0.0,
13:24:58.348,1.0087,1.0035,1.0007,0.0,normal,0.0,normal,0.0,normal,0.0,NORMAL,0.0,0.0,100,normal,YES,PASS,0.0,0.0,0.003,0.0,
13:24:58.530,1.0036,1.0021,1.0097,0.0,normal,0.0,normal,0.0,normal,0.0,NORMAL,0.0,0.0,100,normal,YES,PASS,0.0,0.0,0.001,0.0,
13:24:58.698,1.0486,1.0016,1.0105,0.0,normal,0.0,normal,0.0,normal,0.0,NORMAL,0.1,0.0,100,normal,YES,PASS,0.0,0.0,0.019,0.0,
13:24:58.895,1.032,1.0024,1.0096,0.0,normal,0.0,normal,0.0,normal,0.0,NORMAL,0.1,0.0,100,normal,YES,PASS,0.0,0.0,0.013,0.0,
13:24:59.102,1.0775,1.0017,1.0028,0.0,normal,0.0,normal,0.0,normal,0.0,NORMAL,0.2,0.0,100,normal,YES,PASS,0.0,0.0,0.031,0.0,
13:24:59.284,1.0267,1.012,1.0009,0.0,normal,0.0,normal,0.0,normal,0.0,NORMAL,0.1,0.0,100,normal,YES,PASS,0.0,0.0,0.011,0.0,
13:24:59.467,1.0181,1.0106,1.0049,0.0,normal,0.0,normal,0.0,normal,0.0,NORMAL,0.0,0.0,100,normal,YES,PASS,0.0,0.0,0.007,0.0,
13:24:59.665,1.0146,1.0134,1.0113,0.0,normal,0.0,normal,0.0,normal,0.0,NORMAL,0.0,0.0,100,normal,YES,PASS,0.0,0.0,0.006,0.0,
13:24:59.846,1.0407,1.0073,1.0044,0.0,normal,0.0,normal,0.0,normal,0.0,NORMAL,0.1,0.0,100,normal,YES,PASS,0.0,0.0,0.016,0.0,
13:25:00.036,1.0154,1.0141,1.009,0.0,normal,0.0,normal,0.0,normal,0.0,NORMAL,0.0,0.0,100,normal,YES,PASS,0.0,0.0,0.006,0.0,
13:25:00.233,1.0527,1.009,1.0005,0.0,normal,0.0,normal,0.0,normal,0.0,NORMAL,0.1,0.0,100,normal,YES,PASS,0.0,0.0,0.021,0.0,
13:25:00.430,1.0284,1.0135,1.0043,0.0,normal,0.0,normal,0.0,normal,0.0,NORMAL,0.1,0.0,100,normal,YES,PASS,0.0,0.0,0.011,0.0,
13:25:00.620,1.0207,1.01,1.0024,0.0,normal,0.0,normal,0.0,normal,0.0,NORMAL,0.0,0.0,100,normal,YES,PASS,0.0,0.0,0.008,0.0,
13:25:00.816,1.0192,1.0032,1.0032,0.0,normal,0.0,normal,0.0,normal,0.0,NORMAL,0.0,0.0,100,normal,YES,PASS,0.0,0.0,0.008,0.0,
13:25:01.015,1.0419,1.0067,1.0055,0.0,normal,0.0,normal,0.0,normal,0.0,NORMAL,0.1,0.0,100,normal,YES,PASS,0.0,0.0,0.017,0.0,
13:25:01.220,1.0323,1.005,1.0106,0.0,normal,0.0,normal,0.0,normal,0.0,NORMAL,0.1,0.0,100,normal,YES,PASS,0.0,0.0,0.013,0.0,
13:25:01.417,1.0396,1.0125,1.0079,0.0,normal,0.0,normal,0.0,normal,0.0,NORMAL,0.1,0.0,100,normal,YES,PASS,0.0,0.0,0.016,0.0,
13:25:01.615,1.0493,1.0067,1.0136,0.0,normal,0.0,normal,0.0,normal,0.0,NORMAL,0.1,0.0,100,normal,YES,PASS,0.0,0.0,0.02,0.0,
13:25:01.812,1.0056,1.0123,1.0062,0.0,normal,0.0,normal,0.0,normal,0.0,NORMAL,0.0,0.0,100,normal,YES,PASS,0.0,0.0,0.002,0.0,
13:25:02.012,1.0261,1.0131,1.0032,0.0,normal,0.0,normal,0.0,normal,0.0,NORMAL,0.1,0.0,100,normal,YES,PASS,0.0,0.0,0.01,0.0,
13:25:02.218,1.0474,1.0023,1.0027,0.0,normal,0.0,normal,0.0,normal,0.0,NORMAL,0.1,0.0,100,normal,YES,PASS,0.0,0.0,0.019,0.0,
13:25:02.401,1.0371,1.006,1.0022,0.0,normal,0.0,normal,0.0,normal,0.0,NORMAL,0.1,0.0,100,normal,YES,PASS,0.0,0.0,0.015,0.0,
13:25:02.600,1.0144,1.0131,1.0022,0.0,normal,0.0,normal,0.0,normal,0.0,NORMAL,0.0,0.0,100,normal,YES,PASS,0.0,0.0,0.006,0.0,
13:25:02.812,1.0405,1.0025,1.0108,0.0,normal,0.0,normal,0.0,normal,0.0,NORMAL,0.1,0.0,100,normal,YES,PASS,0.0,0.0,0.016,0.0,
13:25:03.012,1.0467,1.0018,1.0105,0.0,normal,0.0,normal,0.0,normal,0.0,NORMAL,0.1,0.0,100,normal,YES,PASS,0.0,0.0,0.019,0.0,
13:25:03.195,1.0175,1.0104,1.0137,0.0,normal,0.0,normal,0.0,normal,0.0,NORMAL,0.0,0.0,100,normal,YES,PASS,0.0,0.0,0.007,0.0,
13:25:03.394,1.0604,1.0109,1.0129,0.0,normal,0.0,normal,0.0,normal,0.0,NORMAL,0.1,0.0,100,normal,YES,PASS,0.0,0.0,0.024,0.0,
13:25:03.584,1.0005,1.0025,1.0052,0.0,normal,0.0,normal,0.0,normal,0.0,NORMAL,0.0,0.0,100,normal,YES,PASS,0.0,0.0,0.0,0.0,
13:25:03.766,1.0539,1.0088,1.0069,0.0,normal,0.0,normal,0.0,normal,0.0,NORMAL,0.1,0.0,100,normal,YES,PASS,0.0,0.0,0.022,0.0,
13:25:03.964,1.0474,1.003,1.0065,0.0,normal,0.0,normal,0.0,normal,0.0,NORMAL,0.1,0.0,100,normal,YES,PASS,0.0,0.0,0.019,0.0,
13:25:04.146,1.0396,1.0118,1.0084,0.0,normal,0.0,normal,0.0,normal,0.0,NORMAL,0.1,0.0,100,normal,YES,PASS,0.0,0.0,0.016,0.0,
13:25:04.329,1.0352,1.001,1.0033,0.0,normal,0.0,normal,0.0,normal,0.0,NORMAL,0.1,0.0,100,normal,YES,PASS,0.0,0.0,0.014,0.0,
13:25:04.496,1.0431,1.0094,1.0113,0.0,normal,0.0,normal,0.0,normal,0.0,NORMAL,0.1,0.0,100,normal,YES,PASS,0.0,0.0,0.017,0.0,
13:25:04.694,1.0217,1.0026,1.0107,0.0,normal,0.0,normal,0.0,normal,0.0,NORMAL,0.0,0.0,100,normal,YES,PASS,0.0,0.0,0.009,0.0,
13:25:04.870,1.0009,1.0086,1.0115,0.0,normal,0.0,normal,0.0,normal,0.0,NORMAL,0.0,0.0,100,normal,YES,PASS,0.0,0.0,0.0,0.0,
13:25:05.061,1.045,1.0061,1.0102,0.0,normal,0.0,normal,0.0,normal,0.0,NORMAL,0.1,0.0,100,normal,YES,PASS,0.0,0.0,0.018,0.0,
13:25:05.250,1.01,1.0001,1.0007,0.0,normal,0.0,normal,0.0,normal,0.0,NORMAL,0.0,0.0,100,normal,YES,PASS,0.0,0.0,0.004,0.0,
13:25:05.431,1.0281,1.007,1.0098,0.0,normal,0.0,normal,0.0,normal,0.0,NORMAL,0.1,0.0,100,normal,YES,PASS,0.0,0.0,0.011,0.0,
13:25:05.628,1.0409,1.0067,1.0055,0.0,normal,0.0,normal,0.0,normal,0.0,NORMAL,0.1,0.0,100,normal,YES,PASS,0.0,0.0,0.016,0.0,
13:25:05.830,1.0059,1.0041,1.0013,0.0,normal,0.0,normal,0.0,normal,0.0,NORMAL,0.0,0.0,100,normal,YES,PASS,0.0,0.0,0.002,0.0,
13:25:06.110,1.0356,1.008,1.0017,0.0,normal,0.0,normal,0.0,normal,0.0,NORMAL,0.1,0.0,100,normal,YES,PASS,0.0,0.0,0.014,0.0,
13:25:06.381,1.0308,1.0012,1.0099,0.0,normal,0.0,normal,0.0,normal,0.0,NORMAL,0.1,0.0,100,normal,YES,PASS,0.0,0.0,0.012,0.0,
13:25:06.662,1.0256,1.0138,1.0009,0.0,normal,0.0,normal,0.0,normal,0.0,NORMAL,0.1,0.0,100,normal,YES,PASS,0.0,0.0,0.01,0.0,
13:25:06.913,1.032,1.0084,1.012,0.0,normal,0.0,normal,0.0,normal,0.0,NORMAL,0.1,0.0,100,normal,YES,PASS,0.0,0.0,0.013,0.0,
13:25:07.184,1.0437,1.0007,1.0129,0.0,normal,0.0,normal,0.0,normal,0.0,NORMAL,0.1,0.0,100,normal,YES,PASS,0.0,0.0,0.017,0.0,
13:25:07.418,1.0215,1.0144,1.0069,0.0,normal,0.0,normal,0.0,normal,0.0,NORMAL,0.0,0.0,100,normal,YES,PASS,0.0,0.0,0.009,0.0,
13:25:07.617,1.0171,1.0059,1.0072,0.0,normal,0.0,normal,0.0,normal,0.0,NORMAL,0.0,0.0,100,normal,YES,PASS,0.0,0.0,0.007,0.0,
13:25:07.828,1.0387,1.012,1.0153,0.0,normal,0.0,normal,0.0,normal,0.0,NORMAL,0.1,0.0,100,normal,YES,PASS,0.0,0.0,0.015,0.0,
13:25:08.035,1.0097,1.0082,1.0018,0.0,normal,0.0,normal,0.0,normal,0.0,NORMAL,0.0,0.0,100,normal,YES,PASS,0.0,0.0,0.004,0.0,
13:25:08.233,1.0236,1.0003,1.011,0.0,normal,0.0,normal,0.0,normal,0.0,NORMAL,0.0,0.0,100,normal,YES,PASS,0.0,0.0,0.009,0.0,
13:25:08.432,1.001,1.0101,1.0049,0.0,normal,0.0,normal,0.0,normal,0.0,NORMAL,0.0,0.0,100,normal,YES,PASS,0.0,0.0,0.0,0.0,
13:25:08.633,1.0568,1.0139,1.0097,0.0,normal,0.0,normal,0.0,normal,0.0,NORMAL,0.1,0.0,100,normal,YES,PASS,0.0,0.0,0.023,0.0,
13:25:08.831,1.015,1.0087,1.0086,0.0,normal,0.0,normal,0.0,normal,0.0,NORMAL,0.0,0.0,100,normal,YES,PASS,0.0,0.0,0.006,0.0,
13:25:09.028,1.0579,1.0075,1.0101,0.0,normal,0.0,normal,0.0,normal,0.0,NORMAL,0.1,0.0,100,normal,YES,PASS,0.0,0.0,0.023,0.0,
13:25:09.214,1.0498,1.0048,1.0135,0.0,normal,0.0,normal,0.0,normal,0.0,NORMAL,0.1,0.0,100,normal,YES,PASS,0.0,0.0,0.02,0.0,
13:25:09.396,1.045,1.0082,1.0009,0.0,normal,0.0,normal,0.0,normal,0.0,NORMAL,0.1,0.0,100,normal,YES,PASS,0.0,0.0,0.018,0.0,
13:25:09.562,1.0132,1.0006,1.0042,0.0,normal,0.0,normal,0.0,normal,0.0,NORMAL,0.0,0.0,100,normal,YES,PASS,0.0,0.0,0.005,0.0,
13:25:09.780,1.0095,1.005,1.003,0.0,normal,0.0,normal,0.0,normal,0.0,NORMAL,0.0,0.0,100,normal,YES,PASS,0.0,0.0,0.004,0.0,
13:25:10.001,1.0181,1.0133,1.0053,0.0,normal,0.0,normal,0.0,normal,0.0,NORMAL,0.0,0.0,100,normal,YES,PASS,0.0,0.0,0.007,0.0,
13:25:10.231,1.0078,1.0042,1.0087,0.0,normal,0.0,normal,0.0,normal,0.0,NORMAL,0.0,0.0,100,normal,YES,PASS,0.0,0.0,0.003,0.0,
13:25:10.452,1.0102,1.0088,1.0018,0.0,normal,0.0,normal,0.0,normal,0.0,NORMAL,0.0,0.0,100,normal,YES,PASS,0.0,0.0,0.004,0.0,
13:25:10.682,1.003,1.0124,1.0052,0.0,normal,0.0,normal,0.0,normal,0.0,NORMAL,0.0,0.0,100,normal,YES,PASS,0.0,0.0,0.001,0.0,
13:25:10.880,1.0277,1.0123,1.01,0.0,normal,0.0,normal,0.0,normal,0.0,NORMAL,0.1,0.0,100,normal,YES,PASS,0.0,0.0,0.011,0.0,
13:25:11.094,1.0176,1.0036,1.008,0.0,normal,0.0,normal,0.0,normal,0.0,NORMAL,0.0,0.0,100,normal,YES,PASS,0.0,0.0,0.007,0.0,
13:25:11.277,1.0155,1.0087,1.0103,0.0,normal,0.0,normal,0.0,normal,0.0,NORMAL,0.0,0.0,100,normal,YES,PASS,0.0,0.0,0.006,0.0,
13:25:11.500,1.0306,1.0141,1.006,0.0,normal,0.0,normal,0.0,normal,0.0,NORMAL,0.1,0.0,100,normal,YES,PASS,0.0,0.0,0.012,0.0,
13:25:11.712,1.0599,1.0026,1.0038,0.0,normal,0.0,normal,0.0,normal,0.0,NORMAL,0.1,0.0,100,normal,YES,PASS,0.0,0.0,0.024,0.0,
13:25:11.918,1.0332,1.0078,1.0094,0.0,normal,0.0,normal,0.0,normal,0.0,NORMAL,0.1,0.0,100,normal,YES,PASS,0.0,0.0,0.013,0.0,
13:25:12.115,1.0217,1.0033,1.0145,0.0,normal,0.0,normal,0.0,normal,0.0,NORMAL,0.0,0.0,100,normal,YES,PASS,0.0,0.0,0.009,0.0,
13:25:12.319,1.0308,1.0011,1.0017,0.0,normal,0.0,normal,0.0,normal,0.0,NORMAL,0.1,0.0,100,normal,YES,PASS,0.0,0.0,0.012,0.0,
13:25:12.518,1.066,1.0043,1.0095,0.0,normal,0.0,normal,0.0,normal,0.0,NORMAL,0.1,0.0,100,normal,YES,PASS,0.0,0.0,0.026,0.0,
13:25:12.716,1.0375,1.0041,1.0042,0.0,normal,0.0,normal,0.0,normal,0.0,NORMAL,0.1,0.0,100,normal,YES,PASS,0.0,0.0,0.015,0.0,
13:25:12.898,1.047,1.0008,1.0022,0.0,normal,0.0,normal,0.0,normal,0.0,NORMAL,0.1,0.0,100,normal,YES,PASS,0.0,0.0,0.019,0.0,
13:25:13.095,1.02,1.0117,1.0075,0.0,normal,0.0,normal,0.0,normal,0.0,NORMAL,0.0,0.0,100,normal,YES,PASS,0.0,0.0,0.008,0.0,
13:25:13.278,1.0073,1.0013,1.0038,0.0,normal,0.0,normal,0.0,normal,0.0,NORMAL,0.0,0.0,100,normal,YES,PASS,0.0,0.0,0.003,0.0,
13:25:13.453,1.0451,1.0054,1.0092,0.0,normal,0.0,normal,0.0,normal,0.0,NORMAL,0.1,0.0,100,normal,YES,PASS,0.0,0.0,0.018,0.0,
13:25:13.633,1.0234,1.0074,1.0057,0.0,normal,0.0,normal,0.0,normal,0.0,NORMAL,0.0,0.0,100,normal,YES,PASS,0.0,0.0,0.009,0.0,
13:25:13.831,1.0517,1.006,1.0079,0.0,normal,0.0,normal,0.0,normal,0.0,NORMAL,0.1,0.0,100,normal,YES,PASS,0.0,0.0,0.021,0.0,
13:25:14.045,1.0512,1.008,1.0097,0.0,normal,0.0,normal,0.0,normal,0.0,NORMAL,0.1,0.0,100,normal,YES,PASS,0.0,0.0,0.02,0.0,
13:25:14.268,1.0597,1.0022,1.0042,0.0,normal,0.0,normal,0.0,normal,0.0,NORMAL,0.1,0.0,100,normal,YES,PASS,0.0,0.0,0.024,0.0,
13:25:14.467,1.0043,1.0001,1.0006,0.0,normal,0.0,normal,0.0,normal,0.0,NORMAL,0.0,0.0,100,normal,YES,PASS,0.0,0.0,0.002,0.0,
13:25:14.648,1.0034,1.0048,1.0111,0.0,normal,0.0,normal,0.0,normal,0.0,NORMAL,0.0,0.0,100,normal,YES,PASS,0.0,0.0,0.001,0.0,
13:25:14.845,1.0116,1.0099,1.0098,0.0,normal,0.0,normal,0.0,normal,0.0,NORMAL,0.0,0.0,100,normal,YES,PASS,0.0,0.0,0.005,0.0,
13:25:15.036,1.0085,1.014,1.006,0.0,normal,0.0,normal,0.0,normal,0.0,NORMAL,0.0,0.0,100,normal,YES,PASS,0.0,0.0,0.003,0.0,
13:25:15.219,1.0068,1.0067,1.0081,0.0,normal,0.0,normal,0.0,normal,0.0,NORMAL,0.0,0.0,100,normal,YES,PASS,0.0,0.0,0.003,0.0,
13:25:15.412,1.0405,1.0084,1.0119,0.0,normal,0.0,normal,0.0,normal,0.0,NORMAL,0.1,0.0,100,normal,YES,PASS,0.0,0.0,0.016,0.0,
13:25:15.617,1.0619,1.0008,1.0058,0.0,normal,0.0,normal,0.0,normal,0.0,NORMAL,0.1,0.0,100,normal,YES,PASS,0.0,0.0,0.025,0.0,
13:25:15.800,1.0394,1.0093,1.0038,0.0,normal,0.0,normal,0.0,normal,0.0,NORMAL,0.1,0.0,100,normal,YES,PASS,0.0,0.0,0.016,0.0,
13:25:15.999,1.015,1.0069,1.0024,0.0,normal,0.0,normal,0.0,normal,0.0,NORMAL,0.0,0.0,100,normal,YES,PASS,0.0,0.0,0.006,0.0,
13:25:16.196,1.0309,1.0027,1.0064,0.0,normal,0.0,normal,0.0,normal,0.0,NORMAL,0.1,0.0,100,normal,YES,PASS,0.0,0.0,0.012,0.0,
13:25:16.393,1.0228,1.0002,1.0096,0.0,normal,0.0,normal,0.0,normal,0.0,NORMAL,0.0,0.0,100,normal,YES,PASS,0.0,0.0,0.009,0.0,
13:25:16.583,1.0614,1.0108,1.012,0.0,normal,0.0,normal,0.0,normal,0.0,NORMAL,0.1,0.0,100,normal,YES,PASS,0.0,0.0,0.025,0.0,
13:25:16.782,1.028,1.004,1.0141,0.0,normal,0.0,normal,0.0,normal,0.0,NORMAL,0.1,0.0,100,normal,YES,PASS,0.0,0.0,0.011,0.0,
13:25:16.980,1.0389,1.0069,1.0058,0.0,normal,0.0,normal,0.0,normal,0.0,NORMAL,0.1,0.0,100,normal,YES,PASS,0.0,0.0,0.016,0.0,
13:25:17.163,1.0274,1.0008,1.0056,0.0,normal,0.0,normal,0.0,normal,0.0,NORMAL,0.1,0.0,100,normal,YES,PASS,0.0,0.0,0.011,0.0,
13:25:17.345,1.0034,1.0075,1.0044,0.0,normal,0.0,normal,0.0,normal,0.0,NORMAL,0.0,0.0,100,normal,YES,PASS,0.0,0.0,0.001,0.0,
13:25:17.533,1.0663,1.014,1.0046,0.0,normal,0.0,normal,0.0,normal,0.0,NORMAL,0.1,0.0,100,normal,YES,PASS,0.0,0.0,0.027,0.0,
13:25:17.716,1.0429,1.0085,1.0118,0.0,normal,0.0,normal,0.0,normal,0.0,NORMAL,0.1,0.0,100,normal,YES,PASS,0.0,0.0,0.017,0.0,
13:25:17.928,1.0459,1.0114,1.007,0.0,normal,0.0,normal,0.0,normal,0.0,NORMAL,0.1,0.0,100,normal,YES,PASS,0.0,0.0,0.018,0.0,
13:25:18.115,1.0061,1.0113,1.0109,0.0,normal,0.0,normal,0.0,normal,0.0,NORMAL,0.0,0.0,100,normal,YES,PASS,0.0,0.0,0.002,0.0,
13:25:18.311,1.0063,1.0093,1.0045,0.0,normal,0.0,normal,0.0,normal,0.0,NORMAL,0.0,0.0,100,normal,YES,PASS,0.0,0.0,0.003,0.0,
13:25:18.500,1.0591,1.0001,1.0036,0.0,normal,0.0,normal,0.0,normal,0.0,NORMAL,0.1,0.0,100,normal,YES,PASS,0.0,0.0,0.024,0.0,
13:25:18.682,1.0294,1.0018,1.0081,0.0,normal,0.0,normal,0.0,normal,0.0,NORMAL,0.1,0.0,100,normal,YES,PASS,0.0,0.0,0.012,0.0,
13:25:18.896,1.012,1.0128,1.0131,0.0,normal,0.0,normal,0.0,normal,0.0,NORMAL,0.0,0.0,100,normal,YES,PASS,0.0,0.0,0.005,0.0,
13:25:19.100,1.0243,1.0009,1.0118,0.0,normal,0.0,normal,0.0,normal,0.0,NORMAL,0.0,0.0,100,normal,YES,PASS,0.0,0.0,0.01,0.0,
13:25:19.284,1.0568,1.0029,1.0104,0.0,normal,0.0,normal,0.0,normal,0.0,NORMAL,0.1,0.0,100,normal,YES,PASS,0.0,0.0,0.023,0.0,
13:25:19.482,1.0086,1.0021,1.0121,0.0,normal,0.0,normal,0.0,normal,0.0,NORMAL,0.0,0.0,100,normal,YES,PASS,0.0,0.0,0.003,0.0,
13:25:19.665,1.0541,1.0065,1.0091,0.0,normal,0.0,normal,0.0,normal,0.0,NORMAL,0.1,0.0,100,normal,YES,PASS,0.0,0.0,0.022,0.0,
13:25:19.862,1.0201,1.0091,1.0106,0.0,normal,0.0,normal,0.0,normal,0.0,NORMAL,0.0,0.0,100,normal,YES,PASS,0.0,0.0,0.008,0.0,
13:25:20.045,1.0314,1.0104,1.0003,0.0,normal,0.0,normal,0.0,normal,0.0,NORMAL,0.1,0.0,100,normal,YES,PASS,0.0,0.0,0.013,0.0,
13:25:20.212,1.005,1.0066,1.0011,0.0,normal,0.0,normal,0.0,normal,0.0,NORMAL,0.0,0.0,100,normal,YES,PASS,0.0,0.0,0.002,0.0,
13:25:20.410,1.0056,1.0103,1.0123,0.0,normal,0.0,normal,0.0,normal,0.0,NORMAL,0.0,0.0,100,normal,YES,PASS,0.0,0.0,0.002,0.0,
13:25:20.584,1.0185,1.0002,1.0097,0.0,normal,0.0,normal,0.0,normal,0.0,NORMAL,0.0,0.0,100,normal,YES,PASS,0.0,0.0,0.007,0.0,
13:25:20.774,1.04,1.0076,1.0059,0.0,normal,0.0,normal,0.0,normal,0.0,NORMAL,0.1,0.0,100,normal,YES,PASS,0.0,0.0,0.016,0.0,
13:25:20.981,1.0152,1.0023,1.0051,0.0,normal,0.0,normal,0.0,normal,0.0,NORMAL,0.0,0.0,100,normal,YES,PASS,0.0,0.0,0.006,0.0,
13:25:21.165,1.0499,1.013,1.0063,0.0,normal,0.0,normal,0.0,normal,0.0,NORMAL,0.1,0.0,100,normal,YES,PASS,0.0,0.0,0.02,0.0,
13:25:21.332,1.0127,1.0092,1.0049,0.0,normal,0.0,normal,0.0,normal,0.0,NORMAL,0.0,0.0,100,normal,YES,PASS,0.0,0.0,0.005,0.0,
13:25:21.512,1.0244,1.0067,1.0021,0.0,normal,0.0,normal,0.0,normal,0.0,NORMAL,0.0,0.0,100,normal,YES,PASS,0.0,0.0,0.01,0.0,
13:25:21.695,1.0151,1.0145,1.0009,0.0,normal,0.0,normal,0.0,normal,0.0,NORMAL,0.0,0.0,100,normal,YES,PASS,0.0,0.0,0.006,0.0,
13:25:21.893,1.036,1.0008,1.0036,0.0,normal,0.0,normal,0.0,normal,0.0,NORMAL,0.1,0.0,100,normal,YES,PASS,0.0,0.0,0.014,0.0,
13:25:22.077,1.0194,1.0107,1.0009,0.0,normal,0.0,normal,0.0,normal,0.0,NORMAL,0.0,0.0,100,normal,YES,PASS,0.0,0.0,0.008,0.0,
13:25:22.268,1.0592,1.0043,1.0107,0.0,normal,0.0,normal,0.0,normal,0.0,NORMAL,0.1,0.0,100,normal,YES,PASS,0.0,0.0,0.024,0.0,
13:25:22.465,1.0218,1.0073,1.0019,0.0,normal,0.0,normal,0.0,normal,0.0,NORMAL,0.0,0.0,100,normal,YES,PASS,0.0,0.0,0.009,0.0,
13:25:22.694,1.0495,1.0022,1.0062,0.0,normal,0.0,normal,0.0,normal,0.0,NORMAL,0.1,0.0,100,normal,YES,PASS,0.0,0.0,0.02,0.0,
13:25:22.880,1.0196,1.0038,1.0025,0.0,normal,0.0,normal,0.0,normal,0.0,NORMAL,0.0,0.0,100,normal,YES,PASS,0.0,0.0,0.008,0.0,
13:25:23.083,1.0404,1.004,1.007,0.0,normal,0.0,normal,0.0,normal,0.0,NORMAL,0.1,0.0,100,normal,YES,PASS,0.0,0.0,0.016,0.0,
13:25:23.282,1.0028,1.0107,1.0109,0.0,normal,0.0,normal,0.0,normal,0.0,NORMAL,0.0,0.0,100,normal,YES,PASS,0.0,0.0,0.001,0.0,
13:25:23.497,1.0461,1.0091,1.0058,0.0,normal,0.0,normal,0.0,normal,0.0,NORMAL,0.1,0.0,100,normal,YES,PASS,0.0,0.0,0.018,0.0,
13:25:23.678,1.0362,1.0032,1.0097,0.0,normal,0.0,normal,0.0,normal,0.0,NORMAL,0.1,0.0,100,normal,YES,PASS,0.0,0.0,0.014,0.0,
13:25:23.867,1.014,1.0152,1.0013,0.0,normal,0.0,normal,0.0,normal,0.0,NORMAL,0.0,0.0,100,normal,YES,PASS,0.0,0.0,0.006,0.0,
13:25:24.051,1.0323,1.0076,1.0093,0.0,normal,0.0,normal,0.0,normal,0.0,NORMAL,0.1,0.0,100,normal,YES,PASS,0.0,0.0,0.013,0.0,
13:25:24.233,1.0396,1.0011,1.0036,0.0,normal,0.0,normal,0.0,normal,0.0,NORMAL,0.1,0.0,100,normal,YES,PASS,0.0,0.0,0.016,0.0,
13:25:24.428,1.0657,1.0066,1.0087,0.0,normal,0.0,normal,0.0,normal,0.0,NORMAL,0.1,0.0,100,normal,YES,PASS,0.0,0.0,0.026,0.0,
13:25:24.612,1.0324,1.0036,1.0062,0.0,normal,0.0,normal,0.0,normal,0.0,NORMAL,0.1,0.0,100,normal,YES,PASS,0.0,0.0,0.013,0.0,
13:25:24.801,1.0635,1.0034,1.002,0.0,normal,0.0,normal,0.0,normal,0.0,NORMAL,0.1,0.0,100,normal,YES,PASS,0.0,0.0,0.025,0.0,
13:25:25.001,1.0074,1.0097,1.0112,0.0,normal,0.0,normal,0.0,normal,0.0,NORMAL,0.0,0.0,100,normal,YES,PASS,0.0,0.0,0.003,0.0,
13:25:25.184,1.0469,1.0029,1.0086,0.0,normal,0.0,normal,0.0,normal,0.0,NORMAL,0.1,0.0,100,normal,YES,PASS,0.0,0.0,0.019,0.0,
13:25:25.382,1.0117,1.0078,1.0081,0.0,normal,0.0,normal,0.0,normal,0.0,NORMAL,0.0,0.0,100,normal,YES,PASS,0.0,0.0,0.005,0.0,
13:25:25.562,1.0445,1.0023,1.0066,0.0,normal,0.0,normal,0.0,normal,0.0,NORMAL,0.1,0.0,100,normal,YES,PASS,0.0,0.0,0.018,0.0,
13:25:25.751,1.0318,1.0051,1.0086,0.0,normal,0.0,normal,0.0,normal,0.0,NORMAL,0.1,0.0,100,normal,YES,PASS,0.0,0.0,0.013,0.0,
13:25:25.948,1.0566,1.0081,1.0029,0.0,normal,0.0,normal,0.0,normal,0.0,NORMAL,0.1,0.0,100,normal,YES,PASS,0.0,0.0,0.023,0.0,
13:25:26.146,1.0103,1.0008,1.0033,0.0,normal,0.0,normal,0.0,normal,0.0,NORMAL,0.0,0.0,100,normal,YES,PASS,0.0,0.0,0.004,0.0,
13:25:26.344,1.0353,1.0104,1.0031,0.0,normal,0.0,normal,0.0,normal,0.0,NORMAL,0.1,0.0,100,normal,YES,PASS,0.0,0.0,0.014,0.0,
13:25:26.566,1.0063,1.0003,1.0159,0.0,normal,0.0,normal,0.0,normal,0.0,NORMAL,0.0,0.0,100,normal,YES,PASS,0.0,0.0,0.003,0.0,
13:25:26.778,1.0249,1.0125,1.0094,0.0,normal,0.0,normal,0.0,normal,0.0,NORMAL,0.0,0.0,100,normal,YES,PASS,0.0,0.0,0.01,0.0,
13:25:27.016,1.0277,1.0066,1.0026,0.0,normal,0.0,normal,0.0,normal,0.0,NORMAL,0.1,0.0,100,normal,YES,PASS,0.0,0.0,0.011,0.0,
13:25:27.215,1.0393,1.0101,1.006,0.0,normal,0.0,normal,0.0,normal,0.0,NORMAL,0.1,0.0,100,normal,YES,PASS,0.0,0.0,0.016,0.0,
13:25:27.412,1.0322,1.0041,1.0054,0.0,normal,0.0,normal,0.0,normal,0.0,NORMAL,0.1,0.0,100,normal,YES,PASS,0.0,0.0,0.013,0.0,
13:25:27.593,1.0594,1.0003,1.0107,0.0,normal,0.0,normal,0.0,normal,0.0,NORMAL,0.1,0.0,100,normal,YES,PASS,0.0,0.0,0.024,0.0,
13:25:27.800,1.0387,1.0072,1.0036,0.0,normal,0.0,normal,0.0,normal,0.0,NORMAL,0.1,0.0,100,normal,YES,PASS,0.0,0.0,0.015,0.0,
13:25:27.998,1.0485,1.0119,1.0105,0.0,normal,0.0,normal,0.0,normal,0.0,NORMAL,0.1,0.0,100,normal,YES,PASS,0.0,0.0,0.019,0.0,
13:25:28.184,1.0078,1.0037,1.0018,0.0,normal,0.0,normal,0.0,normal,0.0,NORMAL,0.0,0.0,100,normal,YES,PASS,0.0,0.0,0.003,0.0,
13:25:28.378,1.0249,1.0132,1.0035,0.0,normal,0.0,normal,0.0,normal,0.0,NORMAL,0.0,0.0,100,normal,YES,PASS,0.0,0.0,0.01,0.0,
13:25:28.577,1.029,1.0068,1.0103,0.0,normal,0.0,normal,0.0,normal,0.0,NORMAL,0.1,0.0,100,normal,YES,PASS,0.0,0.0,0.012,0.0,
13:25:28.767,1.0226,1.0042,1.0083,0.0,normal,0.0,normal,0.0,normal,0.0,NORMAL,0.0,0.0,100,normal,YES,PASS,0.0,0.0,0.009,0.0,
13:25:28.985,1.0007,1.0112,1.0073,0.0,normal,0.0,normal,0.0,normal,0.0,NORMAL,0.0,0.0,100,normal,YES,PASS,0.0,0.0,0.0,0.0,
13:25:29.180,1.0351,1.0022,1.0017,0.0,normal,0.0,normal,0.0,normal,0.0,NORMAL,0.1,0.0,100,normal,YES,PASS,0.0,0.0,0.014,0.0,
13:25:29.363,1.0455,1.0048,1.012,0.0,normal,0.0,normal,0.0,normal,0.0,NORMAL,0.1,0.0,100,normal,YES,PASS,0.0,0.0,0.018,0.0,
13:25:29.531,1.0491,1.0025,1.0137,0.0,normal,0.0,normal,0.0,normal,0.0,NORMAL,0.1,0.0,100,normal,YES,PASS,0.0,0.0,0.02,0.0,
13:25:29.730,1.0621,1.0031,1.0051,0.0,normal,0.0,normal,0.0,normal,0.0,NORMAL,0.1,0.0,100,normal,YES,PASS,0.0,0.0,0.025,0.0,
13:25:29.946,1.0159,1.0055,1.0122,0.0,normal,0.0,normal,0.0,normal,0.0,NORMAL,0.0,0.0,100,normal,YES,PASS,0.0,0.0,0.006,0.0,
13:25:30.144,1.0362,1.0044,1.011,0.0,normal,0.0,normal,0.0,normal,0.0,NORMAL,0.1,0.0,100,normal,YES,PASS,0.0,0.0,0.014,0.0,
13:25:30.353,1.0354,1.0018,1.0074,0.0,normal,0.0,normal,0.0,normal,0.0,NORMAL,0.1,0.0,100,normal,YES,PASS,0.0,0.0,0.014,0.0,
13:25:30.556,1.0212,1.0078,1.0013,0.0,normal,0.0,normal,0.0,normal,0.0,NORMAL,0.0,0.0,100,normal,YES,PASS,0.0,0.0,0.008,0.0,
13:25:30.730,1.0106,1.0078,1.0021,0.0,normal,0.0,normal,0.0,normal,0.0,NORMAL,0.0,0.0,100,normal,YES,PASS,0.0,0.0,0.004,0.0,
13:25:30.897,1.0295,1.0043,1.0037,0.0,normal,0.0,normal,0.0,normal,0.0,NORMAL,0.1,0.0,100,normal,YES,PASS,0.0,0.0,0.012,0.0,
13:25:31.087,1.0342,1.0096,1.0042,0.0,normal,0.0,normal,0.0,normal,0.0,NORMAL,0.1,0.0,100,normal,YES,PASS,0.0,0.0,0.014,0.0,
13:25:31.262,1.0308,1.0083,1.0084,0.0,normal,0.0,normal,0.0,normal,0.0,NORMAL,0.1,0.0,100,normal,YES,PASS,0.0,0.0,0.012,0.0,
13:25:31.430,1.028,1.0052,1.0072,0.0,normal,0.0,normal,0.0,normal,0.0,NORMAL,0.1,0.0,100,normal,YES,PASS,0.0,0.0,0.011,0.0,
13:25:31.619,1.0157,1.0078,1.001,0.0,normal,0.0,normal,0.0,normal,0.0,NORMAL,0.0,0.0,100,normal,YES,PASS,0.0,0.0,0.006,0.0,
13:25:31.824,1.0582,1.0072,1.011,0.0,normal,0.0,normal,0.0,normal,0.0,NORMAL,0.1,0.0,100,normal,YES,PASS,0.0,0.0,0.023,0.0,
13:25:32.020,1.0578,1.0053,1.0114,0.0,normal,0.0,normal,0.0,normal,0.0,NORMAL,0.1,0.0,100,normal,YES,PASS,0.0,0.0,0.023,0.0,
13:25:32.226,1.0393,1.0022,1.0013,0.0,normal,0.0,normal,0.0,normal,0.0,NORMAL,0.1,0.0,100,normal,YES,PASS,0.0,0.0,0.016,0.0,
13:25:32.400,1.035,1.0087,1.0051,0.0,normal,0.0,normal,0.0,normal,0.0,NORMAL,0.1,0.0,100,normal,YES,PASS,0.0,0.0,0.014,0.0,
13:25:32.605,1.0231,1.011,1.0077,0.0,normal,0.0,normal,0.0,normal,0.0,NORMAL,0.0,0.0,100,normal,YES,PASS,0.0,0.0,0.009,0.0,
13:25:32.793,1.0376,1.0051,1.0107,0.0,normal,0.0,normal,0.0,normal,0.0,NORMAL,0.1,0.0,100,normal,YES,PASS,0.0,0.0,0.015,0.0,
13:25:32.983,1.0149,1.0074,1.001,0.0,normal,0.0,normal,0.0,normal,0.0,NORMAL,0.0,0.0,100,normal,YES,PASS,0.0,0.0,0.006,0.0,
13:25:33.173,1.0038,1.0085,1.0006,0.0,normal,0.0,normal,0.0,normal,0.0,NORMAL,0.0,0.0,100,normal,YES,PASS,0.0,0.0,0.002,0.0,
13:25:33.365,1.0213,1.0036,1.0124,0.0,normal,0.0,normal,0.0,normal,0.0,NORMAL,0.0,0.0,100,normal,YES,PASS,0.0,0.0,0.009,0.0,
13:25:33.540,1.065,1.0106,1.0073,0.0,normal,0.0,normal,0.0,normal,0.0,NORMAL,0.1,0.0,100,normal,YES,PASS,0.0,0.0,0.026,0.0,
13:25:33.716,1.0308,1.0111,1.0092,0.0,normal,0.0,normal,0.0,normal,0.0,NORMAL,0.1,0.0,100,normal,YES,PASS,0.0,0.0,0.012,0.0,
13:25:33.892,1.0343,1.0014,1.0117,0.0,normal,0.0,normal,0.0,normal,0.0,NORMAL,0.1,0.0,100,normal,YES,PASS,0.0,0.0,0.014,0.0,
13:25:34.057,1.068,1.0088,1.0008,0.0,normal,0.0,normal,0.0,normal,0.0,NORMAL,0.1,0.0,100,normal,YES,PASS,0.0,0.0,0.027,0.0,
13:25:34.247,1.024,1.0072,1.0117,0.0,normal,0.0,normal,0.0,normal,0.0,NORMAL,0.0,0.0,100,normal,YES,PASS,0.0,0.0,0.01,0.0,
13:25:34.442,1.0416,1.014,1.0022,0.0,normal,0.0,normal,0.0,normal,0.0,NORMAL,0.1,0.0,100,normal,YES,PASS,0.0,0.0,0.017,0.0,
13:25:34.612,1.0235,1.0002,1.003,0.0,normal,0.0,normal,0.0,normal,0.0,NORMAL,0.0,0.0,100,normal,YES,PASS,0.0,0.0,0.009,0.0,
13:25:34.817,1.0155,1.0001,1.0111,0.0,normal,0.0,normal,0.0,normal,0.0,NORMAL,0.0,0.0,100,normal,YES,PASS,0.0,0.0,0.006,0.0,
13:25:35.012,1.0621,1.0065,1.0078,0.0,normal,0.0,normal,0.0,normal,0.0,NORMAL,0.1,0.0,100,normal,YES,PASS,0.0,0.0,0.025,0.0,
13:25:35.211,1.0505,1.006,1.0002,0.0,normal,0.0,normal,0.0,normal,0.0,NORMAL,0.1,0.0,100,normal,YES,PASS,0.0,0.0,0.02,0.0,
13:25:35.416,1.0345,1.002,1.0037,0.0,normal,0.0,normal,0.0,normal,0.0,NORMAL,0.1,0.0,100,normal,YES,PASS,0.0,0.0,0.014,0.0,
13:25:35.613,1.054,1.0033,1.0028,0.0,normal,0.0,normal,0.0,normal,0.0,NORMAL,0.1,0.0,100,normal,YES,PASS,0.0,0.0,0.022,0.0,
13:25:35.810,1.0311,1.0042,1.0004,0.0,normal,0.0,normal,0.0,normal,0.0,NORMAL,0.1,0.0,100,normal,YES,PASS,0.0,0.0,0.012,0.0,
13:25:36.017,1.0607,1.0124,1.0057,0.0,normal,0.0,normal,0.0,normal,0.0,NORMAL,0.1,0.0,100,normal,YES,PASS,0.0,0.0,0.024,0.0,
13:25:36.216,1.0644,1.0014,1.0076,0.0,normal,0.0,normal,0.0,normal,0.0,NORMAL,0.1,0.0,100,normal,YES,PASS,0.0,0.0,0.026,0.0,
13:25:36.384,1.0118,1.0032,1.0091,0.0,normal,0.0,normal,0.0,normal,0.0,NORMAL,0.0,0.0,100,normal,YES,PASS,0.0,0.0,0.005,0.0,
13:25:36.645,1.0355,1.0034,1.0031,0.0,normal,0.0,normal,0.0,normal,0.0,NORMAL,0.1,0.0,100,normal,YES,PASS,0.0,0.0,0.014,0.0,
13:25:36.867,1.0549,1.0116,1.0003,0.0,normal,0.0,normal,0.0,normal,0.0,NORMAL,0.1,0.0,100,normal,YES,PASS,0.0,0.0,0.022,0.0,
13:25:37.065,1.0097,1.0096,1.0075,0.0,normal,0.0,normal,0.0,normal,0.0,NORMAL,0.0,0.0,100,normal,YES,PASS,0.0,0.0,0.004,0.0,
13:25:37.265,1.0333,1.001,1.008,0.0,normal,0.0,normal,0.0,normal,0.0,NORMAL,0.1,0.0,100,normal,YES,PASS,0.0,0.0,0.013,0.0,
13:25:37.466,1.0584,1.0015,1.0028,0.0,normal,0.0,normal,0.0,normal,0.0,NORMAL,0.1,0.0,100,normal,YES,PASS,0.0,0.0,0.023,0.0,
13:25:37.630,1.055,1.0129,1.0057,0.0,normal,0.0,normal,0.0,normal,0.0,NORMAL,0.1,0.0,100,normal,YES,PASS,0.0,0.0,0.022,0.0,
13:25:37.814,1.0159,1.0124,1.0131,0.0,normal,0.0,normal,0.0,normal,0.0,NORMAL,0.0,0.0,100,normal,YES,PASS,0.0,0.0,0.006,0.0,
13:25:37.984,1.021,1.006,1.0101,0.0,normal,0.0,normal,0.0,normal,0.0,NORMAL,0.0,0.0,100,normal,YES,PASS,0.0,0.0,0.008,0.0,
13:25:38.149,1.0287,1.0077,1.0042,0.0,normal,0.0,normal,0.0,normal,0.0,NORMAL,0.1,0.0,100,normal,YES,PASS,0.0,0.0,0.011,0.0,
13:25:38.339,1.0121,1.0091,1.0085,0.0,normal,0.0,normal,0.0,normal,0.0,NORMAL,0.0,0.0,100,normal,YES,PASS,0.0,0.0,0.005,0.0,
13:25:38.528,1.0044,1.0009,1.0113,0.0,normal,0.0,normal,0.0,normal,0.0,NORMAL,0.0,0.0,100,normal,YES,PASS,0.0,0.0,0.002,0.0,
13:25:38.699,1.0109,1.0002,1.0059,0.0,normal,0.0,normal,0.0,normal,0.0,NORMAL,0.0,0.0,100,normal,YES,PASS,0.0,0.0,0.004,0.0,
13:25:38.864,1.0246,1.0027,1.0007,0.0,normal,0.0,normal,0.0,normal,0.0,NORMAL,0.0,0.0,100,normal,YES,PASS,0.0,0.0,0.01,0.0,
13:25:39.045,1.0336,1.0054,1.0001,0.0,normal,0.0,normal,0.0,normal,0.0,NORMAL,0.1,0.0,100,normal,YES,PASS,0.0,0.0,0.013,0.0,
13:25:39.217,1.0513,1.0128,1.0074,0.0,normal,0.0,normal,0.0,normal,0.0,NORMAL,0.1,0.0,100,normal,YES,PASS,0.0,0.0,0.021,0.0,
13:25:39.384,1.0539,1.0002,1.0069,0.0,normal,0.0,normal,0.0,normal,0.0,NORMAL,0.1,0.0,100,normal,YES,PASS,0.0,0.0,0.022,0.0,
13:25:39.549,1.01,1.0099,1.0038,0.0,normal,0.0,normal,0.0,normal,0.0,NORMAL,0.0,0.0,100,normal,YES,PASS,0.0,0.0,0.004,0.0,
13:25:39.730,1.0161,1.0016,1.0122,0.0,normal,0.0,normal,0.0,normal,0.0,NORMAL,0.0,0.0,100,normal,YES,PASS,0.0,0.0,0.006,0.0,
13:25:39.899,1.0255,1.0028,1.0042,0.0,normal,0.0,normal,0.0,normal,0.0,NORMAL,0.1,0.0,100,normal,YES,PASS,0.0,0.0,0.01,0.0,
13:25:40.081,1.0513,1.0071,1.0014,0.0,normal,0.0,normal,0.0,normal,0.0,NORMAL,0.1,0.0,100,normal,YES,PASS,0.0,0.0,0.021,0.0,
13:25:40.251,1.0057,1.0052,1.0097,0.0,normal,0.0,normal,0.0,normal,0.0,NORMAL,0.0,0.0,100,normal,YES,PASS,0.0,0.0,0.002,0.0,
13:25:40.433,1.0508,1.0101,1.0056,0.0,normal,0.0,normal,0.0,normal,0.0,NORMAL,0.1,0.0,100,normal,YES,PASS,0.0,0.0,0.02,0.0,
13:25:40.597,1.0072,1.0041,1.0083,0.0,normal,0.0,normal,0.0,normal,0.0,NORMAL,0.0,0.0,100,normal,YES,PASS,0.0,0.0,0.003,0.0,
13:25:40.771,1.0031,1.009,1.0077,0.0,normal,0.0,normal,0.0,normal,0.0,NORMAL,0.0,0.0,100,normal,YES,PASS,0.0,0.0,0.001,0.0,
13:25:40.936,1.0181,1.01,1.0028,0.0,normal,0.0,normal,0.0,normal,0.0,NORMAL,0.0,0.0,100,normal,YES,PASS,0.0,0.0,0.007,0.0,
13:25:41.116,1.0444,1.0107,1.001,0.0,normal,0.0,normal,0.0,normal,0.0,NORMAL,0.1,0.0,100,normal,YES,PASS,0.0,0.0,0.018,0.0,
13:25:41.296,1.0437,1.0104,1.0067,0.0,normal,0.0,normal,0.0,normal,0.0,NORMAL,0.1,0.0,100,normal,YES,PASS,0.0,0.0,0.017,0.0,
13:25:41.470,1.0399,1.004,1.001,0.0,normal,0.0,normal,0.0,normal,0.0,NORMAL,0.1,0.0,100,normal,YES,PASS,0.0,0.0,0.016,0.0,
13:25:41.632,1.0427,1.0142,1.0085,0.0,normal,0.0,normal,0.0,normal,0.0,NORMAL,0.1,0.0,100,normal,YES,PASS,0.0,0.0,0.017,0.0,
13:25:41.848,1.0224,1.0048,1.0032,0.0,normal,0.0,normal,0.0,normal,0.0,NORMAL,0.0,0.0,100,normal,YES,PASS,0.0,0.0,0.009,0.0,
13:25:42.065,1.0609,1.0019,1.0099,0.0,normal,0.0,normal,0.0,normal,0.0,NORMAL,0.1,0.0,100,normal,YES,PASS,0.0,0.0,0.024,0.0,
13:25:42.250,1.0423,1.0015,1.0072,0.0,normal,0.0,normal,0.0,normal,0.0,NORMAL,0.1,0.0,100,normal,YES,PASS,0.0,0.0,0.017,0.0,
13:25:42.432,1.0156,1.0056,1.0068,0.0,normal,0.0,normal,0.0,normal,0.0,NORMAL,0.0,0.0,100,normal,YES,PASS,0.0,0.0,0.006,0.0,
13:25:42.616,1.0525,1.0054,1.0056,0.0,normal,0.0,normal,0.0,normal,0.0,NORMAL,0.1,0.0,100,normal,YES,PASS,0.0,0.0,0.021,0.0,
13:25:42.814,1.0227,1.0075,1.0088,0.0,normal,0.0,normal,0.0,normal,0.0,NORMAL,0.0,0.0,100,normal,YES,PASS,0.0,0.0,0.009,0.0,
13:25:42.984,1.0001,1.0013,1.0125,0.0,normal,0.0,normal,0.0,normal,0.0,NORMAL,0.0,0.0,100,normal,YES,PASS,0.0,0.0,0.0,0.0,
13:25:43.154,1.0583,1.0052,1.0053,0.0,normal,0.0,normal,0.0,normal,0.0,NORMAL,0.1,0.0,100,normal,YES,PASS,0.0,0.0,0.023,0.0,
13:25:43.346,1.0487,1.0092,1.0049,0.0,normal,0.0,normal,0.0,normal,0.0,NORMAL,0.1,0.0,100,normal,YES,PASS,0.0,0.0,0.019,0.0,
13:25:43.516,1.0458,1.01,1.0073,0.0,normal,0.0,normal,0.0,normal,0.0,NORMAL,0.1,0.0,100,normal,YES,PASS,0.0,0.0,0.018,0.0,
13:25:43.699,1.0679,1.0082,1.0075,0.0,normal,0.0,normal,0.0,normal,0.0,NORMAL,0.1,0.0,100,normal,YES,PASS,0.0,0.0,0.027,0.0,
13:25:43.880,1.0494,1.0034,1.0073,0.0,normal,0.0,normal,0.0,normal,0.0,NORMAL,0.1,0.0,100,normal,YES,PASS,0.0,0.0,0.02,0.0,
13:25:44.053,1.0063,1.0153,1.0125,0.0,normal,0.0,normal,0.0,normal,0.0,NORMAL,0.0,0.0,100,normal,YES,PASS,0.0,0.0,0.003,0.0,
13:25:44.233,1.022,1.0016,1.0015,0.0,normal,0.0,normal,0.0,normal,0.0,NORMAL,0.0,0.0,100,normal,YES,PASS,0.0,0.0,0.009,0.0,
13:25:44.413,1.0589,1.0086,1.0069,0.0,normal,0.0,normal,0.0,normal,0.0,NORMAL,0.1,0.0,100,normal,YES,PASS,0.0,0.0,0.024,0.0,
13:25:44.582,1.0376,1.0003,1.0048,0.0,normal,0.0,normal,0.0,normal,0.0,NORMAL,0.1,0.0,100,normal,YES,PASS,0.0,0.0,0.015,0.0,
13:25:44.763,1.0334,1.0079,1.0002,0.0,normal,0.0,normal,0.0,normal,0.0,NORMAL,0.1,0.0,100,normal,YES,PASS,0.0,0.0,0.013,0.0,
13:25:44.934,1.0181,1.0085,1.0056,0.0,normal,0.0,normal,0.0,normal,0.0,NORMAL,0.0,0.0,100,normal,YES,PASS,0.0,0.0,0.007,0.0,
13:25:45.123,1.056,1.01,1.0075,0.0,normal,0.0,normal,0.0,normal,0.0,NORMAL,0.1,0.0,100,normal,YES,PASS,0.0,0.0,0.022,0.0,
13:25:45.283,1.0367,1.0098,1.0035,0.0,normal,0.0,normal,0.0,normal,0.0,NORMAL,0.1,0.0,100,normal,YES,PASS,0.0,0.0,0.015,0.0,
13:25:45.454,1.0366,1.0056,1.0034,0.0,normal,0.0,normal,0.0,normal,0.0,NORMAL,0.1,0.0,100,normal,YES,PASS,0.0,0.0,0.015,0.0,
13:25:45.647,1.0355,1.0086,1.0021,0.0,normal,0.0,normal,0.0,normal,0.0,NORMAL,0.1,0.0,100,normal,YES,PASS,0.0,0.0,0.014,0.0,
13:25:45.817,1.0439,1.0106,1.0096,0.0,normal,0.0,normal,0.0,normal,0.0,NORMAL,0.1,0.0,100,normal,YES,PASS,0.0,0.0,0.018,0.0,
13:25:45.996,1.0009,1.0044,1.0092,0.0,normal,0.0,normal,0.0,normal,0.0,NORMAL,0.0,0.0,100,normal,YES,PASS,0.0,0.0,0.0,0.0,
13:25:46.182,1.0454,1.0057,1.0043,0.0,normal,0.0,normal,0.0,normal,0.0,NORMAL,0.1,0.0,100,normal,YES,PASS,0.0,0.0,0.018,0.0,
13:25:46.362,1.0542,1.0062,1.007,0.0,normal,0.0,normal,0.0,normal,0.0,NORMAL,0.1,0.0,100,normal,YES,PASS,0.0,0.0,0.022,0.0,
13:25:46.565,1.012,1.0165,1.0074,0.0,normal,0.0,normal,0.0,normal,0.0,NORMAL,0.0,0.0,100,normal,YES,PASS,0.0,0.0,0.005,0.0,
13:25:46.736,1.0111,1.0098,1.0084,0.0,normal,0.0,normal,0.0,normal,0.0,NORMAL,0.0,0.0,100,normal,YES,PASS,0.0,0.0,0.004,0.0,
13:25:46.916,1.0492,1.0019,1.0098,0.0,normal,0.0,normal,0.0,normal,0.0,NORMAL,0.1,0.0,100,normal,YES,PASS,0.0,0.0,0.02,0.0,
13:25:47.081,1.0108,1.0038,1.0075,0.0,normal,0.0,normal,0.0,normal,0.0,NORMAL,0.0,0.0,100,normal,YES,PASS,0.0,0.0,0.004,0.0,
13:25:47.249,1.0079,1.0024,1.0098,0.0,normal,0.0,normal,0.0,normal,0.0,NORMAL,0.0,0.0,100,normal,YES,PASS,0.0,0.0,0.003,0.0,
13:25:47.429,1.0214,1.0065,1.0121,0.0,normal,0.0,normal,0.0,normal,0.0,NORMAL,0.0,0.0,100,normal,YES,PASS,0.0,0.0,0.009,0.0,
13:25:47.599,1.0434,1.0052,1.0013,0.0,normal,0.0,normal,0.0,normal,0.0,NORMAL,0.1,0.0,100,normal,YES,PASS,0.0,0.0,0.017,0.0,
13:25:47.780,1.008,1.0042,1.0049,0.0,normal,0.0,normal,0.0,normal,0.0,NORMAL,0.0,0.0,100,normal,YES,PASS,0.0,0.0,0.003,0.0,
13:25:47.950,1.0392,1.0033,1.0044,0.0,normal,0.0,normal,0.0,normal,0.0,NORMAL,0.1,0.0,100,normal,YES,PASS,0.0,0.0,0.016,0.0,
13:25:48.116,1.0013,1.0087,1.0103,0.0,normal,0.0,normal,0.0,normal,0.0,NORMAL,0.0,0.0,100,normal,YES,PASS,0.0,0.0,0.001,0.0,
13:25:48.296,1.0205,1.0057,1.0126,0.0,normal,0.0,normal,0.0,normal,0.0,NORMAL,0.0,0.0,100,normal,YES,PASS,0.0,0.0,0.008,0.0,
13:25:48.466,1.0656,1.0035,1.0117,0.0,normal,0.0,normal,0.0,normal,0.0,NORMAL,0.1,0.0,100,normal,YES,PASS,0.0,0.0,0.026,0.0,
13:25:48.666,1.0404,1.0153,1.0055,0.0,normal,0.0,normal,0.0,normal,0.0,NORMAL,0.1,0.0,100,normal,YES,PASS,0.0,0.0,0.016,0.0,
13:25:48.838,1.0307,1.0075,1.001,0.0,normal,0.0,normal,0.0,normal,0.0,NORMAL,0.1,0.0,100,normal,YES,PASS,0.0,0.0,0.012,0.0,
13:25:48.995,1.0556,1.0033,1.0038,0.0,normal,0.0,normal,0.0,normal,0.0,NORMAL,0.1,0.0,100,normal,YES,PASS,0.0,0.0,0.022,0.0,
13:25:49.197,1.0305,1.0078,1.0005,0.0,normal,0.0,normal,0.0,normal,0.0,NORMAL,0.1,0.0,100,normal,YES,PASS,0.0,0.0,0.012,0.0,
13:25:49.382,1.0421,1.0018,1.0028,0.0,normal,0.0,normal,0.0,normal,0.0,NORMAL,0.1,0.0,100,normal,YES,PASS,0.0,0.0,0.017,0.0,
13:25:49.546,1.0209,1.0098,1.0037,0.0,normal,0.0,normal,0.0,normal,0.0,NORMAL,0.0,0.0,100,normal,YES,PASS,0.0,0.0,0.008,0.0,
13:25:49.729,1.0053,1.0018,1.0064,0.0,normal,0.0,normal,0.0,normal,0.0,NORMAL,0.0,0.0,100,normal,YES,PASS,0.0,0.0,0.002,0.0,
13:25:49.897,1.0054,1.0066,1.0083,0.0,normal,0.0,normal,0.0,normal,0.0,NORMAL,0.0,0.0,100,normal,YES,PASS,0.0,0.0,0.002,0.0,
13:25:50.067,1.0005,1.0066,1.0031,0.0,normal,0.0,normal,0.0,normal,0.0,NORMAL,0.0,0.0,100,normal,YES,PASS,0.0,0.0,0.0,0.0,
13:25:50.246,1.0376,1.0037,1.0083,0.0,normal,0.0,normal,0.0,normal,0.0,NORMAL,0.1,0.0,100,normal,YES,PASS,0.0,0.0,0.015,0.0,
13:25:50.413,1.0361,1.0082,1.0148,0.0,normal,0.0,normal,0.0,normal,0.0,NORMAL,0.1,0.0,100,normal,YES,PASS,0.0,0.0,0.014,0.0,
13:25:50.583,1.0277,1.0025,1.003,0.0,normal,0.0,normal,0.0,normal,0.0,NORMAL,0.1,0.0,100,normal,YES,PASS,0.0,0.0,0.011,0.0,
13:25:50.748,1.0647,1.0066,1.0006,0.0,normal,0.0,normal,0.0,normal,0.0,NORMAL,0.1,0.0,100,normal,YES,PASS,0.0,0.0,0.026,0.0,
13:25:50.928,1.0162,1.0043,1.0042,0.0,normal,0.0,normal,0.0,normal,0.0,NORMAL,0.0,0.0,100,normal,YES,PASS,0.0,0.0,0.006,0.0,
13:25:51.122,1.01,1.0108,1.0082,0.0,normal,0.0,normal,0.0,normal,0.0,NORMAL,0.0,0.0,100,normal,YES,PASS,0.0,0.0,0.004,0.0,
13:25:51.298,1.0334,1.0076,1.0004,0.0,normal,0.0,normal,0.0,normal,0.0,NORMAL,0.1,0.0,100,normal,YES,PASS,0.0,0.0,0.013,0.0,
13:25:51.463,1.0284,1.0008,1.0032,0.0,normal,0.0,normal,0.0,normal,0.0,NORMAL,0.1,0.0,100,normal,YES,PASS,0.0,0.0,0.011,0.0,
13:25:51.639,1.0053,1.0021,1.0023,0.0,normal,0.0,normal,0.0,normal,0.0,NORMAL,0.0,0.0,100,normal,YES,PASS,0.0,0.0,0.002,0.0,
13:25:51.814,1.0188,1.0071,1.0089,0.0,normal,0.0,normal,0.0,normal,0.0,NORMAL,0.0,0.0,100,normal,YES,PASS,0.0,0.0,0.008,0.0,
13:25:51.979,1.0043,1.0118,1.0129,0.0,normal,0.0,normal,0.0,normal,0.0,NORMAL,0.0,0.0,100,normal,YES,PASS,0.0,0.0,0.002,0.0,
13:25:52.159,1.0667,1.0068,1.0067,0.0,normal,0.0,normal,0.0,normal,0.0,NORMAL,0.1,0.0,100,normal,YES,PASS,0.0,0.0,0.027,0.0,
13:25:52.330,1.0292,1.0094,1.0064,0.0,normal,0.0,normal,0.0,normal,0.0,NORMAL,0.1,0.0,100,normal,YES,PASS,0.0,0.0,0.012,0.0,
13:25:52.495,1.0616,1.0156,1.0096,0.0,normal,0.0,normal,0.0,normal,0.0,NORMAL,0.1,0.0,100,normal,YES,PASS,0.0,0.0,0.025,0.0,
13:25:52.664,1.0245,1.0061,1.0159,0.0,normal,0.0,normal,0.0,normal,0.0,NORMAL,0.0,0.0,100,normal,YES,PASS,0.0,0.0,0.01,0.0,
13:25:52.848,1.0021,1.0066,1.0088,0.0,normal,0.0,normal,0.0,normal,0.0,NORMAL,0.0,0.0,100,normal,YES,PASS,0.0,0.0,0.001,0.0,
13:25:53.016,1.0406,1.0138,1.0019,0.0,normal,0.0,normal,0.0,normal,0.0,NORMAL,0.1,0.0,100,normal,YES,PASS,0.0,0.0,0.016,0.0,
13:25:53.214,1.0239,1.004,1.0091,0.0,normal,0.0,normal,0.0,normal,0.0,NORMAL,0.0,0.0,100,normal,YES,PASS,0.0,0.0,0.01,0.0,
13:25:53.378,1.0029,1.0092,1.003,0.0,normal,0.0,normal,0.0,normal,0.0,NORMAL,0.0,0.0,100,normal,YES,PASS,0.0,0.0,0.001,0.0,
13:25:53.566,1.0226,1.0085,1.0143,0.0,normal,0.0,normal,0.0,normal,0.0,NORMAL,0.0,0.0,100,normal,YES,PASS,0.0,0.0,0.009,0.0,
13:25:53.762,1.0213,1.0081,1.0028,0.0,normal,0.0,normal,0.0,normal,0.0,NORMAL,0.0,0.0,100,normal,YES,PASS,0.0,0.0,0.009,0.0,
13:25:53.950,1.0353,1.0109,1.0092,0.0,normal,0.0,normal,0.0,normal,0.0,NORMAL,0.1,0.0,100,normal,YES,PASS,0.0,0.0,0.014,0.0,
13:25:54.139,1.0294,1.0082,1.0073,0.0,normal,0.0,normal,0.0,normal,0.0,NORMAL,0.1,0.0,100,normal,YES,PASS,0.0,0.0,0.012,0.0,
13:25:54.333,1.005,1.0028,1.007,0.0,normal,0.0,normal,0.0,normal,0.0,NORMAL,0.0,0.0,100,normal,YES,PASS,0.0,0.0,0.002,0.0,
13:25:54.496,1.0184,1.0106,1.0042,0.0,normal,0.0,normal,0.0,normal,0.0,NORMAL,0.0,0.0,100,normal,YES,PASS,0.0,0.0,0.007,0.0,
13:25:54.665,1.0185,1.0034,1.0058,0.0,normal,0.0,normal,0.0,normal,0.0,NORMAL,0.0,0.0,100,normal,YES,PASS,0.0,0.0,0.007,0.0,
13:25:54.847,1.0772,1.0091,1.0107,0.0,normal,0.0,normal,0.0,normal,0.0,NORMAL,0.2,0.0,100,normal,YES,PASS,0.0,0.0,0.031,0.0,
13:25:55.016,1.0232,1.0146,1.0012,0.0,normal,0.0,normal,0.0,normal,0.0,NORMAL,0.0,0.0,100,normal,YES,PASS,0.0,0.0,0.009,0.0,
13:25:55.199,1.0656,1.0088,1.011,0.0,normal,0.0,normal,0.0,normal,0.0,NORMAL,0.1,0.0,100,normal,YES,PASS,0.0,0.0,0.026,0.0,
13:25:55.364,1.0457,1.005,1.0096,0.0,normal,0.0,normal,0.0,normal,0.0,NORMAL,0.1,0.0,100,normal,YES,PASS,0.0,0.0,0.018,0.0,
13:25:55.533,1.0588,1.0116,1.0061,0.0,normal,0.0,normal,0.0,normal,0.0,NORMAL,0.1,0.0,100,normal,YES,PASS,0.0,0.0,0.024,0.0,
13:25:55.714,1.0555,1.0029,1.0107,0.0,normal,0.0,normal,0.0,normal,0.0,NORMAL,0.1,0.0,100,normal,YES,PASS,0.0,0.0,0.022,0.0,
13:25:55.899,1.0586,1.0043,1.0109,0.0,normal,0.0,normal,0.0,normal,0.0,NORMAL,0.1,0.0,100,normal,YES,PASS,0.0,0.0,0.023,0.0,
13:25:56.063,1.0292,1.011,1.0063,0.0,normal,0.0,normal,0.0,normal,0.0,NORMAL,0.1,0.0,100,normal,YES,PASS,0.0,0.0,0.012,0.0,
13:25:56.247,1.0363,1.0035,1.0017,0.0,normal,0.0,normal,0.0,normal,0.0,NORMAL,0.1,0.0,100,normal,YES,PASS,0.0,0.0,0.015,0.0,
13:25:56.432,1.0417,1.0088,1.0066,0.0,normal,0.0,normal,0.0,normal,0.0,NORMAL,0.1,0.0,100,normal,YES,PASS,0.0,0.0,0.017,0.0,
13:25:56.597,1.0017,1.008,1.0121,0.0,normal,0.0,normal,0.0,normal,0.0,NORMAL,0.0,0.0,100,normal,YES,PASS,0.0,0.0,0.001,0.0,
13:25:56.765,1.0663,1.0098,1.0061,0.0,normal,0.0,normal,0.0,normal,0.0,NORMAL,0.1,0.0,100,normal,YES,PASS,0.0,0.0,0.027,0.0,
13:25:56.950,1.0228,1.0008,1.0008,0.0,normal,0.0,normal,0.0,normal,0.0,NORMAL,0.0,0.0,100,normal,YES,PASS,0.0,0.0,0.009,0.0,
13:25:57.138,1.0484,1.01,1.0042,0.0,normal,0.0,normal,0.0,normal,0.0,NORMAL,0.1,0.0,100,normal,YES,PASS,0.0,0.0,0.019,0.0,
13:25:57.329,1.0265,1.0036,1.0094,0.0,normal,0.0,normal,0.0,normal,0.0,NORMAL,0.1,0.0,100,normal,YES,PASS,0.0,0.0,0.011,0.0,
13:25:57.494,1.0445,1.0042,1.0106,0.0,normal,0.0,normal,0.0,normal,0.0,NORMAL,0.1,0.0,100,normal,YES,PASS,0.0,0.0,0.018,0.0,
13:25:57.652,1.0516,1.0025,1.0098,0.0,normal,0.0,normal,0.0,normal,0.0,NORMAL,0.1,0.0,100,normal,YES,PASS,0.0,0.0,0.021,0.0,
13:25:57.831,1.0072,1.01,1.0031,0.0,normal,0.0,normal,0.0,normal,0.0,NORMAL,0.0,0.0,100,normal,YES,PASS,0.0,0.0,0.003,0.0,
13:25:58.017,1.0585,1.0031,1.0033,0.0,normal,0.0,normal,0.0,normal,0.0,NORMAL,0.1,0.0,100,normal,YES,PASS,0.0,0.0,0.023,0.0,
13:25:58.181,1.0513,1.0067,1.0057,0.0,normal,0.0,normal,0.0,normal,0.0,NORMAL,0.1,0.0,100,normal,YES,PASS,0.0,0.0,0.021,0.0,
13:25:58.345,1.0319,1.0059,1.0095,0.0,normal,0.0,normal,0.0,normal,0.0,NORMAL,0.1,0.0,100,normal,YES,PASS,0.0,0.0,0.013,0.0,
13:25:58.504,1.0552,1.0017,1.0041,0.0,normal,0.0,normal,0.0,normal,0.0,NORMAL,0.1,0.0,100,normal,YES,PASS,0.0,0.0,0.022,0.0,
13:25:58.679,1.0083,1.0073,1.0077,0.0,normal,0.0,normal,0.0,normal,0.0,NORMAL,0.0,0.0,100,normal,YES,PASS,0.0,0.0,0.003,0.0,
13:25:58.864,1.047,1.0053,1.0125,0.0,normal,0.0,normal,0.0,normal,0.0,NORMAL,0.1,0.0,100,normal,YES,PASS,0.0,0.0,0.019,0.0,
13:25:59.044,1.0378,1.0056,1.0114,0.0,normal,0.0,normal,0.0,normal,0.0,NORMAL,0.1,0.0,100,normal,YES,PASS,0.0,0.0,0.015,0.0,
13:25:59.217,1.0284,1.004,1.004,0.0,normal,0.0,normal,0.0,normal,0.0,NORMAL,0.1,0.0,100,normal,YES,PASS,0.0,0.0,0.011,0.0,
13:25:59.381,1.045,1.0036,1.0044,0.0,normal,0.0,normal,0.0,normal,0.0,NORMAL,0.1,0.0,100,normal,YES,PASS,0.0,0.0,0.018,0.0,
13:25:59.561,1.0176,1.0104,1.003,0.0,normal,0.0,normal,0.0,normal,0.0,NORMAL,0.0,0.0,100,normal,YES,PASS,0.0,0.0,0.007,0.0,
13:25:59.746,1.0242,1.0058,1.0072,0.0,normal,0.0,normal,0.0,normal,0.0,NORMAL,0.0,0.0,100,normal,YES,PASS,0.0,0.0,0.01,0.0,
13:25:59.932,1.0141,1.0024,1.0104,0.0,normal,0.0,normal,0.0,normal,0.0,NORMAL,0.0,0.0,100,normal,YES,PASS,0.0,0.0,0.006,0.0,
13:26:00.114,1.0394,1.0104,1.0101,0.0,normal,0.0,normal,0.0,normal,0.0,NORMAL,0.1,0.0,100,normal,YES,PASS,0.0,0.0,0.016,0.0,
13:26:00.299,1.0132,1.0008,1.0112,0.0,normal,0.0,normal,0.0,normal,0.0,NORMAL,0.0,0.0,100,normal,YES,PASS,0.0,0.0,0.005,0.0,
13:26:00.463,1.0153,1.0108,1.0034,0.0,normal,0.0,normal,0.0,normal,0.0,NORMAL,0.0,0.0,100,normal,YES,PASS,0.0,0.0,0.006,0.0,
13:26:00.647,1.0482,1.0056,1.0106,0.0,normal,0.0,normal,0.0,normal,0.0,NORMAL,0.1,0.0,100,normal,YES,PASS,0.0,0.0,0.019,0.0,
13:26:00.812,1.0385,1.0042,1.0072,0.0,normal,0.0,normal,0.0,normal,0.0,NORMAL,0.1,0.0,100,normal,YES,PASS,0.0,0.0,0.015,0.0,
13:26:00.982,1.0564,1.0072,1.0051,0.0,normal,0.0,normal,0.0,normal,0.0,NORMAL,0.1,0.0,100,normal,YES,PASS,0.0,0.0,0.023,0.0,
13:26:01.146,1.014,1.0037,1.0016,0.0,normal,0.0,normal,0.0,normal,0.0,NORMAL,0.0,0.0,100,normal,YES,PASS,0.0,0.0,0.006,0.0,
13:26:01.315,1.0038,1.0108,1.0088,0.0,normal,0.0,normal,0.0,normal,0.0,NORMAL,0.0,0.0,100,normal,YES,PASS,0.0,0.0,0.002,0.0,
13:26:01.505,1.0037,1.0091,1.0104,0.0,normal,0.0,normal,0.0,normal,0.0,NORMAL,0.0,0.0,100,normal,YES,PASS,0.0,0.0,0.001,0.0,
13:26:01.702,1.0685,1.0132,1.0145,0.0,normal,0.0,normal,0.0,normal,0.0,NORMAL,0.1,0.0,100,normal,YES,PASS,0.0,0.0,0.027,0.0,
13:26:01.862,1.0333,1.0008,1.0038,0.0,normal,0.0,normal,0.0,normal,0.0,NORMAL,0.1,0.0,100,normal,YES,PASS,0.0,0.0,0.013,0.0,
13:26:02.049,1.0332,1.0023,1.0073,0.0,normal,0.0,normal,0.0,normal,0.0,NORMAL,0.1,0.0,100,normal,YES,PASS,0.0,0.0,0.013,0.0,
13:26:02.212,1.0212,1.0122,1.0054,0.0,normal,0.0,normal,0.0,normal,0.0,NORMAL,0.0,0.0,100,normal,YES,PASS,0.0,0.0,0.008,0.0,
13:26:02.382,1.0086,1.0127,1.0069,0.0,normal,0.0,normal,0.0,normal,0.0,NORMAL,0.0,0.0,100,normal,YES,PASS,0.0,0.0,0.003,0.0,
13:26:02.561,1.0596,1.0001,1.0005,0.0,normal,0.0,normal,0.0,normal,0.0,NORMAL,0.1,0.0,100,normal,YES,PASS,0.0,0.0,0.024,0.0,
13:26:02.744,1.0116,1.0105,1.008,0.0,normal,0.0,normal,0.0,normal,0.0,NORMAL,0.0,0.0,100,normal,YES,PASS,0.0,0.0,0.005,0.0,
13:26:02.915,1.0531,1.0032,1.0128,0.0,normal,0.0,normal,0.0,normal,0.0,NORMAL,0.1,0.0,100,normal,YES,PASS,0.0,0.0,0.021,0.0,
13:26:03.080,1.0514,1.0082,1.0074,0.0,normal,0.0,normal,0.0,normal,0.0,NORMAL,0.1,0.0,100,normal,YES,PASS,0.0,0.0,0.021,0.0,
13:26:03.261,1.0571,1.0049,1.0061,0.0,normal,0.0,normal,0.0,normal,0.0,NORMAL,0.1,0.0,100,normal,YES,PASS,0.0,0.0,0.023,0.0,
13:26:03.431,1.0456,1.012,1.0014,0.0,normal,0.0,normal,0.0,normal,0.0,NORMAL,0.1,0.0,100,normal,YES,PASS,0.0,0.0,0.018,0.0,
13:26:03.594,1.0486,1.0109,1.0027,0.0,normal,0.0,normal,0.0,normal,0.0,NORMAL,0.1,0.0,100,normal,YES,PASS,0.0,0.0,0.019,0.0,
13:26:03.780,1.0143,1.0035,1.0076,0.0,normal,0.0,normal,0.0,normal,0.0,NORMAL,0.0,0.0,100,normal,YES,PASS,0.0,0.0,0.006,0.0,
13:26:03.939,1.0006,1.0105,1.0143,0.0,normal,0.0,normal,0.0,normal,0.0,NORMAL,0.0,0.0,100,normal,YES,PASS,0.0,0.0,0.0,0.0,
13:26:04.114,1.0029,1.0015,1.0126,0.0,normal,0.0,normal,0.0,normal,0.0,NORMAL,0.0,0.0,100,normal,YES,PASS,0.0,0.0,0.001,0.0,
13:26:04.295,1.0075,1.0077,1.0036,0.0,normal,0.0,normal,0.0,normal,0.0,NORMAL,0.0,0.0,100,normal,YES,PASS,0.0,0.0,0.003,0.0,
13:26:04.466,1.0507,1.0026,1.0028,0.0,normal,0.0,normal,0.0,normal,0.0,NORMAL,0.1,0.0,100,normal,YES,PASS,0.0,0.0,0.02,0.0,
13:26:04.662,1.0355,1.0065,1.0135,0.0,normal,0.0,normal,0.0,normal,0.0,NORMAL,0.1,0.0,100,normal,YES,PASS,0.0,0.0,0.014,0.0,
13:26:04.827,1.0505,1.0138,1.0023,0.0,normal,0.0,normal,0.0,normal,0.0,NORMAL,0.1,0.0,100,normal,YES,PASS,0.0,0.0,0.02,0.0,
13:26:05.013,1.0275,1.0011,1.0073,0.0,normal,0.0,normal,0.0,normal,0.0,NORMAL,0.1,0.0,100,normal,YES,PASS,0.0,0.0,0.011,0.0,
13:26:05.213,1.0064,1.0048,1.01,0.0,normal,0.0,normal,0.0,normal,0.0,NORMAL,0.0,0.0,100,normal,YES,PASS,0.0,0.0,0.003,0.0,
13:26:05.388,1.0021,1.0013,1.0045,0.0,normal,0.0,normal,0.0,normal,0.0,NORMAL,0.0,0.0,100,normal,YES,PASS,0.0,0.0,0.001,0.0,
13:26:05.580,1.0279,1.0133,1.0007,0.0,normal,0.0,normal,0.0,normal,0.0,NORMAL,0.1,0.0,100,normal,YES,PASS,0.0,0.0,0.011,0.0,
13:26:05.761,1.0605,1.0035,1.0024,0.0,normal,0.0,normal,0.0,normal,0.0,NORMAL,0.1,0.0,100,normal,YES,PASS,0.0,0.0,0.024,0.0,
13:26:05.947,1.0443,1.0009,1.008,0.0,normal,0.0,normal,0.0,normal,0.0,NORMAL,0.1,0.0,100,normal,YES,PASS,0.0,0.0,0.018,0.0,
13:26:06.129,1.0206,1.0019,1.0026,0.0,normal,0.0,normal,0.0,normal,0.0,NORMAL,0.0,0.0,100,normal,YES,PASS,0.0,0.0,0.008,0.0,
13:26:06.299,1.0197,1.013,1.0025,0.0,normal,0.0,normal,0.0,normal,0.0,NORMAL,0.0,0.0,100,normal,YES,PASS,0.0,0.0,0.008,0.0,
13:26:06.479,1.0264,1.0111,1.0046,0.0,normal,0.0,normal,0.0,normal,0.0,NORMAL,0.1,0.0,100,normal,YES,PASS,0.0,0.0,0.011,0.0,
13:26:06.648,1.049,1.0067,1.0039,0.0,normal,0.0,normal,0.0,normal,0.0,NORMAL,0.1,0.0,100,normal,YES,PASS,0.0,0.0,0.02,0.0,
13:26:06.820,1.018,1.0082,1.0112,0.0,normal,0.0,normal,0.0,normal,0.0,NORMAL,0.0,0.0,100,normal,YES,PASS,0.0,0.0,0.007,0.0,
13:26:07.015,1.0032,1.0026,1.0038,0.0,normal,0.0,normal,0.0,normal,0.0,NORMAL,0.0,0.0,100,normal,YES,PASS,0.0,0.0,0.001,0.0,
13:26:07.462,1.0547,1.0119,1.0044,0.0,normal,0.0,normal,0.0,normal,0.0,NORMAL,0.1,0.0,100,normal,YES,PASS,0.0,0.0,0.022,0.0,
13:26:07.612,1.0129,1.0025,1.0086,0.0,normal,0.0,normal,0.0,normal,0.0,NORMAL,0.0,0.0,100,normal,YES,PASS,0.0,0.0,0.005,0.0,
13:26:07.766,1.0283,1.0032,1.0021,0.0,normal,0.0,normal,0.0,normal,0.0,NORMAL,0.1,0.0,100,normal,YES,PASS,0.0,0.0,0.011,0.0,
13:26:07.929,1.0534,1.0097,1.0043,0.0,normal,0.0,normal,0.0,normal,0.0,NORMAL,0.1,0.0,100,normal,YES,PASS,0.0,0.0,0.021,0.0,
13:26:08.104,1.0314,1.0004,1.0091,0.0,normal,0.0,normal,0.0,normal,0.0,NORMAL,0.1,0.0,100,normal,YES,PASS,0.0,0.0,0.013,0.0,
13:26:08.265,1.0434,1.0078,1.0094,0.0,normal,0.0,normal,0.0,normal,0.0,NORMAL,0.1,0.0,100,normal,YES,PASS,0.0,0.0,0.017,0.0,
13:26:08.449,1.0569,1.0073,1.0015,0.0,normal,0.0,normal,0.0,normal,0.0,NORMAL,0.1,0.0,100,normal,YES,PASS,0.0,0.0,0.023,0.0,
13:26:08.646,1.0385,1.0045,1.0042,0.0,normal,0.0,normal,0.0,normal,0.0,NORMAL,0.1,0.0,100,normal,YES,PASS,0.0,0.0,0.015,0.0,
13:26:08.811,1.0413,1.0119,1.0048,0.0,normal,0.0,normal,0.0,normal,0.0,NORMAL,0.1,0.0,100,normal,YES,PASS,0.0,0.0,0.017,0.0,
13:26:08.989,1.0645,1.009,1.0011,0.0,normal,0.0,normal,0.0,normal,0.0,NORMAL,0.1,0.0,100,normal,YES,PASS,0.0,0.0,0.026,0.0,
13:26:09.163,1.0098,1.0115,1.0096,0.0,normal,0.0,normal,0.0,normal,0.0,NORMAL,0.0,0.0,100,normal,YES,PASS,0.0,0.0,0.004,0.0,
13:26:09.348,1.0175,1.0038,1.0119,0.0,normal,0.0,normal,0.0,normal,0.0,NORMAL,0.0,0.0,100,normal,YES,PASS,0.0,0.0,0.007,0.0,
13:26:09.519,1.0049,1.0063,1.0122,0.0,normal,0.0,normal,0.0,normal,0.0,NORMAL,0.0,0.0,100,normal,YES,PASS,0.0,0.0,0.002,0.0,
13:26:09.697,1.0277,1.004,1.007,0.0,normal,0.0,normal,0.0,normal,0.0,NORMAL,0.1,0.0,100,normal,YES,PASS,0.0,0.0,0.011,0.0,
13:26:09.881,1.0268,1.0005,1.0082,0.0,normal,0.0,normal,0.0,normal,0.0,NORMAL,0.1,0.0,100,normal,YES,PASS,0.0,0.0,0.011,0.0,
13:26:10.060,1.0057,1.0107,1.0126,0.0,normal,0.0,normal,0.0,normal,0.0,NORMAL,0.0,0.0,100,normal,YES,PASS,0.0,0.0,0.002,0.0,
13:26:10.248,1.0156,1.0133,1.0109,0.0,normal,0.0,normal,0.0,normal,0.0,NORMAL,0.0,0.0,100,normal,YES,PASS,0.0,0.0,0.006,0.0,
13:26:10.413,1.035,1.0058,1.008,0.0,normal,0.0,normal,0.0,normal,0.0,NORMAL,0.1,0.0,100,normal,YES,PASS,0.0,0.0,0.014,0.0,
13:26:10.599,1.0129,1.0128,1.0113,0.0,normal,0.0,normal,0.0,normal,0.0,NORMAL,0.0,0.0,100,normal,YES,PASS,0.0,0.0,0.005,0.0,
13:26:10.763,1.0061,1.0005,1.0042,0.0,normal,0.0,normal,0.0,normal,0.0,NORMAL,0.0,0.0,100,normal,YES,PASS,0.0,0.0,0.002,0.0,
13:26:10.945,1.007,1.0025,1.0028,0.0,normal,0.0,normal,0.0,normal,0.0,NORMAL,0.0,0.0,100,normal,YES,PASS,0.0,0.0,0.003,0.0,
13:26:11.115,1.042,1.0019,1.0134,0.0,normal,0.0,normal,0.0,normal,0.0,NORMAL,0.1,0.0,100,normal,YES,PASS,0.0,0.0,0.017,0.0,
13:26:11.281,1.0514,1.0023,1.0051,0.0,normal,0.0,normal,0.0,normal,0.0,NORMAL,0.1,0.0,100,normal,YES,PASS,0.0,0.0,0.021,0.0,
13:26:11.452,1.053,1.0103,1.0116,0.0,normal,0.0,normal,0.0,normal,0.0,NORMAL,0.1,0.0,100,normal,YES,PASS,0.0,0.0,0.021,0.0,
13:26:11.630,1.023,1.0092,1.0082,0.0,normal,0.0,normal,0.0,normal,0.0,NORMAL,0.0,0.0,100,normal,YES,PASS,0.0,0.0,0.009,0.0,
13:26:11.816,1.0131,1.0003,1.0148,0.0,normal,0.0,normal,0.0,normal,0.0,NORMAL,0.0,0.0,100,normal,YES,PASS,0.0,0.0,0.005,0.0,
13:26:11.997,1.0184,1.0016,1.0026,0.0,normal,0.0,normal,0.0,normal,0.0,NORMAL,0.0,0.0,100,normal,YES,PASS,0.0,0.0,0.007,0.0,
13:26:12.178,1.0646,1.0067,1.0039,0.0,normal,0.0,normal,0.0,normal,0.0,NORMAL,0.1,0.0,100,normal,YES,PASS,0.0,0.0,0.026,0.0,
13:26:12.347,1.0287,1.0061,1.0063,0.0,normal,0.0,normal,0.0,normal,0.0,NORMAL,0.1,0.0,100,normal,YES,PASS,0.0,0.0,0.011,0.0,
13:26:12.529,1.0111,1.0022,1.0026,0.0,normal,0.0,normal,0.0,normal,0.0,NORMAL,0.0,0.0,100,normal,YES,PASS,0.0,0.0,0.004,0.0,
13:26:12.711,1.0144,1.0102,1.0069,0.0,normal,0.0,normal,0.0,normal,0.0,NORMAL,0.0,0.0,100,normal,YES,PASS,0.0,0.0,0.006,0.0,
13:26:12.880,1.0248,1.0034,1.006,0.0,normal,0.0,normal,0.0,normal,0.0,NORMAL,0.0,0.0,100,normal,YES,PASS,0.0,0.0,0.01,0.0,
13:26:13.044,1.0563,1.0042,1.008,0.0,normal,0.0,normal,0.0,normal,0.0,NORMAL,0.1,0.0,100,normal,YES,PASS,0.0,0.0,0.023,0.0,
13:26:13.231,1.0016,1.0094,1.0112,0.0,normal,0.0,normal,0.0,normal,0.0,NORMAL,0.0,0.0,100,normal,YES,PASS,0.0,0.0,0.001,0.0,
13:26:13.428,1.0505,1.0088,1.0126,0.0,normal,0.0,normal,0.0,normal,0.0,NORMAL,0.1,0.0,100,normal,YES,PASS,0.0,0.0,0.02,0.0,
13:26:13.614,1.0367,1.0101,1.0102,0.0,normal,0.0,normal,0.0,normal,0.0,NORMAL,0.1,0.0,100,normal,YES,PASS,0.0,0.0,0.015,0.0,
13:26:13.782,1.0483,1.011,1.0044,0.0,normal,0.0,normal,0.0,normal,0.0,NORMAL,0.1,0.0,100,normal,YES,PASS,0.0,0.0,0.019,0.0,
13:26:13.966,1.0278,1.0095,1.0121,0.0,normal,0.0,normal,0.0,normal,0.0,NORMAL,0.1,0.0,100,normal,YES,PASS,0.0,0.0,0.011,0.0,
13:26:14.147,1.0438,1.007,1.0003,0.0,normal,0.0,normal,0.0,normal,0.0,NORMAL,0.1,0.0,100,normal,YES,PASS,0.0,0.0,0.018,0.0,
13:26:14.313,1.0112,1.0054,1.0085,0.0,normal,0.0,normal,0.0,normal,0.0,NORMAL,0.0,0.0,100,normal,YES,PASS,0.0,0.0,0.004,0.0,
13:26:14.496,1.0498,1.0109,1.0103,0.0,normal,0.0,normal,0.0,normal,0.0,NORMAL,0.1,0.0,100,normal,YES,PASS,0.0,0.0,0.02,0.0,
13:26:14.680,1.039,1.011,1.0081,0.0,normal,0.0,normal,0.0,normal,0.0,NORMAL,0.1,0.0,100,normal,YES,PASS,0.0,0.0,0.016,0.0,
13:26:14.845,1.0186,1.0083,1.0021,0.0,normal,0.0,normal,0.0,normal,0.0,NORMAL,0.0,0.0,100,normal,YES,PASS,0.0,0.0,0.007,0.0,
13:26:15.014,1.0134,1.0076,1.0017,0.0,normal,0.0,normal,0.0,normal,0.0,NORMAL,0.0,0.0,100,normal,YES,PASS,0.0,0.0,0.005,0.0,
13:26:15.194,1.0414,1.0099,1.0062,0.0,normal,0.0,normal,0.0,normal,0.0,NORMAL,0.1,0.0,100,normal,YES,PASS,0.0,0.0,0.017,0.0,
13:26:15.365,1.0432,1.0035,1.0123,0.0,normal,0.0,normal,0.0,normal,0.0,NORMAL,0.1,0.0,100,normal,YES,PASS,0.0,0.0,0.017,0.0,
13:26:15.530,1.0262,1.005,1.005,0.0,normal,0.0,normal,0.0,normal,0.0,NORMAL,0.1,0.0,100,normal,YES,PASS,0.0,0.0,0.01,0.0,
13:26:15.698,1.014,1.0037,1.0104,0.0,normal,0.0,normal,0.0,normal,0.0,NORMAL,0.0,0.0,100,normal,YES,PASS,0.0,0.0,0.006,0.0,
13:26:15.865,1.0609,1.0037,1.0061,0.0,normal,0.0,normal,0.0,normal,0.0,NORMAL,0.1,0.0,100,normal,YES,PASS,0.0,0.0,0.024,0.0,
13:26:16.044,1.0349,1.0088,1.0016,0.0,normal,0.0,normal,0.0,normal,0.0,NORMAL,0.1,0.0,100,normal,YES,PASS,0.0,0.0,0.014,0.0,
13:26:16.214,1.0389,1.0005,1.0155,0.0,normal,0.0,normal,0.0,normal,0.0,NORMAL,0.1,0.0,100,normal,YES,PASS,0.0,0.0,0.016,0.0,
13:26:16.394,1.0208,1.0066,1.011,0.0,normal,0.0,normal,0.0,normal,0.0,NORMAL,0.0,0.0,100,normal,YES,PASS,0.0,0.0,0.008,0.0,
13:26:16.582,1.0482,1.0081,1.0068,0.0,normal,0.0,normal,0.0,normal,0.0,NORMAL,0.1,0.0,100,normal,YES,PASS,0.0,0.0,0.019,0.0,
13:26:16.761,1.0416,1.0084,1.0092,0.0,normal,0.0,normal,0.0,normal,0.0,NORMAL,0.1,0.0,100,normal,YES,PASS,0.0,0.0,0.017,0.0,
13:26:16.948,1.0225,1.0035,1.009,0.0,normal,0.0,normal,0.0,normal,0.0,NORMAL,0.0,0.0,100,normal,YES,PASS,0.0,0.0,0.009,0.0,
13:26:17.130,1.0798,1.0018,1.0061,0.0,normal,0.0,normal,0.0,normal,0.0,NORMAL,0.2,0.0,100,normal,YES,PASS,0.0,0.0,0.032,0.0,
13:26:17.298,1.0192,1.0033,1.0014,0.0,normal,0.0,normal,0.0,normal,0.0,NORMAL,0.0,0.0,100,normal,YES,PASS,0.0,0.0,0.008,0.0,
13:26:17.478,1.0086,1.0172,1.0095,0.0,normal,0.0,normal,0.0,normal,0.0,NORMAL,0.0,0.0,100,normal,YES,PASS,0.0,0.0,0.003,0.0,
13:26:17.664,1.0555,1.0036,1.004,0.0,normal,0.0,normal,0.0,normal,0.0,NORMAL,0.1,0.0,100,normal,YES,PASS,0.0,0.0,0.022,0.0,
13:26:17.865,1.0286,1.0118,1.0092,0.0,normal,0.0,normal,0.0,normal,0.0,NORMAL,0.1,0.0,100,normal,YES,PASS,0.0,0.0,0.011,0.0,
13:26:18.062,1.0027,1.0015,1.012,0.0,normal,0.0,normal,0.0,normal,0.0,NORMAL,0.0,0.0,100,normal,YES,PASS,0.0,0.0,0.001,0.0,
13:26:18.278,1.0138,1.0091,1.0095,0.0,normal,0.0,normal,0.0,normal,0.0,NORMAL,0.0,0.0,100,normal,YES,PASS,0.0,0.0,0.006,0.0,
13:26:18.482,1.0379,1.0014,1.004,0.0,normal,0.0,normal,0.0,normal,0.0,NORMAL,0.1,0.0,100,normal,YES,PASS,0.0,0.0,0.015,0.0,
13:26:18.669,1.05,1.001,1.0086,0.0,normal,0.0,normal,0.0,normal,0.0,NORMAL,0.1,0.0,100,normal,YES,PASS,0.0,0.0,0.02,0.0,
13:26:18.862,1.0132,1.0055,1.0153,0.0,normal,0.0,normal,0.0,normal,0.0,NORMAL,0.0,0.0,100,normal,YES,PASS,0.0,0.0,0.005,0.0,
13:26:19.026,1.0273,1.0031,1.0067,0.0,normal,0.0,normal,0.0,normal,0.0,NORMAL,0.1,0.0,100,normal,YES,PASS,0.0,0.0,0.011,0.0,
13:26:19.182,1.0469,1.0031,1.0014,0.0,normal,0.0,normal,0.0,normal,0.0,NORMAL,0.1,0.0,100,normal,YES,PASS,0.0,0.0,0.019,0.0,
13:26:19.364,1.0336,1.0047,1.0058,0.0,normal,0.0,normal,0.0,normal,0.0,NORMAL,0.1,0.0,100,normal,YES,PASS,0.0,0.0,0.013,0.0,
13:26:19.529,1.0438,1.0062,1.011,0.0,normal,0.0,normal,0.0,normal,0.0,NORMAL,0.1,0.0,100,normal,YES,PASS,0.0,0.0,0.018,0.0,
13:26:19.720,1.0,1.0109,1.0088,0.0,normal,0.0,normal,0.0,normal,0.0,NORMAL,0.0,0.0,100,normal,YES,PASS,0.0,0.0,0.0,0.0,
13:26:19.896,1.0322,1.0087,1.0118,0.0,normal,0.0,normal,0.0,normal,0.0,NORMAL,0.1,0.0,100,normal,YES,PASS,0.0,0.0,0.013,0.0,
13:26:20.060,1.0321,1.0096,1.0054,0.0,normal,0.0,normal,0.0,normal,0.0,NORMAL,0.1,0.0,100,normal,YES,PASS,0.0,0.0,0.013,0.0,
13:26:20.230,1.0488,1.0053,1.0022,0.0,normal,0.0,normal,0.0,normal,0.0,NORMAL,0.1,0.0,100,normal,YES,PASS,0.0,0.0,0.02,0.0,
13:26:20.415,1.0488,1.011,1.0005,0.0,normal,0.0,normal,0.0,normal,0.0,NORMAL,0.1,0.0,100,normal,YES,PASS,0.0,0.0,0.02,0.0,
13:26:20.596,1.0488,1.0028,1.0075,0.0,normal,0.0,normal,0.0,normal,0.0,NORMAL,0.1,0.0,100,normal,YES,PASS,0.0,0.0,0.02,0.0,
13:26:20.798,1.0444,1.0058,1.0077,0.0,normal,0.0,normal,0.0,normal,0.0,NORMAL,0.1,0.0,100,normal,YES,PASS,0.0,0.0,0.018,0.0,
13:26:20.979,1.012,1.0059,1.0018,0.0,normal,0.0,normal,0.0,normal,0.0,NORMAL,0.0,0.0,100,normal,YES,PASS,0.0,0.0,0.005,0.0,
13:26:21.161,1.0306,1.0091,1.0102,0.0,normal,0.0,normal,0.0,normal,0.0,NORMAL,0.1,0.0,100,normal,YES,PASS,0.0,0.0,0.012,0.0,
13:26:21.363,1.0542,1.0062,1.0039,0.0,normal,0.0,normal,0.0,normal,0.0,NORMAL,0.1,0.0,100,normal,YES,PASS,0.0,0.0,0.022,0.0,
13:26:21.526,1.0453,1.0108,1.0031,0.0,normal,0.0,normal,0.0,normal,0.0,NORMAL,0.1,0.0,100,normal,YES,PASS,0.0,0.0,0.018,0.0,
13:26:21.715,1.0033,1.0094,1.008,0.0,normal,0.0,normal,0.0,normal,0.0,NORMAL,0.0,0.0,100,normal,YES,PASS,0.0,0.0,0.001,0.0,
13:26:21.894,1.0315,1.0076,1.0021,0.0,normal,0.0,normal,0.0,normal,0.0,NORMAL,0.1,0.0,100,normal,YES,PASS,0.0,0.0,0.013,0.0,
13:26:22.063,1.0519,1.0085,1.0153,0.0,normal,0.0,normal,0.0,normal,0.0,NORMAL,0.1,0.0,100,normal,YES,PASS,0.0,0.0,0.021,0.0,
13:26:22.231,1.0373,1.0124,1.0098,0.0,normal,0.0,normal,0.0,normal,0.0,NORMAL,0.1,0.0,100,normal,YES,PASS,0.0,0.0,0.015,0.0,
13:26:22.410,1.0283,1.0079,1.0037,0.0,normal,0.0,normal,0.0,normal,0.0,NORMAL,0.1,0.0,100,normal,YES,PASS,0.0,0.0,0.011,0.0,
13:26:22.581,1.007,1.0046,1.004,0.0,normal,0.0,normal,0.0,normal,0.0,NORMAL,0.0,0.0,100,normal,YES,PASS,0.0,0.0,0.003,0.0,
13:26:22.765,1.0048,1.0087,1.0041,0.0,normal,0.0,normal,0.0,normal,0.0,NORMAL,0.0,0.0,100,normal,YES,PASS,0.0,0.0,0.002,0.0,
13:26:22.979,1.0483,1.0064,1.008,0.0,normal,0.0,normal,0.0,normal,0.0,NORMAL,0.1,0.0,100,normal,YES,PASS,0.0,0.0,0.019,0.0,
13:26:23.164,1.0338,1.0053,1.0079,0.0,normal,0.0,normal,0.0,normal,0.0,NORMAL,0.1,0.0,100,normal,YES,PASS,0.0,0.0,0.014,0.0,
13:26:23.345,1.0482,1.0139,1.0012,0.0,normal,0.0,normal,0.0,normal,0.0,NORMAL,0.1,0.0,100,normal,YES,PASS,0.0,0.0,0.019,0.0,
13:26:23.519,1.0065,1.01,1.0042,0.0,normal,0.0,normal,0.0,normal,0.0,NORMAL,0.0,0.0,100,normal,YES,PASS,0.0,0.0,0.003,0.0,
13:26:23.682,1.0228,1.0036,1.0119,0.0,normal,0.0,normal,0.0,normal,0.0,NORMAL,0.0,0.0,100,normal,YES,PASS,0.0,0.0,0.009,0.0,
13:26:23.863,1.0478,1.0113,1.0086,0.0,normal,0.0,normal,0.0,normal,0.0,NORMAL,0.1,0.0,100,normal,YES,PASS,0.0,0.0,0.019,0.0,
13:26:24.031,1.0613,1.0044,1.0028,0.0,normal,0.0,normal,0.0,normal,0.0,NORMAL,0.1,0.0,100,normal,YES,PASS,0.0,0.0,0.025,0.0,
13:26:24.220,1.0552,1.0037,1.0019,0.0,normal,0.0,normal,0.0,normal,0.0,NORMAL,0.1,0.0,100,normal,YES,PASS,0.0,0.0,0.022,0.0,
13:26:24.391,1.0343,1.0078,1.0028,0.0,normal,0.0,normal,0.0,normal,0.0,NORMAL,0.1,0.0,100,normal,YES,PASS,0.0,0.0,0.014,0.0,
13:26:24.577,1.0411,1.0157,1.0112,0.0,normal,0.0,normal,0.0,normal,0.0,NORMAL,0.1,0.0,100,normal,YES,PASS,0.0,0.0,0.016,0.0,
13:26:24.744,1.0689,1.0049,1.0018,0.0,normal,0.0,normal,0.0,normal,0.0,NORMAL,0.1,0.0,100,normal,YES,PASS,0.0,0.0,0.028,0.0,
13:26:24.911,1.0326,1.0071,1.0121,0.0,normal,0.0,normal,0.0,normal,0.0,NORMAL,0.1,0.0,100,normal,YES,PASS,0.0,0.0,0.013,0.0,
13:26:25.094,1.011,1.0068,1.0067,0.0,normal,0.0,normal,0.0,normal,0.0,NORMAL,0.0,0.0,100,normal,YES,PASS,0.0,0.0,0.004,0.0,
13:26:25.259,1.0374,1.0072,1.011,0.0,normal,0.0,normal,0.0,normal,0.0,NORMAL,0.1,0.0,100,normal,YES,PASS,0.0,0.0,0.015,0.0,
13:26:25.435,1.0288,1.0091,1.0015,0.0,normal,0.0,normal,0.0,normal,0.0,NORMAL,0.1,0.0,100,normal,YES,PASS,0.0,0.0,0.012,0.0,
13:26:25.610,1.0606,1.0022,1.0064,0.0,normal,0.0,normal,0.0,normal,0.0,NORMAL,0.1,0.0,100,normal,YES,PASS,0.0,0.0,0.024,0.0,
13:26:25.797,1.0222,1.0094,1.0052,0.0,normal,0.0,normal,0.0,normal,0.0,NORMAL,0.0,0.0,100,normal,YES,PASS,0.0,0.0,0.009,0.0,
13:26:25.961,1.0073,1.0086,1.0027,0.0,normal,0.0,normal,0.0,normal,0.0,NORMAL,0.0,0.0,100,normal,YES,PASS,0.0,0.0,0.003,0.0,
13:26:26.148,1.0375,1.0023,1.0012,0.0,normal,0.0,normal,0.0,normal,0.0,NORMAL,0.1,0.0,100,normal,YES,PASS,0.0,0.0,0.015,0.0,
13:26:26.313,1.0306,1.0023,1.007,0.0,normal,0.0,normal,0.0,normal,0.0,NORMAL,0.1,0.0,100,normal,YES,PASS,0.0,0.0,0.012,0.0,
13:26:26.494,1.0368,1.0077,1.0031,0.0,normal,0.0,normal,0.0,normal,0.0,NORMAL,0.1,0.0,100,normal,YES,PASS,0.0,0.0,0.015,0.0,
13:26:26.680,1.0446,1.0117,1.0109,0.0,normal,0.0,normal,0.0,normal,0.0,NORMAL,0.1,0.0,100,normal,YES,PASS,0.0,0.0,0.018,0.0,
13:26:26.844,1.0151,1.0119,1.0099,0.0,normal,0.0,normal,0.0,normal,0.0,NORMAL,0.0,0.0,100,normal,YES,PASS,0.0,0.0,0.006,0.0,
13:26:27.015,1.0281,1.0077,1.0062,0.0,normal,0.0,normal,0.0,normal,0.0,NORMAL,0.1,0.0,100,normal,YES,PASS,0.0,0.0,0.011,0.0,
13:26:27.198,1.0471,1.0047,1.0117,0.0,normal,0.0,normal,0.0,normal,0.0,NORMAL,0.1,0.0,100,normal,YES,PASS,0.0,0.0,0.019,0.0,
13:26:27.380,1.0199,1.0017,1.0057,0.0,normal,0.0,normal,0.0,normal,0.0,NORMAL,0.0,0.0,100,normal,YES,PASS,0.0,0.0,0.008,0.0,
13:26:27.559,1.0397,1.0025,1.0116,0.0,normal,0.0,normal,0.0,normal,0.0,NORMAL,0.1,0.0,100,normal,YES,PASS,0.0,0.0,0.016,0.0,
13:26:27.744,1.041,1.0013,1.0071,0.0,normal,0.0,normal,0.0,normal,0.0,NORMAL,0.1,0.0,100,normal,YES,PASS,0.0,0.0,0.016,0.0,
13:26:27.929,1.06,1.011,1.0105,0.0,normal,0.0,normal,0.0,normal,0.0,NORMAL,0.1,0.0,100,normal,YES,PASS,0.0,0.0,0.024,0.0,
13:26:28.104,1.0471,1.0029,1.0042,0.0,normal,0.0,normal,0.0,normal,0.0,NORMAL,0.1,0.0,100,normal,YES,PASS,0.0,0.0,0.019,0.0,
13:26:28.280,1.0202,1.011,1.0029,0.0,normal,0.0,normal,0.0,normal,0.0,NORMAL,0.0,0.0,100,normal,YES,PASS,0.0,0.0,0.008,0.0,
13:26:28.463,1.0326,1.0001,1.0089,0.0,normal,0.0,normal,0.0,normal,0.0,NORMAL,0.1,0.0,100,normal,YES,PASS,0.0,0.0,0.013,0.0,
13:26:28.636,1.0355,1.0035,1.005,0.0,normal,0.0,normal,0.0,normal,0.0,NORMAL,0.1,0.0,100,normal,YES,PASS,0.0,0.0,0.014,0.0,
13:26:28.813,1.0623,1.0109,1.0028,0.0,normal,0.0,normal,0.0,normal,0.0,NORMAL,0.1,0.0,100,normal,YES,PASS,0.0,0.0,0.025,0.0,
13:26:29.010,1.0172,1.0048,1.011,0.0,normal,0.0,normal,0.0,normal,0.0,NORMAL,0.0,0.0,100,normal,YES,PASS,0.0,0.0,0.007,0.0,
13:26:29.178,1.0186,1.0039,1.0017,0.0,normal,0.0,normal,0.0,normal,0.0,NORMAL,0.0,0.0,100,normal,YES,PASS,0.0,0.0,0.007,0.0,
13:26:29.364,1.0259,1.0126,1.0119,0.0,normal,0.0,normal,0.0,normal,0.0,NORMAL,0.1,0.0,100,normal,YES,PASS,0.0,0.0,0.01,0.0,
13:26:29.527,1.0532,1.0009,1.0057,0.0,normal,0.0,normal,0.0,normal,0.0,NORMAL,0.1,0.0,100,normal,YES,PASS,0.0,0.0,0.021,0.0,
13:26:29.696,1.0039,1.0068,1.0036,0.0,normal,0.0,normal,0.0,normal,0.0,NORMAL,0.0,0.0,100,normal,YES,PASS,0.0,0.0,0.002,0.0,
13:26:29.862,1.0488,1.004,1.0042,0.0,normal,0.0,normal,0.0,normal,0.0,NORMAL,0.1,0.0,100,normal,YES,PASS,0.0,0.0,0.02,0.0,
13:26:30.047,1.0251,1.0124,1.0072,0.0,normal,0.0,normal,0.0,normal,0.0,NORMAL,0.1,0.0,100,normal,YES,PASS,0.0,0.0,0.01,0.0,
13:26:30.219,1.0285,1.0049,1.0136,0.0,normal,0.0,normal,0.0,normal,0.0,NORMAL,0.1,0.0,100,normal,YES,PASS,0.0,0.0,0.011,0.0,
13:26:30.380,1.0511,1.0032,1.0052,0.0,normal,0.0,normal,0.0,normal,0.0,NORMAL,0.1,0.0,100,normal,YES,PASS,0.0,0.0,0.02,0.0,
13:26:30.562,1.0047,1.0131,1.0074,0.0,normal,0.0,normal,0.0,normal,0.0,NORMAL,0.0,0.0,100,normal,YES,PASS,0.0,0.0,0.002,0.0,
13:26:30.748,1.0579,1.0081,1.0014,0.0,normal,0.0,normal,0.0,normal,0.0,NORMAL,0.1,0.0,100,normal,YES,PASS,0.0,0.0,0.023,0.0,
13:26:30.911,1.0549,1.008,1.0099,0.0,normal,0.0,normal,0.0,normal,0.0,NORMAL,0.1,0.0,100,normal,YES,PASS,0.0,0.0,0.022,0.0,
13:26:31.097,1.0549,1.0093,1.0057,0.0,normal,0.0,normal,0.0,normal,0.0,NORMAL,0.1,0.0,100,normal,YES,PASS,0.0,0.0,0.022,0.0,
13:26:31.261,1.0072,1.0073,1.0101,0.0,normal,0.0,normal,0.0,normal,0.0,NORMAL,0.0,0.0,100,normal,YES,PASS,0.0,0.0,0.003,0.0,
13:26:31.496,1.0118,1.0082,1.012,0.0,normal,0.0,normal,0.0,normal,0.0,NORMAL,0.0,0.0,100,normal,YES,PASS,0.0,0.0,0.005,0.0,
13:26:31.699,1.023,1.0078,1.0049,0.0,normal,0.0,normal,0.0,normal,0.0,NORMAL,0.0,0.0,100,normal,YES,PASS,0.0,0.0,0.009,0.0,
13:26:31.886,1.0225,1.0081,1.0017,0.0,normal,0.0,normal,0.0,normal,0.0,NORMAL,0.0,0.0,100,normal,YES,PASS,0.0,0.0,0.009,0.0,
13:26:32.063,1.0142,1.0042,1.0029,0.0,normal,0.0,normal,0.0,normal,0.0,NORMAL,0.0,0.0,100,normal,YES,PASS,0.0,0.0,0.006,0.0,
13:26:32.259,1.0455,1.01,1.0027,0.0,normal,0.0,normal,0.0,normal,0.0,NORMAL,0.1,0.0,100,normal,YES,PASS,0.0,0.0,0.018,0.0,
13:26:32.445,1.0164,1.0107,1.0002,0.0,normal,0.0,normal,0.0,normal,0.0,NORMAL,0.0,0.0,100,normal,YES,PASS,0.0,0.0,0.007,0.0,
13:26:32.631,1.0219,1.0024,1.0092,0.0,normal,0.0,normal,0.0,normal,0.0,NORMAL,0.0,0.0,100,normal,YES,PASS,0.0,0.0,0.009,0.0,
13:26:32.812,1.0024,1.0121,1.0073,0.0,normal,0.0,normal,0.0,normal,0.0,NORMAL,0.0,0.0,100,normal,YES,PASS,0.0,0.0,0.001,0.0,
13:26:32.998,1.0205,1.0076,1.0068,0.0,normal,0.0,normal,0.0,normal,0.0,NORMAL,0.0,0.0,100,normal,YES,PASS,0.0,0.0,0.008,0.0,
13:26:33.194,1.019,1.0042,1.0017,0.0,normal,0.0,normal,0.0,normal,0.0,NORMAL,0.0,0.0,100,normal,YES,PASS,0.0,0.0,0.008,0.0,
13:26:33.381,1.049,1.0029,1.0006,0.0,normal,0.0,normal,0.0,normal,0.0,NORMAL,0.1,0.0,100,normal,YES,PASS,0.0,0.0,0.02,0.0,
13:26:33.577,1.0035,1.0013,1.0006,0.0,normal,0.0,normal,0.0,normal,0.0,NORMAL,0.0,0.0,100,normal,YES,PASS,0.0,0.0,0.001,0.0,
13:26:33.795,1.0473,1.006,1.0057,0.0,normal,0.0,normal,0.0,normal,0.0,NORMAL,0.1,0.0,100,normal,YES,PASS,0.0,0.0,0.019,0.0,
13:26:33.981,1.0392,1.0081,1.0069,0.0,normal,0.0,normal,0.0,normal,0.0,NORMAL,0.1,0.0,100,normal,YES,PASS,0.0,0.0,0.016,0.0,
13:26:34.164,1.0026,1.0079,1.0016,0.0,normal,0.0,normal,0.0,normal,0.0,NORMAL,0.0,0.0,100,normal,YES,PASS,0.0,0.0,0.001,0.0,
13:26:34.345,1.0028,1.0093,1.0098,0.0,normal,0.0,normal,0.0,normal,0.0,NORMAL,0.0,0.0,100,normal,YES,PASS,0.0,0.0,0.001,0.0,
13:26:34.528,1.0559,1.0123,1.0018,0.0,normal,0.0,normal,0.0,normal,0.0,NORMAL,0.1,0.0,100,normal,YES,PASS,0.0,0.0,0.022,0.0,
13:26:34.717,1.0278,1.0025,1.0096,0.0,normal,0.0,normal,0.0,normal,0.0,NORMAL,0.1,0.0,100,normal,YES,PASS,0.0,0.0,0.011,0.0,
13:26:34.895,1.0199,1.0143,1.0053,0.0,normal,0.0,normal,0.0,normal,0.0,NORMAL,0.0,0.0,100,normal,YES,PASS,0.0,0.0,0.008,0.0,
13:26:35.077,1.0045,1.0098,1.006,0.0,normal,0.0,normal,0.0,normal,0.0,NORMAL,0.0,0.0,100,normal,YES,PASS,0.0,0.0,0.002,0.0,
13:26:35.248,1.0464,1.0052,1.0006,0.0,normal,0.0,normal,0.0,normal,0.0,NORMAL,0.1,0.0,100,normal,YES,PASS,0.0,0.0,0.019,0.0,
13:26:35.412,1.0205,1.0057,1.0136,0.0,normal,0.0,normal,0.0,normal,0.0,NORMAL,0.0,0.0,100,normal,YES,PASS,0.0,0.0,0.008,0.0,
13:26:35.584,1.039,1.0118,1.0079,0.0,normal,0.0,normal,0.0,normal,0.0,NORMAL,0.1,0.0,100,normal,YES,PASS,0.0,0.0,0.016,0.0,
13:26:35.782,1.0324,1.0087,1.0053,0.0,normal,0.0,normal,0.0,normal,0.0,NORMAL,0.1,0.0,100,normal,YES,PASS,0.0,0.0,0.013,0.0,
13:26:35.948,1.0165,1.0104,1.0087,0.0,normal,0.0,normal,0.0,normal,0.0,NORMAL,0.0,0.0,100,normal,YES,PASS,0.0,0.0,0.007,0.0,
13:26:36.119,1.0347,1.0126,1.0109,0.0,normal,0.0,normal,0.0,normal,0.0,NORMAL,0.1,0.0,100,normal,YES,PASS,0.0,0.0,0.014,0.0,
13:26:36.311,1.0391,1.0092,1.0114,0.0,normal,0.0,normal,0.0,normal,0.0,NORMAL,0.1,0.0,100,normal,YES,PASS,0.0,0.0,0.016,0.0,
13:26:36.497,1.0472,1.0038,1.0108,0.0,normal,0.0,normal,0.0,normal,0.0,NORMAL,0.1,0.0,100,normal,YES,PASS,0.0,0.0,0.019,0.0,
13:26:36.681,1.0511,1.0108,1.0036,0.0,normal,0.0,normal,0.0,normal,0.0,NORMAL,0.1,0.0,100,normal,YES,PASS,0.0,0.0,0.02,0.0,
13:26:36.861,1.0431,1.004,1.0076,0.0,normal,0.0,normal,0.0,normal,0.0,NORMAL,0.1,0.0,100,normal,YES,PASS,0.0,0.0,0.017,0.0,
13:26:37.030,1.0671,1.0084,1.0048,0.0,normal,0.0,normal,0.0,normal,0.0,NORMAL,0.1,0.0,100,normal,YES,PASS,0.0,0.0,0.027,0.0,
13:26:37.212,1.0419,1.0059,1.0032,0.0,normal,0.0,normal,0.0,normal,0.0,NORMAL,0.1,0.0,100,normal,YES,PASS,0.0,0.0,0.017,0.0,
13:26:37.397,1.0084,1.0066,1.0021,0.0,normal,0.0,normal,0.0,normal,0.0,NORMAL,0.0,0.0,100,normal,YES,PASS,0.0,0.0,0.003,0.0,
13:26:37.563,1.0421,1.0071,1.0095,0.0,normal,0.0,normal,0.0,normal,0.0,NORMAL,0.1,0.0,100,normal,YES,PASS,0.0,0.0,0.017,0.0,
13:26:37.726,1.0156,1.0055,1.002,0.0,normal,0.0,normal,0.0,normal,0.0,NORMAL,0.0,0.0,100,normal,YES,PASS,0.0,0.0,0.006,0.0,
13:26:37.912,1.0301,1.0083,1.0042,0.0,normal,0.0,normal,0.0,normal,0.0,NORMAL,0.1,0.0,100,normal,YES,PASS,0.0,0.0,0.012,0.0,
13:26:38.092,1.0676,1.0018,1.0075,0.0,normal,0.0,normal,0.0,normal,0.0,NORMAL,0.1,0.0,100,normal,YES,PASS,0.0,0.0,0.027,0.0,
13:26:38.264,1.0063,1.0095,1.0066,0.0,normal,0.0,normal,0.0,normal,0.0,NORMAL,0.0,0.0,100,normal,YES,PASS,0.0,0.0,0.003,0.0,
13:26:38.444,1.0084,1.0087,1.0088,0.0,normal,0.0,normal,0.0,normal,0.0,NORMAL,0.0,0.0,100,normal,YES,PASS,0.0,0.0,0.003,0.0,
13:26:38.614,1.0353,1.0151,1.0119,0.0,normal,0.0,normal,0.0,normal,0.0,NORMAL,0.1,0.0,100,normal,YES,PASS,0.0,0.0,0.014,0.0,
13:26:38.794,1.037,1.0009,1.0008,0.0,normal,0.0,normal,0.0,normal,0.0,NORMAL,0.1,0.0,100,normal,YES,PASS,0.0,0.0,0.015,0.0,
13:26:38.963,1.0494,1.0047,1.0045,0.0,normal,0.0,normal,0.0,normal,0.0,NORMAL,0.1,0.0,100,normal,YES,PASS,0.0,0.0,0.02,0.0,
13:26:39.136,1.0037,1.0026,1.0123,0.0,normal,0.0,normal,0.0,normal,0.0,NORMAL,0.0,0.0,100,normal,YES,PASS,0.0,0.0,0.001,0.0,
13:26:39.311,1.0286,1.0074,1.0044,0.0,normal,0.0,normal,0.0,normal,0.0,NORMAL,0.1,0.0,100,normal,YES,PASS,0.0,0.0,0.011,0.0,
13:26:39.497,1.0178,1.0064,1.0016,0.0,normal,0.0,normal,0.0,normal,0.0,NORMAL,0.0,0.0,100,normal,YES,PASS,0.0,0.0,0.007,0.0,
13:26:39.697,1.0611,1.0094,1.0025,0.0,normal,0.0,normal,0.0,normal,0.0,NORMAL,0.1,0.0,100,normal,YES,PASS,0.0,0.0,0.024,0.0,
13:26:39.877,1.0282,1.0129,1.0044,0.0,normal,0.0,normal,0.0,normal,0.0,NORMAL,0.1,0.0,100,normal,YES,PASS,0.0,0.0,0.011,0.0,
13:26:40.042,1.0358,1.0085,1.0069,0.0,normal,0.0,normal,0.0,normal,0.0,NORMAL,0.1,0.0,100,normal,YES,PASS,0.0,0.0,0.014,0.0,
13:26:40.229,1.031,1.0039,1.009,0.0,normal,0.0,normal,0.0,normal,0.0,NORMAL,0.1,0.0,100,normal,YES,PASS,0.0,0.0,0.012,0.0,
13:26:40.411,1.0532,1.0088,1.0085,0.0,normal,0.0,normal,0.0,normal,0.0,NORMAL,0.1,0.0,100,normal,YES,PASS,0.0,0.0,0.021,0.0,
13:26:40.591,1.0265,1.0075,1.0119,0.0,normal,0.0,normal,0.0,normal,0.0,NORMAL,0.1,0.0,100,normal,YES,PASS,0.0,0.0,0.011,0.0,
13:26:40.764,1.0386,1.0042,1.0059,0.0,normal,0.0,normal,0.0,normal,0.0,NORMAL,0.1,0.0,100,normal,YES,PASS,0.0,0.0,0.015,0.0,
13:26:40.944,1.0005,1.0051,1.0099,0.0,normal,0.0,normal,0.0,normal,0.0,NORMAL,0.0,0.0,100,normal,YES,PASS,0.0,0.0,0.0,0.0,
13:26:41.110,1.0267,1.0143,1.0019,0.0,normal,0.0,normal,0.0,normal,0.0,NORMAL,0.1,0.0,100,normal,YES,PASS,0.0,0.0,0.011,0.0,
13:26:41.281,1.0299,1.0039,1.0083,0.0,normal,0.0,normal,0.0,normal,0.0,NORMAL,0.1,0.0,100,normal,YES,PASS,0.0,0.0,0.012,0.0,
13:26:41.446,1.016,1.009,1.0107,0.0,normal,0.0,normal,0.0,normal,0.0,NORMAL,0.0,0.0,100,normal,YES,PASS,0.0,0.0,0.006,0.0,
13:26:41.615,1.027,1.0085,1.0127,0.0,normal,0.0,normal,0.0,normal,0.0,NORMAL,0.1,0.0,100,normal,YES,PASS,0.0,0.0,0.011,0.0,
13:26:41.796,1.0648,1.0032,1.0033,0.0,normal,0.0,normal,0.0,normal,0.0,NORMAL,0.1,0.0,100,normal,YES,PASS,0.0,0.0,0.026,0.0,
13:26:41.977,1.0277,1.0141,1.0114,0.0,normal,0.0,normal,0.0,normal,0.0,NORMAL,0.1,0.0,100,normal,YES,PASS,0.0,0.0,0.011,0.0,
13:26:42.145,1.0241,1.0011,1.0108,0.0,normal,0.0,normal,0.0,normal,0.0,NORMAL,0.0,0.0,100,normal,YES,PASS,0.0,0.0,0.01,0.0,
13:26:42.310,1.0131,1.012,1.0029,0.0,normal,0.0,normal,0.0,normal,0.0,NORMAL,0.0,0.0,100,normal,YES,PASS,0.0,0.0,0.005,0.0,
13:26:42.481,1.0065,1.0115,1.011,0.0,normal,0.0,normal,0.0,normal,0.0,NORMAL,0.0,0.0,100,normal,YES,PASS,0.0,0.0,0.003,0.0,
13:26:42.660,1.0349,1.0054,1.0088,0.0,normal,0.0,normal,0.0,normal,0.0,NORMAL,0.1,0.0,100,normal,YES,PASS,0.0,0.0,0.014,0.0,
13:26:42.831,1.0071,1.0083,1.0087,0.0,normal,0.0,normal,0.0,normal,0.0,NORMAL,0.0,0.0,100,normal,YES,PASS,0.0,0.0,0.003,0.0,
13:26:43.025,1.0594,1.0065,1.0063,0.0,normal,0.0,normal,0.0,normal,0.0,NORMAL,0.1,0.0,100,normal,YES,PASS,0.0,0.0,0.024,0.0,
13:26:43.299,1.0271,1.005,1.0023,0.0,normal,0.0,normal,0.0,normal,0.0,NORMAL,0.1,0.0,100,normal,YES,PASS,0.0,0.0,0.011,0.0,
13:26:43.480,1.0417,1.0025,1.0032,0.0,normal,0.0,normal,0.0,normal,0.0,NORMAL,0.1,0.0,100,normal,YES,PASS,0.0,0.0,0.017,0.0,
13:26:43.647,1.0057,1.0127,1.0005,0.0,normal,0.0,normal,0.0,normal,0.0,NORMAL,0.0,0.0,100,normal,YES,PASS,0.0,0.0,0.002,0.0,
13:26:43.798,1.0495,1.0138,1.0052,0.0,normal,0.0,normal,0.0,normal,0.0,NORMAL,0.1,0.0,100,normal,YES,PASS,0.0,0.0,0.02,0.0,
13:26:43.932,1.041,1.0029,1.0032,0.0,normal,0.0,normal,0.0,normal,0.0,NORMAL,0.1,0.0,100,normal,YES,PASS,0.0,0.0,0.016,0.0,
13:26:44.080,1.0249,1.0115,1.0044,0.0,normal,0.0,normal,0.0,normal,0.0,NORMAL,0.0,0.0,100,normal,YES,PASS,0.0,0.0,0.01,0.0,
13:26:44.247,1.0633,1.0064,1.0097,0.0,normal,0.0,normal,0.0,normal,0.0,NORMAL,0.1,0.0,100,normal,YES,PASS,0.0,0.0,0.025,0.0,
13:26:44.399,1.0337,1.012,1.0013,0.0,normal,0.0,normal,0.0,normal,0.0,NORMAL,0.1,0.0,100,normal,YES,PASS,0.0,0.0,0.013,0.0,
13:26:44.547,1.0406,1.0095,1.0065,0.0,normal,0.0,normal,0.0,normal,0.0,NORMAL,0.1,0.0,100,normal,YES,PASS,0.0,0.0,0.016,0.0,
13:26:44.680,1.0005,1.0032,1.0144,0.0,normal,0.0,normal,0.0,normal,0.0,NORMAL,0.0,0.0,100,normal,YES,PASS,0.0,0.0,0.0,0.0,
13:26:44.817,1.0105,1.008,1.0056,0.0,normal,0.0,normal,0.0,normal,0.0,NORMAL,0.0,0.0,100,normal,YES,PASS,0.0,0.0,0.004,0.0,
13:26:44.963,1.0058,1.0014,1.0067,0.0,normal,0.0,normal,0.0,normal,0.0,NORMAL,0.0,0.0,100,normal,YES,PASS,0.0,0.0,0.002,0.0,
13:26:45.098,1.0414,1.0049,1.0069,0.0,normal,0.0,normal,0.0,normal,0.0,NORMAL,0.1,0.0,100,normal,YES,PASS,0.0,0.0,0.017,0.0,
13:26:45.248,1.0442,1.0147,1.0011,0.0,normal,0.0,normal,0.0,normal,0.0,NORMAL,0.1,0.0,100,normal,YES,PASS,0.0,0.0,0.018,0.0,
13:26:45.398,1.0704,1.0005,1.0144,0.0,normal,0.0,normal,0.0,normal,0.0,NORMAL,0.1,0.0,100,normal,YES,PASS,0.0,0.0,0.028,0.0,
13:26:45.557,1.0155,1.005,1.0002,0.0,normal,0.0,normal,0.0,normal,0.0,NORMAL,0.0,0.0,100,normal,YES,PASS,0.0,0.0,0.006,0.0,
13:26:45.716,1.0274,1.0069,1.0017,0.0,normal,0.0,normal,0.0,normal,0.0,NORMAL,0.1,0.0,100,normal,YES,PASS,0.0,0.0,0.011,0.0,
13:26:45.881,1.0011,1.0106,1.0015,0.0,normal,0.0,normal,0.0,normal,0.0,NORMAL,0.0,0.0,100,normal,YES,PASS,0.0,0.0,0.0,0.0,
13:26:46.017,1.0187,1.0053,1.0032,0.0,normal,0.0,normal,0.0,normal,0.0,NORMAL,0.0,0.0,100,normal,YES,PASS,0.0,0.0,0.007,0.0,
13:26:46.165,1.0649,1.0094,1.0095,0.0,normal,0.0,normal,0.0,normal,0.0,NORMAL,0.1,0.0,100,normal,YES,PASS,0.0,0.0,0.026,0.0,
13:26:46.314,1.0497,1.007,1.0112,0.0,normal,0.0,normal,0.0,normal,0.0,NORMAL,0.1,0.0,100,normal,YES,PASS,0.0,0.0,0.02,0.0,
13:26:46.466,1.0563,1.0151,1.0108,0.0,normal,0.0,normal,0.0,normal,0.0,NORMAL,0.1,0.0,100,normal,YES,PASS,0.0,0.0,0.023,0.0,
13:26:46.614,1.0522,1.0112,1.0092,0.0,normal,0.0,normal,0.0,normal,0.0,NORMAL,0.1,0.0,100,normal,YES,PASS,0.0,0.0,0.021,0.0,
13:26:46.764,1.0395,1.0017,1.0058,0.0,normal,0.0,normal,0.0,normal,0.0,NORMAL,0.1,0.0,100,normal,YES,PASS,0.0,0.0,0.016,0.0,
13:26:46.917,1.0433,1.0138,1.0,0.0,normal,0.0,normal,0.0,normal,0.0,NORMAL,0.1,0.0,100,normal,YES,PASS,0.0,0.0,0.017,0.0,
13:26:47.065,1.0308,1.009,1.0117,0.0,normal,0.0,normal,0.0,normal,0.0,NORMAL,0.1,0.0,100,normal,YES,PASS,0.0,0.0,0.012,0.0,
13:26:47.215,1.0491,1.0068,1.0019,0.0,normal,0.0,normal,0.0,normal,0.0,NORMAL,0.1,0.0,100,normal,YES,PASS,0.0,0.0,0.02,0.0,
13:26:47.366,1.0354,1.01,1.0042,0.0,normal,0.0,normal,0.0,normal,0.0,NORMAL,0.1,0.0,100,normal,YES,PASS,0.0,0.0,0.014,0.0,
13:26:47.513,1.065,1.0005,1.0031,0.0,normal,0.0,normal,0.0,normal,0.0,NORMAL,0.1,0.0,100,normal,YES,PASS,0.0,0.0,0.026,0.0,
13:26:47.647,1.0036,1.0107,1.0096,0.0,normal,0.0,normal,0.0,normal,0.0,NORMAL,0.0,0.0,100,normal,YES,PASS,0.0,0.0,0.001,0.0,
13:26:47.798,1.0341,1.0102,1.0095,0.0,normal,0.0,normal,0.0,normal,0.0,NORMAL,0.1,0.0,100,normal,YES,PASS,0.0,0.0,0.014,0.0,
13:26:47.948,1.0633,1.0112,1.0005,0.0,normal,0.0,normal,0.0,normal,0.0,NORMAL,0.1,0.0,100,normal,YES,PASS,0.0,0.0,0.025,0.0,
13:26:48.082,1.0315,1.0066,1.0054,0.0,normal,0.0,normal,0.0,normal,0.0,NORMAL,0.1,0.0,100,normal,YES,PASS,0.0,0.0,0.013,0.0,
13:26:48.229,1.041,1.0044,1.0001,0.0,normal,0.0,normal,0.0,normal,0.0,NORMAL,0.1,0.0,100,normal,YES,PASS,0.0,0.0,0.016,0.0,
13:26:48.380,1.0609,1.0126,1.0016,0.0,normal,0.0,normal,0.0,normal,0.0,NORMAL,0.1,0.0,100,normal,YES,PASS,0.0,0.0,0.024,0.0,
13:26:48.517,1.0345,1.0089,1.0055,0.0,normal,0.0,normal,0.0,normal,0.0,NORMAL,0.1,0.0,100,normal,YES,PASS,0.0,0.0,0.014,0.0,
13:26:48.664,1.0584,1.0018,1.005,0.0,normal,0.0,normal,0.0,normal,0.0,NORMAL,0.1,0.0,100,normal,YES,PASS,0.0,0.0,0.023,0.0,
13:26:48.815,1.0338,1.0,1.0051,0.0,normal,0.0,normal,0.0,normal,0.0,NORMAL,0.1,0.0,100,normal,YES,PASS,0.0,0.0,0.014,0.0,
13:26:48.965,1.0295,1.0114,1.0105,0.0,normal,0.0,normal,0.0,normal,0.0,NORMAL,0.1,0.0,100,normal,YES,PASS,0.0,0.0,0.012,0.0,
13:26:49.113,1.0453,1.0006,1.0069,0.0,normal,0.0,normal,0.0,normal,0.0,NORMAL,0.1,0.0,100,normal,YES,PASS,0.0,0.0,0.018,0.0,
13:26:49.265,1.0514,1.0094,1.0008,0.0,normal,0.0,normal,0.0,normal,0.0,NORMAL,0.1,0.0,100,normal,YES,PASS,0.0,0.0,0.021,0.0,
13:26:49.448,1.0066,1.0051,1.0129,0.0,normal,0.0,normal,0.0,normal,0.0,NORMAL,0.0,0.0,100,normal,YES,PASS,0.0,0.0,0.003,0.0,
13:26:49.600,1.0115,1.0036,1.0031,0.0,normal,0.0,normal,0.0,normal,0.0,NORMAL,0.0,0.0,100,normal,YES,PASS,0.0,0.0,0.005,0.0,
13:26:49.747,1.0535,1.0094,1.0019,0.0,normal,0.0,normal,0.0,normal,0.0,NORMAL,0.1,0.0,100,normal,YES,PASS,0.0,0.0,0.021,0.0,
13:26:49.897,1.0335,1.0046,1.0033,0.0,normal,0.0,normal,0.0,normal,0.0,NORMAL,0.1,0.0,100,normal,YES,PASS,0.0,0.0,0.013,0.0,
13:26:50.049,1.0334,1.0014,1.0133,0.0,normal,0.0,normal,0.0,normal,0.0,NORMAL,0.1,0.0,100,normal,YES,PASS,0.0,0.0,0.013,0.0,
13:26:50.197,1.0204,1.0069,1.0004,0.0,normal,0.0,normal,0.0,normal,0.0,NORMAL,0.0,0.0,100,normal,YES,PASS,0.0,0.0,0.008,0.0,
13:26:50.346,1.0357,1.0098,1.0134,0.0,normal,0.0,normal,0.0,normal,0.0,NORMAL,0.1,0.0,100,normal,YES,PASS,0.0,0.0,0.014,0.0,
13:26:50.498,1.0236,1.0036,1.0126,0.0,normal,0.0,normal,0.0,normal,0.0,NORMAL,0.0,0.0,100,normal,YES,PASS,0.0,0.0,0.009,0.0,
13:26:50.647,1.0417,1.0015,1.012,0.0,normal,0.0,normal,0.0,normal,0.0,NORMAL,0.1,0.0,100,normal,YES,PASS,0.0,0.0,0.017,0.0,
13:26:50.797,1.0339,1.0012,1.0036,0.0,normal,0.0,normal,0.0,normal,0.0,NORMAL,0.1,0.0,100,normal,YES,PASS,0.0,0.0,0.014,0.0,
13:26:50.946,1.0598,1.0039,1.0025,0.0,normal,0.0,normal,0.0,normal,0.0,NORMAL,0.1,0.0,100,normal,YES,PASS,0.0,0.0,0.024,0.0,
13:26:51.097,1.0121,1.0015,1.0082,0.0,normal,0.0,normal,0.0,normal,0.0,NORMAL,0.0,0.0,100,normal,YES,PASS,0.0,0.0,0.005,0.0,
13:26:51.247,1.0424,1.0149,1.0086,0.0,normal,0.0,normal,0.0,normal,0.0,NORMAL,0.1,0.0,100,normal,YES,PASS,0.0,0.0,0.017,0.0,
13:26:51.397,1.026,1.0014,1.0009,0.0,normal,0.0,normal,0.0,normal,0.0,NORMAL,0.1,0.0,100,normal,YES,PASS,0.0,0.0,0.01,0.0,
13:26:51.547,1.0128,1.0118,1.0119,0.0,normal,0.0,normal,0.0,normal,0.0,NORMAL,0.0,0.0,100,normal,YES,PASS,0.0,0.0,0.005,0.0,
13:26:51.696,1.0274,1.0132,1.0026,0.0,normal,0.0,normal,0.0,normal,0.0,NORMAL,0.1,0.0,100,normal,YES,PASS,0.0,0.0,0.011,0.0,
13:26:51.849,1.0071,1.0081,1.0071,0.0,normal,0.0,normal,0.0,normal,0.0,NORMAL,0.0,0.0,100,normal,YES,PASS,0.0,0.0,0.003,0.0,
13:26:51.999,1.0531,1.0021,1.008,0.0,normal,0.0,normal,0.0,normal,0.0,NORMAL,0.1,0.0,100,normal,YES,PASS,0.0,0.0,0.021,0.0,
13:26:52.146,1.0337,1.0127,1.0055,0.0,normal,0.0,normal,0.0,normal,0.0,NORMAL,0.1,0.0,100,normal,YES,PASS,0.0,0.0,0.013,0.0,
13:26:52.297,1.0235,1.0135,1.007,0.0,normal,0.0,normal,0.0,normal,0.0,NORMAL,0.0,0.0,100,normal,YES,PASS,0.0,0.0,0.009,0.0,
13:26:52.447,1.0611,1.002,1.008,0.0,normal,0.0,normal,0.0,normal,0.0,NORMAL,0.1,0.0,100,normal,YES,PASS,0.0,0.0,0.024,0.0,
13:26:52.597,1.0133,1.0081,1.014,0.0,normal,0.0,normal,0.0,normal,0.0,NORMAL,0.0,0.0,100,normal,YES,PASS,0.0,0.0,0.005,0.0,
13:26:52.733,1.0604,1.0005,1.0075,0.0,normal,0.0,normal,0.0,normal,0.0,NORMAL,0.1,0.0,100,normal,YES,PASS,0.0,0.0,0.024,0.0,
13:26:52.880,1.0371,1.0022,1.0,0.0,normal,0.0,normal,0.0,normal,0.0,NORMAL,0.1,0.0,100,normal,YES,PASS,0.0,0.0,0.015,0.0,
13:26:53.032,1.0092,1.0093,1.0087,0.0,normal,0.0,normal,0.0,normal,0.0,NORMAL,0.0,0.0,100,normal,YES,PASS,0.0,0.0,0.004,0.0,
13:26:53.181,1.0088,1.0058,1.0126,0.0,normal,0.0,normal,0.0,normal,0.0,NORMAL,0.0,0.0,100,normal,YES,PASS,0.0,0.0,0.004,0.0,
13:26:53.332,1.0223,1.0018,1.0103,0.0,normal,0.0,normal,0.0,normal,0.0,NORMAL,0.0,0.0,100,normal,YES,PASS,0.0,0.0,0.009,0.0,
13:26:53.487,1.037,1.0001,1.0108,0.0,normal,0.0,normal,0.0,normal,0.0,NORMAL,0.1,0.0,100,normal,YES,PASS,0.0,0.0,0.015,0.0,
13:26:53.630,1.0222,1.0035,1.0129,0.0,normal,0.0,normal,0.0,normal,0.0,NORMAL,0.0,0.0,100,normal,YES,PASS,0.0,0.0,0.009,0.0,
13:26:53.782,1.0474,1.0026,1.0079,0.0,normal,0.0,normal,0.0,normal,0.0,NORMAL,0.1,0.0,100,normal,YES,PASS,0.0,0.0,0.019,0.0,
13:26:53.930,1.0143,1.0059,1.0045,0.0,normal,0.0,normal,0.0,normal,0.0,NORMAL,0.0,0.0,100,normal,YES,PASS,0.0,0.0,0.006,0.0,
13:26:54.079,1.0036,1.0054,1.0029,0.0,normal,0.0,normal,0.0,normal,0.0,NORMAL,0.0,0.0,100,normal,YES,PASS,0.0,0.0,0.001,0.0,
13:26:54.230,1.0055,1.019,1.0097,0.0,normal,0.0,normal,0.0,normal,0.0,NORMAL,0.0,0.0,100,normal,YES,PASS,0.0,0.0,0.002,0.0,
13:26:54.381,1.021,1.0028,1.0044,0.0,normal,0.0,normal,0.0,normal,0.0,NORMAL,0.0,0.0,100,normal,YES,PASS,0.0,0.0,0.008,0.0,
13:26:54.532,1.0091,1.0087,1.0061,0.0,normal,0.0,normal,0.0,normal,0.0,NORMAL,0.0,0.0,100,normal,YES,PASS,0.0,0.0,0.004,0.0,
13:26:54.683,1.0541,1.0033,1.0035,0.0,normal,0.0,normal,0.0,normal,0.0,NORMAL,0.1,0.0,100,normal,YES,PASS,0.0,0.0,0.022,0.0,
13:26:54.833,1.033,1.0086,1.0077,0.0,normal,0.0,normal,0.0,normal,0.0,NORMAL,0.1,0.0,100,normal,YES,PASS,0.0,0.0,0.013,0.0,
13:26:54.980,1.0496,1.0059,1.0031,0.0,normal,0.0,normal,0.0,normal,0.0,NORMAL,0.1,0.0,100,normal,YES,PASS,0.0,0.0,0.02,0.0,
13:26:55.132,1.0092,1.0013,1.0064,0.0,normal,0.0,normal,0.0,normal,0.0,NORMAL,0.0,0.0,100,normal,YES,PASS,0.0,0.0,0.004,0.0,
13:26:55.280,1.0442,1.0023,1.0041,0.0,normal,0.0,normal,0.0,normal,0.0,NORMAL,0.1,0.0,100,normal,YES,PASS,0.0,0.0,0.018,0.0,
13:26:55.432,1.0331,1.0006,1.0116,0.0,normal,0.0,normal,0.0,normal,0.0,NORMAL,0.1,0.0,100,normal,YES,PASS,0.0,0.0,0.013,0.0,
13:26:55.580,1.0374,1.012,1.0142,0.0,normal,0.0,normal,0.0,normal,0.0,NORMAL,0.1,0.0,100,normal,YES,PASS,0.0,0.0,0.015,0.0,
13:26:55.732,1.0564,1.0044,1.0106,0.0,normal,0.0,normal,0.0,normal,0.0,NORMAL,0.1,0.0,100,normal,YES,PASS,0.0,0.0,0.023,0.0,
13:26:55.882,1.0301,1.0008,1.0058,0.0,normal,0.0,normal,0.0,normal,0.0,NORMAL,0.1,0.0,100,normal,YES,PASS,0.0,0.0,0.012,0.0,
13:26:56.030,1.0498,1.01,1.0014,0.0,normal,0.0,normal,0.0,normal,0.0,NORMAL,0.1,0.0,100,normal,YES,PASS,0.0,0.0,0.02,0.0,
13:26:56.181,1.0118,1.012,1.0087,0.0,normal,0.0,normal,0.0,normal,0.0,NORMAL,0.0,0.0,100,normal,YES,PASS,0.0,0.0,0.005,0.0,
13:26:56.330,1.0398,1.011,1.0084,0.0,normal,0.0,normal,0.0,normal,0.0,NORMAL,0.1,0.0,100,normal,YES,PASS,0.0,0.0,0.016,0.0,
13:26:56.480,1.0113,1.0123,1.012,0.0,normal,0.0,normal,0.0,normal,0.0,NORMAL,0.0,0.0,100,normal,YES,PASS,0.0,0.0,0.005,0.0,
13:26:56.631,1.0557,1.013,1.0052,0.0,normal,0.0,normal,0.0,normal,0.0,NORMAL,0.1,0.0,100,normal,YES,PASS,0.0,0.0,0.022,0.0,
13:26:56.782,1.0174,1.0111,1.0116,0.0,normal,0.0,normal,0.0,normal,0.0,NORMAL,0.0,0.0,100,normal,YES,PASS,0.0,0.0,0.007,0.0,
13:26:56.930,1.0554,1.0003,1.0034,0.0,normal,0.0,normal,0.0,normal,0.0,NORMAL,0.1,0.0,100,normal,YES,PASS,0.0,0.0,0.022,0.0,
13:26:57.082,1.0072,1.009,1.0072,0.0,normal,0.0,normal,0.0,normal,0.0,NORMAL,0.0,0.0,100,normal,YES,PASS,0.0,0.0,0.003,0.0,
13:26:57.229,1.0366,1.0071,1.0112,0.0,normal,0.0,normal,0.0,normal,0.0,NORMAL,0.1,0.0,100,normal,YES,PASS,0.0,0.0,0.015,0.0,
13:26:57.380,1.0328,1.0038,1.0125,0.0,normal,0.0,normal,0.0,normal,0.0,NORMAL,0.1,0.0,100,normal,YES,PASS,0.0,0.0,0.013,0.0,
13:26:57.530,1.0501,1.0058,1.0004,0.0,normal,0.0,normal,0.0,normal,0.0,NORMAL,0.1,0.0,100,normal,YES,PASS,0.0,0.0,0.02,0.0,
13:26:57.683,1.0494,1.002,1.0122,0.0,normal,0.0,normal,0.0,normal,0.0,NORMAL,0.1,0.0,100,normal,YES,PASS,0.0,0.0,0.02,0.0,
13:26:57.830,1.0495,1.01,1.0078,0.0,normal,0.0,normal,0.0,normal,0.0,NORMAL,0.1,0.0,100,normal,YES,PASS,0.0,0.0,0.02,0.0,
13:26:57.980,1.0449,1.003,1.0108,0.0,normal,0.0,normal,0.0,normal,0.0,NORMAL,0.1,0.0,100,normal,YES,PASS,0.0,0.0,0.018,0.0,
13:26:58.130,1.0198,1.0098,1.0015,0.0,normal,0.0,normal,0.0,normal,0.0,NORMAL,0.0,0.0,100,normal,YES,PASS,0.0,0.0,0.008,0.0,
13:26:58.279,1.0275,1.0054,1.0002,0.0,normal,0.0,normal,0.0,normal,0.0,NORMAL,0.1,0.0,100,normal,YES,PASS,0.0,0.0,0.011,0.0,
13:26:58.429,1.0122,1.0051,1.004,0.0,normal,0.0,normal,0.0,normal,0.0,NORMAL,0.0,0.0,100,normal,YES,PASS,0.0,0.0,0.005,0.0,
13:26:58.582,1.052,1.0042,1.0073,0.0,normal,0.0,normal,0.0,normal,0.0,NORMAL,0.1,0.0,100,normal,YES,PASS,0.0,0.0,0.021,0.0,
13:26:58.730,1.0571,1.0028,1.0037,0.0,normal,0.0,normal,0.0,normal,0.0,NORMAL,0.1,0.0,100,normal,YES,PASS,0.0,0.0,0.023,0.0,
13:26:58.880,1.0615,1.0086,1.0064,0.0,normal,0.0,normal,0.0,normal,0.0,NORMAL,0.1,0.0,100,normal,YES,PASS,0.0,0.0,0.025,0.0,
13:26:59.030,1.0405,1.009,1.0009,0.0,normal,0.0,normal,0.0,normal,0.0,NORMAL,0.1,0.0,100,normal,YES,PASS,0.0,0.0,0.016,0.0,
13:26:59.183,1.0374,1.0002,1.0102,0.0,normal,0.0,normal,0.0,normal,0.0,NORMAL,0.1,0.0,100,normal,YES,PASS,0.0,0.0,0.015,0.0,
13:26:59.365,1.0538,1.0133,1.0047,0.0,normal,0.0,normal,0.0,normal,0.0,NORMAL,0.1,0.0,100,normal,YES,PASS,0.0,0.0,0.022,0.0,
13:26:59.515,1.0454,1.0068,1.012,0.0,normal,0.0,normal,0.0,normal,0.0,NORMAL,0.1,0.0,100,normal,YES,PASS,0.0,0.0,0.018,0.0,
13:26:59.665,1.0067,1.0059,1.0004,0.0,normal,0.0,normal,0.0,normal,0.0,NORMAL,0.0,0.0,100,normal,YES,PASS,0.0,0.0,0.003,0.0,
13:26:59.814,1.0198,1.0159,1.0219,0.0,normal,0.0,normal,0.0,normal,0.0,NORMAL,0.0,0.0,100,normal,YES,PASS,0.0,0.0,0.008,0.0,
13:26:59.965,1.0335,1.0035,1.0013,0.0,normal,0.0,normal,0.0,normal,0.0,NORMAL,0.1,0.0,100,normal,YES,PASS,0.0,0.0,0.013,0.0,
13:27:00.113,1.0569,1.0132,1.0088,0.0,normal,0.0,normal,0.0,normal,0.0,NORMAL,0.1,0.0,100,normal,YES,PASS,0.0,0.0,0.023,0.0,
13:27:00.263,1.0571,1.0031,1.0072,0.0,normal,0.0,normal,0.0,normal,0.0,NORMAL,0.1,0.0,100,normal,YES,PASS,0.0,0.0,0.023,0.0,
13:27:00.415,1.0605,1.0128,1.0029,0.0,normal,0.0,normal,0.0,normal,0.0,NORMAL,0.1,0.0,100,normal,YES,PASS,0.0,0.0,0.024,0.0,
13:27:00.564,1.0561,1.0004,1.0048,0.0,normal,0.0,normal,0.0,normal,0.0,NORMAL,0.1,0.0,100,normal,YES,PASS,0.0,0.0,0.022,0.0,
13:27:00.715,1.0338,1.0105,1.0047,0.0,normal,0.0,normal,0.0,normal,0.0,NORMAL,0.1,0.0,100,normal,YES,PASS,0.0,0.0,0.014,0.0,
13:27:00.863,1.0228,1.0066,1.0118,0.0,normal,0.0,normal,0.0,normal,0.0,NORMAL,0.0,0.0,100,normal,YES,PASS,0.0,0.0,0.009,0.0,
13:27:01.013,1.0142,1.0103,1.0102,0.0,normal,0.0,normal,0.0,normal,0.0,NORMAL,0.0,0.0,100,normal,YES,PASS,0.0,0.0,0.006,0.0,
13:27:01.164,1.0533,1.0006,1.0041,0.0,normal,0.0,normal,0.0,normal,0.0,NORMAL,0.1,0.0,100,normal,YES,PASS,0.0,0.0,0.021,0.0,
13:27:01.315,1.0383,1.0071,1.0051,0.0,normal,0.0,normal,0.0,normal,0.0,NORMAL,0.1,0.0,100,normal,YES,PASS,0.0,0.0,0.015,0.0,
13:27:01.465,1.0412,1.0086,1.0135,0.0,normal,0.0,normal,0.0,normal,0.0,NORMAL,0.1,0.0,100,normal,YES,PASS,0.0,0.0,0.016,0.0,
13:27:01.613,1.0471,1.014,1.0099,0.0,normal,0.0,normal,0.0,normal,0.0,NORMAL,0.1,0.0,100,normal,YES,PASS,0.0,0.0,0.019,0.0,
13:27:01.763,1.0191,1.0001,1.011,0.0,normal,0.0,normal,0.0,normal,0.0,NORMAL,0.0,0.0,100,normal,YES,PASS,0.0,0.0,0.008,0.0,
13:27:01.915,1.0436,1.007,1.0075,0.0,normal,0.0,normal,0.0,normal,0.0,NORMAL,0.1,0.0,100,normal,YES,PASS,0.0,0.0,0.017,0.0,
13:27:02.065,1.0749,1.0076,1.0034,0.0,normal,0.0,normal,0.0,normal,0.0,NORMAL,0.1,0.0,100,normal,YES,PASS,0.0,0.0,0.03,0.0,
13:27:02.215,1.0047,1.003,1.0033,0.0,normal,0.0,normal,0.0,normal,0.0,NORMAL,0.0,0.0,100,normal,YES,PASS,0.0,0.0,0.002,0.0,
13:27:02.364,1.0353,1.0065,1.0148,0.0,normal,0.0,normal,0.0,normal,0.0,NORMAL,0.1,0.0,100,normal,YES,PASS,0.0,0.0,0.014,0.0,
13:27:02.515,1.0387,1.008,1.0055,0.0,normal,0.0,normal,0.0,normal,0.0,NORMAL,0.1,0.0,100,normal,YES,PASS,0.0,0.0,0.015,0.0,
13:27:02.663,1.0357,1.0207,1.0188,0.0,normal,0.0,normal,0.0,normal,0.0,NORMAL,0.1,0.0,100,normal,YES,PASS,0.0,0.0,0.014,0.0,
13:27:02.813,1.0272,1.0055,1.0052,0.0,normal,0.0,normal,0.0,normal,0.0,NORMAL,0.1,0.0,100,normal,YES,PASS,0.0,0.0,0.011,0.0,
13:27:02.963,1.0341,1.0075,1.0089,0.0,normal,0.0,normal,0.0,normal,0.0,NORMAL,0.1,0.0,100,normal,YES,PASS,0.0,0.0,0.014,0.0,
13:27:03.113,1.0476,1.0043,1.0031,0.0,normal,0.0,normal,0.0,normal,0.0,NORMAL,0.1,0.0,100,normal,YES,PASS,0.0,0.0,0.019,0.0,
13:27:03.263,1.0567,1.0024,1.0119,0.0,normal,0.0,normal,0.0,normal,0.0,NORMAL,0.1,0.0,100,normal,YES,PASS,0.0,0.0,0.023,0.0,
13:27:03.414,1.0234,1.0005,1.0048,0.0,normal,0.0,normal,0.0,normal,0.0,NORMAL,0.0,0.0,100,normal,YES,PASS,0.0,0.0,0.009,0.0,
13:27:03.562,1.003,1.0007,1.0041,0.0,normal,0.0,normal,0.0,normal,0.0,NORMAL,0.0,0.0,100,normal,YES,PASS,0.0,0.0,0.001,0.0,
13:27:03.712,1.034,1.011,1.0019,0.0,normal,0.0,normal,0.0,normal,0.0,NORMAL,0.1,0.0,100,normal,YES,PASS,0.0,0.0,0.014,0.0,
13:27:03.849,1.0353,1.0068,1.0102,0.0,normal,0.0,normal,0.0,normal,0.0,NORMAL,0.1,0.0,100,normal,YES,PASS,0.0,0.0,0.014,0.0,
13:27:03.996,1.079,1.0064,1.0099,0.0,normal,0.0,normal,0.0,normal,0.0,NORMAL,0.2,0.0,100,normal,YES,PASS,0.0,0.0,0.032,0.0,
13:27:04.133,1.0427,1.0095,1.0029,0.0,normal,0.0,normal,0.0,normal,0.0,NORMAL,0.1,0.0,100,normal,YES,PASS,0.0,0.0,0.017,0.0,
13:27:04.281,1.0519,1.0133,1.0046,0.0,normal,0.0,normal,0.0,normal,0.0,NORMAL,0.1,0.0,100,normal,YES,PASS,0.0,0.0,0.021,0.0,
13:27:04.429,1.012,1.0097,1.0006,0.0,normal,0.0,normal,0.0,normal,0.0,NORMAL,0.0,0.0,100,normal,YES,PASS,0.0,0.0,0.005,0.0,
13:27:04.579,1.0385,1.0065,1.0047,0.0,normal,0.0,normal,0.0,normal,0.0,NORMAL,0.1,0.0,100,normal,YES,PASS,0.0,0.0,0.015,0.0,
13:27:04.731,1.0419,1.0086,1.0038,0.0,normal,0.0,normal,0.0,normal,0.0,NORMAL,0.1,0.0,100,normal,YES,PASS,0.0,0.0,0.017,0.0,
13:27:04.864,1.0352,1.0053,1.0056,0.0,normal,0.0,normal,0.0,normal,0.0,NORMAL,0.1,0.0,100,normal,YES,PASS,0.0,0.0,0.014,0.0,
13:27:04.999,1.0138,1.006,1.0116,0.0,normal,0.0,normal,0.0,normal,0.0,NORMAL,0.0,0.0,100,normal,YES,PASS,0.0,0.0,0.006,0.0,
13:27:05.133,1.0161,1.0189,1.0267,0.0,normal,0.0,normal,0.0,normal,0.0,NORMAL,0.0,0.0,100,normal,YES,PASS,0.0,0.0,0.006,0.0,
13:27:05.279,1.0393,1.0167,1.0114,0.0,normal,0.0,normal,0.0,normal,0.0,NORMAL,0.1,0.0,100,normal,YES,PASS,0.0,0.0,0.016,0.0,
13:27:05.429,1.0123,1.0019,1.0034,0.0,normal,0.0,normal,0.0,normal,0.0,NORMAL,0.0,0.0,100,normal,YES,PASS,0.0,0.0,0.005,0.0,
13:27:05.581,1.0289,1.0003,1.0072,0.0,normal,0.0,normal,0.0,normal,0.0,NORMAL,0.1,0.0,100,normal,YES,PASS,0.0,0.0,0.012,0.0,
13:27:05.730,1.0641,1.0053,1.0064,0.0,normal,0.0,normal,0.0,normal,0.0,NORMAL,0.1,0.0,100,normal,YES,PASS,0.0,0.0,0.026,0.0,
13:27:05.879,1.0338,1.0034,1.0042,0.0,normal,0.0,normal,0.0,normal,0.0,NORMAL,0.1,0.0,100,normal,YES,PASS,0.0,0.0,0.014,0.0,
13:27:06.016,1.0358,1.0012,1.0122,0.0,normal,0.0,normal,0.0,normal,0.0,NORMAL,0.1,0.0,100,normal,YES,PASS,0.0,0.0,0.014,0.0,
13:27:06.163,1.0598,1.0092,1.0101,0.0,normal,0.0,normal,0.0,normal,0.0,NORMAL,0.1,0.0,100,normal,YES,PASS,0.0,0.0,0.024,0.0,
13:27:06.315,1.0317,1.0028,1.0015,0.0,normal,0.0,normal,0.0,normal,0.0,NORMAL,0.1,0.0,100,normal,YES,PASS,0.0,0.0,0.013,0.0,
13:27:06.463,1.056,1.0124,1.0116,0.0,normal,0.0,normal,0.0,normal,0.0,NORMAL,0.1,0.0,100,normal,YES,PASS,0.0,0.0,0.022,0.0,
13:27:06.615,1.0498,1.0068,1.0005,0.0,normal,0.0,normal,0.0,normal,0.0,NORMAL,0.1,0.0,100,normal,YES,PASS,0.0,0.0,0.02,0.0,
13:27:06.763,1.0325,1.0068,1.0102,0.0,normal,0.0,normal,0.0,normal,0.0,NORMAL,0.1,0.0,100,normal,YES,PASS,0.0,0.0,0.013,0.0,
13:27:06.899,1.051,1.0004,1.0121,0.0,normal,0.0,normal,0.0,normal,0.0,NORMAL,0.1,0.0,100,normal,YES,PASS,0.0,0.0,0.02,0.0,
13:27:07.046,1.0072,1.0054,1.0028,0.0,normal,0.0,normal,0.0,normal,0.0,NORMAL,0.0,0.0,100,normal,YES,PASS,0.0,0.0,0.003,0.0,
13:27:07.198,1.0422,1.0076,1.0041,0.0,normal,0.0,normal,0.0,normal,0.0,NORMAL,0.1,0.0,100,normal,YES,PASS,0.0,0.0,0.017,0.0,
13:27:07.346,1.0005,1.0104,1.0002,0.0,normal,0.0,normal,0.0,normal,0.0,NORMAL,0.0,0.0,100,normal,YES,PASS,0.0,0.0,0.0,0.0,
13:27:07.496,1.0228,1.0016,1.0039,0.0,normal,0.0,normal,0.0,normal,0.0,NORMAL,0.0,0.0,100,normal,YES,PASS,0.0,0.0,0.009,0.0,
13:27:07.648,1.0275,1.0079,1.0028,0.0,normal,0.0,normal,0.0,normal,0.0,NORMAL,0.1,0.0,100,normal,YES,PASS,0.0,0.0,0.011,0.0,
13:27:07.798,1.0151,1.0085,1.0025,0.0,normal,0.0,normal,0.0,normal,0.0,NORMAL,0.0,0.0,100,normal,YES,PASS,0.0,0.0,0.006,0.0,
13:27:07.946,1.0127,1.0048,1.0103,0.0,normal,0.0,normal,0.0,normal,0.0,NORMAL,0.0,0.0,100,normal,YES,PASS,0.0,0.0,0.005,0.0,
13:27:08.096,1.038,1.0036,1.0108,0.0,normal,0.0,normal,0.0,normal,0.0,NORMAL,0.1,0.0,100,normal,YES,PASS,0.0,0.0,0.015,0.0,
13:27:08.246,1.0582,1.0029,1.0104,0.0,normal,0.0,normal,0.0,normal,0.0,NORMAL,0.1,0.0,100,normal,YES,PASS,0.0,0.0,0.023,0.0,
13:27:08.396,1.0485,1.0006,1.0073,0.0,normal,0.0,normal,0.0,normal,0.0,NORMAL,0.1,0.0,100,normal,YES,PASS,0.0,0.0,0.019,0.0,
13:27:08.548,1.0054,1.0119,1.0015,0.0,normal,0.0,normal,0.0,normal,0.0,NORMAL,0.0,0.0,100,normal,YES,PASS,0.0,0.0,0.002,0.0,
13:27:08.696,1.0579,1.0113,1.0009,0.0,normal,0.0,normal,0.0,normal,0.0,NORMAL,0.1,0.0,100,normal,YES,PASS,0.0,0.0,0.023,0.0,
13:27:08.846,1.0523,1.0024,1.0005,0.0,normal,0.0,normal,0.0,normal,0.0,NORMAL,0.1,0.0,100,normal,YES,PASS,0.0,0.0,0.021,0.0,
13:27:08.982,1.0011,1.0123,1.0062,0.0,normal,0.0,normal,0.0,normal,0.0,NORMAL,0.0,0.0,100,normal,YES,PASS,0.0,0.0,0.0,0.0,
13:27:09.131,1.0248,1.0088,1.0009,0.0,normal,0.0,normal,0.0,normal,0.0,NORMAL,0.0,0.0,100,normal,YES,PASS,0.0,0.0,0.01,0.0,
13:27:09.282,1.023,1.0123,1.0066,0.0,normal,0.0,normal,0.0,normal,0.0,NORMAL,0.0,0.0,100,normal,YES,PASS,0.0,0.0,0.009,0.0,
13:27:09.432,1.0114,1.0069,1.0009,0.0,normal,0.0,normal,0.0,normal,0.0,NORMAL,0.0,0.0,100,normal,YES,PASS,0.0,0.0,0.005,0.0,
13:27:09.580,1.0423,1.0088,1.0109,0.0,normal,0.0,normal,0.0,normal,0.0,NORMAL,0.1,0.0,100,normal,YES,PASS,0.0,0.0,0.017,0.0,
13:27:09.730,1.0349,1.0057,1.0025,0.0,normal,0.0,normal,0.0,normal,0.0,NORMAL,0.1,0.0,100,normal,YES,PASS,0.0,0.0,0.014,0.0,
13:27:09.880,1.0157,1.0052,1.0092,0.0,normal,0.0,normal,0.0,normal,0.0,NORMAL,0.0,0.0,100,normal,YES,PASS,0.0,0.0,0.006,0.0,
13:27:10.029,1.0435,1.0038,1.0074,0.0,normal,0.0,normal,0.0,normal,0.0,NORMAL,0.1,0.0,100,normal,YES,PASS,0.0,0.0,0.017,0.0,
13:27:10.162,1.0562,1.0128,1.0037,0.0,normal,0.0,normal,0.0,normal,0.0,NORMAL,0.1,0.0,100,normal,YES,PASS,0.0,0.0,0.022,0.0,
13:27:10.299,1.0381,1.004,1.0069,0.0,normal,0.0,normal,0.0,normal,0.0,NORMAL,0.1,0.0,100,normal,YES,PASS,0.0,0.0,0.015,0.0,
13:27:10.446,1.0001,1.0094,1.0118,0.0,normal,0.0,normal,0.0,normal,0.0,NORMAL,0.0,0.0,100,normal,YES,PASS,0.0,0.0,0.0,0.0,
13:27:10.598,1.0553,1.003,1.0081,0.0,normal,0.0,normal,0.0,normal,0.0,NORMAL,0.1,0.0,100,normal,YES,PASS,0.0,0.0,0.022,0.0,
13:27:10.746,1.0397,1.0009,1.0103,0.0,normal,0.0,normal,0.0,normal,0.0,NORMAL,0.1,0.0,100,normal,YES,PASS,0.0,0.0,0.016,0.0,
13:27:10.896,1.032,1.0071,1.0125,0.0,normal,0.0,normal,0.0,normal,0.0,NORMAL,0.1,0.0,100,normal,YES,PASS,0.0,0.0,0.013,0.0,
13:27:11.048,1.0208,1.0018,1.005,0.0,normal,0.0,normal,0.0,normal,0.0,NORMAL,0.0,0.0,100,normal,YES,PASS,0.0,0.0,0.008,0.0,
13:27:11.196,1.0139,1.0115,1.0061,0.0,normal,0.0,normal,0.0,normal,0.0,NORMAL,0.0,0.0,100,normal,YES,PASS,0.0,0.0,0.006,0.0,
13:27:11.332,1.0221,1.0025,1.0054,0.0,normal,0.0,normal,0.0,normal,0.0,NORMAL,0.0,0.0,100,normal,YES,PASS,0.0,0.0,0.009,0.0,
13:27:11.481,1.0264,1.0123,1.0035,0.0,normal,0.0,normal,0.0,normal,0.0,NORMAL,0.1,0.0,100,normal,YES,PASS,0.0,0.0,0.011,0.0,
13:27:11.629,1.001,1.0008,1.0017,0.0,normal,0.0,normal,0.0,normal,0.0,NORMAL,0.0,0.0,100,normal,YES,PASS,0.0,0.0,0.0,0.0,
13:27:11.779,1.0648,1.0079,1.0038,0.0,normal,0.0,normal,0.0,normal,0.0,NORMAL,0.1,0.0,100,normal,YES,PASS,0.0,0.0,0.026,0.0,
13:27:11.931,1.0386,1.0073,1.0064,0.0,normal,0.0,normal,0.0,normal,0.0,NORMAL,0.1,0.0,100,normal,YES,PASS,0.0,0.0,0.015,0.0,
13:27:12.078,1.0208,1.0073,1.0111,0.0,normal,0.0,normal,0.0,normal,0.0,NORMAL,0.0,0.0,100,normal,YES,PASS,0.0,0.0,0.008,0.0,
13:27:12.214,1.0586,1.0049,1.0135,0.0,normal,0.0,normal,0.0,normal,0.0,NORMAL,0.1,0.0,100,normal,YES,PASS,0.0,0.0,0.023,0.0,
13:27:12.365,1.0032,1.0071,1.0089,0.0,normal,0.0,normal,0.0,normal,0.0,NORMAL,0.0,0.0,100,normal,YES,PASS,0.0,0.0,0.001,0.0,
13:27:12.512,1.0672,1.0131,1.0015,0.0,normal,0.0,normal,0.0,normal,0.0,NORMAL,0.1,0.0,100,normal,YES,PASS,0.0,0.0,0.027,0.0,
13:27:12.648,1.0403,1.0106,1.0089,0.0,normal,0.0,normal,0.0,normal,0.0,NORMAL,0.1,0.0,100,normal,YES,PASS,0.0,0.0,0.016,0.0,
13:27:12.797,1.0441,1.0069,1.0048,0.0,normal,0.0,normal,0.0,normal,0.0,NORMAL,0.1,0.0,100,normal,YES,PASS,0.0,0.0,0.018,0.0,
13:27:12.945,1.0014,1.0,1.0009,0.0,normal,0.0,normal,0.0,normal,0.0,NORMAL,0.0,0.0,100,normal,YES,PASS,0.0,0.0,0.001,0.0,
13:27:13.085,1.0468,1.0111,1.0008,0.0,normal,0.0,normal,0.0,normal,0.0,NORMAL,0.1,0.0,100,normal,YES,PASS,0.0,0.0,0.019,0.0,
13:27:13.230,1.0225,1.009,1.0035,0.0,normal,0.0,normal,0.0,normal,0.0,NORMAL,0.0,0.0,100,normal,YES,PASS,0.0,0.0,0.009,0.0,
13:27:13.381,1.0583,1.0086,1.0117,0.0,normal,0.0,normal,0.0,normal,0.0,NORMAL,0.1,0.0,100,normal,YES,PASS,0.0,0.0,0.023,0.0,
13:27:13.529,1.0205,1.0023,1.0098,0.0,normal,0.0,normal,0.0,normal,0.0,NORMAL,0.0,0.0,100,normal,YES,PASS,0.0,0.0,0.008,0.0,
13:27:13.679,1.0328,1.012,1.0116,0.0,normal,0.0,normal,0.0,normal,0.0,NORMAL,0.1,0.0,100,normal,YES,PASS,0.0,0.0,0.013,0.0,
13:27:13.812,1.0165,1.0028,1.0014,0.0,normal,0.0,normal,0.0,normal,0.0,NORMAL,0.0,0.0,100,normal,YES,PASS,0.0,0.0,0.007,0.0,
13:27:13.963,1.0381,1.0053,1.0003,0.0,normal,0.0,normal,0.0,normal,0.0,NORMAL,0.1,0.0,100,normal,YES,PASS,0.0,0.0,0.015,0.0,
13:27:14.112,1.005,1.0019,1.0069,0.0,normal,0.0,normal,0.0,normal,0.0,NORMAL,0.0,0.0,100,normal,YES,PASS,0.0,0.0,0.002,0.0,
13:27:14.263,1.0015,1.0017,1.0091,0.0,normal,0.0,normal,0.0,normal,0.0,NORMAL,0.0,0.0,100,normal,YES,PASS,0.0,0.0,0.001,0.0,
13:27:14.413,1.0331,1.0125,1.0025,0.0,normal,0.0,normal,0.0,normal,0.0,NORMAL,0.1,0.0,100,normal,YES,PASS,0.0,0.0,0.013,0.0,
13:27:14.562,1.0337,1.0074,1.0046,0.0,normal,0.0,normal,0.0,normal,0.0,NORMAL,0.1,0.0,100,normal,YES,PASS,0.0,0.0,0.013,0.0,
13:27:14.714,1.0251,1.0096,1.0025,0.0,normal,0.0,normal,0.0,normal,0.0,NORMAL,0.1,0.0,100,normal,YES,PASS,0.0,0.0,0.01,0.0,
13:27:14.863,1.0328,1.012,1.0016,0.0,normal,0.0,normal,0.0,normal,0.0,NORMAL,0.1,0.0,100,normal,YES,PASS,0.0,0.0,0.013,0.0,
13:27:15.012,1.0206,1.0061,1.005,0.0,normal,0.0,normal,0.0,normal,0.0,NORMAL,0.0,0.0,100,normal,YES,PASS,0.0,0.0,0.008,0.0,
13:27:15.162,1.0202,1.0059,1.0094,0.0,normal,0.0,normal,0.0,normal,0.0,NORMAL,0.0,0.0,100,normal,YES,PASS,0.0,0.0,0.008,0.0,
13:27:15.312,1.0754,1.0017,1.0111,0.0,normal,0.0,normal,0.0,normal,0.0,NORMAL,0.2,0.0,100,normal,YES,PASS,0.0,0.0,0.03,0.0,
13:27:15.449,1.0623,1.0117,1.0051,0.0,normal,0.0,normal,0.0,normal,0.0,NORMAL,0.1,0.0,100,normal,YES,PASS,0.0,0.0,0.025,0.0,
13:27:15.595,1.0046,1.006,1.0031,0.0,normal,0.0,normal,0.0,normal,0.0,NORMAL,0.0,0.0,100,normal,YES,PASS,0.0,0.0,0.002,0.0,
13:27:15.745,1.0001,1.0111,1.0005,0.0,normal,0.0,normal,0.0,normal,0.0,NORMAL,0.0,0.0,100,normal,YES,PASS,0.0,0.0,0.0,0.0,
13:27:15.898,1.0204,1.0115,1.0142,0.0,normal,0.0,normal,0.0,normal,0.0,NORMAL,0.0,0.0,100,normal,YES,PASS,0.0,0.0,0.008,0.0,
13:27:16.031,1.016,1.0028,1.0127,0.0,normal,0.0,normal,0.0,normal,0.0,NORMAL,0.0,0.0,100,normal,YES,PASS,0.0,0.0,0.006,0.0,
13:27:16.180,1.0252,1.0112,1.0059,0.0,normal,0.0,normal,0.0,normal,0.0,NORMAL,0.1,0.0,100,normal,YES,PASS,0.0,0.0,0.01,0.0,
13:27:16.329,1.0418,1.0046,1.0065,0.0,normal,0.0,normal,0.0,normal,0.0,NORMAL,0.1,0.0,100,normal,YES,PASS,0.0,0.0,0.017,0.0,
13:27:16.477,1.0447,1.0007,1.0086,0.0,normal,0.0,normal,0.0,normal,0.0,NORMAL,0.1,0.0,100,normal,YES,PASS,0.0,0.0,0.018,0.0,
13:27:16.630,1.0536,1.0094,1.0019,0.0,normal,0.0,normal,0.0,normal,0.0,NORMAL,0.1,0.0,100,normal,YES,PASS,0.0,0.0,0.021,0.0,
13:27:16.779,1.0194,1.0057,1.006,0.0,normal,0.0,normal,0.0,normal,0.0,NORMAL,0.0,0.0,100,normal,YES,PASS,0.0,0.0,0.008,0.0,
13:27:16.929,1.0123,1.0088,1.0052,0.0,normal,0.0,normal,0.0,normal,0.0,NORMAL,0.0,0.0,100,normal,YES,PASS,0.0,0.0,0.005,0.0,
13:27:17.079,1.0309,1.015,1.0064,0.0,normal,0.0,normal,0.0,normal,0.0,NORMAL,0.1,0.0,100,normal,YES,PASS,0.0,0.0,0.012,0.0,
13:27:17.229,1.012,1.0037,1.0003,0.0,normal,0.0,normal,0.0,normal,0.0,NORMAL,0.0,0.0,100,normal,YES,PASS,0.0,0.0,0.005,0.0,
13:27:17.365,1.0352,1.0091,1.0004,0.0,normal,0.0,normal,0.0,normal,0.0,NORMAL,0.1,0.0,100,normal,YES,PASS,0.0,0.0,0.014,0.0,
13:27:17.512,1.0234,1.0027,1.0023,0.0,normal,0.0,normal,0.0,normal,0.0,NORMAL,0.0,0.0,100,normal,YES,PASS,0.0,0.0,0.009,0.0,
13:27:17.662,1.0228,1.0036,1.0001,0.0,normal,0.0,normal,0.0,normal,0.0,NORMAL,0.0,0.0,100,normal,YES,PASS,0.0,0.0,0.009,0.0,
13:27:17.796,1.0286,1.0032,1.0091,0.0,normal,0.0,normal,0.0,normal,0.0,NORMAL,0.1,0.0,100,normal,YES,PASS,0.0,0.0,0.011,0.0,
13:27:17.947,1.02,1.0093,1.0007,0.0,normal,0.0,normal,0.0,normal,0.0,NORMAL,0.0,0.0,100,normal,YES,PASS,0.0,0.0,0.008,0.0,
13:27:18.097,1.013,1.009,1.002,0.0,normal,0.0,normal,0.0,normal,0.0,NORMAL,0.0,0.0,100,normal,YES,PASS,0.0,0.0,0.005,0.0,
13:27:18.246,1.0553,1.0022,1.0075,0.0,normal,0.0,normal,0.0,normal,0.0,NORMAL,0.1,0.0,100,normal,YES,PASS,0.0,0.0,0.022,0.0,
13:27:18.383,1.0514,1.006,1.0056,0.0,normal,0.0,normal,0.0,normal,0.0,NORMAL,0.1,0.0,100,normal,YES,PASS,0.0,0.0,0.021,0.0,
13:27:18.531,1.0253,1.0012,1.0062,0.0,normal,0.0,normal,0.0,normal,0.0,NORMAL,0.1,0.0,100,normal,YES,PASS,0.0,0.0,0.01,0.0,
13:27:18.680,1.0549,1.0009,1.0052,0.0,normal,0.0,normal,0.0,normal,0.0,NORMAL,0.1,0.0,100,normal,YES,PASS,0.0,0.0,0.022,0.0,
13:27:18.828,1.0199,1.0141,1.0033,0.0,normal,0.0,normal,0.0,normal,0.0,NORMAL,0.0,0.0,100,normal,YES,PASS,0.0,0.0,0.008,0.0,
13:27:18.981,1.0578,1.0017,1.0097,0.0,normal,0.0,normal,0.0,normal,0.0,NORMAL,0.1,0.0,100,normal,YES,PASS,0.0,0.0,0.023,0.0,
13:27:19.128,1.0165,1.0067,1.0077,0.0,normal,0.0,normal,0.0,normal,0.0,NORMAL,0.0,0.0,100,normal,YES,PASS,0.0,0.0,0.007,0.0,
13:27:19.281,1.0051,1.0069,1.0123,0.0,normal,0.0,normal,0.0,normal,0.0,NORMAL,0.0,0.0,100,normal,YES,PASS,0.0,0.0,0.002,0.0,
13:27:19.428,1.0371,1.0119,1.0049,0.0,normal,0.0,normal,0.0,normal,0.0,NORMAL,0.1,0.0,100,normal,YES,PASS,0.0,0.0,0.015,0.0,
13:27:19.581,1.0151,1.0002,1.0053,0.0,normal,0.0,normal,0.0,normal,0.0,NORMAL,0.0,0.0,100,normal,YES,PASS,0.0,0.0,0.006,0.0,
13:27:19.728,1.04,1.0039,1.0125,0.0,normal,0.0,normal,0.0,normal,0.0,NORMAL,0.1,0.0,100,normal,YES,PASS,0.0,0.0,0.016,0.0,
13:27:19.880,1.0053,1.0042,1.002,0.0,normal,0.0,normal,0.0,normal,0.0,NORMAL,0.0,0.0,100,normal,YES,PASS,0.0,0.0,0.002,0.0,
13:27:20.027,1.045,1.0126,1.0057,0.0,normal,0.0,normal,0.0,normal,0.0,NORMAL,0.1,0.0,100,normal,YES,PASS,0.0,0.0,0.018,0.0,
13:27:20.180,1.0537,1.0024,1.0058,0.0,normal,0.0,normal,0.0,normal,0.0,NORMAL,0.1,0.0,100,normal,YES,PASS,0.0,0.0,0.021,0.0,
13:27:20.331,1.0422,1.0053,1.0036,0.0,normal,0.0,normal,0.0,normal,0.0,NORMAL,0.1,0.0,100,normal,YES,PASS,0.0,0.0,0.017,0.0,
13:27:20.479,1.0552,1.0022,1.0028,0.0,normal,0.0,normal,0.0,normal,0.0,NORMAL,0.1,0.0,100,normal,YES,PASS,0.0,0.0,0.022,0.0,
13:27:20.631,1.034,1.0028,1.0095,0.0,normal,0.0,normal,0.0,normal,0.0,NORMAL,0.1,0.0,100,normal,YES,PASS,0.0,0.0,0.014,0.0,
13:27:20.784,1.0308,1.0005,1.0109,0.0,normal,0.0,normal,0.0,normal,0.0,NORMAL,0.1,0.0,100,normal,YES,PASS,0.0,0.0,0.012,0.0,
13:27:20.931,1.0531,1.0106,1.0001,0.0,normal,0.0,normal,0.0,normal,0.0,NORMAL,0.1,0.0,100,normal,YES,PASS,0.0,0.0,0.021,0.0,
13:27:21.078,1.0469,1.0075,1.0035,0.0,normal,0.0,normal,0.0,normal,0.0,NORMAL,0.1,0.0,100,normal,YES,PASS,0.0,0.0,0.019,0.0,
13:27:21.229,1.0415,1.0142,1.0034,0.0,normal,0.0,normal,0.0,normal,0.0,NORMAL,0.1,0.0,100,normal,YES,PASS,0.0,0.0,0.017,0.0,
13:27:21.364,1.0177,1.0092,1.0135,0.0,normal,0.0,normal,0.0,normal,0.0,NORMAL,0.0,0.0,100,normal,YES,PASS,0.0,0.0,0.007,0.0,
13:27:21.515,1.0611,1.0029,1.0046,0.0,normal,0.0,normal,0.0,normal,0.0,NORMAL,0.1,0.0,100,normal,YES,PASS,0.0,0.0,0.024,0.0,
13:27:21.662,1.0152,1.0093,1.0002,0.0,normal,0.0,normal,0.0,normal,0.0,NORMAL,0.0,0.0,100,normal,YES,PASS,0.0,0.0,0.006,0.0,
13:27:21.815,1.0469,1.0098,1.0067,0.0,normal,0.0,normal,0.0,normal,0.0,NORMAL,0.1,0.0,100,normal,YES,PASS,0.0,0.0,0.019,0.0,
13:27:21.962,1.0023,1.005,1.0014,0.0,normal,0.0,normal,0.0,normal,0.0,NORMAL,0.0,0.0,100,normal,YES,PASS,0.0,0.0,0.001,0.0,
13:27:22.119,1.0684,1.0039,1.0049,0.0,normal,0.0,normal,0.0,normal,0.0,NORMAL,0.1,0.0,100,normal,YES,PASS,0.0,0.0,0.027,0.0,
13:27:22.261,1.0141,1.0157,1.0058,0.0,normal,0.0,normal,0.0,normal,0.0,NORMAL,0.0,0.0,100,normal,YES,PASS,0.0,0.0,0.006,0.0,
13:27:22.414,1.0552,1.0095,1.0078,0.0,normal,0.0,normal,0.0,normal,0.0,NORMAL,0.1,0.0,100,normal,YES,PASS,0.0,0.0,0.022,0.0,
13:27:22.562,1.0304,1.0111,1.0127,0.0,normal,0.0,normal,0.0,normal,0.0,NORMAL,0.1,0.0,100,normal,YES,PASS,0.0,0.0,0.012,0.0,
13:27:22.698,1.0326,1.0042,1.0077,0.0,normal,0.0,normal,0.0,normal,0.0,NORMAL,0.1,0.0,100,normal,YES,PASS,0.0,0.0,0.013,0.0,
13:27:22.845,1.0414,1.0046,1.0048,0.0,normal,0.0,normal,0.0,normal,0.0,NORMAL,0.1,0.0,100,normal,YES,PASS,0.0,0.0,0.017,0.0,
13:27:22.995,1.0379,1.0059,1.0037,0.0,normal,0.0,normal,0.0,normal,0.0,NORMAL,0.1,0.0,100,normal,YES,PASS,0.0,0.0,0.015,0.0,
13:27:23.147,1.0242,1.0077,1.0077,0.0,normal,0.0,normal,0.0,normal,0.0,NORMAL,0.0,0.0,100,normal,YES,PASS,0.0,0.0,0.01,0.0,
13:27:23.295,1.0515,1.0024,1.0008,0.0,normal,0.0,normal,0.0,normal,0.0,NORMAL,0.1,0.0,100,normal,YES,PASS,0.0,0.0,0.021,0.0,
13:27:23.431,1.038,1.0077,1.0061,0.0,normal,0.0,normal,0.0,normal,0.0,NORMAL,0.1,0.0,100,normal,YES,PASS,0.0,0.0,0.015,0.0,
13:27:23.578,1.001,1.0075,1.0106,0.0,normal,0.0,normal,0.0,normal,0.0,NORMAL,0.0,0.0,100,normal,YES,PASS,0.0,0.0,0.0,0.0,
13:27:23.728,1.0013,1.003,1.0081,0.0,normal,0.0,normal,0.0,normal,0.0,NORMAL,0.0,0.0,100,normal,YES,PASS,0.0,0.0,0.001,0.0,
13:27:23.878,1.0477,1.0008,1.0013,0.0,normal,0.0,normal,0.0,normal,0.0,NORMAL,0.1,0.0,100,normal,YES,PASS,0.0,0.0,0.019,0.0,
13:27:24.028,1.0651,1.0058,1.0061,0.0,normal,0.0,normal,0.0,normal,0.0,NORMAL,0.1,0.0,100,normal,YES,PASS,0.0,0.0,0.026,0.0,
13:27:24.162,1.0025,1.0106,1.0005,0.0,normal,0.0,normal,0.0,normal,0.0,NORMAL,0.0,0.0,100,normal,YES,PASS,0.0,0.0,0.001,0.0,
13:27:24.295,1.0257,1.0092,1.013,0.0,normal,0.0,normal,0.0,normal,0.0,NORMAL,0.1,0.0,100,normal,YES,PASS,0.0,0.0,0.01,0.0,
13:27:24.445,1.0524,1.0077,1.0088,0.0,normal,0.0,normal,0.0,normal,0.0,NORMAL,0.1,0.0,100,normal,YES,PASS,0.0,0.0,0.021,0.0,
13:27:24.579,1.037,1.0034,1.0044,0.0,normal,0.0,normal,0.0,normal,0.0,NORMAL,0.1,0.0,100,normal,YES,PASS,0.0,0.0,0.015,0.0,
13:27:24.730,1.0333,1.0115,1.0078,0.0,normal,0.0,normal,0.0,normal,0.0,NORMAL,0.1,0.0,100,normal,YES,PASS,0.0,0.0,0.013,0.0,
13:27:24.878,1.0194,1.003,1.003,0.0,normal,0.0,normal,0.0,normal,0.0,NORMAL,0.0,0.0,100,normal,YES,PASS,0.0,0.0,0.008,0.0,
13:27:25.028,1.0307,1.0036,1.0083,0.0,normal,0.0,normal,0.0,normal,0.0,NORMAL,0.1,0.0,100,normal,YES,PASS,0.0,0.0,0.012,0.0,
13:27:25.179,1.0456,1.0005,1.0026,0.0,normal,0.0,normal,0.0,normal,0.0,NORMAL,0.1,0.0,100,normal,YES,PASS,0.0,0.0,0.018,0.0,
13:27:25.327,1.0699,1.0044,1.0131,0.0,normal,0.0,normal,0.0,normal,0.0,NORMAL,0.1,0.0,100,normal,YES,PASS,0.0,0.0,0.028,0.0,
13:27:25.478,1.0063,1.015,1.0096,0.0,normal,0.0,normal,0.0,normal,0.0,NORMAL,0.0,0.0,100,normal,YES,PASS,0.0,0.0,0.003,0.0,
13:27:25.629,1.0547,1.0001,1.0041,0.0,normal,0.0,normal,0.0,normal,0.0,NORMAL,0.1,0.0,100,normal,YES,PASS,0.0,0.0,0.022,0.0,
13:27:25.778,1.0513,1.0067,1.0069,0.0,normal,0.0,normal,0.0,normal,0.0,NORMAL,0.1,0.0,100,normal,YES,PASS,0.0,0.0,0.021,0.0,
13:27:25.915,1.0231,1.0049,1.0134,0.0,normal,0.0,normal,0.0,normal,0.0,NORMAL,0.0,0.0,100,normal,YES,PASS,0.0,0.0,0.009,0.0,
13:27:26.063,1.0633,1.0096,1.003,0.0,normal,0.0,normal,0.0,normal,0.0,NORMAL,0.1,0.0,100,normal,YES,PASS,0.0,0.0,0.025,0.0,
13:27:26.213,1.019,1.0151,1.006,0.0,normal,0.0,normal,0.0,normal,0.0,NORMAL,0.0,0.0,100,normal,YES,PASS,0.0,0.0,0.008,0.0,
13:27:26.347,1.0259,1.0075,1.008,0.0,normal,0.0,normal,0.0,normal,0.0,NORMAL,0.1,0.0,100,normal,YES,PASS,0.0,0.0,0.01,0.0,
13:27:26.481,1.0436,1.0032,1.0023,0.0,normal,0.0,normal,0.0,normal,0.0,NORMAL,0.1,0.0,100,normal,YES,PASS,0.0,0.0,0.017,0.0,
13:27:26.628,1.044,1.0101,1.0079,0.0,normal,0.0,normal,0.0,normal,0.0,NORMAL,0.1,0.0,100,normal,YES,PASS,0.0,0.0,0.018,0.0,
13:27:26.779,1.0643,1.0089,1.0034,0.0,normal,0.0,normal,0.0,normal,0.0,NORMAL,0.1,0.0,100,normal,YES,PASS,0.0,0.0,0.026,0.0,
13:27:26.914,1.0344,1.0108,1.0016,0.0,normal,0.0,normal,0.0,normal,0.0,NORMAL,0.1,0.0,100,normal,YES,PASS,0.0,0.0,0.014,0.0,
13:27:27.061,1.0378,1.0073,1.0016,0.0,normal,0.0,normal,0.0,normal,0.0,NORMAL,0.1,0.0,100,normal,YES,PASS,0.0,0.0,0.015,0.0,
13:27:27.211,1.0378,1.0018,1.0089,0.0,normal,0.0,normal,0.0,normal,0.0,NORMAL,0.1,0.0,100,normal,YES,PASS,0.0,0.0,0.015,0.0,
13:27:27.361,1.0184,1.0081,1.0106,0.0,normal,0.0,normal,0.0,normal,0.0,NORMAL,0.0,0.0,100,normal,YES,PASS,0.0,0.0,0.007,0.0,
13:27:27.512,1.0239,1.0123,1.0057,0.0,normal,0.0,normal,0.0,normal,0.0,NORMAL,0.0,0.0,100,normal,YES,PASS,0.0,0.0,0.01,0.0,
13:27:27.663,1.0118,1.0022,1.01,0.0,normal,0.0,normal,0.0,normal,0.0,NORMAL,0.0,0.0,100,normal,YES,PASS,0.0,0.0,0.005,0.0,
13:27:27.811,1.0632,1.0095,1.0054,0.0,normal,0.0,normal,0.0,normal,0.0,NORMAL,0.1,0.0,100,normal,YES,PASS,0.0,0.0,0.025,0.0,
13:27:27.960,1.0441,1.0127,1.0087,0.0,normal,0.0,normal,0.0,normal,0.0,NORMAL,0.1,0.0,100,normal,YES,PASS,0.0,0.0,0.018,0.0,
13:27:28.113,1.0646,1.0107,1.013,0.0,normal,0.0,normal,0.0,normal,0.0,NORMAL,0.1,0.0,100,normal,YES,PASS,0.0,0.0,0.026,0.0,
13:27:28.265,1.0387,1.0078,1.0115,0.0,normal,0.0,normal,0.0,normal,0.0,NORMAL,0.1,0.0,100,normal,YES,PASS,0.0,0.0,0.015,0.0,
13:27:28.411,1.0164,1.0058,1.0045,0.0,normal,0.0,normal,0.0,normal,0.0,NORMAL,0.0,0.0,100,normal,YES,PASS,0.0,0.0,0.007,0.0,
13:27:28.561,1.0363,1.0082,1.0114,0.0,normal,0.0,normal,0.0,normal,0.0,NORMAL,0.1,0.0,100,normal,YES,PASS,0.0,0.0,0.015,0.0,
13:27:28.711,1.0377,1.0041,1.0031,0.0,normal,0.0,normal,0.0,normal,0.0,NORMAL,0.1,0.0,100,normal,YES,PASS,0.0,0.0,0.015,0.0,
13:27:28.862,1.0023,1.007,1.0079,0.0,normal,0.0,normal,0.0,normal,0.0,NORMAL,0.0,0.0,100,normal,YES,PASS,0.0,0.0,0.001,0.0,
13:27:28.997,1.0589,1.0097,1.0073,0.0,normal,0.0,normal,0.0,normal,0.0,NORMAL,0.1,0.0,100,normal,YES,PASS,0.0,0.0,0.024,0.0,
13:27:29.144,1.004,1.0014,1.0056,0.0,normal,0.0,normal,0.0,normal,0.0,NORMAL,0.0,0.0,100,normal,YES,PASS,0.0,0.0,0.002,0.0,
13:27:29.295,1.0563,1.0096,1.0034,0.0,normal,0.0,normal,0.0,normal,0.0,NORMAL,0.1,0.0,100,normal,YES,PASS,0.0,0.0,0.023,0.0,
13:27:29.431,1.0161,1.0054,1.0068,0.0,normal,0.0,normal,0.0,normal,0.0,NORMAL,0.0,0.0,100,normal,YES,PASS,0.0,0.0,0.006,0.0,
13:27:29.580,1.006,1.0057,1.0043,0.0,normal,0.0,normal,0.0,normal,0.0,NORMAL,0.0,0.0,100,normal,YES,PASS,0.0,0.0,0.002,0.0,
13:27:29.728,1.0476,1.0071,1.0008,0.0,normal,0.0,normal,0.0,normal,0.0,NORMAL,0.1,0.0,100,normal,YES,PASS,0.0,0.0,0.019,0.0,
13:27:29.879,1.0427,1.0033,1.0084,0.0,normal,0.0,normal,0.0,normal,0.0,NORMAL,0.1,0.0,100,normal,YES,PASS,0.0,0.0,0.017,0.0,
13:27:30.028,1.0439,1.0121,1.0075,0.0,normal,0.0,normal,0.0,normal,0.0,NORMAL,0.1,0.0,100,normal,YES,PASS,0.0,0.0,0.018,0.0,
13:27:30.180,1.0257,1.0074,1.0073,0.0,normal,0.0,normal,0.0,normal,0.0,NORMAL,0.1,0.0,100,normal,YES,PASS,0.0,0.0,0.01,0.0,
13:27:30.328,1.0134,1.0141,1.0092,0.0,normal,0.0,normal,0.0,normal,0.0,NORMAL,0.0,0.0,100,normal,YES,PASS,0.0,0.0,0.005,0.0,
13:27:30.465,1.0562,1.0029,1.0013,0.0,normal,0.0,normal,0.0,normal,0.0,NORMAL,0.1,0.0,100,normal,YES,PASS,0.0,0.0,0.022,0.0,
13:27:30.611,1.0588,1.0105,1.0134,0.0,normal,0.0,normal,0.0,normal,0.0,NORMAL,0.1,0.0,100,normal,YES,PASS,0.0,0.0,0.024,0.0,
13:27:30.761,1.0023,1.0092,1.0018,0.0,normal,0.0,normal,0.0,normal,0.0,NORMAL,0.0,0.0,100,normal,YES,PASS,0.0,0.0,0.001,0.0,
13:27:30.911,1.0367,1.0048,1.0153,0.0,normal,0.0,normal,0.0,normal,0.0,NORMAL,0.1,0.0,100,normal,YES,PASS,0.0,0.0,0.015,0.0,
13:27:31.063,1.0297,1.0061,1.0008,0.0,normal,0.0,normal,0.0,normal,0.0,NORMAL,0.1,0.0,100,normal,YES,PASS,0.0,0.0,0.012,0.0,
13:27:31.213,1.0607,1.0026,1.003,0.0,normal,0.0,normal,0.0,normal,0.0,NORMAL,0.1,0.0,100,normal,YES,PASS,0.0,0.0,0.024,0.0,
13:27:31.363,1.037,1.007,1.0078,0.0,normal,0.0,normal,0.0,normal,0.0,NORMAL,0.1,0.0,100,normal,YES,PASS,0.0,0.0,0.015,0.0,
13:27:31.511,1.0034,1.0023,1.0037,0.0,normal,0.0,normal,0.0,normal,0.0,NORMAL,0.0,0.0,100,normal,YES,PASS,0.0,0.0,0.001,0.0,
13:27:31.652,1.0397,1.0034,1.0076,0.0,normal,0.0,normal,0.0,normal,0.0,NORMAL,0.1,0.0,100,normal,YES,PASS,0.0,0.0,0.016,0.0,
13:27:31.795,1.0421,1.0019,1.0074,0.0,normal,0.0,normal,0.0,normal,0.0,NORMAL,0.1,0.0,100,normal,YES,PASS,0.0,0.0,0.017,0.0,
13:27:31.929,1.0623,1.0104,1.0018,0.0,normal,0.0,normal,0.0,normal,0.0,NORMAL,0.1,0.0,100,normal,YES,PASS,0.0,0.0,0.025,0.0,
13:27:32.078,1.0204,1.0077,1.003,0.0,normal,0.0,normal,0.0,normal,0.0,NORMAL,0.0,0.0,100,normal,YES,PASS,0.0,0.0,0.008,0.0,
13:27:32.215,1.0385,1.0025,1.0039,0.0,normal,0.0,normal,0.0,normal,0.0,NORMAL,0.1,0.0,100,normal,YES,PASS,0.0,0.0,0.015,0.0,
13:27:32.363,1.0631,1.0,1.008,0.0,normal,0.0,normal,0.0,normal,0.0,NORMAL,0.1,0.0,100,normal,YES,PASS,0.0,0.0,0.025,0.0,
13:27:32.511,1.029,1.0147,1.0103,0.0,normal,0.0,normal,0.0,normal,0.0,NORMAL,0.1,0.0,100,normal,YES,PASS,0.0,0.0,0.012,0.0,
13:27:32.661,1.0049,1.0028,1.0065,0.0,normal,0.0,normal,0.0,normal,0.0,NORMAL,0.0,0.0,100,normal,YES,PASS,0.0,0.0,0.002,0.0,
13:27:32.811,1.0491,1.0005,1.0061,0.0,normal,0.0,normal,0.0,normal,0.0,NORMAL,0.1,0.0,100,normal,YES,PASS,0.0,0.0,0.02,0.0,
13:27:32.944,1.0688,1.0091,1.0119,0.0,normal,0.0,normal,0.0,normal,0.0,NORMAL,0.1,0.0,100,normal,YES,PASS,0.0,0.0,0.028,0.0,
13:27:33.096,1.0338,1.0041,1.0038,0.0,normal,0.0,normal,0.0,normal,0.0,NORMAL,0.1,0.0,100,normal,YES,PASS,0.0,0.0,0.014,0.0,
13:27:33.245,1.0159,1.0135,1.0096,0.0,normal,0.0,normal,0.0,normal,0.0,NORMAL,0.0,0.0,100,normal,YES,PASS,0.0,0.0,0.006,0.0,
13:27:33.396,1.038,1.0063,1.0033,0.0,normal,0.0,normal,0.0,normal,0.0,NORMAL,0.1,0.0,100,normal,YES,PASS,0.0,0.0,0.015,0.0,
13:27:33.544,1.0213,1.0006,1.0038,0.0,normal,0.0,normal,0.0,normal,0.0,NORMAL,0.0,0.0,100,normal,YES,PASS,0.0,0.0,0.009,0.0,
13:27:33.678,1.0236,1.0116,1.0102,0.0,normal,0.0,normal,0.0,normal,0.0,NORMAL,0.0,0.0,100,normal,YES,PASS,0.0,0.0,0.009,0.0,
13:27:33.826,1.0434,1.0076,1.0052,0.0,normal,0.0,normal,0.0,normal,0.0,NORMAL,0.1,0.0,100,normal,YES,PASS,0.0,0.0,0.017,0.0,
13:27:33.965,1.0253,1.0037,1.0063,0.0,normal,0.0,normal,0.0,normal,0.0,NORMAL,0.1,0.0,100,normal,YES,PASS,0.0,0.0,0.01,0.0,
13:27:34.114,1.0054,1.0135,1.0039,0.0,normal,0.0,normal,0.0,normal,0.0,NORMAL,0.0,0.0,100,normal,YES,PASS,0.0,0.0,0.002,0.0,
13:27:34.262,1.0461,1.0076,1.0096,0.0,normal,0.0,normal,0.0,normal,0.0,NORMAL,0.1,0.0,100,normal,YES,PASS,0.0,0.0,0.018,0.0,
13:27:34.411,1.0233,1.0013,1.0138,0.0,normal,0.0,normal,0.0,normal,0.0,NORMAL,0.0,0.0,100,normal,YES,PASS,0.0,0.0,0.009,0.0,
13:27:34.561,1.017,1.0138,1.0022,0.0,normal,0.0,normal,0.0,normal,0.0,NORMAL,0.0,0.0,100,normal,YES,PASS,0.0,0.0,0.007,0.0,
13:27:34.711,1.0002,1.0115,1.0024,0.0,normal,0.0,normal,0.0,normal,0.0,NORMAL,0.0,0.0,100,normal,YES,PASS,0.0,0.0,0.0,0.0,
13:27:34.846,1.0471,1.0088,1.0061,0.0,normal,0.0,normal,0.0,normal,0.0,NORMAL,0.1,0.0,100,normal,YES,PASS,0.0,0.0,0.019,0.0,
13:27:34.996,1.0034,1.0069,1.0043,0.0,normal,0.0,normal,0.0,normal,0.0,NORMAL,0.0,0.0,100,normal,YES,PASS,0.0,0.0,0.001,0.0,
13:27:35.144,1.0396,1.0064,1.0084,0.0,normal,0.0,normal,0.0,normal,0.0,NORMAL,0.1,0.0,100,normal,YES,PASS,0.0,0.0,0.016,0.0,
13:27:35.281,1.0139,1.011,1.0052,0.0,normal,0.0,normal,0.0,normal,0.0,NORMAL,0.0,0.0,100,normal,YES,PASS,0.0,0.0,0.006,0.0,
13:27:35.429,1.0266,1.0139,1.0085,0.0,normal,0.0,normal,0.0,normal,0.0,NORMAL,0.1,0.0,100,normal,YES,PASS,0.0,0.0,0.011,0.0,
13:27:35.578,1.0154,1.0071,1.0032,0.0,normal,0.0,normal,0.0,normal,0.0,NORMAL,0.0,0.0,100,normal,YES,PASS,0.0,0.0,0.006,0.0,
13:27:35.714,1.0128,1.0077,1.0113,0.0,normal,0.0,normal,0.0,normal,0.0,NORMAL,0.0,0.0,100,normal,YES,PASS,0.0,0.0,0.005,0.0,
13:27:35.861,1.0315,1.0039,1.0119,0.0,normal,0.0,normal,0.0,normal,0.0,NORMAL,0.1,0.0,100,normal,YES,PASS,0.0,0.0,0.013,0.0,
13:27:36.010,1.0008,1.0077,1.0056,0.0,normal,0.0,normal,0.0,normal,0.0,NORMAL,0.0,0.0,100,normal,YES,PASS,0.0,0.0,0.0,0.0,
13:27:36.161,1.0436,1.0038,1.0052,0.0,normal,0.0,normal,0.0,normal,0.0,NORMAL,0.1,0.0,100,normal,YES,PASS,0.0,0.0,0.017,0.0,
13:27:36.298,1.0045,1.0057,1.0035,0.0,normal,0.0,normal,0.0,normal,0.0,NORMAL,0.0,0.0,100,normal,YES,PASS,0.0,0.0,0.002,0.0,
13:27:36.444,1.0438,1.0063,1.0083,0.0,normal,0.0,normal,0.0,normal,0.0,NORMAL,0.1,0.0,100,normal,YES,PASS,0.0,0.0,0.018,0.0,
13:27:36.581,1.058,1.0026,1.0012,0.0,normal,0.0,normal,0.0,normal,0.0,NORMAL,0.1,0.0,100,normal,YES,PASS,0.0,0.0,0.023,0.0,
13:27:36.730,1.016,1.0061,1.0054,0.0,normal,0.0,normal,0.0,normal,0.0,NORMAL,0.0,0.0,100,normal,YES,PASS,0.0,0.0,0.006,0.0,
13:27:36.879,1.0109,1.0115,1.0068,0.0,normal,0.0,normal,0.0,normal,0.0,NORMAL,0.0,0.0,100,normal,YES,PASS,0.0,0.0,0.004,0.0,
13:27:37.028,1.066,1.0073,1.0025,0.0,normal,0.0,normal,0.0,normal,0.0,NORMAL,0.1,0.0,100,normal,YES,PASS,0.0,0.0,0.026,0.0,
13:27:37.179,1.0342,1.0027,1.0013,0.0,normal,0.0,normal,0.0,normal,0.0,NORMAL,0.1,0.0,100,normal,YES,PASS,0.0,0.0,0.014,0.0,
13:27:37.330,1.002,1.0075,1.0081,0.0,normal,0.0,normal,0.0,normal,0.0,NORMAL,0.0,0.0,100,normal,YES,PASS,0.0,0.0,0.001,0.0,
13:27:37.494,1.042,1.0076,1.0063,0.0,normal,0.0,normal,0.0,normal,0.0,NORMAL,0.1,0.0,100,normal,YES,PASS,0.0,0.0,0.017,0.0,
13:27:37.644,1.0409,1.0113,1.0032,0.0,normal,0.0,normal,0.0,normal,0.0,NORMAL,0.1,0.0,100,normal,YES,PASS,0.0,0.0,0.016,0.0,
13:27:37.795,1.0449,1.0084,1.0012,0.0,normal,0.0,normal,0.0,normal,0.0,NORMAL,0.1,0.0,100,normal,YES,PASS,0.0,0.0,0.018,0.0,
13:27:37.944,1.0274,1.0002,1.0027,0.0,normal,0.0,normal,0.0,normal,0.0,NORMAL,0.1,0.0,100,normal,YES,PASS,0.0,0.0,0.011,0.0,
13:27:38.079,1.0463,1.0004,1.0137,0.0,normal,0.0,normal,0.0,normal,0.0,NORMAL,0.1,0.0,100,normal,YES,PASS,0.0,0.0,0.019,0.0,
13:27:38.227,1.0348,1.0088,1.0042,0.0,normal,0.0,normal,0.0,normal,0.0,NORMAL,0.1,0.0,100,normal,YES,PASS,0.0,0.0,0.014,0.0,
13:27:38.378,1.0283,1.0061,1.0018,0.0,normal,0.0,normal,0.0,normal,0.0,NORMAL,0.1,0.0,100,normal,YES,PASS,0.0,0.0,0.011,0.0,
13:27:38.528,1.0196,1.0025,1.0068,0.0,normal,0.0,normal,0.0,normal,0.0,NORMAL,0.0,0.0,100,normal,YES,PASS,0.0,0.0,0.008,0.0,
13:27:38.661,1.0307,1.01,1.0076,0.0,normal,0.0,normal,0.0,normal,0.0,NORMAL,0.1,0.0,100,normal,YES,PASS,0.0,0.0,0.012,0.0,
13:27:38.813,1.0363,1.0109,1.0109,0.0,normal,0.0,normal,0.0,normal,0.0,NORMAL,0.1,0.0,100,normal,YES,PASS,0.0,0.0,0.015,0.0,
13:27:38.961,1.0139,1.0063,1.0043,0.0,normal,0.0,normal,0.0,normal,0.0,NORMAL,0.0,0.0,100,normal,YES,PASS,0.0,0.0,0.006,0.0,
13:27:39.098,1.0463,1.0071,1.0099,0.0,normal,0.0,normal,0.0,normal,0.0,NORMAL,0.1,0.0,100,normal,YES,PASS,0.0,0.0,0.019,0.0,
13:27:39.245,1.0474,1.0009,1.0043,0.0,normal,0.0,normal,0.0,normal,0.0,NORMAL,0.1,0.0,100,normal,YES,PASS,0.0,0.0,0.019,0.0,
13:27:39.382,1.0362,1.0119,1.008,0.0,normal,0.0,normal,0.0,normal,0.0,NORMAL,0.1,0.0,100,normal,YES,PASS,0.0,0.0,0.014,0.0,
13:27:39.528,1.0333,1.0118,1.0094,0.0,normal,0.0,normal,0.0,normal,0.0,NORMAL,0.1,0.0,100,normal,YES,PASS,0.0,0.0,0.013,0.0,
13:27:39.677,1.0088,1.0028,1.0063,0.0,normal,0.0,normal,0.0,normal,0.0,NORMAL,0.0,0.0,100,normal,YES,PASS,0.0,0.0,0.004,0.0,
13:27:39.812,1.0523,1.0084,1.0031,0.0,normal,0.0,normal,0.0,normal,0.0,NORMAL,0.1,0.0,100,normal,YES,PASS,0.0,0.0,0.021,0.0,
13:27:39.963,1.0385,1.006,1.0067,0.0,normal,0.0,normal,0.0,normal,0.0,NORMAL,0.1,0.0,100,normal,YES,PASS,0.0,0.0,0.015,0.0,
13:27:40.111,1.028,1.0015,1.004,0.0,normal,0.0,normal,0.0,normal,0.0,NORMAL,0.1,0.0,100,normal,YES,PASS,0.0,0.0,0.011,0.0,
13:27:40.261,1.0144,1.0055,1.0041,0.0,normal,0.0,normal,0.0,normal,0.0,NORMAL,0.0,0.0,100,normal,YES,PASS,0.0,0.0,0.006,0.0,
13:27:40.398,1.0361,1.0071,1.0085,0.0,normal,0.0,normal,0.0,normal,0.0,NORMAL,0.1,0.0,100,normal,YES,PASS,0.0,0.0,0.014,0.0,
13:27:40.528,1.0165,1.008,1.0109,0.0,normal,0.0,normal,0.0,normal,0.0,NORMAL,0.0,0.0,100,normal,YES,PASS,0.0,0.0,0.007,0.0,
13:27:40.678,1.0338,1.0035,1.0109,0.0,normal,0.0,normal,0.0,normal,0.0,NORMAL,0.1,0.0,100,normal,YES,PASS,0.0,0.0,0.014,0.0,
13:27:40.828,1.0251,1.0047,1.0043,0.0,normal,0.0,normal,0.0,normal,0.0,NORMAL,0.1,0.0,100,normal,YES,PASS,0.0,0.0,0.01,0.0,
13:27:40.977,1.0546,1.001,1.0091,0.0,normal,0.0,normal,0.0,normal,0.0,NORMAL,0.1,0.0,100,normal,YES,PASS,0.0,0.0,0.022,0.0,
13:27:41.128,1.0443,1.0111,1.0106,0.0,normal,0.0,normal,0.0,normal,0.0,NORMAL,0.1,0.0,100,normal,YES,PASS,0.0,0.0,0.018,0.0,
13:27:41.278,1.0201,1.0122,1.0004,0.0,normal,0.0,normal,0.0,normal,0.0,NORMAL,0.0,0.0,100,normal,YES,PASS,0.0,0.0,0.008,0.0,
13:27:41.429,1.0061,1.0005,1.0002,0.0,normal,0.0,normal,0.0,normal,0.0,NORMAL,0.0,0.0,100,normal,YES,PASS,0.0,0.0,0.002,0.0,
13:27:41.565,1.0289,1.0122,1.0026,0.0,normal,0.0,normal,0.0,normal,0.0,NORMAL,0.1,0.0,100,normal,YES,PASS,0.0,0.0,0.012,0.0,
13:27:41.711,1.036,1.009,1.0057,0.0,normal,0.0,normal,0.0,normal,0.0,NORMAL,0.1,0.0,100,normal,YES,PASS,0.0,0.0,0.014,0.0,
13:27:41.861,1.043,1.0031,1.009,0.0,normal,0.0,normal,0.0,normal,0.0,NORMAL,0.1,0.0,100,normal,YES,PASS,0.0,0.0,0.017,0.0,
13:27:42.012,1.0147,1.0065,1.0069,0.0,normal,0.0,normal,0.0,normal,0.0,NORMAL,0.0,0.0,100,normal,YES,PASS,0.0,0.0,0.006,0.0,
13:27:42.161,1.0479,1.0086,1.0023,0.0,normal,0.0,normal,0.0,normal,0.0,NORMAL,0.1,0.0,100,normal,YES,PASS,0.0,0.0,0.019,0.0,
13:27:42.312,1.0077,1.0076,1.0044,0.0,normal,0.0,normal,0.0,normal,0.0,NORMAL,0.0,0.0,100,normal,YES,PASS,0.0,0.0,0.003,0.0,
13:27:42.461,1.0385,1.0102,1.0103,0.0,normal,0.0,normal,0.0,normal,0.0,NORMAL,0.1,0.0,100,normal,YES,PASS,0.0,0.0,0.015,0.0,
13:27:42.613,1.0168,1.0033,1.0094,0.0,normal,0.0,normal,0.0,normal,0.0,NORMAL,0.0,0.0,100,normal,YES,PASS,0.0,0.0,0.007,0.0,
13:27:42.764,1.0323,1.0002,1.0096,0.0,normal,0.0,normal,0.0,normal,0.0,NORMAL,0.1,0.0,100,normal,YES,PASS,0.0,0.0,0.013,0.0,
13:27:42.913,1.0428,1.004,1.0118,0.0,normal,0.0,normal,0.0,normal,0.0,NORMAL,0.1,0.0,100,normal,YES,PASS,0.0,0.0,0.017,0.0,
13:27:43.061,1.0532,1.0098,1.0083,0.0,normal,0.0,normal,0.0,normal,0.0,NORMAL,0.1,0.0,100,normal,YES,PASS,0.0,0.0,0.021,0.0,
13:27:43.211,1.0167,1.006,1.0145,0.0,normal,0.0,normal,0.0,normal,0.0,NORMAL,0.0,0.0,100,normal,YES,PASS,0.0,0.0,0.007,0.0,
13:27:43.363,1.054,1.0073,1.0001,0.0,normal,0.0,normal,0.0,normal,0.0,NORMAL,0.1,0.0,100,normal,YES,PASS,0.0,0.0,0.022,0.0,
13:27:43.512,1.0067,1.0085,1.0055,0.0,normal,0.0,normal,0.0,normal,0.0,NORMAL,0.0,0.0,100,normal,YES,PASS,0.0,0.0,0.003,0.0,
13:27:43.661,1.0262,1.0133,1.006,0.0,normal,0.0,normal,0.0,normal,0.0,NORMAL,0.1,0.0,100,normal,YES,PASS,0.0,0.0,0.01,0.0,
13:27:43.797,1.0162,1.0118,1.0024,0.0,normal,0.0,normal,0.0,normal,0.0,NORMAL,0.0,0.0,100,normal,YES,PASS,0.0,0.0,0.006,0.0,
13:27:43.944,1.004,1.0066,1.007,0.0,normal,0.0,normal,0.0,normal,0.0,NORMAL,0.0,0.0,100,normal,YES,PASS,0.0,0.0,0.002,0.0,
13:27:44.094,1.0463,1.0028,1.0036,0.0,normal,0.0,normal,0.0,normal,0.0,NORMAL,0.1,0.0,100,normal,YES,PASS,0.0,0.0,0.019,0.0,
13:27:44.244,1.0261,1.0126,1.0074,0.0,normal,0.0,normal,0.0,normal,0.0,NORMAL,0.1,0.0,100,normal,YES,PASS,0.0,0.0,0.01,0.0,
13:27:44.394,1.0372,1.0017,1.0065,0.0,normal,0.0,normal,0.0,normal,0.0,NORMAL,0.1,0.0,100,normal,YES,PASS,0.0,0.0,0.015,0.0,
13:27:44.531,1.0384,1.0072,1.0061,0.0,normal,0.0,normal,0.0,normal,0.0,NORMAL,0.1,0.0,100,normal,YES,PASS,0.0,0.0,0.015,0.0,
13:27:44.678,1.0163,1.0075,1.0015,0.0,normal,0.0,normal,0.0,normal,0.0,NORMAL,0.0,0.0,100,normal,YES,PASS,0.0,0.0,0.007,0.0,
13:27:44.827,1.0043,1.0024,1.0086,0.0,normal,0.0,normal,0.0,normal,0.0,NORMAL,0.0,0.0,100,normal,YES,PASS,0.0,0.0,0.002,0.0,
13:27:44.977,1.0065,1.0101,1.0036,0.0,normal,0.0,normal,0.0,normal,0.0,NORMAL,0.0,0.0,100,normal,YES,PASS,0.0,0.0,0.003,0.0,
13:27:45.129,1.0051,1.0019,1.0112,0.0,normal,0.0,normal,0.0,normal,0.0,NORMAL,0.0,0.0,100,normal,YES,PASS,0.0,0.0,0.002,0.0,
13:27:45.280,1.0043,1.009,1.0056,0.0,normal,0.0,normal,0.0,normal,0.0,NORMAL,0.0,0.0,100,normal,YES,PASS,0.0,0.0,0.002,0.0,
13:27:45.427,1.0113,1.0064,1.0011,0.0,normal,0.0,normal,0.0,normal,0.0,NORMAL,0.0,0.0,100,normal,YES,PASS,0.0,0.0,0.005,0.0,
13:27:45.579,1.034,1.0052,1.0088,0.0,normal,0.0,normal,0.0,normal,0.0,NORMAL,0.1,0.0,100,normal,YES,PASS,0.0,0.0,0.014,0.0,
13:27:45.714,1.0436,1.01,1.0036,0.0,normal,0.0,normal,0.0,normal,0.0,NORMAL,0.1,0.0,100,normal,YES,PASS,0.0,0.0,0.017,0.0,
13:27:45.861,1.0464,1.0148,1.0045,0.0,normal,0.0,normal,0.0,normal,0.0,NORMAL,0.1,0.0,100,normal,YES,PASS,0.0,0.0,0.019,0.0,
13:27:46.011,1.0026,1.0002,1.0058,0.0,normal,0.0,normal,0.0,normal,0.0,NORMAL,0.0,0.0,100,normal,YES,PASS,0.0,0.0,0.001,0.0,
13:27:46.145,1.0012,1.0,1.0016,0.0,normal,0.0,normal,0.0,normal,0.0,NORMAL,0.0,0.0,100,normal,YES,PASS,0.0,0.0,0.0,0.0,
13:27:46.280,1.0488,1.0009,1.0151,0.0,normal,0.0,normal,0.0,normal,0.0,NORMAL,0.1,0.0,100,normal,YES,PASS,0.0,0.0,0.02,0.0,
13:27:46.428,1.0199,1.0036,1.0012,0.0,normal,0.0,normal,0.0,normal,0.0,NORMAL,0.0,0.0,100,normal,YES,PASS,0.0,0.0,0.008,0.0,
13:27:46.578,1.0436,1.0109,1.0038,0.0,normal,0.0,normal,0.0,normal,0.0,NORMAL,0.1,0.0,100,normal,YES,PASS,0.0,0.0,0.017,0.0,
13:27:46.725,1.0108,1.0111,1.0024,0.0,normal,0.0,normal,0.0,normal,0.0,NORMAL,0.0,0.0,100,normal,YES,PASS,0.0,0.0,0.004,0.0,
13:27:46.863,1.0158,1.0067,1.011,0.0,normal,0.0,normal,0.0,normal,0.0,NORMAL,0.0,0.0,100,normal,YES,PASS,0.0,0.0,0.006,0.0,
13:27:47.010,1.0259,1.0005,1.0124,0.0,normal,0.0,normal,0.0,normal,0.0,NORMAL,0.1,0.0,100,normal,YES,PASS,0.0,0.0,0.01,0.0,
13:27:47.160,1.0211,1.0143,1.0025,0.0,normal,0.0,normal,0.0,normal,0.0,NORMAL,0.0,0.0,100,normal,YES,PASS,0.0,0.0,0.008,0.0,
13:27:47.310,1.0376,1.0068,1.0016,0.0,normal,0.0,normal,0.0,normal,0.0,NORMAL,0.1,0.0,100,normal,YES,PASS,0.0,0.0,0.015,0.0,
13:27:47.446,1.0379,1.0082,1.0034,0.0,normal,0.0,normal,0.0,normal,0.0,NORMAL,0.1,0.0,100,normal,YES,PASS,0.0,0.0,0.015,0.0,
13:27:47.580,1.039,1.0046,1.006,0.0,normal,0.0,normal,0.0,normal,0.0,NORMAL,0.1,0.0,100,normal,YES,PASS,0.0,0.0,0.016,0.0,
13:27:47.727,1.0395,1.0057,1.0034,0.0,normal,0.0,normal,0.0,normal,0.0,NORMAL,0.1,0.0,100,normal,YES,PASS,0.0,0.0,0.016,0.0,
13:27:47.863,1.0235,1.0007,1.0016,0.0,normal,0.0,normal,0.0,normal,0.0,NORMAL,0.0,0.0,100,normal,YES,PASS,0.0,0.0,0.009,0.0,
13:27:48.017,1.0459,1.0069,1.0033,0.0,normal,0.0,normal,0.0,normal,0.0,NORMAL,0.1,0.0,100,normal,YES,PASS,0.0,0.0,0.018,0.0,
13:27:48.160,1.0154,1.0027,1.0019,0.0,normal,0.0,normal,0.0,normal,0.0,NORMAL,0.0,0.0,100,normal,YES,PASS,0.0,0.0,0.006,0.0,
13:27:48.297,1.0338,1.0065,1.0077,0.0,normal,0.0,normal,0.0,normal,0.0,NORMAL,0.1,0.0,100,normal,YES,PASS,0.0,0.0,0.014,0.0,
13:27:48.444,1.0431,1.009,1.0055,0.0,normal,0.0,normal,0.0,normal,0.0,NORMAL,0.1,0.0,100,normal,YES,PASS,0.0,0.0,0.017,0.0,
13:27:48.594,1.0206,1.0034,1.0108,0.0,normal,0.0,normal,0.0,normal,0.0,NORMAL,0.0,0.0,100,normal,YES,PASS,0.0,0.0,0.008,0.0,
13:27:48.744,1.001,1.0103,1.003,0.0,normal,0.0,normal,0.0,normal,0.0,NORMAL,0.0,0.0,100,normal,YES,PASS,0.0,0.0,0.0,0.0,
13:27:48.894,1.0458,1.0026,1.0045,0.0,normal,0.0,normal,0.0,normal,0.0,NORMAL,0.1,0.0,100,normal,YES,PASS,0.0,0.0,0.018,0.0,
13:27:49.046,1.0364,1.0062,1.0115,0.0,normal,0.0,normal,0.0,normal,0.0,NORMAL,0.1,0.0,100,normal,YES,PASS,0.0,0.0,0.015,0.0,
13:27:49.194,1.0474,1.0011,1.0079,0.0,normal,0.0,normal,0.0,normal,0.0,NORMAL,0.1,0.0,100,normal,YES,PASS,0.0,0.0,0.019,0.0,
13:27:49.344,1.0219,1.006,1.0001,0.0,normal,0.0,normal,0.0,normal,0.0,NORMAL,0.0,0.0,100,normal,YES,PASS,0.0,0.0,0.009,0.0,
13:27:49.494,1.0457,1.0121,1.0026,0.0,normal,0.0,normal,0.0,normal,0.0,NORMAL,0.1,0.0,100,normal,YES,PASS,0.0,0.0,0.018,0.0,
13:27:49.630,1.0365,1.0039,1.0034,0.0,normal,0.0,normal,0.0,normal,0.0,NORMAL,0.1,0.0,100,normal,YES,PASS,0.0,0.0,0.015,0.0,
13:27:49.777,1.0159,1.0077,1.0118,0.0,normal,0.0,normal,0.0,normal,0.0,NORMAL,0.0,0.0,100,normal,YES,PASS,0.0,0.0,0.006,0.0,
13:27:49.914,1.0439,1.0004,1.0025,0.0,normal,0.0,normal,0.0,normal,0.0,NORMAL,0.1,0.0,100,normal,YES,PASS,0.0,0.0,0.018,0.0,
13:27:50.062,1.0618,1.0069,1.0143,0.0,normal,0.0,normal,0.0,normal,0.0,NORMAL,0.1,0.0,100,normal,YES,PASS,0.0,0.0,0.025,0.0,
13:27:50.210,1.0095,1.0115,1.0123,0.0,normal,0.0,normal,0.0,normal,0.0,NORMAL,0.0,0.0,100,normal,YES,PASS,0.0,0.0,0.004,0.0,
13:27:50.360,1.0451,1.0054,1.0044,0.0,normal,0.0,normal,0.0,normal,0.0,NORMAL,0.1,0.0,100,normal,YES,PASS,0.0,0.0,0.018,0.0,
13:27:50.497,1.0319,1.006,1.0139,0.0,normal,0.0,normal,0.0,normal,0.0,NORMAL,0.1,0.0,100,normal,YES,PASS,0.0,0.0,0.013,0.0,
13:27:50.644,1.0139,1.0067,1.0017,0.0,normal,0.0,normal,0.0,normal,0.0,NORMAL,0.0,0.0,100,normal,YES,PASS,0.0,0.0,0.006,0.0,
13:27:50.779,1.0217,1.005,1.0092,0.0,normal,0.0,normal,0.0,normal,0.0,NORMAL,0.0,0.0,100,normal,YES,PASS,0.0,0.0,0.009,0.0,
13:27:50.929,1.0556,1.0073,1.0004,0.0,normal,0.0,normal,0.0,normal,0.0,NORMAL,0.1,0.0,100,normal,YES,PASS,0.0,0.0,0.022,0.0,
13:27:51.077,1.0639,1.0038,1.0013,0.0,normal,0.0,normal,0.0,normal,0.0,NORMAL,0.1,0.0,100,normal,YES,PASS,0.0,0.0,0.026,0.0,
13:27:51.227,1.0366,1.0017,1.0021,0.0,normal,0.0,normal,0.0,normal,0.0,NORMAL,0.1,0.0,100,normal,YES,PASS,0.0,0.0,0.015,0.0,
13:27:51.378,1.0417,1.0031,1.0084,0.0,normal,0.0,normal,0.0,normal,0.0,NORMAL,0.1,0.0,100,normal,YES,PASS,0.0,0.0,0.017,0.0,
13:27:51.544,1.023,1.0036,1.0109,0.0,normal,0.0,normal,0.0,normal,0.0,NORMAL,0.0,0.0,100,normal,YES,PASS,0.0,0.0,0.009,0.0,
13:27:51.693,1.0526,1.0112,1.0027,0.0,normal,0.0,normal,0.0,normal,0.0,NORMAL,0.1,0.0,100,normal,YES,PASS,0.0,0.0,0.021,0.0,
13:27:51.830,1.0112,1.0064,1.0009,0.0,normal,0.0,normal,0.0,normal,0.0,NORMAL,0.0,0.0,100,normal,YES,PASS,0.0,0.0,0.004,0.0,
13:27:51.979,1.0625,1.0113,1.0092,0.0,normal,0.0,normal,0.0,normal,0.0,NORMAL,0.1,0.0,100,normal,YES,PASS,0.0,0.0,0.025,0.0,
13:27:52.127,1.0077,1.0056,1.0014,0.0,normal,0.0,normal,0.0,normal,0.0,NORMAL,0.0,0.0,100,normal,YES,PASS,0.0,0.0,0.003,0.0,
13:27:52.279,1.0286,1.0025,1.0052,0.0,normal,0.0,normal,0.0,normal,0.0,NORMAL,0.1,0.0,100,normal,YES,PASS,0.0,0.0,0.011,0.0,
13:27:52.428,1.0611,1.0033,1.0001,0.0,normal,0.0,normal,0.0,normal,0.0,NORMAL,0.1,0.0,100,normal,YES,PASS,0.0,0.0,0.024,0.0,
13:27:52.562,1.016,1.0034,1.0062,0.0,normal,0.0,normal,0.0,normal,0.0,NORMAL,0.0,0.0,100,normal,YES,PASS,0.0,0.0,0.006,0.0,
13:27:52.712,1.0376,1.0104,1.0004,0.0,normal,0.0,normal,0.0,normal,0.0,NORMAL,0.1,0.0,100,normal,YES,PASS,0.0,0.0,0.015,0.0,
13:27:52.860,1.0353,1.0044,1.0003,0.0,normal,0.0,normal,0.0,normal,0.0,NORMAL,0.1,0.0,100,normal,YES,PASS,0.0,0.0,0.014,0.0,
13:27:53.010,1.0515,1.0088,1.01,0.0,normal,0.0,normal,0.0,normal,0.0,NORMAL,0.1,0.0,100,normal,YES,PASS,0.0,0.0,0.021,0.0,
13:27:53.160,1.0228,1.0109,1.0113,0.0,normal,0.0,normal,0.0,normal,0.0,NORMAL,0.0,0.0,100,normal,YES,PASS,0.0,0.0,0.009,0.0,
13:27:53.310,1.0501,1.0041,1.0102,0.0,normal,0.0,normal,0.0,normal,0.0,NORMAL,0.1,0.0,100,normal,YES,PASS,0.0,0.0,0.02,0.0,
13:27:53.465,1.0273,1.0102,1.0082,0.0,normal,0.0,normal,0.0,normal,0.0,NORMAL,0.1,0.0,100,normal,YES,PASS,0.0,0.0,0.011,0.0,
13:27:53.610,1.0469,1.0018,1.0119,0.0,normal,0.0,normal,0.0,normal,0.0,NORMAL,0.1,0.0,100,normal,YES,PASS,0.0,0.0,0.019,0.0,
13:27:53.745,1.0079,1.005,1.0074,0.0,normal,0.0,normal,0.0,normal,0.0,NORMAL,0.0,0.0,100,normal,YES,PASS,0.0,0.0,0.003,0.0,
13:27:53.894,1.0131,1.0052,1.0229,0.0,normal,0.0,normal,0.0,normal,0.0,NORMAL,0.0,0.0,100,normal,YES,PASS,0.0,0.0,0.005,0.0,
13:27:54.043,1.0454,1.0036,1.0007,0.0,normal,0.0,normal,0.0,normal,0.0,NORMAL,0.1,0.0,100,normal,YES,PASS,0.0,0.0,0.018,0.0,
13:27:54.195,1.0091,1.0099,1.0039,0.0,normal,0.0,normal,0.0,normal,0.0,NORMAL,0.0,0.0,100,normal,YES,PASS,0.0,0.0,0.004,0.0,
13:27:54.343,1.0243,1.0122,1.0034,0.0,normal,0.0,normal,0.0,normal,0.0,NORMAL,0.0,0.0,100,normal,YES,PASS,0.0,0.0,0.01,0.0,
13:27:54.493,1.024,1.0003,1.0046,0.0,normal,0.0,normal,0.0,normal,0.0,NORMAL,0.0,0.0,100,normal,YES,PASS,0.0,0.0,0.01,0.0,
13:27:54.644,1.0452,1.0094,1.0026,0.0,normal,0.0,normal,0.0,normal,0.0,NORMAL,0.1,0.0,100,normal,YES,PASS,0.0,0.0,0.018,0.0,
13:27:54.810,1.0696,1.0013,1.0051,0.0,normal,0.0,normal,0.0,normal,0.0,NORMAL,0.1,0.0,100,normal,YES,PASS,0.0,0.0,0.028,0.0,
13:27:54.962,1.0364,1.0024,1.0,0.0,normal,0.0,normal,0.0,normal,0.0,NORMAL,0.1,0.0,100,normal,YES,PASS,0.0,0.0,0.015,0.0,
13:27:55.113,1.0584,1.0053,1.0094,0.0,normal,0.0,normal,0.0,normal,0.0,NORMAL,0.1,0.0,100,normal,YES,PASS,0.0,0.0,0.023,0.0,
13:27:55.260,1.0304,1.0119,1.0107,0.0,normal,0.0,normal,0.0,normal,0.0,NORMAL,0.1,0.0,100,normal,YES,PASS,0.0,0.0,0.012,0.0,
13:27:55.410,1.0087,1.003,1.0093,0.0,normal,0.0,normal,0.0,normal,0.0,NORMAL,0.0,0.0,100,normal,YES,PASS,0.0,0.0,0.003,0.0,
13:27:55.545,1.0483,1.0075,1.003,0.0,normal,0.0,normal,0.0,normal,0.0,NORMAL,0.1,0.0,100,normal,YES,PASS,0.0,0.0,0.019,0.0,
13:27:55.680,1.025,1.0111,1.0104,0.0,normal,0.0,normal,0.0,normal,0.0,NORMAL,0.0,0.0,100,normal,YES,PASS,0.0,0.0,0.01,0.0,
13:27:55.829,1.0242,1.0032,1.0051,0.0,normal,0.0,normal,0.0,normal,0.0,NORMAL,0.0,0.0,100,normal,YES,PASS,0.0,0.0,0.01,0.0,
13:27:55.963,1.0091,1.0042,1.0083,0.0,normal,0.0,normal,0.0,normal,0.0,NORMAL,0.0,0.0,100,normal,YES,PASS,0.0,0.0,0.004,0.0,
13:27:56.110,1.0531,1.01,1.0062,0.0,normal,0.0,normal,0.0,normal,0.0,NORMAL,0.1,0.0,100,normal,YES,PASS,0.0,0.0,0.021,0.0,
13:27:56.245,1.0272,1.0079,1.0124,0.0,normal,0.0,normal,0.0,normal,0.0,NORMAL,0.1,0.0,100,normal,YES,PASS,0.0,0.0,0.011,0.0,
13:27:56.394,1.02,1.0042,1.0004,0.0,normal,0.0,normal,0.0,normal,0.0,NORMAL,0.0,0.0,100,normal,YES,PASS,0.0,0.0,0.008,0.0,
13:27:56.543,1.0091,1.0081,1.0008,0.0,normal,0.0,normal,0.0,normal,0.0,NORMAL,0.0,0.0,100,normal,YES,PASS,0.0,0.0,0.004,0.0,
13:27:56.694,1.0312,1.0052,1.0094,0.0,normal,0.0,normal,0.0,normal,0.0,NORMAL,0.1,0.0,100,normal,YES,PASS,0.0,0.0,0.012,0.0,
13:27:56.843,1.018,1.0041,1.0045,0.0,normal,0.0,normal,0.0,normal,0.0,NORMAL,0.0,0.0,100,normal,YES,PASS,0.0,0.0,0.007,0.0,
13:27:56.979,1.0439,1.0081,1.0069,0.0,normal,0.0,normal,0.0,normal,0.0,NORMAL,0.1,0.0,100,normal,YES,PASS,0.0,0.0,0.018,0.0,
13:27:57.125,1.0204,1.0137,1.0068,0.0,normal,0.0,normal,0.0,normal,0.0,NORMAL,0.0,0.0,100,normal,YES,PASS,0.0,0.0,0.008,0.0,
13:27:57.277,1.0458,1.0117,1.0155,0.0,normal,0.0,normal,0.0,normal,0.0,NORMAL,0.1,0.0,100,normal,YES,PASS,0.0,0.0,0.018,0.0,
13:27:57.410,1.0552,1.007,1.0052,0.0,normal,0.0,normal,0.0,normal,0.0,NORMAL,0.1,0.0,100,normal,YES,PASS,0.0,0.0,0.022,0.0,
13:27:57.564,1.0083,1.0065,1.0012,0.0,normal,0.0,normal,0.0,normal,0.0,NORMAL,0.0,0.0,100,normal,YES,PASS,0.0,0.0,0.003,0.0,
13:27:57.709,1.0205,1.0064,1.0107,0.0,normal,0.0,normal,0.0,normal,0.0,NORMAL,0.0,0.0,100,normal,YES,PASS,0.0,0.0,0.008,0.0,
13:27:57.862,1.0523,1.0084,1.0028,0.0,normal,0.0,normal,0.0,normal,0.0,NORMAL,0.1,0.0,100,normal,YES,PASS,0.0,0.0,0.021,0.0,
13:27:58.010,1.0199,1.0055,1.0081,0.0,normal,0.0,normal,0.0,normal,0.0,NORMAL,0.0,0.0,100,normal,YES,PASS,0.0,0.0,0.008,0.0,
13:27:58.160,1.051,1.004,1.0049,0.0,normal,0.0,normal,0.0,normal,0.0,NORMAL,0.1,0.0,100,normal,YES,PASS,0.0,0.0,0.02,0.0,
13:27:58.310,1.0348,1.0058,1.0047,0.0,normal,0.0,normal,0.0,normal,0.0,NORMAL,0.1,0.0,100,normal,YES,PASS,0.0,0.0,0.014,0.0,
13:27:58.461,1.0286,1.006,1.009,0.0,normal,0.0,normal,0.0,normal,0.0,NORMAL,0.1,0.0,100,normal,YES,PASS,0.0,0.0,0.011,0.0,
13:27:58.610,1.0164,1.0035,1.0054,0.0,normal,0.0,normal,0.0,normal,0.0,NORMAL,0.0,0.0,100,normal,YES,PASS,0.0,0.0,0.007,0.0,
13:27:58.760,1.0228,1.0006,1.0041,0.0,normal,0.0,normal,0.0,normal,0.0,NORMAL,0.0,0.0,100,normal,YES,PASS,0.0,0.0,0.009,0.0,
13:27:58.916,1.0059,1.0035,1.0018,0.0,normal,0.0,normal,0.0,normal,0.0,NORMAL,0.0,0.0,100,normal,YES,PASS,0.0,0.0,0.002,0.0,
13:27:59.060,1.0073,1.001,1.0078,0.0,normal,0.0,normal,0.0,normal,0.0,NORMAL,0.0,0.0,100,normal,YES,PASS,0.0,0.0,0.003,0.0,
13:27:59.210,1.0245,1.0047,1.0038,0.0,normal,0.0,normal,0.0,normal,0.0,NORMAL,0.0,0.0,100,normal,YES,PASS,0.0,0.0,0.01,0.0,
13:27:59.360,1.0192,1.0052,1.0002,0.0,normal,0.0,normal,0.0,normal,0.0,NORMAL,0.0,0.0,100,normal,YES,PASS,0.0,0.0,0.008,0.0,
13:27:59.510,1.038,1.0018,1.0023,0.0,normal,0.0,normal,0.0,normal,0.0,NORMAL,0.1,0.0,100,normal,YES,PASS,0.0,0.0,0.015,0.0,
13:27:59.663,1.068,1.0052,1.0042,0.0,normal,0.0,normal,0.0,normal,0.0,NORMAL,0.1,0.0,100,normal,YES,PASS,0.0,0.0,0.027,0.0,
13:27:59.810,1.0456,1.0084,1.006,0.0,normal,0.0,normal,0.0,normal,0.0,NORMAL,0.1,0.0,100,normal,YES,PASS,0.0,0.0,0.018,0.0,
13:27:59.960,1.0252,1.0048,1.0031,0.0,normal,0.0,normal,0.0,normal,0.0,NORMAL,0.1,0.0,100,normal,YES,PASS,0.0,0.0,0.01,0.0,
13:28:00.093,1.0238,1.0006,1.0069,0.0,normal,0.0,normal,0.0,normal,0.0,NORMAL,0.0,0.0,100,normal,YES,PASS,0.0,0.0,0.01,0.0,
13:28:00.227,1.0354,1.0145,1.0084,0.0,normal,0.0,normal,0.0,normal,0.0,NORMAL,0.1,0.0,100,normal,YES,PASS,0.0,0.0,0.014,0.0,
13:28:00.378,1.0356,1.0033,1.0088,0.0,normal,0.0,normal,0.0,normal,0.0,NORMAL,0.1,0.0,100,normal,YES,PASS,0.0,0.0,0.014,0.0,
13:28:00.526,1.0038,1.0091,1.0093,0.0,normal,0.0,normal,0.0,normal,0.0,NORMAL,0.0,0.0,100,normal,YES,PASS,0.0,0.0,0.002,0.0,
13:28:00.660,1.0018,1.0087,1.002,0.0,normal,0.0,normal,0.0,normal,0.0,NORMAL,0.0,0.0,100,normal,YES,PASS,0.0,0.0,0.001,0.0,
13:28:00.810,1.0395,1.0063,1.0058,0.0,normal,0.0,normal,0.0,normal,0.0,NORMAL,0.1,0.0,100,normal,YES,PASS,0.0,0.0,0.016,0.0,
13:28:00.962,1.0399,1.0089,1.0048,0.0,normal,0.0,normal,0.0,normal,0.0,NORMAL,0.1,0.0,100,normal,YES,PASS,0.0,0.0,0.016,0.0,
13:28:01.113,1.0501,1.0145,1.0062,0.0,normal,0.0,normal,0.0,normal,0.0,NORMAL,0.1,0.0,100,normal,YES,PASS,0.0,0.0,0.02,0.0,
13:28:01.260,1.0607,1.0029,1.0028,0.0,normal,0.0,normal,0.0,normal,0.0,NORMAL,0.1,0.0,100,normal,YES,PASS,0.0,0.0,0.024,0.0,
13:28:01.410,1.0629,1.0027,1.0122,0.0,normal,0.0,normal,0.0,normal,0.0,NORMAL,0.1,0.0,100,normal,YES,PASS,0.0,0.0,0.025,0.0,
13:28:01.576,1.0137,1.0031,1.0093,0.0,normal,0.0,normal,0.0,normal,0.0,NORMAL,0.0,0.0,100,normal,YES,PASS,0.0,0.0,0.005,0.0,
13:28:01.726,1.0002,1.0026,1.0051,0.0,normal,0.0,normal,0.0,normal,0.0,NORMAL,0.0,0.0,100,normal,YES,PASS,0.0,0.0,0.0,0.0,
13:28:01.876,1.0478,1.0069,1.0086,0.0,normal,0.0,normal,0.0,normal,0.0,NORMAL,0.1,0.0,100,normal,YES,PASS,0.0,0.0,0.019,0.0,
13:28:02.028,1.057,1.0048,1.0057,0.0,normal,0.0,normal,0.0,normal,0.0,NORMAL,0.1,0.0,100,normal,YES,PASS,0.0,0.0,0.023,0.0,
13:28:02.178,1.0345,1.0084,1.0047,0.0,normal,0.0,normal,0.0,normal,0.0,NORMAL,0.1,0.0,100,normal,YES,PASS,0.0,0.0,0.014,0.0,
13:28:02.313,1.0603,1.0053,1.0019,0.0,normal,0.0,normal,0.0,normal,0.0,NORMAL,0.1,0.0,100,normal,YES,PASS,0.0,0.0,0.024,0.0,
13:28:02.460,1.0479,1.0033,1.0139,0.0,normal,0.0,normal,0.0,normal,0.0,NORMAL,0.1,0.0,100,normal,YES,PASS,0.0,0.0,0.019,0.0,
13:28:02.612,1.0127,1.0082,1.0027,0.0,normal,0.0,normal,0.0,normal,0.0,NORMAL,0.0,0.0,100,normal,YES,PASS,0.0,0.0,0.005,0.0,
13:28:02.760,1.0423,1.0078,1.001,0.0,normal,0.0,normal,0.0,normal,0.0,NORMAL,0.1,0.0,100,normal,YES,PASS,0.0,0.0,0.017,0.0,
13:28:02.913,1.0301,1.0051,1.0035,0.0,normal,0.0,normal,0.0,normal,0.0,NORMAL,0.1,0.0,100,normal,YES,PASS,0.0,0.0,0.012,0.0,
13:28:03.062,1.0395,1.0031,1.0031,0.0,normal,0.0,normal,0.0,normal,0.0,NORMAL,0.1,0.0,100,normal,YES,PASS,0.0,0.0,0.016,0.0,
13:28:03.195,1.0537,1.0031,1.0067,0.0,normal,0.0,normal,0.0,normal,0.0,NORMAL,0.1,0.0,100,normal,YES,PASS,0.0,0.0,0.021,0.0,
13:28:03.345,1.047,1.0004,1.0079,0.0,normal,0.0,normal,0.0,normal,0.0,NORMAL,0.1,0.0,100,normal,YES,PASS,0.0,0.0,0.019,0.0,
13:28:03.495,1.0302,1.0036,1.0156,0.0,normal,0.0,normal,0.0,normal,0.0,NORMAL,0.1,0.0,100,normal,YES,PASS,0.0,0.0,0.012,0.0,
13:28:03.643,1.0755,1.0048,1.0018,0.0,normal,0.0,normal,0.0,normal,0.0,NORMAL,0.2,0.0,100,normal,YES,PASS,0.0,0.0,0.03,0.0,
13:28:03.793,1.0319,1.0125,1.0059,0.0,normal,0.0,normal,0.0,normal,0.0,NORMAL,0.1,0.0,100,normal,YES,PASS,0.0,0.0,0.013,0.0,
13:28:03.943,1.0379,1.0023,1.0079,0.0,normal,0.0,normal,0.0,normal,0.0,NORMAL,0.1,0.0,100,normal,YES,PASS,0.0,0.0,0.015,0.0,
13:28:04.093,1.0069,1.0091,1.009,0.0,normal,0.0,normal,0.0,normal,0.0,NORMAL,0.0,0.0,100,normal,YES,PASS,0.0,0.0,0.003,0.0,
13:28:04.245,1.027,1.0015,1.008,0.0,normal,0.0,normal,0.0,normal,0.0,NORMAL,0.1,0.0,100,normal,YES,PASS,0.0,0.0,0.011,0.0,
13:28:04.394,1.0275,1.0054,1.0066,0.0,normal,0.0,normal,0.0,normal,0.0,NORMAL,0.1,0.0,100,normal,YES,PASS,0.0,0.0,0.011,0.0,
13:28:04.541,1.0164,1.0057,1.0013,0.0,normal,0.0,normal,0.0,normal,0.0,NORMAL,0.0,0.0,100,normal,YES,PASS,0.0,0.0,0.007,0.0,
13:28:04.695,1.0533,1.0117,1.0135,0.0,normal,0.0,normal,0.0,normal,0.0,NORMAL,0.1,0.0,100,normal,YES,PASS,0.0,0.0,0.021,0.0,
13:28:04.845,1.0526,1.0016,1.0022,0.0,normal,0.0,normal,0.0,normal,0.0,NORMAL,0.1,0.0,100,normal,YES,PASS,0.0,0.0,0.021,0.0,
13:28:04.993,1.0366,1.0094,1.0047,0.0,normal,0.0,normal,0.0,normal,0.0,NORMAL,0.1,0.0,100,normal,YES,PASS,0.0,0.0,0.015,0.0,
13:28:05.144,1.0158,1.0082,1.0094,0.0,normal,0.0,normal,0.0,normal,0.0,NORMAL,0.0,0.0,100,normal,YES,PASS,0.0,0.0,0.006,0.0,
13:28:05.295,1.0593,1.0023,1.0119,0.0,normal,0.0,normal,0.0,normal,0.0,NORMAL,0.1,0.0,100,normal,YES,PASS,0.0,0.0,0.024,0.0,
13:28:05.445,1.0337,1.0029,1.0118,0.0,normal,0.0,normal,0.0,normal,0.0,NORMAL,0.1,0.0,100,normal,YES,PASS,0.0,0.0,0.013,0.0,
13:28:05.593,1.0086,1.0123,1.0149,0.0,normal,0.0,normal,0.0,normal,0.0,NORMAL,0.0,0.0,100,normal,YES,PASS,0.0,0.0,0.003,0.0,
13:28:05.741,1.0177,1.0052,1.002,0.0,normal,0.0,normal,0.0,normal,0.0,NORMAL,0.0,0.0,100,normal,YES,PASS,0.0,0.0,0.007,0.0,
13:28:05.877,1.0067,1.0088,1.0077,0.0,normal,0.0,normal,0.0,normal,0.0,NORMAL,0.0,0.0,100,normal,YES,PASS,0.0,0.0,0.003,0.0,
13:28:06.026,1.0434,1.0083,1.0089,0.0,normal,0.0,normal,0.0,normal,0.0,NORMAL,0.1,0.0,100,normal,YES,PASS,0.0,0.0,0.017,0.0,
13:28:06.177,1.0201,1.0122,1.0024,0.0,normal,0.0,normal,0.0,normal,0.0,NORMAL,0.0,0.0,100,normal,YES,PASS,0.0,0.0,0.008,0.0,
13:28:06.326,1.0264,1.0046,1.0086,0.0,normal,0.0,normal,0.0,normal,0.0,NORMAL,0.1,0.0,100,normal,YES,PASS,0.0,0.0,0.011,0.0,
13:28:06.476,1.0367,1.0094,1.0124,0.0,normal,0.0,normal,0.0,normal,0.0,NORMAL,0.1,0.0,100,normal,YES,PASS,0.0,0.0,0.015,0.0,
13:28:06.628,1.0499,1.0109,1.0103,0.0,normal,0.0,normal,0.0,normal,0.0,NORMAL,0.1,0.0,100,normal,YES,PASS,0.0,0.0,0.02,0.0,
13:28:06.776,1.0273,1.0052,1.003,0.0,normal,0.0,normal,0.0,normal,0.0,NORMAL,0.1,0.0,100,normal,YES,PASS,0.0,0.0,0.011,0.0,
13:28:06.928,1.0676,1.0038,1.0108,0.0,normal,0.0,normal,0.0,normal,0.0,NORMAL,0.1,0.0,100,normal,YES,PASS,0.0,0.0,0.027,0.0,
13:28:07.077,1.0427,1.0052,1.0121,0.0,normal,0.0,normal,0.0,normal,0.0,NORMAL,0.1,0.0,100,normal,YES,PASS,0.0,0.0,0.017,0.0,
13:28:07.226,1.0445,1.0114,1.004,0.0,normal,0.0,normal,0.0,normal,0.0,NORMAL,0.1,0.0,100,normal,YES,PASS,0.0,0.0,0.018,0.0,
13:28:07.376,1.027,1.0149,1.0037,0.0,normal,0.0,normal,0.0,normal,0.0,NORMAL,0.1,0.0,100,normal,YES,PASS,0.0,0.0,0.011,0.0,
13:28:07.528,1.0395,1.0029,1.0015,0.0,normal,0.0,normal,0.0,normal,0.0,NORMAL,0.1,0.0,100,normal,YES,PASS,0.0,0.0,0.016,0.0,
13:28:07.676,1.0406,1.0089,1.0076,0.0,normal,0.0,normal,0.0,normal,0.0,NORMAL,0.1,0.0,100,normal,YES,PASS,0.0,0.0,0.016,0.0,
13:28:07.826,1.008,1.0044,1.0003,0.0,normal,0.0,normal,0.0,normal,0.0,NORMAL,0.0,0.0,100,normal,YES,PASS,0.0,0.0,0.003,0.0,
13:28:07.976,1.0041,1.0016,1.0082,0.0,normal,0.0,normal,0.0,normal,0.0,NORMAL,0.0,0.0,100,normal,YES,PASS,0.0,0.0,0.002,0.0,
13:28:08.126,1.022,1.0093,1.0124,0.0,normal,0.0,normal,0.0,normal,0.0,NORMAL,0.0,0.0,100,normal,YES,PASS,0.0,0.0,0.009,0.0,
13:28:08.276,1.0229,1.0096,1.0094,0.0,normal,0.0,normal,0.0,normal,0.0,NORMAL,0.0,0.0,100,normal,YES,PASS,0.0,0.0,0.009,0.0,
13:28:08.429,1.0231,1.002,1.009,0.0,normal,0.0,normal,0.0,normal,0.0,NORMAL,0.0,0.0,100,normal,YES,PASS,0.0,0.0,0.009,0.0,
13:28:08.577,1.0443,1.013,1.0089,0.0,normal,0.0,normal,0.0,normal,0.0,NORMAL,0.1,0.0,100,normal,YES,PASS,0.0,0.0,0.018,0.0,
13:28:08.725,1.0495,1.0085,1.0066,0.0,normal,0.0,normal,0.0,normal,0.0,NORMAL,0.1,0.0,100,normal,YES,PASS,0.0,0.0,0.02,0.0,
13:28:08.876,1.0346,1.0082,1.0072,0.0,normal,0.0,normal,0.0,normal,0.0,NORMAL,0.1,0.0,100,normal,YES,PASS,0.0,0.0,0.014,0.0,
13:28:09.012,1.0008,1.0043,1.0077,0.0,normal,0.0,normal,0.0,normal,0.0,NORMAL,0.0,0.0,100,normal,YES,PASS,0.0,0.0,0.0,0.0,
13:28:09.144,1.0221,1.0064,1.012,0.0,normal,0.0,normal,0.0,normal,0.0,NORMAL,0.0,0.0,100,normal,YES,PASS,0.0,0.0,0.009,0.0,
13:28:09.293,1.0699,1.0065,1.0102,0.0,normal,0.0,normal,0.0,normal,0.0,NORMAL,0.1,0.0,100,normal,YES,PASS,0.0,0.0,0.028,0.0,
13:28:09.445,1.0217,1.0046,1.0038,0.0,normal,0.0,normal,0.0,normal,0.0,NORMAL,0.0,0.0,100,normal,YES,PASS,0.0,0.0,0.009,0.0,
13:28:09.627,1.0471,1.0116,1.0139,0.0,normal,0.0,normal,0.0,normal,0.0,NORMAL,0.1,0.0,100,normal,YES,PASS,0.0,0.0,0.019,0.0,
13:28:09.776,1.0509,1.0011,1.0077,0.0,normal,0.0,normal,0.0,normal,0.0,NORMAL,0.1,0.0,100,normal,YES,PASS,0.0,0.0,0.02,0.0,
13:28:09.912,1.0592,1.0014,1.0012,0.0,normal,0.0,normal,0.0,normal,0.0,NORMAL,0.1,0.0,100,normal,YES,PASS,0.0,0.0,0.024,0.0,
13:28:10.059,1.0407,1.0024,1.0136,0.0,normal,0.0,normal,0.0,normal,0.0,NORMAL,0.1,0.0,100,normal,YES,PASS,0.0,0.0,0.016,0.0,
13:28:10.196,1.0439,1.0013,1.0113,0.0,normal,0.0,normal,0.0,normal,0.0,NORMAL,0.1,0.0,100,normal,YES,PASS,0.0,0.0,0.018,0.0,
13:28:10.343,1.0037,1.0071,1.0126,0.0,normal,0.0,normal,0.0,normal,0.0,NORMAL,0.0,0.0,100,normal,YES,PASS,0.0,0.0,0.001,0.0,
13:28:10.493,1.0125,1.0071,1.0111,0.0,normal,0.0,normal,0.0,normal,0.0,NORMAL,0.0,0.0,100,normal,YES,PASS,0.0,0.0,0.005,0.0,
13:28:10.642,1.0377,1.004,1.013,0.0,normal,0.0,normal,0.0,normal,0.0,NORMAL,0.1,0.0,100,normal,YES,PASS,0.0,0.0,0.015,0.0,
13:28:10.793,1.0047,1.0016,1.0034,0.0,normal,0.0,normal,0.0,normal,0.0,NORMAL,0.0,0.0,100,normal,YES,PASS,0.0,0.0,0.002,0.0,
13:28:10.945,1.0282,1.0042,1.0041,0.0,normal,0.0,normal,0.0,normal,0.0,NORMAL,0.1,0.0,100,normal,YES,PASS,0.0,0.0,0.011,0.0,
13:28:11.079,1.0242,1.0115,1.0127,0.0,normal,0.0,normal,0.0,normal,0.0,NORMAL,0.0,0.0,100,normal,YES,PASS,0.0,0.0,0.01,0.0,
13:28:11.226,1.0525,1.0013,1.0066,0.0,normal,0.0,normal,0.0,normal,0.0,NORMAL,0.1,0.0,100,normal,YES,PASS,0.0,0.0,0.021,0.0,
13:28:11.377,1.0029,1.0008,1.0056,0.0,normal,0.0,normal,0.0,normal,0.0,NORMAL,0.0,0.0,100,normal,YES,PASS,0.0,0.0,0.001,0.0,
13:28:11.526,1.0422,1.0056,1.0003,0.0,normal,0.0,normal,0.0,normal,0.0,NORMAL,0.1,0.0,100,normal,YES,PASS,0.0,0.0,0.017,0.0,
13:28:11.676,1.0178,1.0117,1.0036,0.0,normal,0.0,normal,0.0,normal,0.0,NORMAL,0.0,0.0,100,normal,YES,PASS,0.0,0.0,0.007,0.0,
13:28:11.826,1.0116,1.0091,1.0088,0.0,normal,0.0,normal,0.0,normal,0.0,NORMAL,0.0,0.0,100,normal,YES,PASS,0.0,0.0,0.005,0.0,
13:28:11.962,1.0506,1.0072,1.0033,0.0,normal,0.0,normal,0.0,normal,0.0,NORMAL,0.1,0.0,100,normal,YES,PASS,0.0,0.0,0.02,0.0,
13:28:12.109,1.0245,1.0126,1.0107,0.0,normal,0.0,normal,0.0,normal,0.0,NORMAL,0.0,0.0,100,normal,YES,PASS,0.0,0.0,0.01,0.0,
13:28:12.261,1.013,1.01,1.0154,0.0,normal,0.0,normal,0.0,normal,0.0,NORMAL,0.0,0.0,100,normal,YES,PASS,0.0,0.0,0.005,0.0,
13:28:12.409,1.0004,1.0034,1.0094,0.0,normal,0.0,normal,0.0,normal,0.0,NORMAL,0.0,0.0,100,normal,YES,PASS,0.0,0.0,0.0,0.0,
13:28:12.561,1.0342,1.0048,1.0038,0.0,normal,0.0,normal,0.0,normal,0.0,NORMAL,0.1,0.0,100,normal,YES,PASS,0.0,0.0,0.014,0.0,
13:28:12.709,1.0144,1.005,1.0059,0.0,normal,0.0,normal,0.0,normal,0.0,NORMAL,0.0,0.0,100,normal,YES,PASS,0.0,0.0,0.006,0.0,
13:28:12.859,1.0102,1.0129,1.0102,0.0,normal,0.0,normal,0.0,normal,0.0,NORMAL,0.0,0.0,100,normal,YES,PASS,0.0,0.0,0.004,0.0,
13:28:13.009,1.0154,1.0057,1.0057,0.0,normal,0.0,normal,0.0,normal,0.0,NORMAL,0.0,0.0,100,normal,YES,PASS,0.0,0.0,0.006,0.0,
13:28:13.159,1.0224,1.0031,1.0035,0.0,normal,0.0,normal,0.0,normal,0.0,NORMAL,0.0,0.0,100,normal,YES,PASS,0.0,0.0,0.009,0.0,
13:28:13.295,1.0524,1.0004,1.0063,0.0,normal,0.0,normal,0.0,normal,0.0,NORMAL,0.1,0.0,100,normal,YES,PASS,0.0,0.0,0.021,0.0,
13:28:13.442,1.0443,1.0077,1.0022,0.0,normal,0.0,normal,0.0,normal,0.0,NORMAL,0.1,0.0,100,normal,YES,PASS,0.0,0.0,0.018,0.0,
13:28:13.579,1.0077,1.0055,1.0099,0.0,normal,0.0,normal,0.0,normal,0.0,NORMAL,0.0,0.0,100,normal,YES,PASS,0.0,0.0,0.003,0.0,
13:28:13.726,1.0012,1.0085,1.0043,0.0,normal,0.0,normal,0.0,normal,0.0,NORMAL,0.0,0.0,100,normal,YES,PASS,0.0,0.0,0.0,0.0,
13:28:13.861,1.0121,1.0095,1.0018,0.0,normal,0.0,normal,0.0,normal,0.0,NORMAL,0.0,0.0,100,normal,YES,PASS,0.0,0.0,0.005,0.0,
13:28:14.009,1.0494,1.0038,1.0131,0.0,normal,0.0,normal,0.0,normal,0.0,NORMAL,0.1,0.0,100,normal,YES,PASS,0.0,0.0,0.02,0.0,
13:28:14.143,1.0379,1.0066,1.002,0.0,normal,0.0,normal,0.0,normal,0.0,NORMAL,0.1,0.0,100,normal,YES,PASS,0.0,0.0,0.015,0.0,
13:28:14.292,1.0508,1.0121,1.0005,0.0,normal,0.0,normal,0.0,normal,0.0,NORMAL,0.1,0.0,100,normal,YES,PASS,0.0,0.0,0.02,0.0,
13:28:14.442,1.0063,1.0051,1.0007,0.0,normal,0.0,normal,0.0,normal,0.0,NORMAL,0.0,0.0,100,normal,YES,PASS,0.0,0.0,0.003,0.0,
13:28:14.577,1.0354,1.0084,1.0007,0.0,normal,0.0,normal,0.0,normal,0.0,NORMAL,0.1,0.0,100,normal,YES,PASS,0.0,0.0,0.014,0.0,
13:28:14.726,1.0172,1.0039,1.0069,0.0,normal,0.0,normal,0.0,normal,0.0,NORMAL,0.0,0.0,100,normal,YES,PASS,0.0,0.0,0.007,0.0,
13:28:14.877,1.0303,1.0133,1.0018,0.0,normal,0.0,normal,0.0,normal,0.0,NORMAL,0.1,0.0,100,normal,YES,PASS,0.0,0.0,0.012,0.0,
13:28:15.026,1.0641,1.0109,1.0078,0.0,normal,0.0,normal,0.0,normal,0.0,NORMAL,0.1,0.0,100,normal,YES,PASS,0.0,0.0,0.026,0.0,
13:28:15.162,1.022,1.0045,1.0029,0.0,normal,0.0,normal,0.0,normal,0.0,NORMAL,0.0,0.0,100,normal,YES,PASS,0.0,0.0,0.009,0.0,
13:28:15.310,1.0471,1.0008,1.0048,0.0,normal,0.0,normal,0.0,normal,0.0,NORMAL,0.1,0.0,100,normal,YES,PASS,0.0,0.0,0.019,0.0,
13:28:15.459,1.013,1.003,1.0068,0.0,normal,0.0,normal,0.0,normal,0.0,NORMAL,0.0,0.0,100,normal,YES,PASS,0.0,0.0,0.005,0.0,
13:28:15.609,1.0334,1.0066,1.0139,0.0,normal,0.0,normal,0.0,normal,0.0,NORMAL,0.1,0.0,100,normal,YES,PASS,0.0,0.0,0.013,0.0,
13:28:15.746,1.0488,1.0162,1.0016,0.0,normal,0.0,normal,0.0,normal,0.0,NORMAL,0.1,0.0,100,normal,YES,PASS,0.0,0.0,0.02,0.0,
13:28:15.892,1.0052,1.0059,1.0005,0.0,normal,0.0,normal,0.0,normal,0.0,NORMAL,0.0,0.0,100,normal,YES,PASS,0.0,0.0,0.002,0.0,
13:28:16.042,1.0225,1.0074,1.0105,0.0,normal,0.0,normal,0.0,normal,0.0,NORMAL,0.0,0.0,100,normal,YES,PASS,0.0,0.0,0.009,0.0,
13:28:16.192,1.0473,1.0016,1.0053,0.0,normal,0.0,normal,0.0,normal,0.0,NORMAL,0.1,0.0,100,normal,YES,PASS,0.0,0.0,0.019,0.0,
13:28:16.344,1.0236,1.0095,1.0115,0.0,normal,0.0,normal,0.0,normal,0.0,NORMAL,0.0,0.0,100,normal,YES,PASS,0.0,0.0,0.009,0.0,
13:28:16.492,1.0224,1.0065,1.002,0.0,normal,0.0,normal,0.0,normal,0.0,NORMAL,0.0,0.0,100,normal,YES,PASS,0.0,0.0,0.009,0.0,
13:28:16.648,1.0278,1.0077,1.0013,0.0,normal,0.0,normal,0.0,normal,0.0,NORMAL,0.1,0.0,100,normal,YES,PASS,0.0,0.0,0.011,0.0,
13:28:16.793,1.0392,1.0182,1.0079,0.0,normal,0.0,normal,0.0,normal,0.0,NORMAL,0.1,0.0,100,normal,YES,PASS,0.0,0.0,0.016,0.0,
13:28:16.943,1.0156,1.0033,1.0062,0.0,normal,0.0,normal,0.0,normal,0.0,NORMAL,0.0,0.0,100,normal,YES,PASS,0.0,0.0,0.006,0.0,
13:28:17.092,1.0184,1.0037,1.0072,0.0,normal,0.0,normal,0.0,normal,0.0,NORMAL,0.0,0.0,100,normal,YES,PASS,0.0,0.0,0.007,0.0,
13:28:17.241,1.003,1.0085,1.0048,0.0,normal,0.0,normal,0.0,normal,0.0,NORMAL,0.0,0.0,100,normal,YES,PASS,0.0,0.0,0.001,0.0,
13:28:17.378,1.0159,1.0051,1.0135,0.0,normal,0.0,normal,0.0,normal,0.0,NORMAL,0.0,0.0,100,normal,YES,PASS,0.0,0.0,0.006,0.0,
13:28:17.525,1.036,1.0106,1.0056,0.0,normal,0.0,normal,0.0,normal,0.0,NORMAL,0.1,0.0,100,normal,YES,PASS,0.0,0.0,0.014,0.0,
13:28:17.662,1.0313,1.0046,1.0077,0.0,normal,0.0,normal,0.0,normal,0.0,NORMAL,0.1,0.0,100,normal,YES,PASS,0.0,0.0,0.013,0.0,
13:28:17.810,1.013,1.0112,1.0025,0.0,normal,0.0,normal,0.0,normal,0.0,NORMAL,0.0,0.0,100,normal,YES,PASS,0.0,0.0,0.005,0.0,
13:28:17.961,1.0278,1.0054,1.0063,0.0,normal,0.0,normal,0.0,normal,0.0,NORMAL,0.1,0.0,100,normal,YES,PASS,0.0,0.0,0.011,0.0,
13:28:18.093,1.0231,1.0018,1.0136,0.0,normal,0.0,normal,0.0,normal,0.0,NORMAL,0.0,0.0,100,normal,YES,PASS,0.0,0.0,0.009,0.0,
13:28:18.242,1.005,1.0106,1.001,0.0,normal,0.0,normal,0.0,normal,0.0,NORMAL,0.0,0.0,100,normal,YES,PASS,0.0,0.0,0.002,0.0,
13:28:18.392,1.0114,1.005,1.0029,0.0,normal,0.0,normal,0.0,normal,0.0,NORMAL,0.0,0.0,100,normal,YES,PASS,0.0,0.0,0.005,0.0,
13:28:18.542,1.0235,1.0004,1.0115,0.0,normal,0.0,normal,0.0,normal,0.0,NORMAL,0.0,0.0,100,normal,YES,PASS,0.0,0.0,0.009,0.0,
13:28:18.694,1.0501,1.0001,1.0005,0.0,normal,0.0,normal,0.0,normal,0.0,NORMAL,0.1,0.0,100,normal,YES,PASS,0.0,0.0,0.02,0.0,
13:28:18.842,1.0558,1.0049,1.0124,0.0,normal,0.0,normal,0.0,normal,0.0,NORMAL,0.1,0.0,100,normal,YES,PASS,0.0,0.0,0.022,0.0,
13:28:18.993,1.0187,1.0044,1.0007,0.0,normal,0.0,normal,0.0,normal,0.0,NORMAL,0.0,0.0,100,normal,YES,PASS,0.0,0.0,0.007,0.0,
13:28:19.142,1.0203,1.01,1.0019,0.0,normal,0.0,normal,0.0,normal,0.0,NORMAL,0.0,0.0,100,normal,YES,PASS,0.0,0.0,0.008,0.0,
13:28:19.292,1.0201,1.0038,1.0059,0.0,normal,0.0,normal,0.0,normal,0.0,NORMAL,0.0,0.0,100,normal,YES,PASS,0.0,0.0,0.008,0.0,
13:28:19.442,1.0086,1.0132,1.0084,0.0,normal,0.0,normal,0.0,normal,0.0,NORMAL,0.0,0.0,100,normal,YES,PASS,0.0,0.0,0.003,0.0,
13:28:19.592,1.0226,1.0112,1.0039,0.0,normal,0.0,normal,0.0,normal,0.0,NORMAL,0.0,0.0,100,normal,YES,PASS,0.0,0.0,0.009,0.0,
13:28:19.742,1.0258,1.0001,1.0071,0.0,normal,0.0,normal,0.0,normal,0.0,NORMAL,0.1,0.0,100,normal,YES,PASS,0.0,0.0,0.01,0.0,
13:28:19.892,1.0298,1.0053,1.0087,0.0,normal,0.0,normal,0.0,normal,0.0,NORMAL,0.1,0.0,100,normal,YES,PASS,0.0,0.0,0.012,0.0,
13:28:20.042,1.0597,1.0063,1.0005,0.0,normal,0.0,normal,0.0,normal,0.0,NORMAL,0.1,0.0,100,normal,YES,PASS,0.0,0.0,0.024,0.0,
13:28:20.192,1.0106,1.0009,1.0028,0.0,normal,0.0,normal,0.0,normal,0.0,NORMAL,0.0,0.0,100,normal,YES,PASS,0.0,0.0,0.004,0.0,
13:28:20.340,1.0025,1.011,1.0066,0.0,normal,0.0,normal,0.0,normal,0.0,NORMAL,0.0,0.0,100,normal,YES,PASS,0.0,0.0,0.001,0.0,
13:28:20.475,1.044,1.0069,1.0052,0.0,normal,0.0,normal,0.0,normal,0.0,NORMAL,0.1,0.0,100,normal,YES,PASS,0.0,0.0,0.018,0.0,
13:28:20.626,1.0561,1.013,1.0008,0.0,normal,0.0,normal,0.0,normal,0.0,NORMAL,0.1,0.0,100,normal,YES,PASS,0.0,0.0,0.022,0.0,
13:28:20.775,1.0587,1.0055,1.001,0.0,normal,0.0,normal,0.0,normal,0.0,NORMAL,0.1,0.0,100,normal,YES,PASS,0.0,0.0,0.023,0.0,
13:28:20.926,1.0335,1.0121,1.0061,0.0,normal,0.0,normal,0.0,normal,0.0,NORMAL,0.1,0.0,100,normal,YES,PASS,0.0,0.0,0.013,0.0,
13:28:21.075,1.0294,1.0032,1.0003,0.0,normal,0.0,normal,0.0,normal,0.0,NORMAL,0.1,0.0,100,normal,YES,PASS,0.0,0.0,0.012,0.0,
13:28:21.212,1.0651,1.0031,1.0017,0.0,normal,0.0,normal,0.0,normal,0.0,NORMAL,0.1,0.0,100,normal,YES,PASS,0.0,0.0,0.026,0.0,
13:28:21.361,1.0289,1.0092,1.0121,0.0,normal,0.0,normal,0.0,normal,0.0,NORMAL,0.1,0.0,100,normal,YES,PASS,0.0,0.0,0.012,0.0,
13:28:21.510,1.0114,1.0062,1.0027,0.0,normal,0.0,normal,0.0,normal,0.0,NORMAL,0.0,0.0,100,normal,YES,PASS,0.0,0.0,0.005,0.0,
13:28:21.658,1.0456,1.0071,1.0085,0.0,normal,0.0,normal,0.0,normal,0.0,NORMAL,0.1,0.0,100,normal,YES,PASS,0.0,0.0,0.018,0.0,
13:28:21.811,1.0411,1.008,1.0007,0.0,normal,0.0,normal,0.0,normal,0.0,NORMAL,0.1,0.0,100,normal,YES,PASS,0.0,0.0,0.016,0.0,
13:28:21.961,1.0769,1.0083,1.0014,0.0,normal,0.0,normal,0.0,normal,0.0,NORMAL,0.2,0.0,100,normal,YES,PASS,0.0,0.0,0.031,0.0,
13:28:22.109,1.0226,1.0076,1.01,0.0,normal,0.0,normal,0.0,normal,0.0,NORMAL,0.0,0.0,100,normal,YES,PASS,0.0,0.0,0.009,0.0,
13:28:22.246,1.0509,1.0088,1.0037,0.0,normal,0.0,normal,0.0,normal,0.0,NORMAL,0.1,0.0,100,normal,YES,PASS,0.0,0.0,0.02,0.0,
13:28:22.392,1.053,1.0116,1.013,0.0,normal,0.0,normal,0.0,normal,0.0,NORMAL,0.1,0.0,100,normal,YES,PASS,0.0,0.0,0.021,0.0,
13:28:22.526,1.0197,1.0116,1.0008,0.0,normal,0.0,normal,0.0,normal,0.0,NORMAL,0.0,0.0,100,normal,YES,PASS,0.0,0.0,0.008,0.0,
13:28:22.661,1.016,1.0004,1.0035,0.0,normal,0.0,normal,0.0,normal,0.0,NORMAL,0.0,0.0,100,normal,YES,PASS,0.0,0.0,0.006,0.0,
13:28:22.811,1.0048,1.0085,1.0106,0.0,normal,0.0,normal,0.0,normal,0.0,NORMAL,0.0,0.0,100,normal,YES,PASS,0.0,0.0,0.002,0.0,
13:28:22.961,1.0082,1.0076,1.01,0.0,normal,0.0,normal,0.0,normal,0.0,NORMAL,0.0,0.0,100,normal,YES,PASS,0.0,0.0,0.003,0.0,
13:28:23.111,1.0049,1.0121,1.0096,0.0,normal,0.0,normal,0.0,normal,0.0,NORMAL,0.0,0.0,100,normal,YES,PASS,0.0,0.0,0.002,0.0,
13:28:23.260,1.0538,1.0063,1.0063,0.0,normal,0.0,normal,0.0,normal,0.0,NORMAL,0.1,0.0,100,normal,YES,PASS,0.0,0.0,0.022,0.0,
13:28:23.411,1.0517,1.0082,1.0048,0.0,normal,0.0,normal,0.0,normal,0.0,NORMAL,0.1,0.0,100,normal,YES,PASS,0.0,0.0,0.021,0.0,
13:28:23.559,1.0466,1.0101,1.0109,0.0,normal,0.0,normal,0.0,normal,0.0,NORMAL,0.1,0.0,100,normal,YES,PASS,0.0,0.0,0.019,0.0,
13:28:23.712,1.036,1.0111,1.005,0.0,normal,0.0,normal,0.0,normal,0.0,NORMAL,0.1,0.0,100,normal,YES,PASS,0.0,0.0,0.014,0.0,
13:28:23.861,1.0148,1.0089,1.0038,0.0,normal,0.0,normal,0.0,normal,0.0,NORMAL,0.0,0.0,100,normal,YES,PASS,0.0,0.0,0.006,0.0,
13:28:24.008,1.0062,1.0019,1.0089,0.0,normal,0.0,normal,0.0,normal,0.0,NORMAL,0.0,0.0,100,normal,YES,PASS,0.0,0.0,0.002,0.0,
13:28:24.159,1.0691,1.0074,1.0061,0.0,normal,0.0,normal,0.0,normal,0.0,NORMAL,0.1,0.0,100,normal,YES,PASS,0.0,0.0,0.028,0.0,
13:28:24.308,1.0371,1.0053,1.0179,0.0,normal,0.0,normal,0.0,normal,0.0,NORMAL,0.1,0.0,100,normal,YES,PASS,0.0,0.0,0.015,0.0,
13:28:24.444,1.0008,1.0043,1.0043,0.0,normal,0.0,normal,0.0,normal,0.0,NORMAL,0.0,0.0,100,normal,YES,PASS,0.0,0.0,0.0,0.0,
13:28:24.594,1.0359,1.0085,1.0018,0.0,normal,0.0,normal,0.0,normal,0.0,NORMAL,0.1,0.0,100,normal,YES,PASS,0.0,0.0,0.014,0.0,
13:28:24.742,1.0475,1.0057,1.0012,0.0,normal,0.0,normal,0.0,normal,0.0,NORMAL,0.1,0.0,100,normal,YES,PASS,0.0,0.0,0.019,0.0,
13:28:24.894,1.038,1.0036,1.0024,0.0,normal,0.0,normal,0.0,normal,0.0,NORMAL,0.1,0.0,100,normal,YES,PASS,0.0,0.0,0.015,0.0,
13:28:25.043,1.0011,1.0034,1.0095,0.0,normal,0.0,normal,0.0,normal,0.0,NORMAL,0.0,0.0,100,normal,YES,PASS,0.0,0.0,0.0,0.0,
13:28:25.208,1.0006,1.0033,1.0089,0.0,normal,0.0,normal,0.0,normal,0.0,NORMAL,0.0,0.0,100,normal,YES,PASS,0.0,0.0,0.0,0.0,
13:28:25.358,1.063,1.0024,1.008,0.0,normal,0.0,normal,0.0,normal,0.0,NORMAL,0.1,0.0,100,normal,YES,PASS,0.0,0.0,0.025,0.0,
13:28:25.508,1.0341,1.0014,1.0035,0.0,normal,0.0,normal,0.0,normal,0.0,NORMAL,0.1,0.0,100,normal,YES,PASS,0.0,0.0,0.014,0.0,
13:28:25.658,1.0358,1.0026,1.0101,0.0,normal,0.0,normal,0.0,normal,0.0,NORMAL,0.1,0.0,100,normal,YES,PASS,0.0,0.0,0.014,0.0,
13:28:25.811,1.0534,1.0036,1.0089,0.0,normal,0.0,normal,0.0,normal,0.0,NORMAL,0.1,0.0,100,normal,YES,PASS,0.0,0.0,0.021,0.0,
13:28:25.959,1.0426,1.0103,1.0096,0.0,normal,0.0,normal,0.0,normal,0.0,NORMAL,0.1,0.0,100,normal,YES,PASS,0.0,0.0,0.017,0.0,
13:28:26.111,1.0166,1.0065,1.002,0.0,normal,0.0,normal,0.0,normal,0.0,NORMAL,0.0,0.0,100,normal,YES,PASS,0.0,0.0,0.007,0.0,
13:28:26.258,1.0413,1.0064,1.0109,0.0,normal,0.0,normal,0.0,normal,0.0,NORMAL,0.1,0.0,100,normal,YES,PASS,0.0,0.0,0.017,0.0,
13:28:26.396,1.0004,1.0014,1.0026,0.0,normal,0.0,normal,0.0,normal,0.0,NORMAL,0.0,0.0,100,normal,YES,PASS,0.0,0.0,0.0,0.0,
13:28:26.543,1.0192,1.0086,1.0089,0.0,normal,0.0,normal,0.0,normal,0.0,NORMAL,0.0,0.0,100,normal,YES,PASS,0.0,0.0,0.008,0.0,
13:28:26.692,1.0331,1.0124,1.0064,0.0,normal,0.0,normal,0.0,normal,0.0,NORMAL,0.1,0.0,100,normal,YES,PASS,0.0,0.0,0.013,0.0,
13:28:26.842,1.0384,1.012,1.002,0.0,normal,0.0,normal,0.0,normal,0.0,NORMAL,0.1,0.0,100,normal,YES,PASS,0.0,0.0,0.015,0.0,
13:28:26.992,1.0055,1.0039,1.0107,0.0,normal,0.0,normal,0.0,normal,0.0,NORMAL,0.0,0.0,100,normal,YES,PASS,0.0,0.0,0.002,0.0,
13:28:27.143,1.0139,1.002,1.0033,0.0,normal,0.0,normal,0.0,normal,0.0,NORMAL,0.0,0.0,100,normal,YES,PASS,0.0,0.0,0.006,0.0,
13:28:27.277,1.0311,1.0088,1.0132,0.0,normal,0.0,normal,0.0,normal,0.0,NORMAL,0.1,0.0,100,normal,YES,PASS,0.0,0.0,0.012,0.0,
13:28:27.425,1.009,1.0123,1.0009,0.0,normal,0.0,normal,0.0,normal,0.0,NORMAL,0.0,0.0,100,normal,YES,PASS,0.0,0.0,0.004,0.0,
13:28:27.592,1.0228,1.0061,1.0026,0.0,normal,0.0,normal,0.0,normal,0.0,NORMAL,0.0,0.0,100,normal,YES,PASS,0.0,0.0,0.009,0.0,
13:28:27.742,1.0143,1.0075,1.0083,0.0,normal,0.0,normal,0.0,normal,0.0,NORMAL,0.0,0.0,100,normal,YES,PASS,0.0,0.0,0.006,0.0,
13:28:27.892,1.0188,1.013,1.007,0.0,normal,0.0,normal,0.0,normal,0.0,NORMAL,0.0,0.0,100,normal,YES,PASS,0.0,0.0,0.008,0.0,
13:28:28.041,1.0684,1.0083,1.005,0.0,normal,0.0,normal,0.0,normal,0.0,NORMAL,0.1,0.0,100,normal,YES,PASS,0.0,0.0,0.027,0.0,
13:28:28.193,1.0127,1.0042,1.0122,0.0,normal,0.0,normal,0.0,normal,0.0,NORMAL,0.0,0.0,100,normal,YES,PASS,0.0,0.0,0.005,0.0,
13:28:28.342,1.018,1.0049,1.008,0.0,normal,0.0,normal,0.0,normal,0.0,NORMAL,0.0,0.0,100,normal,YES,PASS,0.0,0.0,0.007,0.0,
13:28:28.477,1.002,1.0075,1.0004,0.0,normal,0.0,normal,0.0,normal,0.0,NORMAL,0.0,0.0,100,normal,YES,PASS,0.0,0.0,0.001,0.0,
13:28:28.627,1.0211,1.0121,1.0033,0.0,normal,0.0,normal,0.0,normal,0.0,NORMAL,0.0,0.0,100,normal,YES,PASS,0.0,0.0,0.008,0.0,
13:28:28.776,1.0326,1.0003,1.0006,0.0,normal,0.0,normal,0.0,normal,0.0,NORMAL,0.1,0.0,100,normal,YES,PASS,0.0,0.0,0.013,0.0,
13:28:28.926,1.0568,1.0074,1.0102,0.0,normal,0.0,normal,0.0,normal,0.0,NORMAL,0.1,0.0,100,normal,YES,PASS,0.0,0.0,0.023,0.0,
13:28:29.075,1.0652,1.0123,1.004,0.0,normal,0.0,normal,0.0,normal,0.0,NORMAL,0.1,0.0,100,normal,YES,PASS,0.0,0.0,0.026,0.0,
13:28:29.225,1.0362,1.0099,1.0035,0.0,normal,0.0,normal,0.0,normal,0.0,NORMAL,0.1,0.0,100,normal,YES,PASS,0.0,0.0,0.014,0.0,
13:28:29.359,1.0472,1.003,1.0109,0.0,normal,0.0,normal,0.0,normal,0.0,NORMAL,0.1,0.0,100,normal,YES,PASS,0.0,0.0,0.019,0.0,
13:28:29.508,1.0185,1.0157,1.0103,0.0,normal,0.0,normal,0.0,normal,0.0,NORMAL,0.0,0.0,100,normal,YES,PASS,0.0,0.0,0.007,0.0,
13:28:29.642,1.0461,1.0046,1.0062,0.0,normal,0.0,normal,0.0,normal,0.0,NORMAL,0.1,0.0,100,normal,YES,PASS,0.0,0.0,0.018,0.0,
13:28:29.792,1.0564,1.0077,1.0112,0.0,normal,0.0,normal,0.0,normal,0.0,NORMAL,0.1,0.0,100,normal,YES,PASS,0.0,0.0,0.023,0.0,
13:28:29.925,1.0167,1.0069,1.0099,0.0,normal,0.0,normal,0.0,normal,0.0,NORMAL,0.0,0.0,100,normal,YES,PASS,0.0,0.0,0.007,0.0,
13:28:30.062,1.0149,1.0067,1.0021,0.0,normal,0.0,normal,0.0,normal,0.0,NORMAL,0.0,0.0,100,normal,YES,PASS,0.0,0.0,0.006,0.0,
13:28:30.208,1.039,1.0055,1.0017,0.0,normal,0.0,normal,0.0,normal,0.0,NORMAL,0.1,0.0,100,normal,YES,PASS,0.0,0.0,0.016,0.0,
13:28:30.359,1.0479,1.0068,1.0022,0.0,normal,0.0,normal,0.0,normal,0.0,NORMAL,0.1,0.0,100,normal,YES,PASS,0.0,0.0,0.019,0.0,
13:28:30.507,1.0218,1.0005,1.0068,0.0,normal,0.0,normal,0.0,normal,0.0,NORMAL,0.0,0.0,100,normal,YES,PASS,0.0,0.0,0.009,0.0,
13:28:30.661,1.0197,1.0108,1.0121,0.0,normal,0.0,normal,0.0,normal,0.0,NORMAL,0.0,0.0,100,normal,YES,PASS,0.0,0.0,0.008,0.0,
13:28:30.808,1.0431,1.0132,1.0046,0.0,normal,0.0,normal,0.0,normal,0.0,NORMAL,0.1,0.0,100,normal,YES,PASS,0.0,0.0,0.017,0.0,
13:28:30.960,1.0659,1.0091,1.0106,0.0,normal,0.0,normal,0.0,normal,0.0,NORMAL,0.1,0.0,100,normal,YES,PASS,0.0,0.0,0.026,0.0,
13:28:31.093,1.042,1.0077,1.0079,0.0,normal,0.0,normal,0.0,normal,0.0,NORMAL,0.1,0.0,100,normal,YES,PASS,0.0,0.0,0.017,0.0,
13:28:31.241,1.0016,1.0126,1.0065,0.0,normal,0.0,normal,0.0,normal,0.0,NORMAL,0.0,0.0,100,normal,YES,PASS,0.0,0.0,0.001,0.0,
13:28:31.392,1.0071,1.0083,1.0149,0.0,normal,0.0,normal,0.0,normal,0.0,NORMAL,0.0,0.0,100,normal,YES,PASS,0.0,0.0,0.003,0.0,
13:28:31.541,1.0263,1.0025,1.0005,0.0,normal,0.0,normal,0.0,normal,0.0,NORMAL,0.1,0.0,100,normal,YES,PASS,0.0,0.0,0.011,0.0,
13:28:31.676,1.0558,1.0009,1.0089,0.0,normal,0.0,normal,0.0,normal,0.0,NORMAL,0.1,0.0,100,normal,YES,PASS,0.0,0.0,0.022,0.0,
13:28:31.825,1.0258,1.0111,1.0,0.0,normal,0.0,normal,0.0,normal,0.0,NORMAL,0.1,0.0,100,normal,YES,PASS,0.0,0.0,0.01,0.0,
13:28:31.975,1.0189,1.0015,1.0132,0.0,normal,0.0,normal,0.0,normal,0.0,NORMAL,0.0,0.0,100,normal,YES,PASS,0.0,0.0,0.008,0.0,
13:28:32.127,1.0468,1.005,1.0024,0.0,normal,0.0,normal,0.0,normal,0.0,NORMAL,0.1,0.0,100,normal,YES,PASS,0.0,0.0,0.019,0.0,
13:28:32.275,1.0101,1.0082,1.0082,0.0,normal,0.0,normal,0.0,normal,0.0,NORMAL,0.0,0.0,100,normal,YES,PASS,0.0,0.0,0.004,0.0,
13:28:32.411,1.0495,1.0002,1.0088,0.0,normal,0.0,normal,0.0,normal,0.0,NORMAL,0.1,0.0,100,normal,YES,PASS,0.0,0.0,0.02,0.0,
13:28:32.559,1.0456,1.0083,1.0048,0.0,normal,0.0,normal,0.0,normal,0.0,NORMAL,0.1,0.0,100,normal,YES,PASS,0.0,0.0,0.018,0.0,
13:28:32.710,1.0363,1.0158,1.0098,0.0,normal,0.0,normal,0.0,normal,0.0,NORMAL,0.1,0.0,100,normal,YES,PASS,0.0,0.0,0.015,0.0,
13:28:32.859,1.0465,1.0071,1.0018,0.0,normal,0.0,normal,0.0,normal,0.0,NORMAL,0.1,0.0,100,normal,YES,PASS,0.0,0.0,0.019,0.0,
13:28:33.009,1.0263,1.007,1.0157,0.0,normal,0.0,normal,0.0,normal,0.0,NORMAL,0.1,0.0,100,normal,YES,PASS,0.0,0.0,0.011,0.0,
13:28:33.159,1.0007,1.0063,1.0085,0.0,normal,0.0,normal,0.0,normal,0.0,NORMAL,0.0,0.0,100,normal,YES,PASS,0.0,0.0,0.0,0.0,
13:28:33.310,1.0433,1.0058,1.0095,0.0,normal,0.0,normal,0.0,normal,0.0,NORMAL,0.1,0.0,100,normal,YES,PASS,0.0,0.0,0.017,0.0,
13:28:33.458,1.0087,1.0085,1.0037,0.0,normal,0.0,normal,0.0,normal,0.0,NORMAL,0.0,0.0,100,normal,YES,PASS,0.0,0.0,0.003,0.0,
13:28:33.607,1.0139,1.0035,1.0024,0.0,normal,0.0,normal,0.0,normal,0.0,NORMAL,0.0,0.0,100,normal,YES,PASS,0.0,0.0,0.006,0.0,
13:28:33.759,1.0063,1.0099,1.0031,0.0,normal,0.0,normal,0.0,normal,0.0,NORMAL,0.0,0.0,100,normal,YES,PASS,0.0,0.0,0.003,0.0,
13:28:33.909,1.0111,1.0079,1.0027,0.0,normal,0.0,normal,0.0,normal,0.0,NORMAL,0.0,0.0,100,normal,YES,PASS,0.0,0.0,0.004,0.0,
13:28:34.059,1.0501,1.0007,1.0063,0.0,normal,0.0,normal,0.0,normal,0.0,NORMAL,0.1,0.0,100,normal,YES,PASS,0.0,0.0,0.02,0.0,
13:28:34.208,1.0266,1.0072,1.0048,0.0,normal,0.0,normal,0.0,normal,0.0,NORMAL,0.1,0.0,100,normal,YES,PASS,0.0,0.0,0.011,0.0,
13:28:34.362,1.0425,1.0033,1.0108,0.0,normal,0.0,normal,0.0,normal,0.0,NORMAL,0.1,0.0,100,normal,YES,PASS,0.0,0.0,0.017,0.0,
13:28:34.509,1.0526,1.0135,1.003,0.0,normal,0.0,normal,0.0,normal,0.0,NORMAL,0.1,0.0,100,normal,YES,PASS,0.0,0.0,0.021,0.0,
13:28:34.659,1.0215,1.005,1.0133,0.0,normal,0.0,normal,0.0,normal,0.0,NORMAL,0.0,0.0,100,normal,YES,PASS,0.0,0.0,0.009,0.0,
13:28:34.809,1.0439,1.0002,1.0063,0.0,normal,0.0,normal,0.0,normal,0.0,NORMAL,0.1,0.0,100,normal,YES,PASS,0.0,0.0,0.018,0.0,
13:28:34.958,1.0282,1.0081,1.0049,0.0,normal,0.0,normal,0.0,normal,0.0,NORMAL,0.1,0.0,100,normal,YES,PASS,0.0,0.0,0.011,0.0,
13:28:35.111,1.0256,1.0122,1.0076,0.0,normal,0.0,normal,0.0,normal,0.0,NORMAL,0.1,0.0,100,normal,YES,PASS,0.0,0.0,0.01,0.0,
13:28:35.258,1.0401,1.0009,1.0038,0.0,normal,0.0,normal,0.0,normal,0.0,NORMAL,0.1,0.0,100,normal,YES,PASS,0.0,0.0,0.016,0.0,
13:28:35.409,1.0054,1.0008,1.0031,0.0,normal,0.0,normal,0.0,normal,0.0,NORMAL,0.0,0.0,100,normal,YES,PASS,0.0,0.0,0.002,0.0,
13:28:35.558,1.0072,1.0032,1.0052,0.0,normal,0.0,normal,0.0,normal,0.0,NORMAL,0.0,0.0,100,normal,YES,PASS,0.0,0.0,0.003,0.0,
13:28:35.707,1.0503,1.0016,1.007,0.0,normal,0.0,normal,0.0,normal,0.0,NORMAL,0.1,0.0,100,normal,YES,PASS,0.0,0.0,0.02,0.0,
13:28:35.859,1.0185,1.008,1.0116,0.0,normal,0.0,normal,0.0,normal,0.0,NORMAL,0.0,0.0,100,normal,YES,PASS,0.0,0.0,0.007,0.0,
13:28:36.008,1.026,1.0079,1.0051,0.0,normal,0.0,normal,0.0,normal,0.0,NORMAL,0.1,0.0,100,normal,YES,PASS,0.0,0.0,0.01,0.0,
13:28:36.145,1.0499,1.0163,1.0022,0.0,normal,0.0,normal,0.0,normal,0.0,NORMAL,0.1,0.0,100,normal,YES,PASS,0.0,0.0,0.02,0.0,
13:28:36.292,1.0534,1.0013,1.0041,0.0,normal,0.0,normal,0.0,normal,0.0,NORMAL,0.1,0.0,100,normal,YES,PASS,0.0,0.0,0.021,0.0,
13:28:36.441,1.0452,1.0052,1.0037,0.0,normal,0.0,normal,0.0,normal,0.0,NORMAL,0.1,0.0,100,normal,YES,PASS,0.0,0.0,0.018,0.0,
13:28:36.591,1.0317,1.0001,1.0017,0.0,normal,0.0,normal,0.0,normal,0.0,NORMAL,0.1,0.0,100,normal,YES,PASS,0.0,0.0,0.013,0.0,
13:28:36.744,1.0154,1.0065,1.0087,0.0,normal,0.0,normal,0.0,normal,0.0,NORMAL,0.0,0.0,100,normal,YES,PASS,0.0,0.0,0.006,0.0,
13:28:36.892,1.0124,1.0143,1.0111,0.0,normal,0.0,normal,0.0,normal,0.0,NORMAL,0.0,0.0,100,normal,YES,PASS,0.0,0.0,0.005,0.0,
13:28:37.041,1.0606,1.006,1.0087,0.0,normal,0.0,normal,0.0,normal,0.0,NORMAL,0.1,0.0,100,normal,YES,PASS,0.0,0.0,0.024,0.0,
13:28:37.191,1.0278,1.0151,1.0019,0.0,normal,0.0,normal,0.0,normal,0.0,NORMAL,0.1,0.0,100,normal,YES,PASS,0.0,0.0,0.011,0.0,
13:28:37.341,1.0679,1.0078,1.0039,0.0,normal,0.0,normal,0.0,normal,0.0,NORMAL,0.1,0.0,100,normal,YES,PASS,0.0,0.0,0.027,0.0,
13:28:37.491,1.0584,1.0129,1.0146,0.0,normal,0.0,normal,0.0,normal,0.0,NORMAL,0.1,0.0,100,normal,YES,PASS,0.0,0.0,0.023,0.0,
13:28:37.643,1.0252,1.0106,1.0112,0.0,normal,0.0,normal,0.0,normal,0.0,NORMAL,0.1,0.0,100,normal,YES,PASS,0.0,0.0,0.01,0.0,
13:28:37.791,1.0321,1.0062,1.0052,0.0,normal,0.0,normal,0.0,normal,0.0,NORMAL,0.1,0.0,100,normal,YES,PASS,0.0,0.0,0.013,0.0,
13:28:37.942,1.0576,1.0117,1.0115,0.0,normal,0.0,normal,0.0,normal,0.0,NORMAL,0.1,0.0,100,normal,YES,PASS,0.0,0.0,0.023,0.0,
13:28:38.091,1.0133,1.0053,1.0115,0.0,normal,0.0,normal,0.0,normal,0.0,NORMAL,0.0,0.0,100,normal,YES,PASS,0.0,0.0,0.005,0.0,
13:28:38.241,1.0425,1.0056,1.0049,0.0,normal,0.0,normal,0.0,normal,0.0,NORMAL,0.1,0.0,100,normal,YES,PASS,0.0,0.0,0.017,0.0,
13:28:38.391,1.0163,1.0122,1.0085,0.0,normal,0.0,normal,0.0,normal,0.0,NORMAL,0.0,0.0,100,normal,YES,PASS,0.0,0.0,0.007,0.0,
13:28:38.541,1.0538,1.0008,1.0108,0.0,normal,0.0,normal,0.0,normal,0.0,NORMAL,0.1,0.0,100,normal,YES,PASS,0.0,0.0,0.022,0.0,
13:28:38.691,1.0144,1.0006,1.0085,0.0,normal,0.0,normal,0.0,normal,0.0,NORMAL,0.0,0.0,100,normal,YES,PASS,0.0,0.0,0.006,0.0,
13:28:38.824,1.0562,1.0088,1.0082,0.0,normal,0.0,normal,0.0,normal,0.0,NORMAL,0.1,0.0,100,normal,YES,PASS,0.0,0.0,0.022,0.0,
13:28:38.974,1.0302,1.0075,1.0003,0.0,normal,0.0,normal,0.0,normal,0.0,NORMAL,0.1,0.0,100,normal,YES,PASS,0.0,0.0,0.012,0.0,
13:28:39.125,1.0153,1.0035,1.0049,0.0,normal,0.0,normal,0.0,normal,0.0,NORMAL,0.0,0.0,100,normal,YES,PASS,0.0,0.0,0.006,0.0,
13:28:39.276,1.0546,1.0143,1.0058,0.0,normal,0.0,normal,0.0,normal,0.0,NORMAL,0.1,0.0,100,normal,YES,PASS,0.0,0.0,0.022,0.0,
13:28:39.424,1.0023,1.0085,1.0068,0.0,normal,0.0,normal,0.0,normal,0.0,NORMAL,0.0,0.0,100,normal,YES,PASS,0.0,0.0,0.001,0.0,
13:28:39.574,1.0331,1.0065,1.0102,0.0,normal,0.0,normal,0.0,normal,0.0,NORMAL,0.1,0.0,100,normal,YES,PASS,0.0,0.0,0.013,0.0,
13:28:39.725,1.0283,1.0034,1.005,0.0,normal,0.0,normal,0.0,normal,0.0,NORMAL,0.1,0.0,100,normal,YES,PASS,0.0,0.0,0.011,0.0,
13:28:39.864,1.0598,1.011,1.003,0.0,normal,0.0,normal,0.0,normal,0.0,NORMAL,0.1,0.0,100,normal,YES,PASS,0.0,0.0,0.024,0.0,
13:28:40.010,1.0044,1.0123,1.0047,0.0,normal,0.0,normal,0.0,normal,0.0,NORMAL,0.0,0.0,100,normal,YES,PASS,0.0,0.0,0.002,0.0,
13:28:40.158,1.0072,1.0112,1.0064,0.0,normal,0.0,normal,0.0,normal,0.0,NORMAL,0.0,0.0,100,normal,YES,PASS,0.0,0.0,0.003,0.0,
13:28:40.291,1.007,1.0001,1.0088,0.0,normal,0.0,normal,0.0,normal,0.0,NORMAL,0.0,0.0,100,normal,YES,PASS,0.0,0.0,0.003,0.0,
13:28:40.441,1.0158,1.0067,1.016,0.0,normal,0.0,normal,0.0,normal,0.0,NORMAL,0.0,0.0,100,normal,YES,PASS,0.0,0.0,0.006,0.0,
13:28:40.591,1.0641,1.0042,1.0037,0.0,normal,0.0,normal,0.0,normal,0.0,NORMAL,0.1,0.0,100,normal,YES,PASS,0.0,0.0,0.026,0.0,
13:28:40.741,1.0337,1.0081,1.0049,0.0,normal,0.0,normal,0.0,normal,0.0,NORMAL,0.1,0.0,100,normal,YES,PASS,0.0,0.0,0.013,0.0,
13:28:40.893,1.06,1.0078,1.0117,0.0,normal,0.0,normal,0.0,normal,0.0,NORMAL,0.1,0.0,100,normal,YES,PASS,0.0,0.0,0.024,0.0,
13:28:41.041,1.049,1.0052,1.0119,0.0,normal,0.0,normal,0.0,normal,0.0,NORMAL,0.1,0.0,100,normal,YES,PASS,0.0,0.0,0.02,0.0,
13:28:41.177,1.0462,1.0157,1.0003,0.0,normal,0.0,normal,0.0,normal,0.0,NORMAL,0.1,0.0,100,normal,YES,PASS,0.0,0.0,0.018,0.0,
13:28:41.324,1.0405,1.0114,1.0067,0.0,normal,0.0,normal,0.0,normal,0.0,NORMAL,0.1,0.0,100,normal,YES,PASS,0.0,0.0,0.016,0.0,
13:28:41.473,1.0112,1.0088,1.0057,0.0,normal,0.0,normal,0.0,normal,0.0,NORMAL,0.0,0.0,100,normal,YES,PASS,0.0,0.0,0.004,0.0,
13:28:41.610,1.066,1.0077,1.0024,0.0,normal,0.0,normal,0.0,normal,0.0,NORMAL,0.1,0.0,100,normal,YES,PASS,0.0,0.0,0.026,0.0,
13:28:41.758,1.0534,1.0069,1.004,0.0,normal,0.0,normal,0.0,normal,0.0,NORMAL,0.1,0.0,100,normal,YES,PASS,0.0,0.0,0.021,0.0,
13:28:41.908,1.0092,1.0,1.0063,0.0,normal,0.0,normal,0.0,normal,0.0,NORMAL,0.0,0.0,100,normal,YES,PASS,0.0,0.0,0.004,0.0,
13:28:42.058,1.0329,1.0005,1.0103,0.0,normal,0.0,normal,0.0,normal,0.0,NORMAL,0.1,0.0,100,normal,YES,PASS,0.0,0.0,0.013,0.0,
13:28:42.210,1.0528,1.0076,1.0044,0.0,normal,0.0,normal,0.0,normal,0.0,NORMAL,0.1,0.0,100,normal,YES,PASS,0.0,0.0,0.021,0.0,
13:28:42.357,1.0215,1.0155,1.0083,0.0,normal,0.0,normal,0.0,normal,0.0,NORMAL,0.0,0.0,100,normal,YES,PASS,0.0,0.0,0.009,0.0,
13:28:42.509,1.0238,1.0077,1.0051,0.0,normal,0.0,normal,0.0,normal,0.0,NORMAL,0.0,0.0,100,normal,YES,PASS,0.0,0.0,0.01,0.0,
13:28:42.657,1.0346,1.0095,1.0096,0.0,normal,0.0,normal,0.0,normal,0.0,NORMAL,0.1,0.0,100,normal,YES,PASS,0.0,0.0,0.014,0.0,
13:28:42.808,1.0355,1.001,1.0055,0.0,normal,0.0,normal,0.0,normal,0.0,NORMAL,0.1,0.0,100,normal,YES,PASS,0.0,0.0,0.014,0.0,
13:28:42.957,1.0662,1.0095,1.0016,0.0,normal,0.0,normal,0.0,normal,0.0,NORMAL,0.1,0.0,100,normal,YES,PASS,0.0,0.0,0.026,0.0,
13:28:43.091,1.0227,1.0097,1.0151,0.0,normal,0.0,normal,0.0,normal,0.0,NORMAL,0.0,0.0,100,normal,YES,PASS,0.0,0.0,0.009,0.0,
13:28:43.242,1.0323,1.0072,1.0134,0.0,normal,0.0,normal,0.0,normal,0.0,NORMAL,0.1,0.0,100,normal,YES,PASS,0.0,0.0,0.013,0.0,
13:28:43.391,1.0066,1.001,1.0088,0.0,normal,0.0,normal,0.0,normal,0.0,NORMAL,0.0,0.0,100,normal,YES,PASS,0.0,0.0,0.003,0.0,
13:28:43.541,1.0478,1.0045,1.003,0.0,normal,0.0,normal,0.0,normal,0.0,NORMAL,0.1,0.0,100,normal,YES,PASS,0.0,0.0,0.019,0.0,
13:28:43.674,1.0059,1.0026,1.0116,0.0,normal,0.0,normal,0.0,normal,0.0,NORMAL,0.0,0.0,100,normal,YES,PASS,0.0,0.0,0.002,0.0,
13:28:43.823,1.0245,1.0099,1.005,0.0,normal,0.0,normal,0.0,normal,0.0,NORMAL,0.0,0.0,100,normal,YES,PASS,0.0,0.0,0.01,0.0,
13:28:43.960,1.0351,1.0132,1.0133,0.0,normal,0.0,normal,0.0,normal,0.0,NORMAL,0.1,0.0,100,normal,YES,PASS,0.0,0.0,0.014,0.0,
13:28:44.107,1.0549,1.0022,1.002,0.0,normal,0.0,normal,0.0,normal,0.0,NORMAL,0.1,0.0,100,normal,YES,PASS,0.0,0.0,0.022,0.0,
13:28:44.258,1.0368,1.008,1.0091,0.0,normal,0.0,normal,0.0,normal,0.0,NORMAL,0.1,0.0,100,normal,YES,PASS,0.0,0.0,0.015,0.0,
13:28:44.409,1.0147,1.002,1.0106,0.0,normal,0.0,normal,0.0,normal,0.0,NORMAL,0.0,0.0,100,normal,YES,PASS,0.0,0.0,0.006,0.0,
13:28:44.558,1.0405,1.0028,1.0047,0.0,normal,0.0,normal,0.0,normal,0.0,NORMAL,0.1,0.0,100,normal,YES,PASS,0.0,0.0,0.016,0.0,
13:28:44.707,1.0664,1.0053,1.0146,0.0,normal,0.0,normal,0.0,normal,0.0,NORMAL,0.1,0.0,100,normal,YES,PASS,0.0,0.0,0.027,0.0,
13:28:44.842,1.03,1.0052,1.0049,0.0,normal,0.0,normal,0.0,normal,0.0,NORMAL,0.1,0.0,100,normal,YES,PASS,0.0,0.0,0.012,0.0,
13:28:44.993,1.0424,1.0045,1.0014,0.0,normal,0.0,normal,0.0,normal,0.0,NORMAL,0.1,0.0,100,normal,YES,PASS,0.0,0.0,0.017,0.0,
13:28:45.142,1.047,1.004,1.0119,0.0,normal,0.0,normal,0.0,normal,0.0,NORMAL,0.1,0.0,100,normal,YES,PASS,0.0,0.0,0.019,0.0,
13:28:45.291,1.0488,1.008,1.0065,0.0,normal,0.0,normal,0.0,normal,0.0,NORMAL,0.1,0.0,100,normal,YES,PASS,0.0,0.0,0.02,0.0,
13:28:45.441,1.0123,1.0092,1.0061,0.0,normal,0.0,normal,0.0,normal,0.0,NORMAL,0.0,0.0,100,normal,YES,PASS,0.0,0.0,0.005,0.0,
13:28:45.593,1.0555,1.008,1.0,0.0,normal,0.0,normal,0.0,normal,0.0,NORMAL,0.1,0.0,100,normal,YES,PASS,0.0,0.0,0.022,0.0,
13:28:45.742,1.0272,1.0015,1.0006,0.0,normal,0.0,normal,0.0,normal,0.0,NORMAL,0.1,0.0,100,normal,YES,PASS,0.0,0.0,0.011,0.0,
13:28:45.889,1.0365,1.0091,1.0118,0.0,normal,0.0,normal,0.0,normal,0.0,NORMAL,0.1,0.0,100,normal,YES,PASS,0.0,0.0,0.015,0.0,
13:28:46.076,1.0078,1.0018,1.0127,0.0,normal,0.0,normal,0.0,normal,0.0,NORMAL,0.0,0.0,100,normal,YES,PASS,0.0,0.0,0.003,0.0,
13:28:46.224,1.0442,1.0102,1.0063,0.0,normal,0.0,normal,0.0,normal,0.0,NORMAL,0.1,0.0,100,normal,YES,PASS,0.0,0.0,0.018,0.0,
13:28:46.374,1.0319,1.0019,1.008,0.0,normal,0.0,normal,0.0,normal,0.0,NORMAL,0.1,0.0,100,normal,YES,PASS,0.0,0.0,0.013,0.0,
13:28:46.524,1.0485,1.0036,1.0113,0.0,normal,0.0,normal,0.0,normal,0.0,NORMAL,0.1,0.0,100,normal,YES,PASS,0.0,0.0,0.019,0.0,
13:28:46.675,1.0685,1.0015,1.0126,0.0,normal,0.0,normal,0.0,normal,0.0,NORMAL,0.1,0.0,100,normal,YES,PASS,0.0,0.0,0.027,0.0,
13:28:46.824,1.047,1.0017,1.0092,0.0,normal,0.0,normal,0.0,normal,0.0,NORMAL,0.1,0.0,100,normal,YES,PASS,0.0,0.0,0.019,0.0,
13:28:46.974,1.0286,1.0093,1.0102,0.0,normal,0.0,normal,0.0,normal,0.0,NORMAL,0.1,0.0,100,normal,YES,PASS,0.0,0.0,0.011,0.0,
13:28:47.126,1.0499,1.0136,1.0129,0.0,normal,0.0,normal,0.0,normal,0.0,NORMAL,0.1,0.0,100,normal,YES,PASS,0.0,0.0,0.02,0.0,
13:28:47.274,1.0479,1.0024,1.011,0.0,normal,0.0,normal,0.0,normal,0.0,NORMAL,0.1,0.0,100,normal,YES,PASS,0.0,0.0,0.019,0.0,
13:28:47.426,1.0712,1.0021,1.0045,0.0,normal,0.0,normal,0.0,normal,0.0,NORMAL,0.1,0.0,100,normal,YES,PASS,0.0,0.0,0.028,0.0,
13:28:47.574,1.0106,1.0012,1.005,0.0,normal,0.0,normal,0.0,normal,0.0,NORMAL,0.0,0.0,100,normal,YES,PASS,0.0,0.0,0.004,0.0,
13:28:47.725,1.0009,1.0111,1.0127,0.0,normal,0.0,normal,0.0,normal,0.0,NORMAL,0.0,0.0,100,normal,YES,PASS,0.0,0.0,0.0,0.0,
13:28:47.874,1.0108,1.0021,1.0047,0.0,normal,0.0,normal,0.0,normal,0.0,NORMAL,0.0,0.0,100,normal,YES,PASS,0.0,0.0,0.004,0.0,
13:28:48.023,1.0297,1.0072,1.0083,0.0,normal,0.0,normal,0.0,normal,0.0,NORMAL,0.1,0.0,100,normal,YES,PASS,0.0,0.0,0.012,0.0,
13:28:48.174,1.054,1.004,1.003,0.0,normal,0.0,normal,0.0,normal,0.0,NORMAL,0.1,0.0,100,normal,YES,PASS,0.0,0.0,0.022,0.0,
13:28:48.324,1.0627,1.0039,1.0067,0.0,normal,0.0,normal,0.0,normal,0.0,NORMAL,0.1,0.0,100,normal,YES,PASS,0.0,0.0,0.025,0.0,
13:28:48.461,1.0004,1.0051,1.0118,0.0,normal,0.0,normal,0.0,normal,0.0,NORMAL,0.0,0.0,100,normal,YES,PASS,0.0,0.0,0.0,0.0,
13:28:48.607,1.0467,1.0051,1.0055,0.0,normal,0.0,normal,0.0,normal,0.0,NORMAL,0.1,0.0,100,normal,YES,PASS,0.0,0.0,0.019,0.0,
13:28:48.757,1.0116,1.0102,1.0064,0.0,normal,0.0,normal,0.0,normal,0.0,NORMAL,0.0,0.0,100,normal,YES,PASS,0.0,0.0,0.005,0.0,
13:28:48.895,1.0487,1.0055,1.0113,0.0,normal,0.0,normal,0.0,normal,0.0,NORMAL,0.1,0.0,100,normal,YES,PASS,0.0,0.0,0.019,0.0,
13:28:49.041,1.0158,1.0114,1.0015,0.0,normal,0.0,normal,0.0,normal,0.0,NORMAL,0.0,0.0,100,normal,YES,PASS,0.0,0.0,0.006,0.0,
13:28:49.177,1.0484,1.0006,1.0093,0.0,normal,0.0,normal,0.0,normal,0.0,NORMAL,0.1,0.0,100,normal,YES,PASS,0.0,0.0,0.019,0.0,
13:28:49.327,1.0289,1.0081,1.0064,0.0,normal,0.0,normal,0.0,normal,0.0,NORMAL,0.1,0.0,100,normal,YES,PASS,0.0,0.0,0.012,0.0,
13:28:49.474,1.0031,1.0114,1.0013,0.0,normal,0.0,normal,0.0,normal,0.0,NORMAL,0.0,0.0,100,normal,YES,PASS,0.0,0.0,0.001,0.0,
13:28:49.609,1.0161,1.0034,1.0099,0.0,normal,0.0,normal,0.0,normal,0.0,NORMAL,0.0,0.0,100,normal,YES,PASS,0.0,0.0,0.006,0.0,
13:28:49.758,1.0543,1.0115,1.0148,0.0,normal,0.0,normal,0.0,normal,0.0,NORMAL,0.1,0.0,100,normal,YES,PASS,0.0,0.0,0.022,0.0,
13:28:49.908,1.0319,1.005,1.0074,0.0,normal,0.0,normal,0.0,normal,0.0,NORMAL,0.1,0.0,100,normal,YES,PASS,0.0,0.0,0.013,0.0,
13:28:50.044,1.0199,1.0085,1.0019,0.0,normal,0.0,normal,0.0,normal,0.0,NORMAL,0.0,0.0,100,normal,YES,PASS,0.0,0.0,0.008,0.0,
13:28:50.190,1.0573,1.0004,1.0129,0.0,normal,0.0,normal,0.0,normal,0.0,NORMAL,0.1,0.0,100,normal,YES,PASS,0.0,0.0,0.023,0.0,
13:28:50.341,1.0348,1.0078,1.006,0.0,normal,0.0,normal,0.0,normal,0.0,NORMAL,0.1,0.0,100,normal,YES,PASS,0.0,0.0,0.014,0.0,
13:28:50.491,1.0466,1.0028,1.0003,0.0,normal,0.0,normal,0.0,normal,0.0,NORMAL,0.1,0.0,100,normal,YES,PASS,0.0,0.0,0.019,0.0,
13:28:50.642,1.0329,1.0116,1.0085,0.0,normal,0.0,normal,0.0,normal,0.0,NORMAL,0.1,0.0,100,normal,YES,PASS,0.0,0.0,0.013,0.0,
13:28:50.792,1.0353,1.0111,1.0014,0.0,normal,0.0,normal,0.0,normal,0.0,NORMAL,0.1,0.0,100,normal,YES,PASS,0.0,0.0,0.014,0.0,
13:28:50.941,1.018,1.0043,1.01,0.0,normal,0.0,normal,0.0,normal,0.0,NORMAL,0.0,0.0,100,normal,YES,PASS,0.0,0.0,0.007,0.0,
13:28:51.086,1.0452,1.0072,1.0011,0.0,normal,0.0,normal,0.0,normal,0.0,NORMAL,0.1,0.0,100,normal,YES,PASS,0.0,0.0,0.018,0.0,
13:28:51.228,1.0545,1.0086,1.0135,0.0,normal,0.0,normal,0.0,normal,0.0,NORMAL,0.1,0.0,100,normal,YES,PASS,0.0,0.0,0.022,0.0,
13:28:51.374,1.0239,1.0079,1.0066,0.0,normal,0.0,normal,0.0,normal,0.0,NORMAL,0.0,0.0,100,normal,YES,PASS,0.0,0.0,0.01,0.0,
13:28:51.524,1.0469,1.0086,1.0113,0.0,normal,0.0,normal,0.0,normal,0.0,NORMAL,0.1,0.0,100,normal,YES,PASS,0.0,0.0,0.019,0.0,
13:28:51.676,1.0297,1.0024,1.0064,0.0,normal,0.0,normal,0.0,normal,0.0,NORMAL,0.1,0.0,100,normal,YES,PASS,0.0,0.0,0.012,0.0,
13:28:51.827,1.0253,1.0048,1.0015,0.0,normal,0.0,normal,0.0,normal,0.0,NORMAL,0.1,0.0,100,normal,YES,PASS,0.0,0.0,0.01,0.0,
13:28:51.977,1.0013,1.0053,1.0127,0.0,normal,0.0,normal,0.0,normal,0.0,NORMAL,0.0,0.0,100,normal,YES,PASS,0.0,0.0,0.001,0.0,
13:28:52.107,1.0275,1.0149,1.0043,0.0,normal,0.0,normal,0.0,normal,0.0,NORMAL,0.1,0.0,100,normal,YES,PASS,0.0,0.0,0.011,0.0,
13:28:52.257,1.0565,1.0079,1.0041,0.0,normal,0.0,normal,0.0,normal,0.0,NORMAL,0.1,0.0,100,normal,YES,PASS,0.0,0.0,0.023,0.0,
13:28:52.410,1.0206,1.0142,1.012,0.0,normal,0.0,normal,0.0,normal,0.0,NORMAL,0.0,0.0,100,normal,YES,PASS,0.0,0.0,0.008,0.0,
13:28:52.560,1.0219,1.0007,1.0097,0.0,normal,0.0,normal,0.0,normal,0.0,NORMAL,0.0,0.0,100,normal,YES,PASS,0.0,0.0,0.009,0.0,
13:28:52.709,1.0324,1.0102,1.0061,0.0,normal,0.0,normal,0.0,normal,0.0,NORMAL,0.1,0.0,100,normal,YES,PASS,0.0,0.0,0.013,0.0,
13:28:52.859,1.0345,1.0147,1.0045,0.0,normal,0.0,normal,0.0,normal,0.0,NORMAL,0.1,0.0,100,normal,YES,PASS,0.0,0.0,0.014,0.0,
13:28:53.007,1.061,1.0076,1.0006,0.0,normal,0.0,normal,0.0,normal,0.0,NORMAL,0.1,0.0,100,normal,YES,PASS,0.0,0.0,0.024,0.0,
13:28:53.159,1.0244,1.0042,1.003,0.0,normal,0.0,normal,0.0,normal,0.0,NORMAL,0.0,0.0,100,normal,YES,PASS,0.0,0.0,0.01,0.0,
13:28:53.307,1.0223,1.0069,1.0074,0.0,normal,0.0,normal,0.0,normal,0.0,NORMAL,0.0,0.0,100,normal,YES,PASS,0.0,0.0,0.009,0.0,
13:28:53.448,1.0346,1.011,1.0081,0.0,normal,0.0,normal,0.0,normal,0.0,NORMAL,0.1,0.0,100,normal,YES,PASS,0.0,0.0,0.014,0.0,
13:28:53.592,1.0332,1.0066,1.0132,0.0,normal,0.0,normal,0.0,normal,0.0,NORMAL,0.1,0.0,100,normal,YES,PASS,0.0,0.0,0.013,0.0,
13:28:53.742,1.0013,1.0126,1.0078,0.0,normal,0.0,normal,0.0,normal,0.0,NORMAL,0.0,0.0,100,normal,YES,PASS,0.0,0.0,0.001,0.0,
13:28:53.890,1.0429,1.0127,1.0008,0.0,normal,0.0,normal,0.0,normal,0.0,NORMAL,0.1,0.0,100,normal,YES,PASS,0.0,0.0,0.017,0.0,
13:28:54.040,1.0462,1.0006,1.0088,0.0,normal,0.0,normal,0.0,normal,0.0,NORMAL,0.1,0.0,100,normal,YES,PASS,0.0,0.0,0.018,0.0,
13:28:54.190,1.0106,1.009,1.0019,0.0,normal,0.0,normal,0.0,normal,0.0,NORMAL,0.0,0.0,100,normal,YES,PASS,0.0,0.0,0.004,0.0,
13:28:54.341,1.0424,1.0104,1.0089,0.0,normal,0.0,normal,0.0,normal,0.0,NORMAL,0.1,0.0,100,normal,YES,PASS,0.0,0.0,0.017,0.0,
