timestamp,imu_z,motion_score,decision,motor_speed,confidence
12:49:36.630,1.0018,0.0,NORMAL,100,100.0
12:49:36.770,1.0063,0.0,NORMAL,100,100.0
12:49:36.860,1.0102,0.0,NORMAL,100,100.0
12:49:36.948,1.0013,0.0,NORMAL,100,100.0
12:49:37.028,1.0151,0.0,NORMAL,100,100.0
12:49:37.102,1.0121,0.0,NORMAL,100,100.0
12:49:37.182,1.0015,0.0,NORMAL,100,100.0
12:49:37.254,1.0189,0.0,NORMAL,100,100.0
12:49:37.336,1.0117,0.0,NORMAL,79,100.0
12:49:37.424,1.0063,0.0,NORMAL,78,100.0
12:49:37.511,1.0105,0.0,NORMAL,78,100.0
12:49:37.597,1.0005,0.0,CAUTION,78,100.0
12:49:37.680,1.0083,0.0,CAUTION,78,100.0
12:49:37.784,1.0082,0.0,CAUTION,78,100.0
12:49:37.869,1.0085,0.0,CAUTION,78,100.0
12:49:37.949,1.0036,0.0,CAUTION,78,100.0
12:49:38.036,1.0146,0.0,CAUTION,78,100.0
12:49:38.115,1.0047,0.0,CAUTION,78,100.0
12:49:38.201,1.0186,0.0,CAUTION,78,100.0
12:49:38.283,1.0045,0.0,CAUTION,78,100.0
12:49:38.364,1.015,0.0,CAUTION,78,100.0
12:49:38.446,1.0155,0.0,CAUTION,78,100.0
12:49:38.528,1.0038,0.0,CAUTION,78,100.0
12:49:38.612,1.0089,0.0,CAUTION,78,100.0
12:49:38.694,1.0049,0.0,CAUTION,78,100.0
12:49:38.773,1.0179,0.0,CAUTION,78,100.0
12:49:38.858,1.0012,0.0,CAUTION,78,100.0
12:49:38.944,1.0003,0.0,CAUTION,78,100.0
12:49:39.020,1.0141,0.0,CAUTION,100,100.0
12:49:39.093,1.0143,0.0,CAUTION,100,100.0
12:49:39.175,1.0059,0.0,CAUTION,100,100.0
12:49:39.252,1.0175,0.0,NORMAL,100,100.0
12:49:39.327,1.0141,0.0,NORMAL,100,100.0
12:49:39.403,1.001,0.0,NORMAL,100,100.0
12:49:39.473,1.0052,0.0,NORMAL,100,100.0
12:49:39.564,1.006,0.0,NORMAL,100,100.0
12:49:39.649,1.002,0.0,NORMAL,100,100.0
12:49:39.738,1.0115,0.0,NORMAL,100,100.0
12:49:39.822,1.009,0.0,NORMAL,100,100.0
12:49:39.898,1.0042,0.0,NORMAL,100,100.0
12:49:39.977,1.0145,0.0,NORMAL,100,100.0
12:49:40.051,1.0061,0.0,NORMAL,100,100.0
12:49:40.126,1.0081,0.0,NORMAL,100,100.0
12:49:40.197,1.0045,0.0,NORMAL,100,100.0
12:49:40.277,1.0023,0.0,NORMAL,100,100.0
12:49:40.355,1.0134,0.0,NORMAL,100,100.0
12:49:40.434,1.0019,0.0,NORMAL,100,100.0
12:49:40.508,1.0161,0.0,NORMAL,100,100.0
12:49:40.585,1.001,0.0,NORMAL,100,100.0
12:49:40.663,1.011,0.0,NORMAL,100,100.0
12:49:40.741,1.0089,0.0,NORMAL,100,100.0
12:49:40.825,1.0055,0.0,NORMAL,100,100.0
12:49:40.908,1.0067,0.0,NORMAL,100,100.0
12:49:40.985,1.0097,0.0,NORMAL,100,100.0
12:49:41.059,1.0203,0.0,NORMAL,100,100.0
12:49:41.135,1.0139,0.0,NORMAL,100,100.0
12:49:41.212,1.0072,0.0,NORMAL,100,100.0
12:49:41.296,1.0119,0.0,NORMAL,100,100.0
12:49:41.366,1.0118,0.0,NORMAL,100,100.0
12:49:41.444,1.006,0.0,NORMAL,100,100.0
12:49:41.518,1.0081,0.0,NORMAL,100,100.0
12:49:41.597,1.0072,0.0,NORMAL,100,100.0
12:49:41.675,1.0129,0.0,NORMAL,100,100.0
12:49:41.756,1.0033,0.0,NORMAL,100,100.0
12:49:41.833,1.0079,0.0,NORMAL,100,100.0
12:49:41.904,1.0043,0.0,NORMAL,100,100.0
12:49:41.985,1.0183,0.0,NORMAL,100,100.0
12:49:42.063,1.399,0.0,NORMAL,100,81.0
12:49:42.141,1.0591,0.0,NORMAL,100,67.0
12:49:42.213,1.0433,0.0,NORMAL,100,50.0
12:49:42.293,1.0524,0.0,NORMAL,100,66.0
12:49:42.364,1.0233,0.0,NORMAL,100,78.0
12:49:42.448,1.0391,0.0,NORMAL,100,80.0
12:49:42.524,1.0242,0.0,NORMAL,100,100.0
12:49:42.602,1.0323,0.0,NORMAL,100,100.0
12:49:42.682,1.0186,0.0,NORMAL,100,100.0
12:49:42.751,1.0162,0.0,NORMAL,100,100.0
12:49:42.833,1.0223,0.0,NORMAL,100,100.0
12:49:42.908,1.0261,0.0,NORMAL,100,100.0
12:49:42.989,1.0017,0.0,NORMAL,100,99.0
12:49:43.065,1.0071,0.0,NORMAL,100,100.0
12:49:43.157,1.0059,0.0,NORMAL,100,100.0
12:49:43.244,1.0004,0.0,NORMAL,100,100.0
12:49:43.333,1.008,0.0,NORMAL,100,100.0
12:49:43.420,1.0206,0.0,NORMAL,100,100.0
12:49:43.504,1.0128,0.0,NORMAL,100,100.0
12:49:43.587,1.0054,0.0,NORMAL,100,100.0
12:49:43.692,1.0085,0.0,NORMAL,100,100.0
12:49:43.797,1.0114,0.0,NORMAL,100,100.0
12:49:43.897,1.0138,0.0,NORMAL,100,100.0
12:49:43.988,1.016,0.0,NORMAL,100,100.0
12:49:44.082,1.0124,0.0,NORMAL,100,100.0
12:49:44.170,1.0098,0.0,NORMAL,100,100.0
12:49:44.250,1.0194,0.0,NORMAL,100,100.0
12:49:44.341,1.0159,0.0,NORMAL,100,100.0
12:49:44.426,1.0021,0.0,NORMAL,100,100.0
12:49:44.513,1.0029,0.0,NORMAL,100,100.0
12:49:44.595,1.0068,0.0,NORMAL,100,100.0
12:49:44.675,1.0121,0.0,NORMAL,100,100.0
12:49:44.755,1.0183,0.0,NORMAL,100,100.0
12:49:44.833,1.0059,0.0,NORMAL,100,100.0
12:49:44.920,1.0056,0.0,NORMAL,100,100.0
12:49:45.005,1.0139,0.0,NORMAL,100,100.0
12:49:45.079,1.0165,0.0,NORMAL,100,100.0
12:49:45.161,1.0127,0.0,NORMAL,100,100.0
12:49:45.239,1.0148,0.0,NORMAL,100,100.0
12:49:45.316,1.0033,0.0,NORMAL,100,100.0
12:49:45.437,1.0035,0.0,NORMAL,100,100.0
12:49:45.517,1.0008,0.0,NORMAL,100,100.0
12:49:45.601,1.0001,0.0,NORMAL,100,100.0
12:49:45.685,1.0039,0.0,NORMAL,100,100.0
12:49:45.771,1.0062,0.0,NORMAL,100,100.0
12:49:45.856,1.0104,0.0,NORMAL,100,100.0
12:49:45.943,1.011,0.0,NORMAL,100,100.0
12:49:46.028,1.0073,0.0,NORMAL,100,100.0
12:49:46.107,1.0021,0.0,NORMAL,100,100.0
12:49:46.190,1.0095,0.0,NORMAL,100,100.0
12:49:46.289,1.0,0.0,NORMAL,100,100.0
12:49:46.365,1.0078,0.0,NORMAL,100,100.0
12:49:46.448,1.0177,0.0,NORMAL,100,100.0
12:49:46.543,1.0016,0.0,NORMAL,100,100.0
12:49:46.635,1.0035,0.0,NORMAL,100,100.0
12:49:46.727,1.0002,0.0,NORMAL,100,100.0
12:49:46.838,1.0032,0.0,NORMAL,100,100.0
12:49:46.945,1.0149,0.0,NORMAL,100,100.0
12:49:47.042,1.0024,0.0,NORMAL,100,100.0
12:49:47.138,1.0035,0.0,NORMAL,100,100.0
12:49:47.231,1.0074,0.0,NORMAL,100,100.0
12:49:47.321,1.0206,0.0,NORMAL,100,100.0
12:49:47.403,1.0137,0.0,NORMAL,100,100.0
12:49:47.479,1.0014,0.0,NORMAL,100,100.0
12:49:47.558,1.002,0.0,NORMAL,100,100.0
12:49:47.638,1.0105,0.0,NORMAL,100,100.0
12:49:47.720,1.016,0.0,NORMAL,100,100.0
12:49:47.804,1.0102,0.0,NORMAL,100,100.0
12:49:47.889,1.0057,0.0,NORMAL,100,100.0
12:49:47.967,1.0158,0.0,NORMAL,100,100.0
12:49:48.051,1.003,0.0,NORMAL,100,100.0
12:49:48.132,1.0013,0.0,NORMAL,100,100.0
12:49:48.208,1.0001,0.0,NORMAL,100,100.0
12:49:48.285,1.0019,0.0,NORMAL,100,100.0
12:49:48.368,1.0079,0.0,NORMAL,100,100.0
12:49:48.448,1.0025,0.0,NORMAL,100,100.0
12:49:48.533,1.0111,0.0,NORMAL,100,100.0
12:49:48.612,1.0014,0.0,NORMAL,100,100.0
12:49:48.689,1.0103,0.0,NORMAL,100,100.0
12:49:48.770,1.0122,0.0,NORMAL,100,100.0
12:49:48.849,1.0008,0.0,NORMAL,100,100.0
12:49:48.924,1.0049,0.0,NORMAL,100,100.0
12:49:49.006,1.0125,0.0,NORMAL,100,100.0
12:49:49.091,1.0137,0.0,NORMAL,100,100.0
12:49:49.175,1.0004,0.0,NORMAL,100,100.0
12:49:49.261,1.0005,0.0,NORMAL,100,100.0
12:49:49.345,1.0143,0.0,NORMAL,100,100.0
12:49:49.424,1.0,0.0,NORMAL,100,100.0
12:49:49.506,1.0137,0.0,NORMAL,100,100.0
12:49:49.587,1.0093,0.0,NORMAL,100,100.0
12:49:49.666,1.0102,0.0,NORMAL,100,100.0
12:49:49.748,1.0,0.0,NORMAL,100,100.0
12:49:49.832,1.0129,0.0,NORMAL,100,100.0
12:49:49.912,1.0053,0.0,NORMAL,100,100.0
12:49:49.993,1.0041,0.0,NORMAL,100,100.0
12:49:50.075,1.0218,0.0,NORMAL,100,100.0
12:49:50.159,1.0019,0.0,NORMAL,100,100.0
12:49:50.244,1.018,0.0,NORMAL,100,100.0
12:49:50.329,1.0044,0.0,NORMAL,100,100.0
12:49:50.417,1.0002,0.0,NORMAL,100,100.0
12:49:50.501,1.0102,0.0,NORMAL,100,100.0
12:49:50.588,1.01,0.0,NORMAL,100,100.0
12:49:50.669,1.0159,0.0,NORMAL,100,100.0
12:49:50.749,1.0104,0.0,NORMAL,100,100.0
12:49:50.831,1.0037,0.0,NORMAL,100,100.0
12:49:50.914,1.0106,0.0,NORMAL,100,100.0
12:49:50.992,1.0102,0.0,NORMAL,100,100.0
12:49:51.076,1.0025,0.0,NORMAL,100,100.0
12:49:51.151,1.0086,0.0,NORMAL,100,100.0
12:49:51.230,1.0137,0.0,NORMAL,100,100.0
12:49:51.319,1.0147,0.0,NORMAL,100,100.0
12:49:51.397,1.0024,0.0,NORMAL,100,100.0
12:49:51.475,1.0158,0.0,NORMAL,100,100.0
12:49:51.577,1.0091,0.0,NORMAL,100,100.0
12:49:51.692,1.0088,0.0,NORMAL,100,100.0
12:49:51.786,1.009,0.0,NORMAL,100,100.0
12:49:51.881,1.0107,0.0,NORMAL,100,100.0
12:49:51.990,1.0177,0.0,NORMAL,100,100.0
12:49:52.105,1.0006,0.0,NORMAL,100,100.0
12:49:52.216,1.0145,0.0,NORMAL,100,100.0
12:49:52.329,1.0055,0.0,NORMAL,100,100.0
12:49:52.444,1.0034,0.0,NORMAL,100,100.0
12:49:52.559,1.0045,0.0,NORMAL,100,100.0
12:49:52.674,1.0121,0.0,NORMAL,100,100.0
12:49:52.787,1.0133,0.0,NORMAL,100,100.0
12:49:52.905,1.0024,0.0,NORMAL,100,100.0
12:49:53.018,1.0118,0.0,NORMAL,100,100.0
12:49:53.129,1.0154,0.0,NORMAL,100,100.0
12:49:53.242,1.0047,0.0,NORMAL,100,100.0
12:49:53.355,1.0136,0.0,NORMAL,100,100.0
12:49:53.460,1.016,0.0,NORMAL,100,100.0
12:49:53.562,1.0169,0.0,NORMAL,100,100.0
12:49:53.677,1.0057,0.0,NORMAL,100,100.0
12:49:53.793,1.0164,0.0,NORMAL,100,100.0
12:49:53.907,1.0052,0.0,NORMAL,100,100.0
12:49:54.023,1.0066,0.0,NORMAL,100,100.0
12:49:54.137,1.002,0.0,NORMAL,100,100.0
12:49:54.243,1.0118,0.0,NORMAL,100,100.0
12:49:54.352,1.0021,0.0,NORMAL,100,100.0
12:49:54.464,1.0102,0.0,NORMAL,100,100.0
12:49:54.567,1.003,0.0,NORMAL,100,100.0
12:49:54.678,1.0176,0.0,NORMAL,100,100.0
12:49:54.795,1.0168,0.0,NORMAL,100,100.0
12:49:54.906,1.0097,0.0,NORMAL,100,100.0
12:49:55.019,1.0096,0.0,NORMAL,100,100.0
12:49:55.128,1.0002,0.0,NORMAL,100,100.0
12:49:55.245,1.0101,0.0,NORMAL,100,100.0
12:49:55.358,1.0023,0.0,NORMAL,100,100.0
12:49:55.469,1.0008,0.0,NORMAL,100,100.0
12:49:55.575,1.0125,0.0,NORMAL,100,100.0
12:49:55.686,1.0064,0.0,NORMAL,100,100.0
12:49:55.808,1.0025,0.0,NORMAL,100,100.0
12:49:55.934,1.0075,0.0,NORMAL,100,100.0
12:49:56.058,1.0012,0.0,NORMAL,100,100.0
12:49:56.179,1.0013,0.0,NORMAL,100,100.0
12:49:56.299,1.0076,0.0,NORMAL,100,100.0
12:49:56.427,1.0113,0.0,NORMAL,100,100.0
12:49:56.555,1.0142,0.0,NORMAL,100,99.0
12:49:56.684,1.0095,0.0,NORMAL,100,100.0
12:49:56.806,1.0078,0.0,NORMAL,100,100.0
12:49:56.934,1.0024,0.0,NORMAL,100,100.0
12:49:57.058,1.01,0.0,NORMAL,100,100.0
12:49:57.180,1.0055,0.0,NORMAL,100,100.0
12:49:57.307,1.0076,0.0,NORMAL,100,100.0
12:49:57.426,1.0022,0.0,NORMAL,100,100.0
12:49:57.541,1.0189,0.0,NORMAL,100,100.0
12:49:57.662,1.002,0.0,NORMAL,100,100.0
12:49:57.777,1.0101,0.0,NORMAL,100,100.0
12:49:57.900,1.0191,0.0,NORMAL,100,100.0
12:49:58.018,1.0133,0.0,NORMAL,100,100.0
12:49:58.134,1.0058,0.0,NORMAL,100,100.0
12:49:58.264,1.004,0.0,NORMAL,100,100.0
12:49:58.391,1.0085,0.0,NORMAL,100,100.0
12:49:58.515,1.0191,0.0,NORMAL,100,100.0
12:49:58.640,1.0062,0.0,NORMAL,100,100.0
12:49:58.764,1.0119,0.0,NORMAL,100,100.0
12:49:58.888,1.0034,0.0,NORMAL,100,100.0
12:49:59.047,1.0016,0.0,NORMAL,100,100.0
12:49:59.171,1.0157,0.0,NORMAL,100,100.0
12:49:59.294,1.0079,0.0,NORMAL,100,100.0
12:49:59.426,1.0055,0.0,NORMAL,100,100.0
12:49:59.550,1.0039,0.0,NORMAL,100,100.0
12:49:59.678,1.0086,0.0,NORMAL,100,100.0
12:49:59.804,1.0065,0.0,NORMAL,100,100.0
12:49:59.938,1.0035,0.0,NORMAL,100,100.0
12:50:00.076,1.0186,0.0,NORMAL,100,100.0
12:50:00.191,1.0084,0.0,NORMAL,100,100.0
12:50:00.303,1.0021,0.0,NORMAL,100,100.0
12:50:00.424,1.0029,0.0,NORMAL,100,100.0
12:50:00.551,1.0046,0.0,NORMAL,100,100.0
12:50:00.671,1.0048,0.0,NORMAL,100,100.0
12:50:00.782,1.0088,0.0,NORMAL,100,100.0
12:50:00.885,1.0134,0.0,NORMAL,100,100.0
12:50:01.001,1.0095,0.0,NORMAL,100,100.0
12:50:01.119,1.0004,0.0,NORMAL,100,100.0
12:50:01.237,1.0025,0.0,NORMAL,100,100.0
12:50:01.350,1.003,0.0,NORMAL,100,100.0
12:50:01.471,1.0144,0.0,NORMAL,100,100.0
12:50:01.587,1.0055,0.0,NORMAL,100,100.0
12:50:01.698,1.002,0.0,NORMAL,100,100.0
12:50:01.814,1.0037,0.0,NORMAL,100,100.0
12:50:01.933,1.0181,0.0,NORMAL,100,100.0
12:50:02.052,1.0163,0.0,NORMAL,100,98.0
12:50:02.163,1.013,0.0,NORMAL,100,100.0
12:50:02.271,1.0131,0.0,NORMAL,100,100.0
12:50:02.382,1.017,0.0,NORMAL,100,100.0
12:50:02.493,1.0066,0.0,NORMAL,100,100.0
12:50:02.605,1.0134,0.0,NORMAL,100,100.0
12:50:02.723,1.0029,0.0,NORMAL,100,100.0
12:50:02.856,1.0032,0.0,NORMAL,100,100.0
12:50:02.967,1.0123,0.0,NORMAL,100,100.0
12:50:03.082,1.001,0.0,NORMAL,100,100.0
12:50:03.187,1.0139,0.0,NORMAL,100,100.0
12:50:03.303,1.0099,0.0,NORMAL,100,100.0
12:50:03.436,1.0084,0.0,NORMAL,100,100.0
12:50:03.550,1.0164,0.0,NORMAL,100,100.0
12:50:03.664,1.0097,0.0,NORMAL,100,100.0
12:50:03.778,1.0003,0.0,NORMAL,100,100.0
12:50:03.887,1.019,0.0,NORMAL,100,100.0
12:50:04.005,1.0038,0.0,NORMAL,100,100.0
12:50:04.118,1.0078,0.0,NORMAL,100,100.0
12:50:04.228,1.0152,0.0,NORMAL,100,100.0
12:50:04.350,1.0197,0.0,NORMAL,100,100.0
12:50:04.464,1.0169,0.0,NORMAL,100,100.0
12:50:04.578,1.0142,0.0,NORMAL,100,100.0
12:50:04.689,1.0019,0.0,NORMAL,100,100.0
12:50:04.806,1.0007,0.0,NORMAL,100,100.0
12:50:04.917,1.007,0.0,NORMAL,100,100.0
12:50:05.019,1.0116,0.0,NORMAL,100,100.0
12:50:05.127,1.017,0.0,NORMAL,100,100.0
12:50:05.239,1.0051,0.0,NORMAL,100,100.0
12:50:05.355,1.0136,0.0,NORMAL,100,100.0
12:50:05.465,1.011,0.0,NORMAL,100,100.0
12:50:05.570,1.0129,0.0,NORMAL,100,100.0
12:50:05.683,1.0071,0.0,NORMAL,100,100.0
12:50:05.793,1.0005,0.0,NORMAL,100,100.0
12:50:05.907,1.0108,0.0,NORMAL,100,100.0
12:50:06.016,1.005,0.0,NORMAL,100,100.0
12:50:06.130,1.009,0.0,NORMAL,100,100.0
12:50:06.243,1.0158,0.0,NORMAL,100,100.0
12:50:06.339,1.0161,0.0,NORMAL,100,100.0
12:50:06.445,1.0145,0.0,NORMAL,100,100.0
12:50:06.546,1.0009,0.0,NORMAL,100,100.0
12:50:06.660,1.0171,0.0,NORMAL,100,100.0
12:50:06.763,1.0008,0.0,NORMAL,100,100.0
12:50:06.868,1.0155,0.0,NORMAL,100,100.0
12:50:06.975,1.0063,0.0,NORMAL,100,100.0
12:50:07.085,1.0175,0.0,NORMAL,100,100.0
12:50:07.193,1.0042,0.0,NORMAL,100,100.0
12:50:07.297,1.0117,0.0,NORMAL,100,100.0
12:50:07.408,1.0043,0.0,NORMAL,100,100.0
12:50:07.535,1.0193,0.0,NORMAL,100,100.0
12:50:07.643,1.0147,0.0,NORMAL,100,100.0
12:50:07.753,1.0126,0.0,NORMAL,100,100.0
12:50:07.863,1.0122,0.0,NORMAL,100,100.0
12:50:07.974,1.008,0.0,NORMAL,100,100.0
12:50:08.075,1.0052,0.0,NORMAL,100,100.0
12:50:08.178,1.0002,0.0,NORMAL,100,100.0
12:50:08.289,1.0045,0.0,NORMAL,100,100.0
12:50:08.395,1.0076,0.0,NORMAL,100,100.0
12:50:08.510,1.0093,0.0,NORMAL,100,100.0
12:50:08.620,2.5862,0.0,NORMAL,31,44.0
12:50:08.734,1.2395,0.0,NORMAL,100,63.0
12:50:08.843,1.2158,0.0,NORMAL,100,86.0
12:50:08.949,1.1708,0.0,NORMAL,100,98.0
12:50:09.063,1.1527,0.0,NORMAL,100,98.0
12:50:09.176,1.1239,0.0,NORMAL,100,97.0
12:50:09.272,1.1069,0.0,NORMAL,100,79.0
12:50:09.378,1.0856,0.0,NORMAL,100,66.0
12:50:09.498,1.0791,0.0,NORMAL,100,59.0
12:50:09.631,1.0655,0.0,NORMAL,100,41.0
12:50:09.763,1.0537,0.0,NORMAL,100,39.0
12:50:09.879,1.0506,0.0,NORMAL,100,51.0
12:50:09.998,1.0498,0.0,NORMAL,100,81.0
12:50:10.097,1.0177,0.0,NORMAL,100,99.0
12:50:10.200,1.0375,0.0,NORMAL,100,100.0
12:50:10.299,1.0052,0.0,NORMAL,100,99.0
12:50:10.401,1.0308,0.0,NORMAL,100,100.0
12:50:10.516,1.0182,0.0,NORMAL,100,100.0
12:50:10.654,1.0154,0.0,NORMAL,100,100.0
12:50:10.756,1.0014,0.0,NORMAL,100,100.0
12:50:10.859,1.0056,0.0,NORMAL,100,100.0
12:50:10.960,1.0178,0.0,NORMAL,100,100.0
12:50:11.064,1.0171,0.0,NORMAL,100,100.0
12:50:11.163,1.0096,0.0,NORMAL,100,100.0
12:50:11.269,1.014,0.0,NORMAL,100,100.0
12:50:11.360,1.0005,0.0,NORMAL,100,100.0
12:50:11.472,1.0042,0.0,NORMAL,100,100.0
12:50:11.572,1.0145,0.0,NORMAL,100,100.0
12:50:11.685,1.0151,0.0,NORMAL,100,100.0
12:50:11.784,1.0065,0.0,NORMAL,100,100.0
12:50:11.894,1.0001,0.0,NORMAL,100,100.0
12:50:12.013,1.0115,0.0,NORMAL,100,100.0
12:50:12.124,1.0099,0.0,NORMAL,100,100.0
12:50:12.219,1.0029,0.0,NORMAL,100,100.0
12:50:12.329,1.0133,0.0,NORMAL,100,100.0
12:50:12.425,1.0181,0.0,NORMAL,100,100.0
12:50:12.534,1.0176,0.0,NORMAL,100,98.0
12:50:12.648,1.0119,0.0,NORMAL,100,100.0
12:50:12.753,1.0042,0.0,NORMAL,100,100.0
12:50:12.854,1.0083,0.0,NORMAL,100,100.0
12:50:12.972,1.013,0.0,NORMAL,100,100.0
12:50:13.079,1.0014,0.0,NORMAL,100,100.0
12:50:13.187,1.0129,0.0,NORMAL,100,100.0
12:50:13.300,1.0076,0.0,NORMAL,100,100.0
12:50:13.414,1.0011,0.0,NORMAL,100,100.0
12:50:13.516,1.0138,0.0,NORMAL,100,100.0
12:50:13.637,1.0149,0.0,NORMAL,100,100.0
12:50:13.748,1.0111,0.0,NORMAL,100,100.0
12:50:13.850,1.0149,0.0,NORMAL,100,100.0
12:50:13.970,1.0152,0.0,NORMAL,100,100.0
12:50:14.093,1.014,0.0,NORMAL,100,100.0
12:50:14.203,1.007,0.0,NORMAL,100,100.0
12:50:14.321,1.0153,0.0,NORMAL,100,100.0
12:50:14.442,1.0134,0.0,NORMAL,100,100.0
12:50:14.571,1.0155,0.0,NORMAL,100,100.0
12:50:14.682,1.0055,0.0,NORMAL,100,100.0
12:50:14.807,1.0091,0.0,NORMAL,100,100.0
12:50:14.926,1.017,0.0,NORMAL,100,100.0
12:50:15.031,1.0102,0.0,NORMAL,100,100.0
12:50:15.141,1.0054,0.0,NORMAL,100,100.0
12:50:15.260,1.0025,0.0,NORMAL,100,100.0
12:50:15.394,1.0108,0.0,NORMAL,100,100.0
12:50:15.539,1.0084,0.0,NORMAL,100,100.0
12:50:15.663,1.0019,0.0,NORMAL,100,100.0
12:50:15.782,1.0022,0.0,NORMAL,100,100.0
12:50:15.893,1.0155,0.0,NORMAL,100,100.0
12:50:16.014,1.0054,0.0,NORMAL,100,100.0
12:50:16.139,1.0119,0.0,NORMAL,100,100.0
12:50:16.262,1.0034,0.0,NORMAL,100,100.0
12:50:16.388,1.0106,0.0,NORMAL,100,100.0
12:50:16.505,1.0055,0.0,NORMAL,100,100.0
12:50:16.617,1.0024,1.4645,NORMAL,78,57.0
12:50:16.739,1.0055,1.4645,NORMAL,78,56.0
12:50:16.852,1.0074,1.4645,NORMAL,78,56.0
12:50:17.021,1.0115,1.4645,CAUTION,78,58.0
12:50:17.148,1.0032,1.4645,CAUTION,78,57.0
12:50:17.280,1.0167,1.4645,CAUTION,78,58.0
12:50:17.403,1.0038,1.4645,CAUTION,78,56.0
12:50:17.520,2.5469,1.4645,CAUTION,56,100.0
12:50:17.629,1.2255,1.4645,CAUTION,78,85.0
12:50:17.736,1.2137,1.4645,CAUTION,78,67.0
12:50:17.855,1.1551,1.4645,CAUTION,78,60.0
12:50:17.974,1.1588,1.4645,CAUTION,78,60.0
12:50:18.087,1.1293,1.4645,CAUTION,78,67.0
12:50:18.208,1.1097,1.4645,CAUTION,78,83.0
12:50:18.323,1.0812,1.4645,CAUTION,78,90.0
12:50:18.439,1.0575,1.9184,CAUTION,72,99.0
12:50:18.558,1.0542,1.9184,CAUTION,72,99.0
12:50:18.673,1.0486,1.9184,CAUTION,72,98.4
12:50:18.796,1.0471,1.9184,CAUTION,72,96.4
12:50:18.918,1.0387,1.9184,CAUTION,72,78.4
12:50:19.036,1.0517,1.9184,CAUTION,72,77.4
12:50:19.148,1.0407,1.9184,CAUTION,72,75.4
12:50:19.255,1.0202,1.9184,CAUTION,72,79.4
12:50:19.366,1.0199,1.9184,CAUTION,72,75.4
12:50:19.479,1.0003,1.9184,CAUTION,72,73.4
12:50:19.588,1.0269,1.9184,CAUTION,72,74.4
12:50:19.708,1.0057,1.9184,CAUTION,72,69.4
12:50:19.816,1.0149,1.9184,CAUTION,72,74.4
12:50:19.935,1.0048,1.9184,CAUTION,72,69.4
12:50:20.044,1.0002,1.9184,CAUTION,72,71.4
12:50:20.148,1.0023,1.9184,CAUTION,72,70.4
12:50:20.258,1.0035,0.0,CAUTION,100,100.0
12:50:20.371,1.0202,0.0,CAUTION,100,100.0
12:50:20.485,1.0173,0.0,CAUTION,100,100.0
12:50:20.593,1.0211,0.0,NORMAL,100,100.0
12:50:20.702,1.0041,0.0,NORMAL,100,100.0
12:50:20.809,1.0133,0.0,NORMAL,100,100.0
12:50:20.913,1.0127,0.0,NORMAL,100,100.0
12:50:21.027,1.0031,0.0,NORMAL,100,100.0
12:50:21.139,1.0091,0.0,NORMAL,100,100.0
12:50:21.249,1.0077,0.0,NORMAL,100,100.0
12:50:21.360,1.0124,0.0,NORMAL,100,100.0
12:50:21.473,1.011,0.0,NORMAL,100,100.0
12:50:21.584,1.019,0.0,NORMAL,100,100.0
12:50:21.686,1.017,0.0,NORMAL,100,100.0
12:50:21.792,1.0009,0.0,NORMAL,100,100.0
12:50:21.906,1.0152,0.0,NORMAL,100,100.0
12:50:22.024,1.0019,0.0,NORMAL,100,100.0
12:50:22.135,1.009,0.0,NORMAL,100,100.0
12:50:22.241,1.0082,0.0,NORMAL,100,100.0
12:50:22.341,1.0146,0.0,NORMAL,100,100.0
12:50:22.445,1.0111,0.0,NORMAL,100,100.0
12:50:22.547,1.0182,0.0,NORMAL,100,100.0
12:50:22.657,1.0119,0.0,NORMAL,100,100.0
12:50:22.794,1.0077,0.0,NORMAL,100,100.0
12:50:22.913,1.001,0.0,NORMAL,100,100.0
12:50:23.025,1.0038,0.0,NORMAL,100,100.0
12:50:23.144,1.0152,0.0,NORMAL,100,100.0
12:50:23.256,1.0033,0.0,NORMAL,100,100.0
12:50:23.368,1.02,0.0,NORMAL,100,100.0
12:50:23.480,1.0068,0.0,NORMAL,100,100.0
12:50:23.590,2.618,0.0,NORMAL,30,42.0
12:50:23.705,1.2279,0.0,NORMAL,100,63.0
12:50:23.816,1.219,0.0,NORMAL,100,86.0
12:50:23.925,1.1636,1.4513,NORMAL,79,59.0
12:50:24.037,1.1578,1.4513,NORMAL,79,60.0
12:50:24.155,1.1146,1.4513,CAUTION,79,65.0
12:50:24.277,1.1168,1.4513,CAUTION,79,83.0
12:50:24.395,1.0884,1.4513,CAUTION,79,90.0
12:50:24.517,1.0869,1.4513,CAUTION,79,91.0
12:50:24.635,1.0698,1.4513,CAUTION,79,91.0
12:50:24.746,1.0698,1.4513,CAUTION,79,91.0
12:50:24.857,1.0366,1.4513,CAUTION,79,95.0
12:50:24.957,1.0312,1.4513,CAUTION,79,93.0
12:50:25.076,1.0462,1.4513,CAUTION,79,62.0
12:50:25.188,1.0405,1.4513,CAUTION,79,62.0
12:50:25.289,1.0047,1.4513,CAUTION,79,58.0
12:50:25.403,1.0084,1.4513,CAUTION,79,60.0
12:50:25.523,1.0172,1.4513,CAUTION,79,59.0
12:50:25.628,1.0211,1.4513,CAUTION,79,60.0
12:50:25.736,1.0103,0.0,CAUTION,100,100.0
12:50:25.849,1.0064,2.8333,CAUTION,69,75.5
12:50:25.971,1.0085,1.4382,CAUTION,79,57.0
12:50:26.083,1.0214,2.8333,CAUTION,69,74.5
12:50:26.201,1.003,2.8333,CAUTION,69,72.5
12:50:26.313,1.004,2.8333,CAUTION,69,75.5
12:50:26.424,1.0077,2.8333,CAUTION,69,72.5
12:50:26.543,1.008,2.8333,CAUTION,69,72.5
12:50:26.656,1.0021,2.8333,CAUTION,69,73.5
12:50:26.762,1.0031,2.8333,CAUTION,69,72.5
12:50:26.884,1.0008,2.8333,CAUTION,69,73.5
12:50:26.990,1.0145,2.8333,CAUTION,69,74.5
12:50:27.099,1.0084,2.8333,CAUTION,69,73.5
12:50:27.205,1.0062,2.8333,CAUTION,69,73.5
12:50:27.322,1.0016,0.0,CAUTION,100,100.0
12:50:27.429,1.0235,0.0,CAUTION,100,100.0
12:50:27.548,1.0142,1.4382,CAUTION,79,59.0
12:50:27.667,1.0048,1.4382,CAUTION,79,60.0
12:50:27.777,1.0042,3.0,CAUTION,68,75.0
12:50:27.880,1.0156,3.0,CAUTION,68,76.0
12:50:27.986,1.0015,3.0,CAUTION,68,75.0
12:50:28.105,1.0022,1.4842,CAUTION,78,58.0
12:50:28.232,1.0017,1.4842,CAUTION,78,57.0
12:50:28.375,1.0029,1.4842,CAUTION,78,57.0
12:50:28.509,1.0069,1.4842,CAUTION,78,56.0
12:50:28.642,1.0045,1.4842,CAUTION,78,56.0
12:50:28.773,1.0025,1.4842,CAUTION,78,57.0
12:50:28.896,1.0041,1.4842,CAUTION,78,56.0
12:50:29.008,1.0076,1.4842,CAUTION,78,56.0
12:50:29.119,1.003,1.4842,CAUTION,78,56.0
12:50:29.237,1.0094,1.4842,CAUTION,78,57.0
12:50:29.341,1.0191,1.4842,CAUTION,78,60.0
12:50:29.449,1.0145,1.4842,CAUTION,78,58.0
12:50:29.573,1.0048,1.4842,CAUTION,78,60.0
12:50:29.695,1.0005,1.4842,CAUTION,78,58.0
12:50:29.808,1.008,1.4842,CAUTION,78,55.0
12:50:29.920,1.0112,3.0,CAUTION,68,76.0
12:50:30.036,1.0065,0.0,CAUTION,100,100.0
12:50:30.144,1.0136,0.0,CAUTION,100,100.0
12:50:30.254,1.0172,3.0,CAUTION,68,78.0
12:50:30.364,1.0061,3.0,CAUTION,68,74.0
12:50:30.479,1.0085,3.0,CAUTION,68,78.0
12:50:30.596,1.0085,3.0,CAUTION,68,75.0
12:50:30.753,1.0131,0.0,CAUTION,100,100.0
12:50:30.892,1.011,0.0,CAUTION,100,100.0
12:50:31.010,1.0194,3.0,CAUTION,68,78.0
12:50:31.136,1.007,3.0,CAUTION,68,74.0
12:50:31.259,1.0099,3.0,CAUTION,68,79.0
12:50:31.377,1.0139,3.0,CAUTION,68,78.0
12:50:31.483,1.0042,3.0,CAUTION,68,75.0
12:50:31.596,1.0071,3.0,CAUTION,68,74.0
12:50:31.708,1.0083,3.0,CAUTION,68,75.0
12:50:31.827,1.0077,3.0,CAUTION,68,74.0
12:50:31.944,1.0121,3.0,CAUTION,68,76.0
12:50:32.072,1.0097,3.0,CAUTION,68,76.0
12:50:32.191,1.0064,3.0,CAUTION,68,75.0
12:50:32.308,1.0122,3.0,CAUTION,68,75.0
12:50:32.419,1.0043,0.0,CAUTION,100,100.0
12:50:32.525,1.0089,0.0,CAUTION,100,100.0
12:50:32.626,1.0073,0.0,CAUTION,100,100.0
12:50:32.742,1.0157,0.0,NORMAL,100,100.0
12:50:32.848,1.0158,0.0,NORMAL,100,100.0
12:50:32.958,1.0121,0.0,NORMAL,100,100.0
12:50:33.070,1.015,0.0,NORMAL,100,100.0
12:50:33.183,1.0122,0.0,NORMAL,100,100.0
12:50:33.298,1.0115,0.0,NORMAL,100,100.0
12:50:33.428,1.0102,0.0,NORMAL,100,100.0
12:50:33.531,1.0158,0.0,NORMAL,100,100.0
12:50:33.638,1.0044,0.0,NORMAL,100,100.0
12:50:33.741,1.007,0.0,NORMAL,100,100.0
12:50:33.856,1.0202,0.0,NORMAL,100,100.0
12:50:33.957,1.012,0.0,NORMAL,100,100.0
12:50:34.063,1.0052,0.0,NORMAL,100,100.0
12:50:34.176,1.006,0.0,NORMAL,100,100.0
12:50:34.287,1.0043,0.0,NORMAL,100,100.0
12:50:34.399,1.0058,0.0,NORMAL,100,100.0
12:50:34.512,1.0063,0.0,NORMAL,100,100.0
12:50:34.613,1.0134,0.0,NORMAL,100,100.0
12:50:34.727,1.0072,0.0,NORMAL,100,100.0
12:50:34.866,1.0034,0.0,NORMAL,100,100.0
12:50:34.984,1.0048,0.0,NORMAL,100,100.0
12:50:35.093,2.6904,0.0,NORMAL,30,44.0
12:50:35.204,1.2448,0.0,NORMAL,100,59.0
12:50:35.314,1.2102,0.0,NORMAL,100,86.0
12:50:35.410,1.2028,0.0,NORMAL,100,98.0
12:50:35.526,1.1667,0.0,NORMAL,100,98.0
12:50:35.636,1.1262,0.0,NORMAL,100,97.0
12:50:35.753,1.1289,0.0,NORMAL,100,81.0
12:50:35.857,1.0862,0.0,NORMAL,100,70.0
12:50:35.963,1.0684,0.0,NORMAL,100,64.0
12:50:36.068,1.0602,1.95,NORMAL,72,99.0
12:50:36.183,1.0518,1.95,NORMAL,72,99.0
12:50:36.298,1.0416,1.95,NORMAL,72,96.8
12:50:36.414,1.0359,1.95,CAUTION,72,79.8
12:50:36.524,1.0386,1.95,CAUTION,72,76.8
12:50:36.641,1.035,1.95,CAUTION,72,75.8
12:50:36.758,1.0422,1.95,CAUTION,72,75.8
12:50:36.865,1.027,1.95,CAUTION,72,75.8
12:50:36.979,1.0087,0.0,CAUTION,100,100.0
12:50:37.096,1.0316,0.0,CAUTION,100,100.0
12:50:37.213,1.0251,0.0,CAUTION,100,100.0
12:50:37.318,1.0016,0.0,NORMAL,100,99.0
12:50:37.432,1.0046,0.0,NORMAL,100,100.0
12:50:37.550,1.0291,0.0,NORMAL,65,99.0
12:50:37.656,1.0208,0.0,NORMAL,65,99.0
12:50:37.773,1.0049,0.0,NORMAL,65,99.0
12:50:37.880,1.0205,0.0,CAUTION,65,99.0
12:50:37.993,1.0015,0.0,CAUTION,65,99.0
12:50:38.108,1.0131,0.0,CAUTION,65,99.0
12:50:38.226,1.0058,0.0,CAUTION,65,99.0
12:50:38.344,1.0208,0.0,CAUTION,65,99.0
12:50:38.458,1.0117,0.0,CAUTION,65,99.0
12:50:38.578,1.0152,0.0,CAUTION,65,99.0
12:50:38.682,1.0041,4.0193,CAUTION,65,74.0
12:50:38.797,1.0128,4.0193,CAUTION,65,77.0
12:50:38.910,1.0105,4.0193,CAUTION,65,76.0
12:50:39.026,1.0105,4.0193,CAUTION,65,76.0
12:50:39.133,1.0066,4.0193,CAUTION,51,56.0
12:50:39.239,1.012,4.0193,CAUTION,51,57.0
12:50:39.353,1.0094,0.0,CAUTION,100,100.0
12:50:39.462,1.0108,0.0,CAUTION,100,100.0
12:50:39.567,1.0062,2.3,CAUTION,68,74.0
12:50:39.683,1.0161,0.0,NORMAL,100,100.0
12:50:39.790,1.0176,0.0,NORMAL,100,100.0
12:50:39.899,1.0007,0.0,NORMAL,100,100.0
12:50:40.004,1.0037,0.0,NORMAL,100,100.0
12:50:40.118,1.0036,0.0,NORMAL,100,100.0
12:50:40.220,1.005,0.0,NORMAL,100,100.0
12:50:40.328,1.0125,0.0,NORMAL,100,100.0
12:50:40.439,1.0122,0.0,NORMAL,100,100.0
12:50:40.543,1.0123,0.0,NORMAL,100,100.0
12:50:40.647,1.0063,0.0,NORMAL,100,100.0
12:50:40.757,1.0001,0.0,NORMAL,100,100.0
12:50:40.864,1.0082,0.0,NORMAL,100,100.0
12:50:40.980,1.0104,0.0,NORMAL,100,100.0
12:50:41.095,1.0046,0.0,NORMAL,100,100.0
12:50:41.201,1.0063,0.0,NORMAL,100,100.0
12:50:41.346,1.0003,0.0,NORMAL,100,100.0
12:50:41.458,1.0055,0.0,NORMAL,100,100.0
12:50:41.572,1.0095,0.0,NORMAL,100,100.0
12:50:41.686,1.0043,2.5,NORMAL,72,70.5
12:50:41.791,1.012,1.3625,NORMAL,80,58.0
12:50:41.899,1.0108,1.3625,NORMAL,80,58.0
12:50:42.009,1.0018,1.3625,CAUTION,80,58.0
12:50:42.119,1.0085,1.3625,CAUTION,80,56.0
12:50:42.226,1.007,1.3625,CAUTION,80,56.0
12:50:42.338,1.0155,1.3625,CAUTION,80,59.0
12:50:42.446,1.0042,1.3625,CAUTION,80,56.0
12:50:42.557,1.0062,1.3625,CAUTION,80,57.0
12:50:42.674,1.0013,1.3625,CAUTION,80,57.0
12:50:42.793,1.015,1.3625,CAUTION,80,58.0
12:50:42.910,1.0177,1.3625,CAUTION,80,60.0
12:50:43.030,1.0125,1.3625,CAUTION,80,59.0
12:50:43.139,1.0179,1.3625,CAUTION,80,62.0
12:50:43.252,1.0082,1.3625,CAUTION,80,57.0
12:50:43.359,1.0046,1.3625,CAUTION,80,59.0
12:50:43.469,1.0053,1.3625,CAUTION,80,56.0
12:50:43.591,1.0016,1.3625,CAUTION,80,57.0
12:50:43.712,1.0182,0.0,CAUTION,100,100.0
12:50:43.819,1.0174,0.0,CAUTION,100,100.0
12:50:43.927,1.0086,0.0,CAUTION,100,100.0
12:50:44.044,1.0123,2.5,CAUTION,72,74.5
12:50:44.161,1.0057,2.5,CAUTION,72,69.5
12:50:44.275,1.0062,2.5,CAUTION,72,69.5
12:50:44.392,1.0061,2.5,CAUTION,72,69.5
12:50:44.512,1.0127,2.5,CAUTION,72,70.5
12:50:44.625,1.0082,2.5,CAUTION,72,69.5
12:50:44.731,1.0032,2.5,CAUTION,72,69.5
12:50:44.840,1.0232,2.5,CAUTION,72,71.5
12:50:44.955,1.0187,0.0,CAUTION,100,100.0
12:50:45.065,1.0056,0.0,CAUTION,100,100.0
12:50:45.169,1.007,0.0,CAUTION,100,100.0
12:50:45.275,1.003,0.0,NORMAL,100,100.0
12:50:45.392,1.0033,0.0,NORMAL,100,100.0
12:50:45.507,1.0077,1.3417,NORMAL,80,56.0
12:50:45.622,1.0152,1.3417,NORMAL,80,58.0
12:50:45.735,1.0059,1.3417,NORMAL,80,57.0
12:50:45.832,1.3792,1.3417,CAUTION,80,58.0
12:50:45.953,1.0722,1.3417,CAUTION,80,89.0
12:50:46.069,1.0509,1.3417,CAUTION,80,100.0
12:50:46.177,1.0267,1.3417,CAUTION,80,90.0
12:50:46.278,1.0405,1.3417,CAUTION,80,66.0
12:50:46.394,1.0312,1.3417,CAUTION,80,63.0
12:50:46.505,1.0404,1.3417,CAUTION,80,63.0
12:50:46.603,1.0366,1.3417,CAUTION,80,62.0
12:50:46.715,1.0209,1.3417,CAUTION,80,62.0
12:50:46.827,1.0001,1.3417,CAUTION,80,60.0
12:50:46.938,1.009,1.3417,CAUTION,80,61.0
12:50:47.057,1.001,1.3417,CAUTION,80,59.0
12:50:47.177,1.0197,1.3417,CAUTION,80,58.0
12:50:47.317,1.0015,0.0,CAUTION,100,100.0
12:50:47.436,1.0021,0.0,CAUTION,100,100.0
12:50:47.551,1.0191,0.0,CAUTION,100,100.0
12:50:47.658,1.0186,0.0,NORMAL,100,100.0
12:50:47.768,1.0131,0.0,NORMAL,100,100.0
12:50:47.875,1.0066,0.0,NORMAL,100,100.0
12:50:47.973,1.0087,0.0,NORMAL,100,100.0
12:50:48.079,1.0011,0.0,NORMAL,100,100.0
12:50:48.188,1.0002,1.4,NORMAL,80,57.0
12:50:48.308,1.013,1.4,NORMAL,80,58.0
12:50:48.426,1.0093,1.4,NORMAL,80,58.0
12:50:48.543,1.0137,1.4,CAUTION,80,59.0
12:50:48.653,1.0045,1.4,CAUTION,80,57.0
12:50:48.767,1.0101,1.4,CAUTION,80,57.0
12:50:48.883,1.0084,0.0,CAUTION,100,100.0
12:50:48.987,1.0081,1.4,CAUTION,80,56.0
12:50:49.105,1.0078,1.4,CAUTION,80,56.0
12:50:49.212,1.0032,1.4,CAUTION,80,56.0
12:50:49.325,1.0014,1.4,CAUTION,80,57.0
12:50:49.435,1.0175,2.1667,CAUTION,76,58.0
12:50:49.551,1.0027,2.1667,CAUTION,76,57.0
12:50:49.656,1.0022,1.4,CAUTION,80,60.0
12:50:49.759,1.0218,1.4,CAUTION,80,58.0
12:50:49.876,1.0011,1.4,CAUTION,80,57.0
12:50:49.987,1.0082,0.0,CAUTION,100,100.0
12:50:50.089,1.0148,0.0,CAUTION,100,100.0
12:50:50.203,1.0038,0.0,CAUTION,100,100.0
12:50:50.320,1.0095,0.0,NORMAL,100,100.0
12:50:50.430,1.0017,0.0,NORMAL,100,100.0
12:50:50.539,1.0179,0.0,NORMAL,100,100.0
12:50:50.642,1.0002,0.0,NORMAL,100,100.0
12:50:50.754,1.0168,0.0,NORMAL,100,100.0
12:50:50.867,1.0041,0.0,NORMAL,100,100.0
12:50:50.980,1.0011,0.0,NORMAL,100,100.0
12:50:51.086,1.0068,0.0,NORMAL,100,100.0
12:50:51.196,1.0148,0.0,NORMAL,100,100.0
12:50:51.318,1.0036,0.0,NORMAL,100,100.0
12:50:51.417,1.0036,0.0,NORMAL,100,100.0
12:50:51.521,1.005,0.0,NORMAL,100,100.0
12:50:51.631,1.0107,0.0,NORMAL,100,100.0
12:50:51.736,1.0034,0.0,NORMAL,100,100.0
12:50:51.836,1.0097,0.0,NORMAL,100,100.0
12:50:51.929,1.0033,0.0,NORMAL,100,100.0
12:50:52.035,1.0196,0.0,NORMAL,100,100.0
12:50:52.140,1.0138,0.0,NORMAL,100,100.0
12:50:52.247,1.0116,0.0,NORMAL,100,100.0
12:50:52.346,1.0006,2.5,NORMAL,72,70.5
12:50:52.458,1.0186,2.5,NORMAL,72,71.5
12:50:52.568,1.0075,2.5,NORMAL,72,69.5
12:50:52.686,1.0037,2.5,CAUTION,72,72.5
12:50:52.803,1.0133,2.5,CAUTION,72,71.5
12:50:52.915,1.0033,1.3694,CAUTION,80,56.0
12:50:53.032,1.0088,1.3694,CAUTION,80,56.0
12:50:53.176,1.0022,1.3694,CAUTION,80,58.0
12:50:53.296,1.0101,1.3694,CAUTION,80,58.0
12:50:53.408,1.0117,1.3694,CAUTION,80,58.0
12:50:53.519,1.013,1.3694,CAUTION,80,58.0
12:50:53.627,1.0143,1.3694,CAUTION,80,58.0
12:50:53.741,1.0046,1.3694,CAUTION,80,57.0
12:50:53.844,1.0025,1.3694,CAUTION,80,58.0
12:50:53.960,1.0048,1.3694,CAUTION,80,56.0
12:50:54.077,1.0034,1.3694,CAUTION,80,56.0
12:50:54.197,1.0019,1.3694,CAUTION,80,57.0
12:50:54.313,1.0065,1.3694,CAUTION,80,55.0
12:50:54.423,1.0012,1.3694,CAUTION,80,57.0
12:50:54.540,1.0119,0.0,CAUTION,100,100.0
12:50:54.658,1.0051,0.0,CAUTION,100,100.0
12:50:54.765,1.012,1.5,CAUTION,78,57.0
12:50:54.883,1.0113,1.5,CAUTION,78,58.0
12:50:54.992,1.0133,1.5,CAUTION,78,58.0
12:50:55.094,1.0097,1.5,CAUTION,78,58.0
12:50:55.194,2.6897,1.5,CAUTION,55,97.0
12:50:55.301,1.2527,1.5,CAUTION,78,85.0
12:50:55.402,1.223,1.5,CAUTION,78,67.0
12:50:55.508,1.1929,1.5,CAUTION,78,59.0
12:50:55.618,1.1631,1.5,CAUTION,78,60.0
12:50:55.736,1.1203,1.5,CAUTION,78,65.0
12:50:55.842,1.1087,1.5,CAUTION,78,82.0
12:50:55.954,1.0957,1.5,CAUTION,78,90.0
12:50:56.060,1.0797,1.3417,CAUTION,80,91.0
12:50:56.174,1.0561,1.3417,CAUTION,80,91.0
12:50:56.285,1.0744,1.3417,CAUTION,80,90.0
12:50:56.389,1.0657,1.3417,CAUTION,80,88.0
12:50:56.499,1.043,1.3417,CAUTION,80,95.0
12:50:56.607,1.0357,1.3417,CAUTION,80,93.0
12:50:56.724,1.0228,1.3417,CAUTION,80,62.0
12:50:56.839,1.0242,1.3417,CAUTION,80,62.0
12:50:56.956,1.0161,1.3417,CAUTION,80,63.0
12:50:57.075,1.029,0.0,CAUTION,100,100.0
12:50:57.181,1.0018,0.0,CAUTION,100,99.0
12:50:57.289,1.0083,0.0,CAUTION,100,100.0
12:50:57.403,1.0116,0.0,NORMAL,100,100.0
12:50:57.517,1.029,0.0,NORMAL,100,100.0
12:50:57.620,1.018,1.775,NORMAL,74,70.7
12:50:57.723,1.0074,1.775,NORMAL,74,70.7
12:50:57.843,1.0033,1.775,NORMAL,74,70.7
12:50:57.968,1.0,1.775,CAUTION,74,68.7
12:50:58.086,1.0141,1.775,CAUTION,74,69.7
12:50:58.192,1.0031,1.775,CAUTION,74,67.7
12:50:58.304,1.0042,1.775,CAUTION,74,67.7
12:50:58.413,1.0077,1.775,CAUTION,74,67.7
12:50:58.516,1.0075,1.775,CAUTION,74,67.7
12:50:58.636,1.009,1.775,CAUTION,74,69.7
12:50:58.757,1.0031,1.775,CAUTION,74,68.7
12:50:58.866,1.007,1.3714,CAUTION,80,56.0
12:50:58.982,1.0027,1.3714,CAUTION,80,57.0
12:50:59.125,1.0153,1.3714,CAUTION,80,58.0
12:50:59.231,1.0053,1.3714,CAUTION,80,56.0
12:50:59.343,1.0023,1.3714,CAUTION,80,58.0
12:50:59.459,1.0132,1.3714,CAUTION,80,59.0
12:50:59.571,1.0137,1.3714,CAUTION,80,58.0
12:50:59.691,1.01,1.3714,CAUTION,80,58.0
12:50:59.813,1.0008,1.3714,CAUTION,80,59.0
12:50:59.927,1.0143,1.3714,CAUTION,80,58.0
12:51:00.039,1.0134,1.3714,CAUTION,80,58.0
12:51:00.156,1.015,1.3714,CAUTION,80,59.0
12:51:00.275,1.0156,1.3714,CAUTION,80,59.0
12:51:00.388,1.0111,0.0,CAUTION,100,100.0
12:51:00.499,1.0175,5.0,CAUTION,37,78.0
12:51:00.606,1.0152,5.0,CAUTION,37,77.0
12:51:00.712,1.0017,5.0,CAUTION,37,78.0
12:51:00.820,1.0017,5.0,HAZARD,37,76.0
12:51:00.927,1.0002,5.0,HAZARD,37,75.0
12:51:01.039,1.0149,5.0,HAZARD,37,76.0
12:51:01.156,1.0124,5.0,HAZARD,37,76.0
12:51:01.271,1.006,5.0,HAZARD,37,75.0
12:51:01.385,1.0171,5.0,HAZARD,37,77.0
12:51:01.496,1.0118,5.0,HAZARD,37,76.0
12:51:01.601,1.0144,5.0,HAZARD,37,80.0
12:51:01.720,1.0009,5.0,HAZARD,37,75.0
12:51:01.838,1.0131,0.0,HAZARD,100,100.0
12:51:01.950,1.0046,0.0,HAZARD,100,100.0
12:51:02.057,1.0146,0.0,HAZARD,100,100.0
12:51:02.169,1.0066,0.0,NORMAL,100,100.0
12:51:02.271,1.0043,0.0,NORMAL,100,100.0
12:51:02.388,1.0022,0.0,NORMAL,100,100.0
12:51:02.485,1.0152,0.0,NORMAL,100,100.0
12:51:02.597,1.0168,0.0,NORMAL,100,100.0
12:51:02.701,1.0106,0.0,NORMAL,100,100.0
12:51:02.806,1.0021,0.0,NORMAL,100,100.0
12:51:02.921,1.0004,0.0,NORMAL,100,100.0
12:51:03.025,1.0019,0.0,NORMAL,100,100.0
12:51:03.140,1.012,0.0,NORMAL,100,100.0
12:51:03.235,1.0165,0.0,NORMAL,100,100.0
12:51:03.341,1.0077,0.0,NORMAL,100,100.0
12:51:03.453,1.0015,0.0,NORMAL,100,100.0
12:51:03.557,1.0098,0.0,NORMAL,100,100.0
12:51:03.672,1.0028,0.0,NORMAL,100,100.0
12:51:03.775,1.0059,0.0,NORMAL,100,100.0
12:51:03.884,1.0108,0.0,NORMAL,100,100.0
12:51:03.996,1.014,0.0,NORMAL,100,100.0
12:51:04.097,1.0089,0.0,NORMAL,100,100.0
12:51:04.199,1.0012,0.0,NORMAL,100,100.0
12:51:04.310,1.0008,0.0,NORMAL,100,100.0
12:51:04.423,1.01,0.0,NORMAL,100,100.0
12:51:04.530,1.0116,0.0,NORMAL,100,100.0
12:51:04.643,1.005,0.0,NORMAL,100,100.0
12:51:04.753,1.0137,0.0,NORMAL,100,100.0
12:51:04.864,1.0073,0.0,NORMAL,100,100.0
12:51:04.961,1.0085,0.0,NORMAL,100,100.0
12:51:05.067,1.0069,0.0,NORMAL,100,100.0
12:51:05.175,1.0143,0.0,NORMAL,100,100.0
12:51:05.278,1.0192,0.0,NORMAL,100,100.0
12:51:05.421,1.0174,0.0,NORMAL,100,100.0
12:51:05.539,1.0132,0.0,NORMAL,100,100.0
12:51:05.655,1.0105,0.0,NORMAL,100,100.0
12:51:05.772,1.012,0.0,NORMAL,100,100.0
12:51:05.875,1.0123,0.0,NORMAL,100,100.0
12:51:05.986,1.0069,0.0,NORMAL,100,100.0
12:51:06.093,1.0055,0.0,NORMAL,100,100.0
12:51:06.205,1.0073,0.0,NORMAL,100,100.0
12:51:06.312,1.0015,0.0,NORMAL,100,100.0
12:51:06.412,1.0111,0.0,NORMAL,100,100.0
12:51:06.527,1.0108,0.0,NORMAL,100,100.0
12:51:06.630,1.0163,0.0,NORMAL,100,100.0
12:51:06.743,1.0172,0.0,NORMAL,100,100.0
12:51:06.856,1.013,0.0,NORMAL,100,100.0
12:51:06.963,1.0086,0.0,NORMAL,100,100.0
12:51:07.068,1.0115,0.0,NORMAL,100,100.0
12:51:07.181,1.0036,0.0,NORMAL,100,100.0
12:51:07.286,1.0121,0.0,NORMAL,100,100.0
12:51:07.388,1.018,0.0,NORMAL,100,100.0
12:51:07.510,1.0148,0.0,NORMAL,100,100.0
12:51:07.623,1.0057,0.0,NORMAL,100,100.0
12:51:07.731,1.0025,0.0,NORMAL,100,100.0
12:51:07.840,1.019,0.0,NORMAL,100,100.0
12:51:07.938,1.005,0.0,NORMAL,100,100.0
12:51:08.047,1.0059,0.0,NORMAL,100,100.0
12:51:08.153,1.0024,0.0,NORMAL,100,100.0
12:51:08.266,1.0048,0.0,NORMAL,100,100.0
12:51:08.376,1.0135,1.85,NORMAL,74,70.6
12:51:08.484,1.0077,1.85,NORMAL,74,68.6
12:51:08.599,1.0033,1.85,NORMAL,74,68.6
12:51:08.709,1.0046,1.85,CAUTION,74,68.6
12:51:08.825,1.0061,1.85,CAUTION,74,68.6
12:51:08.944,1.0037,1.85,CAUTION,74,68.6
12:51:09.057,1.0057,1.775,CAUTION,74,67.7
12:51:09.172,1.0058,1.775,CAUTION,74,67.7
12:51:09.287,1.0088,1.775,CAUTION,74,68.7
12:51:09.401,1.0035,1.775,CAUTION,74,68.7
12:51:09.525,1.0074,1.775,CAUTION,74,67.7
12:51:09.640,1.0015,1.775,CAUTION,74,68.7
12:51:09.753,1.0097,1.775,CAUTION,74,69.7
12:51:09.870,1.0135,1.775,CAUTION,74,70.7
12:51:09.984,1.0024,1.775,CAUTION,74,68.7
12:51:10.086,1.0002,1.775,CAUTION,74,68.7
12:51:10.190,1.0134,1.9719,CAUTION,72,72.1
12:51:10.309,1.0045,1.9719,CAUTION,72,71.1
12:51:10.428,1.0051,1.9719,CAUTION,72,70.1
12:51:10.537,1.0043,1.9719,CAUTION,72,70.1
12:51:10.644,1.0018,1.775,CAUTION,74,68.7
12:51:10.761,1.0096,1.775,CAUTION,74,69.7
12:51:10.883,1.0152,1.9719,CAUTION,72,73.1
12:51:10.994,1.0138,1.9719,CAUTION,72,72.1
12:51:11.107,1.0022,1.9719,CAUTION,72,72.1
12:51:11.209,1.0057,1.9719,CAUTION,72,70.1
12:51:11.324,1.0113,1.9719,CAUTION,72,71.1
12:51:11.446,1.0179,1.9719,CAUTION,72,73.1
12:51:11.567,1.0009,1.9719,CAUTION,72,71.1
12:51:11.695,1.0084,1.9719,CAUTION,72,73.1
12:51:11.826,1.009,1.9719,CAUTION,72,72.1
12:51:11.948,1.0146,1.9719,CAUTION,72,72.1
12:51:12.061,1.0114,0.0,CAUTION,100,100.0
12:51:12.181,1.0142,0.0,CAUTION,100,99.0
12:51:12.292,1.012,0.0,CAUTION,100,100.0
12:51:12.406,1.0058,0.0,NORMAL,100,100.0
12:51:12.514,1.0023,0.0,NORMAL,100,100.0
12:51:12.620,1.3709,0.0,NORMAL,100,78.0
12:51:12.724,1.0575,0.0,NORMAL,100,63.0
12:51:12.833,1.04,0.0,NORMAL,100,50.0
12:51:12.964,1.043,0.0,NORMAL,100,81.0
12:51:13.076,1.0393,0.0,NORMAL,100,100.0
12:51:13.187,1.0306,0.0,NORMAL,100,100.0
12:51:13.301,1.01,0.0,NORMAL,100,100.0
12:51:13.416,1.0028,1.425,NORMAL,79,62.0
12:51:13.529,1.0274,1.425,NORMAL,79,58.0
12:51:13.647,1.0214,1.425,NORMAL,79,59.0
12:51:13.768,1.0203,1.425,CAUTION,79,62.0
12:51:13.888,1.0046,1.425,CAUTION,79,59.0
12:51:14.005,1.0043,1.425,CAUTION,79,59.0
12:51:14.120,1.0243,1.425,CAUTION,79,58.0
12:51:14.240,1.0096,1.425,CAUTION,79,58.0
12:51:14.360,1.0192,1.425,CAUTION,79,63.0
12:51:14.479,1.0143,1.425,CAUTION,79,58.0
12:51:14.592,1.0069,1.425,CAUTION,79,60.0
12:51:14.691,1.0116,1.425,CAUTION,79,58.0
12:51:14.803,1.0075,1.425,CAUTION,79,56.0
12:51:14.924,1.0092,1.425,CAUTION,79,58.0
12:51:15.040,1.0141,1.425,CAUTION,79,58.0
12:51:15.144,1.0152,1.425,CAUTION,79,59.0
12:51:15.245,1.0131,0.0,CAUTION,100,100.0
12:51:15.352,1.0161,0.0,CAUTION,100,100.0
12:51:15.466,1.0195,0.0,CAUTION,100,100.0
12:51:15.588,1.0065,2.0,CAUTION,78,59.0
12:51:15.709,1.0093,2.0,CAUTION,78,61.0
12:51:15.830,1.0091,2.0,CAUTION,78,59.0
12:51:15.949,1.0196,2.0,CAUTION,78,60.0
12:51:16.068,1.0104,2.0,CAUTION,78,59.0
12:51:16.177,1.006,0.0,CAUTION,100,100.0
12:51:16.292,1.0129,0.0,CAUTION,100,100.0
12:51:16.408,1.0173,4.9951,CAUTION,37,78.0
12:51:16.532,1.0043,4.9951,CAUTION,37,74.0
12:51:16.636,1.0031,4.9951,HAZARD,37,77.0
12:51:16.756,1.0023,4.9951,HAZARD,37,75.0
12:51:16.872,1.0148,4.9951,HAZARD,37,76.0
12:51:16.985,1.0101,4.9951,HAZARD,37,76.0
12:51:17.102,1.0077,4.9951,HAZARD,37,75.0
12:51:17.218,1.0111,0.0,HAZARD,100,100.0
12:51:17.334,1.0067,0.0,HAZARD,100,100.0
12:51:17.449,1.004,0.0,HAZARD,100,100.0
12:51:17.567,1.0001,0.0,NORMAL,100,100.0
12:51:17.691,1.0056,0.0,NORMAL,100,100.0
12:51:17.806,1.0157,0.0,NORMAL,100,100.0
12:51:17.924,1.0019,0.0,NORMAL,100,100.0
12:51:18.030,1.0002,1.3789,NORMAL,80,58.0
12:51:18.148,1.0088,1.3789,NORMAL,80,57.0
12:51:18.264,1.0036,1.3789,NORMAL,80,57.0
12:51:18.378,1.012,1.3789,CAUTION,80,58.0
12:51:18.501,1.0102,1.3789,CAUTION,80,58.0
12:51:18.621,1.0039,1.3789,CAUTION,80,56.0
12:51:18.722,1.0109,1.3789,CAUTION,80,57.0
12:51:18.833,1.0026,1.3789,CAUTION,80,58.0
12:51:18.944,1.0144,1.3789,CAUTION,80,58.0
12:51:19.057,1.0136,1.3789,CAUTION,80,58.0
12:51:19.166,1.0059,1.3789,CAUTION,80,58.0
12:51:19.274,1.0063,1.3789,CAUTION,80,56.0
12:51:19.388,1.0121,1.3789,CAUTION,80,57.0
12:51:19.504,1.0068,1.3789,CAUTION,80,56.0
12:51:19.622,1.0157,1.3789,CAUTION,80,59.0
12:51:19.744,1.0005,1.4645,CAUTION,78,57.0
12:51:19.863,1.0138,1.4645,CAUTION,78,59.0
12:51:19.975,1.0092,1.4645,CAUTION,78,58.0
12:51:20.084,1.0106,1.4645,CAUTION,78,59.0
12:51:20.199,1.0094,1.4645,CAUTION,78,58.0
12:51:20.319,1.0095,1.4645,CAUTION,78,59.0
12:51:20.437,1.0065,1.4645,CAUTION,78,57.0
12:51:20.551,1.0041,1.4645,CAUTION,78,56.0
12:51:20.668,1.0182,1.4645,CAUTION,78,58.0
12:51:20.786,1.0138,1.4645,CAUTION,78,58.0
12:51:20.897,1.0161,1.4645,CAUTION,78,62.0
12:51:21.007,1.0182,1.4645,CAUTION,78,59.0
12:51:21.134,1.0169,1.4645,CAUTION,78,62.0
12:51:21.249,1.0058,1.4645,CAUTION,78,59.0
12:51:21.366,1.0043,1.4645,CAUTION,78,59.0
12:51:21.475,1.0001,1.4645,CAUTION,78,57.0
12:51:21.593,1.0167,1.9579,CAUTION,72,71.9
12:51:21.708,1.0094,1.9579,CAUTION,72,72.9
12:51:21.826,1.0158,1.9579,CAUTION,72,75.9
12:51:21.933,1.0067,1.9579,CAUTION,72,70.9
12:51:22.051,1.0083,1.9579,CAUTION,72,71.9
12:51:22.168,1.0061,1.9579,CAUTION,72,69.9
12:51:22.288,1.0039,1.9579,CAUTION,72,69.9
12:51:22.409,1.0089,1.9579,CAUTION,72,70.9
12:51:22.524,1.0156,1.9579,CAUTION,72,72.9
12:51:22.636,1.012,1.9579,CAUTION,72,71.9
12:51:22.752,1.0081,1.9579,CAUTION,72,70.9
12:51:22.854,1.0016,1.9579,CAUTION,72,70.9
12:51:22.967,1.0148,1.9579,CAUTION,72,71.9
12:51:23.072,1.0022,1.9579,CAUTION,72,70.9
12:51:23.204,1.0078,1.9579,CAUTION,72,69.9
12:51:23.318,1.0143,1.9579,CAUTION,72,70.9
12:51:23.429,1.02,0.0,CAUTION,100,100.0
12:51:23.543,1.0038,0.0,CAUTION,100,100.0
12:51:23.660,1.0123,0.0,CAUTION,100,100.0
12:51:23.781,1.008,0.0,NORMAL,100,100.0
12:51:23.891,1.0111,0.0,NORMAL,100,100.0
12:51:23.994,1.0204,0.0,NORMAL,100,100.0
12:51:24.100,1.0072,0.0,NORMAL,100,100.0
12:51:24.206,1.0037,0.0,NORMAL,100,100.0
12:51:24.323,1.0111,0.0,NORMAL,100,100.0
12:51:24.433,1.0196,0.0,NORMAL,100,100.0
12:51:24.546,1.0132,0.0,NORMAL,100,100.0
12:51:24.654,1.0003,0.0,NORMAL,100,100.0
12:51:24.770,1.0106,0.0,NORMAL,100,100.0
12:51:24.880,1.0031,0.0,NORMAL,100,100.0
12:51:24.987,1.0034,0.0,NORMAL,100,100.0
12:51:25.103,1.0032,0.0,NORMAL,100,100.0
12:51:25.203,1.0186,0.0,NORMAL,100,100.0
12:51:25.339,1.001,0.0,NORMAL,100,100.0
12:51:25.437,1.0118,0.0,NORMAL,100,100.0
12:51:25.542,1.0126,0.0,NORMAL,100,100.0
12:51:25.659,1.003,0.0,NORMAL,100,100.0
12:51:25.767,1.0106,0.0,NORMAL,100,100.0
12:51:25.881,1.0098,0.0,NORMAL,100,100.0
12:51:25.989,1.0131,0.0,NORMAL,100,100.0
12:51:26.097,1.0009,0.0,NORMAL,100,100.0
12:51:26.208,1.0173,0.0,NORMAL,100,100.0
12:51:26.314,1.0094,0.0,NORMAL,100,100.0
12:51:26.420,1.0023,0.0,NORMAL,100,100.0
12:51:26.535,1.0101,0.0,NORMAL,100,100.0
12:51:26.652,1.0005,0.0,NORMAL,100,100.0
12:51:26.763,1.0073,0.0,NORMAL,100,100.0
12:51:26.879,1.0045,0.0,NORMAL,100,100.0
12:51:26.991,1.014,0.0,NORMAL,100,100.0
12:51:27.101,1.0036,0.0,NORMAL,100,100.0
12:51:27.217,1.0113,0.0,NORMAL,100,100.0
12:51:27.320,1.0042,0.0,NORMAL,100,100.0
12:51:27.447,1.0224,0.0,NORMAL,100,100.0
12:51:27.581,1.0036,0.0,NORMAL,100,100.0
12:51:27.702,1.0085,0.0,NORMAL,100,100.0
12:51:27.824,1.0017,0.0,NORMAL,100,100.0
12:51:27.945,1.0078,0.0,NORMAL,100,100.0
12:51:28.063,1.0032,0.0,NORMAL,100,100.0
12:51:28.186,1.0198,0.0,NORMAL,100,100.0
12:51:28.303,1.0041,0.0,NORMAL,100,100.0
12:51:28.417,1.0089,0.0,NORMAL,100,100.0
12:51:28.541,1.006,0.0,NORMAL,100,100.0
12:51:28.665,1.0135,0.0,NORMAL,100,100.0
12:51:28.783,1.0021,0.0,NORMAL,100,100.0
12:51:28.898,1.015,0.0,NORMAL,100,100.0
12:51:29.020,1.0172,0.0,NORMAL,100,100.0
12:51:29.143,1.0112,0.0,NORMAL,100,100.0
12:51:29.272,1.0185,0.0,NORMAL,100,100.0
12:51:29.388,1.0119,0.0,NORMAL,100,100.0
12:51:29.516,1.0079,0.0,NORMAL,100,100.0
12:51:29.663,1.005,0.0,NORMAL,100,100.0
12:51:29.816,1.0065,0.0,NORMAL,100,100.0
12:51:29.979,1.0123,0.0,NORMAL,100,100.0
12:51:30.160,1.0007,0.0,NORMAL,100,100.0
12:51:30.325,1.0035,0.0,NORMAL,100,100.0
12:51:30.460,1.0106,0.0,NORMAL,100,100.0
12:51:30.589,1.0153,0.0,NORMAL,100,100.0
12:51:30.719,1.0013,0.0,NORMAL,100,100.0
12:51:30.843,1.0058,0.0,NORMAL,100,100.0
12:51:30.964,1.0203,0.0,NORMAL,100,100.0
12:51:31.085,1.0075,0.0,NORMAL,100,100.0
12:51:31.201,1.0003,0.0,NORMAL,100,100.0
12:51:31.312,1.0061,0.0,NORMAL,100,100.0
12:51:31.428,1.0152,0.0,NORMAL,100,100.0
12:51:31.543,2.5708,0.0,NORMAL,31,48.0
12:51:31.660,1.2362,0.0,NORMAL,100,66.0
12:51:31.766,1.1864,0.0,NORMAL,100,86.0
12:51:31.875,1.1857,0.0,NORMAL,100,98.0
12:51:31.986,1.1329,0.0,NORMAL,100,97.0
12:51:32.104,1.1195,0.0,NORMAL,100,81.0
12:51:32.213,1.0972,0.0,NORMAL,100,70.0
12:51:32.323,1.1046,0.0,NORMAL,100,68.0
12:51:32.431,1.0913,0.0,NORMAL,100,45.0
12:51:32.545,1.0546,0.0,NORMAL,100,58.0
12:51:32.647,1.0546,0.0,NORMAL,100,39.0
12:51:32.777,1.0335,0.0,NORMAL,100,59.0
12:51:32.893,1.057,0.0,NORMAL,100,58.0
12:51:33.018,1.0364,0.0,NORMAL,100,75.0
12:51:33.162,1.0229,0.0,NORMAL,100,81.0
12:51:33.273,1.0102,0.0,NORMAL,100,100.0
12:51:33.386,1.0305,0.0,NORMAL,100,100.0
12:51:33.490,1.0356,0.0,NORMAL,100,100.0
12:51:33.602,1.0186,0.0,NORMAL,100,100.0
12:51:33.714,1.0169,0.0,NORMAL,100,100.0
12:51:33.822,1.0225,0.0,NORMAL,100,100.0
12:51:33.933,1.0035,0.0,NORMAL,100,100.0
12:51:34.040,1.005,0.0,NORMAL,100,100.0
12:51:34.144,1.0047,0.0,NORMAL,100,100.0
12:51:34.254,1.0089,0.0,NORMAL,100,100.0
12:51:34.369,1.0109,0.0,NORMAL,100,100.0
12:51:34.485,1.0199,0.0,NORMAL,100,100.0
12:51:34.595,1.0196,0.0,NORMAL,100,100.0
12:51:34.692,1.01,0.0,NORMAL,100,100.0
12:51:34.805,1.0005,0.0,NORMAL,100,100.0
12:51:34.919,1.0037,0.0,NORMAL,100,100.0
12:51:35.016,1.0106,0.0,NORMAL,100,100.0
12:51:35.127,1.0067,0.0,NORMAL,100,100.0
12:51:35.236,1.0044,0.0,NORMAL,100,100.0
12:51:35.343,1.0061,0.0,NORMAL,100,100.0
12:51:35.444,1.0173,0.0,NORMAL,100,100.0
12:51:35.556,1.018,0.0,NORMAL,100,100.0
12:51:35.662,1.0175,0.0,NORMAL,100,100.0
12:51:35.765,1.0082,0.0,NORMAL,100,100.0
12:51:35.869,1.0131,0.0,NORMAL,100,100.0
12:51:35.967,1.0037,0.0,NORMAL,100,100.0
12:51:36.078,1.0054,0.0,NORMAL,100,100.0
12:51:36.189,1.0136,0.0,NORMAL,100,100.0
12:51:36.297,1.0045,0.0,NORMAL,100,100.0
12:51:36.404,1.0009,0.0,NORMAL,100,100.0
12:51:36.523,1.0002,0.0,NORMAL,100,100.0
12:51:36.618,1.0016,0.0,NORMAL,100,100.0
12:51:36.734,1.0137,0.0,NORMAL,100,100.0
12:51:36.844,1.0142,0.0,NORMAL,100,100.0
12:51:36.956,1.0036,0.0,NORMAL,100,100.0
12:51:37.054,1.0023,0.0,NORMAL,100,100.0
12:51:37.157,1.0178,0.0,NORMAL,100,100.0
12:51:37.263,1.0026,0.0,NORMAL,100,100.0
12:51:37.369,1.0064,0.0,NORMAL,100,100.0
12:51:37.472,1.0033,0.0,NORMAL,100,100.0
12:51:37.588,1.0126,0.0,NORMAL,100,100.0
12:51:37.718,1.0075,0.0,NORMAL,100,100.0
12:51:37.838,1.0073,0.0,NORMAL,100,100.0
12:51:37.953,1.011,0.0,NORMAL,100,100.0
12:51:38.069,1.0035,0.0,NORMAL,100,100.0
12:51:38.200,1.011,0.0,NORMAL,100,100.0
12:51:38.352,1.0065,0.0,NORMAL,100,100.0
12:51:38.478,1.0122,0.0,NORMAL,100,100.0
12:51:38.611,1.0052,0.0,NORMAL,100,100.0
12:51:38.731,1.0143,0.0,NORMAL,100,100.0
12:51:38.854,1.0092,0.0,NORMAL,100,100.0
12:51:38.978,1.0137,0.0,NORMAL,100,100.0
12:51:39.083,1.0023,0.0,NORMAL,100,100.0
12:51:39.192,1.0197,0.0,NORMAL,100,100.0
12:51:39.302,1.0027,0.0,NORMAL,100,100.0
12:51:39.409,1.0092,0.0,NORMAL,100,100.0
12:51:39.512,1.0024,0.0,NORMAL,100,100.0
12:51:39.622,1.0086,0.0,NORMAL,100,100.0
12:51:39.735,1.0079,0.0,NORMAL,100,100.0
12:51:39.837,1.0106,0.0,NORMAL,100,100.0
12:51:39.952,1.0093,0.0,NORMAL,100,100.0
12:51:40.068,1.0211,0.0,NORMAL,100,100.0
12:51:40.181,1.0084,0.0,NORMAL,100,100.0
12:51:40.300,1.0038,0.0,NORMAL,100,100.0
12:51:40.411,1.0143,0.0,NORMAL,100,100.0
12:51:40.519,1.008,0.0,NORMAL,100,100.0
12:51:40.618,1.0153,0.0,NORMAL,100,100.0
12:51:40.723,1.0032,0.0,NORMAL,100,100.0
12:51:40.839,1.0023,4.1258,NORMAL,49,58.0
12:51:40.953,1.0051,4.1258,NORMAL,49,56.0
12:51:41.065,1.0047,4.1258,NORMAL,49,56.0
12:51:41.167,1.006,4.1258,HAZARD,49,56.0
12:51:41.275,1.0022,0.0,HAZARD,100,100.0
12:51:41.391,1.007,0.0,HAZARD,100,100.0
12:51:41.500,1.0139,0.0,HAZARD,100,100.0
12:51:41.628,1.0148,0.0,NORMAL,100,100.0
12:51:41.766,1.012,0.0,NORMAL,100,100.0
12:51:41.892,1.007,0.0,NORMAL,100,100.0
12:51:42.023,1.0025,0.0,NORMAL,100,100.0
12:51:42.151,1.01,0.0,NORMAL,100,100.0
12:51:42.260,1.016,0.0,NORMAL,100,100.0
12:51:42.373,1.0081,0.0,NORMAL,100,100.0
12:51:42.487,1.0119,0.0,NORMAL,100,100.0
12:51:42.598,1.018,0.0,NORMAL,100,100.0
12:51:42.713,1.0125,0.0,NORMAL,100,100.0
12:51:42.825,1.0056,0.0,NORMAL,100,100.0
12:51:42.950,1.0169,0.0,NORMAL,100,100.0
12:51:43.049,1.0069,5.0,NORMAL,37,74.0
12:51:43.162,1.0101,5.0,NORMAL,37,79.0
12:51:43.267,1.0017,5.0,NORMAL,37,76.0
12:51:43.380,1.0082,2.0143,NORMAL,72,69.6
12:51:43.496,1.0085,2.0143,HAZARD,72,71.6
12:51:43.614,1.0014,2.0143,CAUTION,72,72.6
12:51:43.726,1.0007,2.0143,CAUTION,72,71.6
12:51:43.874,1.0154,2.0143,CAUTION,72,72.6
12:51:43.990,1.0121,2.0143,CAUTION,72,72.6
12:51:44.096,1.0102,2.0143,CAUTION,72,73.6
12:51:44.215,1.0077,2.0143,CAUTION,72,70.6
12:51:44.328,1.0034,2.0143,CAUTION,72,70.6
12:51:44.447,1.008,2.0143,CAUTION,72,70.6
12:51:44.566,1.0101,2.0143,CAUTION,72,72.6
12:51:44.682,1.0155,5.0,CAUTION,37,77.0
12:51:44.796,1.0154,0.0,CAUTION,100,100.0
12:51:44.913,1.0066,0.0,CAUTION,100,100.0
12:51:45.027,1.0127,0.0,CAUTION,100,100.0
12:51:45.141,1.0075,3.0,CAUTION,68,74.0
12:51:45.258,1.0118,3.0,CAUTION,68,76.0
12:51:45.378,1.0173,0.0,NORMAL,100,100.0
12:51:45.502,1.0003,0.0,NORMAL,100,100.0
12:51:45.625,1.0047,0.0,NORMAL,100,100.0
12:51:45.751,1.003,0.0,NORMAL,100,100.0
12:51:45.882,1.0097,3.0,NORMAL,68,75.0
12:51:46.010,1.0054,0.0,NORMAL,100,100.0
12:51:46.129,1.0043,0.0,NORMAL,100,100.0
12:51:46.256,1.0082,0.0,NORMAL,100,100.0
12:51:46.381,1.0105,0.0,NORMAL,100,100.0
12:51:46.502,1.0103,0.0,NORMAL,100,100.0
12:51:46.627,1.0028,0.0,NORMAL,100,100.0
12:51:46.750,1.0057,0.0,NORMAL,100,100.0
12:51:46.870,1.0105,0.0,NORMAL,100,100.0
12:51:46.990,1.0074,0.0,NORMAL,100,100.0
12:51:47.112,1.0167,0.0,NORMAL,100,100.0
12:51:47.232,1.0001,0.0,NORMAL,100,100.0
12:51:47.352,1.0033,0.0,NORMAL,100,100.0
12:51:47.471,1.0056,0.0,NORMAL,100,100.0
12:51:47.595,1.0042,0.0,NORMAL,100,100.0
12:51:47.710,1.0169,0.0,NORMAL,100,100.0
12:51:47.838,1.0088,0.0,NORMAL,100,100.0
12:51:47.959,1.0009,0.0,NORMAL,100,100.0
12:51:48.077,1.0052,3.0,NORMAL,68,74.0
12:51:48.197,1.0096,3.0,NORMAL,68,76.0
12:51:48.325,1.0022,3.0,NORMAL,68,77.0
12:51:48.443,1.0163,3.0,CAUTION,68,76.0
12:51:48.566,1.011,3.0,CAUTION,68,76.0
12:51:48.687,1.012,3.0,CAUTION,68,79.0
12:51:48.814,1.0028,3.0,CAUTION,68,76.0
12:51:48.933,1.0169,0.0,CAUTION,100,100.0
12:51:49.063,1.0144,2.1667,CAUTION,76,58.0
12:51:49.188,1.0079,2.1667,CAUTION,76,59.0
12:51:49.317,1.0111,2.1667,CAUTION,76,59.0
12:51:49.440,1.0006,2.1667,CAUTION,76,57.0
12:51:49.568,1.0053,0.0,CAUTION,100,100.0
12:51:49.691,1.0018,2.1667,CAUTION,76,57.0
12:51:49.809,1.0036,0.0,CAUTION,100,100.0
12:51:49.928,1.0022,2.1667,CAUTION,76,57.0
12:51:50.056,1.0066,2.1667,CAUTION,76,56.0
12:51:50.193,1.0096,2.1667,CAUTION,76,58.0
12:51:50.316,1.002,2.1667,CAUTION,76,59.0
12:51:50.446,1.0022,2.1667,CAUTION,76,57.0
12:51:50.565,1.0161,0.0,CAUTION,100,100.0
12:51:50.681,1.017,0.0,CAUTION,100,100.0
12:51:50.803,1.0059,0.0,CAUTION,100,100.0
12:51:50.927,1.0006,0.0,NORMAL,100,100.0
12:51:51.031,1.006,0.0,NORMAL,100,100.0
12:51:51.144,1.0039,1.5961,NORMAL,77,56.0
12:51:51.255,1.0016,0.0,NORMAL,100,100.0
12:51:51.371,1.0086,1.5961,NORMAL,77,56.0
12:51:51.484,1.0095,0.0,NORMAL,100,100.0
12:51:51.591,1.0032,3.0,NORMAL,68,75.0
12:51:51.723,1.0026,1.5961,CAUTION,77,57.0
12:51:51.848,1.001,1.5961,CAUTION,77,57.0
12:51:51.964,1.0148,0.0,CAUTION,100,100.0
12:51:52.079,1.0064,0.0,CAUTION,100,100.0
12:51:52.196,1.0097,0.0,NORMAL,100,100.0
12:51:52.311,1.0033,1.5961,CAUTION,77,57.0
12:51:52.420,1.0069,0.0,NORMAL,100,100.0
12:51:52.525,1.0077,0.0,NORMAL,100,100.0
12:51:52.628,1.001,0.0,NORMAL,100,100.0
12:51:52.739,1.0065,0.0,NORMAL,100,100.0
12:51:52.852,1.005,0.0,NORMAL,100,100.0
12:51:52.960,1.0134,0.0,NORMAL,100,100.0
12:51:53.069,1.0097,0.0,NORMAL,100,100.0
12:51:53.182,1.0103,0.0,NORMAL,100,100.0
12:51:53.293,1.0056,0.0,NORMAL,100,100.0
12:51:53.396,1.0071,0.0,NORMAL,100,100.0
12:51:53.501,1.0005,0.0,NORMAL,100,100.0
12:51:53.609,1.0057,0.0,NORMAL,100,100.0
12:51:53.726,1.0083,0.0,NORMAL,100,100.0
12:51:53.851,1.0026,0.0,NORMAL,100,100.0
12:51:53.971,1.0122,0.0,NORMAL,100,100.0
12:51:54.076,1.013,0.0,NORMAL,100,100.0
12:51:54.196,1.0072,1.4908,NORMAL,78,56.0
12:51:54.312,1.0177,1.4908,NORMAL,78,59.0
12:51:54.440,1.0028,1.4908,NORMAL,78,57.0
12:51:54.566,1.0042,1.4908,CAUTION,78,59.0
12:51:54.676,1.0107,1.4908,CAUTION,78,57.0
12:51:54.800,1.0139,1.4908,CAUTION,78,59.0
12:51:54.924,1.0127,1.4908,CAUTION,78,58.0
12:51:55.049,1.0071,1.4908,CAUTION,78,56.0
12:51:55.184,1.0045,1.4908,CAUTION,78,56.0
12:51:55.342,1.0191,1.4908,CAUTION,78,58.0
12:51:55.502,1.0071,1.4908,CAUTION,78,56.0
12:51:55.636,1.0046,1.4908,CAUTION,78,59.0
12:51:55.762,1.0021,4.1409,CAUTION,49,57.0
12:51:55.879,1.0076,4.1409,CAUTION,49,55.0
12:51:55.995,2.5779,4.1409,CAUTION,49,95.0
12:51:56.110,1.2267,4.1409,HAZARD,49,84.0
12:51:56.232,1.2173,4.1409,HAZARD,49,67.0
12:51:56.350,1.169,4.1409,HAZARD,49,60.0
12:51:56.464,1.1475,4.1409,HAZARD,49,64.0
12:51:56.603,1.1207,4.1409,HAZARD,49,72.0
12:51:56.712,1.1151,4.1409,HAZARD,49,89.0
12:51:56.827,1.0871,4.1409,HAZARD,49,90.0
12:51:56.928,1.0684,4.1409,HAZARD,49,91.0
12:51:57.036,1.0632,0.0,HAZARD,100,41.0
12:51:57.145,1.0509,4.1409,HAZARD,49,95.0
12:51:57.249,1.0424,4.1409,HAZARD,49,94.0
12:51:57.344,1.0533,4.1409,HAZARD,49,70.0
12:51:57.449,1.0323,4.1409,HAZARD,49,74.0
12:51:57.568,1.0311,4.4021,HAZARD,45,94.6
12:51:57.677,1.0179,4.4021,HAZARD,45,74.6
12:51:57.780,1.0262,4.4021,HAZARD,45,75.6
12:51:57.891,1.0088,4.4021,HAZARD,45,72.6
12:51:58.003,1.0001,4.4021,HAZARD,45,74.6
12:51:58.116,1.013,4.4021,HAZARD,45,70.6
12:51:58.228,1.0216,4.4021,HAZARD,45,72.6
12:51:58.327,1.0018,0.0,HAZARD,100,100.0
12:51:58.426,1.0043,1.3536,HAZARD,80,59.0
12:51:58.532,1.0038,1.3536,HAZARD,80,56.0
12:51:58.654,1.0022,1.3536,CAUTION,80,57.0
12:51:58.764,1.0012,1.3536,CAUTION,80,57.0
12:51:58.881,1.0047,1.3536,CAUTION,80,56.0
12:51:58.986,1.0159,1.3536,CAUTION,80,59.0
12:51:59.104,1.0014,1.3536,CAUTION,80,57.0
12:51:59.211,1.0087,1.3536,CAUTION,80,57.0
12:51:59.332,1.0052,1.3536,CAUTION,80,56.0
12:51:59.475,1.0,1.3536,CAUTION,80,57.0
12:51:59.590,1.0106,1.3536,CAUTION,80,59.0
12:51:59.703,1.0049,1.3536,CAUTION,80,56.0
12:51:59.812,1.0053,1.3536,CAUTION,80,56.0
12:51:59.932,1.013,1.3536,CAUTION,80,58.0
12:52:00.063,1.0095,1.3536,CAUTION,80,58.0
12:52:00.175,1.0103,1.3536,CAUTION,80,59.0
12:52:00.286,1.0167,0.0,CAUTION,100,100.0
12:52:00.406,2.6648,0.0,CAUTION,30,47.0
12:52:00.529,1.2636,0.0,CAUTION,100,63.0
12:52:00.666,1.2011,0.0,CAUTION,100,86.0
12:52:00.779,1.1647,0.0,NORMAL,100,98.0
12:52:00.892,1.1397,0.0,NORMAL,100,97.0
12:52:01.002,1.1464,0.0,NORMAL,100,81.0
12:52:01.116,1.1107,0.0,NORMAL,100,75.0
12:52:01.233,1.0887,0.0,NORMAL,100,68.0
12:52:01.337,1.074,0.0,NORMAL,100,59.0
12:52:01.442,1.084,0.0,NORMAL,100,41.0
12:52:01.552,1.0438,0.0,NORMAL,100,49.0
12:52:01.671,1.0588,0.0,NORMAL,100,53.0
12:52:01.777,1.0268,0.0,NORMAL,100,74.0
12:52:01.890,1.0522,0.0,NORMAL,100,66.0
12:52:01.994,1.0392,0.0,NORMAL,100,79.0
12:52:02.094,1.0358,0.0,NORMAL,100,81.0
12:52:02.203,1.0369,0.0,NORMAL,100,100.0
12:52:02.325,1.0178,0.0,NORMAL,100,100.0
12:52:02.436,1.0156,0.0,NORMAL,100,100.0
12:52:02.541,1.003,0.0,NORMAL,100,100.0
12:52:02.645,1.0046,0.0,NORMAL,100,100.0
12:52:02.755,1.0032,0.0,NORMAL,100,100.0
12:52:02.856,1.0024,0.0,NORMAL,100,100.0
12:52:02.971,1.0265,0.0,NORMAL,100,100.0
12:52:03.112,1.0213,0.0,NORMAL,100,100.0
12:52:03.217,1.0016,0.0,NORMAL,100,100.0
12:52:03.331,1.0034,0.0,NORMAL,100,100.0
12:52:03.438,1.0141,0.0,NORMAL,100,100.0
12:52:03.552,1.0099,0.0,NORMAL,100,100.0
12:52:03.662,1.0187,0.0,NORMAL,100,100.0
12:52:03.773,1.0001,0.0,NORMAL,100,100.0
12:52:03.874,1.0005,0.0,NORMAL,100,100.0
12:52:03.978,1.0106,0.0,NORMAL,100,100.0
12:52:04.090,1.0076,0.0,NORMAL,100,100.0
12:52:04.190,1.0014,0.0,NORMAL,100,100.0
12:52:04.299,1.006,0.0,NORMAL,100,100.0
12:52:04.403,1.0147,0.0,NORMAL,100,100.0
12:52:04.509,1.0117,0.0,NORMAL,100,100.0
12:52:04.624,1.0118,0.0,NORMAL,100,100.0
12:52:04.753,1.004,0.0,NORMAL,100,100.0
12:52:04.855,1.0042,0.0,NORMAL,100,100.0
12:52:04.963,1.0146,0.0,NORMAL,100,100.0
12:52:05.070,1.0034,0.0,NORMAL,100,100.0
12:52:05.183,1.0077,0.0,NORMAL,100,100.0
12:52:05.281,1.0082,0.0,NORMAL,100,100.0
12:52:05.393,1.0149,0.0,NORMAL,100,100.0
12:52:05.505,1.0088,1.6333,NORMAL,76,57.0
12:52:05.620,1.0113,1.6333,NORMAL,76,60.0
12:52:05.739,1.0058,1.6333,NORMAL,76,56.0
12:52:05.840,1.0178,1.6333,CAUTION,76,58.0
12:52:05.944,1.0134,1.6333,CAUTION,76,58.0
12:52:06.051,1.0147,1.6333,CAUTION,76,61.0
12:52:06.170,1.0088,1.6333,CAUTION,76,57.0
12:52:06.280,1.0123,1.6333,CAUTION,76,60.0
12:52:06.398,1.0066,0.0,CAUTION,100,100.0
12:52:06.518,1.0092,1.6333,CAUTION,76,58.0
12:52:06.631,1.0206,0.0,CAUTION,100,100.0
12:52:06.737,1.0154,0.0,CAUTION,100,100.0
12:52:06.852,1.0122,0.0,NORMAL,100,100.0
12:52:06.971,1.0048,0.0,NORMAL,100,100.0
12:52:07.089,1.006,0.0,NORMAL,100,100.0
12:52:07.183,1.0046,0.0,NORMAL,100,100.0
12:52:07.283,1.0023,0.0,NORMAL,100,100.0
12:52:07.382,1.0114,0.0,NORMAL,100,100.0
12:52:07.550,1.0168,0.0,NORMAL,100,100.0
12:52:07.657,1.0131,0.0,NORMAL,100,100.0
12:52:07.765,1.0075,0.0,NORMAL,100,100.0
12:52:07.864,1.0153,0.0,NORMAL,100,100.0
12:52:07.975,1.0092,0.0,NORMAL,100,100.0
12:52:08.094,1.0102,0.0,NORMAL,100,100.0
12:52:08.203,1.0149,0.0,NORMAL,100,100.0
12:52:08.315,1.0141,0.0,NORMAL,100,100.0
12:52:08.431,1.0021,0.0,NORMAL,100,100.0
12:52:08.534,1.0073,0.0,NORMAL,100,100.0
12:52:08.645,1.0014,0.0,NORMAL,100,100.0
12:52:08.762,1.002,0.0,NORMAL,100,100.0
12:52:08.870,1.0146,0.0,NORMAL,100,100.0
12:52:08.983,1.0037,0.0,NORMAL,100,100.0
12:52:09.094,1.0095,0.0,NORMAL,100,100.0
12:52:09.202,1.0101,0.0,NORMAL,100,100.0
12:52:09.321,1.0093,0.0,NORMAL,100,100.0
12:52:09.440,1.0152,0.0,NORMAL,100,100.0
12:52:09.561,1.0078,0.0,NORMAL,100,100.0
12:52:09.678,1.0015,0.0,NORMAL,100,100.0
12:52:09.794,1.0094,0.0,NORMAL,100,100.0
12:52:09.916,1.0165,0.0,NORMAL,100,100.0
12:52:10.063,1.0122,0.0,NORMAL,100,100.0
12:52:10.180,1.0136,0.0,NORMAL,100,100.0
12:52:10.303,1.0002,0.0,NORMAL,100,100.0
12:52:10.422,1.0104,0.0,NORMAL,100,100.0
12:52:10.539,1.0126,0.0,NORMAL,100,100.0
12:52:10.647,1.0006,0.0,NORMAL,100,100.0
12:52:10.757,1.0017,0.0,NORMAL,100,100.0
12:52:10.866,1.0099,0.0,NORMAL,100,100.0
12:52:10.980,1.0156,0.0,NORMAL,100,100.0
12:52:11.094,1.0114,0.0,NORMAL,100,100.0
12:52:11.199,1.0147,0.0,NORMAL,100,100.0
12:52:11.306,1.0066,0.0,NORMAL,100,100.0
12:52:11.407,1.0134,0.0,NORMAL,100,100.0
12:52:11.517,1.001,0.0,NORMAL,100,100.0
12:52:11.630,1.0065,0.0,NORMAL,100,100.0
12:52:11.743,1.0056,0.0,NORMAL,100,100.0
12:52:11.857,1.0057,0.0,NORMAL,100,100.0
12:52:11.984,1.022,0.0,NORMAL,100,100.0
12:52:12.102,1.0056,0.0,NORMAL,100,100.0
12:52:12.214,1.0183,0.0,NORMAL,100,100.0
12:52:12.328,1.0048,0.0,NORMAL,100,100.0
12:52:12.442,1.006,0.0,NORMAL,100,100.0
12:52:12.548,1.01,0.0,NORMAL,100,100.0
12:52:12.640,1.0026,0.0,NORMAL,100,100.0
12:52:12.754,1.0036,0.0,NORMAL,100,100.0
12:52:12.867,1.0128,0.0,NORMAL,100,100.0
12:52:12.978,1.0144,0.0,NORMAL,100,100.0
12:52:13.088,1.0023,0.0,NORMAL,100,100.0
12:52:13.190,1.0077,0.0,NORMAL,100,100.0
12:52:13.298,1.0149,0.0,NORMAL,100,100.0
12:52:13.409,1.0164,0.0,NORMAL,100,100.0
12:52:13.517,1.0181,0.0,NORMAL,100,100.0
12:52:13.627,1.0024,0.0,NORMAL,100,98.0
12:52:13.730,1.0039,0.0,NORMAL,100,100.0
12:52:13.842,1.0065,0.0,NORMAL,100,100.0
12:52:14.176,1.0041,0.0,NORMAL,100,100.0
12:52:14.319,1.014,0.0,NORMAL,100,100.0
12:52:14.433,1.0006,0.0,NORMAL,100,100.0
12:52:14.557,1.0047,0.0,NORMAL,100,100.0
12:52:14.673,1.0064,0.0,NORMAL,100,100.0
12:52:14.798,1.0117,0.0,NORMAL,100,100.0
12:52:14.913,1.0011,0.0,NORMAL,100,100.0
12:52:15.035,1.0131,0.0,NORMAL,100,100.0
12:52:15.155,1.0144,0.0,NORMAL,100,100.0
12:52:15.275,1.0071,0.0,NORMAL,100,100.0
12:52:15.394,1.0049,0.0,NORMAL,100,100.0
12:52:15.512,1.0027,0.0,NORMAL,100,100.0
12:52:15.625,1.0094,0.0,NORMAL,100,100.0
12:52:15.735,1.0145,0.0,NORMAL,100,100.0
12:52:15.841,1.0026,0.0,NORMAL,100,100.0
12:52:15.943,1.0038,0.0,NORMAL,100,100.0
12:52:16.046,1.01,0.0,NORMAL,100,100.0
12:52:16.157,1.0146,0.0,NORMAL,100,100.0
12:52:16.263,1.0138,0.0,NORMAL,100,100.0
12:52:16.364,1.0106,4.1735,NORMAL,49,59.0
12:52:16.469,1.0092,4.1735,NORMAL,49,58.0
12:52:16.584,1.0155,4.1735,NORMAL,49,59.0
12:52:16.691,1.0029,4.1735,HAZARD,49,57.0
12:52:16.798,1.0008,1.4375,HAZARD,79,58.0
12:52:16.918,1.0009,1.4375,HAZARD,79,57.0
12:52:17.033,1.0083,1.4375,HAZARD,79,56.0
12:52:17.175,1.0135,1.4375,CAUTION,79,57.0
12:52:17.296,1.004,1.4375,CAUTION,79,57.0
12:52:17.404,1.0112,1.4375,CAUTION,79,57.0
12:52:17.517,1.0088,1.4375,CAUTION,79,57.0
12:52:17.634,1.0109,4.1735,CAUTION,49,59.0
12:52:17.747,1.01,4.1735,CAUTION,49,58.0
12:52:17.863,1.0093,4.1735,CAUTION,49,59.0
12:52:17.978,1.0035,4.1735,HAZARD,49,57.0
12:52:18.079,1.0076,1.4375,HAZARD,79,56.0
12:52:18.187,1.0185,1.4375,HAZARD,79,59.0
12:52:18.301,1.012,3.0,HAZARD,68,76.0
12:52:18.418,1.0128,3.0,CAUTION,68,79.0
12:52:18.525,1.0128,3.0,CAUTION,68,76.0
12:52:18.639,1.0064,3.0,CAUTION,68,74.0
12:52:18.749,1.0169,3.0,CAUTION,68,77.0
12:52:18.857,1.0083,3.0,CAUTION,68,76.0
12:52:18.969,1.0073,0.0,CAUTION,100,100.0
12:52:19.078,1.0037,0.0,CAUTION,100,100.0
12:52:19.189,1.01,0.0,CAUTION,100,100.0
12:52:19.301,1.0046,0.0,NORMAL,100,100.0
12:52:19.409,1.0127,0.0,NORMAL,100,100.0
12:52:19.522,1.0058,0.0,NORMAL,100,100.0
12:52:19.635,1.013,0.0,NORMAL,100,100.0
12:52:19.740,1.0127,0.0,NORMAL,100,100.0
12:52:19.851,1.0064,3.0,NORMAL,68,74.0
12:52:19.968,1.0015,3.0,NORMAL,68,75.0
12:52:20.094,1.0099,0.0,NORMAL,100,100.0
12:52:20.213,1.0101,0.0,NORMAL,100,100.0
12:52:20.337,1.004,0.0,NORMAL,100,100.0
12:52:20.453,1.0086,0.0,NORMAL,100,100.0
12:52:20.574,1.0033,0.0,NORMAL,100,100.0
12:52:20.705,1.0072,0.0,NORMAL,100,100.0
12:52:20.810,1.0069,1.425,NORMAL,79,56.0
12:52:20.916,1.0019,1.425,NORMAL,79,57.0
12:52:21.029,1.0023,1.425,NORMAL,79,57.0
12:52:21.145,1.0113,1.425,CAUTION,79,58.0
12:52:21.260,1.0019,1.425,CAUTION,79,58.0
12:52:21.366,1.0076,1.425,CAUTION,79,55.0
12:52:21.483,1.0171,1.425,CAUTION,79,59.0
12:52:21.589,1.0168,1.425,CAUTION,79,59.0
12:52:21.700,1.0135,1.425,CAUTION,79,61.0
12:52:21.816,1.0093,1.6333,CAUTION,76,61.0
12:52:21.929,1.0111,1.425,CAUTION,79,59.0
12:52:22.040,1.0065,1.425,CAUTION,79,56.0
12:52:22.155,1.0076,1.425,CAUTION,79,56.0
12:52:22.260,1.0073,1.425,CAUTION,79,56.0
12:52:22.373,1.0083,1.425,CAUTION,79,57.0
12:52:22.488,1.0044,1.425,CAUTION,79,56.0
12:52:22.596,1.0137,1.425,CAUTION,79,58.0
12:52:22.710,1.0084,0.0,CAUTION,100,100.0
12:52:22.824,1.0106,0.0,CAUTION,100,100.0
12:52:22.938,1.0041,0.0,CAUTION,100,100.0
12:52:23.045,1.0048,0.0,NORMAL,100,100.0
12:52:23.142,1.0015,0.0,NORMAL,100,100.0
12:52:23.285,1.0171,0.0,NORMAL,100,100.0
12:52:23.394,1.0125,0.0,NORMAL,100,100.0
12:52:23.506,1.0157,0.0,NORMAL,100,100.0
12:52:23.611,1.0141,0.0,NORMAL,100,100.0
12:52:23.720,1.0131,0.0,NORMAL,100,100.0
12:52:23.823,1.0068,0.0,NORMAL,100,100.0
12:52:23.934,1.0036,0.0,NORMAL,100,100.0
12:52:24.047,1.0043,0.0,NORMAL,100,100.0
12:52:24.150,1.0031,0.0,NORMAL,100,100.0
12:52:24.261,1.0054,0.0,NORMAL,100,100.0
12:52:24.370,1.0176,0.0,NORMAL,100,100.0
12:52:24.474,1.0141,0.0,NORMAL,100,100.0
12:52:24.578,1.0069,0.0,NORMAL,100,100.0
12:52:24.683,1.0096,0.0,NORMAL,100,100.0
12:52:24.790,1.0074,0.0,NORMAL,100,100.0
12:52:24.900,1.014,0.0,NORMAL,100,100.0
12:52:25.014,1.0057,0.0,NORMAL,100,100.0
12:52:25.118,1.0094,0.0,NORMAL,100,100.0
12:52:25.228,1.0047,0.0,NORMAL,100,100.0
12:52:25.333,1.0002,0.0,NORMAL,100,100.0
12:52:25.439,1.009,4.1674,NORMAL,49,58.0
12:52:25.550,1.0166,4.1674,NORMAL,49,60.0
12:52:25.667,1.0091,0.0,NORMAL,100,100.0
12:52:25.775,1.0054,0.0,NORMAL,100,100.0
12:52:25.887,1.0092,4.1674,NORMAL,49,58.0
12:52:26.000,1.0117,0.0,NORMAL,100,100.0
12:52:26.114,1.0121,4.1674,HAZARD,49,58.0
12:52:26.228,1.0094,4.1674,HAZARD,49,58.0
12:52:26.339,1.0177,4.1674,HAZARD,49,60.0
12:52:26.451,1.0024,4.1674,HAZARD,49,57.0
12:52:26.578,1.0154,0.0,HAZARD,100,100.0
12:52:26.687,1.0178,0.0,HAZARD,100,100.0
12:52:26.792,1.006,0.0,HAZARD,100,100.0
12:52:26.910,1.0171,0.0,NORMAL,100,100.0
12:52:27.018,1.0137,0.0,NORMAL,100,100.0
12:52:27.127,1.0009,0.0,NORMAL,100,100.0
12:52:27.239,1.0017,0.0,NORMAL,100,100.0
12:52:27.343,1.0119,0.0,NORMAL,100,100.0
12:52:27.453,1.0001,0.0,NORMAL,100,100.0
12:52:27.564,1.0053,0.0,NORMAL,100,100.0
12:52:27.674,1.012,0.0,NORMAL,100,100.0
12:52:27.780,1.0104,0.0,NORMAL,100,100.0
12:52:27.887,1.0003,0.0,NORMAL,100,100.0
12:52:28.003,1.0086,0.0,NORMAL,100,100.0
12:52:28.118,1.0083,0.0,NORMAL,100,100.0
12:52:28.226,1.0062,0.0,NORMAL,100,100.0
12:52:28.326,1.0106,0.0,NORMAL,100,100.0
12:52:28.436,1.0081,0.0,NORMAL,100,100.0
12:52:28.545,1.0007,0.0,NORMAL,100,100.0
12:52:28.657,1.0158,0.0,NORMAL,100,100.0
12:52:28.763,1.0021,0.0,NORMAL,100,100.0
12:52:28.874,1.0113,0.0,NORMAL,100,100.0
12:52:28.975,1.005,0.0,NORMAL,100,100.0
12:52:29.087,1.0014,0.0,NORMAL,100,100.0
12:52:29.196,1.0124,0.0,NORMAL,100,100.0
12:52:29.309,1.018,0.0,NORMAL,100,100.0
12:52:29.422,1.0106,0.0,NORMAL,100,100.0
12:52:29.536,1.0079,0.0,NORMAL,100,100.0
12:52:29.648,1.0007,0.0,NORMAL,100,100.0
12:52:29.763,1.0097,0.0,NORMAL,100,100.0
12:52:29.869,1.005,0.0,NORMAL,100,100.0
12:52:29.971,1.0,0.0,NORMAL,100,100.0
12:52:30.133,1.0167,0.0,NORMAL,100,100.0
12:52:30.249,1.0166,4.1957,NORMAL,48,59.0
12:52:30.355,1.0055,0.0,NORMAL,100,100.0
12:52:30.471,1.0122,4.1957,NORMAL,48,60.0
12:52:30.582,1.0115,0.0,NORMAL,100,100.0
12:52:30.689,1.0193,0.0,NORMAL,100,100.0
12:52:30.799,1.0033,4.1957,NORMAL,48,56.0
12:52:30.906,1.0171,4.1957,HAZARD,48,61.0
12:52:31.024,1.0104,4.1957,HAZARD,48,58.0
12:52:31.139,1.008,4.1957,HAZARD,48,59.0
12:52:31.243,1.0079,4.1957,HAZARD,48,56.0
12:52:31.353,1.0142,0.0,HAZARD,100,100.0
12:52:31.474,1.0014,0.0,HAZARD,100,100.0
12:52:31.596,1.0146,2.0054,HAZARD,72,72.5
12:52:31.706,1.0125,2.0054,HAZARD,72,72.5
12:52:31.815,1.0012,2.0054,CAUTION,72,72.5
12:52:31.917,1.0195,2.0054,CAUTION,72,72.5
12:52:32.021,1.0085,2.0054,CAUTION,72,71.5
12:52:32.136,1.0146,2.0054,CAUTION,72,74.5
12:52:32.252,1.0085,2.0054,CAUTION,72,71.5
12:52:32.362,1.0021,2.0054,CAUTION,72,72.5
12:52:32.475,1.0126,2.0054,CAUTION,72,73.5
12:52:32.582,1.0113,0.0,CAUTION,100,100.0
12:52:32.697,1.0042,0.0,CAUTION,100,100.0
12:52:32.813,1.0001,0.0,CAUTION,100,100.0
12:52:32.930,1.0022,0.0,NORMAL,100,100.0
12:52:33.039,1.0092,0.0,NORMAL,100,100.0
12:52:33.154,1.0027,0.0,NORMAL,100,100.0
12:52:33.263,1.0165,0.0,NORMAL,100,100.0
12:52:33.378,1.0139,0.0,NORMAL,100,100.0
12:52:33.493,1.0145,0.0,NORMAL,100,100.0
12:52:33.606,1.0023,0.0,NORMAL,100,100.0
12:52:33.713,1.0077,0.0,NORMAL,100,100.0
12:52:33.830,1.0112,0.0,NORMAL,100,100.0
12:52:33.945,1.005,0.0,NORMAL,100,100.0
12:52:34.055,1.0143,4.4143,NORMAL,45,70.7
12:52:34.169,1.0074,4.4143,NORMAL,45,69.7
12:52:34.275,1.0109,4.4143,NORMAL,45,71.7
12:52:34.384,1.0106,4.4143,HAZARD,45,70.7
12:52:34.495,1.0222,2.5,HAZARD,72,72.5
12:52:34.601,1.005,4.4143,HAZARD,45,68.7
12:52:34.723,1.0097,2.5,HAZARD,72,73.5
12:52:34.837,1.0135,2.5,HAZARD,72,72.5
12:52:34.945,1.007,2.5,CAUTION,72,69.5
12:52:35.046,1.0087,2.5,CAUTION,72,70.5
12:52:35.159,1.0038,2.5,CAUTION,72,69.5
12:52:35.275,1.0066,2.5,CAUTION,72,69.5
12:52:35.385,1.0098,2.5,CAUTION,72,71.5
12:52:35.494,1.0049,2.5,CAUTION,72,70.5
12:52:35.610,1.0113,2.5,CAUTION,72,70.5
12:52:35.730,1.0113,2.5,CAUTION,72,71.5
12:52:35.846,1.0098,2.5,CAUTION,72,71.5
12:52:36.006,1.0056,1.6875,CAUTION,76,57.0
12:52:36.125,1.007,0.0,CAUTION,100,100.0
12:52:36.229,1.0011,0.0,CAUTION,100,100.0
12:52:36.334,1.0146,0.0,CAUTION,100,100.0
12:52:36.438,1.0083,0.0,NORMAL,100,100.0
12:52:36.549,1.0123,1.4645,NORMAL,78,59.0
12:52:36.668,1.0123,1.6875,NORMAL,76,58.0
12:52:36.784,2.5395,0.0,NORMAL,32,47.0
12:52:36.891,1.2231,0.0,NORMAL,100,65.0
12:52:37.000,1.1915,0.0,NORMAL,100,86.0
12:52:37.108,1.1693,0.0,NORMAL,100,98.0
12:52:37.213,1.1398,1.6875,CAUTION,76,65.0
12:52:37.319,1.1131,1.6875,CAUTION,76,81.0
12:52:37.438,1.1109,1.6875,CAUTION,76,89.0
12:52:37.546,1.0845,1.6875,CAUTION,76,90.0
12:52:37.662,1.0763,1.6875,CAUTION,76,91.0
12:52:37.779,1.061,1.6875,CAUTION,76,91.0
12:52:37.897,1.0496,0.0,CAUTION,100,50.0
12:52:38.001,1.0674,3.0,CAUTION,68,99.0
12:52:38.112,1.0274,0.0,CAUTION,100,74.0
12:52:38.220,1.0478,1.425,CAUTION,79,94.0
12:52:38.328,1.0315,1.425,CAUTION,79,62.0
12:52:38.445,1.0324,1.425,CAUTION,79,64.0
12:52:38.563,1.0337,1.425,CAUTION,79,62.0
12:52:38.671,1.0281,1.425,CAUTION,79,62.0
12:52:38.781,1.0019,1.425,CAUTION,79,57.0
12:52:38.887,1.0053,1.425,CAUTION,79,59.0
12:52:38.999,1.0058,1.425,CAUTION,79,56.0
12:52:39.116,1.0097,1.425,CAUTION,79,58.0
12:52:39.223,1.0176,1.425,CAUTION,79,60.0
12:52:39.342,1.0062,1.425,CAUTION,79,56.0
12:52:39.449,1.0047,3.0,CAUTION,68,77.0
12:52:39.565,1.0012,3.0,CAUTION,68,75.0
12:52:39.672,1.0057,3.0,CAUTION,68,74.0
12:52:39.788,1.0122,0.0,CAUTION,100,100.0
12:52:39.898,1.0079,0.0,CAUTION,100,100.0
12:52:40.008,1.0142,0.0,CAUTION,100,100.0
12:52:40.122,1.0032,2.3,CAUTION,68,74.0
12:52:40.238,1.0065,2.3,CAUTION,68,75.0
12:52:40.351,1.0163,2.3,CAUTION,68,77.0
12:52:40.457,1.011,3.0,CAUTION,68,76.0
12:52:40.571,1.0125,3.0,CAUTION,68,79.0
12:52:40.685,1.0084,3.0,CAUTION,68,75.0
12:52:40.802,1.0114,3.0,CAUTION,68,76.0
12:52:40.917,1.0176,3.0,CAUTION,68,77.0
12:52:41.029,1.0154,3.0,CAUTION,68,77.0
12:52:41.146,1.0045,3.0,CAUTION,68,77.0
12:52:41.261,1.0131,0.0,CAUTION,100,100.0
12:52:41.409,1.0014,0.0,CAUTION,100,100.0
12:52:41.528,1.0123,0.0,CAUTION,100,100.0
12:52:41.641,1.0063,0.0,NORMAL,100,100.0
12:52:41.739,1.0059,0.0,NORMAL,100,100.0
12:52:41.842,1.0022,1.3066,NORMAL,80,57.0
12:52:41.946,1.0012,1.3066,NORMAL,80,57.0
12:52:42.060,1.0003,1.3066,NORMAL,80,57.0
12:52:42.176,1.0094,1.3066,CAUTION,80,58.0
12:52:42.285,1.4204,0.0,CAUTION,100,78.0
12:52:42.391,1.0672,0.0,CAUTION,100,66.0
12:52:42.498,1.0359,0.0,CAUTION,100,50.0
12:52:42.605,1.0484,0.0,NORMAL,100,68.0
12:52:42.721,1.0386,0.0,NORMAL,100,100.0
12:52:42.827,1.029,0.0,NORMAL,100,100.0
12:52:42.938,1.0414,0.0,NORMAL,100,100.0
12:52:43.053,1.005,0.0,NORMAL,100,99.0
12:52:43.165,1.0323,0.0,NORMAL,100,100.0
12:52:43.273,1.0279,0.0,NORMAL,100,100.0
12:52:43.387,1.0066,0.0,NORMAL,100,99.0
12:52:43.499,1.0014,0.0,NORMAL,100,100.0
12:52:43.614,1.0085,0.0,NORMAL,100,100.0
12:52:43.724,1.0025,2.1667,NORMAL,76,57.0
12:52:43.832,1.0256,2.1667,NORMAL,76,58.0
12:52:43.938,1.0031,1.3368,NORMAL,80,53.0
12:52:44.049,1.0109,1.3368,CAUTION,80,61.0
12:52:44.159,1.0028,1.3368,CAUTION,80,58.0
12:52:44.285,1.0073,1.3368,CAUTION,80,56.0
12:52:44.398,1.0053,0.0,CAUTION,100,100.0
12:52:44.512,1.0185,0.0,CAUTION,100,100.0
12:52:44.624,1.0144,0.0,CAUTION,100,100.0
12:52:44.736,1.0153,0.0,NORMAL,100,100.0
12:52:44.839,1.0044,0.0,NORMAL,100,100.0
12:52:44.942,1.011,0.0,NORMAL,100,100.0
12:52:45.052,1.0116,1.7464,NORMAL,75,69.4
12:52:45.165,1.0118,2.1667,NORMAL,76,58.0
12:52:45.281,1.004,1.7464,NORMAL,75,68.4
12:52:45.394,1.0083,1.7464,CAUTION,75,68.4
12:52:45.505,1.0119,1.7464,CAUTION,75,69.4
12:52:45.622,1.0132,1.7464,CAUTION,75,69.4
12:52:45.734,1.0122,1.7464,CAUTION,75,69.4
12:52:45.848,1.0021,1.7464,CAUTION,75,68.4
12:52:45.965,1.0191,1.7464,CAUTION,75,69.4
12:52:46.073,1.0153,0.0,CAUTION,100,100.0
12:52:46.182,1.0027,1.7464,CAUTION,75,71.4
12:52:46.300,1.0005,1.7464,CAUTION,75,69.4
12:52:46.409,1.0051,0.0,CAUTION,100,100.0
12:52:46.520,1.0104,2.3,CAUTION,68,75.0
12:52:46.636,1.0038,2.3,CAUTION,68,74.0
12:52:46.749,1.0079,0.0,CAUTION,100,100.0
12:52:46.861,1.0091,0.0,CAUTION,100,100.0
12:52:46.979,1.0103,2.3,CAUTION,68,77.0
12:52:47.092,1.0123,2.3,CAUTION,68,76.0
12:52:47.245,1.0117,2.3,CAUTION,68,76.0
12:52:47.364,1.0041,2.3,CAUTION,68,75.0
12:52:47.474,1.0055,2.3,CAUTION,68,74.0
12:52:47.591,1.0096,2.3,CAUTION,68,76.0
12:52:47.709,1.0086,2.3,CAUTION,68,76.0
12:52:47.821,1.0107,2.3,CAUTION,68,76.0
12:52:47.940,1.0191,2.3,CAUTION,68,78.0
12:52:48.051,1.0091,2.3,CAUTION,68,76.0
12:52:48.166,1.0131,2.3,CAUTION,68,80.0
12:52:48.279,1.0031,0.0,CAUTION,100,100.0
12:52:48.395,1.011,0.0,CAUTION,100,100.0
12:52:48.515,1.0028,0.0,CAUTION,100,100.0
12:52:48.631,1.0186,0.0,NORMAL,100,100.0
12:52:48.746,1.0054,0.0,NORMAL,100,100.0
12:52:48.861,1.0113,1.35,NORMAL,80,60.0
12:52:48.970,1.009,4.263,NORMAL,48,69.4
12:52:49.074,1.0057,1.35,NORMAL,80,57.0
12:52:49.186,1.0071,4.263,NORMAL,48,67.4
12:52:49.312,1.0055,1.8313,CAUTION,74,68.4
12:52:49.433,1.0062,4.263,CAUTION,48,67.4
12:52:49.550,1.0041,4.263,HAZARD,48,67.4
12:52:49.660,1.0063,3.0,HAZARD,68,74.0
12:52:49.772,1.0059,0.0,CAUTION,100,100.0
12:52:49.878,1.015,0.0,HAZARD,100,100.0
12:52:49.988,1.0007,0.0,NORMAL,100,100.0
12:52:50.096,1.01,0.0,NORMAL,100,100.0
12:52:50.212,1.0157,4.263,NORMAL,48,71.4
12:52:50.329,1.0021,4.263,NORMAL,48,68.4
12:52:50.435,1.0115,0.0,NORMAL,100,100.0
12:52:50.550,1.0017,4.263,NORMAL,48,69.4
12:52:50.662,1.0112,3.0,NORMAL,68,76.0
12:52:50.775,1.0136,0.0,NORMAL,100,100.0
12:52:50.892,1.0118,3.0,HAZARD,68,76.0
12:52:51.000,1.0045,0.0,NORMAL,100,100.0
12:52:51.110,1.0026,3.0,CAUTION,68,75.0
12:52:51.225,1.0005,3.0,CAUTION,68,75.0
12:52:51.335,1.0028,3.0,CAUTION,68,75.0
12:52:51.448,1.0231,3.0,CAUTION,68,76.0
12:52:51.565,1.0074,4.7076,CAUTION,41,71.4
12:52:51.673,1.0121,4.7076,CAUTION,41,75.4
12:52:51.786,1.0042,4.7076,CAUTION,41,72.4
12:52:51.894,1.0103,4.7076,HAZARD,41,72.4
12:52:52.002,1.0022,4.7076,HAZARD,41,73.4
12:52:52.100,1.0129,4.7076,HAZARD,41,74.4
12:52:52.215,1.0131,4.7076,HAZARD,41,73.4
12:52:52.338,1.0076,4.7076,HAZARD,41,71.4
12:52:52.467,1.0154,4.7076,HAZARD,41,74.4
12:52:52.581,1.0138,4.7076,HAZARD,41,73.4
12:52:52.697,1.0032,4.7076,HAZARD,41,72.4
12:52:52.813,1.007,4.7076,HAZARD,41,71.4
12:52:52.928,1.0047,4.7076,HAZARD,41,71.4
12:52:53.029,1.0195,4.7076,HAZARD,41,73.4
12:52:53.193,1.0158,4.7076,HAZARD,41,74.4
12:52:53.311,1.0083,4.7076,HAZARD,41,76.4
12:52:53.427,1.0003,0.0,HAZARD,100,100.0
12:52:53.538,1.0045,0.0,HAZARD,100,100.0
12:52:53.649,1.0054,0.0,HAZARD,100,100.0
12:52:53.766,1.0138,0.0,NORMAL,100,100.0
12:52:53.878,1.0003,0.0,NORMAL,100,100.0
12:52:53.978,1.0134,0.0,NORMAL,100,100.0
12:52:54.087,1.0039,0.0,NORMAL,100,100.0
12:52:54.200,1.0104,0.0,NORMAL,100,100.0
12:52:54.301,1.0149,0.0,NORMAL,100,100.0
12:52:54.406,1.0105,0.0,NORMAL,100,100.0
12:52:54.517,1.0208,0.0,NORMAL,100,100.0
12:52:54.630,1.0108,0.0,NORMAL,100,100.0
12:52:54.738,1.0083,0.0,NORMAL,100,100.0
12:52:54.842,1.0107,0.0,NORMAL,100,100.0
12:52:54.951,1.0002,0.0,NORMAL,100,100.0
12:52:55.056,1.0092,0.0,NORMAL,100,100.0
12:52:55.166,1.0114,0.0,NORMAL,100,100.0
12:52:55.278,1.0126,0.0,NORMAL,100,100.0
12:52:55.386,1.0168,0.0,NORMAL,100,100.0
12:52:55.497,2.662,0.0,NORMAL,30,47.0
12:52:55.599,1.2312,0.0,NORMAL,100,62.0
12:52:55.705,1.2244,0.0,NORMAL,100,86.0
12:52:55.815,1.1921,0.0,NORMAL,100,98.0
12:52:55.930,1.1631,0.0,NORMAL,100,98.0
12:52:56.040,1.136,0.0,NORMAL,100,97.0
12:52:56.152,1.103,0.0,NORMAL,100,80.0
12:52:56.261,1.0848,0.0,NORMAL,100,66.0
12:52:56.370,1.073,0.0,NORMAL,100,58.0
12:52:56.482,1.0773,0.0,NORMAL,100,41.0
12:52:56.597,1.0391,0.0,NORMAL,100,49.0
12:52:56.699,1.0632,0.0,NORMAL,100,50.0
12:52:56.811,1.0369,0.0,NORMAL,100,74.0
12:52:56.921,1.0255,0.0,NORMAL,100,69.0
12:52:57.034,1.0177,0.0,NORMAL,100,100.0
12:52:57.145,1.0298,0.0,NORMAL,100,100.0
12:52:57.252,1.0213,0.0,NORMAL,100,100.0
12:52:57.358,1.003,0.0,NORMAL,100,100.0
12:52:57.467,1.025,0.0,NORMAL,100,100.0
12:52:57.581,1.0014,0.0,NORMAL,100,99.0
12:52:57.693,1.017,0.0,NORMAL,100,100.0
12:52:57.801,1.0041,0.0,NORMAL,100,100.0
12:52:57.929,1.0187,0.0,NORMAL,100,100.0
12:52:58.037,1.0161,0.0,NORMAL,100,100.0
12:52:58.150,1.0164,0.0,NORMAL,100,100.0
12:52:58.265,1.0034,0.0,NORMAL,100,100.0
12:52:58.375,1.0053,0.0,NORMAL,100,100.0
12:52:58.486,1.0094,0.0,NORMAL,100,100.0
12:52:58.597,1.0033,0.0,NORMAL,100,100.0
12:52:58.703,1.009,0.0,NORMAL,100,100.0
12:52:58.810,1.0053,0.0,NORMAL,100,100.0
12:52:58.923,1.0087,0.0,NORMAL,100,100.0
12:52:59.033,1.004,0.0,NORMAL,100,100.0
12:52:59.132,1.0028,0.0,NORMAL,100,100.0
12:52:59.245,1.0006,0.0,NORMAL,100,100.0
12:52:59.352,1.015,0.0,NORMAL,100,100.0
12:52:59.466,1.0177,0.0,NORMAL,100,100.0
12:52:59.583,1.0065,0.0,NORMAL,100,100.0
12:52:59.688,1.0022,0.0,NORMAL,100,100.0
12:52:59.801,1.0046,0.0,NORMAL,100,100.0
12:52:59.907,1.0155,0.0,NORMAL,100,100.0
12:53:00.009,1.0109,0.0,NORMAL,100,100.0
12:53:00.122,1.0065,0.0,NORMAL,100,100.0
12:53:00.239,1.001,0.0,NORMAL,100,100.0
12:53:00.368,1.0099,0.0,NORMAL,100,100.0
12:53:00.482,1.0143,0.0,NORMAL,100,100.0
12:53:00.594,1.0006,0.0,NORMAL,100,100.0
12:53:00.708,1.001,0.0,NORMAL,100,100.0
12:53:00.815,1.0092,0.0,NORMAL,100,100.0
12:53:00.920,1.0184,0.0,NORMAL,100,100.0
12:53:01.031,1.0083,0.0,NORMAL,100,100.0
12:53:01.146,1.0031,0.0,NORMAL,100,100.0
12:53:01.258,1.0122,0.0,NORMAL,100,100.0
12:53:01.366,1.0038,0.0,NORMAL,100,100.0
12:53:01.479,1.0097,0.0,NORMAL,100,100.0
12:53:01.591,1.0146,0.0,NORMAL,100,100.0
12:53:01.704,1.0093,0.0,NORMAL,100,100.0
12:53:01.818,1.0145,0.0,NORMAL,100,100.0
12:53:01.932,1.0095,0.0,NORMAL,100,100.0
12:53:02.045,1.0069,0.0,NORMAL,100,100.0
12:53:02.150,1.0083,1.6281,NORMAL,76,57.0
12:53:02.264,1.0029,1.6281,NORMAL,76,56.0
12:53:02.381,1.0111,0.0,NORMAL,100,100.0
12:53:02.488,1.005,1.9786,NORMAL,72,70.1
12:53:02.604,1.0162,1.9786,CAUTION,72,73.1
12:53:02.716,1.013,1.9786,CAUTION,72,72.1
12:53:02.830,1.0164,1.9786,CAUTION,72,77.1
12:53:02.934,1.0064,1.9786,CAUTION,72,70.1
12:53:03.045,1.0131,1.9786,CAUTION,72,74.1
12:53:03.159,1.017,5.0,CAUTION,37,78.0
12:53:03.272,1.0143,1.6281,CAUTION,76,58.0
12:53:03.381,1.0011,1.6281,CAUTION,76,60.0
12:53:03.491,1.005,1.6281,CAUTION,76,57.0
12:53:03.597,1.015,1.6281,CAUTION,76,59.0
12:53:03.707,1.0007,5.0,CAUTION,37,75.0
12:53:03.813,1.0107,5.0,CAUTION,37,77.0
12:53:03.931,1.0086,5.0,CAUTION,37,75.0
12:53:04.045,1.0028,5.0,HAZARD,37,75.0
12:53:04.161,1.0039,5.0,HAZARD,37,74.0
12:53:04.277,1.0034,5.0,HAZARD,37,74.0
12:53:04.384,1.0012,5.0,HAZARD,37,75.0
12:53:04.499,1.0036,5.0,HAZARD,37,74.0
12:53:04.607,1.0028,5.0,HAZARD,37,75.0
12:53:04.738,1.0037,5.0,HAZARD,37,74.0
12:53:04.851,1.0102,5.0,HAZARD,37,75.0
12:53:04.968,1.0111,0.0,HAZARD,100,100.0
12:53:05.080,1.0065,4.0114,HAZARD,51,56.0
12:53:05.197,1.0027,4.0114,HAZARD,51,57.0
12:53:05.308,1.0199,0.0,HAZARD,100,100.0
12:53:05.415,1.0064,0.0,HAZARD,100,100.0
12:53:05.529,1.0159,4.0114,HAZARD,51,62.0
12:53:05.660,1.0126,0.0,NORMAL,100,100.0
12:53:05.765,1.0074,4.0114,HAZARD,51,57.0
12:53:05.874,1.0076,4.0114,HAZARD,51,56.0
12:53:05.988,1.0137,0.0,NORMAL,100,100.0
12:53:06.099,1.0082,4.0114,HAZARD,51,56.0
12:53:06.211,1.0023,0.0,HAZARD,100,100.0
12:53:06.327,1.005,4.0114,HAZARD,51,56.0
12:53:06.438,1.0107,4.0114,HAZARD,51,57.0
12:53:06.583,1.0119,0.0,HAZARD,100,100.0
12:53:06.692,1.0082,0.0,NORMAL,100,100.0
12:53:06.800,1.0043,0.0,NORMAL,100,100.0
12:53:06.907,1.0191,0.0,NORMAL,100,100.0
12:53:07.018,1.0161,0.0,NORMAL,100,100.0
12:53:07.130,1.0117,0.0,NORMAL,100,100.0
12:53:07.235,1.0112,0.0,NORMAL,100,100.0
12:53:07.345,1.0113,0.0,NORMAL,100,100.0
12:53:07.468,1.013,0.0,NORMAL,100,100.0
12:53:07.582,1.0075,4.2616,NORMAL,48,67.4
12:53:07.693,1.002,4.2616,NORMAL,48,68.4
12:53:07.806,1.0078,4.2616,NORMAL,48,66.4
12:53:07.921,1.0007,0.0,NORMAL,100,100.0
12:53:08.033,1.0169,4.2275,HAZARD,48,69.0
12:53:08.144,1.003,4.2275,HAZARD,48,67.0
12:53:08.263,1.0088,4.2275,HAZARD,48,70.0
12:53:08.379,1.0202,4.2616,HAZARD,48,70.4
12:53:08.497,1.0113,4.2616,HAZARD,48,70.4
12:53:08.607,1.016,0.0,HAZARD,100,100.0
12:53:08.718,1.0019,0.0,HAZARD,100,100.0
12:53:08.830,1.0043,4.2616,HAZARD,48,68.4
12:53:08.934,1.0152,4.2616,HAZARD,48,70.4
12:53:09.044,1.0082,0.0,HAZARD,100,100.0
12:53:09.161,1.0051,4.2616,HAZARD,48,68.4
12:53:09.264,1.0001,4.2616,HAZARD,48,68.4
12:53:09.381,1.0014,4.2616,HAZARD,48,68.4
12:53:09.498,1.0064,0.0,HAZARD,100,100.0
12:53:09.611,1.0096,0.0,HAZARD,100,100.0
12:53:09.728,1.0005,0.0,NORMAL,100,100.0
12:53:09.839,1.0013,0.0,NORMAL,100,100.0
12:53:09.952,1.0022,0.0,NORMAL,100,100.0
12:53:10.063,1.0141,0.0,NORMAL,100,100.0
12:53:10.192,1.0102,0.0,NORMAL,100,100.0
12:53:10.303,1.0151,2.8333,NORMAL,69,75.5
12:53:10.417,1.0048,0.0,NORMAL,100,100.0
12:53:10.528,1.0035,0.0,NORMAL,100,100.0
12:53:10.637,1.0073,0.0,NORMAL,100,100.0
12:53:10.746,1.0181,1.3789,NORMAL,80,59.0
12:53:10.855,1.0118,1.3789,NORMAL,80,58.0
12:53:10.970,1.0099,1.3789,CAUTION,80,61.0
12:53:11.085,1.0016,1.3789,CAUTION,80,59.0
12:53:11.192,1.0169,1.3789,CAUTION,80,58.0
12:53:11.302,1.0013,0.0,CAUTION,100,100.0
12:53:11.417,1.0138,0.0,CAUTION,100,100.0
12:53:11.536,1.0137,0.0,CAUTION,100,100.0
12:53:11.640,1.0149,0.0,NORMAL,100,100.0
12:53:11.757,1.004,2.8333,NORMAL,69,72.5
12:53:11.861,1.0036,2.8333,NORMAL,69,73.5
12:53:11.981,1.0089,0.0,NORMAL,100,100.0
12:53:12.097,1.0142,4.3443,NORMAL,46,70.1
12:53:12.218,1.0067,1.3789,CAUTION,80,57.0
12:53:12.337,1.0119,1.3789,CAUTION,80,58.0
12:53:12.488,1.0109,4.0177,CAUTION,51,58.0
12:53:12.606,1.0071,4.0177,CAUTION,51,56.0
12:53:12.722,1.0116,4.0177,HAZARD,51,58.0
12:53:12.833,1.0095,4.0177,HAZARD,51,58.0
12:53:12.935,1.0021,4.0177,HAZARD,51,59.0
12:53:13.048,1.0175,0.0,HAZARD,100,100.0
12:53:13.164,1.0074,4.0177,HAZARD,51,56.0
12:53:13.279,1.0018,4.0177,HAZARD,51,60.0
12:53:13.397,1.0012,4.3443,HAZARD,46,69.1
12:53:13.506,1.0063,4.3443,HAZARD,46,67.1
12:53:13.620,1.0066,4.3443,HAZARD,46,68.1
12:53:13.734,1.0065,4.3443,HAZARD,46,68.1
12:53:13.848,1.0144,4.3443,HAZARD,46,70.1
12:53:13.957,1.0027,0.0,HAZARD,100,100.0
12:53:14.065,1.0001,0.0,HAZARD,100,100.0
12:53:14.180,1.0146,0.0,HAZARD,100,100.0
12:53:14.285,1.0003,0.0,NORMAL,100,100.0
12:53:14.385,1.0066,0.0,NORMAL,100,100.0
12:53:14.489,1.009,0.0,NORMAL,100,100.0
12:53:14.603,1.0108,0.0,NORMAL,100,100.0
12:53:14.715,1.0017,0.0,NORMAL,100,100.0
12:53:14.829,1.0165,0.0,NORMAL,100,100.0
12:53:14.943,1.0004,0.0,NORMAL,100,100.0
12:53:15.054,1.0039,0.0,NORMAL,100,100.0
12:53:15.169,1.0163,0.0,NORMAL,100,100.0
12:53:15.282,1.0121,0.0,NORMAL,100,100.0
12:53:15.389,1.0119,0.0,NORMAL,100,100.0
12:53:15.496,1.0066,0.0,NORMAL,100,100.0
12:53:15.605,1.0045,0.0,NORMAL,100,100.0
12:53:15.713,1.0047,0.0,NORMAL,100,100.0
12:53:15.814,1.0033,0.0,NORMAL,100,100.0
12:53:15.922,1.0113,0.0,NORMAL,100,100.0
12:53:16.028,1.0112,0.0,NORMAL,100,100.0
12:53:16.143,1.0175,1.3132,NORMAL,80,59.0
12:53:16.261,1.0019,1.3132,NORMAL,80,57.0
12:53:16.377,1.0014,1.3132,NORMAL,80,60.0
12:53:16.495,1.0025,1.3132,CAUTION,80,57.0
12:53:16.611,1.0036,1.3132,CAUTION,80,56.0
12:53:16.718,1.0064,1.3132,CAUTION,80,56.0
12:53:16.830,1.0013,1.3132,CAUTION,80,57.0
12:53:16.943,1.0083,1.3132,CAUTION,80,56.0
12:53:17.050,1.0149,1.3132,CAUTION,80,57.0
12:53:17.160,1.0009,1.3132,CAUTION,80,57.0
12:53:17.276,1.0078,1.3132,CAUTION,80,56.0
12:53:17.391,1.0053,1.3132,CAUTION,80,56.0
12:53:17.507,1.0155,1.3132,CAUTION,80,59.0
12:53:17.613,1.0007,1.3132,CAUTION,80,57.0
12:53:17.713,1.0026,1.3132,CAUTION,80,58.0
12:53:17.827,1.012,1.3132,CAUTION,80,58.0
12:53:17.951,1.0042,0.0,CAUTION,100,100.0
12:53:18.063,1.0027,0.0,CAUTION,100,100.0
12:53:18.212,1.0072,0.0,CAUTION,100,100.0
12:53:18.330,1.001,0.0,NORMAL,100,100.0
12:53:18.434,1.0156,0.0,NORMAL,100,100.0
12:53:18.543,1.0113,0.0,NORMAL,100,100.0
12:53:18.653,1.0005,0.0,NORMAL,100,100.0
12:53:18.758,1.0047,0.0,NORMAL,100,100.0
12:53:18.872,1.0055,0.0,NORMAL,100,100.0
12:53:18.984,1.0038,0.0,NORMAL,100,100.0
12:53:19.096,1.0131,0.0,NORMAL,100,100.0
12:53:19.211,1.0115,0.0,NORMAL,100,100.0
12:53:19.326,1.0125,0.0,NORMAL,100,100.0
12:53:19.438,1.0016,0.0,NORMAL,100,100.0
12:53:19.551,1.0175,0.0,NORMAL,100,100.0
12:53:19.657,1.0146,0.0,NORMAL,100,100.0
12:53:19.772,1.0197,0.0,NORMAL,100,100.0
12:53:19.878,1.0117,0.0,NORMAL,100,100.0
12:53:19.984,1.0047,0.0,NORMAL,100,100.0
12:53:20.093,1.0134,0.0,NORMAL,100,100.0
12:53:20.207,1.0069,0.0,NORMAL,100,100.0
12:53:20.309,1.0172,2.3,NORMAL,68,77.0
12:53:20.419,1.0152,2.3,NORMAL,68,77.0
12:53:20.528,1.0016,2.3,NORMAL,68,78.0
12:53:20.637,1.0081,2.3,CAUTION,68,74.0
12:53:20.742,1.0105,2.3,CAUTION,68,76.0
12:53:20.855,1.019,2.3,CAUTION,68,78.0
12:53:20.968,1.001,0.0,CAUTION,100,100.0
12:53:21.088,1.0135,0.0,CAUTION,100,100.0
12:53:21.206,1.0159,3.0,CAUTION,68,77.0
12:53:21.313,1.0092,3.0,CAUTION,68,76.0
12:53:21.430,1.0115,3.0,CAUTION,68,78.0
12:53:21.545,1.0034,3.0,CAUTION,68,75.0
12:53:21.651,1.015,3.0,CAUTION,68,76.0
12:53:21.767,1.0109,3.0,CAUTION,68,76.0
12:53:21.875,1.0084,3.0,CAUTION,68,76.0
12:53:21.989,1.0071,3.0,CAUTION,68,74.0
12:53:22.104,1.0063,3.0,CAUTION,68,74.0
12:53:22.210,1.0037,3.0,CAUTION,68,74.0
12:53:22.323,1.0105,0.0,CAUTION,100,100.0
12:53:22.446,1.0149,0.0,CAUTION,100,100.0
12:53:22.564,1.0034,0.0,CAUTION,100,100.0
12:53:22.678,1.0044,0.0,NORMAL,100,100.0
12:53:22.787,1.0046,0.0,NORMAL,100,100.0
12:53:22.898,1.0084,0.0,NORMAL,100,100.0
12:53:23.010,1.0054,0.0,NORMAL,100,100.0
12:53:23.123,1.0044,0.0,NORMAL,100,100.0
12:53:23.239,1.0198,0.0,NORMAL,100,100.0
12:53:23.350,1.0009,0.0,NORMAL,100,100.0
12:53:23.453,1.0056,0.0,NORMAL,100,100.0
12:53:23.560,1.0062,0.0,NORMAL,100,100.0
12:53:23.668,1.0031,0.0,NORMAL,100,100.0
12:53:23.778,1.0071,0.0,NORMAL,100,100.0
12:53:23.892,1.0045,0.0,NORMAL,100,100.0
12:53:24.004,1.0006,0.0,NORMAL,100,100.0
12:53:24.118,1.0059,0.0,NORMAL,100,100.0
12:53:24.269,1.0097,0.0,NORMAL,100,100.0
12:53:24.377,1.0113,0.0,NORMAL,100,100.0
12:53:24.487,1.0129,0.0,NORMAL,100,100.0
12:53:24.595,1.0097,0.0,NORMAL,100,100.0
12:53:24.711,1.0099,0.0,NORMAL,100,100.0
12:53:24.822,1.0026,0.0,NORMAL,100,100.0
12:53:24.931,1.0045,0.0,NORMAL,100,100.0
12:53:25.049,1.008,0.0,NORMAL,100,100.0
12:53:25.154,1.0137,0.0,NORMAL,100,100.0
12:53:25.267,1.0059,0.0,NORMAL,100,100.0
12:53:25.385,1.0182,0.0,NORMAL,100,100.0
12:53:25.498,1.002,0.0,NORMAL,100,100.0
12:53:25.611,1.0085,0.0,NORMAL,100,100.0
12:53:25.719,1.0053,0.0,NORMAL,100,100.0
12:53:25.830,1.0018,0.0,NORMAL,100,100.0
12:53:25.934,1.0099,0.0,NORMAL,100,100.0
12:53:26.042,1.0165,0.0,NORMAL,100,100.0
12:53:26.156,1.0018,0.0,NORMAL,100,100.0
12:53:26.272,1.0158,0.0,NORMAL,100,100.0
12:53:26.383,1.0018,0.0,NORMAL,100,100.0
12:53:26.491,1.0179,0.0,NORMAL,100,100.0
12:53:26.597,1.0158,0.0,NORMAL,100,100.0
12:53:26.709,1.01,0.0,NORMAL,100,100.0
12:53:26.821,1.0039,0.0,NORMAL,100,100.0
12:53:26.928,1.0008,0.0,NORMAL,100,100.0
12:53:27.040,1.0122,0.0,NORMAL,100,100.0
12:53:27.141,1.005,0.0,NORMAL,100,100.0
12:53:27.254,1.0088,0.0,NORMAL,100,100.0
12:53:27.367,1.0176,0.0,NORMAL,100,100.0
12:53:27.481,1.0019,0.0,NORMAL,100,100.0
12:53:27.587,1.0139,0.0,NORMAL,100,100.0
12:53:27.683,1.0153,0.0,NORMAL,100,100.0
12:53:27.786,1.0037,0.0,NORMAL,100,100.0
12:53:27.909,1.0018,0.0,NORMAL,100,100.0
12:53:28.013,1.0048,0.0,NORMAL,100,100.0
12:53:28.120,1.0036,0.0,NORMAL,100,100.0
12:53:28.227,1.0063,0.0,NORMAL,100,100.0
12:53:28.334,1.0146,0.0,NORMAL,100,100.0
12:53:28.450,1.0059,0.0,NORMAL,100,100.0
12:53:28.563,1.0165,0.0,NORMAL,100,100.0
12:53:28.684,2.5441,4.5783,NORMAL,43,99.0
12:53:28.810,1.2191,4.5783,NORMAL,43,93.2
12:53:28.918,1.1793,4.5783,NORMAL,43,81.2
12:53:29.032,1.1834,4.5783,HAZARD,43,74.2
12:53:29.142,1.1409,0.0,HAZARD,100,97.0
12:53:29.246,1.1155,0.0,HAZARD,100,81.0
12:53:29.360,1.1116,0.0,HAZARD,100,74.0
12:53:29.481,1.0762,0.0,NORMAL,100,64.0
12:53:29.594,1.0623,0.0,NORMAL,100,59.0
12:53:29.710,1.0747,0.0,NORMAL,100,41.0
12:53:29.814,1.0534,0.0,NORMAL,100,38.0
12:53:29.928,1.0485,0.0,NORMAL,100,50.0
12:53:30.030,1.0242,0.0,NORMAL,100,80.0
12:53:30.143,1.0458,0.0,NORMAL,100,100.0
12:53:30.257,1.036,0.0,NORMAL,100,100.0
12:53:30.370,1.0303,0.0,NORMAL,100,100.0
12:53:30.484,1.0191,0.0,NORMAL,100,100.0
12:53:30.597,1.0211,4.5783,NORMAL,43,76.2
12:53:30.705,1.0167,4.5783,NORMAL,43,76.2
12:53:30.819,1.0144,4.5783,NORMAL,43,75.2
12:53:30.960,1.0061,4.5783,HAZARD,43,74.2
12:53:31.066,1.0156,4.5783,HAZARD,43,74.2
12:53:31.177,1.0028,4.5783,HAZARD,43,71.2
12:53:31.291,1.0056,4.5783,HAZARD,43,71.2
12:53:31.400,1.0182,4.5783,HAZARD,43,72.2
12:53:31.515,1.0111,4.5783,HAZARD,43,73.2
12:53:31.631,1.0057,4.5783,HAZARD,43,73.2
12:53:31.737,1.0116,0.0,HAZARD,100,100.0
12:53:31.852,1.0006,0.0,HAZARD,100,100.0
12:53:31.966,1.0116,4.5783,HAZARD,43,73.2
12:53:32.081,1.003,0.0,HAZARD,100,100.0
12:53:32.197,1.005,4.5783,HAZARD,43,70.2
12:53:32.309,1.0049,4.5783,HAZARD,43,70.2
12:53:32.428,1.0034,0.0,NORMAL,100,100.0
12:53:32.526,1.0159,0.0,NORMAL,100,100.0
12:53:32.635,1.0133,0.0,NORMAL,100,100.0
12:53:32.751,1.0152,0.0,NORMAL,100,100.0
12:53:32.850,1.0082,0.0,NORMAL,100,100.0
12:53:32.953,1.014,0.0,NORMAL,100,100.0
12:53:33.066,1.014,0.0,NORMAL,100,100.0
12:53:33.178,1.015,0.0,NORMAL,100,100.0
12:53:33.287,1.003,0.0,NORMAL,100,100.0
12:53:33.390,1.0086,0.0,NORMAL,100,100.0
12:53:33.493,1.0119,0.0,NORMAL,100,100.0
12:53:33.607,1.0069,0.0,NORMAL,100,100.0
12:53:33.719,1.0101,0.0,NORMAL,100,100.0
12:53:33.827,1.0093,0.0,NORMAL,100,100.0
12:53:33.932,1.0046,0.0,NORMAL,100,100.0
12:53:34.038,1.0125,0.0,NORMAL,100,100.0
12:53:34.142,1.0054,0.0,NORMAL,100,100.0
12:53:34.254,1.0057,0.0,NORMAL,100,100.0
12:53:34.364,1.0129,0.0,NORMAL,100,100.0
12:53:34.478,1.0202,0.0,NORMAL,100,100.0
12:53:34.590,1.0187,0.0,NORMAL,100,100.0
12:53:34.690,1.0044,0.0,NORMAL,100,100.0
12:53:34.797,1.0103,0.0,NORMAL,100,100.0
12:53:34.905,1.0125,0.0,NORMAL,100,100.0
12:53:35.016,1.0146,0.0,NORMAL,100,100.0
12:53:35.127,1.0141,0.0,NORMAL,100,100.0
12:53:35.237,1.0128,0.0,NORMAL,100,100.0
12:53:35.350,1.0144,0.0,NORMAL,100,100.0
12:53:35.461,1.0144,0.0,NORMAL,100,100.0
12:53:35.569,1.0104,0.0,NORMAL,100,100.0
12:53:35.678,1.0176,0.0,NORMAL,100,100.0
12:53:35.790,1.0174,0.0,NORMAL,100,100.0
12:53:35.900,1.0053,0.0,NORMAL,100,100.0
12:53:36.009,1.0064,0.0,NORMAL,100,100.0
12:53:36.127,1.0182,0.0,NORMAL,100,100.0
12:53:36.234,1.0078,0.0,NORMAL,100,100.0
12:53:36.347,1.0131,0.0,NORMAL,100,100.0
12:53:36.461,1.0048,0.0,NORMAL,100,100.0
12:53:36.567,1.0071,0.0,NORMAL,100,100.0
12:53:36.672,1.0045,0.0,NORMAL,100,100.0
12:53:36.779,1.0066,0.0,NORMAL,100,100.0
12:53:36.884,1.0101,0.0,NORMAL,100,100.0
12:53:36.998,1.0057,0.0,NORMAL,100,100.0
12:53:37.103,1.0006,0.0,NORMAL,100,100.0
12:53:37.209,1.0006,0.0,NORMAL,100,100.0
12:53:37.320,1.0094,0.0,NORMAL,100,100.0
12:53:37.432,1.0088,0.0,NORMAL,100,100.0
12:53:37.540,1.0063,0.0,NORMAL,100,100.0
12:53:37.644,1.0052,0.0,NORMAL,100,100.0
12:53:37.783,1.0082,0.0,NORMAL,100,100.0
12:53:37.888,1.0143,0.0,NORMAL,100,100.0
12:53:38.003,1.0008,0.0,NORMAL,100,100.0
12:53:38.117,1.0013,0.0,NORMAL,100,100.0
12:53:38.228,1.0036,0.0,NORMAL,100,100.0
12:53:38.331,1.0136,0.0,NORMAL,100,100.0
12:53:38.439,1.0042,0.0,NORMAL,100,100.0
12:53:38.552,1.0086,0.0,NORMAL,100,100.0
12:53:38.661,1.0031,0.0,NORMAL,100,100.0
12:53:38.768,1.0077,0.0,NORMAL,100,100.0
12:53:38.869,1.0163,0.0,NORMAL,100,100.0
12:53:38.978,1.0016,0.0,NORMAL,100,100.0
12:53:39.093,1.0153,0.0,NORMAL,100,100.0
12:53:39.203,1.0033,0.0,NORMAL,100,100.0
12:53:39.316,1.0052,4.6965,NORMAL,41,72.3
12:53:39.432,1.0094,4.6965,NORMAL,41,73.3
12:53:39.547,1.0079,4.6965,NORMAL,41,72.3
12:53:39.662,1.0142,0.0,NORMAL,100,100.0
12:53:39.770,1.0045,0.0,NORMAL,100,100.0
12:53:39.881,1.009,4.6965,HAZARD,41,73.3
12:53:39.997,1.0112,4.6965,HAZARD,41,74.3
12:53:40.110,1.0165,0.0,HAZARD,100,100.0
12:53:40.228,1.0132,0.0,NORMAL,100,100.0
12:53:40.336,1.0059,0.0,NORMAL,100,100.0
12:53:40.448,1.0057,0.0,NORMAL,100,100.0
12:53:40.559,1.0133,0.0,NORMAL,100,100.0
12:53:40.669,1.0038,0.0,NORMAL,100,100.0
12:53:40.782,1.0137,0.0,NORMAL,100,100.0
12:53:40.896,1.0184,0.0,NORMAL,100,100.0
12:53:41.008,1.0023,0.0,NORMAL,100,100.0
12:53:41.115,1.0003,0.0,NORMAL,100,100.0
12:53:41.218,1.0149,0.0,NORMAL,100,100.0
12:53:41.330,1.0052,0.0,NORMAL,100,100.0
12:53:41.434,1.0105,0.0,NORMAL,100,100.0
12:53:41.539,1.0067,0.0,NORMAL,100,100.0
12:53:41.646,1.0005,0.0,NORMAL,100,100.0
12:53:41.895,1.018,0.0,NORMAL,100,100.0
12:53:41.998,1.0153,0.0,NORMAL,100,100.0
12:53:42.109,1.0007,0.0,NORMAL,100,100.0
12:53:42.222,1.0149,0.0,NORMAL,100,100.0
12:53:42.336,1.0147,0.0,NORMAL,100,100.0
12:53:42.446,1.008,0.0,NORMAL,100,100.0
12:53:42.559,1.0078,0.0,NORMAL,100,100.0
12:53:42.668,1.0148,0.0,NORMAL,100,100.0
12:53:42.779,1.0099,0.0,NORMAL,100,100.0
12:53:42.889,1.001,0.0,NORMAL,100,100.0
12:53:43.009,1.0184,0.0,NORMAL,100,100.0
12:53:43.121,1.0104,0.0,NORMAL,100,100.0
12:53:43.235,1.0041,0.0,NORMAL,100,100.0
12:53:43.340,1.0,0.0,NORMAL,100,100.0
12:53:43.450,1.0026,0.0,NORMAL,100,100.0
12:53:43.560,1.0108,0.0,NORMAL,100,100.0
12:53:43.676,1.0011,1.3329,NORMAL,80,58.0
12:53:43.787,1.0201,1.3329,NORMAL,80,58.0
12:53:43.901,1.0079,1.3329,NORMAL,80,56.0
12:53:44.016,1.0122,1.3329,CAUTION,80,61.0
12:53:44.135,1.004,1.3329,CAUTION,80,57.0
12:53:44.240,1.0186,1.3329,CAUTION,80,58.0
12:53:44.355,1.0096,1.3329,CAUTION,80,59.0
12:53:44.470,1.0167,1.3329,CAUTION,80,62.0
12:53:44.587,1.0127,1.3329,CAUTION,80,58.0
12:53:44.735,1.0166,1.3329,CAUTION,80,63.0
12:53:44.853,1.0064,1.3329,CAUTION,80,56.0
12:53:45.023,1.0071,1.3329,CAUTION,80,59.0
12:53:45.141,1.0003,1.3329,CAUTION,80,58.0
12:53:45.267,1.002,1.3329,CAUTION,80,57.0
12:53:45.394,1.0111,1.3329,CAUTION,80,58.0
12:53:45.514,1.0048,4.8901,CAUTION,38,73.0
12:53:45.636,1.0017,4.8901,CAUTION,38,74.0
12:53:45.749,1.0155,4.8901,CAUTION,38,75.0
12:53:45.866,1.016,4.8901,HAZARD,38,76.0
12:53:46.006,1.0001,4.8901,HAZARD,38,75.0
12:53:46.129,1.0064,4.8901,HAZARD,38,73.0
12:53:46.253,1.0051,4.8901,HAZARD,38,73.0
12:53:46.371,1.0028,4.8901,HAZARD,38,74.0
12:53:46.501,1.0131,4.8901,HAZARD,38,76.0
12:53:46.628,1.0084,4.8901,HAZARD,38,74.0
12:53:46.746,1.0134,4.8901,HAZARD,38,74.0
12:53:46.867,1.0121,4.8901,HAZARD,38,75.0
12:53:47.027,1.0031,4.8901,HAZARD,38,74.0
12:53:47.151,1.0102,4.8901,HAZARD,38,74.0
12:53:47.271,1.0063,4.8901,HAZARD,38,73.0
12:53:47.394,1.0126,2.2145,HAZARD,68,74.0
12:53:47.513,1.0121,2.2145,HAZARD,68,75.0
12:53:47.625,1.0097,2.2145,HAZARD,68,75.0
12:53:47.732,1.003,2.2145,CAUTION,68,74.0
12:53:47.845,1.006,2.2145,CAUTION,68,73.0
12:53:47.959,1.0088,2.2145,CAUTION,68,74.0
12:53:48.073,1.0111,2.2145,CAUTION,68,76.0
12:53:48.173,1.0162,2.2145,CAUTION,68,76.0
12:53:48.289,1.0079,2.2145,CAUTION,68,74.0
12:53:48.397,1.0014,2.2145,CAUTION,68,77.0
12:53:48.506,1.0031,2.2145,CAUTION,68,73.0
12:53:48.618,1.0133,2.2145,CAUTION,68,76.0
12:53:48.725,1.0054,2.2145,CAUTION,68,74.0
12:53:48.840,1.0087,2.2145,CAUTION,68,74.0
12:53:48.957,1.0088,2.2145,CAUTION,68,75.0
12:53:49.070,1.0004,2.2145,CAUTION,68,76.0
12:53:49.181,1.012,2.2145,CAUTION,68,75.0
12:53:49.296,1.0066,0.0,CAUTION,100,100.0
12:53:49.413,1.018,0.0,CAUTION,100,100.0
12:53:49.527,1.0157,0.0,CAUTION,100,100.0
12:53:49.644,1.0106,0.0,NORMAL,100,100.0
12:53:49.748,1.0118,0.0,NORMAL,100,100.0
12:53:49.851,1.0093,0.0,NORMAL,100,100.0
12:53:49.962,1.0083,0.0,NORMAL,100,100.0
12:53:50.081,1.0173,0.0,NORMAL,100,100.0
12:53:50.196,1.0107,0.0,NORMAL,100,100.0
12:53:50.293,1.0017,0.0,NORMAL,100,100.0
12:53:50.388,1.0106,0.0,NORMAL,100,100.0
12:53:50.505,1.014,0.0,NORMAL,100,100.0
12:53:50.612,1.0062,0.0,NORMAL,100,100.0
12:53:50.712,1.0136,0.0,NORMAL,100,100.0
12:53:50.830,1.0117,0.0,NORMAL,100,100.0
12:53:50.937,1.0103,0.0,NORMAL,100,100.0
12:53:51.046,1.0075,0.0,NORMAL,100,100.0
12:53:51.150,1.004,0.0,NORMAL,100,100.0
12:53:51.262,1.0047,4.2321,NORMAL,48,67.1
12:53:51.414,1.0117,4.2321,NORMAL,48,68.1
12:53:51.530,1.0034,4.2321,NORMAL,48,68.1
12:53:51.652,1.0117,1.45,NORMAL,79,58.0
12:53:51.771,1.019,1.45,HAZARD,79,59.0
12:53:51.881,1.0176,1.45,CAUTION,79,59.0
12:53:51.989,1.0111,1.45,CAUTION,79,61.0
12:53:52.103,1.0043,1.45,CAUTION,79,59.0
12:53:52.219,1.0179,1.45,CAUTION,79,58.0
12:53:52.339,1.0164,1.45,CAUTION,79,59.0
12:53:52.451,1.0043,1.45,CAUTION,79,59.0
12:53:52.565,1.0126,1.45,CAUTION,79,61.0
12:53:52.680,1.012,1.45,CAUTION,79,58.0
12:53:52.792,1.0062,1.45,CAUTION,79,56.0
12:53:52.909,1.0066,1.45,CAUTION,79,56.0
12:53:53.025,1.0112,1.45,CAUTION,79,58.0
12:53:53.147,1.0014,1.45,CAUTION,79,58.0
12:53:53.248,1.0156,1.45,CAUTION,79,58.0
12:53:53.359,1.0066,0.0,CAUTION,100,100.0
12:53:53.465,1.0137,0.0,CAUTION,100,100.0
12:53:53.583,1.0117,0.0,CAUTION,100,100.0
12:53:53.700,1.0108,0.0,NORMAL,100,100.0
12:53:53.810,1.0171,0.0,NORMAL,100,100.0
12:53:53.912,1.0141,0.0,NORMAL,100,100.0
12:53:54.020,1.0003,0.0,NORMAL,100,100.0
12:53:54.137,1.0135,0.0,NORMAL,100,100.0
12:53:54.249,1.0147,0.0,NORMAL,100,100.0
12:53:54.353,1.0093,0.0,NORMAL,100,100.0
12:53:54.467,1.0171,0.0,NORMAL,100,100.0
12:53:54.580,1.0155,0.0,NORMAL,100,100.0
12:53:54.689,1.0056,0.0,NORMAL,100,100.0
12:53:54.796,1.0128,0.0,NORMAL,100,100.0
12:53:54.898,1.0154,0.0,NORMAL,100,100.0
12:53:55.019,1.0067,0.0,NORMAL,100,100.0
12:53:55.127,1.0168,0.0,NORMAL,100,100.0
12:53:55.243,1.0101,0.0,NORMAL,100,100.0
12:53:55.358,1.0033,0.0,NORMAL,100,100.0
12:53:55.467,1.0131,0.0,NORMAL,100,100.0
12:53:55.577,1.0084,0.0,NORMAL,100,100.0
12:53:55.688,1.0159,0.0,NORMAL,100,100.0
12:53:55.796,1.0053,0.0,NORMAL,100,100.0
12:53:55.910,1.002,0.0,NORMAL,100,100.0
12:53:56.022,1.0151,0.0,NORMAL,100,100.0
12:53:56.136,1.0168,0.0,NORMAL,100,100.0
12:53:56.239,1.0062,0.0,NORMAL,100,100.0
12:53:56.350,1.0139,0.0,NORMAL,100,100.0
12:53:56.462,1.0102,0.0,NORMAL,100,100.0
12:53:56.571,1.0085,0.0,NORMAL,100,100.0
12:53:56.676,1.0046,0.0,NORMAL,100,100.0
12:53:56.781,1.0134,1.4513,NORMAL,79,58.0
12:53:56.889,1.0097,1.4513,NORMAL,79,58.0
12:53:56.999,1.0017,1.4513,NORMAL,79,59.0
12:53:57.112,1.0019,1.4513,CAUTION,79,57.0
12:53:57.234,1.0017,1.4513,CAUTION,79,57.0
12:53:57.346,1.0001,1.4513,CAUTION,79,57.0
12:53:57.449,1.0126,1.4513,CAUTION,79,58.0
12:53:57.562,1.0084,1.4513,CAUTION,79,57.0
12:53:57.718,1.0098,1.4513,CAUTION,79,58.0
12:53:57.823,1.008,1.4513,CAUTION,79,57.0
12:53:57.932,1.006,1.4513,CAUTION,79,56.0
12:53:58.047,1.0079,1.4513,CAUTION,79,56.0
12:53:58.161,1.0038,1.4513,CAUTION,79,56.0
12:53:58.281,1.0052,1.4513,CAUTION,79,56.0
12:53:58.387,1.0045,1.4513,CAUTION,79,56.0
12:53:58.503,1.0053,1.4513,CAUTION,79,56.0
12:53:58.608,1.0064,0.0,CAUTION,100,100.0
12:53:58.715,1.0012,0.0,CAUTION,100,100.0
12:53:58.824,1.0207,0.0,CAUTION,100,100.0
12:53:58.940,1.0132,0.0,NORMAL,100,100.0
12:53:59.039,1.0061,0.0,NORMAL,100,100.0
12:53:59.148,1.0072,0.0,NORMAL,100,100.0
12:53:59.279,1.0194,0.0,NORMAL,100,100.0
12:53:59.394,1.0137,0.0,NORMAL,100,100.0
12:53:59.514,1.0073,0.0,NORMAL,100,100.0
12:53:59.627,1.0018,0.0,NORMAL,100,100.0
12:53:59.733,1.0198,0.0,NORMAL,100,100.0
12:53:59.837,1.0069,0.0,NORMAL,100,100.0
12:53:59.947,1.0005,0.0,NORMAL,100,100.0
12:54:00.064,1.0,0.0,NORMAL,100,100.0
12:54:00.177,1.0049,0.0,NORMAL,100,100.0
12:54:00.295,1.0064,0.0,NORMAL,100,100.0
12:54:00.398,1.0012,1.3066,NORMAL,80,57.0
12:54:00.509,1.0055,1.3066,NORMAL,80,56.0
12:54:00.624,1.0138,1.3066,NORMAL,80,58.0
12:54:00.737,1.001,1.3066,CAUTION,80,57.0
12:54:00.841,1.0051,1.3066,CAUTION,80,56.0
12:54:00.946,1.0153,1.3066,CAUTION,80,59.0
12:54:01.059,1.0119,0.0,CAUTION,100,100.0
12:54:01.168,1.013,4.3584,CAUTION,46,71.2
12:54:01.278,1.0149,4.3584,CAUTION,46,70.2
12:54:01.397,1.0079,4.3584,CAUTION,46,69.2
12:54:01.512,1.0111,4.3584,HAZARD,46,71.2
12:54:01.618,1.0144,4.3584,HAZARD,46,71.2
12:54:01.736,1.021,4.3584,HAZARD,46,71.2
12:54:01.854,1.012,4.3584,HAZARD,46,72.2
12:54:01.989,1.0025,4.3584,HAZARD,46,73.2
12:54:02.100,1.0187,1.3066,HAZARD,80,58.0
12:54:02.204,1.0165,0.0,HAZARD,100,100.0
12:54:02.309,1.0133,0.0,HAZARD,100,100.0
12:54:02.426,1.0033,0.0,NORMAL,100,100.0
12:54:02.541,1.0171,0.0,NORMAL,100,100.0
12:54:02.651,1.0083,4.3584,NORMAL,46,70.2
12:54:02.762,1.0035,4.3584,NORMAL,46,71.2
12:54:02.880,1.0148,4.3584,NORMAL,46,70.2
12:54:02.989,1.0038,3.0,NORMAL,68,74.0
12:54:03.095,1.0054,3.0,HAZARD,68,75.0
12:54:03.211,1.0076,0.0,HAZARD,100,100.0
12:54:03.320,1.0115,0.0,HAZARD,100,100.0
12:54:03.427,1.0153,0.0,NORMAL,100,100.0
12:54:03.533,1.0018,0.0,NORMAL,100,100.0
12:54:03.632,1.0119,0.0,NORMAL,100,100.0
12:54:03.738,1.0003,0.0,NORMAL,100,100.0
12:54:03.839,1.0088,0.0,NORMAL,100,100.0
12:54:03.938,1.003,0.0,NORMAL,100,100.0
12:54:04.057,1.0047,0.0,NORMAL,100,100.0
12:54:04.170,1.0097,0.0,NORMAL,100,100.0
12:54:04.286,1.0042,0.0,NORMAL,100,100.0
12:54:04.396,1.0166,0.0,NORMAL,100,100.0
12:54:04.491,1.0087,0.0,NORMAL,100,100.0
12:54:04.624,1.0002,0.0,NORMAL,100,100.0
12:54:04.742,1.0023,0.0,NORMAL,100,100.0
12:54:04.859,1.0173,0.0,NORMAL,100,100.0
12:54:04.959,1.01,0.0,NORMAL,100,100.0
12:54:05.066,1.0191,0.0,NORMAL,100,100.0
12:54:05.173,1.0046,0.0,NORMAL,100,100.0
12:54:05.286,1.0118,0.0,NORMAL,100,100.0
12:54:05.388,1.0177,0.0,NORMAL,100,100.0
12:54:05.493,1.0138,0.0,NORMAL,100,100.0
12:54:05.611,1.0045,0.0,NORMAL,100,100.0
12:54:05.727,1.0102,0.0,NORMAL,100,100.0
12:54:05.834,1.0107,0.0,NORMAL,100,100.0
12:54:05.937,1.0029,0.0,NORMAL,100,100.0
12:54:06.050,1.0148,1.65,NORMAL,76,58.0
12:54:06.154,1.0142,1.65,NORMAL,76,58.0
12:54:06.260,1.0003,1.65,NORMAL,76,58.0
12:54:06.374,1.0121,1.3625,CAUTION,80,59.0
12:54:06.479,1.0077,1.3625,CAUTION,80,56.0
12:54:06.588,1.0203,1.65,CAUTION,76,58.0
12:54:06.695,1.005,1.65,CAUTION,76,56.0
12:54:06.803,1.0023,1.65,CAUTION,76,60.0
12:54:06.915,1.0179,1.65,CAUTION,76,58.0
12:54:07.031,1.0081,1.65,CAUTION,76,57.0
12:54:07.163,1.0036,1.65,CAUTION,76,59.0
12:54:07.275,1.0118,1.65,CAUTION,76,58.0
12:54:07.389,1.0066,1.3625,CAUTION,80,56.0
12:54:07.499,1.0144,1.3625,CAUTION,80,58.0
12:54:07.617,1.0145,1.3625,CAUTION,80,58.0
12:54:07.733,1.0118,1.3625,CAUTION,80,59.0
12:54:07.848,1.0026,1.3625,CAUTION,80,59.0
12:54:07.961,1.0093,1.3625,CAUTION,80,57.0
12:54:08.071,1.0029,1.3625,CAUTION,80,57.0
12:54:08.181,1.0132,0.0,CAUTION,100,100.0
12:54:08.293,1.0139,0.0,CAUTION,100,100.0
12:54:08.403,1.0013,0.0,CAUTION,100,100.0
12:54:08.514,1.008,0.0,NORMAL,100,100.0
12:54:08.617,1.0159,0.0,NORMAL,100,100.0
12:54:08.731,1.0157,0.0,NORMAL,100,100.0
12:54:08.846,1.0042,0.0,NORMAL,100,100.0
12:54:08.951,1.0152,1.625,NORMAL,76,60.0
12:54:09.066,1.0025,1.625,NORMAL,76,57.0
12:54:09.181,1.0146,1.625,NORMAL,76,59.0
12:54:09.297,1.0072,1.625,CAUTION,76,57.0
12:54:09.411,1.0055,1.625,CAUTION,76,57.0
12:54:09.524,1.0144,1.625,CAUTION,76,58.0
12:54:09.641,1.0143,1.625,CAUTION,76,58.0
12:54:09.749,1.0148,1.625,CAUTION,76,59.0
12:54:09.858,1.0103,1.625,CAUTION,76,59.0
12:54:09.964,1.0126,1.625,CAUTION,76,59.0
12:54:10.079,1.006,1.625,CAUTION,76,56.0
12:54:10.197,1.0108,1.625,CAUTION,76,57.0
12:54:10.347,1.0022,1.625,CAUTION,76,58.0
12:54:10.467,1.007,1.625,CAUTION,76,55.0
12:54:10.579,1.0187,1.625,CAUTION,76,58.0
12:54:10.693,1.0118,1.625,CAUTION,76,59.0
12:54:10.812,1.0188,1.5105,CAUTION,78,62.0
12:54:10.927,1.0034,1.5105,CAUTION,78,56.0
12:54:11.040,1.0015,0.0,CAUTION,100,100.0
12:54:11.155,1.0109,0.0,CAUTION,100,100.0
12:54:11.270,1.006,0.0,CAUTION,100,100.0
12:54:11.379,1.0143,0.0,NORMAL,100,100.0
12:54:11.489,1.0036,0.0,NORMAL,100,100.0
12:54:11.597,1.0014,0.0,NORMAL,100,100.0
12:54:11.713,1.0129,0.0,NORMAL,100,100.0
12:54:11.822,1.011,0.0,NORMAL,100,100.0
12:54:11.932,1.0087,0.0,NORMAL,100,100.0
12:54:12.047,1.012,0.0,NORMAL,100,100.0
12:54:12.158,1.0099,0.0,NORMAL,100,100.0
12:54:12.268,1.0196,1.3083,NORMAL,80,61.0
12:54:12.378,1.0165,1.3083,NORMAL,80,59.0
12:54:12.492,1.0005,1.3083,NORMAL,80,60.0
12:54:12.604,1.0156,1.3083,CAUTION,80,61.0
12:54:12.709,1.0045,1.3083,CAUTION,80,56.0
12:54:12.824,1.0146,1.3083,CAUTION,80,59.0
12:54:12.939,1.008,1.3083,CAUTION,80,56.0
12:54:13.049,1.0028,1.3083,CAUTION,80,58.0
12:54:13.158,1.0037,1.3083,CAUTION,80,56.0
12:54:13.275,1.004,1.3083,CAUTION,80,56.0
12:54:13.388,1.0128,1.3083,CAUTION,80,58.0
12:54:13.500,1.0042,1.3083,CAUTION,80,57.0
12:54:13.613,1.0031,1.3083,CAUTION,80,56.0
12:54:13.731,1.0124,1.3083,CAUTION,80,58.0
12:54:13.844,1.0153,1.3083,CAUTION,80,60.0
12:54:13.949,1.0088,0.0,CAUTION,100,100.0
12:54:14.068,1.0134,0.0,CAUTION,100,100.0
12:54:14.186,1.0124,0.0,CAUTION,100,100.0
12:54:14.303,1.005,0.0,NORMAL,100,100.0
12:54:14.418,1.0093,0.0,NORMAL,100,100.0
12:54:14.533,1.0104,0.0,NORMAL,100,100.0
12:54:14.649,1.0054,0.0,NORMAL,100,100.0
12:54:14.751,1.0156,0.0,NORMAL,100,100.0
12:54:14.861,1.0035,0.0,NORMAL,100,100.0
12:54:14.965,1.0003,0.0,NORMAL,100,100.0
12:54:15.074,1.0087,0.0,NORMAL,100,100.0
12:54:15.172,1.0017,0.0,NORMAL,100,100.0
12:54:15.282,1.01,0.0,NORMAL,100,100.0
12:54:15.394,1.0072,0.0,NORMAL,100,100.0
12:54:15.510,1.0151,0.0,NORMAL,100,100.0
12:54:15.615,1.0161,0.0,NORMAL,100,100.0
12:54:15.713,1.0188,0.0,NORMAL,100,100.0
12:54:15.827,1.0109,0.0,NORMAL,100,100.0
12:54:15.937,1.0038,0.0,NORMAL,100,100.0
12:54:16.043,1.0106,0.0,NORMAL,100,100.0
12:54:16.147,1.0058,0.0,NORMAL,100,100.0
12:54:16.295,1.0113,1.3329,NORMAL,80,57.0
12:54:16.413,1.0033,1.3329,NORMAL,80,57.0
12:54:16.527,1.4721,1.3329,NORMAL,80,57.0
12:54:16.639,1.0652,1.3329,CAUTION,80,89.0
12:54:16.754,1.0482,1.3329,CAUTION,80,97.0
12:54:16.865,1.0592,1.3329,CAUTION,80,89.0
12:54:16.992,1.049,1.3329,CAUTION,80,74.0
12:54:17.104,1.0283,1.3329,CAUTION,80,83.0
12:54:17.211,1.0298,1.3329,CAUTION,80,64.0
12:54:17.317,1.0349,1.3329,CAUTION,80,62.0
12:54:17.429,1.0169,1.3329,CAUTION,80,62.0
12:54:17.546,1.0291,1.3329,CAUTION,80,62.0
12:54:17.667,1.0062,1.3329,CAUTION,80,56.0
12:54:17.765,1.0209,1.3329,CAUTION,80,61.0
12:54:17.874,1.0191,1.3329,CAUTION,80,59.0
12:54:17.991,1.0,1.3329,CAUTION,80,60.0
12:54:18.098,1.0209,0.0,CAUTION,100,100.0
12:54:18.211,1.0066,0.0,CAUTION,100,100.0
12:54:18.342,1.0119,0.0,CAUTION,100,100.0
12:54:18.458,1.0185,0.0,NORMAL,100,100.0
12:54:18.572,1.0052,0.0,NORMAL,100,100.0
12:54:18.684,1.0052,0.0,NORMAL,100,100.0
12:54:18.793,1.0072,0.0,NORMAL,100,100.0
12:54:18.902,1.0157,0.0,NORMAL,100,100.0
12:54:19.015,1.0058,0.0,NORMAL,100,100.0
12:54:19.129,1.0034,0.0,NORMAL,100,100.0
12:54:19.242,1.0015,0.0,NORMAL,100,100.0
12:54:19.351,1.0141,0.0,NORMAL,100,100.0
12:54:19.464,1.0158,0.0,NORMAL,100,100.0
12:54:19.565,1.0159,0.0,NORMAL,100,100.0
12:54:19.678,1.0131,0.0,NORMAL,100,100.0
12:54:19.790,1.0025,0.0,NORMAL,100,100.0
12:54:19.901,1.0138,0.0,NORMAL,100,100.0
12:54:20.011,1.0052,0.0,NORMAL,100,100.0
12:54:20.120,1.0116,0.0,NORMAL,100,100.0
12:54:20.233,1.0049,0.0,NORMAL,100,100.0
12:54:20.337,1.0064,0.0,NORMAL,100,100.0
12:54:20.451,1.002,0.0,NORMAL,100,100.0
12:54:20.562,1.0171,0.0,NORMAL,100,100.0
12:54:20.663,1.0023,0.0,NORMAL,100,100.0
12:54:20.773,1.0151,0.0,NORMAL,100,100.0
12:54:20.877,1.009,0.0,NORMAL,100,100.0
12:54:20.986,1.0147,0.0,NORMAL,100,100.0
12:54:21.094,1.0134,0.0,NORMAL,100,100.0
12:54:21.208,1.0145,0.0,NORMAL,100,100.0
12:54:21.323,1.0166,0.0,NORMAL,100,100.0
12:54:21.437,1.0181,0.0,NORMAL,100,100.0
12:54:21.544,1.0138,0.0,NORMAL,100,98.0
12:54:21.653,1.0061,0.0,NORMAL,100,100.0
12:54:21.768,1.0127,0.0,NORMAL,100,100.0
12:54:21.871,1.0162,0.0,NORMAL,100,100.0
12:54:21.977,1.0133,0.0,NORMAL,100,100.0
12:54:22.084,1.0172,1.425,NORMAL,79,63.0
12:54:22.196,1.0033,1.425,NORMAL,79,56.0
12:54:22.323,1.0006,1.425,NORMAL,79,60.0
12:54:22.443,1.0131,1.425,CAUTION,79,58.0
12:54:22.562,1.0113,1.425,CAUTION,79,58.0
12:54:22.680,1.0022,1.425,CAUTION,79,58.0
12:54:22.788,1.0036,1.425,CAUTION,79,56.0
12:54:22.900,1.0219,1.425,CAUTION,79,58.0
12:54:23.008,1.0102,1.425,CAUTION,79,58.0
12:54:23.122,1.0047,1.425,CAUTION,79,59.0
12:54:23.230,1.0074,1.425,CAUTION,79,56.0
12:54:23.345,1.0058,1.425,CAUTION,79,56.0
12:54:23.460,1.0059,1.425,CAUTION,79,56.0
12:54:23.575,1.0123,1.425,CAUTION,79,57.0
12:54:23.691,1.0025,0.0,CAUTION,100,100.0
12:54:23.807,1.0039,1.425,CAUTION,79,56.0
12:54:23.916,1.0168,0.0,CAUTION,100,100.0
12:54:24.032,1.0032,0.0,CAUTION,100,100.0
12:54:24.136,1.0023,0.0,NORMAL,100,100.0
12:54:24.249,1.0122,0.0,NORMAL,100,100.0
12:54:24.350,1.007,1.3329,NORMAL,80,56.0
12:54:24.465,1.0009,1.3329,NORMAL,80,57.0
12:54:24.582,1.0052,1.3329,NORMAL,80,56.0
12:54:24.698,1.0022,1.3329,CAUTION,80,57.0
12:54:24.810,1.0019,0.0,CAUTION,100,100.0
12:54:24.919,1.0105,0.0,CAUTION,100,100.0
12:54:25.036,1.0113,1.3329,CAUTION,80,58.0
12:54:25.162,1.0083,1.3329,CAUTION,80,57.0
12:54:25.273,1.0049,1.3329,CAUTION,80,56.0
12:54:25.392,1.0078,1.3329,CAUTION,80,56.0
12:54:25.506,1.015,1.3329,CAUTION,80,57.0
12:54:25.626,1.0078,1.3329,CAUTION,80,57.0
12:54:25.735,1.0117,1.3329,CAUTION,80,59.0
12:54:25.839,1.0039,1.3329,CAUTION,80,57.0
12:54:25.959,1.0028,1.3329,CAUTION,80,57.0
12:54:26.076,1.0013,1.3329,CAUTION,80,57.0
12:54:26.188,1.0117,0.0,CAUTION,100,100.0
12:54:26.303,1.0094,0.0,CAUTION,100,100.0
12:54:26.417,1.0011,0.0,CAUTION,100,100.0
12:54:26.527,1.0141,0.0,NORMAL,100,100.0
12:54:26.638,1.004,1.4842,NORMAL,78,56.0
12:54:26.753,1.0065,1.4842,NORMAL,78,56.0
12:54:26.860,1.0071,1.4842,NORMAL,78,56.0
12:54:26.969,1.0155,1.4842,CAUTION,78,59.0
12:54:27.073,1.0007,1.4842,CAUTION,78,57.0
12:54:27.190,1.0062,1.4842,CAUTION,78,56.0
12:54:27.305,1.014,1.4842,CAUTION,78,58.0
12:54:27.422,1.007,1.4842,CAUTION,78,57.0
12:54:27.535,1.007,1.4842,CAUTION,78,56.0
12:54:27.683,1.0042,1.4842,CAUTION,78,56.0
12:54:27.798,1.0006,1.4842,CAUTION,78,57.0
12:54:27.908,1.0203,1.4842,CAUTION,78,58.0
12:54:28.023,1.0018,1.4842,CAUTION,78,57.0
12:54:28.129,1.0051,1.4842,CAUTION,78,59.0
12:54:28.241,1.0117,0.0,CAUTION,100,100.0
12:54:28.356,1.002,0.0,CAUTION,100,100.0
12:54:28.463,1.0094,0.0,CAUTION,100,100.0
12:54:28.577,1.007,0.0,NORMAL,100,100.0
12:54:28.687,1.0028,1.3066,NORMAL,80,57.0
12:54:28.808,1.0014,1.3066,NORMAL,80,57.0
12:54:28.932,1.0011,1.3066,NORMAL,80,57.0
12:54:29.047,1.0082,1.3066,CAUTION,80,55.0
12:54:29.165,1.0055,1.3066,CAUTION,80,56.0
12:54:29.282,1.0158,1.3066,CAUTION,80,59.0
12:54:29.395,1.0035,1.3066,CAUTION,80,56.0
12:54:29.506,1.0054,1.3066,CAUTION,80,57.0
12:54:29.620,1.0122,1.3066,CAUTION,80,57.0
12:54:29.738,1.0077,1.3066,CAUTION,80,56.0
12:54:29.849,1.0037,1.3066,CAUTION,80,56.0
12:54:29.960,1.0139,1.3066,CAUTION,80,59.0
12:54:30.074,1.0119,1.3066,CAUTION,80,58.0
12:54:30.186,1.0085,1.3066,CAUTION,80,57.0
12:54:30.302,1.0064,1.3066,CAUTION,80,56.0
12:54:30.422,1.0012,1.3066,CAUTION,80,57.0
12:54:30.535,1.0007,0.0,CAUTION,100,100.0
12:54:30.639,1.0109,0.0,CAUTION,100,100.0
12:54:30.747,1.007,0.0,CAUTION,100,100.0
12:54:30.866,1.0025,0.0,NORMAL,100,100.0
12:54:30.967,1.0118,0.0,NORMAL,100,100.0
12:54:31.075,1.0103,0.0,NORMAL,100,100.0
12:54:31.173,1.0085,0.0,NORMAL,100,100.0
12:54:31.280,1.0012,0.0,NORMAL,100,100.0
12:54:31.394,1.0028,0.0,NORMAL,100,100.0
12:54:31.497,1.015,0.0,NORMAL,100,100.0
12:54:31.602,1.0041,0.0,NORMAL,100,100.0
12:54:31.704,1.0018,0.0,NORMAL,100,100.0
12:54:31.807,1.0113,0.0,NORMAL,100,100.0
12:54:31.919,1.0059,0.0,NORMAL,100,100.0
12:54:32.030,1.0036,1.375,NORMAL,80,56.0
12:54:32.131,1.0065,1.375,NORMAL,80,56.0
12:54:32.248,1.0115,1.375,NORMAL,80,57.0
12:54:32.358,1.0033,1.375,CAUTION,80,57.0
12:54:32.477,1.0031,1.375,CAUTION,80,56.0
12:54:32.594,1.0004,0.0,CAUTION,100,100.0
12:54:32.708,1.0049,0.0,CAUTION,100,100.0
12:54:32.818,1.0101,2.3,CAUTION,68,75.0
12:54:32.923,1.0035,2.3,CAUTION,68,74.0
12:54:33.034,1.0213,2.3,CAUTION,68,76.0
12:54:33.146,1.0015,2.3,CAUTION,68,75.0
12:54:33.259,1.0106,2.3,CAUTION,68,79.0
12:54:33.370,1.0056,2.3,CAUTION,68,74.0
12:54:33.526,1.0138,2.3,CAUTION,68,76.0
12:54:33.633,1.0058,2.3,CAUTION,68,75.0
12:54:33.748,1.0049,2.3,CAUTION,68,74.0
12:54:33.860,1.0027,2.3,CAUTION,68,75.0
12:54:33.978,1.0207,2.3,CAUTION,68,76.0
12:54:34.094,1.0132,2.3,CAUTION,68,77.0
12:54:34.205,1.0058,2.3,CAUTION,68,78.0
12:54:34.316,1.0024,2.3,CAUTION,68,75.0
12:54:34.432,1.006,2.3,CAUTION,68,74.0
12:54:34.543,1.0003,2.3,CAUTION,68,75.0
12:54:34.663,1.0082,2.3,CAUTION,68,74.0
12:54:34.770,1.0004,2.3,CAUTION,68,76.0
12:54:34.888,1.0162,0.0,CAUTION,100,100.0
12:54:35.006,1.013,0.0,CAUTION,100,100.0
12:54:35.123,1.016,0.0,CAUTION,100,100.0
12:54:35.238,1.005,0.0,NORMAL,100,100.0
12:54:35.347,1.0146,0.0,NORMAL,100,100.0
12:54:35.450,1.0023,0.0,NORMAL,100,100.0
12:54:35.562,1.008,0.0,NORMAL,100,100.0
12:54:35.669,1.0086,0.0,NORMAL,100,100.0
12:54:35.780,1.0101,0.0,NORMAL,68,99.0
12:54:35.895,1.0038,0.0,NORMAL,68,99.0
12:54:36.011,1.0006,0.0,NORMAL,68,99.0
12:54:36.127,1.003,0.0,CAUTION,68,99.0
12:54:36.239,1.0094,0.0,CAUTION,68,99.0
12:54:36.351,1.422,0.0,CAUTION,68,92.8
12:54:36.464,1.0784,0.0,CAUTION,68,80.8
12:54:36.577,1.0653,0.0,CAUTION,68,77.8
12:54:36.693,1.0257,0.0,CAUTION,68,63.8
12:54:36.805,1.0514,0.0,CAUTION,68,82.8
12:54:36.922,1.0229,0.0,CAUTION,68,99.0
12:54:37.036,1.0175,0.0,CAUTION,68,99.0
12:54:37.142,1.018,0.0,CAUTION,68,99.0
12:54:37.257,1.0189,0.0,CAUTION,68,99.0
12:54:37.365,1.0223,0.0,CAUTION,100,100.0
12:54:37.479,1.0024,0.0,CAUTION,100,100.0
12:54:37.584,1.027,0.0,CAUTION,100,100.0
12:54:37.690,1.0068,3.0,CAUTION,68,74.0
12:54:37.808,1.0074,3.0,CAUTION,68,77.0
12:54:37.930,1.0004,3.0,CAUTION,68,76.0
12:54:38.037,1.0041,3.0,CAUTION,68,74.0
12:54:38.144,1.0143,3.0,CAUTION,68,77.0
12:54:38.256,1.0116,3.0,CAUTION,68,76.0
12:54:38.374,1.0032,3.0,CAUTION,68,76.0
12:54:38.490,1.0047,3.0,CAUTION,68,74.0
12:54:38.593,2.6161,3.0,CAUTION,40,99.0
12:54:38.702,1.2327,3.0,CAUTION,68,99.0
12:54:38.821,1.2138,3.0,CAUTION,68,85.0
12:54:38.943,1.1858,3.0,CAUTION,68,78.0
12:54:39.066,1.1418,0.0,CAUTION,100,97.0
12:54:39.226,1.1451,4.2142,CAUTION,48,89.9
12:54:39.351,1.1219,0.0,CAUTION,100,75.0
12:54:39.476,2.4858,0.0,CAUTION,34,52.0
12:54:39.602,1.3212,2.3,CAUTION,68,96.0
12:54:39.731,1.2656,2.3,CAUTION,68,85.0
12:54:39.860,1.2332,2.3,CAUTION,68,77.0
12:54:39.978,1.198,2.3,CAUTION,68,77.0
12:54:40.106,1.1535,2.3,CAUTION,68,78.0
12:54:40.232,1.1266,2.3,CAUTION,68,83.0
12:54:40.353,1.1267,2.3,CAUTION,68,99.0
12:54:40.472,1.1106,2.3,CAUTION,68,99.0
12:54:40.600,1.0775,0.0,CAUTION,100,67.0
12:54:40.724,1.072,4.2142,CAUTION,48,99.0
12:54:40.844,1.0789,4.2142,CAUTION,48,99.0
12:54:40.955,1.0433,4.2142,CAUTION,48,99.0
12:54:41.070,1.0369,1.3592,CAUTION,80,93.0
12:54:41.181,1.0456,1.3592,CAUTION,80,63.0
12:54:41.293,1.0414,1.3592,CAUTION,80,62.0
12:54:41.408,1.0096,1.3592,CAUTION,80,60.0
12:54:41.517,1.0123,1.3592,CAUTION,80,62.0
12:54:41.635,1.0168,1.3592,CAUTION,80,60.0
12:54:41.754,1.0035,3.0,CAUTION,68,74.0
12:54:41.873,1.0081,3.0,CAUTION,68,77.0
12:54:41.991,1.0221,3.0,CAUTION,68,76.0
12:54:42.108,1.0013,3.0,CAUTION,68,75.0
12:54:42.229,1.0221,3.0,CAUTION,68,79.0
12:54:42.341,1.0227,3.0,CAUTION,68,77.0
12:54:42.450,1.0104,3.0,CAUTION,68,79.0
12:54:42.572,1.0179,3.0,CAUTION,68,80.0
12:54:42.682,1.0083,1.425,CAUTION,79,58.0
12:54:42.797,1.0143,1.425,CAUTION,79,60.0
12:54:42.910,1.0155,1.425,CAUTION,79,59.0
12:54:43.023,1.0166,1.425,CAUTION,79,60.0
12:54:43.137,1.0007,1.425,CAUTION,79,58.0
12:54:43.248,1.0017,4.0933,CAUTION,50,60.0
12:54:43.371,1.001,3.0,CAUTION,68,75.0
12:54:43.493,1.0017,4.0933,CAUTION,50,57.0
12:54:43.604,1.0038,4.0933,CAUTION,50,56.0
12:54:43.721,1.0161,4.0933,HAZARD,50,58.0
12:54:43.828,1.0032,4.0933,HAZARD,50,56.0
12:54:43.941,1.0151,4.0933,HAZARD,50,59.0
12:54:44.065,1.0128,4.0933,HAZARD,50,58.0
12:54:44.186,1.0061,4.0933,HAZARD,50,57.0
12:54:44.309,1.0013,1.7028,HAZARD,76,67.8
12:54:44.429,1.0074,1.7028,HAZARD,76,65.8
12:54:44.544,1.0032,1.7028,HAZARD,76,66.8
12:54:44.658,1.0146,1.7028,CAUTION,76,68.8
12:54:44.771,1.0128,1.7028,CAUTION,76,68.8
12:54:44.892,1.0175,1.7028,CAUTION,76,70.8
12:54:45.016,1.0068,1.7028,CAUTION,76,66.8
12:54:45.166,1.014,1.7028,CAUTION,76,70.8
12:54:45.277,1.0159,1.7028,CAUTION,76,69.8
12:54:45.398,1.0019,1.7028,CAUTION,76,67.8
12:54:45.514,1.0051,1.7028,CAUTION,76,67.8
12:54:45.625,1.0034,1.7028,CAUTION,76,66.8
12:54:45.742,1.0164,1.7028,CAUTION,76,68.8
12:54:45.855,1.0133,0.0,CAUTION,100,100.0
12:54:45.967,1.0024,0.0,CAUTION,100,100.0
12:54:46.084,1.0092,0.0,CAUTION,100,100.0
12:54:46.192,1.0102,0.0,NORMAL,100,100.0
12:54:46.298,1.0114,0.0,NORMAL,100,100.0
12:54:46.406,1.0136,0.0,NORMAL,100,100.0
12:54:46.520,1.0036,0.0,NORMAL,100,100.0
12:54:46.632,1.0106,0.0,NORMAL,100,100.0
12:54:46.738,1.0111,0.0,NORMAL,100,100.0
12:54:46.849,1.009,0.0,NORMAL,100,100.0
12:54:46.972,1.0068,0.0,NORMAL,100,100.0
12:54:47.080,1.0162,0.0,NORMAL,100,100.0
12:54:47.193,1.0166,0.0,NORMAL,100,100.0
12:54:47.305,1.0076,0.0,NORMAL,100,100.0
12:54:47.420,1.0092,0.0,NORMAL,100,100.0
12:54:47.527,1.0043,0.0,NORMAL,100,100.0
12:54:47.643,1.0056,0.0,NORMAL,100,100.0
12:54:47.758,1.002,0.0,NORMAL,100,100.0
12:54:47.869,1.0106,0.0,NORMAL,100,100.0
12:54:47.982,1.0072,0.0,NORMAL,100,100.0
12:54:48.096,1.0196,0.0,NORMAL,100,100.0
12:54:48.207,1.004,2.3,NORMAL,68,74.0
12:54:48.334,1.0085,2.3,NORMAL,68,78.0
12:54:48.440,1.0085,2.3,NORMAL,68,75.0
12:54:48.561,1.0036,2.3,CAUTION,68,74.0
12:54:48.679,1.0077,2.3,CAUTION,68,74.0
12:54:48.794,1.0152,2.3,CAUTION,68,76.0
12:54:48.919,1.0094,2.3,CAUTION,68,76.0
12:54:49.042,1.0004,2.3,CAUTION,68,78.0
12:54:49.156,1.002,2.3,CAUTION,68,75.0
12:54:49.267,1.0191,2.3,CAUTION,68,76.0
12:54:49.379,1.0158,2.3,CAUTION,68,77.0
12:54:49.490,1.0023,2.3,CAUTION,68,78.0
12:54:49.603,1.0149,2.3,CAUTION,68,77.0
12:54:49.724,1.0109,2.3,CAUTION,68,76.0
12:54:49.840,1.003,2.3,CAUTION,68,76.0
12:54:49.955,1.0115,2.3,CAUTION,68,76.0
12:54:50.070,1.0158,0.0,CAUTION,100,100.0
12:54:50.193,1.0143,0.0,CAUTION,100,100.0
12:54:50.305,1.0098,0.0,CAUTION,100,100.0
12:54:50.427,1.0091,0.0,NORMAL,100,100.0
12:54:50.549,1.0077,0.0,NORMAL,100,100.0
12:54:50.662,1.0061,0.0,NORMAL,100,100.0
12:54:50.778,1.0184,0.0,NORMAL,100,100.0
12:54:50.896,1.0112,0.0,NORMAL,100,100.0
12:54:51.008,1.013,0.0,NORMAL,100,100.0
12:54:51.122,1.0042,0.0,NORMAL,100,100.0
12:54:51.270,1.0069,0.0,NORMAL,100,100.0
12:54:51.382,1.0005,0.0,NORMAL,100,100.0
12:54:51.486,1.0099,2.3,NORMAL,68,76.0
12:54:51.606,1.0207,2.3,NORMAL,68,79.0
12:54:51.723,1.0051,2.3,NORMAL,68,74.0
12:54:51.843,1.0052,2.3,CAUTION,68,77.0
12:54:51.958,1.0155,2.3,CAUTION,68,77.0
12:54:52.078,1.0011,2.3,CAUTION,68,75.0
12:54:52.189,1.003,2.3,CAUTION,68,75.0
12:54:52.303,1.0023,2.3,CAUTION,68,75.0
12:54:52.426,1.0094,2.3,CAUTION,68,75.0
12:54:52.541,1.0055,2.3,CAUTION,68,75.0
12:54:52.643,1.0123,2.3,CAUTION,68,75.0
12:54:52.764,1.0099,2.3,CAUTION,68,76.0
12:54:52.879,1.0048,2.3,CAUTION,68,75.0
12:54:53.003,1.009,2.3,CAUTION,68,76.0
12:54:53.118,1.0097,2.3,CAUTION,68,77.0
12:54:53.238,1.0036,2.3,CAUTION,68,75.0
12:54:53.352,1.0014,0.0,CAUTION,100,100.0
12:54:53.463,1.007,0.0,CAUTION,100,100.0
12:54:53.575,1.0075,0.0,CAUTION,100,100.0
12:54:53.699,1.0215,0.0,NORMAL,100,100.0
12:54:53.808,1.0185,0.0,NORMAL,100,100.0
12:54:53.919,1.0091,0.0,NORMAL,100,100.0
12:54:54.028,1.0072,4.4271,NORMAL,45,72.8
12:54:54.148,1.008,0.0,NORMAL,100,100.0
12:54:54.261,1.0016,0.0,NORMAL,100,100.0
12:54:54.374,1.0067,0.0,NORMAL,100,100.0
12:54:54.485,1.0086,0.0,NORMAL,100,100.0
12:54:54.594,1.0078,0.0,NORMAL,100,100.0
12:54:54.707,1.0056,0.0,NORMAL,100,100.0
12:54:54.809,1.0073,0.0,NORMAL,100,100.0
12:54:54.925,1.0098,0.0,NORMAL,100,100.0
12:54:55.042,1.0011,0.0,NORMAL,100,100.0
12:54:55.160,1.0096,0.0,NORMAL,100,100.0
12:54:55.269,1.0002,0.0,NORMAL,100,100.0
12:54:55.379,1.0166,0.0,NORMAL,100,100.0
12:54:55.497,1.0076,0.0,NORMAL,100,100.0
12:54:55.611,1.0128,0.0,NORMAL,100,100.0
12:54:55.726,1.0149,0.0,NORMAL,100,100.0
12:54:55.840,1.0044,1.4181,NORMAL,80,56.0
12:54:55.952,1.0182,1.4181,NORMAL,80,59.0
12:54:56.066,1.0062,1.4181,NORMAL,80,56.0
12:54:56.180,1.0031,1.4181,CAUTION,80,59.0
12:54:56.295,1.0011,1.4181,CAUTION,80,57.0
12:54:56.418,1.0086,1.4181,CAUTION,80,56.0
12:54:56.539,1.0032,1.4181,CAUTION,80,56.0
12:54:56.654,1.0086,1.4181,CAUTION,80,56.0
12:54:56.760,1.0111,1.4181,CAUTION,80,58.0
12:54:56.873,1.0004,1.4181,CAUTION,80,57.0
12:54:56.986,1.0171,1.4181,CAUTION,80,58.0
12:54:57.095,1.0136,1.4181,CAUTION,80,58.0
12:54:57.206,1.0064,1.4181,CAUTION,80,60.0
12:54:57.370,1.0121,1.4181,CAUTION,80,57.0
12:54:57.489,1.0031,1.4181,CAUTION,80,57.0
12:54:57.607,1.0006,1.4181,CAUTION,80,57.0
12:54:57.733,1.0037,0.0,CAUTION,100,100.0
12:54:57.859,1.0052,0.0,CAUTION,100,100.0
12:54:57.992,1.0,0.0,CAUTION,100,100.0
12:54:58.130,1.0064,0.0,NORMAL,100,100.0
12:54:58.252,1.008,0.0,NORMAL,100,100.0
12:54:58.374,1.0142,0.0,NORMAL,100,100.0
12:54:58.493,1.0158,0.0,NORMAL,100,100.0
12:54:58.593,1.006,0.0,NORMAL,100,100.0
12:54:58.704,1.0056,0.0,NORMAL,100,100.0
12:54:58.822,1.0088,0.0,NORMAL,100,100.0
12:54:58.937,1.0008,0.0,NORMAL,100,100.0
12:54:59.052,1.0103,0.0,NORMAL,100,100.0
12:54:59.155,1.0165,0.0,NORMAL,100,100.0
12:54:59.263,1.0074,0.0,NORMAL,100,100.0
12:54:59.378,1.0052,0.0,NORMAL,100,100.0
12:54:59.495,1.0087,0.0,NORMAL,100,100.0
12:54:59.609,1.0019,0.0,NORMAL,100,100.0
12:54:59.716,1.0124,0.0,NORMAL,100,100.0
12:54:59.825,1.014,0.0,NORMAL,100,100.0
12:54:59.931,1.0171,0.0,NORMAL,100,100.0
12:55:00.047,1.014,0.0,NORMAL,100,100.0
12:55:00.162,1.0016,0.0,NORMAL,100,100.0
12:55:00.279,1.0044,0.0,NORMAL,100,100.0
12:55:00.393,1.0102,0.0,NORMAL,100,100.0
12:55:00.512,1.0003,0.0,NORMAL,100,100.0
12:55:00.628,1.0056,0.0,NORMAL,100,100.0
12:55:00.741,1.012,0.0,NORMAL,100,100.0
12:55:00.857,1.005,0.0,NORMAL,100,100.0
12:55:00.971,1.0136,4.0298,NORMAL,50,58.0
12:55:01.081,1.0111,4.0298,NORMAL,50,58.0
12:55:01.189,1.0156,4.0298,NORMAL,50,60.0
12:55:01.310,1.0013,4.0298,HAZARD,50,57.0
12:55:01.423,1.0127,4.0298,HAZARD,50,59.0
12:55:01.540,1.0038,4.0298,HAZARD,50,57.0
12:55:01.657,1.0104,4.0298,HAZARD,50,57.0
12:55:01.778,1.0072,0.0,HAZARD,100,100.0
12:55:01.893,1.0084,0.0,HAZARD,100,100.0
12:55:02.001,1.0057,0.0,HAZARD,100,100.0
12:55:02.108,1.0004,0.0,NORMAL,100,100.0
12:55:02.223,1.0069,1.4875,NORMAL,78,55.0
12:55:02.337,1.0021,1.4875,NORMAL,78,57.0
12:55:02.458,1.0082,1.4875,NORMAL,78,55.0
12:55:02.568,1.0068,1.4875,CAUTION,78,56.0
12:55:02.679,1.0084,1.4875,CAUTION,78,57.0
12:55:02.802,1.0076,1.4875,CAUTION,78,56.0
12:55:02.904,1.0014,1.4875,CAUTION,78,57.0
12:55:03.023,1.0155,1.4875,CAUTION,78,58.0
12:55:03.148,1.0123,1.4875,CAUTION,78,58.0
12:55:03.262,1.0017,1.4875,CAUTION,78,58.0
12:55:03.384,1.0174,1.4875,CAUTION,78,58.0
12:55:03.500,1.0156,1.4875,CAUTION,78,59.0
12:55:03.608,1.0101,1.4875,CAUTION,78,61.0
12:55:03.721,1.0073,0.0,CAUTION,100,100.0
12:55:03.840,1.0035,0.0,CAUTION,100,100.0
12:55:03.956,1.0136,0.0,CAUTION,100,100.0
12:55:04.070,1.0035,0.0,NORMAL,100,100.0
12:55:04.232,1.0195,0.0,NORMAL,100,100.0
12:55:04.347,1.0026,0.0,NORMAL,100,100.0
12:55:04.466,1.0108,0.0,NORMAL,100,100.0
12:55:04.578,1.0002,0.0,NORMAL,100,100.0
12:55:04.677,1.0073,0.0,NORMAL,100,100.0
12:55:04.788,1.0168,0.0,NORMAL,100,100.0
12:55:04.896,1.0117,0.0,NORMAL,100,100.0
12:55:04.994,1.0054,0.0,NORMAL,100,100.0
12:55:05.102,1.0171,0.0,NORMAL,100,100.0
12:55:05.222,1.0104,0.0,NORMAL,100,100.0
12:55:05.334,2.6289,0.0,NORMAL,30,45.0
12:55:05.448,1.2446,0.0,NORMAL,100,63.0
12:55:05.560,1.208,0.0,NORMAL,100,86.0
12:55:05.679,1.1614,0.0,NORMAL,100,98.0
12:55:05.789,1.1379,0.0,NORMAL,100,97.0
12:55:05.905,1.1384,0.0,NORMAL,100,81.0
12:55:06.017,1.115,0.0,NORMAL,100,74.0
12:55:06.131,1.0972,0.0,NORMAL,100,68.0
12:55:06.241,1.0928,0.0,NORMAL,100,59.0
12:55:06.357,1.0523,0.0,NORMAL,100,41.0
12:55:06.478,1.0596,0.0,NORMAL,100,40.0
12:55:06.595,1.0488,0.0,NORMAL,100,61.0
12:55:06.703,1.0553,0.0,NORMAL,100,58.0
12:55:06.838,1.0248,0.0,NORMAL,100,74.0
12:55:06.950,1.0262,0.0,NORMAL,100,81.0
12:55:07.072,1.0176,0.0,NORMAL,100,100.0
12:55:07.189,1.0156,0.0,NORMAL,100,100.0
12:55:07.311,1.0101,0.0,NORMAL,100,100.0
12:55:07.437,1.0057,0.0,NORMAL,100,100.0
12:55:07.561,1.3744,0.0,NORMAL,100,77.0
12:55:07.671,1.0637,0.0,NORMAL,100,66.0
12:55:07.789,1.0543,0.0,NORMAL,100,62.0
12:55:07.896,1.0436,0.0,NORMAL,100,51.0
12:55:08.004,1.0463,0.0,NORMAL,100,81.0
12:55:08.116,1.039,0.0,NORMAL,100,100.0
12:55:08.229,1.0517,0.0,NORMAL,100,100.0
12:55:08.336,1.0138,0.0,NORMAL,100,99.0
12:55:08.450,1.0437,0.0,NORMAL,100,100.0
12:55:08.571,1.004,0.0,NORMAL,100,99.0
12:55:08.689,1.011,0.0,NORMAL,100,100.0
12:55:08.795,1.0324,0.0,NORMAL,100,100.0
12:55:08.908,1.0184,0.0,NORMAL,100,100.0
12:55:09.017,1.0025,0.0,NORMAL,100,100.0
12:55:09.132,1.0255,0.0,NORMAL,100,100.0
12:55:09.245,1.0152,1.7583,NORMAL,74,70.5
12:55:09.365,1.0199,1.7583,NORMAL,74,73.5
12:55:09.474,1.0126,1.7583,NORMAL,74,71.5
12:55:09.591,1.0149,1.7583,CAUTION,74,72.5
12:55:09.707,1.0028,1.7583,CAUTION,74,68.5
12:55:09.823,1.0119,1.7583,CAUTION,74,70.5
12:55:09.940,1.0154,1.7583,CAUTION,74,71.5
12:55:10.060,1.0132,1.7583,CAUTION,74,69.5
12:55:10.184,1.0161,1.7583,CAUTION,74,72.5
12:55:10.297,1.0018,0.0,CAUTION,100,100.0
12:55:10.419,1.0127,0.0,CAUTION,100,100.0
12:55:10.543,1.0127,0.0,CAUTION,100,100.0
12:55:10.653,1.0041,0.0,NORMAL,100,100.0
12:55:10.762,1.0029,0.0,NORMAL,100,100.0
12:55:10.877,1.0176,0.0,NORMAL,100,100.0
12:55:10.986,1.0169,0.0,NORMAL,100,100.0
12:55:11.088,1.0095,0.0,NORMAL,100,100.0
12:55:11.201,1.0174,0.0,NORMAL,100,100.0
12:55:11.340,1.001,0.0,NORMAL,100,100.0
12:55:11.445,1.0066,0.0,NORMAL,100,100.0
12:55:11.559,1.0007,0.0,NORMAL,100,100.0
12:55:11.678,1.0145,0.0,NORMAL,100,100.0
12:55:11.794,1.017,0.0,NORMAL,100,100.0
12:55:11.916,1.0074,0.0,NORMAL,100,100.0
12:55:12.031,1.0141,0.0,NORMAL,100,100.0
12:55:12.144,1.0156,0.0,NORMAL,100,100.0
12:55:12.253,1.007,0.0,NORMAL,100,100.0
12:55:12.374,1.0084,0.0,NORMAL,100,100.0
12:55:12.488,1.0074,0.0,NORMAL,100,100.0
12:55:12.595,1.0142,0.0,NORMAL,100,100.0
12:55:12.710,1.0091,0.0,NORMAL,100,100.0
12:55:12.825,1.0124,0.0,NORMAL,100,100.0
12:55:12.939,1.0107,0.0,NORMAL,100,100.0
12:55:13.053,1.0119,0.0,NORMAL,100,100.0
12:55:13.162,1.0081,0.0,NORMAL,100,100.0
12:55:13.275,1.0023,0.0,NORMAL,100,100.0
12:55:13.392,1.0025,0.0,NORMAL,100,100.0
12:55:13.497,1.0019,0.0,NORMAL,100,100.0
12:55:13.604,1.0182,0.0,NORMAL,100,100.0
12:55:13.713,1.0095,0.0,NORMAL,100,100.0
12:55:13.825,1.0085,0.0,NORMAL,100,100.0
12:55:13.925,1.0094,0.0,NORMAL,100,100.0
12:55:14.034,1.0085,0.0,NORMAL,100,100.0
12:55:14.140,1.0131,0.0,NORMAL,100,100.0
12:55:14.254,1.0063,1.6,NORMAL,77,57.0
12:55:14.378,1.003,1.6,NORMAL,77,56.0
12:55:14.493,1.0096,1.6,NORMAL,77,57.0
12:55:14.609,1.0106,1.6,CAUTION,77,59.0
12:55:14.725,1.0118,1.6,CAUTION,77,58.0
12:55:14.834,1.0202,1.6,CAUTION,77,60.0
12:55:14.956,1.0194,1.6,CAUTION,77,59.0
12:55:15.073,1.0145,1.6,CAUTION,77,61.0
12:55:15.179,1.0157,1.6,CAUTION,77,62.0
12:55:15.296,1.0054,1.6,CAUTION,77,57.0
12:55:15.411,1.0117,1.6,CAUTION,77,58.0
12:55:15.530,1.0103,1.6,CAUTION,77,58.0
12:55:15.648,1.001,1.6,CAUTION,77,58.0
12:55:15.766,1.0072,1.6,CAUTION,77,55.0
12:55:15.883,1.0061,1.6,CAUTION,77,56.0
12:55:15.990,1.0017,1.6,CAUTION,77,57.0
12:55:16.110,1.4258,4.0412,CAUTION,50,56.0
12:55:16.228,1.0689,4.0412,CAUTION,50,90.0
12:55:16.348,1.0652,4.0412,CAUTION,50,92.0
12:55:16.464,1.0412,4.0412,HAZARD,50,95.0
12:55:16.574,1.0215,4.0412,HAZARD,50,92.0
12:55:16.692,1.0478,0.0,HAZARD,100,100.0
12:55:16.814,1.0173,0.0,HAZARD,100,99.0
12:55:16.938,1.0347,0.0,HAZARD,100,100.0
12:55:17.061,1.0076,0.0,NORMAL,100,99.0
12:55:17.172,1.0186,0.0,NORMAL,100,100.0
12:55:17.285,1.0111,0.0,NORMAL,100,100.0
12:55:17.393,1.0211,0.0,NORMAL,100,100.0
12:55:17.510,1.0057,0.0,NORMAL,100,100.0
12:55:17.625,1.0016,0.0,NORMAL,100,100.0
12:55:17.729,1.0097,0.0,NORMAL,100,100.0
12:55:17.830,1.009,0.0,NORMAL,100,100.0
12:55:17.952,1.0181,0.0,NORMAL,100,100.0
12:55:18.067,1.009,0.0,NORMAL,100,98.0
12:55:18.178,1.0095,0.0,NORMAL,100,100.0
12:55:18.281,1.0191,0.0,NORMAL,100,100.0
12:55:18.390,1.0128,0.0,NORMAL,100,100.0
12:55:18.508,1.0153,0.0,NORMAL,100,100.0
12:55:18.614,1.0056,0.0,NORMAL,100,100.0
12:55:18.766,1.0153,0.0,NORMAL,100,100.0
12:55:18.874,1.0114,0.0,NORMAL,100,100.0
12:55:18.979,1.0095,0.0,NORMAL,100,100.0
12:55:19.083,1.0169,0.0,NORMAL,100,100.0
12:55:19.192,1.0089,0.0,NORMAL,100,100.0
12:55:19.313,1.0064,0.0,NORMAL,100,100.0
12:55:19.422,1.0111,0.0,NORMAL,100,100.0
12:55:19.538,1.0014,0.0,NORMAL,100,100.0
12:55:19.649,1.0106,0.0,NORMAL,100,100.0
12:55:19.756,1.0003,0.0,NORMAL,100,100.0
12:55:19.858,1.0075,0.0,NORMAL,100,100.0
12:55:19.964,1.012,0.0,NORMAL,100,100.0
12:55:20.086,1.0048,1.3417,NORMAL,80,57.0
12:55:20.195,1.0022,1.3417,NORMAL,80,57.0
12:55:20.313,1.0086,1.3417,NORMAL,80,56.0
12:55:20.434,1.0105,1.3417,CAUTION,80,58.0
12:55:20.545,1.0035,1.3417,CAUTION,80,57.0
12:55:20.660,1.0117,1.3417,CAUTION,80,58.0
12:55:20.763,1.0154,1.3417,CAUTION,80,60.0
12:55:20.867,1.0088,1.3417,CAUTION,80,57.0
12:55:20.984,1.0087,1.3417,CAUTION,80,59.0
12:55:21.094,1.0036,2.1542,CAUTION,70,72.2
12:55:21.205,1.0201,1.3417,CAUTION,80,58.0
12:55:21.316,1.0147,0.0,CAUTION,100,100.0
12:55:21.428,1.006,1.3417,CAUTION,80,60.0
12:55:21.542,1.0051,1.3417,CAUTION,80,57.0
12:55:21.651,1.0015,2.1542,CAUTION,70,73.2
12:55:21.763,1.0103,1.3417,CAUTION,80,58.0
12:55:21.873,1.0012,1.3417,CAUTION,80,58.0
12:55:21.984,1.0067,0.0,CAUTION,100,100.0
12:55:22.095,1.0123,0.0,CAUTION,100,100.0
12:55:22.207,1.0,0.0,CAUTION,100,100.0
12:55:22.324,1.0045,0.0,NORMAL,100,100.0
12:55:22.435,1.008,0.0,NORMAL,100,100.0
12:55:22.551,1.0106,0.0,NORMAL,100,100.0
12:55:22.667,1.0176,1.8625,NORMAL,74,71.8
12:55:22.805,1.0018,2.1542,NORMAL,70,73.2
12:55:22.939,1.002,0.0,NORMAL,100,100.0
12:55:23.065,1.0017,0.0,NORMAL,100,100.0
12:55:23.191,1.0133,0.0,NORMAL,100,100.0
12:55:23.306,1.0007,1.8625,NORMAL,74,69.8
12:55:23.426,1.0094,1.8625,CAUTION,74,70.8
12:55:23.551,1.0106,1.8625,CAUTION,74,71.8
12:55:23.658,1.0019,1.8625,CAUTION,74,70.8
12:55:23.778,1.0043,1.8625,CAUTION,74,68.8
12:55:23.894,1.0115,1.8625,CAUTION,74,69.8
12:55:24.015,1.0186,1.8625,CAUTION,74,71.8
12:55:24.137,1.0009,0.0,CAUTION,100,100.0
12:55:24.252,1.0111,0.0,CAUTION,100,100.0
12:55:24.367,1.0057,0.0,CAUTION,100,100.0
12:55:24.490,1.0072,1.3417,CAUTION,80,56.0
12:55:24.613,1.0158,1.3417,CAUTION,80,59.0
12:55:24.726,1.0116,1.3417,CAUTION,80,58.0
12:55:24.900,1.0193,0.0,NORMAL,100,100.0
12:55:25.023,1.0084,1.3417,CAUTION,80,57.0
12:55:25.145,1.0072,1.3417,CAUTION,80,59.0
12:55:25.267,1.0124,1.3417,CAUTION,80,57.0
12:55:25.389,1.0136,1.3417,CAUTION,80,58.0
12:55:25.515,1.0178,1.3417,CAUTION,80,60.0
12:55:25.632,1.0087,0.0,CAUTION,100,100.0
12:55:25.748,1.0058,0.0,CAUTION,100,100.0
12:55:25.868,1.0108,0.0,CAUTION,100,100.0
12:55:25.978,1.0146,0.0,NORMAL,100,100.0
12:55:26.091,1.0064,1.8625,NORMAL,74,69.8
12:55:26.203,1.0018,1.8625,NORMAL,74,70.8
12:55:26.316,1.0119,1.4184,NORMAL,80,59.0
12:55:26.423,1.0101,1.4184,CAUTION,80,58.0
12:55:26.540,1.0035,1.4184,CAUTION,80,56.0
12:55:26.651,1.0139,1.4184,CAUTION,80,59.0
12:55:26.768,1.0169,1.4184,CAUTION,80,60.0
12:55:26.888,1.0006,1.4184,CAUTION,80,57.0
12:55:27.008,1.0109,1.4184,CAUTION,80,62.0
12:55:27.117,1.0132,1.4184,CAUTION,80,58.0
12:55:27.230,1.0145,1.4184,CAUTION,80,58.0
12:55:27.344,1.0103,1.4184,CAUTION,80,58.0
12:55:27.465,1.0075,1.4184,CAUTION,80,57.0
12:55:27.590,1.0131,1.4184,CAUTION,80,57.0
12:55:27.708,1.0057,1.4184,CAUTION,80,57.0
12:55:27.823,1.008,1.4184,CAUTION,80,56.0
12:55:27.939,1.0023,1.4184,CAUTION,80,57.0
12:55:28.058,1.0052,1.3461,CAUTION,80,56.0
12:55:28.183,1.0085,1.3461,CAUTION,80,57.0
12:55:28.301,1.0103,1.3461,CAUTION,80,58.0
12:55:28.415,1.0127,1.3461,CAUTION,80,58.0
12:55:28.541,1.0003,1.3461,CAUTION,80,57.0
12:55:28.660,1.0022,1.3461,CAUTION,80,57.0
12:55:28.787,1.0006,1.3461,CAUTION,80,57.0
12:55:28.908,1.0197,1.3461,CAUTION,80,58.0
12:55:29.024,1.0147,0.0,CAUTION,100,100.0
12:55:29.141,1.0108,0.0,CAUTION,100,100.0
12:55:29.259,1.0078,0.0,CAUTION,100,100.0
12:55:29.372,1.0022,0.0,NORMAL,100,100.0
12:55:29.493,1.0021,1.3461,NORMAL,80,57.0
12:55:29.608,1.0122,0.0,NORMAL,100,100.0
12:55:29.720,2.6578,1.3461,NORMAL,58,93.0
12:55:29.837,1.2527,1.3461,NORMAL,80,80.0
12:55:29.944,1.2074,0.0,NORMAL,100,86.0
12:55:30.059,1.1674,0.0,NORMAL,100,98.0
12:55:30.178,1.1586,0.0,NORMAL,100,98.0
12:55:30.326,1.1311,0.0,NORMAL,100,97.0
12:55:30.448,1.095,0.0,NORMAL,100,77.0
12:55:30.559,1.1114,0.0,NORMAL,100,71.0
12:55:30.664,1.0784,1.4583,NORMAL,78,90.0
12:55:30.783,1.0791,1.4583,NORMAL,78,91.0
12:55:30.902,1.0701,1.4583,NORMAL,78,91.0
12:55:31.014,1.0425,1.4583,CAUTION,78,95.0
12:55:31.137,1.0475,1.4583,CAUTION,78,93.0
12:55:31.257,1.0271,1.4583,CAUTION,78,62.0
12:55:31.365,1.0312,1.4583,CAUTION,78,65.0
12:55:31.569,1.0074,0.0,CAUTION,100,99.0
12:55:31.691,1.027,1.4094,CAUTION,80,61.0
12:55:31.811,1.0194,1.4094,CAUTION,80,60.0
12:55:31.925,1.0192,1.4094,CAUTION,80,62.0
12:55:32.046,1.0235,1.4094,CAUTION,80,63.0
12:55:32.166,1.0065,1.4094,CAUTION,80,59.0
12:55:32.285,1.0015,1.4094,CAUTION,80,60.0
12:55:32.402,1.0004,1.4094,CAUTION,80,57.0
12:55:32.519,1.0245,1.4094,CAUTION,80,58.0
12:55:32.638,1.007,1.4094,CAUTION,80,56.0
12:55:32.757,1.0095,1.4094,CAUTION,80,61.0
12:55:32.875,1.0022,1.4094,CAUTION,80,59.0
12:55:32.990,1.0027,1.4094,CAUTION,80,57.0
12:55:33.108,1.0079,1.4094,CAUTION,80,55.0
12:55:33.229,1.004,1.4094,CAUTION,80,56.0
12:55:33.336,1.0112,0.0,CAUTION,100,100.0
12:55:33.452,1.0192,0.0,CAUTION,100,100.0
12:55:33.561,1.0112,0.0,CAUTION,100,100.0
12:55:33.678,1.0099,0.0,NORMAL,100,100.0
12:55:33.793,1.0128,0.0,NORMAL,100,100.0
12:55:33.903,1.0108,0.0,NORMAL,100,100.0
12:55:34.008,1.007,0.0,NORMAL,100,100.0
12:55:34.120,1.0063,0.0,NORMAL,100,100.0
12:55:34.227,1.0127,0.0,NORMAL,100,100.0
12:55:34.347,1.0009,0.0,NORMAL,100,100.0
12:55:34.462,1.0055,0.0,NORMAL,100,100.0
12:55:34.578,1.0143,0.0,NORMAL,100,100.0
12:55:34.689,1.0026,0.0,NORMAL,100,100.0
12:55:34.796,1.016,0.0,NORMAL,100,100.0
12:55:34.905,1.0171,0.0,NORMAL,100,100.0
12:55:35.018,1.0085,0.0,NORMAL,100,100.0
12:55:35.125,1.0029,0.0,NORMAL,100,100.0
12:55:35.229,1.0113,0.0,NORMAL,100,100.0
12:55:35.342,1.0127,0.0,NORMAL,100,100.0
12:55:35.450,1.0024,0.0,NORMAL,100,100.0
12:55:35.566,1.0022,0.0,NORMAL,100,100.0
12:55:35.681,1.0168,0.0,NORMAL,100,100.0
12:55:35.798,1.0015,0.0,NORMAL,100,100.0
12:55:35.898,1.0001,0.0,NORMAL,100,100.0
12:55:36.005,1.0029,0.0,NORMAL,100,100.0
12:55:36.111,1.0016,0.0,NORMAL,100,100.0
12:55:36.230,1.0103,0.0,NORMAL,100,100.0
12:55:36.344,1.0052,0.0,NORMAL,100,100.0
12:55:36.446,1.0062,0.0,NORMAL,100,100.0
12:55:36.556,1.0087,0.0,NORMAL,100,100.0
12:55:36.675,1.0075,0.0,NORMAL,100,100.0
12:55:36.782,1.0012,0.0,NORMAL,100,100.0
12:55:36.890,1.0027,0.0,NORMAL,100,100.0
12:55:37.002,1.0125,2.6667,NORMAL,71,73.0
12:55:37.119,1.0082,2.6667,NORMAL,71,71.0
12:55:37.241,1.0089,2.6667,NORMAL,71,73.0
12:55:37.357,1.0074,2.6667,CAUTION,71,72.0
12:55:37.514,1.0101,2.6667,CAUTION,71,73.0
12:55:37.638,1.004,2.6667,CAUTION,71,71.0
12:55:37.774,1.012,2.6667,CAUTION,71,73.0
12:55:37.893,1.0108,2.6667,CAUTION,71,73.0
12:55:38.011,1.0095,2.6667,CAUTION,71,73.0
12:55:38.133,1.0062,2.6667,CAUTION,71,72.0
12:55:38.252,1.0188,2.6667,CAUTION,71,73.0
12:55:38.373,1.0126,2.6667,CAUTION,71,73.0
12:55:38.483,1.0005,2.6667,CAUTION,71,75.0
12:55:38.604,1.0029,2.6667,CAUTION,71,72.0
12:55:38.721,1.0157,2.6667,CAUTION,71,73.0
12:55:38.840,1.0006,3.0,CAUTION,68,75.0
12:55:38.966,1.0019,3.0,CAUTION,68,76.0
12:55:39.084,1.001,3.0,CAUTION,68,75.0
12:55:39.190,1.006,3.0,CAUTION,68,73.0
12:55:39.312,1.0115,3.0,CAUTION,68,75.0
12:55:39.427,1.0005,3.0,CAUTION,68,75.0
12:55:39.547,1.0011,0.0,CAUTION,100,100.0
12:55:39.664,1.0035,0.0,CAUTION,100,100.0
12:55:39.781,1.0055,0.0,CAUTION,100,100.0
12:55:39.899,1.0205,0.0,NORMAL,100,100.0
12:55:40.012,1.0099,0.0,NORMAL,100,100.0
12:55:40.113,1.0096,0.0,NORMAL,100,100.0
12:55:40.226,1.0095,0.0,NORMAL,100,100.0
12:55:40.337,1.0087,0.0,NORMAL,100,100.0
12:55:40.458,1.0178,0.0,NORMAL,100,100.0
12:55:40.577,1.0032,0.0,NORMAL,100,100.0
12:55:40.694,1.007,0.0,NORMAL,100,100.0
12:55:40.805,1.0003,0.0,NORMAL,100,100.0
12:55:40.918,1.018,0.0,NORMAL,100,100.0
12:55:41.028,1.008,0.0,NORMAL,100,100.0
12:55:41.142,1.016,0.0,NORMAL,100,100.0
12:55:41.249,1.0161,0.0,NORMAL,100,100.0
12:55:41.360,1.0069,0.0,NORMAL,100,100.0
12:55:41.476,1.0141,0.0,NORMAL,100,100.0
12:55:41.596,1.0022,0.0,NORMAL,100,100.0
12:55:41.710,1.0153,0.0,NORMAL,100,100.0
12:55:41.819,1.4648,0.0,NORMAL,100,81.0
12:55:41.930,1.0596,0.0,NORMAL,100,67.0
12:55:42.038,1.0706,0.0,NORMAL,100,64.0
12:55:42.155,1.065,0.0,NORMAL,100,42.0
12:55:42.270,1.0522,0.0,NORMAL,100,42.0
12:55:42.382,1.0211,0.0,NORMAL,100,53.0
12:55:42.498,1.0268,0.0,NORMAL,100,80.0
12:55:42.614,1.0111,0.0,NORMAL,100,100.0
12:55:42.725,1.0144,0.0,NORMAL,100,99.0
12:55:42.833,1.0213,0.0,NORMAL,100,100.0
12:55:42.951,2.5605,0.0,NORMAL,31,47.0
12:55:43.074,2.3283,0.0,NORMAL,40,49.0
12:55:43.188,1.4623,0.0,NORMAL,100,64.0
12:55:43.301,1.3691,0.0,NORMAL,100,86.0
12:55:43.411,1.3276,0.0,NORMAL,100,97.0
12:55:43.522,1.283,0.0,NORMAL,100,96.0
12:55:43.626,1.2199,0.0,NORMAL,100,97.0
12:55:43.737,1.2155,0.0,NORMAL,100,98.0
12:55:43.857,1.174,0.0,NORMAL,100,98.0
12:55:43.966,1.1514,0.0,NORMAL,100,98.0
12:55:44.086,1.1258,0.0,NORMAL,100,97.0
12:55:44.198,1.1132,0.0,NORMAL,100,79.0
12:55:44.313,1.0706,0.0,NORMAL,100,68.0
12:55:44.419,1.0581,0.0,NORMAL,100,57.0
12:55:44.526,1.0539,0.0,NORMAL,100,39.0
12:55:44.641,1.0643,0.0,NORMAL,100,42.0
12:55:44.745,1.0551,0.0,NORMAL,100,40.0
12:55:44.882,1.0466,0.0,NORMAL,100,51.0
12:55:45.000,1.0194,0.0,NORMAL,100,80.0
12:55:45.109,1.0417,0.0,NORMAL,100,100.0
12:55:45.226,1.0354,0.0,NORMAL,100,100.0
12:55:45.335,1.0032,0.0,NORMAL,100,99.0
12:55:45.448,1.0306,0.0,NORMAL,100,100.0
12:55:45.569,1.0112,0.0,NORMAL,100,100.0
12:55:45.685,1.0025,0.0,NORMAL,100,100.0
12:55:45.799,1.0138,0.0,NORMAL,100,100.0
12:55:45.907,1.0013,0.0,NORMAL,100,100.0
12:55:46.019,1.0162,0.0,NORMAL,100,100.0
12:55:46.121,1.0204,0.0,NORMAL,100,100.0
12:55:46.231,1.0011,0.0,NORMAL,100,100.0
12:55:46.341,1.0185,0.0,NORMAL,100,100.0
12:55:46.450,1.0162,0.0,NORMAL,100,100.0
12:55:46.565,1.0109,0.0,NORMAL,100,100.0
12:55:46.682,1.0175,0.0,NORMAL,100,100.0
12:55:46.789,1.0136,0.0,NORMAL,100,100.0
12:55:46.900,1.0152,0.0,NORMAL,100,100.0
12:55:47.009,1.0013,0.0,NORMAL,100,100.0
12:55:47.113,1.0086,0.0,NORMAL,100,100.0
12:55:47.225,1.013,1.85,NORMAL,74,70.6
12:55:47.348,1.0029,1.85,NORMAL,74,69.6
12:55:47.458,1.0013,1.85,NORMAL,74,69.6
12:55:47.575,1.0022,1.85,CAUTION,74,69.6
12:55:47.703,1.0078,1.85,CAUTION,74,67.6
12:55:47.821,1.0013,1.775,CAUTION,74,68.7
12:55:47.935,1.0009,1.775,CAUTION,74,68.7
12:55:48.045,1.0204,1.775,CAUTION,74,69.7
12:55:48.149,1.0052,1.775,CAUTION,74,67.7
12:55:48.260,1.0132,1.775,CAUTION,74,72.7
12:55:48.379,1.0131,1.775,CAUTION,74,69.7
12:55:48.486,1.0181,1.775,CAUTION,74,70.7
12:55:48.595,1.0066,1.775,CAUTION,74,67.7
12:55:48.698,1.0109,1.775,CAUTION,74,72.7
12:55:48.807,1.0055,1.775,CAUTION,74,67.7
12:55:48.935,1.0128,1.775,CAUTION,74,68.7
12:55:49.060,1.007,1.775,CAUTION,74,67.7
12:55:49.183,1.0134,1.775,CAUTION,74,68.7
12:55:49.301,1.0008,1.775,CAUTION,74,68.7
12:55:49.411,1.0134,1.775,CAUTION,74,69.7
12:55:49.529,1.0021,1.775,CAUTION,74,68.7
12:55:49.638,1.0073,4.1421,CAUTION,49,55.0
12:55:49.754,1.017,0.0,CAUTION,100,100.0
12:55:49.867,1.0154,0.0,CAUTION,100,100.0
12:55:49.984,1.0102,0.0,CAUTION,100,100.0
12:55:50.095,1.01,0.0,NORMAL,100,100.0
12:55:50.207,1.0157,0.0,NORMAL,100,100.0
12:55:50.318,1.0123,0.0,NORMAL,100,100.0
12:55:50.425,1.0084,0.0,NORMAL,100,100.0
12:55:50.546,1.0204,0.0,NORMAL,100,100.0
12:55:50.666,1.004,0.0,NORMAL,100,100.0
12:55:50.774,1.0145,0.0,NORMAL,100,100.0
12:55:50.882,1.0003,0.0,NORMAL,100,100.0
12:55:50.992,1.0129,0.0,NORMAL,100,100.0
12:55:51.124,1.0039,0.0,NORMAL,100,100.0
12:55:51.243,1.0047,0.0,NORMAL,100,100.0
12:55:51.354,1.0092,0.0,NORMAL,100,100.0
12:55:51.455,1.0118,0.0,NORMAL,100,100.0
12:55:51.574,1.0037,0.0,NORMAL,100,100.0
12:55:51.682,1.0057,0.0,NORMAL,100,100.0
12:55:51.796,1.0204,0.0,NORMAL,100,100.0
12:55:51.903,1.0111,0.0,NORMAL,100,100.0
12:55:52.014,1.0077,0.0,NORMAL,100,100.0
12:55:52.122,1.0086,0.0,NORMAL,100,100.0
12:55:52.236,1.0113,0.0,NORMAL,100,100.0
12:55:52.344,1.0125,0.0,NORMAL,100,100.0
12:55:52.456,1.0039,0.0,NORMAL,100,100.0
12:55:52.564,1.0031,0.0,NORMAL,100,100.0
12:55:52.676,1.0062,0.0,NORMAL,100,100.0
12:55:52.789,1.0045,0.0,NORMAL,100,100.0
12:55:52.903,1.0073,0.0,NORMAL,100,100.0
12:55:53.006,1.0076,0.0,NORMAL,100,100.0
12:55:53.115,1.0069,0.0,NORMAL,100,100.0
12:55:53.228,1.0062,0.0,NORMAL,100,100.0
12:55:53.343,1.0107,0.0,NORMAL,100,100.0
12:55:53.449,1.0113,0.0,NORMAL,100,100.0
12:55:53.557,1.0079,0.0,NORMAL,100,100.0
12:55:53.664,1.0045,0.0,NORMAL,100,100.0
12:55:53.775,1.0122,0.0,NORMAL,100,100.0
12:55:53.890,1.0185,0.0,NORMAL,100,100.0
12:55:54.002,1.0159,0.0,NORMAL,100,100.0
12:55:54.110,1.0069,0.0,NORMAL,100,100.0
12:55:54.222,1.0116,0.0,NORMAL,100,100.0
12:55:54.324,1.0054,0.0,NORMAL,100,100.0
12:55:54.427,1.0011,0.0,NORMAL,100,100.0
12:55:54.541,1.0051,0.0,NORMAL,100,100.0
12:55:54.655,1.0023,0.0,NORMAL,100,100.0
12:55:54.764,1.0,0.0,NORMAL,100,100.0
12:55:54.877,1.0011,0.0,NORMAL,100,100.0
12:55:54.992,1.016,0.0,NORMAL,100,100.0
12:55:55.097,1.0129,0.0,NORMAL,100,100.0
12:55:55.208,1.0069,0.0,NORMAL,100,100.0
12:55:55.318,1.0136,0.0,NORMAL,100,100.0
12:55:55.429,1.0024,0.0,NORMAL,100,100.0
12:55:55.544,1.007,0.0,NORMAL,100,100.0
12:55:55.648,1.0084,0.0,NORMAL,100,100.0
12:55:55.761,1.0034,0.0,NORMAL,100,100.0
12:55:55.862,1.0123,0.0,NORMAL,100,100.0
12:55:55.970,1.0076,0.0,NORMAL,100,100.0
12:55:56.088,1.0113,0.0,NORMAL,100,100.0
12:55:56.198,1.0191,0.0,NORMAL,100,100.0
12:55:56.308,1.0031,0.0,NORMAL,100,100.0
12:55:56.418,1.0099,0.0,NORMAL,100,100.0
12:55:56.521,1.0136,0.0,NORMAL,100,100.0
12:55:56.636,1.0158,0.0,NORMAL,100,100.0
12:55:56.743,1.0098,0.0,NORMAL,100,100.0
12:55:56.849,1.01,0.0,NORMAL,100,100.0
12:55:56.952,1.0037,0.0,NORMAL,100,100.0
12:55:57.061,1.0063,0.0,NORMAL,100,100.0
12:55:57.170,1.0115,0.0,NORMAL,100,100.0
12:55:57.283,1.016,0.0,NORMAL,100,100.0
12:55:57.400,1.0147,0.0,NORMAL,100,100.0
12:55:57.508,1.0021,0.0,NORMAL,100,100.0
12:55:57.616,1.0171,0.0,NORMAL,100,100.0
12:55:57.717,1.0049,0.0,NORMAL,100,100.0
12:55:57.824,1.0144,0.0,NORMAL,100,100.0
12:55:57.930,1.0015,0.0,NORMAL,100,100.0
12:55:58.042,1.0139,0.0,NORMAL,100,100.0
12:55:58.159,1.0154,0.0,NORMAL,100,100.0
12:55:58.273,1.0085,0.0,NORMAL,100,100.0
12:55:58.383,1.0017,0.0,NORMAL,100,100.0
12:55:58.498,1.0189,0.0,NORMAL,100,100.0
12:55:58.608,1.0096,0.0,NORMAL,100,100.0
12:55:58.723,1.0102,0.0,NORMAL,100,100.0
12:55:58.839,1.0101,0.0,NORMAL,100,100.0
12:55:58.954,1.0131,0.0,NORMAL,100,100.0
12:55:59.057,1.0054,0.0,NORMAL,100,100.0
12:55:59.168,1.0013,0.0,NORMAL,100,100.0
12:55:59.287,1.0091,0.0,NORMAL,100,100.0
12:55:59.394,1.002,0.0,NORMAL,100,100.0
12:55:59.508,1.0093,0.0,NORMAL,100,100.0
12:55:59.620,1.0027,0.0,NORMAL,100,100.0
12:55:59.786,1.0014,0.0,NORMAL,100,100.0
12:55:59.907,1.0021,0.0,NORMAL,100,100.0
12:56:00.028,1.0036,0.0,NORMAL,100,100.0
12:56:00.139,1.0006,0.0,NORMAL,100,100.0
12:56:00.254,1.0213,0.0,NORMAL,100,100.0
12:56:00.358,1.0114,0.0,NORMAL,100,100.0
12:56:00.473,1.0095,0.0,NORMAL,100,100.0
12:56:00.592,1.007,0.0,NORMAL,100,100.0
12:56:00.698,1.0067,0.0,NORMAL,100,100.0
12:56:00.800,1.0065,0.0,NORMAL,100,100.0
12:56:00.913,1.0114,0.0,NORMAL,100,100.0
12:56:01.025,1.0045,0.0,NORMAL,100,100.0
12:56:01.135,1.0074,0.0,NORMAL,100,100.0
12:56:01.234,1.0042,0.0,NORMAL,100,100.0
12:56:01.341,1.0053,0.0,NORMAL,100,100.0
12:56:01.446,1.0121,0.0,NORMAL,100,100.0
12:56:01.555,1.0042,0.0,NORMAL,100,100.0
12:56:01.670,1.0109,0.0,NORMAL,100,100.0
12:56:01.785,1.0172,0.0,NORMAL,100,100.0
12:56:01.902,1.0065,0.0,NORMAL,100,100.0
12:56:02.012,1.0147,0.0,NORMAL,100,100.0
12:56:02.126,1.0023,0.0,NORMAL,100,100.0
12:56:02.236,1.0065,0.0,NORMAL,100,100.0
12:56:02.354,1.0017,0.0,NORMAL,100,100.0
12:56:02.462,1.0127,0.0,NORMAL,100,100.0
12:56:02.575,1.0093,0.0,NORMAL,100,100.0
12:56:02.690,1.0191,0.0,NORMAL,100,100.0
12:56:02.805,1.0152,0.0,NORMAL,100,100.0
12:56:02.922,1.0109,0.0,NORMAL,100,100.0
12:56:03.031,1.0003,0.0,NORMAL,100,100.0
12:56:03.146,1.0026,0.0,NORMAL,100,100.0
12:56:03.256,1.004,0.0,NORMAL,100,100.0
12:56:03.372,1.0033,0.0,NORMAL,100,100.0
12:56:03.478,1.0113,0.0,NORMAL,100,100.0
12:56:03.581,1.0134,0.0,NORMAL,100,100.0
12:56:03.697,1.0158,0.0,NORMAL,100,100.0
12:56:03.811,1.0056,0.0,NORMAL,100,100.0
12:56:03.925,1.0035,0.0,NORMAL,100,100.0
12:56:04.040,1.0024,0.0,NORMAL,100,100.0
12:56:04.156,1.0099,0.0,NORMAL,100,100.0
12:56:04.265,1.0171,0.0,NORMAL,100,100.0
12:56:04.378,1.001,0.0,NORMAL,100,100.0
12:56:04.489,1.0158,0.0,NORMAL,100,100.0
12:56:04.609,1.0089,0.0,NORMAL,100,100.0
12:56:04.724,1.006,0.0,NORMAL,100,100.0
12:56:04.836,1.0034,0.0,NORMAL,100,100.0
12:56:04.951,1.0094,0.0,NORMAL,100,100.0
12:56:05.057,1.0016,0.0,NORMAL,100,100.0
12:56:05.175,1.0089,1.375,NORMAL,80,57.0
12:56:05.289,1.003,1.375,NORMAL,80,57.0
12:56:05.407,1.0156,1.375,NORMAL,80,58.0
12:56:05.532,1.0166,1.375,CAUTION,80,59.0
12:56:05.649,1.0165,1.375,CAUTION,80,60.0
12:56:05.770,1.0101,1.375,CAUTION,80,61.0
12:56:05.878,1.3613,1.375,CAUTION,80,58.0
12:56:05.995,1.0489,1.375,CAUTION,80,66.0
12:56:06.108,1.0546,1.375,CAUTION,80,86.0
12:56:06.226,1.035,1.375,CAUTION,80,74.0
12:56:06.340,1.0307,1.375,CAUTION,80,82.0
12:56:06.449,1.0096,1.575,CAUTION,77,61.0
12:56:06.559,1.0129,1.575,CAUTION,77,62.0
12:56:06.674,1.0201,1.575,CAUTION,77,59.0
12:56:06.781,1.0115,1.575,CAUTION,77,59.0
12:56:06.888,1.3897,1.575,CAUTION,77,59.0
12:56:07.008,1.0814,1.575,CAUTION,77,85.0
12:56:07.123,1.0687,1.575,CAUTION,77,92.0
12:56:07.239,1.0487,1.575,CAUTION,77,96.0
12:56:07.346,1.0556,0.0,CAUTION,100,53.0
12:56:07.464,1.0402,0.0,CAUTION,100,75.0
12:56:07.614,1.0352,0.0,CAUTION,100,81.0
12:56:07.734,1.0328,0.0,NORMAL,100,100.0
12:56:07.842,1.0219,0.0,NORMAL,100,100.0
12:56:07.953,1.0248,0.0,NORMAL,100,100.0
12:56:08.066,1.0191,0.0,NORMAL,100,100.0
12:56:08.170,1.0183,0.0,NORMAL,100,100.0
12:56:08.267,1.0094,0.0,NORMAL,100,100.0
12:56:08.378,1.0072,0.0,NORMAL,100,100.0
12:56:08.486,1.006,0.0,NORMAL,100,100.0
12:56:08.600,1.0013,0.0,NORMAL,100,100.0
12:56:08.709,1.0077,0.0,NORMAL,100,100.0
12:56:08.815,1.0114,0.0,NORMAL,100,100.0
12:56:08.915,1.0092,0.0,NORMAL,100,100.0
12:56:09.020,1.0057,0.0,NORMAL,100,100.0
12:56:09.129,1.0125,0.0,NORMAL,100,100.0
12:56:09.236,1.0078,0.0,NORMAL,100,100.0
12:56:09.345,1.0138,0.0,NORMAL,100,100.0
12:56:09.455,1.0058,0.0,NORMAL,100,100.0
12:56:09.568,1.0187,0.0,NORMAL,100,100.0
12:56:09.672,1.0105,0.0,NORMAL,100,100.0
12:56:09.780,1.0059,0.0,NORMAL,100,100.0
12:56:09.885,1.0035,0.0,NORMAL,100,100.0
12:56:09.996,1.0119,0.0,NORMAL,100,100.0
12:56:10.119,1.0007,0.0,NORMAL,100,100.0
12:56:10.229,1.0139,0.0,NORMAL,100,100.0
12:56:10.339,1.0062,0.0,NORMAL,100,100.0
12:56:10.448,1.0029,0.0,NORMAL,100,100.0
12:56:10.561,1.0162,0.0,NORMAL,100,100.0
12:56:10.669,1.0006,0.0,NORMAL,100,100.0
12:56:10.781,1.0019,0.0,NORMAL,100,100.0
12:56:10.893,1.0091,0.0,NORMAL,100,100.0
12:56:11.003,1.0113,0.0,NORMAL,100,100.0
12:56:11.108,1.0055,0.0,NORMAL,100,100.0
12:56:11.222,1.0069,0.0,NORMAL,100,100.0
12:56:11.334,1.0015,0.0,NORMAL,100,100.0
12:56:11.439,1.0025,0.0,NORMAL,100,100.0
12:56:11.542,1.0022,0.0,NORMAL,100,100.0
12:56:11.651,1.003,0.0,NORMAL,100,100.0
12:56:11.767,1.0017,0.0,NORMAL,100,100.0
12:56:11.872,1.0181,0.0,NORMAL,100,100.0
12:56:11.992,1.017,0.0,NORMAL,100,98.0
12:56:12.090,1.0028,0.0,NORMAL,100,100.0
12:56:12.197,1.0078,0.0,NORMAL,100,100.0
12:56:12.308,1.0051,0.0,NORMAL,100,100.0
12:56:12.422,1.0075,0.0,NORMAL,100,100.0
12:56:12.525,1.0035,0.0,NORMAL,100,100.0
12:56:12.631,1.0043,0.0,NORMAL,100,100.0
12:56:12.744,1.0144,0.0,NORMAL,100,100.0
12:56:12.854,1.0159,0.0,NORMAL,100,100.0
12:56:12.968,1.0092,0.0,NORMAL,100,100.0
12:56:13.079,1.0131,0.0,NORMAL,100,100.0
12:56:13.183,1.0056,0.0,NORMAL,100,100.0
12:56:13.287,1.0034,0.0,NORMAL,100,100.0
12:56:13.398,1.0084,0.0,NORMAL,100,100.0
12:56:13.510,1.0146,0.0,NORMAL,100,100.0
12:56:13.616,1.0065,0.0,NORMAL,100,100.0
12:56:13.725,1.0039,0.0,NORMAL,100,100.0
12:56:13.833,1.0025,0.0,NORMAL,100,100.0
12:56:13.939,1.0044,0.0,NORMAL,100,100.0
12:56:14.049,1.0075,0.0,NORMAL,100,100.0
12:56:14.161,1.0061,0.0,NORMAL,100,100.0
12:56:14.268,1.0044,0.0,NORMAL,100,100.0
12:56:14.414,1.0085,0.0,NORMAL,100,100.0
12:56:14.525,1.0058,0.0,NORMAL,100,100.0
12:56:14.636,1.0046,0.0,NORMAL,100,100.0
12:56:14.747,1.0111,0.0,NORMAL,100,100.0
12:56:14.848,1.0041,0.0,NORMAL,100,100.0
12:56:14.957,1.0064,0.0,NORMAL,100,100.0
12:56:15.063,1.0147,0.0,NORMAL,100,100.0
12:56:15.174,1.0087,0.0,NORMAL,100,100.0
12:56:15.288,1.0079,0.0,NORMAL,100,100.0
12:56:15.391,1.0108,0.0,NORMAL,100,100.0
12:56:15.500,1.0107,0.0,NORMAL,100,100.0
12:56:15.608,1.009,0.0,NORMAL,100,100.0
12:56:15.722,1.0027,0.0,NORMAL,100,100.0
12:56:15.824,1.0159,0.0,NORMAL,100,100.0
12:56:15.918,1.0102,0.0,NORMAL,100,100.0
12:56:16.032,1.0051,2.3,NORMAL,68,75.0
12:56:16.148,1.0049,2.3,NORMAL,68,74.0
12:56:16.263,1.0055,2.3,NORMAL,68,74.0
12:56:16.367,1.003,2.3,CAUTION,68,74.0
12:56:16.475,1.0071,2.3,CAUTION,68,74.0
12:56:16.590,1.0148,2.3,CAUTION,68,76.0
12:56:16.705,1.0034,2.3,CAUTION,68,74.0
12:56:16.816,1.0122,2.3,CAUTION,68,77.0
12:56:16.924,1.007,2.3,CAUTION,68,74.0
12:56:17.026,1.0069,2.3,CAUTION,68,74.0
12:56:17.147,1.0044,2.3,CAUTION,68,74.0
12:56:17.264,1.0147,2.3,CAUTION,68,77.0
12:56:17.443,1.02,2.3,CAUTION,68,77.0
12:56:17.550,1.001,2.3,CAUTION,68,76.0
12:56:17.673,1.0012,2.3,CAUTION,68,78.0
12:56:17.790,1.0132,2.3,CAUTION,68,76.0
12:56:17.895,1.0074,0.0,CAUTION,100,100.0
12:56:18.005,1.0126,0.0,CAUTION,100,100.0
12:56:18.118,1.0164,0.0,CAUTION,100,100.0
12:56:18.233,1.0116,0.0,NORMAL,100,100.0
12:56:18.345,1.0009,0.0,NORMAL,100,100.0
12:56:18.457,1.0126,0.0,NORMAL,100,100.0
12:56:18.571,1.0107,0.0,NORMAL,100,100.0
12:56:18.676,1.001,0.0,NORMAL,100,100.0
12:56:18.785,1.0183,0.0,NORMAL,100,100.0
12:56:18.893,1.0077,0.0,NORMAL,100,100.0
12:56:18.998,1.0039,0.0,NORMAL,100,100.0
12:56:19.105,2.5577,0.0,NORMAL,31,42.0
12:56:19.209,1.2369,0.0,NORMAL,100,61.0
12:56:19.321,1.2114,0.0,NORMAL,100,86.0
12:56:19.428,1.1581,0.0,NORMAL,100,98.0
12:56:19.535,1.1284,0.0,NORMAL,100,97.0
12:56:19.640,1.1316,0.0,NORMAL,100,81.0
12:56:19.754,1.0943,0.0,NORMAL,100,70.0
12:56:19.867,1.1004,0.0,NORMAL,100,63.0
12:56:19.976,1.0667,0.0,NORMAL,100,41.0
12:56:20.086,1.0576,0.0,NORMAL,100,39.0
12:56:20.199,1.0615,0.0,NORMAL,100,40.0
12:56:20.313,1.0413,0.0,NORMAL,100,61.0
12:56:20.427,1.0473,0.0,NORMAL,100,73.0
12:56:20.538,1.0295,0.0,NORMAL,100,100.0
12:56:20.648,1.0253,0.0,NORMAL,100,100.0
12:56:20.760,1.0177,0.0,NORMAL,100,100.0
12:56:20.872,1.0163,0.0,NORMAL,100,100.0
12:56:20.972,1.0221,0.0,NORMAL,100,100.0
12:56:21.084,1.0047,0.0,NORMAL,100,100.0
12:56:21.197,1.002,0.0,NORMAL,100,100.0
12:56:21.311,1.005,2.0,NORMAL,78,56.0
12:56:21.430,1.017,2.0,NORMAL,78,58.0
12:56:21.556,1.0259,2.0,NORMAL,78,60.0
12:56:21.664,1.0247,2.0,CAUTION,78,62.0
12:56:21.780,1.0036,2.0,CAUTION,78,59.0
12:56:21.893,1.0008,2.0,CAUTION,78,60.0
12:56:22.009,1.0216,2.0,CAUTION,78,58.0
12:56:22.122,1.0111,2.0,CAUTION,78,58.0
12:56:22.236,1.0091,2.0,CAUTION,78,61.0
12:56:22.351,1.0158,2.0,CAUTION,78,59.0
12:56:22.459,1.0026,2.0,CAUTION,78,57.0
12:56:22.576,1.0101,2.0,CAUTION,78,58.0
12:56:22.689,1.0049,2.0,CAUTION,78,56.0
12:56:22.802,1.0004,2.0,CAUTION,78,57.0
12:56:22.909,1.0132,2.0,CAUTION,78,58.0
12:56:23.020,1.008,2.0,CAUTION,78,56.0
12:56:23.136,1.0096,0.0,CAUTION,100,100.0
12:56:23.250,1.0033,0.0,CAUTION,100,100.0
12:56:23.366,1.0069,0.0,CAUTION,100,100.0
12:56:23.481,1.0041,0.0,NORMAL,100,100.0
12:56:23.594,1.0026,0.0,NORMAL,100,100.0
12:56:23.706,1.0143,0.0,NORMAL,100,100.0
12:56:23.808,1.0119,0.0,NORMAL,100,100.0
12:56:23.920,1.0002,0.0,NORMAL,100,100.0
12:56:24.032,1.0007,0.0,NORMAL,100,100.0
12:56:24.132,1.0131,0.0,NORMAL,100,100.0
12:56:24.237,1.0075,0.0,NORMAL,100,100.0
12:56:24.348,1.0019,0.0,NORMAL,100,100.0
12:56:24.447,1.0087,0.0,NORMAL,100,100.0
12:56:24.560,1.0034,0.0,NORMAL,100,100.0
12:56:24.669,1.0166,0.0,NORMAL,100,100.0
12:56:24.782,1.0085,2.3,NORMAL,68,76.0
12:56:24.895,1.0074,2.3,NORMAL,68,77.0
12:56:25.002,1.0045,2.3,NORMAL,68,74.0
12:56:25.122,1.0071,2.3,CAUTION,68,74.0
12:56:25.231,1.0149,2.3,CAUTION,68,76.0
12:56:25.344,1.0093,2.3,CAUTION,68,76.0
12:56:25.459,1.01,2.3,CAUTION,68,78.0
12:56:25.561,1.001,2.3,CAUTION,68,77.0
12:56:25.657,1.0017,2.3,CAUTION,68,75.0
12:56:25.773,1.0087,2.3,CAUTION,68,74.0
12:56:25.883,1.0175,2.3,CAUTION,68,77.0
12:56:25.997,1.0121,2.3,CAUTION,68,76.0
12:56:26.110,1.0125,0.0,CAUTION,100,100.0
12:56:26.221,1.0051,0.0,CAUTION,100,100.0
12:56:26.339,1.0004,0.0,CAUTION,100,100.0
12:56:26.450,1.0066,0.0,NORMAL,100,100.0
12:56:26.553,1.0084,0.0,NORMAL,100,100.0
12:56:26.659,1.0015,0.0,NORMAL,65,99.0
12:56:26.765,1.001,0.0,NORMAL,65,99.0
12:56:26.873,1.0001,0.0,NORMAL,65,99.0
12:56:26.989,1.0057,0.0,CAUTION,65,99.0
12:56:27.095,1.0059,0.0,CAUTION,65,99.0
12:56:27.208,1.0025,0.0,CAUTION,65,99.0
12:56:27.316,1.0073,0.0,CAUTION,65,99.0
12:56:27.468,1.016,0.0,CAUTION,65,99.0
12:56:27.580,1.0002,0.0,CAUTION,65,99.0
12:56:27.693,1.0174,0.0,CAUTION,65,99.0
12:56:27.804,1.0014,0.0,CAUTION,65,99.0
12:56:27.916,1.0005,0.0,CAUTION,65,99.0
12:56:28.028,1.0108,0.0,CAUTION,65,99.0
12:56:28.140,1.0124,0.0,CAUTION,65,99.0
12:56:28.252,1.0009,0.0,CAUTION,100,100.0
12:56:28.367,1.0032,0.0,CAUTION,100,100.0
12:56:28.479,1.0068,0.0,CAUTION,100,100.0
12:56:28.593,1.0039,0.0,CAUTION,68,99.0
12:56:28.700,1.0187,0.0,CAUTION,68,99.0
12:56:28.818,1.0029,0.0,CAUTION,68,99.0
12:56:28.936,1.0036,0.0,CAUTION,68,99.0
12:56:29.053,1.0028,0.0,CAUTION,68,99.0
12:56:29.169,1.0087,0.0,CAUTION,68,99.0
12:56:29.285,1.0127,0.0,CAUTION,68,99.0
12:56:29.397,1.0171,0.0,CAUTION,68,99.0
12:56:29.510,1.0034,0.0,CAUTION,68,99.0
12:56:29.621,1.0009,0.0,CAUTION,68,99.0
12:56:29.723,1.0117,0.0,CAUTION,68,99.0
12:56:29.840,1.01,0.0,CAUTION,68,99.0
12:56:29.962,1.0074,0.0,CAUTION,68,99.0
12:56:30.100,1.0124,0.0,CAUTION,100,100.0
12:56:30.217,1.0057,0.0,CAUTION,100,100.0
12:56:30.346,1.0201,0.0,CAUTION,100,100.0
12:56:30.467,1.0135,0.0,NORMAL,100,100.0
12:56:30.584,1.0141,0.0,NORMAL,100,100.0
12:56:30.695,1.0063,0.0,NORMAL,100,100.0
12:56:30.804,1.0081,0.0,NORMAL,100,100.0
12:56:30.912,1.0101,0.0,NORMAL,100,100.0
12:56:31.025,1.0005,0.0,NORMAL,100,100.0
12:56:31.134,1.0162,0.0,NORMAL,100,100.0
12:56:31.243,1.0021,0.0,NORMAL,100,100.0
12:56:31.352,1.0068,0.0,NORMAL,100,100.0
12:56:31.464,1.0058,0.0,NORMAL,100,100.0
12:56:31.580,1.0101,0.0,NORMAL,100,100.0
12:56:31.694,1.0156,0.0,NORMAL,100,100.0
12:56:31.807,1.012,0.0,NORMAL,100,100.0
12:56:31.915,1.0027,0.0,NORMAL,100,100.0
12:56:32.031,1.0011,0.0,NORMAL,100,100.0
12:56:32.144,1.0134,0.0,NORMAL,100,100.0
12:56:32.253,1.0062,0.0,NORMAL,100,100.0
12:56:32.363,1.0184,0.0,NORMAL,100,100.0
12:56:32.473,1.0045,0.0,NORMAL,100,100.0
12:56:32.586,2.5772,0.0,NORMAL,31,41.0
12:56:32.695,1.2368,0.0,NORMAL,100,61.0
12:56:32.799,1.1946,0.0,NORMAL,100,86.0
12:56:32.912,1.1611,0.0,NORMAL,100,98.0
12:56:33.015,1.1375,0.0,NORMAL,100,97.0
12:56:33.123,1.1406,0.0,NORMAL,100,81.0
12:56:33.233,1.1086,0.0,NORMAL,100,73.0
12:56:33.340,1.0779,0.0,NORMAL,100,67.0
12:56:33.450,1.0868,0.0,NORMAL,100,59.0
12:56:33.553,1.0719,0.0,NORMAL,100,41.0
12:56:33.666,1.0527,0.0,NORMAL,100,42.0
12:56:33.798,1.0346,0.0,NORMAL,100,53.0
12:56:33.905,1.0494,0.0,NORMAL,100,80.0
12:56:34.018,1.0256,0.0,NORMAL,100,99.0
12:56:34.130,1.0277,0.0,NORMAL,100,100.0
12:56:34.236,1.0112,0.0,NORMAL,100,100.0
12:56:34.347,1.0335,0.0,NORMAL,100,100.0
12:56:34.459,1.009,0.0,NORMAL,68,99.0
12:56:34.568,1.0138,0.0,NORMAL,70,99.0
12:56:34.678,1.0297,0.0,NORMAL,70,99.0
12:56:34.790,1.0007,0.0,CAUTION,70,99.0
12:56:34.901,1.0044,0.0,CAUTION,70,99.0
12:56:35.009,1.0033,0.0,CAUTION,70,99.0
12:56:35.114,1.0147,0.0,CAUTION,70,99.0
12:56:35.231,1.0084,0.0,CAUTION,70,99.0
12:56:35.349,1.0022,0.0,CAUTION,70,99.0
12:56:35.459,1.0019,0.0,CAUTION,70,99.0
12:56:35.566,1.003,0.0,CAUTION,70,99.0
12:56:35.677,1.0061,0.0,CAUTION,70,99.0
12:56:35.787,1.0021,0.0,CAUTION,70,99.0
12:56:35.903,1.0099,0.0,CAUTION,70,99.0
12:56:36.019,1.0192,0.0,CAUTION,70,99.0
12:56:36.137,1.0156,0.0,CAUTION,100,100.0
12:56:36.250,1.0145,0.0,CAUTION,100,100.0
12:56:36.356,1.0149,0.0,CAUTION,100,100.0
12:56:36.468,1.0139,0.0,NORMAL,100,100.0
12:56:36.579,1.0106,0.0,NORMAL,100,100.0
12:56:36.687,1.0198,0.0,NORMAL,100,100.0
12:56:36.798,1.0098,0.0,NORMAL,100,100.0
12:56:36.900,1.0122,0.0,NORMAL,100,100.0
12:56:37.011,1.007,0.0,NORMAL,100,100.0
12:56:37.124,1.0093,0.0,NORMAL,100,100.0
12:56:37.236,1.0125,0.0,NORMAL,100,100.0
12:56:37.348,1.0123,0.0,NORMAL,100,100.0
12:56:37.460,1.0047,0.0,NORMAL,100,100.0
12:56:37.570,1.0167,0.0,NORMAL,100,100.0
12:56:37.681,1.0031,0.0,NORMAL,100,100.0
12:56:37.792,1.002,0.0,NORMAL,100,100.0
12:56:37.894,1.0078,0.0,NORMAL,100,100.0
12:56:38.002,1.0023,0.0,NORMAL,100,100.0
12:56:38.108,1.0022,0.0,NORMAL,100,100.0
12:56:38.198,1.006,0.0,NORMAL,100,100.0
12:56:38.308,1.0163,0.0,NORMAL,100,100.0
12:56:38.417,1.017,0.0,NORMAL,100,100.0
12:56:38.533,1.0007,0.0,NORMAL,100,100.0
12:56:38.640,1.0123,0.0,NORMAL,100,100.0
12:56:38.750,1.0117,0.0,NORMAL,100,100.0
12:56:38.850,1.0013,0.0,NORMAL,100,100.0
12:56:38.963,1.0084,0.0,NORMAL,100,100.0
12:56:39.078,1.0119,0.0,NORMAL,100,100.0
12:56:39.179,1.0011,0.0,NORMAL,100,100.0
12:56:39.289,1.008,0.0,NORMAL,100,100.0
12:56:39.402,1.0032,0.0,NORMAL,100,100.0
12:56:39.505,1.0096,0.0,NORMAL,100,100.0
12:56:39.609,1.0201,0.0,NORMAL,100,100.0
12:56:39.722,1.0144,0.0,NORMAL,100,100.0
12:56:39.832,1.0141,0.0,NORMAL,100,100.0
12:56:39.934,1.0168,0.0,NORMAL,100,100.0
12:56:40.047,1.0018,0.0,NORMAL,100,100.0
12:56:40.161,1.0093,0.0,NORMAL,100,100.0
12:56:40.264,1.0142,0.0,NORMAL,100,100.0
12:56:40.378,1.0117,0.0,NORMAL,100,100.0
12:56:40.487,1.0131,0.0,NORMAL,100,100.0
12:56:40.599,1.0173,0.0,NORMAL,100,100.0
12:56:40.710,1.0134,0.0,NORMAL,100,100.0
12:56:40.819,1.0164,0.0,NORMAL,100,100.0
12:56:40.959,1.0093,0.0,NORMAL,100,100.0
12:56:41.075,1.0041,0.0,NORMAL,100,100.0
12:56:41.188,1.0082,0.0,NORMAL,100,100.0
12:56:41.301,1.0139,0.0,NORMAL,100,100.0
12:56:41.405,1.0069,0.0,NORMAL,100,100.0
12:56:41.517,1.0102,0.0,NORMAL,100,100.0
12:56:41.621,1.0025,0.0,NORMAL,100,100.0
12:56:41.723,1.0094,0.0,NORMAL,100,100.0
12:56:41.834,1.0052,0.0,NORMAL,100,100.0
12:56:41.937,1.0028,0.0,NORMAL,100,100.0
12:56:42.038,1.013,0.0,NORMAL,100,100.0
12:56:42.155,1.0021,0.0,NORMAL,100,100.0
12:56:42.259,1.0182,0.0,NORMAL,100,100.0
12:56:42.369,1.0155,0.0,NORMAL,100,100.0
12:56:42.475,1.0048,0.0,NORMAL,100,100.0
12:56:42.585,1.0007,0.0,NORMAL,100,100.0
12:56:42.689,1.0088,0.0,NORMAL,100,100.0
12:56:42.799,1.006,0.0,NORMAL,100,100.0
12:56:42.901,1.003,0.0,NORMAL,100,100.0
12:56:43.010,1.3741,0.0,NORMAL,100,78.0
12:56:43.122,1.0524,0.0,NORMAL,100,59.0
12:56:43.225,1.0467,0.0,NORMAL,100,53.0
12:56:43.333,1.0387,0.0,NORMAL,100,81.0
12:56:43.438,1.0297,0.0,NORMAL,100,100.0
12:56:43.551,1.0306,0.0,NORMAL,100,100.0
12:56:43.663,1.0419,0.0,NORMAL,100,100.0
12:56:43.776,1.0347,0.0,NORMAL,100,100.0
12:56:43.887,1.0322,0.0,NORMAL,100,100.0
12:56:43.990,1.0025,0.0,NORMAL,100,99.0
12:56:44.099,1.0003,0.0,NORMAL,100,100.0
12:56:44.210,1.0214,0.0,NORMAL,100,100.0
12:56:44.313,1.005,0.0,NORMAL,100,100.0
12:56:44.417,1.0243,0.0,NORMAL,100,100.0
12:56:44.530,1.0058,0.0,NORMAL,100,100.0
12:56:44.641,1.0012,0.0,NORMAL,100,100.0
12:56:44.741,1.0104,0.0,NORMAL,100,100.0
12:56:44.849,1.0025,0.0,NORMAL,100,100.0
12:56:44.960,1.0078,0.0,NORMAL,100,100.0
12:56:45.068,1.0058,0.0,NORMAL,100,100.0
12:56:45.175,1.0225,0.0,NORMAL,100,100.0
12:56:45.285,1.0031,0.0,NORMAL,100,100.0
12:56:45.380,1.0125,0.0,NORMAL,100,100.0
12:56:45.490,1.0016,0.0,NORMAL,100,100.0
12:56:45.602,1.0142,0.0,NORMAL,100,100.0
12:56:45.707,1.0021,0.0,NORMAL,100,100.0
12:56:45.818,1.007,0.0,NORMAL,100,100.0
12:56:45.926,1.0117,0.0,NORMAL,100,100.0
12:56:46.031,1.0058,0.0,NORMAL,100,100.0
12:56:46.145,1.0123,0.0,NORMAL,100,100.0
12:56:46.251,1.0066,0.0,NORMAL,100,100.0
12:56:46.365,1.007,0.0,NORMAL,100,100.0
12:56:46.477,1.0099,0.0,NORMAL,100,100.0
12:56:46.586,1.0138,0.0,NORMAL,100,100.0
12:56:46.700,1.014,0.0,NORMAL,100,100.0
12:56:46.812,1.0153,0.0,NORMAL,100,100.0
12:56:46.931,1.009,0.0,NORMAL,100,100.0
12:56:47.038,1.0075,0.0,NORMAL,100,100.0
12:56:47.148,1.0041,0.0,NORMAL,100,100.0
12:56:47.259,1.0137,0.0,NORMAL,100,100.0
12:56:47.372,1.0084,0.0,NORMAL,100,100.0
12:56:47.480,1.0031,0.0,NORMAL,100,100.0
12:56:47.584,1.001,0.0,NORMAL,100,100.0
12:56:47.690,1.0087,0.0,NORMAL,100,100.0
12:56:47.786,1.0114,0.0,NORMAL,100,100.0
12:56:48.102,1.0058,0.0,NORMAL,100,100.0
12:56:48.207,1.0151,0.0,NORMAL,100,100.0
12:56:48.327,1.006,0.0,NORMAL,100,100.0
12:56:48.446,1.008,0.0,NORMAL,100,100.0
12:56:48.554,1.0092,0.0,NORMAL,100,100.0
12:56:48.663,1.0045,0.0,NORMAL,100,100.0
12:56:48.783,1.0086,0.0,NORMAL,100,100.0
12:56:48.890,1.0137,2.3,NORMAL,68,75.0
12:56:49.067,1.006,2.3,NORMAL,68,75.0
12:56:49.195,1.0135,2.3,NORMAL,68,75.0
12:56:49.311,1.0066,2.3,CAUTION,68,75.0
12:56:49.428,1.0202,2.3,CAUTION,68,76.0
12:56:49.545,1.01,2.3,CAUTION,68,76.0
12:56:49.670,1.0061,2.3,CAUTION,68,78.0
12:56:49.793,1.0072,2.3,CAUTION,68,74.0
12:56:49.914,1.0057,2.3,CAUTION,68,74.0
12:56:50.043,1.0103,2.3,CAUTION,68,76.0
12:56:50.191,1.0016,2.3,CAUTION,68,76.0
12:56:50.314,1.0118,2.3,CAUTION,68,77.0
12:56:50.426,1.0121,2.3,CAUTION,68,76.0
12:56:50.540,1.0046,2.3,CAUTION,68,75.0
12:56:50.651,1.0152,2.3,CAUTION,68,77.0
12:56:50.758,1.0156,0.0,CAUTION,100,100.0
12:56:50.873,1.0103,0.0,CAUTION,100,100.0
12:56:50.993,1.0112,0.0,CAUTION,100,100.0
12:56:51.110,1.0142,0.0,NORMAL,100,99.0
12:56:51.224,1.0004,0.0,NORMAL,100,100.0
12:56:51.343,1.0056,0.0,NORMAL,100,100.0
12:56:51.457,1.0003,2.3,NORMAL,68,75.0
12:56:51.579,1.4848,2.3,NORMAL,68,74.0
12:56:51.715,1.0857,2.3,NORMAL,68,99.0
12:56:51.847,1.046,2.3,CAUTION,68,99.0
12:56:51.961,1.0369,2.3,CAUTION,68,99.0
12:56:52.074,1.0526,2.3,CAUTION,68,84.0
12:56:52.180,1.0254,2.3,CAUTION,68,90.0
12:56:52.298,1.0519,2.3,CAUTION,68,99.0
12:56:52.416,1.0438,2.3,CAUTION,68,81.0
12:56:52.532,1.0167,2.3,CAUTION,68,81.0
12:56:52.651,1.0076,2.3,CAUTION,68,80.0
12:56:52.767,1.0082,2.3,CAUTION,68,77.0
12:56:52.904,1.0227,2.3,CAUTION,68,76.0
12:56:53.025,1.0009,2.3,CAUTION,68,72.0
12:56:53.144,1.0084,2.3,CAUTION,68,77.0
12:56:53.263,1.0163,0.0,CAUTION,100,100.0
12:56:53.382,1.0059,1.7167,CAUTION,76,67.0
12:56:53.489,1.0155,1.7167,CAUTION,76,73.0
12:56:53.593,1.0256,1.7167,CAUTION,76,71.0
12:56:53.713,1.012,1.7167,CAUTION,76,70.0
12:56:53.853,1.0086,1.7167,CAUTION,76,71.0
12:56:53.977,1.0045,1.7167,CAUTION,76,67.0
12:56:54.108,1.0013,1.7167,CAUTION,76,68.0
12:56:54.226,1.0096,0.0,CAUTION,100,100.0
12:56:54.345,1.0102,1.8714,CAUTION,73,71.9
12:56:54.466,1.0096,0.0,CAUTION,100,100.0
12:56:54.588,1.0156,1.7167,CAUTION,76,70.0
12:56:54.707,1.0114,1.7167,CAUTION,76,69.0
12:56:54.820,1.0131,1.7167,CAUTION,76,70.0
12:56:54.946,1.0047,1.7167,CAUTION,76,68.0
12:56:55.119,1.0168,1.7167,CAUTION,76,69.0
12:56:55.234,1.0051,0.0,CAUTION,100,100.0
12:56:55.353,1.0071,0.0,CAUTION,100,100.0
12:56:55.464,1.0107,0.0,CAUTION,100,100.0
12:56:55.578,1.0127,0.0,NORMAL,100,100.0
12:56:55.694,1.0134,1.8714,NORMAL,73,70.9
12:56:55.816,1.0034,0.0,NORMAL,100,100.0
12:56:55.932,1.0007,0.0,NORMAL,100,100.0
12:56:56.067,1.0112,0.0,NORMAL,100,100.0
12:56:56.196,1.0049,0.0,NORMAL,100,100.0
12:56:56.326,1.0034,0.0,NORMAL,100,100.0
12:56:56.478,1.0022,0.0,NORMAL,100,100.0
12:56:56.610,1.019,0.0,NORMAL,100,100.0
12:56:56.748,1.0033,0.0,NORMAL,100,100.0
12:56:56.883,1.0109,0.0,NORMAL,100,100.0
12:56:57.016,1.0149,0.0,NORMAL,100,100.0
12:56:57.145,1.0048,0.0,NORMAL,100,100.0
12:56:57.264,1.0138,0.0,NORMAL,100,100.0
12:56:57.368,1.0084,0.0,NORMAL,100,100.0
12:56:57.483,1.0014,0.0,NORMAL,100,100.0
12:56:57.589,1.0134,0.0,NORMAL,100,100.0
12:56:57.700,1.0095,0.0,NORMAL,100,100.0
12:56:57.807,1.0167,0.0,NORMAL,100,100.0
12:56:57.919,1.0104,0.0,NORMAL,100,100.0
12:56:58.035,1.0113,0.0,NORMAL,100,100.0
12:56:58.144,1.0087,0.0,NORMAL,100,100.0
12:56:58.255,1.0165,2.6667,NORMAL,71,75.0
12:56:58.371,1.0061,0.0,NORMAL,100,100.0
12:56:58.483,1.0028,1.3469,NORMAL,80,60.0
12:56:58.607,1.348,1.3469,NORMAL,80,53.0
12:56:58.721,1.0513,1.3469,CAUTION,80,63.0
12:56:58.837,1.0357,1.3469,CAUTION,80,92.0
12:56:58.958,1.026,1.3469,CAUTION,80,67.0
12:56:59.077,1.4612,0.0,CAUTION,100,79.0
12:56:59.193,1.0896,1.8625,CAUTION,74,95.8
12:56:59.313,1.1056,1.8625,CAUTION,74,99.0
12:56:59.422,1.0741,1.8625,CAUTION,74,99.0
12:56:59.543,1.051,1.8625,CAUTION,74,99.0
12:56:59.662,1.0666,1.8625,CAUTION,74,99.0
12:56:59.776,1.0316,1.8625,CAUTION,74,85.8
12:56:59.886,1.0474,1.8625,CAUTION,74,99.0
12:57:00.003,1.0479,1.8625,CAUTION,74,74.8
12:57:00.131,1.041,1.8625,CAUTION,74,77.8
12:57:00.248,1.0354,1.8625,CAUTION,74,76.8
12:57:00.359,1.0294,1.8625,CAUTION,74,74.8
12:57:00.472,1.0237,1.8625,CAUTION,74,74.8
12:57:00.591,1.0049,1.8625,CAUTION,74,71.8
12:57:00.708,1.0028,1.8625,CAUTION,74,72.8
12:57:00.823,1.021,1.8625,CAUTION,74,70.8
12:57:00.930,1.0011,1.8625,CAUTION,74,69.8
12:57:01.043,1.022,0.0,CAUTION,100,100.0
12:57:01.161,1.0015,0.0,CAUTION,100,100.0
12:57:01.273,1.0037,0.0,CAUTION,100,100.0
12:57:01.424,1.0014,0.0,NORMAL,100,100.0
12:57:01.545,1.0173,0.0,NORMAL,100,100.0
12:57:01.672,1.0061,0.0,NORMAL,100,100.0
12:57:01.794,1.0134,0.0,NORMAL,100,100.0
12:57:01.910,1.008,0.0,NORMAL,100,100.0
12:57:02.033,1.0083,0.0,NORMAL,100,100.0
12:57:02.144,1.0145,1.95,NORMAL,72,70.8
12:57:02.263,1.02,1.95,NORMAL,72,72.8
12:57:02.379,1.0117,1.95,NORMAL,72,73.8
12:57:02.494,1.0123,1.95,CAUTION,72,74.8
12:57:02.608,1.0111,1.95,CAUTION,72,71.8
12:57:02.721,1.0096,1.95,CAUTION,72,71.8
12:57:02.840,1.0044,0.0,CAUTION,100,100.0
12:57:02.960,1.0144,1.8,CAUTION,74,70.0
12:57:03.077,1.0079,1.8,CAUTION,74,68.0
12:57:03.185,1.0115,1.8,CAUTION,74,71.0
12:57:03.304,1.0023,1.8,CAUTION,74,70.0
12:57:03.420,1.0026,1.8,CAUTION,74,69.0
12:57:03.538,1.0126,1.8,CAUTION,74,71.0
12:57:03.655,1.0089,1.8,CAUTION,74,70.0
12:57:03.769,1.0173,1.8,CAUTION,74,72.0
12:57:03.882,1.016,1.8,CAUTION,74,71.0
12:57:04.002,1.0033,1.8,CAUTION,74,71.0
12:57:04.124,1.004,1.8,CAUTION,74,69.0
12:57:04.234,1.0016,1.8,CAUTION,74,69.0
12:57:04.350,1.0104,1.8,CAUTION,74,70.0
12:57:04.465,1.0043,1.8,CAUTION,74,68.0
12:57:04.588,1.0055,1.8,CAUTION,74,68.0
12:57:04.701,1.0126,0.0,CAUTION,100,100.0
12:57:04.811,1.0165,0.0,CAUTION,100,100.0
12:57:04.926,1.0064,0.0,CAUTION,100,100.0
12:57:05.055,1.0035,0.0,NORMAL,100,100.0
12:57:05.180,1.0068,0.0,NORMAL,100,100.0
12:57:05.320,1.0171,0.0,NORMAL,100,100.0
12:57:05.426,1.0064,0.0,NORMAL,100,100.0
12:57:05.546,1.002,0.0,NORMAL,100,100.0
12:57:05.662,1.0008,2.0,NORMAL,78,57.0
12:57:05.773,1.0079,2.0,NORMAL,78,55.0
12:57:05.890,1.0131,2.0,NORMAL,78,57.0
12:57:06.014,1.0106,0.0,NORMAL,100,100.0
12:57:06.124,1.0139,2.0,CAUTION,78,59.0
12:57:06.239,1.0079,1.3278,CAUTION,80,56.0
12:57:06.351,1.0178,1.3278,CAUTION,80,59.0
12:57:06.463,1.0096,1.3278,CAUTION,80,59.0
12:57:06.585,1.0063,1.3278,CAUTION,80,60.0
12:57:06.703,1.0099,1.3278,CAUTION,80,58.0
12:57:06.821,1.0074,1.3278,CAUTION,80,57.0
12:57:06.942,1.0035,1.3278,CAUTION,80,56.0
12:57:07.053,1.0188,1.3278,CAUTION,80,58.0
12:57:07.164,1.0148,1.3278,CAUTION,80,58.0
12:57:07.282,1.0046,1.3278,CAUTION,80,59.0
12:57:07.437,1.0015,1.3278,CAUTION,80,58.0
12:57:07.561,1.0129,1.3278,CAUTION,80,58.0
12:57:07.676,1.0201,1.3278,CAUTION,80,59.0
12:57:07.797,1.0089,1.3278,CAUTION,80,58.0
12:57:07.908,1.0142,1.3278,CAUTION,80,61.0
12:57:08.027,1.0142,1.3278,CAUTION,80,58.0
12:57:08.134,1.0083,0.0,CAUTION,100,100.0
12:57:08.255,1.0058,0.0,CAUTION,100,100.0
12:57:08.373,1.002,0.0,CAUTION,100,100.0
12:57:08.477,1.0046,0.0,NORMAL,100,100.0
12:57:08.585,1.0003,2.2107,NORMAL,68,73.9
12:57:08.692,1.0004,2.2107,NORMAL,68,73.9
12:57:08.814,1.0068,2.2107,NORMAL,68,71.9
12:57:08.928,1.0113,2.2107,CAUTION,68,74.9
12:57:09.050,1.0099,2.2107,CAUTION,68,74.9
12:57:09.166,1.007,0.0,CAUTION,100,100.0
12:57:09.277,1.0002,0.0,CAUTION,100,100.0
12:57:09.396,1.0021,0.0,CAUTION,100,100.0
12:57:09.506,1.0007,2.3,CAUTION,68,75.0
12:57:09.632,1.001,2.3,CAUTION,68,75.0
12:57:09.750,1.0078,2.3,CAUTION,68,73.0
12:57:09.868,1.0037,2.3,CAUTION,68,74.0
12:57:09.984,1.005,2.3,CAUTION,68,74.0
12:57:10.103,1.0084,2.3,CAUTION,68,75.0
12:57:10.221,1.0092,2.3,CAUTION,68,76.0
12:57:10.335,1.0075,2.3,CAUTION,68,75.0
12:57:10.445,1.0124,2.3,CAUTION,68,75.0
12:57:10.566,1.0049,2.3,CAUTION,68,75.0
12:57:10.691,1.0106,2.3,CAUTION,68,75.0
12:57:10.806,1.0075,2.3,CAUTION,68,74.0
12:57:10.919,1.0007,2.3,CAUTION,68,76.0
12:57:11.031,1.0187,2.3,CAUTION,68,76.0
12:57:11.146,1.014,2.3,CAUTION,68,76.0
12:57:11.262,1.0002,0.0,CAUTION,100,100.0
12:57:11.372,1.0048,1.3096,CAUTION,80,56.0
12:57:11.488,1.0112,1.3096,CAUTION,80,57.0
12:57:11.590,1.0132,0.0,CAUTION,100,100.0
12:57:11.712,1.0106,0.0,CAUTION,100,100.0
12:57:11.827,1.0179,0.0,NORMAL,100,100.0
12:57:11.948,1.0143,2.2,NORMAL,69,74.8
12:57:12.069,1.0168,2.2,CAUTION,69,78.8
12:57:12.185,1.0041,2.2,CAUTION,69,73.8
12:57:12.303,1.0172,2.2,CAUTION,69,77.8
12:57:12.423,1.011,2.2,CAUTION,69,74.8
12:57:12.545,1.0181,2.2,CAUTION,69,78.8
12:57:12.659,1.0023,2.2,CAUTION,69,73.8
12:57:12.774,1.0025,2.2,CAUTION,69,76.8
12:57:12.896,1.0147,1.4979,CAUTION,78,58.0
12:57:13.006,1.0114,1.4979,CAUTION,78,58.0
12:57:13.135,1.0077,1.4979,CAUTION,78,57.0
12:57:13.254,1.0051,1.4979,CAUTION,78,56.0
12:57:13.407,1.0045,1.4979,CAUTION,78,56.0
12:57:13.531,1.0012,1.4979,CAUTION,78,57.0
12:57:13.643,1.0075,1.4979,CAUTION,78,55.0
12:57:13.765,1.0031,1.4979,CAUTION,78,56.0
12:57:13.880,1.0096,1.4979,CAUTION,78,57.0
12:57:13.997,1.001,1.4979,CAUTION,78,59.0
12:57:14.104,1.012,1.4979,CAUTION,78,59.0
12:57:14.222,1.0083,1.4979,CAUTION,78,57.0
12:57:14.341,1.004,1.4979,CAUTION,78,56.0
12:57:14.453,1.0012,1.4979,CAUTION,78,57.0
12:57:14.561,1.0107,1.4979,CAUTION,78,58.0
12:57:14.673,1.0039,1.4979,CAUTION,78,57.0
12:57:14.785,1.0173,0.0,CAUTION,100,100.0
12:57:14.895,1.0142,0.0,CAUTION,100,100.0
12:57:15.007,1.0022,0.0,CAUTION,100,100.0
12:57:15.119,1.0027,0.0,NORMAL,100,100.0
12:57:15.237,1.0092,0.0,NORMAL,100,100.0
12:57:15.347,1.0069,0.0,NORMAL,100,100.0
12:57:15.462,1.0061,0.0,NORMAL,100,100.0
12:57:15.572,1.0025,0.0,NORMAL,100,100.0
12:57:15.677,1.0044,0.0,NORMAL,100,100.0
12:57:15.794,1.0013,0.0,NORMAL,100,100.0
12:57:15.906,1.0154,0.0,NORMAL,100,100.0
12:57:16.006,1.0084,0.0,NORMAL,100,100.0
12:57:16.117,1.0199,0.0,NORMAL,100,100.0
12:57:16.226,1.01,0.0,NORMAL,100,100.0
12:57:16.334,1.0044,0.0,NORMAL,100,100.0
12:57:16.452,1.0147,0.0,NORMAL,100,100.0
12:57:16.561,1.0043,1.75,NORMAL,75,67.4
12:57:16.662,1.0052,1.75,NORMAL,75,68.4
12:57:16.779,1.0077,1.75,NORMAL,75,67.4
12:57:16.882,1.0122,1.75,CAUTION,75,69.4
12:57:16.998,1.0139,1.75,CAUTION,75,69.4
12:57:17.115,1.0081,1.75,CAUTION,75,67.4
12:57:17.230,1.0115,1.75,CAUTION,75,69.4
12:57:17.347,1.003,1.75,CAUTION,75,68.4
12:57:17.454,1.0015,1.75,CAUTION,75,68.4
12:57:17.560,1.0007,0.0,CAUTION,100,100.0
12:57:17.670,1.0028,0.0,CAUTION,100,100.0
12:57:17.795,1.002,1.775,CAUTION,74,68.7
12:57:17.907,1.0108,1.775,CAUTION,74,69.7
12:57:18.027,1.0023,1.775,CAUTION,74,69.7
12:57:18.142,1.0108,1.775,CAUTION,74,69.7
12:57:18.255,1.0126,1.775,CAUTION,74,69.7
12:57:18.364,1.0067,1.775,CAUTION,74,67.7
12:57:18.484,1.0154,1.775,CAUTION,74,70.7
12:57:18.604,1.0117,1.775,CAUTION,74,69.7
12:57:18.714,1.0023,1.775,CAUTION,74,70.7
12:57:18.831,1.0032,1.775,CAUTION,74,67.7
12:57:18.948,1.0091,0.0,CAUTION,100,100.0
12:57:19.068,1.0044,1.775,CAUTION,74,68.7
12:57:19.170,1.0073,0.0,CAUTION,100,100.0
12:57:19.274,1.0088,0.0,CAUTION,100,100.0
12:57:19.390,1.016,0.0,NORMAL,100,100.0
12:57:19.508,1.0118,0.0,NORMAL,100,100.0
12:57:19.619,1.016,0.0,NORMAL,100,100.0
12:57:19.728,1.0033,0.0,NORMAL,100,100.0
12:57:19.843,1.0035,0.0,NORMAL,100,100.0
12:57:19.965,1.0157,0.0,NORMAL,100,100.0
12:57:20.080,1.0107,0.0,NORMAL,100,100.0
12:57:20.199,1.0072,0.0,NORMAL,100,100.0
12:57:20.307,1.014,0.0,NORMAL,100,100.0
12:57:20.422,1.0094,0.0,NORMAL,100,100.0
12:57:20.539,1.0065,0.0,NORMAL,100,100.0
12:57:20.642,1.006,0.0,NORMAL,100,100.0
12:57:20.759,1.0101,0.0,NORMAL,100,100.0
12:57:20.869,1.005,0.0,NORMAL,100,100.0
12:57:20.984,1.0057,0.0,NORMAL,100,100.0
12:57:21.111,1.0033,0.0,NORMAL,100,100.0
12:57:21.238,1.0148,0.0,NORMAL,100,100.0
12:57:21.364,1.0135,0.0,NORMAL,100,100.0
12:57:21.481,1.0005,0.0,NORMAL,100,100.0
12:57:21.591,1.0138,0.0,NORMAL,100,100.0
12:57:21.701,1.0122,0.0,NORMAL,100,100.0
12:57:21.820,1.015,0.0,NORMAL,100,100.0
12:57:21.937,1.013,0.0,NORMAL,100,100.0
12:57:22.053,1.0062,0.0,NORMAL,100,100.0
12:57:22.166,1.0111,0.0,NORMAL,100,100.0
12:57:22.272,1.0079,0.0,NORMAL,100,100.0
12:57:22.384,1.0127,0.0,NORMAL,100,100.0
12:57:22.512,1.0097,0.0,NORMAL,100,100.0
12:57:22.631,1.0019,0.0,NORMAL,100,100.0
12:57:22.743,1.0013,0.0,NORMAL,100,100.0
12:57:22.851,1.006,1.4458,NORMAL,79,55.0
12:57:22.969,1.0131,1.4458,NORMAL,79,57.0
12:57:23.082,1.0026,1.4458,NORMAL,79,57.0
12:57:23.202,1.0023,0.0,NORMAL,100,100.0
12:57:23.319,1.0118,0.0,NORMAL,100,100.0
12:57:23.435,1.0014,0.0,NORMAL,100,100.0
12:57:23.558,1.0091,1.4458,CAUTION,79,58.0
12:57:23.678,1.0036,1.4458,CAUTION,79,57.0
12:57:23.799,1.0177,1.4458,CAUTION,79,58.0
12:57:23.927,1.0018,0.0,NORMAL,100,100.0
12:57:24.052,1.008,1.3556,CAUTION,80,58.0
12:57:24.178,1.0009,1.3556,CAUTION,80,58.0
12:57:24.300,1.0019,1.4458,CAUTION,79,57.0
12:57:24.423,1.0124,1.4458,CAUTION,79,59.0
12:57:24.541,1.0124,1.4458,CAUTION,79,58.0
12:57:24.656,1.0139,0.0,CAUTION,100,100.0
12:57:24.768,1.0105,0.0,CAUTION,100,100.0
12:57:24.876,1.0081,0.0,CAUTION,100,100.0
12:57:24.985,1.0071,0.0,NORMAL,100,100.0
12:57:25.104,1.006,1.3556,NORMAL,80,56.0
12:57:25.219,1.0199,1.3556,NORMAL,80,58.0
12:57:25.341,1.0073,1.3556,NORMAL,80,56.0
12:57:25.460,1.0095,1.3556,CAUTION,80,61.0
12:57:25.581,1.0031,1.3556,CAUTION,80,57.0
12:57:25.691,1.0079,1.3556,CAUTION,80,55.0
12:57:25.802,1.0161,1.3556,CAUTION,80,59.0
12:57:25.919,1.0117,0.0,CAUTION,100,100.0
12:57:26.034,1.0173,0.0,CAUTION,100,100.0
12:57:26.139,1.0145,0.0,CAUTION,100,100.0
12:57:26.253,1.0096,0.0,NORMAL,100,100.0
12:57:26.422,1.0141,0.0,NORMAL,100,100.0
12:57:26.531,1.0013,0.0,NORMAL,100,100.0
12:57:26.651,1.0074,0.0,NORMAL,100,100.0
12:57:26.765,1.0126,0.0,NORMAL,100,100.0
12:57:26.990,1.0021,0.0,NORMAL,100,100.0
12:57:27.137,1.0167,0.0,NORMAL,100,100.0
12:57:27.270,1.0162,0.0,NORMAL,100,100.0
12:57:27.383,1.0041,0.0,NORMAL,100,100.0
12:57:27.496,1.0016,0.0,NORMAL,100,100.0
12:57:27.622,1.0059,0.0,NORMAL,100,100.0
12:57:27.734,1.0099,0.0,NORMAL,100,100.0
12:57:27.846,1.0028,0.0,NORMAL,100,100.0
12:57:27.964,1.0123,0.0,NORMAL,100,100.0
12:57:28.084,1.0156,0.0,NORMAL,100,100.0
12:57:28.198,1.0129,0.0,NORMAL,100,100.0
12:57:28.328,1.0083,0.0,NORMAL,100,100.0
12:57:28.446,1.0035,0.0,NORMAL,100,100.0
12:57:28.563,1.0158,0.0,NORMAL,100,100.0
12:57:28.709,1.0082,0.0,NORMAL,100,100.0
12:57:28.826,1.0126,0.0,NORMAL,100,100.0
12:57:28.949,1.0054,0.0,NORMAL,100,100.0
12:57:29.075,1.0173,1.3625,NORMAL,80,58.0
12:57:29.188,1.0017,1.3625,NORMAL,80,57.0
12:57:29.322,1.0076,1.3625,NORMAL,80,58.0
12:57:29.453,1.0019,1.3625,CAUTION,80,57.0
12:57:29.580,1.0032,1.3625,CAUTION,80,56.0
12:57:29.705,1.0004,1.3625,CAUTION,80,57.0
12:57:29.851,1.017,1.3625,CAUTION,80,58.0
12:57:29.972,1.0004,1.3625,CAUTION,80,57.0
12:57:30.102,1.0052,1.3625,CAUTION,80,58.0
12:57:30.238,1.0138,1.3625,CAUTION,80,58.0
12:57:30.367,1.0094,0.0,CAUTION,100,100.0
12:57:30.498,1.0105,0.0,CAUTION,100,100.0
12:57:30.638,1.0204,0.0,CAUTION,100,100.0
12:57:30.780,1.0084,0.0,NORMAL,100,100.0
12:57:30.903,1.0086,0.0,NORMAL,100,100.0
12:57:31.026,1.0014,0.0,NORMAL,100,100.0
12:57:31.170,1.0016,0.0,NORMAL,100,100.0
12:57:31.304,1.0153,0.0,NORMAL,100,100.0
12:57:31.422,1.0101,0.0,NORMAL,100,100.0
12:57:31.541,1.0053,0.0,NORMAL,100,100.0
12:57:31.660,1.007,2.275,NORMAL,68,73.7
12:57:31.776,1.0082,0.0,NORMAL,100,100.0
12:57:31.919,1.016,0.0,NORMAL,100,100.0
12:57:32.039,1.0107,0.0,NORMAL,100,100.0
12:57:32.161,1.0082,2.275,NORMAL,68,74.7
12:57:32.303,1.0077,2.275,NORMAL,68,73.7
12:57:32.427,1.0146,2.275,CAUTION,68,74.7
12:57:32.576,1.005,2.275,CAUTION,68,74.7
12:57:32.719,1.0018,2.275,CAUTION,68,75.7
12:57:32.835,1.0079,2.275,CAUTION,68,72.7
12:57:32.955,1.0057,2.275,CAUTION,68,73.7
12:57:33.067,1.0119,2.275,CAUTION,68,74.7
12:57:33.193,1.0094,2.275,CAUTION,68,75.7
12:57:33.324,1.0104,2.275,CAUTION,68,76.7
12:57:33.504,1.0033,1.4979,CAUTION,78,57.0
12:57:33.627,1.0026,1.4979,CAUTION,78,57.0
12:57:33.776,1.0062,1.4979,CAUTION,78,56.0
12:57:33.919,1.0054,1.4979,CAUTION,78,56.0
12:57:34.039,1.0077,1.4979,CAUTION,78,56.0
12:57:34.163,1.007,1.4979,CAUTION,78,56.0
12:57:34.286,1.0027,1.4979,CAUTION,78,57.0
12:57:34.408,1.0178,1.4979,CAUTION,78,58.0
12:57:34.522,1.0148,1.4979,CAUTION,78,58.0
12:57:34.654,1.001,1.4979,CAUTION,78,60.0
12:57:34.785,1.0083,1.4979,CAUTION,78,57.0
12:57:34.915,1.0048,1.4979,CAUTION,78,56.0
12:57:35.029,1.0097,1.4979,CAUTION,78,57.0
12:57:35.149,1.0151,0.0,CAUTION,100,100.0
12:57:35.285,1.0038,0.0,CAUTION,100,100.0
12:57:35.415,1.0037,0.0,CAUTION,100,100.0
12:57:35.543,1.0077,0.0,NORMAL,100,100.0
12:57:35.684,1.0017,0.0,NORMAL,100,100.0
12:57:35.822,1.0077,0.0,NORMAL,100,100.0
12:57:35.936,1.0172,0.0,NORMAL,100,100.0
12:57:36.055,2.5423,0.0,NORMAL,32,48.0
12:57:36.169,1.2448,0.0,NORMAL,100,66.0
12:57:36.321,1.1991,0.0,NORMAL,100,86.0
12:57:36.449,1.1723,2.3,NORMAL,68,78.0
12:57:36.568,1.1354,2.3,NORMAL,68,83.0
12:57:36.686,1.1055,2.3,CAUTION,68,99.0
12:57:36.806,1.1088,0.0,CAUTION,100,71.0
12:57:36.935,1.0732,0.0,NORMAL,100,63.0
12:57:37.064,1.0677,0.0,NORMAL,100,59.0
12:57:37.174,1.0498,0.0,NORMAL,100,50.0
12:57:37.296,1.059,0.0,NORMAL,100,54.0
12:57:37.422,1.0463,0.0,NORMAL,100,75.0
12:57:37.534,1.0359,0.0,NORMAL,100,81.0
12:57:37.658,1.02,2.3,NORMAL,68,82.0
12:57:37.788,1.0314,2.3,NORMAL,68,80.0
12:57:37.914,1.0248,2.3,NORMAL,68,80.0
12:57:38.047,1.0399,2.3,CAUTION,68,80.0
12:57:38.171,1.0211,2.3,CAUTION,68,80.0
12:57:38.289,1.0128,2.3,CAUTION,68,80.0
12:57:38.437,1.0045,2.3,CAUTION,68,78.0
12:57:38.557,1.0215,2.3,CAUTION,68,76.0
12:57:38.681,1.0199,2.3,CAUTION,68,77.0
12:57:38.817,1.0055,2.3,CAUTION,68,77.0
12:57:38.944,1.0142,0.0,CAUTION,100,100.0
12:57:39.065,1.0171,0.0,CAUTION,100,100.0
12:57:39.184,1.0122,0.0,CAUTION,100,100.0
12:57:39.313,1.0154,0.0,NORMAL,100,100.0
12:57:39.443,1.0088,0.0,NORMAL,100,100.0
12:57:39.581,1.0123,0.0,NORMAL,100,100.0
12:57:39.699,1.0068,0.0,NORMAL,100,100.0
12:57:39.812,1.0168,0.0,NORMAL,100,100.0
12:57:39.920,1.0016,0.0,NORMAL,100,100.0
12:57:40.036,1.0089,0.0,NORMAL,100,100.0
12:57:40.155,1.0178,0.0,NORMAL,100,100.0
12:57:40.279,1.0157,0.0,NORMAL,100,100.0
12:57:40.395,1.0103,0.0,NORMAL,100,100.0
12:57:40.533,1.0149,1.3461,NORMAL,80,60.0
12:57:40.644,1.0103,1.3461,NORMAL,80,58.0
12:57:40.767,1.008,1.3461,NORMAL,80,57.0
12:57:40.941,1.0013,1.3461,CAUTION,80,57.0
12:57:41.066,1.0093,1.3461,CAUTION,80,58.0
12:57:41.192,1.0053,1.3461,CAUTION,80,57.0
12:57:41.318,1.0147,1.3461,CAUTION,80,58.0
12:57:41.456,1.0194,1.3461,CAUTION,80,59.0
12:57:41.573,1.0,1.3461,CAUTION,80,58.0
12:57:41.706,1.0132,1.3461,CAUTION,80,61.0
12:57:41.822,1.0018,1.3461,CAUTION,80,57.0
12:57:41.944,1.0048,1.3461,CAUTION,80,56.0
12:57:42.070,1.0003,1.3461,CAUTION,80,57.0
12:57:42.197,1.0049,1.3461,CAUTION,80,56.0
12:57:42.325,1.0074,1.3461,CAUTION,80,56.0
12:57:42.451,1.0028,4.1357,CAUTION,49,57.0
12:57:42.568,1.0087,4.1357,CAUTION,49,56.0
12:57:42.693,1.0166,4.1357,CAUTION,49,60.0
12:57:42.820,1.007,4.1357,HAZARD,49,57.0
12:57:42.946,1.0064,4.1357,HAZARD,49,59.0
12:57:43.060,1.0112,4.1357,HAZARD,49,57.0
12:57:43.186,1.0022,4.1357,HAZARD,49,58.0
12:57:43.307,1.0177,4.1357,HAZARD,49,58.0
12:57:43.426,1.0102,4.1357,HAZARD,49,59.0
12:57:43.548,1.0058,4.1357,HAZARD,49,59.0
12:57:43.667,1.0086,4.1357,HAZARD,49,57.0
12:57:43.798,1.0167,4.1357,HAZARD,49,59.0
12:57:43.940,1.0058,4.1357,HAZARD,49,56.0
12:57:44.075,1.0121,2.1667,HAZARD,76,60.0
12:57:44.211,1.0005,2.1667,HAZARD,76,57.0
12:57:44.363,1.0067,0.0,HAZARD,100,100.0
12:57:44.489,1.0058,0.0,HAZARD,100,100.0
12:57:44.612,1.0013,0.0,NORMAL,100,100.0
12:57:44.742,1.0023,0.0,NORMAL,100,100.0
12:57:44.860,1.0129,0.0,NORMAL,100,100.0
12:57:44.982,1.0123,0.0,NORMAL,100,100.0
12:57:45.101,1.0122,0.0,NORMAL,100,100.0
12:57:45.228,1.0047,0.0,NORMAL,100,100.0
12:57:45.342,1.007,0.0,NORMAL,100,100.0
12:57:45.466,1.0031,0.0,NORMAL,100,100.0
12:57:45.610,1.0051,0.0,NORMAL,100,100.0
12:57:45.754,1.0034,0.0,NORMAL,100,100.0
12:57:45.872,1.021,0.0,NORMAL,100,100.0
12:57:45.993,1.0092,0.0,NORMAL,100,100.0
12:57:46.105,1.0015,0.0,NORMAL,100,100.0
12:57:46.219,1.0003,0.0,NORMAL,100,100.0
12:57:46.359,1.0158,0.0,NORMAL,100,100.0
12:57:46.480,1.0025,0.0,NORMAL,100,100.0
12:57:46.602,1.0089,0.0,NORMAL,100,100.0
12:57:46.720,1.0068,0.0,NORMAL,100,100.0
12:57:46.843,1.0009,0.0,NORMAL,100,100.0
12:57:46.968,1.0002,0.0,NORMAL,100,100.0
12:57:47.078,1.0092,0.0,NORMAL,100,100.0
12:57:47.194,1.006,0.0,NORMAL,100,100.0
12:57:47.315,1.0014,0.0,NORMAL,100,100.0
12:57:47.443,1.004,0.0,NORMAL,100,100.0
12:57:47.560,1.0018,0.0,NORMAL,100,100.0
12:57:47.681,1.018,0.0,NORMAL,100,100.0
12:57:47.816,1.0104,0.0,NORMAL,100,100.0
12:57:47.945,1.0094,0.0,NORMAL,100,100.0
12:57:48.066,1.0008,0.0,NORMAL,100,100.0
12:57:48.194,1.0148,0.0,NORMAL,100,100.0
12:57:48.318,1.009,0.0,NORMAL,100,100.0
12:57:48.433,1.0143,0.0,NORMAL,100,100.0
12:57:48.564,1.0064,0.0,NORMAL,100,100.0
12:57:48.684,1.0125,0.0,NORMAL,100,100.0
12:57:48.802,1.0012,0.0,NORMAL,100,100.0
12:57:48.926,1.0222,0.0,NORMAL,100,100.0
12:57:49.052,1.0085,0.0,NORMAL,100,100.0
12:57:49.180,1.0139,0.0,NORMAL,100,100.0
12:57:49.305,1.0064,0.0,NORMAL,100,100.0
12:57:49.455,1.0104,0.0,NORMAL,100,100.0
12:57:49.572,1.0075,0.0,NORMAL,100,100.0
12:57:49.680,1.0106,0.0,NORMAL,100,100.0
12:57:49.803,1.0066,0.0,NORMAL,100,100.0
12:57:49.915,1.0138,0.0,NORMAL,100,100.0
12:57:50.024,1.0122,0.0,NORMAL,100,100.0
12:57:50.134,1.0076,0.0,NORMAL,100,100.0
12:57:50.260,1.0036,0.0,NORMAL,100,100.0
12:57:50.383,1.0139,0.0,NORMAL,100,100.0
12:57:50.515,1.0044,0.0,NORMAL,100,100.0
12:57:50.656,1.0066,0.0,NORMAL,100,100.0
12:57:50.779,1.0034,0.0,NORMAL,100,100.0
12:57:50.894,1.0083,0.0,NORMAL,100,100.0
12:57:51.015,1.0061,0.0,NORMAL,100,100.0
12:57:51.148,1.0,0.0,NORMAL,100,100.0
12:57:51.260,1.006,0.0,NORMAL,100,100.0
12:57:51.412,1.0151,0.0,NORMAL,100,100.0
12:57:51.526,1.009,0.0,NORMAL,100,100.0
12:57:51.643,1.0032,0.0,NORMAL,100,100.0
12:57:51.759,1.0089,0.0,NORMAL,100,100.0
12:57:51.884,1.002,0.0,NORMAL,100,100.0
12:57:52.005,1.0088,0.0,NORMAL,100,100.0
12:57:52.129,1.0082,0.0,NORMAL,100,100.0
12:57:52.250,1.0174,0.0,NORMAL,100,100.0
12:57:52.372,1.0089,0.0,NORMAL,100,100.0
12:57:52.516,1.0046,0.0,NORMAL,100,100.0
12:57:52.630,1.0155,0.0,NORMAL,100,100.0
12:57:52.749,1.0014,0.0,NORMAL,100,100.0
12:57:52.868,1.0083,0.0,NORMAL,100,100.0
12:57:52.996,1.0007,0.0,NORMAL,100,100.0
12:57:53.125,1.0057,0.0,NORMAL,100,100.0
12:57:53.252,1.0124,0.0,NORMAL,100,100.0
12:57:53.379,1.0123,0.0,NORMAL,100,100.0
12:57:53.502,1.0029,0.0,NORMAL,100,100.0
12:57:53.624,1.0009,1.675,NORMAL,76,57.0
12:57:53.749,1.0039,1.675,NORMAL,76,56.0
12:57:53.877,1.0133,1.675,NORMAL,76,58.0
12:57:53.998,1.0135,1.675,CAUTION,76,58.0
12:57:54.131,1.0024,1.675,CAUTION,76,57.0
12:57:54.265,1.0017,1.675,CAUTION,76,57.0
12:57:54.395,1.0044,1.675,CAUTION,76,56.0
12:57:54.516,1.0039,1.675,CAUTION,76,56.0
12:57:54.642,1.0064,1.675,CAUTION,76,56.0
12:57:54.787,1.0121,1.675,CAUTION,76,57.0
12:57:54.923,1.0006,1.675,CAUTION,76,57.0
12:57:55.053,1.0105,1.675,CAUTION,76,58.0
12:57:55.204,1.0085,0.0,CAUTION,100,100.0
12:57:55.336,1.0076,0.0,CAUTION,100,100.0
12:57:55.468,1.0165,0.0,CAUTION,100,100.0
12:57:55.588,1.012,0.0,NORMAL,100,100.0
12:57:55.700,1.007,0.0,NORMAL,100,100.0
12:57:55.829,1.0088,0.0,NORMAL,100,100.0
12:57:55.948,1.0046,0.0,NORMAL,100,100.0
12:57:56.082,1.0085,0.0,NORMAL,100,100.0
12:57:56.216,1.0036,0.0,NORMAL,100,100.0
12:57:56.347,1.0015,0.0,NORMAL,100,100.0
12:57:56.472,1.0034,0.0,NORMAL,100,100.0
12:57:56.595,1.0055,0.0,NORMAL,100,100.0
12:57:56.722,1.0049,0.0,NORMAL,100,100.0
12:57:56.842,1.0037,0.0,NORMAL,100,100.0
12:57:56.960,1.0039,0.0,NORMAL,100,100.0
12:57:57.071,1.0021,0.0,NORMAL,100,100.0
12:57:57.200,1.0092,0.0,NORMAL,100,100.0
12:57:57.317,1.0045,0.0,NORMAL,100,100.0
12:57:57.442,1.0128,0.0,NORMAL,100,100.0
12:57:57.559,1.0012,0.0,NORMAL,100,100.0
12:57:57.681,1.0059,0.0,NORMAL,100,100.0
12:57:57.815,1.0168,0.0,NORMAL,100,100.0
12:57:57.942,1.0116,0.0,NORMAL,100,100.0
12:57:58.066,1.009,0.0,NORMAL,100,100.0
12:57:58.195,1.0145,0.0,NORMAL,100,100.0
12:57:58.308,1.0203,0.0,NORMAL,100,100.0
12:57:58.433,1.0099,0.0,NORMAL,100,100.0
12:57:58.558,1.0188,0.0,NORMAL,100,100.0
12:57:58.677,1.0151,0.0,NORMAL,100,100.0
12:57:58.808,1.0144,0.0,NORMAL,100,100.0
12:57:58.936,1.0027,0.0,NORMAL,100,100.0
12:57:59.060,1.0017,0.0,NORMAL,100,100.0
12:57:59.178,1.0082,0.0,NORMAL,100,100.0
12:57:59.297,1.0029,0.0,NORMAL,100,100.0
12:57:59.425,1.001,0.0,NORMAL,100,100.0
12:57:59.549,1.0109,0.0,NORMAL,100,100.0
12:57:59.668,1.012,0.0,NORMAL,100,100.0
12:57:59.794,1.001,0.0,NORMAL,100,100.0
12:57:59.913,1.0133,0.0,NORMAL,100,100.0
12:58:00.043,1.0224,0.0,NORMAL,100,100.0
12:58:00.156,1.0151,0.0,NORMAL,100,100.0
12:58:00.297,1.0016,0.0,NORMAL,100,100.0
12:58:00.415,1.0122,0.0,NORMAL,100,100.0
12:58:00.526,1.0111,0.0,NORMAL,100,100.0
12:58:00.648,1.0008,0.0,NORMAL,100,100.0
12:58:00.770,1.0009,0.0,NORMAL,100,100.0
12:58:00.891,1.0077,0.0,NORMAL,100,100.0
12:58:01.004,1.017,0.0,NORMAL,100,100.0
12:58:01.130,1.0066,0.0,NORMAL,100,100.0
12:58:01.245,1.0099,0.0,NORMAL,100,100.0
12:58:01.374,1.004,0.0,NORMAL,100,100.0
12:58:01.496,1.0154,0.0,NORMAL,100,100.0
12:58:01.609,1.0114,0.0,NORMAL,100,100.0
12:58:01.734,1.0047,0.0,NORMAL,100,100.0
12:58:01.866,1.0189,0.0,NORMAL,100,100.0
12:58:01.986,1.0092,0.0,NORMAL,100,100.0
12:58:02.106,1.0096,3.0,NORMAL,68,80.0
12:58:02.230,1.013,0.0,NORMAL,100,100.0
12:58:02.353,1.0213,0.0,NORMAL,100,100.0
12:58:02.490,1.0045,0.0,NORMAL,100,100.0
12:58:02.597,1.016,3.0,NORMAL,68,79.0
12:58:02.727,1.0128,3.0,NORMAL,68,76.0
12:58:02.866,1.0099,3.0,CAUTION,68,77.0
12:58:02.987,1.0128,3.0,CAUTION,68,78.0
12:58:03.110,1.0128,3.0,CAUTION,68,76.0
12:58:03.291,1.4125,3.0,CAUTION,68,74.0
12:58:03.407,1.0672,0.0,CAUTION,100,69.0
12:58:03.551,1.0632,3.0,CAUTION,68,99.0
12:58:03.666,1.0276,3.0,CAUTION,68,99.0
12:58:03.791,1.0463,3.0,CAUTION,68,99.0
12:58:03.913,1.0256,0.0,CAUTION,100,100.0
12:58:04.038,1.0397,2.0159,CAUTION,72,78.6
12:58:04.164,1.0171,0.0,CAUTION,100,99.0
12:58:04.284,1.0215,0.0,CAUTION,100,100.0
12:58:04.410,1.0095,2.0159,CAUTION,72,75.6
12:58:04.529,1.0134,0.0,NORMAL,100,100.0
12:58:04.653,1.0144,2.0159,NORMAL,72,72.6
12:58:04.783,1.0043,2.0159,CAUTION,72,70.6
12:58:04.911,1.0169,0.0,NORMAL,100,100.0
12:58:05.030,1.0026,0.0,NORMAL,100,100.0
12:58:05.151,1.0189,0.0,NORMAL,100,100.0
12:58:05.268,1.001,0.0,NORMAL,100,100.0
12:58:05.389,1.0065,0.0,NORMAL,100,100.0
12:58:05.507,1.0196,0.0,NORMAL,100,100.0
12:58:05.634,1.0049,1.775,NORMAL,74,67.7
12:58:05.757,1.0104,0.0,NORMAL,100,100.0
12:58:05.879,1.0097,1.775,NORMAL,74,69.7
12:58:06.008,1.006,1.775,NORMAL,74,68.7
12:58:06.128,1.0169,0.0,NORMAL,100,100.0
12:58:06.255,1.0011,0.0,NORMAL,100,100.0
12:58:06.379,1.0015,0.0,NORMAL,100,100.0
12:58:06.507,1.0113,0.0,NORMAL,100,100.0
12:58:06.626,1.0048,0.0,NORMAL,100,100.0
12:58:06.748,1.0142,0.0,NORMAL,100,100.0
12:58:06.860,1.0176,0.0,NORMAL,100,100.0
12:58:06.986,1.0028,0.0,NORMAL,100,100.0
12:58:07.115,1.012,0.0,NORMAL,100,100.0
12:58:07.233,1.0035,0.0,NORMAL,100,100.0
12:58:07.366,1.0138,0.0,NORMAL,100,100.0
12:58:07.490,1.0142,0.0,NORMAL,100,100.0
12:58:07.613,1.019,0.0,NORMAL,100,100.0
12:58:07.735,1.0017,0.0,NORMAL,100,100.0
12:58:07.850,1.0069,0.0,NORMAL,100,100.0
12:58:07.969,1.012,0.0,NORMAL,100,100.0
12:58:08.090,1.0084,0.0,NORMAL,100,100.0
12:58:08.209,1.002,0.0,NORMAL,100,100.0
12:58:08.327,1.0083,0.0,NORMAL,100,100.0
12:58:08.443,1.0053,0.0,NORMAL,100,100.0
12:58:08.576,1.0025,0.0,NORMAL,100,100.0
12:58:08.696,1.0031,0.0,NORMAL,100,100.0
12:58:08.813,1.0067,0.0,NORMAL,100,100.0
12:58:08.957,1.0046,0.0,NORMAL,100,100.0
12:58:09.077,1.0122,0.0,NORMAL,100,100.0
12:58:09.199,1.0114,0.0,NORMAL,100,100.0
12:58:09.325,1.0024,0.0,NORMAL,100,100.0
12:58:09.451,1.0046,0.0,NORMAL,100,100.0
12:58:09.560,1.0065,2.3,NORMAL,68,74.0
12:58:09.683,1.008,0.0,NORMAL,100,100.0
12:58:09.809,1.0133,0.0,NORMAL,100,100.0
12:58:09.929,1.0128,0.0,NORMAL,100,100.0
12:58:10.053,1.0157,0.0,NORMAL,100,100.0
12:58:10.163,1.0077,0.0,NORMAL,100,100.0
12:58:10.275,1.0115,0.0,NORMAL,100,100.0
12:58:10.395,1.0131,0.0,NORMAL,100,100.0
12:58:10.523,1.0023,0.0,NORMAL,100,100.0
12:58:10.645,1.0063,0.0,NORMAL,100,100.0
12:58:10.798,1.0068,0.0,NORMAL,100,100.0
12:58:10.922,1.0045,0.0,NORMAL,100,100.0
12:58:11.046,1.0129,0.0,NORMAL,100,100.0
12:58:11.172,1.0087,0.0,NORMAL,100,100.0
12:58:11.284,1.0159,0.0,NORMAL,100,100.0
12:58:11.399,1.0089,0.0,NORMAL,100,100.0
12:58:11.523,1.0091,4.4777,NORMAL,44,73.3
12:58:11.649,1.0161,4.4777,NORMAL,44,72.3
12:58:11.776,1.0093,4.4777,NORMAL,44,71.3
12:58:11.905,1.0175,4.4777,HAZARD,44,76.3
12:58:12.038,1.0158,4.4777,HAZARD,44,72.3
12:58:12.172,1.0047,4.4777,HAZARD,44,72.3
12:58:12.302,1.0082,4.4777,HAZARD,44,70.3
12:58:12.425,1.0086,4.4777,HAZARD,44,70.3
12:58:12.556,1.0055,4.4777,HAZARD,44,69.3
12:58:12.683,1.0074,4.4777,HAZARD,44,69.3
12:58:12.812,1.0042,4.4777,HAZARD,44,69.3
12:58:12.938,1.0005,4.4777,HAZARD,44,70.3
12:58:13.065,1.0106,4.4777,HAZARD,44,71.3
12:58:13.199,1.02,4.4777,HAZARD,44,73.3
12:58:13.320,1.0107,4.4777,HAZARD,44,72.3
12:58:13.447,1.0037,0.0,HAZARD,100,100.0
12:58:13.566,1.0137,0.0,HAZARD,100,100.0
12:58:13.698,1.014,0.0,HAZARD,100,100.0
12:58:13.825,1.0036,0.0,NORMAL,100,100.0
12:58:13.942,1.014,0.0,NORMAL,100,100.0
12:58:14.049,1.0013,0.0,NORMAL,100,100.0
12:58:14.172,1.0126,0.0,NORMAL,100,100.0
12:58:14.283,1.0077,0.0,NORMAL,100,100.0
12:58:14.407,1.0036,0.0,NORMAL,100,100.0
12:58:14.526,1.0056,0.0,NORMAL,100,100.0
12:58:14.644,1.0086,0.0,NORMAL,100,100.0
12:58:14.769,1.0047,0.0,NORMAL,100,100.0
12:58:14.886,1.0097,0.0,NORMAL,100,100.0
12:58:15.032,1.0075,0.0,NORMAL,100,100.0
12:58:15.150,1.0157,0.0,NORMAL,100,100.0
12:58:15.273,1.007,0.0,NORMAL,100,100.0
12:58:15.396,1.0092,0.0,NORMAL,100,100.0
12:58:15.534,1.0103,0.0,NORMAL,100,100.0
12:58:15.655,1.0125,0.0,NORMAL,100,100.0
12:58:15.780,1.0038,0.0,NORMAL,100,100.0
12:58:15.897,1.0066,0.0,NORMAL,100,100.0
12:58:16.018,1.011,0.0,NORMAL,100,100.0
12:58:16.135,1.0046,0.0,NORMAL,100,100.0
12:58:16.255,1.0142,0.0,NORMAL,100,100.0
12:58:16.368,1.0022,0.0,NORMAL,100,100.0
12:58:16.497,1.007,0.0,NORMAL,100,100.0
12:58:16.625,1.0155,0.0,NORMAL,100,100.0
12:58:16.738,1.0027,0.0,NORMAL,100,100.0
12:58:16.865,1.0,0.0,NORMAL,100,100.0
12:58:16.984,1.005,0.0,NORMAL,100,100.0
12:58:17.098,1.0145,0.0,NORMAL,100,100.0
12:58:17.224,1.0158,0.0,NORMAL,100,100.0
12:58:17.348,1.0136,0.0,NORMAL,100,100.0
12:58:17.462,1.0001,0.0,NORMAL,100,100.0
12:58:17.581,1.0137,0.0,NORMAL,100,100.0
12:58:17.699,1.0048,0.0,NORMAL,100,100.0
12:58:17.848,1.0192,0.0,NORMAL,100,100.0
12:58:17.970,1.0103,0.0,NORMAL,100,100.0
12:58:18.101,1.0006,0.0,NORMAL,100,100.0
12:58:18.213,1.0106,0.0,NORMAL,100,100.0
12:58:18.339,1.0137,0.0,NORMAL,100,100.0
12:58:18.465,1.0008,0.0,NORMAL,100,100.0
12:58:18.581,1.0092,0.0,NORMAL,100,100.0
12:58:18.698,1.0116,0.0,NORMAL,100,100.0
12:58:18.832,1.012,0.0,NORMAL,100,100.0
12:58:18.956,1.0035,0.0,NORMAL,100,100.0
12:58:19.079,1.0126,0.0,NORMAL,100,100.0
12:58:19.197,1.0156,0.0,NORMAL,100,100.0
12:58:19.347,1.0069,0.0,NORMAL,100,100.0
12:58:19.457,1.0019,0.0,NORMAL,100,100.0
12:58:19.584,1.0078,0.0,NORMAL,100,100.0
12:58:19.704,1.0096,0.0,NORMAL,100,100.0
12:58:19.815,1.0134,0.0,NORMAL,100,100.0
12:58:19.945,1.0062,0.0,NORMAL,100,100.0
12:58:20.064,1.0115,0.0,NORMAL,100,100.0
12:58:20.183,1.0099,0.0,NORMAL,100,100.0
12:58:20.303,1.0014,0.0,NORMAL,100,100.0
12:58:20.431,1.0044,0.0,NORMAL,100,100.0
12:58:20.550,1.0139,0.0,NORMAL,100,100.0
12:58:20.676,1.005,0.0,NORMAL,100,100.0
12:58:20.801,1.0008,0.0,NORMAL,100,100.0
12:58:20.915,1.0009,0.0,NORMAL,100,100.0
12:58:21.027,1.0064,0.0,NORMAL,100,100.0
12:58:21.156,1.0052,0.0,NORMAL,100,100.0
12:58:21.272,1.0117,0.0,NORMAL,100,100.0
12:58:21.392,1.0086,0.0,NORMAL,100,100.0
12:58:21.519,1.0144,0.0,NORMAL,100,100.0
12:58:21.637,1.0087,0.0,NORMAL,100,100.0
12:58:21.745,1.0012,0.0,NORMAL,100,100.0
12:58:21.896,1.0131,0.0,NORMAL,100,100.0
12:58:22.009,1.0089,0.0,NORMAL,100,100.0
12:58:22.116,1.0176,0.0,NORMAL,100,100.0
12:58:22.236,1.0033,0.0,NORMAL,100,100.0
12:58:22.363,1.0081,0.0,NORMAL,100,100.0
12:58:22.487,1.0043,0.0,NORMAL,100,100.0
12:58:22.602,1.0074,0.0,NORMAL,100,100.0
12:58:22.713,1.0157,0.0,NORMAL,100,100.0
12:58:22.839,1.0142,0.0,NORMAL,100,100.0
12:58:22.965,1.0048,0.0,NORMAL,100,100.0
12:58:23.091,1.0,0.0,NORMAL,100,100.0
12:58:23.212,1.0033,0.0,NORMAL,100,100.0
12:58:23.336,1.0024,0.0,NORMAL,100,100.0
12:58:23.452,1.0053,0.0,NORMAL,100,100.0
12:58:23.576,1.0063,0.0,NORMAL,100,100.0
12:58:23.715,1.0138,0.0,NORMAL,100,100.0
12:58:23.837,1.0096,0.0,NORMAL,100,100.0
12:58:23.954,1.003,0.0,NORMAL,100,100.0
12:58:24.066,1.0111,0.0,NORMAL,100,100.0
12:58:24.189,1.0149,0.0,NORMAL,100,100.0
12:58:24.312,1.0053,0.0,NORMAL,100,100.0
12:58:24.435,1.0149,0.0,NORMAL,100,100.0
12:58:24.560,1.0141,0.0,NORMAL,100,100.0
12:58:24.669,1.0147,0.0,NORMAL,100,100.0
12:58:24.797,1.001,0.0,NORMAL,100,100.0
12:58:24.926,1.0169,0.0,NORMAL,100,100.0
12:58:25.048,1.0012,0.0,NORMAL,100,100.0
12:58:25.167,1.0105,0.0,NORMAL,100,100.0
12:58:25.289,1.0136,0.0,NORMAL,100,100.0
12:58:25.413,1.0129,0.0,NORMAL,100,100.0
12:58:25.544,1.0064,0.0,NORMAL,100,100.0
12:58:25.693,1.0091,0.0,NORMAL,100,100.0
12:58:25.818,1.0164,0.0,NORMAL,100,100.0
12:58:25.940,1.0031,0.0,NORMAL,100,100.0
12:58:26.053,1.0011,0.0,NORMAL,100,100.0
12:58:26.170,1.4187,0.0,NORMAL,100,78.0
12:58:26.292,1.0573,0.0,NORMAL,100,63.0
12:58:26.409,1.0535,0.0,NORMAL,100,62.0
12:58:26.534,1.0418,0.0,NORMAL,100,61.0
12:58:26.648,1.0191,0.0,NORMAL,100,80.0
12:58:26.765,1.0275,0.0,NORMAL,100,100.0
12:58:26.888,1.0191,0.0,NORMAL,100,100.0
12:58:27.011,1.0341,0.0,NORMAL,100,100.0
12:58:27.138,1.0121,0.0,NORMAL,100,99.0
12:58:27.257,1.0191,0.0,NORMAL,100,100.0
12:58:27.372,1.0233,0.0,NORMAL,100,100.0
12:58:27.497,1.029,0.0,NORMAL,100,100.0
12:58:27.615,1.0126,0.0,NORMAL,100,100.0
12:58:27.734,1.0215,0.0,NORMAL,100,100.0
12:58:27.849,1.0039,0.0,NORMAL,100,100.0
12:58:27.975,1.006,1.3066,NORMAL,80,59.0
12:58:28.099,1.0069,1.3066,NORMAL,80,56.0
12:58:28.227,1.0134,1.3066,NORMAL,80,57.0
12:58:28.355,1.0077,1.3066,CAUTION,80,56.0
12:58:28.480,1.0065,1.3066,CAUTION,80,56.0
12:58:28.611,1.0028,1.3066,CAUTION,80,57.0
12:58:28.744,1.0206,1.3066,CAUTION,80,58.0
12:58:28.867,1.0083,1.3066,CAUTION,80,57.0
12:58:28.998,1.0016,1.3066,CAUTION,80,60.0
12:58:29.130,1.0117,1.3066,CAUTION,80,59.0
12:58:29.260,1.0162,1.3066,CAUTION,80,60.0
12:58:29.384,1.0135,1.3066,CAUTION,80,58.0
12:58:29.504,1.0005,1.3066,CAUTION,80,60.0
12:58:29.629,1.0179,1.3066,CAUTION,80,58.0
12:58:29.735,1.0007,1.3066,CAUTION,80,57.0
12:58:29.863,1.0021,0.0,CAUTION,100,100.0
12:58:29.987,1.0016,0.0,CAUTION,100,100.0
12:58:30.103,1.0177,0.0,CAUTION,100,100.0
12:58:30.224,1.0122,0.0,NORMAL,100,100.0
12:58:30.349,1.0137,0.0,NORMAL,100,100.0
12:58:30.469,1.011,1.4711,NORMAL,78,58.0
12:58:30.598,1.005,1.4711,NORMAL,78,56.0
12:58:30.717,1.0178,1.4711,NORMAL,78,58.0
12:58:30.835,1.0006,1.4711,CAUTION,78,57.0
12:58:30.962,1.0018,1.4711,CAUTION,78,60.0
12:58:31.087,1.0077,1.4711,CAUTION,78,55.0
12:58:31.207,1.0176,1.4711,CAUTION,78,59.0
12:58:31.333,1.0055,1.4711,CAUTION,78,56.0
12:58:31.459,1.0085,1.4711,CAUTION,78,60.0
12:58:31.587,1.0112,1.4711,CAUTION,78,58.0
12:58:31.711,1.0111,1.4711,CAUTION,78,58.0
12:58:31.829,1.0142,1.4711,CAUTION,78,59.0
12:58:31.999,1.0167,1.4711,CAUTION,78,59.0
12:58:32.129,1.0054,1.4711,CAUTION,78,56.0
12:58:32.261,1.0091,1.4711,CAUTION,78,61.0
12:58:32.379,1.0023,0.0,CAUTION,100,100.0
12:58:32.499,1.0106,0.0,CAUTION,100,100.0
12:58:32.641,1.0028,0.0,CAUTION,100,100.0
12:58:32.764,1.0051,0.0,NORMAL,100,100.0
12:58:32.893,1.0124,0.0,NORMAL,100,100.0
12:58:33.004,1.0149,0.0,NORMAL,100,100.0
12:58:33.126,1.0006,0.0,NORMAL,100,100.0
12:58:33.256,1.002,0.0,NORMAL,100,100.0
12:58:33.372,1.0142,0.0,NORMAL,100,100.0
12:58:33.491,1.0049,0.0,NORMAL,100,100.0
12:58:33.613,1.0106,0.0,NORMAL,100,100.0
12:58:33.735,1.0094,0.0,NORMAL,100,100.0
12:58:33.844,1.0102,0.0,NORMAL,100,100.0
12:58:33.964,1.0072,0.0,NORMAL,100,100.0
12:58:34.081,1.0022,0.0,NORMAL,100,100.0
12:58:34.200,1.017,0.0,NORMAL,100,100.0
12:58:34.328,1.0163,0.0,NORMAL,100,100.0
12:58:34.441,1.0094,0.0,NORMAL,100,100.0
12:58:34.555,1.0177,0.0,NORMAL,100,100.0
12:58:34.668,1.0176,0.0,NORMAL,100,100.0
12:58:34.774,1.0088,0.0,NORMAL,100,100.0
12:58:34.896,1.012,0.0,NORMAL,100,100.0
12:58:35.008,1.0184,0.0,NORMAL,100,100.0
12:58:35.136,1.0127,0.0,NORMAL,100,100.0
12:58:35.260,1.0056,0.0,NORMAL,100,100.0
12:58:35.373,1.0049,0.0,NORMAL,100,100.0
12:58:35.491,1.0056,0.0,NORMAL,100,100.0
12:58:35.607,1.0115,0.0,NORMAL,100,100.0
12:58:35.731,1.0113,0.0,NORMAL,100,100.0
12:58:35.853,1.004,0.0,NORMAL,100,100.0
12:58:35.984,1.0043,0.0,NORMAL,100,100.0
12:58:36.107,1.0037,0.0,NORMAL,100,100.0
12:58:36.216,1.0108,0.0,NORMAL,100,100.0
12:58:36.335,1.0047,0.0,NORMAL,100,100.0
12:58:36.459,1.0013,0.0,NORMAL,100,100.0
12:58:36.582,1.0044,0.0,NORMAL,100,100.0
12:58:36.702,1.0122,0.0,NORMAL,100,100.0
12:58:36.836,1.0093,0.0,NORMAL,100,100.0
12:58:36.938,1.0031,0.0,NORMAL,100,100.0
12:58:37.065,1.0114,0.0,NORMAL,100,100.0
12:58:37.189,1.0142,0.0,NORMAL,100,99.0
12:58:37.310,1.0063,0.0,NORMAL,100,100.0
12:58:37.431,1.0182,0.0,NORMAL,100,100.0
12:58:37.543,1.0109,0.0,NORMAL,100,100.0
12:58:37.661,1.0143,0.0,NORMAL,100,100.0
12:58:37.787,1.013,0.0,NORMAL,100,100.0
12:58:37.898,1.0003,0.0,NORMAL,100,100.0
12:58:38.017,1.0036,0.0,NORMAL,100,100.0
12:58:38.131,1.0174,0.0,NORMAL,100,100.0
12:58:38.257,1.0178,0.0,NORMAL,100,100.0
12:58:38.375,2.6327,0.0,NORMAL,30,46.0
12:58:38.497,1.2512,0.0,NORMAL,100,66.0
12:58:38.613,1.2083,0.0,NORMAL,100,86.0
12:58:38.733,1.1601,0.0,NORMAL,100,98.0
12:58:38.862,1.1472,0.0,NORMAL,100,98.0
12:58:38.981,1.1338,0.0,NORMAL,100,88.0
12:58:39.095,1.1237,0.0,NORMAL,100,75.0
12:58:39.200,1.0803,0.0,NORMAL,100,70.0
12:58:39.320,1.0818,0.0,NORMAL,100,64.0
12:58:39.438,1.0531,0.0,NORMAL,100,40.0
12:58:39.557,1.0437,0.0,NORMAL,100,50.0
12:58:39.672,1.055,0.0,NORMAL,100,58.0
12:58:39.790,1.028,0.0,NORMAL,100,74.0
12:58:39.907,1.0274,0.0,NORMAL,100,81.0
12:58:40.012,1.0458,0.0,NORMAL,100,100.0
12:58:40.139,1.0232,0.0,NORMAL,100,99.0
12:58:40.267,1.0353,0.0,NORMAL,100,100.0
12:58:40.388,1.0264,0.0,NORMAL,100,100.0
12:58:40.546,1.0114,0.0,NORMAL,100,100.0
12:58:40.667,1.0125,0.0,NORMAL,100,100.0
12:58:40.786,1.0002,0.0,NORMAL,100,100.0
12:58:40.903,1.0213,0.0,NORMAL,100,100.0
12:58:41.019,1.01,0.0,NORMAL,100,100.0
12:58:41.144,1.0228,0.0,NORMAL,100,100.0
12:58:41.268,1.0142,0.0,NORMAL,100,100.0
12:58:41.418,1.0019,0.0,NORMAL,100,100.0
12:58:41.536,1.4466,0.0,NORMAL,100,77.0
12:58:41.650,1.056,0.0,NORMAL,100,63.0
12:58:41.764,1.0578,0.0,NORMAL,100,63.0
12:58:41.881,1.0495,0.0,NORMAL,100,61.0
12:58:42.009,1.0337,0.0,NORMAL,100,81.0
12:58:42.134,1.0266,0.0,NORMAL,100,100.0
12:58:42.243,1.0378,0.0,NORMAL,100,100.0
12:58:42.368,1.0212,0.0,NORMAL,100,100.0
12:58:42.477,1.0268,0.0,NORMAL,100,100.0
12:58:42.599,1.0331,0.0,NORMAL,100,100.0
12:58:42.720,1.0247,0.0,NORMAL,100,100.0
12:58:42.831,1.0009,0.0,NORMAL,100,99.0
12:58:42.945,1.0262,0.0,NORMAL,100,100.0
12:58:43.071,1.0044,0.0,NORMAL,100,99.0
12:58:43.189,1.0117,0.0,NORMAL,100,100.0
12:58:43.308,1.0042,0.0,NORMAL,100,100.0
12:58:43.428,1.0017,0.0,NORMAL,100,100.0
12:58:43.552,1.0071,0.0,NORMAL,100,100.0
12:58:43.681,1.0053,0.0,NORMAL,100,100.0
12:58:43.796,1.0045,0.0,NORMAL,100,100.0
12:58:43.909,1.0019,0.0,NORMAL,100,100.0
12:58:44.037,1.0022,0.0,NORMAL,100,100.0
12:58:44.161,1.0015,0.0,NORMAL,100,100.0
12:58:44.284,1.0242,0.0,NORMAL,100,100.0
12:58:44.401,1.0079,0.0,NORMAL,100,100.0
12:58:44.521,1.0145,0.0,NORMAL,100,100.0
12:58:44.630,1.0005,0.0,NORMAL,100,100.0
12:58:44.753,1.0133,0.0,NORMAL,100,100.0
12:58:44.860,1.0145,0.0,NORMAL,100,100.0
12:58:44.972,1.0089,0.0,NORMAL,100,100.0
12:58:45.086,1.0105,0.0,NORMAL,100,100.0
12:58:45.206,1.0065,0.0,NORMAL,100,100.0
12:58:45.337,1.0197,0.0,NORMAL,100,100.0
12:58:45.460,1.0031,0.0,NORMAL,100,100.0
12:58:45.573,1.0078,0.0,NORMAL,100,100.0
12:58:45.701,1.0051,0.0,NORMAL,100,100.0
12:58:45.826,1.0046,0.0,NORMAL,100,100.0
12:58:45.940,1.0154,0.0,NORMAL,100,100.0
12:58:46.059,1.0009,0.0,NORMAL,100,100.0
12:58:46.174,1.0113,0.0,NORMAL,100,100.0
12:58:46.297,1.0126,0.0,NORMAL,100,100.0
12:58:46.406,1.0149,0.0,NORMAL,100,100.0
12:58:46.529,1.0104,0.0,NORMAL,100,100.0
12:58:46.645,1.0122,0.0,NORMAL,100,100.0
12:58:46.756,1.0062,0.0,NORMAL,100,100.0
12:58:46.865,1.0034,0.0,NORMAL,100,100.0
12:58:46.988,1.0133,0.0,NORMAL,100,100.0
12:58:47.113,1.0169,0.0,NORMAL,100,100.0
12:58:47.220,1.0142,0.0,NORMAL,100,100.0
12:58:47.347,1.0135,0.0,NORMAL,100,100.0
12:58:47.471,1.0042,0.0,NORMAL,100,100.0
12:58:47.602,1.0021,0.0,NORMAL,100,100.0
12:58:47.708,1.0012,0.0,NORMAL,100,100.0
12:58:47.828,1.002,0.0,NORMAL,100,100.0
12:58:47.947,1.0192,0.0,NORMAL,100,100.0
12:58:48.064,1.0003,0.0,NORMAL,100,100.0
12:58:48.184,1.012,0.0,NORMAL,100,100.0
12:58:48.306,1.0077,0.0,NORMAL,100,100.0
12:58:48.430,1.0074,0.0,NORMAL,100,100.0
12:58:48.555,1.0102,0.0,NORMAL,100,100.0
12:58:48.677,1.0101,0.0,NORMAL,100,100.0
12:58:48.821,1.0159,0.0,NORMAL,100,100.0
12:58:48.950,1.0097,0.0,NORMAL,100,100.0
12:58:49.067,1.0052,0.0,NORMAL,100,100.0
12:58:49.186,1.0144,0.0,NORMAL,100,100.0
12:58:49.305,1.0138,0.0,NORMAL,100,100.0
12:58:49.428,1.0033,0.0,NORMAL,100,100.0
12:58:49.553,1.0109,0.0,NORMAL,100,100.0
12:58:49.673,1.0133,0.0,NORMAL,100,100.0
12:58:49.794,1.0198,0.0,NORMAL,100,100.0
12:58:49.918,1.0125,0.0,NORMAL,100,100.0
12:58:50.044,1.0089,0.0,NORMAL,100,100.0
12:58:50.170,1.0022,0.0,NORMAL,100,100.0
12:58:50.294,1.0175,0.0,NORMAL,100,100.0
12:58:50.416,1.0112,0.0,NORMAL,100,100.0
12:58:50.535,1.0109,0.0,NORMAL,100,100.0
12:58:50.654,1.0064,0.0,NORMAL,100,100.0
12:58:50.783,1.0159,0.0,NORMAL,100,100.0
12:58:50.920,1.0095,0.0,NORMAL,100,100.0
12:58:51.061,1.0086,0.0,NORMAL,100,100.0
12:58:51.180,1.0066,0.0,NORMAL,100,100.0
12:58:51.295,1.0142,0.0,NORMAL,100,100.0
12:58:51.420,1.0108,0.0,NORMAL,100,100.0
12:58:51.551,1.001,0.0,NORMAL,100,100.0
12:58:51.680,1.0109,0.0,NORMAL,100,100.0
12:58:51.801,1.0171,0.0,NORMAL,100,100.0
12:58:51.941,2.5735,0.0,NORMAL,31,47.0
12:58:52.065,1.2429,1.4719,NORMAL,78,79.0
12:58:52.192,1.1914,1.4719,NORMAL,78,67.0
12:58:52.310,1.1718,1.4719,CAUTION,78,60.0
12:58:52.431,1.1386,1.4719,CAUTION,78,65.0
12:58:52.553,1.1147,1.4719,CAUTION,78,81.0
12:58:52.678,1.1016,1.4719,CAUTION,78,89.0
12:58:52.790,1.0955,1.4719,CAUTION,78,90.0
12:58:52.913,1.0692,1.4719,CAUTION,78,91.0
12:58:53.027,1.0814,1.4719,CAUTION,78,90.0
12:58:53.150,1.0676,1.4719,CAUTION,78,91.0
12:58:53.269,1.0604,1.4719,CAUTION,78,91.0
12:58:53.391,1.0377,1.4719,CAUTION,78,94.0
12:58:53.511,1.0156,1.4719,CAUTION,78,78.0
12:58:53.644,1.023,1.4719,CAUTION,78,62.0
12:58:53.764,1.0393,1.4719,CAUTION,78,60.0
12:58:53.891,1.0173,0.0,CAUTION,100,99.0
12:58:54.022,1.0013,0.0,CAUTION,100,100.0
12:58:54.145,1.0048,0.0,CAUTION,100,100.0
12:58:54.263,1.0069,0.0,NORMAL,100,100.0
12:58:54.384,1.0106,0.0,NORMAL,100,100.0
12:58:54.508,1.0145,0.0,NORMAL,100,100.0
12:58:54.629,1.0072,0.0,NORMAL,100,100.0
12:58:54.739,1.0072,0.0,NORMAL,100,100.0
12:58:54.848,1.0222,0.0,NORMAL,100,100.0
12:58:54.968,1.0109,4.0829,NORMAL,50,58.0
12:58:55.098,1.0117,4.0829,NORMAL,50,61.0
12:58:55.216,1.0106,4.0829,NORMAL,50,58.0
12:58:55.345,1.0107,4.0829,HAZARD,50,58.0
12:58:55.467,1.0129,0.0,HAZARD,100,100.0
12:58:55.594,1.0019,0.0,HAZARD,100,100.0
12:58:55.729,1.0046,0.0,HAZARD,100,100.0
12:58:55.857,1.0079,0.0,NORMAL,100,100.0
12:58:55.987,1.0114,0.0,NORMAL,100,100.0
12:58:56.142,1.0095,0.0,NORMAL,100,100.0
12:58:56.266,1.0085,0.0,NORMAL,100,100.0
12:58:56.383,1.0077,0.0,NORMAL,100,100.0
12:58:56.502,1.007,0.0,NORMAL,100,100.0
12:58:56.625,1.0024,0.0,NORMAL,100,100.0
12:58:56.749,1.0067,0.0,NORMAL,100,100.0
12:58:56.874,1.0004,0.0,NORMAL,100,100.0
12:58:56.997,1.0004,0.0,NORMAL,100,100.0
12:58:57.108,1.0051,0.0,NORMAL,100,100.0
12:58:57.238,1.0096,0.0,NORMAL,100,100.0
12:58:57.358,1.0038,0.0,NORMAL,100,100.0
12:58:57.477,1.016,0.0,NORMAL,100,100.0
12:58:57.595,1.0076,0.0,NORMAL,100,100.0
12:58:57.711,1.0101,0.0,NORMAL,100,100.0
12:58:57.833,1.0077,0.0,NORMAL,100,100.0
12:58:57.957,1.0018,0.0,NORMAL,100,100.0
12:58:58.080,1.0104,0.0,NORMAL,100,100.0
12:58:58.200,1.4635,0.0,NORMAL,100,81.0
12:58:58.329,1.0715,0.0,NORMAL,100,66.0
12:58:58.437,1.046,0.0,NORMAL,100,51.0
12:58:58.561,1.4174,0.0,NORMAL,100,70.0
12:58:58.690,1.1256,0.0,NORMAL,100,73.0
12:58:58.801,1.1147,0.0,NORMAL,100,76.0
12:58:58.913,1.08,0.0,NORMAL,100,68.0
12:58:59.028,1.062,0.0,NORMAL,100,59.0
12:58:59.151,1.0498,0.0,NORMAL,100,50.0
12:58:59.276,1.0401,0.0,NORMAL,100,74.0
12:58:59.393,1.0485,0.0,NORMAL,100,100.0
12:58:59.515,1.0466,0.0,NORMAL,100,100.0
12:58:59.628,1.0217,0.0,NORMAL,100,99.0
12:58:59.751,1.0217,0.0,NORMAL,100,100.0
12:58:59.864,1.0151,0.0,NORMAL,100,100.0
12:58:59.979,1.0335,0.0,NORMAL,100,100.0
12:59:00.111,1.0298,0.0,NORMAL,100,100.0
12:59:00.237,1.0204,0.0,NORMAL,100,100.0
12:59:00.361,1.0001,0.0,NORMAL,100,100.0
12:59:00.483,1.0273,0.0,NORMAL,100,100.0
12:59:00.602,1.0168,0.0,NORMAL,100,100.0
12:59:00.726,1.0191,0.0,NORMAL,100,100.0
12:59:00.834,1.0072,0.0,NORMAL,100,100.0
12:59:00.950,1.0159,0.0,NORMAL,100,100.0
12:59:01.079,1.005,0.0,NORMAL,100,100.0
12:59:01.199,1.0051,0.0,NORMAL,100,100.0
12:59:01.312,1.0111,0.0,NORMAL,100,100.0
12:59:01.430,1.0128,0.0,NORMAL,100,100.0
12:59:01.550,1.0072,0.0,NORMAL,100,100.0
12:59:01.674,1.0068,0.0,NORMAL,100,100.0
12:59:01.791,1.0008,0.0,NORMAL,100,100.0
12:59:01.905,1.0178,0.0,NORMAL,100,100.0
12:59:02.033,1.0027,0.0,NORMAL,100,100.0
12:59:02.149,1.4906,0.0,NORMAL,100,75.0
12:59:02.266,1.07,0.0,NORMAL,100,64.0
12:59:02.404,1.0701,0.0,NORMAL,100,65.0
12:59:02.528,1.0421,0.0,NORMAL,100,49.0
12:59:02.639,1.0372,0.0,NORMAL,100,68.0
12:59:02.766,1.0365,0.0,NORMAL,100,100.0
12:59:02.885,1.0387,0.0,NORMAL,100,100.0
12:59:03.001,1.0266,0.0,NORMAL,100,100.0
12:59:03.120,1.0413,0.0,NORMAL,100,100.0
12:59:03.248,1.0029,0.0,NORMAL,100,99.0
12:59:03.363,1.0072,0.0,NORMAL,100,100.0
12:59:03.484,1.0354,0.0,NORMAL,100,100.0
12:59:03.610,1.0277,0.0,NORMAL,100,100.0
12:59:03.732,1.0238,0.0,NORMAL,100,100.0
12:59:03.856,1.0168,0.0,NORMAL,100,100.0
12:59:03.978,1.0003,0.0,NORMAL,100,100.0
12:59:04.100,1.0016,0.0,NORMAL,100,100.0
12:59:04.213,1.0129,0.0,NORMAL,100,100.0
12:59:04.333,1.0157,0.0,NORMAL,100,100.0
12:59:04.458,1.0045,0.0,NORMAL,100,100.0
12:59:04.578,1.0084,0.0,NORMAL,100,100.0
12:59:04.693,1.005,0.0,NORMAL,100,100.0
12:59:04.825,1.0127,0.0,NORMAL,100,100.0
12:59:04.976,1.0063,0.0,NORMAL,100,100.0
12:59:05.100,1.0177,0.0,NORMAL,100,100.0
12:59:05.222,1.003,0.0,NORMAL,100,100.0
12:59:05.338,1.0022,0.0,NORMAL,100,100.0
12:59:05.453,1.0069,0.0,NORMAL,100,100.0
12:59:05.580,1.0038,0.0,NORMAL,100,100.0
12:59:05.703,1.0156,0.0,NORMAL,100,100.0
12:59:05.830,1.0017,0.0,NORMAL,100,100.0
12:59:05.942,1.0135,0.0,NORMAL,100,100.0
12:59:06.060,1.0132,0.0,NORMAL,100,100.0
12:59:06.185,1.0036,0.0,NORMAL,100,100.0
12:59:06.300,1.0042,0.0,NORMAL,100,100.0
12:59:06.413,1.0052,0.0,NORMAL,100,100.0
12:59:06.539,1.0012,0.0,NORMAL,100,100.0
12:59:06.668,1.0164,0.0,NORMAL,100,100.0
12:59:06.779,1.002,0.0,NORMAL,100,100.0
12:59:06.898,1.0072,0.0,NORMAL,100,100.0
12:59:07.012,1.0118,0.0,NORMAL,100,100.0
12:59:07.130,1.0071,0.0,NORMAL,100,100.0
12:59:07.255,1.0105,0.0,NORMAL,100,100.0
12:59:07.381,1.0156,0.0,NORMAL,100,100.0
12:59:07.501,1.0103,0.0,NORMAL,100,100.0
12:59:07.625,1.0001,0.0,NORMAL,100,100.0
12:59:07.745,1.0009,0.0,NORMAL,100,100.0
12:59:07.892,1.0144,0.0,NORMAL,100,100.0
12:59:08.010,1.0043,0.0,NORMAL,100,100.0
12:59:08.118,1.0017,0.0,NORMAL,100,100.0
12:59:08.235,1.0017,0.0,NORMAL,100,100.0
12:59:08.361,1.0115,0.0,NORMAL,100,100.0
12:59:08.485,1.0171,0.0,NORMAL,100,100.0
12:59:08.605,1.0055,0.0,NORMAL,100,100.0
12:59:08.721,1.0111,0.0,NORMAL,100,100.0
12:59:08.835,1.0162,0.0,NORMAL,100,100.0
12:59:08.962,1.0173,0.0,NORMAL,100,100.0
12:59:09.085,1.0085,0.0,NORMAL,100,100.0
12:59:09.200,1.0088,0.0,NORMAL,100,100.0
12:59:09.316,1.0143,0.0,NORMAL,100,100.0
12:59:09.441,1.0005,0.0,NORMAL,100,100.0
12:59:09.570,1.001,0.0,NORMAL,100,100.0
12:59:09.693,1.0146,0.0,NORMAL,100,100.0
12:59:09.805,1.0095,0.0,NORMAL,100,100.0
12:59:09.923,1.0057,0.0,NORMAL,100,100.0
12:59:10.063,1.0097,0.0,NORMAL,100,100.0
12:59:10.178,2.6942,0.0,NORMAL,30,44.0
12:59:10.302,1.2622,0.0,NORMAL,100,59.0
12:59:10.423,1.2173,0.0,NORMAL,100,86.0
12:59:10.545,1.1937,0.0,NORMAL,100,98.0
12:59:10.665,1.1623,0.0,NORMAL,100,98.0
12:59:10.789,2.451,0.0,NORMAL,35,70.0
12:59:10.910,1.3471,0.0,NORMAL,100,76.0
12:59:11.054,1.2841,0.0,NORMAL,100,86.0
12:59:11.177,1.2372,0.0,NORMAL,100,98.0
12:59:11.285,1.2232,0.0,NORMAL,100,98.0
12:59:11.398,1.1808,0.0,NORMAL,100,98.0
12:59:11.539,1.1613,0.0,NORMAL,100,98.0
12:59:11.664,1.1288,0.0,NORMAL,100,97.0
12:59:11.794,1.11,0.0,NORMAL,100,80.0
12:59:11.922,1.0899,0.0,NORMAL,100,67.0
12:59:12.047,1.0964,0.0,NORMAL,100,59.0
12:59:12.174,1.0626,0.0,NORMAL,100,41.0
12:59:12.297,1.0715,0.0,NORMAL,100,41.0
12:59:12.415,1.0322,0.0,NORMAL,100,54.0
12:59:12.538,1.0392,0.0,NORMAL,100,67.0
12:59:12.664,1.0236,0.0,NORMAL,100,100.0
12:59:12.787,1.0285,0.0,NORMAL,100,100.0
12:59:12.899,1.0381,0.0,NORMAL,100,100.0
12:59:13.021,1.0241,0.0,NORMAL,100,100.0
12:59:13.128,1.0102,0.0,NORMAL,100,100.0
12:59:13.248,1.0075,0.0,NORMAL,100,100.0
12:59:13.375,1.0165,0.0,NORMAL,100,100.0
12:59:13.484,1.0067,0.0,NORMAL,100,100.0
12:59:13.608,1.0007,0.0,NORMAL,100,100.0
12:59:13.726,1.0035,0.0,NORMAL,100,100.0
12:59:13.842,1.0152,0.0,NORMAL,100,100.0
12:59:13.949,1.0156,0.0,NORMAL,100,100.0
12:59:14.063,1.0052,0.0,NORMAL,100,100.0
12:59:14.188,1.0004,0.0,NORMAL,100,100.0
12:59:14.319,1.0229,0.0,NORMAL,100,100.0
12:59:14.470,1.0044,0.0,NORMAL,100,100.0
12:59:14.585,1.0121,0.0,NORMAL,100,100.0
12:59:14.711,1.0014,0.0,NORMAL,100,100.0
12:59:14.831,1.0119,0.0,NORMAL,100,100.0
12:59:14.942,1.0023,0.0,NORMAL,100,100.0
12:59:15.062,1.0002,0.0,NORMAL,100,100.0
12:59:15.179,1.0027,0.0,NORMAL,100,100.0
12:59:15.301,1.001,0.0,NORMAL,100,100.0
12:59:15.425,1.0045,0.0,NORMAL,100,100.0
12:59:15.546,1.0077,0.0,NORMAL,100,100.0
12:59:15.672,1.0003,0.0,NORMAL,100,100.0
12:59:15.797,1.0053,0.0,NORMAL,100,100.0
12:59:15.928,1.0016,0.0,NORMAL,100,100.0
12:59:16.047,1.0079,0.0,NORMAL,100,100.0
12:59:16.169,1.0038,0.0,NORMAL,100,100.0
12:59:16.287,1.001,0.0,NORMAL,100,100.0
12:59:16.409,1.0009,0.0,NORMAL,100,100.0
12:59:16.529,1.0092,0.0,NORMAL,100,100.0
12:59:16.650,1.0049,0.0,NORMAL,100,100.0
12:59:16.769,1.01,0.0,NORMAL,100,100.0
12:59:16.918,1.0069,0.0,NORMAL,100,100.0
12:59:17.054,1.0123,0.0,NORMAL,100,100.0
12:59:17.181,1.0183,0.0,NORMAL,100,100.0
12:59:17.300,1.0004,0.0,NORMAL,100,100.0
12:59:17.420,1.0065,0.0,NORMAL,100,100.0
12:59:17.536,1.0112,0.0,NORMAL,100,100.0
12:59:17.657,1.0052,0.0,NORMAL,100,100.0
12:59:17.769,1.0172,0.0,NORMAL,100,100.0
12:59:17.881,1.0131,0.0,NORMAL,100,100.0
12:59:18.008,1.0003,0.0,NORMAL,100,100.0
12:59:18.136,1.0108,0.0,NORMAL,100,100.0
12:59:18.247,1.0112,0.0,NORMAL,100,100.0
12:59:18.359,1.0039,0.0,NORMAL,100,100.0
12:59:18.483,1.0054,0.0,NORMAL,100,100.0
12:59:18.598,1.0014,0.0,NORMAL,100,100.0
12:59:18.723,1.0055,0.0,NORMAL,100,100.0
12:59:18.837,1.0112,0.0,NORMAL,100,100.0
12:59:18.945,1.0194,0.0,NORMAL,100,100.0
12:59:19.068,1.0076,0.0,NORMAL,100,100.0
12:59:19.196,1.0076,0.0,NORMAL,100,100.0
12:59:19.298,1.0002,0.0,NORMAL,100,100.0
12:59:19.420,1.3712,0.0,NORMAL,100,78.0
12:59:19.534,1.0487,0.0,NORMAL,100,54.0
12:59:19.658,1.0388,0.0,NORMAL,100,61.0
12:59:19.780,1.0543,0.0,NORMAL,100,71.0
12:59:19.904,1.0378,0.0,NORMAL,100,75.0
12:59:20.027,1.0259,0.0,NORMAL,100,81.0
12:59:20.149,1.0307,0.0,NORMAL,100,100.0
12:59:20.261,1.0169,0.0,NORMAL,100,100.0
12:59:20.389,1.0028,0.0,NORMAL,100,100.0
12:59:20.522,1.0085,0.0,NORMAL,100,100.0
12:59:20.638,1.0131,0.0,NORMAL,100,100.0
12:59:20.753,1.0039,0.0,NORMAL,100,100.0
12:59:20.873,1.3811,0.0,NORMAL,100,77.0
12:59:21.000,1.0787,0.0,NORMAL,100,64.0
12:59:21.123,1.0604,0.0,NORMAL,100,63.0
12:59:21.232,1.0516,0.0,NORMAL,100,50.0
12:59:21.367,1.0476,0.0,NORMAL,100,81.0
12:59:21.510,1.0218,0.0,NORMAL,100,99.0
12:59:21.636,1.0456,0.0,NORMAL,100,100.0
12:59:21.766,1.0303,0.0,NORMAL,100,100.0
12:59:21.882,1.0054,0.0,NORMAL,100,99.0
12:59:22.005,1.0242,0.0,NORMAL,100,100.0
12:59:22.129,1.0298,0.0,NORMAL,100,100.0
12:59:22.248,1.0134,0.0,NORMAL,100,100.0
12:59:22.353,1.0158,0.0,NORMAL,100,100.0
12:59:22.466,1.0127,0.0,NORMAL,100,100.0
12:59:22.588,1.0015,0.0,NORMAL,100,100.0
12:59:22.714,1.0098,0.0,NORMAL,100,100.0
12:59:22.834,1.0055,0.0,NORMAL,100,100.0
12:59:22.949,1.0177,0.0,NORMAL,100,100.0
12:59:23.067,1.0017,0.0,NORMAL,100,100.0
12:59:23.190,1.0072,0.0,NORMAL,100,100.0
12:59:23.312,1.0049,0.0,NORMAL,100,100.0
12:59:23.433,1.0015,0.0,NORMAL,100,100.0
12:59:23.590,1.0103,0.0,NORMAL,100,100.0
12:59:23.719,1.0212,0.0,NORMAL,100,100.0
12:59:23.844,1.0081,0.0,NORMAL,100,100.0
12:59:23.962,1.0149,0.0,NORMAL,100,100.0
12:59:24.084,1.0104,0.0,NORMAL,100,100.0
12:59:24.204,1.0026,0.0,NORMAL,100,100.0
12:59:24.314,1.0051,0.0,NORMAL,100,100.0
12:59:24.437,1.0087,0.0,NORMAL,100,100.0
12:59:24.559,1.0105,0.0,NORMAL,100,100.0
12:59:24.673,1.0073,0.0,NORMAL,100,100.0
12:59:24.793,1.0119,0.0,NORMAL,100,100.0
12:59:24.907,1.0119,0.0,NORMAL,100,100.0
12:59:25.018,1.0048,0.0,NORMAL,100,100.0
12:59:25.143,1.0071,0.0,NORMAL,100,100.0
12:59:25.260,1.0105,0.0,NORMAL,100,100.0
12:59:25.381,1.0194,0.0,NORMAL,100,100.0
12:59:25.505,1.0182,0.0,NORMAL,100,100.0
12:59:25.623,1.0164,0.0,NORMAL,100,100.0
12:59:25.743,1.0107,0.0,NORMAL,100,100.0
12:59:25.862,2.5979,0.0,NORMAL,30,46.0
12:59:25.973,1.2489,0.0,NORMAL,100,63.0
12:59:26.083,1.1971,0.0,NORMAL,100,86.0
12:59:26.204,1.1937,0.0,NORMAL,100,98.0
12:59:26.326,1.138,0.0,NORMAL,100,96.0
12:59:26.452,1.1414,0.0,NORMAL,100,81.0
12:59:26.561,1.121,0.0,NORMAL,100,75.0
12:59:26.683,1.0997,0.0,NORMAL,100,70.0
12:59:26.799,1.0836,0.0,NORMAL,100,64.0
12:59:26.916,1.0628,0.0,NORMAL,100,41.0
12:59:27.038,1.0676,0.0,NORMAL,100,41.0
12:59:27.162,1.0478,0.0,NORMAL,100,51.0
12:59:27.284,1.0195,0.0,NORMAL,100,68.0
12:59:27.401,1.0253,0.0,NORMAL,100,100.0
12:59:27.520,1.0299,0.0,NORMAL,100,100.0
12:59:27.644,1.0138,0.0,NORMAL,100,100.0
12:59:27.777,1.0077,0.0,NORMAL,100,100.0
12:59:27.896,1.0362,0.0,NORMAL,100,100.0
12:59:28.015,1.0133,0.0,NORMAL,100,99.0
12:59:28.159,1.0243,0.0,NORMAL,100,100.0
12:59:28.272,1.0106,0.0,NORMAL,100,100.0
12:59:28.392,1.0137,0.0,NORMAL,100,100.0
12:59:28.509,1.0093,0.0,NORMAL,100,100.0
12:59:28.634,1.0083,0.0,NORMAL,100,100.0
12:59:28.759,1.0015,0.0,NORMAL,100,100.0
12:59:28.883,1.0042,0.0,NORMAL,100,100.0
12:59:29.006,1.0149,0.0,NORMAL,100,100.0
12:59:29.116,1.0077,0.0,NORMAL,100,100.0
12:59:29.240,1.0037,0.0,NORMAL,100,100.0
12:59:29.356,1.0037,0.0,NORMAL,100,100.0
12:59:29.467,1.012,0.0,NORMAL,100,100.0
12:59:29.594,1.0046,0.0,NORMAL,100,100.0
12:59:29.741,1.0053,0.0,NORMAL,100,100.0
12:59:29.896,1.0083,0.0,NORMAL,100,100.0
12:59:30.028,1.0002,0.0,NORMAL,100,100.0
12:59:30.160,1.0126,0.0,NORMAL,100,100.0
12:59:30.296,1.0104,0.0,NORMAL,100,100.0
12:59:30.422,1.0026,0.0,NORMAL,100,100.0
12:59:30.542,1.0166,0.0,NORMAL,100,100.0
12:59:30.664,1.0037,0.0,NORMAL,100,100.0
12:59:30.787,1.0133,0.0,NORMAL,100,100.0
12:59:30.902,1.0139,0.0,NORMAL,100,100.0
12:59:31.014,1.001,0.0,NORMAL,100,100.0
12:59:31.135,1.0172,0.0,NORMAL,100,100.0
12:59:31.266,1.0022,0.0,NORMAL,100,100.0
12:59:31.379,1.0121,0.0,NORMAL,100,100.0
12:59:31.497,1.0126,0.0,NORMAL,100,100.0
12:59:31.617,1.0132,0.0,NORMAL,100,100.0
12:59:31.743,1.0112,0.0,NORMAL,100,100.0
12:59:31.860,1.0031,0.0,NORMAL,100,100.0
12:59:31.977,1.0085,0.0,NORMAL,100,100.0
12:59:32.097,1.0006,0.0,NORMAL,100,100.0
12:59:32.215,1.0026,0.0,NORMAL,100,100.0
12:59:32.334,1.0058,0.0,NORMAL,100,100.0
12:59:32.456,1.0115,0.0,NORMAL,100,100.0
12:59:32.617,1.004,0.0,NORMAL,100,100.0
12:59:32.736,1.0031,0.0,NORMAL,100,100.0
12:59:32.853,1.0113,0.0,NORMAL,100,100.0
12:59:32.960,1.0083,0.0,NORMAL,100,100.0
12:59:33.079,1.0171,0.0,NORMAL,100,100.0
12:59:33.201,1.0103,0.0,NORMAL,100,100.0
12:59:33.313,1.0067,0.0,NORMAL,100,100.0
12:59:33.435,1.0104,0.0,NORMAL,100,100.0
12:59:33.554,1.0108,0.0,NORMAL,100,100.0
12:59:33.675,1.0136,0.0,NORMAL,100,100.0
12:59:33.796,1.0031,0.0,NORMAL,100,100.0
12:59:33.914,1.0028,0.0,NORMAL,100,100.0
12:59:34.037,1.0096,0.0,NORMAL,100,100.0
12:59:34.153,1.0011,0.0,NORMAL,100,100.0
12:59:34.265,1.006,0.0,NORMAL,100,100.0
12:59:34.384,1.0054,0.0,NORMAL,100,100.0
12:59:34.499,1.0022,0.0,NORMAL,100,100.0
12:59:34.620,1.0106,0.0,NORMAL,100,100.0
12:59:34.734,1.01,0.0,NORMAL,100,100.0
12:59:34.852,1.0088,0.0,NORMAL,100,100.0
12:59:34.972,1.011,0.0,NORMAL,100,100.0
12:59:35.092,1.0028,0.0,NORMAL,100,100.0
12:59:35.205,1.0211,0.0,NORMAL,100,100.0
12:59:35.321,1.013,0.0,NORMAL,100,100.0
12:59:35.443,1.0045,0.0,NORMAL,100,100.0
12:59:35.553,1.0214,0.0,NORMAL,100,100.0
12:59:35.682,1.0045,0.0,NORMAL,100,100.0
12:59:35.804,1.0064,0.0,NORMAL,100,100.0
12:59:35.922,1.0103,0.0,NORMAL,100,100.0
12:59:36.047,1.0074,0.0,NORMAL,100,100.0
12:59:36.165,1.0041,0.0,NORMAL,100,100.0
12:59:36.304,1.0032,0.0,NORMAL,100,100.0
12:59:36.443,1.0108,0.0,NORMAL,100,100.0
12:59:36.590,1.01,0.0,NORMAL,100,100.0
12:59:36.717,1.016,0.0,NORMAL,100,100.0
12:59:36.832,1.008,0.0,NORMAL,100,100.0
12:59:36.942,1.0019,0.0,NORMAL,100,100.0
12:59:37.062,1.0014,0.0,NORMAL,100,100.0
12:59:37.175,1.0068,0.0,NORMAL,100,100.0
12:59:37.295,1.0137,0.0,NORMAL,100,100.0
12:59:37.421,1.0007,0.0,NORMAL,100,100.0
12:59:37.524,1.0038,0.0,NORMAL,100,100.0
12:59:37.639,1.0066,0.0,NORMAL,100,100.0
12:59:37.762,1.0073,0.0,NORMAL,100,100.0
12:59:37.896,1.0174,0.0,NORMAL,100,100.0
12:59:38.016,1.0103,0.0,NORMAL,100,100.0
12:59:38.135,1.0135,0.0,NORMAL,100,100.0
12:59:38.260,1.0086,0.0,NORMAL,100,100.0
12:59:38.378,1.0082,0.0,NORMAL,100,100.0
12:59:38.491,1.0034,0.0,NORMAL,100,100.0
12:59:38.599,1.0008,0.0,NORMAL,100,100.0
12:59:38.729,1.0126,0.0,NORMAL,100,100.0
12:59:38.849,1.0086,0.0,NORMAL,100,100.0
12:59:38.970,1.0124,0.0,NORMAL,100,100.0
12:59:39.093,1.0016,0.0,NORMAL,100,100.0
12:59:39.206,1.0051,0.0,NORMAL,100,100.0
12:59:39.328,1.0122,0.0,NORMAL,100,100.0
12:59:39.461,1.0089,0.0,NORMAL,100,100.0
12:59:39.596,1.0167,0.0,NORMAL,100,100.0
12:59:39.728,1.0021,0.0,NORMAL,100,100.0
12:59:39.858,1.0033,0.0,NORMAL,100,100.0
12:59:39.972,1.0098,0.0,NORMAL,100,100.0
12:59:40.088,1.0004,0.0,NORMAL,100,100.0
12:59:40.212,1.0091,0.0,NORMAL,100,100.0
12:59:40.327,1.0107,0.0,NORMAL,100,100.0
12:59:40.452,1.017,0.0,NORMAL,100,100.0
12:59:40.562,1.0082,0.0,NORMAL,100,100.0
12:59:40.678,1.0022,0.0,NORMAL,100,100.0
12:59:40.813,1.0017,0.0,NORMAL,100,100.0
12:59:40.940,1.001,0.0,NORMAL,100,100.0
12:59:41.094,1.0023,0.0,NORMAL,100,100.0
12:59:41.213,1.014,0.0,NORMAL,100,100.0
12:59:41.336,1.0135,0.0,NORMAL,100,100.0
12:59:41.463,1.0065,0.0,NORMAL,100,100.0
12:59:41.588,1.0107,0.0,NORMAL,100,100.0
12:59:41.704,1.0077,0.0,NORMAL,100,100.0
12:59:41.826,1.0068,0.0,NORMAL,100,100.0
12:59:41.952,1.0065,0.0,NORMAL,100,100.0
12:59:42.074,1.0075,0.0,NORMAL,100,100.0
12:59:42.187,1.0057,0.0,NORMAL,100,100.0
12:59:42.307,1.0109,0.0,NORMAL,100,100.0
12:59:42.424,1.0043,0.0,NORMAL,100,100.0
12:59:42.535,1.3639,0.0,NORMAL,100,77.0
12:59:42.651,1.0425,0.0,NORMAL,100,54.0
12:59:42.767,1.0425,0.0,NORMAL,100,62.0
12:59:42.889,1.0287,0.0,NORMAL,100,100.0
12:59:42.999,1.0481,0.0,NORMAL,100,100.0
12:59:43.116,1.0351,0.0,NORMAL,100,100.0
12:59:43.240,1.0317,0.0,NORMAL,100,100.0
12:59:43.352,1.0141,0.0,NORMAL,100,100.0
12:59:43.480,1.0105,0.0,NORMAL,100,100.0
12:59:43.602,1.0144,0.0,NORMAL,100,100.0
12:59:43.720,1.0286,0.0,NORMAL,100,100.0
12:59:43.836,1.021,0.0,NORMAL,100,100.0
12:59:43.961,1.0129,0.0,NORMAL,100,100.0
12:59:44.085,1.0001,0.0,NORMAL,100,100.0
12:59:44.208,1.0213,0.0,NORMAL,100,100.0
12:59:44.319,1.0098,0.0,NORMAL,100,100.0
12:59:44.435,1.0095,0.0,NORMAL,100,100.0
12:59:44.565,1.015,0.0,NORMAL,100,100.0
12:59:44.694,1.0077,0.0,NORMAL,100,100.0
12:59:44.812,1.0076,0.0,NORMAL,100,100.0
12:59:44.946,1.0041,0.0,NORMAL,100,100.0
12:59:45.075,1.0147,0.0,NORMAL,100,100.0
12:59:45.205,1.0029,0.0,NORMAL,100,100.0
12:59:45.333,1.0088,0.0,NORMAL,100,100.0
12:59:45.463,1.0092,0.0,NORMAL,100,100.0
12:59:45.594,1.0027,0.0,NORMAL,100,100.0
12:59:45.708,1.0013,0.0,NORMAL,100,100.0
12:59:45.824,1.0128,0.0,NORMAL,100,100.0
12:59:45.949,1.006,0.0,NORMAL,100,100.0
12:59:46.070,1.0162,0.0,NORMAL,100,100.0
12:59:46.189,1.0096,0.0,NORMAL,100,100.0
12:59:46.308,1.0136,0.0,NORMAL,100,100.0
12:59:46.432,1.0081,0.0,NORMAL,100,100.0
12:59:46.552,1.0042,0.0,NORMAL,100,100.0
12:59:46.673,1.0141,0.0,NORMAL,100,100.0
12:59:46.794,1.0133,0.0,NORMAL,100,100.0
12:59:46.916,1.0095,0.0,NORMAL,100,100.0
12:59:47.035,1.016,0.0,NORMAL,100,100.0
12:59:47.160,1.0169,0.0,NORMAL,100,100.0
12:59:47.280,1.0184,0.0,NORMAL,100,100.0
12:59:47.397,1.008,0.0,NORMAL,100,100.0
12:59:47.519,1.0016,0.0,NORMAL,100,100.0
12:59:47.659,1.017,0.0,NORMAL,100,100.0
12:59:47.780,1.0171,0.0,NORMAL,100,100.0
12:59:48.799,1.0155,0.0,NORMAL,100,100.0
12:59:48.919,1.0153,0.0,NORMAL,100,100.0
12:59:49.052,1.0155,0.0,NORMAL,100,100.0
12:59:49.175,1.0097,0.0,NORMAL,100,100.0
12:59:49.306,1.0127,0.0,NORMAL,100,100.0
12:59:49.436,1.0127,0.0,NORMAL,100,100.0
12:59:49.581,1.0066,0.0,NORMAL,100,100.0
12:59:49.710,1.0151,0.0,NORMAL,100,100.0
12:59:49.845,1.0013,0.0,NORMAL,100,100.0
12:59:49.961,1.0133,0.0,NORMAL,100,100.0
12:59:50.083,1.0063,0.0,NORMAL,100,100.0
12:59:50.204,1.0143,0.0,NORMAL,100,100.0
12:59:50.324,1.0129,0.0,NORMAL,100,100.0
12:59:50.449,1.0124,0.0,NORMAL,100,100.0
12:59:50.599,1.0042,0.0,NORMAL,100,100.0
12:59:50.721,1.0042,0.0,NORMAL,100,100.0
12:59:50.839,1.0045,0.0,NORMAL,100,100.0
12:59:50.961,1.001,0.0,NORMAL,100,100.0
12:59:51.081,1.0204,0.0,NORMAL,100,100.0
12:59:51.190,1.0081,0.0,NORMAL,100,100.0
12:59:51.308,1.0134,0.0,NORMAL,100,100.0
12:59:51.432,1.0131,0.0,NORMAL,100,100.0
12:59:51.552,1.0135,0.0,NORMAL,100,100.0
12:59:51.671,1.0197,0.0,NORMAL,100,100.0
12:59:51.793,1.0148,0.0,NORMAL,100,100.0
12:59:51.909,1.0068,0.0,NORMAL,100,100.0
12:59:52.030,1.0075,0.0,NORMAL,100,100.0
12:59:52.147,1.0056,0.0,NORMAL,100,100.0
12:59:52.263,1.0145,0.0,NORMAL,100,100.0
12:59:52.385,1.0157,0.0,NORMAL,100,100.0
12:59:52.503,1.0182,0.0,NORMAL,100,100.0
12:59:52.622,1.0052,0.0,NORMAL,100,100.0
12:59:52.741,1.0037,0.0,NORMAL,100,100.0
12:59:52.882,1.0099,0.0,NORMAL,100,100.0
12:59:53.031,1.0052,0.0,NORMAL,100,100.0
12:59:53.172,1.0088,0.0,NORMAL,100,100.0
12:59:53.416,1.0064,0.0,NORMAL,100,100.0
12:59:53.941,1.0101,0.0,NORMAL,100,100.0
12:59:54.066,1.004,0.0,NORMAL,100,100.0
12:59:54.232,1.0088,0.0,NORMAL,100,100.0
12:59:54.403,1.0034,0.0,NORMAL,100,100.0
12:59:54.970,1.0106,0.0,NORMAL,100,100.0
12:59:55.094,1.0012,0.0,NORMAL,100,100.0
12:59:55.235,1.016,0.0,NORMAL,100,100.0
12:59:55.374,1.0103,0.0,NORMAL,100,100.0
12:59:55.511,1.0004,0.0,NORMAL,100,100.0
12:59:55.648,1.0089,0.0,NORMAL,100,100.0
12:59:55.784,1.0085,0.0,NORMAL,100,100.0
12:59:55.912,1.0197,0.0,NORMAL,100,100.0
12:59:56.493,1.0059,0.0,NORMAL,100,100.0
12:59:56.586,1.0118,0.0,NORMAL,100,100.0
12:59:56.702,1.004,0.0,NORMAL,100,100.0
12:59:56.826,1.0165,0.0,NORMAL,100,100.0
12:59:56.949,1.0078,0.0,NORMAL,100,100.0
12:59:57.073,1.0015,0.0,NORMAL,100,100.0
12:59:57.548,1.0087,0.0,NORMAL,100,100.0
12:59:57.658,1.0062,0.0,NORMAL,100,100.0
12:59:57.774,1.0096,0.0,NORMAL,100,100.0
12:59:57.905,1.006,0.0,NORMAL,100,100.0
12:59:58.042,1.0173,0.0,NORMAL,100,100.0
12:59:58.184,1.0069,0.0,NORMAL,100,100.0
12:59:58.603,1.0053,0.0,NORMAL,100,100.0
12:59:58.763,1.019,0.0,NORMAL,100,100.0
12:59:58.967,1.0119,0.0,NORMAL,100,100.0
12:59:59.147,1.0042,0.0,NORMAL,100,100.0
12:59:59.675,1.0159,0.0,NORMAL,100,100.0
12:59:59.797,1.0037,0.0,NORMAL,100,100.0
12:59:59.934,1.0056,0.0,NORMAL,100,100.0
13:00:00.096,1.0093,0.0,NORMAL,100,100.0
13:00:00.741,1.001,0.0,NORMAL,100,100.0
13:00:00.849,1.0003,0.0,NORMAL,100,100.0
13:00:00.990,1.0136,0.0,NORMAL,100,100.0
13:00:01.134,1.0138,0.0,NORMAL,100,100.0
13:00:01.698,1.0056,0.0,NORMAL,100,100.0
13:00:01.847,1.0103,0.0,NORMAL,100,100.0
13:00:02.017,1.0069,0.0,NORMAL,100,100.0
13:00:02.160,1.004,0.0,NORMAL,100,100.0
13:00:02.719,1.0187,0.0,NORMAL,100,100.0
13:00:02.821,1.0105,0.0,NORMAL,100,100.0
13:00:02.942,1.0117,0.0,NORMAL,100,100.0
13:00:03.067,1.0129,0.0,NORMAL,100,100.0
13:00:03.208,1.0092,0.0,NORMAL,100,100.0
13:00:03.343,1.0052,0.0,NORMAL,100,100.0
13:00:03.776,1.0104,0.0,NORMAL,100,100.0
13:00:03.897,1.0232,0.0,NORMAL,100,100.0
13:00:04.022,1.0152,0.0,NORMAL,100,100.0
13:00:04.160,1.0156,0.0,NORMAL,100,100.0
13:00:04.300,1.0002,0.0,NORMAL,100,100.0
13:00:04.443,1.0097,0.0,NORMAL,100,100.0
13:00:04.862,1.0148,0.0,NORMAL,100,100.0
13:00:04.975,1.0127,0.0,NORMAL,100,100.0
13:00:05.110,1.0029,0.0,NORMAL,100,100.0
13:00:05.247,1.0051,0.0,NORMAL,100,100.0
13:00:05.390,1.0068,0.0,NORMAL,100,100.0
13:00:05.596,1.0116,0.0,NORMAL,100,100.0
13:00:05.746,1.0132,0.0,NORMAL,100,100.0
13:00:05.891,1.0089,0.0,NORMAL,100,100.0
13:00:06.029,1.0012,0.0,NORMAL,100,100.0
13:00:06.167,1.0134,0.0,NORMAL,100,100.0
13:00:06.299,1.0127,0.0,NORMAL,100,100.0
13:00:06.436,1.0141,0.0,NORMAL,100,100.0
13:00:06.562,1.016,0.0,NORMAL,100,100.0
13:00:06.693,1.0124,0.0,NORMAL,100,100.0
13:00:06.821,1.004,0.0,NORMAL,100,100.0
13:00:06.954,1.0158,0.0,NORMAL,100,100.0
13:00:07.406,1.0018,0.0,NORMAL,100,100.0
13:00:07.510,1.0002,0.0,NORMAL,100,100.0
13:00:07.630,1.0043,0.0,NORMAL,100,100.0
13:00:07.754,1.009,0.0,NORMAL,100,100.0
13:00:07.879,1.0044,0.0,NORMAL,100,100.0
13:00:08.009,1.0083,0.0,NORMAL,100,100.0
13:00:08.447,1.0169,0.0,NORMAL,100,100.0
13:00:08.559,1.0014,0.0,NORMAL,100,100.0
13:00:08.680,1.0125,0.0,NORMAL,100,100.0
13:00:08.808,1.0115,0.0,NORMAL,100,100.0
13:00:08.938,1.0041,0.0,NORMAL,100,100.0
13:00:09.069,1.0003,0.0,NORMAL,100,100.0
13:00:09.499,1.0147,0.0,NORMAL,100,100.0
13:00:09.613,1.0113,0.0,NORMAL,100,100.0
13:00:09.738,1.0116,0.0,NORMAL,100,100.0
13:00:09.869,1.0094,0.0,NORMAL,100,100.0
13:00:10.004,1.0084,0.0,NORMAL,100,100.0
13:00:10.134,1.0093,0.0,NORMAL,100,100.0
13:00:10.551,1.0217,0.0,NORMAL,100,100.0
13:00:10.652,1.0016,0.0,NORMAL,100,100.0
13:00:10.764,1.0124,0.0,NORMAL,100,100.0
13:00:10.898,1.0129,0.0,NORMAL,100,100.0
13:00:11.021,1.0056,0.0,NORMAL,100,100.0
13:00:11.158,1.0038,0.0,NORMAL,100,100.0
13:00:11.593,1.0176,0.0,NORMAL,100,100.0
13:00:11.702,1.0121,0.0,NORMAL,100,100.0
13:00:11.822,1.018,0.0,NORMAL,100,100.0
13:00:11.952,1.0079,0.0,NORMAL,100,100.0
13:00:12.082,1.0134,0.0,NORMAL,100,100.0
13:00:12.211,1.012,0.0,NORMAL,100,100.0
13:00:12.615,1.0078,0.0,NORMAL,100,100.0
13:00:12.723,1.0048,0.0,NORMAL,100,100.0
13:00:12.844,1.0195,0.0,NORMAL,100,100.0
13:00:12.991,1.0123,0.0,NORMAL,100,100.0
13:00:13.102,1.0071,0.0,NORMAL,100,100.0
13:00:13.231,1.009,0.0,NORMAL,100,100.0
13:00:13.660,1.0154,0.0,NORMAL,100,100.0
13:00:13.772,1.0025,0.0,NORMAL,100,100.0
13:00:13.895,1.0115,0.0,NORMAL,100,100.0
13:00:14.024,1.0059,0.0,NORMAL,100,100.0
13:00:14.149,1.0033,0.0,NORMAL,100,100.0
13:00:14.285,1.0119,0.0,NORMAL,100,100.0
13:00:14.718,1.0079,0.0,NORMAL,100,100.0
13:00:14.835,1.0054,0.0,NORMAL,100,100.0
13:00:14.954,1.0033,0.0,NORMAL,100,100.0
13:00:15.077,1.0003,0.0,NORMAL,100,100.0
13:00:15.203,1.0056,0.0,NORMAL,100,100.0
13:00:15.338,1.0078,0.0,NORMAL,100,100.0
13:00:15.773,2.5779,0.0,NORMAL,31,44.0
13:00:15.882,1.2486,0.0,NORMAL,100,63.0
13:00:16.003,1.1956,0.0,NORMAL,100,86.0
13:00:16.127,1.1536,0.0,NORMAL,100,98.0
13:00:16.250,1.1562,0.0,NORMAL,100,98.0
13:00:16.385,1.1103,0.0,NORMAL,100,95.0
13:00:16.806,1.12,0.0,NORMAL,100,80.0
13:00:16.911,1.0816,0.0,NORMAL,100,67.0
13:00:17.024,1.0795,0.0,NORMAL,100,64.0
13:00:17.153,1.0776,0.0,NORMAL,100,41.0
13:00:17.278,1.0494,0.0,NORMAL,100,49.0
13:00:17.399,1.0342,0.0,NORMAL,100,68.0
13:00:17.865,1.0381,0.0,NORMAL,100,100.0
13:00:17.964,1.0187,0.0,NORMAL,100,100.0
13:00:18.081,1.0123,0.0,NORMAL,100,100.0
13:00:18.197,1.0215,0.0,NORMAL,100,100.0
13:00:18.317,1.0158,0.0,NORMAL,100,100.0
13:00:18.436,1.0134,0.0,NORMAL,100,100.0
13:00:18.900,1.0068,0.0,NORMAL,100,100.0
13:00:19.004,1.0073,0.0,NORMAL,100,100.0
13:00:19.125,1.0221,0.0,NORMAL,100,100.0
13:00:19.254,1.0224,0.0,NORMAL,100,100.0
13:00:19.387,1.0037,0.0,NORMAL,100,100.0
13:00:19.523,1.0008,0.0,NORMAL,100,100.0
13:00:19.935,1.0162,0.0,NORMAL,100,100.0
13:00:20.033,1.0048,0.0,NORMAL,100,100.0
13:00:20.144,1.0034,0.0,NORMAL,100,100.0
13:00:20.275,1.0043,0.0,NORMAL,100,100.0
13:00:20.411,1.0067,0.0,NORMAL,100,100.0
13:00:20.547,1.0014,0.0,NORMAL,100,100.0
13:00:21.008,1.0229,0.0,NORMAL,100,100.0
13:00:21.119,1.0172,0.0,NORMAL,100,100.0
13:00:21.238,1.0021,0.0,NORMAL,100,100.0
13:00:21.365,1.0076,0.0,NORMAL,100,100.0
13:00:21.494,1.0046,0.0,NORMAL,100,100.0
13:00:21.627,1.0028,0.0,NORMAL,100,100.0
13:00:22.051,1.009,0.0,NORMAL,100,100.0
13:00:22.155,1.0126,0.0,NORMAL,100,100.0
13:00:22.267,1.005,0.0,NORMAL,100,100.0
13:00:22.391,1.0135,0.0,NORMAL,100,100.0
13:00:22.526,1.0084,0.0,NORMAL,100,100.0
13:00:22.659,1.0187,0.0,NORMAL,100,100.0
13:00:23.088,1.0079,0.0,NORMAL,100,100.0
13:00:23.203,1.0054,0.0,NORMAL,100,100.0
13:00:23.325,1.0105,0.0,NORMAL,100,100.0
13:00:23.455,1.0101,0.0,NORMAL,100,100.0
13:00:23.576,1.0019,0.0,NORMAL,100,100.0
13:00:23.708,1.0089,0.0,NORMAL,100,100.0
13:00:24.130,1.0016,0.0,NORMAL,100,100.0
13:00:24.237,1.0028,0.0,NORMAL,100,100.0
13:00:24.356,1.0125,0.0,NORMAL,100,100.0
13:00:24.487,1.0158,0.0,NORMAL,100,100.0
13:00:24.621,1.0062,0.0,NORMAL,100,100.0
13:00:24.755,1.0013,0.0,NORMAL,100,100.0
13:00:25.169,1.0162,0.0,NORMAL,100,100.0
13:00:25.313,1.0068,0.0,NORMAL,100,100.0
13:00:25.440,1.0039,0.0,NORMAL,100,100.0
13:00:25.559,1.0115,0.0,NORMAL,100,100.0
13:00:25.690,1.0123,0.0,NORMAL,100,100.0
13:00:25.831,1.006,0.0,NORMAL,100,100.0
13:00:26.243,1.0222,0.0,NORMAL,100,100.0
13:00:26.358,1.0035,0.0,NORMAL,100,100.0
13:00:26.481,1.0052,0.0,NORMAL,100,100.0
13:00:26.605,1.0122,0.0,NORMAL,100,100.0
13:00:26.731,1.0008,0.0,NORMAL,100,100.0
13:00:26.850,1.0107,0.0,NORMAL,100,100.0
13:00:27.318,1.0052,0.0,NORMAL,100,100.0
13:00:27.427,1.0002,0.0,NORMAL,100,100.0
13:00:27.544,1.0085,0.0,NORMAL,100,100.0
13:00:27.673,1.0004,0.0,NORMAL,100,100.0
13:00:27.801,1.0019,0.0,NORMAL,100,100.0
13:00:27.935,1.0164,0.0,NORMAL,100,100.0
13:00:28.378,1.0084,0.0,NORMAL,100,100.0
13:00:28.480,1.0079,0.0,NORMAL,100,100.0
13:00:28.595,1.0102,0.0,NORMAL,100,100.0
13:00:28.723,1.0074,0.0,NORMAL,100,100.0
13:00:28.863,1.0147,0.0,NORMAL,100,100.0
13:00:28.991,1.0052,0.0,NORMAL,100,100.0
13:00:29.419,1.0017,0.0,NORMAL,100,100.0
13:00:29.537,1.0153,0.0,NORMAL,100,100.0
13:00:29.662,1.0015,0.0,NORMAL,100,100.0
13:00:29.796,1.0081,0.0,NORMAL,100,100.0
13:00:29.930,1.0055,0.0,NORMAL,100,100.0
13:00:30.065,1.0048,0.0,NORMAL,100,100.0
13:00:30.468,1.0043,0.0,NORMAL,100,100.0
13:00:30.584,1.0155,0.0,NORMAL,100,100.0
13:00:30.713,1.0004,0.0,NORMAL,100,100.0
13:00:30.843,1.0098,0.0,NORMAL,100,100.0
13:00:30.976,1.0078,0.0,NORMAL,100,100.0
13:00:31.114,1.0119,0.0,NORMAL,100,100.0
13:00:31.532,1.0214,0.0,NORMAL,100,100.0
13:00:31.649,1.0005,0.0,NORMAL,100,100.0
13:00:31.774,1.0053,0.0,NORMAL,100,100.0
13:00:31.903,1.0052,0.0,NORMAL,100,100.0
13:00:32.066,1.018,0.0,NORMAL,100,100.0
13:00:32.289,1.007,0.0,NORMAL,100,100.0
13:00:32.616,1.0069,0.0,NORMAL,100,100.0
13:00:32.736,1.0113,0.0,NORMAL,100,100.0
13:00:32.872,1.0113,0.0,NORMAL,100,100.0
13:00:32.990,1.0083,0.0,NORMAL,100,100.0
13:00:33.127,1.0124,0.0,NORMAL,100,100.0
13:00:33.260,1.0153,0.0,NORMAL,100,100.0
13:00:33.673,1.0089,0.0,NORMAL,100,100.0
13:00:33.780,1.0011,0.0,NORMAL,100,100.0
13:00:33.900,1.001,0.0,NORMAL,100,100.0
13:00:34.021,1.0097,0.0,NORMAL,100,100.0
13:00:34.154,1.0071,0.0,NORMAL,100,100.0
13:00:34.280,1.0171,0.0,NORMAL,100,100.0
13:00:34.731,1.0082,0.0,NORMAL,100,100.0
13:00:34.836,1.0072,0.0,NORMAL,100,100.0
13:00:34.956,1.0009,0.0,NORMAL,100,100.0
13:00:35.094,1.0098,0.0,NORMAL,100,100.0
13:00:35.228,1.011,0.0,NORMAL,100,100.0
13:00:35.377,1.0119,0.0,NORMAL,100,100.0
13:00:35.524,1.0107,0.0,NORMAL,100,100.0
13:00:35.675,1.0114,0.0,NORMAL,100,100.0
13:00:35.816,1.0105,0.0,NORMAL,100,100.0
13:00:35.952,1.0025,0.0,NORMAL,100,100.0
13:00:36.081,1.0187,0.0,NORMAL,100,100.0
13:00:36.210,1.0059,0.0,NORMAL,100,100.0
13:00:36.339,1.0083,0.0,NORMAL,100,100.0
13:00:36.479,1.0052,0.0,NORMAL,100,100.0
13:00:36.618,1.0147,0.0,NORMAL,100,100.0
13:00:36.754,1.0039,0.0,NORMAL,100,100.0
13:00:37.312,1.0174,0.0,NORMAL,100,100.0
13:00:37.440,1.0069,0.0,NORMAL,100,100.0
13:00:37.580,1.0105,0.0,NORMAL,100,100.0
13:00:37.734,1.0019,0.0,NORMAL,100,100.0
13:00:37.889,1.019,0.0,NORMAL,100,100.0
13:00:38.032,1.0141,0.0,NORMAL,100,100.0
13:00:38.191,1.0036,0.0,NORMAL,100,100.0
13:00:38.346,1.0012,0.0,NORMAL,100,100.0
13:00:38.502,1.0082,0.0,NORMAL,100,100.0
13:00:38.671,1.0009,0.0,NORMAL,100,100.0
13:00:38.819,1.0007,0.0,NORMAL,100,100.0
13:00:38.958,1.0006,0.0,NORMAL,100,100.0
13:00:39.110,1.0111,0.0,NORMAL,100,100.0
13:00:39.248,1.0065,0.0,NORMAL,100,100.0
13:00:39.385,1.0051,0.0,NORMAL,100,100.0
13:00:39.525,1.0043,0.0,NORMAL,100,100.0
13:00:39.937,1.0057,0.0,NORMAL,100,100.0
13:00:40.054,1.0184,0.0,NORMAL,100,100.0
13:00:40.177,1.0034,0.0,NORMAL,100,100.0
13:00:40.309,1.0046,0.0,NORMAL,100,100.0
13:00:40.432,1.0128,0.0,NORMAL,100,100.0
13:00:40.552,1.0063,0.0,NORMAL,100,100.0
13:00:40.989,1.0012,0.0,NORMAL,100,100.0
13:00:41.103,1.0086,0.0,NORMAL,100,100.0
13:00:41.224,1.0042,0.0,NORMAL,100,100.0
13:00:41.336,1.0012,0.0,NORMAL,100,100.0
13:00:41.472,1.0095,0.0,NORMAL,100,100.0
13:00:41.599,1.0107,0.0,NORMAL,100,100.0
13:00:42.029,1.0127,0.0,NORMAL,100,100.0
13:00:42.142,1.0108,0.0,NORMAL,100,100.0
13:00:42.261,1.0109,0.0,NORMAL,100,100.0
13:00:42.393,1.0081,0.0,NORMAL,100,100.0
13:00:42.571,1.0099,0.0,NORMAL,100,100.0
13:00:42.730,1.0002,0.0,NORMAL,100,100.0
13:00:44.394,1.0178,0.0,NORMAL,100,100.0
13:00:44.688,1.0054,0.0,NORMAL,100,100.0
13:00:44.933,1.0089,0.0,NORMAL,100,100.0
13:00:45.177,1.0169,0.0,NORMAL,100,100.0
13:00:45.372,1.0089,0.0,NORMAL,100,100.0
13:00:45.562,1.005,0.0,NORMAL,100,100.0
13:00:45.740,1.0118,1.925,NORMAL,72,70.5
13:00:45.895,1.0004,1.925,NORMAL,72,70.5
13:00:46.053,1.0086,1.925,NORMAL,72,70.5
13:00:46.217,1.0149,0.0,NORMAL,100,100.0
13:00:46.391,1.0171,0.0,NORMAL,100,100.0
13:00:46.532,1.0055,0.0,NORMAL,100,100.0
13:00:46.670,1.0071,0.0,NORMAL,100,100.0
13:00:46.796,1.0149,0.0,NORMAL,100,100.0
13:00:46.928,1.0035,0.0,NORMAL,100,100.0
13:00:47.062,1.0092,0.0,NORMAL,100,100.0
13:00:47.207,1.0147,0.0,NORMAL,100,100.0
13:00:47.343,1.0158,0.0,NORMAL,100,100.0
13:00:47.483,1.0007,0.0,NORMAL,100,100.0
13:00:47.783,1.0134,0.0,NORMAL,100,100.0
13:00:48.087,1.0166,0.0,NORMAL,100,100.0
13:00:48.354,1.0095,0.0,NORMAL,100,100.0
13:00:48.571,1.0118,0.0,NORMAL,100,100.0
13:00:48.789,1.0091,0.0,NORMAL,100,100.0
13:00:49.020,1.0093,0.0,NORMAL,100,100.0
13:00:49.245,1.0011,0.0,NORMAL,100,100.0
13:00:49.487,1.0145,0.0,NORMAL,100,100.0
13:00:49.732,1.0174,0.0,NORMAL,100,100.0
13:00:49.939,1.0041,0.0,NORMAL,100,100.0
13:00:50.157,1.0062,0.0,NORMAL,100,100.0
13:00:50.350,1.0096,0.0,NORMAL,100,100.0
13:00:50.558,1.0067,0.0,NORMAL,100,100.0
13:00:50.773,1.0057,0.0,NORMAL,100,100.0
13:00:50.988,1.0011,0.0,NORMAL,100,100.0
13:00:51.225,2.569,0.0,NORMAL,31,42.0
13:00:51.502,1.2351,1.5083,NORMAL,78,85.0
13:00:51.748,1.1925,1.5083,NORMAL,78,67.0
13:00:51.973,1.1565,1.5083,CAUTION,78,60.0
13:00:52.203,1.1493,1.5083,CAUTION,78,64.0
13:00:52.443,1.1224,1.5083,CAUTION,78,74.0
13:00:52.666,1.0987,1.5083,CAUTION,78,90.0
13:00:52.891,1.0963,0.0,CAUTION,100,64.0
13:00:53.134,1.0937,2.8333,CAUTION,69,99.0
13:00:53.398,1.0636,0.0,CAUTION,100,41.0
13:00:53.606,1.0583,0.0,CAUTION,100,39.0
13:00:53.892,1.061,2.05,CAUTION,71,99.0
13:00:54.134,1.0202,0.0,NORMAL,100,60.0
13:00:54.350,1.0307,0.0,NORMAL,100,80.0
13:00:54.583,1.0163,4.6149,NORMAL,43,76.5
13:00:54.809,1.0356,4.6149,NORMAL,43,76.5
13:00:55.037,1.0164,1.4667,NORMAL,78,62.0
13:00:55.282,1.0223,1.4667,CAUTION,78,62.0
13:00:55.511,1.0262,1.4667,CAUTION,78,63.0
13:00:55.730,1.0006,0.0,CAUTION,100,99.0
13:00:55.961,1.0102,1.4667,CAUTION,78,61.0
13:00:56.198,1.0084,1.4667,CAUTION,78,57.0
13:00:56.432,1.0252,1.4667,CAUTION,78,58.0
13:00:56.732,1.0138,1.4667,CAUTION,78,58.0
13:00:57.037,1.0042,0.0,CAUTION,100,100.0
13:00:57.296,1.0023,0.0,CAUTION,100,100.0
13:00:57.548,1.0043,0.0,CAUTION,100,100.0
13:00:57.863,1.0146,0.0,NORMAL,100,100.0
13:00:58.183,1.0098,0.0,NORMAL,100,100.0
13:00:58.458,1.0047,0.0,NORMAL,100,100.0
13:00:58.780,1.0081,0.0,NORMAL,100,100.0
13:00:59.069,1.0142,0.0,NORMAL,100,100.0
13:00:59.370,1.0009,0.0,NORMAL,100,100.0
13:00:59.670,1.0184,0.0,NORMAL,100,100.0
13:00:59.927,1.0059,0.0,NORMAL,100,100.0
13:01:00.138,1.0183,0.0,NORMAL,100,100.0
13:01:00.386,1.0111,0.0,NORMAL,100,100.0
13:01:00.645,1.0029,0.0,NORMAL,100,100.0
13:01:00.890,1.0032,0.0,NORMAL,100,100.0
13:01:01.112,1.0014,0.0,NORMAL,100,100.0
13:01:01.344,1.0134,0.0,NORMAL,100,100.0
13:01:01.563,1.0166,0.0,NORMAL,100,100.0
13:01:01.782,1.0062,0.0,NORMAL,100,100.0
13:01:02.012,1.0025,0.0,NORMAL,100,100.0
13:01:02.220,1.0098,0.0,NORMAL,100,100.0
13:01:02.443,1.0028,0.0,NORMAL,100,100.0
13:01:02.656,1.0092,0.0,NORMAL,100,100.0
13:01:02.884,1.0041,0.0,NORMAL,100,100.0
13:01:03.175,1.0094,0.0,NORMAL,100,100.0
13:01:03.394,1.0077,0.0,NORMAL,100,100.0
13:01:03.603,1.0161,0.0,NORMAL,100,100.0
13:01:03.830,1.0152,0.0,NORMAL,100,100.0
13:01:04.036,1.0064,0.0,NORMAL,100,100.0
13:01:04.263,1.0154,0.0,NORMAL,100,100.0
13:01:04.468,1.009,0.0,NORMAL,100,100.0
13:01:04.675,1.0086,0.0,NORMAL,100,100.0
13:01:04.890,1.0156,0.0,NORMAL,100,100.0
13:01:05.113,1.0172,0.0,NORMAL,100,100.0
13:01:05.330,1.003,0.0,NORMAL,100,100.0
13:01:05.530,1.019,0.0,NORMAL,100,100.0
13:01:05.744,1.0155,0.0,NORMAL,100,100.0
13:01:05.961,1.0054,0.0,NORMAL,100,100.0
13:01:06.167,1.0051,0.0,NORMAL,100,100.0
13:01:06.390,1.0157,0.0,NORMAL,100,100.0
13:01:06.620,1.0181,2.0,NORMAL,78,59.0
13:01:06.849,1.0139,0.0,NORMAL,100,98.0
13:01:07.063,1.0163,0.0,NORMAL,100,100.0
13:01:07.333,1.0119,0.0,NORMAL,100,100.0
13:01:07.606,1.0068,2.0,NORMAL,78,59.0
13:01:07.902,1.002,0.0,NORMAL,100,100.0
13:01:08.105,1.0068,0.0,NORMAL,100,100.0
13:01:08.317,1.0044,0.0,NORMAL,100,100.0
13:01:08.541,1.0032,0.0,NORMAL,100,100.0
13:01:08.761,1.0136,0.0,NORMAL,100,100.0
13:01:08.971,1.0088,0.0,NORMAL,100,100.0
13:01:09.186,1.0088,0.0,NORMAL,100,100.0
13:01:09.399,1.0167,0.0,NORMAL,100,100.0
13:01:09.622,1.0111,0.0,NORMAL,100,100.0
13:01:09.844,1.0143,0.0,NORMAL,100,99.0
13:01:10.081,1.0002,0.0,NORMAL,100,100.0
13:01:10.319,1.0076,0.0,NORMAL,100,100.0
13:01:10.542,1.0075,0.0,NORMAL,100,100.0
13:01:10.757,1.0051,0.0,NORMAL,100,100.0
13:01:10.980,1.0126,1.4071,NORMAL,80,57.0
13:01:11.222,1.011,1.4071,NORMAL,80,58.0
13:01:11.479,1.014,1.4071,NORMAL,80,59.0
13:01:11.756,1.0102,1.4071,CAUTION,80,58.0
13:01:12.035,1.0164,1.4071,CAUTION,80,59.0
13:01:12.343,1.0068,1.4071,CAUTION,80,57.0
13:01:12.595,1.0044,1.4071,CAUTION,80,59.0
13:01:12.916,1.0072,2.1667,CAUTION,76,56.0
13:01:13.184,1.004,2.1667,CAUTION,76,56.0
13:01:13.442,1.0175,0.0,CAUTION,100,100.0
13:01:13.696,1.0131,0.0,CAUTION,100,100.0
13:01:13.923,1.001,0.0,CAUTION,100,100.0
13:01:14.148,1.0115,0.0,NORMAL,100,100.0
13:01:14.364,1.0135,0.0,NORMAL,100,100.0
13:01:14.616,1.004,0.0,NORMAL,100,100.0
13:01:14.896,1.0135,0.0,NORMAL,100,100.0
13:01:15.155,1.015,0.0,NORMAL,100,100.0
13:01:15.443,1.0024,0.0,NORMAL,100,100.0
13:01:15.725,1.0144,0.0,NORMAL,100,100.0
13:01:16.010,1.0044,0.0,NORMAL,100,100.0
13:01:16.268,1.0162,0.0,NORMAL,100,100.0
13:01:16.493,1.003,0.0,NORMAL,100,100.0
13:01:16.742,1.0123,0.0,NORMAL,100,100.0
13:01:17.034,1.0108,0.0,NORMAL,100,100.0
13:01:17.314,1.0171,0.0,NORMAL,100,100.0
13:01:17.607,1.0067,0.0,NORMAL,100,100.0
13:01:17.825,1.0113,0.0,NORMAL,100,100.0
13:01:18.061,1.0177,0.0,NORMAL,100,100.0
13:01:18.308,1.0096,1.3417,NORMAL,80,59.0
13:01:18.582,1.0109,1.3417,NORMAL,80,62.0
13:01:18.829,1.016,1.3417,NORMAL,80,59.0
13:01:19.036,1.0102,1.3417,CAUTION,80,58.0
13:01:19.266,1.005,1.3417,CAUTION,80,57.0
13:01:19.493,1.0158,1.3417,CAUTION,80,59.0
13:01:19.724,1.0045,1.3417,CAUTION,80,56.0
13:01:19.942,1.0049,1.3417,CAUTION,80,57.0
13:01:20.161,1.0096,4.2653,CAUTION,48,68.4
13:01:20.372,1.0042,4.2653,CAUTION,48,68.4
13:01:20.584,1.0029,4.2653,CAUTION,48,67.4
13:01:20.811,1.0033,4.2653,HAZARD,48,67.4
13:01:21.024,1.0102,4.2653,HAZARD,48,68.4
13:01:21.293,1.012,4.2653,HAZARD,48,69.4
13:01:21.512,1.0147,4.2653,HAZARD,48,70.4
13:01:21.761,1.0062,2.8333,HAZARD,69,73.5
13:01:21.980,1.0081,2.8333,HAZARD,69,73.5
13:01:22.202,1.0118,2.8333,HAZARD,69,74.5
13:01:22.408,1.0022,2.8333,CAUTION,69,74.5
13:01:22.625,1.0083,2.8333,CAUTION,69,72.5
13:01:22.855,1.0139,2.8333,CAUTION,69,73.5
13:01:23.073,1.0049,2.8333,CAUTION,69,73.5
13:01:23.301,1.0158,2.8333,CAUTION,69,75.5
13:01:23.595,1.0157,2.8333,CAUTION,69,75.5
13:01:23.864,1.0039,2.8333,CAUTION,69,73.5
13:01:24.085,1.0076,2.8333,CAUTION,69,73.5
13:01:24.313,1.0097,2.3,CAUTION,68,76.0
13:01:24.591,1.0002,2.3,CAUTION,68,77.0
13:01:24.853,1.0023,3.0,CAUTION,68,75.0
13:01:25.134,1.0056,2.3,CAUTION,68,74.0
13:01:25.442,1.0177,2.3,CAUTION,68,76.0
13:01:25.737,1.0018,3.0,CAUTION,68,75.0
13:01:26.014,1.0064,3.0,CAUTION,68,77.0
13:01:26.334,1.0175,3.0,CAUTION,68,77.0
13:01:26.579,1.0105,0.0,CAUTION,100,100.0
13:01:26.836,1.0009,3.0,CAUTION,68,79.0
13:01:27.112,1.0089,3.0,CAUTION,68,76.0
13:01:27.368,1.0017,0.0,CAUTION,100,100.0
13:01:27.579,1.0008,0.0,CAUTION,100,100.0
13:01:27.807,1.0099,0.0,NORMAL,100,100.0
13:01:28.047,1.0072,0.0,NORMAL,100,100.0
13:01:28.255,1.0114,0.0,NORMAL,100,100.0
13:01:28.483,1.0159,1.6125,NORMAL,76,60.0
13:01:28.724,1.0097,1.6125,NORMAL,76,58.0
13:01:28.952,1.0056,1.6125,NORMAL,76,58.0
13:01:29.163,1.0017,1.6125,CAUTION,76,57.0
13:01:29.389,1.0178,1.6125,CAUTION,76,58.0
13:01:29.609,1.0069,3.0,CAUTION,68,74.0
13:01:29.836,1.3843,3.0,CAUTION,68,78.0
13:01:30.056,1.0457,3.0,CAUTION,68,83.0
13:01:30.267,1.0572,3.0,CAUTION,68,99.0
13:01:30.480,1.0531,0.0,CAUTION,100,48.0
13:01:30.747,1.0244,0.0,CAUTION,100,60.0
13:01:31.006,1.0477,0.0,CAUTION,100,80.0
13:01:31.223,1.01,0.0,NORMAL,100,99.0
13:01:31.450,1.0233,0.0,NORMAL,100,100.0
13:01:31.679,1.0268,0.0,NORMAL,100,100.0
13:01:31.891,1.0321,1.6125,NORMAL,76,62.0
13:01:32.118,1.0271,1.6125,NORMAL,76,62.0
13:01:32.341,1.012,1.6125,NORMAL,76,61.0
13:01:32.566,1.0055,1.6125,CAUTION,76,59.0
13:01:32.807,1.0014,1.6125,CAUTION,76,57.0
13:01:33.048,1.0071,1.6125,CAUTION,76,55.0
13:01:33.270,1.0077,1.6125,CAUTION,76,56.0
13:01:33.493,1.0034,1.6125,CAUTION,76,56.0
13:01:33.739,1.0036,0.0,CAUTION,100,100.0
13:01:33.998,1.0102,0.0,CAUTION,100,100.0
13:01:34.252,1.0022,0.0,CAUTION,100,100.0
13:01:34.478,1.0074,0.0,NORMAL,100,100.0
13:01:34.692,1.0234,0.0,NORMAL,100,100.0
13:01:34.914,1.0153,0.0,NORMAL,100,100.0
13:01:35.128,1.0131,0.0,NORMAL,100,100.0
13:01:35.349,1.0034,0.0,NORMAL,100,100.0
13:01:35.547,1.0043,0.0,NORMAL,100,100.0
13:01:35.765,1.0071,0.0,NORMAL,100,100.0
13:01:35.989,1.0105,0.0,NORMAL,100,100.0
13:01:36.232,1.0211,0.0,NORMAL,100,100.0
13:01:36.489,1.0164,1.65,NORMAL,76,59.0
13:01:36.748,1.0048,1.65,NORMAL,76,59.0
13:01:37.004,1.0113,1.65,NORMAL,76,60.0
13:01:37.230,1.0037,1.65,CAUTION,76,57.0
13:01:37.475,1.0026,1.65,CAUTION,76,57.0
13:01:37.696,1.0108,1.65,CAUTION,76,58.0
13:01:37.923,1.0116,1.65,CAUTION,76,58.0
13:01:38.145,1.0032,1.65,CAUTION,76,57.0
13:01:38.358,1.0078,0.0,CAUTION,100,100.0
13:01:38.590,1.0003,0.0,CAUTION,100,100.0
13:01:38.839,1.0037,0.0,CAUTION,100,100.0
13:01:39.057,1.0097,0.0,NORMAL,100,100.0
13:01:39.274,1.0019,1.4429,NORMAL,79,59.0
13:01:39.503,1.0043,0.0,NORMAL,100,100.0
13:01:39.708,1.0133,0.0,NORMAL,100,100.0
13:01:39.922,1.0069,0.0,NORMAL,100,100.0
13:01:40.144,1.0157,1.4429,NORMAL,79,59.0
13:01:40.376,1.0123,1.4429,NORMAL,79,58.0
13:01:40.588,1.0088,1.4429,CAUTION,79,58.0
13:01:41.038,1.0155,1.4429,CAUTION,79,59.0
13:01:41.326,1.0169,0.0,CAUTION,100,100.0
13:01:41.607,1.0037,0.0,CAUTION,100,100.0
13:01:41.857,1.0059,0.0,CAUTION,100,100.0
13:01:42.152,1.0078,0.0,NORMAL,100,100.0
13:01:42.410,1.0111,0.0,NORMAL,100,100.0
13:01:42.704,1.0099,1.3139,NORMAL,80,58.0
13:01:43.020,1.0142,1.3139,NORMAL,80,60.0
13:01:43.259,1.0071,1.3139,NORMAL,80,57.0
13:01:43.494,1.0044,1.3139,CAUTION,80,57.0
13:01:43.745,1.0016,0.0,CAUTION,100,100.0
13:01:43.962,1.0107,0.0,CAUTION,100,100.0
13:01:44.180,1.0169,1.3139,CAUTION,80,59.0
13:01:44.479,1.0008,1.3139,CAUTION,80,57.0
13:01:44.759,1.0114,3.0,CAUTION,68,80.0
13:01:45.048,1.0025,3.0,CAUTION,68,76.0
13:01:45.321,1.0123,3.0,CAUTION,68,76.0
13:01:45.565,1.0115,3.0,CAUTION,68,76.0
13:01:45.791,1.0087,3.0,CAUTION,68,75.0
13:01:46.021,1.0135,3.0,CAUTION,68,76.0
13:01:46.296,1.0178,3.0,CAUTION,68,78.0
13:01:46.540,1.0086,0.0,CAUTION,100,100.0
13:01:46.828,1.0098,0.0,CAUTION,100,100.0
13:01:47.098,1.0097,0.0,CAUTION,100,100.0
13:01:47.406,1.0035,0.0,NORMAL,100,100.0
13:01:47.629,1.0076,0.0,NORMAL,100,100.0
13:01:47.861,1.0181,0.0,NORMAL,100,100.0
13:01:48.077,1.019,4.664,NORMAL,42,74.0
13:01:48.309,1.0044,4.664,NORMAL,42,74.0
13:01:48.544,1.007,4.6515,NORMAL,42,73.9
13:01:48.765,1.0109,4.6515,HAZARD,42,72.9
13:01:48.981,1.0097,4.6515,HAZARD,42,72.9
13:01:49.210,1.005,4.6515,HAZARD,42,71.9
13:01:49.459,1.013,4.6515,HAZARD,42,72.9
13:01:49.667,1.0124,4.6515,HAZARD,42,72.9
13:01:49.906,1.0049,4.6515,HAZARD,42,71.9
13:01:50.125,1.0106,4.6515,HAZARD,42,71.9
13:01:50.354,1.447,3.0,HAZARD,68,72.0
13:01:50.580,1.0628,3.0,HAZARD,68,99.0
13:01:50.802,1.0595,3.0,HAZARD,68,99.0
13:01:51.021,1.0548,3.0,CAUTION,68,99.0
13:01:51.240,1.0394,3.0,CAUTION,68,99.0
13:01:51.460,1.0306,3.0,CAUTION,68,99.0
13:01:51.687,1.0162,3.0,CAUTION,68,80.0
13:01:51.915,1.0308,3.0,CAUTION,68,80.0
13:01:52.177,1.0275,3.0,CAUTION,68,80.0
13:01:52.414,1.0338,3.0,CAUTION,68,80.0
13:01:52.670,1.0236,3.0,CAUTION,68,80.0
13:01:52.992,1.0084,3.0,CAUTION,68,78.0
13:01:53.293,1.0055,3.0,CAUTION,68,77.0
13:01:53.546,1.0017,3.0,CAUTION,68,75.0
13:01:53.836,1.018,3.0,CAUTION,68,76.0
13:01:54.093,1.018,3.0,CAUTION,68,77.0
13:01:54.368,1.0125,3.0,CAUTION,68,79.0
13:01:54.602,1.0128,3.0,CAUTION,68,79.0
13:01:54.835,1.0036,3.0,CAUTION,68,75.0
13:01:55.131,1.0028,3.0,CAUTION,68,75.0
13:01:55.366,1.0064,3.0,CAUTION,68,74.0
13:01:55.597,1.0066,3.0,CAUTION,68,74.0
13:01:55.824,1.008,3.0,CAUTION,68,74.0
13:01:56.079,1.0079,3.0,CAUTION,68,74.0
13:01:56.368,1.0067,3.0,CAUTION,68,74.0
13:01:56.678,1.0007,3.0,CAUTION,68,75.0
13:01:56.956,1.0077,3.0,CAUTION,68,73.0
13:01:57.256,1.0058,3.0,CAUTION,68,74.0
13:01:57.476,1.0064,3.0,CAUTION,68,74.0
13:01:57.710,1.0026,3.0,CAUTION,68,75.0
13:01:57.947,1.0175,3.0,CAUTION,68,76.0
13:01:58.163,1.0132,3.0,CAUTION,68,76.0
13:01:58.379,1.0126,3.0,CAUTION,68,79.0
13:01:58.598,1.0051,3.0,CAUTION,68,75.0
13:01:58.823,1.0075,0.0,CAUTION,100,100.0
13:01:59.037,1.0158,0.0,CAUTION,100,100.0
13:01:59.250,1.0007,0.0,CAUTION,100,100.0
13:01:59.460,1.0038,0.0,NORMAL,100,100.0
13:01:59.663,1.001,0.0,NORMAL,100,100.0
13:01:59.881,1.002,0.0,NORMAL,100,100.0
13:02:00.091,1.0134,0.0,NORMAL,100,100.0
13:02:00.331,1.0125,0.0,NORMAL,100,100.0
13:02:00.556,1.0006,0.0,NORMAL,100,100.0
13:02:00.755,1.0171,0.0,NORMAL,100,100.0
13:02:00.995,1.002,0.0,NORMAL,100,100.0
13:02:01.232,1.0022,0.0,NORMAL,100,100.0
13:02:01.452,1.0035,0.0,NORMAL,100,100.0
13:02:01.660,1.0094,0.0,NORMAL,100,100.0
13:02:01.875,1.0134,0.0,NORMAL,100,100.0
13:02:02.131,1.0059,0.0,NORMAL,100,100.0
13:02:02.404,1.0026,0.0,NORMAL,100,100.0
13:02:02.627,1.002,0.0,NORMAL,100,100.0
13:02:02.915,1.4614,0.0,NORMAL,100,78.0
13:02:03.186,1.053,0.0,NORMAL,100,63.0
13:02:03.401,1.0441,0.0,NORMAL,100,51.0
13:02:03.616,1.0338,0.0,NORMAL,100,81.0
13:02:03.858,1.0491,0.0,NORMAL,100,100.0
13:02:04.094,1.0531,0.0,NORMAL,100,71.0
13:02:04.321,1.0292,0.0,NORMAL,100,74.0
13:02:04.554,1.0373,0.0,NORMAL,100,80.0
13:02:04.755,1.0338,0.0,NORMAL,100,100.0
13:02:04.971,1.0009,0.0,NORMAL,100,99.0
13:02:05.178,1.0191,0.0,NORMAL,100,100.0
13:02:05.389,1.0194,0.0,NORMAL,100,100.0
13:02:05.610,1.0219,0.0,NORMAL,100,100.0
13:02:05.829,1.0068,0.0,NORMAL,100,100.0
13:02:06.067,1.0089,0.0,NORMAL,100,100.0
13:02:06.280,1.0019,0.0,NORMAL,100,100.0
13:02:06.510,1.0027,0.0,NORMAL,100,100.0
13:02:06.738,1.0225,0.0,NORMAL,100,100.0
13:02:06.962,1.0122,0.0,NORMAL,100,100.0
13:02:07.185,1.0182,0.0,NORMAL,100,100.0
13:02:07.398,1.0128,0.0,NORMAL,100,100.0
13:02:07.619,1.0144,0.0,NORMAL,100,100.0
13:02:07.831,1.0141,0.0,NORMAL,100,100.0
13:02:08.050,1.0112,4.0288,NORMAL,50,59.0
13:02:08.295,1.0083,4.0288,NORMAL,50,57.0
13:02:08.530,1.0019,0.0,NORMAL,100,100.0
13:02:08.755,1.006,0.0,NORMAL,100,100.0
13:02:08.971,1.0025,0.0,NORMAL,100,100.0
13:02:09.235,1.0085,0.0,NORMAL,100,100.0
13:02:09.490,1.0063,0.0,NORMAL,100,100.0
13:02:09.713,1.0018,0.0,NORMAL,100,100.0
13:02:10.022,1.02,0.0,NORMAL,100,100.0
13:02:10.321,1.0086,0.0,NORMAL,100,100.0
13:02:10.560,1.0124,0.0,NORMAL,100,100.0
13:02:10.882,1.0035,0.0,NORMAL,100,100.0
13:02:11.171,1.0051,0.0,NORMAL,100,100.0
13:02:11.450,1.0053,1.3962,NORMAL,80,56.0
13:02:11.719,1.004,1.3962,NORMAL,80,56.0
13:02:11.965,1.0169,1.3962,NORMAL,80,58.0
13:02:12.174,1.0105,1.3962,CAUTION,80,58.0
13:02:12.399,1.0111,1.3962,CAUTION,80,61.0
13:02:12.613,1.0128,1.3962,CAUTION,80,58.0
13:02:12.863,1.0032,1.3962,CAUTION,80,57.0
13:02:13.087,1.0093,0.0,CAUTION,100,100.0
13:02:13.299,1.0101,0.0,CAUTION,100,100.0
13:02:13.524,1.0026,0.0,CAUTION,100,100.0
13:02:13.746,1.0104,0.0,NORMAL,100,100.0
13:02:14.100,1.0188,0.0,NORMAL,100,100.0
13:02:14.589,1.004,0.0,NORMAL,100,100.0
13:02:14.860,1.0084,1.625,NORMAL,76,60.0
13:02:15.124,1.0006,1.625,NORMAL,76,58.0
13:02:15.429,1.0034,1.625,NORMAL,76,56.0
13:02:15.670,1.0148,1.625,CAUTION,76,58.0
13:02:15.907,1.0154,5.0,CAUTION,37,77.0
13:02:16.155,1.0024,5.0,CAUTION,37,76.0
13:02:16.431,1.0151,5.0,CAUTION,37,77.0
13:02:16.736,1.0115,5.0,HAZARD,37,76.0
13:02:17.061,1.0094,5.0,HAZARD,37,77.0
13:02:17.347,1.0012,0.0,HAZARD,100,100.0
13:02:17.583,1.0005,0.0,HAZARD,100,100.0
13:02:17.855,1.0117,0.0,HAZARD,100,100.0
13:02:18.072,1.005,0.0,NORMAL,100,100.0
13:02:18.273,1.0047,0.0,NORMAL,100,100.0
13:02:18.494,1.0115,0.0,NORMAL,100,100.0
13:02:18.711,1.0056,0.0,NORMAL,100,100.0
13:02:18.945,1.0001,0.0,NORMAL,100,100.0
13:02:19.178,1.0117,0.0,NORMAL,100,100.0
13:02:19.389,1.0106,0.0,NORMAL,100,100.0
13:02:19.609,1.0044,2.3,NORMAL,68,74.0
13:02:19.858,1.002,2.3,NORMAL,68,75.0
13:02:20.081,1.0043,2.3,NORMAL,68,74.0
13:02:20.292,1.0041,2.3,CAUTION,68,74.0
13:02:20.513,1.0139,2.3,CAUTION,68,76.0
13:02:20.718,1.0058,2.3,CAUTION,68,75.0
13:02:20.944,1.0147,2.3,CAUTION,68,76.0
13:02:21.150,1.0014,2.3,CAUTION,68,75.0
13:02:21.410,1.0057,2.3,CAUTION,68,75.0
13:02:21.649,1.0015,1.6482,CAUTION,76,57.0
13:02:21.872,1.0068,1.6482,CAUTION,76,55.0
13:02:22.093,1.0098,1.6482,CAUTION,76,58.0
13:02:22.320,1.0077,1.6482,CAUTION,76,57.0
13:02:22.545,1.0029,1.6482,CAUTION,76,56.0
13:02:22.769,1.004,1.6482,CAUTION,76,56.0
13:02:23.039,1.0003,1.6482,CAUTION,76,57.0
13:02:23.272,1.0123,1.6482,CAUTION,76,58.0
13:02:23.512,1.0123,0.0,CAUTION,100,100.0
13:02:23.760,1.0095,0.0,CAUTION,100,100.0
13:02:23.982,1.006,0.0,CAUTION,100,100.0
13:02:24.211,1.0065,0.0,NORMAL,100,100.0
13:02:24.432,1.0093,0.0,NORMAL,100,100.0
13:02:24.664,1.009,0.0,NORMAL,100,100.0
13:02:24.885,1.017,0.0,NORMAL,100,100.0
13:02:25.110,1.0166,0.0,NORMAL,100,100.0
13:02:25.323,1.0042,0.0,NORMAL,100,100.0
13:02:25.528,1.0119,0.0,NORMAL,100,100.0
13:02:25.739,1.006,0.0,NORMAL,100,100.0
13:02:25.995,1.0083,0.0,NORMAL,100,100.0
13:02:26.207,1.0077,0.0,NORMAL,100,100.0
13:02:26.435,1.0107,0.0,NORMAL,100,100.0
13:02:26.637,1.0063,0.0,NORMAL,100,100.0
13:02:26.838,1.0077,0.0,NORMAL,100,100.0
13:02:27.052,1.0104,0.0,NORMAL,100,100.0
13:02:27.250,1.0079,0.0,NORMAL,100,100.0
13:02:27.474,2.5384,0.0,NORMAL,32,43.0
13:02:27.679,1.2404,0.0,NORMAL,100,63.0
13:02:27.916,1.1836,0.0,NORMAL,100,86.0
13:02:28.137,1.1874,0.0,NORMAL,100,98.0
13:02:28.350,1.156,0.0,NORMAL,100,98.0
13:02:28.562,1.1301,0.0,NORMAL,100,97.0
13:02:28.814,1.0899,0.0,NORMAL,100,76.0
13:02:29.036,1.1013,0.0,NORMAL,100,63.0
13:02:29.258,1.0707,0.0,NORMAL,100,45.0
13:02:29.462,1.0459,0.0,NORMAL,100,45.0
13:02:29.686,1.0552,0.0,NORMAL,100,53.0
13:02:29.950,1.3088,0.0,NORMAL,100,77.0
13:02:30.192,1.0845,0.0,NORMAL,100,79.0
13:02:30.497,1.074,0.0,NORMAL,100,67.0
13:02:30.801,1.0676,0.0,NORMAL,100,41.0
13:02:31.107,1.0557,0.0,NORMAL,100,39.0
13:02:31.336,1.0529,1.4094,NORMAL,80,90.0
13:02:31.620,1.0316,1.4094,NORMAL,80,86.0
13:02:31.900,1.0278,1.4094,NORMAL,80,82.0
13:02:32.224,1.0282,1.4094,CAUTION,80,62.0
13:02:32.493,1.0169,1.4094,CAUTION,80,62.0
13:02:32.734,1.0242,0.0,CAUTION,100,100.0
13:02:33.013,1.0072,0.0,CAUTION,100,100.0
13:02:33.295,1.0332,0.0,CAUTION,100,100.0
13:02:33.536,1.0203,0.0,NORMAL,100,100.0
13:02:33.769,1.0039,0.0,NORMAL,100,100.0
13:02:33.974,1.0007,0.0,NORMAL,100,100.0
13:02:34.214,1.0205,0.0,NORMAL,100,100.0
13:02:34.479,1.0002,0.0,NORMAL,100,100.0
13:02:34.724,1.0121,0.0,NORMAL,100,100.0
13:02:34.960,1.0055,0.0,NORMAL,100,100.0
13:02:35.189,1.0001,0.0,NORMAL,100,100.0
13:02:35.400,1.0036,4.1372,NORMAL,49,56.0
13:02:35.630,1.017,4.1372,NORMAL,49,58.0
13:02:35.863,1.0153,4.1372,NORMAL,49,59.0
13:02:36.087,1.0082,4.1372,HAZARD,49,60.0
13:02:36.311,1.0042,4.1372,HAZARD,49,57.0
13:02:36.532,1.0103,4.1372,HAZARD,49,57.0
13:02:36.809,1.0115,4.1372,HAZARD,49,58.0
13:02:37.050,1.0073,4.1372,HAZARD,49,56.0
13:02:37.332,1.0171,0.0,HAZARD,100,100.0
13:02:37.574,1.0083,0.0,HAZARD,100,100.0
13:02:37.824,1.012,0.0,HAZARD,100,100.0
13:02:38.055,1.0154,0.0,NORMAL,100,100.0
13:02:38.317,1.0118,0.0,NORMAL,100,100.0
13:02:38.605,1.0216,0.0,NORMAL,100,100.0
13:02:38.843,1.0125,0.0,NORMAL,100,100.0
13:02:39.053,1.0057,4.1372,NORMAL,49,60.0
13:02:39.280,1.0055,4.1372,NORMAL,49,56.0
13:02:39.507,1.0029,4.1372,NORMAL,49,57.0
13:02:39.728,1.006,4.1372,HAZARD,49,56.0
13:02:39.954,1.0157,4.1372,HAZARD,49,59.0
13:02:40.179,1.0027,4.1372,HAZARD,49,57.0
13:02:40.395,1.002,4.1372,HAZARD,49,58.0
13:02:40.603,1.0074,4.1372,HAZARD,49,55.0
13:02:40.831,1.0129,4.1372,HAZARD,49,57.0
13:02:41.090,1.0161,0.0,HAZARD,100,100.0
13:02:41.302,1.0061,0.0,HAZARD,100,100.0
13:02:41.525,1.0035,0.0,HAZARD,100,100.0
13:02:41.748,1.019,0.0,NORMAL,100,100.0
13:02:41.972,1.0012,0.0,NORMAL,100,100.0
13:02:42.201,1.0144,4.2606,NORMAL,48,72.3
13:02:42.415,1.007,4.2606,NORMAL,48,68.3
13:02:42.638,1.0046,4.2606,NORMAL,48,68.3
13:02:42.885,1.0113,4.2606,HAZARD,48,68.3
13:02:43.128,1.0041,0.0,HAZARD,100,100.0
13:02:43.368,1.0026,0.0,HAZARD,100,100.0
13:02:43.616,1.0052,0.0,HAZARD,100,100.0
13:02:43.819,1.0076,4.4522,HAZARD,45,69.1
13:02:44.043,1.0209,4.4522,HAZARD,45,71.1
13:02:44.300,1.0175,4.4522,HAZARD,45,72.1
13:02:44.566,1.0082,4.4522,HAZARD,45,73.1
13:02:44.827,1.0016,4.4522,HAZARD,45,73.1
13:02:45.055,1.013,0.0,HAZARD,100,100.0
13:02:45.279,1.0052,3.0,HAZARD,68,75.0
13:02:45.497,1.0061,3.0,HAZARD,68,74.0
13:02:45.721,1.0006,0.0,HAZARD,100,100.0
13:02:45.933,1.0142,3.0,CAUTION,68,76.0
13:02:46.152,1.0034,2.0,CAUTION,78,56.0
13:02:46.414,1.0057,3.0,CAUTION,68,75.0
13:02:46.678,1.0048,3.0,CAUTION,68,74.0
13:02:46.966,1.0082,3.0,CAUTION,68,74.0
13:02:47.206,1.0129,0.0,CAUTION,100,100.0
13:02:47.417,1.0043,0.0,CAUTION,100,100.0
13:02:47.633,1.0099,0.0,CAUTION,100,100.0
13:02:47.857,1.005,0.0,NORMAL,100,100.0
13:02:48.068,1.009,0.0,NORMAL,100,100.0
13:02:48.292,1.0063,0.0,NORMAL,100,100.0
13:02:48.496,1.001,0.0,NORMAL,100,100.0
13:02:48.720,1.0134,0.0,NORMAL,100,100.0
13:02:48.946,1.0107,0.0,NORMAL,100,100.0
13:02:49.195,2.5759,0.0,NORMAL,31,46.0
13:02:49.426,1.2468,1.3089,NORMAL,80,83.0
13:02:49.657,1.1916,1.3089,NORMAL,80,67.0
13:02:49.896,1.1649,1.3089,CAUTION,80,60.0
13:02:50.127,1.159,1.3089,CAUTION,80,60.0
13:02:50.366,1.1138,1.5308,CAUTION,78,65.0
13:02:50.639,1.1219,1.5308,CAUTION,78,83.0
13:02:50.864,1.1031,1.5308,CAUTION,78,89.0
13:02:51.088,1.0617,1.5434,CAUTION,78,90.0
13:02:51.372,1.0782,1.5434,CAUTION,78,90.0
13:02:51.608,1.0546,1.6289,CAUTION,76,89.0
13:02:51.865,1.0529,1.6289,CAUTION,76,91.0
13:02:52.098,1.0447,1.6289,CAUTION,76,86.0
13:02:52.330,1.0118,1.6289,CAUTION,76,77.0
13:02:52.549,1.0398,1.6289,CAUTION,76,64.0
13:02:52.772,1.0345,1.6289,CAUTION,76,59.0
13:02:52.994,1.0173,1.6289,CAUTION,76,62.0
13:02:53.223,1.0098,1.6289,CAUTION,76,62.0
13:02:53.446,1.0121,4.1998,CAUTION,48,62.0
13:02:53.727,1.0085,4.1998,CAUTION,48,57.0
13:02:53.941,1.0199,4.1998,CAUTION,48,58.0
13:02:54.219,1.0049,4.1998,HAZARD,48,56.0
13:02:54.541,1.001,4.1998,HAZARD,48,60.0
13:02:54.796,1.0188,0.0,HAZARD,100,100.0
13:02:55.097,1.0094,0.0,HAZARD,100,100.0
13:02:55.332,1.0065,0.0,HAZARD,100,100.0
13:02:55.555,1.0025,0.0,NORMAL,100,100.0
13:02:55.785,1.0017,0.0,NORMAL,100,100.0
13:02:56.035,1.0034,0.0,NORMAL,100,100.0
13:02:56.299,1.0027,0.0,NORMAL,100,100.0
13:02:56.550,1.0074,0.0,NORMAL,100,100.0
13:02:56.851,1.0182,0.0,NORMAL,100,100.0
13:02:57.114,1.0026,0.0,NORMAL,100,100.0
13:02:57.381,1.0079,0.0,NORMAL,100,100.0
13:02:57.589,1.0031,0.0,NORMAL,100,100.0
13:02:57.798,1.0129,0.0,NORMAL,100,100.0
13:02:58.017,1.0201,0.0,NORMAL,100,100.0
13:02:58.244,1.0078,0.0,NORMAL,100,100.0
13:02:58.465,1.0127,0.0,NORMAL,100,100.0
13:02:58.682,1.0145,0.0,NORMAL,100,100.0
13:02:58.889,1.001,0.0,NORMAL,100,100.0
13:02:59.110,1.0059,0.0,NORMAL,100,100.0
13:02:59.323,1.0023,0.0,NORMAL,100,100.0
13:02:59.540,1.0201,0.0,NORMAL,100,100.0
13:02:59.758,1.0116,0.0,NORMAL,100,100.0
13:02:59.991,1.0111,0.0,NORMAL,100,100.0
13:03:00.206,1.0144,2.3,NORMAL,68,77.0
13:03:00.420,1.0085,2.3,NORMAL,68,75.0
13:03:00.649,1.0108,2.3,NORMAL,68,77.0
13:03:00.868,1.0005,0.0,NORMAL,100,100.0
13:03:01.090,1.0045,0.0,NORMAL,100,100.0
13:03:01.300,1.0072,0.0,NORMAL,100,100.0
13:03:01.506,1.0068,0.0,NORMAL,100,100.0
13:03:01.709,1.0077,1.475,NORMAL,78,56.0
13:03:01.940,1.0133,1.475,NORMAL,78,57.0
13:03:02.178,1.0176,1.475,NORMAL,78,60.0
13:03:02.407,1.0139,1.475,CAUTION,78,58.0
13:03:02.681,1.0171,1.475,CAUTION,78,63.0
13:03:02.962,1.0013,1.475,CAUTION,78,57.0
13:03:03.175,1.0102,1.475,CAUTION,78,61.0
13:03:03.435,1.0116,1.475,CAUTION,78,58.0
13:03:03.674,1.0116,0.0,CAUTION,100,100.0
13:03:03.887,1.0094,0.0,CAUTION,100,100.0
13:03:04.099,1.0114,0.0,CAUTION,100,100.0
13:03:04.313,1.0094,0.0,NORMAL,100,100.0
13:03:04.525,1.0041,0.0,NORMAL,100,100.0
13:03:04.773,1.0147,0.0,NORMAL,100,100.0
13:03:05.016,1.0068,0.0,NORMAL,100,100.0
13:03:05.229,1.0093,0.0,NORMAL,100,100.0
13:03:05.443,1.0007,0.0,NORMAL,100,100.0
13:03:05.644,2.5492,0.0,NORMAL,32,42.0
13:03:05.852,1.2325,0.0,NORMAL,100,61.0
13:03:06.083,1.1983,0.0,NORMAL,100,86.0
13:03:06.286,1.1767,0.0,NORMAL,100,98.0
13:03:06.478,1.1524,0.0,NORMAL,100,98.0
13:03:06.679,1.1036,0.0,NORMAL,100,96.0
13:03:06.894,1.096,0.0,NORMAL,100,72.0
13:03:07.106,1.0849,0.0,NORMAL,100,59.0
13:03:07.307,1.0857,0.0,NORMAL,100,41.0
13:03:07.525,1.0753,0.0,NORMAL,100,41.0
13:03:07.757,1.0448,0.0,NORMAL,100,49.0
13:03:08.025,1.0503,0.0,NORMAL,100,67.0
13:03:08.272,1.0242,0.0,NORMAL,100,99.0
13:03:08.487,1.0156,0.0,NORMAL,100,100.0
13:03:08.805,1.0415,0.0,NORMAL,100,100.0
13:03:09.117,1.0199,0.0,NORMAL,100,99.0
13:03:09.356,1.0253,4.8692,NORMAL,39,78.8
13:03:09.612,1.0296,0.0,NORMAL,100,100.0
13:03:09.884,1.0001,4.8692,NORMAL,39,73.8
13:03:10.136,1.0001,4.8692,NORMAL,39,76.8
13:03:10.462,1.0072,4.8692,HAZARD,39,71.8
13:03:10.764,1.0098,4.8692,HAZARD,39,74.8
13:03:11.007,1.0054,2.5,HAZARD,72,70.5
13:03:11.217,1.0113,3.0,HAZARD,68,75.0
13:03:11.446,1.0096,3.0,HAZARD,68,76.0
13:03:11.672,1.02,3.0,CAUTION,68,78.0
13:03:11.894,1.0011,3.0,CAUTION,68,75.0
13:03:12.113,1.0117,3.0,CAUTION,68,80.0
13:03:12.347,1.0107,3.0,CAUTION,68,76.0
13:03:12.558,1.0097,3.0,CAUTION,68,76.0
13:03:12.803,1.0027,3.0,CAUTION,68,77.0
13:03:13.035,1.0147,3.0,CAUTION,68,76.0
13:03:13.346,1.007,3.0,CAUTION,68,75.0
13:03:13.575,1.0036,3.0,CAUTION,68,75.0
13:03:13.824,1.0028,3.0,CAUTION,68,75.0
13:03:14.089,1.0039,3.0,CAUTION,68,74.0
13:03:14.358,1.0089,3.0,CAUTION,68,75.0
13:03:14.607,1.0094,3.0,CAUTION,79,77.0
13:03:14.910,1.0015,3.0,CAUTION,76,77.0
13:03:15.142,1.0066,3.0,CAUTION,74,73.0
13:03:15.377,1.0123,3.0,CAUTION,72,75.0
13:03:15.598,1.0053,3.0,CAUTION,72,75.0
13:03:15.810,1.007,3.0,CAUTION,72,74.0
13:03:16.052,1.0073,3.0,CAUTION,72,74.0
13:03:16.276,1.0137,3.0,CAUTION,72,75.0
13:03:16.516,1.0083,3.0,CAUTION,72,75.0
13:03:16.743,1.0126,3.0,CAUTION,72,76.0
13:03:16.973,1.0094,3.0,CAUTION,68,76.0
13:03:17.227,1.0083,3.0,CAUTION,68,76.0
13:03:17.450,1.0065,3.0,CAUTION,68,74.0
13:03:17.666,1.0075,0.0,CAUTION,100,100.0
13:03:17.880,1.0119,0.0,CAUTION,100,100.0
13:03:18.108,1.016,0.0,CAUTION,100,100.0
13:03:18.368,1.0121,0.0,NORMAL,100,100.0
13:03:18.641,1.0078,0.0,NORMAL,100,100.0
13:03:18.876,1.0072,0.0,NORMAL,100,100.0
13:03:19.129,1.0103,0.0,NORMAL,100,100.0
13:03:19.376,1.0129,0.0,NORMAL,100,100.0
13:03:19.593,1.0041,0.0,NORMAL,100,100.0
13:03:19.805,1.0109,0.0,NORMAL,100,100.0
13:03:20.021,1.0075,0.0,NORMAL,100,100.0
13:03:20.221,1.0098,0.0,NORMAL,100,100.0
13:03:20.442,1.0124,0.0,NORMAL,100,100.0
13:03:20.699,1.0135,0.0,NORMAL,100,100.0
13:03:20.953,1.0124,0.0,NORMAL,100,100.0
13:03:21.204,1.0001,0.0,NORMAL,100,100.0
13:03:21.488,1.0092,0.0,NORMAL,100,100.0
13:03:21.790,1.013,0.0,NORMAL,100,100.0
13:03:22.063,1.0015,0.0,NORMAL,100,100.0
13:03:22.306,1.0054,0.0,NORMAL,100,100.0
13:03:22.563,1.0096,0.0,NORMAL,100,100.0
13:03:22.795,1.0157,0.0,NORMAL,100,100.0
13:03:23.013,1.0035,0.0,NORMAL,100,100.0
13:03:23.216,1.0142,0.0,NORMAL,100,100.0
13:03:23.463,1.0044,0.0,NORMAL,100,100.0
13:03:23.695,1.0101,0.0,NORMAL,100,100.0
13:03:23.910,1.0091,0.0,NORMAL,100,100.0
13:03:24.135,1.0032,0.0,NORMAL,100,100.0
13:03:24.344,1.0079,0.0,NORMAL,100,100.0
13:03:24.570,1.0065,0.0,NORMAL,100,100.0
13:03:24.784,1.0157,0.0,NORMAL,100,100.0
13:03:25.030,1.4528,0.0,NORMAL,100,81.0
13:03:25.248,1.0844,0.0,NORMAL,100,69.0
13:03:25.462,1.0503,0.0,NORMAL,100,51.0
13:03:25.673,1.0446,0.0,NORMAL,100,68.0
13:03:25.899,1.0396,0.0,NORMAL,100,100.0
13:03:26.138,1.0253,0.0,NORMAL,100,100.0
13:03:26.357,1.0445,0.0,NORMAL,100,100.0
13:03:26.579,1.0116,0.0,NORMAL,100,99.0
13:03:26.793,1.0085,0.0,NORMAL,100,100.0
13:03:27.039,1.0196,0.0,NORMAL,100,100.0
13:03:27.270,1.0352,0.0,NORMAL,100,100.0
13:03:27.513,1.0043,0.0,NORMAL,100,99.0
13:03:27.739,1.0117,0.0,NORMAL,100,100.0
13:03:27.985,1.0261,0.0,NORMAL,100,100.0
13:03:28.242,1.0057,0.0,NORMAL,100,100.0
13:03:28.471,1.0004,0.0,NORMAL,100,100.0
13:03:28.725,1.001,0.0,NORMAL,100,100.0
13:03:28.952,1.0007,0.0,NORMAL,100,100.0
13:03:29.163,1.412,0.0,NORMAL,100,78.0
13:03:29.388,1.0646,0.0,NORMAL,100,64.0
13:03:29.631,1.0681,0.0,NORMAL,100,62.0
13:03:29.871,1.0482,0.0,NORMAL,100,51.0
13:03:30.092,1.0426,0.0,NORMAL,100,69.0
13:03:30.339,1.0504,0.0,NORMAL,100,100.0
13:03:30.556,1.0205,0.0,NORMAL,100,99.0
13:03:30.764,1.0169,0.0,NORMAL,100,100.0
13:03:30.995,1.0152,0.0,NORMAL,100,100.0
13:03:31.251,1.0096,0.0,NORMAL,100,100.0
13:03:31.515,1.0258,0.0,NORMAL,100,100.0
13:03:31.816,1.0105,0.0,NORMAL,100,100.0
13:03:32.055,1.0285,0.0,NORMAL,100,100.0
13:03:32.285,1.0163,0.0,NORMAL,100,100.0
13:03:32.504,1.0023,0.0,NORMAL,100,100.0
13:03:32.738,1.0183,0.0,NORMAL,100,100.0
13:03:33.001,1.0209,0.0,NORMAL,100,100.0
13:03:33.250,1.0136,0.0,NORMAL,100,100.0
13:03:33.474,1.0063,0.0,NORMAL,100,100.0
13:03:33.724,1.015,0.0,NORMAL,100,100.0
13:03:33.947,1.0053,0.0,NORMAL,100,100.0
13:03:34.149,1.0094,0.0,NORMAL,100,100.0
13:03:34.363,1.0053,0.0,NORMAL,100,100.0
13:03:34.592,1.0064,0.0,NORMAL,100,100.0
13:03:34.808,1.0134,0.0,NORMAL,100,100.0
13:03:35.055,1.0027,0.0,NORMAL,100,100.0
13:03:35.253,1.0083,0.0,NORMAL,100,100.0
13:03:35.512,1.0125,0.0,NORMAL,100,100.0
13:03:35.727,1.0117,0.0,NORMAL,100,100.0
13:03:35.962,1.0069,0.0,NORMAL,100,100.0
13:03:36.185,1.0076,0.0,NORMAL,100,100.0
13:03:36.408,1.0093,0.0,NORMAL,100,100.0
13:03:36.688,1.0173,0.0,NORMAL,100,100.0
13:03:36.933,1.0058,0.0,NORMAL,100,100.0
13:03:37.166,1.007,0.0,NORMAL,100,100.0
13:03:37.392,1.0103,0.0,NORMAL,100,100.0
13:03:37.635,1.0084,0.0,NORMAL,100,100.0
13:03:37.866,1.0035,0.0,NORMAL,100,100.0
13:03:38.076,1.01,0.0,NORMAL,100,100.0
13:03:38.291,1.0015,0.0,NORMAL,100,100.0
13:03:38.505,1.0065,0.0,NORMAL,100,100.0
13:03:38.723,1.0021,0.0,NORMAL,100,100.0
13:03:38.951,1.0099,0.0,NORMAL,100,100.0
13:03:39.167,1.0182,0.0,NORMAL,100,100.0
13:03:39.392,1.0128,0.0,NORMAL,100,100.0
13:03:39.612,1.0102,0.0,NORMAL,100,100.0
13:03:39.829,1.0171,0.0,NORMAL,100,100.0
13:03:40.074,1.0156,0.0,NORMAL,100,100.0
13:03:40.305,1.0006,0.0,NORMAL,100,100.0
13:03:40.523,1.0129,0.0,NORMAL,100,100.0
13:03:40.726,1.017,0.0,NORMAL,100,100.0
13:03:40.945,1.009,0.0,NORMAL,100,100.0
13:03:41.169,1.0006,0.0,NORMAL,100,100.0
13:03:41.393,1.0072,0.0,NORMAL,100,100.0
13:03:41.614,1.0072,0.0,NORMAL,100,100.0
13:03:41.839,1.005,0.0,NORMAL,100,100.0
13:03:42.070,1.0024,0.0,NORMAL,100,100.0
13:03:42.290,1.0095,0.0,NORMAL,100,100.0
13:03:42.514,1.0121,0.0,NORMAL,100,100.0
13:03:42.735,1.0095,0.0,NORMAL,100,100.0
13:03:42.949,1.0001,0.0,NORMAL,100,100.0
13:03:43.157,1.0002,0.0,NORMAL,100,100.0
13:03:43.555,1.0014,0.0,NORMAL,100,100.0
13:03:43.806,1.0119,0.0,NORMAL,100,100.0
13:03:44.102,1.0012,0.0,NORMAL,100,100.0
13:03:44.375,1.0015,0.0,NORMAL,100,100.0
13:03:44.626,1.004,0.0,NORMAL,100,100.0
13:03:44.848,1.0134,0.0,NORMAL,100,100.0
13:03:45.089,1.0038,0.0,NORMAL,100,100.0
13:03:45.434,1.0076,0.0,NORMAL,100,100.0
13:03:45.719,1.0097,0.0,NORMAL,100,100.0
13:03:45.952,1.0046,0.0,NORMAL,100,100.0
13:03:47.096,1.0129,0.0,NORMAL,100,100.0
13:03:47.318,1.0086,0.0,NORMAL,100,100.0
13:03:47.546,1.0138,0.0,NORMAL,100,100.0
13:03:47.747,1.0055,0.0,NORMAL,100,100.0
13:03:47.952,1.0067,0.0,NORMAL,100,100.0
13:03:48.193,1.0053,0.0,NORMAL,100,100.0
13:03:48.427,1.0074,0.0,NORMAL,100,100.0
13:03:48.660,1.0126,0.0,NORMAL,100,100.0
13:03:48.887,1.0134,0.0,NORMAL,100,100.0
13:03:49.130,1.0144,0.0,NORMAL,100,100.0
13:03:49.372,1.0001,0.0,NORMAL,100,100.0
13:03:49.597,1.012,0.0,NORMAL,100,100.0
13:03:49.831,2.6483,0.0,NORMAL,30,50.0
13:03:50.068,1.2583,0.0,NORMAL,100,65.0
13:03:50.306,1.1962,0.0,NORMAL,100,86.0
13:03:50.530,1.1707,0.0,NORMAL,100,98.0
13:03:50.749,1.1632,0.0,NORMAL,100,98.0
13:03:51.016,1.119,0.0,NORMAL,100,97.0
13:03:51.230,1.0994,0.0,NORMAL,100,77.0
13:03:51.526,1.0941,0.0,NORMAL,100,64.0
13:03:51.876,1.0781,0.0,NORMAL,100,41.0
13:03:52.105,1.0657,0.0,NORMAL,100,41.0
13:03:52.348,1.0479,0.0,NORMAL,100,50.0
13:03:52.578,1.0397,0.0,NORMAL,100,69.0
13:03:52.821,1.0439,0.0,NORMAL,100,100.0
13:03:53.083,1.0443,0.0,NORMAL,100,100.0
13:03:53.317,1.0264,0.0,NORMAL,100,100.0
13:03:53.551,1.0219,0.0,NORMAL,100,100.0
13:03:53.785,1.0386,0.0,NORMAL,100,100.0
13:03:53.934,1.0332,0.0,NORMAL,100,100.0
13:03:54.049,1.0307,0.0,NORMAL,100,100.0
13:03:54.406,1.0279,0.0,NORMAL,100,100.0
13:03:54.541,1.009,0.0,NORMAL,100,100.0
13:03:54.660,1.0083,0.0,NORMAL,100,100.0
13:03:54.776,1.006,0.0,NORMAL,100,100.0
13:03:54.884,1.0153,0.0,NORMAL,100,100.0
13:03:54.997,1.0026,0.0,NORMAL,100,100.0
13:03:55.095,1.0062,0.0,NORMAL,100,100.0
13:03:55.201,1.001,0.0,NORMAL,100,100.0
13:03:55.312,1.0193,0.0,NORMAL,100,100.0
13:03:55.438,1.0058,0.0,NORMAL,100,100.0
13:03:55.600,1.012,0.0,NORMAL,100,100.0
13:03:55.935,1.0168,0.0,NORMAL,100,100.0
13:03:56.244,1.0059,0.0,NORMAL,100,100.0
13:03:56.374,1.0189,0.0,NORMAL,100,100.0
13:03:56.480,1.005,0.0,NORMAL,100,100.0
13:03:56.577,1.0006,0.0,NORMAL,100,100.0
13:03:56.671,1.0131,0.0,NORMAL,100,100.0
13:03:56.765,1.0028,0.0,NORMAL,100,100.0
13:03:56.860,1.0162,0.0,NORMAL,100,100.0
13:03:56.973,1.0169,0.0,NORMAL,100,100.0
13:03:57.088,1.0029,0.0,NORMAL,100,100.0
13:03:57.261,1.0172,0.0,NORMAL,100,100.0
13:03:57.359,1.0032,0.0,NORMAL,100,100.0
13:03:57.469,1.0082,0.0,NORMAL,100,100.0
13:03:57.564,1.0171,0.0,NORMAL,100,100.0
13:03:57.668,1.0144,0.0,NORMAL,100,100.0
13:03:57.780,1.0088,0.0,NORMAL,100,100.0
13:03:57.882,1.0036,0.0,NORMAL,100,100.0
13:03:57.982,1.0104,0.0,NORMAL,100,100.0
13:03:58.093,1.0077,0.0,NORMAL,100,100.0
13:03:58.203,1.0078,0.0,NORMAL,100,100.0
13:03:58.308,1.0079,0.0,NORMAL,100,100.0
13:03:58.412,1.0028,0.0,NORMAL,100,100.0
13:03:58.514,1.0069,0.0,NORMAL,100,100.0
13:03:58.608,1.0148,0.0,NORMAL,100,100.0
13:03:58.704,1.0032,0.0,NORMAL,100,100.0
13:03:58.792,1.0046,0.0,NORMAL,100,100.0
13:03:58.891,1.0144,0.0,NORMAL,100,100.0
13:03:59.097,1.0111,0.0,NORMAL,100,100.0
13:03:59.318,1.0042,0.0,NORMAL,100,100.0
13:03:59.550,1.0178,0.0,NORMAL,100,100.0
13:03:59.826,1.0114,0.0,NORMAL,100,100.0
13:03:59.999,1.0059,0.0,NORMAL,100,100.0
13:04:00.228,1.008,0.0,NORMAL,100,100.0
13:04:00.441,1.0107,0.0,NORMAL,100,100.0
13:04:00.652,1.0166,0.0,NORMAL,100,100.0
13:04:00.866,1.0007,0.0,NORMAL,100,100.0
13:04:01.090,1.0167,0.0,NORMAL,100,100.0
13:04:01.313,1.0079,0.0,NORMAL,100,100.0
13:04:01.528,1.0108,0.0,NORMAL,100,100.0
13:04:01.750,1.0141,0.0,NORMAL,100,100.0
13:04:02.021,1.0197,0.0,NORMAL,100,100.0
13:04:02.244,1.0029,0.0,NORMAL,100,100.0
13:04:02.459,1.0057,0.0,NORMAL,100,100.0
13:04:02.665,1.0175,0.0,NORMAL,100,100.0
13:04:02.869,1.0148,0.0,NORMAL,100,100.0
13:04:03.069,1.0154,0.0,NORMAL,100,100.0
13:04:03.279,1.0109,0.0,NORMAL,100,100.0
13:04:03.486,1.012,0.0,NORMAL,100,100.0
13:04:03.698,1.0156,0.0,NORMAL,100,100.0
13:04:03.913,1.012,0.0,NORMAL,100,100.0
13:04:04.122,1.0006,0.0,NORMAL,100,100.0
13:04:04.337,1.0058,0.0,NORMAL,100,100.0
13:04:04.552,1.0022,0.0,NORMAL,100,100.0
13:04:04.778,1.0165,0.0,NORMAL,100,100.0
13:04:04.990,1.0084,0.0,NORMAL,100,100.0
13:04:05.201,1.0131,0.0,NORMAL,100,100.0
13:04:05.408,1.0139,0.0,NORMAL,100,100.0
13:04:05.605,1.0082,0.0,NORMAL,100,100.0
13:04:05.838,1.0108,0.0,NORMAL,100,100.0
13:04:06.061,1.0147,0.0,NORMAL,100,100.0
13:04:06.274,1.0141,0.0,NORMAL,100,100.0
13:04:06.490,1.0189,0.0,NORMAL,100,100.0
13:04:06.758,1.0137,0.0,NORMAL,100,100.0
13:04:07.036,1.0001,0.0,NORMAL,100,100.0
13:04:07.273,1.0063,0.0,NORMAL,100,100.0
13:04:07.504,1.0093,0.0,NORMAL,100,100.0
13:04:07.747,1.0009,0.0,NORMAL,100,100.0
13:04:07.983,1.0117,0.0,NORMAL,100,100.0
13:04:08.200,1.0121,0.0,NORMAL,100,100.0
13:04:08.410,1.0121,0.0,NORMAL,100,100.0
13:04:08.651,1.0083,0.0,NORMAL,100,100.0
13:04:08.881,1.0076,0.0,NORMAL,100,100.0
13:04:09.096,1.0077,0.0,NORMAL,100,100.0
13:04:09.313,1.0075,0.0,NORMAL,100,100.0
13:04:09.521,1.0029,0.0,NORMAL,100,100.0
13:04:09.741,1.0015,0.0,NORMAL,100,100.0
13:04:09.951,1.0031,0.0,NORMAL,100,100.0
13:04:10.173,1.0183,0.0,NORMAL,100,100.0
13:04:10.372,1.0033,0.0,NORMAL,100,100.0
13:04:10.566,1.0168,0.0,NORMAL,100,100.0
13:04:10.763,1.0035,0.0,NORMAL,100,100.0
13:04:10.970,1.0124,0.0,NORMAL,100,100.0
13:04:11.166,1.0135,0.0,NORMAL,100,100.0
13:04:11.391,1.0155,0.0,NORMAL,100,100.0
13:04:11.612,1.0068,0.0,NORMAL,100,100.0
13:04:11.836,1.0034,0.0,NORMAL,100,100.0
13:04:12.072,1.0071,0.0,NORMAL,100,100.0
13:04:12.281,1.0137,0.0,NORMAL,100,100.0
13:04:12.475,1.005,0.0,NORMAL,100,100.0
13:04:12.679,1.0008,0.0,NORMAL,100,100.0
13:04:12.909,1.0106,0.0,NORMAL,100,100.0
13:04:13.126,1.0186,0.0,NORMAL,100,100.0
13:04:13.309,1.0031,0.0,NORMAL,100,100.0
13:04:13.531,1.0093,0.0,NORMAL,100,100.0
13:04:13.729,1.0011,0.0,NORMAL,100,100.0
13:04:13.918,1.0129,0.0,NORMAL,100,100.0
13:04:14.125,1.0137,0.0,NORMAL,100,100.0
13:04:14.332,1.001,0.0,NORMAL,100,100.0
13:04:14.546,1.0001,0.0,NORMAL,100,100.0
13:04:14.754,1.0019,0.0,NORMAL,100,100.0
13:04:14.959,1.0082,0.0,NORMAL,100,100.0
13:04:15.181,1.0169,0.0,NORMAL,100,100.0
13:04:15.376,1.0159,0.0,NORMAL,100,100.0
13:04:15.597,1.0075,0.0,NORMAL,100,100.0
13:04:15.831,1.0132,0.0,NORMAL,100,100.0
13:04:16.044,1.0042,4.4133,NORMAL,45,69.7
13:04:16.269,1.0181,0.0,NORMAL,100,100.0
13:04:16.488,1.0075,0.0,NORMAL,100,98.0
13:04:16.716,1.0099,0.0,NORMAL,100,100.0
13:04:16.951,1.0074,0.0,NORMAL,100,100.0
13:04:17.187,1.0171,0.0,NORMAL,100,100.0
13:04:17.458,1.007,0.0,NORMAL,100,100.0
13:04:17.722,1.0007,0.0,NORMAL,100,100.0
13:04:17.959,1.0053,0.0,NORMAL,100,100.0
13:04:18.203,1.014,0.0,NORMAL,100,100.0
13:04:18.476,1.0078,0.0,NORMAL,100,100.0
13:04:18.759,1.0012,0.0,NORMAL,100,100.0
13:04:18.975,1.0094,0.0,NORMAL,100,100.0
13:04:19.215,1.0175,0.0,NORMAL,100,100.0
13:04:19.443,1.0034,0.0,NORMAL,100,100.0
13:04:19.681,1.0018,0.0,NORMAL,100,100.0
13:04:19.999,1.007,0.0,NORMAL,100,100.0
13:04:20.248,1.0134,0.0,NORMAL,100,100.0
13:04:20.791,1.0132,0.0,NORMAL,100,100.0
13:04:21.115,1.0015,0.0,NORMAL,100,100.0
13:04:21.373,1.0003,0.0,NORMAL,100,100.0
13:04:21.666,1.0081,0.0,NORMAL,100,100.0
13:04:21.988,1.0167,0.0,NORMAL,100,100.0
13:04:22.314,1.0016,0.0,NORMAL,100,100.0
13:04:22.616,1.0097,0.0,NORMAL,100,100.0
13:04:22.899,1.0087,0.0,NORMAL,100,100.0
13:04:23.168,1.0006,0.0,NORMAL,100,100.0
13:04:23.348,1.0056,0.0,NORMAL,100,100.0
13:04:23.440,1.0048,0.0,NORMAL,100,100.0
13:04:23.607,1.0107,0.0,NORMAL,100,100.0
13:04:23.793,1.0137,0.0,NORMAL,100,100.0
13:04:23.940,1.0174,0.0,NORMAL,100,100.0
13:04:24.115,1.015,0.0,NORMAL,100,100.0
13:04:24.279,1.0104,0.0,NORMAL,100,100.0
13:04:24.457,1.011,0.0,NORMAL,100,100.0
13:04:24.597,1.0143,0.0,NORMAL,100,99.0
13:04:24.716,1.0016,0.0,NORMAL,100,100.0
13:04:24.875,1.0095,0.0,NORMAL,100,100.0
13:04:25.078,1.0102,0.0,NORMAL,100,100.0
13:04:25.270,1.0068,0.0,NORMAL,100,100.0
13:04:25.718,1.0022,0.0,NORMAL,100,100.0
13:04:27.983,1.0189,0.0,NORMAL,100,100.0
13:04:42.266,1.0003,0.0,NORMAL,100,100.0
13:04:49.885,1.0051,0.0,NORMAL,100,100.0
13:04:50.618,1.0025,0.0,NORMAL,100,100.0
13:04:51.061,1.0091,0.0,NORMAL,100,100.0
13:04:51.488,1.0099,0.0,NORMAL,100,100.0
13:04:51.835,1.0131,0.0,NORMAL,100,100.0
13:04:52.185,1.0052,0.0,NORMAL,100,100.0
13:04:52.553,1.0061,0.0,NORMAL,100,100.0
13:04:52.915,1.0116,0.0,NORMAL,100,100.0
13:04:53.280,1.0146,0.0,NORMAL,100,100.0
13:04:53.636,1.0013,0.0,NORMAL,100,100.0
13:04:53.991,1.011,0.0,NORMAL,100,100.0
13:04:54.331,1.0131,0.0,NORMAL,100,100.0
13:04:54.708,1.0006,0.0,NORMAL,100,100.0
13:04:55.033,1.0061,0.0,NORMAL,100,100.0
13:04:55.395,1.0029,0.0,NORMAL,100,100.0
13:04:55.793,1.0111,0.0,NORMAL,100,100.0
13:04:56.123,1.014,0.0,NORMAL,100,99.0
13:04:56.461,1.01,0.0,NORMAL,100,100.0
13:04:56.792,1.0176,0.0,NORMAL,100,100.0
13:04:57.106,1.012,0.0,NORMAL,100,100.0
13:04:57.440,1.0126,0.0,NORMAL,100,100.0
13:04:57.761,1.004,0.0,NORMAL,100,100.0
13:04:58.073,1.0098,0.0,NORMAL,100,100.0
13:04:58.410,1.0136,0.0,NORMAL,100,100.0
13:04:58.824,1.0015,0.0,NORMAL,100,100.0
13:04:59.273,1.0098,0.0,NORMAL,100,100.0
13:05:00.104,1.0193,0.0,NORMAL,100,100.0
13:05:02.728,1.0055,0.0,NORMAL,100,100.0
13:05:03.549,1.0009,0.0,NORMAL,100,100.0
13:05:04.599,1.0019,0.0,NORMAL,100,100.0
13:05:10.302,1.0157,0.0,NORMAL,100,100.0
13:05:11.565,1.0133,0.0,NORMAL,100,100.0
13:05:13.085,1.0112,0.0,NORMAL,100,100.0
13:05:14.539,1.0077,0.0,NORMAL,100,100.0
13:05:15.372,1.0117,0.0,NORMAL,100,100.0
13:05:16.856,1.0084,0.0,NORMAL,100,100.0
13:05:17.553,1.0229,0.0,NORMAL,100,100.0
13:05:18.958,1.0094,0.0,NORMAL,100,100.0
13:05:25.622,1.0081,0.0,NORMAL,100,100.0
13:05:28.639,1.0071,0.0,NORMAL,100,100.0
13:05:30.010,1.0076,0.0,NORMAL,100,100.0
13:05:31.027,1.0144,0.0,NORMAL,100,100.0
13:05:32.382,1.0017,0.0,NORMAL,100,100.0
13:05:32.740,1.0023,0.0,NORMAL,100,100.0
13:05:33.089,1.0007,0.0,NORMAL,100,100.0
13:05:33.587,1.0112,0.0,NORMAL,100,100.0
13:05:33.981,1.0141,0.0,NORMAL,100,99.0
13:05:34.489,1.004,0.0,NORMAL,100,100.0
