timestamp,imu_z,imu_x,imu_y,motion_score,camera_event,camera_conf,road_event,road_conf,rear_event,rear_conf,decision,confidence,severity_score,motor_speed,lora_event,lora_sent,lora_confidence_check,lora_latency_ms,motion_conf,imu_conf,road_conf_fusion,ground_truth
13:00:10.220,1.0412,1.0064,1.0001,0.0,normal,0.0,normal,0.0,normal,0.0,NORMAL,3.1,0.0,100,normal,YES,PASS,0.0,0.068,0.016,0.0,
13:00:10.357,1.0137,1.0013,1.0037,0.0,normal,0.0,normal,0.0,normal,0.0,NORMAL,1.5,0.0,100,normal,YES,PASS,0.0,0.034,0.005,0.0,
13:00:10.502,1.0107,1.0027,1.0071,0.0,normal,0.0,normal,0.0,normal,0.0,NORMAL,1.0,0.0,100,normal,YES,PASS,0.0,0.021,0.004,0.0,
13:00:10.671,1.0501,1.01,1.004,0.0,normal,0.0,normal,0.0,normal,0.0,NORMAL,0.7,0.0,100,normal,YES,PASS,0.0,0.014,0.02,0.0,
13:00:10.813,1.031,1.0111,1.0055,0.0,normal,0.0,normal,0.0,normal,0.0,NORMAL,0.5,0.0,100,normal,YES,PASS,0.0,0.01,0.012,0.0,
13:00:10.969,1.0293,1.0094,1.0112,0.0,normal,0.0,normal,0.0,normal,0.0,NORMAL,0.4,0.0,100,normal,YES,PASS,0.0,0.007,0.012,0.0,
13:00:11.109,1.0169,1.0077,1.005,0.0,normal,0.0,normal,0.0,normal,0.0,NORMAL,0.3,0.0,100,normal,YES,PASS,0.0,0.005,0.007,0.0,
13:00:11.253,1.0126,1.0122,1.0034,0.0,normal,0.0,normal,0.0,normal,0.0,NORMAL,0.2,0.0,100,normal,YES,PASS,0.0,0.004,0.005,0.0,
13:00:11.386,1.0296,1.0041,1.0101,0.0,normal,0.0,normal,0.0,normal,0.0,NORMAL,0.2,0.0,100,normal,YES,PASS,0.0,0.003,0.012,0.0,
13:00:11.526,1.0146,1.007,1.0081,0.0,normal,0.0,normal,0.0,normal,0.0,NORMAL,0.1,0.0,100,normal,YES,PASS,0.0,0.002,0.006,0.0,
13:00:11.649,1.0473,1.0005,1.0048,0.0,normal,0.0,normal,0.0,normal,0.0,NORMAL,0.2,0.0,100,normal,YES,PASS,0.0,0.001,0.019,0.0,
13:00:11.783,1.0386,1.0065,1.0107,0.0,normal,0.0,normal,0.0,normal,0.0,NORMAL,0.1,0.0,100,normal,YES,PASS,0.0,0.001,0.015,0.0,
13:00:11.907,1.0387,1.0086,1.0004,0.0,normal,0.0,normal,0.0,normal,0.0,NORMAL,0.1,0.0,100,normal,YES,PASS,0.0,0.001,0.015,0.0,
13:00:12.048,1.0423,1.0121,1.0055,0.0,normal,0.0,normal,0.0,normal,0.0,NORMAL,0.1,0.0,100,normal,YES,PASS,0.0,0.001,0.017,0.0,
13:00:12.170,1.0188,1.0018,1.0028,0.0,normal,0.0,normal,0.0,normal,0.0,NORMAL,0.1,0.0,100,normal,YES,PASS,0.0,0.0,0.008,0.0,
13:00:12.290,1.0363,1.0113,1.0095,0.0,normal,0.0,normal,0.0,normal,0.0,NORMAL,0.1,0.0,100,normal,YES,PASS,0.0,0.0,0.015,0.0,
13:00:12.416,1.0508,1.0051,1.0081,0.0,normal,0.0,normal,0.0,normal,0.0,NORMAL,0.1,0.0,100,normal,YES,PASS,0.0,0.0,0.02,0.0,
13:00:12.556,1.017,1.0085,1.0036,0.0,normal,0.0,normal,0.0,normal,0.0,NORMAL,0.0,0.0,100,normal,YES,PASS,0.0,0.0,0.007,0.0,
13:00:12.689,1.0178,1.0141,1.0058,0.0,normal,0.0,normal,0.0,normal,0.0,NORMAL,0.0,0.0,100,normal,YES,PASS,0.0,0.0,0.007,0.0,
13:00:12.816,1.0089,1.0108,1.0099,0.0,normal,0.0,normal,0.0,normal,0.0,NORMAL,0.0,0.0,100,normal,YES,PASS,0.0,0.0,0.004,0.0,
13:00:12.937,1.0187,1.0139,1.0101,0.0,normal,0.0,normal,0.0,normal,0.0,NORMAL,0.0,0.0,100,normal,YES,PASS,0.0,0.0,0.007,0.0,
13:00:13.090,1.0594,1.0128,1.0082,0.0,normal,0.0,normal,0.0,normal,0.0,NORMAL,0.1,0.0,100,normal,YES,PASS,0.0,0.0,0.024,0.0,
13:00:13.215,1.0563,1.0129,1.0047,0.0,normal,0.0,normal,0.0,normal,0.0,NORMAL,0.1,0.0,100,normal,YES,PASS,0.0,0.0,0.023,0.0,
13:00:13.337,1.0417,1.0067,1.0036,0.0,normal,0.0,normal,0.0,normal,0.0,NORMAL,0.1,0.0,100,normal,YES,PASS,0.0,0.0,0.017,0.0,
13:00:13.462,1.0363,1.0073,1.0044,0.0,normal,0.0,normal,0.0,normal,0.0,NORMAL,0.1,0.0,100,normal,YES,PASS,0.0,0.0,0.015,0.0,
13:00:13.599,1.0271,1.0071,1.0014,0.0,normal,0.0,normal,0.0,normal,0.0,NORMAL,0.1,0.0,100,normal,YES,PASS,0.0,0.0,0.011,0.0,
13:00:13.737,1.0486,1.0015,1.0079,0.0,normal,0.0,normal,0.0,normal,0.0,NORMAL,0.1,0.0,100,normal,YES,PASS,0.0,0.0,0.019,0.0,
13:00:13.870,1.0133,1.0058,1.0046,0.0,normal,0.0,normal,0.0,normal,0.0,NORMAL,0.0,0.0,100,normal,YES,PASS,0.0,0.0,0.005,0.0,
13:00:13.996,1.0161,1.0116,1.01,0.0,normal,0.0,normal,0.0,normal,0.0,NORMAL,0.0,0.0,100,normal,YES,PASS,0.0,0.0,0.006,0.0,
13:00:14.121,1.039,1.0067,1.0029,0.0,normal,0.0,normal,0.0,normal,0.0,NORMAL,0.1,0.0,100,normal,YES,PASS,0.0,0.0,0.016,0.0,
13:00:14.248,1.0176,1.01,1.0141,0.0,normal,0.0,normal,0.0,normal,0.0,NORMAL,0.0,0.0,100,normal,YES,PASS,0.0,0.0,0.007,0.0,
13:00:14.372,1.0405,1.0055,1.0096,0.0,normal,0.0,normal,0.0,normal,0.0,NORMAL,0.1,0.0,100,normal,YES,PASS,0.0,0.0,0.016,0.0,
13:00:14.490,1.0068,1.0034,1.0034,0.0,normal,0.0,normal,0.0,normal,0.0,NORMAL,0.0,0.0,100,normal,YES,PASS,0.0,0.0,0.003,0.0,
13:00:14.617,1.0283,1.0053,1.0127,0.0,normal,0.0,normal,0.0,normal,0.0,NORMAL,0.1,0.0,100,normal,YES,PASS,0.0,0.0,0.011,0.0,
13:00:14.748,1.0508,1.0013,1.0027,0.0,normal,0.0,normal,0.0,normal,0.0,NORMAL,0.1,0.0,100,normal,YES,PASS,0.0,0.0,0.02,0.0,
13:00:14.864,1.0092,1.006,1.0103,0.0,normal,0.0,normal,0.0,normal,0.0,NORMAL,0.0,0.0,100,normal,YES,PASS,0.0,0.0,0.004,0.0,
13:00:14.996,1.0548,1.0071,1.0126,0.0,normal,0.0,normal,0.0,normal,0.0,NORMAL,0.1,0.0,100,normal,YES,PASS,0.0,0.0,0.022,0.0,
13:00:15.140,1.0337,1.0081,1.0127,0.0,normal,0.0,normal,0.0,normal,0.0,NORMAL,0.1,0.0,100,normal,YES,PASS,0.0,0.0,0.013,0.0,
13:00:15.258,1.0225,1.0108,1.0101,0.0,normal,0.0,normal,0.0,normal,0.0,NORMAL,0.0,0.0,100,normal,YES,PASS,0.0,0.0,0.009,0.0,
13:00:15.385,1.0224,1.0034,1.0066,0.0,normal,0.0,normal,0.0,normal,0.0,NORMAL,0.0,0.0,100,normal,YES,PASS,0.0,0.0,0.009,0.0,
13:00:15.519,1.0363,1.0033,1.0065,0.0,normal,0.0,normal,0.0,normal,0.0,NORMAL,0.1,0.0,100,normal,YES,PASS,0.0,0.0,0.015,0.0,
13:00:15.657,1.0218,1.0053,1.0107,0.0,normal,0.0,normal,0.0,normal,0.0,NORMAL,0.0,0.0,100,normal,YES,PASS,0.0,0.0,0.009,0.0,
13:00:15.783,1.0036,1.0036,1.0127,0.0,normal,0.0,normal,0.0,normal,0.0,NORMAL,0.0,0.0,100,normal,YES,PASS,0.0,0.0,0.001,0.0,
13:00:15.913,1.053,1.0107,1.0083,0.0,normal,0.0,normal,0.0,normal,0.0,NORMAL,0.1,0.0,100,normal,YES,PASS,0.0,0.0,0.021,0.0,
13:00:16.037,1.0086,1.0109,1.0011,0.0,normal,0.0,normal,0.0,normal,0.0,NORMAL,0.0,0.0,100,normal,YES,PASS,0.0,0.0,0.003,0.0,
13:00:16.163,1.0181,1.0078,1.0015,0.0,normal,0.0,normal,0.0,normal,0.0,NORMAL,0.0,0.0,100,normal,YES,PASS,0.0,0.0,0.007,0.0,
13:00:16.294,1.0627,1.0119,1.0045,0.0,normal,0.0,normal,0.0,normal,0.0,NORMAL,0.1,0.0,100,normal,YES,PASS,0.0,0.0,0.025,0.0,
13:00:16.428,1.015,1.0073,1.0069,0.0,normal,0.0,normal,0.0,normal,0.0,NORMAL,0.0,0.0,100,normal,YES,PASS,0.0,0.0,0.006,0.0,
13:00:16.557,1.0515,1.0025,1.0106,0.0,normal,0.0,normal,0.0,normal,0.0,NORMAL,0.1,0.0,100,normal,YES,PASS,0.0,0.0,0.021,0.0,
13:00:16.678,1.0517,1.0105,1.0004,0.0,normal,0.0,normal,0.0,normal,0.0,NORMAL,0.1,0.0,100,normal,YES,PASS,0.0,0.0,0.021,0.0,
13:00:16.800,1.026,1.0063,1.0116,0.0,normal,0.0,normal,0.0,normal,0.0,NORMAL,0.1,0.0,100,normal,YES,PASS,0.0,0.0,0.01,0.0,
13:00:16.927,1.0296,1.0102,1.0081,0.0,normal,0.0,normal,0.0,normal,0.0,NORMAL,0.1,0.0,100,normal,YES,PASS,0.0,0.0,0.012,0.0,
13:00:17.039,1.0225,1.0075,1.0109,0.0,normal,0.0,normal,0.0,normal,0.0,NORMAL,0.0,0.0,100,normal,YES,PASS,0.0,0.0,0.009,0.0,
13:00:17.169,1.0078,1.0155,1.0088,0.0,normal,0.0,normal,0.0,normal,0.0,NORMAL,0.0,0.0,100,normal,YES,PASS,0.0,0.0,0.003,0.0,
13:00:17.292,1.0016,1.0022,1.0022,0.0,normal,0.0,normal,0.0,normal,0.0,NORMAL,0.0,0.0,100,normal,YES,PASS,0.0,0.0,0.001,0.0,
13:00:17.443,1.0079,1.0151,1.0048,0.0,normal,0.0,normal,0.0,normal,0.0,NORMAL,0.0,0.0,100,normal,YES,PASS,0.0,0.0,0.003,0.0,
13:00:17.564,1.0344,1.0051,1.0023,0.0,normal,0.0,normal,0.0,normal,0.0,NORMAL,0.1,0.0,100,normal,YES,PASS,0.0,0.0,0.014,0.0,
13:00:17.691,1.0373,1.0093,1.012,0.0,normal,0.0,normal,0.0,normal,0.0,NORMAL,0.1,0.0,100,normal,YES,PASS,0.0,0.0,0.015,0.0,
13:00:17.813,1.0558,1.01,1.002,0.0,normal,0.0,normal,0.0,normal,0.0,NORMAL,0.1,0.0,100,normal,YES,PASS,0.0,0.0,0.022,0.0,
13:00:17.934,1.0464,1.0129,1.0065,0.0,normal,0.0,normal,0.0,normal,0.0,NORMAL,0.1,0.0,100,normal,YES,PASS,0.0,0.0,0.019,0.0,
13:00:18.049,1.0587,1.0059,1.0056,0.0,normal,0.0,normal,0.0,normal,0.0,NORMAL,0.1,0.0,100,normal,YES,PASS,0.0,0.0,0.023,0.0,
13:00:18.184,1.0569,1.0046,1.0045,0.0,normal,0.0,normal,0.0,normal,0.0,NORMAL,0.1,0.0,100,normal,YES,PASS,0.0,0.0,0.023,0.0,
13:00:18.301,1.0514,1.0007,1.0013,0.0,normal,0.0,normal,0.0,normal,0.0,NORMAL,0.1,0.0,100,normal,YES,PASS,0.0,0.0,0.021,0.0,
13:00:18.417,1.0147,1.0077,1.0071,0.0,normal,0.0,normal,0.0,normal,0.0,NORMAL,0.0,0.0,100,normal,YES,PASS,0.0,0.0,0.006,0.0,
13:00:18.541,1.0231,1.0066,1.0027,0.0,normal,0.0,normal,0.0,normal,0.0,NORMAL,0.0,0.0,100,normal,YES,PASS,0.0,0.0,0.009,0.0,
13:00:18.666,1.0444,1.0001,1.0125,0.0,normal,0.0,normal,0.0,normal,0.0,NORMAL,0.1,0.0,100,normal,YES,PASS,0.0,0.0,0.018,0.0,
13:00:18.778,1.0628,1.0014,1.0086,0.0,normal,0.0,normal,0.0,normal,0.0,NORMAL,0.1,0.0,100,normal,YES,PASS,0.0,0.0,0.025,0.0,
13:00:18.893,1.0187,1.0105,1.0057,0.0,normal,0.0,normal,0.0,normal,0.0,NORMAL,0.0,0.0,100,normal,YES,PASS,0.0,0.0,0.007,0.0,
13:00:19.026,1.0367,1.0116,1.0079,0.0,normal,0.0,normal,0.0,normal,0.0,NORMAL,0.1,0.0,100,normal,YES,PASS,0.0,0.0,0.015,0.0,
13:00:19.153,1.0233,1.0091,1.0088,0.0,normal,0.0,normal,0.0,normal,0.0,NORMAL,0.0,0.0,100,normal,YES,PASS,0.0,0.0,0.009,0.0,
13:00:19.275,1.0055,1.006,1.0065,0.0,normal,0.0,normal,0.0,normal,0.0,NORMAL,0.0,0.0,100,normal,YES,PASS,0.0,0.0,0.002,0.0,
13:00:19.392,1.0488,1.0075,1.0119,0.0,normal,0.0,normal,0.0,normal,0.0,NORMAL,0.1,0.0,100,normal,YES,PASS,0.0,0.0,0.02,0.0,
13:00:19.510,1.0334,1.007,1.0072,0.0,normal,0.0,normal,0.0,normal,0.0,NORMAL,0.1,0.0,100,normal,YES,PASS,0.0,0.0,0.013,0.0,
13:00:19.624,1.0111,1.0003,1.0048,0.0,normal,0.0,normal,0.0,normal,0.0,NORMAL,0.0,0.0,100,normal,YES,PASS,0.0,0.0,0.004,0.0,
13:00:19.740,1.0108,1.0037,1.002,0.0,normal,0.0,normal,0.0,normal,0.0,NORMAL,0.0,0.0,100,normal,YES,PASS,0.0,0.0,0.004,0.0,
13:00:19.877,1.0115,1.0047,1.0104,0.0,normal,0.0,normal,0.0,normal,0.0,NORMAL,0.0,0.0,100,normal,YES,PASS,0.0,0.0,0.005,0.0,
13:00:19.992,1.0429,1.014,1.0031,0.0,normal,0.0,normal,0.0,normal,0.0,NORMAL,0.1,0.0,100,normal,YES,PASS,0.0,0.0,0.017,0.0,
13:00:20.111,1.0018,1.0012,1.001,0.0,normal,0.0,normal,0.0,normal,0.0,NORMAL,0.0,0.0,100,normal,YES,PASS,0.0,0.0,0.001,0.0,
13:00:20.236,1.023,1.0032,1.0047,0.0,normal,0.0,normal,0.0,normal,0.0,NORMAL,0.0,0.0,100,normal,YES,PASS,0.0,0.0,0.009,0.0,
13:00:20.365,1.0554,1.0075,1.0125,0.0,normal,0.0,normal,0.0,normal,0.0,NORMAL,0.1,0.0,100,normal,YES,PASS,0.0,0.0,0.022,0.0,
13:00:20.479,1.0381,1.0002,1.004,0.0,normal,0.0,normal,0.0,normal,0.0,NORMAL,0.1,0.0,100,normal,YES,PASS,0.0,0.0,0.015,0.0,
13:00:20.592,1.0015,1.0015,1.0044,0.0,normal,0.0,normal,0.0,normal,0.0,NORMAL,0.0,0.0,100,normal,YES,PASS,0.0,0.0,0.001,0.0,
13:00:20.712,1.0324,1.0072,1.0061,0.0,normal,0.0,normal,0.0,normal,0.0,NORMAL,0.1,0.0,100,normal,YES,PASS,0.0,0.0,0.013,0.0,
13:00:20.844,1.0026,1.0042,1.0095,0.0,normal,0.0,normal,0.0,normal,0.0,NORMAL,0.0,0.0,100,normal,YES,PASS,0.0,0.0,0.001,0.0,
13:00:20.961,1.0482,1.0087,1.0116,0.0,normal,0.0,normal,0.0,normal,0.0,NORMAL,0.1,0.0,100,normal,YES,PASS,0.0,0.0,0.019,0.0,
13:00:21.084,1.0409,1.0063,1.0054,0.0,normal,0.0,normal,0.0,normal,0.0,NORMAL,0.1,0.0,100,normal,YES,PASS,0.0,0.0,0.016,0.0,
13:00:21.198,1.0451,1.0029,1.0063,0.0,normal,0.0,normal,0.0,normal,0.0,NORMAL,0.1,0.0,100,normal,YES,PASS,0.0,0.0,0.018,0.0,
13:00:21.317,1.0145,1.016,1.0052,0.0,normal,0.0,normal,0.0,normal,0.0,NORMAL,0.0,0.0,100,normal,YES,PASS,0.0,0.0,0.006,0.0,
13:00:21.433,1.0717,1.0112,1.004,0.0,normal,0.0,normal,0.0,normal,0.0,NORMAL,0.1,0.0,100,normal,YES,PASS,0.0,0.0,0.029,0.0,
13:00:21.554,1.0181,1.0002,1.0061,0.0,normal,0.0,normal,0.0,normal,0.0,NORMAL,0.0,0.0,100,normal,YES,PASS,0.0,0.0,0.007,0.0,
13:00:21.671,1.0056,1.0055,1.0078,0.0,normal,0.0,normal,0.0,normal,0.0,NORMAL,0.0,0.0,100,normal,YES,PASS,0.0,0.0,0.002,0.0,
13:00:21.787,1.0159,1.009,1.0001,0.0,normal,0.0,normal,0.0,normal,0.0,NORMAL,0.0,0.0,100,normal,YES,PASS,0.0,0.0,0.006,0.0,
13:00:21.907,1.0004,1.0045,1.0123,0.0,normal,0.0,normal,0.0,normal,0.0,NORMAL,0.0,0.0,100,normal,YES,PASS,0.0,0.0,0.0,0.0,
13:00:22.031,1.067,1.0044,1.0131,0.0,normal,0.0,normal,0.0,normal,0.0,NORMAL,0.1,0.0,100,normal,YES,PASS,0.0,0.0,0.027,0.0,
13:00:22.157,1.0569,1.0065,1.0015,0.0,normal,0.0,normal,0.0,normal,0.0,NORMAL,0.1,0.0,100,normal,YES,PASS,0.0,0.0,0.023,0.0,
13:00:22.276,1.0188,1.0003,1.0085,0.0,normal,0.0,normal,0.0,normal,0.0,NORMAL,0.0,0.0,100,normal,YES,PASS,0.0,0.0,0.008,0.0,
13:00:22.396,1.0442,1.0052,1.0091,0.0,normal,0.0,normal,0.0,normal,0.0,NORMAL,0.1,0.0,100,normal,YES,PASS,0.0,0.0,0.018,0.0,
13:00:22.517,1.0271,1.0026,1.0105,0.0,normal,0.0,normal,0.0,normal,0.0,NORMAL,0.1,0.0,100,normal,YES,PASS,0.0,0.0,0.011,0.0,
13:00:22.640,1.0051,1.0025,1.0062,0.0,normal,0.0,normal,0.0,normal,0.0,NORMAL,0.0,0.0,100,normal,YES,PASS,0.0,0.0,0.002,0.0,
13:00:22.767,1.0533,1.0054,1.0138,0.0,normal,0.0,normal,0.0,normal,0.0,NORMAL,0.1,0.0,100,normal,YES,PASS,0.0,0.0,0.021,0.0,
13:00:22.889,1.0448,1.0067,1.0094,0.0,normal,0.0,normal,0.0,normal,0.0,NORMAL,0.1,0.0,100,normal,YES,PASS,0.0,0.0,0.018,0.0,
13:00:23.011,1.001,1.0125,1.0016,0.0,normal,0.0,normal,0.0,normal,0.0,NORMAL,0.0,0.0,100,normal,YES,PASS,0.0,0.0,0.0,0.0,
13:00:23.140,1.0091,1.0031,1.0048,0.0,normal,0.0,normal,0.0,normal,0.0,NORMAL,0.0,0.0,100,normal,YES,PASS,0.0,0.0,0.004,0.0,
13:00:23.278,1.0657,1.0003,1.002,0.0,normal,0.0,normal,0.0,normal,0.0,NORMAL,0.1,0.0,100,normal,YES,PASS,0.0,0.0,0.026,0.0,
13:00:23.396,1.005,1.0124,1.0018,0.0,normal,0.0,normal,0.0,normal,0.0,NORMAL,0.0,0.0,100,normal,YES,PASS,0.0,0.0,0.002,0.0,
13:00:23.511,1.0478,1.005,1.0074,0.0,normal,0.0,normal,0.0,normal,0.0,NORMAL,0.1,0.0,100,normal,YES,PASS,0.0,0.0,0.019,0.0,
13:00:23.635,1.0351,1.0048,1.0127,0.0,normal,0.0,normal,0.0,normal,0.0,NORMAL,0.1,0.0,100,normal,YES,PASS,0.0,0.0,0.014,0.0,
13:00:23.753,1.0247,1.0055,1.0089,0.0,normal,0.0,normal,0.0,normal,0.0,NORMAL,0.0,0.0,100,normal,YES,PASS,0.0,0.0,0.01,0.0,
13:00:23.871,1.0278,1.0119,1.0046,0.0,normal,0.0,normal,0.0,normal,0.0,NORMAL,0.1,0.0,100,normal,YES,PASS,0.0,0.0,0.011,0.0,
13:00:24.003,1.0512,1.0069,1.0056,0.0,normal,0.0,normal,0.0,normal,0.0,NORMAL,0.1,0.0,100,normal,YES,PASS,0.0,0.0,0.02,0.0,
13:00:24.127,1.0487,1.0136,1.0022,0.0,normal,0.0,normal,0.0,normal,0.0,NORMAL,0.1,0.0,100,normal,YES,PASS,0.0,0.0,0.019,0.0,
13:00:24.249,1.0571,1.0003,1.0028,0.0,normal,0.0,normal,0.0,normal,0.0,NORMAL,0.1,0.0,100,normal,YES,PASS,0.0,0.0,0.023,0.0,
13:00:24.383,1.0159,1.0045,1.0098,0.0,normal,0.0,normal,0.0,normal,0.0,NORMAL,0.0,0.0,100,normal,YES,PASS,0.0,0.0,0.006,0.0,
13:00:24.529,1.0159,1.0114,1.012,0.0,normal,0.0,normal,0.0,normal,0.0,NORMAL,0.0,0.0,100,normal,YES,PASS,0.0,0.0,0.006,0.0,
13:00:24.681,1.0513,1.0015,1.007,4.2127,pothole,0.6063,normal,0.0,normal,0.0,NORMAL,15.5,0.0,100,pothole,YES,PASS,0.0,0.341,0.021,0.0,
13:00:24.860,1.0322,1.0051,1.0051,4.2127,pothole,0.6063,normal,0.0,normal,0.0,NORMAL,26.6,0.19,100,pothole,YES,PASS,0.0,0.591,0.013,0.0,
13:00:25.025,1.016,1.0071,1.0068,4.2127,pothole,0.6063,normal,0.0,normal,0.0,NORMAL,34.8,0.24,100,pothole,YES,PASS,0.0,0.772,0.006,0.0,
13:00:25.187,1.0475,1.0092,1.0064,4.2127,pothole,0.6063,normal,0.0,normal,0.0,CAUTION,40.8,0.29,86,pothole,NO,BLOCKED,0.0,0.905,0.019,0.0,
13:00:25.350,1.046,1.0149,1.0096,4.2127,pothole,0.6063,normal,0.0,normal,0.0,CAUTION,45.1,0.32,84,pothole,NO,BLOCKED,0.0,1.0,0.018,0.0,
13:00:25.519,1.006,1.0103,1.0042,4.2127,pothole,0.6063,normal,0.0,normal,0.0,CAUTION,45.0,0.32,84,pothole,NO,BLOCKED,0.0,1.0,0.002,0.0,
13:00:25.711,1.0269,1.0124,1.0116,4.2127,pothole,0.6063,normal,0.0,normal,0.0,CAUTION,45.1,0.32,84,pothole,NO,BLOCKED,0.0,1.0,0.011,0.0,
13:00:25.885,1.003,1.0136,1.0082,4.2127,pothole,0.6063,normal,0.0,normal,0.0,CAUTION,45.0,0.32,84,pothole,NO,BLOCKED,0.0,1.0,0.001,0.0,
13:00:26.051,1.0062,1.0119,1.0084,4.2127,pothole,0.6063,normal,0.0,normal,0.0,CAUTION,45.0,0.32,84,pothole,NO,BLOCKED,0.0,1.0,0.002,0.0,
13:00:26.214,1.0205,1.0039,1.0054,4.2127,pothole,0.6063,speed_hump,0.5025,normal,0.0,CAUTION,62.6,0.63,69,speed_hump,NO,BLOCKED,0.0,1.0,0.008,0.502,
13:00:26.426,1.0533,1.0019,1.0118,4.2127,pothole,0.6063,speed_hump,0.5191,normal,0.0,CAUTION,63.3,0.63,68,speed_hump,NO,BLOCKED,0.0,1.0,0.021,0.519,
13:00:26.592,1.0536,1.0089,1.0087,4.2127,pothole,0.6063,speed_hump,0.5303,normal,0.0,HAZARD,63.7,0.64,55,normal,NO,BLOCKED,0.0,1.0,0.021,0.53,
13:00:26.761,1.0525,1.003,1.0086,4.2127,pothole,0.6063,speed_hump,0.5398,normal,0.0,HAZARD,64.0,0.64,55,normal,NO,BLOCKED,0.0,1.0,0.021,0.54,
13:00:26.924,1.0084,1.0105,1.0005,4.2127,pothole,0.6063,speed_hump,0.5458,normal,0.0,HAZARD,64.1,0.64,55,normal,NO,BLOCKED,0.0,1.0,0.003,0.546,
13:00:27.097,1.0212,1.0012,1.0097,4.2127,pothole,0.6063,speed_hump,0.5523,normal,0.0,HAZARD,64.4,0.64,55,normal,NO,BLOCKED,0.0,1.0,0.008,0.552,
13:00:27.266,1.0196,1.0004,1.0129,4.2127,pothole,0.6063,speed_hump,0.55,normal,0.0,HAZARD,64.3,0.64,55,normal,NO,BLOCKED,0.0,1.0,0.008,0.55,
13:00:27.436,1.0104,1.0089,1.0023,4.2127,pothole,0.6063,speed_hump,0.5504,normal,0.0,HAZARD,64.3,0.64,55,normal,NO,BLOCKED,0.0,1.0,0.004,0.55,
13:00:27.603,1.0244,1.0068,1.0124,4.2127,pothole,0.6063,speed_hump,0.5512,normal,0.0,HAZARD,64.3,0.64,55,normal,NO,BLOCKED,0.0,1.0,0.01,0.551,
13:00:27.772,1.0394,1.0041,1.013,4.2127,pothole,0.6063,speed_hump,0.552,normal,0.0,HAZARD,64.4,0.64,55,normal,NO,BLOCKED,0.0,1.0,0.016,0.552,
13:00:27.938,1.0185,1.0027,1.0108,4.2127,pothole,0.6063,speed_hump,0.5279,normal,0.0,HAZARD,63.5,0.64,56,normal,NO,BLOCKED,0.0,1.0,0.007,0.528,
13:00:28.106,1.0444,1.0057,1.0014,4.2127,pothole,0.6063,speed_hump,0.5457,normal,0.0,HAZARD,64.2,0.64,55,normal,NO,BLOCKED,0.0,1.0,0.018,0.546,
13:00:28.274,1.0196,1.0017,1.0111,4.2127,pothole,0.6063,normal,0.0,normal,0.0,HAZARD,45.0,0.32,78,normal,NO,BLOCKED,0.0,1.0,0.008,0.0,
13:00:28.431,1.0427,1.0108,1.0131,0.0,normal,0.0,normal,0.0,normal,0.0,HAZARD,41.6,0.29,80,normal,NO,BLOCKED,0.0,0.921,0.017,0.0,
13:00:28.593,1.0451,1.0003,1.0033,0.0,normal,0.0,normal,0.0,normal,0.0,CAUTION,30.4,0.21,89,braking,NO,BLOCKED,0.0,0.673,0.018,0.0,
13:00:28.757,1.0553,1.0059,1.0119,0.0,normal,0.0,speed_hump,0.5037,normal,0.0,CAUTION,39.8,0.28,86,speed_hump,NO,BLOCKED,0.0,0.491,0.022,0.504,
13:00:28.927,1.0174,1.0013,1.0022,0.0,normal,0.0,normal,0.0,normal,0.0,CAUTION,16.2,0.0,100,braking,NO,BLOCKED,0.0,0.358,0.007,0.0,
13:00:29.103,1.0324,1.0056,1.0022,0.0,normal,0.0,speed_hump,0.5072,normal,0.0,CAUTION,29.6,0.21,90,speed_hump,NO,BLOCKED,0.0,0.261,0.013,0.507,
13:00:29.279,1.0073,1.0064,1.0104,0.0,normal,0.0,speed_hump,0.5141,normal,0.0,CAUTION,26.6,0.19,91,speed_hump,NO,BLOCKED,0.0,0.191,0.003,0.514,
13:00:29.431,1.0096,1.0199,1.0072,0.0,normal,0.0,normal,0.0,normal,0.0,CAUTION,6.3,0.0,100,braking,NO,BLOCKED,0.0,0.139,0.004,0.0,
13:00:29.600,1.0416,1.0022,1.0016,0.0,normal,0.0,speed_hump,0.5132,normal,0.0,NORMAL,22.6,0.0,100,speed_hump,YES,PASS,0.0,0.102,0.017,0.513,
13:00:29.767,1.0198,1.0097,1.0038,0.0,normal,0.0,speed_hump,0.5104,normal,0.0,NORMAL,21.2,0.0,100,speed_hump,YES,PASS,0.0,0.074,0.008,0.51,
13:00:29.939,1.0016,1.0064,1.0065,0.0,normal,0.0,speed_hump,0.5083,normal,0.0,NORMAL,20.2,0.0,100,speed_hump,YES,PASS,0.0,0.054,0.001,0.508,
13:00:30.098,1.0225,1.0016,1.0099,0.0,normal,0.0,normal,0.0,normal,0.0,NORMAL,1.8,0.0,100,normal,YES,PASS,0.0,0.04,0.009,0.0,
13:00:30.248,1.0126,1.0005,1.0031,0.0,normal,0.0,normal,0.0,normal,0.0,NORMAL,1.3,0.0,100,normal,YES,PASS,0.0,0.029,0.005,0.0,
13:00:30.415,1.0221,1.0097,1.0074,0.0,normal,0.0,normal,0.0,normal,0.0,NORMAL,1.0,0.0,100,normal,YES,PASS,0.0,0.021,0.009,0.0,
13:00:30.576,1.0134,1.0091,1.0084,0.0,normal,0.0,speed_hump,0.5022,normal,0.0,NORMAL,18.3,0.0,100,speed_hump,YES,PASS,0.0,0.015,0.005,0.502,
13:00:30.740,1.0253,1.0053,1.0066,0.0,normal,0.0,speed_hump,0.502,normal,0.0,NORMAL,18.1,0.0,100,speed_hump,YES,PASS,0.0,0.011,0.01,0.502,
13:00:30.900,1.0427,1.0086,1.0103,0.0,normal,0.0,speed_hump,0.5071,normal,0.0,NORMAL,18.2,0.0,100,speed_hump,YES,PASS,0.0,0.008,0.017,0.507,
13:00:31.070,1.0356,1.0088,1.0003,0.0,normal,0.0,speed_hump,0.5093,normal,0.0,NORMAL,18.2,0.0,100,speed_hump,YES,PASS,0.0,0.006,0.014,0.509,
13:00:31.232,1.0605,1.0063,1.0108,0.0,normal,0.0,speed_hump,0.5127,normal,0.0,NORMAL,18.3,0.0,100,speed_hump,YES,PASS,0.0,0.004,0.024,0.513,
13:00:31.402,1.0122,1.0124,1.0037,0.0,normal,0.0,speed_hump,0.5144,normal,0.0,NORMAL,18.2,0.0,100,speed_hump,YES,PASS,0.0,0.003,0.005,0.514,
13:00:31.563,1.0706,1.0033,1.0138,0.0,normal,0.0,speed_hump,0.5213,normal,0.0,NORMAL,18.5,0.0,100,speed_hump,YES,PASS,0.0,0.002,0.028,0.521,
13:00:31.718,1.0244,1.0107,1.0101,0.0,normal,0.0,speed_hump,0.5219,normal,0.0,NORMAL,18.4,0.0,100,speed_hump,YES,PASS,0.0,0.002,0.01,0.522,
13:00:31.877,1.0484,1.0061,1.0042,0.0,normal,0.0,speed_hump,0.5158,normal,0.0,NORMAL,18.2,0.0,100,speed_hump,YES,PASS,0.0,0.001,0.019,0.516,
13:00:32.040,1.0305,1.0018,1.0014,0.0,normal,0.0,speed_hump,0.5124,normal,0.0,NORMAL,18.0,0.0,100,speed_hump,YES,PASS,0.0,0.001,0.012,0.512,
13:00:32.200,1.0475,1.0132,1.0154,0.0,normal,0.0,speed_hump,0.509,normal,0.0,NORMAL,17.9,0.0,100,speed_hump,YES,PASS,0.0,0.001,0.019,0.509,
13:00:32.363,1.0198,1.0012,1.0085,0.0,normal,0.0,speed_hump,0.5065,normal,0.0,NORMAL,17.8,0.0,100,speed_hump,YES,PASS,0.0,0.0,0.008,0.507,
13:00:32.518,1.0442,1.0009,1.0089,0.0,normal,0.0,speed_hump,0.5064,normal,0.0,NORMAL,17.8,0.0,100,speed_hump,YES,PASS,0.0,0.0,0.018,0.506,
13:00:32.687,1.029,1.0087,1.0092,0.0,normal,0.0,speed_hump,0.5039,normal,0.0,NORMAL,17.7,0.0,100,speed_hump,YES,PASS,0.0,0.0,0.012,0.504,
13:00:32.851,1.0383,1.0036,1.0077,0.0,normal,0.0,speed_hump,0.5077,normal,0.0,NORMAL,17.9,0.0,100,speed_hump,YES,PASS,0.0,0.0,0.015,0.508,
13:00:33.007,1.0612,1.0132,1.0041,0.0,normal,0.0,speed_hump,0.5123,normal,0.0,NORMAL,18.1,0.0,100,speed_hump,YES,PASS,0.0,0.0,0.024,0.512,
13:00:33.173,1.0478,1.0011,1.0116,0.0,normal,0.0,speed_hump,0.515,normal,0.0,NORMAL,18.1,0.0,100,speed_hump,YES,PASS,0.0,0.0,0.019,0.515,
13:00:33.340,1.042,1.0075,1.0019,0.0,normal,0.0,speed_hump,0.5162,normal,0.0,NORMAL,18.2,0.0,100,speed_hump,YES,PASS,0.0,0.0,0.017,0.516,
13:00:33.507,1.0233,1.007,1.0118,0.0,normal,0.0,speed_hump,0.5153,normal,0.0,NORMAL,18.1,0.0,100,speed_hump,YES,PASS,0.0,0.0,0.009,0.515,
13:00:33.673,1.0475,1.0016,1.003,0.0,normal,0.0,speed_hump,0.5121,normal,0.0,NORMAL,18.0,0.0,100,speed_hump,YES,PASS,0.0,0.0,0.019,0.512,
13:00:33.832,1.0492,1.0021,1.0052,0.0,normal,0.0,speed_hump,0.5216,normal,0.0,NORMAL,18.4,0.0,100,speed_hump,YES,PASS,0.0,0.0,0.02,0.522,
13:00:33.995,1.0427,1.0025,1.0066,0.0,normal,0.0,speed_hump,0.5301,normal,0.0,NORMAL,18.6,0.0,100,speed_hump,YES,PASS,0.0,0.0,0.017,0.53,
13:00:34.151,1.0092,1.0036,1.0072,0.0,normal,0.0,speed_hump,0.5335,normal,0.0,NORMAL,18.7,0.0,100,speed_hump,YES,PASS,0.0,0.0,0.004,0.533,
13:00:34.318,1.0209,1.0144,1.0092,0.0,normal,0.0,speed_hump,0.542,normal,0.0,NORMAL,19.0,0.0,100,speed_hump,YES,PASS,0.0,0.0,0.008,0.542,
13:00:34.491,1.0012,1.003,1.0008,0.0,normal,0.0,speed_hump,0.5414,normal,0.0,NORMAL,19.0,0.0,100,speed_hump,YES,PASS,0.0,0.0,0.0,0.541,
13:00:34.645,1.0195,1.0126,1.0162,0.0,normal,0.0,speed_hump,0.5369,normal,0.0,NORMAL,18.8,0.0,100,speed_hump,YES,PASS,0.0,0.0,0.008,0.537,
13:00:34.808,1.0064,1.0113,1.0108,0.0,normal,0.0,speed_hump,0.5359,normal,0.0,NORMAL,18.8,0.0,100,speed_hump,YES,PASS,0.0,0.0,0.003,0.536,
13:00:34.971,1.0285,1.0069,1.0122,0.0,normal,0.0,speed_hump,0.5331,normal,0.0,NORMAL,18.7,0.0,100,speed_hump,YES,PASS,0.0,0.0,0.011,0.533,
13:00:35.124,1.0674,1.0077,1.0023,0.0,normal,0.0,speed_hump,0.5314,normal,0.0,NORMAL,18.7,0.0,100,speed_hump,YES,PASS,0.0,0.0,0.027,0.531,
13:00:35.280,1.0433,1.0132,1.0072,0.0,normal,0.0,speed_hump,0.5294,normal,0.0,NORMAL,18.6,0.0,100,speed_hump,YES,PASS,0.0,0.0,0.017,0.529,
13:00:35.451,1.0214,1.0129,1.0078,0.0,normal,0.0,speed_hump,0.5222,normal,0.0,NORMAL,18.3,0.0,100,speed_hump,YES,PASS,0.0,0.0,0.009,0.522,
13:00:35.619,1.0246,1.0043,1.0067,0.0,normal,0.0,speed_hump,0.5226,normal,0.0,NORMAL,18.3,0.0,100,speed_hump,YES,PASS,0.0,0.0,0.01,0.523,
13:00:35.794,1.0283,1.001,1.0017,0.0,normal,0.0,speed_hump,0.5218,normal,0.0,NORMAL,18.3,0.0,100,speed_hump,YES,PASS,0.0,0.0,0.011,0.522,
13:00:35.952,1.0093,1.0072,1.0095,0.0,normal,0.0,speed_hump,0.5225,normal,0.0,NORMAL,18.3,0.0,100,speed_hump,YES,PASS,0.0,0.0,0.004,0.523,
13:00:36.117,1.0258,1.0057,1.0108,0.0,normal,0.0,speed_hump,0.5238,normal,0.0,NORMAL,18.4,0.0,100,speed_hump,YES,PASS,0.0,0.0,0.01,0.524,
13:00:36.278,1.0661,1.0064,1.0014,0.0,normal,0.0,speed_hump,0.5259,normal,0.0,NORMAL,18.5,0.0,100,speed_hump,YES,PASS,0.0,0.0,0.026,0.526,
13:00:36.428,1.0346,1.0066,1.0023,0.0,normal,0.0,speed_hump,0.527,normal,0.0,NORMAL,18.5,0.0,100,speed_hump,YES,PASS,0.0,0.0,0.014,0.527,
13:00:36.628,1.0177,1.0025,1.0052,0.0,normal,0.0,speed_hump,0.5277,normal,0.0,NORMAL,18.5,0.0,100,speed_hump,YES,PASS,0.0,0.0,0.007,0.528,
13:00:36.798,1.0228,1.006,1.0044,0.0,normal,0.0,speed_hump,0.5304,normal,0.0,NORMAL,18.6,0.0,100,speed_hump,YES,PASS,0.0,0.0,0.009,0.53,
13:00:36.962,1.0597,1.0099,1.0119,0.0,normal,0.0,speed_hump,0.5314,normal,0.0,NORMAL,18.7,0.0,100,speed_hump,YES,PASS,0.0,0.0,0.024,0.531,
13:00:37.127,1.0319,1.014,1.0079,0.0,normal,0.0,speed_hump,0.5303,normal,0.0,NORMAL,18.6,0.0,100,speed_hump,YES,PASS,0.0,0.0,0.013,0.53,
13:00:37.272,1.0191,1.0,1.008,0.0,normal,0.0,speed_hump,0.5223,normal,0.0,NORMAL,18.3,0.0,100,speed_hump,YES,PASS,0.0,0.0,0.008,0.522,
13:00:37.446,1.0008,1.0063,1.0098,0.0,normal,0.0,speed_hump,0.5283,normal,0.0,NORMAL,18.5,0.0,100,speed_hump,YES,PASS,0.0,0.0,0.0,0.528,
13:00:37.606,1.0506,1.0032,1.007,0.0,normal,0.0,speed_hump,0.5262,normal,0.0,NORMAL,18.5,0.0,100,speed_hump,YES,PASS,0.0,0.0,0.02,0.526,
13:00:37.777,1.0183,1.0084,1.0092,0.0,normal,0.0,speed_hump,0.5064,normal,0.0,NORMAL,17.8,0.0,100,speed_hump,YES,PASS,0.0,0.0,0.007,0.506,
13:00:37.941,1.0339,1.0066,1.0105,0.0,normal,0.0,normal,0.0,normal,0.0,NORMAL,0.1,0.0,100,normal,YES,PASS,0.0,0.0,0.014,0.0,
13:00:38.096,1.0102,1.0025,1.0036,0.0,normal,0.0,speed_hump,0.5072,normal,0.0,NORMAL,17.8,0.0,100,speed_hump,YES,PASS,0.0,0.0,0.004,0.507,
13:00:38.266,1.0205,1.0065,1.0022,0.0,normal,0.0,speed_hump,0.5121,normal,0.0,NORMAL,18.0,0.0,100,speed_hump,YES,PASS,0.0,0.0,0.008,0.512,
13:00:38.439,1.0392,1.0021,1.0041,0.0,normal,0.0,speed_hump,0.5029,normal,0.0,NORMAL,17.7,0.0,100,speed_hump,YES,PASS,0.0,0.0,0.016,0.503,
13:00:38.597,1.0561,1.0134,1.0087,0.0,normal,0.0,normal,0.0,normal,0.0,NORMAL,0.1,0.0,100,normal,YES,PASS,0.0,0.0,0.022,0.0,
13:00:38.750,1.043,1.0127,1.0032,0.0,normal,0.0,speed_hump,0.5021,normal,0.0,NORMAL,17.7,0.0,100,speed_hump,YES,PASS,0.0,0.0,0.017,0.502,
13:00:38.905,1.0385,1.0032,1.0091,0.0,normal,0.0,speed_hump,0.5021,normal,0.0,NORMAL,17.7,0.0,100,speed_hump,YES,PASS,0.0,0.0,0.015,0.502,
13:00:39.081,1.0659,1.0026,1.0051,0.0,normal,0.0,normal,0.0,normal,0.0,NORMAL,0.1,0.0,100,normal,YES,PASS,0.0,0.0,0.026,0.0,
13:00:39.242,1.0107,1.0059,1.0037,0.0,normal,0.0,normal,0.0,normal,0.0,NORMAL,0.0,0.0,100,normal,YES,PASS,0.0,0.0,0.004,0.0,
13:00:39.390,1.0185,1.0051,1.001,0.0,normal,0.0,normal,0.0,normal,0.0,NORMAL,0.0,0.0,100,normal,YES,PASS,0.0,0.0,0.007,0.0,
13:00:39.538,1.0194,1.0111,1.0099,0.0,normal,0.0,normal,0.0,normal,0.0,NORMAL,0.0,0.0,100,normal,YES,PASS,0.0,0.0,0.008,0.0,
13:00:39.707,1.0236,1.0117,1.011,0.0,normal,0.0,normal,0.0,normal,0.0,NORMAL,0.0,0.0,100,normal,YES,PASS,0.0,0.0,0.009,0.0,
13:00:39.877,1.0233,1.0107,1.0035,0.0,normal,0.0,normal,0.0,normal,0.0,NORMAL,0.0,0.0,100,normal,YES,PASS,0.0,0.0,0.009,0.0,
13:00:40.046,1.0124,1.0045,1.0123,0.0,normal,0.0,normal,0.0,normal,0.0,NORMAL,0.0,0.0,100,normal,YES,PASS,0.0,0.0,0.005,0.0,
13:00:40.215,1.0184,1.0058,1.0019,0.0,normal,0.0,normal,0.0,normal,0.0,NORMAL,0.0,0.0,100,normal,YES,PASS,0.0,0.0,0.007,0.0,
13:00:40.376,1.0079,1.0136,1.0135,0.0,normal,0.0,normal,0.0,normal,0.0,NORMAL,0.0,0.0,100,normal,YES,PASS,0.0,0.0,0.003,0.0,
13:00:40.522,1.0069,1.0044,1.0098,0.0,normal,0.0,normal,0.0,normal,0.0,NORMAL,0.0,0.0,100,normal,YES,PASS,0.0,0.0,0.003,0.0,
13:00:40.679,1.0662,1.0001,1.005,0.0,normal,0.0,normal,0.0,normal,0.0,NORMAL,0.1,0.0,100,normal,YES,PASS,0.0,0.0,0.026,0.0,
13:00:40.837,1.0137,1.0087,1.0133,0.0,normal,0.0,normal,0.0,normal,0.0,NORMAL,0.0,0.0,100,normal,YES,PASS,0.0,0.0,0.005,0.0,
13:00:40.995,1.038,1.0068,1.0083,0.0,normal,0.0,normal,0.0,normal,0.0,NORMAL,0.1,0.0,100,normal,YES,PASS,0.0,0.0,0.015,0.0,
13:00:41.148,1.0361,1.002,1.0083,0.0,normal,0.0,normal,0.0,normal,0.0,NORMAL,0.1,0.0,100,normal,YES,PASS,0.0,0.0,0.014,0.0,
13:00:41.305,1.0225,1.0026,1.0034,0.0,normal,0.0,normal,0.0,normal,0.0,NORMAL,0.0,0.0,100,normal,YES,PASS,0.0,0.0,0.009,0.0,
13:00:41.462,1.0384,1.0119,1.0058,0.0,normal,0.0,normal,0.0,normal,0.0,NORMAL,0.1,0.0,100,normal,YES,PASS,0.0,0.0,0.015,0.0,
13:00:41.617,1.063,1.0097,1.0057,0.0,normal,0.0,normal,0.0,normal,0.0,NORMAL,0.1,0.0,100,normal,YES,PASS,0.0,0.0,0.025,0.0,
13:00:41.769,1.0635,1.0011,1.0008,0.0,normal,0.0,normal,0.0,normal,0.0,NORMAL,0.1,0.0,100,normal,YES,PASS,0.0,0.0,0.025,0.0,
13:00:41.921,1.0051,1.0008,1.0118,0.0,normal,0.0,normal,0.0,normal,0.0,NORMAL,0.0,0.0,100,normal,YES,PASS,0.0,0.0,0.002,0.0,
13:00:42.080,1.0196,1.013,1.0085,0.0,normal,0.0,normal,0.0,normal,0.0,NORMAL,0.0,0.0,100,normal,YES,PASS,0.0,0.0,0.008,0.0,
13:00:42.231,1.0201,1.0134,1.0071,0.0,normal,0.0,normal,0.0,normal,0.0,NORMAL,0.0,0.0,100,normal,YES,PASS,0.0,0.0,0.008,0.0,
13:00:42.376,1.0481,1.0062,1.0073,0.0,normal,0.0,normal,0.0,normal,0.0,NORMAL,0.1,0.0,100,normal,YES,PASS,0.0,0.0,0.019,0.0,
13:00:42.535,1.0036,1.0032,1.0067,0.0,normal,0.0,normal,0.0,normal,0.0,NORMAL,0.0,0.0,100,normal,YES,PASS,0.0,0.0,0.001,0.0,
13:00:42.696,1.0572,1.0071,1.0042,0.0,normal,0.0,normal,0.0,normal,0.0,NORMAL,0.1,0.0,100,normal,YES,PASS,0.0,0.0,0.023,0.0,
13:00:42.850,1.0162,1.0081,1.0047,0.0,normal,0.0,normal,0.0,normal,0.0,NORMAL,0.0,0.0,100,normal,YES,PASS,0.0,0.0,0.006,0.0,
13:00:43.002,1.0444,1.0113,1.0067,0.0,normal,0.0,normal,0.0,normal,0.0,NORMAL,0.1,0.0,100,normal,YES,PASS,0.0,0.0,0.018,0.0,
13:00:43.165,1.0603,1.0044,1.001,0.0,normal,0.0,normal,0.0,normal,0.0,NORMAL,0.1,0.0,100,normal,YES,PASS,0.0,0.0,0.024,0.0,
13:00:43.318,1.0212,1.0098,1.0121,0.0,normal,0.0,normal,0.0,normal,0.0,NORMAL,0.0,0.0,100,normal,YES,PASS,0.0,0.0,0.008,0.0,
13:00:43.472,1.0432,1.0118,1.0047,0.0,normal,0.0,normal,0.0,normal,0.0,NORMAL,0.1,0.0,100,normal,YES,PASS,0.0,0.0,0.017,0.0,
13:00:43.618,1.0397,1.0008,1.0088,0.0,normal,0.0,normal,0.0,normal,0.0,NORMAL,0.1,0.0,100,normal,YES,PASS,0.0,0.0,0.016,0.0,
13:00:43.782,1.049,1.0084,1.0024,0.0,normal,0.0,speed_hump,0.5001,normal,0.0,NORMAL,17.6,0.0,100,speed_hump,YES,PASS,0.0,0.0,0.02,0.5,
13:00:43.938,1.0348,1.0033,1.0048,0.0,normal,0.0,normal,0.0,normal,0.0,NORMAL,0.1,0.0,100,normal,YES,PASS,0.0,0.0,0.014,0.0,
13:00:44.100,1.0401,1.0046,1.0061,0.0,normal,0.0,normal,0.0,normal,0.0,NORMAL,0.1,0.0,100,normal,YES,PASS,0.0,0.0,0.016,0.0,
13:00:44.255,1.0476,1.0118,1.0116,0.0,normal,0.0,normal,0.0,normal,0.0,NORMAL,0.1,0.0,100,normal,YES,PASS,0.0,0.0,0.019,0.0,
13:00:44.421,1.0482,1.0036,1.0046,0.0,normal,0.0,speed_hump,0.5072,normal,0.0,NORMAL,17.8,0.0,100,speed_hump,YES,PASS,0.0,0.0,0.019,0.507,
13:00:44.580,1.0103,1.0074,1.0061,0.0,normal,0.0,normal,0.0,normal,0.0,NORMAL,0.0,0.0,100,normal,YES,PASS,0.0,0.0,0.004,0.0,
13:00:44.736,1.014,1.0048,1.0078,0.0,normal,0.0,normal,0.0,normal,0.0,NORMAL,0.0,0.0,100,normal,YES,PASS,0.0,0.0,0.006,0.0,
13:00:44.891,1.0383,1.0076,1.0063,0.0,normal,0.0,normal,0.0,normal,0.0,NORMAL,0.1,0.0,100,normal,YES,PASS,0.0,0.0,0.015,0.0,
13:00:45.050,1.0379,1.0032,1.0049,0.0,normal,0.0,speed_hump,0.5018,normal,0.0,NORMAL,17.6,0.0,100,speed_hump,YES,PASS,0.0,0.0,0.015,0.502,
13:00:45.219,1.0387,1.0052,1.0035,0.0,normal,0.0,normal,0.0,normal,0.0,NORMAL,0.1,0.0,100,normal,YES,PASS,0.0,0.0,0.015,0.0,
13:00:45.372,1.0364,1.0131,1.0029,0.0,normal,0.0,normal,0.0,normal,0.0,NORMAL,0.1,0.0,100,normal,YES,PASS,0.0,0.0,0.015,0.0,
13:00:45.536,1.0304,1.0002,1.0099,0.0,normal,0.0,speed_hump,0.5475,normal,0.0,NORMAL,19.2,0.0,100,speed_hump,YES,PASS,0.0,0.0,0.012,0.548,
13:00:45.694,1.0367,1.0029,1.0074,0.0,normal,0.0,speed_hump,0.5603,normal,0.0,NORMAL,19.7,0.0,100,speed_hump,YES,PASS,0.0,0.0,0.015,0.56,
13:00:45.854,1.0412,1.0019,1.0106,0.0,normal,0.0,speed_hump,0.509,normal,0.0,NORMAL,17.9,0.0,100,speed_hump,YES,PASS,0.0,0.0,0.016,0.509,
13:00:46.022,1.0513,1.0124,1.0084,0.0,normal,0.0,normal,0.0,normal,0.0,NORMAL,0.1,0.0,100,normal,YES,PASS,0.0,0.0,0.021,0.0,
13:00:46.176,1.0312,1.0066,1.0109,0.0,normal,0.0,normal,0.0,normal,0.0,NORMAL,0.1,0.0,100,normal,YES,PASS,0.0,0.0,0.012,0.0,
13:00:46.327,1.0433,1.0017,1.014,0.0,normal,0.0,speed_hump,0.5025,normal,0.0,NORMAL,17.7,0.0,100,speed_hump,YES,PASS,0.0,0.0,0.017,0.502,
13:00:46.486,1.0027,1.0042,1.009,0.0,normal,0.0,speed_hump,0.5115,normal,0.0,NORMAL,17.9,0.0,100,speed_hump,YES,PASS,0.0,0.0,0.001,0.512,
13:00:46.657,1.0479,1.0107,1.0109,0.0,normal,0.0,speed_hump,0.5397,normal,0.0,NORMAL,19.0,0.0,100,speed_hump,YES,PASS,0.0,0.0,0.019,0.54,
13:00:46.825,1.02,1.001,1.0076,0.0,normal,0.0,speed_hump,0.5203,normal,0.0,NORMAL,18.2,0.0,100,speed_hump,YES,PASS,0.0,0.0,0.008,0.52,
13:00:46.982,1.0143,1.0036,1.0107,0.0,normal,0.0,speed_hump,0.5241,normal,0.0,NORMAL,18.4,0.0,100,speed_hump,YES,PASS,0.0,0.0,0.006,0.524,
13:00:47.154,1.0,1.0084,1.0027,0.0,normal,0.0,speed_hump,0.531,normal,0.0,NORMAL,18.6,0.0,100,speed_hump,YES,PASS,0.0,0.0,0.0,0.531,
13:00:47.308,1.0128,1.0064,1.0007,0.0,normal,0.0,speed_hump,0.5276,normal,0.0,NORMAL,18.5,0.0,100,speed_hump,YES,PASS,0.0,0.0,0.005,0.528,
13:00:47.455,1.0248,1.0096,1.006,0.0,normal,0.0,speed_hump,0.524,normal,0.0,NORMAL,18.4,0.0,100,speed_hump,YES,PASS,0.0,0.0,0.01,0.524,
13:00:47.623,1.0096,1.0007,1.0112,0.0,normal,0.0,speed_hump,0.5111,normal,0.0,NORMAL,17.9,0.0,100,speed_hump,YES,PASS,0.0,0.0,0.004,0.511,
13:00:47.790,1.0751,1.003,1.0125,0.0,normal,0.0,normal,0.0,normal,0.0,NORMAL,0.2,0.0,100,normal,YES,PASS,0.0,0.0,0.03,0.0,
13:00:47.941,1.022,1.01,1.0121,0.0,normal,0.0,speed_hump,0.5107,normal,0.0,NORMAL,17.9,0.0,100,speed_hump,YES,PASS,0.0,0.0,0.009,0.511,
13:00:48.086,1.0379,1.0134,1.0105,0.0,normal,0.0,speed_hump,0.5109,normal,0.0,NORMAL,18.0,0.0,100,speed_hump,YES,PASS,0.0,0.0,0.015,0.511,
13:00:48.258,1.0214,1.0099,1.0047,0.0,normal,0.0,speed_hump,0.5109,normal,0.0,NORMAL,17.9,0.0,100,speed_hump,YES,PASS,0.0,0.0,0.009,0.511,
13:00:48.426,1.0008,1.0086,1.0083,0.0,normal,0.0,normal,0.0,normal,0.0,NORMAL,0.0,0.0,100,normal,YES,PASS,0.0,0.0,0.0,0.0,
13:00:48.571,1.0548,1.0006,1.0065,0.0,normal,0.0,speed_hump,0.5009,normal,0.0,NORMAL,17.6,0.0,100,speed_hump,YES,PASS,0.0,0.0,0.022,0.501,
13:00:48.738,1.0181,1.0004,1.001,0.0,normal,0.0,speed_hump,0.5058,normal,0.0,NORMAL,17.7,0.0,100,speed_hump,YES,PASS,0.0,0.0,0.007,0.506,
13:00:48.898,1.0343,1.0083,1.0005,0.0,normal,0.0,speed_hump,0.5071,normal,0.0,NORMAL,17.8,0.0,100,speed_hump,YES,PASS,0.0,0.0,0.014,0.507,
13:00:49.057,1.0189,1.0033,1.0059,0.0,normal,0.0,speed_hump,0.508,normal,0.0,NORMAL,17.8,0.0,100,speed_hump,YES,PASS,0.0,0.0,0.008,0.508,
13:00:49.218,1.0198,1.0091,1.0016,0.0,normal,0.0,speed_hump,0.5062,normal,0.0,NORMAL,17.8,0.0,100,speed_hump,YES,PASS,0.0,0.0,0.008,0.506,
13:00:49.415,1.063,1.0091,1.001,0.0,normal,0.0,speed_hump,0.5071,normal,0.0,NORMAL,17.9,0.0,100,speed_hump,YES,PASS,0.0,0.0,0.025,0.507,
13:00:49.577,1.0089,1.0108,1.0128,0.0,normal,0.0,speed_hump,0.5046,normal,0.0,NORMAL,17.7,0.0,100,speed_hump,YES,PASS,0.0,0.0,0.004,0.505,
13:00:49.738,1.0026,1.0106,1.0112,0.0,normal,0.0,speed_hump,0.5165,normal,0.0,NORMAL,18.1,0.0,100,speed_hump,YES,PASS,0.0,0.0,0.001,0.517,
13:00:49.906,1.0136,1.0078,1.0121,0.0,normal,0.0,speed_hump,0.5153,normal,0.0,NORMAL,18.1,0.0,100,speed_hump,YES,PASS,0.0,0.0,0.005,0.515,
13:00:50.067,1.0042,1.0105,1.0093,0.0,normal,0.0,speed_hump,0.5098,normal,0.0,NORMAL,17.9,0.0,100,speed_hump,YES,PASS,0.0,0.0,0.002,0.51,
13:00:50.215,1.0183,1.013,1.0073,0.0,normal,0.0,speed_hump,0.5068,normal,0.0,NORMAL,17.8,0.0,100,speed_hump,YES,PASS,0.0,0.0,0.007,0.507,
13:00:50.385,1.0425,1.005,1.0099,0.0,normal,0.0,speed_hump,0.5118,normal,0.0,NORMAL,18.0,0.0,100,speed_hump,YES,PASS,0.0,0.0,0.017,0.512,
13:00:50.550,1.0129,1.006,1.0143,0.0,normal,0.0,speed_hump,0.5079,normal,0.0,NORMAL,17.8,0.0,100,speed_hump,YES,PASS,0.0,0.0,0.005,0.508,
13:00:50.697,1.0225,1.0087,1.0003,0.0,normal,0.0,speed_hump,0.513,normal,0.0,NORMAL,18.0,0.0,100,speed_hump,YES,PASS,0.0,0.0,0.009,0.513,
13:00:50.857,1.0227,1.0133,1.0007,0.0,normal,0.0,speed_hump,0.5202,normal,0.0,NORMAL,18.3,0.0,100,speed_hump,YES,PASS,0.0,0.0,0.009,0.52,
13:00:51.031,1.0654,1.0077,1.0024,0.0,normal,0.0,speed_hump,0.5233,normal,0.0,NORMAL,18.4,0.0,100,speed_hump,YES,PASS,0.0,0.0,0.026,0.523,
13:00:51.188,1.0258,1.0092,1.0039,0.0,normal,0.0,speed_hump,0.5226,normal,0.0,NORMAL,18.3,0.0,100,speed_hump,YES,PASS,0.0,0.0,0.01,0.523,
13:00:51.352,1.0286,1.0103,1.0043,0.0,normal,0.0,speed_hump,0.5257,normal,0.0,NORMAL,18.5,0.0,100,speed_hump,YES,PASS,0.0,0.0,0.011,0.526,
13:00:51.526,1.0071,1.0073,1.0006,0.0,normal,0.0,speed_hump,0.5241,normal,0.0,NORMAL,18.4,0.0,100,speed_hump,YES,PASS,0.0,0.0,0.003,0.524,
13:00:51.678,1.031,1.0083,1.0117,0.0,normal,0.0,speed_hump,0.5268,normal,0.0,NORMAL,18.5,0.0,100,speed_hump,YES,PASS,0.0,0.0,0.012,0.527,
13:00:51.850,1.0499,1.0006,1.0049,0.0,normal,0.0,speed_hump,0.5214,normal,0.0,NORMAL,18.3,0.0,100,speed_hump,YES,PASS,0.0,0.0,0.02,0.521,
13:00:52.022,1.0256,1.0087,1.0017,0.0,normal,0.0,speed_hump,0.5198,normal,0.0,NORMAL,18.2,0.0,100,speed_hump,YES,PASS,0.0,0.0,0.01,0.52,
13:00:52.191,1.0524,1.0029,1.0127,0.0,normal,0.0,speed_hump,0.5083,normal,0.0,NORMAL,17.9,0.0,100,speed_hump,YES,PASS,0.0,0.0,0.021,0.508,
13:00:52.341,1.0499,1.0023,1.0085,0.0,normal,0.0,normal,0.0,normal,0.0,NORMAL,0.1,0.0,100,normal,YES,PASS,0.0,0.0,0.02,0.0,
13:00:52.509,1.0063,1.001,1.0041,0.0,normal,0.0,speed_hump,0.5048,normal,0.0,NORMAL,17.7,0.0,100,speed_hump,YES,PASS,0.0,0.0,0.003,0.505,
13:00:52.670,1.0448,1.008,1.0102,0.0,normal,0.0,speed_hump,0.5115,normal,0.0,NORMAL,18.0,0.0,100,speed_hump,YES,PASS,0.0,0.0,0.018,0.512,
13:00:52.828,1.0325,1.0058,1.0082,0.0,normal,0.0,speed_hump,0.5192,normal,0.0,NORMAL,18.2,0.0,100,speed_hump,YES,PASS,0.0,0.0,0.013,0.519,
13:00:52.995,1.0508,1.0114,1.0052,0.0,normal,0.0,speed_hump,0.5221,normal,0.0,NORMAL,18.4,0.0,100,speed_hump,YES,PASS,0.0,0.0,0.02,0.522,
13:00:53.143,1.0209,1.0092,1.0079,0.0,normal,0.0,speed_hump,0.5237,normal,0.0,NORMAL,18.4,0.0,100,speed_hump,YES,PASS,0.0,0.0,0.008,0.524,
13:00:53.302,1.0465,1.012,1.0112,0.0,normal,0.0,speed_hump,0.5275,normal,0.0,NORMAL,18.6,0.0,100,speed_hump,YES,PASS,0.0,0.0,0.019,0.527,
13:00:53.466,1.029,1.008,1.0016,0.0,normal,0.0,speed_hump,0.5257,normal,0.0,NORMAL,18.5,0.0,100,speed_hump,YES,PASS,0.0,0.0,0.012,0.526,
13:00:53.618,1.0537,1.0033,1.0045,0.0,normal,0.0,speed_hump,0.5256,normal,0.0,NORMAL,18.5,0.0,100,speed_hump,YES,PASS,0.0,0.0,0.021,0.526,
13:00:53.778,1.0244,1.0066,1.0028,0.0,normal,0.0,speed_hump,0.5125,normal,0.0,NORMAL,18.0,0.0,100,speed_hump,YES,PASS,0.0,0.0,0.01,0.513,
13:00:53.937,1.0109,1.0065,1.0022,0.0,normal,0.0,speed_hump,0.5155,normal,0.0,NORMAL,18.1,0.0,100,speed_hump,YES,PASS,0.0,0.0,0.004,0.516,
13:00:54.098,1.0599,1.0093,1.0153,0.0,normal,0.0,speed_hump,0.5179,normal,0.0,NORMAL,18.2,0.0,100,speed_hump,YES,PASS,0.0,0.0,0.024,0.518,
13:00:54.254,1.0193,1.0016,1.0015,0.0,normal,0.0,speed_hump,0.5183,normal,0.0,NORMAL,18.2,0.0,100,speed_hump,YES,PASS,0.0,0.0,0.008,0.518,
13:00:54.415,1.0225,1.0135,1.0028,0.0,normal,0.0,speed_hump,0.5206,normal,0.0,NORMAL,18.3,0.0,100,speed_hump,YES,PASS,0.0,0.0,0.009,0.521,
13:00:54.564,1.0424,1.0053,1.0039,0.0,normal,0.0,speed_hump,0.5131,normal,0.0,NORMAL,18.0,0.0,100,speed_hump,YES,PASS,0.0,0.0,0.017,0.513,
13:00:54.729,1.0643,1.0043,1.0086,0.0,normal,0.0,speed_hump,0.5016,normal,0.0,NORMAL,17.7,0.0,100,speed_hump,YES,PASS,0.0,0.0,0.026,0.502,
13:00:54.898,1.0196,1.0139,1.002,0.0,normal,0.0,normal,0.0,normal,0.0,NORMAL,0.0,0.0,100,normal,YES,PASS,0.0,0.0,0.008,0.0,
13:00:55.059,1.0186,1.0055,1.0,0.0,normal,0.0,normal,0.0,normal,0.0,NORMAL,0.0,0.0,100,normal,YES,PASS,0.0,0.0,0.007,0.0,
13:00:55.202,1.0507,1.0005,1.0121,0.0,normal,0.0,normal,0.0,normal,0.0,NORMAL,0.1,0.0,100,normal,YES,PASS,0.0,0.0,0.02,0.0,
13:00:55.361,1.0052,1.0074,1.0077,0.0,normal,0.0,normal,0.0,normal,0.0,NORMAL,0.0,0.0,100,normal,YES,PASS,0.0,0.0,0.002,0.0,
13:00:55.516,1.0358,1.0103,1.0065,0.0,normal,0.0,normal,0.0,normal,0.0,NORMAL,0.1,0.0,100,normal,YES,PASS,0.0,0.0,0.014,0.0,
13:00:55.682,1.0042,1.0017,1.0109,0.0,normal,0.0,normal,0.0,normal,0.0,NORMAL,0.0,0.0,100,normal,YES,PASS,0.0,0.0,0.002,0.0,
13:00:55.855,1.0251,1.012,1.0104,0.0,normal,0.0,normal,0.0,normal,0.0,NORMAL,0.1,0.0,100,normal,YES,PASS,0.0,0.0,0.01,0.0,
13:00:56.030,1.0312,1.0053,1.0105,0.0,normal,0.0,normal,0.0,normal,0.0,NORMAL,0.1,0.0,100,normal,YES,PASS,0.0,0.0,0.012,0.0,
13:00:56.191,1.0526,1.0071,1.0146,0.0,normal,0.0,normal,0.0,normal,0.0,NORMAL,0.1,0.0,100,normal,YES,PASS,0.0,0.0,0.021,0.0,
13:00:56.329,1.0477,1.0086,1.0099,0.0,normal,0.0,normal,0.0,normal,0.0,NORMAL,0.1,0.0,100,normal,YES,PASS,0.0,0.0,0.019,0.0,
13:00:56.492,1.0228,1.0106,1.0024,0.0,normal,0.0,normal,0.0,normal,0.0,NORMAL,0.0,0.0,100,normal,YES,PASS,0.0,0.0,0.009,0.0,
13:00:56.647,1.0131,1.0089,1.013,0.0,normal,0.0,speed_hump,0.5002,normal,0.0,NORMAL,17.5,0.0,100,speed_hump,YES,PASS,0.0,0.0,0.005,0.5,
13:00:56.815,1.0376,1.0089,1.0077,0.0,normal,0.0,speed_hump,0.5082,normal,0.0,NORMAL,17.9,0.0,100,speed_hump,YES,PASS,0.0,0.0,0.015,0.508,
13:00:56.985,1.0006,1.0089,1.0025,0.0,normal,0.0,speed_hump,0.5127,normal,0.0,NORMAL,17.9,0.0,100,speed_hump,YES,PASS,0.0,0.0,0.0,0.513,
13:00:57.149,1.0299,1.0124,1.0108,0.0,normal,0.0,speed_hump,0.5246,normal,0.0,NORMAL,18.4,0.0,100,speed_hump,YES,PASS,0.0,0.0,0.012,0.525,
13:00:57.318,1.0544,1.0122,1.0003,0.0,normal,0.0,speed_hump,0.5249,normal,0.0,NORMAL,18.5,0.0,100,speed_hump,YES,PASS,0.0,0.0,0.022,0.525,
13:00:57.464,1.0283,1.0077,1.0123,0.0,normal,0.0,speed_hump,0.5265,normal,0.0,NORMAL,18.5,0.0,100,speed_hump,YES,PASS,0.0,0.0,0.011,0.526,
13:00:57.633,1.0246,1.0001,1.0056,0.0,normal,0.0,speed_hump,0.5251,normal,0.0,NORMAL,18.4,0.0,100,speed_hump,YES,PASS,0.0,0.0,0.01,0.525,
13:00:57.783,1.0391,1.0108,1.0076,0.0,normal,0.0,speed_hump,0.529,normal,0.0,NORMAL,18.6,0.0,100,speed_hump,YES,PASS,0.0,0.0,0.016,0.529,
13:00:57.948,1.0256,1.0108,1.0026,0.0,normal,0.0,speed_hump,0.5305,normal,0.0,NORMAL,18.6,0.0,100,speed_hump,YES,PASS,0.0,0.0,0.01,0.53,
13:00:58.104,1.0631,1.0012,1.0061,0.0,normal,0.0,speed_hump,0.512,normal,0.0,NORMAL,18.0,0.0,100,speed_hump,YES,PASS,0.0,0.0,0.025,0.512,
13:00:58.262,1.0013,1.0129,1.0041,0.0,normal,0.0,normal,0.0,normal,0.0,NORMAL,0.0,0.0,100,normal,YES,PASS,0.0,0.0,0.001,0.0,
13:00:58.432,1.0399,1.0043,1.008,0.0,normal,0.0,normal,0.0,normal,0.0,NORMAL,0.1,0.0,100,normal,YES,PASS,0.0,0.0,0.016,0.0,
13:00:58.578,1.062,1.0042,1.0049,0.0,normal,0.0,normal,0.0,normal,0.0,NORMAL,0.1,0.0,100,normal,YES,PASS,0.0,0.0,0.025,0.0,
13:00:58.740,1.0544,1.0089,1.0159,0.0,normal,0.0,normal,0.0,normal,0.0,NORMAL,0.1,0.0,100,normal,YES,PASS,0.0,0.0,0.022,0.0,
13:00:58.916,1.0021,1.0027,1.0013,0.0,normal,0.0,normal,0.0,normal,0.0,NORMAL,0.0,0.0,100,normal,YES,PASS,0.0,0.0,0.001,0.0,
13:00:59.085,1.0458,1.005,1.0066,0.0,normal,0.0,normal,0.0,normal,0.0,NORMAL,0.1,0.0,100,normal,YES,PASS,0.0,0.0,0.018,0.0,
13:00:59.252,1.0507,1.0099,1.003,0.0,normal,0.0,normal,0.0,normal,0.0,NORMAL,0.1,0.0,100,normal,YES,PASS,0.0,0.0,0.02,0.0,
13:00:59.417,1.0445,1.0105,1.008,0.0,normal,0.0,normal,0.0,normal,0.0,NORMAL,0.1,0.0,100,normal,YES,PASS,0.0,0.0,0.018,0.0,
13:00:59.581,1.0159,1.0045,1.0014,0.0,normal,0.0,normal,0.0,normal,0.0,NORMAL,0.0,0.0,100,normal,YES,PASS,0.0,0.0,0.006,0.0,
13:00:59.725,1.0141,1.0086,1.0004,0.0,normal,0.0,normal,0.0,normal,0.0,NORMAL,0.0,0.0,100,normal,YES,PASS,0.0,0.0,0.006,0.0,
13:00:59.890,1.033,1.0151,1.0079,0.0,normal,0.0,normal,0.0,normal,0.0,NORMAL,0.1,0.0,100,normal,YES,PASS,0.0,0.0,0.013,0.0,
13:01:00.043,1.0629,1.0154,1.0036,0.0,normal,0.0,normal,0.0,normal,0.0,NORMAL,0.1,0.0,100,normal,YES,PASS,0.0,0.0,0.025,0.0,
13:01:00.202,1.0208,1.0098,1.0042,0.0,normal,0.0,normal,0.0,normal,0.0,NORMAL,0.0,0.0,100,normal,YES,PASS,0.0,0.0,0.008,0.0,
13:01:00.360,1.0518,1.0005,1.0059,0.0,normal,0.0,normal,0.0,normal,0.0,NORMAL,0.1,0.0,100,normal,YES,PASS,0.0,0.0,0.021,0.0,
13:01:00.512,1.0584,1.0022,1.0153,0.0,normal,0.0,normal,0.0,normal,0.0,NORMAL,0.1,0.0,100,normal,YES,PASS,0.0,0.0,0.023,0.0,
13:01:00.678,1.006,1.0093,1.0092,0.0,normal,0.0,normal,0.0,normal,0.0,NORMAL,0.0,0.0,100,normal,YES,PASS,0.0,0.0,0.002,0.0,
13:01:00.837,1.0303,1.0023,1.0015,0.0,normal,0.0,normal,0.0,normal,0.0,NORMAL,0.1,0.0,100,normal,YES,PASS,0.0,0.0,0.012,0.0,
13:01:00.979,1.027,1.0138,1.0036,0.0,normal,0.0,normal,0.0,normal,0.0,NORMAL,0.1,0.0,100,normal,YES,PASS,0.0,0.0,0.011,0.0,
13:01:01.138,1.0324,1.0095,1.0045,0.0,normal,0.0,normal,0.0,normal,0.0,NORMAL,0.1,0.0,100,normal,YES,PASS,0.0,0.0,0.013,0.0,
13:01:01.292,1.0373,1.0016,1.0106,0.0,normal,0.0,normal,0.0,normal,0.0,NORMAL,0.1,0.0,100,normal,YES,PASS,0.0,0.0,0.015,0.0,
13:01:01.441,1.0704,1.0141,1.001,0.0,normal,0.0,normal,0.0,normal,0.0,NORMAL,0.1,0.0,100,normal,YES,PASS,0.0,0.0,0.028,0.0,
13:01:01.604,1.0159,1.0061,1.013,0.0,normal,0.0,normal,0.0,normal,0.0,NORMAL,0.0,0.0,100,normal,YES,PASS,0.0,0.0,0.006,0.0,
13:01:01.761,1.0213,1.0013,1.0055,0.0,normal,0.0,normal,0.0,normal,0.0,NORMAL,0.0,0.0,100,normal,YES,PASS,0.0,0.0,0.009,0.0,
13:01:01.926,1.0304,1.0007,1.0139,0.0,normal,0.0,normal,0.0,normal,0.0,NORMAL,0.1,0.0,100,normal,YES,PASS,0.0,0.0,0.012,0.0,
13:01:02.087,1.0244,1.0118,1.0031,0.0,normal,0.0,normal,0.0,normal,0.0,NORMAL,0.0,0.0,100,normal,YES,PASS,0.0,0.0,0.01,0.0,
13:01:02.229,1.0284,1.0117,1.0123,0.0,normal,0.0,normal,0.0,normal,0.0,NORMAL,0.1,0.0,100,normal,YES,PASS,0.0,0.0,0.011,0.0,
13:01:02.381,1.0602,1.0038,1.0054,0.0,normal,0.0,normal,0.0,normal,0.0,NORMAL,0.1,0.0,100,normal,YES,PASS,0.0,0.0,0.024,0.0,
13:01:02.533,1.0255,1.0128,1.0055,0.0,normal,0.0,normal,0.0,normal,0.0,NORMAL,0.1,0.0,100,normal,YES,PASS,0.0,0.0,0.01,0.0,
13:01:02.692,1.0391,1.0138,1.0048,0.0,normal,0.0,normal,0.0,normal,0.0,NORMAL,0.1,0.0,100,normal,YES,PASS,0.0,0.0,0.016,0.0,
13:01:02.849,1.0242,1.003,1.0054,0.0,normal,0.0,normal,0.0,normal,0.0,NORMAL,0.0,0.0,100,normal,YES,PASS,0.0,0.0,0.01,0.0,
13:01:03.005,1.0163,1.003,1.0065,0.0,normal,0.0,normal,0.0,normal,0.0,NORMAL,0.0,0.0,100,normal,YES,PASS,0.0,0.0,0.007,0.0,
13:01:03.161,1.0422,1.0118,1.0015,0.0,normal,0.0,normal,0.0,normal,0.0,NORMAL,0.1,0.0,100,normal,YES,PASS,0.0,0.0,0.017,0.0,
13:01:03.306,1.0437,1.0009,1.0013,0.0,normal,0.0,normal,0.0,normal,0.0,NORMAL,0.1,0.0,100,normal,YES,PASS,0.0,0.0,0.017,0.0,
13:01:03.506,1.0539,1.0049,1.0014,0.0,normal,0.0,normal,0.0,normal,0.0,NORMAL,0.1,0.0,100,normal,YES,PASS,0.0,0.0,0.022,0.0,
13:01:03.660,1.0394,1.0067,1.0025,0.0,normal,0.0,normal,0.0,normal,0.0,NORMAL,0.1,0.0,100,normal,YES,PASS,0.0,0.0,0.016,0.0,
13:01:03.827,1.0419,1.0086,1.0065,0.0,normal,0.0,normal,0.0,normal,0.0,NORMAL,0.1,0.0,100,normal,YES,PASS,0.0,0.0,0.017,0.0,
13:01:03.991,1.0282,1.0101,1.0012,0.0,normal,0.0,normal,0.0,normal,0.0,NORMAL,0.1,0.0,100,normal,YES,PASS,0.0,0.0,0.011,0.0,
13:01:04.146,1.0122,1.0003,1.0077,0.0,normal,0.0,normal,0.0,normal,0.0,NORMAL,0.0,0.0,100,normal,YES,PASS,0.0,0.0,0.005,0.0,
13:01:04.299,1.0324,1.0014,1.0064,0.0,normal,0.0,normal,0.0,normal,0.0,NORMAL,0.1,0.0,100,normal,YES,PASS,0.0,0.0,0.013,0.0,
13:01:04.465,1.0377,1.0112,1.0005,0.0,normal,0.0,normal,0.0,normal,0.0,NORMAL,0.1,0.0,100,normal,YES,PASS,0.0,0.0,0.015,0.0,
13:01:04.625,1.0178,1.0131,1.004,0.0,normal,0.0,normal,0.0,normal,0.0,NORMAL,0.0,0.0,100,normal,YES,PASS,0.0,0.0,0.007,0.0,
13:01:04.777,1.0028,1.0082,1.0097,0.0,normal,0.0,normal,0.0,normal,0.0,NORMAL,0.0,0.0,100,normal,YES,PASS,0.0,0.0,0.001,0.0,
13:01:04.931,1.0415,1.0046,1.0052,0.0,normal,0.0,normal,0.0,normal,0.0,NORMAL,0.1,0.0,100,normal,YES,PASS,0.0,0.0,0.017,0.0,
13:01:05.090,1.0572,1.0069,1.0136,0.0,normal,0.0,normal,0.0,normal,0.0,NORMAL,0.1,0.0,100,normal,YES,PASS,0.0,0.0,0.023,0.0,
13:01:05.244,1.0205,1.0104,1.001,0.0,normal,0.0,normal,0.0,normal,0.0,NORMAL,0.0,0.0,100,normal,YES,PASS,0.0,0.0,0.008,0.0,
13:01:05.392,1.0212,1.0092,1.0014,0.0,normal,0.0,normal,0.0,normal,0.0,NORMAL,0.0,0.0,100,normal,YES,PASS,0.0,0.0,0.008,0.0,
13:01:05.553,1.0143,1.0117,1.0053,0.0,normal,0.0,normal,0.0,normal,0.0,NORMAL,0.0,0.0,100,normal,YES,PASS,0.0,0.0,0.006,0.0,
13:01:05.721,1.0103,1.0135,1.0031,0.0,normal,0.0,normal,0.0,normal,0.0,NORMAL,0.0,0.0,100,normal,YES,PASS,0.0,0.0,0.004,0.0,
13:01:05.874,1.0513,1.0033,1.0015,0.0,normal,0.0,normal,0.0,normal,0.0,NORMAL,0.1,0.0,100,normal,YES,PASS,0.0,0.0,0.021,0.0,
13:01:06.053,1.0038,1.0032,1.0101,0.0,normal,0.0,normal,0.0,normal,0.0,NORMAL,0.0,0.0,100,normal,YES,PASS,0.0,0.0,0.002,0.0,
13:01:06.238,1.0178,1.0096,1.0049,0.0,normal,0.0,normal,0.0,normal,0.0,NORMAL,0.0,0.0,100,normal,YES,PASS,0.0,0.0,0.007,0.0,
13:01:06.419,1.0367,1.0101,1.0,0.0,normal,0.0,normal,0.0,normal,0.0,NORMAL,0.1,0.0,100,normal,YES,PASS,0.0,0.0,0.015,0.0,
13:01:06.589,1.0274,1.0182,1.014,0.0,normal,0.0,normal,0.0,normal,0.0,NORMAL,0.1,0.0,100,normal,YES,PASS,0.0,0.0,0.011,0.0,
13:01:06.753,1.0311,1.0041,1.0117,0.0,normal,0.0,normal,0.0,normal,0.0,NORMAL,0.1,0.0,100,normal,YES,PASS,0.0,0.0,0.012,0.0,
13:01:07.027,1.0179,1.0089,1.0047,0.0,normal,0.0,normal,0.0,normal,0.0,NORMAL,0.0,0.0,100,normal,YES,PASS,0.0,0.0,0.007,0.0,
13:01:07.269,1.0342,1.0079,1.0061,0.0,normal,0.0,normal,0.0,normal,0.0,NORMAL,0.1,0.0,100,normal,YES,PASS,0.0,0.0,0.014,0.0,
13:01:07.512,1.0237,1.0067,1.0058,0.0,normal,0.0,normal,0.0,normal,0.0,NORMAL,0.0,0.0,100,normal,YES,PASS,0.0,0.0,0.009,0.0,
13:01:07.796,1.0218,1.0006,1.0066,0.0,normal,0.0,normal,0.0,normal,0.0,NORMAL,0.0,0.0,100,normal,YES,PASS,0.0,0.0,0.009,0.0,
13:01:07.986,1.0136,1.0103,1.0126,0.0,normal,0.0,normal,0.0,normal,0.0,NORMAL,0.0,0.0,100,normal,YES,PASS,0.0,0.0,0.005,0.0,
13:01:08.161,1.0391,1.0108,1.0051,0.0,normal,0.0,normal,0.0,normal,0.0,NORMAL,0.1,0.0,100,normal,YES,PASS,0.0,0.0,0.016,0.0,
13:01:08.321,1.0349,1.0011,1.0072,0.0,normal,0.0,normal,0.0,normal,0.0,NORMAL,0.1,0.0,100,normal,YES,PASS,0.0,0.0,0.014,0.0,
13:01:08.486,1.036,1.0121,1.0003,0.0,normal,0.0,normal,0.0,normal,0.0,NORMAL,0.1,0.0,100,normal,YES,PASS,0.0,0.0,0.014,0.0,
13:01:08.645,1.0064,1.0017,1.0026,0.0,normal,0.0,normal,0.0,normal,0.0,NORMAL,0.0,0.0,100,normal,YES,PASS,0.0,0.0,0.003,0.0,
13:01:08.819,1.0091,1.0114,1.0113,0.0,normal,0.0,normal,0.0,normal,0.0,NORMAL,0.0,0.0,100,normal,YES,PASS,0.0,0.0,0.004,0.0,
13:01:09.020,1.0124,1.0104,1.0064,0.0,normal,0.0,normal,0.0,normal,0.0,NORMAL,0.0,0.0,100,normal,YES,PASS,0.0,0.0,0.005,0.0,
13:01:09.226,1.0204,1.0,1.0005,0.0,normal,0.0,normal,0.0,normal,0.0,NORMAL,0.0,0.0,100,normal,YES,PASS,0.0,0.0,0.008,0.0,
13:01:09.414,1.0381,1.0016,1.0061,0.0,normal,0.0,normal,0.0,normal,0.0,NORMAL,0.1,0.0,100,normal,YES,PASS,0.0,0.0,0.015,0.0,
13:01:09.593,1.0249,1.0033,1.0059,0.0,normal,0.0,normal,0.0,normal,0.0,NORMAL,0.0,0.0,100,normal,YES,PASS,0.0,0.0,0.01,0.0,
13:01:09.784,1.0465,1.0027,1.002,0.0,normal,0.0,normal,0.0,normal,0.0,NORMAL,0.1,0.0,100,normal,YES,PASS,0.0,0.0,0.019,0.0,
13:01:09.957,1.0342,1.0054,1.0062,0.0,normal,0.0,normal,0.0,normal,0.0,NORMAL,0.1,0.0,100,normal,YES,PASS,0.0,0.0,0.014,0.0,
13:01:10.118,1.0103,1.003,1.0105,0.0,normal,0.0,normal,0.0,normal,0.0,NORMAL,0.0,0.0,100,normal,YES,PASS,0.0,0.0,0.004,0.0,
13:01:10.312,1.0478,1.0039,1.0016,0.0,normal,0.0,normal,0.0,normal,0.0,NORMAL,0.1,0.0,100,normal,YES,PASS,0.0,0.0,0.019,0.0,
13:01:10.482,1.0453,1.0051,1.0064,0.0,normal,0.0,normal,0.0,normal,0.0,NORMAL,0.1,0.0,100,normal,YES,PASS,0.0,0.0,0.018,0.0,
13:01:10.659,1.0164,1.0086,1.0037,0.0,normal,0.0,normal,0.0,normal,0.0,NORMAL,0.0,0.0,100,normal,YES,PASS,0.0,0.0,0.007,0.0,
13:01:10.832,1.0031,1.0055,1.0026,0.0,normal,0.0,normal,0.0,normal,0.0,NORMAL,0.0,0.0,100,normal,YES,PASS,0.0,0.0,0.001,0.0,
13:01:10.990,1.0028,1.0067,1.0095,0.0,normal,0.0,normal,0.0,normal,0.0,NORMAL,0.0,0.0,100,normal,YES,PASS,0.0,0.0,0.001,0.0,
13:01:11.165,1.0138,1.0089,1.0144,0.0,normal,0.0,normal,0.0,normal,0.0,NORMAL,0.0,0.0,100,normal,YES,PASS,0.0,0.0,0.006,0.0,
13:01:11.356,1.0371,1.0099,1.0008,0.0,normal,0.0,normal,0.0,normal,0.0,NORMAL,0.1,0.0,100,normal,YES,PASS,0.0,0.0,0.015,0.0,
13:01:11.514,1.0079,1.0063,1.0126,0.0,normal,0.0,normal,0.0,normal,0.0,NORMAL,0.0,0.0,100,normal,YES,PASS,0.0,0.0,0.003,0.0,
13:01:11.700,1.0174,1.0048,1.0097,0.0,normal,0.0,normal,0.0,normal,0.0,NORMAL,0.0,0.0,100,normal,YES,PASS,0.0,0.0,0.007,0.0,
13:01:11.873,1.0224,1.0092,1.0003,0.0,normal,0.0,normal,0.0,normal,0.0,NORMAL,0.0,0.0,100,normal,YES,PASS,0.0,0.0,0.009,0.0,
13:01:12.032,1.031,1.002,1.0036,0.0,normal,0.0,normal,0.0,normal,0.0,NORMAL,0.1,0.0,100,normal,YES,PASS,0.0,0.0,0.012,0.0,
13:01:12.218,1.0235,1.0062,1.0087,0.0,normal,0.0,normal,0.0,normal,0.0,NORMAL,0.0,0.0,100,normal,YES,PASS,0.0,0.0,0.009,0.0,
13:01:12.375,1.0064,1.0142,1.0116,0.0,normal,0.0,normal,0.0,normal,0.0,NORMAL,0.0,0.0,100,normal,YES,PASS,0.0,0.0,0.003,0.0,
13:01:12.534,1.0052,1.0083,1.0098,0.0,normal,0.0,normal,0.0,normal,0.0,NORMAL,0.0,0.0,100,normal,YES,PASS,0.0,0.0,0.002,0.0,
13:01:12.705,1.0535,1.0082,1.0112,0.0,normal,0.0,normal,0.0,normal,0.0,NORMAL,0.1,0.0,100,normal,YES,PASS,0.0,0.0,0.021,0.0,
13:01:12.894,1.0577,1.0047,1.0099,0.0,normal,0.0,normal,0.0,normal,0.0,NORMAL,0.1,0.0,100,normal,YES,PASS,0.0,0.0,0.023,0.0,
13:01:13.069,1.0216,1.0096,1.0011,0.0,normal,0.0,normal,0.0,normal,0.0,NORMAL,0.0,0.0,100,normal,YES,PASS,0.0,0.0,0.009,0.0,
13:01:13.222,1.0109,1.0057,1.0036,0.0,normal,0.0,normal,0.0,normal,0.0,NORMAL,0.0,0.0,100,normal,YES,PASS,0.0,0.0,0.004,0.0,
13:01:13.395,1.0089,1.0064,1.0079,0.0,normal,0.0,normal,0.0,normal,0.0,NORMAL,0.0,0.0,100,normal,YES,PASS,0.0,0.0,0.004,0.0,
13:01:13.569,1.0501,1.0078,1.0113,0.0,normal,0.0,normal,0.0,normal,0.0,NORMAL,0.1,0.0,100,normal,YES,PASS,0.0,0.0,0.02,0.0,
13:01:13.755,1.0363,1.0098,1.0003,0.0,normal,0.0,normal,0.0,normal,0.0,NORMAL,0.1,0.0,100,normal,YES,PASS,0.0,0.0,0.015,0.0,
13:01:13.899,1.0298,1.0048,1.0008,0.0,normal,0.0,normal,0.0,normal,0.0,NORMAL,0.1,0.0,100,normal,YES,PASS,0.0,0.0,0.012,0.0,
13:01:14.073,1.0314,1.0049,1.0056,0.0,normal,0.0,normal,0.0,normal,0.0,NORMAL,0.1,0.0,100,normal,YES,PASS,0.0,0.0,0.013,0.0,
13:01:14.248,1.012,1.0035,1.0031,0.0,normal,0.0,normal,0.0,normal,0.0,NORMAL,0.0,0.0,100,normal,YES,PASS,0.0,0.0,0.005,0.0,
13:01:14.412,1.0197,1.0004,1.0091,0.0,normal,0.0,normal,0.0,normal,0.0,NORMAL,0.0,0.0,100,normal,YES,PASS,0.0,0.0,0.008,0.0,
13:01:14.565,1.0509,1.0071,1.0019,0.0,normal,0.0,normal,0.0,normal,0.0,NORMAL,0.1,0.0,100,normal,YES,PASS,0.0,0.0,0.02,0.0,
13:01:14.740,1.0254,1.0112,1.0066,0.0,normal,0.0,normal,0.0,normal,0.0,NORMAL,0.1,0.0,100,normal,YES,PASS,0.0,0.0,0.01,0.0,
13:01:14.914,1.054,1.0056,1.0014,0.0,normal,0.0,normal,0.0,normal,0.0,NORMAL,0.1,0.0,100,normal,YES,PASS,0.0,0.0,0.022,0.0,
13:01:15.088,1.05,1.0097,1.0039,0.0,normal,0.0,normal,0.0,normal,0.0,NORMAL,0.1,0.0,100,normal,YES,PASS,0.0,0.0,0.02,0.0,
13:01:15.262,1.0254,1.004,1.0,0.0,normal,0.0,normal,0.0,normal,0.0,NORMAL,0.1,0.0,100,normal,YES,PASS,0.0,0.0,0.01,0.0,
13:01:15.434,1.0287,1.013,1.0122,0.0,normal,0.0,normal,0.0,normal,0.0,NORMAL,0.1,0.0,100,normal,YES,PASS,0.0,0.0,0.011,0.0,
13:01:15.608,1.0457,1.0052,1.0007,0.0,normal,0.0,normal,0.0,normal,0.0,NORMAL,0.1,0.0,100,normal,YES,PASS,0.0,0.0,0.018,0.0,
13:01:15.770,1.0427,1.0072,1.0073,0.0,normal,0.0,normal,0.0,normal,0.0,NORMAL,0.1,0.0,100,normal,YES,PASS,0.0,0.0,0.017,0.0,
13:01:15.951,1.0235,1.0033,1.0045,0.0,normal,0.0,normal,0.0,normal,0.0,NORMAL,0.0,0.0,100,normal,YES,PASS,0.0,0.0,0.009,0.0,
13:01:16.159,1.0325,1.009,1.0017,0.0,normal,0.0,normal,0.0,normal,0.0,NORMAL,0.1,0.0,100,normal,YES,PASS,0.0,0.0,0.013,0.0,
13:01:16.376,1.0713,1.0018,1.0055,0.0,normal,0.0,normal,0.0,normal,0.0,NORMAL,0.1,0.0,100,normal,YES,PASS,0.0,0.0,0.029,0.0,
13:01:16.591,1.0369,1.0001,1.0126,0.0,normal,0.0,normal,0.0,normal,0.0,NORMAL,0.1,0.0,100,normal,YES,PASS,0.0,0.0,0.015,0.0,
13:01:16.808,1.0667,1.0039,1.0039,0.0,normal,0.0,normal,0.0,normal,0.0,NORMAL,0.1,0.0,100,normal,YES,PASS,0.0,0.0,0.027,0.0,
13:01:17.024,1.0045,1.0037,1.0039,0.0,normal,0.0,normal,0.0,normal,0.0,NORMAL,0.0,0.0,100,normal,YES,PASS,0.0,0.0,0.002,0.0,
13:01:17.224,1.0123,1.0014,1.0018,0.0,normal,0.0,normal,0.0,normal,0.0,NORMAL,0.0,0.0,100,normal,YES,PASS,0.0,0.0,0.005,0.0,
13:01:17.458,1.0265,1.0118,1.0037,0.0,normal,0.0,normal,0.0,normal,0.0,NORMAL,0.1,0.0,100,normal,YES,PASS,0.0,0.0,0.011,0.0,
13:01:17.704,1.039,1.0074,1.0034,0.0,normal,0.0,normal,0.0,normal,0.0,NORMAL,0.1,0.0,100,normal,YES,PASS,0.0,0.0,0.016,0.0,
13:01:17.924,1.0172,1.0122,1.0077,0.0,normal,0.0,normal,0.0,normal,0.0,NORMAL,0.0,0.0,100,normal,YES,PASS,0.0,0.0,0.007,0.0,
13:01:18.123,1.0286,1.006,1.009,0.0,normal,0.0,normal,0.0,normal,0.0,NORMAL,0.1,0.0,100,normal,YES,PASS,0.0,0.0,0.011,0.0,
13:01:18.288,1.0396,1.0073,1.0015,0.0,normal,0.0,normal,0.0,normal,0.0,NORMAL,0.1,0.0,100,normal,YES,PASS,0.0,0.0,0.016,0.0,
13:01:18.448,1.0512,1.0107,1.0062,0.0,normal,0.0,normal,0.0,normal,0.0,NORMAL,0.1,0.0,100,normal,YES,PASS,0.0,0.0,0.02,0.0,
13:01:18.617,1.0046,1.0037,1.0019,0.0,normal,0.0,normal,0.0,normal,0.0,NORMAL,0.0,0.0,100,normal,YES,PASS,0.0,0.0,0.002,0.0,
13:01:18.804,1.0361,1.0042,1.0069,0.0,normal,0.0,normal,0.0,normal,0.0,NORMAL,0.1,0.0,100,normal,YES,PASS,0.0,0.0,0.014,0.0,
13:01:18.978,1.0102,1.0033,1.0059,0.0,normal,0.0,normal,0.0,normal,0.0,NORMAL,0.0,0.0,100,normal,YES,PASS,0.0,0.0,0.004,0.0,
13:01:19.128,1.048,1.0011,1.0054,0.0,normal,0.0,normal,0.0,normal,0.0,NORMAL,0.1,0.0,100,normal,YES,PASS,0.0,0.0,0.019,0.0,
13:01:19.287,1.0426,1.0048,1.0056,0.0,normal,0.0,normal,0.0,normal,0.0,NORMAL,0.1,0.0,100,normal,YES,PASS,0.0,0.0,0.017,0.0,
13:01:19.443,1.0231,1.0107,1.0115,0.0,normal,0.0,normal,0.0,normal,0.0,NORMAL,0.0,0.0,100,normal,YES,PASS,0.0,0.0,0.009,0.0,
13:01:19.612,1.0001,1.003,1.0023,0.0,normal,0.0,normal,0.0,normal,0.0,NORMAL,0.0,0.0,100,normal,YES,PASS,0.0,0.0,0.0,0.0,
13:01:19.825,1.0125,1.004,1.003,0.0,normal,0.0,normal,0.0,normal,0.0,NORMAL,0.0,0.0,100,normal,YES,PASS,0.0,0.0,0.005,0.0,
13:01:20.009,1.0009,1.0157,1.0028,0.0,normal,0.0,normal,0.0,normal,0.0,NORMAL,0.0,0.0,100,normal,YES,PASS,0.0,0.0,0.0,0.0,
13:01:20.166,1.0264,1.0071,1.0017,0.0,normal,0.0,normal,0.0,normal,0.0,NORMAL,0.1,0.0,100,normal,YES,PASS,0.0,0.0,0.011,0.0,
13:01:20.326,1.032,1.0007,1.0019,0.0,normal,0.0,normal,0.0,normal,0.0,NORMAL,0.1,0.0,100,normal,YES,PASS,0.0,0.0,0.013,0.0,
13:01:20.471,1.0233,1.0061,1.0115,0.0,normal,0.0,normal,0.0,normal,0.0,NORMAL,0.0,0.0,100,normal,YES,PASS,0.0,0.0,0.009,0.0,
13:01:20.630,1.0357,1.0103,1.0098,0.0,normal,0.0,normal,0.0,normal,0.0,NORMAL,0.1,0.0,100,normal,YES,PASS,0.0,0.0,0.014,0.0,
13:01:20.777,1.0312,1.005,1.0015,0.0,normal,0.0,normal,0.0,normal,0.0,NORMAL,0.1,0.0,100,normal,YES,PASS,0.0,0.0,0.012,0.0,
13:01:20.920,1.0312,1.0057,1.0063,0.0,normal,0.0,normal,0.0,normal,0.0,NORMAL,0.1,0.0,100,normal,YES,PASS,0.0,0.0,0.012,0.0,
13:01:21.070,1.0381,1.0051,1.0112,0.0,normal,0.0,normal,0.0,normal,0.0,NORMAL,0.1,0.0,100,normal,YES,PASS,0.0,0.0,0.015,0.0,
13:01:21.225,1.0501,1.0064,1.0018,0.0,normal,0.0,normal,0.0,normal,0.0,NORMAL,0.1,0.0,100,normal,YES,PASS,0.0,0.0,0.02,0.0,
13:01:21.383,1.0073,1.0019,1.01,0.0,normal,0.0,normal,0.0,normal,0.0,NORMAL,0.0,0.0,100,normal,YES,PASS,0.0,0.0,0.003,0.0,
13:01:21.526,1.0036,1.0111,1.0131,0.0,normal,0.0,normal,0.0,normal,0.0,NORMAL,0.0,0.0,100,normal,YES,PASS,0.0,0.0,0.001,0.0,
13:01:21.683,1.019,1.0125,1.0003,0.0,normal,0.0,normal,0.0,normal,0.0,NORMAL,0.0,0.0,100,normal,YES,PASS,0.0,0.0,0.008,0.0,
13:01:21.835,1.0008,1.0038,1.002,0.0,normal,0.0,normal,0.0,normal,0.0,NORMAL,0.0,0.0,100,normal,YES,PASS,0.0,0.0,0.0,0.0,
13:01:21.990,1.0132,1.0012,1.0037,0.0,normal,0.0,normal,0.0,normal,0.0,NORMAL,0.0,0.0,100,normal,YES,PASS,0.0,0.0,0.005,0.0,
13:01:22.145,1.0495,1.0104,1.0009,0.0,normal,0.0,normal,0.0,normal,0.0,NORMAL,0.1,0.0,100,normal,YES,PASS,0.0,0.0,0.02,0.0,
13:01:22.281,1.0175,1.0172,1.0067,0.0,normal,0.0,normal,0.0,normal,0.0,NORMAL,0.0,0.0,100,normal,YES,PASS,0.0,0.0,0.007,0.0,
13:01:22.419,1.0028,1.0051,1.0083,0.0,normal,0.0,normal,0.0,normal,0.0,NORMAL,0.0,0.0,100,normal,YES,PASS,0.0,0.0,0.001,0.0,
13:01:22.581,1.0386,1.0082,1.0066,0.0,normal,0.0,normal,0.0,normal,0.0,NORMAL,0.1,0.0,100,normal,YES,PASS,0.0,0.0,0.015,0.0,
13:01:22.733,1.0287,1.0054,1.0057,0.0,normal,0.0,normal,0.0,normal,0.0,NORMAL,0.1,0.0,100,normal,YES,PASS,0.0,0.0,0.011,0.0,
13:01:22.889,1.0612,1.0045,1.0098,0.0,normal,0.0,normal,0.0,normal,0.0,NORMAL,0.1,0.0,100,normal,YES,PASS,0.0,0.0,0.024,0.0,
13:01:23.031,1.0079,1.0092,1.0005,0.0,normal,0.0,normal,0.0,normal,0.0,NORMAL,0.0,0.0,100,normal,YES,PASS,0.0,0.0,0.003,0.0,
13:01:23.156,1.0232,1.0082,1.0046,0.0,normal,0.0,normal,0.0,normal,0.0,NORMAL,0.0,0.0,100,normal,YES,PASS,0.0,0.0,0.009,0.0,
13:01:23.301,1.0125,1.0074,1.0112,0.0,normal,0.0,normal,0.0,normal,0.0,NORMAL,0.0,0.0,100,normal,YES,PASS,0.0,0.0,0.005,0.0,
13:01:23.440,1.0413,1.0023,1.006,0.0,normal,0.0,normal,0.0,normal,0.0,NORMAL,0.1,0.0,100,normal,YES,PASS,0.0,0.0,0.017,0.0,
13:01:23.589,1.0245,1.0072,1.0085,0.0,normal,0.0,normal,0.0,normal,0.0,NORMAL,0.0,0.0,100,normal,YES,PASS,0.0,0.0,0.01,0.0,
13:01:23.733,1.0298,1.0092,1.0122,0.0,normal,0.0,normal,0.0,normal,0.0,NORMAL,0.1,0.0,100,normal,YES,PASS,0.0,0.0,0.012,0.0,
13:01:23.877,1.0231,1.0116,1.0071,0.0,normal,0.0,normal,0.0,normal,0.0,NORMAL,0.0,0.0,100,normal,YES,PASS,0.0,0.0,0.009,0.0,
13:01:24.022,1.019,1.0096,1.0027,0.0,normal,0.0,normal,0.0,normal,0.0,NORMAL,0.0,0.0,100,normal,YES,PASS,0.0,0.0,0.008,0.0,
13:01:24.176,1.0187,1.0116,1.0039,0.0,normal,0.0,normal,0.0,normal,0.0,NORMAL,0.0,0.0,100,normal,YES,PASS,0.0,0.0,0.007,0.0,
13:01:24.326,1.0035,1.0109,1.0034,0.0,normal,0.0,normal,0.0,normal,0.0,NORMAL,0.0,0.0,100,normal,YES,PASS,0.0,0.0,0.001,0.0,
13:01:24.467,1.0109,1.0042,1.0012,0.0,normal,0.0,normal,0.0,normal,0.0,NORMAL,0.0,0.0,100,normal,YES,PASS,0.0,0.0,0.004,0.0,
13:01:24.607,1.0686,1.0059,1.0107,0.0,normal,0.0,normal,0.0,normal,0.0,NORMAL,0.1,0.0,100,normal,YES,PASS,0.0,0.0,0.027,0.0,
13:01:24.776,1.0082,1.0065,1.0093,0.0,normal,0.0,normal,0.0,normal,0.0,NORMAL,0.0,0.0,100,normal,YES,PASS,0.0,0.0,0.003,0.0,
13:01:24.920,1.0216,1.0116,1.0065,0.0,normal,0.0,normal,0.0,normal,0.0,NORMAL,0.0,0.0,100,normal,YES,PASS,0.0,0.0,0.009,0.0,
13:01:25.072,1.0644,1.0003,1.0046,0.0,normal,0.0,normal,0.0,normal,0.0,NORMAL,0.1,0.0,100,normal,YES,PASS,0.0,0.0,0.026,0.0,
13:01:25.229,1.0079,1.0089,1.0073,0.0,normal,0.0,normal,0.0,normal,0.0,NORMAL,0.0,0.0,100,normal,YES,PASS,0.0,0.0,0.003,0.0,
13:01:25.366,1.0014,1.0047,1.0111,0.0,normal,0.0,normal,0.0,normal,0.0,NORMAL,0.0,0.0,100,normal,YES,PASS,0.0,0.0,0.001,0.0,
13:01:25.516,1.0024,1.0044,1.0037,0.0,normal,0.0,normal,0.0,normal,0.0,NORMAL,0.0,0.0,100,normal,YES,PASS,0.0,0.0,0.001,0.0,
13:01:25.688,1.0147,1.0117,1.0006,0.0,normal,0.0,normal,0.0,normal,0.0,NORMAL,0.0,0.0,100,normal,YES,PASS,0.0,0.0,0.006,0.0,
13:01:25.850,1.0109,1.0012,1.0109,0.0,normal,0.0,normal,0.0,normal,0.0,NORMAL,0.0,0.0,100,normal,YES,PASS,0.0,0.0,0.004,0.0,
13:01:25.996,1.0272,1.0043,1.0094,0.0,normal,0.0,normal,0.0,normal,0.0,NORMAL,0.1,0.0,100,normal,YES,PASS,0.0,0.0,0.011,0.0,
13:01:26.141,1.0366,1.0039,1.0038,0.0,normal,0.0,normal,0.0,normal,0.0,NORMAL,0.1,0.0,100,normal,YES,PASS,0.0,0.0,0.015,0.0,
13:01:26.285,1.0256,1.0037,1.005,0.0,normal,0.0,normal,0.0,normal,0.0,NORMAL,0.1,0.0,100,normal,YES,PASS,0.0,0.0,0.01,0.0,
13:01:26.428,1.0331,1.0045,1.0083,0.0,normal,0.0,normal,0.0,normal,0.0,NORMAL,0.1,0.0,100,normal,YES,PASS,0.0,0.0,0.013,0.0,
13:01:26.577,1.0441,1.0006,1.0017,0.0,normal,0.0,normal,0.0,normal,0.0,NORMAL,0.1,0.0,100,normal,YES,PASS,0.0,0.0,0.018,0.0,
13:01:26.737,1.0101,1.0068,1.0101,0.0,normal,0.0,normal,0.0,normal,0.0,NORMAL,0.0,0.0,100,normal,YES,PASS,0.0,0.0,0.004,0.0,
13:01:26.885,1.0346,1.0074,1.0022,0.0,normal,0.0,normal,0.0,normal,0.0,NORMAL,0.1,0.0,100,normal,YES,PASS,0.0,0.0,0.014,0.0,
13:01:27.041,1.0597,1.0006,1.0003,0.0,normal,0.0,normal,0.0,normal,0.0,NORMAL,0.1,0.0,100,normal,YES,PASS,0.0,0.0,0.024,0.0,
13:01:27.199,1.026,1.0134,1.0069,0.0,normal,0.0,normal,0.0,normal,0.0,NORMAL,0.1,0.0,100,normal,YES,PASS,0.0,0.0,0.01,0.0,
13:01:27.348,1.0206,1.0048,1.0084,0.0,normal,0.0,normal,0.0,normal,0.0,NORMAL,0.0,0.0,100,normal,YES,PASS,0.0,0.0,0.008,0.0,
13:01:27.485,1.0048,1.0059,1.0014,0.0,normal,0.0,normal,0.0,normal,0.0,NORMAL,0.0,0.0,100,normal,YES,PASS,0.0,0.0,0.002,0.0,
13:01:27.635,1.0565,1.0017,1.0095,0.0,normal,0.0,normal,0.0,normal,0.0,NORMAL,0.1,0.0,100,normal,YES,PASS,0.0,0.0,0.023,0.0,
13:01:27.776,1.0301,1.0073,1.0098,0.0,normal,0.0,normal,0.0,normal,0.0,NORMAL,0.1,0.0,100,normal,YES,PASS,0.0,0.0,0.012,0.0,
13:01:27.924,1.0428,1.0051,1.0032,0.0,normal,0.0,normal,0.0,normal,0.0,NORMAL,0.1,0.0,100,normal,YES,PASS,0.0,0.0,0.017,0.0,
13:01:28.064,1.0344,1.0029,1.009,0.0,normal,0.0,normal,0.0,normal,0.0,NORMAL,0.1,0.0,100,normal,YES,PASS,0.0,0.0,0.014,0.0,
13:01:28.218,1.0003,1.009,1.0059,0.0,normal,0.0,normal,0.0,normal,0.0,NORMAL,0.0,0.0,100,normal,YES,PASS,0.0,0.0,0.0,0.0,
13:01:28.373,1.0635,1.0052,1.0059,0.0,normal,0.0,normal,0.0,normal,0.0,NORMAL,0.1,0.0,100,normal,YES,PASS,0.0,0.0,0.025,0.0,
13:01:28.532,1.0035,1.0052,1.0019,0.0,normal,0.0,normal,0.0,normal,0.0,NORMAL,0.0,0.0,100,normal,YES,PASS,0.0,0.0,0.001,0.0,
13:01:28.687,1.0324,1.0102,1.0072,0.0,normal,0.0,normal,0.0,normal,0.0,NORMAL,0.1,0.0,100,normal,YES,PASS,0.0,0.0,0.013,0.0,
13:01:28.843,1.0355,1.0091,1.0091,0.0,normal,0.0,normal,0.0,normal,0.0,NORMAL,0.1,0.0,100,normal,YES,PASS,0.0,0.0,0.014,0.0,
13:01:28.992,1.0157,1.0057,1.009,0.0,normal,0.0,normal,0.0,normal,0.0,NORMAL,0.0,0.0,100,normal,YES,PASS,0.0,0.0,0.006,0.0,
13:01:29.140,1.0332,1.0096,1.0051,0.0,normal,0.0,normal,0.0,normal,0.0,NORMAL,0.1,0.0,100,normal,YES,PASS,0.0,0.0,0.013,0.0,
13:01:29.297,1.0015,1.0125,1.0093,0.0,normal,0.0,normal,0.0,normal,0.0,NORMAL,0.0,0.0,100,normal,YES,PASS,0.0,0.0,0.001,0.0,
13:01:29.450,1.0047,1.0047,1.0086,0.0,normal,0.0,normal,0.0,normal,0.0,NORMAL,0.0,0.0,100,normal,YES,PASS,0.0,0.0,0.002,0.0,
13:01:29.583,1.0302,1.0004,1.007,4.712,pothole,0.856,normal,0.0,normal,0.0,NORMAL,17.2,0.0,100,pothole,YES,PASS,0.0,0.382,0.012,0.0,
13:01:29.747,1.0166,1.0001,1.0004,4.712,pothole,0.856,normal,0.0,normal,0.0,NORMAL,29.8,0.21,100,pothole,YES,PASS,0.0,0.661,0.007,0.0,
13:01:29.951,1.0355,1.0013,1.002,4.712,pothole,0.856,normal,0.0,normal,0.0,NORMAL,39.0,0.27,100,pothole,YES,PASS,0.0,0.864,0.014,0.0,
13:01:30.118,1.0003,1.0129,1.0062,4.712,pothole,0.856,normal,0.0,normal,0.0,CAUTION,45.0,0.32,84,pothole,NO,BLOCKED,0.0,1.0,0.0,0.0,
13:01:30.280,1.0401,1.0051,1.0092,4.712,pothole,0.856,normal,0.0,normal,0.0,CAUTION,45.1,0.32,84,pothole,NO,BLOCKED,0.0,1.0,0.016,0.0,
13:01:30.443,1.0182,1.003,1.0017,4.712,pothole,0.856,normal,0.0,normal,0.0,CAUTION,45.0,0.32,84,pothole,NO,BLOCKED,0.0,1.0,0.007,0.0,
13:01:30.602,1.0176,1.0016,1.0008,4.712,pothole,0.856,normal,0.0,normal,0.0,CAUTION,45.0,0.32,84,pothole,NO,BLOCKED,0.0,1.0,0.007,0.0,
13:01:30.762,1.0415,1.0151,1.0061,4.712,pothole,0.856,normal,0.0,normal,0.0,CAUTION,45.1,0.32,84,pothole,NO,BLOCKED,0.0,1.0,0.017,0.0,
13:01:30.916,1.0002,1.0107,1.0063,4.712,pothole,0.856,normal,0.0,normal,0.0,CAUTION,45.0,0.32,84,pothole,NO,BLOCKED,0.0,1.0,0.0,0.0,
13:01:31.067,1.0789,1.01,1.0021,4.712,pothole,0.856,normal,0.0,normal,0.0,CAUTION,45.2,0.32,84,pothole,NO,BLOCKED,0.0,1.0,0.032,0.0,
13:01:31.223,1.06,1.008,1.0098,4.712,pothole,0.856,normal,0.0,normal,0.0,CAUTION,45.1,0.32,84,pothole,NO,BLOCKED,0.0,1.0,0.024,0.0,
13:01:31.370,1.021,1.0102,1.0016,4.712,pothole,0.856,normal,0.0,normal,0.0,CAUTION,45.0,0.32,84,pothole,NO,BLOCKED,0.0,1.0,0.008,0.0,
13:01:31.533,1.0318,1.012,1.004,4.712,pothole,0.856,normal,0.0,normal,0.0,CAUTION,45.1,0.32,84,pothole,NO,BLOCKED,0.0,1.0,0.013,0.0,
13:01:31.697,1.0679,1.0,1.0143,4.712,pothole,0.856,speed_hump,0.5047,normal,0.0,CAUTION,62.8,0.63,69,speed_hump,NO,BLOCKED,0.0,1.0,0.027,0.505,
13:01:31.860,1.0059,1.0039,1.0016,4.712,pothole,0.856,normal,0.0,normal,0.0,CAUTION,45.0,0.32,84,pothole,NO,BLOCKED,0.0,1.0,0.002,0.0,
13:01:32.006,1.0546,1.007,1.0069,4.712,pothole,0.856,normal,0.0,normal,0.0,CAUTION,45.1,0.32,84,pothole,NO,BLOCKED,0.0,1.0,0.022,0.0,
13:01:32.169,1.043,1.0047,1.0013,4.712,pothole,0.856,normal,0.0,normal,0.0,CAUTION,45.1,0.32,84,pothole,NO,BLOCKED,0.0,1.0,0.017,0.0,
13:01:32.324,1.0267,1.0106,1.0038,4.712,pothole,0.856,normal,0.0,normal,0.0,CAUTION,45.1,0.32,84,pothole,NO,BLOCKED,0.0,1.0,0.011,0.0,
13:01:32.474,1.046,1.0149,1.01,4.712,pothole,0.856,normal,0.0,normal,0.0,CAUTION,45.1,0.32,84,pothole,NO,BLOCKED,0.0,1.0,0.018,0.0,
13:01:32.630,1.0178,1.012,1.0049,4.712,pothole,0.856,normal,0.0,normal,0.0,CAUTION,45.0,0.32,84,pothole,NO,BLOCKED,0.0,1.0,0.007,0.0,
13:01:32.791,1.0712,1.0038,1.0008,4.712,pothole,0.856,speed_hump,0.507,normal,0.0,CAUTION,62.9,0.63,69,speed_hump,NO,BLOCKED,0.0,1.0,0.028,0.507,
13:01:32.939,1.0574,1.0079,1.0039,4.712,pothole,0.856,speed_hump,0.5018,normal,0.0,CAUTION,62.7,0.63,69,speed_hump,NO,BLOCKED,0.0,1.0,0.023,0.502,
13:01:33.111,1.0634,1.0073,1.0018,4.712,pothole,0.856,speed_hump,0.5457,normal,0.0,HAZARD,64.2,0.64,55,normal,NO,BLOCKED,0.0,1.0,0.025,0.546,
13:01:33.273,1.0258,1.0154,1.0051,4.712,pothole,0.856,speed_hump,0.5376,normal,0.0,HAZARD,63.9,0.64,55,normal,NO,BLOCKED,0.0,1.0,0.01,0.538,
13:01:33.427,1.0238,1.011,1.0101,4.7588,pothole,0.8794,speed_hump,0.525,normal,0.0,HAZARD,63.4,0.63,56,normal,NO,BLOCKED,0.0,1.0,0.01,0.525,
13:01:33.584,1.0061,1.0004,1.0043,4.7588,pothole,0.8794,speed_hump,0.5425,normal,0.0,HAZARD,64.0,0.64,55,normal,NO,BLOCKED,0.0,1.0,0.002,0.542,
13:01:33.744,1.0029,1.0002,1.005,4.7588,pothole,0.8794,speed_hump,0.542,normal,0.0,HAZARD,64.0,0.64,55,normal,NO,BLOCKED,0.0,1.0,0.001,0.542,
13:01:33.908,1.0566,1.0038,1.0134,4.7588,pothole,0.8794,speed_hump,0.5438,normal,0.0,HAZARD,64.1,0.64,55,normal,NO,BLOCKED,0.0,1.0,0.023,0.544,
13:01:34.061,1.043,1.0038,1.0108,4.7588,pothole,0.8794,speed_hump,0.5412,normal,0.0,HAZARD,64.0,0.64,55,normal,NO,BLOCKED,0.0,1.0,0.017,0.541,
13:01:34.211,1.048,1.0039,1.012,4.7588,pothole,0.8794,speed_hump,0.5441,normal,0.0,HAZARD,64.1,0.64,55,normal,NO,BLOCKED,0.0,1.0,0.019,0.544,
13:01:34.371,1.0014,1.0075,1.001,4.7588,pothole,0.8794,speed_hump,0.5496,normal,0.0,HAZARD,64.2,0.64,55,normal,NO,BLOCKED,0.0,1.0,0.001,0.55,
13:01:34.529,1.0473,1.0096,1.0087,4.7588,pothole,0.8794,speed_hump,0.5407,normal,0.0,HAZARD,64.0,0.64,55,normal,NO,BLOCKED,0.0,1.0,0.019,0.541,
13:01:34.699,1.0132,1.0014,1.0033,4.7588,pothole,0.8794,speed_hump,0.5306,normal,0.0,HAZARD,63.6,0.64,55,normal,NO,BLOCKED,0.0,1.0,0.005,0.531,
13:01:34.858,1.0035,1.002,1.0061,4.7588,pothole,0.8794,speed_hump,0.5389,normal,0.0,HAZARD,63.9,0.64,55,normal,NO,BLOCKED,0.0,1.0,0.001,0.539,
13:01:35.018,1.0021,1.0044,1.0072,4.7588,pothole,0.8794,speed_hump,0.5401,normal,0.0,HAZARD,63.9,0.64,55,normal,NO,BLOCKED,0.0,1.0,0.001,0.54,
13:01:35.187,1.0643,1.0015,1.0067,4.7588,pothole,0.8794,speed_hump,0.5336,normal,0.0,HAZARD,63.8,0.64,55,normal,NO,BLOCKED,0.0,1.0,0.026,0.534,
13:01:35.343,1.0506,1.0111,1.0097,4.3191,pothole,0.6595,speed_hump,0.5403,normal,0.0,HAZARD,64.0,0.64,55,normal,NO,BLOCKED,0.0,1.0,0.02,0.54,
13:01:35.496,1.0667,1.0005,1.0138,4.3191,pothole,0.6595,speed_hump,0.5452,normal,0.0,HAZARD,64.2,0.64,55,normal,NO,BLOCKED,0.0,1.0,0.027,0.545,
13:01:35.645,1.0618,1.0046,1.0024,4.3191,pothole,0.6595,speed_hump,0.5488,normal,0.0,HAZARD,64.3,0.64,55,normal,NO,BLOCKED,0.0,1.0,0.025,0.549,
13:01:35.799,1.0412,1.0049,1.002,4.3191,pothole,0.6595,speed_hump,0.5555,normal,0.0,HAZARD,64.5,0.65,55,normal,NO,BLOCKED,0.0,1.0,0.016,0.556,
13:01:35.949,1.0089,1.0114,1.0103,4.3191,pothole,0.6595,speed_hump,0.5604,normal,0.0,HAZARD,64.6,0.65,55,normal,NO,BLOCKED,0.0,1.0,0.004,0.56,
13:01:36.112,1.0507,1.0093,1.0007,4.3191,pothole,0.6595,speed_hump,0.564,normal,0.0,HAZARD,64.8,0.65,55,normal,NO,BLOCKED,0.0,1.0,0.02,0.564,
13:01:36.270,1.0232,1.005,1.0023,4.3191,pothole,0.6595,speed_hump,0.5657,normal,0.0,HAZARD,64.8,0.65,55,normal,NO,BLOCKED,0.0,1.0,0.009,0.566,
13:01:36.437,1.0117,1.0041,1.0026,4.3191,pothole,0.6595,speed_hump,0.568,normal,0.0,HAZARD,64.9,0.65,55,normal,NO,BLOCKED,0.0,1.0,0.005,0.568,
13:01:36.607,1.0565,1.0021,1.0039,4.3191,pothole,0.6595,speed_hump,0.5686,normal,0.0,HAZARD,65.0,0.65,54,normal,NO,BLOCKED,0.0,1.0,0.023,0.569,
13:01:36.764,1.0429,1.0115,1.0094,4.3191,pothole,0.6595,speed_hump,0.5502,normal,0.0,HAZARD,64.3,0.64,55,normal,NO,BLOCKED,0.0,1.0,0.017,0.55,
13:01:36.922,1.034,1.0065,1.0038,4.3191,pothole,0.6595,speed_hump,0.5483,normal,0.0,HAZARD,64.3,0.64,55,normal,NO,BLOCKED,0.0,1.0,0.014,0.548,
13:01:37.066,1.0408,1.0052,1.0068,4.3191,pothole,0.6595,speed_hump,0.5531,normal,0.0,HAZARD,64.4,0.64,55,normal,NO,BLOCKED,0.0,1.0,0.016,0.553,
13:01:37.224,1.0084,1.0071,1.0009,0.0,normal,0.0,speed_hump,0.5039,normal,0.0,HAZARD,60.3,0.6,58,normal,NO,BLOCKED,0.0,0.948,0.003,0.504,
13:01:37.388,1.0316,1.0025,1.0098,0.0,normal,0.0,normal,0.0,normal,0.0,HAZARD,31.2,0.22,85,normal,NO,BLOCKED,0.0,0.692,0.013,0.0,
13:01:37.532,1.044,1.0071,1.0081,0.0,normal,0.0,normal,0.0,normal,0.0,HAZARD,22.8,0.0,100,normal,NO,BLOCKED,0.0,0.505,0.018,0.0,
13:01:37.687,1.0397,1.0099,1.0106,0.0,normal,0.0,speed_hump,0.5012,normal,0.0,HAZARD,34.2,0.24,83,normal,NO,BLOCKED,0.0,0.369,0.016,0.501,
13:01:37.853,1.0381,1.0036,1.006,0.0,normal,0.0,speed_hump,0.5053,normal,0.0,CAUTION,29.9,0.21,90,speed_hump,NO,BLOCKED,0.0,0.269,0.015,0.505,
13:01:38.009,1.0122,1.0083,1.0024,0.0,normal,0.0,speed_hump,0.5076,normal,0.0,CAUTION,26.6,0.19,91,speed_hump,NO,BLOCKED,0.0,0.196,0.005,0.508,
13:01:38.154,1.0469,1.0042,1.0054,0.0,normal,0.0,speed_hump,0.5148,normal,0.0,CAUTION,24.6,0.0,100,speed_hump,NO,BLOCKED,0.0,0.143,0.019,0.515,
13:01:38.314,1.0279,1.0099,1.006,0.0,normal,0.0,speed_hump,0.5024,normal,0.0,CAUTION,22.3,0.0,100,speed_hump,NO,BLOCKED,0.0,0.105,0.011,0.502,
13:01:38.480,1.017,1.0094,1.0048,0.0,normal,0.0,speed_hump,0.5043,normal,0.0,NORMAL,21.1,0.0,100,speed_hump,YES,PASS,0.0,0.076,0.007,0.504,
13:01:38.630,1.039,1.004,1.0005,0.0,normal,0.0,speed_hump,0.5106,normal,0.0,NORMAL,20.5,0.0,100,speed_hump,YES,PASS,0.0,0.056,0.016,0.511,
13:01:38.775,1.0356,1.0014,1.0027,0.0,normal,0.0,speed_hump,0.5141,normal,0.0,NORMAL,19.9,0.0,100,speed_hump,YES,PASS,0.0,0.041,0.014,0.514,
13:01:38.939,1.0458,1.0016,1.0146,0.0,normal,0.0,speed_hump,0.5148,normal,0.0,NORMAL,19.4,0.0,100,speed_hump,YES,PASS,0.0,0.03,0.018,0.515,
13:01:39.093,1.0111,1.0075,1.0109,0.0,normal,0.0,speed_hump,0.5072,normal,0.0,NORMAL,18.7,0.0,100,speed_hump,YES,PASS,0.0,0.022,0.004,0.507,
13:01:39.244,1.0331,1.0023,1.0035,0.0,normal,0.0,speed_hump,0.5096,normal,0.0,NORMAL,18.6,0.0,100,speed_hump,YES,PASS,0.0,0.016,0.013,0.51,
13:01:39.407,1.0221,1.0018,1.013,0.0,normal,0.0,speed_hump,0.5132,normal,0.0,NORMAL,18.5,0.0,100,speed_hump,YES,PASS,0.0,0.012,0.009,0.513,
13:01:39.564,1.0171,1.003,1.0032,0.0,normal,0.0,speed_hump,0.5167,normal,0.0,NORMAL,18.5,0.0,100,speed_hump,YES,PASS,0.0,0.008,0.007,0.517,
13:01:39.719,1.0073,1.0002,1.0007,0.0,normal,0.0,speed_hump,0.5218,normal,0.0,NORMAL,18.6,0.0,100,speed_hump,YES,PASS,0.0,0.006,0.003,0.522,
13:01:39.872,1.0641,1.0085,1.0095,0.0,normal,0.0,speed_hump,0.528,normal,0.0,NORMAL,18.8,0.0,100,speed_hump,YES,PASS,0.0,0.004,0.026,0.528,
13:01:40.074,1.001,1.0083,1.008,0.0,normal,0.0,speed_hump,0.5255,normal,0.0,NORMAL,18.5,0.0,100,speed_hump,YES,PASS,0.0,0.003,0.0,0.526,
13:01:40.230,1.0186,1.0051,1.0099,0.0,normal,0.0,speed_hump,0.5265,normal,0.0,NORMAL,18.6,0.0,100,speed_hump,YES,PASS,0.0,0.002,0.007,0.526,
13:01:40.388,1.0359,1.0011,1.0114,0.0,normal,0.0,speed_hump,0.5321,normal,0.0,NORMAL,18.8,0.0,100,speed_hump,YES,PASS,0.0,0.002,0.014,0.532,
13:01:40.548,1.0584,1.0056,1.0087,0.0,normal,0.0,speed_hump,0.5342,normal,0.0,NORMAL,18.9,0.0,100,speed_hump,YES,PASS,0.0,0.001,0.023,0.534,
13:01:40.714,1.0101,1.0127,1.0111,0.0,normal,0.0,speed_hump,0.5327,normal,0.0,NORMAL,18.7,0.0,100,speed_hump,YES,PASS,0.0,0.001,0.004,0.533,
13:01:40.874,1.0519,1.0072,1.0087,0.0,normal,0.0,speed_hump,0.5302,normal,0.0,NORMAL,18.7,0.0,100,speed_hump,YES,PASS,0.0,0.001,0.021,0.53,
13:01:41.036,1.0182,1.0037,1.0027,0.0,normal,0.0,speed_hump,0.5323,normal,0.0,NORMAL,18.7,0.0,100,speed_hump,YES,PASS,0.0,0.0,0.007,0.532,
13:01:41.186,1.0229,1.0033,1.0,0.0,normal,0.0,speed_hump,0.5242,normal,0.0,NORMAL,18.4,0.0,100,speed_hump,YES,PASS,0.0,0.0,0.009,0.524,
13:01:41.331,1.0389,1.0097,1.0028,0.0,normal,0.0,normal,0.0,normal,0.0,NORMAL,0.1,0.0,100,normal,YES,PASS,0.0,0.0,0.016,0.0,
13:01:41.483,1.0297,1.0024,1.0049,0.0,normal,0.0,normal,0.0,normal,0.0,NORMAL,0.1,0.0,100,normal,YES,PASS,0.0,0.0,0.012,0.0,
13:01:41.632,1.0392,1.0102,1.0017,0.0,normal,0.0,normal,0.0,normal,0.0,NORMAL,0.1,0.0,100,normal,YES,PASS,0.0,0.0,0.016,0.0,
13:01:41.777,1.022,1.004,1.0021,0.0,normal,0.0,normal,0.0,normal,0.0,NORMAL,0.0,0.0,100,normal,YES,PASS,0.0,0.0,0.009,0.0,
13:01:41.932,1.0103,1.0096,1.0146,0.0,normal,0.0,normal,0.0,normal,0.0,NORMAL,0.0,0.0,100,normal,YES,PASS,0.0,0.0,0.004,0.0,
13:01:42.092,1.0407,1.0126,1.0004,0.0,normal,0.0,normal,0.0,normal,0.0,NORMAL,0.1,0.0,100,normal,YES,PASS,0.0,0.0,0.016,0.0,
13:01:42.242,1.0179,1.0032,1.0085,0.0,normal,0.0,normal,0.0,normal,0.0,NORMAL,0.0,0.0,100,normal,YES,PASS,0.0,0.0,0.007,0.0,
13:01:42.403,1.051,1.0108,1.0001,0.0,normal,0.0,normal,0.0,normal,0.0,NORMAL,0.1,0.0,100,normal,YES,PASS,0.0,0.0,0.02,0.0,
13:01:42.565,1.0428,1.0059,1.01,4.4591,pothole,0.7296,speed_hump,0.5143,normal,0.0,NORMAL,34.3,0.24,100,speed_hump,YES,PASS,0.0,0.361,0.017,0.514,
13:01:42.726,1.0509,1.007,1.0054,4.4591,pothole,0.7296,speed_hump,0.5355,normal,0.0,NORMAL,47.0,0.33,100,speed_hump,YES,PASS,0.0,0.625,0.02,0.535,
13:01:42.890,1.0207,1.0055,1.0082,4.4591,pothole,0.7296,speed_hump,0.5075,normal,0.0,CAUTION,54.6,0.38,81,speed_hump,NO,BLOCKED,0.0,0.818,0.008,0.507,
13:01:43.053,1.0358,1.0019,1.0069,4.4591,pothole,0.7296,normal,0.0,normal,0.0,CAUTION,43.2,0.3,85,pothole,NO,BLOCKED,0.0,0.958,0.014,0.0,
13:01:43.212,1.0408,1.0061,1.0073,4.4591,pothole,0.7296,normal,0.0,normal,0.0,CAUTION,45.1,0.32,84,pothole,NO,BLOCKED,0.0,1.0,0.016,0.0,
13:01:43.372,1.001,1.0011,1.0075,4.4591,pothole,0.7296,normal,0.0,normal,0.0,CAUTION,45.0,0.32,84,pothole,NO,BLOCKED,0.0,1.0,0.0,0.0,
13:01:43.536,1.0035,1.0006,1.0044,4.4591,pothole,0.7296,normal,0.0,normal,0.0,CAUTION,45.0,0.32,84,pothole,NO,BLOCKED,0.0,1.0,0.001,0.0,
13:01:43.691,1.0567,1.0139,1.0113,4.4591,pothole,0.7296,normal,0.0,normal,0.0,CAUTION,45.1,0.32,84,pothole,NO,BLOCKED,0.0,1.0,0.023,0.0,
13:01:43.856,1.0139,1.0053,1.0077,4.4591,pothole,0.7296,normal,0.0,normal,0.0,CAUTION,45.0,0.32,84,pothole,NO,BLOCKED,0.0,1.0,0.006,0.0,
13:01:44.006,1.0338,1.0122,1.0166,4.4591,pothole,0.7296,normal,0.0,normal,0.0,CAUTION,45.1,0.32,84,pothole,NO,BLOCKED,0.0,1.0,0.014,0.0,
13:01:44.149,1.0605,1.0056,1.0065,0.0,normal,0.0,normal,0.0,normal,0.0,CAUTION,42.2,0.3,85,braking,NO,BLOCKED,0.0,0.934,0.024,0.0,
13:01:44.309,1.015,1.004,1.0041,0.0,normal,0.0,normal,0.0,normal,0.0,CAUTION,30.7,0.22,89,braking,NO,BLOCKED,0.0,0.682,0.006,0.0,
13:01:44.475,1.0372,1.0066,1.0024,0.0,normal,0.0,normal,0.0,normal,0.0,CAUTION,22.5,0.0,100,braking,NO,BLOCKED,0.0,0.498,0.015,0.0,
13:01:44.624,1.0365,1.0013,1.006,0.0,normal,0.0,normal,0.0,normal,0.0,CAUTION,16.4,0.0,100,braking,NO,BLOCKED,0.0,0.363,0.015,0.0,
13:01:44.786,1.0647,1.0033,1.0078,0.0,normal,0.0,normal,0.0,normal,0.0,NORMAL,12.1,0.0,100,normal,YES,PASS,0.0,0.265,0.026,0.0,
13:01:44.934,1.0515,1.0008,1.003,0.0,normal,0.0,normal,0.0,normal,0.0,NORMAL,8.8,0.0,100,normal,YES,PASS,0.0,0.194,0.021,0.0,
13:01:45.083,1.0622,1.0043,1.0034,0.0,normal,0.0,normal,0.0,normal,0.0,NORMAL,6.5,0.0,100,normal,YES,PASS,0.0,0.141,0.025,0.0,
13:01:45.234,1.0591,1.0052,1.005,0.0,normal,0.0,normal,0.0,normal,0.0,NORMAL,4.8,0.0,100,normal,YES,PASS,0.0,0.103,0.024,0.0,
13:01:45.409,1.0165,1.001,1.0034,0.0,normal,0.0,normal,0.0,normal,0.0,NORMAL,3.4,0.0,100,normal,YES,PASS,0.0,0.075,0.007,0.0,
13:01:45.561,1.009,1.0172,1.0055,0.0,normal,0.0,normal,0.0,normal,0.0,NORMAL,2.5,0.0,100,normal,YES,PASS,0.0,0.055,0.004,0.0,
13:01:45.706,1.0131,1.0069,1.0039,0.0,normal,0.0,normal,0.0,normal,0.0,NORMAL,1.8,0.0,100,normal,YES,PASS,0.0,0.04,0.005,0.0,
13:01:45.857,1.0158,1.0069,1.0139,0.0,normal,0.0,normal,0.0,normal,0.0,NORMAL,1.3,0.0,100,normal,YES,PASS,0.0,0.029,0.006,0.0,
13:01:46.015,1.0362,1.0082,1.0129,0.0,normal,0.0,normal,0.0,normal,0.0,NORMAL,1.0,0.0,100,normal,YES,PASS,0.0,0.021,0.014,0.0,
13:01:46.182,1.046,1.0012,1.0105,0.0,normal,0.0,normal,0.0,normal,0.0,NORMAL,0.8,0.0,100,normal,YES,PASS,0.0,0.016,0.018,0.0,
13:01:46.335,1.0272,1.006,1.0104,0.0,normal,0.0,normal,0.0,normal,0.0,NORMAL,0.6,0.0,100,normal,YES,PASS,0.0,0.011,0.011,0.0,
13:01:46.484,1.059,1.0058,1.0034,0.0,normal,0.0,normal,0.0,normal,0.0,NORMAL,0.5,0.0,100,normal,YES,PASS,0.0,0.008,0.024,0.0,
13:01:46.634,1.0471,1.0006,1.0012,0.0,normal,0.0,normal,0.0,normal,0.0,NORMAL,0.4,0.0,100,normal,YES,PASS,0.0,0.006,0.019,0.0,
13:01:46.770,1.0285,1.0083,1.0042,0.0,normal,0.0,normal,0.0,normal,0.0,NORMAL,0.3,0.0,100,normal,YES,PASS,0.0,0.004,0.011,0.0,
13:01:46.909,1.005,1.0074,1.0093,0.0,normal,0.0,normal,0.0,normal,0.0,NORMAL,0.2,0.0,100,normal,YES,PASS,0.0,0.003,0.002,0.0,
13:01:47.063,1.0122,1.006,1.007,0.0,normal,0.0,normal,0.0,normal,0.0,NORMAL,0.1,0.0,100,normal,YES,PASS,0.0,0.002,0.005,0.0,
13:01:47.220,1.0047,1.0028,1.0007,0.0,normal,0.0,normal,0.0,normal,0.0,NORMAL,0.1,0.0,100,normal,YES,PASS,0.0,0.002,0.002,0.0,
13:01:47.360,1.0491,1.0066,1.0053,0.0,normal,0.0,normal,0.0,normal,0.0,NORMAL,0.2,0.0,100,normal,YES,PASS,0.0,0.001,0.02,0.0,
13:01:47.514,1.0171,1.0025,1.0089,0.0,normal,0.0,normal,0.0,normal,0.0,NORMAL,0.1,0.0,100,normal,YES,PASS,0.0,0.001,0.007,0.0,
13:01:47.668,1.0349,1.0167,1.0124,0.0,normal,0.0,normal,0.0,normal,0.0,NORMAL,0.1,0.0,100,normal,YES,PASS,0.0,0.001,0.014,0.0,
13:01:47.823,1.0133,1.001,1.0021,0.0,normal,0.0,normal,0.0,normal,0.0,NORMAL,0.0,0.0,100,normal,YES,PASS,0.0,0.0,0.005,0.0,
13:01:47.980,1.001,1.0007,1.007,0.0,normal,0.0,normal,0.0,normal,0.0,NORMAL,0.0,0.0,100,normal,YES,PASS,0.0,0.0,0.0,0.0,
13:01:48.133,1.0637,1.0011,1.001,0.0,normal,0.0,normal,0.0,normal,0.0,NORMAL,0.1,0.0,100,normal,YES,PASS,0.0,0.0,0.025,0.0,
13:01:48.276,1.0278,1.0116,1.0042,0.0,normal,0.0,normal,0.0,normal,0.0,NORMAL,0.1,0.0,100,normal,YES,PASS,0.0,0.0,0.011,0.0,
13:01:48.421,1.02,1.0099,1.0069,0.0,normal,0.0,normal,0.0,normal,0.0,NORMAL,0.0,0.0,100,normal,YES,PASS,0.0,0.0,0.008,0.0,
13:01:48.578,1.0472,1.0024,1.0007,0.0,normal,0.0,speed_hump,0.5031,normal,0.0,NORMAL,17.7,0.0,100,speed_hump,YES,PASS,0.0,0.0,0.019,0.503,
13:01:48.732,1.0329,1.0004,1.0085,0.0,normal,0.0,speed_hump,0.5132,normal,0.0,NORMAL,18.0,0.0,100,speed_hump,YES,PASS,0.0,0.0,0.013,0.513,
13:01:48.895,1.0013,1.0024,1.0116,0.0,normal,0.0,speed_hump,0.5198,normal,0.0,NORMAL,18.2,0.0,100,speed_hump,YES,PASS,0.0,0.0,0.001,0.52,
13:01:49.049,1.0214,1.0012,1.005,0.0,normal,0.0,speed_hump,0.5217,normal,0.0,NORMAL,18.3,0.0,100,speed_hump,YES,PASS,0.0,0.0,0.009,0.522,
13:01:49.198,1.0514,1.0054,1.0103,0.0,normal,0.0,speed_hump,0.5239,normal,0.0,NORMAL,18.4,0.0,100,speed_hump,YES,PASS,0.0,0.0,0.021,0.524,
13:01:49.353,1.0466,1.0106,1.006,0.0,normal,0.0,speed_hump,0.5233,normal,0.0,NORMAL,18.4,0.0,100,speed_hump,YES,PASS,0.0,0.0,0.019,0.523,
13:01:49.511,1.0109,1.0088,1.0107,0.0,normal,0.0,speed_hump,0.5231,normal,0.0,NORMAL,18.3,0.0,100,speed_hump,YES,PASS,0.0,0.0,0.004,0.523,
13:01:49.666,1.0231,1.0071,1.0058,0.0,normal,0.0,speed_hump,0.5226,normal,0.0,NORMAL,18.3,0.0,100,speed_hump,YES,PASS,0.0,0.0,0.009,0.523,
13:01:49.819,1.0413,1.0115,1.0102,0.0,normal,0.0,speed_hump,0.5214,normal,0.0,NORMAL,18.3,0.0,100,speed_hump,YES,PASS,0.0,0.0,0.017,0.521,
13:01:49.977,1.032,1.0059,1.0122,0.0,normal,0.0,speed_hump,0.522,normal,0.0,NORMAL,18.3,0.0,100,speed_hump,YES,PASS,0.0,0.0,0.013,0.522,
13:01:50.126,1.0674,1.0101,1.0088,0.0,normal,0.0,speed_hump,0.5208,normal,0.0,NORMAL,18.4,0.0,100,speed_hump,YES,PASS,0.0,0.0,0.027,0.521,
13:01:50.276,1.0366,1.0067,1.0126,0.0,normal,0.0,speed_hump,0.5181,normal,0.0,NORMAL,18.2,0.0,100,speed_hump,YES,PASS,0.0,0.0,0.015,0.518,
13:01:50.438,1.0084,1.0091,1.0069,0.0,normal,0.0,speed_hump,0.5176,normal,0.0,NORMAL,18.1,0.0,100,speed_hump,YES,PASS,0.0,0.0,0.003,0.518,
13:01:50.594,1.0533,1.0103,1.0102,0.0,normal,0.0,speed_hump,0.52,normal,0.0,NORMAL,18.3,0.0,100,speed_hump,YES,PASS,0.0,0.0,0.021,0.52,
13:01:50.751,1.0228,1.0001,1.0108,0.0,normal,0.0,speed_hump,0.5187,normal,0.0,NORMAL,18.2,0.0,100,speed_hump,YES,PASS,0.0,0.0,0.009,0.519,
13:01:50.914,1.0323,1.0016,1.0004,0.0,normal,0.0,speed_hump,0.514,normal,0.0,NORMAL,18.1,0.0,100,speed_hump,YES,PASS,0.0,0.0,0.013,0.514,
13:01:51.067,1.0472,1.0092,1.0007,0.0,normal,0.0,speed_hump,0.5138,normal,0.0,NORMAL,18.1,0.0,100,speed_hump,YES,PASS,0.0,0.0,0.019,0.514,
13:01:51.233,1.0276,1.0117,1.0129,0.0,normal,0.0,speed_hump,0.5063,normal,0.0,NORMAL,17.8,0.0,100,speed_hump,YES,PASS,0.0,0.0,0.011,0.506,
13:01:51.375,1.0366,1.0058,1.0079,0.0,normal,0.0,speed_hump,0.5064,normal,0.0,NORMAL,17.8,0.0,100,speed_hump,YES,PASS,0.0,0.0,0.015,0.506,
13:01:51.524,1.0324,1.0033,1.0084,0.0,normal,0.0,speed_hump,0.5054,normal,0.0,NORMAL,17.8,0.0,100,speed_hump,YES,PASS,0.0,0.0,0.013,0.505,
13:01:51.696,1.0477,1.0137,1.003,0.0,normal,0.0,speed_hump,0.5063,normal,0.0,NORMAL,17.8,0.0,100,speed_hump,YES,PASS,0.0,0.0,0.019,0.506,
13:01:51.854,1.0298,1.0083,1.0019,0.0,normal,0.0,speed_hump,0.5145,normal,0.0,NORMAL,18.1,0.0,100,speed_hump,YES,PASS,0.0,0.0,0.012,0.514,
13:01:52.021,1.0344,1.0017,1.0106,0.0,normal,0.0,speed_hump,0.5133,normal,0.0,NORMAL,18.0,0.0,100,speed_hump,YES,PASS,0.0,0.0,0.014,0.513,
13:01:52.196,1.0531,1.0055,1.0008,0.0,normal,0.0,speed_hump,0.5107,normal,0.0,NORMAL,18.0,0.0,100,speed_hump,YES,PASS,0.0,0.0,0.021,0.511,
13:01:52.362,1.0569,1.0045,1.0114,0.0,normal,0.0,speed_hump,0.5085,normal,0.0,NORMAL,17.9,0.0,100,speed_hump,YES,PASS,0.0,0.0,0.023,0.508,
13:01:52.571,1.0253,1.0075,1.0004,0.0,normal,0.0,speed_hump,0.5076,normal,0.0,NORMAL,17.8,0.0,100,speed_hump,YES,PASS,0.0,0.0,0.01,0.508,
13:01:52.731,1.0066,1.0021,1.0117,0.0,normal,0.0,speed_hump,0.508,normal,0.0,NORMAL,17.8,0.0,100,speed_hump,YES,PASS,0.0,0.0,0.003,0.508,
13:01:52.893,1.0308,1.0123,1.0009,0.0,normal,0.0,normal,0.0,normal,0.0,NORMAL,0.1,0.0,100,normal,YES,PASS,0.0,0.0,0.012,0.0,
13:01:53.051,1.0225,1.0063,1.0052,0.0,normal,0.0,normal,0.0,normal,0.0,NORMAL,0.0,0.0,100,normal,YES,PASS,0.0,0.0,0.009,0.0,
13:01:53.208,1.0321,1.0039,1.0003,0.0,normal,0.0,normal,0.0,normal,0.0,NORMAL,0.1,0.0,100,normal,YES,PASS,0.0,0.0,0.013,0.0,
13:01:53.365,1.0618,1.0018,1.0045,0.0,normal,0.0,normal,0.0,normal,0.0,NORMAL,0.1,0.0,100,normal,YES,PASS,0.0,0.0,0.025,0.0,
13:01:53.528,1.0582,1.008,1.0101,0.0,normal,0.0,speed_hump,0.508,normal,0.0,NORMAL,17.9,0.0,100,speed_hump,YES,PASS,0.0,0.0,0.023,0.508,
13:01:53.680,1.0067,1.006,1.0146,0.0,normal,0.0,speed_hump,0.5026,normal,0.0,NORMAL,17.6,0.0,100,speed_hump,YES,PASS,0.0,0.0,0.003,0.503,
13:01:53.865,1.0067,1.0047,1.0104,0.0,normal,0.0,speed_hump,0.5041,normal,0.0,NORMAL,17.7,0.0,100,speed_hump,YES,PASS,0.0,0.0,0.003,0.504,
13:01:54.039,1.0432,1.009,1.0062,0.0,normal,0.0,speed_hump,0.5137,normal,0.0,NORMAL,18.1,0.0,100,speed_hump,YES,PASS,0.0,0.0,0.017,0.514,
13:01:54.210,1.0003,1.0096,1.0012,0.0,normal,0.0,normal,0.0,normal,0.0,NORMAL,0.0,0.0,100,normal,YES,PASS,0.0,0.0,0.0,0.0,
13:01:54.374,1.0139,1.0073,1.0062,0.0,normal,0.0,normal,0.0,normal,0.0,NORMAL,0.0,0.0,100,normal,YES,PASS,0.0,0.0,0.006,0.0,
13:01:54.527,1.0219,1.0003,1.0002,0.0,normal,0.0,normal,0.0,normal,0.0,NORMAL,0.0,0.0,100,normal,YES,PASS,0.0,0.0,0.009,0.0,
13:01:54.681,1.0403,1.0134,1.0068,0.0,normal,0.0,normal,0.0,normal,0.0,NORMAL,0.1,0.0,100,normal,YES,PASS,0.0,0.0,0.016,0.0,
13:01:54.839,1.0329,1.0101,1.0008,0.0,normal,0.0,normal,0.0,normal,0.0,NORMAL,0.1,0.0,100,normal,YES,PASS,0.0,0.0,0.013,0.0,
13:01:54.983,1.0124,1.0062,1.0081,0.0,normal,0.0,normal,0.0,normal,0.0,NORMAL,0.0,0.0,100,normal,YES,PASS,0.0,0.0,0.005,0.0,
13:01:55.154,1.0277,1.01,1.004,0.0,normal,0.0,normal,0.0,normal,0.0,NORMAL,0.1,0.0,100,normal,YES,PASS,0.0,0.0,0.011,0.0,
13:01:55.308,1.0382,1.0024,1.0043,0.0,normal,0.0,normal,0.0,normal,0.0,NORMAL,0.1,0.0,100,normal,YES,PASS,0.0,0.0,0.015,0.0,
13:01:55.463,1.0248,1.0068,1.0005,0.0,normal,0.0,speed_hump,0.5056,normal,0.0,NORMAL,17.7,0.0,100,speed_hump,YES,PASS,0.0,0.0,0.01,0.506,
13:01:55.628,1.003,1.0053,1.0072,0.0,normal,0.0,speed_hump,0.5156,normal,0.0,NORMAL,18.1,0.0,100,speed_hump,YES,PASS,0.0,0.0,0.001,0.516,
13:01:55.793,1.0059,1.0132,1.0035,0.0,normal,0.0,speed_hump,0.5208,normal,0.0,NORMAL,18.2,0.0,100,speed_hump,YES,PASS,0.0,0.0,0.002,0.521,
13:01:55.954,1.0691,1.0039,1.0113,0.0,normal,0.0,speed_hump,0.5267,normal,0.0,NORMAL,18.6,0.0,100,speed_hump,YES,PASS,0.0,0.0,0.028,0.527,
13:01:56.117,1.0198,1.011,1.0025,0.0,normal,0.0,speed_hump,0.5295,normal,0.0,NORMAL,18.6,0.0,100,speed_hump,YES,PASS,0.0,0.0,0.008,0.53,
13:01:56.268,1.0446,1.0095,1.0038,0.0,normal,0.0,speed_hump,0.5318,normal,0.0,NORMAL,18.7,0.0,100,speed_hump,YES,PASS,0.0,0.0,0.018,0.532,
13:01:56.426,1.0516,1.0062,1.0069,0.0,normal,0.0,speed_hump,0.5312,normal,0.0,NORMAL,18.7,0.0,100,speed_hump,YES,PASS,0.0,0.0,0.021,0.531,
13:01:56.587,1.0637,1.0146,1.0004,0.0,normal,0.0,speed_hump,0.5327,normal,0.0,NORMAL,18.8,0.0,100,speed_hump,YES,PASS,0.0,0.0,0.025,0.533,
13:01:56.748,1.012,1.0005,1.0053,0.0,normal,0.0,speed_hump,0.5333,normal,0.0,NORMAL,18.7,0.0,100,speed_hump,YES,PASS,0.0,0.0,0.005,0.533,
13:01:56.900,1.0424,1.0095,1.0086,0.0,normal,0.0,speed_hump,0.531,normal,0.0,NORMAL,18.7,0.0,100,speed_hump,YES,PASS,0.0,0.0,0.017,0.531,
13:01:57.063,1.0393,1.0118,1.0143,0.0,normal,0.0,speed_hump,0.5306,normal,0.0,NORMAL,18.7,0.0,100,speed_hump,YES,PASS,0.0,0.0,0.016,0.531,
13:01:57.222,1.0119,1.0026,1.0128,0.0,normal,0.0,speed_hump,0.5205,normal,0.0,NORMAL,18.2,0.0,100,speed_hump,YES,PASS,0.0,0.0,0.005,0.521,
13:01:57.376,1.037,1.0046,1.0078,0.0,normal,0.0,speed_hump,0.5159,normal,0.0,NORMAL,18.1,0.0,100,speed_hump,YES,PASS,0.0,0.0,0.015,0.516,
13:01:57.527,1.049,1.0118,1.0022,0.0,normal,0.0,speed_hump,0.5184,normal,0.0,NORMAL,18.2,0.0,100,speed_hump,YES,PASS,0.0,0.0,0.02,0.518,
13:01:57.685,1.014,1.0051,1.0075,0.0,normal,0.0,speed_hump,0.5214,normal,0.0,NORMAL,18.3,0.0,100,speed_hump,YES,PASS,0.0,0.0,0.006,0.521,
13:01:57.840,1.0422,1.0073,1.0001,0.0,normal,0.0,speed_hump,0.5218,normal,0.0,NORMAL,18.3,0.0,100,speed_hump,YES,PASS,0.0,0.0,0.017,0.522,
13:01:58.026,1.004,1.004,1.0105,0.0,normal,0.0,speed_hump,0.5179,normal,0.0,NORMAL,18.1,0.0,100,speed_hump,YES,PASS,0.0,0.0,0.002,0.518,
13:01:58.188,1.0478,1.0013,1.0027,0.0,normal,0.0,speed_hump,0.5024,normal,0.0,NORMAL,17.7,0.0,100,speed_hump,YES,PASS,0.0,0.0,0.019,0.502,
13:01:58.340,1.0142,1.0118,1.005,0.0,normal,0.0,normal,0.0,normal,0.0,NORMAL,0.0,0.0,100,normal,YES,PASS,0.0,0.0,0.006,0.0,
13:01:58.500,1.0252,1.0053,1.0146,0.0,normal,0.0,normal,0.0,normal,0.0,NORMAL,0.1,0.0,100,normal,YES,PASS,0.0,0.0,0.01,0.0,
13:01:58.644,1.0423,1.0001,1.0075,0.0,normal,0.0,normal,0.0,normal,0.0,NORMAL,0.1,0.0,100,normal,YES,PASS,0.0,0.0,0.017,0.0,
13:01:58.802,1.0472,1.0018,1.0026,0.0,normal,0.0,normal,0.0,normal,0.0,NORMAL,0.1,0.0,100,normal,YES,PASS,0.0,0.0,0.019,0.0,
13:01:58.948,1.0472,1.0047,1.0101,0.0,normal,0.0,normal,0.0,normal,0.0,NORMAL,0.1,0.0,100,normal,YES,PASS,0.0,0.0,0.019,0.0,
13:01:59.095,1.0444,1.0067,1.0038,0.0,normal,0.0,normal,0.0,normal,0.0,NORMAL,0.1,0.0,100,normal,YES,PASS,0.0,0.0,0.018,0.0,
13:01:59.245,1.0203,1.0032,1.007,0.0,normal,0.0,normal,0.0,normal,0.0,NORMAL,0.0,0.0,100,normal,YES,PASS,0.0,0.0,0.008,0.0,
13:01:59.411,1.0126,1.0093,1.002,0.0,normal,0.0,normal,0.0,normal,0.0,NORMAL,0.0,0.0,100,normal,YES,PASS,0.0,0.0,0.005,0.0,
13:01:59.568,1.0161,1.001,1.0097,0.0,normal,0.0,normal,0.0,normal,0.0,NORMAL,0.0,0.0,100,normal,YES,PASS,0.0,0.0,0.006,0.0,
13:01:59.725,1.0168,1.0088,1.009,0.0,normal,0.0,speed_hump,0.5,normal,0.0,NORMAL,17.5,0.0,100,speed_hump,YES,PASS,0.0,0.0,0.007,0.5,
13:01:59.895,1.0062,1.0029,1.0027,0.0,normal,0.0,speed_hump,0.5144,normal,0.0,NORMAL,18.0,0.0,100,speed_hump,YES,PASS,0.0,0.0,0.002,0.514,
13:02:00.044,1.011,1.0015,1.0099,0.0,normal,0.0,speed_hump,0.5273,normal,0.0,NORMAL,18.5,0.0,100,speed_hump,YES,PASS,0.0,0.0,0.004,0.527,
13:02:00.210,1.0301,1.0071,1.0018,0.0,normal,0.0,speed_hump,0.5272,normal,0.0,NORMAL,18.5,0.0,100,speed_hump,YES,PASS,0.0,0.0,0.012,0.527,
13:02:00.365,1.0509,1.0021,1.0119,0.0,normal,0.0,speed_hump,0.5351,normal,0.0,NORMAL,18.8,0.0,100,speed_hump,YES,PASS,0.0,0.0,0.02,0.535,
13:02:00.509,1.0268,1.001,1.0051,0.0,normal,0.0,speed_hump,0.5364,normal,0.0,NORMAL,18.8,0.0,100,speed_hump,YES,PASS,0.0,0.0,0.011,0.536,
13:02:00.659,1.0141,1.0042,1.0035,0.0,normal,0.0,speed_hump,0.5335,normal,0.0,NORMAL,18.7,0.0,100,speed_hump,YES,PASS,0.0,0.0,0.006,0.533,
13:02:00.815,1.0181,1.0017,1.0083,0.0,normal,0.0,speed_hump,0.5327,normal,0.0,NORMAL,18.7,0.0,100,speed_hump,YES,PASS,0.0,0.0,0.007,0.533,
13:02:00.972,1.0528,1.0105,1.014,0.0,normal,0.0,speed_hump,0.5334,normal,0.0,NORMAL,18.8,0.0,100,speed_hump,YES,PASS,0.0,0.0,0.021,0.533,
13:02:01.132,1.0107,1.0072,1.0011,0.0,normal,0.0,speed_hump,0.5341,normal,0.0,NORMAL,18.7,0.0,100,speed_hump,YES,PASS,0.0,0.0,0.004,0.534,
13:02:01.283,1.0358,1.002,1.0058,0.0,normal,0.0,speed_hump,0.5367,normal,0.0,NORMAL,18.9,0.0,100,speed_hump,YES,PASS,0.0,0.0,0.014,0.537,
13:02:01.437,1.0259,1.0029,1.0005,0.0,normal,0.0,speed_hump,0.5377,normal,0.0,NORMAL,18.9,0.0,100,speed_hump,YES,PASS,0.0,0.0,0.01,0.538,
13:02:01.581,1.0444,1.0112,1.0096,0.0,normal,0.0,speed_hump,0.5389,normal,0.0,NORMAL,19.0,0.0,100,speed_hump,YES,PASS,0.0,0.0,0.018,0.539,
13:02:01.731,1.0561,1.0072,1.0089,0.0,normal,0.0,speed_hump,0.5292,normal,0.0,NORMAL,18.6,0.0,100,speed_hump,YES,PASS,0.0,0.0,0.022,0.529,
13:02:01.891,1.0292,1.0058,1.0063,0.0,normal,0.0,speed_hump,0.5166,normal,0.0,NORMAL,18.1,0.0,100,speed_hump,YES,PASS,0.0,0.0,0.012,0.517,
13:02:02.046,1.068,1.0108,1.0018,0.0,normal,0.0,speed_hump,0.5162,normal,0.0,NORMAL,18.2,0.0,100,speed_hump,YES,PASS,0.0,0.0,0.027,0.516,
13:02:02.200,1.055,1.0006,1.0087,0.0,normal,0.0,speed_hump,0.5139,normal,0.0,NORMAL,18.1,0.0,100,speed_hump,YES,PASS,0.0,0.0,0.022,0.514,
13:02:02.371,1.023,1.0084,1.0066,0.0,normal,0.0,speed_hump,0.5036,normal,0.0,NORMAL,17.7,0.0,100,speed_hump,YES,PASS,0.0,0.0,0.009,0.504,
13:02:02.525,1.0291,1.0059,1.0023,0.0,normal,0.0,speed_hump,0.5088,normal,0.0,NORMAL,17.9,0.0,100,speed_hump,YES,PASS,0.0,0.0,0.012,0.509,
13:02:02.676,1.0216,1.0093,1.0114,0.0,normal,0.0,speed_hump,0.5233,normal,0.0,NORMAL,18.4,0.0,100,speed_hump,YES,PASS,0.0,0.0,0.009,0.523,
13:02:02.825,1.0042,1.0071,1.0111,0.0,normal,0.0,speed_hump,0.5329,normal,0.0,NORMAL,18.7,0.0,100,speed_hump,YES,PASS,0.0,0.0,0.002,0.533,
13:02:02.983,1.0202,1.0087,1.0081,0.0,normal,0.0,speed_hump,0.5227,normal,0.0,NORMAL,18.3,0.0,100,speed_hump,YES,PASS,0.0,0.0,0.008,0.523,
13:02:03.129,1.0152,1.0035,1.0088,0.0,normal,0.0,speed_hump,0.5078,normal,0.0,NORMAL,17.8,0.0,100,speed_hump,YES,PASS,0.0,0.0,0.006,0.508,
13:02:03.289,1.0085,1.0091,1.0251,0.0,normal,0.0,normal,0.0,normal,0.0,NORMAL,0.0,0.0,100,normal,YES,PASS,0.0,0.0,0.003,0.0,
13:02:03.433,1.0458,1.0123,1.0053,0.0,normal,0.0,speed_hump,0.5691,normal,0.0,NORMAL,20.0,0.0,100,speed_hump,YES,PASS,0.0,0.0,0.018,0.569,
13:02:03.583,1.0371,1.0031,1.0003,0.0,normal,0.0,speed_hump,0.5689,normal,0.0,NORMAL,20.0,0.0,100,speed_hump,YES,PASS,0.0,0.0,0.015,0.569,
13:02:03.744,1.0447,1.0055,1.0011,0.0,normal,0.0,normal,0.0,normal,0.0,NORMAL,0.1,0.0,100,normal,YES,PASS,0.0,0.0,0.018,0.0,
13:02:03.896,1.0462,1.0096,1.0018,0.0,normal,0.0,normal,0.0,normal,0.0,NORMAL,0.1,0.0,100,normal,YES,PASS,0.0,0.0,0.018,0.0,
13:02:04.047,1.0025,1.0056,1.0134,0.0,normal,0.0,normal,0.0,normal,0.0,NORMAL,0.0,0.0,100,normal,YES,PASS,0.0,0.0,0.001,0.0,
13:02:04.211,1.0195,1.0005,1.0114,0.0,normal,0.0,normal,0.0,normal,0.0,NORMAL,0.0,0.0,100,normal,YES,PASS,0.0,0.0,0.008,0.0,
13:02:04.360,1.0045,1.0159,1.0003,0.0,normal,0.0,speed_hump,0.5625,normal,0.0,NORMAL,19.7,0.0,100,speed_hump,YES,PASS,0.0,0.0,0.002,0.563,
13:02:04.524,1.0155,1.0068,1.0009,0.0,normal,0.0,speed_hump,0.5961,normal,0.0,NORMAL,20.9,0.0,100,speed_hump,YES,PASS,0.0,0.0,0.006,0.596,
13:02:04.684,1.0273,1.0031,1.0053,0.0,normal,0.0,speed_hump,0.5132,normal,0.0,NORMAL,18.0,0.0,100,speed_hump,YES,PASS,0.0,0.0,0.011,0.513,
13:02:04.849,1.066,1.0032,1.0014,0.0,normal,0.0,normal,0.0,normal,0.0,NORMAL,0.1,0.0,100,normal,YES,PASS,0.0,0.0,0.026,0.0,
13:02:04.998,1.0017,1.0039,1.0029,0.0,normal,0.0,normal,0.0,normal,0.0,NORMAL,0.0,0.0,100,normal,YES,PASS,0.0,0.0,0.001,0.0,
13:02:05.145,1.0604,1.0047,1.0149,0.0,normal,0.0,normal,0.0,normal,0.0,NORMAL,0.1,0.0,100,normal,YES,PASS,0.0,0.0,0.024,0.0,
13:02:05.297,1.0137,1.0128,1.0027,0.0,normal,0.0,normal,0.0,normal,0.0,NORMAL,0.0,0.0,100,normal,YES,PASS,0.0,0.0,0.005,0.0,
13:02:05.450,1.0462,1.0108,1.0114,0.0,normal,0.0,normal,0.0,normal,0.0,NORMAL,0.1,0.0,100,normal,YES,PASS,0.0,0.0,0.018,0.0,
13:02:05.610,1.0053,1.006,1.0016,0.0,normal,0.0,speed_hump,0.5064,normal,0.0,NORMAL,17.7,0.0,100,speed_hump,YES,PASS,0.0,0.0,0.002,0.506,
13:02:05.774,1.0328,1.0037,1.0008,0.0,normal,0.0,normal,0.0,normal,0.0,NORMAL,0.1,0.0,100,normal,YES,PASS,0.0,0.0,0.013,0.0,
13:02:05.939,1.0484,1.0008,1.0071,0.0,normal,0.0,normal,0.0,normal,0.0,NORMAL,0.1,0.0,100,normal,YES,PASS,0.0,0.0,0.019,0.0,
13:02:06.091,1.0153,1.0051,1.0054,0.0,normal,0.0,normal,0.0,normal,0.0,NORMAL,0.0,0.0,100,normal,YES,PASS,0.0,0.0,0.006,0.0,
13:02:06.290,1.0175,1.0042,1.0057,0.0,normal,0.0,normal,0.0,normal,0.0,NORMAL,0.0,0.0,100,normal,YES,PASS,0.0,0.0,0.007,0.0,
13:02:06.447,1.0201,1.0087,1.0069,0.0,normal,0.0,normal,0.0,normal,0.0,NORMAL,0.0,0.0,100,normal,YES,PASS,0.0,0.0,0.008,0.0,
13:02:06.616,1.0241,1.0003,1.0075,0.0,normal,0.0,normal,0.0,normal,0.0,NORMAL,0.0,0.0,100,normal,YES,PASS,0.0,0.0,0.01,0.0,
13:02:06.769,1.0407,1.0048,1.0021,0.0,normal,0.0,normal,0.0,normal,0.0,NORMAL,0.1,0.0,100,normal,YES,PASS,0.0,0.0,0.016,0.0,
13:02:06.928,1.016,1.0072,1.0043,0.0,normal,0.0,normal,0.0,normal,0.0,NORMAL,0.0,0.0,100,normal,YES,PASS,0.0,0.0,0.006,0.0,
13:02:07.073,1.0236,1.006,1.0073,0.0,normal,0.0,speed_hump,0.5078,normal,0.0,NORMAL,17.8,0.0,100,speed_hump,YES,PASS,0.0,0.0,0.009,0.508,
13:02:07.238,1.0205,1.0025,1.0073,0.0,normal,0.0,speed_hump,0.5063,normal,0.0,NORMAL,17.8,0.0,100,speed_hump,YES,PASS,0.0,0.0,0.008,0.506,
13:02:07.390,1.0314,1.0074,1.0046,0.0,normal,0.0,normal,0.0,normal,0.0,NORMAL,0.1,0.0,100,normal,YES,PASS,0.0,0.0,0.013,0.0,
13:02:07.550,1.0264,1.0088,1.0012,5.0,pothole,1.0,speed_hump,0.5037,normal,0.0,NORMAL,35.9,0.25,100,speed_hump,YES,PASS,0.0,0.405,0.011,0.504,
13:02:07.699,1.0587,1.0095,1.0107,5.0,pothole,1.0,speed_hump,0.507,normal,0.0,NORMAL,49.4,0.35,100,speed_hump,YES,PASS,0.0,0.701,0.023,0.507,
13:02:07.849,1.0139,1.002,1.0107,5.0,pothole,1.0,speed_hump,0.5274,normal,0.0,NORMAL,59.7,0.6,100,speed_hump,YES,PASS,0.0,0.917,0.006,0.527,
13:02:08.014,1.036,1.0066,1.0045,5.0,pothole,1.0,normal,0.0,normal,0.0,CAUTION,45.1,0.32,84,pothole,NO,BLOCKED,0.0,1.0,0.014,0.0,
13:02:08.164,1.0027,1.0068,1.0061,5.0,pothole,1.0,normal,0.0,normal,0.0,CAUTION,45.0,0.32,84,pothole,NO,BLOCKED,0.0,1.0,0.001,0.0,
13:02:08.324,1.0242,1.0028,1.0043,5.0,pothole,1.0,speed_hump,0.5082,normal,0.0,CAUTION,62.8,0.63,69,speed_hump,NO,BLOCKED,0.0,1.0,0.01,0.508,
13:02:08.469,1.0156,1.0035,1.0099,5.0,pothole,1.0,speed_hump,0.5391,normal,0.0,HAZARD,63.9,0.64,55,normal,NO,BLOCKED,0.0,1.0,0.006,0.539,
13:02:08.629,1.0183,1.0038,1.0045,5.0,pothole,1.0,normal,0.0,normal,0.0,CAUTION,45.0,0.32,84,pothole,NO,BLOCKED,0.0,1.0,0.007,0.0,
13:02:08.775,1.0311,1.0052,1.0071,5.0,pothole,1.0,normal,0.0,normal,0.0,CAUTION,45.1,0.32,84,pothole,NO,BLOCKED,0.0,1.0,0.012,0.0,
13:02:08.945,1.0633,1.0108,1.0082,5.0,pothole,1.0,speed_hump,0.5128,normal,0.0,HAZARD,63.1,0.63,56,normal,NO,BLOCKED,0.0,1.0,0.025,0.513,
13:02:09.096,1.0014,1.0017,1.003,5.0,pothole,1.0,normal,0.0,normal,0.0,CAUTION,45.0,0.32,84,pothole,NO,BLOCKED,0.0,1.0,0.001,0.0,
13:02:09.259,1.0568,1.0042,1.0154,5.0,pothole,1.0,speed_hump,0.5063,normal,0.0,CAUTION,62.8,0.63,69,speed_hump,NO,BLOCKED,0.0,1.0,0.023,0.506,
13:02:09.418,1.0609,1.0058,1.0113,5.0,pothole,1.0,speed_hump,0.5271,normal,0.0,HAZARD,63.6,0.64,56,normal,NO,BLOCKED,0.0,1.0,0.024,0.527,
13:02:09.578,1.0015,1.01,1.0096,5.0,pothole,1.0,normal,0.0,normal,0.0,HAZARD,45.0,0.32,78,normal,NO,BLOCKED,0.0,1.0,0.001,0.0,
13:02:09.737,1.0108,1.0007,1.0012,5.0,pothole,1.0,speed_hump,0.5068,normal,0.0,HAZARD,62.8,0.63,56,normal,NO,BLOCKED,0.0,1.0,0.004,0.507,
13:02:09.893,1.0554,1.0037,1.0098,0.0,normal,0.0,normal,0.0,normal,0.0,HAZARD,45.1,0.32,78,normal,NO,BLOCKED,0.0,1.0,0.022,0.0,
13:02:10.043,1.0032,1.0074,1.0025,0.0,normal,0.0,speed_hump,0.5258,normal,0.0,CAUTION,54.0,0.38,81,speed_hump,NO,BLOCKED,0.0,0.792,0.001,0.526,
13:02:10.188,1.0408,1.0024,1.0092,5.0,pothole,1.0,speed_hump,0.5587,normal,0.0,CAUTION,63.9,0.64,68,speed_hump,NO,BLOCKED,0.0,0.983,0.016,0.559,
13:02:10.347,1.0443,1.008,1.0085,5.0,pothole,1.0,speed_hump,0.5392,normal,0.0,HAZARD,64.0,0.64,55,normal,NO,BLOCKED,0.0,1.0,0.018,0.539,
13:02:10.516,1.0476,1.0042,1.0147,5.0,pothole,1.0,normal,0.0,normal,0.0,CAUTION,45.1,0.32,84,pothole,NO,BLOCKED,0.0,1.0,0.019,0.0,
13:02:10.673,1.0243,1.0075,1.0114,5.0,pothole,1.0,speed_hump,0.5118,normal,0.0,HAZARD,63.0,0.63,56,normal,NO,BLOCKED,0.0,1.0,0.01,0.512,
13:02:10.820,1.0262,1.0018,1.0068,5.0,pothole,1.0,speed_hump,0.5436,normal,0.0,HAZARD,64.1,0.64,55,normal,NO,BLOCKED,0.0,1.0,0.01,0.544,
13:02:10.979,1.0151,1.0084,1.0096,5.0,pothole,1.0,speed_hump,0.5412,normal,0.0,HAZARD,64.0,0.64,55,normal,NO,BLOCKED,0.0,1.0,0.006,0.541,
13:02:11.138,1.0132,1.0083,1.0062,5.0,pothole,1.0,speed_hump,0.5255,normal,0.0,HAZARD,63.4,0.63,56,normal,NO,BLOCKED,0.0,1.0,0.005,0.525,
13:02:11.301,1.0522,1.0002,1.001,5.0,pothole,1.0,speed_hump,0.5396,normal,0.0,HAZARD,64.0,0.64,55,normal,NO,BLOCKED,0.0,1.0,0.021,0.54,
13:02:11.453,1.0369,1.005,1.0085,5.0,pothole,1.0,speed_hump,0.5482,normal,0.0,HAZARD,64.3,0.64,55,normal,NO,BLOCKED,0.0,1.0,0.015,0.548,
13:02:11.612,1.0076,1.0077,1.0082,5.0,pothole,1.0,speed_hump,0.5682,normal,0.0,HAZARD,64.9,0.65,55,normal,NO,BLOCKED,0.0,1.0,0.003,0.568,
13:02:11.775,1.0101,1.0084,1.0015,5.0,pothole,1.0,speed_hump,0.5097,normal,0.0,HAZARD,62.9,0.63,56,normal,NO,BLOCKED,0.0,1.0,0.004,0.51,
13:02:11.936,1.0062,1.0099,1.0073,5.0,pothole,1.0,normal,0.0,normal,0.0,HAZARD,45.0,0.32,78,normal,NO,BLOCKED,0.0,1.0,0.002,0.0,
13:02:12.098,1.0451,1.0094,1.0169,5.0,pothole,1.0,speed_hump,0.5559,normal,0.0,HAZARD,64.5,0.65,55,normal,NO,BLOCKED,0.0,1.0,0.018,0.556,
13:02:12.248,1.0294,1.0067,1.0126,5.0,pothole,1.0,speed_hump,0.5609,normal,0.0,HAZARD,64.7,0.65,55,normal,NO,BLOCKED,0.0,1.0,0.012,0.561,
13:02:12.398,1.0373,1.0035,1.0045,5.0,pothole,1.0,speed_hump,0.5659,normal,0.0,HAZARD,64.9,0.65,55,normal,NO,BLOCKED,0.0,1.0,0.015,0.566,
13:02:12.551,1.0312,1.0016,1.0103,5.0,pothole,1.0,speed_hump,0.5821,normal,0.0,HAZARD,65.4,0.65,54,normal,NO,BLOCKED,0.0,1.0,0.012,0.582,
13:02:12.710,1.0063,1.0097,1.0023,5.0,pothole,1.0,speed_hump,0.5691,normal,0.0,HAZARD,64.9,0.65,55,normal,NO,BLOCKED,0.0,1.0,0.003,0.569,
13:02:12.862,1.0589,1.0098,1.0061,5.0,pothole,1.0,speed_hump,0.5854,normal,0.0,HAZARD,65.6,0.66,54,normal,NO,BLOCKED,0.0,1.0,0.024,0.585,
13:02:13.025,1.0367,1.006,1.0072,5.0,pothole,1.0,speed_hump,0.5816,normal,0.0,HAZARD,65.4,0.65,54,normal,NO,BLOCKED,0.0,1.0,0.015,0.582,
13:02:13.185,1.0414,1.0008,1.0086,4.3954,pothole,0.6977,speed_hump,0.5768,normal,0.0,HAZARD,65.3,0.65,54,normal,NO,BLOCKED,0.0,1.0,0.017,0.577,
13:02:13.344,1.0348,1.0014,1.0036,4.3954,pothole,0.6977,speed_hump,0.5694,normal,0.0,HAZARD,65.0,0.65,55,normal,NO,BLOCKED,0.0,1.0,0.014,0.569,
13:02:13.502,1.0047,1.014,1.012,4.3954,pothole,0.6977,speed_hump,0.5762,normal,0.0,HAZARD,65.2,0.65,54,normal,NO,BLOCKED,0.0,1.0,0.002,0.576,
13:02:13.660,1.0623,1.0036,1.0034,4.3954,pothole,0.6977,speed_hump,0.5411,normal,0.0,HAZARD,64.1,0.64,55,normal,NO,BLOCKED,0.0,1.0,0.025,0.541,
13:02:13.804,1.0068,1.0023,1.001,4.3954,pothole,0.6977,speed_hump,0.5461,normal,0.0,HAZARD,64.1,0.64,55,normal,NO,BLOCKED,0.0,1.0,0.003,0.546,
13:02:13.954,1.0322,1.0108,1.0019,4.3954,pothole,0.6977,speed_hump,0.5611,normal,0.0,HAZARD,64.7,0.65,55,normal,NO,BLOCKED,0.0,1.0,0.013,0.561,
13:02:14.118,1.0397,1.0079,1.0002,4.3954,pothole,0.6977,speed_hump,0.5674,normal,0.0,HAZARD,64.9,0.65,55,normal,NO,BLOCKED,0.0,1.0,0.016,0.567,
13:02:14.275,1.0212,1.0052,1.0115,4.3954,pothole,0.6977,speed_hump,0.5801,normal,0.0,HAZARD,65.3,0.65,54,normal,NO,BLOCKED,0.0,1.0,0.008,0.58,
13:02:14.445,1.033,1.0006,1.0024,4.3954,pothole,0.6977,speed_hump,0.5788,normal,0.0,HAZARD,65.3,0.65,54,normal,NO,BLOCKED,0.0,1.0,0.013,0.579,
13:02:14.607,1.0584,1.0021,1.0047,4.3954,pothole,0.6977,speed_hump,0.568,normal,0.0,HAZARD,65.0,0.65,55,normal,NO,BLOCKED,0.0,1.0,0.023,0.568,
13:02:14.761,1.0449,1.0089,1.0134,4.3954,pothole,0.6977,speed_hump,0.5815,normal,0.0,HAZARD,65.4,0.65,54,normal,NO,BLOCKED,0.0,1.0,0.018,0.581,
13:02:14.913,1.0364,1.0044,1.0084,4.3954,pothole,0.6977,speed_hump,0.5668,normal,0.0,HAZARD,64.9,0.65,55,normal,NO,BLOCKED,0.0,1.0,0.015,0.567,
13:02:15.064,1.074,1.0033,1.01,0.0,normal,0.0,speed_hump,0.5096,normal,0.0,HAZARD,61.4,0.61,57,normal,NO,BLOCKED,0.0,0.965,0.03,0.51,
13:02:15.209,1.0205,1.0089,1.002,0.0,normal,0.0,speed_hump,0.5219,normal,0.0,HAZARD,50.0,0.35,75,normal,NO,BLOCKED,0.0,0.705,0.008,0.522,
13:02:15.365,1.0116,1.0022,1.0124,0.0,normal,0.0,speed_hump,0.5296,normal,0.0,HAZARD,41.7,0.29,80,normal,NO,BLOCKED,0.0,0.514,0.005,0.53,
13:02:15.529,1.017,1.0037,1.0093,0.0,normal,0.0,speed_hump,0.5369,normal,0.0,CAUTION,35.7,0.25,87,speed_hump,NO,BLOCKED,0.0,0.375,0.007,0.537,
13:02:15.692,1.008,1.0015,1.0043,0.0,normal,0.0,speed_hump,0.5337,normal,0.0,CAUTION,31.0,0.22,89,speed_hump,NO,BLOCKED,0.0,0.274,0.003,0.534,
13:02:15.842,1.0032,1.0051,1.0068,0.0,normal,0.0,speed_hump,0.5368,normal,0.0,CAUTION,27.8,0.19,90,speed_hump,NO,BLOCKED,0.0,0.2,0.001,0.537,
13:02:16.001,1.0123,1.0093,1.0101,0.0,normal,0.0,speed_hump,0.5382,normal,0.0,CAUTION,25.4,0.18,91,speed_hump,NO,BLOCKED,0.0,0.146,0.005,0.538,
13:02:16.204,1.0247,1.0096,1.0087,0.0,normal,0.0,speed_hump,0.5379,normal,0.0,CAUTION,23.7,0.0,100,speed_hump,NO,BLOCKED,0.0,0.106,0.01,0.538,
13:02:16.373,1.0563,1.0056,1.0016,0.0,normal,0.0,speed_hump,0.5429,normal,0.0,CAUTION,22.6,0.0,100,speed_hump,NO,BLOCKED,0.0,0.078,0.023,0.543,
13:02:16.531,1.0458,1.0093,1.0002,0.0,normal,0.0,speed_hump,0.5485,normal,0.0,NORMAL,21.8,0.0,100,speed_hump,YES,PASS,0.0,0.057,0.018,0.549,
13:02:16.691,1.0474,1.0102,1.0074,0.0,normal,0.0,speed_hump,0.5428,normal,0.0,NORMAL,21.0,0.0,100,speed_hump,YES,PASS,0.0,0.041,0.019,0.543,
13:02:16.853,1.0474,1.0037,1.0064,0.0,normal,0.0,speed_hump,0.5439,normal,0.0,NORMAL,20.5,0.0,100,speed_hump,YES,PASS,0.0,0.03,0.019,0.544,
13:02:17.007,1.0075,1.0059,1.0066,0.0,normal,0.0,speed_hump,0.5336,normal,0.0,NORMAL,19.7,0.0,100,speed_hump,YES,PASS,0.0,0.022,0.003,0.534,
13:02:17.169,1.0135,1.0109,1.0014,0.0,normal,0.0,speed_hump,0.5451,normal,0.0,NORMAL,19.8,0.0,100,speed_hump,YES,PASS,0.0,0.016,0.005,0.545,
13:02:17.334,1.05,1.0077,1.0043,0.0,normal,0.0,speed_hump,0.5385,normal,0.0,NORMAL,19.5,0.0,100,speed_hump,YES,PASS,0.0,0.012,0.02,0.538,
13:02:17.495,1.0232,1.0139,1.0032,0.0,normal,0.0,speed_hump,0.5405,normal,0.0,NORMAL,19.4,0.0,100,speed_hump,YES,PASS,0.0,0.009,0.009,0.541,
13:02:17.645,1.0522,1.0071,1.0143,0.0,normal,0.0,speed_hump,0.5224,normal,0.0,NORMAL,18.7,0.0,100,speed_hump,YES,PASS,0.0,0.006,0.021,0.522,
13:02:17.798,1.0136,1.0135,1.0103,0.0,normal,0.0,speed_hump,0.5115,normal,0.0,NORMAL,18.1,0.0,100,speed_hump,YES,PASS,0.0,0.005,0.005,0.512,
13:02:17.949,1.0199,1.0052,1.0147,0.0,normal,0.0,speed_hump,0.5322,normal,0.0,NORMAL,18.8,0.0,100,speed_hump,YES,PASS,0.0,0.003,0.008,0.532,
13:02:18.118,1.052,1.0099,1.006,0.0,normal,0.0,speed_hump,0.5196,normal,0.0,NORMAL,18.4,0.0,100,speed_hump,YES,PASS,0.0,0.002,0.021,0.52,
13:02:18.276,1.0357,1.0029,1.0103,0.0,normal,0.0,normal,0.0,normal,0.0,NORMAL,0.2,0.0,100,normal,YES,PASS,0.0,0.002,0.014,0.0,
13:02:18.432,1.0217,1.0083,1.0113,0.0,normal,0.0,normal,0.0,normal,0.0,NORMAL,0.1,0.0,100,normal,YES,PASS,0.0,0.001,0.009,0.0,
13:02:18.579,1.025,1.0005,1.0027,0.0,normal,0.0,normal,0.0,normal,0.0,NORMAL,0.1,0.0,100,normal,YES,PASS,0.0,0.001,0.01,0.0,
13:02:18.739,1.0169,1.001,1.0081,0.0,normal,0.0,speed_hump,0.5132,normal,0.0,NORMAL,18.0,0.0,100,speed_hump,YES,PASS,0.0,0.001,0.007,0.513,
13:02:18.893,1.009,1.011,1.0012,0.0,normal,0.0,speed_hump,0.5225,normal,0.0,NORMAL,18.3,0.0,100,speed_hump,YES,PASS,0.0,0.001,0.004,0.523,
13:02:19.050,1.0182,1.0033,1.0104,0.0,normal,0.0,speed_hump,0.5041,normal,0.0,NORMAL,17.7,0.0,100,speed_hump,YES,PASS,0.0,0.0,0.007,0.504,
13:02:19.205,1.0198,1.0025,1.0074,4.3109,pothole,0.6554,speed_hump,0.5091,normal,0.0,NORMAL,33.6,0.24,100,speed_hump,YES,PASS,0.0,0.35,0.008,0.509,
13:02:19.354,1.0102,1.011,1.0046,4.3109,pothole,0.6554,normal,0.0,normal,0.0,NORMAL,27.2,0.19,100,pothole,YES,PASS,0.0,0.605,0.004,0.0,
13:02:19.514,1.0366,1.0101,1.0028,4.3109,pothole,0.6554,normal,0.0,normal,0.0,CAUTION,35.7,0.25,88,pothole,NO,BLOCKED,0.0,0.791,0.015,0.0,
13:02:19.663,1.0406,1.0037,1.0113,4.3109,pothole,0.6554,normal,0.0,normal,0.0,CAUTION,41.8,0.29,85,pothole,NO,BLOCKED,0.0,0.926,0.016,0.0,
13:02:19.828,1.0337,1.0013,1.0037,4.3109,pothole,0.6554,normal,0.0,normal,0.0,CAUTION,45.1,0.32,84,pothole,NO,BLOCKED,0.0,1.0,0.013,0.0,
13:02:19.979,1.0001,1.0058,1.0004,4.3109,pothole,0.6554,normal,0.0,normal,0.0,CAUTION,45.0,0.32,84,pothole,NO,BLOCKED,0.0,1.0,0.0,0.0,
13:02:20.127,1.0181,1.0023,1.0096,4.3109,pothole,0.6554,normal,0.0,normal,0.0,CAUTION,45.0,0.32,84,pothole,NO,BLOCKED,0.0,1.0,0.007,0.0,
13:02:20.273,1.0511,1.0037,1.0065,4.3109,pothole,0.6554,normal,0.0,normal,0.0,CAUTION,45.1,0.32,84,pothole,NO,BLOCKED,0.0,1.0,0.02,0.0,
13:02:20.442,1.0182,1.0098,1.0029,0.0,normal,0.0,normal,0.0,normal,0.0,CAUTION,39.1,0.27,86,braking,NO,BLOCKED,0.0,0.868,0.007,0.0,
13:02:20.597,1.0265,1.0105,1.0046,0.0,normal,0.0,normal,0.0,normal,0.0,CAUTION,28.6,0.2,90,braking,NO,BLOCKED,0.0,0.633,0.011,0.0,
13:02:20.743,1.0549,1.0108,1.0111,0.0,normal,0.0,normal,0.0,normal,0.0,CAUTION,20.9,0.0,100,braking,NO,BLOCKED,0.0,0.462,0.022,0.0,
13:02:20.897,1.0285,1.0106,1.012,0.0,normal,0.0,normal,0.0,normal,0.0,CAUTION,15.2,0.0,100,braking,NO,BLOCKED,0.0,0.337,0.011,0.0,
13:02:21.088,1.0236,1.0054,1.0105,0.0,normal,0.0,normal,0.0,normal,0.0,NORMAL,11.1,0.0,100,normal,YES,PASS,0.0,0.246,0.009,0.0,
13:02:21.241,1.0517,1.0084,1.0004,0.0,normal,0.0,normal,0.0,normal,0.0,NORMAL,8.2,0.0,100,normal,YES,PASS,0.0,0.18,0.021,0.0,
13:02:21.401,1.0353,1.0008,1.0154,0.0,normal,0.0,normal,0.0,normal,0.0,NORMAL,6.0,0.0,100,normal,YES,PASS,0.0,0.131,0.014,0.0,
13:02:21.550,1.0114,1.0112,1.0113,0.0,normal,0.0,normal,0.0,normal,0.0,NORMAL,4.3,0.0,100,normal,YES,PASS,0.0,0.096,0.005,0.0,
13:02:21.705,1.0296,1.0107,1.0085,0.0,normal,0.0,normal,0.0,normal,0.0,NORMAL,3.2,0.0,100,normal,YES,PASS,0.0,0.07,0.012,0.0,
13:02:21.865,1.029,1.0035,1.0073,0.0,normal,0.0,normal,0.0,normal,0.0,NORMAL,2.4,0.0,100,normal,YES,PASS,0.0,0.051,0.012,0.0,
13:02:22.030,1.0166,1.0051,1.0073,0.0,normal,0.0,normal,0.0,normal,0.0,NORMAL,1.7,0.0,100,normal,YES,PASS,0.0,0.037,0.007,0.0,
13:02:22.188,1.0111,1.0101,1.0102,0.0,normal,0.0,normal,0.0,normal,0.0,NORMAL,1.2,0.0,100,normal,YES,PASS,0.0,0.027,0.004,0.0,
13:02:22.337,1.0212,1.0131,1.0086,0.0,normal,0.0,normal,0.0,normal,0.0,NORMAL,0.9,0.0,100,normal,YES,PASS,0.0,0.02,0.008,0.0,
13:02:22.491,1.0173,1.0006,1.0052,0.0,normal,0.0,normal,0.0,normal,0.0,NORMAL,0.7,0.0,100,normal,YES,PASS,0.0,0.014,0.007,0.0,
13:02:22.641,1.0136,1.0089,1.004,0.0,normal,0.0,normal,0.0,normal,0.0,NORMAL,0.5,0.0,100,normal,YES,PASS,0.0,0.011,0.005,0.0,
13:02:22.793,1.0221,1.0048,1.0065,0.0,normal,0.0,normal,0.0,normal,0.0,NORMAL,0.4,0.0,100,normal,YES,PASS,0.0,0.008,0.009,0.0,
13:02:22.925,1.0472,1.0024,1.0013,0.0,normal,0.0,normal,0.0,normal,0.0,NORMAL,0.3,0.0,100,normal,YES,PASS,0.0,0.006,0.019,0.0,
13:02:23.065,1.0591,1.0003,1.0022,0.0,normal,0.0,normal,0.0,normal,0.0,NORMAL,0.3,0.0,100,normal,YES,PASS,0.0,0.004,0.024,0.0,
13:02:23.223,1.0513,1.0117,1.0131,0.0,normal,0.0,normal,0.0,normal,0.0,NORMAL,0.2,0.0,100,normal,YES,PASS,0.0,0.003,0.021,0.0,
13:02:23.374,1.0705,1.001,1.0063,0.0,normal,0.0,speed_hump,0.5391,normal,0.0,NORMAL,19.1,0.0,100,speed_hump,YES,PASS,0.0,0.002,0.028,0.539,
13:02:23.527,1.0084,1.0073,1.0059,0.0,normal,0.0,normal,0.0,normal,0.0,NORMAL,0.1,0.0,100,normal,YES,PASS,0.0,0.002,0.003,0.0,
13:02:23.680,1.0558,1.0002,1.0109,0.0,normal,0.0,normal,0.0,normal,0.0,NORMAL,0.2,0.0,100,normal,YES,PASS,0.0,0.001,0.022,0.0,
13:02:23.839,1.0345,1.0058,1.0045,4.888,pothole,0.944,normal,0.0,normal,0.0,NORMAL,17.9,0.0,100,pothole,YES,PASS,0.0,0.397,0.014,0.0,
13:02:24.007,1.0096,1.0006,1.0131,4.888,pothole,0.944,normal,0.0,normal,0.0,NORMAL,30.9,0.22,100,pothole,YES,PASS,0.0,0.686,0.004,0.0,
13:02:24.165,1.0413,1.0123,1.0058,4.888,pothole,0.944,speed_hump,0.5083,normal,0.0,NORMAL,58.2,0.58,100,speed_hump,YES,PASS,0.0,0.897,0.017,0.508,
13:02:24.332,1.0503,1.0123,1.0091,4.888,pothole,0.944,speed_hump,0.5256,normal,0.0,NORMAL,63.5,0.63,100,speed_hump,YES,PASS,0.0,1.0,0.02,0.526,
13:02:24.485,1.014,1.0081,1.0072,4.888,pothole,0.944,speed_hump,0.5404,normal,0.0,HAZARD,63.9,0.64,55,normal,NO,BLOCKED,0.0,1.0,0.006,0.54,
13:02:24.647,1.0266,1.0133,1.0011,4.888,pothole,0.944,speed_hump,0.5678,normal,0.0,HAZARD,64.9,0.65,55,normal,NO,BLOCKED,0.0,1.0,0.011,0.568,
13:02:24.815,1.0505,1.0054,1.0141,4.888,pothole,0.944,speed_hump,0.5798,normal,0.0,HAZARD,65.4,0.65,54,normal,NO,BLOCKED,0.0,1.0,0.02,0.58,
13:02:24.976,1.0467,1.0062,1.0059,4.888,pothole,0.944,speed_hump,0.5674,normal,0.0,HAZARD,65.0,0.65,55,normal,NO,BLOCKED,0.0,1.0,0.019,0.567,
13:02:25.140,1.0342,1.0028,1.0105,4.888,pothole,0.944,speed_hump,0.5635,normal,0.0,HAZARD,64.8,0.65,55,normal,NO,BLOCKED,0.0,1.0,0.014,0.563,
13:02:25.302,1.0077,1.0075,1.0024,4.888,pothole,0.944,speed_hump,0.5595,normal,0.0,HAZARD,64.6,0.65,55,normal,NO,BLOCKED,0.0,1.0,0.003,0.56,
13:02:25.471,1.0052,1.0024,1.008,4.888,pothole,0.944,speed_hump,0.5423,normal,0.0,HAZARD,64.0,0.64,55,normal,NO,BLOCKED,0.0,1.0,0.002,0.542,
13:02:25.632,1.0341,1.0057,1.0096,4.888,pothole,0.944,speed_hump,0.5287,normal,0.0,HAZARD,63.6,0.64,55,normal,NO,BLOCKED,0.0,1.0,0.014,0.529,
13:02:25.793,1.011,1.0002,1.0001,5.0,pothole,1.0,speed_hump,0.5284,normal,0.0,HAZARD,63.5,0.64,56,normal,NO,BLOCKED,0.0,1.0,0.004,0.528,
13:02:25.940,1.0099,1.0123,1.0032,5.0,pothole,1.0,speed_hump,0.5221,normal,0.0,HAZARD,63.3,0.63,56,normal,NO,BLOCKED,0.0,1.0,0.004,0.522,
13:02:26.092,1.0658,1.0024,1.0132,5.0,pothole,1.0,speed_hump,0.5355,normal,0.0,HAZARD,63.9,0.64,55,normal,NO,BLOCKED,0.0,1.0,0.026,0.535,
13:02:26.247,1.0305,1.0102,1.0101,5.0,pothole,1.0,speed_hump,0.5435,normal,0.0,HAZARD,64.1,0.64,55,normal,NO,BLOCKED,0.0,1.0,0.012,0.544,
13:02:26.407,1.0661,1.0031,1.0017,5.0,pothole,1.0,speed_hump,0.5493,normal,0.0,HAZARD,64.4,0.64,55,normal,NO,BLOCKED,0.0,1.0,0.026,0.549,
13:02:26.547,1.0421,1.0075,1.0126,5.0,pothole,1.0,speed_hump,0.5532,normal,0.0,HAZARD,64.4,0.64,55,normal,NO,BLOCKED,0.0,1.0,0.017,0.553,
13:02:26.703,1.0012,1.0025,1.0016,5.0,pothole,1.0,speed_hump,0.5567,normal,0.0,HAZARD,64.5,0.64,55,normal,NO,BLOCKED,0.0,1.0,0.0,0.557,
13:02:26.858,1.0239,1.011,1.0041,5.0,pothole,1.0,speed_hump,0.5607,normal,0.0,HAZARD,64.7,0.65,55,normal,NO,BLOCKED,0.0,1.0,0.01,0.561,
13:02:27.026,1.0058,1.0046,1.0012,5.0,pothole,1.0,speed_hump,0.5606,normal,0.0,HAZARD,64.6,0.65,55,normal,NO,BLOCKED,0.0,1.0,0.002,0.561,
13:02:27.175,1.0379,1.0001,1.0027,5.0,pothole,1.0,speed_hump,0.5637,normal,0.0,HAZARD,64.8,0.65,55,normal,NO,BLOCKED,0.0,1.0,0.015,0.564,
13:02:27.334,1.0426,1.0113,1.011,5.0,pothole,1.0,speed_hump,0.5605,normal,0.0,HAZARD,64.7,0.65,55,normal,NO,BLOCKED,0.0,1.0,0.017,0.56,
13:02:27.494,1.0181,1.0043,1.0102,5.0,pothole,1.0,speed_hump,0.5607,normal,0.0,HAZARD,64.7,0.65,55,normal,NO,BLOCKED,0.0,1.0,0.007,0.561,
13:02:27.653,1.0337,1.0014,1.0127,0.0,normal,0.0,speed_hump,0.5196,normal,0.0,HAZARD,63.3,0.63,56,normal,NO,BLOCKED,0.0,1.0,0.013,0.52,
13:02:27.808,1.0295,1.0104,1.0108,0.0,normal,0.0,speed_hump,0.5225,normal,0.0,HAZARD,54.3,0.38,73,normal,NO,BLOCKED,0.0,0.798,0.012,0.523,
13:02:27.957,1.0251,1.0014,1.0018,0.0,normal,0.0,speed_hump,0.5242,normal,0.0,HAZARD,44.6,0.31,78,normal,NO,BLOCKED,0.0,0.583,0.01,0.524,
13:02:28.129,1.0077,1.0015,1.0097,0.0,normal,0.0,speed_hump,0.5274,normal,0.0,CAUTION,37.6,0.26,87,speed_hump,NO,BLOCKED,0.0,0.425,0.003,0.527,
13:02:28.278,1.0255,1.0131,1.0005,0.0,normal,0.0,speed_hump,0.5289,normal,0.0,CAUTION,32.5,0.23,89,speed_hump,NO,BLOCKED,0.0,0.31,0.01,0.529,
13:02:28.433,1.0104,1.0017,1.0087,0.0,normal,0.0,speed_hump,0.5308,normal,0.0,CAUTION,28.8,0.2,90,speed_hump,NO,BLOCKED,0.0,0.226,0.004,0.531,
13:02:28.584,1.0472,1.0068,1.0073,0.0,normal,0.0,speed_hump,0.5277,normal,0.0,CAUTION,26.0,0.18,91,speed_hump,NO,BLOCKED,0.0,0.165,0.019,0.528,
13:02:28.747,1.0104,1.0113,1.0085,0.0,normal,0.0,speed_hump,0.5307,normal,0.0,CAUTION,24.0,0.0,100,speed_hump,NO,BLOCKED,0.0,0.121,0.004,0.531,
13:02:28.887,1.046,1.0079,1.001,0.0,normal,0.0,speed_hump,0.5395,normal,0.0,CAUTION,22.9,0.0,100,speed_hump,NO,BLOCKED,0.0,0.088,0.018,0.54,
13:02:29.040,1.0516,1.0038,1.0082,0.0,normal,0.0,speed_hump,0.5408,normal,0.0,NORMAL,21.9,0.0,100,speed_hump,YES,PASS,0.0,0.064,0.021,0.541,
13:02:29.187,1.0197,1.0031,1.0085,0.0,normal,0.0,speed_hump,0.5319,normal,0.0,NORMAL,20.8,0.0,100,speed_hump,YES,PASS,0.0,0.047,0.008,0.532,
13:02:29.332,1.0675,1.014,1.0035,0.0,normal,0.0,speed_hump,0.5283,normal,0.0,NORMAL,20.2,0.0,100,speed_hump,YES,PASS,0.0,0.034,0.027,0.528,
13:02:29.481,1.0371,1.0013,1.0101,0.0,normal,0.0,speed_hump,0.5268,normal,0.0,NORMAL,19.6,0.0,100,speed_hump,YES,PASS,0.0,0.025,0.015,0.527,
13:02:29.647,1.0425,1.0111,1.0111,0.0,normal,0.0,speed_hump,0.5304,normal,0.0,NORMAL,19.5,0.0,100,speed_hump,YES,PASS,0.0,0.018,0.017,0.53,
13:02:29.801,1.0085,1.0023,1.0016,0.0,normal,0.0,speed_hump,0.5248,normal,0.0,NORMAL,19.0,0.0,100,speed_hump,YES,PASS,0.0,0.013,0.003,0.525,
13:02:29.959,1.0616,1.0045,1.0096,0.0,normal,0.0,speed_hump,0.5132,normal,0.0,NORMAL,18.5,0.0,100,speed_hump,YES,PASS,0.0,0.01,0.025,0.513,
13:02:30.111,1.0413,1.0081,1.0052,0.0,normal,0.0,speed_hump,0.532,normal,0.0,NORMAL,19.0,0.0,100,speed_hump,YES,PASS,0.0,0.007,0.017,0.532,
13:02:30.267,1.0258,1.0041,1.009,0.0,normal,0.0,speed_hump,0.5131,normal,0.0,NORMAL,18.2,0.0,100,speed_hump,YES,PASS,0.0,0.005,0.01,0.513,
13:02:30.427,1.0448,1.0078,1.0035,0.0,normal,0.0,speed_hump,0.5014,normal,0.0,NORMAL,17.8,0.0,100,speed_hump,YES,PASS,0.0,0.004,0.018,0.501,
13:02:30.588,1.0508,1.0007,1.0124,0.0,normal,0.0,normal,0.0,normal,0.0,NORMAL,0.2,0.0,100,normal,YES,PASS,0.0,0.003,0.02,0.0,
13:02:30.747,1.0377,1.0102,1.0049,0.0,normal,0.0,normal,0.0,normal,0.0,NORMAL,0.2,0.0,100,normal,YES,PASS,0.0,0.002,0.015,0.0,
13:02:30.898,1.005,1.0062,1.007,0.0,normal,0.0,normal,0.0,normal,0.0,NORMAL,0.1,0.0,100,normal,YES,PASS,0.0,0.001,0.002,0.0,
13:02:31.063,1.0421,1.0052,1.0111,0.0,normal,0.0,speed_hump,0.5673,normal,0.0,NORMAL,20.0,0.0,100,speed_hump,YES,PASS,0.0,0.001,0.017,0.567,
13:02:31.215,1.0465,1.0003,1.0142,0.0,normal,0.0,speed_hump,0.574,normal,0.0,NORMAL,20.2,0.0,100,speed_hump,YES,PASS,0.0,0.001,0.019,0.574,
13:02:31.381,1.0119,1.0119,1.0075,0.0,normal,0.0,speed_hump,0.5794,normal,0.0,NORMAL,20.3,0.0,100,speed_hump,YES,PASS,0.0,0.001,0.005,0.579,
13:02:31.540,1.0347,1.0022,1.0117,0.0,normal,0.0,speed_hump,0.5868,normal,0.0,NORMAL,20.6,0.0,100,speed_hump,YES,PASS,0.0,0.0,0.014,0.587,
13:02:31.683,1.0301,1.0026,1.0058,0.0,normal,0.0,speed_hump,0.5259,normal,0.0,NORMAL,18.5,0.0,100,speed_hump,YES,PASS,0.0,0.0,0.012,0.526,
13:02:31.873,1.0489,1.0074,1.0092,0.0,normal,0.0,speed_hump,0.5201,normal,0.0,NORMAL,18.3,0.0,100,speed_hump,YES,PASS,0.0,0.0,0.02,0.52,
13:02:32.024,1.0373,1.0067,1.0066,0.0,normal,0.0,speed_hump,0.5247,normal,0.0,NORMAL,18.4,0.0,100,speed_hump,YES,PASS,0.0,0.0,0.015,0.525,
13:02:32.179,1.0431,1.0159,1.0002,0.0,normal,0.0,normal,0.0,normal,0.0,NORMAL,0.1,0.0,100,normal,YES,PASS,0.0,0.0,0.017,0.0,
13:02:32.343,1.0304,1.0025,1.0088,0.0,normal,0.0,normal,0.0,normal,0.0,NORMAL,0.1,0.0,100,normal,YES,PASS,0.0,0.0,0.012,0.0,
13:02:32.483,1.017,1.0028,1.0011,0.0,normal,0.0,normal,0.0,normal,0.0,NORMAL,0.0,0.0,100,normal,YES,PASS,0.0,0.0,0.007,0.0,
13:02:32.642,1.0307,1.0038,1.0009,0.0,normal,0.0,speed_hump,0.5333,normal,0.0,NORMAL,18.7,0.0,100,speed_hump,YES,PASS,0.0,0.0,0.012,0.533,
13:02:32.804,1.0255,1.0073,1.0049,0.0,normal,0.0,normal,0.0,normal,0.0,NORMAL,0.1,0.0,100,normal,YES,PASS,0.0,0.0,0.01,0.0,
13:02:32.959,1.0254,1.0062,1.0032,0.0,normal,0.0,normal,0.0,normal,0.0,NORMAL,0.1,0.0,100,normal,YES,PASS,0.0,0.0,0.01,0.0,
13:02:33.109,1.0144,1.0052,1.0022,0.0,normal,0.0,speed_hump,0.5035,normal,0.0,NORMAL,17.7,0.0,100,speed_hump,YES,PASS,0.0,0.0,0.006,0.504,
13:02:33.252,1.052,1.0058,1.0082,0.0,normal,0.0,speed_hump,0.5165,normal,0.0,NORMAL,18.2,0.0,100,speed_hump,YES,PASS,0.0,0.0,0.021,0.516,
13:02:33.393,1.0094,1.0126,1.0028,0.0,normal,0.0,speed_hump,0.5343,normal,0.0,NORMAL,18.7,0.0,100,speed_hump,YES,PASS,0.0,0.0,0.004,0.534,
13:02:33.547,1.0095,1.0107,1.0025,0.0,normal,0.0,normal,0.0,normal,0.0,NORMAL,0.0,0.0,100,normal,YES,PASS,0.0,0.0,0.004,0.0,
13:02:33.692,1.0191,1.0005,1.0097,0.0,normal,0.0,normal,0.0,normal,0.0,NORMAL,0.0,0.0,100,normal,YES,PASS,0.0,0.0,0.008,0.0,
13:02:33.843,1.0338,1.0111,1.0106,0.0,normal,0.0,normal,0.0,normal,0.0,NORMAL,0.1,0.0,100,normal,YES,PASS,0.0,0.0,0.014,0.0,
13:02:33.991,1.0341,1.0084,1.0047,0.0,normal,0.0,speed_hump,0.5073,normal,0.0,NORMAL,17.8,0.0,100,speed_hump,YES,PASS,0.0,0.0,0.014,0.507,
13:02:34.154,1.0155,1.0027,1.0019,0.0,normal,0.0,speed_hump,0.5192,normal,0.0,NORMAL,18.2,0.0,100,speed_hump,YES,PASS,0.0,0.0,0.006,0.519,
13:02:34.314,1.0364,1.0104,1.0041,0.0,normal,0.0,speed_hump,0.5289,normal,0.0,NORMAL,18.6,0.0,100,speed_hump,YES,PASS,0.0,0.0,0.015,0.529,
13:02:34.458,1.0297,1.0003,1.0001,0.0,normal,0.0,speed_hump,0.5337,normal,0.0,NORMAL,18.7,0.0,100,speed_hump,YES,PASS,0.0,0.0,0.012,0.534,
13:02:34.624,1.0361,1.0084,1.012,0.0,normal,0.0,speed_hump,0.5353,normal,0.0,NORMAL,18.8,0.0,100,speed_hump,YES,PASS,0.0,0.0,0.014,0.535,
13:02:34.786,1.0071,1.0095,1.008,0.0,normal,0.0,speed_hump,0.5123,normal,0.0,NORMAL,17.9,0.0,100,speed_hump,YES,PASS,0.0,0.0,0.003,0.512,
13:02:34.949,1.0018,1.0028,1.0071,0.0,normal,0.0,normal,0.0,normal,0.0,NORMAL,0.0,0.0,100,normal,YES,PASS,0.0,0.0,0.001,0.0,
13:02:35.100,1.047,1.0032,1.0113,0.0,normal,0.0,normal,0.0,normal,0.0,NORMAL,0.1,0.0,100,normal,YES,PASS,0.0,0.0,0.019,0.0,
13:02:35.254,1.0274,1.009,1.0012,0.0,normal,0.0,normal,0.0,normal,0.0,NORMAL,0.1,0.0,100,normal,YES,PASS,0.0,0.0,0.011,0.0,
13:02:35.407,1.0385,1.0009,1.0101,0.0,normal,0.0,normal,0.0,normal,0.0,NORMAL,0.1,0.0,100,normal,YES,PASS,0.0,0.0,0.015,0.0,
13:02:35.566,1.0401,1.0003,1.0001,0.0,normal,0.0,normal,0.0,normal,0.0,NORMAL,0.1,0.0,100,normal,YES,PASS,0.0,0.0,0.016,0.0,
13:02:35.728,1.0441,1.0099,1.0106,0.0,normal,0.0,normal,0.0,normal,0.0,NORMAL,0.1,0.0,100,normal,YES,PASS,0.0,0.0,0.018,0.0,
13:02:35.899,1.0064,1.0016,1.001,0.0,normal,0.0,normal,0.0,normal,0.0,NORMAL,0.0,0.0,100,normal,YES,PASS,0.0,0.0,0.003,0.0,
13:02:36.059,1.0547,1.0064,1.0056,0.0,normal,0.0,normal,0.0,normal,0.0,NORMAL,0.1,0.0,100,normal,YES,PASS,0.0,0.0,0.022,0.0,
13:02:36.211,1.0113,1.005,1.0079,0.0,normal,0.0,normal,0.0,normal,0.0,NORMAL,0.0,0.0,100,normal,YES,PASS,0.0,0.0,0.005,0.0,
13:02:36.373,1.0258,1.0004,1.0063,0.0,normal,0.0,normal,0.0,normal,0.0,NORMAL,0.1,0.0,100,normal,YES,PASS,0.0,0.0,0.01,0.0,
13:02:36.521,1.0156,1.0044,1.0069,0.0,normal,0.0,normal,0.0,normal,0.0,NORMAL,0.0,0.0,100,normal,YES,PASS,0.0,0.0,0.006,0.0,
13:02:36.678,1.0521,1.0077,1.0074,0.0,normal,0.0,normal,0.0,normal,0.0,NORMAL,0.1,0.0,100,normal,YES,PASS,0.0,0.0,0.021,0.0,
13:02:36.829,1.0207,1.0053,1.0067,0.0,normal,0.0,normal,0.0,normal,0.0,NORMAL,0.0,0.0,100,normal,YES,PASS,0.0,0.0,0.008,0.0,
13:02:36.976,1.0008,1.0122,1.005,0.0,normal,0.0,normal,0.0,normal,0.0,NORMAL,0.0,0.0,100,normal,YES,PASS,0.0,0.0,0.0,0.0,
13:02:37.127,1.0091,1.0059,1.0075,0.0,normal,0.0,normal,0.0,normal,0.0,NORMAL,0.0,0.0,100,normal,YES,PASS,0.0,0.0,0.004,0.0,
13:02:37.279,1.0453,1.001,1.0048,0.0,normal,0.0,normal,0.0,normal,0.0,NORMAL,0.1,0.0,100,normal,YES,PASS,0.0,0.0,0.018,0.0,
13:02:37.434,1.003,1.0095,1.0026,0.0,normal,0.0,normal,0.0,normal,0.0,NORMAL,0.0,0.0,100,normal,YES,PASS,0.0,0.0,0.001,0.0,
13:02:37.590,1.0182,1.0084,1.0032,0.0,normal,0.0,normal,0.0,normal,0.0,NORMAL,0.0,0.0,100,normal,YES,PASS,0.0,0.0,0.007,0.0,
13:02:37.745,1.0318,1.0129,1.0005,0.0,normal,0.0,normal,0.0,normal,0.0,NORMAL,0.1,0.0,100,normal,YES,PASS,0.0,0.0,0.013,0.0,
13:02:37.907,1.0401,1.004,1.0068,0.0,normal,0.0,normal,0.0,normal,0.0,NORMAL,0.1,0.0,100,normal,YES,PASS,0.0,0.0,0.016,0.0,
13:02:38.065,1.0252,1.0063,1.0067,0.0,normal,0.0,normal,0.0,normal,0.0,NORMAL,0.1,0.0,100,normal,YES,PASS,0.0,0.0,0.01,0.0,
13:02:38.216,1.0325,1.0066,1.011,0.0,normal,0.0,normal,0.0,normal,0.0,NORMAL,0.1,0.0,100,normal,YES,PASS,0.0,0.0,0.013,0.0,
13:02:38.360,1.0092,1.0075,1.0033,0.0,normal,0.0,normal,0.0,normal,0.0,NORMAL,0.0,0.0,100,normal,YES,PASS,0.0,0.0,0.004,0.0,
13:02:38.505,1.0207,1.007,1.0142,0.0,normal,0.0,normal,0.0,normal,0.0,NORMAL,0.0,0.0,100,normal,YES,PASS,0.0,0.0,0.008,0.0,
13:02:38.660,1.0471,1.01,1.0121,0.0,normal,0.0,normal,0.0,normal,0.0,NORMAL,0.1,0.0,100,normal,YES,PASS,0.0,0.0,0.019,0.0,
13:02:38.813,1.0102,1.0006,1.0116,0.0,normal,0.0,normal,0.0,normal,0.0,NORMAL,0.0,0.0,100,normal,YES,PASS,0.0,0.0,0.004,0.0,
13:02:38.963,1.0491,1.0063,1.0005,0.0,normal,0.0,normal,0.0,normal,0.0,NORMAL,0.1,0.0,100,normal,YES,PASS,0.0,0.0,0.02,0.0,
13:02:39.112,1.0145,1.0009,1.0127,0.0,normal,0.0,normal,0.0,normal,0.0,NORMAL,0.0,0.0,100,normal,YES,PASS,0.0,0.0,0.006,0.0,
13:02:39.256,1.0364,1.0018,1.0003,0.0,normal,0.0,normal,0.0,normal,0.0,NORMAL,0.1,0.0,100,normal,YES,PASS,0.0,0.0,0.015,0.0,
13:02:39.405,1.0286,1.0099,1.0099,0.0,normal,0.0,normal,0.0,normal,0.0,NORMAL,0.1,0.0,100,normal,YES,PASS,0.0,0.0,0.011,0.0,
13:02:39.553,1.0013,1.0035,1.0071,0.0,normal,0.0,normal,0.0,normal,0.0,NORMAL,0.0,0.0,100,normal,YES,PASS,0.0,0.0,0.001,0.0,
13:02:39.707,1.0357,1.0069,1.0073,0.0,normal,0.0,normal,0.0,normal,0.0,NORMAL,0.1,0.0,100,normal,YES,PASS,0.0,0.0,0.014,0.0,
13:02:39.855,1.041,1.007,1.0057,0.0,normal,0.0,normal,0.0,normal,0.0,NORMAL,0.1,0.0,100,normal,YES,PASS,0.0,0.0,0.016,0.0,
13:02:40.011,1.0218,1.007,1.0089,0.0,normal,0.0,normal,0.0,normal,0.0,NORMAL,0.0,0.0,100,normal,YES,PASS,0.0,0.0,0.009,0.0,
13:02:40.161,1.0106,1.0091,1.0092,0.0,normal,0.0,normal,0.0,normal,0.0,NORMAL,0.0,0.0,100,normal,YES,PASS,0.0,0.0,0.004,0.0,
13:02:40.314,1.009,1.0047,1.0012,0.0,normal,0.0,normal,0.0,normal,0.0,NORMAL,0.0,0.0,100,normal,YES,PASS,0.0,0.0,0.004,0.0,
13:02:40.462,1.0295,1.0021,1.0084,0.0,normal,0.0,normal,0.0,normal,0.0,NORMAL,0.1,0.0,100,normal,YES,PASS,0.0,0.0,0.012,0.0,
13:02:40.612,1.0153,1.0052,1.0029,0.0,normal,0.0,normal,0.0,normal,0.0,NORMAL,0.0,0.0,100,normal,YES,PASS,0.0,0.0,0.006,0.0,
13:02:40.756,1.0106,1.0027,1.0026,0.0,normal,0.0,normal,0.0,normal,0.0,NORMAL,0.0,0.0,100,normal,YES,PASS,0.0,0.0,0.004,0.0,
13:02:40.908,1.0664,1.0095,1.0011,0.0,normal,0.0,normal,0.0,normal,0.0,NORMAL,0.1,0.0,100,normal,YES,PASS,0.0,0.0,0.027,0.0,
13:02:41.050,1.0517,1.0026,1.0063,0.0,normal,0.0,normal,0.0,normal,0.0,NORMAL,0.1,0.0,100,normal,YES,PASS,0.0,0.0,0.021,0.0,
13:02:41.210,1.0494,1.0005,1.0136,0.0,normal,0.0,normal,0.0,normal,0.0,NORMAL,0.1,0.0,100,normal,YES,PASS,0.0,0.0,0.02,0.0,
13:02:41.353,1.047,1.0105,1.0085,0.0,normal,0.0,normal,0.0,normal,0.0,NORMAL,0.1,0.0,100,normal,YES,PASS,0.0,0.0,0.019,0.0,
13:02:41.514,1.0194,1.0153,1.0001,0.0,normal,0.0,normal,0.0,normal,0.0,NORMAL,0.0,0.0,100,normal,YES,PASS,0.0,0.0,0.008,0.0,
13:02:41.661,1.0259,1.0012,1.0024,0.0,normal,0.0,normal,0.0,normal,0.0,NORMAL,0.1,0.0,100,normal,YES,PASS,0.0,0.0,0.01,0.0,
13:02:41.816,1.0124,1.0014,1.0091,0.0,normal,0.0,normal,0.0,normal,0.0,NORMAL,0.0,0.0,100,normal,YES,PASS,0.0,0.0,0.005,0.0,
13:02:41.972,1.0037,1.0004,1.0088,0.0,normal,0.0,normal,0.0,normal,0.0,NORMAL,0.0,0.0,100,normal,YES,PASS,0.0,0.0,0.001,0.0,
13:02:42.125,1.0017,1.0103,1.0061,0.0,normal,0.0,normal,0.0,normal,0.0,NORMAL,0.0,0.0,100,normal,YES,PASS,0.0,0.0,0.001,0.0,
13:02:42.277,1.0242,1.0008,1.0016,0.0,normal,0.0,normal,0.0,normal,0.0,NORMAL,0.0,0.0,100,normal,YES,PASS,0.0,0.0,0.01,0.0,
13:02:42.432,1.0445,1.0071,1.006,0.0,normal,0.0,normal,0.0,normal,0.0,NORMAL,0.1,0.0,100,normal,YES,PASS,0.0,0.0,0.018,0.0,
13:02:42.586,1.0112,1.0153,1.0126,0.0,normal,0.0,normal,0.0,normal,0.0,NORMAL,0.0,0.0,100,normal,YES,PASS,0.0,0.0,0.004,0.0,
13:02:42.735,1.0483,1.0073,1.0089,0.0,normal,0.0,normal,0.0,normal,0.0,NORMAL,0.1,0.0,100,normal,YES,PASS,0.0,0.0,0.019,0.0,
13:02:42.872,1.0706,1.0029,1.0078,0.0,normal,0.0,normal,0.0,normal,0.0,NORMAL,0.1,0.0,100,normal,YES,PASS,0.0,0.0,0.028,0.0,
13:02:43.035,1.0537,1.0087,1.0017,0.0,normal,0.0,normal,0.0,normal,0.0,NORMAL,0.1,0.0,100,normal,YES,PASS,0.0,0.0,0.021,0.0,
13:02:43.200,1.0077,1.0078,1.0014,0.0,normal,0.0,normal,0.0,normal,0.0,NORMAL,0.0,0.0,100,normal,YES,PASS,0.0,0.0,0.003,0.0,
13:02:43.355,1.0687,1.0035,1.0045,0.0,normal,0.0,speed_hump,0.5142,normal,0.0,NORMAL,18.1,0.0,100,speed_hump,YES,PASS,0.0,0.0,0.027,0.514,
13:02:43.524,1.0044,1.0109,1.0084,0.0,normal,0.0,speed_hump,0.5123,normal,0.0,NORMAL,17.9,0.0,100,speed_hump,YES,PASS,0.0,0.0,0.002,0.512,
13:02:43.678,1.0545,1.0061,1.0037,0.0,normal,0.0,speed_hump,0.5121,normal,0.0,NORMAL,18.0,0.0,100,speed_hump,YES,PASS,0.0,0.0,0.022,0.512,
13:02:43.824,1.0492,1.0171,1.0003,0.0,normal,0.0,speed_hump,0.5108,normal,0.0,NORMAL,18.0,0.0,100,speed_hump,YES,PASS,0.0,0.0,0.02,0.511,
13:02:43.979,1.0454,1.0065,1.0012,0.0,normal,0.0,speed_hump,0.5147,normal,0.0,NORMAL,18.1,0.0,100,speed_hump,YES,PASS,0.0,0.0,0.018,0.515,
13:02:44.135,1.0681,1.0032,1.01,0.0,normal,0.0,speed_hump,0.5125,normal,0.0,NORMAL,18.1,0.0,100,speed_hump,YES,PASS,0.0,0.0,0.027,0.512,
13:02:44.286,1.0427,1.0042,1.003,0.0,normal,0.0,speed_hump,0.511,normal,0.0,NORMAL,18.0,0.0,100,speed_hump,YES,PASS,0.0,0.0,0.017,0.511,
13:02:44.451,1.0235,1.0027,1.004,0.0,normal,0.0,normal,0.0,normal,0.0,NORMAL,0.0,0.0,100,normal,YES,PASS,0.0,0.0,0.009,0.0,
13:02:44.599,1.0186,1.0032,1.0129,0.0,normal,0.0,normal,0.0,normal,0.0,NORMAL,0.0,0.0,100,normal,YES,PASS,0.0,0.0,0.007,0.0,
13:02:44.761,1.0149,1.0127,1.001,0.0,normal,0.0,normal,0.0,normal,0.0,NORMAL,0.0,0.0,100,normal,YES,PASS,0.0,0.0,0.006,0.0,
13:02:44.927,1.0211,1.0035,1.0081,0.0,normal,0.0,speed_hump,0.5247,normal,0.0,NORMAL,18.4,0.0,100,speed_hump,YES,PASS,0.0,0.0,0.008,0.525,
13:02:45.086,1.0503,1.0106,1.0081,0.0,normal,0.0,speed_hump,0.5182,normal,0.0,NORMAL,18.2,0.0,100,speed_hump,YES,PASS,0.0,0.0,0.02,0.518,
13:02:45.251,1.0489,1.0021,1.0022,0.0,normal,0.0,speed_hump,0.5439,normal,0.0,NORMAL,19.1,0.0,100,speed_hump,YES,PASS,0.0,0.0,0.02,0.544,
13:02:45.406,1.0097,1.0043,1.0037,0.0,normal,0.0,speed_hump,0.5259,normal,0.0,NORMAL,18.4,0.0,100,speed_hump,YES,PASS,0.0,0.0,0.004,0.526,
13:02:45.558,1.0267,1.0011,1.0068,0.0,normal,0.0,speed_hump,0.5281,normal,0.0,NORMAL,18.5,0.0,100,speed_hump,YES,PASS,0.0,0.0,0.011,0.528,
13:02:45.705,1.0352,1.0079,1.0005,0.0,normal,0.0,speed_hump,0.5309,normal,0.0,NORMAL,18.7,0.0,100,speed_hump,YES,PASS,0.0,0.0,0.014,0.531,
13:02:45.861,1.0371,1.0013,1.0146,0.0,normal,0.0,normal,0.0,normal,0.0,NORMAL,0.1,0.0,100,normal,YES,PASS,0.0,0.0,0.015,0.0,
13:02:46.027,1.0485,1.0088,1.0029,0.0,normal,0.0,normal,0.0,normal,0.0,NORMAL,0.1,0.0,100,normal,YES,PASS,0.0,0.0,0.019,0.0,
13:02:46.180,1.0721,1.0026,1.0094,0.0,normal,0.0,normal,0.0,normal,0.0,NORMAL,0.1,0.0,100,normal,YES,PASS,0.0,0.0,0.029,0.0,
13:02:46.356,1.0189,1.0008,1.0017,0.0,normal,0.0,normal,0.0,normal,0.0,NORMAL,0.0,0.0,100,normal,YES,PASS,0.0,0.0,0.008,0.0,
13:02:46.521,1.044,1.0089,1.0111,0.0,normal,0.0,normal,0.0,normal,0.0,NORMAL,0.1,0.0,100,normal,YES,PASS,0.0,0.0,0.018,0.0,
13:02:46.690,1.0014,1.0084,1.0137,0.0,normal,0.0,normal,0.0,normal,0.0,NORMAL,0.0,0.0,100,normal,YES,PASS,0.0,0.0,0.001,0.0,
13:02:46.866,1.0431,1.0058,1.002,0.0,normal,0.0,normal,0.0,normal,0.0,NORMAL,0.1,0.0,100,normal,YES,PASS,0.0,0.0,0.017,0.0,
13:02:47.030,1.0587,1.0063,1.0061,0.0,normal,0.0,normal,0.0,normal,0.0,NORMAL,0.1,0.0,100,normal,YES,PASS,0.0,0.0,0.023,0.0,
13:02:47.196,1.0204,1.0088,1.0073,0.0,normal,0.0,normal,0.0,normal,0.0,NORMAL,0.0,0.0,100,normal,YES,PASS,0.0,0.0,0.008,0.0,
13:02:47.344,1.0438,1.0088,1.007,0.0,normal,0.0,speed_hump,0.5033,normal,0.0,NORMAL,17.7,0.0,100,speed_hump,YES,PASS,0.0,0.0,0.018,0.503,
13:02:47.508,1.0422,1.0092,1.0012,0.0,normal,0.0,normal,0.0,normal,0.0,NORMAL,0.1,0.0,100,normal,YES,PASS,0.0,0.0,0.017,0.0,
13:02:47.663,1.0111,1.0023,1.014,0.0,normal,0.0,normal,0.0,normal,0.0,NORMAL,0.0,0.0,100,normal,YES,PASS,0.0,0.0,0.004,0.0,
13:02:47.814,1.0491,1.0004,1.0017,0.0,normal,0.0,normal,0.0,normal,0.0,NORMAL,0.1,0.0,100,normal,YES,PASS,0.0,0.0,0.02,0.0,
13:02:48.037,1.0322,1.0139,1.0055,0.0,normal,0.0,normal,0.0,normal,0.0,NORMAL,0.1,0.0,100,normal,YES,PASS,0.0,0.0,0.013,0.0,
13:02:48.199,1.0764,1.0049,1.0051,0.0,normal,0.0,speed_hump,0.5031,normal,0.0,NORMAL,17.8,0.0,100,speed_hump,YES,PASS,0.0,0.0,0.031,0.503,
13:02:48.358,1.0168,1.0034,1.005,0.0,normal,0.0,speed_hump,0.5059,normal,0.0,NORMAL,17.7,0.0,100,speed_hump,YES,PASS,0.0,0.0,0.007,0.506,
13:02:48.519,1.0048,1.0096,1.0062,0.0,normal,0.0,speed_hump,0.5071,normal,0.0,NORMAL,17.8,0.0,100,speed_hump,YES,PASS,0.0,0.0,0.002,0.507,
13:02:48.675,1.0591,1.0105,1.0025,0.0,normal,0.0,speed_hump,0.5106,normal,0.0,NORMAL,18.0,0.0,100,speed_hump,YES,PASS,0.0,0.0,0.024,0.511,
13:02:48.830,1.0434,1.0021,1.0059,0.0,normal,0.0,speed_hump,0.5115,normal,0.0,NORMAL,18.0,0.0,100,speed_hump,YES,PASS,0.0,0.0,0.017,0.512,
13:02:48.985,1.0376,1.0027,1.0157,0.0,normal,0.0,speed_hump,0.5168,normal,0.0,NORMAL,18.2,0.0,100,speed_hump,YES,PASS,0.0,0.0,0.015,0.517,
13:02:49.141,1.0187,1.0118,1.0141,0.0,normal,0.0,speed_hump,0.5199,normal,0.0,NORMAL,18.2,0.0,100,speed_hump,YES,PASS,0.0,0.0,0.007,0.52,
13:02:49.295,1.0245,1.0046,1.0014,0.0,normal,0.0,normal,0.0,normal,0.0,NORMAL,0.0,0.0,100,normal,YES,PASS,0.0,0.0,0.01,0.0,
13:02:49.446,1.0289,1.0043,1.0102,0.0,normal,0.0,normal,0.0,normal,0.0,NORMAL,0.1,0.0,100,normal,YES,PASS,0.0,0.0,0.012,0.0,
13:02:49.602,1.0516,1.0062,1.0036,0.0,normal,0.0,speed_hump,0.5133,normal,0.0,NORMAL,18.1,0.0,100,speed_hump,YES,PASS,0.0,0.0,0.021,0.513,
13:02:49.758,1.0019,1.0134,1.0052,0.0,normal,0.0,speed_hump,0.5184,normal,0.0,NORMAL,18.1,0.0,100,speed_hump,YES,PASS,0.0,0.0,0.001,0.518,
13:02:49.909,1.0455,1.01,1.0038,0.0,normal,0.0,speed_hump,0.5129,normal,0.0,NORMAL,18.0,0.0,100,speed_hump,YES,PASS,0.0,0.0,0.018,0.513,
13:02:50.062,1.0133,1.0031,1.0031,0.0,normal,0.0,speed_hump,0.5122,normal,0.0,NORMAL,18.0,0.0,100,speed_hump,YES,PASS,0.0,0.0,0.005,0.512,
13:02:50.209,1.0166,1.0089,1.009,0.0,normal,0.0,normal,0.0,normal,0.0,NORMAL,0.0,0.0,100,normal,YES,PASS,0.0,0.0,0.007,0.0,
13:02:50.365,1.046,1.0103,1.008,0.0,normal,0.0,normal,0.0,normal,0.0,NORMAL,0.1,0.0,100,normal,YES,PASS,0.0,0.0,0.018,0.0,
13:02:50.509,1.0043,1.0053,1.0019,0.0,normal,0.0,normal,0.0,normal,0.0,NORMAL,0.0,0.0,100,normal,YES,PASS,0.0,0.0,0.002,0.0,
13:02:50.672,1.016,1.0013,1.0119,0.0,normal,0.0,normal,0.0,normal,0.0,NORMAL,0.0,0.0,100,normal,YES,PASS,0.0,0.0,0.006,0.0,
13:02:50.825,1.0104,1.0092,1.0079,0.0,normal,0.0,normal,0.0,normal,0.0,NORMAL,0.0,0.0,100,normal,YES,PASS,0.0,0.0,0.004,0.0,
13:02:50.984,1.0252,1.0077,1.0148,0.0,normal,0.0,normal,0.0,normal,0.0,NORMAL,0.1,0.0,100,normal,YES,PASS,0.0,0.0,0.01,0.0,
13:02:51.141,1.0281,1.0156,1.0068,0.0,normal,0.0,normal,0.0,normal,0.0,NORMAL,0.1,0.0,100,normal,YES,PASS,0.0,0.0,0.011,0.0,
13:02:51.294,1.0482,1.0038,1.0101,0.0,normal,0.0,normal,0.0,normal,0.0,NORMAL,0.1,0.0,100,normal,YES,PASS,0.0,0.0,0.019,0.0,
13:02:51.460,1.0362,1.0057,1.0108,0.0,normal,0.0,normal,0.0,normal,0.0,NORMAL,0.1,0.0,100,normal,YES,PASS,0.0,0.0,0.014,0.0,
13:02:51.612,1.006,1.0065,1.0008,0.0,normal,0.0,normal,0.0,normal,0.0,NORMAL,0.0,0.0,100,normal,YES,PASS,0.0,0.0,0.002,0.0,
13:02:51.772,1.0472,1.0017,1.0106,0.0,normal,0.0,normal,0.0,normal,0.0,NORMAL,0.1,0.0,100,normal,YES,PASS,0.0,0.0,0.019,0.0,
13:02:51.927,1.0532,1.008,1.0011,0.0,normal,0.0,normal,0.0,normal,0.0,NORMAL,0.1,0.0,100,normal,YES,PASS,0.0,0.0,0.021,0.0,
13:02:52.072,1.0363,1.014,1.011,0.0,normal,0.0,normal,0.0,normal,0.0,NORMAL,0.1,0.0,100,normal,YES,PASS,0.0,0.0,0.015,0.0,
13:02:52.223,1.0293,1.0128,1.0049,0.0,normal,0.0,normal,0.0,normal,0.0,NORMAL,0.1,0.0,100,normal,YES,PASS,0.0,0.0,0.012,0.0,
13:02:52.384,1.018,1.0076,1.0095,0.0,normal,0.0,normal,0.0,normal,0.0,NORMAL,0.0,0.0,100,normal,YES,PASS,0.0,0.0,0.007,0.0,
13:02:52.550,1.0458,1.0087,1.0002,0.0,normal,0.0,normal,0.0,normal,0.0,NORMAL,0.1,0.0,100,normal,YES,PASS,0.0,0.0,0.018,0.0,
13:02:52.703,1.015,1.0142,1.003,0.0,normal,0.0,speed_hump,0.5082,normal,0.0,NORMAL,17.8,0.0,100,speed_hump,YES,PASS,0.0,0.0,0.006,0.508,
13:02:52.858,1.0296,1.0022,1.0036,0.0,normal,0.0,normal,0.0,normal,0.0,NORMAL,0.1,0.0,100,normal,YES,PASS,0.0,0.0,0.012,0.0,
13:02:53.013,1.0405,1.0086,1.003,0.0,normal,0.0,speed_hump,0.5294,normal,0.0,NORMAL,18.6,0.0,100,speed_hump,YES,PASS,0.0,0.0,0.016,0.529,
13:02:53.167,1.0349,1.0127,1.0127,0.0,normal,0.0,speed_hump,0.5251,normal,0.0,NORMAL,18.4,0.0,100,speed_hump,YES,PASS,0.0,0.0,0.014,0.525,
13:02:53.323,1.0517,1.0008,1.0017,0.0,normal,0.0,speed_hump,0.5299,normal,0.0,NORMAL,18.7,0.0,100,speed_hump,YES,PASS,0.0,0.0,0.021,0.53,
13:02:53.482,1.0515,1.003,1.0008,5.0,pothole,1.0,speed_hump,0.5247,normal,0.0,NORMAL,36.7,0.26,100,speed_hump,YES,PASS,0.0,0.405,0.021,0.525,
13:02:53.645,1.0153,1.0062,1.009,5.0,pothole,1.0,speed_hump,0.528,normal,0.0,NORMAL,50.1,0.35,100,speed_hump,YES,PASS,0.0,0.701,0.006,0.528,
13:02:53.804,1.0457,1.0036,1.0115,5.0,pothole,1.0,speed_hump,0.5263,normal,0.0,NORMAL,59.8,0.6,100,speed_hump,YES,PASS,0.0,0.917,0.018,0.526,
13:02:53.970,1.0166,1.0087,1.0093,5.0,pothole,1.0,normal,0.0,normal,0.0,CAUTION,45.0,0.32,84,pothole,NO,BLOCKED,0.0,1.0,0.007,0.0,
13:02:54.138,1.0086,1.0099,1.0005,5.0,pothole,1.0,normal,0.0,normal,0.0,CAUTION,45.0,0.32,84,pothole,NO,BLOCKED,0.0,1.0,0.003,0.0,
13:02:54.294,1.0269,1.0028,1.0126,5.0,pothole,1.0,normal,0.0,normal,0.0,CAUTION,45.1,0.32,84,pothole,NO,BLOCKED,0.0,1.0,0.011,0.0,
13:02:54.454,1.0607,1.0,1.0085,5.0,pothole,1.0,normal,0.0,normal,0.0,CAUTION,45.1,0.32,84,pothole,NO,BLOCKED,0.0,1.0,0.024,0.0,
13:02:54.611,1.0204,1.004,1.0084,5.0,pothole,1.0,normal,0.0,normal,0.0,CAUTION,45.0,0.32,84,pothole,NO,BLOCKED,0.0,1.0,0.008,0.0,
13:02:54.759,1.0167,1.0042,1.0114,0.0,normal,0.0,normal,0.0,normal,0.0,CAUTION,45.0,0.32,84,braking,NO,BLOCKED,0.0,1.0,0.007,0.0,
13:02:54.907,1.053,1.0088,1.0058,0.0,normal,0.0,normal,0.0,normal,0.0,CAUTION,33.2,0.23,88,braking,NO,BLOCKED,0.0,0.735,0.021,0.0,
13:02:55.058,1.0429,1.0095,1.0073,0.0,normal,0.0,normal,0.0,normal,0.0,CAUTION,24.2,0.0,100,braking,NO,BLOCKED,0.0,0.536,0.017,0.0,
13:02:55.216,1.0532,1.0017,1.0043,0.0,normal,0.0,normal,0.0,normal,0.0,CAUTION,17.7,0.0,100,braking,NO,BLOCKED,0.0,0.391,0.021,0.0,
13:02:55.365,1.0456,1.0037,1.0088,0.0,normal,0.0,normal,0.0,normal,0.0,NORMAL,12.9,0.0,100,normal,YES,PASS,0.0,0.286,0.018,0.0,
13:02:55.525,1.0643,1.0128,1.0065,0.0,normal,0.0,normal,0.0,normal,0.0,NORMAL,9.5,0.0,100,normal,YES,PASS,0.0,0.208,0.026,0.0,
13:02:55.681,1.0013,1.0151,1.0127,0.0,normal,0.0,normal,0.0,normal,0.0,NORMAL,6.8,0.0,100,normal,YES,PASS,0.0,0.152,0.001,0.0,
13:02:55.828,1.0409,1.003,1.0116,0.0,normal,0.0,normal,0.0,normal,0.0,NORMAL,5.1,0.0,100,normal,YES,PASS,0.0,0.111,0.016,0.0,
13:02:55.978,1.0414,1.0092,1.0046,0.0,normal,0.0,normal,0.0,normal,0.0,NORMAL,3.7,0.0,100,normal,YES,PASS,0.0,0.081,0.017,0.0,
13:02:56.139,1.0308,1.0075,1.0046,0.0,normal,0.0,normal,0.0,normal,0.0,NORMAL,2.7,0.0,100,normal,YES,PASS,0.0,0.059,0.012,0.0,
13:02:56.295,1.0651,1.0063,1.0009,0.0,normal,0.0,normal,0.0,normal,0.0,NORMAL,2.1,0.0,100,normal,YES,PASS,0.0,0.043,0.026,0.0,
13:02:56.453,1.0249,1.01,1.0036,0.0,normal,0.0,normal,0.0,normal,0.0,NORMAL,1.5,0.0,100,normal,YES,PASS,0.0,0.032,0.01,0.0,
13:02:56.614,1.0353,1.0092,1.0107,0.0,normal,0.0,normal,0.0,normal,0.0,NORMAL,1.1,0.0,100,normal,YES,PASS,0.0,0.023,0.014,0.0,
13:02:56.778,1.0455,1.0138,1.0018,0.0,normal,0.0,normal,0.0,normal,0.0,NORMAL,0.8,0.0,100,normal,YES,PASS,0.0,0.017,0.018,0.0,
13:02:56.930,1.0464,1.0007,1.0071,0.0,normal,0.0,normal,0.0,normal,0.0,NORMAL,0.6,0.0,100,normal,YES,PASS,0.0,0.012,0.019,0.0,
13:02:57.107,1.0516,1.0102,1.0111,0.0,normal,0.0,normal,0.0,normal,0.0,NORMAL,0.5,0.0,100,normal,YES,PASS,0.0,0.009,0.021,0.0,
13:02:57.243,1.0359,1.0093,1.0089,0.0,normal,0.0,normal,0.0,normal,0.0,NORMAL,0.4,0.0,100,normal,YES,PASS,0.0,0.007,0.014,0.0,
13:02:57.394,1.0212,1.0112,1.0004,0.0,normal,0.0,normal,0.0,normal,0.0,NORMAL,0.3,0.0,100,normal,YES,PASS,0.0,0.005,0.008,0.0,
13:02:57.539,1.0504,1.0016,1.0101,0.0,normal,0.0,normal,0.0,normal,0.0,NORMAL,0.3,0.0,100,normal,YES,PASS,0.0,0.003,0.02,0.0,
13:02:57.684,1.0354,1.0058,1.0017,0.0,normal,0.0,normal,0.0,normal,0.0,NORMAL,0.2,0.0,100,normal,YES,PASS,0.0,0.003,0.014,0.0,
13:02:57.831,1.0221,1.0146,1.0053,0.0,normal,0.0,normal,0.0,normal,0.0,NORMAL,0.1,0.0,100,normal,YES,PASS,0.0,0.002,0.009,0.0,
13:02:57.978,1.0395,1.0113,1.0032,0.0,normal,0.0,normal,0.0,normal,0.0,NORMAL,0.1,0.0,100,normal,YES,PASS,0.0,0.001,0.016,0.0,
13:02:58.137,1.0409,1.0099,1.0036,0.0,normal,0.0,normal,0.0,normal,0.0,NORMAL,0.1,0.0,100,normal,YES,PASS,0.0,0.001,0.016,0.0,
13:02:58.284,1.0235,1.0043,1.0072,0.0,normal,0.0,normal,0.0,normal,0.0,NORMAL,0.1,0.0,100,normal,YES,PASS,0.0,0.001,0.009,0.0,
13:02:58.431,1.0406,1.0001,1.008,0.0,normal,0.0,normal,0.0,normal,0.0,NORMAL,0.1,0.0,100,normal,YES,PASS,0.0,0.001,0.016,0.0,
13:02:58.582,1.0315,1.0049,1.0114,0.0,normal,0.0,normal,0.0,normal,0.0,NORMAL,0.1,0.0,100,normal,YES,PASS,0.0,0.0,0.013,0.0,
13:02:58.735,1.038,1.0114,1.0111,0.0,normal,0.0,normal,0.0,normal,0.0,NORMAL,0.1,0.0,100,normal,YES,PASS,0.0,0.0,0.015,0.0,
13:02:58.875,1.0141,1.0004,1.0001,0.0,normal,0.0,normal,0.0,normal,0.0,NORMAL,0.0,0.0,100,normal,YES,PASS,0.0,0.0,0.006,0.0,
13:02:59.020,1.011,1.0087,1.0044,0.0,normal,0.0,normal,0.0,normal,0.0,NORMAL,0.0,0.0,100,normal,YES,PASS,0.0,0.0,0.004,0.0,
13:02:59.164,1.0222,1.0024,1.0092,0.0,normal,0.0,normal,0.0,normal,0.0,NORMAL,0.0,0.0,100,normal,YES,PASS,0.0,0.0,0.009,0.0,
13:02:59.318,1.0429,1.0052,1.0009,0.0,normal,0.0,normal,0.0,normal,0.0,NORMAL,0.1,0.0,100,normal,YES,PASS,0.0,0.0,0.017,0.0,
13:02:59.473,1.001,1.0084,1.0176,0.0,normal,0.0,normal,0.0,normal,0.0,NORMAL,0.0,0.0,100,normal,YES,PASS,0.0,0.0,0.0,0.0,
13:02:59.615,1.0202,1.0029,1.0144,0.0,normal,0.0,normal,0.0,normal,0.0,NORMAL,0.0,0.0,100,normal,YES,PASS,0.0,0.0,0.008,0.0,
13:02:59.755,1.0047,1.0062,1.0026,0.0,normal,0.0,normal,0.0,normal,0.0,NORMAL,0.0,0.0,100,normal,YES,PASS,0.0,0.0,0.002,0.0,
13:02:59.912,1.0169,1.0053,1.0098,0.0,normal,0.0,normal,0.0,normal,0.0,NORMAL,0.0,0.0,100,normal,YES,PASS,0.0,0.0,0.007,0.0,
13:03:00.067,1.0422,1.0068,1.0045,0.0,normal,0.0,normal,0.0,normal,0.0,NORMAL,0.1,0.0,100,normal,YES,PASS,0.0,0.0,0.017,0.0,
13:03:00.212,1.0213,1.0148,1.0073,0.0,normal,0.0,normal,0.0,normal,0.0,NORMAL,0.0,0.0,100,normal,YES,PASS,0.0,0.0,0.009,0.0,
13:03:00.363,1.0224,1.0007,1.0112,0.0,normal,0.0,normal,0.0,normal,0.0,NORMAL,0.0,0.0,100,normal,YES,PASS,0.0,0.0,0.009,0.0,
13:03:00.511,1.0069,1.0127,1.0045,0.0,normal,0.0,normal,0.0,normal,0.0,NORMAL,0.0,0.0,100,normal,YES,PASS,0.0,0.0,0.003,0.0,
13:03:00.653,1.0339,1.0121,1.0113,0.0,normal,0.0,normal,0.0,normal,0.0,NORMAL,0.1,0.0,100,normal,YES,PASS,0.0,0.0,0.014,0.0,
13:03:00.805,1.005,1.0056,1.0002,0.0,normal,0.0,normal,0.0,normal,0.0,NORMAL,0.0,0.0,100,normal,YES,PASS,0.0,0.0,0.002,0.0,
13:03:00.949,1.0256,1.0075,1.0066,0.0,normal,0.0,normal,0.0,normal,0.0,NORMAL,0.1,0.0,100,normal,YES,PASS,0.0,0.0,0.01,0.0,
13:03:01.108,1.0681,1.0032,1.0088,0.0,normal,0.0,normal,0.0,normal,0.0,NORMAL,0.1,0.0,100,normal,YES,PASS,0.0,0.0,0.027,0.0,
13:03:01.251,1.0457,1.0071,1.0058,0.0,normal,0.0,normal,0.0,normal,0.0,NORMAL,0.1,0.0,100,normal,YES,PASS,0.0,0.0,0.018,0.0,
13:03:01.404,1.0074,1.0044,1.0029,0.0,normal,0.0,normal,0.0,normal,0.0,NORMAL,0.0,0.0,100,normal,YES,PASS,0.0,0.0,0.003,0.0,
13:03:01.562,1.0158,1.0087,1.0113,0.0,normal,0.0,normal,0.0,normal,0.0,NORMAL,0.0,0.0,100,normal,YES,PASS,0.0,0.0,0.006,0.0,
13:03:01.734,1.0329,1.0052,1.0002,0.0,normal,0.0,normal,0.0,normal,0.0,NORMAL,0.1,0.0,100,normal,YES,PASS,0.0,0.0,0.013,0.0,
13:03:01.919,1.0153,1.0068,1.0011,0.0,normal,0.0,normal,0.0,normal,0.0,NORMAL,0.0,0.0,100,normal,YES,PASS,0.0,0.0,0.006,0.0,
13:03:02.088,1.0391,1.0075,1.0043,0.0,normal,0.0,normal,0.0,normal,0.0,NORMAL,0.1,0.0,100,normal,YES,PASS,0.0,0.0,0.016,0.0,
13:03:02.229,1.0497,1.0152,1.0048,0.0,normal,0.0,normal,0.0,normal,0.0,NORMAL,0.1,0.0,100,normal,YES,PASS,0.0,0.0,0.02,0.0,
13:03:02.398,1.0159,1.0116,1.0069,0.0,normal,0.0,normal,0.0,normal,0.0,NORMAL,0.0,0.0,100,normal,YES,PASS,0.0,0.0,0.006,0.0,
13:03:02.581,1.0003,1.0057,1.0015,0.0,normal,0.0,normal,0.0,normal,0.0,NORMAL,0.0,0.0,100,normal,YES,PASS,0.0,0.0,0.0,0.0,
13:03:02.749,1.0686,1.0088,1.0002,0.0,normal,0.0,normal,0.0,normal,0.0,NORMAL,0.1,0.0,100,normal,YES,PASS,0.0,0.0,0.027,0.0,
13:03:02.910,1.0481,1.0044,1.0106,0.0,normal,0.0,normal,0.0,normal,0.0,NORMAL,0.1,0.0,100,normal,YES,PASS,0.0,0.0,0.019,0.0,
13:03:03.061,1.0042,1.0103,1.0022,0.0,normal,0.0,normal,0.0,normal,0.0,NORMAL,0.0,0.0,100,normal,YES,PASS,0.0,0.0,0.002,0.0,
13:03:03.207,1.0351,1.0047,1.0081,0.0,normal,0.0,normal,0.0,normal,0.0,NORMAL,0.1,0.0,100,normal,YES,PASS,0.0,0.0,0.014,0.0,
13:03:03.353,1.0325,1.0107,1.0111,0.0,normal,0.0,normal,0.0,normal,0.0,NORMAL,0.1,0.0,100,normal,YES,PASS,0.0,0.0,0.013,0.0,
13:03:03.557,1.0204,1.0048,1.0009,0.0,normal,0.0,normal,0.0,normal,0.0,NORMAL,0.0,0.0,100,normal,YES,PASS,0.0,0.0,0.008,0.0,
13:03:03.704,1.0423,1.0057,1.0064,0.0,normal,0.0,normal,0.0,normal,0.0,NORMAL,0.1,0.0,100,normal,YES,PASS,0.0,0.0,0.017,0.0,
13:03:03.875,1.018,1.0028,1.0057,0.0,normal,0.0,normal,0.0,normal,0.0,NORMAL,0.0,0.0,100,normal,YES,PASS,0.0,0.0,0.007,0.0,
13:03:04.018,1.0312,1.0027,1.0002,0.0,normal,0.0,normal,0.0,normal,0.0,NORMAL,0.1,0.0,100,normal,YES,PASS,0.0,0.0,0.012,0.0,
13:03:04.164,1.038,1.0053,1.0058,0.0,normal,0.0,normal,0.0,normal,0.0,NORMAL,0.1,0.0,100,normal,YES,PASS,0.0,0.0,0.015,0.0,
13:03:04.313,1.0024,1.0043,1.0024,0.0,normal,0.0,normal,0.0,normal,0.0,NORMAL,0.0,0.0,100,normal,YES,PASS,0.0,0.0,0.001,0.0,
13:03:04.461,1.0287,1.0072,1.0073,0.0,normal,0.0,normal,0.0,normal,0.0,NORMAL,0.1,0.0,100,normal,YES,PASS,0.0,0.0,0.011,0.0,
13:03:04.601,1.001,1.013,1.0063,0.0,normal,0.0,normal,0.0,normal,0.0,NORMAL,0.0,0.0,100,normal,YES,PASS,0.0,0.0,0.0,0.0,
13:03:04.764,1.0009,1.0138,1.0064,0.0,normal,0.0,normal,0.0,normal,0.0,NORMAL,0.0,0.0,100,normal,YES,PASS,0.0,0.0,0.0,0.0,
13:03:04.949,1.0093,1.0096,1.0016,0.0,normal,0.0,normal,0.0,normal,0.0,NORMAL,0.0,0.0,100,normal,YES,PASS,0.0,0.0,0.004,0.0,
13:03:05.110,1.0505,1.0018,1.0004,0.0,normal,0.0,normal,0.0,normal,0.0,NORMAL,0.1,0.0,100,normal,YES,PASS,0.0,0.0,0.02,0.0,
13:03:05.267,1.0388,1.003,1.0085,0.0,normal,0.0,normal,0.0,normal,0.0,NORMAL,0.1,0.0,100,normal,YES,PASS,0.0,0.0,0.016,0.0,
13:03:05.423,1.024,1.0004,1.0107,0.0,normal,0.0,normal,0.0,normal,0.0,NORMAL,0.0,0.0,100,normal,YES,PASS,0.0,0.0,0.01,0.0,
13:03:05.572,1.0293,1.0066,1.0009,0.0,normal,0.0,normal,0.0,normal,0.0,NORMAL,0.1,0.0,100,normal,YES,PASS,0.0,0.0,0.012,0.0,
13:03:05.718,1.0393,1.0111,1.0056,0.0,normal,0.0,normal,0.0,normal,0.0,NORMAL,0.1,0.0,100,normal,YES,PASS,0.0,0.0,0.016,0.0,
13:03:05.895,1.0339,1.0096,1.0042,0.0,normal,0.0,normal,0.0,normal,0.0,NORMAL,0.1,0.0,100,normal,YES,PASS,0.0,0.0,0.014,0.0,
13:03:06.094,1.0377,1.006,1.0048,0.0,normal,0.0,normal,0.0,normal,0.0,NORMAL,0.1,0.0,100,normal,YES,PASS,0.0,0.0,0.015,0.0,
13:03:06.280,1.0451,1.0076,1.0023,0.0,normal,0.0,normal,0.0,normal,0.0,NORMAL,0.1,0.0,100,normal,YES,PASS,0.0,0.0,0.018,0.0,
13:03:06.438,1.0697,1.0146,1.0113,0.0,normal,0.0,normal,0.0,normal,0.0,NORMAL,0.1,0.0,100,normal,YES,PASS,0.0,0.0,0.028,0.0,
13:03:06.584,1.0177,1.0131,1.0024,0.0,normal,0.0,normal,0.0,normal,0.0,NORMAL,0.0,0.0,100,normal,YES,PASS,0.0,0.0,0.007,0.0,
13:03:06.763,1.0478,1.013,1.0068,0.0,normal,0.0,normal,0.0,normal,0.0,NORMAL,0.1,0.0,100,normal,YES,PASS,0.0,0.0,0.019,0.0,
13:03:06.925,1.0479,1.0139,1.0021,0.0,normal,0.0,normal,0.0,normal,0.0,NORMAL,0.1,0.0,100,normal,YES,PASS,0.0,0.0,0.019,0.0,
13:03:07.065,1.0515,1.0085,1.0078,0.0,normal,0.0,normal,0.0,normal,0.0,NORMAL,0.1,0.0,100,normal,YES,PASS,0.0,0.0,0.021,0.0,
13:03:07.218,1.0251,1.0003,1.0056,0.0,normal,0.0,normal,0.0,normal,0.0,NORMAL,0.1,0.0,100,normal,YES,PASS,0.0,0.0,0.01,0.0,
13:03:07.368,1.0463,1.0031,1.0062,0.0,normal,0.0,normal,0.0,normal,0.0,NORMAL,0.1,0.0,100,normal,YES,PASS,0.0,0.0,0.019,0.0,
13:03:07.515,1.0489,1.0075,1.0073,0.0,normal,0.0,normal,0.0,normal,0.0,NORMAL,0.1,0.0,100,normal,YES,PASS,0.0,0.0,0.02,0.0,
13:03:07.686,1.0134,1.0092,1.0008,0.0,normal,0.0,normal,0.0,normal,0.0,NORMAL,0.0,0.0,100,normal,YES,PASS,0.0,0.0,0.005,0.0,
13:03:07.844,1.0202,1.0084,1.0044,0.0,normal,0.0,normal,0.0,normal,0.0,NORMAL,0.0,0.0,100,normal,YES,PASS,0.0,0.0,0.008,0.0,
13:03:08.176,1.0107,1.0122,1.0029,0.0,normal,0.0,normal,0.0,normal,0.0,NORMAL,0.0,0.0,100,normal,YES,PASS,0.0,0.0,0.004,0.0,
13:03:08.332,1.024,1.0084,1.0103,0.0,normal,0.0,normal,0.0,normal,0.0,NORMAL,0.0,0.0,100,normal,YES,PASS,0.0,0.0,0.01,0.0,
13:03:08.482,1.001,1.0098,1.0024,0.0,normal,0.0,normal,0.0,normal,0.0,NORMAL,0.0,0.0,100,normal,YES,PASS,0.0,0.0,0.0,0.0,
13:03:08.645,1.0384,1.0024,1.0089,0.0,normal,0.0,normal,0.0,normal,0.0,NORMAL,0.1,0.0,100,normal,YES,PASS,0.0,0.0,0.015,0.0,
13:03:08.813,1.0795,1.0069,1.0023,0.0,normal,0.0,normal,0.0,normal,0.0,NORMAL,0.2,0.0,100,normal,YES,PASS,0.0,0.0,0.032,0.0,
13:03:08.968,1.0382,1.0118,1.0082,0.0,normal,0.0,normal,0.0,normal,0.0,NORMAL,0.1,0.0,100,normal,YES,PASS,0.0,0.0,0.015,0.0,
13:03:09.113,1.0671,1.0067,1.0016,0.0,normal,0.0,normal,0.0,normal,0.0,NORMAL,0.1,0.0,100,normal,YES,PASS,0.0,0.0,0.027,0.0,
13:03:09.261,1.0562,1.002,1.0003,0.0,normal,0.0,normal,0.0,normal,0.0,NORMAL,0.1,0.0,100,normal,YES,PASS,0.0,0.0,0.022,0.0,
13:03:09.430,1.0398,1.0105,1.0105,0.0,normal,0.0,normal,0.0,normal,0.0,NORMAL,0.1,0.0,100,normal,YES,PASS,0.0,0.0,0.016,0.0,
13:03:09.588,1.0669,1.0117,1.0074,0.0,normal,0.0,normal,0.0,normal,0.0,NORMAL,0.1,0.0,100,normal,YES,PASS,0.0,0.0,0.027,0.0,
13:03:09.742,1.0284,1.0021,1.0135,0.0,normal,0.0,normal,0.0,normal,0.0,NORMAL,0.1,0.0,100,normal,YES,PASS,0.0,0.0,0.011,0.0,
13:03:09.893,1.0083,1.0105,1.0007,0.0,normal,0.0,normal,0.0,normal,0.0,NORMAL,0.0,0.0,100,normal,YES,PASS,0.0,0.0,0.003,0.0,
13:03:10.035,1.0282,1.0094,1.0107,0.0,normal,0.0,normal,0.0,normal,0.0,NORMAL,0.1,0.0,100,normal,YES,PASS,0.0,0.0,0.011,0.0,
13:03:10.165,1.0462,1.0052,1.0111,0.0,normal,0.0,normal,0.0,normal,0.0,NORMAL,0.1,0.0,100,normal,YES,PASS,0.0,0.0,0.018,0.0,
13:03:10.321,1.0065,1.0098,1.0082,0.0,normal,0.0,normal,0.0,normal,0.0,NORMAL,0.0,0.0,100,normal,YES,PASS,0.0,0.0,0.003,0.0,
13:03:10.464,1.0197,1.0129,1.0057,0.0,normal,0.0,normal,0.0,normal,0.0,NORMAL,0.0,0.0,100,normal,YES,PASS,0.0,0.0,0.008,0.0,
13:03:10.621,1.0364,1.0031,1.0038,0.0,normal,0.0,normal,0.0,normal,0.0,NORMAL,0.1,0.0,100,normal,YES,PASS,0.0,0.0,0.015,0.0,
13:03:10.774,1.0739,1.0067,1.003,0.0,normal,0.0,normal,0.0,normal,0.0,NORMAL,0.1,0.0,100,normal,YES,PASS,0.0,0.0,0.03,0.0,
13:03:10.921,1.0347,1.0081,1.0015,0.0,normal,0.0,normal,0.0,normal,0.0,NORMAL,0.1,0.0,100,normal,YES,PASS,0.0,0.0,0.014,0.0,
13:03:11.078,1.043,1.0044,1.0057,0.0,normal,0.0,normal,0.0,normal,0.0,NORMAL,0.1,0.0,100,normal,YES,PASS,0.0,0.0,0.017,0.0,
13:03:11.224,1.0168,1.0006,1.0129,0.0,normal,0.0,normal,0.0,normal,0.0,NORMAL,0.0,0.0,100,normal,YES,PASS,0.0,0.0,0.007,0.0,
13:03:11.375,1.0124,1.0047,1.0118,0.0,normal,0.0,normal,0.0,normal,0.0,NORMAL,0.0,0.0,100,normal,YES,PASS,0.0,0.0,0.005,0.0,
13:03:11.529,1.0021,1.0057,1.0042,0.0,normal,0.0,normal,0.0,normal,0.0,NORMAL,0.0,0.0,100,normal,YES,PASS,0.0,0.0,0.001,0.0,
13:03:11.672,1.0223,1.0051,1.0127,0.0,normal,0.0,normal,0.0,normal,0.0,NORMAL,0.0,0.0,100,normal,YES,PASS,0.0,0.0,0.009,0.0,
13:03:11.814,1.0022,1.0066,1.0079,0.0,normal,0.0,normal,0.0,normal,0.0,NORMAL,0.0,0.0,100,normal,YES,PASS,0.0,0.0,0.001,0.0,
13:03:11.966,1.0346,1.004,1.0115,0.0,normal,0.0,normal,0.0,normal,0.0,NORMAL,0.1,0.0,100,normal,YES,PASS,0.0,0.0,0.014,0.0,
13:03:12.115,1.0245,1.0123,1.0001,0.0,normal,0.0,normal,0.0,normal,0.0,NORMAL,0.0,0.0,100,normal,YES,PASS,0.0,0.0,0.01,0.0,
13:03:12.275,1.0028,1.01,1.011,0.0,normal,0.0,normal,0.0,normal,0.0,NORMAL,0.0,0.0,100,normal,YES,PASS,0.0,0.0,0.001,0.0,
13:03:12.418,1.0116,1.0144,1.0007,0.0,normal,0.0,normal,0.0,normal,0.0,NORMAL,0.0,0.0,100,normal,YES,PASS,0.0,0.0,0.005,0.0,
13:03:12.562,1.0146,1.0001,1.0014,0.0,normal,0.0,normal,0.0,normal,0.0,NORMAL,0.0,0.0,100,normal,YES,PASS,0.0,0.0,0.006,0.0,
13:03:12.711,1.019,1.0021,1.0121,0.0,normal,0.0,normal,0.0,normal,0.0,NORMAL,0.0,0.0,100,normal,YES,PASS,0.0,0.0,0.008,0.0,
13:03:12.864,1.02,1.0084,1.0106,0.0,normal,0.0,normal,0.0,normal,0.0,NORMAL,0.0,0.0,100,normal,YES,PASS,0.0,0.0,0.008,0.0,
13:03:13.010,1.0158,1.0049,1.0076,0.0,normal,0.0,normal,0.0,normal,0.0,NORMAL,0.0,0.0,100,normal,YES,PASS,0.0,0.0,0.006,0.0,
13:03:13.156,1.0565,1.0045,1.0042,0.0,normal,0.0,normal,0.0,normal,0.0,NORMAL,0.1,0.0,100,normal,YES,PASS,0.0,0.0,0.023,0.0,
13:03:13.301,1.0531,1.0015,1.0082,0.0,normal,0.0,normal,0.0,normal,0.0,NORMAL,0.1,0.0,100,normal,YES,PASS,0.0,0.0,0.021,0.0,
13:03:13.441,1.043,1.0124,1.0127,0.0,normal,0.0,normal,0.0,normal,0.0,NORMAL,0.1,0.0,100,normal,YES,PASS,0.0,0.0,0.017,0.0,
13:03:13.574,1.0522,1.004,1.0058,0.0,normal,0.0,normal,0.0,normal,0.0,NORMAL,0.1,0.0,100,normal,YES,PASS,0.0,0.0,0.021,0.0,
13:03:13.721,1.0388,1.0045,1.0006,0.0,normal,0.0,normal,0.0,normal,0.0,NORMAL,0.1,0.0,100,normal,YES,PASS,0.0,0.0,0.016,0.0,
13:03:13.873,1.0466,1.0112,1.0019,0.0,normal,0.0,normal,0.0,normal,0.0,NORMAL,0.1,0.0,100,normal,YES,PASS,0.0,0.0,0.019,0.0,
13:03:14.032,1.0594,1.0045,1.0015,0.0,normal,0.0,normal,0.0,normal,0.0,NORMAL,0.1,0.0,100,normal,YES,PASS,0.0,0.0,0.024,0.0,
13:03:14.185,1.0032,1.0087,1.0101,0.0,normal,0.0,normal,0.0,normal,0.0,NORMAL,0.0,0.0,100,normal,YES,PASS,0.0,0.0,0.001,0.0,
13:03:14.618,1.0173,1.0094,1.0115,0.0,normal,0.0,normal,0.0,normal,0.0,NORMAL,0.0,0.0,100,normal,YES,PASS,0.0,0.0,0.007,0.0,
13:03:14.785,1.0339,1.0163,1.0043,0.0,normal,0.0,normal,0.0,normal,0.0,NORMAL,0.1,0.0,100,normal,YES,PASS,0.0,0.0,0.014,0.0,
13:03:14.951,1.0384,1.0002,1.0112,0.0,normal,0.0,normal,0.0,normal,0.0,NORMAL,0.1,0.0,100,normal,YES,PASS,0.0,0.0,0.015,0.0,
13:03:15.110,1.0073,1.0021,1.013,0.0,normal,0.0,normal,0.0,normal,0.0,NORMAL,0.0,0.0,100,normal,YES,PASS,0.0,0.0,0.003,0.0,
13:03:15.254,1.0536,1.0074,1.0011,0.0,normal,0.0,normal,0.0,normal,0.0,NORMAL,0.1,0.0,100,normal,YES,PASS,0.0,0.0,0.021,0.0,
13:03:15.402,1.0452,1.007,1.002,0.0,normal,0.0,normal,0.0,normal,0.0,NORMAL,0.1,0.0,100,normal,YES,PASS,0.0,0.0,0.018,0.0,
13:03:15.546,1.0471,1.0006,1.0081,0.0,normal,0.0,normal,0.0,normal,0.0,NORMAL,0.1,0.0,100,normal,YES,PASS,0.0,0.0,0.019,0.0,
13:03:15.695,1.037,1.0059,1.0103,0.0,normal,0.0,normal,0.0,normal,0.0,NORMAL,0.1,0.0,100,normal,YES,PASS,0.0,0.0,0.015,0.0,
13:03:15.859,1.0083,1.0015,1.0114,0.0,normal,0.0,normal,0.0,normal,0.0,NORMAL,0.0,0.0,100,normal,YES,PASS,0.0,0.0,0.003,0.0,
13:03:16.005,1.0002,1.0052,1.004,0.0,normal,0.0,normal,0.0,normal,0.0,NORMAL,0.0,0.0,100,normal,YES,PASS,0.0,0.0,0.0,0.0,
13:03:16.150,1.0202,1.0147,1.0048,0.0,normal,0.0,normal,0.0,normal,0.0,NORMAL,0.0,0.0,100,normal,YES,PASS,0.0,0.0,0.008,0.0,
13:03:16.307,1.0393,1.0072,1.0062,0.0,normal,0.0,normal,0.0,normal,0.0,NORMAL,0.1,0.0,100,normal,YES,PASS,0.0,0.0,0.016,0.0,
13:03:16.460,1.0079,1.0038,1.0127,0.0,normal,0.0,normal,0.0,normal,0.0,NORMAL,0.0,0.0,100,normal,YES,PASS,0.0,0.0,0.003,0.0,
13:03:16.613,1.0629,1.0036,1.0099,0.0,normal,0.0,normal,0.0,normal,0.0,NORMAL,0.1,0.0,100,normal,YES,PASS,0.0,0.0,0.025,0.0,
13:03:16.761,1.0332,1.0015,1.0064,0.0,normal,0.0,normal,0.0,normal,0.0,NORMAL,0.1,0.0,100,normal,YES,PASS,0.0,0.0,0.013,0.0,
13:03:16.914,1.0195,1.0055,1.0043,0.0,normal,0.0,normal,0.0,normal,0.0,NORMAL,0.0,0.0,100,normal,YES,PASS,0.0,0.0,0.008,0.0,
13:03:17.072,1.0068,1.0033,1.0001,0.0,normal,0.0,normal,0.0,normal,0.0,NORMAL,0.0,0.0,100,normal,YES,PASS,0.0,0.0,0.003,0.0,
13:03:17.223,1.0642,1.0086,1.0001,0.0,normal,0.0,normal,0.0,normal,0.0,NORMAL,0.1,0.0,100,normal,YES,PASS,0.0,0.0,0.026,0.0,
13:03:17.414,1.0025,1.0131,1.0045,0.0,normal,0.0,normal,0.0,normal,0.0,NORMAL,0.0,0.0,100,normal,YES,PASS,0.0,0.0,0.001,0.0,
13:03:17.561,1.0001,1.006,1.0064,0.0,normal,0.0,normal,0.0,normal,0.0,NORMAL,0.0,0.0,100,normal,YES,PASS,0.0,0.0,0.0,0.0,
13:03:17.722,1.039,1.0049,1.0115,0.0,normal,0.0,normal,0.0,normal,0.0,NORMAL,0.1,0.0,100,normal,YES,PASS,0.0,0.0,0.016,0.0,
13:03:17.877,1.0105,1.0075,1.0023,0.0,normal,0.0,normal,0.0,normal,0.0,NORMAL,0.0,0.0,100,normal,YES,PASS,0.0,0.0,0.004,0.0,
13:03:18.017,1.0059,1.009,1.0041,0.0,normal,0.0,normal,0.0,normal,0.0,NORMAL,0.0,0.0,100,normal,YES,PASS,0.0,0.0,0.002,0.0,
13:03:18.172,1.0038,1.0002,1.0099,0.0,normal,0.0,normal,0.0,normal,0.0,NORMAL,0.0,0.0,100,normal,YES,PASS,0.0,0.0,0.002,0.0,
13:03:18.329,1.0206,1.0019,1.0083,0.0,normal,0.0,normal,0.0,normal,0.0,NORMAL,0.0,0.0,100,normal,YES,PASS,0.0,0.0,0.008,0.0,
13:03:18.474,1.0022,1.0084,1.0151,0.0,normal,0.0,normal,0.0,normal,0.0,NORMAL,0.0,0.0,100,normal,YES,PASS,0.0,0.0,0.001,0.0,
13:03:18.634,1.0581,1.0015,1.0021,0.0,normal,0.0,normal,0.0,normal,0.0,NORMAL,0.1,0.0,100,normal,YES,PASS,0.0,0.0,0.023,0.0,
13:03:18.784,1.052,1.0043,1.0066,0.0,normal,0.0,normal,0.0,normal,0.0,NORMAL,0.1,0.0,100,normal,YES,PASS,0.0,0.0,0.021,0.0,
13:03:18.920,1.0024,1.0033,1.0001,0.0,normal,0.0,normal,0.0,normal,0.0,NORMAL,0.0,0.0,100,normal,YES,PASS,0.0,0.0,0.001,0.0,
13:03:19.079,1.02,1.0104,1.001,0.0,normal,0.0,normal,0.0,normal,0.0,NORMAL,0.0,0.0,100,normal,YES,PASS,0.0,0.0,0.008,0.0,
13:03:19.235,1.0197,1.0075,1.0077,0.0,normal,0.0,normal,0.0,normal,0.0,NORMAL,0.0,0.0,100,normal,YES,PASS,0.0,0.0,0.008,0.0,
13:03:19.376,1.0119,1.01,1.0036,0.0,normal,0.0,normal,0.0,normal,0.0,NORMAL,0.0,0.0,100,normal,YES,PASS,0.0,0.0,0.005,0.0,
13:03:19.538,1.0301,1.0067,1.0065,0.0,normal,0.0,normal,0.0,normal,0.0,NORMAL,0.1,0.0,100,normal,YES,PASS,0.0,0.0,0.012,0.0,
13:03:19.687,1.0456,1.0091,1.0054,0.0,normal,0.0,normal,0.0,normal,0.0,NORMAL,0.1,0.0,100,normal,YES,PASS,0.0,0.0,0.018,0.0,
13:03:19.835,1.0404,1.0046,1.0029,0.0,normal,0.0,normal,0.0,normal,0.0,NORMAL,0.1,0.0,100,normal,YES,PASS,0.0,0.0,0.016,0.0,
13:03:19.997,1.0535,1.0104,1.0082,0.0,normal,0.0,normal,0.0,normal,0.0,NORMAL,0.1,0.0,100,normal,YES,PASS,0.0,0.0,0.021,0.0,
13:03:20.160,1.0197,1.0001,1.0044,0.0,normal,0.0,normal,0.0,normal,0.0,NORMAL,0.0,0.0,100,normal,YES,PASS,0.0,0.0,0.008,0.0,
13:03:20.344,1.06,1.001,1.0014,0.0,normal,0.0,normal,0.0,normal,0.0,NORMAL,0.1,0.0,100,normal,YES,PASS,0.0,0.0,0.024,0.0,
13:03:20.525,1.038,1.0014,1.0117,0.0,normal,0.0,normal,0.0,normal,0.0,NORMAL,0.1,0.0,100,normal,YES,PASS,0.0,0.0,0.015,0.0,
13:03:20.705,1.0105,1.0108,1.0052,0.0,normal,0.0,normal,0.0,normal,0.0,NORMAL,0.0,0.0,100,normal,YES,PASS,0.0,0.0,0.004,0.0,
13:03:20.869,1.0439,1.0079,1.0004,0.0,normal,0.0,normal,0.0,normal,0.0,NORMAL,0.1,0.0,100,normal,YES,PASS,0.0,0.0,0.018,0.0,
13:03:21.030,1.0126,1.0055,1.0063,0.0,normal,0.0,normal,0.0,normal,0.0,NORMAL,0.0,0.0,100,normal,YES,PASS,0.0,0.0,0.005,0.0,
13:03:21.187,1.0179,1.0021,1.0019,0.0,normal,0.0,normal,0.0,normal,0.0,NORMAL,0.0,0.0,100,normal,YES,PASS,0.0,0.0,0.007,0.0,
13:03:21.339,1.0315,1.0034,1.0036,0.0,normal,0.0,normal,0.0,normal,0.0,NORMAL,0.1,0.0,100,normal,YES,PASS,0.0,0.0,0.013,0.0,
13:03:21.497,1.007,1.007,1.0025,0.0,normal,0.0,normal,0.0,normal,0.0,NORMAL,0.0,0.0,100,normal,YES,PASS,0.0,0.0,0.003,0.0,
13:03:21.659,1.0647,1.0057,1.0069,0.0,normal,0.0,normal,0.0,normal,0.0,NORMAL,0.1,0.0,100,normal,YES,PASS,0.0,0.0,0.026,0.0,
13:03:21.800,1.0423,1.0031,1.0014,0.0,normal,0.0,normal,0.0,normal,0.0,NORMAL,0.1,0.0,100,normal,YES,PASS,0.0,0.0,0.017,0.0,
13:03:21.937,1.0173,1.005,1.0131,0.0,normal,0.0,normal,0.0,normal,0.0,NORMAL,0.0,0.0,100,normal,YES,PASS,0.0,0.0,0.007,0.0,
13:03:22.092,1.0075,1.0049,1.0076,0.0,normal,0.0,normal,0.0,normal,0.0,NORMAL,0.0,0.0,100,normal,YES,PASS,0.0,0.0,0.003,0.0,
13:03:22.260,1.0316,1.0043,1.0072,0.0,normal,0.0,normal,0.0,normal,0.0,NORMAL,0.1,0.0,100,normal,YES,PASS,0.0,0.0,0.013,0.0,
13:03:22.414,1.0666,1.0011,1.0061,0.0,normal,0.0,normal,0.0,normal,0.0,NORMAL,0.1,0.0,100,normal,YES,PASS,0.0,0.0,0.027,0.0,
13:03:22.560,1.0379,1.0081,1.0079,0.0,normal,0.0,normal,0.0,normal,0.0,NORMAL,0.1,0.0,100,normal,YES,PASS,0.0,0.0,0.015,0.0,
13:03:22.709,1.0255,1.0091,1.0057,0.0,normal,0.0,normal,0.0,normal,0.0,NORMAL,0.1,0.0,100,normal,YES,PASS,0.0,0.0,0.01,0.0,
13:03:22.852,1.0293,1.0006,1.0022,0.0,normal,0.0,normal,0.0,normal,0.0,NORMAL,0.1,0.0,100,normal,YES,PASS,0.0,0.0,0.012,0.0,
13:03:23.002,1.0287,1.0028,1.001,0.0,normal,0.0,normal,0.0,normal,0.0,NORMAL,0.1,0.0,100,normal,YES,PASS,0.0,0.0,0.011,0.0,
13:03:23.156,1.0291,1.007,1.0056,0.0,normal,0.0,normal,0.0,normal,0.0,NORMAL,0.1,0.0,100,normal,YES,PASS,0.0,0.0,0.012,0.0,
13:03:23.312,1.0767,1.0079,1.0056,0.0,normal,0.0,normal,0.0,normal,0.0,NORMAL,0.2,0.0,100,normal,YES,PASS,0.0,0.0,0.031,0.0,
13:03:23.451,1.0402,1.0047,1.0124,0.0,normal,0.0,normal,0.0,normal,0.0,NORMAL,0.1,0.0,100,normal,YES,PASS,0.0,0.0,0.016,0.0,
13:03:23.613,1.0746,1.0098,1.0045,0.0,normal,0.0,normal,0.0,normal,0.0,NORMAL,0.1,0.0,100,normal,YES,PASS,0.0,0.0,0.03,0.0,
13:03:23.759,1.0049,1.0105,1.0126,0.0,normal,0.0,normal,0.0,normal,0.0,NORMAL,0.0,0.0,100,normal,YES,PASS,0.0,0.0,0.002,0.0,
13:03:23.911,1.0025,1.0005,1.0094,0.0,normal,0.0,normal,0.0,normal,0.0,NORMAL,0.0,0.0,100,normal,YES,PASS,0.0,0.0,0.001,0.0,
13:03:24.070,1.0202,1.0103,1.0032,0.0,normal,0.0,normal,0.0,normal,0.0,NORMAL,0.0,0.0,100,normal,YES,PASS,0.0,0.0,0.008,0.0,
13:03:24.230,1.0165,1.0098,1.0105,0.0,normal,0.0,normal,0.0,normal,0.0,NORMAL,0.0,0.0,100,normal,YES,PASS,0.0,0.0,0.007,0.0,
13:03:24.373,1.0357,1.009,1.0081,0.0,normal,0.0,normal,0.0,normal,0.0,NORMAL,0.1,0.0,100,normal,YES,PASS,0.0,0.0,0.014,0.0,
13:03:24.511,1.0001,1.004,1.0013,0.0,normal,0.0,normal,0.0,normal,0.0,NORMAL,0.0,0.0,100,normal,YES,PASS,0.0,0.0,0.0,0.0,
13:03:24.667,1.0376,1.0011,1.001,0.0,normal,0.0,normal,0.0,normal,0.0,NORMAL,0.1,0.0,100,normal,YES,PASS,0.0,0.0,0.015,0.0,
13:03:24.831,1.0536,1.0119,1.0024,0.0,normal,0.0,normal,0.0,normal,0.0,NORMAL,0.1,0.0,100,normal,YES,PASS,0.0,0.0,0.021,0.0,
13:03:25.010,1.0396,1.0075,1.0068,0.0,normal,0.0,normal,0.0,normal,0.0,NORMAL,0.1,0.0,100,normal,YES,PASS,0.0,0.0,0.016,0.0,
13:03:25.201,1.0478,1.0004,1.0048,0.0,normal,0.0,normal,0.0,normal,0.0,NORMAL,0.1,0.0,100,normal,YES,PASS,0.0,0.0,0.019,0.0,
13:03:25.383,1.0112,1.008,1.0105,0.0,normal,0.0,normal,0.0,normal,0.0,NORMAL,0.0,0.0,100,normal,YES,PASS,0.0,0.0,0.004,0.0,
13:03:25.529,1.0005,1.0091,1.0011,0.0,normal,0.0,normal,0.0,normal,0.0,NORMAL,0.0,0.0,100,normal,YES,PASS,0.0,0.0,0.0,0.0,
13:03:25.686,1.0279,1.0114,1.0053,0.0,normal,0.0,normal,0.0,normal,0.0,NORMAL,0.1,0.0,100,normal,YES,PASS,0.0,0.0,0.011,0.0,
13:03:25.821,1.0535,1.0069,1.0041,0.0,normal,0.0,normal,0.0,normal,0.0,NORMAL,0.1,0.0,100,normal,YES,PASS,0.0,0.0,0.021,0.0,
13:03:25.980,1.0253,1.0043,1.0012,0.0,normal,0.0,normal,0.0,normal,0.0,NORMAL,0.1,0.0,100,normal,YES,PASS,0.0,0.0,0.01,0.0,
13:03:26.156,1.017,1.0126,1.0005,0.0,normal,0.0,normal,0.0,normal,0.0,NORMAL,0.0,0.0,100,normal,YES,PASS,0.0,0.0,0.007,0.0,
13:03:26.340,1.0154,1.0108,1.0058,0.0,normal,0.0,normal,0.0,normal,0.0,NORMAL,0.0,0.0,100,normal,YES,PASS,0.0,0.0,0.006,0.0,
13:03:26.505,1.0265,1.0091,1.0027,0.0,normal,0.0,normal,0.0,normal,0.0,NORMAL,0.1,0.0,100,normal,YES,PASS,0.0,0.0,0.011,0.0,
13:03:26.655,1.0617,1.0108,1.0035,0.0,normal,0.0,normal,0.0,normal,0.0,NORMAL,0.1,0.0,100,normal,YES,PASS,0.0,0.0,0.025,0.0,
13:03:26.819,1.0172,1.0044,1.0011,0.0,normal,0.0,normal,0.0,normal,0.0,NORMAL,0.0,0.0,100,normal,YES,PASS,0.0,0.0,0.007,0.0,
13:03:26.971,1.0176,1.0018,1.0008,0.0,normal,0.0,normal,0.0,normal,0.0,NORMAL,0.0,0.0,100,normal,YES,PASS,0.0,0.0,0.007,0.0,
13:03:27.146,1.0023,1.0026,1.0087,0.0,normal,0.0,normal,0.0,normal,0.0,NORMAL,0.0,0.0,100,normal,YES,PASS,0.0,0.0,0.001,0.0,
13:03:27.310,1.0113,1.0005,1.012,0.0,normal,0.0,normal,0.0,normal,0.0,NORMAL,0.0,0.0,100,normal,YES,PASS,0.0,0.0,0.005,0.0,
13:03:27.451,1.0658,1.0014,1.0103,0.0,normal,0.0,normal,0.0,normal,0.0,NORMAL,0.1,0.0,100,normal,YES,PASS,0.0,0.0,0.026,0.0,
13:03:27.600,1.0554,1.0076,1.011,0.0,normal,0.0,normal,0.0,normal,0.0,NORMAL,0.1,0.0,100,normal,YES,PASS,0.0,0.0,0.022,0.0,
13:03:27.741,1.0099,1.0108,1.006,0.0,normal,0.0,normal,0.0,normal,0.0,NORMAL,0.0,0.0,100,normal,YES,PASS,0.0,0.0,0.004,0.0,
13:03:27.901,1.0481,1.0143,1.0041,0.0,normal,0.0,normal,0.0,normal,0.0,NORMAL,0.1,0.0,100,normal,YES,PASS,0.0,0.0,0.019,0.0,
13:03:28.045,1.065,1.0139,1.0014,0.0,normal,0.0,normal,0.0,normal,0.0,NORMAL,0.1,0.0,100,normal,YES,PASS,0.0,0.0,0.026,0.0,
13:03:28.204,1.0455,1.0066,1.01,0.0,normal,0.0,normal,0.0,normal,0.0,NORMAL,0.1,0.0,100,normal,YES,PASS,0.0,0.0,0.018,0.0,
13:03:28.350,1.0164,1.0061,1.0062,0.0,normal,0.0,normal,0.0,normal,0.0,NORMAL,0.0,0.0,100,normal,YES,PASS,0.0,0.0,0.007,0.0,
13:03:28.493,1.023,1.0077,1.0123,0.0,normal,0.0,normal,0.0,normal,0.0,NORMAL,0.0,0.0,100,normal,YES,PASS,0.0,0.0,0.009,0.0,
13:03:28.647,1.0614,1.0103,1.0084,0.0,normal,0.0,normal,0.0,normal,0.0,NORMAL,0.1,0.0,100,normal,YES,PASS,0.0,0.0,0.025,0.0,
13:03:28.806,1.0383,1.0053,1.0072,0.0,normal,0.0,normal,0.0,normal,0.0,NORMAL,0.1,0.0,100,normal,YES,PASS,0.0,0.0,0.015,0.0,
13:03:28.958,1.0445,1.008,1.0086,0.0,normal,0.0,normal,0.0,normal,0.0,NORMAL,0.1,0.0,100,normal,YES,PASS,0.0,0.0,0.018,0.0,
13:03:29.097,1.0118,1.0021,1.0073,0.0,normal,0.0,normal,0.0,normal,0.0,NORMAL,0.0,0.0,100,normal,YES,PASS,0.0,0.0,0.005,0.0,
13:03:29.254,1.0372,1.001,1.0022,0.0,normal,0.0,normal,0.0,normal,0.0,NORMAL,0.1,0.0,100,normal,YES,PASS,0.0,0.0,0.015,0.0,
13:03:29.397,1.0454,1.0013,1.0048,0.0,normal,0.0,normal,0.0,normal,0.0,NORMAL,0.1,0.0,100,normal,YES,PASS,0.0,0.0,0.018,0.0,
13:03:29.550,1.0735,1.0046,1.0033,0.0,normal,0.0,normal,0.0,normal,0.0,NORMAL,0.1,0.0,100,normal,YES,PASS,0.0,0.0,0.029,0.0,
13:03:29.698,1.0299,1.008,1.0055,0.0,normal,0.0,normal,0.0,normal,0.0,NORMAL,0.1,0.0,100,normal,YES,PASS,0.0,0.0,0.012,0.0,
13:03:29.849,1.0143,1.002,1.0089,0.0,normal,0.0,normal,0.0,normal,0.0,NORMAL,0.0,0.0,100,normal,YES,PASS,0.0,0.0,0.006,0.0,
13:03:29.993,1.0518,1.0022,1.0041,0.0,normal,0.0,normal,0.0,normal,0.0,NORMAL,0.1,0.0,100,normal,YES,PASS,0.0,0.0,0.021,0.0,
13:03:30.145,1.0511,1.0099,1.0047,0.0,normal,0.0,normal,0.0,normal,0.0,NORMAL,0.1,0.0,100,normal,YES,PASS,0.0,0.0,0.02,0.0,
13:03:30.299,1.0494,1.0092,1.0093,0.0,normal,0.0,normal,0.0,normal,0.0,NORMAL,0.1,0.0,100,normal,YES,PASS,0.0,0.0,0.02,0.0,
13:03:30.452,1.0507,1.002,1.0049,0.0,normal,0.0,normal,0.0,normal,0.0,NORMAL,0.1,0.0,100,normal,YES,PASS,0.0,0.0,0.02,0.0,
13:03:30.597,1.0131,1.0036,1.0063,0.0,normal,0.0,normal,0.0,normal,0.0,NORMAL,0.0,0.0,100,normal,YES,PASS,0.0,0.0,0.005,0.0,
13:03:30.751,1.0212,1.0014,1.0037,0.0,normal,0.0,normal,0.0,normal,0.0,NORMAL,0.0,0.0,100,normal,YES,PASS,0.0,0.0,0.008,0.0,
13:03:30.904,1.0169,1.003,1.0116,0.0,normal,0.0,normal,0.0,normal,0.0,NORMAL,0.0,0.0,100,normal,YES,PASS,0.0,0.0,0.007,0.0,
13:03:31.055,1.044,1.0119,1.0055,0.0,normal,0.0,normal,0.0,normal,0.0,NORMAL,0.1,0.0,100,normal,YES,PASS,0.0,0.0,0.018,0.0,
13:03:31.211,1.0092,1.0103,1.003,0.0,normal,0.0,normal,0.0,normal,0.0,NORMAL,0.0,0.0,100,normal,YES,PASS,0.0,0.0,0.004,0.0,
13:03:31.364,1.0275,1.016,1.0121,0.0,normal,0.0,normal,0.0,normal,0.0,NORMAL,0.1,0.0,100,normal,YES,PASS,0.0,0.0,0.011,0.0,
13:03:31.520,1.0706,1.0104,1.0075,0.0,normal,0.0,normal,0.0,normal,0.0,NORMAL,0.1,0.0,100,normal,YES,PASS,0.0,0.0,0.028,0.0,
13:03:31.661,1.019,1.0119,1.013,0.0,normal,0.0,normal,0.0,normal,0.0,NORMAL,0.0,0.0,100,normal,YES,PASS,0.0,0.0,0.008,0.0,
13:03:31.820,1.0666,1.0076,1.0122,0.0,normal,0.0,normal,0.0,normal,0.0,NORMAL,0.1,0.0,100,normal,YES,PASS,0.0,0.0,0.027,0.0,
13:03:31.977,1.0576,1.0011,1.0092,0.0,normal,0.0,normal,0.0,normal,0.0,NORMAL,0.1,0.0,100,normal,YES,PASS,0.0,0.0,0.023,0.0,
13:03:32.126,1.0604,1.0051,1.0101,0.0,normal,0.0,normal,0.0,normal,0.0,NORMAL,0.1,0.0,100,normal,YES,PASS,0.0,0.0,0.024,0.0,
13:03:32.271,1.0492,1.0058,1.0024,0.0,normal,0.0,normal,0.0,normal,0.0,NORMAL,0.1,0.0,100,normal,YES,PASS,0.0,0.0,0.02,0.0,
13:03:32.406,1.0433,1.0075,1.0003,0.0,normal,0.0,normal,0.0,normal,0.0,NORMAL,0.1,0.0,100,normal,YES,PASS,0.0,0.0,0.017,0.0,
13:03:32.562,1.0037,1.0087,1.0013,0.0,normal,0.0,normal,0.0,normal,0.0,NORMAL,0.0,0.0,100,normal,YES,PASS,0.0,0.0,0.001,0.0,
13:03:32.722,1.0308,1.0029,1.0106,0.0,normal,0.0,normal,0.0,normal,0.0,NORMAL,0.1,0.0,100,normal,YES,PASS,0.0,0.0,0.012,0.0,
13:03:32.878,1.0152,1.0109,1.012,0.0,normal,0.0,normal,0.0,normal,0.0,NORMAL,0.0,0.0,100,normal,YES,PASS,0.0,0.0,0.006,0.0,
13:03:33.030,1.0447,1.0091,1.0029,0.0,normal,0.0,normal,0.0,normal,0.0,NORMAL,0.1,0.0,100,normal,YES,PASS,0.0,0.0,0.018,0.0,
13:03:33.183,1.0305,1.0005,1.0142,0.0,normal,0.0,normal,0.0,normal,0.0,NORMAL,0.1,0.0,100,normal,YES,PASS,0.0,0.0,0.012,0.0,
13:03:33.342,1.0039,1.0001,1.0075,0.0,normal,0.0,normal,0.0,normal,0.0,NORMAL,0.0,0.0,100,normal,YES,PASS,0.0,0.0,0.002,0.0,
13:03:33.489,1.0243,1.0064,1.0025,0.0,normal,0.0,normal,0.0,normal,0.0,NORMAL,0.0,0.0,100,normal,YES,PASS,0.0,0.0,0.01,0.0,
13:03:33.638,1.0376,1.0108,1.0107,0.0,normal,0.0,normal,0.0,normal,0.0,NORMAL,0.1,0.0,100,normal,YES,PASS,0.0,0.0,0.015,0.0,
13:03:33.792,1.0669,1.0054,1.0073,0.0,normal,0.0,normal,0.0,normal,0.0,NORMAL,0.1,0.0,100,normal,YES,PASS,0.0,0.0,0.027,0.0,
13:03:33.943,1.0157,1.014,1.011,0.0,normal,0.0,normal,0.0,normal,0.0,NORMAL,0.0,0.0,100,normal,YES,PASS,0.0,0.0,0.006,0.0,
13:03:34.085,1.0269,1.0046,1.0076,0.0,normal,0.0,normal,0.0,normal,0.0,NORMAL,0.1,0.0,100,normal,YES,PASS,0.0,0.0,0.011,0.0,
13:03:34.232,1.041,1.0127,1.0059,0.0,normal,0.0,normal,0.0,normal,0.0,NORMAL,0.1,0.0,100,normal,YES,PASS,0.0,0.0,0.016,0.0,
13:03:34.373,1.0533,1.0112,1.0075,0.0,normal,0.0,normal,0.0,normal,0.0,NORMAL,0.1,0.0,100,normal,YES,PASS,0.0,0.0,0.021,0.0,
13:03:34.515,1.0291,1.0028,1.0028,0.0,normal,0.0,normal,0.0,normal,0.0,NORMAL,0.1,0.0,100,normal,YES,PASS,0.0,0.0,0.012,0.0,
13:03:34.670,1.0371,1.0073,1.0044,0.0,normal,0.0,normal,0.0,normal,0.0,NORMAL,0.1,0.0,100,normal,YES,PASS,0.0,0.0,0.015,0.0,
13:03:34.810,1.0217,1.0048,1.016,0.0,normal,0.0,normal,0.0,normal,0.0,NORMAL,0.0,0.0,100,normal,YES,PASS,0.0,0.0,0.009,0.0,
13:03:34.957,1.0381,1.0083,1.0138,0.0,normal,0.0,normal,0.0,normal,0.0,NORMAL,0.1,0.0,100,normal,YES,PASS,0.0,0.0,0.015,0.0,
13:03:35.115,1.0413,1.0083,1.0071,0.0,normal,0.0,normal,0.0,normal,0.0,NORMAL,0.1,0.0,100,normal,YES,PASS,0.0,0.0,0.017,0.0,
13:03:35.267,1.0193,1.0021,1.0069,0.0,normal,0.0,normal,0.0,normal,0.0,NORMAL,0.0,0.0,100,normal,YES,PASS,0.0,0.0,0.008,0.0,
13:03:35.417,1.0342,1.0109,1.0097,0.0,normal,0.0,normal,0.0,normal,0.0,NORMAL,0.1,0.0,100,normal,YES,PASS,0.0,0.0,0.014,0.0,
13:03:35.567,1.0138,1.0123,1.0017,0.0,normal,0.0,normal,0.0,normal,0.0,NORMAL,0.0,0.0,100,normal,YES,PASS,0.0,0.0,0.006,0.0,
13:03:35.720,1.0437,1.0042,1.003,0.0,normal,0.0,normal,0.0,normal,0.0,NORMAL,0.1,0.0,100,normal,YES,PASS,0.0,0.0,0.017,0.0,
13:03:35.873,1.0409,1.004,1.0037,0.0,normal,0.0,normal,0.0,normal,0.0,NORMAL,0.1,0.0,100,normal,YES,PASS,0.0,0.0,0.016,0.0,
13:03:36.018,1.0392,1.008,1.0122,0.0,normal,0.0,normal,0.0,normal,0.0,NORMAL,0.1,0.0,100,normal,YES,PASS,0.0,0.0,0.016,0.0,
13:03:36.175,1.0167,1.0137,1.0095,0.0,normal,0.0,normal,0.0,normal,0.0,NORMAL,0.0,0.0,100,normal,YES,PASS,0.0,0.0,0.007,0.0,
13:03:36.324,1.0064,1.0075,1.0056,0.0,normal,0.0,normal,0.0,normal,0.0,NORMAL,0.0,0.0,100,normal,YES,PASS,0.0,0.0,0.003,0.0,
13:03:36.480,1.0471,1.0013,1.0013,0.0,normal,0.0,normal,0.0,normal,0.0,NORMAL,0.1,0.0,100,normal,YES,PASS,0.0,0.0,0.019,0.0,
13:03:36.618,1.0253,1.0011,1.002,0.0,normal,0.0,normal,0.0,normal,0.0,NORMAL,0.1,0.0,100,normal,YES,PASS,0.0,0.0,0.01,0.0,
13:03:36.767,1.005,1.0121,1.0023,0.0,normal,0.0,normal,0.0,normal,0.0,NORMAL,0.0,0.0,100,normal,YES,PASS,0.0,0.0,0.002,0.0,
13:03:36.906,1.0268,1.0047,1.006,0.0,normal,0.0,normal,0.0,normal,0.0,NORMAL,0.1,0.0,100,normal,YES,PASS,0.0,0.0,0.011,0.0,
13:03:37.047,1.0646,1.0053,1.0021,0.0,normal,0.0,normal,0.0,normal,0.0,NORMAL,0.1,0.0,100,normal,YES,PASS,0.0,0.0,0.026,0.0,
13:03:37.187,1.0538,1.0155,1.0056,0.0,normal,0.0,normal,0.0,normal,0.0,NORMAL,0.1,0.0,100,normal,YES,PASS,0.0,0.0,0.022,0.0,
13:03:37.327,1.012,1.0043,1.0073,0.0,normal,0.0,normal,0.0,normal,0.0,NORMAL,0.0,0.0,100,normal,YES,PASS,0.0,0.0,0.005,0.0,
13:03:37.484,1.0246,1.0068,1.0129,0.0,normal,0.0,normal,0.0,normal,0.0,NORMAL,0.0,0.0,100,normal,YES,PASS,0.0,0.0,0.01,0.0,
13:03:37.643,1.0315,1.0079,1.0025,0.0,normal,0.0,normal,0.0,normal,0.0,NORMAL,0.1,0.0,100,normal,YES,PASS,0.0,0.0,0.013,0.0,
13:03:37.795,1.0248,1.0101,1.0037,0.0,normal,0.0,normal,0.0,normal,0.0,NORMAL,0.0,0.0,100,normal,YES,PASS,0.0,0.0,0.01,0.0,
13:03:37.942,1.0049,1.0113,1.0086,0.0,normal,0.0,normal,0.0,normal,0.0,NORMAL,0.0,0.0,100,normal,YES,PASS,0.0,0.0,0.002,0.0,
13:03:38.083,1.0309,1.0154,1.0049,0.0,normal,0.0,normal,0.0,normal,0.0,NORMAL,0.1,0.0,100,normal,YES,PASS,0.0,0.0,0.012,0.0,
13:03:38.234,1.0408,1.0056,1.0039,0.0,normal,0.0,normal,0.0,normal,0.0,NORMAL,0.1,0.0,100,normal,YES,PASS,0.0,0.0,0.016,0.0,
13:03:38.388,1.0164,1.011,1.0053,0.0,normal,0.0,normal,0.0,normal,0.0,NORMAL,0.0,0.0,100,normal,YES,PASS,0.0,0.0,0.007,0.0,
13:03:38.530,1.0053,1.0147,1.0112,0.0,normal,0.0,normal,0.0,normal,0.0,NORMAL,0.0,0.0,100,normal,YES,PASS,0.0,0.0,0.002,0.0,
13:03:38.674,1.0529,1.0109,1.0026,0.0,normal,0.0,normal,0.0,normal,0.0,NORMAL,0.1,0.0,100,normal,YES,PASS,0.0,0.0,0.021,0.0,
13:03:38.824,1.0597,1.0026,1.0074,0.0,normal,0.0,normal,0.0,normal,0.0,NORMAL,0.1,0.0,100,normal,YES,PASS,0.0,0.0,0.024,0.0,
13:03:38.978,1.009,1.0007,1.0038,0.0,normal,0.0,normal,0.0,normal,0.0,NORMAL,0.0,0.0,100,normal,YES,PASS,0.0,0.0,0.004,0.0,
13:03:39.129,1.056,1.0047,1.0033,0.0,normal,0.0,normal,0.0,normal,0.0,NORMAL,0.1,0.0,100,normal,YES,PASS,0.0,0.0,0.022,0.0,
13:03:39.266,1.0396,1.0046,1.0074,0.0,normal,0.0,normal,0.0,normal,0.0,NORMAL,0.1,0.0,100,normal,YES,PASS,0.0,0.0,0.016,0.0,
13:03:39.425,1.0027,1.0,1.0085,0.0,normal,0.0,normal,0.0,normal,0.0,NORMAL,0.0,0.0,100,normal,YES,PASS,0.0,0.0,0.001,0.0,
13:03:39.593,1.0293,1.0027,1.0141,0.0,normal,0.0,normal,0.0,normal,0.0,NORMAL,0.1,0.0,100,normal,YES,PASS,0.0,0.0,0.012,0.0,
13:03:39.737,1.0441,1.0123,1.0016,0.0,normal,0.0,normal,0.0,normal,0.0,NORMAL,0.1,0.0,100,normal,YES,PASS,0.0,0.0,0.018,0.0,
13:03:39.883,1.0611,1.0002,1.0104,0.0,normal,0.0,normal,0.0,normal,0.0,NORMAL,0.1,0.0,100,normal,YES,PASS,0.0,0.0,0.024,0.0,
13:03:40.030,1.0277,1.0053,1.0124,0.0,normal,0.0,normal,0.0,normal,0.0,NORMAL,0.1,0.0,100,normal,YES,PASS,0.0,0.0,0.011,0.0,
13:03:40.182,1.0616,1.0132,1.0076,0.0,normal,0.0,normal,0.0,normal,0.0,NORMAL,0.1,0.0,100,normal,YES,PASS,0.0,0.0,0.025,0.0,
13:03:40.331,1.0289,1.0115,1.0073,0.0,normal,0.0,normal,0.0,normal,0.0,NORMAL,0.1,0.0,100,normal,YES,PASS,0.0,0.0,0.012,0.0,
13:03:40.478,1.0238,1.0079,1.0032,0.0,normal,0.0,normal,0.0,normal,0.0,NORMAL,0.0,0.0,100,normal,YES,PASS,0.0,0.0,0.01,0.0,
13:03:40.625,1.0029,1.0023,1.0048,0.0,normal,0.0,normal,0.0,normal,0.0,NORMAL,0.0,0.0,100,normal,YES,PASS,0.0,0.0,0.001,0.0,
13:03:40.774,1.0287,1.0073,1.0081,0.0,normal,0.0,normal,0.0,normal,0.0,NORMAL,0.1,0.0,100,normal,YES,PASS,0.0,0.0,0.011,0.0,
13:03:40.919,1.0297,1.0106,1.0023,0.0,normal,0.0,normal,0.0,normal,0.0,NORMAL,0.1,0.0,100,normal,YES,PASS,0.0,0.0,0.012,0.0,
13:03:41.062,1.0354,1.0055,1.0038,0.0,normal,0.0,normal,0.0,normal,0.0,NORMAL,0.1,0.0,100,normal,YES,PASS,0.0,0.0,0.014,0.0,
13:03:41.219,1.0008,1.0017,1.0021,0.0,normal,0.0,normal,0.0,normal,0.0,NORMAL,0.0,0.0,100,normal,YES,PASS,0.0,0.0,0.0,0.0,
13:03:41.373,1.0573,1.0071,1.0055,0.0,normal,0.0,normal,0.0,normal,0.0,NORMAL,0.1,0.0,100,normal,YES,PASS,0.0,0.0,0.023,0.0,
13:03:41.528,1.0161,1.0129,1.0014,0.0,normal,0.0,normal,0.0,normal,0.0,NORMAL,0.0,0.0,100,normal,YES,PASS,0.0,0.0,0.006,0.0,
13:03:41.668,1.0275,1.0002,1.0074,0.0,normal,0.0,normal,0.0,normal,0.0,NORMAL,0.1,0.0,100,normal,YES,PASS,0.0,0.0,0.011,0.0,
13:03:41.821,1.0329,1.0074,1.0118,0.0,normal,0.0,normal,0.0,normal,0.0,NORMAL,0.1,0.0,100,normal,YES,PASS,0.0,0.0,0.013,0.0,
13:03:41.979,1.0285,1.0052,1.0007,0.0,normal,0.0,normal,0.0,normal,0.0,NORMAL,0.1,0.0,100,normal,YES,PASS,0.0,0.0,0.011,0.0,
13:03:42.125,1.0317,1.0125,1.0032,0.0,normal,0.0,normal,0.0,normal,0.0,NORMAL,0.1,0.0,100,normal,YES,PASS,0.0,0.0,0.013,0.0,
13:03:42.274,1.0321,1.0121,1.0024,0.0,normal,0.0,normal,0.0,normal,0.0,NORMAL,0.1,0.0,100,normal,YES,PASS,0.0,0.0,0.013,0.0,
13:03:42.412,1.0029,1.0016,1.0086,0.0,normal,0.0,normal,0.0,normal,0.0,NORMAL,0.0,0.0,100,normal,YES,PASS,0.0,0.0,0.001,0.0,
13:03:42.564,1.0244,1.0047,1.0062,0.0,normal,0.0,normal,0.0,normal,0.0,NORMAL,0.0,0.0,100,normal,YES,PASS,0.0,0.0,0.01,0.0,
13:03:42.714,1.0134,1.0104,1.0106,0.0,normal,0.0,normal,0.0,normal,0.0,NORMAL,0.0,0.0,100,normal,YES,PASS,0.0,0.0,0.005,0.0,
13:03:42.852,1.0345,1.0107,1.0004,0.0,normal,0.0,normal,0.0,normal,0.0,NORMAL,0.1,0.0,100,normal,YES,PASS,0.0,0.0,0.014,0.0,
13:03:43.002,1.014,1.0002,1.0019,0.0,normal,0.0,normal,0.0,normal,0.0,NORMAL,0.0,0.0,100,normal,YES,PASS,0.0,0.0,0.006,0.0,
13:03:43.162,1.0032,1.0075,1.0029,0.0,normal,0.0,normal,0.0,normal,0.0,NORMAL,0.0,0.0,100,normal,YES,PASS,0.0,0.0,0.001,0.0,
13:03:43.315,1.052,1.0078,1.0052,0.0,normal,0.0,normal,0.0,normal,0.0,NORMAL,0.1,0.0,100,normal,YES,PASS,0.0,0.0,0.021,0.0,
13:03:43.458,1.0272,1.0014,1.0014,0.0,normal,0.0,normal,0.0,normal,0.0,NORMAL,0.1,0.0,100,normal,YES,PASS,0.0,0.0,0.011,0.0,
13:03:43.601,1.047,1.007,1.0133,0.0,normal,0.0,normal,0.0,normal,0.0,NORMAL,0.1,0.0,100,normal,YES,PASS,0.0,0.0,0.019,0.0,
13:03:43.758,1.0376,1.0109,1.0088,0.0,normal,0.0,normal,0.0,normal,0.0,NORMAL,0.1,0.0,100,normal,YES,PASS,0.0,0.0,0.015,0.0,
13:03:43.910,1.0379,1.004,1.0062,0.0,normal,0.0,normal,0.0,normal,0.0,NORMAL,0.1,0.0,100,normal,YES,PASS,0.0,0.0,0.015,0.0,
13:03:44.050,1.0162,1.0104,1.0094,0.0,normal,0.0,normal,0.0,normal,0.0,NORMAL,0.0,0.0,100,normal,YES,PASS,0.0,0.0,0.006,0.0,
13:03:44.202,1.0102,1.0025,1.0098,0.0,normal,0.0,normal,0.0,normal,0.0,NORMAL,0.0,0.0,100,normal,YES,PASS,0.0,0.0,0.004,0.0,
13:03:44.355,1.043,1.0076,1.0133,0.0,normal,0.0,normal,0.0,normal,0.0,NORMAL,0.1,0.0,100,normal,YES,PASS,0.0,0.0,0.017,0.0,
13:03:44.504,1.0186,1.0045,1.0056,0.0,normal,0.0,normal,0.0,normal,0.0,NORMAL,0.0,0.0,100,normal,YES,PASS,0.0,0.0,0.007,0.0,
13:03:44.645,1.0003,1.0107,1.0099,0.0,normal,0.0,normal,0.0,normal,0.0,NORMAL,0.0,0.0,100,normal,YES,PASS,0.0,0.0,0.0,0.0,
13:03:44.798,1.0552,1.0057,1.0029,0.0,normal,0.0,normal,0.0,normal,0.0,NORMAL,0.1,0.0,100,normal,YES,PASS,0.0,0.0,0.022,0.0,
13:03:44.941,1.0613,1.0054,1.0118,0.0,normal,0.0,normal,0.0,normal,0.0,NORMAL,0.1,0.0,100,normal,YES,PASS,0.0,0.0,0.025,0.0,
13:03:45.085,1.0342,1.0037,1.0031,0.0,normal,0.0,normal,0.0,normal,0.0,NORMAL,0.1,0.0,100,normal,YES,PASS,0.0,0.0,0.014,0.0,
13:03:45.239,1.0029,1.0082,1.0095,0.0,normal,0.0,normal,0.0,normal,0.0,NORMAL,0.0,0.0,100,normal,YES,PASS,0.0,0.0,0.001,0.0,
13:03:45.364,1.0452,1.0085,1.0076,0.0,normal,0.0,normal,0.0,normal,0.0,NORMAL,0.1,0.0,100,normal,YES,PASS,0.0,0.0,0.018,0.0,
13:03:45.527,1.0264,1.0023,1.0057,0.0,normal,0.0,normal,0.0,normal,0.0,NORMAL,0.1,0.0,100,normal,YES,PASS,0.0,0.0,0.011,0.0,
13:03:45.681,1.052,1.0102,1.0166,0.0,normal,0.0,normal,0.0,normal,0.0,NORMAL,0.1,0.0,100,normal,YES,PASS,0.0,0.0,0.021,0.0,
13:03:45.822,1.0459,1.0034,1.001,0.0,normal,0.0,normal,0.0,normal,0.0,NORMAL,0.1,0.0,100,normal,YES,PASS,0.0,0.0,0.018,0.0,
13:03:45.971,1.0144,1.0071,1.0002,0.0,normal,0.0,normal,0.0,normal,0.0,NORMAL,0.0,0.0,100,normal,YES,PASS,0.0,0.0,0.006,0.0,
13:03:46.104,1.0124,1.0108,1.0117,0.0,normal,0.0,normal,0.0,normal,0.0,NORMAL,0.0,0.0,100,normal,YES,PASS,0.0,0.0,0.005,0.0,
13:03:46.254,1.0232,1.0015,1.0009,0.0,normal,0.0,normal,0.0,normal,0.0,NORMAL,0.0,0.0,100,normal,YES,PASS,0.0,0.0,0.009,0.0,
13:03:46.407,1.0614,1.0104,1.0121,0.0,normal,0.0,normal,0.0,normal,0.0,NORMAL,0.1,0.0,100,normal,YES,PASS,0.0,0.0,0.025,0.0,
13:03:46.567,1.0347,1.0117,1.0017,0.0,normal,0.0,normal,0.0,normal,0.0,NORMAL,0.1,0.0,100,normal,YES,PASS,0.0,0.0,0.014,0.0,
13:03:46.722,1.0336,1.0093,1.0008,0.0,normal,0.0,normal,0.0,normal,0.0,NORMAL,0.1,0.0,100,normal,YES,PASS,0.0,0.0,0.013,0.0,
13:03:46.862,1.0479,1.0187,1.028,0.0,normal,0.0,normal,0.0,normal,0.0,NORMAL,0.1,0.0,100,normal,YES,PASS,0.0,0.0,0.019,0.0,
13:03:47.019,1.0323,1.0096,1.0139,0.0,normal,0.0,normal,0.0,normal,0.0,NORMAL,0.1,0.0,100,normal,YES,PASS,0.0,0.0,0.013,0.0,
13:03:47.177,1.0289,1.0011,1.0005,0.0,normal,0.0,normal,0.0,normal,0.0,NORMAL,0.1,0.0,100,normal,YES,PASS,0.0,0.0,0.012,0.0,
13:03:47.325,1.0182,1.006,1.0129,0.0,normal,0.0,normal,0.0,normal,0.0,NORMAL,0.0,0.0,100,normal,YES,PASS,0.0,0.0,0.007,0.0,
13:03:47.489,1.0424,1.0078,1.0109,0.0,normal,0.0,normal,0.0,normal,0.0,NORMAL,0.1,0.0,100,normal,YES,PASS,0.0,0.0,0.017,0.0,
13:03:47.641,1.0382,1.0061,1.0026,0.0,normal,0.0,normal,0.0,normal,0.0,NORMAL,0.1,0.0,100,normal,YES,PASS,0.0,0.0,0.015,0.0,
13:03:47.799,1.0186,1.0101,1.0029,0.0,normal,0.0,normal,0.0,normal,0.0,NORMAL,0.0,0.0,100,normal,YES,PASS,0.0,0.0,0.007,0.0,
13:03:47.956,1.0555,1.0114,1.0001,0.0,normal,0.0,normal,0.0,normal,0.0,NORMAL,0.1,0.0,100,normal,YES,PASS,0.0,0.0,0.022,0.0,
13:03:48.102,1.0313,1.0022,1.0102,0.0,normal,0.0,normal,0.0,normal,0.0,NORMAL,0.1,0.0,100,normal,YES,PASS,0.0,0.0,0.013,0.0,
13:03:48.255,1.026,1.0113,1.0079,0.0,normal,0.0,normal,0.0,normal,0.0,NORMAL,0.1,0.0,100,normal,YES,PASS,0.0,0.0,0.01,0.0,
13:03:48.393,1.0149,1.0014,1.013,0.0,normal,0.0,normal,0.0,normal,0.0,NORMAL,0.0,0.0,100,normal,YES,PASS,0.0,0.0,0.006,0.0,
13:03:48.554,1.0316,1.0106,1.0083,0.0,normal,0.0,normal,0.0,normal,0.0,NORMAL,0.1,0.0,100,normal,YES,PASS,0.0,0.0,0.013,0.0,
13:03:48.710,1.0163,1.0089,1.0068,0.0,normal,0.0,normal,0.0,normal,0.0,NORMAL,0.0,0.0,100,normal,YES,PASS,0.0,0.0,0.007,0.0,
13:03:48.858,1.013,1.0083,1.0014,0.0,normal,0.0,normal,0.0,normal,0.0,NORMAL,0.0,0.0,100,normal,YES,PASS,0.0,0.0,0.005,0.0,
13:03:48.995,1.0757,1.0092,1.0062,0.0,normal,0.0,normal,0.0,normal,0.0,NORMAL,0.2,0.0,100,normal,YES,PASS,0.0,0.0,0.03,0.0,
13:03:49.147,1.035,1.0132,1.0163,0.0,normal,0.0,normal,0.0,normal,0.0,NORMAL,0.1,0.0,100,normal,YES,PASS,0.0,0.0,0.014,0.0,
13:03:49.302,1.0375,1.0039,1.0034,0.0,normal,0.0,normal,0.0,normal,0.0,NORMAL,0.1,0.0,100,normal,YES,PASS,0.0,0.0,0.015,0.0,
13:03:49.463,1.0422,1.0098,1.0055,0.0,normal,0.0,normal,0.0,normal,0.0,NORMAL,0.1,0.0,100,normal,YES,PASS,0.0,0.0,0.017,0.0,
13:03:49.619,1.0432,1.0076,1.0052,0.0,normal,0.0,normal,0.0,normal,0.0,NORMAL,0.1,0.0,100,normal,YES,PASS,0.0,0.0,0.017,0.0,
13:03:49.764,1.0543,1.0129,1.0078,0.0,normal,0.0,normal,0.0,normal,0.0,NORMAL,0.1,0.0,100,normal,YES,PASS,0.0,0.0,0.022,0.0,
13:03:49.914,1.0383,1.0043,1.0072,0.0,normal,0.0,normal,0.0,normal,0.0,NORMAL,0.1,0.0,100,normal,YES,PASS,0.0,0.0,0.015,0.0,
13:03:50.064,1.0427,1.0002,1.0013,0.0,normal,0.0,normal,0.0,normal,0.0,NORMAL,0.1,0.0,100,normal,YES,PASS,0.0,0.0,0.017,0.0,
13:03:50.213,1.0524,1.003,1.0004,0.0,normal,0.0,normal,0.0,normal,0.0,NORMAL,0.1,0.0,100,normal,YES,PASS,0.0,0.0,0.021,0.0,
13:03:50.344,1.0521,1.0102,1.004,0.0,normal,0.0,normal,0.0,normal,0.0,NORMAL,0.1,0.0,100,normal,YES,PASS,0.0,0.0,0.021,0.0,
13:03:50.502,1.0207,1.0088,1.0102,0.0,normal,0.0,normal,0.0,normal,0.0,NORMAL,0.0,0.0,100,normal,YES,PASS,0.0,0.0,0.008,0.0,
13:03:50.643,1.0139,1.0071,1.008,0.0,normal,0.0,normal,0.0,normal,0.0,NORMAL,0.0,0.0,100,normal,YES,PASS,0.0,0.0,0.006,0.0,
13:03:50.781,1.0211,1.0113,1.0076,0.0,normal,0.0,normal,0.0,normal,0.0,NORMAL,0.0,0.0,100,normal,YES,PASS,0.0,0.0,0.008,0.0,
13:03:50.919,1.0157,1.0127,1.0021,0.0,normal,0.0,normal,0.0,normal,0.0,NORMAL,0.0,0.0,100,normal,YES,PASS,0.0,0.0,0.006,0.0,
13:03:51.080,1.0205,1.0093,1.0033,0.0,normal,0.0,normal,0.0,normal,0.0,NORMAL,0.0,0.0,100,normal,YES,PASS,0.0,0.0,0.008,0.0,
13:03:51.234,1.0549,1.0063,1.0012,0.0,normal,0.0,normal,0.0,normal,0.0,NORMAL,0.1,0.0,100,normal,YES,PASS,0.0,0.0,0.022,0.0,
13:03:51.395,1.0237,1.0065,1.0117,0.0,normal,0.0,normal,0.0,normal,0.0,NORMAL,0.0,0.0,100,normal,YES,PASS,0.0,0.0,0.009,0.0,
13:03:51.545,1.0404,1.0079,1.0091,0.0,normal,0.0,normal,0.0,normal,0.0,NORMAL,0.1,0.0,100,normal,YES,PASS,0.0,0.0,0.016,0.0,
13:03:51.685,1.0212,1.0111,1.0011,0.0,normal,0.0,normal,0.0,normal,0.0,NORMAL,0.0,0.0,100,normal,YES,PASS,0.0,0.0,0.008,0.0,
13:03:51.847,1.0201,1.0014,1.0099,0.0,normal,0.0,normal,0.0,normal,0.0,NORMAL,0.0,0.0,100,normal,YES,PASS,0.0,0.0,0.008,0.0,
13:03:51.991,1.0267,1.0039,1.0028,0.0,normal,0.0,normal,0.0,normal,0.0,NORMAL,0.1,0.0,100,normal,YES,PASS,0.0,0.0,0.011,0.0,
13:03:52.142,1.0413,1.0017,1.0041,0.0,normal,0.0,normal,0.0,normal,0.0,NORMAL,0.1,0.0,100,normal,YES,PASS,0.0,0.0,0.017,0.0,
13:03:52.297,1.0104,1.0084,1.0133,0.0,normal,0.0,normal,0.0,normal,0.0,NORMAL,0.0,0.0,100,normal,YES,PASS,0.0,0.0,0.004,0.0,
13:03:52.438,1.0197,1.0041,1.0066,0.0,normal,0.0,normal,0.0,normal,0.0,NORMAL,0.0,0.0,100,normal,YES,PASS,0.0,0.0,0.008,0.0,
13:03:52.587,1.0531,1.0057,1.0022,0.0,normal,0.0,normal,0.0,normal,0.0,NORMAL,0.1,0.0,100,normal,YES,PASS,0.0,0.0,0.021,0.0,
13:03:52.739,1.005,1.0049,1.0019,0.0,normal,0.0,normal,0.0,normal,0.0,NORMAL,0.0,0.0,100,normal,YES,PASS,0.0,0.0,0.002,0.0,
13:03:52.878,1.0077,1.0069,1.0074,0.0,normal,0.0,normal,0.0,normal,0.0,NORMAL,0.0,0.0,100,normal,YES,PASS,0.0,0.0,0.003,0.0,
13:03:53.031,1.0088,1.0013,1.0049,0.0,normal,0.0,normal,0.0,normal,0.0,NORMAL,0.0,0.0,100,normal,YES,PASS,0.0,0.0,0.004,0.0,
13:03:53.170,1.0463,1.0019,1.0026,0.0,normal,0.0,normal,0.0,normal,0.0,NORMAL,0.1,0.0,100,normal,YES,PASS,0.0,0.0,0.019,0.0,
13:03:53.325,1.0159,1.0064,1.0087,0.0,normal,0.0,normal,0.0,normal,0.0,NORMAL,0.0,0.0,100,normal,YES,PASS,0.0,0.0,0.006,0.0,
13:03:53.470,1.0325,1.0057,1.0024,0.0,normal,0.0,normal,0.0,normal,0.0,NORMAL,0.1,0.0,100,normal,YES,PASS,0.0,0.0,0.013,0.0,
13:03:53.620,1.0254,1.0029,1.0004,0.0,normal,0.0,normal,0.0,normal,0.0,NORMAL,0.1,0.0,100,normal,YES,PASS,0.0,0.0,0.01,0.0,
13:03:53.779,1.014,1.0047,1.0116,0.0,normal,0.0,normal,0.0,normal,0.0,NORMAL,0.0,0.0,100,normal,YES,PASS,0.0,0.0,0.006,0.0,
13:03:53.943,1.0075,1.0016,1.0089,0.0,normal,0.0,normal,0.0,normal,0.0,NORMAL,0.0,0.0,100,normal,YES,PASS,0.0,0.0,0.003,0.0,
13:03:54.105,1.0561,1.0072,1.0062,0.0,normal,0.0,normal,0.0,normal,0.0,NORMAL,0.1,0.0,100,normal,YES,PASS,0.0,0.0,0.022,0.0,
13:03:54.280,1.0435,1.0053,1.013,0.0,normal,0.0,normal,0.0,normal,0.0,NORMAL,0.1,0.0,100,normal,YES,PASS,0.0,0.0,0.017,0.0,
13:03:54.462,1.0129,1.0037,1.0132,0.0,normal,0.0,normal,0.0,normal,0.0,NORMAL,0.0,0.0,100,normal,YES,PASS,0.0,0.0,0.005,0.0,
13:03:54.642,1.0035,1.018,1.0117,0.0,normal,0.0,normal,0.0,normal,0.0,NORMAL,0.0,0.0,100,normal,YES,PASS,0.0,0.0,0.001,0.0,
13:03:54.802,1.044,1.0012,1.0107,0.0,normal,0.0,normal,0.0,normal,0.0,NORMAL,0.1,0.0,100,normal,YES,PASS,0.0,0.0,0.018,0.0,
13:03:54.979,1.0513,1.0032,1.0007,0.0,normal,0.0,normal,0.0,normal,0.0,NORMAL,0.1,0.0,100,normal,YES,PASS,0.0,0.0,0.021,0.0,
13:03:55.153,1.03,1.0045,1.0094,0.0,normal,0.0,normal,0.0,normal,0.0,NORMAL,0.1,0.0,100,normal,YES,PASS,0.0,0.0,0.012,0.0,
13:03:55.326,1.0056,1.0158,1.002,0.0,normal,0.0,normal,0.0,normal,0.0,NORMAL,0.0,0.0,100,normal,YES,PASS,0.0,0.0,0.002,0.0,
13:03:55.608,1.0381,1.011,1.0105,0.0,normal,0.0,normal,0.0,normal,0.0,NORMAL,0.1,0.0,100,normal,YES,PASS,0.0,0.0,0.015,0.0,
13:03:55.865,1.0541,1.001,1.0068,0.0,normal,0.0,normal,0.0,normal,0.0,NORMAL,0.1,0.0,100,normal,YES,PASS,0.0,0.0,0.022,0.0,
13:03:56.104,1.0402,1.0067,1.0096,0.0,normal,0.0,normal,0.0,normal,0.0,NORMAL,0.1,0.0,100,normal,YES,PASS,0.0,0.0,0.016,0.0,
13:03:56.294,1.0521,1.0075,1.0016,0.0,normal,0.0,normal,0.0,normal,0.0,NORMAL,0.1,0.0,100,normal,YES,PASS,0.0,0.0,0.021,0.0,
13:03:56.527,1.0487,1.0024,1.0046,0.0,normal,0.0,normal,0.0,normal,0.0,NORMAL,0.1,0.0,100,normal,YES,PASS,0.0,0.0,0.019,0.0,
13:03:56.702,1.0184,1.0032,1.005,0.0,normal,0.0,normal,0.0,normal,0.0,NORMAL,0.0,0.0,100,normal,YES,PASS,0.0,0.0,0.007,0.0,
13:03:56.876,1.0244,1.0126,1.0069,0.0,normal,0.0,normal,0.0,normal,0.0,NORMAL,0.0,0.0,100,normal,YES,PASS,0.0,0.0,0.01,0.0,
13:03:57.038,1.0473,1.0091,1.0087,0.0,normal,0.0,normal,0.0,normal,0.0,NORMAL,0.1,0.0,100,normal,YES,PASS,0.0,0.0,0.019,0.0,
13:03:57.213,1.0312,1.0028,1.0113,0.0,normal,0.0,normal,0.0,normal,0.0,NORMAL,0.1,0.0,100,normal,YES,PASS,0.0,0.0,0.012,0.0,
13:03:57.371,1.0183,1.0089,1.011,0.0,normal,0.0,normal,0.0,normal,0.0,NORMAL,0.0,0.0,100,normal,YES,PASS,0.0,0.0,0.007,0.0,
13:03:57.548,1.0111,1.0035,1.0034,0.0,normal,0.0,normal,0.0,normal,0.0,NORMAL,0.0,0.0,100,normal,YES,PASS,0.0,0.0,0.004,0.0,
13:03:57.723,1.0149,1.0037,1.004,0.0,normal,0.0,normal,0.0,normal,0.0,NORMAL,0.0,0.0,100,normal,YES,PASS,0.0,0.0,0.006,0.0,
13:03:57.882,1.0162,1.0014,1.0108,0.0,normal,0.0,normal,0.0,normal,0.0,NORMAL,0.0,0.0,100,normal,YES,PASS,0.0,0.0,0.006,0.0,
13:03:58.058,1.0351,1.0075,1.0056,0.0,normal,0.0,normal,0.0,normal,0.0,NORMAL,0.1,0.0,100,normal,YES,PASS,0.0,0.0,0.014,0.0,
13:03:58.231,1.0169,1.0063,1.0099,0.0,normal,0.0,normal,0.0,normal,0.0,NORMAL,0.0,0.0,100,normal,YES,PASS,0.0,0.0,0.007,0.0,
13:03:58.406,1.0408,1.0068,1.0029,0.0,normal,0.0,normal,0.0,normal,0.0,NORMAL,0.1,0.0,100,normal,YES,PASS,0.0,0.0,0.016,0.0,
13:03:58.579,1.0173,1.0007,1.0023,0.0,normal,0.0,normal,0.0,normal,0.0,NORMAL,0.0,0.0,100,normal,YES,PASS,0.0,0.0,0.007,0.0,
13:03:58.754,1.0422,1.0071,1.0133,0.0,normal,0.0,normal,0.0,normal,0.0,NORMAL,0.1,0.0,100,normal,YES,PASS,0.0,0.0,0.017,0.0,
13:03:58.928,1.0543,1.0119,1.0064,0.0,normal,0.0,normal,0.0,normal,0.0,NORMAL,0.1,0.0,100,normal,YES,PASS,0.0,0.0,0.022,0.0,
13:03:59.115,1.0338,1.0134,1.0028,0.0,normal,0.0,normal,0.0,normal,0.0,NORMAL,0.1,0.0,100,normal,YES,PASS,0.0,0.0,0.014,0.0,
13:03:59.290,1.043,1.0068,1.0066,0.0,normal,0.0,normal,0.0,normal,0.0,NORMAL,0.1,0.0,100,normal,YES,PASS,0.0,0.0,0.017,0.0,
13:03:59.434,1.0444,1.0072,1.0029,0.0,normal,0.0,normal,0.0,normal,0.0,NORMAL,0.1,0.0,100,normal,YES,PASS,0.0,0.0,0.018,0.0,
13:03:59.610,1.0035,1.003,1.003,0.0,normal,0.0,normal,0.0,normal,0.0,NORMAL,0.0,0.0,100,normal,YES,PASS,0.0,0.0,0.001,0.0,
13:03:59.784,1.0255,1.0035,1.0015,0.0,normal,0.0,normal,0.0,normal,0.0,NORMAL,0.1,0.0,100,normal,YES,PASS,0.0,0.0,0.01,0.0,
13:03:59.959,1.0184,1.0091,1.0108,0.0,normal,0.0,normal,0.0,normal,0.0,NORMAL,0.0,0.0,100,normal,YES,PASS,0.0,0.0,0.007,0.0,
13:04:00.167,1.0399,1.002,1.0008,0.0,normal,0.0,normal,0.0,normal,0.0,NORMAL,0.1,0.0,100,normal,YES,PASS,0.0,0.0,0.016,0.0,
13:04:00.324,1.0086,1.0114,1.0063,0.0,normal,0.0,normal,0.0,normal,0.0,NORMAL,0.0,0.0,100,normal,YES,PASS,0.0,0.0,0.003,0.0,
13:04:00.482,1.0123,1.0088,1.0098,0.0,normal,0.0,normal,0.0,normal,0.0,NORMAL,0.0,0.0,100,normal,YES,PASS,0.0,0.0,0.005,0.0,
13:04:00.659,1.005,1.008,1.0093,0.0,normal,0.0,normal,0.0,normal,0.0,NORMAL,0.0,0.0,100,normal,YES,PASS,0.0,0.0,0.002,0.0,
13:04:00.833,1.0098,1.0092,1.0027,0.0,normal,0.0,normal,0.0,normal,0.0,NORMAL,0.0,0.0,100,normal,YES,PASS,0.0,0.0,0.004,0.0,
13:04:01.006,1.0223,1.0099,1.0095,0.0,normal,0.0,normal,0.0,normal,0.0,NORMAL,0.0,0.0,100,normal,YES,PASS,0.0,0.0,0.009,0.0,
13:04:01.180,1.0075,1.0093,1.0171,0.0,normal,0.0,normal,0.0,normal,0.0,NORMAL,0.0,0.0,100,normal,YES,PASS,0.0,0.0,0.003,0.0,
13:04:01.339,1.0432,1.0008,1.0068,0.0,normal,0.0,normal,0.0,normal,0.0,NORMAL,0.1,0.0,100,normal,YES,PASS,0.0,0.0,0.017,0.0,
13:04:01.513,1.0127,1.0046,1.0059,0.0,normal,0.0,normal,0.0,normal,0.0,NORMAL,0.0,0.0,100,normal,YES,PASS,0.0,0.0,0.005,0.0,
13:04:01.717,1.0241,1.0024,1.0166,0.0,normal,0.0,normal,0.0,normal,0.0,NORMAL,0.0,0.0,100,normal,YES,PASS,0.0,0.0,0.01,0.0,
13:04:01.876,1.0228,1.0102,1.0019,0.0,normal,0.0,normal,0.0,normal,0.0,NORMAL,0.0,0.0,100,normal,YES,PASS,0.0,0.0,0.009,0.0,
13:04:02.034,1.0258,1.0093,1.0138,0.0,normal,0.0,normal,0.0,normal,0.0,NORMAL,0.1,0.0,100,normal,YES,PASS,0.0,0.0,0.01,0.0,
13:04:02.209,1.0634,1.0066,1.0116,0.0,normal,0.0,normal,0.0,normal,0.0,NORMAL,0.1,0.0,100,normal,YES,PASS,0.0,0.0,0.025,0.0,
13:04:02.378,1.0555,1.0118,1.0005,0.0,normal,0.0,normal,0.0,normal,0.0,NORMAL,0.1,0.0,100,normal,YES,PASS,0.0,0.0,0.022,0.0,
13:04:02.550,1.0048,1.0097,1.0088,0.0,normal,0.0,normal,0.0,normal,0.0,NORMAL,0.0,0.0,100,normal,YES,PASS,0.0,0.0,0.002,0.0,
13:04:02.709,1.0119,1.0086,1.0017,0.0,normal,0.0,normal,0.0,normal,0.0,NORMAL,0.0,0.0,100,normal,YES,PASS,0.0,0.0,0.005,0.0,
13:04:02.877,1.0452,1.0026,1.005,0.0,normal,0.0,normal,0.0,normal,0.0,NORMAL,0.1,0.0,100,normal,YES,PASS,0.0,0.0,0.018,0.0,
13:04:03.067,1.0612,1.0077,1.0071,0.0,normal,0.0,normal,0.0,normal,0.0,NORMAL,0.1,0.0,100,normal,YES,PASS,0.0,0.0,0.024,0.0,
13:04:03.226,1.0029,1.0043,1.0134,0.0,normal,0.0,normal,0.0,normal,0.0,NORMAL,0.0,0.0,100,normal,YES,PASS,0.0,0.0,0.001,0.0,
13:04:03.432,1.0022,1.0146,1.0092,0.0,normal,0.0,normal,0.0,normal,0.0,NORMAL,0.0,0.0,100,normal,YES,PASS,0.0,0.0,0.001,0.0,
13:04:03.603,1.0653,1.0151,1.0061,0.0,normal,0.0,normal,0.0,normal,0.0,NORMAL,0.1,0.0,100,normal,YES,PASS,0.0,0.0,0.026,0.0,
13:04:03.777,1.0276,1.0089,1.004,0.0,normal,0.0,normal,0.0,normal,0.0,NORMAL,0.1,0.0,100,normal,YES,PASS,0.0,0.0,0.011,0.0,
13:04:03.961,1.0483,1.0006,1.0103,0.0,normal,0.0,normal,0.0,normal,0.0,NORMAL,0.1,0.0,100,normal,YES,PASS,0.0,0.0,0.019,0.0,
13:04:04.120,1.0114,1.0067,1.0016,0.0,normal,0.0,normal,0.0,normal,0.0,NORMAL,0.0,0.0,100,normal,YES,PASS,0.0,0.0,0.005,0.0,
13:04:04.294,1.0277,1.0043,1.0072,0.0,normal,0.0,normal,0.0,normal,0.0,NORMAL,0.1,0.0,100,normal,YES,PASS,0.0,0.0,0.011,0.0,
13:04:04.462,1.0172,1.0119,1.0065,0.0,normal,0.0,normal,0.0,normal,0.0,NORMAL,0.0,0.0,100,normal,YES,PASS,0.0,0.0,0.007,0.0,
13:04:04.636,1.0314,1.0057,1.0,0.0,normal,0.0,normal,0.0,normal,0.0,NORMAL,0.1,0.0,100,normal,YES,PASS,0.0,0.0,0.013,0.0,
13:04:04.809,1.0025,1.0037,1.0003,0.0,normal,0.0,normal,0.0,normal,0.0,NORMAL,0.0,0.0,100,normal,YES,PASS,0.0,0.0,0.001,0.0,
13:04:04.989,1.0025,1.0045,1.0185,0.0,normal,0.0,normal,0.0,normal,0.0,NORMAL,0.0,0.0,100,normal,YES,PASS,0.0,0.0,0.001,0.0,
