timestamp,imu_z,motion_score,decision,motor_speed,confidence
15:23:18.886,1.0,0,NORMAL,100,100.0%
15:23:18.940,0.0,0.0,NORMAL,100,87.0%
15:23:18.969,0.0,0.0,NORMAL,100,100.0%
15:23:19.050,0.0,0.0,NORMAL,100,100.0%
15:23:19.111,0.0,0.0,NORMAL,100,100.0%
15:23:19.178,0.0,0.0,NORMAL,100,100.0%
15:23:19.239,0.0,0.0,NORMAL,100,100.0%
15:23:19.302,0.0,0.0,NORMAL,100,100.0%
15:23:19.367,0.0,0.0,NORMAL,100,100.0%
15:23:19.447,0.0,0.0,NORMAL,100,100.0%
15:23:19.518,0.0,18.59,NORMAL,30,59.0%
15:23:19.579,0.0,5.66,NORMAL,30,59.0%
15:23:19.641,0.0,12.71,HAZARD,30,59.0%
15:23:19.705,0.0,30.1,HAZARD,30,59.0%
15:23:19.784,0.0,9.07,HAZARD,30,59.0%
15:23:19.845,0.0,15.7,HAZARD,30,59.0%
15:23:19.914,0.0,6.18,HAZARD,30,59.0%
15:23:19.989,0.0,11.61,HAZARD,30,59.0%
15:23:20.038,0.0,40.2,HAZARD,30,59.0%
15:23:20.104,0.0,33.94,HAZARD,30,59.0%
15:23:20.180,0.0,70.92,HAZARD,30,59.0%
15:23:20.244,0.0,46.98,HAZARD,30,59.0%
15:23:20.310,0.0,130.81,HAZARD,30,59.0%
15:23:20.380,0.0,108.56,HAZARD,30,59.0%
15:23:20.443,0.0,106.07,HAZARD,30,59.0%
15:23:20.509,0.0,158.18,HAZARD,30,59.0%
15:23:20.586,0.0,212.28,HAZARD,30,59.0%
15:23:20.645,0.0,156.12,HAZARD,30,59.0%
15:23:20.716,0.0,103.3,HAZARD,30,59.0%
15:23:20.778,0.0,0.71,HAZARD,100,100.0%
15:23:20.842,0.0,2.31,HAZARD,30,40.0%
15:23:20.922,0.0,49.6,HAZARD,30,59.0%
15:23:20.986,0.0,152.65,HAZARD,30,59.0%
15:23:21.048,0.0,173.72,HAZARD,30,59.0%
15:23:21.111,0.0,163.81,HAZARD,30,59.0%
15:23:21.187,0.0,244.69,HAZARD,30,59.0%
15:23:21.243,0.0,148.09,HAZARD,30,59.0%
15:23:21.323,0.0,171.88,HAZARD,30,59.0%
15:23:21.381,0.0,80.38,HAZARD,30,59.0%
15:23:21.445,0.0,50.94,HAZARD,30,59.0%
15:23:21.513,0.0,253.22,HAZARD,30,59.0%
15:23:21.577,0.0,256.96,HAZARD,30,59.0%
15:23:21.657,0.0,245.71,HAZARD,30,59.0%
15:23:21.720,0.0,121.85,HAZARD,30,59.0%
15:23:21.784,0.0,119.48,HAZARD,30,59.0%
15:23:21.845,0.0,99.89,HAZARD,30,59.0%
15:23:21.915,0.0,124.6,HAZARD,30,59.0%
15:23:21.977,0.0,81.35,HAZARD,30,59.0%
15:23:22.058,0.0,72.08,HAZARD,30,59.0%
15:23:22.121,0.0,77.79,HAZARD,30,59.0%
15:23:22.184,0.0,112.36,HAZARD,30,59.0%
15:23:22.251,0.0,63.3,HAZARD,30,59.0%
15:23:22.312,0.0,92.64,HAZARD,30,59.0%
15:23:22.392,0.0,69.19,HAZARD,30,59.0%
15:23:22.459,0.0,127.08,HAZARD,30,59.0%
15:23:22.521,0.0,66.08,HAZARD,30,59.0%
15:23:22.585,0.0,142.54,HAZARD,30,59.0%
15:23:22.647,0.0,67.41,HAZARD,30,59.0%
15:23:22.714,0.0,205.65,HAZARD,30,59.0%
15:23:22.793,0.0,252.37,HAZARD,30,59.0%
15:23:22.858,0.0,228.44,HAZARD,30,59.0%
15:23:22.923,0.0,182.38,HAZARD,30,59.0%
15:23:22.984,0.0,171.19,HAZARD,30,59.0%
15:23:23.048,0.0,233.13,HAZARD,30,59.0%
15:23:23.131,0.0,204.11,HAZARD,30,59.0%
15:23:23.192,0.0,165.74,HAZARD,30,59.0%
15:23:23.257,0.0,139.89,HAZARD,30,59.0%
15:23:23.321,0.0,101.42,HAZARD,30,59.0%
15:23:23.410,0.0,54.88,HAZARD,30,59.0%
15:23:23.445,0.0,81.37,HAZARD,30,59.0%
15:23:23.534,0.0,123.92,HAZARD,30,59.0%
15:23:23.593,0.0,150.33,HAZARD,30,59.0%
15:23:23.656,0.0,210.55,HAZARD,30,59.0%
15:23:23.721,0.0,170.44,HAZARD,30,59.0%
15:23:23.787,0.0,214.37,HAZARD,30,59.0%
15:23:23.865,0.0,95.97,HAZARD,30,59.0%
15:23:23.932,0.0,81.79,HAZARD,30,59.0%
15:23:23.993,0.0,114.57,HAZARD,30,59.0%
15:23:24.055,0.0,222.82,HAZARD,30,59.0%
15:23:24.121,0.0,167.84,HAZARD,30,59.0%
15:23:24.184,0.0,163.86,HAZARD,30,59.0%
15:23:24.262,0.0,163.63,HAZARD,30,59.0%
15:23:24.333,0.0,131.78,HAZARD,30,59.0%
15:23:24.394,0.0,107.33,HAZARD,30,59.0%
15:23:24.461,0.0,99.37,HAZARD,30,59.0%
15:23:24.523,0.0,97.82,HAZARD,30,59.0%
15:23:24.611,0.0,122.14,HAZARD,30,59.0%
15:23:24.662,0.0,200.51,HAZARD,30,59.0%
15:23:24.727,0.0,113.66,HAZARD,30,59.0%
15:23:24.794,0.0,80.97,HAZARD,30,59.0%
15:23:24.859,0.0,121.08,HAZARD,30,59.0%
15:23:24.921,0.0,144.25,HAZARD,30,59.0%
15:23:25.001,0.0,180.13,HAZARD,30,59.0%
15:23:25.061,0.0,54.23,HAZARD,30,59.0%
15:23:25.133,0.0,143.27,HAZARD,30,59.0%
15:23:25.200,0.0,171.11,HAZARD,30,59.0%
15:23:25.264,0.0,110.5,HAZARD,30,59.0%
15:23:25.319,0.0,117.02,HAZARD,30,59.0%
15:23:25.405,0.0,121.79,HAZARD,30,59.0%
15:23:25.465,0.0,222.82,HAZARD,30,59.0%
15:23:25.535,0.0,201.36,HAZARD,30,59.0%
15:23:25.601,0.0,171.22,HAZARD,30,59.0%
15:23:25.658,0.0,133.33,HAZARD,30,59.0%
15:23:25.743,0.0,81.81,HAZARD,30,59.0%
15:23:25.799,0.0,62.55,HAZARD,30,59.0%
15:23:25.863,0.0,61.91,HAZARD,30,59.0%
15:23:25.935,0.0,55.71,HAZARD,30,59.0%
15:23:25.999,0.0,106.32,HAZARD,30,59.0%
15:23:26.067,0.0,170.08,HAZARD,30,59.0%
15:23:26.138,0.0,104.6,HAZARD,30,59.0%
15:23:26.203,0.0,150.64,HAZARD,30,59.0%
15:23:26.268,0.0,168.72,HAZARD,30,59.0%
15:23:26.327,0.0,107.03,HAZARD,30,59.0%
15:23:26.401,0.0,43.09,HAZARD,30,59.0%
15:23:26.482,0.0,60.1,HAZARD,30,59.0%
15:23:26.542,0.0,61.81,HAZARD,30,59.0%
15:23:26.603,0.0,138.2,HAZARD,30,59.0%
15:23:26.694,0.0,142.13,HAZARD,30,59.0%
15:23:26.727,0.0,71.54,HAZARD,30,59.0%
15:23:26.790,0.0,162.22,HAZARD,30,59.0%
15:23:26.873,0.0,92.4,HAZARD,30,59.0%
15:23:26.942,0.0,114.95,HAZARD,30,59.0%
15:23:27.007,0.0,57.06,HAZARD,30,59.0%
15:23:27.063,0.0,107.88,HAZARD,30,59.0%
15:23:27.133,0.0,165.61,HAZARD,30,59.0%
15:23:27.222,0.0,191.24,HAZARD,30,59.0%
15:23:27.273,0.0,186.22,HAZARD,30,59.0%
15:23:27.337,0.0,151.73,HAZARD,30,59.0%
15:23:27.403,0.0,94.82,HAZARD,30,59.0%
15:23:27.463,0.0,50.88,HAZARD,30,59.0%
15:23:27.528,0.0,94.78,HAZARD,30,59.0%
15:23:27.614,0.0,92.7,HAZARD,30,59.0%
15:23:27.671,0.0,90.23,HAZARD,30,59.0%
15:23:27.745,0.0,122.12,HAZARD,30,59.0%
15:23:27.806,0.0,41.96,HAZARD,30,59.0%
15:23:27.873,0.0,77.77,HAZARD,30,59.0%
15:23:27.955,0.0,87.43,HAZARD,30,59.0%
15:23:28.018,0.0,60.14,HAZARD,30,59.0%
15:23:28.077,0.0,115.02,HAZARD,30,59.0%
15:23:28.139,0.0,58.98,HAZARD,30,59.0%
15:23:28.205,0.0,14.67,HAZARD,30,59.0%
15:23:28.274,0.0,53.3,HAZARD,30,59.0%
15:23:28.354,0.0,129.08,HAZARD,30,59.0%
15:23:28.415,0.0,116.82,HAZARD,30,59.0%
15:23:28.476,0.0,135.78,HAZARD,30,59.0%
15:23:28.539,0.0,110.3,HAZARD,30,59.0%
15:23:28.608,0.0,82.46,HAZARD,30,59.0%
15:23:28.687,0.0,115.63,HAZARD,30,59.0%
15:23:28.753,0.0,132.24,HAZARD,30,59.0%
15:23:28.820,0.0,108.32,HAZARD,30,59.0%
15:23:28.880,0.0,114.71,HAZARD,30,59.0%
15:23:28.944,0.0,63.63,HAZARD,30,59.0%
15:23:29.007,0.0,131.44,HAZARD,30,59.0%
15:23:29.089,0.0,118.16,HAZARD,30,59.0%
15:23:29.145,0.0,76.09,HAZARD,30,59.0%
15:23:29.218,0.0,68.73,HAZARD,30,59.0%
15:23:29.283,0.0,97.21,HAZARD,30,59.0%
15:23:29.347,0.0,114.88,HAZARD,30,59.0%
15:23:29.426,0.0,116.65,HAZARD,30,59.0%
15:23:29.486,0.0,113.1,HAZARD,30,59.0%
15:23:29.555,0.0,91.11,HAZARD,30,59.0%
15:23:29.612,0.0,72.6,HAZARD,30,59.0%
15:23:29.679,0.0,31.86,HAZARD,30,59.0%
15:23:29.740,0.0,19.12,HAZARD,30,59.0%
15:23:29.815,0.0,18.04,HAZARD,30,59.0%
15:23:29.892,0.0,37.03,HAZARD,30,59.0%
15:23:29.961,0.0,85.14,HAZARD,30,59.0%
15:23:30.017,0.0,108.94,HAZARD,30,59.0%
15:23:30.080,0.0,127.69,HAZARD,30,59.0%
15:23:30.142,0.0,91.89,HAZARD,30,59.0%
15:23:30.244,0.0,150.82,HAZARD,30,59.0%
15:23:30.281,0.0,192.7,HAZARD,30,59.0%
15:23:30.356,0.0,175.72,HAZARD,30,59.0%
15:23:30.418,0.0,79.24,HAZARD,30,59.0%
15:23:30.488,0.0,152.32,HAZARD,30,59.0%
15:23:30.561,0.0,61.58,HAZARD,30,59.0%
15:23:30.620,0.0,60.88,HAZARD,30,59.0%
15:23:30.694,0.0,54.84,HAZARD,30,59.0%
15:23:30.752,0.0,79.41,HAZARD,30,59.0%
15:23:30.818,0.0,51.42,HAZARD,30,59.0%
15:23:30.879,0.0,95.65,HAZARD,30,59.0%
15:23:30.959,0.0,144.9,HAZARD,30,59.0%
15:23:31.020,0.0,137.62,HAZARD,30,59.0%
15:23:31.086,0.0,127.69,HAZARD,30,59.0%
15:23:31.153,0.0,18.57,HAZARD,30,59.0%
15:23:31.209,0.0,51.94,HAZARD,30,59.0%
15:23:31.307,0.0,55.3,HAZARD,30,59.0%
15:23:31.358,0.0,45.33,HAZARD,30,59.0%
15:23:31.420,0.0,9.86,HAZARD,30,59.0%
15:23:31.485,0.0,24.55,HAZARD,30,59.0%
15:23:31.551,0.0,29.98,HAZARD,30,59.0%
15:23:31.620,0.0,0.51,HAZARD,100,100.0%
15:23:31.699,0.0,5.28,HAZARD,30,59.0%
15:23:31.759,0.0,27.75,HAZARD,30,59.0%
15:23:31.821,0.0,34.29,HAZARD,30,59.0%
15:23:31.890,0.0,28.99,HAZARD,30,59.0%
15:23:31.955,0.0,83.05,HAZARD,30,59.0%
15:23:32.027,0.0,110.48,HAZARD,30,59.0%
15:23:32.094,0.0,127.51,HAZARD,30,59.0%
15:23:32.161,0.0,139.41,HAZARD,30,59.0%
15:23:32.223,0.0,128.16,HAZARD,30,59.0%
15:23:32.286,0.0,102.15,HAZARD,30,59.0%
15:23:32.353,0.0,79.1,HAZARD,30,59.0%
15:23:32.435,0.0,98.35,HAZARD,30,59.0%
15:23:32.496,0.0,115.61,HAZARD,30,59.0%
15:23:32.557,0.0,82.15,HAZARD,30,59.0%
15:23:32.621,0.0,3.67,HAZARD,30,59.0%
15:23:32.690,0.0,5.25,HAZARD,30,59.0%
15:23:32.803,0.0,13.09,HAZARD,30,59.0%
15:23:32.830,0.0,18.0,HAZARD,30,59.0%
15:23:32.894,0.0,10.43,HAZARD,30,59.0%
15:23:32.959,0.0,2.51,HAZARD,30,49.0%
15:23:33.024,0.0,22.97,HAZARD,30,59.0%
15:23:33.085,0.0,30.62,HAZARD,30,59.0%
15:23:33.173,0.0,70.62,HAZARD,30,59.0%
15:23:33.232,0.0,120.38,HAZARD,30,59.0%
15:23:33.296,0.0,122.3,HAZARD,30,59.0%
15:23:33.356,0.0,108.86,HAZARD,30,59.0%
15:23:33.425,0.0,34.73,HAZARD,30,59.0%
15:23:33.508,0.0,3.2,HAZARD,30,59.0%
15:23:33.561,0.0,10.04,HAZARD,30,59.0%
15:23:33.635,0.0,4.78,HAZARD,30,59.0%
15:23:33.696,0.0,59.95,HAZARD,30,59.0%
15:23:33.755,0.0,78.49,HAZARD,30,59.0%
15:23:33.820,0.0,90.84,HAZARD,30,59.0%
15:23:33.909,0.0,65.62,HAZARD,30,59.0%
15:23:33.962,0.0,101.55,HAZARD,30,59.0%
15:23:34.043,0.0,80.96,HAZARD,30,59.0%
15:23:34.091,0.0,58.02,HAZARD,30,59.0%
15:23:34.162,0.0,29.77,HAZARD,30,59.0%
15:23:34.241,0.0,21.09,HAZARD,30,59.0%
15:23:34.306,0.0,47.19,HAZARD,30,59.0%
15:23:34.364,0.0,62.76,HAZARD,30,59.0%
15:23:34.433,0.0,99.77,HAZARD,30,59.0%
15:23:34.494,0.0,125.99,HAZARD,30,59.0%
15:23:34.559,0.0,132.85,HAZARD,30,59.0%
15:23:34.643,0.0,125.66,HAZARD,30,59.0%
15:23:34.702,0.0,128.64,HAZARD,30,59.0%
15:23:34.771,0.0,120.0,HAZARD,30,59.0%
15:23:34.837,0.0,121.74,HAZARD,30,59.0%
15:23:34.892,0.0,101.99,HAZARD,30,59.0%
15:23:34.954,0.0,117.49,HAZARD,30,59.0%
15:23:35.040,0.0,87.54,HAZARD,30,59.0%
15:23:35.102,0.0,77.38,HAZARD,30,59.0%
15:23:35.169,0.0,59.4,HAZARD,30,59.0%
15:23:35.233,0.0,29.06,HAZARD,30,59.0%
15:23:35.298,0.0,14.8,HAZARD,30,59.0%
15:23:35.395,0.0,48.56,HAZARD,30,59.0%
15:23:35.433,0.0,42.43,HAZARD,30,59.0%
15:23:35.504,0.0,53.07,HAZARD,30,59.0%
15:23:35.561,0.0,71.89,HAZARD,30,59.0%
15:23:35.635,0.0,76.14,HAZARD,30,59.0%
15:23:35.697,0.0,67.5,HAZARD,30,59.0%
15:23:35.774,0.0,61.22,HAZARD,30,59.0%
15:23:35.840,0.0,40.16,HAZARD,30,59.0%
15:23:35.895,0.0,21.56,HAZARD,30,59.0%
15:23:35.972,0.0,8.22,HAZARD,30,59.0%
15:23:36.024,0.0,14.18,HAZARD,30,59.0%
15:23:36.115,0.0,14.82,HAZARD,30,59.0%
15:23:36.171,0.0,0.58,HAZARD,100,100.0%
15:23:36.240,0.0,0.0,HAZARD,100,100.0%
15:23:36.303,0.0,0.0,NORMAL,100,100.0%
15:23:36.368,0.0,0.0,NORMAL,100,100.0%
15:23:36.430,0.0,0.0,NORMAL,100,100.0%
15:23:36.534,0.0,0.0,NORMAL,100,100.0%
15:23:36.567,0.0,0.0,NORMAL,100,100.0%
15:23:36.637,0.0,0.0,NORMAL,100,100.0%
15:23:36.706,0.0,0.0,NORMAL,100,100.0%
15:23:36.774,0.0,0.0,NORMAL,100,100.0%
15:23:36.853,0.0,0.0,NORMAL,100,100.0%
15:23:36.905,0.0,8.34,NORMAL,30,59.0%
15:23:36.972,0.0,3.1,NORMAL,30,59.0%
15:23:37.055,0.0,0.0,NORMAL,100,100.0%
15:23:37.098,0.0,0.0,NORMAL,100,100.0%
15:23:37.163,0.0,0.0,NORMAL,100,100.0%
15:23:37.251,0.0,0.0,NORMAL,100,100.0%
15:23:37.308,0.0,0.0,NORMAL,100,100.0%
15:23:37.368,0.0,0.0,NORMAL,100,100.0%
15:23:37.436,0.0,0.54,NORMAL,100,100.0%
15:23:37.507,0.0,0.0,NORMAL,100,100.0%
15:23:37.578,0.0,0.81,NORMAL,100,100.0%
15:23:37.645,0.0,5.71,NORMAL,30,59.0%
15:23:37.712,0.0,8.46,NORMAL,30,59.0%
15:23:37.776,0.0,0.0,NORMAL,100,100.0%
15:23:37.841,0.0,0.0,NORMAL,100,100.0%
15:23:37.907,0.0,0.0,NORMAL,100,100.0%
15:23:37.974,0.0,0.0,NORMAL,100,100.0%
15:23:38.045,0.0,0.0,NORMAL,100,100.0%
15:23:38.119,0.0,0.0,NORMAL,100,100.0%
15:23:38.167,0.0,0.0,NORMAL,100,100.0%
15:23:38.235,0.0,0.0,NORMAL,100,100.0%
15:23:38.325,0.0,0.0,NORMAL,100,100.0%
15:23:38.378,0.0,0.0,NORMAL,100,100.0%
15:23:38.442,0.0,0.0,NORMAL,100,100.0%
15:23:38.508,0.0,0.0,NORMAL,100,100.0%
15:23:38.569,0.0,0.0,NORMAL,100,100.0%
15:23:38.635,0.0,0.0,NORMAL,100,100.0%
15:23:38.730,0.0,0.0,NORMAL,100,100.0%
15:23:38.776,0.0,0.0,NORMAL,100,100.0%
15:23:38.842,0.0,0.0,NORMAL,100,100.0%
15:23:38.908,0.0,0.0,NORMAL,100,100.0%
15:23:38.972,0.0,0.0,NORMAL,100,100.0%
15:23:39.038,0.0,0.0,NORMAL,100,100.0%
15:23:39.123,0.0,0.0,NORMAL,100,100.0%
15:23:39.185,0.0,1.01,NORMAL,100,100.0%
15:23:39.250,0.0,13.69,NORMAL,30,59.0%
15:23:39.309,0.0,2.14,NORMAL,30,42.0%
15:23:39.372,0.0,47.66,HAZARD,30,59.0%
15:23:39.460,0.0,38.32,HAZARD,30,59.0%
15:23:39.522,0.0,44.3,HAZARD,30,59.0%
15:23:39.583,0.0,43.08,HAZARD,30,59.0%
15:23:39.643,0.0,57.49,HAZARD,30,59.0%
15:23:39.715,0.0,36.12,HAZARD,30,59.0%
15:23:39.772,0.0,0.54,HAZARD,100,100.0%
15:23:39.853,0.0,5.72,HAZARD,30,59.0%
15:23:39.917,0.0,13.63,HAZARD,30,59.0%
15:23:39.985,0.0,20.59,HAZARD,30,59.0%
15:23:40.046,0.0,17.86,HAZARD,30,59.0%
15:23:40.110,0.0,12.59,HAZARD,30,59.0%
15:23:40.191,0.0,76.44,HAZARD,30,59.0%
15:23:40.267,0.0,86.72,HAZARD,30,59.0%
15:23:40.309,0.0,121.52,HAZARD,30,59.0%
15:23:40.385,0.0,107.17,HAZARD,30,59.0%
15:23:40.443,0.0,42.39,HAZARD,30,59.0%
15:23:40.506,0.0,1.34,HAZARD,100,100.0%
15:23:40.586,0.0,38.34,HAZARD,30,59.0%
15:23:40.651,0.0,83.19,HAZARD,30,59.0%
15:23:40.719,0.0,105.02,HAZARD,30,59.0%
15:23:40.776,0.0,126.38,HAZARD,30,59.0%
15:23:40.852,0.0,140.24,HAZARD,30,59.0%
15:23:40.922,0.0,113.61,HAZARD,30,59.0%
15:23:40.989,0.0,74.2,HAZARD,30,59.0%
15:23:41.050,0.0,52.75,HAZARD,30,59.0%
15:23:41.113,0.0,46.07,HAZARD,30,59.0%
15:23:41.190,0.0,90.42,HAZARD,30,59.0%
15:23:41.250,0.0,127.5,HAZARD,30,59.0%
15:23:41.329,0.0,110.33,HAZARD,30,59.0%
15:23:41.392,0.0,61.96,HAZARD,30,59.0%
15:23:41.452,0.0,52.53,HAZARD,30,59.0%
15:23:41.517,0.0,40.26,HAZARD,30,59.0%
15:23:41.587,0.0,11.05,HAZARD,30,59.0%
15:23:41.664,0.0,16.93,HAZARD,30,59.0%
15:23:41.724,0.0,19.64,HAZARD,30,59.0%
15:23:41.790,0.0,30.72,HAZARD,30,59.0%
15:23:41.852,0.0,94.21,HAZARD,30,59.0%
15:23:41.922,0.0,105.79,HAZARD,30,59.0%
15:23:41.984,0.0,116.67,HAZARD,30,59.0%
15:23:42.066,0.0,96.39,HAZARD,30,59.0%
15:23:42.127,0.0,110.5,HAZARD,30,59.0%
15:23:42.187,0.0,155.99,HAZARD,30,59.0%
15:23:42.253,0.0,53.92,HAZARD,30,59.0%
15:23:42.323,0.0,140.88,HAZARD,30,59.0%
15:23:42.398,0.0,110.08,HAZARD,30,59.0%
15:23:42.458,0.0,125.8,HAZARD,30,59.0%
15:23:42.527,0.0,87.97,HAZARD,30,59.0%
15:23:42.589,0.0,121.67,HAZARD,30,59.0%
15:23:42.655,0.0,110.69,HAZARD,30,59.0%
15:23:42.716,0.0,57.34,HAZARD,30,59.0%
15:23:42.802,0.0,41.31,HAZARD,30,59.0%
15:23:42.861,0.0,19.15,HAZARD,30,59.0%
15:23:42.932,0.0,39.48,HAZARD,30,59.0%
15:23:42.989,0.0,102.48,HAZARD,30,59.0%
15:23:43.058,0.0,142.74,HAZARD,30,59.0%
15:23:43.139,0.0,156.41,HAZARD,30,59.0%
15:23:43.199,0.0,153.6,HAZARD,30,59.0%
15:23:43.264,0.0,83.08,HAZARD,30,59.0%
15:23:43.331,0.0,12.59,HAZARD,30,59.0%
15:23:43.386,0.0,25.32,HAZARD,30,59.0%
15:23:43.450,0.0,54.97,HAZARD,30,59.0%
15:23:43.533,0.0,60.4,HAZARD,30,59.0%
15:23:43.599,0.0,15.43,HAZARD,30,59.0%
15:23:43.662,0.0,8.02,HAZARD,30,59.0%
15:23:43.728,0.0,0.0,HAZARD,100,100.0%
15:23:43.843,0.0,0.0,HAZARD,100,100.0%
15:23:43.866,0.0,11.24,HAZARD,30,59.0%
15:23:43.933,0.0,9.05,HAZARD,30,59.0%
15:23:43.994,0.0,0.0,NORMAL,100,100.0%
15:23:44.058,0.0,0.0,NORMAL,100,100.0%
15:23:44.123,0.0,3.37,HAZARD,30,59.0%
15:23:44.205,0.0,0.0,NORMAL,100,100.0%
15:23:44.266,0.0,0.0,NORMAL,100,100.0%
15:23:44.327,0.0,0.0,NORMAL,100,100.0%
15:23:44.398,0.0,1.87,NORMAL,60,43.0%
15:23:44.473,0.0,0.0,NORMAL,100,100.0%
15:23:44.521,0.0,0.0,NORMAL,100,100.0%
15:23:44.585,0.0,2.26,NORMAL,30,41.0%
15:23:44.666,0.0,0.0,NORMAL,100,100.0%
15:23:44.740,0.0,0.5,NORMAL,100,100.0%
15:23:44.798,0.0,0.0,NORMAL,100,100.0%
15:23:44.865,0.0,0.0,NORMAL,100,100.0%
15:23:44.937,0.0,0.0,NORMAL,100,100.0%
15:23:45.007,0.0,0.0,NORMAL,100,100.0%
15:23:45.069,0.0,0.0,NORMAL,100,100.0%
15:23:45.139,0.0,0.0,NORMAL,100,100.0%
15:23:45.201,0.0,0.0,NORMAL,100,100.0%
15:23:45.267,0.0,0.0,NORMAL,100,100.0%
15:23:45.329,0.0,0.0,NORMAL,100,100.0%
15:23:45.407,0.0,0.0,NORMAL,100,100.0%
15:23:45.470,0.0,0.0,NORMAL,100,100.0%
15:23:45.531,0.0,2.63,NORMAL,30,55.0%
15:23:45.599,0.0,0.0,NORMAL,100,100.0%
15:23:45.664,0.0,36.35,NORMAL,30,59.0%
15:23:45.744,0.0,44.45,HAZARD,30,59.0%
15:23:45.806,0.0,51.15,HAZARD,30,59.0%
15:23:45.871,0.0,41.59,HAZARD,30,59.0%
15:23:45.935,0.0,46.16,HAZARD,30,59.0%
15:23:45.993,0.0,49.72,HAZARD,30,59.0%
15:23:46.059,0.0,86.45,HAZARD,30,59.0%
15:23:46.141,0.0,100.3,HAZARD,30,59.0%
15:23:46.200,0.0,106.1,HAZARD,30,59.0%
15:23:46.272,0.0,99.55,HAZARD,30,59.0%
15:23:46.333,0.0,8.04,HAZARD,30,59.0%
15:23:46.405,0.0,11.76,HAZARD,30,59.0%
15:23:46.477,0.0,68.13,HAZARD,30,59.0%
15:23:46.540,0.0,65.23,HAZARD,30,59.0%
15:23:46.610,0.0,49.64,HAZARD,30,59.0%
15:23:46.670,0.0,45.55,HAZARD,30,59.0%
15:23:46.739,0.0,81.53,HAZARD,30,59.0%
15:23:46.804,0.0,67.53,HAZARD,30,59.0%
15:23:46.883,0.0,69.48,HAZARD,30,59.0%
15:23:46.943,0.0,61.73,HAZARD,30,59.0%
15:23:47.006,0.0,57.51,HAZARD,30,59.0%
15:23:47.068,0.0,83.0,HAZARD,30,59.0%
15:23:47.138,0.0,27.23,HAZARD,30,59.0%
15:23:47.218,0.0,38.81,HAZARD,30,59.0%
15:23:47.282,0.0,134.61,HAZARD,30,59.0%
15:23:47.337,0.0,102.18,HAZARD,30,59.0%
15:23:47.456,0.0,65.91,HAZARD,30,59.0%
15:23:47.484,0.0,35.09,HAZARD,30,59.0%
15:23:47.532,0.0,58.25,HAZARD,30,59.0%
15:23:47.616,0.0,103.0,HAZARD,30,59.0%
15:23:47.675,0.0,73.04,HAZARD,30,59.0%
15:23:47.733,0.0,45.97,HAZARD,30,59.0%
15:23:47.803,0.0,60.02,HAZARD,30,59.0%
15:23:47.871,0.0,54.45,HAZARD,30,59.0%
15:23:47.955,0.0,80.56,HAZARD,30,59.0%
15:23:48.014,0.0,78.39,HAZARD,30,59.0%
15:23:48.073,0.0,84.24,HAZARD,30,59.0%
15:23:48.139,0.0,63.47,HAZARD,30,59.0%
15:23:48.199,0.0,53.73,HAZARD,30,59.0%
15:23:48.267,0.0,49.11,HAZARD,30,59.0%
15:23:48.344,0.0,92.74,HAZARD,30,59.0%
15:23:48.409,0.0,41.34,HAZARD,30,59.0%
15:23:48.479,0.0,61.02,HAZARD,30,59.0%
15:23:48.539,0.0,68.04,HAZARD,30,59.0%
15:23:48.600,0.0,67.27,HAZARD,30,59.0%
15:23:48.668,0.0,51.25,HAZARD,30,59.0%
15:23:48.746,0.0,76.18,HAZARD,30,59.0%
15:23:48.815,0.0,77.24,HAZARD,30,59.0%
15:23:48.875,0.0,88.65,HAZARD,30,59.0%
15:23:48.943,0.0,27.1,HAZARD,30,59.0%
15:23:49.004,0.0,53.34,HAZARD,30,59.0%
15:23:49.081,0.0,77.01,HAZARD,30,59.0%
15:23:49.155,0.0,75.54,HAZARD,30,59.0%
15:23:49.213,0.0,64.09,HAZARD,30,59.0%
15:23:49.280,0.0,27.7,HAZARD,30,59.0%
15:23:49.339,0.0,30.78,HAZARD,30,59.0%
15:23:49.403,0.0,57.13,HAZARD,30,59.0%
15:23:49.489,0.0,16.12,HAZARD,30,59.0%
15:23:49.546,0.0,18.61,HAZARD,30,59.0%
15:23:49.612,0.0,49.26,HAZARD,30,59.0%
15:23:49.676,0.0,61.63,HAZARD,30,59.0%
15:23:49.742,0.0,57.08,HAZARD,30,59.0%
15:23:49.818,0.0,37.03,HAZARD,30,59.0%
15:23:49.884,0.0,11.76,HAZARD,30,59.0%
15:23:49.949,0.0,33.01,HAZARD,30,59.0%
15:23:50.010,0.0,45.8,HAZARD,30,59.0%
15:23:50.079,0.0,27.18,HAZARD,30,59.0%
15:23:50.136,0.0,4.57,HAZARD,30,59.0%
15:23:50.220,0.0,0.95,HAZARD,100,100.0%
15:23:50.284,0.0,13.16,HAZARD,30,59.0%
15:23:50.352,0.0,37.22,HAZARD,30,59.0%
15:23:50.415,0.0,52.41,HAZARD,30,59.0%
15:23:50.480,0.0,57.41,HAZARD,30,59.0%
15:23:50.557,0.0,43.33,HAZARD,30,59.0%
15:23:50.616,0.0,60.48,HAZARD,30,59.0%
15:23:50.698,0.0,49.21,HAZARD,30,59.0%
15:23:50.741,0.0,55.03,HAZARD,30,59.0%
15:23:50.817,0.0,28.47,HAZARD,30,59.0%
15:23:50.877,0.0,6.68,HAZARD,30,59.0%
15:23:50.957,0.0,26.3,HAZARD,30,59.0%
15:23:51.022,0.0,15.89,HAZARD,30,59.0%
15:23:51.081,0.0,48.33,HAZARD,30,59.0%
15:23:51.151,0.0,70.97,HAZARD,30,59.0%
15:23:51.215,0.0,61.6,HAZARD,30,59.0%
15:23:51.294,0.0,48.16,HAZARD,30,59.0%
15:23:51.356,0.0,12.06,HAZARD,30,59.0%
15:23:51.420,0.0,16.03,HAZARD,30,59.0%
15:23:51.486,0.0,11.8,HAZARD,30,59.0%
15:23:51.548,0.0,12.9,HAZARD,30,59.0%
15:23:51.610,0.0,29.04,HAZARD,30,59.0%
15:23:51.698,0.0,0.0,HAZARD,100,100.0%
15:23:51.768,0.0,8.11,HAZARD,30,59.0%
15:23:51.817,0.0,9.88,HAZARD,30,59.0%
15:23:51.885,0.0,6.01,HAZARD,30,59.0%
15:23:51.954,0.0,0.0,HAZARD,100,100.0%
15:23:52.031,0.0,0.79,HAZARD,100,100.0%
15:23:52.094,0.0,1.16,NORMAL,100,100.0%
15:23:52.158,0.0,1.45,NORMAL,100,62.0%
15:23:52.221,0.0,0.5,NORMAL,100,100.0%
15:23:52.281,0.0,2.65,NORMAL,30,55.0%
15:23:52.353,0.0,2.87,NORMAL,30,58.0%
15:23:52.434,0.0,4.59,HAZARD,30,59.0%
15:23:52.492,0.0,14.4,HAZARD,30,59.0%
15:23:52.558,0.0,3.66,HAZARD,30,59.0%
15:23:52.618,0.0,0.81,HAZARD,100,100.0%
15:23:52.684,0.0,0.81,HAZARD,100,100.0%
15:23:52.766,0.0,0.0,NORMAL,100,100.0%
15:23:52.834,0.0,0.0,NORMAL,100,100.0%
15:23:52.896,0.0,0.0,NORMAL,100,100.0%
15:23:52.957,0.0,0.0,NORMAL,100,100.0%
15:23:53.018,0.0,0.0,NORMAL,100,100.0%
15:23:53.086,0.0,0.0,NORMAL,100,100.0%
15:23:53.161,0.0,0.0,NORMAL,100,100.0%
15:23:53.234,0.0,0.0,NORMAL,100,100.0%
15:23:53.298,0.0,0.0,NORMAL,100,100.0%
15:23:53.354,0.0,6.51,NORMAL,30,59.0%
15:23:53.421,0.0,0.0,NORMAL,100,100.0%
15:23:53.484,0.0,2.05,NORMAL,30,40.0%
15:23:53.568,0.0,1.37,NORMAL,100,100.0%
15:23:53.633,0.0,0.0,NORMAL,100,100.0%
15:23:53.694,0.0,0.0,NORMAL,100,100.0%
15:23:53.758,0.0,0.61,NORMAL,100,100.0%
15:23:53.819,0.0,2.31,NORMAL,30,40.0%
15:23:53.901,0.0,0.0,NORMAL,100,100.0%
15:23:53.967,0.0,0.0,NORMAL,100,100.0%
15:23:54.030,0.0,0.0,NORMAL,100,100.0%
15:23:54.096,0.0,0.0,NORMAL,100,100.0%
15:23:54.154,0.0,0.0,NORMAL,100,100.0%
15:23:54.220,0.0,0.0,NORMAL,100,100.0%
15:23:54.302,0.0,0.7,NORMAL,100,100.0%
15:23:54.370,0.0,4.63,NORMAL,30,59.0%
15:23:54.444,0.0,20.89,NORMAL,30,59.0%
15:23:54.493,0.0,27.87,HAZARD,30,59.0%
15:23:54.556,0.0,40.7,HAZARD,30,59.0%
15:23:54.636,0.0,56.78,HAZARD,30,59.0%
15:23:54.699,0.0,50.42,HAZARD,30,59.0%
15:23:54.766,0.0,126.05,HAZARD,30,59.0%
15:23:54.832,0.0,50.26,HAZARD,30,59.0%
15:23:54.892,0.0,18.54,HAZARD,30,59.0%
15:23:54.956,0.0,44.35,HAZARD,30,59.0%
15:23:55.037,0.0,1.79,HAZARD,60,49.0%
15:23:55.101,0.0,20.6,HAZARD,30,59.0%
15:23:55.159,0.0,48.06,HAZARD,30,59.0%
15:23:55.232,0.0,51.98,HAZARD,30,59.0%
15:23:55.292,0.0,69.51,HAZARD,30,59.0%
15:23:55.368,0.0,58.83,HAZARD,30,59.0%
15:23:55.439,0.0,37.74,HAZARD,30,59.0%
15:23:55.501,0.0,46.08,HAZARD,30,59.0%
15:23:55.567,0.0,35.92,HAZARD,30,59.0%
15:23:55.631,0.0,10.59,HAZARD,30,59.0%
15:23:55.690,0.0,46.1,HAZARD,30,59.0%
15:23:55.775,0.0,55.71,HAZARD,30,59.0%
15:23:55.845,0.0,53.85,HAZARD,30,59.0%
15:23:55.901,0.0,69.22,HAZARD,30,59.0%
15:23:55.965,0.0,61.27,HAZARD,30,59.0%
15:23:56.037,0.0,40.78,HAZARD,30,59.0%
15:23:56.105,0.0,31.11,HAZARD,30,59.0%
15:23:56.167,0.0,13.6,HAZARD,30,59.0%
15:23:56.232,0.0,13.37,HAZARD,30,59.0%
15:23:56.294,0.0,34.06,HAZARD,30,59.0%
15:23:56.365,0.0,58.31,HAZARD,30,59.0%
15:23:56.424,0.0,82.0,HAZARD,30,59.0%
15:23:56.513,0.0,75.68,HAZARD,30,59.0%
15:23:56.577,0.0,82.94,HAZARD,30,59.0%
15:23:56.637,0.0,112.49,HAZARD,30,59.0%
15:23:56.698,0.0,148.95,HAZARD,30,59.0%
15:23:56.760,0.0,132.14,HAZARD,30,59.0%
15:23:56.841,0.0,75.0,HAZARD,30,59.0%
15:23:56.905,0.0,71.66,HAZARD,30,59.0%
15:23:56.967,0.0,107.8,HAZARD,30,59.0%
15:23:57.038,0.0,45.33,HAZARD,30,59.0%
15:23:57.098,0.0,25.82,HAZARD,30,59.0%
15:23:57.165,0.0,21.67,HAZARD,30,59.0%
15:23:57.248,0.0,40.67,HAZARD,30,59.0%
15:23:57.308,0.0,94.96,HAZARD,30,59.0%
15:23:57.375,0.0,66.75,HAZARD,30,59.0%
15:23:57.437,0.0,63.76,HAZARD,30,59.0%
15:23:57.499,0.0,41.1,HAZARD,30,59.0%
15:23:57.584,0.0,55.3,HAZARD,30,59.0%
15:23:57.644,0.0,97.97,HAZARD,30,59.0%
15:23:57.708,0.0,77.67,HAZARD,30,59.0%
15:23:57.772,0.0,38.85,HAZARD,30,59.0%
15:23:57.835,0.0,41.73,HAZARD,30,59.0%
15:23:57.901,0.0,56.93,HAZARD,30,59.0%
15:23:57.984,0.0,69.67,HAZARD,30,59.0%
15:23:58.044,0.0,80.29,HAZARD,30,59.0%
15:23:58.109,0.0,51.93,HAZARD,30,59.0%
15:23:58.174,0.0,43.65,HAZARD,30,59.0%
15:23:58.233,0.0,43.76,HAZARD,30,59.0%
15:23:58.297,0.0,42.25,HAZARD,30,59.0%
15:23:58.382,0.0,53.96,HAZARD,30,59.0%
15:23:58.444,0.0,45.8,HAZARD,30,59.0%
15:23:58.507,0.0,57.37,HAZARD,30,59.0%
15:23:58.574,0.0,51.3,HAZARD,30,59.0%
15:23:58.633,0.0,62.16,HAZARD,30,59.0%
15:23:58.716,0.0,58.41,HAZARD,30,59.0%
15:23:58.783,0.0,33.86,HAZARD,30,59.0%
15:23:58.844,0.0,7.74,HAZARD,30,59.0%
15:23:58.912,0.0,12.8,HAZARD,30,59.0%
15:23:58.970,0.0,10.71,HAZARD,30,59.0%
15:23:59.037,0.0,20.97,HAZARD,30,59.0%
15:23:59.118,0.0,20.93,HAZARD,30,59.0%
15:23:59.183,0.0,31.68,HAZARD,30,59.0%
15:23:59.245,0.0,20.75,HAZARD,30,59.0%
15:23:59.305,0.0,25.57,HAZARD,30,59.0%
15:23:59.373,0.0,20.55,HAZARD,30,59.0%
15:23:59.448,0.0,41.97,HAZARD,30,59.0%
15:23:59.518,0.0,63.28,HAZARD,30,59.0%
15:23:59.576,0.0,58.51,HAZARD,30,59.0%
15:23:59.649,0.0,57.45,HAZARD,30,59.0%
15:23:59.709,0.0,49.97,HAZARD,30,59.0%
15:23:59.771,0.0,14.58,HAZARD,30,59.0%
15:23:59.854,0.0,2.31,HAZARD,30,40.0%
15:23:59.916,0.0,15.24,HAZARD,30,59.0%
15:23:59.982,0.0,39.2,HAZARD,30,59.0%
15:24:00.042,0.0,15.62,HAZARD,30,59.0%
15:24:00.110,0.0,4.96,HAZARD,30,59.0%
15:24:00.189,0.0,9.1,HAZARD,30,59.0%
15:24:00.250,0.0,5.17,HAZARD,30,59.0%
15:24:00.319,0.0,30.87,HAZARD,30,59.0%
15:24:00.384,0.0,29.68,HAZARD,30,59.0%
15:24:00.449,0.0,10.66,HAZARD,30,59.0%
15:24:00.504,0.0,11.66,HAZARD,30,59.0%
15:24:00.591,0.0,2.85,HAZARD,30,58.0%
15:24:00.652,0.0,14.76,HAZARD,30,59.0%
15:24:00.717,0.0,30.17,HAZARD,30,59.0%
15:24:00.784,0.0,25.43,HAZARD,30,59.0%
15:24:00.839,0.0,31.54,HAZARD,30,59.0%
15:24:00.927,0.0,27.88,HAZARD,30,59.0%
15:24:00.989,0.0,16.83,HAZARD,30,59.0%
15:24:01.052,0.0,14.26,HAZARD,30,59.0%
15:24:01.116,0.0,35.69,HAZARD,30,59.0%
15:24:01.184,0.0,36.08,HAZARD,30,59.0%
15:24:01.242,0.0,12.56,HAZARD,30,59.0%
15:24:01.326,0.0,11.77,HAZARD,30,59.0%
15:24:01.384,0.0,13.6,HAZARD,30,59.0%
15:24:01.477,0.0,1.08,HAZARD,100,100.0%
15:24:01.509,0.0,15.31,HAZARD,30,59.0%
15:24:01.583,0.0,6.42,HAZARD,30,59.0%
15:24:01.654,0.0,5.31,HAZARD,30,59.0%
15:24:01.722,0.0,0.0,HAZARD,100,100.0%
15:24:01.793,0.0,11.75,HAZARD,30,59.0%
15:24:01.852,0.0,3.02,HAZARD,30,59.0%
15:24:01.918,0.0,0.68,HAZARD,100,100.0%
15:24:01.983,0.0,0.0,NORMAL,100,100.0%
15:24:02.058,0.0,0.0,NORMAL,100,100.0%
15:24:02.124,0.0,13.6,NORMAL,30,59.0%
15:24:02.189,0.0,12.52,NORMAL,30,59.0%
15:24:02.251,0.0,0.0,NORMAL,100,100.0%
15:24:02.314,0.0,5.9,HAZARD,30,59.0%
15:24:02.399,0.0,2.22,HAZARD,30,42.0%
15:24:02.458,0.0,0.0,HAZARD,100,100.0%
15:24:02.527,0.0,1.51,HAZARD,60,48.0%
15:24:02.585,0.0,25.02,HAZARD,30,59.0%
15:24:02.651,0.0,39.19,HAZARD,30,59.0%
15:24:02.718,0.0,32.51,HAZARD,30,59.0%
15:24:02.805,0.0,134.21,HAZARD,30,59.0%
15:24:02.858,0.0,69.02,HAZARD,30,59.0%
15:24:02.928,0.0,66.02,HAZARD,30,59.0%
15:24:02.987,0.0,169.26,HAZARD,30,59.0%
15:24:03.055,0.0,155.72,HAZARD,30,59.0%
15:24:03.110,0.0,92.5,HAZARD,30,59.0%
15:24:03.198,0.0,81.7,HAZARD,30,59.0%
15:24:03.259,0.0,77.19,HAZARD,30,59.0%
15:24:03.327,0.0,29.77,HAZARD,30,59.0%
15:24:03.387,0.0,31.59,HAZARD,30,59.0%
15:24:03.449,0.0,4.31,HAZARD,30,59.0%
15:24:03.536,0.0,17.04,HAZARD,30,59.0%
15:24:03.599,0.0,45.87,HAZARD,30,59.0%
15:24:03.664,0.0,53.01,HAZARD,30,59.0%
15:24:03.719,0.0,62.88,HAZARD,30,59.0%
15:24:03.791,0.0,90.31,HAZARD,30,59.0%
15:24:03.849,0.0,188.85,HAZARD,30,59.0%
15:24:03.935,0.0,68.81,HAZARD,30,59.0%
15:24:04.001,0.0,104.22,HAZARD,30,59.0%
15:24:04.067,0.0,141.87,HAZARD,30,59.0%
15:24:04.122,0.0,222.06,HAZARD,30,59.0%
15:24:04.191,0.0,175.68,HAZARD,30,59.0%
15:24:04.270,0.0,129.14,HAZARD,30,59.0%
15:24:04.331,0.0,55.03,HAZARD,30,59.0%
15:24:04.393,0.0,98.18,HAZARD,30,59.0%
15:24:04.464,0.0,57.09,HAZARD,30,59.0%
15:24:04.525,0.0,153.24,HAZARD,30,59.0%
15:24:04.590,0.0,94.15,HAZARD,30,59.0%
15:24:04.668,0.0,119.11,HAZARD,30,59.0%
15:24:04.738,0.0,6.34,HAZARD,30,59.0%
15:24:04.800,0.0,31.2,HAZARD,30,59.0%
15:24:04.862,0.0,40.65,HAZARD,30,59.0%
15:24:04.925,0.0,18.03,HAZARD,30,59.0%
15:24:05.004,0.0,52.97,HAZARD,30,59.0%
15:24:05.067,0.0,85.35,HAZARD,30,59.0%
15:24:05.133,0.0,119.23,HAZARD,30,59.0%
15:24:05.200,0.0,234.52,HAZARD,30,59.0%
15:24:05.262,0.0,127.69,HAZARD,30,59.0%
15:24:05.326,0.0,36.72,HAZARD,30,59.0%
15:24:05.402,0.0,115.72,HAZARD,30,59.0%
15:24:05.465,0.0,170.87,HAZARD,30,59.0%
15:24:05.534,0.0,99.77,HAZARD,30,59.0%
15:24:05.598,0.0,200.98,HAZARD,30,59.0%
15:24:05.657,0.0,117.81,HAZARD,30,59.0%
15:24:05.742,0.0,59.55,HAZARD,30,59.0%
15:24:05.805,0.0,66.07,HAZARD,30,59.0%
15:24:05.867,0.0,168.27,HAZARD,30,59.0%
15:24:05.929,0.0,160.95,HAZARD,30,59.0%
15:24:05.998,0.0,152.27,HAZARD,30,59.0%
15:24:06.063,0.0,200.28,HAZARD,30,59.0%
15:24:06.145,0.0,144.92,HAZARD,30,59.0%
15:24:06.204,0.0,129.13,HAZARD,30,59.0%
15:24:06.267,0.0,90.57,HAZARD,30,59.0%
15:24:06.330,0.0,120.71,HAZARD,30,59.0%
15:24:06.403,0.0,117.18,HAZARD,30,59.0%
15:24:06.487,0.0,105.34,HAZARD,30,59.0%
15:24:06.534,0.0,117.46,HAZARD,30,59.0%
15:24:06.607,0.0,123.18,HAZARD,30,59.0%
15:24:06.663,0.0,28.91,HAZARD,30,59.0%
15:24:06.735,0.0,66.13,HAZARD,30,59.0%
15:24:06.793,0.0,55.51,HAZARD,30,59.0%
15:24:06.879,0.0,65.3,HAZARD,30,59.0%
15:24:06.944,0.0,44.7,HAZARD,30,59.0%
15:24:07.004,0.0,25.88,HAZARD,30,59.0%
15:24:07.067,0.0,12.29,HAZARD,30,59.0%
15:24:07.136,0.0,12.61,HAZARD,30,59.0%
15:24:07.216,0.0,1.22,HAZARD,100,100.0%
15:24:07.280,0.0,5.17,HAZARD,30,59.0%
15:24:07.341,0.0,3.3,HAZARD,30,59.0%
15:24:07.405,0.0,4.94,HAZARD,30,59.0%
15:24:07.464,0.0,6.26,HAZARD,30,59.0%
15:24:07.532,0.0,5.33,HAZARD,30,59.0%
15:24:07.616,0.0,1.24,HAZARD,100,100.0%
15:24:07.673,0.0,9.99,HAZARD,30,59.0%
15:24:07.742,0.0,13.57,HAZARD,30,59.0%
15:24:07.804,0.0,20.53,HAZARD,30,59.0%
15:24:07.867,0.0,22.35,HAZARD,30,59.0%
15:24:07.943,0.0,33.79,HAZARD,30,59.0%
15:24:08.016,0.0,49.04,HAZARD,30,59.0%
15:24:08.082,0.0,50.75,HAZARD,30,59.0%
15:24:08.139,0.0,70.01,HAZARD,30,59.0%
15:24:08.202,0.0,62.59,HAZARD,30,59.0%
15:24:08.268,0.0,64.23,HAZARD,30,59.0%
15:24:08.352,0.0,72.25,HAZARD,30,59.0%
15:24:08.427,0.0,68.94,HAZARD,30,59.0%
15:24:08.470,0.0,78.71,HAZARD,30,59.0%
15:24:08.535,0.0,67.46,HAZARD,30,59.0%
15:24:08.601,0.0,65.36,HAZARD,30,59.0%
15:24:08.669,0.0,75.0,HAZARD,30,59.0%
15:24:08.743,0.0,122.09,HAZARD,30,59.0%
15:24:08.807,0.0,146.59,HAZARD,30,59.0%
15:24:08.873,0.0,150.33,HAZARD,30,59.0%
15:24:08.944,0.0,131.57,HAZARD,30,59.0%
15:24:08.999,0.0,159.88,HAZARD,30,59.0%
15:24:09.081,0.0,144.54,HAZARD,30,59.0%
15:24:09.150,0.0,178.26,HAZARD,30,59.0%
15:24:09.216,0.0,152.07,HAZARD,30,59.0%
15:24:09.275,0.0,98.52,HAZARD,30,59.0%
15:24:09.339,0.0,73.74,HAZARD,30,59.0%
15:24:09.406,0.0,133.01,HAZARD,30,59.0%
15:24:09.485,0.0,144.62,HAZARD,30,59.0%
15:24:09.548,0.0,184.49,HAZARD,30,59.0%
15:24:09.613,0.0,104.05,HAZARD,30,59.0%
15:24:09.678,0.0,126.4,HAZARD,30,59.0%
15:24:09.745,0.0,100.01,HAZARD,30,59.0%
15:24:09.820,0.0,130.14,HAZARD,30,59.0%
15:24:09.885,0.0,125.24,HAZARD,30,59.0%
15:24:09.955,0.0,116.34,HAZARD,30,59.0%
15:24:10.006,0.0,82.8,HAZARD,30,59.0%
15:24:10.071,0.0,75.53,HAZARD,30,59.0%
15:24:10.152,0.0,116.07,HAZARD,30,59.0%
15:24:10.217,0.0,68.43,HAZARD,30,59.0%
15:24:10.279,0.0,131.73,HAZARD,30,59.0%
15:24:10.356,0.0,156.08,HAZARD,30,59.0%
15:24:10.406,0.0,119.33,HAZARD,30,59.0%
15:24:10.483,0.0,87.03,HAZARD,30,59.0%
15:24:10.551,0.0,101.86,HAZARD,30,59.0%
15:24:10.616,0.0,65.37,HAZARD,30,59.0%
15:24:10.677,0.0,49.52,HAZARD,30,59.0%
15:24:10.755,0.0,125.86,HAZARD,30,59.0%
15:24:10.809,0.0,135.0,HAZARD,30,59.0%
15:24:10.870,0.0,147.26,HAZARD,30,59.0%
15:24:10.951,0.0,174.88,HAZARD,30,59.0%
15:24:11.032,0.0,162.06,HAZARD,30,59.0%
15:24:11.078,0.0,124.58,HAZARD,30,59.0%
15:24:11.150,0.0,61.8,HAZARD,30,59.0%
15:24:11.211,0.0,24.71,HAZARD,30,59.0%
15:24:11.319,0.0,74.37,HAZARD,30,59.0%
15:24:11.350,0.0,133.75,HAZARD,30,59.0%
15:24:11.429,0.0,201.72,HAZARD,30,59.0%
15:24:11.479,0.0,213.88,HAZARD,30,59.0%
15:24:11.549,0.0,169.01,HAZARD,30,59.0%
15:24:11.608,0.0,97.27,HAZARD,30,59.0%
15:24:11.689,0.0,71.53,HAZARD,30,59.0%
15:24:11.751,0.0,31.95,HAZARD,30,59.0%
15:24:11.847,0.0,123.75,HAZARD,30,59.0%
15:24:11.877,0.0,201.89,HAZARD,30,59.0%
15:24:11.943,0.0,246.85,HAZARD,30,59.0%
15:24:12.033,0.0,172.66,HAZARD,30,59.0%
15:24:12.094,0.0,274.9,HAZARD,30,59.0%
15:24:12.153,0.0,205.07,HAZARD,30,59.0%
15:24:12.215,0.0,67.23,HAZARD,30,59.0%
15:24:12.287,0.0,16.42,HAZARD,30,59.0%
15:24:12.342,0.0,84.15,HAZARD,30,59.0%
15:24:12.432,0.0,162.83,HAZARD,30,59.0%
15:24:12.494,0.0,134.46,HAZARD,30,59.0%
15:24:12.557,0.0,236.04,HAZARD,30,59.0%
15:24:12.618,0.0,220.96,HAZARD,30,59.0%
15:24:12.684,0.0,15.96,HAZARD,30,59.0%
15:24:12.765,0.0,50.42,HAZARD,30,59.0%
15:24:12.830,0.0,109.2,HAZARD,30,59.0%
15:24:12.895,0.0,114.11,HAZARD,30,59.0%
15:24:12.958,0.0,60.97,HAZARD,30,59.0%
15:24:13.021,0.0,4.03,HAZARD,30,59.0%
15:24:13.084,0.0,35.57,HAZARD,30,59.0%
15:24:13.164,0.0,54.15,HAZARD,30,59.0%
15:24:13.227,0.0,175.85,HAZARD,30,59.0%
15:24:13.287,0.0,4.99,HAZARD,30,59.0%
15:24:13.355,0.0,11.74,HAZARD,30,59.0%
15:24:13.418,0.0,29.39,HAZARD,30,59.0%
15:24:13.480,0.0,62.52,HAZARD,30,59.0%
15:24:13.562,0.0,74.09,HAZARD,30,59.0%
15:24:13.623,0.0,82.2,HAZARD,30,59.0%
15:24:13.687,0.0,102.52,HAZARD,30,59.0%
15:24:13.753,0.0,79.27,HAZARD,30,59.0%
15:24:13.817,0.0,82.04,HAZARD,30,59.0%
15:24:13.898,0.0,130.18,HAZARD,30,59.0%
15:24:13.959,0.0,145.78,HAZARD,30,59.0%
15:24:14.027,0.0,190.29,HAZARD,30,59.0%
15:24:14.089,0.0,197.66,HAZARD,30,59.0%
15:24:14.153,0.0,200.95,HAZARD,30,59.0%
15:24:14.222,0.0,6.26,HAZARD,30,59.0%
15:24:14.301,0.0,76.02,HAZARD,30,59.0%
15:24:14.367,0.0,59.78,HAZARD,30,59.0%
15:24:14.423,0.0,23.11,HAZARD,30,59.0%
15:24:14.497,0.0,9.48,HAZARD,30,59.0%
15:24:14.557,0.0,54.98,HAZARD,30,59.0%
15:24:14.637,0.0,6.61,HAZARD,30,59.0%
15:24:14.700,0.0,26.77,HAZARD,30,59.0%
15:24:14.765,0.0,39.44,HAZARD,30,59.0%
15:24:14.831,0.0,36.95,HAZARD,30,59.0%
15:24:14.892,0.0,23.81,HAZARD,30,59.0%
15:24:14.959,0.0,55.51,HAZARD,30,59.0%
15:24:15.037,0.0,96.24,HAZARD,30,59.0%
15:24:15.100,0.0,141.7,HAZARD,30,59.0%
15:24:15.164,0.0,162.74,HAZARD,30,59.0%
15:24:15.232,0.0,112.79,HAZARD,30,59.0%
15:24:15.298,0.0,133.86,HAZARD,30,59.0%
15:24:15.378,0.0,97.19,HAZARD,30,59.0%
15:24:15.435,0.0,83.76,HAZARD,30,59.0%
15:24:15.496,0.0,71.18,HAZARD,30,59.0%
15:24:15.564,0.0,190.65,HAZARD,30,59.0%
15:24:15.625,0.0,159.63,HAZARD,30,59.0%
15:24:15.691,0.0,123.54,HAZARD,30,59.0%
15:24:15.768,0.0,67.7,HAZARD,30,59.0%
15:24:15.831,0.0,92.51,HAZARD,30,59.0%
15:24:15.896,0.0,58.8,HAZARD,30,59.0%
15:24:15.959,0.0,169.7,HAZARD,30,59.0%
15:24:16.025,0.0,213.56,HAZARD,30,59.0%
15:24:16.105,0.0,205.19,HAZARD,30,59.0%
15:24:16.167,0.0,186.35,HAZARD,30,59.0%
15:24:16.232,0.0,151.71,HAZARD,30,59.0%
15:24:16.298,0.0,175.05,HAZARD,30,59.0%
15:24:16.366,0.0,177.07,HAZARD,30,59.0%
15:24:16.431,0.0,116.53,HAZARD,30,59.0%
15:24:16.510,0.0,170.74,HAZARD,30,59.0%
15:24:16.569,0.0,201.77,HAZARD,30,59.0%
15:24:16.636,0.0,232.96,HAZARD,30,59.0%
15:24:16.700,0.0,190.76,HAZARD,30,59.0%
15:24:16.764,0.0,78.85,HAZARD,30,59.0%
15:24:16.844,0.0,149.12,HAZARD,30,59.0%
15:24:16.912,0.0,1.24,HAZARD,100,100.0%
15:24:16.967,0.0,0.0,HAZARD,100,100.0%
15:24:17.037,0.0,14.09,HAZARD,30,59.0%
15:24:17.100,0.0,15.89,HAZARD,30,59.0%
15:24:17.168,0.0,72.92,HAZARD,30,59.0%
15:24:17.246,0.0,54.0,HAZARD,30,59.0%
15:24:17.309,0.0,64.68,HAZARD,30,59.0%
15:24:17.373,0.0,97.99,HAZARD,30,59.0%
15:24:17.438,0.0,98.58,HAZARD,30,59.0%
15:24:17.497,0.0,97.12,HAZARD,30,59.0%
15:24:17.578,0.0,24.45,HAZARD,30,59.0%
15:24:17.657,0.0,7.09,HAZARD,30,59.0%
15:24:17.706,0.0,45.25,HAZARD,30,59.0%
15:24:17.769,0.0,59.36,HAZARD,30,59.0%
15:24:17.834,0.0,78.88,HAZARD,30,59.0%
15:24:17.898,0.0,120.54,HAZARD,30,59.0%
15:24:17.978,0.0,34.8,HAZARD,30,59.0%
15:24:18.042,0.0,31.89,HAZARD,30,59.0%
15:24:18.104,0.0,80.9,HAZARD,30,59.0%
15:24:18.167,0.0,136.67,HAZARD,30,59.0%
15:24:18.237,0.0,60.77,HAZARD,30,59.0%
15:24:18.300,0.0,0.87,HAZARD,100,100.0%
15:24:18.374,0.0,40.56,HAZARD,30,59.0%
15:24:18.448,0.0,94.12,HAZARD,30,59.0%
15:24:18.509,0.0,73.56,HAZARD,30,59.0%
15:24:18.573,0.0,21.38,HAZARD,30,59.0%
15:24:18.638,0.0,58.47,HAZARD,30,59.0%
15:24:18.717,0.0,94.77,HAZARD,30,59.0%
15:24:18.797,0.0,31.32,HAZARD,30,59.0%
15:24:18.837,0.0,49.75,HAZARD,30,59.0%
15:24:18.913,0.0,138.41,HAZARD,30,59.0%
15:24:18.972,0.0,88.19,HAZARD,30,59.0%
15:24:19.035,0.0,36.06,HAZARD,30,59.0%
15:24:19.117,0.0,53.89,HAZARD,30,59.0%
15:24:19.180,0.0,126.33,HAZARD,30,59.0%
15:24:19.245,0.0,146.13,HAZARD,30,59.0%
15:24:19.310,0.0,28.83,HAZARD,30,59.0%
15:24:19.372,0.0,61.25,HAZARD,30,59.0%
15:24:19.453,0.0,232.58,HAZARD,30,59.0%
15:24:19.509,0.0,7.17,HAZARD,30,59.0%
15:24:19.584,0.0,26.62,HAZARD,30,59.0%
15:24:19.643,0.0,3.32,HAZARD,30,59.0%
15:24:19.713,0.0,11.38,HAZARD,30,59.0%
15:24:19.774,0.0,21.4,HAZARD,30,59.0%
15:24:19.850,0.0,38.25,HAZARD,30,59.0%
15:24:19.915,0.0,42.21,HAZARD,30,59.0%
15:24:19.986,0.0,92.94,HAZARD,30,59.0%
15:24:20.045,0.0,89.15,HAZARD,30,59.0%
15:24:20.111,0.0,93.69,HAZARD,30,59.0%
15:24:20.191,0.0,41.93,HAZARD,30,59.0%
15:24:20.252,0.0,26.71,HAZARD,30,59.0%
15:24:20.316,0.0,8.99,HAZARD,30,59.0%
15:24:20.388,0.0,27.54,HAZARD,30,59.0%
15:24:20.448,0.0,32.35,HAZARD,30,59.0%
15:24:20.512,0.0,26.52,HAZARD,30,59.0%
15:24:20.588,0.0,27.12,HAZARD,30,59.0%
15:24:20.651,0.0,27.7,HAZARD,30,59.0%
15:24:20.713,0.0,47.79,HAZARD,30,59.0%
15:24:20.780,0.0,59.58,HAZARD,30,59.0%
15:24:20.846,0.0,83.1,HAZARD,30,59.0%
15:24:20.930,0.0,95.38,HAZARD,30,59.0%
15:24:20.987,0.0,80.13,HAZARD,30,59.0%
15:24:21.054,0.0,125.49,HAZARD,30,59.0%
15:24:21.113,0.0,176.11,HAZARD,30,59.0%
15:24:21.185,0.0,206.42,HAZARD,30,59.0%
15:24:21.248,0.0,150.72,HAZARD,30,59.0%
15:24:21.326,0.0,127.74,HAZARD,30,59.0%
15:24:21.385,0.0,163.62,HAZARD,30,59.0%
15:24:21.449,0.0,125.54,HAZARD,30,59.0%
15:24:21.520,0.0,196.11,HAZARD,30,59.0%
15:24:21.581,0.0,200.3,HAZARD,30,59.0%
15:24:21.662,0.0,147.59,HAZARD,30,59.0%
15:24:21.707,0.0,123.26,HAZARD,30,59.0%
15:24:21.773,0.0,78.67,HAZARD,30,59.0%
15:24:21.838,0.0,102.08,HAZARD,30,59.0%
15:24:21.896,0.0,137.64,HAZARD,30,59.0%
15:24:21.963,0.0,94.33,HAZARD,30,59.0%
15:24:22.047,0.0,86.04,HAZARD,30,59.0%
15:24:22.113,0.0,87.73,HAZARD,30,59.0%
15:24:22.170,0.0,80.86,HAZARD,30,59.0%
15:24:22.237,0.0,102.91,HAZARD,30,59.0%
15:24:22.301,0.0,132.04,HAZARD,30,59.0%
15:24:22.368,0.0,143.55,HAZARD,30,59.0%
15:24:22.451,0.0,140.75,HAZARD,30,59.0%
15:24:22.504,0.0,93.14,HAZARD,30,59.0%
15:24:22.574,0.0,73.76,HAZARD,30,59.0%
15:24:22.637,0.0,47.26,HAZARD,30,59.0%
15:24:22.698,0.0,82.94,HAZARD,30,59.0%
15:24:22.781,0.0,67.63,HAZARD,30,59.0%
15:24:22.848,0.0,125.31,HAZARD,30,59.0%
15:24:22.890,0.0,83.45,HAZARD,30,59.0%
15:24:22.938,0.0,124.72,HAZARD,30,59.0%
15:24:22.984,0.0,133.19,HAZARD,30,59.0%
15:24:23.036,0.0,140.39,HAZARD,30,59.0%
15:24:23.082,0.0,65.81,HAZARD,30,59.0%
15:24:23.149,0.0,117.65,HAZARD,30,59.0%
15:24:23.199,0.0,93.21,HAZARD,30,59.0%
15:24:23.239,0.0,123.78,HAZARD,30,59.0%
15:24:23.290,0.0,145.96,HAZARD,30,59.0%
15:24:23.337,0.0,107.99,HAZARD,30,59.0%
15:24:23.391,0.0,228.81,HAZARD,30,59.0%
15:24:23.414,0.0,235.09,HAZARD,30,59.0%
15:24:23.447,0.0,104.72,HAZARD,30,59.0%
15:24:23.495,0.0,103.07,HAZARD,30,59.0%
15:24:23.527,0.0,115.52,HAZARD,30,59.0%
15:24:23.559,0.0,81.72,HAZARD,30,59.0%
15:24:23.595,0.0,56.16,HAZARD,30,59.0%
15:24:23.626,0.0,49.83,HAZARD,30,59.0%
15:24:23.656,0.0,64.53,HAZARD,30,59.0%
15:24:23.687,0.0,48.61,HAZARD,30,59.0%
15:24:23.722,0.0,43.78,HAZARD,30,59.0%
15:24:23.752,0.0,46.33,HAZARD,30,59.0%
15:24:23.783,0.0,45.08,HAZARD,30,59.0%
15:24:23.818,0.0,47.44,HAZARD,30,59.0%
15:24:23.847,0.0,56.19,HAZARD,30,59.0%
15:24:23.899,0.0,66.84,HAZARD,30,59.0%
15:24:23.927,0.0,63.74,HAZARD,30,59.0%
15:24:23.958,0.0,20.17,HAZARD,30,59.0%
15:24:23.990,0.0,61.27,HAZARD,30,59.0%
15:24:24.025,0.0,56.06,HAZARD,30,59.0%
15:24:24.057,0.0,29.59,HAZARD,30,59.0%
15:24:24.088,0.0,15.85,HAZARD,30,59.0%
15:24:24.121,0.0,34.98,HAZARD,30,59.0%
15:24:24.153,0.0,39.8,HAZARD,30,59.0%
15:24:24.187,0.0,32.35,HAZARD,30,59.0%
15:24:24.215,0.0,35.47,HAZARD,30,59.0%
15:24:24.263,0.0,49.49,HAZARD,30,59.0%
15:24:24.315,0.0,66.71,HAZARD,30,59.0%
15:24:24.363,0.0,75.88,HAZARD,30,59.0%
15:24:24.415,0.0,82.64,HAZARD,30,59.0%
15:24:24.458,0.0,87.78,HAZARD,30,59.0%
15:24:24.504,0.0,75.64,HAZARD,30,59.0%
15:24:24.552,0.0,66.0,HAZARD,30,59.0%
15:24:24.619,0.0,108.39,HAZARD,30,59.0%
15:24:24.667,0.0,126.6,HAZARD,30,59.0%
15:24:24.712,0.0,153.77,HAZARD,30,59.0%
15:24:24.763,0.0,157.29,HAZARD,30,59.0%
15:24:24.810,0.0,61.97,HAZARD,30,59.0%
15:24:24.862,0.0,49.16,HAZARD,30,59.0%
15:24:24.908,0.0,63.16,HAZARD,30,59.0%
15:24:24.972,0.0,78.28,HAZARD,30,59.0%
15:24:25.016,0.0,102.23,HAZARD,30,59.0%
15:24:25.064,0.0,106.47,HAZARD,30,59.0%
15:24:25.113,0.0,115.19,HAZARD,30,59.0%
15:24:25.166,0.0,76.92,HAZARD,30,59.0%
15:24:25.214,0.0,118.08,HAZARD,30,59.0%
15:24:25.261,0.0,139.42,HAZARD,30,59.0%
15:24:25.341,0.0,149.04,HAZARD,30,59.0%
15:24:25.402,0.0,100.62,HAZARD,30,59.0%
15:24:25.469,0.0,171.4,HAZARD,30,59.0%
15:24:25.551,0.0,158.95,HAZARD,30,59.0%
15:24:25.589,0.0,172.79,HAZARD,30,59.0%
15:24:25.664,0.0,135.44,HAZARD,30,59.0%
15:24:25.733,0.0,130.05,HAZARD,30,59.0%
15:24:25.788,0.0,128.32,HAZARD,30,59.0%
15:24:25.834,0.0,161.6,HAZARD,30,59.0%
15:24:25.881,0.0,107.05,HAZARD,30,59.0%
15:24:25.946,0.0,115.37,HAZARD,30,59.0%
15:24:26.015,0.0,83.31,HAZARD,30,59.0%
15:24:26.087,0.0,43.5,HAZARD,30,59.0%
15:24:26.158,0.0,104.48,HAZARD,30,59.0%
15:24:26.219,0.0,171.2,HAZARD,30,59.0%
15:24:26.281,0.0,154.49,HAZARD,30,59.0%
15:24:26.349,0.0,100.1,HAZARD,30,59.0%
15:24:26.418,0.0,124.34,HAZARD,30,59.0%
15:24:26.497,0.0,159.24,HAZARD,30,59.0%
15:24:26.555,0.0,138.21,HAZARD,30,59.0%
15:24:26.622,0.0,93.41,HAZARD,30,59.0%
15:24:26.683,0.0,123.13,HAZARD,30,59.0%
15:24:26.751,0.0,131.05,HAZARD,30,59.0%
15:24:26.834,0.0,72.02,HAZARD,30,59.0%
15:24:26.894,0.0,110.27,HAZARD,30,59.0%
15:24:26.957,0.0,102.98,HAZARD,30,59.0%
15:24:27.019,0.0,86.55,HAZARD,30,59.0%
15:24:27.085,0.0,99.81,HAZARD,30,59.0%
15:24:27.147,0.0,65.17,HAZARD,30,59.0%
15:24:27.231,0.0,143.21,HAZARD,30,59.0%
15:24:27.298,0.0,163.64,HAZARD,30,59.0%
15:24:27.356,0.0,147.62,HAZARD,30,59.0%
15:24:27.419,0.0,170.16,HAZARD,30,59.0%
15:24:27.482,0.0,177.18,HAZARD,30,59.0%
15:24:27.561,0.0,106.76,HAZARD,30,59.0%
15:24:27.629,0.0,129.17,HAZARD,30,59.0%
15:24:27.692,0.0,147.43,HAZARD,30,59.0%
15:24:27.758,0.0,123.06,HAZARD,30,59.0%
15:24:27.824,0.0,76.99,HAZARD,30,59.0%
15:24:27.884,0.0,105.2,HAZARD,30,59.0%
15:24:27.964,0.0,130.2,HAZARD,30,59.0%
15:24:28.028,0.0,154.6,HAZARD,30,59.0%
15:24:28.090,0.0,121.93,HAZARD,30,59.0%
15:24:28.156,0.0,140.77,HAZARD,30,59.0%
15:24:28.219,0.0,129.44,HAZARD,30,59.0%
15:24:28.301,0.0,195.05,HAZARD,30,59.0%
15:24:28.365,0.0,208.21,HAZARD,30,59.0%
15:24:28.433,0.0,183.07,HAZARD,30,59.0%
15:24:28.497,0.0,215.34,HAZARD,30,59.0%
15:24:28.568,0.0,134.92,HAZARD,30,59.0%
15:24:28.622,0.0,165.2,HAZARD,30,59.0%
15:24:28.701,0.0,154.57,HAZARD,30,59.0%
15:24:28.767,0.0,152.29,HAZARD,30,59.0%
15:24:28.831,0.0,143.5,HAZARD,30,59.0%
15:24:28.892,0.0,137.35,HAZARD,30,59.0%
15:24:28.956,0.0,114.2,HAZARD,30,59.0%
15:24:29.038,0.0,88.73,HAZARD,30,59.0%
15:24:29.097,0.0,60.81,HAZARD,30,59.0%
15:24:29.166,0.0,62.47,HAZARD,30,59.0%
15:24:29.232,0.0,19.36,HAZARD,30,59.0%
15:24:29.296,0.0,4.4,HAZARD,30,59.0%
15:24:29.360,0.0,29.71,HAZARD,30,59.0%
15:24:29.439,0.0,50.82,HAZARD,30,59.0%
15:24:29.499,0.0,85.69,HAZARD,30,59.0%
15:24:29.567,0.0,95.82,HAZARD,30,59.0%
15:24:29.624,0.0,145.3,HAZARD,30,59.0%
15:24:29.698,0.0,158.67,HAZARD,30,59.0%
15:24:29.773,0.0,149.85,HAZARD,30,59.0%
15:24:29.834,0.0,97.35,HAZARD,30,59.0%
15:24:29.896,0.0,88.54,HAZARD,30,59.0%
15:24:29.963,0.0,169.73,HAZARD,30,59.0%
15:24:30.033,0.0,117.02,HAZARD,30,59.0%
15:24:30.094,0.0,72.52,HAZARD,30,59.0%
15:24:30.178,0.0,82.09,HAZARD,30,59.0%
15:24:30.236,0.0,182.71,HAZARD,30,59.0%
15:24:30.301,0.0,177.45,HAZARD,30,59.0%
15:24:30.366,0.0,189.09,HAZARD,30,59.0%
15:24:30.433,0.0,23.23,HAZARD,30,59.0%
15:24:30.493,0.0,111.09,HAZARD,30,59.0%
15:24:30.573,0.0,90.03,HAZARD,30,59.0%
15:24:30.640,0.0,106.39,HAZARD,30,59.0%
15:24:30.702,0.0,197.35,HAZARD,30,59.0%
15:24:30.765,0.0,174.81,HAZARD,30,59.0%
15:24:30.830,0.0,135.21,HAZARD,30,59.0%
15:24:30.912,0.0,134.09,HAZARD,30,59.0%
15:24:30.969,0.0,90.22,HAZARD,30,59.0%
15:24:31.037,0.0,115.24,HAZARD,30,59.0%
15:24:31.095,0.0,134.05,HAZARD,30,59.0%
15:24:31.167,0.0,135.07,HAZARD,30,59.0%
15:24:31.230,0.0,92.6,HAZARD,30,59.0%
15:24:31.311,0.0,135.91,HAZARD,30,59.0%
15:24:31.375,0.0,147.89,HAZARD,30,59.0%
15:24:31.438,0.0,62.96,HAZARD,30,59.0%
15:24:31.499,0.0,161.76,HAZARD,30,59.0%
15:24:31.564,0.0,76.99,HAZARD,30,59.0%
15:24:31.648,0.0,133.18,HAZARD,30,59.0%
15:24:31.712,0.0,81.5,HAZARD,30,59.0%
15:24:31.771,0.0,83.88,HAZARD,30,59.0%
15:24:31.832,0.0,37.41,HAZARD,30,59.0%
15:24:31.901,0.0,96.92,HAZARD,30,59.0%
15:24:31.957,0.0,144.86,HAZARD,30,59.0%
15:24:32.046,0.0,136.78,HAZARD,30,59.0%
15:24:32.113,0.0,79.85,HAZARD,30,59.0%
15:24:32.173,0.0,99.15,HAZARD,30,59.0%
15:24:32.238,0.0,144.02,HAZARD,30,59.0%
15:24:32.301,0.0,122.49,HAZARD,30,59.0%
15:24:32.381,0.0,162.42,HAZARD,30,59.0%
15:24:32.451,0.0,189.39,HAZARD,30,59.0%
15:24:32.504,0.0,192.44,HAZARD,30,59.0%
15:24:32.577,0.0,191.64,HAZARD,30,59.0%
15:24:32.650,0.0,162.17,HAZARD,30,59.0%
15:24:32.730,0.0,96.89,HAZARD,30,59.0%
15:24:32.776,0.0,88.15,HAZARD,30,59.0%
15:24:32.840,0.0,120.66,HAZARD,30,59.0%
15:24:32.914,0.0,35.72,HAZARD,30,59.0%
15:24:32.969,0.0,76.77,HAZARD,30,59.0%
15:24:33.038,0.0,81.9,HAZARD,30,59.0%
15:24:33.118,0.0,94.42,HAZARD,30,59.0%
15:24:33.179,0.0,69.53,HAZARD,30,59.0%
15:24:33.249,0.0,17.64,HAZARD,30,59.0%
15:24:33.310,0.0,0.0,HAZARD,100,100.0%
15:24:33.372,0.0,2.88,HAZARD,30,58.0%
15:24:33.438,0.0,0.0,HAZARD,100,100.0%
15:24:33.518,0.0,3.37,HAZARD,30,59.0%
15:24:33.581,0.0,13.4,HAZARD,30,59.0%
15:24:33.648,0.0,29.84,HAZARD,30,59.0%
15:24:33.712,0.0,24.33,HAZARD,30,59.0%
15:24:33.774,0.0,56.25,HAZARD,30,59.0%
15:24:33.854,0.0,41.34,HAZARD,30,59.0%
15:24:33.915,0.0,13.21,HAZARD,30,59.0%
15:24:33.983,0.0,3.78,HAZARD,30,59.0%
15:24:34.048,0.0,20.55,HAZARD,30,59.0%
15:24:34.110,0.0,31.52,HAZARD,30,59.0%
15:24:34.170,0.0,43.15,HAZARD,30,59.0%
15:24:34.256,0.0,18.03,HAZARD,30,59.0%
15:24:34.314,0.0,0.0,HAZARD,100,100.0%
15:24:34.380,0.0,28.76,HAZARD,30,59.0%
15:24:34.449,0.0,8.98,HAZARD,30,59.0%
15:24:34.506,0.0,3.33,HAZARD,30,59.0%
15:24:34.592,0.0,13.89,HAZARD,30,59.0%
15:24:34.652,0.0,1.58,HAZARD,60,49.0%
15:24:34.715,0.0,16.91,HAZARD,30,59.0%
15:24:34.780,0.0,39.55,HAZARD,30,59.0%
15:24:34.849,0.0,47.45,HAZARD,30,59.0%
15:24:34.906,0.0,16.73,HAZARD,30,59.0%
15:24:34.998,0.0,24.13,HAZARD,30,59.0%
15:24:35.048,0.0,46.12,HAZARD,30,59.0%
15:24:35.113,0.0,40.6,HAZARD,30,59.0%
15:24:35.182,0.0,27.13,HAZARD,30,59.0%
15:24:35.249,0.0,24.46,HAZARD,30,59.0%
15:24:35.313,0.0,28.86,HAZARD,30,59.0%
15:24:35.392,0.0,74.16,HAZARD,30,59.0%
15:24:35.449,0.0,155.24,HAZARD,30,59.0%
15:24:35.511,0.0,147.5,HAZARD,30,59.0%
15:24:35.584,0.0,76.75,HAZARD,30,59.0%
15:24:35.647,0.0,47.03,HAZARD,30,59.0%
15:24:35.725,0.0,22.9,HAZARD,30,59.0%
15:24:35.788,0.0,64.19,HAZARD,30,59.0%
15:24:35.852,0.0,36.75,HAZARD,30,59.0%
15:24:35.918,0.0,19.73,HAZARD,30,59.0%
15:24:35.985,0.0,0.97,HAZARD,100,100.0%
15:24:36.045,0.0,0.0,HAZARD,100,100.0%
15:24:36.123,0.0,10.3,HAZARD,30,59.0%
15:24:36.193,0.0,1.54,HAZARD,60,48.0%
15:24:36.278,0.0,0.0,NORMAL,100,100.0%
15:24:36.311,0.0,14.79,HAZARD,30,59.0%
15:24:36.379,0.0,23.05,HAZARD,30,59.0%
15:24:36.460,0.0,16.29,HAZARD,30,59.0%
15:24:36.528,0.0,0.81,HAZARD,100,100.0%
15:24:36.589,0.0,2.4,HAZARD,30,40.0%
15:24:36.651,0.0,77.35,HAZARD,30,59.0%
15:24:36.716,0.0,63.83,HAZARD,30,59.0%
15:24:36.780,0.0,11.74,HAZARD,30,59.0%
15:24:36.865,0.0,4.6,HAZARD,30,59.0%
15:24:36.923,0.0,3.15,HAZARD,30,59.0%
15:24:36.991,0.0,0.0,HAZARD,100,100.0%
15:24:37.048,0.0,0.0,HAZARD,100,100.0%
15:24:37.109,0.0,0.0,NORMAL,100,100.0%
15:24:37.197,0.0,2.77,NORMAL,30,58.0%
15:24:37.265,0.0,2.82,NORMAL,30,58.0%
15:24:37.324,0.0,11.54,HAZARD,30,59.0%
15:24:37.391,0.0,11.24,HAZARD,30,59.0%
15:24:37.451,0.0,34.95,HAZARD,30,59.0%
15:24:37.511,0.0,0.0,HAZARD,100,100.0%
15:24:37.599,0.0,0.0,HAZARD,100,100.0%
15:24:37.664,0.0,0.0,NORMAL,100,100.0%
15:24:37.724,0.0,2.7,NORMAL,30,56.0%
15:24:37.788,0.0,25.42,NORMAL,30,59.0%
15:24:37.852,0.0,16.0,HAZARD,30,59.0%
15:24:37.931,0.0,1.03,HAZARD,100,100.0%
15:24:37.996,0.0,1.5,HAZARD,100,51.0%
15:24:38.059,0.0,0.0,NORMAL,100,100.0%
15:24:38.130,0.0,0.0,NORMAL,100,100.0%
15:24:38.189,0.0,0.0,NORMAL,100,100.0%
15:24:38.253,0.0,40.75,NORMAL,30,59.0%
15:24:38.331,0.0,89.43,NORMAL,30,59.0%
15:24:38.398,0.0,142.17,HAZARD,30,59.0%
15:24:38.464,0.0,40.38,HAZARD,30,59.0%
15:24:38.527,0.0,179.89,HAZARD,30,59.0%
15:24:38.588,0.0,83.44,HAZARD,30,59.0%
15:24:38.668,0.0,147.48,HAZARD,30,59.0%
15:24:38.733,0.0,54.16,HAZARD,30,59.0%
15:24:38.796,0.0,67.81,HAZARD,30,59.0%
15:24:38.858,0.0,35.21,HAZARD,30,59.0%
15:24:38.933,0.0,48.98,HAZARD,30,59.0%
15:24:38.990,0.0,47.36,HAZARD,30,59.0%
15:24:39.070,0.0,58.29,HAZARD,30,59.0%
15:24:39.132,0.0,113.2,HAZARD,30,59.0%
15:24:39.198,0.0,89.16,HAZARD,30,59.0%
15:24:39.263,0.0,91.94,HAZARD,30,59.0%
15:24:39.331,0.0,47.71,HAZARD,30,59.0%
15:24:39.406,0.0,99.7,HAZARD,30,59.0%
15:24:39.478,0.0,11.77,HAZARD,30,59.0%
15:24:39.530,0.0,44.16,HAZARD,30,59.0%
15:24:39.606,0.0,89.92,HAZARD,30,59.0%
15:24:39.663,0.0,27.89,HAZARD,30,59.0%
15:24:39.724,0.0,19.63,HAZARD,30,59.0%
15:24:39.801,0.0,33.89,HAZARD,30,59.0%
15:24:39.862,0.0,46.72,HAZARD,30,59.0%
15:24:39.935,0.0,62.38,HAZARD,30,59.0%
15:24:39.995,0.0,55.03,HAZARD,30,59.0%
15:24:40.064,0.0,4.83,HAZARD,30,59.0%
15:24:40.131,0.0,42.83,HAZARD,30,59.0%
15:24:40.205,0.0,87.83,HAZARD,30,59.0%
15:24:40.270,0.0,61.05,HAZARD,30,59.0%
15:24:40.327,0.0,39.68,HAZARD,30,59.0%
15:24:40.399,0.0,57.37,HAZARD,30,59.0%
15:24:40.458,0.0,58.83,HAZARD,30,59.0%
15:24:40.538,0.0,17.38,HAZARD,30,59.0%
15:24:40.602,0.0,36.95,HAZARD,30,59.0%
15:24:40.662,0.0,81.52,HAZARD,30,59.0%
15:24:40.735,0.0,57.73,HAZARD,30,59.0%
15:24:40.797,0.0,18.04,HAZARD,30,59.0%
15:24:40.866,0.0,55.47,HAZARD,30,59.0%
15:24:40.946,0.0,59.52,HAZARD,30,59.0%
15:24:41.002,0.0,63.31,HAZARD,30,59.0%
15:24:41.068,0.0,109.79,HAZARD,30,59.0%
15:24:41.133,0.0,86.29,HAZARD,30,59.0%
15:24:41.196,0.0,82.22,HAZARD,30,59.0%
15:24:41.281,0.0,96.19,HAZARD,30,59.0%
15:24:41.345,0.0,128.63,HAZARD,30,59.0%
15:24:41.403,0.0,136.58,HAZARD,30,59.0%
15:24:41.469,0.0,86.87,HAZARD,30,59.0%
15:24:41.530,0.0,96.66,HAZARD,30,59.0%
15:24:41.598,0.0,125.31,HAZARD,30,59.0%
15:24:41.674,0.0,54.76,HAZARD,30,59.0%
15:24:41.742,0.0,80.83,HAZARD,30,59.0%
15:24:41.808,0.0,112.73,HAZARD,30,59.0%
15:24:41.865,0.0,112.32,HAZARD,30,59.0%
15:24:41.934,0.0,153.01,HAZARD,30,59.0%
15:24:42.018,0.0,137.43,HAZARD,30,59.0%
15:24:42.080,0.0,133.09,HAZARD,30,59.0%
15:24:42.142,0.0,128.55,HAZARD,30,59.0%
15:24:42.205,0.0,149.11,HAZARD,30,59.0%
15:24:42.267,0.0,130.07,HAZARD,30,59.0%
15:24:42.333,0.0,139.94,HAZARD,30,59.0%
15:24:42.413,0.0,87.69,HAZARD,30,59.0%
15:24:42.480,0.0,149.0,HAZARD,30,59.0%
15:24:42.547,0.0,137.53,HAZARD,30,59.0%
15:24:42.602,0.0,94.31,HAZARD,30,59.0%
15:24:42.674,0.0,53.61,HAZARD,30,59.0%
15:24:42.752,0.0,58.07,HAZARD,30,59.0%
15:24:42.815,0.0,195.97,HAZARD,30,59.0%
15:24:42.877,0.0,163.16,HAZARD,30,59.0%
15:24:42.946,0.0,184.61,HAZARD,30,59.0%
15:24:43.004,0.0,194.32,HAZARD,30,59.0%
15:24:43.067,0.0,109.47,HAZARD,30,59.0%
15:24:43.152,0.0,70.14,HAZARD,30,59.0%
15:24:43.206,0.0,188.34,HAZARD,30,59.0%
15:24:43.276,0.0,144.31,HAZARD,30,59.0%
15:24:43.346,0.0,189.31,HAZARD,30,59.0%
15:24:43.405,0.0,156.9,HAZARD,30,59.0%
15:24:43.487,0.0,164.02,HAZARD,30,59.0%
15:24:43.567,0.0,158.82,HAZARD,30,59.0%
15:24:43.616,0.0,83.64,HAZARD,30,59.0%
15:24:43.675,0.0,114.24,HAZARD,30,59.0%
15:24:43.742,0.0,56.36,HAZARD,30,59.0%
15:24:43.806,0.0,87.6,HAZARD,30,59.0%
15:24:43.885,0.0,137.79,HAZARD,30,59.0%
15:24:43.943,0.0,135.41,HAZARD,30,59.0%
15:24:44.014,0.0,151.18,HAZARD,30,59.0%
15:24:44.082,0.0,36.75,HAZARD,30,59.0%
15:24:44.139,0.0,105.86,HAZARD,30,59.0%
15:24:44.223,0.0,40.44,HAZARD,30,59.0%
15:24:44.283,0.0,142.23,HAZARD,30,59.0%
15:24:44.345,0.0,165.77,HAZARD,30,59.0%
15:24:44.413,0.0,160.76,HAZARD,30,59.0%
15:24:44.480,0.0,109.64,HAZARD,30,59.0%
15:24:44.544,0.0,84.67,HAZARD,30,59.0%
15:24:44.620,0.0,140.85,HAZARD,30,59.0%
15:24:44.685,0.0,166.91,HAZARD,30,59.0%
15:24:44.746,0.0,134.11,HAZARD,30,59.0%
15:24:44.816,0.0,167.74,HAZARD,30,59.0%
15:24:44.878,0.0,33.94,HAZARD,30,59.0%
15:24:44.945,0.0,176.56,HAZARD,30,59.0%
15:24:45.026,0.0,122.85,HAZARD,30,59.0%
15:24:45.082,0.0,122.09,HAZARD,30,59.0%
15:24:45.150,0.0,191.82,HAZARD,30,59.0%
15:24:45.215,0.0,204.16,HAZARD,30,59.0%
15:24:45.282,0.0,170.57,HAZARD,30,59.0%
15:24:45.358,0.0,132.8,HAZARD,30,59.0%
15:24:45.423,0.0,50.6,HAZARD,30,59.0%
15:24:45.482,0.0,103.3,HAZARD,30,59.0%
15:24:45.549,0.0,71.42,HAZARD,30,59.0%
15:24:45.614,0.0,40.22,HAZARD,30,59.0%
15:24:45.681,0.0,38.75,HAZARD,30,59.0%
15:24:45.762,0.0,55.67,HAZARD,30,59.0%
15:24:45.819,0.0,49.27,HAZARD,30,59.0%
15:24:45.884,0.0,40.92,HAZARD,30,59.0%
15:24:45.946,0.0,22.58,HAZARD,30,59.0%
15:24:46.017,0.0,29.67,HAZARD,30,59.0%
15:24:46.099,0.0,9.77,HAZARD,30,59.0%
15:24:46.159,0.0,38.69,HAZARD,30,59.0%
15:24:46.218,0.0,152.54,HAZARD,30,59.0%
15:24:46.282,0.0,140.32,HAZARD,30,59.0%
15:24:46.348,0.0,106.41,HAZARD,30,59.0%
15:24:46.416,0.0,76.05,HAZARD,30,59.0%
15:24:46.493,0.0,56.6,HAZARD,30,59.0%
15:24:46.569,0.0,3.6,HAZARD,30,59.0%
15:24:46.614,0.0,27.77,HAZARD,30,59.0%
15:24:46.683,0.0,58.11,HAZARD,30,59.0%
15:24:46.749,0.0,60.44,HAZARD,30,59.0%
15:24:46.829,0.0,67.83,HAZARD,30,59.0%
15:24:46.890,0.0,31.44,HAZARD,30,59.0%
15:24:46.955,0.0,37.62,HAZARD,30,59.0%
15:24:47.020,0.0,49.08,HAZARD,30,59.0%
15:24:47.086,0.0,47.47,HAZARD,30,59.0%
15:24:47.147,0.0,55.34,HAZARD,30,59.0%
15:24:47.231,0.0,33.62,HAZARD,30,59.0%
15:24:47.296,0.0,22.71,HAZARD,30,59.0%
15:24:47.363,0.0,37.42,HAZARD,30,59.0%
15:24:47.420,0.0,29.85,HAZARD,30,59.0%
15:24:47.482,0.0,44.72,HAZARD,30,59.0%
15:24:47.562,0.0,1.34,HAZARD,100,100.0%
15:24:47.625,0.0,11.23,HAZARD,30,59.0%
15:24:47.690,0.0,0.0,HAZARD,100,100.0%
15:24:47.753,0.0,0.0,NORMAL,100,100.0%
15:24:47.823,0.0,8.53,NORMAL,30,59.0%
15:24:47.880,0.0,5.91,HAZARD,30,59.0%
15:24:47.964,0.0,1.39,NORMAL,100,100.0%
15:24:48.032,0.0,0.0,NORMAL,100,100.0%
15:24:48.094,0.0,0.0,NORMAL,100,100.0%
15:24:48.155,0.0,7.31,NORMAL,30,59.0%
15:24:48.222,0.0,27.79,NORMAL,30,59.0%
15:24:48.302,0.0,33.77,HAZARD,30,59.0%
15:24:48.368,0.0,15.41,HAZARD,30,59.0%
15:24:48.424,0.0,8.03,HAZARD,30,59.0%
15:24:48.498,0.0,2.89,HAZARD,30,58.0%
15:24:48.561,0.0,2.09,HAZARD,30,42.0%
15:24:48.619,0.0,17.05,HAZARD,30,59.0%
15:24:48.701,0.0,19.4,HAZARD,30,59.0%
15:24:48.763,0.0,1.73,HAZARD,60,49.0%
15:24:48.828,0.0,2.7,HAZARD,30,56.0%
15:24:48.889,0.0,5.03,HAZARD,30,59.0%
15:24:48.954,0.0,11.18,HAZARD,30,59.0%
15:24:49.034,0.0,0.0,HAZARD,100,100.0%
15:24:49.097,0.0,0.55,HAZARD,100,100.0%
15:24:49.165,0.0,3.31,HAZARD,30,59.0%
15:24:49.230,0.0,0.0,NORMAL,100,100.0%
15:24:49.295,0.0,0.0,NORMAL,100,100.0%
15:24:49.357,0.0,0.0,NORMAL,100,100.0%
15:24:49.439,0.0,0.0,NORMAL,100,100.0%
15:24:49.498,0.0,9.1,NORMAL,30,59.0%
15:24:49.564,0.0,28.22,NORMAL,30,59.0%
15:24:49.631,0.0,42.98,HAZARD,30,59.0%
15:24:49.694,0.0,50.03,HAZARD,30,59.0%
15:24:49.755,0.0,41.8,HAZARD,30,59.0%
15:24:49.838,0.0,28.68,HAZARD,30,59.0%
15:24:49.901,0.0,14.69,HAZARD,30,59.0%
15:24:49.958,0.0,4.52,HAZARD,30,59.0%
15:24:50.031,0.0,75.94,HAZARD,30,59.0%
15:24:50.094,0.0,147.66,HAZARD,30,59.0%
15:24:50.174,0.0,189.36,HAZARD,30,59.0%
15:24:50.236,0.0,207.41,HAZARD,30,59.0%
15:24:50.322,0.0,114.27,HAZARD,30,59.0%
15:24:50.357,0.0,140.79,HAZARD,30,59.0%
15:24:50.431,0.0,208.03,HAZARD,30,59.0%
15:24:50.494,0.0,220.66,HAZARD,30,59.0%
15:24:50.576,0.0,125.24,HAZARD,30,59.0%
15:24:50.635,0.0,128.38,HAZARD,30,59.0%
15:24:50.700,0.0,131.2,HAZARD,30,59.0%
15:24:50.766,0.0,69.29,HAZARD,30,59.0%
15:24:50.830,0.0,84.55,HAZARD,30,59.0%
15:24:50.910,0.0,96.3,HAZARD,30,59.0%
15:24:50.971,0.0,98.52,HAZARD,30,59.0%
15:24:51.036,0.0,66.7,HAZARD,30,59.0%
15:24:51.096,0.0,80.22,HAZARD,30,59.0%
15:24:51.167,0.0,39.78,HAZARD,30,59.0%
15:24:51.232,0.0,110.31,HAZARD,30,59.0%
15:24:51.309,0.0,92.7,HAZARD,30,59.0%
15:24:51.368,0.0,78.56,HAZARD,30,59.0%
15:24:51.438,0.0,117.09,HAZARD,30,59.0%
15:24:51.499,0.0,57.97,HAZARD,30,59.0%
15:24:51.565,0.0,112.94,HAZARD,30,59.0%
15:24:51.650,0.0,36.66,HAZARD,30,59.0%
15:24:51.711,0.0,40.63,HAZARD,30,59.0%
15:24:51.769,0.0,43.94,HAZARD,30,59.0%
15:24:51.833,0.0,61.31,HAZARD,30,59.0%
15:24:51.899,0.0,133.54,HAZARD,30,59.0%
15:24:51.967,0.0,129.64,HAZARD,30,59.0%
15:24:52.048,0.0,147.51,HAZARD,30,59.0%
15:24:52.106,0.0,103.84,HAZARD,30,59.0%
15:24:52.175,0.0,80.52,HAZARD,30,59.0%
15:24:52.235,0.0,105.2,HAZARD,30,59.0%
15:24:52.299,0.0,126.35,HAZARD,30,59.0%
15:24:52.384,0.0,129.62,HAZARD,30,59.0%
15:24:52.443,0.0,64.15,HAZARD,30,59.0%
15:24:52.508,0.0,49.31,HAZARD,30,59.0%
15:24:52.569,0.0,152.15,HAZARD,30,59.0%
15:24:52.637,0.0,164.06,HAZARD,30,59.0%
15:24:52.700,0.0,37.85,HAZARD,30,59.0%
15:24:52.780,0.0,133.64,HAZARD,30,59.0%
15:24:52.847,0.0,124.0,HAZARD,30,59.0%
15:24:52.908,0.0,91.49,HAZARD,30,59.0%
15:24:52.972,0.0,101.39,HAZARD,30,59.0%
15:24:53.035,0.0,115.77,HAZARD,30,59.0%
15:24:53.114,0.0,141.81,HAZARD,30,59.0%
15:24:53.179,0.0,163.31,HAZARD,30,59.0%
15:24:53.245,0.0,120.54,HAZARD,30,59.0%
15:24:53.311,0.0,197.36,HAZARD,30,59.0%
15:24:53.375,0.0,85.59,HAZARD,30,59.0%
15:24:53.433,0.0,204.99,HAZARD,30,59.0%
15:24:53.517,0.0,220.04,HAZARD,30,59.0%
15:24:53.581,0.0,180.21,HAZARD,30,59.0%
15:24:53.669,0.0,124.82,HAZARD,30,59.0%
15:24:53.702,0.0,154.06,HAZARD,30,59.0%
15:24:53.773,0.0,134.38,HAZARD,30,59.0%
15:24:53.851,0.0,166.24,HAZARD,30,59.0%
15:24:53.917,0.0,119.61,HAZARD,30,59.0%
15:24:53.975,0.0,163.12,HAZARD,30,59.0%
15:24:54.047,0.0,148.69,HAZARD,30,59.0%
15:24:54.108,0.0,136.34,HAZARD,30,59.0%
15:24:54.171,0.0,155.15,HAZARD,30,59.0%
15:24:54.252,0.0,188.93,HAZARD,30,59.0%
15:24:54.317,0.0,181.25,HAZARD,30,59.0%
15:24:54.380,0.0,162.33,HAZARD,30,59.0%
15:24:54.450,0.0,136.81,HAZARD,30,59.0%
15:24:54.509,0.0,185.02,HAZARD,30,59.0%
15:24:54.573,0.0,207.56,HAZARD,30,59.0%
15:24:54.654,0.0,228.26,HAZARD,30,59.0%
15:24:54.713,0.0,189.93,HAZARD,30,59.0%
15:24:54.783,0.0,179.14,HAZARD,30,59.0%
15:24:54.848,0.0,205.65,HAZARD,30,59.0%
15:24:54.911,0.0,178.3,HAZARD,30,59.0%
15:24:54.990,0.0,229.65,HAZARD,30,59.0%
15:24:55.052,0.0,119.37,HAZARD,30,59.0%
15:24:55.117,0.0,112.31,HAZARD,30,59.0%
15:24:55.178,0.0,178.41,HAZARD,30,59.0%
15:24:55.247,0.0,197.99,HAZARD,30,59.0%
15:24:55.306,0.0,117.13,HAZARD,30,59.0%
15:24:55.389,0.0,153.87,HAZARD,30,59.0%
15:24:55.449,0.0,179.55,HAZARD,30,59.0%
15:24:55.513,0.0,179.29,HAZARD,30,59.0%
15:24:55.580,0.0,177.26,HAZARD,30,59.0%
15:24:55.649,0.0,157.79,HAZARD,30,59.0%
15:24:55.726,0.0,123.08,HAZARD,30,59.0%
15:24:55.785,0.0,116.71,HAZARD,30,59.0%
15:24:55.852,0.0,56.69,HAZARD,30,59.0%
15:24:55.914,0.0,140.73,HAZARD,30,59.0%
15:24:55.982,0.0,110.53,HAZARD,30,59.0%
15:24:56.045,0.0,74.14,HAZARD,30,59.0%
15:24:56.121,0.0,63.94,HAZARD,30,59.0%
15:24:56.188,0.0,145.04,HAZARD,30,59.0%
15:24:56.250,0.0,190.03,HAZARD,30,59.0%
15:24:56.316,0.0,57.5,HAZARD,30,59.0%
15:24:56.382,0.0,169.82,HAZARD,30,59.0%
15:24:56.461,0.0,183.8,HAZARD,30,59.0%
15:24:56.520,0.0,138.92,HAZARD,30,59.0%
15:24:56.590,0.0,188.23,HAZARD,30,59.0%
15:24:56.652,0.0,221.15,HAZARD,30,59.0%
15:24:56.712,0.0,174.79,HAZARD,30,59.0%
15:24:56.778,0.0,154.27,HAZARD,30,59.0%
15:24:56.860,0.0,200.53,HAZARD,30,59.0%
15:24:56.923,0.0,204.57,HAZARD,30,59.0%
15:24:56.984,0.0,176.23,HAZARD,30,59.0%
15:24:57.057,0.0,179.0,HAZARD,30,59.0%
15:24:57.166,0.0,104.04,HAZARD,30,59.0%
15:24:57.192,0.0,108.27,HAZARD,30,59.0%
15:24:57.262,0.0,170.66,HAZARD,30,59.0%
15:24:57.326,0.0,187.44,HAZARD,30,59.0%
15:24:57.391,0.0,127.44,HAZARD,30,59.0%
15:24:57.448,0.0,101.32,HAZARD,30,59.0%
15:24:57.516,0.0,155.99,HAZARD,30,59.0%
15:24:57.597,0.0,65.39,HAZARD,30,59.0%
15:24:57.663,0.0,42.41,HAZARD,30,59.0%
15:24:57.722,0.0,104.98,HAZARD,30,59.0%
15:24:57.788,0.0,99.56,HAZARD,30,59.0%
15:24:57.851,0.0,164.63,HAZARD,30,59.0%
15:24:57.930,0.0,93.28,HAZARD,30,59.0%
15:24:57.998,0.0,83.2,HAZARD,30,59.0%
15:24:58.061,0.0,68.29,HAZARD,30,59.0%
15:24:58.129,0.0,158.16,HAZARD,30,59.0%
15:24:58.188,0.0,64.44,HAZARD,30,59.0%
15:24:58.251,0.0,126.51,HAZARD,30,59.0%
15:24:58.333,0.0,158.01,HAZARD,30,59.0%
15:24:58.396,0.0,165.2,HAZARD,30,59.0%
15:24:58.460,0.0,162.66,HAZARD,30,59.0%
15:24:58.526,0.0,121.11,HAZARD,30,59.0%
15:24:58.586,0.0,107.92,HAZARD,30,59.0%
15:24:58.669,0.0,83.19,HAZARD,30,59.0%
15:24:58.726,0.0,114.61,HAZARD,30,59.0%
15:24:58.797,0.0,121.62,HAZARD,30,59.0%
15:24:58.862,0.0,38.13,HAZARD,30,59.0%
15:24:58.930,0.0,90.88,HAZARD,30,59.0%
15:24:58.989,0.0,116.94,HAZARD,30,59.0%
15:24:59.068,0.0,165.34,HAZARD,30,59.0%
15:24:59.131,0.0,179.98,HAZARD,30,59.0%
15:24:59.192,0.0,157.97,HAZARD,30,59.0%
15:24:59.255,0.0,111.3,HAZARD,30,59.0%
15:24:59.322,0.0,55.01,HAZARD,30,59.0%
15:24:59.388,0.0,46.54,HAZARD,30,59.0%
15:24:59.461,0.0,67.69,HAZARD,30,59.0%
15:24:59.525,0.0,76.84,HAZARD,30,59.0%
15:24:59.598,0.0,71.97,HAZARD,30,59.0%
15:24:59.657,0.0,42.65,HAZARD,30,59.0%
15:24:59.729,0.0,24.19,HAZARD,30,59.0%
15:24:59.805,0.0,1.06,HAZARD,100,100.0%
15:24:59.867,0.0,7.11,HAZARD,30,59.0%
15:24:59.929,0.0,11.72,HAZARD,30,59.0%
15:24:59.997,0.0,18.13,HAZARD,30,59.0%
15:25:00.055,0.0,6.8,HAZARD,30,59.0%
15:25:00.125,0.0,8.66,HAZARD,30,59.0%
15:25:00.204,0.0,0.59,HAZARD,100,100.0%
15:25:00.263,0.0,0.68,HAZARD,100,100.0%
15:25:00.331,0.0,16.56,HAZARD,30,59.0%
15:25:00.393,0.0,0.96,NORMAL,100,100.0%
15:25:00.463,0.0,0.0,NORMAL,100,100.0%
15:25:00.543,0.0,21.64,NORMAL,30,59.0%
15:25:00.603,0.0,0.0,NORMAL,100,100.0%
15:25:00.665,0.0,2.47,NORMAL,30,41.0%
15:25:00.730,0.0,1.76,HAZARD,60,49.0%
15:25:00.800,0.0,7.78,HAZARD,30,59.0%
15:25:00.888,0.0,2.21,HAZARD,30,42.0%
15:25:00.935,0.0,0.91,HAZARD,100,100.0%
15:25:01.008,0.0,2.88,HAZARD,30,58.0%
15:25:01.068,0.0,0.59,HAZARD,100,100.0%
15:25:01.128,0.0,0.0,NORMAL,100,100.0%
15:25:01.189,0.0,0.0,NORMAL,100,100.0%
15:25:01.280,0.0,0.0,NORMAL,100,100.0%
15:25:01.337,0.0,2.8,NORMAL,30,58.0%
15:25:01.404,0.0,1.9,NORMAL,60,43.0%
15:25:01.467,0.0,0.0,NORMAL,100,100.0%
15:25:01.530,0.0,0.0,NORMAL,100,100.0%
15:25:01.597,0.0,0.0,NORMAL,100,100.0%
15:25:01.679,0.0,0.0,NORMAL,100,100.0%
15:25:01.740,0.0,0.0,NORMAL,100,100.0%
15:25:01.804,0.0,0.0,NORMAL,100,100.0%
15:25:01.866,0.0,0.0,NORMAL,100,100.0%
15:25:01.930,0.0,0.78,NORMAL,100,100.0%
15:25:02.013,0.0,7.75,NORMAL,30,59.0%
15:25:02.076,0.0,1.28,NORMAL,100,100.0%
15:25:02.138,0.0,0.0,NORMAL,100,100.0%
15:25:02.206,0.0,0.0,NORMAL,100,100.0%
15:25:02.266,0.0,0.0,NORMAL,100,100.0%
15:25:02.330,0.0,0.0,NORMAL,100,100.0%
15:25:02.412,0.0,0.0,NORMAL,100,100.0%
15:25:02.478,0.0,0.0,NORMAL,100,100.0%
15:25:02.541,0.0,0.0,NORMAL,100,100.0%
15:25:02.605,0.0,0.0,NORMAL,100,100.0%
15:25:02.667,0.0,0.0,NORMAL,100,100.0%
15:25:02.747,0.0,1.43,NORMAL,100,62.0%
15:25:02.813,0.0,1.65,NORMAL,60,49.0%
15:25:02.879,0.0,0.0,NORMAL,100,100.0%
15:25:02.940,0.0,0.0,NORMAL,100,100.0%
15:25:03.001,0.0,0.0,NORMAL,100,100.0%
15:25:03.068,0.0,0.0,NORMAL,100,100.0%
15:25:03.158,0.0,0.0,NORMAL,100,100.0%
15:25:03.208,0.0,0.0,NORMAL,100,100.0%
15:25:03.280,0.0,0.0,NORMAL,100,100.0%
15:25:03.337,0.0,0.0,NORMAL,100,100.0%
15:25:03.404,0.0,0.0,NORMAL,100,100.0%
15:25:03.488,0.0,0.0,NORMAL,100,100.0%
15:25:03.544,0.0,0.0,NORMAL,100,100.0%
15:25:03.615,0.0,0.0,NORMAL,100,100.0%
15:25:03.674,0.0,0.0,NORMAL,100,100.0%
15:25:03.739,0.0,0.0,NORMAL,100,100.0%
15:25:03.804,0.0,0.0,NORMAL,100,100.0%
15:25:03.878,0.0,0.0,NORMAL,100,100.0%
15:25:03.948,0.0,0.0,NORMAL,100,100.0%
15:25:04.012,0.0,0.0,NORMAL,100,100.0%
15:25:04.077,0.0,0.0,NORMAL,100,100.0%
15:25:04.140,0.0,0.51,NORMAL,100,100.0%
15:25:04.203,0.0,0.0,NORMAL,100,100.0%
15:25:04.281,0.0,0.0,NORMAL,100,100.0%
15:25:04.343,0.0,0.0,NORMAL,100,100.0%
15:25:04.418,0.0,0.0,NORMAL,100,100.0%
15:25:04.476,0.0,0.77,NORMAL,100,100.0%
15:25:04.544,0.0,50.93,NORMAL,30,59.0%
15:25:04.649,0.0,114.53,NORMAL,30,59.0%
15:25:04.680,0.0,109.56,HAZARD,30,59.0%
15:25:04.769,0.0,80.76,HAZARD,30,59.0%
15:25:04.804,0.0,86.16,HAZARD,30,59.0%
15:25:04.875,0.0,0.0,HAZARD,100,100.0%
15:25:04.945,0.0,29.26,HAZARD,30,59.0%
15:25:05.021,0.0,46.26,HAZARD,30,59.0%
15:25:05.083,0.0,44.36,HAZARD,30,59.0%
15:25:05.147,0.0,15.51,HAZARD,30,59.0%
15:25:05.212,0.0,67.94,HAZARD,30,59.0%
15:25:05.280,0.0,106.08,HAZARD,30,59.0%
15:25:05.370,0.0,75.1,HAZARD,30,59.0%
15:25:05.420,0.0,57.29,HAZARD,30,59.0%
15:25:05.483,0.0,42.57,HAZARD,30,59.0%
15:25:05.550,0.0,27.46,HAZARD,30,59.0%
15:25:05.612,0.0,0.51,HAZARD,100,100.0%
15:25:05.673,0.0,0.64,HAZARD,100,100.0%
15:25:05.760,0.0,0.0,NORMAL,100,100.0%
15:25:05.821,0.0,2.63,NORMAL,30,55.0%
15:25:05.885,0.0,1.29,NORMAL,100,100.0%
15:25:05.942,0.0,0.0,NORMAL,100,100.0%
15:25:06.015,0.0,0.0,NORMAL,100,100.0%
15:25:06.096,0.0,0.0,NORMAL,100,100.0%
15:25:06.155,0.0,0.0,NORMAL,100,100.0%
15:25:06.222,0.0,52.19,NORMAL,30,59.0%
15:25:06.285,0.0,60.17,NORMAL,30,59.0%
15:25:06.345,0.0,51.13,HAZARD,30,59.0%
15:25:06.408,0.0,34.66,HAZARD,30,59.0%
15:25:06.493,0.0,2.95,HAZARD,30,58.0%
15:25:06.562,0.0,1.63,HAZARD,60,49.0%
15:25:06.616,0.0,7.24,HAZARD,30,59.0%
15:25:06.683,0.0,2.45,HAZARD,30,41.0%
15:25:06.747,0.0,0.0,HAZARD,100,100.0%
15:25:06.830,0.0,0.0,HAZARD,100,100.0%
15:25:06.893,0.0,0.0,NORMAL,100,100.0%
15:25:06.954,0.0,0.0,NORMAL,100,100.0%
15:25:07.017,0.0,0.0,NORMAL,100,100.0%
15:25:07.085,0.0,0.0,NORMAL,100,100.0%
15:25:07.148,0.0,0.0,NORMAL,100,100.0%
15:25:07.226,0.0,0.0,NORMAL,100,100.0%
15:25:07.298,0.0,0.0,NORMAL,100,100.0%
15:25:07.364,0.0,0.0,NORMAL,100,100.0%
15:25:07.424,0.0,0.0,NORMAL,100,100.0%
15:25:07.481,0.0,0.0,NORMAL,100,100.0%
15:25:07.566,0.0,0.0,NORMAL,100,100.0%
15:25:07.637,0.0,0.0,NORMAL,100,100.0%
15:25:07.696,0.0,0.0,NORMAL,100,100.0%
15:25:07.763,0.0,0.0,NORMAL,100,100.0%
15:25:07.819,0.0,0.0,NORMAL,100,100.0%
15:25:07.889,0.0,0.0,NORMAL,100,100.0%
15:25:07.965,0.0,0.89,NORMAL,100,100.0%
15:25:08.033,0.0,0.0,NORMAL,100,100.0%
15:25:08.100,0.0,0.0,NORMAL,100,100.0%
15:25:08.159,0.0,0.0,NORMAL,100,100.0%
15:25:08.221,0.0,0.0,NORMAL,100,100.0%
15:25:08.301,0.0,0.0,NORMAL,100,100.0%
15:25:08.361,0.0,0.0,NORMAL,100,100.0%
15:25:08.425,0.0,0.0,NORMAL,100,100.0%
15:25:08.491,0.0,0.0,NORMAL,100,100.0%
15:25:08.567,0.0,0.0,NORMAL,100,100.0%
15:25:08.614,0.0,0.0,NORMAL,100,100.0%
15:25:08.702,0.0,0.0,NORMAL,100,100.0%
15:25:08.766,0.0,0.0,NORMAL,100,100.0%
15:25:08.829,0.0,0.0,NORMAL,100,100.0%
15:25:08.889,0.0,0.0,NORMAL,100,100.0%
15:25:08.953,0.0,29.92,NORMAL,30,59.0%
15:25:09.020,0.0,29.14,NORMAL,30,59.0%
15:25:09.098,0.0,6.29,HAZARD,30,59.0%
15:25:09.165,0.0,0.0,HAZARD,100,100.0%
15:25:09.232,0.0,0.0,HAZARD,100,100.0%
15:25:09.291,0.0,0.66,NORMAL,100,100.0%
15:25:09.355,0.0,0.0,NORMAL,100,100.0%
15:25:09.438,0.0,2.92,NORMAL,30,58.0%
15:25:09.497,0.0,0.0,NORMAL,100,100.0%
15:25:09.560,0.0,0.0,NORMAL,100,100.0%
15:25:09.630,0.0,0.0,NORMAL,100,100.0%
15:25:09.691,0.0,0.0,NORMAL,100,100.0%
15:25:09.756,0.0,0.69,NORMAL,100,100.0%
15:25:09.839,0.0,3.15,NORMAL,30,59.0%
15:25:09.899,0.0,0.62,NORMAL,100,100.0%
15:25:09.965,0.0,0.0,NORMAL,100,100.0%
15:25:10.024,0.0,0.0,NORMAL,100,100.0%
15:25:10.094,0.0,0.0,NORMAL,100,100.0%
15:25:10.178,0.0,0.0,NORMAL,100,100.0%
15:25:10.233,0.0,0.0,NORMAL,100,100.0%
15:25:10.298,0.0,0.61,NORMAL,100,100.0%
15:25:10.366,0.0,1.56,NORMAL,60,48.0%
15:25:10.425,0.0,22.55,NORMAL,30,59.0%
15:25:10.489,0.0,31.19,HAZARD,30,59.0%
15:25:10.583,0.0,12.13,HAZARD,30,59.0%
15:25:10.637,0.0,12.16,HAZARD,30,59.0%
15:25:10.701,0.0,23.1,HAZARD,30,59.0%
15:25:10.767,0.0,19.69,HAZARD,30,59.0%
15:25:10.831,0.0,67.14,HAZARD,30,59.0%
15:25:10.915,0.0,97.91,HAZARD,30,59.0%
15:25:10.979,0.0,86.46,HAZARD,30,59.0%
15:25:11.037,0.0,86.41,HAZARD,30,59.0%
15:25:11.100,0.0,57.15,HAZARD,30,59.0%
15:25:11.164,0.0,21.42,HAZARD,30,59.0%
15:25:11.232,0.0,80.54,HAZARD,30,59.0%
15:25:11.313,0.0,91.38,HAZARD,30,59.0%
15:25:11.381,0.0,49.6,HAZARD,30,59.0%
15:25:11.436,0.0,98.88,HAZARD,30,59.0%
15:25:11.506,0.0,81.37,HAZARD,30,59.0%
15:25:11.561,0.0,104.46,HAZARD,30,59.0%
15:25:11.648,0.0,136.26,HAZARD,30,59.0%
15:25:11.716,0.0,161.55,HAZARD,30,59.0%
15:25:11.775,0.0,84.55,HAZARD,30,59.0%
15:25:11.840,0.0,49.29,HAZARD,30,59.0%
15:25:11.900,0.0,61.25,HAZARD,30,59.0%
15:25:11.963,0.0,131.12,HAZARD,30,59.0%
15:25:12.047,0.0,128.87,HAZARD,30,59.0%
15:25:12.113,0.0,119.05,HAZARD,30,59.0%
15:25:12.183,0.0,33.55,HAZARD,30,59.0%
15:25:12.237,0.0,14.09,HAZARD,30,59.0%
15:25:12.298,0.0,56.3,HAZARD,30,59.0%
15:25:12.380,0.0,59.83,HAZARD,30,59.0%
15:25:12.496,0.0,26.88,HAZARD,30,59.0%
15:25:12.514,0.0,133.89,HAZARD,30,59.0%
15:25:12.575,0.0,130.32,HAZARD,30,59.0%
15:25:12.638,0.0,124.05,HAZARD,30,59.0%
15:25:12.701,0.0,115.81,HAZARD,30,59.0%
15:25:12.782,0.0,121.65,HAZARD,30,59.0%
15:25:12.839,0.0,113.5,HAZARD,30,59.0%
15:25:12.913,0.0,119.09,HAZARD,30,59.0%
15:25:12.974,0.0,130.26,HAZARD,30,59.0%
15:25:13.033,0.0,136.43,HAZARD,30,59.0%
15:25:13.115,0.0,110.27,HAZARD,30,59.0%
15:25:13.178,0.0,64.94,HAZARD,30,59.0%
15:25:13.242,0.0,93.43,HAZARD,30,59.0%
15:25:13.306,0.0,167.38,HAZARD,30,59.0%
15:25:13.376,0.0,125.42,HAZARD,30,59.0%
15:25:13.434,0.0,170.97,HAZARD,30,59.0%
15:25:13.512,0.0,131.83,HAZARD,30,59.0%
15:25:13.575,0.0,115.36,HAZARD,30,59.0%
15:25:13.643,0.0,146.67,HAZARD,30,59.0%
15:25:13.710,0.0,109.5,HAZARD,30,59.0%
15:25:13.767,0.0,63.25,HAZARD,30,59.0%
15:25:13.839,0.0,12.92,HAZARD,30,59.0%
15:25:13.917,0.0,24.59,HAZARD,30,59.0%
15:25:13.976,0.0,41.07,HAZARD,30,59.0%
15:25:14.044,0.0,19.06,HAZARD,30,59.0%
15:25:14.105,0.0,11.25,HAZARD,30,59.0%
15:25:14.176,0.0,67.14,HAZARD,30,59.0%
15:25:14.252,0.0,36.05,HAZARD,30,59.0%
15:25:14.322,0.0,38.08,HAZARD,30,59.0%
15:25:14.376,0.0,15.48,HAZARD,30,59.0%
15:25:14.447,0.0,29.06,HAZARD,30,59.0%
15:25:14.507,0.0,0.0,HAZARD,100,100.0%
15:25:14.573,0.0,20.23,HAZARD,30,59.0%
15:25:14.652,0.0,32.3,HAZARD,30,59.0%
15:25:14.714,0.0,19.06,HAZARD,30,59.0%
15:25:14.780,0.0,47.41,HAZARD,30,59.0%
15:25:14.841,0.0,43.66,HAZARD,30,59.0%
15:25:14.922,0.0,14.75,HAZARD,30,59.0%
15:25:14.990,0.0,31.04,HAZARD,30,59.0%
15:25:15.052,0.0,5.12,HAZARD,30,59.0%
15:25:15.113,0.0,40.2,HAZARD,30,59.0%
15:25:15.176,0.0,43.22,HAZARD,30,59.0%
15:25:15.245,0.0,4.98,HAZARD,30,59.0%
15:25:15.306,0.0,0.0,HAZARD,100,100.0%
15:25:15.390,0.0,0.0,HAZARD,100,100.0%
15:25:15.460,0.0,0.0,NORMAL,100,100.0%
15:25:15.512,0.0,9.67,NORMAL,30,59.0%
15:25:15.574,0.0,3.21,NORMAL,30,59.0%
15:25:15.642,0.0,72.11,HAZARD,30,59.0%
15:25:15.729,0.0,101.97,HAZARD,30,59.0%
15:25:15.795,0.0,103.72,HAZARD,30,59.0%
15:25:15.846,0.0,42.55,HAZARD,30,59.0%
15:25:15.915,0.0,61.75,HAZARD,30,59.0%
15:25:15.976,0.0,75.57,HAZARD,30,59.0%
15:25:16.041,0.0,112.99,HAZARD,30,59.0%
15:25:16.130,0.0,158.04,HAZARD,30,59.0%
15:25:16.185,0.0,139.38,HAZARD,30,59.0%
15:25:16.272,0.0,107.96,HAZARD,30,59.0%
15:25:16.316,0.0,194.11,HAZARD,30,59.0%
15:25:16.378,0.0,169.37,HAZARD,30,59.0%
15:25:16.454,0.0,108.95,HAZARD,30,59.0%
15:25:16.527,0.0,177.46,HAZARD,30,59.0%
15:25:16.588,0.0,150.79,HAZARD,30,59.0%
15:25:16.648,0.0,178.68,HAZARD,30,59.0%
15:25:16.716,0.0,106.42,HAZARD,30,59.0%
15:25:16.778,0.0,126.79,HAZARD,30,59.0%
15:25:16.862,0.0,81.56,HAZARD,30,59.0%
15:25:16.924,0.0,54.94,HAZARD,30,59.0%
15:25:16.984,0.0,78.67,HAZARD,30,59.0%
15:25:17.052,0.0,151.23,HAZARD,30,59.0%
15:25:17.114,0.0,151.23,HAZARD,30,59.0%
15:25:17.192,0.0,78.82,HAZARD,30,59.0%
15:25:17.263,0.0,113.53,HAZARD,30,59.0%
15:25:17.326,0.0,88.43,HAZARD,30,59.0%
15:25:17.387,0.0,87.22,HAZARD,30,59.0%
15:25:17.450,0.0,102.92,HAZARD,30,59.0%
15:25:17.517,0.0,49.59,HAZARD,30,59.0%
15:25:17.597,0.0,39.01,HAZARD,30,59.0%
15:25:17.659,0.0,51.51,HAZARD,30,59.0%
15:25:17.721,0.0,125.23,HAZARD,30,59.0%
15:25:17.788,0.0,152.56,HAZARD,30,59.0%
15:25:17.851,0.0,161.25,HAZARD,30,59.0%
15:25:17.932,0.0,136.61,HAZARD,30,59.0%
15:25:17.999,0.0,112.74,HAZARD,30,59.0%
15:25:18.058,0.0,147.8,HAZARD,30,59.0%
15:25:18.126,0.0,108.12,HAZARD,30,59.0%
15:25:18.189,0.0,72.86,HAZARD,30,59.0%
15:25:18.252,0.0,97.31,HAZARD,30,59.0%
15:25:18.332,0.0,94.86,HAZARD,30,59.0%
15:25:18.395,0.0,95.16,HAZARD,30,59.0%
15:25:18.461,0.0,85.74,HAZARD,30,59.0%
15:25:18.523,0.0,75.84,HAZARD,30,59.0%
15:25:18.590,0.0,103.49,HAZARD,30,59.0%
15:25:18.652,0.0,161.38,HAZARD,30,59.0%
15:25:18.728,0.0,171.34,HAZARD,30,59.0%
15:25:18.798,0.0,181.8,HAZARD,30,59.0%
15:25:18.857,0.0,146.01,HAZARD,30,59.0%
15:25:18.927,0.0,134.08,HAZARD,30,59.0%
15:25:18.999,0.0,115.47,HAZARD,30,59.0%
15:25:19.069,0.0,128.99,HAZARD,30,59.0%
15:25:19.129,0.0,87.98,HAZARD,30,59.0%
15:25:19.197,0.0,157.42,HAZARD,30,59.0%
15:25:19.263,0.0,87.68,HAZARD,30,59.0%
15:25:19.375,0.0,136.91,HAZARD,30,59.0%
15:25:19.402,0.0,92.5,HAZARD,30,59.0%
15:25:19.467,0.0,178.21,HAZARD,30,59.0%
15:25:19.532,0.0,175.47,HAZARD,30,59.0%
15:25:19.597,0.0,186.55,HAZARD,30,59.0%
15:25:19.659,0.0,133.89,HAZARD,30,59.0%
15:25:19.722,0.0,91.36,HAZARD,30,59.0%
15:25:19.804,0.0,181.38,HAZARD,30,59.0%
15:25:19.869,0.0,128.57,HAZARD,30,59.0%
15:25:19.931,0.0,60.49,HAZARD,30,59.0%
15:25:19.995,0.0,0.0,HAZARD,100,100.0%
15:25:20.059,0.0,116.53,HAZARD,30,59.0%
15:25:20.128,0.0,220.53,HAZARD,30,59.0%
15:25:20.208,0.0,172.9,HAZARD,30,59.0%
15:25:20.265,0.0,87.67,HAZARD,30,59.0%
15:25:20.332,0.0,54.72,HAZARD,30,59.0%
15:25:20.393,0.0,37.21,HAZARD,30,59.0%
15:25:20.461,0.0,68.35,HAZARD,30,59.0%
15:25:20.540,0.0,37.09,HAZARD,30,59.0%
15:25:20.605,0.0,35.82,HAZARD,30,59.0%
15:25:20.665,0.0,50.99,HAZARD,30,59.0%
15:25:20.729,0.0,39.0,HAZARD,30,59.0%
15:25:20.797,0.0,52.85,HAZARD,30,59.0%
15:25:20.865,0.0,69.49,HAZARD,30,59.0%
15:25:20.943,0.0,38.58,HAZARD,30,59.0%
15:25:21.002,0.0,114.47,HAZARD,30,59.0%
15:25:21.067,0.0,75.29,HAZARD,30,59.0%
15:25:21.131,0.0,71.96,HAZARD,30,59.0%
15:25:21.197,0.0,58.18,HAZARD,30,59.0%
15:25:21.278,0.0,77.25,HAZARD,30,59.0%
15:25:21.344,0.0,110.35,HAZARD,30,59.0%
15:25:21.405,0.0,83.88,HAZARD,30,59.0%
15:25:21.468,0.0,92.22,HAZARD,30,59.0%
15:25:21.530,0.0,81.54,HAZARD,30,59.0%
15:25:21.594,0.0,75.17,HAZARD,30,59.0%
15:25:21.679,0.0,45.78,HAZARD,30,59.0%
15:25:21.737,0.0,49.78,HAZARD,30,59.0%
15:25:21.805,0.0,80.75,HAZARD,30,59.0%
15:25:21.863,0.0,51.38,HAZARD,30,59.0%
15:25:21.930,0.0,54.89,HAZARD,30,59.0%
15:25:22.011,0.0,68.75,HAZARD,30,59.0%
15:25:22.082,0.0,55.58,HAZARD,30,59.0%
15:25:22.135,0.0,61.66,HAZARD,30,59.0%
15:25:22.206,0.0,91.47,HAZARD,30,59.0%
15:25:22.267,0.0,31.73,HAZARD,30,59.0%
15:25:22.333,0.0,55.32,HAZARD,30,59.0%
15:25:22.414,0.0,23.68,HAZARD,30,59.0%
15:25:22.480,0.0,48.96,HAZARD,30,59.0%
15:25:22.540,0.0,41.76,HAZARD,30,59.0%
15:25:22.601,0.0,40.16,HAZARD,30,59.0%
15:25:22.666,0.0,47.88,HAZARD,30,59.0%
15:25:22.745,0.0,20.34,HAZARD,30,59.0%
15:25:22.811,0.0,36.44,HAZARD,30,59.0%
15:25:22.881,0.0,64.85,HAZARD,30,59.0%
15:25:22.943,0.0,45.24,HAZARD,30,59.0%
15:25:23.062,0.0,24.59,HAZARD,30,59.0%
15:25:23.083,0.0,29.9,HAZARD,30,59.0%
15:25:23.147,0.0,5.11,HAZARD,30,59.0%
15:25:23.214,0.0,41.8,HAZARD,30,59.0%
15:25:23.282,0.0,55.2,HAZARD,30,59.0%
15:25:23.338,0.0,58.13,HAZARD,30,59.0%
15:25:23.404,0.0,72.7,HAZARD,30,59.0%
15:25:23.463,0.0,101.07,HAZARD,30,59.0%
15:25:23.551,0.0,71.42,HAZARD,30,59.0%
15:25:23.612,0.0,43.34,HAZARD,30,59.0%
15:25:23.676,0.0,45.46,HAZARD,30,59.0%
15:25:23.747,0.0,55.93,HAZARD,30,59.0%
15:25:23.801,0.0,72.04,HAZARD,30,59.0%
15:25:23.884,0.0,7.93,HAZARD,30,59.0%
15:25:23.947,0.0,2.84,HAZARD,30,58.0%
15:25:24.012,0.0,3.83,HAZARD,30,59.0%
15:25:24.077,0.0,6.54,HAZARD,30,59.0%
15:25:24.137,0.0,17.35,HAZARD,30,59.0%
15:25:24.206,0.0,21.74,HAZARD,30,59.0%
15:25:24.289,0.0,25.54,HAZARD,30,59.0%
15:25:24.344,0.0,22.84,HAZARD,30,59.0%
15:25:24.414,0.0,32.16,HAZARD,30,59.0%
15:25:24.476,0.0,16.9,HAZARD,30,59.0%
15:25:24.538,0.0,13.63,HAZARD,30,59.0%
15:25:24.623,0.0,11.88,HAZARD,30,59.0%
15:25:24.680,0.0,40.58,HAZARD,30,59.0%
15:25:24.746,0.0,29.56,HAZARD,30,59.0%
15:25:24.813,0.0,82.5,HAZARD,30,59.0%
15:25:24.879,0.0,74.1,HAZARD,30,59.0%
15:25:24.944,0.0,13.36,HAZARD,30,59.0%
15:25:25.033,0.0,64.75,HAZARD,30,59.0%
15:25:25.078,0.0,31.09,HAZARD,30,59.0%
15:25:25.144,0.0,30.78,HAZARD,30,59.0%
15:25:25.212,0.0,70.91,HAZARD,30,59.0%
15:25:25.278,0.0,70.07,HAZARD,30,59.0%
15:25:25.354,0.0,73.76,HAZARD,30,59.0%
15:25:25.415,0.0,84.82,HAZARD,30,59.0%
15:25:25.487,0.0,155.75,HAZARD,30,59.0%
15:25:25.549,0.0,137.91,HAZARD,30,59.0%
15:25:25.610,0.0,104.66,HAZARD,30,59.0%
15:25:25.679,0.0,10.75,HAZARD,30,59.0%
15:25:25.760,0.0,0.0,HAZARD,100,100.0%
15:25:25.819,0.0,0.0,HAZARD,100,100.0%
15:25:25.883,0.0,0.0,NORMAL,100,100.0%
15:25:25.950,0.0,0.0,NORMAL,100,100.0%
15:25:26.014,0.0,1.2,NORMAL,100,100.0%
15:25:26.096,0.0,4.52,NORMAL,30,59.0%
15:25:26.153,0.0,6.78,NORMAL,30,59.0%
15:25:26.220,0.0,10.36,HAZARD,30,59.0%
15:25:26.283,0.0,23.15,HAZARD,30,59.0%
15:25:26.345,0.0,12.51,HAZARD,30,59.0%
15:25:26.412,0.0,18.27,HAZARD,30,59.0%
15:25:26.497,0.0,11.64,HAZARD,30,59.0%
15:25:26.556,0.0,13.63,HAZARD,30,59.0%
15:25:26.623,0.0,21.97,HAZARD,30,59.0%
15:25:26.696,0.0,82.74,HAZARD,30,59.0%
15:25:26.742,0.0,67.5,HAZARD,30,59.0%
15:25:26.832,0.0,78.07,HAZARD,30,59.0%
15:25:26.894,0.0,109.2,HAZARD,30,59.0%
15:25:26.958,0.0,79.66,HAZARD,30,59.0%
15:25:27.022,0.0,79.6,HAZARD,30,59.0%
15:25:27.083,0.0,13.1,HAZARD,30,59.0%
15:25:27.146,0.0,53.51,HAZARD,30,59.0%
15:25:27.229,0.0,49.38,HAZARD,30,59.0%
15:25:27.293,0.0,11.31,HAZARD,30,59.0%
15:25:27.359,0.0,39.43,HAZARD,30,59.0%
15:25:27.419,0.0,23.02,HAZARD,30,59.0%
15:25:27.485,0.0,60.49,HAZARD,30,59.0%
15:25:27.568,0.0,79.97,HAZARD,30,59.0%
15:25:27.627,0.0,79.39,HAZARD,30,59.0%
15:25:27.693,0.0,74.74,HAZARD,30,59.0%
15:25:27.755,0.0,58.62,HAZARD,30,59.0%
15:25:27.823,0.0,58.09,HAZARD,30,59.0%
15:25:27.881,0.0,52.58,HAZARD,30,59.0%
15:25:27.961,0.0,65.86,HAZARD,30,59.0%
15:25:28.030,0.0,80.83,HAZARD,30,59.0%
15:25:28.088,0.0,105.42,HAZARD,30,59.0%
15:25:28.160,0.0,88.16,HAZARD,30,59.0%
15:25:28.220,0.0,40.56,HAZARD,30,59.0%
15:25:28.282,0.0,18.79,HAZARD,30,59.0%
15:25:28.362,0.0,23.1,HAZARD,30,59.0%
15:25:28.430,0.0,40.63,HAZARD,30,59.0%
15:25:28.488,0.0,33.0,HAZARD,30,59.0%
15:25:28.558,0.0,26.41,HAZARD,30,59.0%
15:25:28.619,0.0,48.04,HAZARD,30,59.0%
15:25:28.699,0.0,51.52,HAZARD,30,59.0%
15:25:28.764,0.0,96.54,HAZARD,30,59.0%
15:25:28.826,0.0,95.69,HAZARD,30,59.0%
15:25:28.894,0.0,41.35,HAZARD,30,59.0%
15:25:28.953,0.0,71.82,HAZARD,30,59.0%
15:25:29.021,0.0,91.92,HAZARD,30,59.0%
15:25:29.100,0.0,70.09,HAZARD,30,59.0%
15:25:29.162,0.0,47.1,HAZARD,30,59.0%
15:25:29.228,0.0,55.45,HAZARD,30,59.0%
15:25:29.294,0.0,86.7,HAZARD,30,59.0%
15:25:29.353,0.0,82.48,HAZARD,30,59.0%
15:25:29.438,0.0,75.46,HAZARD,30,59.0%
15:25:29.501,0.0,91.17,HAZARD,30,59.0%
15:25:29.559,0.0,83.12,HAZARD,30,59.0%
15:25:29.629,0.0,90.5,HAZARD,30,59.0%
15:25:29.694,0.0,69.29,HAZARD,30,59.0%
15:25:29.762,0.0,13.12,HAZARD,30,59.0%
15:25:29.837,0.0,52.15,HAZARD,30,59.0%
15:25:29.908,0.0,129.89,HAZARD,30,59.0%
15:25:29.962,0.0,115.55,HAZARD,30,59.0%
15:25:30.024,0.0,137.19,HAZARD,30,59.0%
15:25:30.097,0.0,120.5,HAZARD,30,59.0%
15:25:30.175,0.0,128.55,HAZARD,30,59.0%
15:25:30.235,0.0,182.74,HAZARD,30,59.0%
15:25:30.321,0.0,180.69,HAZARD,30,59.0%
15:25:30.359,0.0,183.16,HAZARD,30,59.0%
15:25:30.431,0.0,131.51,HAZARD,30,59.0%
15:25:30.493,0.0,176.49,HAZARD,30,59.0%
15:25:30.573,0.0,142.55,HAZARD,30,59.0%
15:25:30.635,0.0,106.6,HAZARD,30,59.0%
15:25:30.700,0.0,100.63,HAZARD,30,59.0%
15:25:30.764,0.0,123.74,HAZARD,30,59.0%
15:25:30.830,0.0,46.76,HAZARD,30,59.0%
15:25:30.911,0.0,85.2,HAZARD,30,59.0%
15:25:30.972,0.0,70.4,HAZARD,30,59.0%
15:25:31.036,0.0,94.24,HAZARD,30,59.0%
15:25:31.100,0.0,73.62,HAZARD,30,59.0%
15:25:31.165,0.0,11.44,HAZARD,30,59.0%
15:25:31.229,0.0,69.71,HAZARD,30,59.0%
15:25:31.313,0.0,71.22,HAZARD,30,59.0%
15:25:31.376,0.0,88.95,HAZARD,30,59.0%
15:25:31.438,0.0,149.19,HAZARD,30,59.0%
15:25:31.506,0.0,188.63,HAZARD,30,59.0%
15:25:31.561,0.0,163.86,HAZARD,30,59.0%
15:25:31.639,0.0,143.63,HAZARD,30,59.0%
15:25:31.705,0.0,104.18,HAZARD,30,59.0%
15:25:31.776,0.0,146.81,HAZARD,30,59.0%
15:25:31.839,0.0,178.76,HAZARD,30,59.0%
15:25:31.899,0.0,156.86,HAZARD,30,59.0%
15:25:31.960,0.0,193.95,HAZARD,30,59.0%
15:25:32.043,0.0,181.29,HAZARD,30,59.0%
15:25:32.107,0.0,165.36,HAZARD,30,59.0%
15:25:32.177,0.0,122.51,HAZARD,30,59.0%
15:25:32.236,0.0,103.21,HAZARD,30,59.0%
15:25:32.301,0.0,105.12,HAZARD,30,59.0%
15:25:32.365,0.0,115.27,HAZARD,30,59.0%
15:25:32.447,0.0,85.1,HAZARD,30,59.0%
15:25:32.508,0.0,97.91,HAZARD,30,59.0%
15:25:32.572,0.0,90.73,HAZARD,30,59.0%
15:25:32.638,0.0,80.35,HAZARD,30,59.0%
15:25:32.697,0.0,21.17,HAZARD,30,59.0%
15:25:32.783,0.0,84.38,HAZARD,30,59.0%
15:25:32.848,0.0,93.03,HAZARD,30,59.0%
15:25:32.909,0.0,103.86,HAZARD,30,59.0%
15:25:32.975,0.0,87.88,HAZARD,30,59.0%
15:25:33.033,0.0,69.69,HAZARD,30,59.0%
15:25:33.099,0.0,62.99,HAZARD,30,59.0%
15:25:33.181,0.0,53.1,HAZARD,30,59.0%
15:25:33.245,0.0,57.22,HAZARD,30,59.0%
15:25:33.309,0.0,54.12,HAZARD,30,59.0%
15:25:33.371,0.0,59.79,HAZARD,30,59.0%
15:25:33.436,0.0,55.86,HAZARD,30,59.0%
15:25:33.514,0.0,195.45,HAZARD,30,59.0%
15:25:33.580,0.0,182.1,HAZARD,30,59.0%
15:25:33.642,0.0,224.08,HAZARD,30,59.0%
15:25:33.707,0.0,172.34,HAZARD,30,59.0%
15:25:33.773,0.0,235.41,HAZARD,30,59.0%
15:25:33.861,0.0,189.64,HAZARD,30,59.0%
15:25:33.912,0.0,140.38,HAZARD,30,59.0%
15:25:33.976,0.0,157.94,HAZARD,30,59.0%
15:25:34.045,0.0,96.78,HAZARD,30,59.0%
15:25:34.111,0.0,33.73,HAZARD,30,59.0%
15:25:34.177,0.0,58.17,HAZARD,30,59.0%
15:25:34.255,0.0,41.1,HAZARD,30,59.0%
15:25:34.315,0.0,86.13,HAZARD,30,59.0%
15:25:34.381,0.0,86.32,HAZARD,30,59.0%
15:25:34.447,0.0,188.45,HAZARD,30,59.0%
15:25:34.508,0.0,125.08,HAZARD,30,59.0%
15:25:34.570,0.0,20.21,HAZARD,30,59.0%
15:25:34.652,0.0,90.85,HAZARD,30,59.0%
15:25:34.714,0.0,27.75,HAZARD,30,59.0%
15:25:34.779,0.0,0.66,HAZARD,100,100.0%
15:25:34.847,0.0,8.55,HAZARD,30,59.0%
15:25:34.908,0.0,4.52,HAZARD,30,59.0%
15:25:34.991,0.0,4.21,HAZARD,30,59.0%
15:25:35.051,0.0,15.07,HAZARD,30,59.0%
15:25:35.114,0.0,8.69,HAZARD,30,59.0%
15:25:35.180,0.0,17.01,HAZARD,30,59.0%
15:25:35.245,0.0,35.1,HAZARD,30,59.0%
15:25:35.308,0.0,22.32,HAZARD,30,59.0%
15:25:35.390,0.0,7.16,HAZARD,30,59.0%
15:25:35.453,0.0,4.38,HAZARD,30,59.0%
15:25:35.514,0.0,0.69,HAZARD,100,100.0%
15:25:35.580,0.0,10.4,HAZARD,30,59.0%
15:25:35.644,0.0,19.08,HAZARD,30,59.0%
15:25:35.725,0.0,16.37,HAZARD,30,59.0%
15:25:35.791,0.0,21.91,HAZARD,30,59.0%
15:25:35.853,0.0,118.08,HAZARD,30,59.0%
15:25:35.915,0.0,204.45,HAZARD,30,59.0%
15:25:35.979,0.0,139.2,HAZARD,30,59.0%
15:25:36.046,0.0,119.01,HAZARD,30,59.0%
15:25:36.124,0.0,53.19,HAZARD,30,59.0%
15:25:36.182,0.0,133.13,HAZARD,30,59.0%
15:25:36.253,0.0,180.34,HAZARD,30,59.0%
15:25:36.313,0.0,177.38,HAZARD,30,59.0%
15:25:36.383,0.0,130.62,HAZARD,30,59.0%
15:25:36.460,0.0,204.41,HAZARD,30,59.0%
15:25:36.527,0.0,195.9,HAZARD,30,59.0%
15:25:36.587,0.0,195.45,HAZARD,30,59.0%
15:25:36.651,0.0,133.9,HAZARD,30,59.0%
15:25:36.726,0.0,150.6,HAZARD,30,59.0%
15:25:36.778,0.0,118.06,HAZARD,30,59.0%
15:25:36.863,0.0,90.09,HAZARD,30,59.0%
15:25:36.924,0.0,101.35,HAZARD,30,59.0%
15:25:36.990,0.0,81.69,HAZARD,30,59.0%
15:25:37.051,0.0,107.83,HAZARD,30,59.0%
15:25:37.112,0.0,16.86,HAZARD,30,59.0%
15:25:37.177,0.0,54.82,HAZARD,30,59.0%
15:25:37.261,0.0,102.8,HAZARD,30,59.0%
15:25:37.364,0.0,107.57,HAZARD,30,59.0%
15:25:37.389,0.0,175.99,HAZARD,30,59.0%
15:25:37.451,0.0,3.34,HAZARD,30,59.0%
15:25:37.518,0.0,133.72,HAZARD,30,59.0%
15:25:37.596,0.0,161.15,HAZARD,30,59.0%
15:25:37.662,0.0,20.28,HAZARD,30,59.0%
15:25:37.724,0.0,96.61,HAZARD,30,59.0%
15:25:37.790,0.0,129.85,HAZARD,30,59.0%
15:25:37.853,0.0,112.9,HAZARD,30,59.0%
15:25:37.915,0.0,209.19,HAZARD,30,59.0%
15:25:37.994,0.0,211.29,HAZARD,30,59.0%
15:25:38.059,0.0,184.11,HAZARD,30,59.0%
15:25:38.124,0.0,182.13,HAZARD,30,59.0%
15:25:38.192,0.0,167.18,HAZARD,30,59.0%
15:25:38.251,0.0,71.45,HAZARD,30,59.0%
15:25:38.331,0.0,103.91,HAZARD,30,59.0%
15:25:38.396,0.0,116.37,HAZARD,30,59.0%
15:25:38.460,0.0,111.22,HAZARD,30,59.0%
15:25:38.527,0.0,87.92,HAZARD,30,59.0%
15:25:38.591,0.0,92.57,HAZARD,30,59.0%
15:25:38.650,0.0,53.73,HAZARD,30,59.0%
15:25:38.735,0.0,133.19,HAZARD,30,59.0%
15:25:38.793,0.0,107.34,HAZARD,30,59.0%
15:25:38.864,0.0,105.25,HAZARD,30,59.0%
15:25:38.920,0.0,87.06,HAZARD,30,59.0%
15:25:38.988,0.0,80.7,HAZARD,30,59.0%
15:25:39.068,0.0,98.45,HAZARD,30,59.0%
15:25:39.128,0.0,79.3,HAZARD,30,59.0%
15:25:39.196,0.0,81.3,HAZARD,30,59.0%
15:25:39.256,0.0,50.48,HAZARD,30,59.0%
15:25:39.328,0.0,8.37,HAZARD,30,59.0%
15:25:39.387,0.0,28.16,HAZARD,30,59.0%
15:25:39.468,0.0,56.01,HAZARD,30,59.0%
15:25:39.531,0.0,94.9,HAZARD,30,59.0%
15:25:39.601,0.0,82.44,HAZARD,30,59.0%
15:25:39.654,0.0,93.54,HAZARD,30,59.0%
15:25:39.718,0.0,163.79,HAZARD,30,59.0%
15:25:39.800,0.0,176.72,HAZARD,30,59.0%
15:25:39.868,0.0,166.67,HAZARD,30,59.0%
15:25:39.932,0.0,107.02,HAZARD,30,59.0%
15:25:39.995,0.0,145.34,HAZARD,30,59.0%
15:25:40.060,0.0,129.47,HAZARD,30,59.0%
15:25:40.129,0.0,73.18,HAZARD,30,59.0%
15:25:40.207,0.0,82.56,HAZARD,30,59.0%
15:25:40.269,0.0,27.96,HAZARD,30,59.0%
15:25:40.328,0.0,110.92,HAZARD,30,59.0%
15:25:40.395,0.0,121.68,HAZARD,30,59.0%
15:25:40.459,0.0,189.68,HAZARD,30,59.0%
15:25:40.540,0.0,227.16,HAZARD,30,59.0%
15:25:40.602,0.0,248.04,HAZARD,30,59.0%
15:25:40.663,0.0,213.43,HAZARD,30,59.0%
15:25:40.731,0.0,211.34,HAZARD,30,59.0%
15:25:40.821,0.0,221.59,HAZARD,30,59.0%
15:25:40.854,0.0,162.89,HAZARD,30,59.0%
15:25:40.945,0.0,196.8,HAZARD,30,59.0%
15:25:41.006,0.0,224.79,HAZARD,30,59.0%
15:25:41.068,0.0,250.6,HAZARD,30,59.0%
15:25:41.129,0.0,153.56,HAZARD,30,59.0%
15:25:41.196,0.0,21.95,HAZARD,30,59.0%
15:25:41.286,0.0,42.28,HAZARD,30,59.0%
15:25:41.336,0.0,57.6,HAZARD,30,59.0%
15:25:41.400,0.0,53.7,HAZARD,30,59.0%
15:25:41.467,0.0,44.44,HAZARD,30,59.0%
15:25:41.532,0.0,66.01,HAZARD,30,59.0%
15:25:41.594,0.0,136.4,HAZARD,30,59.0%
15:25:41.679,0.0,214.59,HAZARD,30,59.0%
15:25:41.742,0.0,127.14,HAZARD,30,59.0%
15:25:41.808,0.0,26.69,HAZARD,30,59.0%
15:25:41.847,0.0,13.92,HAZARD,30,59.0%
15:25:41.899,0.0,34.74,HAZARD,30,59.0%
15:25:41.944,0.0,12.68,HAZARD,30,59.0%
15:25:42.013,0.0,0.0,HAZARD,100,100.0%
15:25:42.059,0.0,0.0,HAZARD,100,100.0%
15:25:42.087,0.0,0.0,NORMAL,100,100.0%
15:25:42.120,0.0,6.71,NORMAL,30,59.0%
15:25:42.150,0.0,0.73,NORMAL,100,100.0%
15:25:42.183,0.0,6.59,NORMAL,30,59.0%
15:25:42.219,0.0,3.51,HAZARD,30,59.0%
15:25:42.247,0.0,0.0,HAZARD,100,100.0%
15:25:42.282,0.0,0.0,NORMAL,100,100.0%
15:25:42.312,0.0,0.0,NORMAL,100,100.0%
15:25:42.347,0.0,1.51,NORMAL,60,48.0%
15:25:42.393,0.0,6.27,NORMAL,30,59.0%
15:25:42.425,0.0,0.0,NORMAL,100,100.0%
15:25:42.453,0.0,0.0,NORMAL,100,100.0%
15:25:42.487,0.0,0.0,NORMAL,100,100.0%
15:25:42.527,0.0,5.06,NORMAL,30,59.0%
15:25:42.551,0.0,9.37,NORMAL,30,59.0%
15:25:42.582,0.0,7.41,HAZARD,30,59.0%
15:25:42.616,0.0,10.01,HAZARD,30,59.0%
15:25:42.649,0.0,9.42,HAZARD,30,59.0%
15:25:42.679,0.0,0.0,HAZARD,100,100.0%
15:25:42.712,0.0,2.7,HAZARD,30,56.0%
15:25:42.743,0.0,0.0,HAZARD,100,100.0%
15:25:42.797,0.0,0.0,NORMAL,100,100.0%
15:25:42.823,0.0,0.0,NORMAL,100,100.0%
15:25:42.855,0.0,0.0,NORMAL,100,100.0%
15:25:42.887,0.0,6.95,NORMAL,30,59.0%
15:25:42.920,0.0,11.0,NORMAL,30,59.0%
15:25:42.952,0.0,0.0,NORMAL,100,100.0%
15:25:42.986,0.0,0.0,NORMAL,100,100.0%
15:25:43.015,0.0,0.0,NORMAL,100,100.0%
15:25:43.050,0.0,0.0,NORMAL,100,100.0%
15:25:43.080,0.0,0.0,NORMAL,100,100.0%
15:25:43.113,0.0,0.0,NORMAL,100,100.0%
15:25:43.144,0.0,0.0,NORMAL,100,100.0%
15:25:43.191,0.0,0.0,NORMAL,100,100.0%
15:25:43.222,0.0,0.0,NORMAL,100,100.0%
15:25:43.260,0.0,0.0,NORMAL,100,100.0%
15:25:43.287,0.0,0.0,NORMAL,100,100.0%
15:25:43.320,0.0,0.0,NORMAL,100,100.0%
15:25:43.352,0.0,0.0,NORMAL,100,100.0%
15:25:43.384,0.0,0.0,NORMAL,100,100.0%
15:25:43.416,0.0,0.0,NORMAL,100,100.0%
15:25:43.447,0.0,0.0,NORMAL,100,100.0%
15:25:43.479,0.0,0.0,NORMAL,100,100.0%
15:25:43.512,0.0,0.0,NORMAL,100,100.0%
15:25:43.544,0.0,0.0,NORMAL,100,100.0%
15:25:43.596,0.0,0.0,NORMAL,100,100.0%
15:25:43.624,0.0,0.0,NORMAL,100,100.0%
15:25:43.659,0.0,0.0,NORMAL,100,100.0%
15:25:43.687,0.0,9.65,NORMAL,30,59.0%
15:25:43.721,0.0,9.5,NORMAL,30,59.0%
15:25:43.752,0.0,0.0,NORMAL,100,100.0%
15:25:43.820,0.0,0.0,NORMAL,100,100.0%
15:25:43.844,0.0,0.0,NORMAL,100,100.0%
15:25:43.860,0.0,0.0,NORMAL,100,100.0%
15:25:43.878,0.0,0.0,NORMAL,100,100.0%
15:25:43.910,0.0,9.75,NORMAL,30,59.0%
15:25:43.942,0.0,4.43,NORMAL,30,59.0%
15:25:43.993,0.0,3.53,HAZARD,30,59.0%
15:25:44.023,0.0,0.0,HAZARD,100,100.0%
15:25:44.056,0.0,7.99,HAZARD,30,59.0%
15:25:44.085,0.0,7.82,HAZARD,30,59.0%
15:25:44.118,0.0,2.76,HAZARD,30,57.0%
15:25:44.155,0.0,0.0,HAZARD,100,100.0%
15:25:44.186,0.0,0.0,HAZARD,100,100.0%
15:25:44.214,0.0,0.0,NORMAL,100,100.0%
15:25:44.248,0.0,0.0,NORMAL,100,100.0%
15:25:44.284,0.0,4.51,NORMAL,30,59.0%
15:25:44.310,0.0,0.0,NORMAL,100,100.0%
15:25:44.346,0.0,8.02,NORMAL,30,59.0%
15:25:44.391,0.0,0.0,NORMAL,100,100.0%
15:25:44.424,0.0,0.0,NORMAL,100,100.0%
15:25:44.452,0.0,0.0,NORMAL,100,100.0%
15:25:44.486,0.0,0.0,NORMAL,100,100.0%
15:25:44.522,0.0,7.94,NORMAL,30,59.0%
15:25:44.553,0.0,0.0,NORMAL,100,100.0%
15:25:44.583,0.0,8.08,NORMAL,30,59.0%
15:25:44.615,0.0,0.0,NORMAL,100,100.0%
15:25:44.650,0.0,3.99,HAZARD,30,59.0%
15:25:44.678,0.0,3.59,HAZARD,30,59.0%
15:25:44.712,0.0,7.76,HAZARD,30,59.0%
15:25:44.745,0.0,7.76,HAZARD,30,59.0%
15:25:44.793,0.0,7.64,HAZARD,30,59.0%
15:25:44.822,0.0,0.0,HAZARD,100,100.0%
15:25:44.857,0.0,0.0,HAZARD,100,100.0%
15:25:44.898,0.0,6.28,HAZARD,30,59.0%
15:25:44.919,0.0,2.77,HAZARD,30,58.0%
15:25:44.952,0.0,0.0,NORMAL,100,100.0%
15:25:44.986,0.0,1.63,HAZARD,60,49.0%
15:25:45.018,0.0,1.44,HAZARD,100,62.0%
15:25:45.048,0.0,0.0,NORMAL,100,100.0%
15:25:45.080,0.0,1.61,NORMAL,60,49.0%
15:25:45.115,0.0,0.0,NORMAL,100,100.0%
15:25:45.144,0.0,8.12,NORMAL,30,59.0%
15:25:45.198,0.0,0.0,NORMAL,100,100.0%
15:25:45.221,0.0,0.0,NORMAL,100,100.0%
15:25:45.255,0.0,8.0,NORMAL,30,59.0%
15:25:45.291,0.0,7.85,HAZARD,30,59.0%
15:25:45.320,0.0,3.86,HAZARD,30,59.0%
15:25:45.352,0.0,3.74,HAZARD,30,59.0%
15:25:45.383,0.0,7.81,HAZARD,30,59.0%
15:25:45.415,0.0,0.0,HAZARD,100,100.0%
15:25:45.446,0.0,1.62,HAZARD,60,49.0%
15:25:45.481,0.0,0.0,HAZARD,100,100.0%
15:25:45.512,0.0,0.0,NORMAL,100,100.0%
15:25:45.545,0.0,4.4,NORMAL,30,59.0%
15:25:45.595,0.0,9.99,HAZARD,30,59.0%
15:25:45.622,0.0,0.0,NORMAL,100,100.0%
15:25:45.653,0.0,0.0,NORMAL,100,100.0%
15:25:45.686,0.0,0.0,NORMAL,100,100.0%
15:25:45.720,0.0,4.14,NORMAL,30,59.0%
15:25:45.751,0.0,0.0,NORMAL,100,100.0%
15:25:45.783,0.0,0.0,NORMAL,100,100.0%
15:25:45.817,0.0,4.21,NORMAL,30,59.0%
15:25:45.848,0.0,7.81,HAZARD,30,59.0%
15:25:45.882,0.0,7.83,HAZARD,30,59.0%
15:25:45.913,0.0,7.82,HAZARD,30,59.0%
15:25:45.943,0.0,0.0,HAZARD,100,100.0%
15:25:45.992,0.0,0.0,HAZARD,100,100.0%
15:25:46.021,0.0,0.0,NORMAL,100,100.0%
15:25:46.057,0.0,0.0,NORMAL,100,100.0%
15:25:46.092,0.0,6.28,NORMAL,30,59.0%
15:25:46.121,0.0,5.45,NORMAL,30,59.0%
15:25:46.156,0.0,1.65,HAZARD,60,49.0%
15:25:46.185,0.0,0.0,HAZARD,100,100.0%
15:25:46.215,0.0,0.0,HAZARD,100,100.0%
15:25:46.249,0.0,0.0,NORMAL,100,100.0%
15:25:46.279,0.0,1.63,NORMAL,60,49.0%
15:25:46.313,0.0,1.42,NORMAL,100,63.0%
15:25:46.344,0.0,9.46,NORMAL,30,59.0%
15:25:46.392,0.0,0.0,NORMAL,100,100.0%
15:25:46.421,0.0,0.0,NORMAL,100,100.0%
15:25:46.456,0.0,0.0,NORMAL,100,100.0%
15:25:46.491,0.0,0.0,NORMAL,100,100.0%
15:25:46.518,0.0,7.77,NORMAL,30,59.0%
15:25:46.552,0.0,0.0,NORMAL,100,100.0%
15:25:46.585,0.0,5.13,NORMAL,30,59.0%
15:25:46.618,0.0,9.49,HAZARD,30,59.0%
15:25:46.648,0.0,7.75,HAZARD,30,59.0%
15:25:46.679,0.0,7.78,HAZARD,30,59.0%
15:25:46.753,0.0,0.0,HAZARD,100,100.0%
15:25:46.778,0.0,0.0,HAZARD,100,100.0%
15:25:46.794,0.0,0.0,NORMAL,100,100.0%
15:25:46.821,0.0,1.28,NORMAL,100,100.0%
15:25:46.854,0.0,8.09,NORMAL,30,59.0%
15:25:46.890,0.0,10.96,NORMAL,30,59.0%
15:25:46.924,0.0,0.0,NORMAL,100,100.0%
15:25:46.954,0.0,0.0,NORMAL,100,100.0%
15:25:46.982,0.0,0.0,NORMAL,100,100.0%
15:25:47.015,0.0,0.0,NORMAL,100,100.0%
15:25:47.048,0.0,8.08,NORMAL,30,59.0%
15:25:47.081,0.0,0.0,NORMAL,100,100.0%
15:25:47.110,0.0,7.95,NORMAL,30,59.0%
15:25:47.144,0.0,7.75,HAZARD,30,59.0%
15:25:47.193,0.0,3.99,HAZARD,30,59.0%
15:25:47.221,0.0,0.0,HAZARD,100,100.0%
15:25:47.258,0.0,8.01,HAZARD,30,59.0%
15:25:47.290,0.0,0.0,HAZARD,100,100.0%
15:25:47.319,0.0,3.58,HAZARD,30,59.0%
15:25:47.350,0.0,0.0,NORMAL,100,100.0%
15:25:47.390,0.0,1.66,HAZARD,60,49.0%
15:25:47.414,0.0,0.0,NORMAL,100,100.0%
15:25:47.446,0.0,4.27,HAZARD,30,59.0%
15:25:47.482,0.0,4.19,HAZARD,30,59.0%
15:25:47.511,0.0,1.56,CAUTION,60,48.0%
15:25:47.543,0.0,5.48,HAZARD,30,59.0%
15:25:47.594,0.0,0.0,HAZARD,100,100.0%
15:25:47.624,0.0,7.93,HAZARD,30,59.0%
15:25:47.653,0.0,0.0,HAZARD,100,100.0%
15:25:47.687,0.0,1.72,HAZARD,60,49.0%
15:25:47.718,0.0,0.0,NORMAL,100,100.0%
15:25:47.751,0.0,0.56,NORMAL,100,100.0%
15:25:47.781,0.0,0.0,NORMAL,100,100.0%
15:25:47.814,0.0,0.0,NORMAL,100,100.0%
15:25:47.860,0.0,5.5,NORMAL,30,59.0%
15:25:47.886,0.0,4.11,NORMAL,30,59.0%
15:25:47.914,0.0,3.94,HAZARD,30,59.0%
15:25:47.942,0.0,7.68,HAZARD,30,59.0%
15:25:47.990,0.0,0.0,HAZARD,100,100.0%
15:25:48.025,0.0,0.0,HAZARD,100,100.0%
15:25:48.060,0.0,0.0,NORMAL,100,100.0%
15:25:48.113,0.0,9.43,NORMAL,30,59.0%
15:25:48.138,0.0,3.48,NORMAL,30,59.0%
15:25:48.158,0.0,3.44,HAZARD,30,59.0%
15:25:48.184,0.0,14.6,HAZARD,30,59.0%
15:25:48.216,0.0,16.48,HAZARD,30,59.0%
15:25:48.249,0.0,10.74,HAZARD,30,59.0%
15:25:48.277,0.0,3.78,HAZARD,30,59.0%
15:25:48.314,0.0,0.0,HAZARD,100,100.0%
15:25:48.350,0.0,1.23,HAZARD,100,100.0%
15:25:48.394,0.0,5.49,HAZARD,30,59.0%
15:25:48.422,0.0,9.14,HAZARD,30,59.0%
15:25:48.454,0.0,5.66,HAZARD,30,59.0%
15:25:48.487,0.0,13.77,HAZARD,30,59.0%
15:25:48.521,0.0,39.32,HAZARD,30,59.0%
15:25:48.555,0.0,58.2,HAZARD,30,59.0%
15:25:48.590,0.0,25.15,HAZARD,30,59.0%
15:25:48.619,0.0,4.47,HAZARD,30,59.0%
15:25:48.649,0.0,0.0,HAZARD,100,100.0%
15:25:48.678,0.0,0.0,HAZARD,100,100.0%
15:25:48.713,0.0,4.3,HAZARD,30,59.0%
15:25:48.746,0.0,0.0,NORMAL,100,100.0%
15:25:48.795,0.0,0.0,NORMAL,100,100.0%
15:25:48.820,0.0,0.0,NORMAL,100,100.0%
15:25:48.853,0.0,0.0,NORMAL,100,100.0%
15:25:48.890,0.0,0.0,NORMAL,100,100.0%
15:25:48.921,0.0,0.0,NORMAL,100,100.0%
15:25:48.953,0.0,0.0,NORMAL,100,100.0%
15:25:48.983,0.0,0.0,NORMAL,100,100.0%
15:25:49.021,0.0,0.0,NORMAL,100,100.0%
15:25:49.046,0.0,0.0,NORMAL,100,100.0%
15:25:49.080,0.0,0.0,NORMAL,100,100.0%
15:25:49.124,0.0,0.0,NORMAL,100,100.0%
15:25:49.144,0.0,0.0,NORMAL,100,100.0%
15:25:49.232,0.0,3.0,NORMAL,30,59.0%
15:25:49.260,0.0,9.89,NORMAL,30,59.0%
15:25:49.287,0.0,1.08,NORMAL,100,100.0%
15:25:49.319,0.0,3.07,HAZARD,30,59.0%
15:25:49.355,0.0,4.36,HAZARD,30,59.0%
15:25:49.387,0.0,0.0,HAZARD,100,100.0%
15:25:49.415,0.0,4.26,HAZARD,30,59.0%
15:25:49.448,0.0,4.62,HAZARD,30,59.0%
15:25:49.479,0.0,0.53,HAZARD,100,100.0%
15:25:49.511,0.0,0.71,NORMAL,100,100.0%
15:25:49.554,0.0,10.23,HAZARD,30,59.0%
15:25:49.589,0.0,2.18,HAZARD,30,42.0%
15:25:49.622,0.0,1.35,NORMAL,100,100.0%
15:25:49.669,0.0,6.14,HAZARD,30,59.0%
15:25:49.694,0.0,0.0,HAZARD,100,100.0%
15:25:49.722,0.0,2.16,HAZARD,30,42.0%
15:25:49.756,0.0,0.0,NORMAL,100,100.0%
15:25:49.786,0.0,5.39,HAZARD,30,59.0%
15:25:49.818,0.0,0.0,NORMAL,100,100.0%
15:25:49.848,0.0,4.57,HAZARD,30,59.0%
15:25:49.887,0.0,17.52,HAZARD,30,59.0%
15:25:49.916,0.0,8.27,HAZARD,30,59.0%
15:25:49.943,0.0,27.59,HAZARD,30,59.0%
15:25:49.991,0.0,29.76,HAZARD,30,59.0%
15:25:50.020,0.0,0.0,HAZARD,100,100.0%
15:25:50.059,0.0,3.57,HAZARD,30,59.0%
15:25:50.087,0.0,9.59,HAZARD,30,59.0%
15:25:50.124,0.0,10.66,HAZARD,30,59.0%
15:25:50.151,0.0,29.16,HAZARD,30,59.0%
15:25:50.184,0.0,56.03,HAZARD,30,59.0%
15:25:50.217,0.0,42.1,HAZARD,30,59.0%
15:25:50.247,0.0,68.91,HAZARD,30,59.0%
15:25:50.281,0.0,43.45,HAZARD,30,59.0%
15:25:50.313,0.0,15.12,HAZARD,30,59.0%
15:25:50.357,0.0,21.51,HAZARD,30,59.0%
15:25:50.396,0.0,38.24,HAZARD,30,59.0%
15:25:50.422,0.0,48.69,HAZARD,30,59.0%
15:25:50.456,0.0,75.74,HAZARD,30,59.0%
15:25:50.498,0.0,61.55,HAZARD,30,59.0%
15:25:50.518,0.0,43.02,HAZARD,30,59.0%
15:25:50.551,0.0,76.3,HAZARD,30,59.0%
15:25:50.582,0.0,31.96,HAZARD,30,59.0%
15:25:50.616,0.0,48.89,HAZARD,30,59.0%
15:25:50.646,0.0,73.65,HAZARD,30,59.0%
15:25:50.679,0.0,61.65,HAZARD,30,59.0%
15:25:50.716,0.0,57.87,HAZARD,30,59.0%
15:25:50.743,0.0,57.89,HAZARD,30,59.0%
15:25:50.794,0.0,56.1,HAZARD,30,59.0%
15:25:50.825,0.0,52.23,HAZARD,30,59.0%
15:25:50.854,0.0,42.18,HAZARD,30,59.0%
15:25:50.887,0.0,34.64,HAZARD,30,59.0%
15:25:50.919,0.0,29.11,HAZARD,30,59.0%
15:25:50.953,0.0,29.38,HAZARD,30,59.0%
15:25:50.983,0.0,36.18,HAZARD,30,59.0%
15:25:51.017,0.0,34.27,HAZARD,30,59.0%
15:25:51.048,0.0,44.49,HAZARD,30,59.0%
15:25:51.079,0.0,32.14,HAZARD,30,59.0%
15:25:51.132,0.0,10.49,HAZARD,30,59.0%
15:25:51.175,0.0,21.9,HAZARD,30,59.0%
15:25:51.227,0.0,37.02,HAZARD,30,59.0%
15:25:51.274,0.0,63.93,HAZARD,30,59.0%
15:25:51.326,0.0,82.95,HAZARD,30,59.0%
15:25:51.369,0.0,100.33,HAZARD,30,59.0%
15:25:51.418,0.0,107.05,HAZARD,30,59.0%
15:25:51.501,0.0,129.33,HAZARD,30,59.0%
15:25:51.566,0.0,106.67,HAZARD,30,59.0%
15:25:51.626,0.0,102.81,HAZARD,30,59.0%
15:25:51.709,0.0,123.09,HAZARD,30,59.0%
15:25:51.756,0.0,87.61,HAZARD,30,59.0%
15:25:51.824,0.0,73.02,HAZARD,30,59.0%
15:25:51.901,0.0,108.05,HAZARD,30,59.0%
15:25:51.961,0.0,137.07,HAZARD,30,59.0%
15:25:52.044,0.0,155.26,HAZARD,30,59.0%
15:25:52.088,0.0,146.37,HAZARD,30,59.0%
15:25:52.157,0.0,189.2,HAZARD,30,59.0%
15:25:52.242,0.0,117.52,HAZARD,30,59.0%
15:25:52.300,0.0,86.88,HAZARD,30,59.0%
15:25:52.366,0.0,57.15,HAZARD,30,59.0%
15:25:52.424,0.0,46.11,HAZARD,30,59.0%
15:25:52.495,0.0,200.85,HAZARD,30,59.0%
15:25:52.559,0.0,104.48,HAZARD,30,59.0%
15:25:52.634,0.0,19.74,HAZARD,30,59.0%
15:25:52.698,0.0,3.95,HAZARD,30,59.0%
15:25:52.762,0.0,0.0,HAZARD,100,100.0%
15:25:52.827,0.0,4.45,HAZARD,30,59.0%
15:25:52.895,0.0,0.6,HAZARD,100,100.0%
15:25:52.953,0.0,0.84,NORMAL,100,100.0%
15:25:53.041,0.0,2.33,NORMAL,30,39.0%
15:25:53.100,0.0,15.77,HAZARD,30,59.0%
15:25:53.163,0.0,17.43,HAZARD,30,59.0%
15:25:53.228,0.0,16.94,HAZARD,30,59.0%
15:25:53.293,0.0,44.6,HAZARD,30,59.0%
15:25:53.376,0.0,73.8,HAZARD,30,59.0%
15:25:53.439,0.0,115.01,HAZARD,30,59.0%
15:25:53.499,0.0,75.65,HAZARD,30,59.0%
15:25:53.561,0.0,19.46,HAZARD,30,59.0%
15:25:53.627,0.0,70.25,HAZARD,30,59.0%
15:25:53.694,0.0,79.15,HAZARD,30,59.0%
15:25:53.776,0.0,80.06,HAZARD,30,59.0%
15:25:53.841,0.0,70.22,HAZARD,30,59.0%
15:25:53.900,0.0,34.59,HAZARD,30,59.0%
15:25:53.960,0.0,74.25,HAZARD,30,59.0%
15:25:54.027,0.0,121.05,HAZARD,30,59.0%
15:25:54.112,0.0,133.79,HAZARD,30,59.0%
15:25:54.171,0.0,133.51,HAZARD,30,59.0%
15:25:54.235,0.0,119.87,HAZARD,30,59.0%
15:25:54.299,0.0,128.23,HAZARD,30,59.0%
15:25:54.365,0.0,70.19,HAZARD,30,59.0%
15:25:54.436,0.0,22.33,HAZARD,30,59.0%
15:25:54.506,0.0,93.27,HAZARD,30,59.0%
15:25:54.580,0.0,109.02,HAZARD,30,59.0%
15:25:54.635,0.0,58.95,HAZARD,30,59.0%
15:25:54.700,0.0,21.45,HAZARD,30,59.0%
15:25:54.762,0.0,17.69,HAZARD,30,59.0%
15:25:54.848,0.0,54.93,HAZARD,30,59.0%
15:25:54.910,0.0,85.19,HAZARD,30,59.0%
15:25:54.970,0.0,34.21,HAZARD,30,59.0%
15:25:55.035,0.0,11.32,HAZARD,30,59.0%
15:25:55.105,0.0,50.9,HAZARD,30,59.0%
15:25:55.159,0.0,81.32,HAZARD,30,59.0%
15:25:55.247,0.0,115.87,HAZARD,30,59.0%
15:25:55.311,0.0,48.53,HAZARD,30,59.0%
15:25:55.372,0.0,8.08,HAZARD,30,59.0%
15:25:55.462,0.0,20.49,HAZARD,30,59.0%
15:25:55.493,0.0,29.17,HAZARD,30,59.0%
15:25:55.582,0.0,91.8,HAZARD,30,59.0%
15:25:55.643,0.0,37.48,HAZARD,30,59.0%
15:25:55.709,0.0,33.55,HAZARD,30,59.0%
15:25:55.769,0.0,58.86,HAZARD,30,59.0%
15:25:55.834,0.0,55.95,HAZARD,30,59.0%
15:25:55.901,0.0,9.09,HAZARD,30,59.0%
15:25:55.979,0.0,34.54,HAZARD,30,59.0%
15:25:56.045,0.0,0.0,HAZARD,100,100.0%
15:25:56.109,0.0,0.0,HAZARD,100,100.0%
15:25:56.172,0.0,1.21,NORMAL,100,100.0%
15:25:56.239,0.0,2.95,NORMAL,30,58.0%
15:25:56.317,0.0,5.39,NORMAL,30,59.0%
15:25:56.382,0.0,44.98,HAZARD,30,59.0%
15:25:56.443,0.0,59.56,HAZARD,30,59.0%
15:25:56.504,0.0,22.46,HAZARD,30,59.0%
15:25:56.570,0.0,22.3,HAZARD,30,59.0%
15:25:56.641,0.0,4.45,HAZARD,30,59.0%
15:25:56.718,0.0,1.94,HAZARD,60,40.0%
15:25:56.777,0.0,0.96,HAZARD,100,100.0%
15:25:56.846,0.0,0.0,HAZARD,100,100.0%
15:25:56.909,0.0,1.29,NORMAL,100,100.0%
15:25:56.970,0.0,0.52,NORMAL,100,100.0%
15:25:57.057,0.0,0.0,NORMAL,100,100.0%
15:25:57.116,0.0,0.0,NORMAL,100,100.0%
15:25:57.181,0.0,1.87,NORMAL,60,43.0%
15:25:57.247,0.0,1.66,NORMAL,60,49.0%
15:25:57.305,0.0,0.0,NORMAL,100,100.0%
15:25:57.376,0.0,0.0,NORMAL,100,100.0%
15:25:57.451,0.0,0.0,NORMAL,100,100.0%
15:25:57.514,0.0,0.0,NORMAL,100,100.0%
15:25:57.577,0.0,0.0,NORMAL,100,100.0%
15:25:57.646,0.0,0.0,NORMAL,100,100.0%
15:25:57.702,0.0,0.0,NORMAL,100,100.0%
15:25:57.777,0.0,0.0,NORMAL,100,100.0%
15:25:57.853,0.0,0.71,NORMAL,100,100.0%
15:25:57.914,0.0,0.59,NORMAL,100,100.0%
15:25:57.979,0.0,0.0,NORMAL,100,100.0%
15:25:58.041,0.0,0.0,NORMAL,100,100.0%
15:25:58.106,0.0,0.53,NORMAL,100,100.0%
15:25:58.198,0.0,4.03,NORMAL,30,59.0%
15:25:58.259,0.0,0.0,NORMAL,100,100.0%
15:25:58.320,0.0,0.64,NORMAL,100,100.0%
15:25:58.382,0.0,2.73,NORMAL,30,56.0%
15:25:58.446,0.0,0.73,NORMAL,100,100.0%
15:25:58.511,0.0,0.99,NORMAL,100,100.0%
15:25:58.594,0.0,1.02,NORMAL,100,100.0%
15:25:58.661,0.0,1.94,NORMAL,60,40.0%
15:25:58.720,0.0,8.17,NORMAL,30,59.0%
15:25:58.783,0.0,10.59,HAZARD,30,59.0%
15:25:58.846,0.0,0.0,HAZARD,100,100.0%
15:25:58.930,0.0,0.65,HAZARD,100,100.0%
15:25:59.069,0.0,1.37,NORMAL,100,100.0%
15:25:59.085,0.0,0.68,NORMAL,100,100.0%
15:25:59.109,0.0,0.92,NORMAL,100,100.0%
15:25:59.186,0.0,0.0,NORMAL,100,100.0%
15:25:59.248,0.0,0.0,NORMAL,100,100.0%
15:25:59.324,0.0,0.55,NORMAL,100,100.0%
15:25:59.391,0.0,1.28,NORMAL,100,100.0%
15:25:59.457,0.0,0.0,NORMAL,100,100.0%
15:25:59.513,0.0,0.0,NORMAL,100,100.0%
15:25:59.585,0.0,0.0,NORMAL,100,100.0%
15:25:59.663,0.0,1.12,NORMAL,100,100.0%
15:25:59.730,0.0,0.54,NORMAL,100,100.0%
15:25:59.791,0.0,0.0,NORMAL,100,100.0%
15:25:59.860,0.0,0.77,NORMAL,100,100.0%
15:25:59.916,0.0,0.7,NORMAL,100,100.0%
15:25:59.983,0.0,0.0,NORMAL,100,100.0%
15:26:00.060,0.0,0.0,NORMAL,100,100.0%
15:26:00.125,0.0,0.0,NORMAL,100,100.0%
15:26:00.197,0.0,0.0,NORMAL,100,100.0%
15:26:00.253,0.0,0.0,NORMAL,100,100.0%
15:26:00.317,0.0,0.0,NORMAL,100,100.0%
15:26:00.394,0.0,0.0,NORMAL,100,100.0%
15:26:00.464,0.0,0.0,NORMAL,100,100.0%
15:26:00.528,0.0,0.95,NORMAL,100,100.0%
15:26:00.595,0.0,0.0,NORMAL,100,100.0%
15:26:00.659,0.0,0.0,NORMAL,100,100.0%
15:26:00.722,0.0,1.85,NORMAL,60,43.0%
15:26:00.799,0.0,0.0,NORMAL,100,100.0%
15:26:00.864,0.0,0.0,NORMAL,100,100.0%
15:26:00.927,0.0,0.0,NORMAL,100,100.0%
15:26:00.994,0.0,0.0,NORMAL,100,100.0%
15:26:01.051,0.0,0.0,NORMAL,100,100.0%
15:26:01.131,0.0,0.0,NORMAL,100,100.0%
15:26:01.200,0.0,0.0,NORMAL,100,100.0%
15:26:01.264,0.0,0.0,NORMAL,100,100.0%
15:26:01.319,0.0,0.0,NORMAL,100,100.0%
15:26:01.396,0.0,0.0,NORMAL,100,100.0%
15:26:01.451,0.0,0.0,NORMAL,100,100.0%
15:26:01.536,0.0,0.0,NORMAL,100,100.0%
15:26:01.597,0.0,0.0,NORMAL,100,100.0%
15:26:01.666,0.0,0.0,NORMAL,100,100.0%
15:26:01.732,0.0,0.0,NORMAL,100,100.0%
15:26:01.794,0.0,0.0,NORMAL,100,100.0%
15:26:01.876,0.0,0.0,NORMAL,100,100.0%
15:26:01.935,0.0,0.0,NORMAL,100,100.0%
15:26:02.000,0.0,0.0,NORMAL,100,100.0%
15:26:02.067,0.0,0.0,NORMAL,100,100.0%
15:26:02.130,0.0,0.0,NORMAL,100,100.0%
15:26:02.195,0.0,0.0,NORMAL,100,100.0%
15:26:02.277,0.0,0.0,NORMAL,100,100.0%
15:26:02.341,0.0,0.0,NORMAL,100,100.0%
15:26:02.396,0.0,0.0,NORMAL,100,100.0%
15:26:02.464,0.0,0.0,NORMAL,100,100.0%
15:26:02.529,0.0,0.0,NORMAL,100,100.0%
15:26:02.596,0.0,0.0,NORMAL,100,100.0%
15:26:02.674,0.0,0.0,NORMAL,100,100.0%
15:26:02.734,0.0,0.0,NORMAL,100,100.0%
15:26:02.800,0.0,0.0,NORMAL,100,100.0%
15:26:02.866,0.0,0.0,NORMAL,100,100.0%
15:26:02.928,0.0,0.0,NORMAL,100,100.0%
15:26:03.007,0.0,0.0,NORMAL,100,100.0%
15:26:03.128,0.0,0.0,NORMAL,100,100.0%
15:26:03.153,0.0,0.0,NORMAL,100,100.0%
15:26:03.190,0.0,0.0,NORMAL,100,100.0%
15:26:03.265,0.0,0.0,NORMAL,100,100.0%
15:26:03.327,0.0,0.0,NORMAL,100,100.0%
15:26:03.404,0.0,0.0,NORMAL,100,100.0%
15:26:03.469,0.0,0.71,NORMAL,100,100.0%
15:26:03.537,0.0,0.6,NORMAL,100,100.0%
15:26:03.594,0.0,14.41,NORMAL,30,59.0%
15:26:03.665,0.0,0.0,NORMAL,100,100.0%
15:26:03.748,0.0,0.0,NORMAL,100,100.0%
15:26:03.806,0.0,0.0,NORMAL,100,100.0%
15:26:03.875,0.0,0.0,NORMAL,100,100.0%
15:26:03.930,0.0,0.0,NORMAL,100,100.0%
15:26:03.998,0.0,0.0,NORMAL,100,100.0%
15:26:04.069,0.0,0.0,NORMAL,100,100.0%
15:26:04.148,0.0,0.0,NORMAL,100,100.0%
15:26:04.203,0.0,0.0,NORMAL,100,100.0%
15:26:04.275,0.0,0.82,NORMAL,100,100.0%
15:26:04.337,0.0,0.62,NORMAL,100,100.0%
15:26:04.399,0.0,0.0,NORMAL,100,100.0%
15:26:04.479,0.0,0.0,NORMAL,100,100.0%
15:26:04.542,0.0,0.0,NORMAL,100,100.0%
15:26:04.610,0.0,0.0,NORMAL,100,100.0%
15:26:04.664,0.0,0.0,NORMAL,100,100.0%
15:26:04.736,0.0,0.6,NORMAL,100,100.0%
15:26:04.797,0.0,29.84,NORMAL,30,59.0%
15:26:04.877,0.0,71.77,NORMAL,30,59.0%
15:26:04.946,0.0,39.78,HAZARD,30,59.0%
15:26:05.011,0.0,24.47,HAZARD,30,59.0%
15:26:05.069,0.0,55.43,HAZARD,30,59.0%
15:26:05.131,0.0,22.82,HAZARD,30,59.0%
15:26:05.217,0.0,0.0,HAZARD,100,100.0%
15:26:05.280,0.0,0.0,HAZARD,100,100.0%
15:26:05.353,0.0,0.0,NORMAL,100,100.0%
15:26:05.413,0.0,0.0,NORMAL,100,100.0%
15:26:05.475,0.0,2.52,NORMAL,30,49.0%
15:26:05.540,0.0,2.48,NORMAL,30,45.0%
15:26:05.618,0.0,0.0,NORMAL,100,100.0%
15:26:05.684,0.0,0.0,NORMAL,100,100.0%
15:26:05.743,0.0,0.0,NORMAL,100,100.0%
15:26:05.816,0.0,0.0,NORMAL,100,100.0%
15:26:05.879,0.0,0.0,NORMAL,100,100.0%
15:26:05.953,0.0,0.0,NORMAL,100,100.0%
15:26:06.022,0.0,0.0,NORMAL,100,100.0%
15:26:06.081,0.0,0.0,NORMAL,100,100.0%
15:26:06.140,0.0,0.0,NORMAL,100,100.0%
15:26:06.199,0.0,0.0,NORMAL,100,100.0%
15:26:06.277,0.0,0.0,NORMAL,100,100.0%
15:26:06.357,0.0,0.0,NORMAL,100,100.0%
15:26:06.413,0.0,0.63,NORMAL,100,100.0%
15:26:06.476,0.0,0.85,NORMAL,100,100.0%
15:26:06.546,0.0,0.7,NORMAL,100,100.0%
15:26:06.609,0.0,0.0,NORMAL,100,100.0%
15:26:06.708,0.0,12.33,NORMAL,30,59.0%
15:26:06.747,0.0,0.0,NORMAL,100,100.0%
15:26:06.815,0.0,0.0,NORMAL,100,100.0%
15:26:06.925,0.0,0.0,NORMAL,100,100.0%
15:26:06.942,0.0,0.58,NORMAL,100,100.0%
15:26:07.010,0.0,0.91,NORMAL,100,100.0%
15:26:07.090,0.0,5.18,NORMAL,30,59.0%
15:26:07.150,0.0,0.0,NORMAL,100,100.0%
15:26:07.214,0.0,0.0,NORMAL,100,100.0%
15:26:07.276,0.0,0.0,NORMAL,100,100.0%
15:26:07.347,0.0,19.52,NORMAL,30,59.0%
15:26:07.408,0.0,0.0,NORMAL,100,100.0%
15:26:07.487,0.0,2.97,NORMAL,30,59.0%
15:26:07.550,0.0,13.91,HAZARD,30,59.0%
15:26:07.614,0.0,0.0,HAZARD,100,100.0%
15:26:07.678,0.0,0.0,NORMAL,100,100.0%
15:26:07.751,0.0,0.0,NORMAL,100,100.0%
15:26:07.832,0.0,0.0,NORMAL,100,100.0%
15:26:07.890,0.0,0.0,NORMAL,100,100.0%
15:26:07.953,0.0,0.0,NORMAL,100,100.0%
15:26:08.017,0.0,0.0,NORMAL,100,100.0%
15:26:08.077,0.0,0.0,NORMAL,100,100.0%
15:26:08.147,0.0,0.0,NORMAL,100,100.0%
15:26:08.227,0.0,0.63,NORMAL,100,100.0%
15:26:08.284,0.0,0.0,NORMAL,100,100.0%
15:26:08.350,0.0,0.0,NORMAL,100,100.0%
15:26:08.412,0.0,0.0,NORMAL,100,100.0%
15:26:08.482,0.0,0.0,NORMAL,100,100.0%
15:26:08.560,0.0,0.0,NORMAL,100,100.0%
15:26:08.626,0.0,0.0,NORMAL,100,100.0%
15:26:08.693,0.0,0.0,NORMAL,100,100.0%
15:26:08.751,0.0,0.0,NORMAL,100,100.0%
15:26:08.814,0.0,0.0,NORMAL,100,100.0%
15:26:08.881,0.0,0.0,NORMAL,100,100.0%
15:26:08.956,0.0,0.0,NORMAL,100,100.0%
15:26:09.025,0.0,0.0,NORMAL,100,100.0%
15:26:09.084,0.0,0.0,NORMAL,100,100.0%
15:26:09.146,0.0,0.0,NORMAL,100,100.0%
15:26:09.215,0.0,0.0,NORMAL,100,100.0%
15:26:09.294,0.0,0.71,NORMAL,100,100.0%
15:26:09.362,0.0,0.0,NORMAL,100,100.0%
15:26:09.433,0.0,6.39,NORMAL,30,59.0%
15:26:09.487,0.0,45.74,NORMAL,30,59.0%
15:26:09.549,0.0,53.28,HAZARD,30,59.0%
15:26:09.614,0.0,41.22,HAZARD,30,59.0%
15:26:09.697,0.0,55.99,HAZARD,30,59.0%
15:26:09.762,0.0,41.4,HAZARD,30,59.0%
15:26:09.819,0.0,8.85,HAZARD,30,59.0%
15:26:09.884,0.0,1.53,HAZARD,60,48.0%
15:26:09.950,0.0,30.07,HAZARD,30,59.0%
15:26:10.025,0.0,46.42,HAZARD,30,59.0%
15:26:10.097,0.0,2.18,HAZARD,30,42.0%
15:26:10.160,0.0,16.66,HAZARD,30,59.0%
15:26:10.226,0.0,45.58,HAZARD,30,59.0%
15:26:10.327,0.0,56.73,HAZARD,30,59.0%
15:26:10.344,0.0,5.0,HAZARD,30,59.0%
15:26:10.433,0.0,24.79,HAZARD,30,59.0%
15:26:10.496,0.0,17.44,HAZARD,30,59.0%
15:26:10.563,0.0,6.91,HAZARD,30,59.0%
15:26:10.625,0.0,34.81,HAZARD,30,59.0%
15:26:10.692,0.0,3.23,HAZARD,30,59.0%
15:26:10.761,0.0,21.83,HAZARD,30,59.0%
15:26:10.830,0.0,17.27,HAZARD,30,59.0%
15:26:10.900,0.0,13.9,HAZARD,30,59.0%
15:26:10.958,0.0,2.37,HAZARD,30,39.0%
15:26:11.026,0.0,3.92,HAZARD,30,59.0%
15:26:11.082,0.0,2.22,HAZARD,30,42.0%
15:26:11.173,0.0,0.67,HAZARD,100,100.0%
15:26:11.225,0.0,0.0,HAZARD,100,100.0%
15:26:11.297,0.0,3.15,HAZARD,30,59.0%
15:26:11.360,0.0,0.0,NORMAL,100,100.0%
15:26:11.427,0.0,0.0,NORMAL,100,100.0%
15:26:11.508,0.0,0.0,NORMAL,100,100.0%
15:26:11.563,0.0,0.0,NORMAL,100,100.0%
15:26:11.626,0.0,0.0,NORMAL,100,100.0%
15:26:11.699,0.0,1.02,NORMAL,100,100.0%
15:26:11.762,0.0,0.53,NORMAL,100,100.0%
15:26:11.832,0.0,0.0,NORMAL,100,100.0%
15:26:11.908,0.0,0.51,NORMAL,100,100.0%
15:26:11.964,0.0,4.28,NORMAL,30,59.0%
15:26:12.031,0.0,2.53,NORMAL,30,52.0%
15:26:12.094,0.0,0.6,NORMAL,100,100.0%
15:26:12.164,0.0,0.0,NORMAL,100,100.0%
15:26:12.226,0.0,0.0,NORMAL,100,100.0%
15:26:12.307,0.0,0.0,NORMAL,100,100.0%
15:26:12.365,0.0,0.0,NORMAL,100,100.0%
15:26:12.429,0.0,0.0,NORMAL,100,100.0%
15:26:12.497,0.0,0.0,NORMAL,100,100.0%
15:26:12.563,0.0,0.0,NORMAL,100,100.0%
15:26:12.644,0.0,0.0,NORMAL,100,100.0%
15:26:12.708,0.0,0.0,NORMAL,100,100.0%
15:26:12.769,0.0,0.51,NORMAL,100,100.0%
15:26:12.831,0.0,0.0,NORMAL,100,100.0%
15:26:12.891,0.0,0.58,NORMAL,100,100.0%
15:26:12.961,0.0,0.0,NORMAL,100,100.0%
15:26:13.044,0.0,13.33,NORMAL,30,59.0%
15:26:13.096,0.0,8.23,NORMAL,30,59.0%
15:26:13.164,0.0,36.26,HAZARD,30,59.0%
15:26:13.231,0.0,18.29,HAZARD,30,59.0%
15:26:13.294,0.0,7.02,HAZARD,30,59.0%
15:26:13.382,0.0,0.0,HAZARD,100,100.0%
15:26:13.444,0.0,0.65,HAZARD,100,100.0%
15:26:13.523,0.0,0.0,NORMAL,100,100.0%
15:26:13.565,0.0,3.21,NORMAL,30,59.0%
15:26:13.625,0.0,3.12,NORMAL,30,59.0%
15:26:13.693,0.0,0.5,NORMAL,100,100.0%
15:26:13.776,0.0,0.0,NORMAL,100,100.0%
15:26:13.879,0.0,6.41,HAZARD,30,59.0%
15:26:13.917,0.0,22.8,HAZARD,30,59.0%
15:26:13.965,0.0,44.96,HAZARD,30,59.0%
15:26:14.032,0.0,6.56,HAZARD,30,59.0%
15:26:14.107,0.0,12.52,HAZARD,30,59.0%
15:26:14.173,0.0,25.89,HAZARD,30,59.0%
15:26:14.237,0.0,16.61,HAZARD,30,59.0%
15:26:14.306,0.0,15.3,HAZARD,30,59.0%
15:26:14.367,0.0,33.44,HAZARD,30,59.0%
15:26:14.431,0.0,52.74,HAZARD,30,59.0%
15:26:14.517,0.0,41.07,HAZARD,30,59.0%
15:26:14.575,0.0,52.95,HAZARD,30,59.0%
15:26:14.633,0.0,19.95,HAZARD,30,59.0%
15:26:14.706,0.0,39.5,HAZARD,30,59.0%
15:26:14.765,0.0,60.33,HAZARD,30,59.0%
15:26:14.847,0.0,42.82,HAZARD,30,59.0%
15:26:14.904,0.0,47.45,HAZARD,30,59.0%
15:26:14.976,0.0,79.02,HAZARD,30,59.0%
15:26:15.039,0.0,73.35,HAZARD,30,59.0%
15:26:15.107,0.0,63.81,HAZARD,30,59.0%
15:26:15.167,0.0,42.24,HAZARD,30,59.0%
15:26:15.249,0.0,39.62,HAZARD,30,59.0%
15:26:15.313,0.0,58.27,HAZARD,30,59.0%
15:26:15.378,0.0,33.14,HAZARD,30,59.0%
15:26:15.443,0.0,76.62,HAZARD,30,59.0%
15:26:15.506,0.0,61.77,HAZARD,30,59.0%
15:26:15.581,0.0,36.17,HAZARD,30,59.0%
15:26:15.647,0.0,31.08,HAZARD,30,59.0%
15:26:15.708,0.0,56.14,HAZARD,30,59.0%
15:26:15.779,0.0,79.95,HAZARD,30,59.0%
15:26:15.836,0.0,55.56,HAZARD,30,59.0%
15:26:15.908,0.0,23.93,HAZARD,30,59.0%
15:26:15.980,0.0,39.45,HAZARD,30,59.0%
15:26:16.047,0.0,101.92,HAZARD,30,59.0%
15:26:16.113,0.0,36.64,HAZARD,30,59.0%
15:26:16.183,0.0,32.65,HAZARD,30,59.0%
15:26:16.256,0.0,15.47,HAZARD,30,59.0%
15:26:16.317,0.0,6.82,HAZARD,30,59.0%
15:26:16.383,0.0,189.27,HAZARD,30,59.0%
15:26:16.447,0.0,174.43,HAZARD,30,59.0%
15:26:16.514,0.0,148.69,HAZARD,30,59.0%
15:26:16.583,0.0,180.5,HAZARD,30,59.0%
15:26:16.640,0.0,120.07,HAZARD,30,59.0%
15:26:16.717,0.0,103.33,HAZARD,30,59.0%
15:26:16.782,0.0,141.82,HAZARD,30,59.0%
15:26:16.847,0.0,98.93,HAZARD,30,59.0%
15:26:16.915,0.0,113.23,HAZARD,30,59.0%
15:26:16.979,0.0,35.57,HAZARD,30,59.0%
15:26:17.042,0.0,85.57,HAZARD,30,59.0%
15:26:17.117,0.0,191.73,HAZARD,30,59.0%
15:26:17.182,0.0,18.79,HAZARD,30,59.0%
15:26:17.246,0.0,0.0,HAZARD,100,100.0%
15:26:17.377,0.0,20.04,HAZARD,30,59.0%
15:26:17.406,0.0,154.48,HAZARD,30,59.0%
15:26:17.447,0.0,177.28,HAZARD,30,59.0%
15:26:17.524,0.0,44.19,HAZARD,30,59.0%
15:26:17.583,0.0,53.68,HAZARD,30,59.0%
15:26:17.655,0.0,50.59,HAZARD,30,59.0%
15:26:17.709,0.0,78.48,HAZARD,30,59.0%
15:26:17.768,0.0,99.58,HAZARD,30,59.0%
15:26:17.860,0.0,66.43,HAZARD,30,59.0%
15:26:17.916,0.0,73.94,HAZARD,30,59.0%
15:26:17.985,0.0,77.68,HAZARD,30,59.0%
15:26:18.044,0.0,63.07,HAZARD,30,59.0%
15:26:18.110,0.0,57.35,HAZARD,30,59.0%
15:26:18.198,0.0,46.29,HAZARD,30,59.0%
15:26:18.259,0.0,87.75,HAZARD,30,59.0%
15:26:18.315,0.0,57.87,HAZARD,30,59.0%
15:26:18.383,0.0,76.23,HAZARD,30,59.0%
15:26:18.447,0.0,100.51,HAZARD,30,59.0%
15:26:18.512,0.0,49.35,HAZARD,30,59.0%
15:26:18.596,0.0,54.74,HAZARD,30,59.0%
15:26:18.651,0.0,42.08,HAZARD,30,59.0%
15:26:18.719,0.0,40.31,HAZARD,30,59.0%
15:26:18.784,0.0,86.42,HAZARD,30,59.0%
15:26:18.844,0.0,47.09,HAZARD,30,59.0%
15:26:18.932,0.0,89.13,HAZARD,30,59.0%
15:26:18.992,0.0,22.13,HAZARD,30,59.0%
15:26:19.050,0.0,46.83,HAZARD,30,59.0%
15:26:19.120,0.0,72.14,HAZARD,30,59.0%
15:26:19.182,0.0,60.29,HAZARD,30,59.0%
15:26:19.244,0.0,58.2,HAZARD,30,59.0%
15:26:19.325,0.0,39.14,HAZARD,30,59.0%
15:26:19.400,0.0,22.94,HAZARD,30,59.0%
15:26:19.453,0.0,25.91,HAZARD,30,59.0%
15:26:19.524,0.0,76.06,HAZARD,30,59.0%
15:26:19.582,0.0,55.09,HAZARD,30,59.0%
15:26:19.666,0.0,35.44,HAZARD,30,59.0%
15:26:19.730,0.0,108.22,HAZARD,30,59.0%
15:26:19.797,0.0,101.29,HAZARD,30,59.0%
15:26:19.856,0.0,75.77,HAZARD,30,59.0%
15:26:19.919,0.0,113.7,HAZARD,30,59.0%
15:26:19.981,0.0,153.14,HAZARD,30,59.0%
15:26:20.059,0.0,124.3,HAZARD,30,59.0%
15:26:20.132,0.0,90.28,HAZARD,30,59.0%
15:26:20.195,0.0,60.12,HAZARD,30,59.0%
15:26:20.261,0.0,74.02,HAZARD,30,59.0%
15:26:20.317,0.0,118.87,HAZARD,30,59.0%
15:26:20.395,0.0,189.86,HAZARD,30,59.0%
15:26:20.460,0.0,249.69,HAZARD,30,59.0%
15:26:20.523,0.0,139.94,HAZARD,30,59.0%
15:26:20.586,0.0,106.75,HAZARD,30,59.0%
15:26:20.700,0.0,111.06,HAZARD,30,59.0%
15:26:20.718,0.0,135.75,HAZARD,30,59.0%
15:26:20.794,0.0,144.7,HAZARD,30,59.0%
15:26:20.862,0.0,182.0,HAZARD,30,59.0%
15:26:20.929,0.0,174.29,HAZARD,30,59.0%
15:26:20.994,0.0,267.46,HAZARD,30,59.0%
15:26:21.058,0.0,259.16,HAZARD,30,59.0%
15:26:21.134,0.0,198.59,HAZARD,30,59.0%
15:26:21.200,0.0,165.69,HAZARD,30,59.0%
15:26:21.258,0.0,214.83,HAZARD,30,59.0%
15:26:21.332,0.0,217.51,HAZARD,30,59.0%
15:26:21.394,0.0,277.72,HAZARD,30,59.0%
15:26:21.453,0.0,247.85,HAZARD,30,59.0%
15:26:21.534,0.0,144.55,HAZARD,30,59.0%
15:26:21.599,0.0,112.92,HAZARD,30,59.0%
15:26:21.658,0.0,192.36,HAZARD,30,59.0%
15:26:21.728,0.0,210.84,HAZARD,30,59.0%
15:26:21.796,0.0,146.86,HAZARD,30,59.0%
15:26:21.849,0.0,101.73,HAZARD,30,59.0%
15:26:21.937,0.0,98.79,HAZARD,30,59.0%
15:26:21.998,0.0,47.11,HAZARD,30,59.0%
15:26:22.065,0.0,20.98,HAZARD,30,59.0%
15:26:22.129,0.0,42.35,HAZARD,30,59.0%
15:26:22.194,0.0,59.12,HAZARD,30,59.0%
15:26:22.259,0.0,20.2,HAZARD,30,59.0%
15:26:22.300,0.0,10.68,HAZARD,30,59.0%
15:26:22.350,0.0,0.0,HAZARD,100,100.0%
15:26:22.395,0.0,19.88,HAZARD,30,59.0%
15:26:22.444,0.0,34.01,HAZARD,30,59.0%
15:26:22.492,0.0,31.92,HAZARD,30,59.0%
15:26:22.536,0.0,0.0,HAZARD,100,100.0%
15:26:22.591,0.0,5.9,HAZARD,30,59.0%
15:26:22.655,0.0,7.88,HAZARD,30,59.0%
15:26:22.700,0.0,5.91,HAZARD,30,59.0%
15:26:22.729,0.0,18.77,HAZARD,30,59.0%
15:26:22.760,0.0,13.98,HAZARD,30,59.0%
15:26:22.794,0.0,25.55,HAZARD,30,59.0%
15:26:22.824,0.0,17.9,HAZARD,30,59.0%
15:26:22.859,0.0,14.91,HAZARD,30,59.0%
15:26:22.887,0.0,25.02,HAZARD,30,59.0%
15:26:22.925,0.0,22.01,HAZARD,30,59.0%
15:26:22.976,0.0,11.06,HAZARD,30,59.0%
15:26:23.001,0.0,10.8,HAZARD,30,59.0%
15:26:23.037,0.0,11.68,HAZARD,30,59.0%
15:26:23.077,0.0,28.92,HAZARD,30,59.0%
15:26:23.097,0.0,27.16,HAZARD,30,59.0%
15:26:23.129,0.0,21.39,HAZARD,30,59.0%
15:26:23.161,0.0,21.7,HAZARD,30,59.0%
15:26:23.193,0.0,18.01,HAZARD,30,59.0%
15:26:23.227,0.0,13.62,HAZARD,30,59.0%
15:26:23.259,0.0,4.74,HAZARD,30,59.0%
15:26:23.287,0.0,6.1,HAZARD,30,59.0%
15:26:23.323,0.0,19.7,HAZARD,30,59.0%
15:26:23.379,0.0,18.02,HAZARD,30,59.0%
15:26:23.402,0.0,2.76,HAZARD,30,57.0%
15:26:23.434,0.0,4.2,HAZARD,30,59.0%
15:26:23.467,0.0,22.66,HAZARD,30,59.0%
15:26:23.496,0.0,4.19,HAZARD,30,59.0%
15:26:23.529,0.0,3.37,HAZARD,30,59.0%
15:26:23.564,0.0,8.99,HAZARD,30,59.0%
15:26:23.592,0.0,44.57,HAZARD,30,59.0%
15:26:23.624,0.0,0.0,HAZARD,100,100.0%
15:26:23.720,0.0,0.0,HAZARD,100,100.0%
15:26:23.746,0.0,0.0,NORMAL,100,100.0%
15:26:23.768,0.0,3.57,NORMAL,30,59.0%
15:26:23.803,0.0,0.0,NORMAL,100,100.0%
15:26:23.839,0.0,19.24,NORMAL,30,59.0%
15:26:23.867,0.0,20.5,HAZARD,30,59.0%
15:26:23.896,0.0,0.0,HAZARD,100,100.0%
15:26:23.931,0.0,0.0,NORMAL,100,100.0%
15:26:23.961,0.0,11.84,HAZARD,30,59.0%
15:26:24.002,0.0,11.15,HAZARD,30,59.0%
15:26:24.029,0.0,13.48,HAZARD,30,59.0%
15:26:24.058,0.0,5.25,HAZARD,30,59.0%
15:26:24.095,0.0,4.84,HAZARD,30,59.0%
15:26:24.123,0.0,4.46,HAZARD,30,59.0%
15:26:24.168,0.0,11.91,HAZARD,30,59.0%
15:26:24.201,0.0,6.66,HAZARD,30,59.0%
15:26:24.231,0.0,0.0,HAZARD,100,100.0%
15:26:24.266,0.0,10.73,HAZARD,30,59.0%
15:26:24.303,0.0,19.4,HAZARD,30,59.0%
15:26:24.328,0.0,0.0,HAZARD,100,100.0%
15:26:24.364,0.0,0.0,NORMAL,100,100.0%
15:26:24.395,0.0,19.69,HAZARD,30,59.0%
15:26:24.433,0.0,2.79,HAZARD,30,58.0%
15:26:24.456,0.0,2.86,HAZARD,30,58.0%
15:26:24.489,0.0,1.93,HAZARD,60,40.0%
15:26:24.526,0.0,1.28,HAZARD,100,100.0%
15:26:24.579,0.0,1.21,HAZARD,100,100.0%
15:26:24.601,0.0,0.0,NORMAL,100,100.0%
15:26:24.635,0.0,12.97,NORMAL,30,59.0%
15:26:24.666,0.0,3.74,NORMAL,30,59.0%
15:26:24.698,0.0,5.96,HAZARD,30,59.0%
15:26:24.727,0.0,4.13,HAZARD,30,59.0%
15:26:24.760,0.0,0.0,HAZARD,100,100.0%
15:26:24.794,0.0,0.0,HAZARD,100,100.0%
15:26:24.823,0.0,11.02,HAZARD,30,59.0%
15:26:24.856,0.0,3.36,HAZARD,30,59.0%
15:26:24.891,0.0,0.0,NORMAL,100,100.0%
15:26:24.918,0.0,0.0,NORMAL,100,100.0%
15:26:24.976,0.0,0.0,NORMAL,100,100.0%
15:26:25.001,0.0,3.67,NORMAL,30,59.0%
15:26:25.044,0.0,1.88,NORMAL,60,43.0%
15:26:25.065,0.0,22.4,HAZARD,30,59.0%
15:26:25.097,0.0,19.23,HAZARD,30,59.0%
15:26:25.129,0.0,0.0,HAZARD,100,100.0%
15:26:25.160,0.0,11.48,HAZARD,30,59.0%
15:26:25.193,0.0,5.28,HAZARD,30,59.0%
15:26:25.225,0.0,0.0,HAZARD,100,100.0%
15:26:25.258,0.0,10.78,HAZARD,30,59.0%
15:26:25.287,0.0,0.0,HAZARD,100,100.0%
15:26:25.318,0.0,9.77,HAZARD,30,59.0%
15:26:25.375,0.0,6.19,HAZARD,30,59.0%
15:26:25.404,0.0,7.12,HAZARD,30,59.0%
15:26:25.437,0.0,5.99,HAZARD,30,59.0%
15:26:25.463,0.0,10.96,HAZARD,30,59.0%
15:26:25.495,0.0,13.94,HAZARD,30,59.0%
15:26:25.531,0.0,0.0,HAZARD,100,100.0%
15:26:25.561,0.0,5.93,HAZARD,30,59.0%
15:26:25.593,0.0,0.0,HAZARD,100,100.0%
15:26:25.632,0.0,3.7,HAZARD,30,59.0%
15:26:25.656,0.0,0.0,NORMAL,100,100.0%
15:26:25.685,0.0,12.76,HAZARD,30,59.0%
15:26:25.720,0.0,2.19,HAZARD,30,42.0%
15:26:25.784,0.0,18.17,HAZARD,30,59.0%
15:26:25.800,0.0,0.0,HAZARD,100,100.0%
15:26:25.834,0.0,3.53,HAZARD,30,59.0%
15:26:25.863,0.0,20.96,HAZARD,30,59.0%
15:26:25.898,0.0,18.85,HAZARD,30,59.0%
15:26:25.934,0.0,8.58,HAZARD,30,59.0%
15:26:25.961,0.0,3.96,HAZARD,30,59.0%
15:26:25.993,0.0,3.3,HAZARD,30,59.0%
15:26:26.025,0.0,18.98,HAZARD,30,59.0%
15:26:26.059,0.0,2.95,HAZARD,30,58.0%
15:26:26.089,0.0,0.0,HAZARD,100,100.0%
15:26:26.124,0.0,0.0,HAZARD,100,100.0%
15:26:26.215,0.0,3.7,HAZARD,30,59.0%
15:26:26.233,0.0,1.83,HAZARD,60,45.0%
15:26:26.265,0.0,21.74,HAZARD,30,59.0%
15:26:26.299,0.0,0.0,HAZARD,100,100.0%
15:26:26.330,0.0,28.06,HAZARD,30,59.0%
15:26:26.363,0.0,17.11,HAZARD,30,59.0%
15:26:26.394,0.0,8.24,HAZARD,30,59.0%
15:26:26.432,0.0,0.0,HAZARD,100,100.0%
15:26:26.455,0.0,7.04,HAZARD,30,59.0%
15:26:26.489,0.0,8.81,HAZARD,30,59.0%
15:26:26.521,0.0,0.0,HAZARD,100,100.0%
15:26:26.574,0.0,8.06,HAZARD,30,59.0%
15:26:26.599,0.0,0.0,HAZARD,100,100.0%
15:26:26.631,0.0,0.0,NORMAL,100,100.0%
15:26:26.671,0.0,11.97,NORMAL,30,59.0%
15:26:26.696,0.0,12.35,HAZARD,30,59.0%
15:26:26.731,0.0,3.69,HAZARD,30,59.0%
15:26:26.768,0.0,11.44,HAZARD,30,59.0%
15:26:26.798,0.0,7.28,HAZARD,30,59.0%
15:26:26.822,0.0,7.7,HAZARD,30,59.0%
15:26:26.858,0.0,7.95,HAZARD,30,59.0%
15:26:26.890,0.0,4.83,HAZARD,30,59.0%
15:26:26.921,0.0,19.43,HAZARD,30,59.0%
15:26:26.970,0.0,0.55,HAZARD,100,100.0%
15:26:27.001,0.0,3.72,HAZARD,30,59.0%
15:26:27.034,0.0,2.76,HAZARD,30,57.0%
15:26:27.068,0.0,11.03,HAZARD,30,59.0%
15:26:27.096,0.0,7.14,HAZARD,30,59.0%
15:26:27.133,0.0,0.0,HAZARD,100,100.0%
15:26:27.159,0.0,0.0,HAZARD,100,100.0%
15:26:27.197,0.0,0.0,NORMAL,100,100.0%
15:26:27.223,0.0,3.22,NORMAL,30,59.0%
15:26:27.256,0.0,3.24,NORMAL,30,59.0%
15:26:27.297,0.0,3.16,HAZARD,30,59.0%
15:26:27.319,0.0,1.93,HAZARD,60,40.0%
15:26:27.376,0.0,0.0,HAZARD,100,100.0%
15:26:27.405,0.0,26.96,HAZARD,30,59.0%
15:26:27.436,0.0,19.34,HAZARD,30,59.0%
15:26:27.467,0.0,27.22,HAZARD,30,59.0%
15:26:27.498,0.0,17.36,HAZARD,30,59.0%
15:26:27.531,0.0,1.47,HAZARD,100,56.0%
15:26:27.562,0.0,3.12,HAZARD,30,59.0%
15:26:27.594,0.0,0.0,HAZARD,100,100.0%
15:26:27.622,0.0,1.88,HAZARD,60,43.0%
15:26:27.665,0.0,0.0,NORMAL,100,100.0%
15:26:27.688,0.0,4.93,HAZARD,30,59.0%
15:26:27.721,0.0,15.15,HAZARD,30,59.0%
15:26:27.777,0.0,0.0,HAZARD,100,100.0%
15:26:27.803,0.0,5.07,HAZARD,30,59.0%
15:26:27.832,0.0,1.69,HAZARD,60,49.0%
15:26:27.867,0.0,19.6,HAZARD,30,59.0%
15:26:27.908,0.0,20.58,HAZARD,30,59.0%
15:26:27.927,0.0,20.32,HAZARD,30,59.0%
15:26:27.961,0.0,15.08,HAZARD,30,59.0%
15:26:27.993,0.0,12.31,HAZARD,30,59.0%
15:26:28.023,0.0,22.82,HAZARD,30,59.0%
15:26:28.061,0.0,17.77,HAZARD,30,59.0%
15:26:28.090,0.0,0.0,HAZARD,100,100.0%
15:26:28.126,0.0,1.12,HAZARD,100,100.0%
15:26:28.179,0.0,12.27,HAZARD,30,59.0%
15:26:28.201,0.0,12.53,HAZARD,30,59.0%
15:26:28.232,0.0,6.12,HAZARD,30,59.0%
15:26:28.271,0.0,14.56,HAZARD,30,59.0%
15:26:28.295,0.0,20.48,HAZARD,30,59.0%
15:26:28.328,0.0,0.0,HAZARD,100,100.0%
15:26:28.361,0.0,4.54,HAZARD,30,59.0%
15:26:28.394,0.0,1.66,HAZARD,60,49.0%
15:26:28.426,0.0,3.52,HAZARD,30,59.0%
15:26:28.457,0.0,3.07,HAZARD,30,59.0%
15:26:28.491,0.0,0.0,HAZARD,100,100.0%
15:26:28.529,0.0,0.0,HAZARD,100,100.0%
15:26:28.574,0.0,0.0,NORMAL,100,100.0%
15:26:28.607,0.0,6.02,NORMAL,30,59.0%
15:26:28.633,0.0,3.07,NORMAL,30,59.0%
15:26:28.723,0.0,1.29,NORMAL,100,100.0%
15:26:28.742,0.0,8.03,HAZARD,30,59.0%
15:26:28.759,0.0,21.77,HAZARD,30,59.0%
15:26:28.791,0.0,0.0,HAZARD,100,100.0%
15:26:28.827,0.0,4.18,HAZARD,30,59.0%
15:26:28.856,0.0,11.85,HAZARD,30,59.0%
15:26:28.898,0.0,1.12,HAZARD,100,100.0%
15:26:28.919,0.0,5.97,HAZARD,30,59.0%
15:26:28.966,0.0,7.42,HAZARD,30,59.0%
15:26:28.999,0.0,6.97,HAZARD,30,59.0%
15:26:29.039,0.0,0.0,HAZARD,100,100.0%
15:26:29.063,0.0,10.9,HAZARD,30,59.0%
15:26:29.097,0.0,19.1,HAZARD,30,59.0%
15:26:29.129,0.0,4.07,HAZARD,30,59.0%
15:26:29.163,0.0,0.0,HAZARD,100,100.0%
15:26:29.192,0.0,0.0,HAZARD,100,100.0%
15:26:29.225,0.0,3.81,HAZARD,30,59.0%
15:26:29.255,0.0,0.0,NORMAL,100,100.0%
15:26:29.290,0.0,0.0,NORMAL,100,100.0%
15:26:29.326,0.0,1.1,NORMAL,100,100.0%
15:26:29.373,0.0,0.0,NORMAL,100,100.0%
15:26:29.401,0.0,0.0,NORMAL,100,100.0%
15:26:29.431,0.0,0.0,NORMAL,100,100.0%
15:26:29.466,0.0,12.12,NORMAL,30,59.0%
15:26:29.498,0.0,0.0,NORMAL,100,100.0%
15:26:29.529,0.0,0.0,NORMAL,100,100.0%
15:26:29.559,0.0,0.0,NORMAL,100,100.0%
15:26:29.593,0.0,0.0,NORMAL,100,100.0%
15:26:29.623,0.0,11.19,NORMAL,30,59.0%
15:26:29.657,0.0,0.0,NORMAL,100,100.0%
15:26:29.691,0.0,0.0,NORMAL,100,100.0%
15:26:29.723,0.0,8.65,NORMAL,30,59.0%
15:26:29.775,0.0,7.53,HAZARD,30,59.0%
15:26:29.811,0.0,0.0,NORMAL,100,100.0%
15:26:29.840,0.0,0.0,NORMAL,100,100.0%
15:26:29.888,0.0,11.31,HAZARD,30,59.0%
15:26:29.911,0.0,3.85,HAZARD,30,59.0%
15:26:29.930,0.0,3.79,HAZARD,30,59.0%
15:26:29.967,0.0,0.0,HAZARD,100,100.0%
15:26:29.998,0.0,4.88,HAZARD,30,59.0%
15:26:30.024,0.0,9.63,HAZARD,30,59.0%
15:26:30.057,0.0,0.0,HAZARD,100,100.0%
15:26:30.089,0.0,0.0,NORMAL,100,100.0%
15:26:30.124,0.0,0.0,NORMAL,100,100.0%
15:26:30.177,0.0,0.0,NORMAL,100,100.0%
15:26:30.200,0.0,3.77,NORMAL,30,59.0%
15:26:30.233,0.0,1.15,NORMAL,100,100.0%
15:26:30.273,0.0,11.29,NORMAL,30,59.0%
15:26:30.297,0.0,11.05,HAZARD,30,59.0%
15:26:30.329,0.0,0.0,HAZARD,100,100.0%
15:26:30.361,0.0,0.0,NORMAL,100,100.0%
15:26:30.395,0.0,0.0,NORMAL,100,100.0%
15:26:30.425,0.0,0.6,NORMAL,100,100.0%
15:26:30.454,0.0,0.0,NORMAL,100,100.0%
15:26:30.491,0.0,11.2,NORMAL,30,59.0%
15:26:30.528,0.0,11.41,NORMAL,30,59.0%
15:26:30.576,0.0,0.0,NORMAL,100,100.0%
15:26:30.599,0.0,0.0,NORMAL,100,100.0%
15:26:30.632,0.0,11.18,HAZARD,30,59.0%
15:26:30.663,0.0,5.0,HAZARD,30,59.0%
15:26:30.701,0.0,20.32,HAZARD,30,59.0%
15:26:30.727,0.0,8.78,HAZARD,30,59.0%
15:26:30.761,0.0,6.21,HAZARD,30,59.0%
15:26:30.795,0.0,3.13,HAZARD,30,59.0%
15:26:30.824,0.0,3.11,HAZARD,30,59.0%
15:26:30.857,0.0,0.0,HAZARD,100,100.0%
15:26:30.888,0.0,0.0,HAZARD,100,100.0%
15:26:30.924,0.0,0.0,NORMAL,100,100.0%
15:26:30.977,0.0,0.0,NORMAL,100,100.0%
15:26:31.001,0.0,0.0,NORMAL,100,100.0%
15:26:31.035,0.0,6.02,NORMAL,30,59.0%
15:26:31.065,0.0,19.52,NORMAL,30,59.0%
15:26:31.097,0.0,19.33,HAZARD,30,59.0%
15:26:31.130,0.0,0.0,HAZARD,100,100.0%
15:26:31.159,0.0,11.3,HAZARD,30,59.0%
15:26:31.192,0.0,0.0,HAZARD,100,100.0%
15:26:31.227,0.0,6.51,HAZARD,30,59.0%
15:26:31.255,0.0,0.0,NORMAL,100,100.0%
15:26:31.290,0.0,0.0,NORMAL,100,100.0%
15:26:31.319,0.0,0.0,NORMAL,100,100.0%
15:26:31.372,0.0,7.75,NORMAL,30,59.0%
15:26:31.403,0.0,0.0,NORMAL,100,100.0%
15:26:31.491,0.0,13.37,NORMAL,30,59.0%
15:26:31.511,0.0,11.04,HAZARD,30,59.0%
15:26:31.529,0.0,11.79,HAZARD,30,59.0%
15:26:31.562,0.0,22.09,HAZARD,30,59.0%
15:26:31.594,0.0,0.0,HAZARD,100,100.0%
15:26:31.624,0.0,14.64,HAZARD,30,59.0%
15:26:31.660,0.0,7.79,HAZARD,30,59.0%
15:26:31.685,0.0,7.47,HAZARD,30,59.0%
15:26:31.724,0.0,3.46,HAZARD,30,59.0%
15:26:31.774,0.0,0.0,HAZARD,100,100.0%
15:26:31.799,0.0,6.18,HAZARD,30,59.0%
15:26:31.832,0.0,5.98,HAZARD,30,59.0%
15:26:31.868,0.0,18.36,HAZARD,30,59.0%
15:26:31.895,0.0,0.0,HAZARD,100,100.0%
15:26:31.927,0.0,9.49,HAZARD,30,59.0%
15:26:31.962,0.0,0.0,HAZARD,100,100.0%
15:26:31.994,0.0,5.31,HAZARD,30,59.0%
15:26:32.024,0.0,0.0,NORMAL,100,100.0%
15:26:32.056,0.0,0.0,NORMAL,100,100.0%
15:26:32.091,0.0,7.82,NORMAL,30,59.0%
15:26:32.126,0.0,0.0,NORMAL,100,100.0%
15:26:32.175,0.0,0.0,NORMAL,100,100.0%
15:26:32.200,0.0,0.0,NORMAL,100,100.0%
15:26:32.233,0.0,9.42,NORMAL,30,59.0%
15:26:32.272,0.0,0.0,NORMAL,100,100.0%
15:26:32.297,0.0,8.41,NORMAL,30,59.0%
15:26:32.327,0.0,7.66,HAZARD,30,59.0%
15:26:32.362,0.0,0.0,HAZARD,100,100.0%
15:26:32.400,0.0,1.22,NORMAL,100,100.0%
15:26:32.424,0.0,1.26,NORMAL,100,100.0%
15:26:32.455,0.0,7.87,NORMAL,30,59.0%
15:26:32.490,0.0,5.22,NORMAL,30,59.0%
15:26:32.521,0.0,5.27,HAZARD,30,59.0%
15:26:32.579,0.0,1.23,HAZARD,100,100.0%
15:26:32.612,0.0,0.0,HAZARD,100,100.0%
15:26:32.631,0.0,0.0,NORMAL,100,100.0%
15:26:32.664,0.0,16.65,NORMAL,30,59.0%
15:26:32.696,0.0,2.94,NORMAL,30,58.0%
15:26:32.740,0.0,11.95,HAZARD,30,59.0%
15:26:32.761,0.0,3.25,HAZARD,30,59.0%
15:26:32.797,0.0,1.7,HAZARD,60,49.0%
15:26:32.831,0.0,8.4,HAZARD,30,59.0%
15:26:32.855,0.0,10.96,HAZARD,30,59.0%
15:26:32.893,0.0,7.82,HAZARD,30,59.0%
15:26:32.927,0.0,7.76,HAZARD,30,59.0%
15:26:32.973,0.0,3.59,HAZARD,30,59.0%
15:26:33.004,0.0,7.6,HAZARD,30,59.0%
15:26:33.034,0.0,6.99,HAZARD,30,59.0%
15:26:33.068,0.0,20.84,HAZARD,30,59.0%
15:26:33.098,0.0,5.01,HAZARD,30,59.0%
15:26:33.128,0.0,1.62,HAZARD,60,49.0%
15:26:33.165,0.0,4.08,HAZARD,30,59.0%
15:26:33.195,0.0,20.73,HAZARD,30,59.0%
15:26:33.222,0.0,3.33,HAZARD,30,59.0%
15:26:33.255,0.0,0.0,HAZARD,100,100.0%
15:26:33.292,0.0,0.0,HAZARD,100,100.0%
15:26:33.325,0.0,0.0,NORMAL,100,100.0%
15:26:33.376,0.0,0.0,NORMAL,100,100.0%
15:26:33.401,0.0,0.0,NORMAL,100,100.0%
15:26:33.432,0.0,6.43,NORMAL,30,59.0%
15:26:33.468,0.0,8.31,NORMAL,30,59.0%
15:26:33.505,0.0,1.19,NORMAL,100,100.0%
15:26:33.529,0.0,12.74,HAZARD,30,59.0%
15:26:33.561,0.0,9.43,HAZARD,30,59.0%
15:26:33.594,0.0,0.0,HAZARD,100,100.0%
15:26:33.625,0.0,1.06,NORMAL,100,100.0%
15:26:33.657,0.0,13.89,HAZARD,30,59.0%
15:26:33.689,0.0,7.93,HAZARD,30,59.0%
15:26:33.724,0.0,4.99,HAZARD,30,59.0%
15:26:33.778,0.0,10.93,HAZARD,30,59.0%
15:26:33.800,0.0,4.1,HAZARD,30,59.0%
15:26:33.839,0.0,0.0,HAZARD,100,100.0%
15:26:33.864,0.0,6.46,HAZARD,30,59.0%
15:26:33.896,0.0,2.48,HAZARD,30,45.0%
15:26:33.932,0.0,22.64,HAZARD,30,59.0%
15:26:33.982,0.0,19.18,HAZARD,30,59.0%
15:26:34.007,0.0,7.32,HAZARD,30,59.0%
15:26:34.024,0.0,0.0,HAZARD,100,100.0%
15:26:34.057,0.0,8.34,HAZARD,30,59.0%
15:26:34.088,0.0,7.13,HAZARD,30,59.0%
15:26:34.178,0.0,8.29,HAZARD,30,59.0%
15:26:34.198,0.0,1.63,HAZARD,60,49.0%
15:26:34.216,0.0,0.0,HAZARD,100,100.0%
15:26:34.233,0.0,3.64,HAZARD,30,59.0%
15:26:34.266,0.0,20.35,HAZARD,30,59.0%
15:26:34.299,0.0,20.12,HAZARD,30,59.0%
15:26:34.331,0.0,0.0,HAZARD,100,100.0%
15:26:34.363,0.0,14.37,HAZARD,30,59.0%
15:26:34.398,0.0,0.0,HAZARD,100,100.0%
15:26:34.426,0.0,5.09,HAZARD,30,59.0%
15:26:34.455,0.0,0.0,NORMAL,100,100.0%
15:26:34.490,0.0,0.0,NORMAL,100,100.0%
15:26:34.526,0.0,7.05,NORMAL,30,59.0%
15:26:34.574,0.0,6.58,HAZARD,30,59.0%
15:26:34.605,0.0,7.71,HAZARD,30,59.0%
15:26:34.636,0.0,0.0,HAZARD,100,100.0%
15:26:34.669,0.0,8.86,HAZARD,30,59.0%
15:26:34.706,0.0,6.94,HAZARD,30,59.0%
15:26:34.729,0.0,0.0,HAZARD,100,100.0%
15:26:34.761,0.0,1.53,HAZARD,60,48.0%
15:26:34.793,0.0,0.0,HAZARD,100,100.0%
15:26:34.824,0.0,0.0,NORMAL,100,100.0%
15:26:34.864,0.0,1.6,NORMAL,60,49.0%
15:26:34.899,0.0,3.9,CAUTION,30,59.0%
15:26:34.919,0.0,0.0,NORMAL,100,100.0%
15:26:34.973,0.0,8.7,HAZARD,30,59.0%
15:26:35.001,0.0,1.12,HAZARD,100,100.0%
15:26:35.033,0.0,12.81,HAZARD,30,59.0%
15:26:35.067,0.0,21.79,HAZARD,30,59.0%
15:26:35.099,0.0,5.51,HAZARD,30,59.0%
15:26:35.129,0.0,8.88,HAZARD,30,59.0%
15:26:35.162,0.0,0.0,HAZARD,100,100.0%
15:26:35.199,0.0,21.43,HAZARD,30,59.0%
15:26:35.224,0.0,0.0,HAZARD,100,100.0%
15:26:35.258,0.0,21.32,HAZARD,30,59.0%
15:26:35.290,0.0,1.01,NORMAL,100,100.0%
15:26:35.341,0.0,7.68,HAZARD,30,59.0%
15:26:35.375,0.0,2.84,HAZARD,30,58.0%
15:26:35.403,0.0,5.92,HAZARD,30,59.0%
15:26:35.433,0.0,0.0,HAZARD,100,100.0%
15:26:35.463,0.0,9.37,HAZARD,30,59.0%
15:26:35.496,0.0,7.11,HAZARD,30,59.0%
15:26:35.528,0.0,1.54,HAZARD,60,48.0%
15:26:35.559,0.0,0.0,HAZARD,100,100.0%
15:26:35.592,0.0,4.41,HAZARD,30,59.0%
15:26:35.626,0.0,3.83,HAZARD,30,59.0%
15:26:35.660,0.0,0.0,HAZARD,100,100.0%
15:26:35.687,0.0,0.0,NORMAL,100,100.0%
15:26:35.718,0.0,0.0,NORMAL,100,100.0%
15:26:35.771,0.0,3.68,NORMAL,30,59.0%
15:26:35.799,0.0,0.75,NORMAL,100,100.0%
15:26:35.833,0.0,3.96,NORMAL,30,59.0%
15:26:35.865,0.0,0.76,NORMAL,100,100.0%
15:26:35.897,0.0,7.91,HAZARD,30,59.0%
15:26:35.928,0.0,0.0,NORMAL,100,100.0%
15:26:35.960,0.0,9.33,HAZARD,30,59.0%
15:26:35.995,0.0,0.0,NORMAL,100,100.0%
15:26:36.026,0.0,7.84,HAZARD,30,59.0%
15:26:36.057,0.0,7.3,HAZARD,30,59.0%
15:26:36.091,0.0,9.14,HAZARD,30,59.0%
15:26:36.122,0.0,10.02,HAZARD,30,59.0%
15:26:36.176,0.0,5.4,HAZARD,30,59.0%
15:26:36.201,0.0,3.08,HAZARD,30,59.0%
15:26:36.235,0.0,3.65,HAZARD,30,59.0%
15:26:36.265,0.0,6.53,HAZARD,30,59.0%
15:26:36.296,0.0,16.32,HAZARD,30,59.0%
15:26:36.333,0.0,5.28,HAZARD,30,59.0%
15:26:36.365,0.0,5.21,HAZARD,30,59.0%
15:26:36.391,0.0,4.34,HAZARD,30,59.0%
15:26:36.423,0.0,0.0,HAZARD,100,100.0%
15:26:36.455,0.0,7.81,HAZARD,30,59.0%
15:26:36.489,0.0,0.0,HAZARD,100,100.0%
15:26:36.523,0.0,8.24,HAZARD,30,59.0%
15:26:36.580,0.0,0.0,NORMAL,100,100.0%
15:26:36.600,0.0,6.36,HAZARD,30,59.0%
15:26:36.635,0.0,0.0,NORMAL,100,100.0%
15:26:36.673,0.0,5.24,HAZARD,30,59.0%
15:26:36.710,0.0,16.2,HAZARD,30,59.0%
15:26:36.734,0.0,3.37,HAZARD,30,59.0%
15:26:36.765,0.0,3.12,HAZARD,30,59.0%
15:26:36.792,0.0,23.15,HAZARD,30,59.0%
15:26:36.827,0.0,11.56,HAZARD,30,59.0%
15:26:36.856,0.0,4.96,HAZARD,30,59.0%
15:26:36.888,0.0,2.73,HAZARD,30,56.0%
15:26:36.919,0.0,0.0,HAZARD,100,100.0%
15:26:37.005,0.0,0.0,HAZARD,100,100.0%
15:26:37.023,0.0,0.0,NORMAL,100,100.0%
15:26:37.040,0.0,0.0,NORMAL,100,100.0%
15:26:37.063,0.0,14.6,NORMAL,30,59.0%
15:26:37.100,0.0,20.11,NORMAL,30,59.0%
15:26:37.132,0.0,24.5,HAZARD,30,59.0%
15:26:37.164,0.0,3.61,HAZARD,30,59.0%
15:26:37.196,0.0,9.8,HAZARD,30,59.0%
15:26:37.223,0.0,0.9,HAZARD,100,100.0%
15:26:37.254,0.0,3.71,HAZARD,30,59.0%
15:26:37.287,0.0,0.0,HAZARD,100,100.0%
15:26:37.324,0.0,4.76,HAZARD,30,59.0%
15:26:37.385,0.0,16.88,HAZARD,30,59.0%
15:26:37.408,0.0,4.37,HAZARD,30,59.0%
15:26:37.435,0.0,0.0,HAZARD,100,100.0%
15:26:37.467,0.0,18.75,HAZARD,30,59.0%
15:26:37.499,0.0,20.07,HAZARD,30,59.0%
15:26:37.541,0.0,0.0,HAZARD,100,100.0%
15:26:37.558,0.0,5.99,HAZARD,30,59.0%
15:26:37.591,0.0,8.34,HAZARD,30,59.0%
15:26:37.625,0.0,7.97,HAZARD,30,59.0%
15:26:37.659,0.0,7.81,HAZARD,30,59.0%
15:26:37.690,0.0,0.0,HAZARD,100,100.0%
15:26:37.720,0.0,20.79,HAZARD,30,59.0%
15:26:37.773,0.0,32.89,HAZARD,30,59.0%
15:26:37.803,0.0,26.98,HAZARD,30,59.0%
15:26:37.835,0.0,25.58,HAZARD,30,59.0%
15:26:37.864,0.0,21.77,HAZARD,30,59.0%
15:26:37.899,0.0,13.82,HAZARD,30,59.0%
15:26:37.931,0.0,5.67,HAZARD,30,59.0%
15:26:37.962,0.0,5.1,HAZARD,30,59.0%
15:26:38.003,0.0,2.01,HAZARD,30,38.0%
15:26:38.030,0.0,0.0,HAZARD,100,100.0%
15:26:38.064,0.0,0.0,HAZARD,100,100.0%
15:26:38.098,0.0,3.53,HAZARD,30,59.0%
15:26:38.118,0.0,2.16,HAZARD,30,42.0%
15:26:38.177,0.0,2.83,HAZARD,30,58.0%
15:26:38.200,0.0,0.0,HAZARD,100,100.0%
15:26:38.238,0.0,2.81,HAZARD,30,58.0%
15:26:38.265,0.0,17.63,HAZARD,30,59.0%
15:26:38.295,0.0,14.6,HAZARD,30,59.0%
15:26:38.329,0.0,5.54,HAZARD,30,59.0%
15:26:38.363,0.0,5.23,HAZARD,30,59.0%
15:26:38.391,0.0,8.2,HAZARD,30,59.0%
15:26:38.423,0.0,0.0,HAZARD,100,100.0%
15:26:38.459,0.0,8.45,HAZARD,30,59.0%
15:26:38.495,0.0,5.26,HAZARD,30,59.0%
15:26:38.526,0.0,0.0,HAZARD,100,100.0%
15:26:38.571,0.0,4.05,HAZARD,30,59.0%
15:26:38.601,0.0,11.52,HAZARD,30,59.0%
15:26:38.636,0.0,0.0,HAZARD,100,100.0%
15:26:38.667,0.0,8.6,HAZARD,30,59.0%
15:26:38.696,0.0,8.51,HAZARD,30,59.0%
15:26:38.729,0.0,0.0,HAZARD,100,100.0%
15:26:38.760,0.0,0.0,NORMAL,100,100.0%
15:26:38.792,0.0,0.0,NORMAL,100,100.0%
15:26:38.823,0.0,0.0,NORMAL,100,100.0%
15:26:38.860,0.0,3.5,NORMAL,30,59.0%
15:26:38.890,0.0,1.11,NORMAL,100,100.0%
15:26:38.920,0.0,0.0,NORMAL,100,100.0%
15:26:38.970,0.0,0.0,NORMAL,100,100.0%
15:26:39.001,0.0,0.0,NORMAL,100,100.0%
15:26:39.038,0.0,0.0,NORMAL,100,100.0%
15:26:39.063,0.0,10.77,NORMAL,30,59.0%
15:26:39.101,0.0,10.75,NORMAL,30,59.0%
15:26:39.133,0.0,19.4,HAZARD,30,59.0%
15:26:39.163,0.0,3.04,HAZARD,30,59.0%
15:26:39.192,0.0,4.86,HAZARD,30,59.0%
15:26:39.224,0.0,12.51,HAZARD,30,59.0%
15:26:39.260,0.0,1.41,HAZARD,100,64.0%
15:26:39.285,0.0,0.0,HAZARD,100,100.0%
15:26:39.319,0.0,0.0,NORMAL,100,100.0%
15:26:39.372,0.0,3.6,NORMAL,30,59.0%
15:26:39.446,0.0,5.63,NORMAL,30,59.0%
15:26:39.462,0.0,2.92,HAZARD,30,58.0%
15:26:39.497,0.0,20.09,HAZARD,30,59.0%
15:26:39.532,0.0,1.24,HAZARD,100,100.0%
15:26:39.562,0.0,13.61,HAZARD,30,59.0%
15:26:39.597,0.0,13.61,HAZARD,30,59.0%
15:26:39.625,0.0,8.35,HAZARD,30,59.0%
15:26:39.657,0.0,0.0,HAZARD,100,100.0%
15:26:39.687,0.0,4.56,HAZARD,30,59.0%
15:26:39.721,0.0,16.22,HAZARD,30,59.0%
15:26:39.777,0.0,0.0,HAZARD,100,100.0%
15:26:39.807,0.0,8.58,HAZARD,30,59.0%
15:26:39.831,0.0,7.85,HAZARD,30,59.0%
15:26:39.865,0.0,13.43,HAZARD,30,59.0%
15:26:39.898,0.0,10.99,HAZARD,30,59.0%
15:26:39.928,0.0,4.76,HAZARD,30,59.0%
15:26:39.962,0.0,0.0,HAZARD,100,100.0%
15:26:39.994,0.0,0.0,HAZARD,100,100.0%
15:26:40.025,0.0,3.42,HAZARD,30,59.0%
15:26:40.058,0.0,3.69,HAZARD,30,59.0%
15:26:40.090,0.0,11.21,HAZARD,30,59.0%
15:26:40.123,0.0,12.0,HAZARD,30,59.0%
15:26:40.173,0.0,0.57,HAZARD,100,100.0%
15:26:40.203,0.0,0.0,HAZARD,100,100.0%
15:26:40.239,0.0,0.0,NORMAL,100,100.0%
15:26:40.265,0.0,5.46,NORMAL,30,59.0%
15:26:40.295,0.0,6.57,NORMAL,30,59.0%
15:26:40.333,0.0,5.69,HAZARD,30,59.0%
15:26:40.363,0.0,8.32,HAZARD,30,59.0%
15:26:40.392,0.0,9.43,HAZARD,30,59.0%
15:26:40.425,0.0,0.0,HAZARD,100,100.0%
15:26:40.457,0.0,5.09,HAZARD,30,59.0%
15:26:40.489,0.0,0.0,HAZARD,100,100.0%
15:26:40.523,0.0,0.0,NORMAL,100,100.0%
15:26:40.569,0.0,0.0,NORMAL,100,100.0%
15:26:40.601,0.0,0.0,NORMAL,100,100.0%
15:26:40.634,0.0,5.01,NORMAL,30,59.0%
15:26:40.664,0.0,8.37,NORMAL,30,59.0%
15:26:40.696,0.0,10.16,HAZARD,30,59.0%
15:26:40.730,0.0,0.0,HAZARD,100,100.0%
15:26:40.758,0.0,10.21,HAZARD,30,59.0%
15:26:40.797,0.0,0.0,HAZARD,100,100.0%
15:26:40.825,0.0,4.25,HAZARD,30,59.0%
15:26:40.856,0.0,4.4,HAZARD,30,59.0%
15:26:40.887,0.0,3.27,HAZARD,30,59.0%
15:26:40.919,0.0,0.0,HAZARD,100,100.0%
15:26:40.966,0.0,0.0,HAZARD,100,100.0%
15:26:40.998,0.0,0.0,NORMAL,100,100.0%
15:26:41.040,0.0,0.0,NORMAL,100,100.0%
15:26:41.067,0.0,10.93,NORMAL,30,59.0%
15:26:41.097,0.0,9.38,NORMAL,30,59.0%
15:26:41.128,0.0,5.48,HAZARD,30,59.0%
15:26:41.162,0.0,0.0,HAZARD,100,100.0%
15:26:41.191,0.0,0.0,HAZARD,100,100.0%
15:26:42.136,0.0,59.87,HAZARD,30,59.0%
15:27:09.781,0.0,130.13,HAZARD,30,59.0%
15:27:10.160,0.0,0.0,NORMAL,100,100.0%
