timestamp,imu_z,imu_x,imu_y,motion_score,camera_event,camera_conf,road_event,road_conf,rear_event,rear_conf,decision,confidence,severity_score,motor_speed,lora_event,lora_sent,lora_confidence_check,lora_latency_ms,motion_conf,imu_conf,road_conf_fusion,ground_truth
14:00:13.131,1.043,1.0075,1.0095,0.0,normal,0.0,normal,0.0,normal,0.0,NORMAL,2.8,0.0,100,normal,YES,PASS,0.0,0.068,0.012,0.0,
14:00:13.278,1.0477,1.0102,1.0095,0.0,normal,0.0,normal,0.0,normal,0.0,NORMAL,1.5,0.0,100,normal,YES,PASS,0.0,0.034,0.014,0.0,
14:00:13.419,1.0371,1.0025,1.0064,0.0,normal,0.0,normal,0.0,normal,0.0,NORMAL,0.9,0.0,100,normal,YES,PASS,0.0,0.021,0.011,0.0,
14:00:13.570,1.0296,1.0057,1.0082,0.0,normal,0.0,normal,0.0,normal,0.0,NORMAL,0.7,0.0,100,normal,YES,PASS,0.0,0.014,0.008,0.0,
14:00:13.713,1.0442,1.0099,1.002,0.0,normal,0.0,normal,0.0,normal,0.0,NORMAL,0.5,0.0,100,normal,YES,PASS,0.0,0.01,0.013,0.0,
14:00:13.847,1.0504,1.0044,1.0142,0.0,normal,0.0,normal,0.0,normal,0.0,NORMAL,0.4,0.0,100,normal,YES,PASS,0.0,0.007,0.014,0.0,
14:00:13.986,1.015,1.0165,1.0082,0.0,normal,0.0,normal,0.0,normal,0.0,NORMAL,0.2,0.0,100,normal,YES,PASS,0.0,0.005,0.004,0.0,
14:00:14.112,1.0458,1.002,1.0027,0.0,normal,0.0,normal,0.0,normal,0.0,NORMAL,0.3,0.0,100,normal,YES,PASS,0.0,0.004,0.013,0.0,
14:00:14.244,1.0605,1.0068,1.0043,0.0,normal,0.0,normal,0.0,normal,0.0,NORMAL,0.3,0.0,100,normal,YES,PASS,0.0,0.003,0.017,0.0,
14:00:14.360,1.0498,1.0012,1.0107,0.0,normal,0.0,normal,0.0,normal,0.0,NORMAL,0.2,0.0,100,normal,YES,PASS,0.0,0.002,0.014,0.0,
14:00:14.480,1.0249,1.0002,1.0084,0.0,normal,0.0,normal,0.0,normal,0.0,NORMAL,0.1,0.0,100,normal,YES,PASS,0.0,0.001,0.007,0.0,
14:00:14.602,1.0237,1.006,1.011,0.0,normal,0.0,normal,0.0,normal,0.0,NORMAL,0.1,0.0,100,normal,YES,PASS,0.0,0.001,0.007,0.0,
14:00:14.724,1.0332,1.005,1.0072,0.0,normal,0.0,normal,0.0,normal,0.0,NORMAL,0.1,0.0,100,normal,YES,PASS,0.0,0.001,0.009,0.0,
14:00:14.881,1.0324,1.0116,1.0075,0.0,normal,0.0,normal,0.0,normal,0.0,NORMAL,0.1,0.0,100,normal,YES,PASS,0.0,0.001,0.009,0.0,
14:00:15.014,1.0213,1.0046,1.0114,0.0,normal,0.0,normal,0.0,normal,0.0,NORMAL,0.1,0.0,100,normal,YES,PASS,0.0,0.0,0.006,0.0,
14:00:15.144,1.0128,1.0107,1.0009,0.0,normal,0.0,normal,0.0,normal,0.0,NORMAL,0.0,0.0,100,normal,YES,PASS,0.0,0.0,0.004,0.0,
14:00:15.290,1.0393,1.0095,1.0035,0.0,normal,0.0,normal,0.0,normal,0.0,NORMAL,0.1,0.0,100,normal,YES,PASS,0.0,0.0,0.011,0.0,
14:00:15.423,1.0285,1.0101,1.0043,0.0,normal,0.0,normal,0.0,normal,0.0,NORMAL,0.1,0.0,100,normal,YES,PASS,0.0,0.0,0.008,0.0,
14:00:15.580,1.0285,1.0121,1.0116,0.0,normal,0.0,normal,0.0,normal,0.0,NORMAL,0.1,0.0,100,normal,YES,PASS,0.0,0.0,0.008,0.0,
14:00:15.709,1.06,1.0081,1.0101,0.0,normal,0.0,normal,0.0,normal,0.0,NORMAL,0.2,0.0,100,normal,YES,PASS,0.0,0.0,0.017,0.0,
14:00:15.838,1.0225,1.0033,1.0095,0.0,normal,0.0,normal,0.0,normal,0.0,NORMAL,0.1,0.0,100,normal,YES,PASS,0.0,0.0,0.006,0.0,
14:00:15.981,1.0564,1.002,1.0126,0.0,normal,0.0,normal,0.0,normal,0.0,NORMAL,0.2,0.0,100,normal,YES,PASS,0.0,0.0,0.016,0.0,
14:00:16.102,1.0091,1.0139,1.0062,0.0,normal,0.0,normal,0.0,normal,0.0,NORMAL,0.0,0.0,100,normal,YES,PASS,0.0,0.0,0.003,0.0,
14:00:16.224,1.001,1.0126,1.0064,0.0,normal,0.0,normal,0.0,normal,0.0,NORMAL,0.0,0.0,100,normal,YES,PASS,0.0,0.0,0.0,0.0,
14:00:16.353,1.0426,1.0058,1.0028,0.0,normal,0.0,normal,0.0,normal,0.0,NORMAL,0.1,0.0,100,normal,YES,PASS,0.0,0.0,0.012,0.0,
14:00:16.485,1.0242,1.0087,1.0055,0.0,normal,0.0,normal,0.0,normal,0.0,NORMAL,0.1,0.0,100,normal,YES,PASS,0.0,0.0,0.007,0.0,
14:00:16.606,1.0056,1.0029,1.0001,0.0,normal,0.0,normal,0.0,normal,0.0,NORMAL,0.0,0.0,100,normal,YES,PASS,0.0,0.0,0.002,0.0,
14:00:16.736,1.0455,1.004,1.0105,0.0,normal,0.0,normal,0.0,normal,0.0,NORMAL,0.1,0.0,100,normal,YES,PASS,0.0,0.0,0.013,0.0,
14:00:16.868,1.0034,1.0116,1.0091,0.0,normal,0.0,normal,0.0,normal,0.0,NORMAL,0.0,0.0,100,normal,YES,PASS,0.0,0.0,0.001,0.0,
14:00:17.003,1.041,1.006,1.0012,0.0,normal,0.0,normal,0.0,normal,0.0,NORMAL,0.1,0.0,100,normal,YES,PASS,0.0,0.0,0.012,0.0,
14:00:17.123,1.0396,1.0003,1.0006,0.0,normal,0.0,normal,0.0,normal,0.0,NORMAL,0.1,0.0,100,normal,YES,PASS,0.0,0.0,0.011,0.0,
14:00:17.244,1.0461,1.0054,1.008,0.0,normal,0.0,normal,0.0,normal,0.0,NORMAL,0.1,0.0,100,normal,YES,PASS,0.0,0.0,0.013,0.0,
14:00:17.375,1.0243,1.0068,1.0024,0.0,normal,0.0,normal,0.0,normal,0.0,NORMAL,0.1,0.0,100,normal,YES,PASS,0.0,0.0,0.007,0.0,
14:00:17.496,1.0226,1.0038,1.0133,0.0,normal,0.0,normal,0.0,normal,0.0,NORMAL,0.1,0.0,100,normal,YES,PASS,0.0,0.0,0.006,0.0,
14:00:17.617,1.0588,1.0029,1.0132,0.0,normal,0.0,normal,0.0,normal,0.0,NORMAL,0.2,0.0,100,normal,YES,PASS,0.0,0.0,0.017,0.0,
14:00:17.752,1.0238,1.0107,1.0023,0.0,normal,0.0,normal,0.0,normal,0.0,NORMAL,0.1,0.0,100,normal,YES,PASS,0.0,0.0,0.007,0.0,
14:00:17.874,1.0469,1.0133,1.0005,0.0,normal,0.0,normal,0.0,normal,0.0,NORMAL,0.1,0.0,100,normal,YES,PASS,0.0,0.0,0.013,0.0,
14:00:17.996,1.0312,1.009,1.0064,0.0,normal,0.0,normal,0.0,normal,0.0,NORMAL,0.1,0.0,100,normal,YES,PASS,0.0,0.0,0.009,0.0,
14:00:18.123,1.0426,1.0045,1.0137,0.0,normal,0.0,normal,0.0,normal,0.0,NORMAL,0.1,0.0,100,normal,YES,PASS,0.0,0.0,0.012,0.0,
14:00:18.259,1.0216,1.0003,1.0049,0.0,normal,0.0,normal,0.0,normal,0.0,NORMAL,0.1,0.0,100,normal,YES,PASS,0.0,0.0,0.006,0.0,
14:00:18.385,1.026,1.0004,1.0119,0.0,normal,0.0,normal,0.0,normal,0.0,NORMAL,0.1,0.0,100,normal,YES,PASS,0.0,0.0,0.007,0.0,
14:00:18.506,1.0216,1.0092,1.008,0.0,normal,0.0,normal,0.0,normal,0.0,NORMAL,0.1,0.0,100,normal,YES,PASS,0.0,0.0,0.006,0.0,
14:00:18.631,1.0068,1.0064,1.0091,0.0,normal,0.0,normal,0.0,normal,0.0,NORMAL,0.0,0.0,100,normal,YES,PASS,0.0,0.0,0.002,0.0,
14:00:18.760,1.05,1.0061,1.0036,0.0,normal,0.0,normal,0.0,normal,0.0,NORMAL,0.1,0.0,100,normal,YES,PASS,0.0,0.0,0.014,0.0,
14:00:18.883,1.031,1.0002,1.0112,0.0,normal,0.0,normal,0.0,normal,0.0,NORMAL,0.1,0.0,100,normal,YES,PASS,0.0,0.0,0.009,0.0,
14:00:19.012,1.0204,1.0083,1.0009,0.0,normal,0.0,normal,0.0,normal,0.0,NORMAL,0.1,0.0,100,normal,YES,PASS,0.0,0.0,0.006,0.0,
14:00:19.136,1.0036,1.0051,1.005,0.0,normal,0.0,normal,0.0,normal,0.0,NORMAL,0.0,0.0,100,normal,YES,PASS,0.0,0.0,0.001,0.0,
14:00:19.259,1.0284,1.0031,1.0069,0.0,normal,0.0,normal,0.0,normal,0.0,NORMAL,0.1,0.0,100,normal,YES,PASS,0.0,0.0,0.008,0.0,
14:00:19.381,1.0085,1.0079,1.0107,0.0,normal,0.0,normal,0.0,normal,0.0,NORMAL,0.0,0.0,100,normal,YES,PASS,0.0,0.0,0.002,0.0,
14:00:19.529,1.0566,1.0116,1.0045,0.0,normal,0.0,normal,0.0,normal,0.0,NORMAL,0.2,0.0,100,normal,YES,PASS,0.0,0.0,0.016,0.0,
14:00:19.653,1.0363,1.0039,1.0088,0.0,normal,0.0,normal,0.0,normal,0.0,NORMAL,0.1,0.0,100,normal,YES,PASS,0.0,0.0,0.01,0.0,
14:00:19.783,1.0466,1.0024,1.007,0.0,normal,0.0,normal,0.0,normal,0.0,NORMAL,0.1,0.0,100,normal,YES,PASS,0.0,0.0,0.013,0.0,
14:00:19.933,1.0085,1.0016,1.0107,0.0,normal,0.0,normal,0.0,normal,0.0,NORMAL,0.0,0.0,100,normal,YES,PASS,0.0,0.0,0.002,0.0,
14:00:20.048,1.037,1.0077,1.0154,0.0,normal,0.0,normal,0.0,normal,0.0,NORMAL,0.1,0.0,100,normal,YES,PASS,0.0,0.0,0.011,0.0,
14:00:20.164,1.0174,1.0028,1.0133,0.0,normal,0.0,normal,0.0,normal,0.0,NORMAL,0.0,0.0,100,normal,YES,PASS,0.0,0.0,0.005,0.0,
14:00:20.291,1.063,1.0062,1.0096,0.0,normal,0.0,normal,0.0,normal,0.0,NORMAL,0.2,0.0,100,normal,YES,PASS,0.0,0.0,0.018,0.0,
14:00:20.419,1.0131,1.0154,1.0002,0.0,normal,0.0,normal,0.0,normal,0.0,NORMAL,0.0,0.0,100,normal,YES,PASS,0.0,0.0,0.004,0.0,
14:00:20.544,1.0182,1.01,1.0104,0.0,normal,0.0,normal,0.0,normal,0.0,NORMAL,0.1,0.0,100,normal,YES,PASS,0.0,0.0,0.005,0.0,
14:00:20.689,1.0083,1.0118,1.0095,0.0,normal,0.0,normal,0.0,normal,0.0,NORMAL,0.0,0.0,100,normal,YES,PASS,0.0,0.0,0.002,0.0,
14:00:20.827,1.0262,1.0022,1.0043,0.0,normal,0.0,normal,0.0,normal,0.0,NORMAL,0.1,0.0,100,normal,YES,PASS,0.0,0.0,0.007,0.0,
14:00:20.988,1.0223,1.0066,1.0052,0.0,normal,0.0,normal,0.0,normal,0.0,NORMAL,0.1,0.0,100,normal,YES,PASS,0.0,0.0,0.006,0.0,
14:00:21.120,1.057,1.0124,1.0103,0.0,normal,0.0,normal,0.0,normal,0.0,NORMAL,0.2,0.0,100,normal,YES,PASS,0.0,0.0,0.016,0.0,
14:00:21.243,1.0279,1.008,1.0059,0.0,normal,0.0,normal,0.0,normal,0.0,NORMAL,0.1,0.0,100,normal,YES,PASS,0.0,0.0,0.008,0.0,
14:00:21.363,1.0492,1.0006,1.0096,0.0,normal,0.0,normal,0.0,normal,0.0,NORMAL,0.1,0.0,100,normal,YES,PASS,0.0,0.0,0.014,0.0,
14:00:21.488,1.035,1.0103,1.0088,0.0,normal,0.0,normal,0.0,normal,0.0,NORMAL,0.1,0.0,100,normal,YES,PASS,0.0,0.0,0.01,0.0,
14:00:21.613,1.0186,1.0072,1.0017,0.0,normal,0.0,normal,0.0,normal,0.0,NORMAL,0.1,0.0,100,normal,YES,PASS,0.0,0.0,0.005,0.0,
14:00:21.735,1.0039,1.0045,1.0014,0.0,normal,0.0,normal,0.0,normal,0.0,NORMAL,0.0,0.0,100,normal,YES,PASS,0.0,0.0,0.001,0.0,
14:00:21.855,1.0305,1.0131,1.0103,0.0,normal,0.0,normal,0.0,normal,0.0,NORMAL,0.1,0.0,100,normal,YES,PASS,0.0,0.0,0.009,0.0,
14:00:21.973,1.0098,1.0064,1.0158,0.0,normal,0.0,normal,0.0,normal,0.0,NORMAL,0.0,0.0,100,normal,YES,PASS,0.0,0.0,0.003,0.0,
14:00:22.098,1.0155,1.0023,1.0141,0.0,normal,0.0,normal,0.0,normal,0.0,NORMAL,0.0,0.0,100,normal,YES,PASS,0.0,0.0,0.004,0.0,
14:00:22.220,1.027,1.0091,1.0099,0.0,normal,0.0,normal,0.0,normal,0.0,NORMAL,0.1,0.0,100,normal,YES,PASS,0.0,0.0,0.008,0.0,
14:00:22.335,1.0373,1.0066,1.0028,0.0,normal,0.0,normal,0.0,normal,0.0,NORMAL,0.1,0.0,100,normal,YES,PASS,0.0,0.0,0.011,0.0,
14:00:22.452,1.0163,1.0016,1.0018,0.0,normal,0.0,normal,0.0,normal,0.0,NORMAL,0.0,0.0,100,normal,YES,PASS,0.0,0.0,0.005,0.0,
14:00:22.576,1.0005,1.0103,1.0024,0.0,normal,0.0,normal,0.0,normal,0.0,NORMAL,0.0,0.0,100,normal,YES,PASS,0.0,0.0,0.0,0.0,
14:00:22.695,1.063,1.0064,1.0097,0.0,normal,0.0,normal,0.0,normal,0.0,NORMAL,0.2,0.0,100,normal,YES,PASS,0.0,0.0,0.018,0.0,
14:00:22.825,1.0076,1.005,1.0082,0.0,normal,0.0,normal,0.0,normal,0.0,NORMAL,0.0,0.0,100,normal,YES,PASS,0.0,0.0,0.002,0.0,
14:00:22.943,1.0011,1.0015,1.0104,0.0,normal,0.0,normal,0.0,normal,0.0,NORMAL,0.0,0.0,100,normal,YES,PASS,0.0,0.0,0.0,0.0,
14:00:23.063,1.0428,1.0051,1.0091,0.0,normal,0.0,normal,0.0,normal,0.0,NORMAL,0.1,0.0,100,normal,YES,PASS,0.0,0.0,0.012,0.0,
14:00:23.188,1.0591,1.0008,1.0042,0.0,normal,0.0,normal,0.0,normal,0.0,NORMAL,0.2,0.0,100,normal,YES,PASS,0.0,0.0,0.017,0.0,
14:00:23.321,1.0031,1.0061,1.0053,0.0,normal,0.0,normal,0.0,normal,0.0,NORMAL,0.0,0.0,100,normal,YES,PASS,0.0,0.0,0.001,0.0,
14:00:23.443,1.023,1.0005,1.0034,0.0,normal,0.0,normal,0.0,normal,0.0,NORMAL,0.1,0.0,100,normal,YES,PASS,0.0,0.0,0.007,0.0,
14:00:23.579,1.0211,1.0118,1.0104,0.0,normal,0.0,normal,0.0,normal,0.0,NORMAL,0.1,0.0,100,normal,YES,PASS,0.0,0.0,0.006,0.0,
14:00:23.703,1.0405,1.0115,1.0116,0.0,normal,0.0,normal,0.0,normal,0.0,NORMAL,0.1,0.0,100,normal,YES,PASS,0.0,0.0,0.012,0.0,
14:00:23.827,1.0188,1.0032,1.0006,0.0,normal,0.0,normal,0.0,normal,0.0,NORMAL,0.1,0.0,100,normal,YES,PASS,0.0,0.0,0.005,0.0,
14:00:23.950,1.0235,1.0009,1.002,0.0,normal,0.0,normal,0.0,normal,0.0,NORMAL,0.1,0.0,100,normal,YES,PASS,0.0,0.0,0.007,0.0,
14:00:24.077,1.0308,1.0071,1.0095,0.0,normal,0.0,normal,0.0,normal,0.0,NORMAL,0.1,0.0,100,normal,YES,PASS,0.0,0.0,0.009,0.0,
14:00:24.207,1.0125,1.0053,1.0093,0.0,normal,0.0,normal,0.0,normal,0.0,NORMAL,0.0,0.0,100,normal,YES,PASS,0.0,0.0,0.004,0.0,
14:00:24.330,1.0142,1.0081,1.0134,0.0,normal,0.0,normal,0.0,normal,0.0,NORMAL,0.0,0.0,100,normal,YES,PASS,0.0,0.0,0.004,0.0,
14:00:24.462,1.0269,1.0035,1.0098,0.0,normal,0.0,normal,0.0,normal,0.0,NORMAL,0.1,0.0,100,normal,YES,PASS,0.0,0.0,0.008,0.0,
14:00:24.593,1.0439,1.003,1.0062,0.0,normal,0.0,normal,0.0,normal,0.0,NORMAL,0.1,0.0,100,normal,YES,PASS,0.0,0.0,0.013,0.0,
14:00:24.725,1.0562,1.004,1.0077,0.0,normal,0.0,normal,0.0,normal,0.0,NORMAL,0.2,0.0,100,normal,YES,PASS,0.0,0.0,0.016,0.0,
14:00:24.853,1.0322,1.004,1.0082,0.0,normal,0.0,normal,0.0,normal,0.0,NORMAL,0.1,0.0,100,normal,YES,PASS,0.0,0.0,0.009,0.0,
14:00:24.971,1.0292,1.0136,1.011,0.0,normal,0.0,normal,0.0,normal,0.0,NORMAL,0.1,0.0,100,normal,YES,PASS,0.0,0.0,0.008,0.0,
14:00:25.098,1.0078,1.0077,1.0097,0.0,normal,0.0,normal,0.0,normal,0.0,NORMAL,0.0,0.0,100,normal,YES,PASS,0.0,0.0,0.002,0.0,
14:00:25.213,1.0282,1.0016,1.0005,0.0,normal,0.0,normal,0.0,normal,0.0,NORMAL,0.1,0.0,100,normal,YES,PASS,0.0,0.0,0.008,0.0,
14:00:25.339,1.0133,1.0089,1.0057,0.0,normal,0.0,normal,0.0,normal,0.0,NORMAL,0.0,0.0,100,normal,YES,PASS,0.0,0.0,0.004,0.0,
14:00:25.465,1.0436,1.0033,1.0066,0.0,normal,0.0,normal,0.0,normal,0.0,NORMAL,0.1,0.0,100,normal,YES,PASS,0.0,0.0,0.012,0.0,
14:00:25.579,1.0554,1.0074,1.0,0.0,normal,0.0,normal,0.0,normal,0.0,NORMAL,0.2,0.0,100,normal,YES,PASS,0.0,0.0,0.016,0.0,
14:00:25.699,1.0426,1.0068,1.0079,0.0,normal,0.0,normal,0.0,normal,0.0,NORMAL,0.1,0.0,100,normal,YES,PASS,0.0,0.0,0.012,0.0,
14:00:25.817,1.0182,1.0036,1.0039,0.0,normal,0.0,normal,0.0,normal,0.0,NORMAL,0.1,0.0,100,normal,YES,PASS,0.0,0.0,0.005,0.0,
14:00:25.944,1.0361,1.0081,1.0022,0.0,normal,0.0,normal,0.0,normal,0.0,NORMAL,0.1,0.0,100,normal,YES,PASS,0.0,0.0,0.01,0.0,
14:00:26.065,1.0511,1.0075,1.0079,0.0,normal,0.0,normal,0.0,normal,0.0,NORMAL,0.1,0.0,100,normal,YES,PASS,0.0,0.0,0.015,0.0,
14:00:26.197,1.019,1.0038,1.0005,0.0,normal,0.0,normal,0.0,normal,0.0,NORMAL,0.1,0.0,100,normal,YES,PASS,0.0,0.0,0.005,0.0,
14:00:26.332,1.0297,1.0013,1.0012,0.0,normal,0.0,normal,0.0,normal,0.0,NORMAL,0.1,0.0,100,normal,YES,PASS,0.0,0.0,0.008,0.0,
14:00:26.463,1.0146,1.0155,1.0009,0.0,normal,0.0,normal,0.0,normal,0.0,NORMAL,0.0,0.0,100,normal,YES,PASS,0.0,0.0,0.004,0.0,
14:00:26.599,1.0722,1.01,1.0052,0.0,normal,0.0,normal,0.0,normal,0.0,NORMAL,0.2,0.0,100,normal,YES,PASS,0.0,0.0,0.021,0.0,
14:00:26.712,1.0321,1.0066,1.0086,0.0,normal,0.0,normal,0.0,normal,0.0,NORMAL,0.1,0.0,100,normal,YES,PASS,0.0,0.0,0.009,0.0,
14:00:26.827,1.0238,1.0043,1.0001,0.0,normal,0.0,normal,0.0,normal,0.0,NORMAL,0.1,0.0,100,normal,YES,PASS,0.0,0.0,0.007,0.0,
14:00:26.949,1.0343,1.012,1.0027,0.0,normal,0.0,normal,0.0,normal,0.0,NORMAL,0.1,0.0,100,normal,YES,PASS,0.0,0.0,0.01,0.0,
14:00:27.081,1.0083,1.0043,1.0119,0.0,normal,0.0,normal,0.0,normal,0.0,NORMAL,0.0,0.0,100,normal,YES,PASS,0.0,0.0,0.002,0.0,
14:00:27.215,1.0196,1.0044,1.0065,0.0,normal,0.0,normal,0.0,normal,0.0,NORMAL,0.1,0.0,100,normal,YES,PASS,0.0,0.0,0.006,0.0,
14:00:27.346,1.026,1.0119,1.0045,0.0,normal,0.0,normal,0.0,normal,0.0,NORMAL,0.1,0.0,100,normal,YES,PASS,0.0,0.0,0.007,0.0,
14:00:27.472,1.04,1.0078,1.0089,0.0,normal,0.0,normal,0.0,normal,0.0,NORMAL,0.1,0.0,100,normal,YES,PASS,0.0,0.0,0.011,0.0,
14:00:27.593,1.025,1.0012,1.0068,0.0,normal,0.0,normal,0.0,normal,0.0,NORMAL,0.1,0.0,100,normal,YES,PASS,0.0,0.0,0.007,0.0,
14:00:27.730,1.0659,1.0096,1.0123,0.0,normal,0.0,normal,0.0,normal,0.0,NORMAL,0.2,0.0,100,normal,YES,PASS,0.0,0.0,0.019,0.0,
14:00:27.884,1.059,1.0005,1.0044,0.0,normal,0.0,normal,0.0,normal,0.0,NORMAL,0.2,0.0,100,normal,YES,PASS,0.0,0.0,0.017,0.0,
14:00:28.044,1.0537,1.0142,1.0087,0.0,normal,0.0,normal,0.0,normal,0.0,NORMAL,0.2,0.0,100,normal,YES,PASS,0.0,0.0,0.015,0.0,
14:00:28.207,1.03,1.0122,1.0062,0.0,normal,0.0,normal,0.0,normal,0.0,NORMAL,0.1,0.0,100,normal,YES,PASS,0.0,0.0,0.009,0.0,
14:00:28.379,1.0197,1.0074,1.0075,0.0,normal,0.0,normal,0.0,normal,0.0,NORMAL,0.1,0.0,100,normal,YES,PASS,0.0,0.0,0.006,0.0,
14:00:28.549,1.0165,1.0004,1.0064,0.0,normal,0.0,normal,0.0,normal,0.0,NORMAL,0.0,0.0,100,normal,YES,PASS,0.0,0.0,0.005,0.0,
14:00:28.721,1.0624,1.0118,1.0092,0.0,normal,0.0,normal,0.0,normal,0.0,NORMAL,0.2,0.0,100,normal,YES,PASS,0.0,0.0,0.018,0.0,
14:00:28.887,1.0316,1.0086,1.008,0.0,normal,0.0,normal,0.0,normal,0.0,NORMAL,0.1,0.0,100,normal,YES,PASS,0.0,0.0,0.009,0.0,
14:00:29.040,1.0404,1.0033,1.0102,0.0,normal,0.0,normal,0.0,normal,0.0,NORMAL,0.1,0.0,100,normal,YES,PASS,0.0,0.0,0.012,0.0,
14:00:29.211,1.0412,1.0031,1.0101,0.0,normal,0.0,normal,0.0,normal,0.0,NORMAL,0.1,0.0,100,normal,YES,PASS,0.0,0.0,0.012,0.0,
14:00:29.390,1.0202,1.0099,1.0053,0.0,normal,0.0,normal,0.0,normal,0.0,NORMAL,0.1,0.0,100,normal,YES,PASS,0.0,0.0,0.006,0.0,
14:00:29.562,1.0212,1.0097,1.0032,0.0,normal,0.0,normal,0.0,normal,0.0,NORMAL,0.1,0.0,100,normal,YES,PASS,0.0,0.0,0.006,0.0,
14:00:29.732,1.0399,1.0017,1.0118,0.0,normal,0.0,normal,0.0,normal,0.0,NORMAL,0.1,0.0,100,normal,YES,PASS,0.0,0.0,0.011,0.0,
14:00:29.892,1.0058,1.0096,1.0116,0.0,normal,0.0,normal,0.0,normal,0.0,NORMAL,0.0,0.0,100,normal,YES,PASS,0.0,0.0,0.002,0.0,
14:00:30.047,1.0569,1.0073,1.0116,0.0,normal,0.0,normal,0.0,normal,0.0,NORMAL,0.2,0.0,100,normal,YES,PASS,0.0,0.0,0.016,0.0,
14:00:30.213,1.0431,1.0054,1.009,0.0,normal,0.0,normal,0.0,normal,0.0,NORMAL,0.1,0.0,100,normal,YES,PASS,0.0,0.0,0.012,0.0,
14:00:30.370,1.059,1.009,1.0043,0.0,normal,0.0,normal,0.0,normal,0.0,NORMAL,0.2,0.0,100,normal,YES,PASS,0.0,0.0,0.017,0.0,
14:00:30.537,1.0201,1.015,1.0068,0.0,normal,0.0,normal,0.0,normal,0.0,NORMAL,0.1,0.0,100,normal,YES,PASS,0.0,0.0,0.006,0.0,
14:00:30.712,1.0042,1.0008,1.0043,0.0,normal,0.0,normal,0.0,normal,0.0,NORMAL,0.0,0.0,100,normal,YES,PASS,0.0,0.0,0.001,0.0,
14:00:30.876,1.0193,1.0026,1.0027,0.0,normal,0.0,normal,0.0,normal,0.0,NORMAL,0.1,0.0,100,normal,YES,PASS,0.0,0.0,0.006,0.0,
14:00:31.059,1.0303,1.0102,1.0089,0.0,normal,0.0,normal,0.0,normal,0.0,NORMAL,0.1,0.0,100,normal,YES,PASS,0.0,0.0,0.009,0.0,
14:00:31.230,1.0654,1.0089,1.0061,0.0,normal,0.0,normal,0.0,normal,0.0,NORMAL,0.2,0.0,100,normal,YES,PASS,0.0,0.0,0.019,0.0,
14:00:31.394,1.0129,1.0081,1.0152,0.0,normal,0.0,normal,0.0,normal,0.0,NORMAL,0.0,0.0,100,normal,YES,PASS,0.0,0.0,0.004,0.0,
14:00:31.558,1.037,1.0123,1.0034,0.0,normal,0.0,normal,0.0,normal,0.0,NORMAL,0.1,0.0,100,normal,YES,PASS,0.0,0.0,0.011,0.0,
14:00:31.718,1.0075,1.0082,1.0051,0.0,normal,0.0,normal,0.0,normal,0.0,NORMAL,0.0,0.0,100,normal,YES,PASS,0.0,0.0,0.002,0.0,
14:00:31.877,1.0359,1.0107,1.0101,0.0,normal,0.0,normal,0.0,normal,0.0,NORMAL,0.1,0.0,100,normal,YES,PASS,0.0,0.0,0.01,0.0,
14:00:32.041,1.0062,1.0033,1.0106,0.0,normal,0.0,normal,0.0,normal,0.0,NORMAL,0.0,0.0,100,normal,YES,PASS,0.0,0.0,0.002,0.0,
14:00:32.212,1.0131,1.0014,1.0035,0.0,normal,0.0,normal,0.0,normal,0.0,NORMAL,0.0,0.0,100,normal,YES,PASS,0.0,0.0,0.004,0.0,
14:00:32.364,1.0132,1.0108,1.0017,0.0,normal,0.0,normal,0.0,normal,0.0,NORMAL,0.0,0.0,100,normal,YES,PASS,0.0,0.0,0.004,0.0,
14:00:32.525,1.0274,1.0109,1.0088,0.0,normal,0.0,normal,0.0,normal,0.0,NORMAL,0.1,0.0,100,normal,YES,PASS,0.0,0.0,0.008,0.0,
14:00:32.703,1.0468,1.0005,1.002,0.0,normal,0.0,normal,0.0,normal,0.0,NORMAL,0.1,0.0,100,normal,YES,PASS,0.0,0.0,0.013,0.0,
14:00:32.877,1.0581,1.0134,1.0101,0.0,normal,0.0,normal,0.0,normal,0.0,NORMAL,0.2,0.0,100,normal,YES,PASS,0.0,0.0,0.017,0.0,
14:00:33.046,1.0055,1.0047,1.0152,0.0,normal,0.0,normal,0.0,normal,0.0,NORMAL,0.0,0.0,100,normal,YES,PASS,0.0,0.0,0.002,0.0,
14:00:33.210,1.0269,1.0006,1.0055,0.0,normal,0.0,normal,0.0,normal,0.0,NORMAL,0.1,0.0,100,normal,YES,PASS,0.0,0.0,0.008,0.0,
14:00:33.365,1.0485,1.003,1.0011,0.0,normal,0.0,normal,0.0,normal,0.0,NORMAL,0.1,0.0,100,normal,YES,PASS,0.0,0.0,0.014,0.0,
14:00:33.526,1.0127,1.0034,1.0076,0.0,normal,0.0,normal,0.0,normal,0.0,NORMAL,0.0,0.0,100,normal,YES,PASS,0.0,0.0,0.004,0.0,
14:00:33.687,1.0242,1.0069,1.0079,0.0,normal,0.0,normal,0.0,normal,0.0,NORMAL,0.1,0.0,100,normal,YES,PASS,0.0,0.0,0.007,0.0,
14:00:33.855,1.0517,1.0057,1.0054,0.0,normal,0.0,normal,0.0,normal,0.0,NORMAL,0.1,0.0,100,normal,YES,PASS,0.0,0.0,0.015,0.0,
14:00:34.010,1.0556,1.0043,1.0047,0.0,normal,0.0,normal,0.0,normal,0.0,NORMAL,0.2,0.0,100,normal,YES,PASS,0.0,0.0,0.016,0.0,
14:00:34.175,1.0455,1.0042,1.0062,0.0,normal,0.0,normal,0.0,normal,0.0,NORMAL,0.1,0.0,100,normal,YES,PASS,0.0,0.0,0.013,0.0,
14:00:34.360,1.0082,1.0093,1.0177,0.0,normal,0.0,normal,0.0,normal,0.0,NORMAL,0.0,0.0,100,normal,YES,PASS,0.0,0.0,0.002,0.0,
14:00:34.529,1.0542,1.0048,1.0049,0.0,normal,0.0,normal,0.0,normal,0.0,NORMAL,0.2,0.0,100,normal,YES,PASS,0.0,0.0,0.015,0.0,
14:00:34.685,1.0002,1.0048,1.0013,0.0,normal,0.0,normal,0.0,normal,0.0,NORMAL,0.0,0.0,100,normal,YES,PASS,0.0,0.0,0.0,0.0,
14:00:34.837,1.0277,1.0122,1.001,0.0,normal,0.0,normal,0.0,normal,0.0,NORMAL,0.1,0.0,100,normal,YES,PASS,0.0,0.0,0.008,0.0,
14:00:35.005,1.0236,1.0128,1.0018,0.0,normal,0.0,normal,0.0,normal,0.0,NORMAL,0.1,0.0,100,normal,YES,PASS,0.0,0.0,0.007,0.0,
14:00:35.173,1.0529,1.0049,1.013,0.0,normal,0.0,normal,0.0,normal,0.0,NORMAL,0.2,0.0,100,normal,YES,PASS,0.0,0.0,0.015,0.0,
14:00:35.338,1.0674,1.011,1.0024,0.0,normal,0.0,normal,0.0,normal,0.0,NORMAL,0.2,0.0,100,normal,YES,PASS,0.0,0.0,0.019,0.0,
14:00:35.508,1.0063,1.0074,1.0156,0.0,normal,0.0,normal,0.0,normal,0.0,NORMAL,0.0,0.0,100,normal,YES,PASS,0.0,0.0,0.002,0.0,
14:00:35.672,1.0062,1.0082,1.0036,0.0,normal,0.0,normal,0.0,normal,0.0,NORMAL,0.0,0.0,100,normal,YES,PASS,0.0,0.0,0.002,0.0,
14:00:35.842,1.0084,1.0121,1.0101,0.0,normal,0.0,normal,0.0,normal,0.0,NORMAL,0.0,0.0,100,normal,YES,PASS,0.0,0.0,0.002,0.0,
14:00:36.004,1.0532,1.007,1.003,0.0,normal,0.0,normal,0.0,normal,0.0,NORMAL,0.2,0.0,100,normal,YES,PASS,0.0,0.0,0.015,0.0,
14:00:36.177,1.0048,1.0075,1.0025,0.0,normal,0.0,normal,0.0,normal,0.0,NORMAL,0.0,0.0,100,normal,YES,PASS,0.0,0.0,0.001,0.0,
14:00:36.342,1.014,1.0018,1.013,0.0,normal,0.0,normal,0.0,normal,0.0,NORMAL,0.0,0.0,100,normal,YES,PASS,0.0,0.0,0.004,0.0,
14:00:36.510,1.0121,1.0013,1.0065,0.0,normal,0.0,normal,0.0,normal,0.0,NORMAL,0.0,0.0,100,normal,YES,PASS,0.0,0.0,0.003,0.0,
14:00:36.680,1.0316,1.0039,1.0077,0.0,normal,0.0,normal,0.0,normal,0.0,NORMAL,0.1,0.0,100,normal,YES,PASS,0.0,0.0,0.009,0.0,
14:00:36.849,1.0098,1.0027,1.0022,0.0,normal,0.0,normal,0.0,normal,0.0,NORMAL,0.0,0.0,100,normal,YES,PASS,0.0,0.0,0.003,0.0,
14:00:37.044,1.0254,1.0118,1.006,0.0,normal,0.0,normal,0.0,normal,0.0,NORMAL,0.1,0.0,100,normal,YES,PASS,0.0,0.0,0.007,0.0,
14:00:37.220,1.0472,1.0131,1.0064,0.0,normal,0.0,normal,0.0,normal,0.0,NORMAL,0.1,0.0,100,normal,YES,PASS,0.0,0.0,0.013,0.0,
14:00:37.375,1.0236,1.0013,1.0107,0.0,normal,0.0,normal,0.0,normal,0.0,NORMAL,0.1,0.0,100,normal,YES,PASS,0.0,0.0,0.007,0.0,
14:00:37.537,1.039,1.0014,1.0055,0.0,normal,0.0,normal,0.0,normal,0.0,NORMAL,0.1,0.0,100,normal,YES,PASS,0.0,0.0,0.011,0.0,
14:00:37.705,1.0288,1.0101,1.0088,0.0,normal,0.0,normal,0.0,normal,0.0,NORMAL,0.1,0.0,100,normal,YES,PASS,0.0,0.0,0.008,0.0,
14:00:37.856,1.0174,1.0001,1.0075,0.0,normal,0.0,normal,0.0,normal,0.0,NORMAL,0.0,0.0,100,normal,YES,PASS,0.0,0.0,0.005,0.0,
14:00:38.029,1.0526,1.0033,1.0063,0.0,normal,0.0,normal,0.0,normal,0.0,NORMAL,0.2,0.0,100,normal,YES,PASS,0.0,0.0,0.015,0.0,
14:00:38.198,1.0566,1.0018,1.005,0.0,normal,0.0,normal,0.0,normal,0.0,NORMAL,0.2,0.0,100,normal,YES,PASS,0.0,0.0,0.016,0.0,
14:00:38.372,1.0228,1.0037,1.0099,0.0,normal,0.0,normal,0.0,normal,0.0,NORMAL,0.1,0.0,100,normal,YES,PASS,0.0,0.0,0.007,0.0,
14:00:38.584,1.0454,1.0077,1.015,0.0,normal,0.0,normal,0.0,normal,0.0,NORMAL,0.1,0.0,100,normal,YES,PASS,0.0,0.0,0.013,0.0,
14:00:38.749,1.0165,1.0083,1.0052,0.0,normal,0.0,normal,0.0,normal,0.0,NORMAL,0.0,0.0,100,normal,YES,PASS,0.0,0.0,0.005,0.0,
14:00:38.902,1.0274,1.01,1.002,0.0,normal,0.0,normal,0.0,normal,0.0,NORMAL,0.1,0.0,100,normal,YES,PASS,0.0,0.0,0.008,0.0,
14:00:39.060,1.039,1.0064,1.0035,0.0,normal,0.0,normal,0.0,normal,0.0,NORMAL,0.1,0.0,100,normal,YES,PASS,0.0,0.0,0.011,0.0,
14:00:39.226,1.0531,1.0045,1.0118,0.0,normal,0.0,normal,0.0,normal,0.0,NORMAL,0.2,0.0,100,normal,YES,PASS,0.0,0.0,0.015,0.0,
14:00:39.376,1.0464,1.0073,1.0114,0.0,normal,0.0,normal,0.0,normal,0.0,NORMAL,0.1,0.0,100,normal,YES,PASS,0.0,0.0,0.013,0.0,
14:00:39.544,1.036,1.0127,1.0018,0.0,normal,0.0,normal,0.0,normal,0.0,NORMAL,0.1,0.0,100,normal,YES,PASS,0.0,0.0,0.01,0.0,
14:00:39.708,1.0423,1.0018,1.0013,0.0,normal,0.0,normal,0.0,normal,0.0,NORMAL,0.1,0.0,100,normal,YES,PASS,0.0,0.0,0.012,0.0,
14:00:39.876,1.0647,1.0054,1.0113,0.0,normal,0.0,normal,0.0,normal,0.0,NORMAL,0.2,0.0,100,normal,YES,PASS,0.0,0.0,0.018,0.0,
14:00:40.031,1.006,1.011,1.0052,0.0,normal,0.0,normal,0.0,normal,0.0,NORMAL,0.0,0.0,100,normal,YES,PASS,0.0,0.0,0.002,0.0,
14:00:40.207,1.0204,1.0094,1.0059,0.0,normal,0.0,normal,0.0,normal,0.0,NORMAL,0.1,0.0,100,normal,YES,PASS,0.0,0.0,0.006,0.0,
14:00:40.403,1.0201,1.0077,1.0079,0.0,normal,0.0,normal,0.0,normal,0.0,NORMAL,0.1,0.0,100,normal,YES,PASS,0.0,0.0,0.006,0.0,
14:00:40.577,1.0528,1.0013,1.0055,0.0,normal,0.0,normal,0.0,normal,0.0,NORMAL,0.2,0.0,100,normal,YES,PASS,0.0,0.0,0.015,0.0,
14:00:40.720,1.0035,1.01,1.002,0.0,normal,0.0,normal,0.0,normal,0.0,NORMAL,0.0,0.0,100,normal,YES,PASS,0.0,0.0,0.001,0.0,
14:00:40.882,1.0587,1.0028,1.0086,0.0,normal,0.0,normal,0.0,normal,0.0,NORMAL,0.2,0.0,100,normal,YES,PASS,0.0,0.0,0.017,0.0,
14:00:41.031,1.0289,1.0092,1.0077,0.0,normal,0.0,normal,0.0,normal,0.0,NORMAL,0.1,0.0,100,normal,YES,PASS,0.0,0.0,0.008,0.0,
14:00:41.211,1.0452,1.001,1.0013,0.0,normal,0.0,normal,0.0,normal,0.0,NORMAL,0.1,0.0,100,normal,YES,PASS,0.0,0.0,0.013,0.0,
14:00:41.389,1.0571,1.0119,1.0056,0.0,normal,0.0,normal,0.0,normal,0.0,NORMAL,0.2,0.0,100,normal,YES,PASS,0.0,0.0,0.016,0.0,
14:00:41.552,1.0007,1.0041,1.0009,0.0,normal,0.0,normal,0.0,normal,0.0,NORMAL,0.0,0.0,100,normal,YES,PASS,0.0,0.0,0.0,0.0,
14:00:41.713,1.0043,1.0015,1.0026,0.0,normal,0.0,normal,0.0,normal,0.0,NORMAL,0.0,0.0,100,normal,YES,PASS,0.0,0.0,0.001,0.0,
14:00:41.863,1.0428,1.0072,1.0097,0.0,normal,0.0,normal,0.0,normal,0.0,NORMAL,0.1,0.0,100,normal,YES,PASS,0.0,0.0,0.012,0.0,
14:00:42.025,1.02,1.0038,1.006,0.0,normal,0.0,normal,0.0,normal,0.0,NORMAL,0.1,0.0,100,normal,YES,PASS,0.0,0.0,0.006,0.0,
14:00:42.190,1.0341,1.0019,1.0025,0.0,normal,0.0,normal,0.0,normal,0.0,NORMAL,0.1,0.0,100,normal,YES,PASS,0.0,0.0,0.01,0.0,
14:00:42.359,1.0364,1.0068,1.006,0.0,normal,0.0,normal,0.0,normal,0.0,NORMAL,0.1,0.0,100,normal,YES,PASS,0.0,0.0,0.01,0.0,
14:00:42.524,1.0505,1.0054,1.0045,0.0,normal,0.0,normal,0.0,normal,0.0,NORMAL,0.1,0.0,100,normal,YES,PASS,0.0,0.0,0.014,0.0,
14:00:42.708,1.0354,1.0025,1.0019,0.0,normal,0.0,normal,0.0,normal,0.0,NORMAL,0.1,0.0,100,normal,YES,PASS,0.0,0.0,0.01,0.0,
14:00:42.870,1.0431,1.0149,1.0115,0.0,normal,0.0,normal,0.0,normal,0.0,NORMAL,0.1,0.0,100,normal,YES,PASS,0.0,0.0,0.012,0.0,
14:00:43.032,1.0165,1.0009,1.0089,0.0,normal,0.0,normal,0.0,normal,0.0,NORMAL,0.0,0.0,100,normal,YES,PASS,0.0,0.0,0.005,0.0,
14:00:43.209,1.0137,1.0127,1.0023,0.0,normal,0.0,normal,0.0,normal,0.0,NORMAL,0.0,0.0,100,normal,YES,PASS,0.0,0.0,0.004,0.0,
14:00:43.358,1.0537,1.0088,1.0103,0.0,normal,0.0,normal,0.0,normal,0.0,NORMAL,0.2,0.0,100,normal,YES,PASS,0.0,0.0,0.015,0.0,
14:00:43.545,1.0319,1.0024,1.0047,0.0,normal,0.0,normal,0.0,normal,0.0,NORMAL,0.1,0.0,100,normal,YES,PASS,0.0,0.0,0.009,0.0,
14:00:43.693,1.0101,1.0035,1.0098,0.0,normal,0.0,normal,0.0,normal,0.0,NORMAL,0.0,0.0,100,normal,YES,PASS,0.0,0.0,0.003,0.0,
14:00:43.856,1.034,1.0049,1.0148,0.0,normal,0.0,normal,0.0,normal,0.0,NORMAL,0.1,0.0,100,normal,YES,PASS,0.0,0.0,0.01,0.0,
14:00:44.016,1.0795,1.0105,1.0125,0.0,normal,0.0,normal,0.0,normal,0.0,NORMAL,0.2,0.0,100,normal,YES,PASS,0.0,0.0,0.023,0.0,
14:00:44.174,1.0021,1.0058,1.0006,0.0,normal,0.0,normal,0.0,normal,0.0,NORMAL,0.0,0.0,100,normal,YES,PASS,0.0,0.0,0.001,0.0,
14:00:44.355,1.0593,1.0024,1.0033,0.0,normal,0.0,normal,0.0,normal,0.0,NORMAL,0.2,0.0,100,normal,YES,PASS,0.0,0.0,0.017,0.0,
14:00:44.522,1.0386,1.0071,1.0011,0.0,normal,0.0,normal,0.0,normal,0.0,NORMAL,0.1,0.0,100,normal,YES,PASS,0.0,0.0,0.011,0.0,
14:00:44.672,1.0343,1.0068,1.011,0.0,normal,0.0,normal,0.0,normal,0.0,NORMAL,0.1,0.0,100,normal,YES,PASS,0.0,0.0,0.01,0.0,
14:00:44.838,1.0079,1.0052,1.0063,0.0,normal,0.0,normal,0.0,normal,0.0,NORMAL,0.0,0.0,100,normal,YES,PASS,0.0,0.0,0.002,0.0,
14:00:44.995,1.011,1.0008,1.0038,0.0,normal,0.0,normal,0.0,normal,0.0,NORMAL,0.0,0.0,100,normal,YES,PASS,0.0,0.0,0.003,0.0,
14:00:45.151,1.0507,1.0075,1.0008,0.0,normal,0.0,normal,0.0,normal,0.0,NORMAL,0.1,0.0,100,normal,YES,PASS,0.0,0.0,0.014,0.0,
14:00:45.318,1.0059,1.0003,1.0095,0.0,normal,0.0,normal,0.0,normal,0.0,NORMAL,0.0,0.0,100,normal,YES,PASS,0.0,0.0,0.002,0.0,
14:00:45.485,1.0193,1.0031,1.0007,0.0,normal,0.0,normal,0.0,normal,0.0,NORMAL,0.1,0.0,100,normal,YES,PASS,0.0,0.0,0.006,0.0,
14:00:45.663,1.051,1.0025,1.0057,0.0,normal,0.0,normal,0.0,normal,0.0,NORMAL,0.1,0.0,100,normal,YES,PASS,0.0,0.0,0.015,0.0,
14:00:45.832,1.0328,1.009,1.0142,0.0,normal,0.0,normal,0.0,normal,0.0,NORMAL,0.1,0.0,100,normal,YES,PASS,0.0,0.0,0.009,0.0,
14:00:45.985,1.0023,1.0159,1.0012,0.0,normal,0.0,normal,0.0,normal,0.0,NORMAL,0.0,0.0,100,normal,YES,PASS,0.0,0.0,0.001,0.0,
14:00:46.147,1.0235,1.0099,1.0047,0.0,normal,0.0,normal,0.0,normal,0.0,NORMAL,0.1,0.0,100,normal,YES,PASS,0.0,0.0,0.007,0.0,
14:00:46.306,1.0236,1.0078,1.0017,0.0,normal,0.0,normal,0.0,normal,0.0,NORMAL,0.1,0.0,100,normal,YES,PASS,0.0,0.0,0.007,0.0,
14:00:46.464,1.0409,1.0051,1.0062,0.0,normal,0.0,normal,0.0,normal,0.0,NORMAL,0.1,0.0,100,normal,YES,PASS,0.0,0.0,0.012,0.0,
14:00:46.624,1.0286,1.0055,1.0112,0.0,normal,0.0,normal,0.0,normal,0.0,NORMAL,0.1,0.0,100,normal,YES,PASS,0.0,0.0,0.008,0.0,
14:00:46.797,1.0077,1.007,1.006,0.0,normal,0.0,normal,0.0,normal,0.0,NORMAL,0.0,0.0,100,normal,YES,PASS,0.0,0.0,0.002,0.0,
14:00:46.967,1.0264,1.0077,1.0097,0.0,normal,0.0,normal,0.0,normal,0.0,NORMAL,0.1,0.0,100,normal,YES,PASS,0.0,0.0,0.008,0.0,
14:00:47.154,1.0176,1.0122,1.0053,0.0,normal,0.0,normal,0.0,normal,0.0,NORMAL,0.1,0.0,100,normal,YES,PASS,0.0,0.0,0.005,0.0,
14:00:47.323,1.0263,1.0077,1.0037,0.0,normal,0.0,normal,0.0,normal,0.0,NORMAL,0.1,0.0,100,normal,YES,PASS,0.0,0.0,0.008,0.0,
14:00:47.493,1.0287,1.0043,1.0029,0.0,normal,0.0,normal,0.0,normal,0.0,NORMAL,0.1,0.0,100,normal,YES,PASS,0.0,0.0,0.008,0.0,
14:00:47.661,1.0298,1.0074,1.0046,0.0,normal,0.0,normal,0.0,normal,0.0,NORMAL,0.1,0.0,100,normal,YES,PASS,0.0,0.0,0.009,0.0,
14:00:47.822,1.0767,1.0135,1.0077,0.0,normal,0.0,normal,0.0,normal,0.0,NORMAL,0.2,0.0,100,normal,YES,PASS,0.0,0.0,0.022,0.0,
14:00:47.980,1.0423,1.0117,1.0092,0.0,normal,0.0,normal,0.0,normal,0.0,NORMAL,0.1,0.0,100,normal,YES,PASS,0.0,0.0,0.012,0.0,
14:00:48.147,1.0396,1.0094,1.0029,0.0,normal,0.0,normal,0.0,normal,0.0,NORMAL,0.1,0.0,100,normal,YES,PASS,0.0,0.0,0.011,0.0,
14:00:48.305,1.0053,1.0044,1.0136,0.0,normal,0.0,normal,0.0,normal,0.0,NORMAL,0.0,0.0,100,normal,YES,PASS,0.0,0.0,0.002,0.0,
14:00:48.485,1.0269,1.0018,1.0032,0.0,normal,0.0,normal,0.0,normal,0.0,NORMAL,0.1,0.0,100,normal,YES,PASS,0.0,0.0,0.008,0.0,
14:00:48.653,1.0595,1.0058,1.0042,0.0,normal,0.0,normal,0.0,normal,0.0,NORMAL,0.2,0.0,100,normal,YES,PASS,0.0,0.0,0.017,0.0,
14:00:48.840,1.0514,1.0056,1.0027,0.0,normal,0.0,normal,0.0,normal,0.0,NORMAL,0.1,0.0,100,normal,YES,PASS,0.0,0.0,0.015,0.0,
14:00:49.003,1.0071,1.0019,1.0133,0.0,normal,0.0,normal,0.0,normal,0.0,NORMAL,0.0,0.0,100,normal,YES,PASS,0.0,0.0,0.002,0.0,
14:00:49.155,1.029,1.0113,1.0086,0.0,normal,0.0,normal,0.0,normal,0.0,NORMAL,0.1,0.0,100,normal,YES,PASS,0.0,0.0,0.008,0.0,
14:00:49.304,1.0406,1.0035,1.0108,0.0,normal,0.0,normal,0.0,normal,0.0,NORMAL,0.1,0.0,100,normal,YES,PASS,0.0,0.0,0.012,0.0,
14:00:49.467,1.0076,1.0029,1.0012,0.0,normal,0.0,normal,0.0,normal,0.0,NORMAL,0.0,0.0,100,normal,YES,PASS,0.0,0.0,0.002,0.0,
14:00:49.623,1.0314,1.005,1.01,0.0,normal,0.0,normal,0.0,normal,0.0,NORMAL,0.1,0.0,100,normal,YES,PASS,0.0,0.0,0.009,0.0,
14:00:49.777,1.0062,1.0004,1.0049,0.0,normal,0.0,normal,0.0,normal,0.0,NORMAL,0.0,0.0,100,normal,YES,PASS,0.0,0.0,0.002,0.0,
14:00:49.942,1.0155,1.0092,1.001,0.0,normal,0.0,normal,0.0,normal,0.0,NORMAL,0.0,0.0,100,normal,YES,PASS,0.0,0.0,0.004,0.0,
14:00:50.090,1.0476,1.0124,1.007,0.0,normal,0.0,normal,0.0,normal,0.0,NORMAL,0.1,0.0,100,normal,YES,PASS,0.0,0.0,0.014,0.0,
14:00:50.259,1.0598,1.0013,1.0139,0.0,normal,0.0,normal,0.0,normal,0.0,NORMAL,0.2,0.0,100,normal,YES,PASS,0.0,0.0,0.017,0.0,
14:00:50.407,1.0392,1.0009,1.0099,0.0,normal,0.0,normal,0.0,normal,0.0,NORMAL,0.1,0.0,100,normal,YES,PASS,0.0,0.0,0.011,0.0,
14:00:50.584,1.0689,1.0016,1.0109,0.0,normal,0.0,normal,0.0,normal,0.0,NORMAL,0.2,0.0,100,normal,YES,PASS,0.0,0.0,0.02,0.0,
14:00:50.752,1.0128,1.0087,1.0084,0.0,normal,0.0,normal,0.0,normal,0.0,NORMAL,0.0,0.0,100,normal,YES,PASS,0.0,0.0,0.004,0.0,
14:00:50.920,1.0243,1.0122,1.001,0.0,normal,0.0,normal,0.0,normal,0.0,NORMAL,0.1,0.0,100,normal,YES,PASS,0.0,0.0,0.007,0.0,
14:00:51.065,1.0063,1.0016,1.0118,0.0,normal,0.0,normal,0.0,normal,0.0,NORMAL,0.0,0.0,100,normal,YES,PASS,0.0,0.0,0.002,0.0,
14:00:51.227,1.0443,1.0078,1.0053,0.0,normal,0.0,normal,0.0,normal,0.0,NORMAL,0.1,0.0,100,normal,YES,PASS,0.0,0.0,0.013,0.0,
14:00:51.384,1.022,1.0006,1.0017,0.0,normal,0.0,normal,0.0,normal,0.0,NORMAL,0.1,0.0,100,normal,YES,PASS,0.0,0.0,0.006,0.0,
14:00:51.546,1.0121,1.0107,1.0072,0.0,normal,0.0,normal,0.0,normal,0.0,NORMAL,0.0,0.0,100,normal,YES,PASS,0.0,0.0,0.003,0.0,
14:00:51.721,1.0271,1.0134,1.005,0.0,normal,0.0,normal,0.0,normal,0.0,NORMAL,0.1,0.0,100,normal,YES,PASS,0.0,0.0,0.008,0.0,
14:00:51.882,1.0705,1.0131,1.0029,0.0,normal,0.0,normal,0.0,normal,0.0,NORMAL,0.2,0.0,100,normal,YES,PASS,0.0,0.0,0.02,0.0,
14:00:52.039,1.0062,1.003,1.0094,0.0,normal,0.0,normal,0.0,normal,0.0,NORMAL,0.0,0.0,100,normal,YES,PASS,0.0,0.0,0.002,0.0,
14:00:52.215,1.0276,1.0121,1.0089,0.0,normal,0.0,normal,0.0,normal,0.0,NORMAL,0.1,0.0,100,normal,YES,PASS,0.0,0.0,0.008,0.0,
14:00:52.377,1.0582,1.001,1.0011,0.0,normal,0.0,normal,0.0,normal,0.0,NORMAL,0.2,0.0,100,normal,YES,PASS,0.0,0.0,0.017,0.0,
14:00:52.530,1.015,1.0014,1.0017,0.0,normal,0.0,normal,0.0,normal,0.0,NORMAL,0.0,0.0,100,normal,YES,PASS,0.0,0.0,0.004,0.0,
14:00:52.688,1.0275,1.0087,1.0024,0.0,normal,0.0,normal,0.0,normal,0.0,NORMAL,0.1,0.0,100,normal,YES,PASS,0.0,0.0,0.008,0.0,
14:00:52.862,1.0499,1.0095,1.005,0.0,normal,0.0,normal,0.0,normal,0.0,NORMAL,0.1,0.0,100,normal,YES,PASS,0.0,0.0,0.014,0.0,
14:00:53.022,1.0365,1.0049,1.0043,0.0,normal,0.0,normal,0.0,normal,0.0,NORMAL,0.1,0.0,100,normal,YES,PASS,0.0,0.0,0.01,0.0,
14:00:53.190,1.0241,1.0149,1.0042,0.0,normal,0.0,normal,0.0,normal,0.0,NORMAL,0.1,0.0,100,normal,YES,PASS,0.0,0.0,0.007,0.0,
14:00:53.351,1.0285,1.0103,1.005,0.0,normal,0.0,normal,0.0,normal,0.0,NORMAL,0.1,0.0,100,normal,YES,PASS,0.0,0.0,0.008,0.0,
14:00:53.526,1.0434,1.0076,1.0028,0.0,normal,0.0,normal,0.0,normal,0.0,NORMAL,0.1,0.0,100,normal,YES,PASS,0.0,0.0,0.012,0.0,
14:00:53.695,1.0267,1.0044,1.0018,0.0,normal,0.0,normal,0.0,normal,0.0,NORMAL,0.1,0.0,100,normal,YES,PASS,0.0,0.0,0.008,0.0,
14:00:53.866,1.0381,1.0131,1.0076,0.0,normal,0.0,normal,0.0,normal,0.0,NORMAL,0.1,0.0,100,normal,YES,PASS,0.0,0.0,0.011,0.0,
14:00:54.017,1.0073,1.0018,1.0054,0.0,normal,0.0,normal,0.0,normal,0.0,NORMAL,0.0,0.0,100,normal,YES,PASS,0.0,0.0,0.002,0.0,
14:00:54.175,1.0293,1.0039,1.0105,0.0,normal,0.0,normal,0.0,normal,0.0,NORMAL,0.1,0.0,100,normal,YES,PASS,0.0,0.0,0.008,0.0,
14:00:54.332,1.0042,1.0011,1.0028,0.0,normal,0.0,normal,0.0,normal,0.0,NORMAL,0.0,0.0,100,normal,YES,PASS,0.0,0.0,0.001,0.0,
14:00:54.504,1.0575,1.002,1.0098,0.0,normal,0.0,normal,0.0,normal,0.0,NORMAL,0.2,0.0,100,normal,YES,PASS,0.0,0.0,0.016,0.0,
14:00:54.672,1.0012,1.0119,1.0148,0.0,normal,0.0,normal,0.0,normal,0.0,NORMAL,0.0,0.0,100,normal,YES,PASS,0.0,0.0,0.0,0.0,
14:00:54.840,1.0433,1.0081,1.0103,0.0,normal,0.0,normal,0.0,normal,0.0,NORMAL,0.1,0.0,100,normal,YES,PASS,0.0,0.0,0.012,0.0,
14:00:55.005,1.0228,1.0013,1.0102,0.0,normal,0.0,normal,0.0,normal,0.0,NORMAL,0.1,0.0,100,normal,YES,PASS,0.0,0.0,0.007,0.0,
14:00:55.179,1.0414,1.0046,1.0021,0.0,normal,0.0,normal,0.0,normal,0.0,NORMAL,0.1,0.0,100,normal,YES,PASS,0.0,0.0,0.012,0.0,
14:00:55.336,1.0574,1.0092,1.0061,0.0,normal,0.0,normal,0.0,normal,0.0,NORMAL,0.2,0.0,100,normal,YES,PASS,0.0,0.0,0.016,0.0,
14:00:55.524,1.0111,1.0009,1.0076,0.0,normal,0.0,normal,0.0,normal,0.0,NORMAL,0.0,0.0,100,normal,YES,PASS,0.0,0.0,0.003,0.0,
14:00:55.673,1.0142,1.0047,1.0067,0.0,normal,0.0,normal,0.0,normal,0.0,NORMAL,0.0,0.0,100,normal,YES,PASS,0.0,0.0,0.004,0.0,
14:00:55.822,1.0328,1.0131,1.0026,0.0,normal,0.0,normal,0.0,normal,0.0,NORMAL,0.1,0.0,100,normal,YES,PASS,0.0,0.0,0.009,0.0,
14:00:55.977,1.0072,1.0121,1.0072,0.0,normal,0.0,normal,0.0,normal,0.0,NORMAL,0.0,0.0,100,normal,YES,PASS,0.0,0.0,0.002,0.0,
14:00:56.134,1.0003,1.0033,1.002,0.0,normal,0.0,normal,0.0,normal,0.0,NORMAL,0.0,0.0,100,normal,YES,PASS,0.0,0.0,0.0,0.0,
14:00:56.298,1.05,1.0089,1.0099,0.0,normal,0.0,normal,0.0,normal,0.0,NORMAL,0.1,0.0,100,normal,YES,PASS,0.0,0.0,0.014,0.0,
14:00:56.455,1.0658,1.0038,1.0042,0.0,normal,0.0,normal,0.0,normal,0.0,NORMAL,0.2,0.0,100,normal,YES,PASS,0.0,0.0,0.019,0.0,
14:00:56.641,1.0159,1.0084,1.0073,0.0,normal,0.0,normal,0.0,normal,0.0,NORMAL,0.0,0.0,100,normal,YES,PASS,0.0,0.0,0.005,0.0,
14:00:56.798,1.0526,1.0152,1.0007,0.0,normal,0.0,normal,0.0,normal,0.0,NORMAL,0.2,0.0,100,normal,YES,PASS,0.0,0.0,0.015,0.0,
14:00:56.952,1.005,1.0043,1.0047,0.0,normal,0.0,normal,0.0,normal,0.0,NORMAL,0.0,0.0,100,normal,YES,PASS,0.0,0.0,0.001,0.0,
14:00:57.100,1.0293,1.0086,1.0007,0.0,normal,0.0,normal,0.0,normal,0.0,NORMAL,0.1,0.0,100,normal,YES,PASS,0.0,0.0,0.008,0.0,
14:00:57.259,1.0517,1.0013,1.0072,0.0,normal,0.0,normal,0.0,normal,0.0,NORMAL,0.1,0.0,100,normal,YES,PASS,0.0,0.0,0.015,0.0,
14:00:57.425,1.0146,1.0088,1.0079,0.0,normal,0.0,normal,0.0,normal,0.0,NORMAL,0.0,0.0,100,normal,YES,PASS,0.0,0.0,0.004,0.0,
14:00:57.584,1.0518,1.0093,1.0,0.0,normal,0.0,normal,0.0,normal,0.0,NORMAL,0.1,0.0,100,normal,YES,PASS,0.0,0.0,0.015,0.0,
14:00:57.747,1.0492,1.0162,1.0008,0.0,normal,0.0,normal,0.0,normal,0.0,NORMAL,0.1,0.0,100,normal,YES,PASS,0.0,0.0,0.014,0.0,
14:00:57.899,1.0531,1.0075,1.0066,0.0,normal,0.0,normal,0.0,normal,0.0,NORMAL,0.2,0.0,100,normal,YES,PASS,0.0,0.0,0.015,0.0,
14:00:58.054,1.002,1.0114,1.0039,0.0,normal,0.0,normal,0.0,normal,0.0,NORMAL,0.0,0.0,100,normal,YES,PASS,0.0,0.0,0.001,0.0,
14:00:58.223,1.0335,1.0082,1.0008,0.0,normal,0.0,normal,0.0,normal,0.0,NORMAL,0.1,0.0,100,normal,YES,PASS,0.0,0.0,0.01,0.0,
14:00:58.406,1.0123,1.0113,1.0023,0.0,normal,0.0,normal,0.0,normal,0.0,NORMAL,0.0,0.0,100,normal,YES,PASS,0.0,0.0,0.004,0.0,
14:00:58.574,1.0093,1.002,1.0102,0.0,normal,0.0,normal,0.0,normal,0.0,NORMAL,0.0,0.0,100,normal,YES,PASS,0.0,0.0,0.003,0.0,
14:00:58.737,1.0028,1.0011,1.0006,0.0,normal,0.0,normal,0.0,normal,0.0,NORMAL,0.0,0.0,100,normal,YES,PASS,0.0,0.0,0.001,0.0,
14:00:58.903,1.0253,1.008,1.0112,0.0,normal,0.0,normal,0.0,normal,0.0,NORMAL,0.1,0.0,100,normal,YES,PASS,0.0,0.0,0.007,0.0,
14:00:59.063,1.0053,1.0069,1.0114,0.0,normal,0.0,normal,0.0,normal,0.0,NORMAL,0.0,0.0,100,normal,YES,PASS,0.0,0.0,0.002,0.0,
14:00:59.230,1.0264,1.015,1.0098,0.0,normal,0.0,normal,0.0,normal,0.0,NORMAL,0.1,0.0,100,normal,YES,PASS,0.0,0.0,0.008,0.0,
14:00:59.398,1.0125,1.0023,1.0032,0.0,normal,0.0,normal,0.0,normal,0.0,NORMAL,0.0,0.0,100,normal,YES,PASS,0.0,0.0,0.004,0.0,
14:00:59.567,1.0666,1.0031,1.0002,0.0,normal,0.0,normal,0.0,normal,0.0,NORMAL,0.2,0.0,100,normal,YES,PASS,0.0,0.0,0.019,0.0,
14:00:59.722,1.0188,1.0045,1.0016,0.0,normal,0.0,normal,0.0,normal,0.0,NORMAL,0.1,0.0,100,normal,YES,PASS,0.0,0.0,0.005,0.0,
14:00:59.881,1.0134,1.0075,1.0008,0.0,normal,0.0,normal,0.0,normal,0.0,NORMAL,0.0,0.0,100,normal,YES,PASS,0.0,0.0,0.004,0.0,
14:01:00.042,1.0407,1.0084,1.0084,0.0,normal,0.0,normal,0.0,normal,0.0,NORMAL,0.1,0.0,100,normal,YES,PASS,0.0,0.0,0.012,0.0,
14:01:00.205,1.0278,1.0045,1.0046,0.0,normal,0.0,normal,0.0,normal,0.0,NORMAL,0.1,0.0,100,normal,YES,PASS,0.0,0.0,0.008,0.0,
14:01:00.376,1.0466,1.0093,1.0124,0.0,normal,0.0,normal,0.0,normal,0.0,NORMAL,0.1,0.0,100,normal,YES,PASS,0.0,0.0,0.013,0.0,
14:01:00.535,1.0426,1.0024,1.0021,0.0,normal,0.0,normal,0.0,normal,0.0,NORMAL,0.1,0.0,100,normal,YES,PASS,0.0,0.0,0.012,0.0,
14:01:00.696,1.0378,1.0022,1.0011,0.0,normal,0.0,normal,0.0,normal,0.0,NORMAL,0.1,0.0,100,normal,YES,PASS,0.0,0.0,0.011,0.0,
14:01:00.860,1.0113,1.0052,1.0137,0.0,normal,0.0,normal,0.0,normal,0.0,NORMAL,0.0,0.0,100,normal,YES,PASS,0.0,0.0,0.003,0.0,
14:01:01.024,1.0444,1.0098,1.0071,0.0,normal,0.0,normal,0.0,normal,0.0,NORMAL,0.1,0.0,100,normal,YES,PASS,0.0,0.0,0.013,0.0,
14:01:01.209,1.0466,1.0006,1.0006,0.0,normal,0.0,normal,0.0,normal,0.0,NORMAL,0.1,0.0,100,normal,YES,PASS,0.0,0.0,0.013,0.0,
14:01:01.372,1.0205,1.0082,1.0045,0.0,normal,0.0,normal,0.0,normal,0.0,NORMAL,0.1,0.0,100,normal,YES,PASS,0.0,0.0,0.006,0.0,
14:01:01.533,1.0105,1.0145,1.0004,0.0,normal,0.0,normal,0.0,normal,0.0,NORMAL,0.0,0.0,100,normal,YES,PASS,0.0,0.0,0.003,0.0,
14:01:01.691,1.0176,1.0027,1.0082,0.0,normal,0.0,normal,0.0,normal,0.0,NORMAL,0.1,0.0,100,normal,YES,PASS,0.0,0.0,0.005,0.0,
14:01:01.839,1.0092,1.0078,1.0025,0.0,normal,0.0,normal,0.0,normal,0.0,NORMAL,0.0,0.0,100,normal,YES,PASS,0.0,0.0,0.003,0.0,
14:01:01.986,1.0225,1.0031,1.0059,0.0,normal,0.0,normal,0.0,normal,0.0,NORMAL,0.1,0.0,100,normal,YES,PASS,0.0,0.0,0.006,0.0,
14:01:02.158,1.0299,1.0036,1.0005,0.0,normal,0.0,normal,0.0,normal,0.0,NORMAL,0.1,0.0,100,normal,YES,PASS,0.0,0.0,0.009,0.0,
14:01:02.316,1.0588,1.0006,1.0054,0.0,normal,0.0,normal,0.0,normal,0.0,NORMAL,0.2,0.0,100,normal,YES,PASS,0.0,0.0,0.017,0.0,
14:01:02.484,1.0003,1.0091,1.0108,0.0,normal,0.0,normal,0.0,normal,0.0,NORMAL,0.0,0.0,100,normal,YES,PASS,0.0,0.0,0.0,0.0,
14:01:02.663,1.0038,1.0096,1.0,0.0,normal,0.0,normal,0.0,normal,0.0,NORMAL,0.0,0.0,100,normal,YES,PASS,0.0,0.0,0.001,0.0,
14:01:02.834,1.0401,1.0152,1.0073,0.0,normal,0.0,normal,0.0,normal,0.0,NORMAL,0.1,0.0,100,normal,YES,PASS,0.0,0.0,0.011,0.0,
14:01:02.997,1.0088,1.0092,1.0025,0.0,normal,0.0,normal,0.0,normal,0.0,NORMAL,0.0,0.0,100,normal,YES,PASS,0.0,0.0,0.003,0.0,
14:01:03.143,1.0394,1.003,1.0097,0.0,normal,0.0,normal,0.0,normal,0.0,NORMAL,0.1,0.0,100,normal,YES,PASS,0.0,0.0,0.011,0.0,
14:01:03.288,1.0325,1.0054,1.0007,0.0,normal,0.0,normal,0.0,normal,0.0,NORMAL,0.1,0.0,100,normal,YES,PASS,0.0,0.0,0.009,0.0,
14:01:03.446,1.0502,1.0007,1.0027,0.0,normal,0.0,normal,0.0,normal,0.0,NORMAL,0.1,0.0,100,normal,YES,PASS,0.0,0.0,0.014,0.0,
14:01:03.606,1.0286,1.0017,1.0039,0.0,normal,0.0,normal,0.0,normal,0.0,NORMAL,0.1,0.0,100,normal,YES,PASS,0.0,0.0,0.008,0.0,
14:01:03.772,1.0413,1.0063,1.0074,0.0,normal,0.0,normal,0.0,normal,0.0,NORMAL,0.1,0.0,100,normal,YES,PASS,0.0,0.0,0.012,0.0,
14:01:03.934,1.0506,1.0094,1.0021,0.0,normal,0.0,normal,0.0,normal,0.0,NORMAL,0.1,0.0,100,normal,YES,PASS,0.0,0.0,0.014,0.0,
14:01:04.099,1.0206,1.0092,1.0063,0.0,normal,0.0,normal,0.0,normal,0.0,NORMAL,0.1,0.0,100,normal,YES,PASS,0.0,0.0,0.006,0.0,
14:01:04.275,1.0554,1.0008,1.0009,0.0,normal,0.0,normal,0.0,normal,0.0,NORMAL,0.2,0.0,100,normal,YES,PASS,0.0,0.0,0.016,0.0,
14:01:04.439,1.0195,1.0134,1.0103,0.0,normal,0.0,normal,0.0,normal,0.0,NORMAL,0.1,0.0,100,normal,YES,PASS,0.0,0.0,0.006,0.0,
14:01:04.600,1.0052,1.01,1.0021,0.0,normal,0.0,normal,0.0,normal,0.0,NORMAL,0.0,0.0,100,normal,YES,PASS,0.0,0.0,0.001,0.0,
14:01:04.752,1.0105,1.005,1.0068,0.0,normal,0.0,normal,0.0,normal,0.0,NORMAL,0.0,0.0,100,normal,YES,PASS,0.0,0.0,0.003,0.0,
14:01:04.907,1.0465,1.0001,1.0028,0.0,normal,0.0,normal,0.0,normal,0.0,NORMAL,0.1,0.0,100,normal,YES,PASS,0.0,0.0,0.013,0.0,
14:01:05.064,1.0248,1.0052,1.0017,0.0,normal,0.0,normal,0.0,normal,0.0,NORMAL,0.1,0.0,100,normal,YES,PASS,0.0,0.0,0.007,0.0,
14:01:05.234,1.0229,1.0016,1.0095,0.0,normal,0.0,normal,0.0,normal,0.0,NORMAL,0.1,0.0,100,normal,YES,PASS,0.0,0.0,0.007,0.0,
14:01:05.389,1.0289,1.0094,1.0064,0.0,normal,0.0,normal,0.0,normal,0.0,NORMAL,0.1,0.0,100,normal,YES,PASS,0.0,0.0,0.008,0.0,
14:01:05.566,1.0455,1.0041,1.0036,0.0,normal,0.0,normal,0.0,normal,0.0,NORMAL,0.1,0.0,100,normal,YES,PASS,0.0,0.0,0.013,0.0,
14:01:05.740,1.0076,1.0133,1.0099,0.0,normal,0.0,normal,0.0,normal,0.0,NORMAL,0.0,0.0,100,normal,YES,PASS,0.0,0.0,0.002,0.0,
14:01:05.903,1.0399,1.0105,1.0071,0.0,normal,0.0,normal,0.0,normal,0.0,NORMAL,0.1,0.0,100,normal,YES,PASS,0.0,0.0,0.011,0.0,
14:01:06.060,1.0353,1.0015,1.0066,0.0,normal,0.0,normal,0.0,normal,0.0,NORMAL,0.1,0.0,100,normal,YES,PASS,0.0,0.0,0.01,0.0,
14:01:06.214,1.0326,1.0066,1.0078,0.0,normal,0.0,normal,0.0,normal,0.0,NORMAL,0.1,0.0,100,normal,YES,PASS,0.0,0.0,0.009,0.0,
14:01:06.374,1.017,1.0012,1.0065,0.0,normal,0.0,normal,0.0,normal,0.0,NORMAL,0.0,0.0,100,normal,YES,PASS,0.0,0.0,0.005,0.0,
14:01:06.528,1.0008,1.0112,1.0058,0.0,normal,0.0,normal,0.0,normal,0.0,NORMAL,0.0,0.0,100,normal,YES,PASS,0.0,0.0,0.0,0.0,
14:01:06.690,1.0224,1.0079,1.0001,0.0,normal,0.0,normal,0.0,normal,0.0,NORMAL,0.1,0.0,100,normal,YES,PASS,0.0,0.0,0.006,0.0,
14:01:06.851,1.0204,1.0003,1.0085,0.0,normal,0.0,normal,0.0,normal,0.0,NORMAL,0.1,0.0,100,normal,YES,PASS,0.0,0.0,0.006,0.0,
14:01:07.081,1.0046,1.0068,1.0126,0.0,normal,0.0,normal,0.0,normal,0.0,NORMAL,0.0,0.0,100,normal,YES,PASS,0.0,0.0,0.001,0.0,
14:01:07.258,1.0528,1.0119,1.0046,0.0,normal,0.0,normal,0.0,normal,0.0,NORMAL,0.2,0.0,100,normal,YES,PASS,0.0,0.0,0.015,0.0,
14:01:07.450,1.0207,1.0088,1.0012,0.0,normal,0.0,normal,0.0,normal,0.0,NORMAL,0.1,0.0,100,normal,YES,PASS,0.0,0.0,0.006,0.0,
14:01:07.636,1.0198,1.0027,1.0012,0.0,normal,0.0,normal,0.0,normal,0.0,NORMAL,0.1,0.0,100,normal,YES,PASS,0.0,0.0,0.006,0.0,
14:01:07.812,1.0252,1.0124,1.0053,0.0,normal,0.0,normal,0.0,normal,0.0,NORMAL,0.1,0.0,100,normal,YES,PASS,0.0,0.0,0.007,0.0,
14:01:07.972,1.0018,1.0029,1.0069,0.0,normal,0.0,normal,0.0,normal,0.0,NORMAL,0.0,0.0,100,normal,YES,PASS,0.0,0.0,0.001,0.0,
14:01:08.131,1.043,1.002,1.0003,0.0,normal,0.0,normal,0.0,normal,0.0,NORMAL,0.1,0.0,100,normal,YES,PASS,0.0,0.0,0.012,0.0,
14:01:08.290,1.0053,1.0,1.0005,0.0,normal,0.0,normal,0.0,normal,0.0,NORMAL,0.0,0.0,100,normal,YES,PASS,0.0,0.0,0.002,0.0,
14:01:08.456,1.0127,1.0027,1.0123,0.0,normal,0.0,normal,0.0,normal,0.0,NORMAL,0.0,0.0,100,normal,YES,PASS,0.0,0.0,0.004,0.0,
14:01:08.620,1.0034,1.0014,1.0037,0.0,normal,0.0,normal,0.0,normal,0.0,NORMAL,0.0,0.0,100,normal,YES,PASS,0.0,0.0,0.001,0.0,
14:01:08.785,1.0393,1.0089,1.0047,0.0,normal,0.0,normal,0.0,normal,0.0,NORMAL,0.1,0.0,100,normal,YES,PASS,0.0,0.0,0.011,0.0,
14:01:08.949,1.0377,1.0037,1.006,0.0,normal,0.0,normal,0.0,normal,0.0,NORMAL,0.1,0.0,100,normal,YES,PASS,0.0,0.0,0.011,0.0,
14:01:09.105,1.0672,1.0107,1.0124,0.0,normal,0.0,normal,0.0,normal,0.0,NORMAL,0.2,0.0,100,normal,YES,PASS,0.0,0.0,0.019,0.0,
14:01:09.277,1.0533,1.0014,1.0035,0.0,normal,0.0,normal,0.0,normal,0.0,NORMAL,0.2,0.0,100,normal,YES,PASS,0.0,0.0,0.015,0.0,
14:01:09.449,1.0251,1.0014,1.0065,0.0,normal,0.0,normal,0.0,normal,0.0,NORMAL,0.1,0.0,100,normal,YES,PASS,0.0,0.0,0.007,0.0,
14:01:09.623,1.0352,1.0069,1.0093,0.0,normal,0.0,normal,0.0,normal,0.0,NORMAL,0.1,0.0,100,normal,YES,PASS,0.0,0.0,0.01,0.0,
14:01:09.776,1.0588,1.0077,1.012,0.0,normal,0.0,normal,0.0,normal,0.0,NORMAL,0.2,0.0,100,normal,YES,PASS,0.0,0.0,0.017,0.0,
14:01:09.953,1.0329,1.0029,1.0037,0.0,normal,0.0,normal,0.0,normal,0.0,NORMAL,0.1,0.0,100,normal,YES,PASS,0.0,0.0,0.009,0.0,
14:01:10.101,1.0277,1.0025,1.0098,0.0,normal,0.0,normal,0.0,normal,0.0,NORMAL,0.1,0.0,100,normal,YES,PASS,0.0,0.0,0.008,0.0,
14:01:10.282,1.038,1.0114,1.0063,0.0,normal,0.0,normal,0.0,normal,0.0,NORMAL,0.1,0.0,100,normal,YES,PASS,0.0,0.0,0.011,0.0,
14:01:10.450,1.0171,1.0001,1.0006,0.0,normal,0.0,normal,0.0,normal,0.0,NORMAL,0.0,0.0,100,normal,YES,PASS,0.0,0.0,0.005,0.0,
14:01:10.607,1.0652,1.0088,1.0043,0.0,normal,0.0,normal,0.0,normal,0.0,NORMAL,0.2,0.0,100,normal,YES,PASS,0.0,0.0,0.019,0.0,
14:01:10.760,1.0274,1.0099,1.0017,0.0,normal,0.0,normal,0.0,normal,0.0,NORMAL,0.1,0.0,100,normal,YES,PASS,0.0,0.0,0.008,0.0,
14:01:10.925,1.0138,1.0021,1.0075,0.0,normal,0.0,normal,0.0,normal,0.0,NORMAL,0.0,0.0,100,normal,YES,PASS,0.0,0.0,0.004,0.0,
14:01:11.093,1.0152,1.0034,1.0056,0.0,normal,0.0,normal,0.0,normal,0.0,NORMAL,0.0,0.0,100,normal,YES,PASS,0.0,0.0,0.004,0.0,
14:01:11.247,1.0426,1.0082,1.0168,0.0,normal,0.0,normal,0.0,normal,0.0,NORMAL,0.1,0.0,100,normal,YES,PASS,0.0,0.0,0.012,0.0,
14:01:11.419,1.0655,1.0022,1.0098,0.0,normal,0.0,normal,0.0,normal,0.0,NORMAL,0.2,0.0,100,normal,YES,PASS,0.0,0.0,0.019,0.0,
14:01:11.576,1.0192,1.0038,1.0019,0.0,normal,0.0,normal,0.0,normal,0.0,NORMAL,0.1,0.0,100,normal,YES,PASS,0.0,0.0,0.005,0.0,
14:01:11.752,1.0413,1.005,1.0042,0.0,normal,0.0,normal,0.0,normal,0.0,NORMAL,0.1,0.0,100,normal,YES,PASS,0.0,0.0,0.012,0.0,
14:01:11.921,1.0579,1.0097,1.0086,0.0,normal,0.0,normal,0.0,normal,0.0,NORMAL,0.2,0.0,100,normal,YES,PASS,0.0,0.0,0.017,0.0,
14:01:12.087,1.0296,1.0065,1.0055,0.0,normal,0.0,normal,0.0,normal,0.0,NORMAL,0.1,0.0,100,normal,YES,PASS,0.0,0.0,0.008,0.0,
14:01:12.266,1.0345,1.0001,1.0074,0.0,normal,0.0,normal,0.0,normal,0.0,NORMAL,0.1,0.0,100,normal,YES,PASS,0.0,0.0,0.01,0.0,
14:01:12.439,1.0484,1.0036,1.0057,0.0,normal,0.0,normal,0.0,normal,0.0,NORMAL,0.1,0.0,100,normal,YES,PASS,0.0,0.0,0.014,0.0,
14:01:12.591,1.031,1.0083,1.0098,0.0,normal,0.0,normal,0.0,normal,0.0,NORMAL,0.1,0.0,100,normal,YES,PASS,0.0,0.0,0.009,0.0,
14:01:12.744,1.0274,1.0058,1.0049,0.0,normal,0.0,normal,0.0,normal,0.0,NORMAL,0.1,0.0,100,normal,YES,PASS,0.0,0.0,0.008,0.0,
14:01:12.914,1.0096,1.0073,1.0004,0.0,normal,0.0,normal,0.0,normal,0.0,NORMAL,0.0,0.0,100,normal,YES,PASS,0.0,0.0,0.003,0.0,
14:01:13.091,1.0136,1.0053,1.001,0.0,normal,0.0,normal,0.0,normal,0.0,NORMAL,0.0,0.0,100,normal,YES,PASS,0.0,0.0,0.004,0.0,
14:01:13.261,1.0171,1.0029,1.0148,0.0,normal,0.0,normal,0.0,normal,0.0,NORMAL,0.0,0.0,100,normal,YES,PASS,0.0,0.0,0.005,0.0,
14:01:13.427,1.0342,1.0154,1.002,0.0,normal,0.0,normal,0.0,normal,0.0,NORMAL,0.1,0.0,100,normal,YES,PASS,0.0,0.0,0.01,0.0,
14:01:13.594,1.0624,1.0076,1.0039,0.0,normal,0.0,normal,0.0,normal,0.0,NORMAL,0.2,0.0,100,normal,YES,PASS,0.0,0.0,0.018,0.0,
14:01:13.773,1.0184,1.0026,1.0103,0.0,normal,0.0,normal,0.0,normal,0.0,NORMAL,0.1,0.0,100,normal,YES,PASS,0.0,0.0,0.005,0.0,
14:01:13.959,1.0266,1.0088,1.0137,0.0,normal,0.0,normal,0.0,normal,0.0,NORMAL,0.1,0.0,100,normal,YES,PASS,0.0,0.0,0.008,0.0,
14:01:14.106,1.005,1.009,1.0109,0.0,normal,0.0,normal,0.0,normal,0.0,NORMAL,0.0,0.0,100,normal,YES,PASS,0.0,0.0,0.001,0.0,
14:01:14.255,1.0638,1.0108,1.0132,0.0,normal,0.0,normal,0.0,normal,0.0,NORMAL,0.2,0.0,100,normal,YES,PASS,0.0,0.0,0.018,0.0,
14:01:14.408,1.0342,1.0062,1.0045,0.0,normal,0.0,normal,0.0,normal,0.0,NORMAL,0.1,0.0,100,normal,YES,PASS,0.0,0.0,0.01,0.0,
14:01:14.573,1.051,1.0121,1.0118,0.0,normal,0.0,normal,0.0,normal,0.0,NORMAL,0.1,0.0,100,normal,YES,PASS,0.0,0.0,0.015,0.0,
14:01:14.737,1.0191,1.0083,1.0063,0.0,normal,0.0,normal,0.0,normal,0.0,NORMAL,0.1,0.0,100,normal,YES,PASS,0.0,0.0,0.005,0.0,
14:01:14.900,1.0103,1.0026,1.0088,0.0,normal,0.0,normal,0.0,normal,0.0,NORMAL,0.0,0.0,100,normal,YES,PASS,0.0,0.0,0.003,0.0,
14:01:15.064,1.01,1.0001,1.0118,0.0,normal,0.0,normal,0.0,normal,0.0,NORMAL,0.0,0.0,100,normal,YES,PASS,0.0,0.0,0.003,0.0,
14:01:15.214,1.0461,1.0062,1.012,0.0,normal,0.0,normal,0.0,normal,0.0,NORMAL,0.1,0.0,100,normal,YES,PASS,0.0,0.0,0.013,0.0,
14:01:15.369,1.0633,1.0094,1.0018,0.0,normal,0.0,normal,0.0,normal,0.0,NORMAL,0.2,0.0,100,normal,YES,PASS,0.0,0.0,0.018,0.0,
14:01:15.550,1.0174,1.0075,1.0074,0.0,normal,0.0,normal,0.0,normal,0.0,NORMAL,0.0,0.0,100,normal,YES,PASS,0.0,0.0,0.005,0.0,
14:01:15.716,1.0073,1.0009,1.0008,0.0,normal,0.0,normal,0.0,normal,0.0,NORMAL,0.0,0.0,100,normal,YES,PASS,0.0,0.0,0.002,0.0,
14:01:15.875,1.0616,1.0131,1.0006,0.0,normal,0.0,normal,0.0,normal,0.0,NORMAL,0.2,0.0,100,normal,YES,PASS,0.0,0.0,0.018,0.0,
14:01:16.029,1.0457,1.0125,1.0034,0.0,normal,0.0,normal,0.0,normal,0.0,NORMAL,0.1,0.0,100,normal,YES,PASS,0.0,0.0,0.013,0.0,
14:01:16.181,1.0504,1.0142,1.0094,0.0,normal,0.0,normal,0.0,normal,0.0,NORMAL,0.1,0.0,100,normal,YES,PASS,0.0,0.0,0.014,0.0,
14:01:16.366,1.0091,1.011,1.0113,0.0,normal,0.0,normal,0.0,normal,0.0,NORMAL,0.0,0.0,100,normal,YES,PASS,0.0,0.0,0.003,0.0,
14:01:16.535,1.0367,1.0047,1.0037,0.0,normal,0.0,normal,0.0,normal,0.0,NORMAL,0.1,0.0,100,normal,YES,PASS,0.0,0.0,0.01,0.0,
14:01:16.698,1.0232,1.0034,1.0039,0.0,normal,0.0,normal,0.0,normal,0.0,NORMAL,0.1,0.0,100,normal,YES,PASS,0.0,0.0,0.007,0.0,
14:01:16.854,1.0358,1.0144,1.0052,0.0,normal,0.0,normal,0.0,normal,0.0,NORMAL,0.1,0.0,100,normal,YES,PASS,0.0,0.0,0.01,0.0,
14:01:17.009,1.0439,1.0069,1.0057,0.0,normal,0.0,normal,0.0,normal,0.0,NORMAL,0.1,0.0,100,normal,YES,PASS,0.0,0.0,0.013,0.0,
14:01:17.175,1.0298,1.0027,1.011,0.0,normal,0.0,normal,0.0,normal,0.0,NORMAL,0.1,0.0,100,normal,YES,PASS,0.0,0.0,0.009,0.0,
14:01:17.338,1.0694,1.0081,1.0018,0.0,normal,0.0,normal,0.0,normal,0.0,NORMAL,0.2,0.0,100,normal,YES,PASS,0.0,0.0,0.02,0.0,
14:01:17.503,1.0255,1.0007,1.0114,0.0,normal,0.0,normal,0.0,normal,0.0,NORMAL,0.1,0.0,100,normal,YES,PASS,0.0,0.0,0.007,0.0,
14:01:17.664,1.0458,1.0063,1.0015,0.0,normal,0.0,normal,0.0,normal,0.0,NORMAL,0.1,0.0,100,normal,YES,PASS,0.0,0.0,0.013,0.0,
14:01:17.843,1.0427,1.0084,1.0035,0.0,normal,0.0,normal,0.0,normal,0.0,NORMAL,0.1,0.0,100,normal,YES,PASS,0.0,0.0,0.012,0.0,
14:01:18.007,1.0358,1.0048,1.0124,0.0,normal,0.0,normal,0.0,normal,0.0,NORMAL,0.1,0.0,100,normal,YES,PASS,0.0,0.0,0.01,0.0,
14:01:18.161,1.0183,1.0089,1.0045,0.0,normal,0.0,normal,0.0,normal,0.0,NORMAL,0.1,0.0,100,normal,YES,PASS,0.0,0.0,0.005,0.0,
14:01:18.326,1.0368,1.0035,1.0131,0.0,normal,0.0,normal,0.0,normal,0.0,NORMAL,0.1,0.0,100,normal,YES,PASS,0.0,0.0,0.011,0.0,
14:01:18.476,1.0052,1.0022,1.0025,0.0,normal,0.0,normal,0.0,normal,0.0,NORMAL,0.0,0.0,100,normal,YES,PASS,0.0,0.0,0.001,0.0,
14:01:18.641,1.0247,1.0015,1.0039,0.0,normal,0.0,normal,0.0,normal,0.0,NORMAL,0.1,0.0,100,normal,YES,PASS,0.0,0.0,0.007,0.0,
14:01:18.802,1.0472,1.0065,1.0013,0.0,normal,0.0,normal,0.0,normal,0.0,NORMAL,0.1,0.0,100,normal,YES,PASS,0.0,0.0,0.013,0.0,
14:01:18.971,1.0333,1.0121,1.0059,0.0,normal,0.0,normal,0.0,normal,0.0,NORMAL,0.1,0.0,100,normal,YES,PASS,0.0,0.0,0.01,0.0,
14:01:19.125,1.0501,1.0008,1.0109,0.0,normal,0.0,normal,0.0,normal,0.0,NORMAL,0.1,0.0,100,normal,YES,PASS,0.0,0.0,0.014,0.0,
14:01:19.294,1.015,1.006,1.0084,0.0,normal,0.0,normal,0.0,normal,0.0,NORMAL,0.0,0.0,100,normal,YES,PASS,0.0,0.0,0.004,0.0,
14:01:19.481,1.0114,1.0024,1.003,0.0,normal,0.0,normal,0.0,normal,0.0,NORMAL,0.0,0.0,100,normal,YES,PASS,0.0,0.0,0.003,0.0,
14:01:19.647,1.013,1.01,1.0018,0.0,normal,0.0,normal,0.0,normal,0.0,NORMAL,0.0,0.0,100,normal,YES,PASS,0.0,0.0,0.004,0.0,
14:01:19.813,1.0423,1.0093,1.0066,0.0,normal,0.0,normal,0.0,normal,0.0,NORMAL,0.1,0.0,100,normal,YES,PASS,0.0,0.0,0.012,0.0,
14:01:19.971,1.0616,1.0047,1.0079,0.0,normal,0.0,normal,0.0,normal,0.0,NORMAL,0.2,0.0,100,normal,YES,PASS,0.0,0.0,0.018,0.0,
14:01:20.139,1.002,1.0054,1.0015,0.0,normal,0.0,normal,0.0,normal,0.0,NORMAL,0.0,0.0,100,normal,YES,PASS,0.0,0.0,0.001,0.0,
14:01:20.290,1.0229,1.0066,1.0015,0.0,normal,0.0,normal,0.0,normal,0.0,NORMAL,0.1,0.0,100,normal,YES,PASS,0.0,0.0,0.007,0.0,
14:01:20.449,1.0016,1.0028,1.0102,0.0,normal,0.0,normal,0.0,normal,0.0,NORMAL,0.0,0.0,100,normal,YES,PASS,0.0,0.0,0.0,0.0,
14:01:20.611,1.0031,1.0015,1.0046,0.0,normal,0.0,normal,0.0,normal,0.0,NORMAL,0.0,0.0,100,normal,YES,PASS,0.0,0.0,0.001,0.0,
14:01:20.779,1.0383,1.0132,1.0015,0.0,normal,0.0,normal,0.0,normal,0.0,NORMAL,0.1,0.0,100,normal,YES,PASS,0.0,0.0,0.011,0.0,
14:01:20.939,1.0124,1.0093,1.0044,0.0,normal,0.0,normal,0.0,normal,0.0,NORMAL,0.0,0.0,100,normal,YES,PASS,0.0,0.0,0.004,0.0,
14:01:21.116,1.0135,1.0155,1.0077,0.0,normal,0.0,normal,0.0,normal,0.0,NORMAL,0.0,0.0,100,normal,YES,PASS,0.0,0.0,0.004,0.0,
14:01:21.278,1.0484,1.01,1.0134,0.0,normal,0.0,normal,0.0,normal,0.0,NORMAL,0.1,0.0,100,normal,YES,PASS,0.0,0.0,0.014,0.0,
14:01:21.435,1.0248,1.0121,1.0013,0.0,normal,0.0,normal,0.0,normal,0.0,NORMAL,0.1,0.0,100,normal,YES,PASS,0.0,0.0,0.007,0.0,
14:01:21.589,1.0372,1.0004,1.0082,0.0,normal,0.0,normal,0.0,normal,0.0,NORMAL,0.1,0.0,100,normal,YES,PASS,0.0,0.0,0.011,0.0,
14:01:21.754,1.0047,1.0021,1.0008,0.0,normal,0.0,normal,0.0,normal,0.0,NORMAL,0.0,0.0,100,normal,YES,PASS,0.0,0.0,0.001,0.0,
14:01:21.903,1.0163,1.0024,1.0077,0.0,normal,0.0,normal,0.0,normal,0.0,NORMAL,0.0,0.0,100,normal,YES,PASS,0.0,0.0,0.005,0.0,
14:01:22.070,1.0257,1.0068,1.0065,0.0,normal,0.0,normal,0.0,normal,0.0,NORMAL,0.1,0.0,100,normal,YES,PASS,0.0,0.0,0.007,0.0,
14:01:22.243,1.0451,1.0052,1.003,0.0,normal,0.0,normal,0.0,normal,0.0,NORMAL,0.1,0.0,100,normal,YES,PASS,0.0,0.0,0.013,0.0,
14:01:22.404,1.0375,1.014,1.005,0.0,normal,0.0,normal,0.0,normal,0.0,NORMAL,0.1,0.0,100,normal,YES,PASS,0.0,0.0,0.011,0.0,
14:01:22.573,1.0433,1.0031,1.0112,0.0,normal,0.0,normal,0.0,normal,0.0,NORMAL,0.1,0.0,100,normal,YES,PASS,0.0,0.0,0.012,0.0,
14:01:22.752,1.0631,1.0113,1.0102,0.0,normal,0.0,normal,0.0,normal,0.0,NORMAL,0.2,0.0,100,normal,YES,PASS,0.0,0.0,0.018,0.0,
14:01:22.936,1.008,1.0097,1.0098,0.0,normal,0.0,normal,0.0,normal,0.0,NORMAL,0.0,0.0,100,normal,YES,PASS,0.0,0.0,0.002,0.0,
14:01:23.087,1.03,1.0081,1.0078,0.0,normal,0.0,normal,0.0,normal,0.0,NORMAL,0.1,0.0,100,normal,YES,PASS,0.0,0.0,0.009,0.0,
14:01:23.242,1.0246,1.008,1.0063,0.0,normal,0.0,normal,0.0,normal,0.0,NORMAL,0.1,0.0,100,normal,YES,PASS,0.0,0.0,0.007,0.0,
14:01:23.405,1.0018,1.0088,1.0096,0.0,normal,0.0,normal,0.0,normal,0.0,NORMAL,0.0,0.0,100,normal,YES,PASS,0.0,0.0,0.001,0.0,
14:01:23.567,1.0297,1.016,1.0126,0.0,normal,0.0,normal,0.0,normal,0.0,NORMAL,0.1,0.0,100,normal,YES,PASS,0.0,0.0,0.008,0.0,
14:01:23.742,1.023,1.0108,1.0013,0.0,normal,0.0,normal,0.0,normal,0.0,NORMAL,0.1,0.0,100,normal,YES,PASS,0.0,0.0,0.007,0.0,
14:01:23.909,1.0258,1.0114,1.0112,0.0,normal,0.0,normal,0.0,normal,0.0,NORMAL,0.1,0.0,100,normal,YES,PASS,0.0,0.0,0.007,0.0,
14:01:24.068,1.028,1.0047,1.0067,0.0,normal,0.0,normal,0.0,normal,0.0,NORMAL,0.1,0.0,100,normal,YES,PASS,0.0,0.0,0.008,0.0,
14:01:24.242,1.0336,1.0011,1.0023,0.0,normal,0.0,normal,0.0,normal,0.0,NORMAL,0.1,0.0,100,normal,YES,PASS,0.0,0.0,0.01,0.0,
14:01:24.400,1.0219,1.006,1.0075,0.0,normal,0.0,normal,0.0,normal,0.0,NORMAL,0.1,0.0,100,normal,YES,PASS,0.0,0.0,0.006,0.0,
14:01:24.558,1.0343,1.0037,1.0069,0.0,normal,0.0,normal,0.0,normal,0.0,NORMAL,0.1,0.0,100,normal,YES,PASS,0.0,0.0,0.01,0.0,
14:01:24.720,1.0571,1.0004,1.0069,0.0,normal,0.0,normal,0.0,normal,0.0,NORMAL,0.2,0.0,100,normal,YES,PASS,0.0,0.0,0.016,0.0,
14:01:24.874,1.0232,1.0045,1.0023,0.0,normal,0.0,normal,0.0,normal,0.0,NORMAL,0.1,0.0,100,normal,YES,PASS,0.0,0.0,0.007,0.0,
14:01:25.041,1.0214,1.0023,1.0025,0.0,normal,0.0,normal,0.0,normal,0.0,NORMAL,0.1,0.0,100,normal,YES,PASS,0.0,0.0,0.006,0.0,
14:01:25.205,1.0239,1.0045,1.0073,0.0,normal,0.0,normal,0.0,normal,0.0,NORMAL,0.1,0.0,100,normal,YES,PASS,0.0,0.0,0.007,0.0,
14:01:25.378,1.04,1.0092,1.0051,0.0,normal,0.0,normal,0.0,normal,0.0,NORMAL,0.1,0.0,100,normal,YES,PASS,0.0,0.0,0.011,0.0,
14:01:25.556,1.0527,1.0029,1.0081,0.0,normal,0.0,normal,0.0,normal,0.0,NORMAL,0.2,0.0,100,normal,YES,PASS,0.0,0.0,0.015,0.0,
14:01:25.728,1.0564,1.0045,1.01,0.0,normal,0.0,normal,0.0,normal,0.0,NORMAL,0.2,0.0,100,normal,YES,PASS,0.0,0.0,0.016,0.0,
14:01:25.888,1.0463,1.0105,1.0054,0.0,normal,0.0,normal,0.0,normal,0.0,NORMAL,0.1,0.0,100,normal,YES,PASS,0.0,0.0,0.013,0.0,
14:01:26.037,1.0169,1.0112,1.0045,0.0,normal,0.0,normal,0.0,normal,0.0,NORMAL,0.0,0.0,100,normal,YES,PASS,0.0,0.0,0.005,0.0,
14:01:26.200,1.0099,1.0025,1.0016,0.0,normal,0.0,normal,0.0,normal,0.0,NORMAL,0.0,0.0,100,normal,YES,PASS,0.0,0.0,0.003,0.0,
14:01:26.359,1.0189,1.0146,1.0049,0.0,normal,0.0,normal,0.0,normal,0.0,NORMAL,0.1,0.0,100,normal,YES,PASS,0.0,0.0,0.005,0.0,
14:01:26.528,1.0171,1.0009,1.0011,0.0,normal,0.0,normal,0.0,normal,0.0,NORMAL,0.0,0.0,100,normal,YES,PASS,0.0,0.0,0.005,0.0,
14:01:26.685,1.0489,1.0071,1.0012,0.0,normal,0.0,normal,0.0,normal,0.0,NORMAL,0.1,0.0,100,normal,YES,PASS,0.0,0.0,0.014,0.0,
14:01:26.850,1.0308,1.0083,1.0103,0.0,normal,0.0,normal,0.0,normal,0.0,NORMAL,0.1,0.0,100,normal,YES,PASS,0.0,0.0,0.009,0.0,
14:01:27.025,1.0306,1.0042,1.0084,0.0,normal,0.0,normal,0.0,normal,0.0,NORMAL,0.1,0.0,100,normal,YES,PASS,0.0,0.0,0.009,0.0,
14:01:27.224,1.0354,1.0073,1.0044,0.0,normal,0.0,normal,0.0,normal,0.0,NORMAL,0.1,0.0,100,normal,YES,PASS,0.0,0.0,0.01,0.0,
14:01:27.412,1.0188,1.0125,1.0076,0.0,normal,0.0,normal,0.0,normal,0.0,NORMAL,0.1,0.0,100,normal,YES,PASS,0.0,0.0,0.005,0.0,
14:01:27.598,1.0588,1.0035,1.0076,0.0,normal,0.0,normal,0.0,normal,0.0,NORMAL,0.2,0.0,100,normal,YES,PASS,0.0,0.0,0.017,0.0,
14:01:27.753,1.0146,1.008,1.0044,0.0,normal,0.0,normal,0.0,normal,0.0,NORMAL,0.0,0.0,100,normal,YES,PASS,0.0,0.0,0.004,0.0,
14:01:27.914,1.0582,1.0102,1.0057,0.0,normal,0.0,normal,0.0,normal,0.0,NORMAL,0.2,0.0,100,normal,YES,PASS,0.0,0.0,0.017,0.0,
14:01:28.091,1.0366,1.007,1.0005,0.0,normal,0.0,normal,0.0,normal,0.0,NORMAL,0.1,0.0,100,normal,YES,PASS,0.0,0.0,0.01,0.0,
14:01:28.248,1.0457,1.0054,1.0085,0.0,normal,0.0,normal,0.0,normal,0.0,NORMAL,0.1,0.0,100,normal,YES,PASS,0.0,0.0,0.013,0.0,
14:01:28.409,1.0623,1.0093,1.0025,0.0,normal,0.0,normal,0.0,normal,0.0,NORMAL,0.2,0.0,100,normal,YES,PASS,0.0,0.0,0.018,0.0,
14:01:28.571,1.0572,1.0008,1.0018,0.0,normal,0.0,normal,0.0,normal,0.0,NORMAL,0.2,0.0,100,normal,YES,PASS,0.0,0.0,0.016,0.0,
14:01:28.736,1.0025,1.0006,1.0126,0.0,normal,0.0,normal,0.0,normal,0.0,NORMAL,0.0,0.0,100,normal,YES,PASS,0.0,0.0,0.001,0.0,
14:01:28.909,1.049,1.0104,1.0067,0.0,normal,0.0,normal,0.0,normal,0.0,NORMAL,0.1,0.0,100,normal,YES,PASS,0.0,0.0,0.014,0.0,
14:01:29.085,1.0217,1.0057,1.0034,0.0,normal,0.0,normal,0.0,normal,0.0,NORMAL,0.1,0.0,100,normal,YES,PASS,0.0,0.0,0.006,0.0,
14:01:29.257,1.0257,1.0107,1.0101,0.0,normal,0.0,normal,0.0,normal,0.0,NORMAL,0.1,0.0,100,normal,YES,PASS,0.0,0.0,0.007,0.0,
14:01:29.435,1.0264,1.0111,1.0024,0.0,normal,0.0,normal,0.0,normal,0.0,NORMAL,0.1,0.0,100,normal,YES,PASS,0.0,0.0,0.008,0.0,
14:01:29.608,1.0402,1.0088,1.0016,0.0,normal,0.0,normal,0.0,normal,0.0,NORMAL,0.1,0.0,100,normal,YES,PASS,0.0,0.0,0.011,0.0,
14:01:29.776,1.0164,1.0009,1.0121,0.0,normal,0.0,normal,0.0,normal,0.0,NORMAL,0.0,0.0,100,normal,YES,PASS,0.0,0.0,0.005,0.0,
14:01:29.928,1.038,1.0117,1.0125,0.0,normal,0.0,normal,0.0,normal,0.0,NORMAL,0.1,0.0,100,normal,YES,PASS,0.0,0.0,0.011,0.0,
14:01:30.078,1.0117,1.0117,1.0113,0.0,normal,0.0,normal,0.0,normal,0.0,NORMAL,0.0,0.0,100,normal,YES,PASS,0.0,0.0,0.003,0.0,
14:01:30.225,1.0559,1.0086,1.0139,0.0,normal,0.0,normal,0.0,normal,0.0,NORMAL,0.2,0.0,100,normal,YES,PASS,0.0,0.0,0.016,0.0,
14:01:30.375,1.0181,1.0073,1.0111,0.0,normal,0.0,normal,0.0,normal,0.0,NORMAL,0.1,0.0,100,normal,YES,PASS,0.0,0.0,0.005,0.0,
14:01:30.528,1.0576,1.0077,1.0088,0.0,normal,0.0,normal,0.0,normal,0.0,NORMAL,0.2,0.0,100,normal,YES,PASS,0.0,0.0,0.016,0.0,
14:01:30.696,1.0459,1.0022,1.005,0.0,normal,0.0,normal,0.0,normal,0.0,NORMAL,0.1,0.0,100,normal,YES,PASS,0.0,0.0,0.013,0.0,
14:01:30.856,1.0488,1.0106,1.0095,0.0,normal,0.0,normal,0.0,normal,0.0,NORMAL,0.1,0.0,100,normal,YES,PASS,0.0,0.0,0.014,0.0,
14:01:31.018,1.0427,1.0019,1.0143,0.0,normal,0.0,normal,0.0,normal,0.0,NORMAL,0.1,0.0,100,normal,YES,PASS,0.0,0.0,0.012,0.0,
14:01:31.200,1.0334,1.0084,1.0084,0.0,normal,0.0,normal,0.0,normal,0.0,NORMAL,0.1,0.0,100,normal,YES,PASS,0.0,0.0,0.01,0.0,
14:01:31.371,1.0218,1.0022,1.0045,0.0,normal,0.0,normal,0.0,normal,0.0,NORMAL,0.1,0.0,100,normal,YES,PASS,0.0,0.0,0.006,0.0,
14:01:31.543,1.0003,1.0019,1.0065,0.0,normal,0.0,normal,0.0,normal,0.0,NORMAL,0.0,0.0,100,normal,YES,PASS,0.0,0.0,0.0,0.0,
14:01:31.707,1.0395,1.0004,1.0079,0.0,normal,0.0,normal,0.0,normal,0.0,NORMAL,0.1,0.0,100,normal,YES,PASS,0.0,0.0,0.011,0.0,
14:01:31.857,1.0289,1.0053,1.0012,0.0,normal,0.0,normal,0.0,normal,0.0,NORMAL,0.1,0.0,100,normal,YES,PASS,0.0,0.0,0.008,0.0,
14:01:32.026,1.0433,1.0132,1.005,0.0,normal,0.0,normal,0.0,normal,0.0,NORMAL,0.1,0.0,100,normal,YES,PASS,0.0,0.0,0.012,0.0,
14:01:32.178,1.0485,1.0013,1.0038,0.0,normal,0.0,normal,0.0,normal,0.0,NORMAL,0.1,0.0,100,normal,YES,PASS,0.0,0.0,0.014,0.0,
14:01:32.349,1.0005,1.0084,1.0082,0.0,normal,0.0,normal,0.0,normal,0.0,NORMAL,0.0,0.0,100,normal,YES,PASS,0.0,0.0,0.0,0.0,
14:01:32.519,1.055,1.0083,1.0026,0.0,normal,0.0,normal,0.0,normal,0.0,NORMAL,0.2,0.0,100,normal,YES,PASS,0.0,0.0,0.016,0.0,
14:01:32.686,1.0067,1.0127,1.009,0.0,normal,0.0,normal,0.0,normal,0.0,NORMAL,0.0,0.0,100,normal,YES,PASS,0.0,0.0,0.002,0.0,
14:01:32.850,1.0411,1.0046,1.011,0.0,normal,0.0,normal,0.0,normal,0.0,NORMAL,0.1,0.0,100,normal,YES,PASS,0.0,0.0,0.012,0.0,
14:01:33.030,1.0172,1.002,1.0076,0.0,normal,0.0,normal,0.0,normal,0.0,NORMAL,0.0,0.0,100,normal,YES,PASS,0.0,0.0,0.005,0.0,
14:01:33.211,1.0402,1.0052,1.0041,0.0,normal,0.0,normal,0.0,normal,0.0,NORMAL,0.1,0.0,100,normal,YES,PASS,0.0,0.0,0.011,0.0,
14:01:33.373,1.0242,1.016,1.0141,0.0,normal,0.0,normal,0.0,normal,0.0,NORMAL,0.1,0.0,100,normal,YES,PASS,0.0,0.0,0.007,0.0,
14:01:33.542,1.0426,1.0044,1.0025,0.0,normal,0.0,normal,0.0,normal,0.0,NORMAL,0.1,0.0,100,normal,YES,PASS,0.0,0.0,0.012,0.0,
14:01:33.696,1.0475,1.0129,1.0098,0.0,normal,0.0,normal,0.0,normal,0.0,NORMAL,0.1,0.0,100,normal,YES,PASS,0.0,0.0,0.014,0.0,
14:01:33.856,1.0008,1.0051,1.0101,0.0,normal,0.0,normal,0.0,normal,0.0,NORMAL,0.0,0.0,100,normal,YES,PASS,0.0,0.0,0.0,0.0,
14:01:34.013,1.0429,1.0077,1.0039,0.0,normal,0.0,normal,0.0,normal,0.0,NORMAL,0.1,0.0,100,normal,YES,PASS,0.0,0.0,0.012,0.0,
14:01:34.181,1.0352,1.0083,1.0087,0.0,normal,0.0,normal,0.0,normal,0.0,NORMAL,0.1,0.0,100,normal,YES,PASS,0.0,0.0,0.01,0.0,
14:01:34.348,1.014,1.0106,1.0054,0.0,normal,0.0,normal,0.0,normal,0.0,NORMAL,0.0,0.0,100,normal,YES,PASS,0.0,0.0,0.004,0.0,
14:01:34.535,1.0178,1.0051,1.0085,0.0,normal,0.0,normal,0.0,normal,0.0,NORMAL,0.1,0.0,100,normal,YES,PASS,0.0,0.0,0.005,0.0,
14:01:34.694,1.0023,1.0053,1.0067,0.0,normal,0.0,normal,0.0,normal,0.0,NORMAL,0.0,0.0,100,normal,YES,PASS,0.0,0.0,0.001,0.0,
14:01:34.853,1.0029,1.0088,1.0027,0.0,normal,0.0,normal,0.0,normal,0.0,NORMAL,0.0,0.0,100,normal,YES,PASS,0.0,0.0,0.001,0.0,
14:01:35.005,1.0775,1.0002,1.0117,0.0,normal,0.0,normal,0.0,normal,0.0,NORMAL,0.2,0.0,100,normal,YES,PASS,0.0,0.0,0.022,0.0,
14:01:35.185,1.0486,1.0096,1.0092,0.0,normal,0.0,normal,0.0,normal,0.0,NORMAL,0.1,0.0,100,normal,YES,PASS,0.0,0.0,0.014,0.0,
14:01:35.360,1.0267,1.008,1.007,0.0,normal,0.0,normal,0.0,normal,0.0,NORMAL,0.1,0.0,100,normal,YES,PASS,0.0,0.0,0.008,0.0,
14:01:35.526,1.0138,1.0021,1.0096,0.0,normal,0.0,normal,0.0,normal,0.0,NORMAL,0.0,0.0,100,normal,YES,PASS,0.0,0.0,0.004,0.0,
14:01:35.698,1.0075,1.0041,1.0133,0.0,normal,0.0,normal,0.0,normal,0.0,NORMAL,0.0,0.0,100,normal,YES,PASS,0.0,0.0,0.002,0.0,
14:01:35.867,1.0546,1.0098,1.0057,0.0,normal,0.0,normal,0.0,normal,0.0,NORMAL,0.2,0.0,100,normal,YES,PASS,0.0,0.0,0.016,0.0,
14:01:36.033,1.0357,1.011,1.0051,0.0,normal,0.0,normal,0.0,normal,0.0,NORMAL,0.1,0.0,100,normal,YES,PASS,0.0,0.0,0.01,0.0,
14:01:36.184,1.0276,1.01,1.0011,0.0,normal,0.0,normal,0.0,normal,0.0,NORMAL,0.1,0.0,100,normal,YES,PASS,0.0,0.0,0.008,0.0,
14:01:36.366,1.032,1.0057,1.0147,0.0,normal,0.0,normal,0.0,normal,0.0,NORMAL,0.1,0.0,100,normal,YES,PASS,0.0,0.0,0.009,0.0,
14:01:36.533,1.003,1.0091,1.0085,0.0,normal,0.0,normal,0.0,normal,0.0,NORMAL,0.0,0.0,100,normal,YES,PASS,0.0,0.0,0.001,0.0,
14:01:36.697,1.0528,1.0064,1.0011,0.0,normal,0.0,normal,0.0,normal,0.0,NORMAL,0.2,0.0,100,normal,YES,PASS,0.0,0.0,0.015,0.0,
14:01:36.850,1.0468,1.0046,1.0001,0.0,normal,0.0,normal,0.0,normal,0.0,NORMAL,0.1,0.0,100,normal,YES,PASS,0.0,0.0,0.013,0.0,
14:01:37.022,1.029,1.0102,1.0046,0.0,normal,0.0,normal,0.0,normal,0.0,NORMAL,0.1,0.0,100,normal,YES,PASS,0.0,0.0,0.008,0.0,
14:01:37.189,1.0509,1.0032,1.0081,0.0,normal,0.0,normal,0.0,normal,0.0,NORMAL,0.1,0.0,100,normal,YES,PASS,0.0,0.0,0.015,0.0,
14:01:37.341,1.0045,1.0074,1.0027,0.0,normal,0.0,normal,0.0,normal,0.0,NORMAL,0.0,0.0,100,normal,YES,PASS,0.0,0.0,0.001,0.0,
14:01:37.502,1.0112,1.006,1.0017,0.0,normal,0.0,normal,0.0,normal,0.0,NORMAL,0.0,0.0,100,normal,YES,PASS,0.0,0.0,0.003,0.0,
14:01:37.645,1.0484,1.0007,1.0114,0.0,normal,0.0,normal,0.0,normal,0.0,NORMAL,0.1,0.0,100,normal,YES,PASS,0.0,0.0,0.014,0.0,
14:01:37.809,1.0751,1.0028,1.0028,0.0,normal,0.0,normal,0.0,normal,0.0,NORMAL,0.2,0.0,100,normal,YES,PASS,0.0,0.0,0.021,0.0,
14:01:37.987,1.0525,1.008,1.0122,0.0,normal,0.0,normal,0.0,normal,0.0,NORMAL,0.1,0.0,100,normal,YES,PASS,0.0,0.0,0.015,0.0,
14:01:38.153,1.0237,1.0085,1.0058,0.0,normal,0.0,normal,0.0,normal,0.0,NORMAL,0.1,0.0,100,normal,YES,PASS,0.0,0.0,0.007,0.0,
14:01:38.315,1.0336,1.0004,1.0084,0.0,normal,0.0,normal,0.0,normal,0.0,NORMAL,0.1,0.0,100,normal,YES,PASS,0.0,0.0,0.01,0.0,
14:01:38.491,1.0227,1.0027,1.015,0.0,normal,0.0,normal,0.0,normal,0.0,NORMAL,0.1,0.0,100,normal,YES,PASS,0.0,0.0,0.006,0.0,
14:01:38.659,1.0726,1.0132,1.004,0.0,normal,0.0,normal,0.0,normal,0.0,NORMAL,0.2,0.0,100,normal,YES,PASS,0.0,0.0,0.021,0.0,
14:01:38.823,1.0279,1.012,1.0087,0.0,normal,0.0,normal,0.0,normal,0.0,NORMAL,0.1,0.0,100,normal,YES,PASS,0.0,0.0,0.008,0.0,
14:01:38.981,1.0602,1.0062,1.0046,0.0,normal,0.0,normal,0.0,normal,0.0,NORMAL,0.2,0.0,100,normal,YES,PASS,0.0,0.0,0.017,0.0,
14:01:39.143,1.0372,1.0065,1.0009,0.0,normal,0.0,normal,0.0,normal,0.0,NORMAL,0.1,0.0,100,normal,YES,PASS,0.0,0.0,0.011,0.0,
14:01:39.305,1.0142,1.002,1.0052,0.0,normal,0.0,normal,0.0,normal,0.0,NORMAL,0.0,0.0,100,normal,YES,PASS,0.0,0.0,0.004,0.0,
14:01:39.463,1.0389,1.0133,1.0081,0.0,normal,0.0,normal,0.0,normal,0.0,NORMAL,0.1,0.0,100,normal,YES,PASS,0.0,0.0,0.011,0.0,
14:01:39.628,1.0257,1.005,1.0028,0.0,normal,0.0,normal,0.0,normal,0.0,NORMAL,0.1,0.0,100,normal,YES,PASS,0.0,0.0,0.007,0.0,
14:01:39.792,1.0369,1.0108,1.0067,0.0,normal,0.0,normal,0.0,normal,0.0,NORMAL,0.1,0.0,100,normal,YES,PASS,0.0,0.0,0.011,0.0,
14:01:39.981,1.0171,1.0046,1.0018,0.0,normal,0.0,normal,0.0,normal,0.0,NORMAL,0.0,0.0,100,normal,YES,PASS,0.0,0.0,0.005,0.0,
14:01:40.156,1.019,1.0006,1.0102,0.0,normal,0.0,normal,0.0,normal,0.0,NORMAL,0.1,0.0,100,normal,YES,PASS,0.0,0.0,0.005,0.0,
14:01:40.322,1.0365,1.0031,1.0054,0.0,normal,0.0,normal,0.0,normal,0.0,NORMAL,0.1,0.0,100,normal,YES,PASS,0.0,0.0,0.01,0.0,
14:01:40.474,1.0604,1.0064,1.0116,0.0,normal,0.0,normal,0.0,normal,0.0,NORMAL,0.2,0.0,100,normal,YES,PASS,0.0,0.0,0.017,0.0,
14:01:40.639,1.0503,1.0052,1.011,0.0,normal,0.0,normal,0.0,normal,0.0,NORMAL,0.1,0.0,100,normal,YES,PASS,0.0,0.0,0.014,0.0,
14:01:40.804,1.0074,1.0012,1.0098,0.0,normal,0.0,normal,0.0,normal,0.0,NORMAL,0.0,0.0,100,normal,YES,PASS,0.0,0.0,0.002,0.0,
14:01:40.944,1.0205,1.0029,1.0047,0.0,normal,0.0,normal,0.0,normal,0.0,NORMAL,0.1,0.0,100,normal,YES,PASS,0.0,0.0,0.006,0.0,
14:01:41.102,1.0575,1.0073,1.0073,0.0,normal,0.0,normal,0.0,normal,0.0,NORMAL,0.2,0.0,100,normal,YES,PASS,0.0,0.0,0.016,0.0,
14:01:41.264,1.026,1.0061,1.0053,0.0,normal,0.0,normal,0.0,normal,0.0,NORMAL,0.1,0.0,100,normal,YES,PASS,0.0,0.0,0.007,0.0,
14:01:41.418,1.0418,1.0182,1.0048,0.0,normal,0.0,normal,0.0,normal,0.0,NORMAL,0.1,0.0,100,normal,YES,PASS,0.0,0.0,0.012,0.0,
14:01:41.577,1.0449,1.0016,1.0076,0.0,normal,0.0,normal,0.0,normal,0.0,NORMAL,0.1,0.0,100,normal,YES,PASS,0.0,0.0,0.013,0.0,
14:01:41.760,1.0216,1.0079,1.0042,0.0,normal,0.0,normal,0.0,normal,0.0,NORMAL,0.1,0.0,100,normal,YES,PASS,0.0,0.0,0.006,0.0,
14:01:41.925,1.0386,1.0028,1.0091,0.0,normal,0.0,normal,0.0,normal,0.0,NORMAL,0.1,0.0,100,normal,YES,PASS,0.0,0.0,0.011,0.0,
14:01:42.091,1.0475,1.0173,1.0014,0.0,normal,0.0,normal,0.0,normal,0.0,NORMAL,0.1,0.0,100,normal,YES,PASS,0.0,0.0,0.014,0.0,
14:01:42.244,1.0474,1.0143,1.0068,0.0,normal,0.0,normal,0.0,normal,0.0,NORMAL,0.1,0.0,100,normal,YES,PASS,0.0,0.0,0.014,0.0,
14:01:42.408,1.0489,1.0032,1.0043,0.0,normal,0.0,normal,0.0,normal,0.0,NORMAL,0.1,0.0,100,normal,YES,PASS,0.0,0.0,0.014,0.0,
14:01:42.569,1.0207,1.004,1.0013,0.0,normal,0.0,normal,0.0,normal,0.0,NORMAL,0.1,0.0,100,normal,YES,PASS,0.0,0.0,0.006,0.0,
14:01:42.711,1.0387,1.0032,1.0135,0.0,normal,0.0,normal,0.0,normal,0.0,NORMAL,0.1,0.0,100,normal,YES,PASS,0.0,0.0,0.011,0.0,
14:01:42.877,1.0324,1.0006,1.0061,0.0,normal,0.0,normal,0.0,normal,0.0,NORMAL,0.1,0.0,100,normal,YES,PASS,0.0,0.0,0.009,0.0,
14:01:43.033,1.0031,1.0074,1.009,0.0,normal,0.0,normal,0.0,normal,0.0,NORMAL,0.0,0.0,100,normal,YES,PASS,0.0,0.0,0.001,0.0,
14:01:43.198,1.0589,1.0006,1.0083,0.0,normal,0.0,normal,0.0,normal,0.0,NORMAL,0.2,0.0,100,normal,YES,PASS,0.0,0.0,0.017,0.0,
14:01:43.351,1.0015,1.0121,1.0133,0.0,normal,0.0,normal,0.0,normal,0.0,NORMAL,0.0,0.0,100,normal,YES,PASS,0.0,0.0,0.0,0.0,
14:01:43.528,1.01,1.0061,1.0102,0.0,normal,0.0,normal,0.0,normal,0.0,NORMAL,0.0,0.0,100,normal,YES,PASS,0.0,0.0,0.003,0.0,
14:01:43.714,1.0099,1.0035,1.0023,0.0,normal,0.0,normal,0.0,normal,0.0,NORMAL,0.0,0.0,100,normal,YES,PASS,0.0,0.0,0.003,0.0,
14:01:43.886,1.051,1.0088,1.0124,0.0,normal,0.0,normal,0.0,normal,0.0,NORMAL,0.1,0.0,100,normal,YES,PASS,0.0,0.0,0.015,0.0,
14:01:44.033,1.0028,1.0038,1.0093,0.0,normal,0.0,normal,0.0,normal,0.0,NORMAL,0.0,0.0,100,normal,YES,PASS,0.0,0.0,0.001,0.0,
14:01:44.186,1.0284,1.0146,1.001,0.0,normal,0.0,normal,0.0,normal,0.0,NORMAL,0.1,0.0,100,normal,YES,PASS,0.0,0.0,0.008,0.0,
14:01:44.343,1.037,1.0092,1.0016,0.0,normal,0.0,normal,0.0,normal,0.0,NORMAL,0.1,0.0,100,normal,YES,PASS,0.0,0.0,0.011,0.0,
14:01:44.509,1.0051,1.0105,1.0039,0.0,normal,0.0,normal,0.0,normal,0.0,NORMAL,0.0,0.0,100,normal,YES,PASS,0.0,0.0,0.001,0.0,
14:01:44.678,1.0213,1.0007,1.0122,0.0,normal,0.0,normal,0.0,normal,0.0,NORMAL,0.1,0.0,100,normal,YES,PASS,0.0,0.0,0.006,0.0,
14:01:44.846,1.0633,1.0002,1.0119,0.0,normal,0.0,normal,0.0,normal,0.0,NORMAL,0.2,0.0,100,normal,YES,PASS,0.0,0.0,0.018,0.0,
14:01:45.016,1.0119,1.011,1.0008,0.0,normal,0.0,normal,0.0,normal,0.0,NORMAL,0.0,0.0,100,normal,YES,PASS,0.0,0.0,0.003,0.0,
14:01:45.190,1.0712,1.0068,1.0124,0.0,normal,0.0,normal,0.0,normal,0.0,NORMAL,0.2,0.0,100,normal,YES,PASS,0.0,0.0,0.02,0.0,
14:01:45.366,1.0421,1.0017,1.0011,0.0,normal,0.0,normal,0.0,normal,0.0,NORMAL,0.1,0.0,100,normal,YES,PASS,0.0,0.0,0.012,0.0,
14:01:45.526,1.0063,1.0029,1.0042,0.0,normal,0.0,normal,0.0,normal,0.0,NORMAL,0.0,0.0,100,normal,YES,PASS,0.0,0.0,0.002,0.0,
14:01:45.681,1.0059,1.0007,1.0058,0.0,normal,0.0,normal,0.0,normal,0.0,NORMAL,0.0,0.0,100,normal,YES,PASS,0.0,0.0,0.002,0.0,
14:01:45.829,1.0174,1.0008,1.0042,0.0,normal,0.0,normal,0.0,normal,0.0,NORMAL,0.0,0.0,100,normal,YES,PASS,0.0,0.0,0.005,0.0,
14:01:45.990,1.0142,1.008,1.0061,0.0,normal,0.0,normal,0.0,normal,0.0,NORMAL,0.0,0.0,100,normal,YES,PASS,0.0,0.0,0.004,0.0,
14:01:46.152,1.0265,1.0011,1.0009,0.0,normal,0.0,normal,0.0,normal,0.0,NORMAL,0.1,0.0,100,normal,YES,PASS,0.0,0.0,0.008,0.0,
14:01:46.311,1.0256,1.01,1.0099,0.0,normal,0.0,normal,0.0,normal,0.0,NORMAL,0.1,0.0,100,normal,YES,PASS,0.0,0.0,0.007,0.0,
14:01:46.480,1.015,1.0074,1.0085,0.0,normal,0.0,normal,0.0,normal,0.0,NORMAL,0.0,0.0,100,normal,YES,PASS,0.0,0.0,0.004,0.0,
14:01:46.652,1.0248,1.0122,1.0009,0.0,normal,0.0,normal,0.0,normal,0.0,NORMAL,0.1,0.0,100,normal,YES,PASS,0.0,0.0,0.007,0.0,
14:01:46.838,1.0374,1.0087,1.0004,0.0,normal,0.0,normal,0.0,normal,0.0,NORMAL,0.1,0.0,100,normal,YES,PASS,0.0,0.0,0.011,0.0,
14:01:46.999,1.0406,1.0115,1.0041,0.0,normal,0.0,normal,0.0,normal,0.0,NORMAL,0.1,0.0,100,normal,YES,PASS,0.0,0.0,0.012,0.0,
14:01:47.147,1.0142,1.0126,1.0069,0.0,normal,0.0,normal,0.0,normal,0.0,NORMAL,0.0,0.0,100,normal,YES,PASS,0.0,0.0,0.004,0.0,
14:01:47.319,1.0532,1.0105,1.0046,0.0,normal,0.0,normal,0.0,normal,0.0,NORMAL,0.2,0.0,100,normal,YES,PASS,0.0,0.0,0.015,0.0,
14:01:47.473,1.0255,1.012,1.0166,0.0,normal,0.0,normal,0.0,normal,0.0,NORMAL,0.1,0.0,100,normal,YES,PASS,0.0,0.0,0.007,0.0,
14:01:47.639,1.0155,1.0051,1.0018,0.0,normal,0.0,normal,0.0,normal,0.0,NORMAL,0.0,0.0,100,normal,YES,PASS,0.0,0.0,0.004,0.0,
14:01:47.802,1.0229,1.0007,1.0001,0.0,normal,0.0,normal,0.0,normal,0.0,NORMAL,0.1,0.0,100,normal,YES,PASS,0.0,0.0,0.007,0.0,
14:01:47.958,1.0297,1.0049,1.0045,0.0,normal,0.0,normal,0.0,normal,0.0,NORMAL,0.1,0.0,100,normal,YES,PASS,0.0,0.0,0.008,0.0,
14:01:48.123,1.0342,1.01,1.0081,0.0,normal,0.0,normal,0.0,normal,0.0,NORMAL,0.1,0.0,100,normal,YES,PASS,0.0,0.0,0.01,0.0,
14:01:48.281,1.027,1.0075,1.0084,0.0,normal,0.0,normal,0.0,normal,0.0,NORMAL,0.1,0.0,100,normal,YES,PASS,0.0,0.0,0.008,0.0,
14:01:48.446,1.0696,1.0072,1.013,0.0,normal,0.0,normal,0.0,normal,0.0,NORMAL,0.2,0.0,100,normal,YES,PASS,0.0,0.0,0.02,0.0,
14:01:48.607,1.0356,1.0078,1.005,0.0,normal,0.0,normal,0.0,normal,0.0,NORMAL,0.1,0.0,100,normal,YES,PASS,0.0,0.0,0.01,0.0,
14:01:48.786,1.0057,1.0104,1.0047,0.0,normal,0.0,normal,0.0,normal,0.0,NORMAL,0.0,0.0,100,normal,YES,PASS,0.0,0.0,0.002,0.0,
14:01:48.967,1.0266,1.0076,1.0001,0.0,normal,0.0,normal,0.0,normal,0.0,NORMAL,0.1,0.0,100,normal,YES,PASS,0.0,0.0,0.008,0.0,
14:01:49.119,1.0155,1.0082,1.0032,0.0,normal,0.0,normal,0.0,normal,0.0,NORMAL,0.0,0.0,100,normal,YES,PASS,0.0,0.0,0.004,0.0,
14:01:49.283,1.0549,1.0125,1.0127,0.0,normal,0.0,normal,0.0,normal,0.0,NORMAL,0.2,0.0,100,normal,YES,PASS,0.0,0.0,0.016,0.0,
14:01:49.456,1.0137,1.0067,1.0111,0.0,normal,0.0,normal,0.0,normal,0.0,NORMAL,0.0,0.0,100,normal,YES,PASS,0.0,0.0,0.004,0.0,
14:01:49.617,1.0256,1.0109,1.008,0.0,normal,0.0,normal,0.0,normal,0.0,NORMAL,0.1,0.0,100,normal,YES,PASS,0.0,0.0,0.007,0.0,
14:01:49.776,1.0464,1.0107,1.0002,0.0,normal,0.0,normal,0.0,normal,0.0,NORMAL,0.1,0.0,100,normal,YES,PASS,0.0,0.0,0.013,0.0,
14:01:49.930,1.036,1.0101,1.0079,0.0,normal,0.0,normal,0.0,normal,0.0,NORMAL,0.1,0.0,100,normal,YES,PASS,0.0,0.0,0.01,0.0,
14:01:50.105,1.0512,1.0111,1.0012,0.0,normal,0.0,normal,0.0,normal,0.0,NORMAL,0.1,0.0,100,normal,YES,PASS,0.0,0.0,0.015,0.0,
14:01:50.266,1.0536,1.0076,1.0029,0.0,normal,0.0,normal,0.0,normal,0.0,NORMAL,0.2,0.0,100,normal,YES,PASS,0.0,0.0,0.015,0.0,
14:01:50.435,1.0498,1.0096,1.0042,0.0,normal,0.0,normal,0.0,normal,0.0,NORMAL,0.1,0.0,100,normal,YES,PASS,0.0,0.0,0.014,0.0,
14:01:50.599,1.008,1.0089,1.0044,0.0,normal,0.0,normal,0.0,normal,0.0,NORMAL,0.0,0.0,100,normal,YES,PASS,0.0,0.0,0.002,0.0,
14:01:50.780,1.0203,1.0063,1.0153,0.0,normal,0.0,normal,0.0,normal,0.0,NORMAL,0.1,0.0,100,normal,YES,PASS,0.0,0.0,0.006,0.0,
14:01:50.948,1.0365,1.0031,1.0014,0.0,normal,0.0,normal,0.0,normal,0.0,NORMAL,0.1,0.0,100,normal,YES,PASS,0.0,0.0,0.01,0.0,
14:01:51.097,1.0063,1.003,1.0045,0.0,normal,0.0,normal,0.0,normal,0.0,NORMAL,0.0,0.0,100,normal,YES,PASS,0.0,0.0,0.002,0.0,
14:01:51.249,1.0323,1.0045,1.0066,0.0,normal,0.0,normal,0.0,normal,0.0,NORMAL,0.1,0.0,100,normal,YES,PASS,0.0,0.0,0.009,0.0,
14:01:51.397,1.0103,1.0066,1.0093,0.0,normal,0.0,normal,0.0,normal,0.0,NORMAL,0.0,0.0,100,normal,YES,PASS,0.0,0.0,0.003,0.0,
14:01:51.555,1.0102,1.0032,1.005,0.0,normal,0.0,normal,0.0,normal,0.0,NORMAL,0.0,0.0,100,normal,YES,PASS,0.0,0.0,0.003,0.0,
14:01:51.738,1.0294,1.0009,1.0037,0.0,normal,0.0,normal,0.0,normal,0.0,NORMAL,0.1,0.0,100,normal,YES,PASS,0.0,0.0,0.008,0.0,
14:01:51.902,1.0189,1.0074,1.0054,0.0,normal,0.0,normal,0.0,normal,0.0,NORMAL,0.1,0.0,100,normal,YES,PASS,0.0,0.0,0.005,0.0,
14:01:52.069,1.036,1.0094,1.0075,0.0,normal,0.0,normal,0.0,normal,0.0,NORMAL,0.1,0.0,100,normal,YES,PASS,0.0,0.0,0.01,0.0,
14:01:52.228,1.0742,1.0142,1.008,0.0,normal,0.0,normal,0.0,normal,0.0,NORMAL,0.2,0.0,100,normal,YES,PASS,0.0,0.0,0.021,0.0,
14:01:52.418,1.0441,1.0071,1.0167,0.0,normal,0.0,normal,0.0,normal,0.0,NORMAL,0.1,0.0,100,normal,YES,PASS,0.0,0.0,0.013,0.0,
14:01:52.581,1.0266,1.0025,1.0037,0.0,normal,0.0,normal,0.0,normal,0.0,NORMAL,0.1,0.0,100,normal,YES,PASS,0.0,0.0,0.008,0.0,
14:01:52.756,1.038,1.0089,1.0067,0.0,normal,0.0,normal,0.0,normal,0.0,NORMAL,0.1,0.0,100,normal,YES,PASS,0.0,0.0,0.011,0.0,
14:01:52.918,1.051,1.0016,1.0065,0.0,normal,0.0,normal,0.0,normal,0.0,NORMAL,0.1,0.0,100,normal,YES,PASS,0.0,0.0,0.015,0.0,
14:01:53.080,1.043,1.0126,1.0015,0.0,normal,0.0,normal,0.0,normal,0.0,NORMAL,0.1,0.0,100,normal,YES,PASS,0.0,0.0,0.012,0.0,
14:01:53.239,1.0005,1.0074,1.0088,0.0,normal,0.0,normal,0.0,normal,0.0,NORMAL,0.0,0.0,100,normal,YES,PASS,0.0,0.0,0.0,0.0,
14:01:53.390,1.0412,1.0052,1.0054,0.0,normal,0.0,normal,0.0,normal,0.0,NORMAL,0.1,0.0,100,normal,YES,PASS,0.0,0.0,0.012,0.0,
14:01:53.550,1.0041,1.0026,1.0085,0.0,normal,0.0,normal,0.0,normal,0.0,NORMAL,0.0,0.0,100,normal,YES,PASS,0.0,0.0,0.001,0.0,
14:01:53.707,1.0322,1.0067,1.0102,0.0,normal,0.0,normal,0.0,normal,0.0,NORMAL,0.1,0.0,100,normal,YES,PASS,0.0,0.0,0.009,0.0,
14:01:53.896,1.0163,1.0102,1.0031,0.0,normal,0.0,normal,0.0,normal,0.0,NORMAL,0.0,0.0,100,normal,YES,PASS,0.0,0.0,0.005,0.0,
14:01:54.061,1.03,1.0041,1.0152,0.0,normal,0.0,normal,0.0,normal,0.0,NORMAL,0.1,0.0,100,normal,YES,PASS,0.0,0.0,0.009,0.0,
14:01:54.256,1.0712,1.0059,1.0128,0.0,normal,0.0,normal,0.0,normal,0.0,NORMAL,0.2,0.0,100,normal,YES,PASS,0.0,0.0,0.02,0.0,
14:01:54.429,1.0661,1.0025,1.0022,0.0,normal,0.0,normal,0.0,normal,0.0,NORMAL,0.2,0.0,100,normal,YES,PASS,0.0,0.0,0.019,0.0,
14:01:54.606,1.0412,1.0111,1.0124,0.0,normal,0.0,normal,0.0,normal,0.0,NORMAL,0.1,0.0,100,normal,YES,PASS,0.0,0.0,0.012,0.0,
14:01:54.785,1.0243,1.0098,1.0075,0.0,normal,0.0,normal,0.0,normal,0.0,NORMAL,0.1,0.0,100,normal,YES,PASS,0.0,0.0,0.007,0.0,
14:01:54.952,1.0391,1.0083,1.0014,0.0,normal,0.0,normal,0.0,normal,0.0,NORMAL,0.1,0.0,100,normal,YES,PASS,0.0,0.0,0.011,0.0,
14:01:55.119,1.0549,1.0052,1.0038,0.0,normal,0.0,normal,0.0,normal,0.0,NORMAL,0.2,0.0,100,normal,YES,PASS,0.0,0.0,0.016,0.0,
14:01:55.285,1.0454,1.0108,1.0089,0.0,normal,0.0,normal,0.0,normal,0.0,NORMAL,0.1,0.0,100,normal,YES,PASS,0.0,0.0,0.013,0.0,
14:01:55.471,1.0536,1.0063,1.0008,0.0,normal,0.0,normal,0.0,normal,0.0,NORMAL,0.2,0.0,100,normal,YES,PASS,0.0,0.0,0.015,0.0,
14:01:55.661,1.0289,1.0036,1.0023,0.0,normal,0.0,normal,0.0,normal,0.0,NORMAL,0.1,0.0,100,normal,YES,PASS,0.0,0.0,0.008,0.0,
14:01:55.837,1.0377,1.0086,1.0074,0.0,normal,0.0,normal,0.0,normal,0.0,NORMAL,0.1,0.0,100,normal,YES,PASS,0.0,0.0,0.011,0.0,
14:01:55.992,1.0375,1.0072,1.0036,0.0,normal,0.0,normal,0.0,normal,0.0,NORMAL,0.1,0.0,100,normal,YES,PASS,0.0,0.0,0.011,0.0,
14:01:56.135,1.0025,1.0046,1.0013,0.0,normal,0.0,normal,0.0,normal,0.0,NORMAL,0.0,0.0,100,normal,YES,PASS,0.0,0.0,0.001,0.0,
14:01:56.294,1.0175,1.0005,1.0157,0.0,normal,0.0,normal,0.0,normal,0.0,NORMAL,0.0,0.0,100,normal,YES,PASS,0.0,0.0,0.005,0.0,
14:01:56.448,1.0148,1.0062,1.0136,0.0,normal,0.0,normal,0.0,normal,0.0,NORMAL,0.0,0.0,100,normal,YES,PASS,0.0,0.0,0.004,0.0,
14:01:56.614,1.0461,1.0048,1.0015,0.0,normal,0.0,normal,0.0,normal,0.0,NORMAL,0.1,0.0,100,normal,YES,PASS,0.0,0.0,0.013,0.0,
14:01:56.776,1.0214,1.0145,1.0008,0.0,normal,0.0,normal,0.0,normal,0.0,NORMAL,0.1,0.0,100,normal,YES,PASS,0.0,0.0,0.006,0.0,
14:01:56.940,1.012,1.0005,1.0112,0.0,normal,0.0,normal,0.0,normal,0.0,NORMAL,0.0,0.0,100,normal,YES,PASS,0.0,0.0,0.003,0.0,
14:01:57.102,1.0303,1.0008,1.0009,0.0,normal,0.0,normal,0.0,normal,0.0,NORMAL,0.1,0.0,100,normal,YES,PASS,0.0,0.0,0.009,0.0,
14:01:57.272,1.0094,1.0026,1.0053,0.0,normal,0.0,normal,0.0,normal,0.0,NORMAL,0.0,0.0,100,normal,YES,PASS,0.0,0.0,0.003,0.0,
14:01:57.435,1.0139,1.012,1.0106,0.0,normal,0.0,normal,0.0,normal,0.0,NORMAL,0.0,0.0,100,normal,YES,PASS,0.0,0.0,0.004,0.0,
14:01:57.585,1.0123,1.0127,1.0076,0.0,normal,0.0,normal,0.0,normal,0.0,NORMAL,0.0,0.0,100,normal,YES,PASS,0.0,0.0,0.004,0.0,
14:01:57.739,1.0111,1.0005,1.0089,0.0,normal,0.0,normal,0.0,normal,0.0,NORMAL,0.0,0.0,100,normal,YES,PASS,0.0,0.0,0.003,0.0,
14:01:57.916,1.0244,1.005,1.004,0.0,normal,0.0,normal,0.0,normal,0.0,NORMAL,0.1,0.0,100,normal,YES,PASS,0.0,0.0,0.007,0.0,
14:01:58.076,1.0309,1.0101,1.004,0.0,normal,0.0,normal,0.0,normal,0.0,NORMAL,0.1,0.0,100,normal,YES,PASS,0.0,0.0,0.009,0.0,
14:01:58.247,1.0682,1.0109,1.0079,0.0,normal,0.0,normal,0.0,normal,0.0,NORMAL,0.2,0.0,100,normal,YES,PASS,0.0,0.0,0.019,0.0,
14:01:58.412,1.0323,1.0108,1.0097,0.0,normal,0.0,normal,0.0,normal,0.0,NORMAL,0.1,0.0,100,normal,YES,PASS,0.0,0.0,0.009,0.0,
14:01:58.577,1.0659,1.0131,1.0067,0.0,normal,0.0,normal,0.0,normal,0.0,NORMAL,0.2,0.0,100,normal,YES,PASS,0.0,0.0,0.019,0.0,
14:01:58.744,1.0186,1.0098,1.0051,0.0,normal,0.0,normal,0.0,normal,0.0,NORMAL,0.1,0.0,100,normal,YES,PASS,0.0,0.0,0.005,0.0,
14:01:58.897,1.0442,1.0014,1.0075,0.0,normal,0.0,normal,0.0,normal,0.0,NORMAL,0.1,0.0,100,normal,YES,PASS,0.0,0.0,0.013,0.0,
14:01:59.069,1.0418,1.0119,1.0021,0.0,normal,0.0,normal,0.0,normal,0.0,NORMAL,0.1,0.0,100,normal,YES,PASS,0.0,0.0,0.012,0.0,
14:01:59.231,1.0629,1.0135,1.0043,0.0,normal,0.0,normal,0.0,normal,0.0,NORMAL,0.2,0.0,100,normal,YES,PASS,0.0,0.0,0.018,0.0,
14:01:59.387,1.0282,1.0027,1.0112,0.0,normal,0.0,normal,0.0,normal,0.0,NORMAL,0.1,0.0,100,normal,YES,PASS,0.0,0.0,0.008,0.0,
14:01:59.555,1.0608,1.0043,1.0007,0.0,normal,0.0,normal,0.0,normal,0.0,NORMAL,0.2,0.0,100,normal,YES,PASS,0.0,0.0,0.017,0.0,
14:01:59.716,1.0487,1.0028,1.0017,0.0,normal,0.0,normal,0.0,normal,0.0,NORMAL,0.1,0.0,100,normal,YES,PASS,0.0,0.0,0.014,0.0,
14:01:59.884,1.0084,1.0077,1.0017,0.0,normal,0.0,normal,0.0,normal,0.0,NORMAL,0.0,0.0,100,normal,YES,PASS,0.0,0.0,0.002,0.0,
14:02:00.050,1.0185,1.0022,1.0007,0.0,normal,0.0,normal,0.0,normal,0.0,NORMAL,0.1,0.0,100,normal,YES,PASS,0.0,0.0,0.005,0.0,
14:02:00.220,1.0048,1.0035,1.0037,0.0,normal,0.0,normal,0.0,normal,0.0,NORMAL,0.0,0.0,100,normal,YES,PASS,0.0,0.0,0.001,0.0,
14:02:00.380,1.0305,1.0024,1.006,0.0,normal,0.0,normal,0.0,normal,0.0,NORMAL,0.1,0.0,100,normal,YES,PASS,0.0,0.0,0.009,0.0,
14:02:00.545,1.0315,1.0122,1.0037,0.0,normal,0.0,normal,0.0,normal,0.0,NORMAL,0.1,0.0,100,normal,YES,PASS,0.0,0.0,0.009,0.0,
14:02:00.706,1.0208,1.0109,1.0017,0.0,normal,0.0,normal,0.0,normal,0.0,NORMAL,0.1,0.0,100,normal,YES,PASS,0.0,0.0,0.006,0.0,
14:02:00.867,1.0144,1.0008,1.0046,0.0,normal,0.0,normal,0.0,normal,0.0,NORMAL,0.0,0.0,100,normal,YES,PASS,0.0,0.0,0.004,0.0,
14:02:01.024,1.0014,1.0119,1.0096,0.0,normal,0.0,normal,0.0,normal,0.0,NORMAL,0.0,0.0,100,normal,YES,PASS,0.0,0.0,0.0,0.0,
14:02:01.183,1.0512,1.0019,1.0027,0.0,normal,0.0,normal,0.0,normal,0.0,NORMAL,0.1,0.0,100,normal,YES,PASS,0.0,0.0,0.015,0.0,
14:02:01.350,1.0269,1.0137,1.0066,0.0,normal,0.0,normal,0.0,normal,0.0,NORMAL,0.1,0.0,100,normal,YES,PASS,0.0,0.0,0.008,0.0,
14:02:01.514,1.0053,1.0048,1.0016,0.0,normal,0.0,normal,0.0,normal,0.0,NORMAL,0.0,0.0,100,normal,YES,PASS,0.0,0.0,0.002,0.0,
14:02:01.696,1.0106,1.0078,1.0082,0.0,normal,0.0,normal,0.0,normal,0.0,NORMAL,0.0,0.0,100,normal,YES,PASS,0.0,0.0,0.003,0.0,
14:02:01.865,1.0042,1.0125,1.0098,0.0,normal,0.0,normal,0.0,normal,0.0,NORMAL,0.0,0.0,100,normal,YES,PASS,0.0,0.0,0.001,0.0,
14:02:02.010,1.0196,1.0004,1.0021,0.0,normal,0.0,normal,0.0,normal,0.0,NORMAL,0.1,0.0,100,normal,YES,PASS,0.0,0.0,0.006,0.0,
14:02:02.162,1.025,1.0114,1.011,0.0,normal,0.0,normal,0.0,normal,0.0,NORMAL,0.1,0.0,100,normal,YES,PASS,0.0,0.0,0.007,0.0,
14:02:02.318,1.0141,1.0,1.0009,0.0,normal,0.0,normal,0.0,normal,0.0,NORMAL,0.0,0.0,100,normal,YES,PASS,0.0,0.0,0.004,0.0,
14:02:02.481,1.0134,1.0076,1.0112,0.0,normal,0.0,normal,0.0,normal,0.0,NORMAL,0.0,0.0,100,normal,YES,PASS,0.0,0.0,0.004,0.0,
14:02:02.653,1.0261,1.0009,1.0147,0.0,normal,0.0,normal,0.0,normal,0.0,NORMAL,0.1,0.0,100,normal,YES,PASS,0.0,0.0,0.007,0.0,
14:02:02.824,1.0376,1.011,1.0059,0.0,normal,0.0,normal,0.0,normal,0.0,NORMAL,0.1,0.0,100,normal,YES,PASS,0.0,0.0,0.011,0.0,
14:02:02.997,1.0337,1.0053,1.0021,0.0,normal,0.0,normal,0.0,normal,0.0,NORMAL,0.1,0.0,100,normal,YES,PASS,0.0,0.0,0.01,0.0,
14:02:03.184,1.0118,1.0024,1.0104,0.0,normal,0.0,normal,0.0,normal,0.0,NORMAL,0.0,0.0,100,normal,YES,PASS,0.0,0.0,0.003,0.0,
14:02:03.344,1.0598,1.0083,1.0038,0.0,normal,0.0,normal,0.0,normal,0.0,NORMAL,0.2,0.0,100,normal,YES,PASS,0.0,0.0,0.017,0.0,
14:02:03.491,1.0262,1.0096,1.0006,0.0,normal,0.0,normal,0.0,normal,0.0,NORMAL,0.1,0.0,100,normal,YES,PASS,0.0,0.0,0.007,0.0,
14:02:03.634,1.029,1.0101,1.0031,0.0,normal,0.0,normal,0.0,normal,0.0,NORMAL,0.1,0.0,100,normal,YES,PASS,0.0,0.0,0.008,0.0,
14:02:03.797,1.0279,1.0007,1.0056,0.0,normal,0.0,normal,0.0,normal,0.0,NORMAL,0.1,0.0,100,normal,YES,PASS,0.0,0.0,0.008,0.0,
14:02:03.962,1.0561,1.0153,1.0098,0.0,normal,0.0,normal,0.0,normal,0.0,NORMAL,0.2,0.0,100,normal,YES,PASS,0.0,0.0,0.016,0.0,
14:02:04.125,1.0155,1.0066,1.0056,0.0,normal,0.0,normal,0.0,normal,0.0,NORMAL,0.0,0.0,100,normal,YES,PASS,0.0,0.0,0.004,0.0,
14:02:04.283,1.023,1.0004,1.0134,0.0,normal,0.0,normal,0.0,normal,0.0,NORMAL,0.1,0.0,100,normal,YES,PASS,0.0,0.0,0.007,0.0,
14:02:04.459,1.0209,1.0106,1.0057,0.0,normal,0.0,normal,0.0,normal,0.0,NORMAL,0.1,0.0,100,normal,YES,PASS,0.0,0.0,0.006,0.0,
14:02:04.627,1.0222,1.0038,1.0032,0.0,normal,0.0,normal,0.0,normal,0.0,NORMAL,0.1,0.0,100,normal,YES,PASS,0.0,0.0,0.006,0.0,
14:02:04.806,1.0154,1.0098,1.0086,0.0,normal,0.0,normal,0.0,normal,0.0,NORMAL,0.0,0.0,100,normal,YES,PASS,0.0,0.0,0.004,0.0,
14:02:04.965,1.0002,1.0011,1.0064,0.0,normal,0.0,normal,0.0,normal,0.0,NORMAL,0.0,0.0,100,normal,YES,PASS,0.0,0.0,0.0,0.0,
14:02:05.129,1.0341,1.0111,1.0133,0.0,normal,0.0,normal,0.0,normal,0.0,NORMAL,0.1,0.0,100,normal,YES,PASS,0.0,0.0,0.01,0.0,
14:02:05.278,1.0274,1.0001,1.0078,0.0,normal,0.0,normal,0.0,normal,0.0,NORMAL,0.1,0.0,100,normal,YES,PASS,0.0,0.0,0.008,0.0,
14:02:05.430,1.0224,1.0113,1.0023,0.0,normal,0.0,normal,0.0,normal,0.0,NORMAL,0.1,0.0,100,normal,YES,PASS,0.0,0.0,0.006,0.0,
14:02:05.597,1.0097,1.0016,1.0003,0.0,normal,0.0,normal,0.0,normal,0.0,NORMAL,0.0,0.0,100,normal,YES,PASS,0.0,0.0,0.003,0.0,
14:02:05.765,1.0004,1.0039,1.0013,0.0,normal,0.0,speed_hump,0.5042,normal,0.0,NORMAL,17.6,0.0,100,speed_hump,YES,PASS,0.0,0.0,0.0,0.504,
14:02:05.959,1.0364,1.0045,1.0066,0.0,normal,0.0,speed_hump,0.511,normal,0.0,NORMAL,18.0,0.0,100,speed_hump,YES,PASS,0.0,0.0,0.01,0.511,
14:02:06.141,1.0111,1.001,1.0104,0.0,normal,0.0,speed_hump,0.5177,normal,0.0,NORMAL,18.2,0.0,100,speed_hump,YES,PASS,0.0,0.0,0.003,0.518,
14:02:06.300,1.0025,1.0003,1.0044,0.0,normal,0.0,speed_hump,0.5178,normal,0.0,NORMAL,18.1,0.0,100,speed_hump,YES,PASS,0.0,0.0,0.001,0.518,
14:02:06.466,1.0169,1.0105,1.0075,0.0,normal,0.0,speed_hump,0.5152,normal,0.0,NORMAL,18.1,0.0,100,speed_hump,YES,PASS,0.0,0.0,0.005,0.515,
14:02:06.632,1.0301,1.0129,1.0067,0.0,normal,0.0,speed_hump,0.5177,normal,0.0,NORMAL,18.2,0.0,100,speed_hump,YES,PASS,0.0,0.0,0.009,0.518,
14:02:06.802,1.0135,1.012,1.0117,0.0,normal,0.0,speed_hump,0.5186,normal,0.0,NORMAL,18.2,0.0,100,speed_hump,YES,PASS,0.0,0.0,0.004,0.519,
14:02:06.977,1.0261,1.0018,1.0023,0.0,normal,0.0,speed_hump,0.5176,normal,0.0,NORMAL,18.2,0.0,100,speed_hump,YES,PASS,0.0,0.0,0.007,0.518,
14:02:07.158,1.0298,1.0052,1.0092,0.0,normal,0.0,speed_hump,0.5211,normal,0.0,NORMAL,18.3,0.0,100,speed_hump,YES,PASS,0.0,0.0,0.009,0.521,
14:02:07.341,1.0551,1.0011,1.0051,0.0,normal,0.0,speed_hump,0.5217,normal,0.0,NORMAL,18.4,0.0,100,speed_hump,YES,PASS,0.0,0.0,0.016,0.522,
14:02:07.531,1.044,1.0008,1.009,0.0,normal,0.0,speed_hump,0.5108,normal,0.0,NORMAL,18.0,0.0,100,speed_hump,YES,PASS,0.0,0.0,0.013,0.511,
14:02:07.712,1.0428,1.0084,1.0045,0.0,normal,0.0,speed_hump,0.5108,normal,0.0,NORMAL,18.0,0.0,100,speed_hump,YES,PASS,0.0,0.0,0.012,0.511,
14:02:07.886,1.0393,1.0065,1.0031,0.0,normal,0.0,speed_hump,0.5067,normal,0.0,NORMAL,17.8,0.0,100,speed_hump,YES,PASS,0.0,0.0,0.011,0.507,
14:02:08.064,1.0334,1.0079,1.0142,0.0,normal,0.0,speed_hump,0.5084,normal,0.0,NORMAL,17.9,0.0,100,speed_hump,YES,PASS,0.0,0.0,0.01,0.508,
14:02:08.234,1.0147,1.0065,1.0123,0.0,normal,0.0,speed_hump,0.5084,normal,0.0,NORMAL,17.8,0.0,100,speed_hump,YES,PASS,0.0,0.0,0.004,0.508,
14:02:08.401,1.0096,1.0036,1.0118,0.0,normal,0.0,speed_hump,0.5084,normal,0.0,NORMAL,17.8,0.0,100,speed_hump,YES,PASS,0.0,0.0,0.003,0.508,
14:02:08.567,1.0389,1.0046,1.0008,0.0,normal,0.0,speed_hump,0.5084,normal,0.0,NORMAL,17.9,0.0,100,speed_hump,YES,PASS,0.0,0.0,0.011,0.508,
14:02:08.745,1.0628,1.0114,1.0111,0.0,normal,0.0,speed_hump,0.5084,normal,0.0,NORMAL,18.0,0.0,100,speed_hump,YES,PASS,0.0,0.0,0.018,0.508,
14:02:08.899,1.0008,1.007,1.0073,0.0,normal,0.0,speed_hump,0.5084,normal,0.0,NORMAL,17.8,0.0,100,speed_hump,YES,PASS,0.0,0.0,0.0,0.508,
14:02:09.065,1.008,1.0049,1.0036,0.0,normal,0.0,speed_hump,0.5084,normal,0.0,NORMAL,17.8,0.0,100,speed_hump,YES,PASS,0.0,0.0,0.002,0.508,
14:02:09.229,1.0275,1.0057,1.0007,0.0,normal,0.0,speed_hump,0.5084,normal,0.0,NORMAL,17.9,0.0,100,speed_hump,YES,PASS,0.0,0.0,0.008,0.508,
14:02:09.424,1.0379,1.0074,1.0007,0.0,normal,0.0,speed_hump,0.5084,normal,0.0,NORMAL,17.9,0.0,100,speed_hump,YES,PASS,0.0,0.0,0.011,0.508,
14:02:09.592,1.0594,1.0082,1.011,0.0,normal,0.0,normal,0.0,normal,0.0,NORMAL,0.2,0.0,100,normal,YES,PASS,0.0,0.0,0.017,0.0,
14:02:09.747,1.0531,1.013,1.0085,0.0,normal,0.0,normal,0.0,normal,0.0,NORMAL,0.2,0.0,100,normal,YES,PASS,0.0,0.0,0.015,0.0,
14:02:09.917,1.0002,1.0043,1.0058,0.0,normal,0.0,normal,0.0,normal,0.0,NORMAL,0.0,0.0,100,normal,YES,PASS,0.0,0.0,0.0,0.0,
14:02:10.081,1.0072,1.0064,1.0169,0.0,normal,0.0,normal,0.0,normal,0.0,NORMAL,0.0,0.0,100,normal,YES,PASS,0.0,0.0,0.002,0.0,
14:02:10.251,1.0134,1.0018,1.0057,0.0,normal,0.0,normal,0.0,normal,0.0,NORMAL,0.0,0.0,100,normal,YES,PASS,0.0,0.0,0.004,0.0,
14:02:10.412,1.0465,1.0039,1.0051,0.0,normal,0.0,speed_hump,0.5014,normal,0.0,NORMAL,17.7,0.0,100,speed_hump,YES,PASS,0.0,0.0,0.013,0.501,
14:02:10.589,1.0471,1.0106,1.0027,0.0,normal,0.0,speed_hump,0.5011,normal,0.0,NORMAL,17.7,0.0,100,speed_hump,YES,PASS,0.0,0.0,0.013,0.501,
14:02:10.786,1.0561,1.0069,1.009,0.0,normal,0.0,speed_hump,0.5211,normal,0.0,NORMAL,18.4,0.0,100,speed_hump,YES,PASS,0.0,0.0,0.016,0.521,
14:02:10.941,1.0186,1.0032,1.0015,0.0,normal,0.0,speed_hump,0.5131,normal,0.0,NORMAL,18.0,0.0,100,speed_hump,YES,PASS,0.0,0.0,0.005,0.513,
14:02:11.107,1.0413,1.0016,1.0042,0.0,normal,0.0,speed_hump,0.5131,normal,0.0,NORMAL,18.1,0.0,100,speed_hump,YES,PASS,0.0,0.0,0.012,0.513,
14:02:11.274,1.0428,1.0024,1.006,0.0,normal,0.0,speed_hump,0.5171,normal,0.0,NORMAL,18.2,0.0,100,speed_hump,YES,PASS,0.0,0.0,0.012,0.517,
14:02:11.447,1.0023,1.0105,1.0058,0.0,normal,0.0,speed_hump,0.5068,normal,0.0,NORMAL,17.7,0.0,100,speed_hump,YES,PASS,0.0,0.0,0.001,0.507,
14:02:11.610,1.0136,1.0149,1.0035,0.0,normal,0.0,speed_hump,0.5068,normal,0.0,NORMAL,17.8,0.0,100,speed_hump,YES,PASS,0.0,0.0,0.004,0.507,
14:02:11.780,1.0495,1.0005,1.0103,0.0,normal,0.0,speed_hump,0.5068,normal,0.0,NORMAL,17.9,0.0,100,speed_hump,YES,PASS,0.0,0.0,0.014,0.507,
14:02:11.949,1.0265,1.0108,1.0056,0.0,normal,0.0,speed_hump,0.5068,normal,0.0,NORMAL,17.8,0.0,100,speed_hump,YES,PASS,0.0,0.0,0.008,0.507,
14:02:12.121,1.0146,1.0011,1.0034,0.0,normal,0.0,speed_hump,0.5068,normal,0.0,NORMAL,17.8,0.0,100,speed_hump,YES,PASS,0.0,0.0,0.004,0.507,
14:02:12.292,1.0195,1.0078,1.0012,0.0,normal,0.0,speed_hump,0.5068,normal,0.0,NORMAL,17.8,0.0,100,speed_hump,YES,PASS,0.0,0.0,0.006,0.507,
14:02:12.456,1.01,1.0069,1.0033,0.0,normal,0.0,speed_hump,0.5068,normal,0.0,NORMAL,17.8,0.0,100,speed_hump,YES,PASS,0.0,0.0,0.003,0.507,
14:02:12.625,1.0799,1.0075,1.0147,0.0,normal,0.0,speed_hump,0.5068,normal,0.0,NORMAL,18.0,0.0,100,speed_hump,YES,PASS,0.0,0.0,0.023,0.507,
14:02:12.802,1.0348,1.0046,1.0094,0.0,normal,0.0,speed_hump,0.5068,normal,0.0,NORMAL,17.8,0.0,100,speed_hump,YES,PASS,0.0,0.0,0.01,0.507,
14:02:13.009,1.0171,1.0023,1.0039,0.0,normal,0.0,normal,0.0,normal,0.0,NORMAL,0.0,0.0,100,normal,YES,PASS,0.0,0.0,0.005,0.0,
14:02:13.177,1.0534,1.0032,1.0084,0.0,normal,0.0,normal,0.0,normal,0.0,NORMAL,0.2,0.0,100,normal,YES,PASS,0.0,0.0,0.015,0.0,
14:02:13.336,1.029,1.0,1.0149,0.0,normal,0.0,normal,0.0,normal,0.0,NORMAL,0.1,0.0,100,normal,YES,PASS,0.0,0.0,0.008,0.0,
14:02:13.503,1.0417,1.0063,1.0022,0.0,normal,0.0,normal,0.0,normal,0.0,NORMAL,0.1,0.0,100,normal,YES,PASS,0.0,0.0,0.012,0.0,
14:02:13.667,1.0094,1.0034,1.0103,0.0,normal,0.0,normal,0.0,normal,0.0,NORMAL,0.0,0.0,100,normal,YES,PASS,0.0,0.0,0.003,0.0,
14:02:13.835,1.0391,1.0139,1.0015,0.0,normal,0.0,normal,0.0,normal,0.0,NORMAL,0.1,0.0,100,normal,YES,PASS,0.0,0.0,0.011,0.0,
14:02:14.001,1.0443,1.0038,1.0089,0.0,normal,0.0,normal,0.0,normal,0.0,NORMAL,0.1,0.0,100,normal,YES,PASS,0.0,0.0,0.013,0.0,
14:02:14.177,1.0113,1.0024,1.0106,0.0,normal,0.0,normal,0.0,normal,0.0,NORMAL,0.0,0.0,100,normal,YES,PASS,0.0,0.0,0.003,0.0,
14:02:14.339,1.0019,1.0126,1.0038,0.0,normal,0.0,normal,0.0,normal,0.0,NORMAL,0.0,0.0,100,normal,YES,PASS,0.0,0.0,0.001,0.0,
14:02:14.509,1.0575,1.0062,1.0109,0.0,normal,0.0,normal,0.0,normal,0.0,NORMAL,0.2,0.0,100,normal,YES,PASS,0.0,0.0,0.016,0.0,
14:02:14.669,1.033,1.0044,1.0064,0.0,normal,0.0,normal,0.0,normal,0.0,NORMAL,0.1,0.0,100,normal,YES,PASS,0.0,0.0,0.009,0.0,
14:02:14.832,1.0453,1.0039,1.0045,0.0,normal,0.0,normal,0.0,normal,0.0,NORMAL,0.1,0.0,100,normal,YES,PASS,0.0,0.0,0.013,0.0,
14:02:14.995,1.0235,1.0016,1.0153,0.0,normal,0.0,normal,0.0,normal,0.0,NORMAL,0.1,0.0,100,normal,YES,PASS,0.0,0.0,0.007,0.0,
14:02:15.161,1.0609,1.009,1.0017,0.0,normal,0.0,normal,0.0,normal,0.0,NORMAL,0.2,0.0,100,normal,YES,PASS,0.0,0.0,0.017,0.0,
14:02:15.331,1.0408,1.0108,1.0106,0.0,normal,0.0,normal,0.0,normal,0.0,NORMAL,0.1,0.0,100,normal,YES,PASS,0.0,0.0,0.012,0.0,
14:02:15.508,1.0096,1.0113,1.0028,0.0,normal,0.0,normal,0.0,normal,0.0,NORMAL,0.0,0.0,100,normal,YES,PASS,0.0,0.0,0.003,0.0,
14:02:15.660,1.0465,1.0078,1.0054,0.0,normal,0.0,normal,0.0,normal,0.0,NORMAL,0.1,0.0,100,normal,YES,PASS,0.0,0.0,0.013,0.0,
14:02:15.814,1.0327,1.0144,1.0102,0.0,normal,0.0,normal,0.0,normal,0.0,NORMAL,0.1,0.0,100,normal,YES,PASS,0.0,0.0,0.009,0.0,
14:02:15.968,1.002,1.006,1.0096,0.0,normal,0.0,normal,0.0,normal,0.0,NORMAL,0.0,0.0,100,normal,YES,PASS,0.0,0.0,0.001,0.0,
14:02:16.136,1.0017,1.0071,1.0009,0.0,normal,0.0,normal,0.0,normal,0.0,NORMAL,0.0,0.0,100,normal,YES,PASS,0.0,0.0,0.0,0.0,
14:02:16.299,1.0224,1.0119,1.0065,0.0,normal,0.0,normal,0.0,normal,0.0,NORMAL,0.1,0.0,100,normal,YES,PASS,0.0,0.0,0.006,0.0,
14:02:16.462,1.0082,1.0101,1.0137,0.0,normal,0.0,normal,0.0,normal,0.0,NORMAL,0.0,0.0,100,normal,YES,PASS,0.0,0.0,0.002,0.0,
14:02:16.635,1.0268,1.0085,1.0137,0.0,normal,0.0,normal,0.0,normal,0.0,NORMAL,0.1,0.0,100,normal,YES,PASS,0.0,0.0,0.008,0.0,
14:02:16.826,1.0298,1.0,1.0081,0.0,normal,0.0,normal,0.0,normal,0.0,NORMAL,0.1,0.0,100,normal,YES,PASS,0.0,0.0,0.009,0.0,
14:02:17.004,1.0389,1.0088,1.0105,0.0,normal,0.0,normal,0.0,normal,0.0,NORMAL,0.1,0.0,100,normal,YES,PASS,0.0,0.0,0.011,0.0,
14:02:17.164,1.0443,1.0005,1.0091,0.0,normal,0.0,normal,0.0,normal,0.0,NORMAL,0.1,0.0,100,normal,YES,PASS,0.0,0.0,0.013,0.0,
14:02:17.330,1.0006,1.0099,1.0055,0.0,normal,0.0,normal,0.0,normal,0.0,NORMAL,0.0,0.0,100,normal,YES,PASS,0.0,0.0,0.0,0.0,
14:02:17.496,1.032,1.0071,1.0111,0.0,normal,0.0,normal,0.0,normal,0.0,NORMAL,0.1,0.0,100,normal,YES,PASS,0.0,0.0,0.009,0.0,
14:02:17.646,1.014,1.0095,1.014,0.0,normal,0.0,normal,0.0,normal,0.0,NORMAL,0.0,0.0,100,normal,YES,PASS,0.0,0.0,0.004,0.0,
14:02:17.807,1.0123,1.0009,1.0069,0.0,normal,0.0,normal,0.0,normal,0.0,NORMAL,0.0,0.0,100,normal,YES,PASS,0.0,0.0,0.004,0.0,
14:02:17.965,1.0198,1.0098,1.0081,0.0,normal,0.0,normal,0.0,normal,0.0,NORMAL,0.1,0.0,100,normal,YES,PASS,0.0,0.0,0.006,0.0,
14:02:18.121,1.0094,1.0024,1.0095,0.0,normal,0.0,normal,0.0,normal,0.0,NORMAL,0.0,0.0,100,normal,YES,PASS,0.0,0.0,0.003,0.0,
14:02:18.277,1.0053,1.0068,1.0085,0.0,normal,0.0,normal,0.0,normal,0.0,NORMAL,0.0,0.0,100,normal,YES,PASS,0.0,0.0,0.002,0.0,
14:02:18.435,1.0034,1.0018,1.0017,0.0,normal,0.0,normal,0.0,normal,0.0,NORMAL,0.0,0.0,100,normal,YES,PASS,0.0,0.0,0.001,0.0,
14:02:18.613,1.019,1.0067,1.0029,0.0,normal,0.0,normal,0.0,normal,0.0,NORMAL,0.1,0.0,100,normal,YES,PASS,0.0,0.0,0.005,0.0,
14:02:18.786,1.005,1.0068,1.0177,0.0,normal,0.0,normal,0.0,normal,0.0,NORMAL,0.0,0.0,100,normal,YES,PASS,0.0,0.0,0.001,0.0,
14:02:18.941,1.0322,1.0054,1.0073,0.0,normal,0.0,normal,0.0,normal,0.0,NORMAL,0.1,0.0,100,normal,YES,PASS,0.0,0.0,0.009,0.0,
14:02:19.085,1.0425,1.0059,1.0119,0.0,normal,0.0,normal,0.0,normal,0.0,NORMAL,0.1,0.0,100,normal,YES,PASS,0.0,0.0,0.012,0.0,
14:02:19.238,1.0508,1.0118,1.0052,0.0,normal,0.0,normal,0.0,normal,0.0,NORMAL,0.1,0.0,100,normal,YES,PASS,0.0,0.0,0.015,0.0,
14:02:19.411,1.0723,1.0041,1.0055,0.0,normal,0.0,normal,0.0,normal,0.0,NORMAL,0.2,0.0,100,normal,YES,PASS,0.0,0.0,0.021,0.0,
14:02:19.581,1.0097,1.0014,1.0025,0.0,normal,0.0,normal,0.0,normal,0.0,NORMAL,0.0,0.0,100,normal,YES,PASS,0.0,0.0,0.003,0.0,
14:02:19.757,1.0478,1.009,1.0047,0.0,normal,0.0,normal,0.0,normal,0.0,NORMAL,0.1,0.0,100,normal,YES,PASS,0.0,0.0,0.014,0.0,
14:02:19.920,1.0449,1.0024,1.0082,0.0,normal,0.0,normal,0.0,normal,0.0,NORMAL,0.1,0.0,100,normal,YES,PASS,0.0,0.0,0.013,0.0,
14:02:20.073,1.0167,1.0034,1.0056,0.0,normal,0.0,normal,0.0,normal,0.0,NORMAL,0.0,0.0,100,normal,YES,PASS,0.0,0.0,0.005,0.0,
14:02:20.259,1.0334,1.0083,1.0019,0.0,normal,0.0,normal,0.0,normal,0.0,NORMAL,0.1,0.0,100,normal,YES,PASS,0.0,0.0,0.01,0.0,
14:02:20.408,1.0153,1.0047,1.0124,0.0,normal,0.0,normal,0.0,normal,0.0,NORMAL,0.0,0.0,100,normal,YES,PASS,0.0,0.0,0.004,0.0,
14:02:20.562,1.0411,1.0095,1.0105,0.0,normal,0.0,normal,0.0,normal,0.0,NORMAL,0.1,0.0,100,normal,YES,PASS,0.0,0.0,0.012,0.0,
14:02:20.725,1.0285,1.0109,1.008,0.0,normal,0.0,normal,0.0,normal,0.0,NORMAL,0.1,0.0,100,normal,YES,PASS,0.0,0.0,0.008,0.0,
14:02:20.891,1.0478,1.0057,1.0022,0.0,normal,0.0,normal,0.0,normal,0.0,NORMAL,0.1,0.0,100,normal,YES,PASS,0.0,0.0,0.014,0.0,
14:02:21.071,1.0161,1.0104,1.0048,0.0,normal,0.0,normal,0.0,normal,0.0,NORMAL,0.0,0.0,100,normal,YES,PASS,0.0,0.0,0.005,0.0,
14:02:21.247,1.0618,1.0014,1.0031,0.0,normal,0.0,normal,0.0,normal,0.0,NORMAL,0.2,0.0,100,normal,YES,PASS,0.0,0.0,0.018,0.0,
14:02:21.401,1.0258,1.003,1.0117,0.0,normal,0.0,normal,0.0,normal,0.0,NORMAL,0.1,0.0,100,normal,YES,PASS,0.0,0.0,0.007,0.0,
14:02:21.561,1.0023,1.0108,1.0039,0.0,normal,0.0,normal,0.0,normal,0.0,NORMAL,0.0,0.0,100,normal,YES,PASS,0.0,0.0,0.001,0.0,
14:02:21.724,1.0332,1.0025,1.0115,0.0,normal,0.0,normal,0.0,normal,0.0,NORMAL,0.1,0.0,100,normal,YES,PASS,0.0,0.0,0.009,0.0,
14:02:21.885,1.0095,1.0014,1.0026,0.0,normal,0.0,normal,0.0,normal,0.0,NORMAL,0.0,0.0,100,normal,YES,PASS,0.0,0.0,0.003,0.0,
14:02:22.037,1.0107,1.0067,1.0099,0.0,normal,0.0,normal,0.0,normal,0.0,NORMAL,0.0,0.0,100,normal,YES,PASS,0.0,0.0,0.003,0.0,
14:02:22.191,1.0103,1.0061,1.0076,0.0,normal,0.0,normal,0.0,normal,0.0,NORMAL,0.0,0.0,100,normal,YES,PASS,0.0,0.0,0.003,0.0,
14:02:22.348,1.0457,1.0074,1.0111,0.0,normal,0.0,normal,0.0,normal,0.0,NORMAL,0.1,0.0,100,normal,YES,PASS,0.0,0.0,0.013,0.0,
14:02:22.520,1.022,1.0033,1.0107,0.0,normal,0.0,normal,0.0,normal,0.0,NORMAL,0.1,0.0,100,normal,YES,PASS,0.0,0.0,0.006,0.0,
14:02:22.684,1.0261,1.0029,1.005,0.0,normal,0.0,normal,0.0,normal,0.0,NORMAL,0.1,0.0,100,normal,YES,PASS,0.0,0.0,0.007,0.0,
14:02:22.847,1.0068,1.0157,1.0004,0.0,normal,0.0,normal,0.0,normal,0.0,NORMAL,0.0,0.0,100,normal,YES,PASS,0.0,0.0,0.002,0.0,
14:02:22.999,1.0481,1.0077,1.0081,0.0,normal,0.0,normal,0.0,normal,0.0,NORMAL,0.1,0.0,100,normal,YES,PASS,0.0,0.0,0.014,0.0,
14:02:23.186,1.023,1.0028,1.0049,0.0,normal,0.0,normal,0.0,normal,0.0,NORMAL,0.1,0.0,100,normal,YES,PASS,0.0,0.0,0.007,0.0,
14:02:23.384,1.0001,1.006,1.0092,0.0,normal,0.0,normal,0.0,normal,0.0,NORMAL,0.0,0.0,100,normal,YES,PASS,0.0,0.0,0.0,0.0,
14:02:23.567,1.016,1.0105,1.0013,0.0,normal,0.0,normal,0.0,normal,0.0,NORMAL,0.0,0.0,100,normal,YES,PASS,0.0,0.0,0.005,0.0,
14:02:23.726,1.0149,1.001,1.007,0.0,normal,0.0,normal,0.0,normal,0.0,NORMAL,0.0,0.0,100,normal,YES,PASS,0.0,0.0,0.004,0.0,
14:02:23.884,1.0428,1.0073,1.0077,0.0,normal,0.0,normal,0.0,normal,0.0,NORMAL,0.1,0.0,100,normal,YES,PASS,0.0,0.0,0.012,0.0,
14:02:24.056,1.017,1.0018,1.0113,0.0,normal,0.0,normal,0.0,normal,0.0,NORMAL,0.0,0.0,100,normal,YES,PASS,0.0,0.0,0.005,0.0,
14:02:24.217,1.0152,1.0014,1.0088,0.0,normal,0.0,normal,0.0,normal,0.0,NORMAL,0.0,0.0,100,normal,YES,PASS,0.0,0.0,0.004,0.0,
14:02:24.381,1.0571,1.0047,1.0074,0.0,normal,0.0,normal,0.0,normal,0.0,NORMAL,0.2,0.0,100,normal,YES,PASS,0.0,0.0,0.016,0.0,
14:02:24.552,1.0335,1.0147,1.0038,0.0,normal,0.0,normal,0.0,normal,0.0,NORMAL,0.1,0.0,100,normal,YES,PASS,0.0,0.0,0.01,0.0,
14:02:24.731,1.0058,1.0036,1.0026,0.0,normal,0.0,normal,0.0,normal,0.0,NORMAL,0.0,0.0,100,normal,YES,PASS,0.0,0.0,0.002,0.0,
14:02:24.892,1.0469,1.0015,1.0038,0.0,normal,0.0,normal,0.0,normal,0.0,NORMAL,0.1,0.0,100,normal,YES,PASS,0.0,0.0,0.013,0.0,
14:02:25.053,1.055,1.0144,1.0095,0.0,normal,0.0,normal,0.0,normal,0.0,NORMAL,0.2,0.0,100,normal,YES,PASS,0.0,0.0,0.016,0.0,
14:02:25.213,1.0233,1.0066,1.0021,0.0,normal,0.0,normal,0.0,normal,0.0,NORMAL,0.1,0.0,100,normal,YES,PASS,0.0,0.0,0.007,0.0,
14:02:25.358,1.0028,1.0128,1.0029,0.0,normal,0.0,normal,0.0,normal,0.0,NORMAL,0.0,0.0,100,normal,YES,PASS,0.0,0.0,0.001,0.0,
14:02:25.520,1.0358,1.0069,1.0025,2.3131,speed_hump,0.6565,normal,0.0,normal,0.0,NORMAL,7.6,0.0,100,speed_hump,YES,PASS,0.0,0.187,0.01,0.0,
14:02:25.679,1.0031,1.0097,1.009,0.0,normal,0.0,normal,0.0,normal,0.0,NORMAL,5.5,0.0,100,normal,YES,PASS,0.0,0.137,0.001,0.0,
14:02:25.859,1.0713,1.0032,1.0061,0.0,normal,0.0,normal,0.0,normal,0.0,NORMAL,4.2,0.0,100,normal,YES,PASS,0.0,0.1,0.02,0.0,
14:02:26.036,1.0444,1.0147,1.0112,0.0,normal,0.0,normal,0.0,normal,0.0,NORMAL,3.0,0.0,100,normal,YES,PASS,0.0,0.073,0.013,0.0,
14:02:26.184,1.0045,1.0058,1.009,0.0,normal,0.0,normal,0.0,normal,0.0,NORMAL,2.1,0.0,100,normal,YES,PASS,0.0,0.053,0.001,0.0,
14:02:26.349,1.0239,1.0078,1.0046,0.0,normal,0.0,normal,0.0,normal,0.0,NORMAL,1.6,0.0,100,normal,YES,PASS,0.0,0.039,0.007,0.0,
14:02:26.524,1.0267,1.0041,1.0051,0.0,normal,0.0,normal,0.0,normal,0.0,NORMAL,1.2,0.0,100,normal,YES,PASS,0.0,0.028,0.008,0.0,
14:02:26.686,1.0256,1.007,1.0144,0.0,normal,0.0,normal,0.0,normal,0.0,NORMAL,0.9,0.0,100,normal,YES,PASS,0.0,0.021,0.007,0.0,
14:02:26.864,1.0381,1.0036,1.0052,0.0,normal,0.0,normal,0.0,normal,0.0,NORMAL,0.7,0.0,100,normal,YES,PASS,0.0,0.015,0.011,0.0,
14:02:27.041,1.032,1.0061,1.0069,0.0,normal,0.0,normal,0.0,normal,0.0,NORMAL,0.5,0.0,100,normal,YES,PASS,0.0,0.011,0.009,0.0,
14:02:27.213,1.0743,1.0095,1.0041,0.0,normal,0.0,normal,0.0,normal,0.0,NORMAL,0.5,0.0,100,normal,YES,PASS,0.0,0.008,0.021,0.0,
14:02:27.398,1.0479,1.0003,1.0035,0.0,normal,0.0,normal,0.0,normal,0.0,NORMAL,0.4,0.0,100,normal,YES,PASS,0.0,0.006,0.014,0.0,
14:02:27.570,1.0134,1.0072,1.0084,0.0,normal,0.0,normal,0.0,normal,0.0,NORMAL,0.2,0.0,100,normal,YES,PASS,0.0,0.004,0.004,0.0,
14:02:27.734,1.003,1.0059,1.0098,0.0,normal,0.0,normal,0.0,normal,0.0,NORMAL,0.1,0.0,100,normal,YES,PASS,0.0,0.003,0.001,0.0,
14:02:27.890,1.0068,1.0081,1.0063,0.0,normal,0.0,normal,0.0,normal,0.0,NORMAL,0.1,0.0,100,normal,YES,PASS,0.0,0.002,0.002,0.0,
14:02:28.056,1.0114,1.0023,1.0061,0.0,normal,0.0,normal,0.0,normal,0.0,NORMAL,0.1,0.0,100,normal,YES,PASS,0.0,0.002,0.003,0.0,
14:02:28.222,1.0172,1.0092,1.006,0.0,normal,0.0,normal,0.0,normal,0.0,NORMAL,0.1,0.0,100,normal,YES,PASS,0.0,0.001,0.005,0.0,
14:02:28.374,1.0498,1.0072,1.0133,0.0,normal,0.0,normal,0.0,normal,0.0,NORMAL,0.2,0.0,100,normal,YES,PASS,0.0,0.001,0.014,0.0,
14:02:28.539,1.0331,1.0115,1.0013,0.0,normal,0.0,normal,0.0,normal,0.0,NORMAL,0.1,0.0,100,normal,YES,PASS,0.0,0.001,0.009,0.0,
14:02:28.705,1.0319,1.0011,1.0021,0.0,normal,0.0,normal,0.0,normal,0.0,NORMAL,0.1,0.0,100,normal,YES,PASS,0.0,0.0,0.009,0.0,
14:02:28.885,1.01,1.0133,1.0092,0.0,normal,0.0,normal,0.0,normal,0.0,NORMAL,0.0,0.0,100,normal,YES,PASS,0.0,0.0,0.003,0.0,
14:02:29.060,1.012,1.0069,1.005,0.0,normal,0.0,normal,0.0,normal,0.0,NORMAL,0.0,0.0,100,normal,YES,PASS,0.0,0.0,0.003,0.0,
14:02:29.220,1.0567,1.0081,1.007,0.0,normal,0.0,normal,0.0,normal,0.0,NORMAL,0.2,0.0,100,normal,YES,PASS,0.0,0.0,0.016,0.0,
14:02:29.366,1.0074,1.0014,1.0024,0.0,normal,0.0,normal,0.0,normal,0.0,NORMAL,0.0,0.0,100,normal,YES,PASS,0.0,0.0,0.002,0.0,
14:02:29.533,1.0184,1.0093,1.0078,0.0,normal,0.0,normal,0.0,normal,0.0,NORMAL,0.1,0.0,100,normal,YES,PASS,0.0,0.0,0.005,0.0,
14:02:29.693,1.0499,1.004,1.0026,0.0,normal,0.0,normal,0.0,normal,0.0,NORMAL,0.1,0.0,100,normal,YES,PASS,0.0,0.0,0.014,0.0,
14:02:29.867,1.0477,1.0089,1.0041,0.0,normal,0.0,normal,0.0,normal,0.0,NORMAL,0.1,0.0,100,normal,YES,PASS,0.0,0.0,0.014,0.0,
14:02:30.022,1.021,1.0044,1.0021,0.0,normal,0.0,normal,0.0,normal,0.0,NORMAL,0.1,0.0,100,normal,YES,PASS,0.0,0.0,0.006,0.0,
14:02:30.182,1.0722,1.0044,1.0074,0.0,normal,0.0,normal,0.0,normal,0.0,NORMAL,0.2,0.0,100,normal,YES,PASS,0.0,0.0,0.021,0.0,
14:02:30.349,1.0234,1.0084,1.0066,0.0,normal,0.0,normal,0.0,normal,0.0,NORMAL,0.1,0.0,100,normal,YES,PASS,0.0,0.0,0.007,0.0,
14:02:30.533,1.0011,1.011,1.0116,0.0,normal,0.0,normal,0.0,normal,0.0,NORMAL,0.0,0.0,100,normal,YES,PASS,0.0,0.0,0.0,0.0,
14:02:30.757,1.0203,1.008,1.0102,0.0,normal,0.0,normal,0.0,normal,0.0,NORMAL,0.1,0.0,100,normal,YES,PASS,0.0,0.0,0.006,0.0,
14:02:30.959,1.0074,1.0099,1.0027,0.0,normal,0.0,normal,0.0,normal,0.0,NORMAL,0.0,0.0,100,normal,YES,PASS,0.0,0.0,0.002,0.0,
14:02:31.148,1.053,1.0091,1.0061,0.0,normal,0.0,normal,0.0,normal,0.0,NORMAL,0.2,0.0,100,normal,YES,PASS,0.0,0.0,0.015,0.0,
14:02:31.335,1.0555,1.0019,1.002,0.0,normal,0.0,normal,0.0,normal,0.0,NORMAL,0.2,0.0,100,normal,YES,PASS,0.0,0.0,0.016,0.0,
14:02:31.558,1.0027,1.001,1.0079,0.0,normal,0.0,normal,0.0,normal,0.0,NORMAL,0.0,0.0,100,normal,YES,PASS,0.0,0.0,0.001,0.0,
14:02:31.756,1.0143,1.0003,1.0009,0.0,normal,0.0,normal,0.0,normal,0.0,NORMAL,0.0,0.0,100,normal,YES,PASS,0.0,0.0,0.004,0.0,
14:02:31.923,1.0356,1.0079,1.0072,0.0,normal,0.0,normal,0.0,normal,0.0,NORMAL,0.1,0.0,100,normal,YES,PASS,0.0,0.0,0.01,0.0,
14:02:32.092,1.0086,1.0047,1.0064,0.0,normal,0.0,speed_hump,0.5112,normal,0.0,NORMAL,17.9,0.0,100,speed_hump,YES,PASS,0.0,0.0,0.002,0.511,
14:02:32.289,1.0159,1.0005,1.0114,0.0,normal,0.0,speed_hump,0.5043,normal,0.0,NORMAL,17.7,0.0,100,speed_hump,YES,PASS,0.0,0.0,0.005,0.504,
14:02:32.508,1.06,1.0127,1.0011,0.0,normal,0.0,speed_hump,0.5183,normal,0.0,NORMAL,18.3,0.0,100,speed_hump,YES,PASS,0.0,0.0,0.017,0.518,
14:02:32.688,1.0296,1.0054,1.0007,0.0,normal,0.0,speed_hump,0.523,normal,0.0,NORMAL,18.4,0.0,100,speed_hump,YES,PASS,0.0,0.0,0.008,0.523,
14:02:32.879,1.0619,1.0037,1.0107,0.0,normal,0.0,speed_hump,0.514,normal,0.0,NORMAL,18.2,0.0,100,speed_hump,YES,PASS,0.0,0.0,0.018,0.514,
14:02:33.046,1.0248,1.0058,1.0091,0.0,normal,0.0,speed_hump,0.5178,normal,0.0,NORMAL,18.2,0.0,100,speed_hump,YES,PASS,0.0,0.0,0.007,0.518,
14:02:33.230,1.036,1.0038,1.0028,0.0,normal,0.0,speed_hump,0.5132,normal,0.0,NORMAL,18.1,0.0,100,speed_hump,YES,PASS,0.0,0.0,0.01,0.513,
14:02:33.389,1.0278,1.0074,1.0035,0.0,normal,0.0,speed_hump,0.5217,normal,0.0,NORMAL,18.3,0.0,100,speed_hump,YES,PASS,0.0,0.0,0.008,0.522,
14:02:33.589,1.0566,1.0032,1.0128,4.5332,pothole,0.7666,speed_hump,0.5217,normal,0.0,NORMAL,33.1,0.0,100,speed_hump,YES,PASS,0.0,0.367,0.016,0.522,
14:02:33.796,1.0099,1.0005,1.0022,4.5332,pothole,0.7666,speed_hump,0.5008,normal,0.0,NORMAL,43.0,0.0,100,speed_hump,YES,PASS,0.0,0.636,0.003,0.501,
14:02:34.013,1.0495,1.0069,1.0076,5.0,pothole,1.0,speed_hump,0.5078,normal,0.0,NORMAL,52.7,0.26,100,speed_hump,YES,PASS,0.0,0.869,0.014,0.508,
14:02:34.188,1.047,1.007,1.0043,5.0,pothole,1.0,speed_hump,0.5127,normal,0.0,NORMAL,58.1,0.29,100,speed_hump,YES,PASS,0.0,1.0,0.013,0.513,
14:02:34.369,1.024,1.0025,1.0006,5.0,pothole,1.0,speed_hump,0.5127,normal,0.0,CAUTION,58.0,0.29,85,speed_hump,NO,BLOCKED,0.0,1.0,0.007,0.513,
14:02:34.563,1.0129,1.014,1.004,5.0,pothole,1.0,speed_hump,0.5127,normal,0.0,CAUTION,58.0,0.29,86,speed_hump,NO,BLOCKED,0.0,1.0,0.004,0.513,
14:02:34.759,1.0301,1.0008,1.0049,5.0,pothole,1.0,speed_hump,0.5127,normal,0.0,CAUTION,58.0,0.29,85,speed_hump,NO,BLOCKED,0.0,1.0,0.009,0.513,
14:02:34.956,1.0573,1.0097,1.0018,5.0,pothole,1.0,speed_hump,0.5127,normal,0.0,CAUTION,58.1,0.29,85,speed_hump,NO,BLOCKED,0.0,1.0,0.016,0.513,
14:02:35.134,1.024,1.0065,1.0016,0.0,normal,0.0,speed_hump,0.5127,normal,0.0,CAUTION,58.0,0.29,86,speed_hump,NO,BLOCKED,0.0,0.999,0.007,0.513,
14:02:35.317,1.0279,1.0062,1.0042,0.0,normal,0.0,speed_hump,0.5127,normal,0.0,CAUTION,47.2,0.0,100,speed_hump,NO,BLOCKED,0.0,0.729,0.008,0.513,
14:02:35.501,1.0127,1.0012,1.0108,5.0,pothole,1.0,speed_hump,0.5127,normal,0.0,CAUTION,55.5,0.28,86,speed_hump,NO,BLOCKED,0.0,0.938,0.004,0.513,
14:02:35.681,1.0142,1.0034,1.0043,5.0,pothole,1.0,speed_hump,0.5003,normal,0.0,CAUTION,57.6,0.29,86,speed_hump,NO,BLOCKED,0.0,1.0,0.004,0.5,
14:02:35.875,1.0135,1.0116,1.0116,5.0,pothole,1.0,speed_hump,0.5003,normal,0.0,CAUTION,57.5,0.29,86,speed_hump,NO,BLOCKED,0.0,1.0,0.004,0.5,
14:02:36.078,1.0137,1.0083,1.0098,5.0,pothole,1.0,speed_hump,0.5003,normal,0.0,CAUTION,57.5,0.29,86,speed_hump,NO,BLOCKED,0.0,1.0,0.004,0.5,
14:02:36.270,1.0119,1.0082,1.0095,0.0,normal,0.0,speed_hump,0.5003,normal,0.0,CAUTION,55.0,0.27,86,speed_hump,NO,BLOCKED,0.0,0.935,0.003,0.5,
14:02:36.458,1.0394,1.0094,1.0019,5.0,pothole,1.0,speed_hump,0.5003,normal,0.0,CAUTION,57.6,0.29,86,speed_hump,NO,BLOCKED,0.0,1.0,0.011,0.5,
14:02:36.660,1.0434,1.0051,1.0026,0.0,normal,0.0,speed_hump,0.5003,normal,0.0,CAUTION,49.4,0.0,100,speed_hump,NO,BLOCKED,0.0,0.794,0.012,0.5,
14:02:36.880,1.054,1.0172,1.0091,0.0,normal,0.0,speed_hump,0.5003,normal,0.0,CAUTION,40.8,0.0,100,speed_hump,NO,BLOCKED,0.0,0.579,0.015,0.5,
14:02:37.106,1.0341,1.0014,1.0073,0.0,normal,0.0,speed_hump,0.5003,normal,0.0,NORMAL,34.5,0.0,100,speed_hump,YES,PASS,0.0,0.423,0.01,0.5,
14:02:37.317,1.0512,1.0005,1.0094,0.0,normal,0.0,normal,0.0,normal,0.0,NORMAL,12.5,0.0,100,normal,YES,PASS,0.0,0.309,0.015,0.0,
14:02:37.521,1.0236,1.0099,1.003,0.0,normal,0.0,normal,0.0,normal,0.0,NORMAL,9.1,0.0,100,normal,YES,PASS,0.0,0.225,0.007,0.0,
14:02:37.729,1.0179,1.0055,1.0102,0.0,normal,0.0,normal,0.0,normal,0.0,NORMAL,6.6,0.0,100,normal,YES,PASS,0.0,0.164,0.005,0.0,
14:02:37.945,1.0539,1.0075,1.0027,0.0,normal,0.0,normal,0.0,normal,0.0,NORMAL,5.0,0.0,100,normal,YES,PASS,0.0,0.12,0.015,0.0,
14:02:38.159,1.0376,1.0036,1.0114,0.0,normal,0.0,normal,0.0,normal,0.0,NORMAL,3.6,0.0,100,normal,YES,PASS,0.0,0.088,0.011,0.0,
14:02:38.376,1.0654,1.0083,1.0063,0.0,normal,0.0,normal,0.0,normal,0.0,NORMAL,2.7,0.0,100,normal,YES,PASS,0.0,0.064,0.019,0.0,
14:02:38.600,1.0258,1.0081,1.0034,0.0,normal,0.0,normal,0.0,normal,0.0,NORMAL,1.9,0.0,100,normal,YES,PASS,0.0,0.047,0.007,0.0,
14:02:38.793,1.0115,1.0124,1.0127,0.0,normal,0.0,normal,0.0,normal,0.0,NORMAL,1.4,0.0,100,normal,YES,PASS,0.0,0.034,0.003,0.0,
14:02:39.002,1.0392,1.0055,1.0006,0.0,normal,0.0,normal,0.0,normal,0.0,NORMAL,1.1,0.0,100,normal,YES,PASS,0.0,0.025,0.011,0.0,
14:02:39.185,1.0536,1.0002,1.001,0.0,normal,0.0,normal,0.0,normal,0.0,NORMAL,0.9,0.0,100,normal,YES,PASS,0.0,0.018,0.015,0.0,
14:02:39.382,1.0131,1.009,1.0097,0.0,normal,0.0,normal,0.0,normal,0.0,NORMAL,0.6,0.0,100,normal,YES,PASS,0.0,0.013,0.004,0.0,
14:02:39.588,1.0592,1.0114,1.0071,0.0,normal,0.0,normal,0.0,normal,0.0,NORMAL,0.6,0.0,100,normal,YES,PASS,0.0,0.01,0.017,0.0,
14:02:39.801,1.0355,1.0011,1.0055,0.0,normal,0.0,normal,0.0,normal,0.0,NORMAL,0.4,0.0,100,normal,YES,PASS,0.0,0.007,0.01,0.0,
14:02:40.026,1.0171,1.0072,1.0046,0.0,normal,0.0,normal,0.0,normal,0.0,NORMAL,0.3,0.0,100,normal,YES,PASS,0.0,0.005,0.005,0.0,
14:02:40.222,1.0708,1.015,1.0089,0.0,normal,0.0,normal,0.0,normal,0.0,NORMAL,0.4,0.0,100,normal,YES,PASS,0.0,0.004,0.02,0.0,
14:02:40.422,1.0454,1.0108,1.0,0.0,normal,0.0,normal,0.0,normal,0.0,NORMAL,0.2,0.0,100,normal,YES,PASS,0.0,0.003,0.013,0.0,
14:02:40.612,1.0486,1.0033,1.0116,0.0,normal,0.0,speed_hump,0.509,normal,0.0,NORMAL,18.0,0.0,100,speed_hump,YES,PASS,0.0,0.002,0.014,0.509,
14:02:40.816,1.0323,1.0024,1.0118,0.0,normal,0.0,speed_hump,0.5125,normal,0.0,NORMAL,18.1,0.0,100,speed_hump,YES,PASS,0.0,0.001,0.009,0.513,
14:02:41.039,1.0004,1.0073,1.0031,0.0,normal,0.0,speed_hump,0.5125,normal,0.0,NORMAL,18.0,0.0,100,speed_hump,YES,PASS,0.0,0.001,0.0,0.513,
14:02:41.232,1.0445,1.0023,1.0038,0.0,normal,0.0,speed_hump,0.5125,normal,0.0,NORMAL,18.1,0.0,100,speed_hump,YES,PASS,0.0,0.001,0.013,0.513,
14:02:41.412,1.0286,1.0046,1.01,0.0,normal,0.0,speed_hump,0.5112,normal,0.0,NORMAL,18.0,0.0,100,speed_hump,YES,PASS,0.0,0.001,0.008,0.511,
14:02:41.582,1.0449,1.0052,1.0025,0.0,normal,0.0,speed_hump,0.5328,normal,0.0,NORMAL,18.8,0.0,100,speed_hump,YES,PASS,0.0,0.0,0.013,0.533,
14:02:41.768,1.0035,1.005,1.0109,0.0,normal,0.0,speed_hump,0.5372,normal,0.0,NORMAL,18.8,0.0,100,speed_hump,YES,PASS,0.0,0.0,0.001,0.537,
14:02:41.950,1.0081,1.0042,1.0029,0.0,normal,0.0,speed_hump,0.5372,normal,0.0,NORMAL,18.8,0.0,100,speed_hump,YES,PASS,0.0,0.0,0.002,0.537,
14:02:42.124,1.0605,1.0057,1.0057,0.0,normal,0.0,speed_hump,0.5372,normal,0.0,NORMAL,19.0,0.0,100,speed_hump,YES,PASS,0.0,0.0,0.017,0.537,
14:02:42.302,1.0342,1.0061,1.0099,0.0,normal,0.0,speed_hump,0.5372,normal,0.0,NORMAL,18.9,0.0,100,speed_hump,YES,PASS,0.0,0.0,0.01,0.537,
14:02:42.485,1.0476,1.0106,1.0008,0.0,normal,0.0,speed_hump,0.5372,normal,0.0,NORMAL,18.9,0.0,100,speed_hump,YES,PASS,0.0,0.0,0.014,0.537,
14:02:42.671,1.0204,1.0015,1.0161,5.0,pothole,1.0,speed_hump,0.5372,normal,0.0,NORMAL,35.1,0.0,100,speed_hump,YES,PASS,0.0,0.405,0.006,0.537,
14:02:42.854,1.013,1.0076,1.0071,0.0,normal,0.0,speed_hump,0.5127,normal,0.0,NORMAL,29.8,0.0,100,speed_hump,YES,PASS,0.0,0.296,0.004,0.513,
14:02:43.026,1.0323,1.0072,1.0032,0.0,normal,0.0,speed_hump,0.5127,normal,0.0,NORMAL,26.7,0.0,100,speed_hump,YES,PASS,0.0,0.216,0.009,0.513,
14:02:43.203,1.0251,1.0143,1.0019,0.0,normal,0.0,speed_hump,0.508,normal,0.0,NORMAL,24.2,0.0,100,speed_hump,YES,PASS,0.0,0.158,0.007,0.508,
14:02:43.396,1.0414,1.0102,1.004,0.0,normal,0.0,speed_hump,0.5084,normal,0.0,NORMAL,22.5,0.0,100,speed_hump,YES,PASS,0.0,0.115,0.012,0.508,
14:02:43.580,1.0424,1.0048,1.0058,0.0,normal,0.0,speed_hump,0.5084,normal,0.0,NORMAL,21.3,0.0,100,speed_hump,YES,PASS,0.0,0.084,0.012,0.508,
14:02:43.767,1.0193,1.0047,1.0063,5.0,pothole,1.0,speed_hump,0.5084,normal,0.0,NORMAL,36.5,0.0,100,speed_hump,YES,PASS,0.0,0.466,0.006,0.508,
14:02:43.966,1.0379,1.0033,1.0059,5.0,pothole,1.0,speed_hump,0.5084,normal,0.0,NORMAL,47.7,0.0,100,speed_hump,YES,PASS,0.0,0.746,0.011,0.508,
14:02:44.166,1.0479,1.0098,1.0131,5.0,pothole,1.0,speed_hump,0.5084,normal,0.0,NORMAL,55.9,0.28,100,speed_hump,YES,PASS,0.0,0.949,0.014,0.508,
14:02:44.344,1.0403,1.001,1.0075,5.0,pothole,1.0,speed_hump,0.5084,normal,0.0,NORMAL,57.9,0.29,100,speed_hump,YES,PASS,0.0,1.0,0.012,0.508,
14:02:44.540,1.0194,1.0085,1.0027,5.0,pothole,1.0,speed_hump,0.5084,normal,0.0,CAUTION,57.9,0.29,86,speed_hump,NO,BLOCKED,0.0,1.0,0.006,0.508,
14:02:44.788,1.0537,1.0033,1.0031,0.0,normal,0.0,speed_hump,0.5084,normal,0.0,CAUTION,53.2,0.27,87,speed_hump,NO,BLOCKED,0.0,0.881,0.015,0.508,
14:02:44.996,1.0001,1.0047,1.0135,0.0,normal,0.0,normal,0.0,normal,0.0,CAUTION,25.7,0.0,100,braking,NO,BLOCKED,0.0,0.643,0.0,0.0,
14:02:45.195,1.0571,1.0052,1.0057,0.0,normal,0.0,normal,0.0,normal,0.0,CAUTION,18.9,0.0,100,braking,NO,BLOCKED,0.0,0.469,0.016,0.0,
14:02:45.396,1.0012,1.0066,1.014,0.0,normal,0.0,normal,0.0,normal,0.0,NORMAL,13.7,0.0,100,normal,YES,PASS,0.0,0.342,0.0,0.0,
14:02:45.586,1.0038,1.0025,1.0058,5.0,pothole,1.0,normal,0.0,normal,0.0,NORMAL,26.2,0.0,100,pothole,YES,PASS,0.0,0.655,0.001,0.0,
14:02:45.779,1.0052,1.0112,1.0011,0.0,normal,0.0,normal,0.0,normal,0.0,NORMAL,19.1,0.0,100,normal,YES,PASS,0.0,0.478,0.001,0.0,
14:02:46.227,1.0122,1.0005,1.0071,0.0,normal,0.0,normal,0.0,normal,0.0,NORMAL,14.0,0.0,100,normal,YES,PASS,0.0,0.349,0.003,0.0,
14:02:46.442,1.0459,1.0091,1.0121,0.0,normal,0.0,normal,0.0,normal,0.0,NORMAL,10.3,0.0,100,normal,YES,PASS,0.0,0.255,0.013,0.0,
14:02:46.665,1.0367,1.0002,1.0001,5.0,pothole,1.0,normal,0.0,normal,0.0,NORMAL,23.7,0.0,100,pothole,YES,PASS,0.0,0.591,0.01,0.0,
14:02:46.868,1.0149,1.0072,1.0053,5.0,pothole,1.0,normal,0.0,normal,0.0,NORMAL,33.5,0.0,100,pothole,YES,PASS,0.0,0.837,0.004,0.0,
14:02:47.057,1.0501,1.012,1.0119,0.0,normal,0.0,normal,0.0,normal,0.0,NORMAL,24.6,0.0,100,normal,YES,PASS,0.0,0.611,0.014,0.0,
14:02:47.229,1.0297,1.0033,1.004,0.0,normal,0.0,normal,0.0,normal,0.0,NORMAL,17.9,0.0,100,normal,YES,PASS,0.0,0.446,0.008,0.0,
14:02:47.420,1.0468,1.0067,1.0046,5.0,pothole,1.0,normal,0.0,normal,0.0,NORMAL,29.4,0.0,100,pothole,YES,PASS,0.0,0.731,0.013,0.0,
14:02:47.616,1.0356,1.007,1.0092,5.0,pothole,1.0,normal,0.0,normal,0.0,NORMAL,37.6,0.0,100,pothole,YES,PASS,0.0,0.938,0.01,0.0,
14:02:47.805,1.0524,1.0038,1.0067,0.0,normal,0.0,normal,0.0,normal,0.0,NORMAL,27.5,0.0,100,normal,YES,PASS,0.0,0.685,0.015,0.0,
14:02:47.994,1.0544,1.01,1.0012,4.5925,pothole,0.7962,normal,0.0,normal,0.0,NORMAL,35.0,0.0,100,pothole,YES,PASS,0.0,0.872,0.016,0.0,
14:02:48.202,1.0446,1.0018,1.0157,0.0,normal,0.0,normal,0.0,normal,0.0,NORMAL,25.6,0.0,100,normal,YES,PASS,0.0,0.636,0.013,0.0,
14:02:48.392,1.012,1.0096,1.0031,0.0,normal,0.0,normal,0.0,normal,0.0,NORMAL,18.6,0.0,100,normal,YES,PASS,0.0,0.465,0.003,0.0,
14:02:48.577,1.0255,1.0094,1.0097,0.0,normal,0.0,normal,0.0,normal,0.0,NORMAL,13.6,0.0,100,normal,YES,PASS,0.0,0.339,0.007,0.0,
14:02:48.762,1.0399,1.002,1.0029,0.0,normal,0.0,normal,0.0,normal,0.0,NORMAL,10.0,0.0,100,normal,YES,PASS,0.0,0.247,0.011,0.0,
14:02:48.966,1.0347,1.0042,1.0089,0.0,normal,0.0,normal,0.0,normal,0.0,NORMAL,7.3,0.0,100,normal,YES,PASS,0.0,0.181,0.01,0.0,
14:02:49.148,1.0512,1.009,1.0014,0.0,normal,0.0,normal,0.0,normal,0.0,NORMAL,5.4,0.0,100,normal,YES,PASS,0.0,0.132,0.015,0.0,
14:02:49.339,1.0199,1.0019,1.0051,0.0,normal,0.0,normal,0.0,normal,0.0,NORMAL,3.9,0.0,100,normal,YES,PASS,0.0,0.096,0.006,0.0,
14:02:49.514,1.0246,1.0064,1.0016,0.0,normal,0.0,normal,0.0,normal,0.0,NORMAL,2.9,0.0,100,normal,YES,PASS,0.0,0.07,0.007,0.0,
14:02:49.695,1.0461,1.0037,1.0124,0.0,normal,0.0,normal,0.0,normal,0.0,NORMAL,2.2,0.0,100,normal,YES,PASS,0.0,0.051,0.013,0.0,
14:02:49.897,1.0325,1.0001,1.0106,0.0,normal,0.0,normal,0.0,normal,0.0,NORMAL,1.6,0.0,100,normal,YES,PASS,0.0,0.037,0.009,0.0,
14:02:50.079,1.037,1.0036,1.0083,0.0,normal,0.0,normal,0.0,normal,0.0,NORMAL,1.2,0.0,100,normal,YES,PASS,0.0,0.027,0.011,0.0,
14:02:50.260,1.0301,1.0085,1.0039,0.0,normal,0.0,normal,0.0,normal,0.0,NORMAL,0.9,0.0,100,normal,YES,PASS,0.0,0.02,0.009,0.0,
14:02:50.443,1.0504,1.0018,1.0108,0.0,normal,0.0,normal,0.0,normal,0.0,NORMAL,0.7,0.0,100,normal,YES,PASS,0.0,0.015,0.014,0.0,
14:02:50.648,1.0158,1.0005,1.0106,0.0,normal,0.0,normal,0.0,normal,0.0,NORMAL,0.5,0.0,100,normal,YES,PASS,0.0,0.011,0.005,0.0,
14:02:50.862,1.0484,1.0097,1.0141,0.0,normal,0.0,normal,0.0,normal,0.0,NORMAL,0.4,0.0,100,normal,YES,PASS,0.0,0.008,0.014,0.0,
14:02:51.062,1.0065,1.0117,1.0046,0.0,normal,0.0,normal,0.0,normal,0.0,NORMAL,0.2,0.0,100,normal,YES,PASS,0.0,0.006,0.002,0.0,
14:02:51.265,1.0023,1.0057,1.0005,0.0,normal,0.0,normal,0.0,normal,0.0,NORMAL,0.2,0.0,100,normal,YES,PASS,0.0,0.004,0.001,0.0,
14:02:51.464,1.0152,1.0061,1.0035,0.0,normal,0.0,normal,0.0,normal,0.0,NORMAL,0.2,0.0,100,normal,YES,PASS,0.0,0.003,0.004,0.0,
14:02:51.656,1.0148,1.0002,1.0107,0.0,normal,0.0,normal,0.0,normal,0.0,NORMAL,0.1,0.0,100,normal,YES,PASS,0.0,0.002,0.004,0.0,
14:02:51.836,1.0154,1.0087,1.0055,0.0,normal,0.0,speed_hump,0.5019,normal,0.0,NORMAL,17.7,0.0,100,speed_hump,YES,PASS,0.0,0.002,0.004,0.502,
14:02:52.024,1.0136,1.0129,1.0007,0.0,normal,0.0,speed_hump,0.5023,normal,0.0,NORMAL,17.7,0.0,100,speed_hump,YES,PASS,0.0,0.001,0.004,0.502,
14:02:52.204,1.0441,1.005,1.0005,0.0,normal,0.0,speed_hump,0.5029,normal,0.0,NORMAL,17.8,0.0,100,speed_hump,YES,PASS,0.0,0.001,0.013,0.503,
14:02:52.394,1.0536,1.0092,1.0018,0.0,normal,0.0,speed_hump,0.5414,normal,0.0,NORMAL,19.1,0.0,100,speed_hump,YES,PASS,0.0,0.001,0.015,0.541,
14:02:52.579,1.0463,1.0063,1.0066,0.0,normal,0.0,speed_hump,0.5178,normal,0.0,NORMAL,18.3,0.0,100,speed_hump,YES,PASS,0.0,0.0,0.013,0.518,
14:02:52.760,1.0319,1.0032,1.0037,0.0,normal,0.0,speed_hump,0.5151,normal,0.0,NORMAL,18.1,0.0,100,speed_hump,YES,PASS,0.0,0.0,0.009,0.515,
14:02:52.944,1.0057,1.0096,1.009,0.0,normal,0.0,speed_hump,0.5,normal,0.0,NORMAL,17.5,0.0,100,speed_hump,YES,PASS,0.0,0.0,0.002,0.5,
14:02:53.118,1.0085,1.0104,1.0016,0.0,normal,0.0,speed_hump,0.5,normal,0.0,NORMAL,17.5,0.0,100,speed_hump,YES,PASS,0.0,0.0,0.002,0.5,
14:02:53.320,1.036,1.0072,1.0048,0.0,normal,0.0,speed_hump,0.5,normal,0.0,NORMAL,17.6,0.0,100,speed_hump,YES,PASS,0.0,0.0,0.01,0.5,
14:02:53.548,1.0689,1.0032,1.0024,0.0,normal,0.0,speed_hump,0.5308,normal,0.0,NORMAL,18.8,0.0,100,speed_hump,YES,PASS,0.0,0.0,0.02,0.531,
14:02:53.783,1.007,1.0051,1.0058,0.0,normal,0.0,speed_hump,0.52,normal,0.0,NORMAL,18.2,0.0,100,speed_hump,YES,PASS,0.0,0.0,0.002,0.52,
14:02:54.016,1.0213,1.0068,1.0054,0.0,normal,0.0,speed_hump,0.5471,normal,0.0,NORMAL,19.2,0.0,100,speed_hump,YES,PASS,0.0,0.0,0.006,0.547,
14:02:54.267,1.019,1.0031,1.0034,0.0,normal,0.0,speed_hump,0.5239,normal,0.0,NORMAL,18.4,0.0,100,speed_hump,YES,PASS,0.0,0.0,0.005,0.524,
14:02:54.486,1.041,1.0035,1.0115,0.0,normal,0.0,speed_hump,0.5272,normal,0.0,NORMAL,18.6,0.0,100,speed_hump,YES,PASS,0.0,0.0,0.012,0.527,
14:02:54.675,1.0688,1.0043,1.0146,5.0,pothole,1.0,speed_hump,0.5238,normal,0.0,NORMAL,34.7,0.0,100,speed_hump,YES,PASS,0.0,0.405,0.02,0.524,
14:02:54.880,1.0335,1.0098,1.0056,5.0,pothole,1.0,speed_hump,0.5238,normal,0.0,NORMAL,46.5,0.0,100,speed_hump,YES,PASS,0.0,0.701,0.01,0.524,
14:02:55.080,1.0311,1.0084,1.0054,5.0,pothole,1.0,speed_hump,0.5238,normal,0.0,NORMAL,55.1,0.28,100,speed_hump,YES,PASS,0.0,0.917,0.009,0.524,
14:02:55.271,1.0479,1.0071,1.0047,0.0,normal,0.0,speed_hump,0.5238,normal,0.0,NORMAL,45.2,0.0,100,speed_hump,YES,PASS,0.0,0.669,0.014,0.524,
14:02:55.449,1.0468,1.0011,1.001,0.0,normal,0.0,speed_hump,0.5238,normal,0.0,NORMAL,38.0,0.0,100,speed_hump,YES,PASS,0.0,0.488,0.013,0.524,
14:02:55.617,1.0438,1.0113,1.0047,0.0,normal,0.0,speed_hump,0.5238,normal,0.0,NORMAL,32.7,0.0,100,speed_hump,YES,PASS,0.0,0.356,0.013,0.524,
14:02:55.777,1.0428,1.0141,1.0083,0.0,normal,0.0,speed_hump,0.5238,normal,0.0,NORMAL,28.9,0.0,100,speed_hump,YES,PASS,0.0,0.26,0.012,0.524,
14:02:55.934,1.0283,1.0019,1.0074,0.0,normal,0.0,speed_hump,0.5238,normal,0.0,NORMAL,26.0,0.0,100,speed_hump,YES,PASS,0.0,0.19,0.008,0.524,
14:02:56.121,1.0426,1.0061,1.0093,4.5038,pothole,0.7519,speed_hump,0.5238,normal,0.0,NORMAL,38.6,0.0,100,speed_hump,YES,PASS,0.0,0.504,0.012,0.524,
14:02:56.322,1.0051,1.0061,1.0098,0.0,normal,0.0,normal,0.0,normal,0.0,NORMAL,14.7,0.0,100,normal,YES,PASS,0.0,0.368,0.001,0.0,
14:02:56.529,1.0182,1.013,1.0115,0.0,normal,0.0,normal,0.0,normal,0.0,NORMAL,10.8,0.0,100,normal,YES,PASS,0.0,0.268,0.005,0.0,
14:02:56.714,1.0415,1.0057,1.0037,0.0,normal,0.0,speed_hump,0.5496,normal,0.0,NORMAL,27.2,0.0,100,speed_hump,YES,PASS,0.0,0.196,0.012,0.55,
14:02:56.897,1.0229,1.0043,1.0067,0.0,normal,0.0,speed_hump,0.5458,normal,0.0,NORMAL,24.9,0.0,100,speed_hump,YES,PASS,0.0,0.143,0.007,0.546,
14:02:57.066,1.0565,1.0047,1.003,0.0,normal,0.0,speed_hump,0.5914,normal,0.0,NORMAL,25.0,0.0,100,speed_hump,YES,PASS,0.0,0.104,0.016,0.591,
14:02:57.253,1.0369,1.001,1.0027,0.0,normal,0.0,speed_hump,0.517,normal,0.0,NORMAL,21.2,0.0,100,speed_hump,YES,PASS,0.0,0.076,0.011,0.517,
14:02:57.421,1.0395,1.0086,1.0099,0.0,normal,0.0,speed_hump,0.5519,normal,0.0,NORMAL,21.7,0.0,100,speed_hump,YES,PASS,0.0,0.056,0.011,0.552,
14:02:57.590,1.0175,1.0089,1.009,0.0,normal,0.0,speed_hump,0.5519,normal,0.0,NORMAL,21.0,0.0,100,speed_hump,YES,PASS,0.0,0.041,0.005,0.552,
14:02:57.754,1.0475,1.0099,1.0043,0.0,normal,0.0,speed_hump,0.5519,normal,0.0,NORMAL,20.6,0.0,100,speed_hump,YES,PASS,0.0,0.03,0.014,0.552,
14:02:57.935,1.0545,1.0129,1.0019,0.0,normal,0.0,speed_hump,0.5208,normal,0.0,NORMAL,19.2,0.0,100,speed_hump,YES,PASS,0.0,0.022,0.016,0.521,
14:02:58.118,1.0427,1.0137,1.0004,0.0,normal,0.0,speed_hump,0.5443,normal,0.0,NORMAL,19.8,0.0,100,speed_hump,YES,PASS,0.0,0.016,0.012,0.544,
14:02:58.297,1.0328,1.0045,1.0011,0.0,normal,0.0,speed_hump,0.5443,normal,0.0,NORMAL,19.6,0.0,100,speed_hump,YES,PASS,0.0,0.012,0.009,0.544,
14:02:58.471,1.0128,1.0093,1.0035,0.0,normal,0.0,speed_hump,0.5443,normal,0.0,NORMAL,19.4,0.0,100,speed_hump,YES,PASS,0.0,0.008,0.004,0.544,
14:02:58.652,1.0367,1.0034,1.0123,4.3333,pothole,0.6667,speed_hump,0.5443,normal,0.0,NORMAL,33.4,0.0,100,speed_hump,YES,PASS,0.0,0.357,0.01,0.544,
14:02:58.822,1.0369,1.0097,1.0022,4.3333,pothole,0.6667,speed_hump,0.5443,normal,0.0,NORMAL,43.6,0.0,100,speed_hump,YES,PASS,0.0,0.612,0.011,0.544,
14:02:58.997,1.0207,1.0074,1.003,4.814,pothole,0.907,speed_hump,0.5443,normal,0.0,NORMAL,52.6,0.26,100,speed_hump,YES,PASS,0.0,0.837,0.006,0.544,
14:02:59.163,1.0242,1.0078,1.0046,4.814,pothole,0.907,speed_hump,0.5443,normal,0.0,NORMAL,59.1,0.3,100,speed_hump,YES,PASS,0.0,1.0,0.007,0.544,
14:02:59.316,1.0394,1.0091,1.0007,4.814,pothole,0.907,speed_hump,0.5443,normal,0.0,CAUTION,59.2,0.3,85,speed_hump,NO,BLOCKED,0.0,1.0,0.011,0.544,
14:02:59.495,1.0066,1.0056,1.0011,4.814,pothole,0.907,speed_hump,0.5443,normal,0.0,CAUTION,59.1,0.3,85,speed_hump,NO,BLOCKED,0.0,1.0,0.002,0.544,
14:02:59.668,1.0137,1.0096,1.0101,4.814,pothole,0.907,speed_hump,0.5019,normal,0.0,CAUTION,57.6,0.29,86,speed_hump,NO,BLOCKED,0.0,1.0,0.004,0.502,
14:02:59.853,1.0398,1.0093,1.0104,4.814,pothole,0.907,speed_hump,0.5019,normal,0.0,CAUTION,57.7,0.29,86,speed_hump,NO,BLOCKED,0.0,1.0,0.011,0.502,
14:03:00.039,1.0297,1.0024,1.0042,4.814,pothole,0.907,speed_hump,0.5019,normal,0.0,CAUTION,57.7,0.29,86,speed_hump,NO,BLOCKED,0.0,1.0,0.008,0.502,
14:03:00.224,1.075,1.0103,1.0076,4.814,pothole,0.907,speed_hump,0.5019,normal,0.0,CAUTION,57.8,0.29,86,speed_hump,NO,BLOCKED,0.0,1.0,0.021,0.502,
14:03:00.394,1.0064,1.0032,1.0074,4.814,pothole,0.907,speed_hump,0.5019,normal,0.0,CAUTION,57.6,0.29,86,speed_hump,NO,BLOCKED,0.0,1.0,0.002,0.502,
14:03:00.570,1.0012,1.0114,1.0049,4.814,pothole,0.907,speed_hump,0.5019,normal,0.0,CAUTION,57.6,0.29,86,speed_hump,NO,BLOCKED,0.0,1.0,0.0,0.502,
14:03:00.757,1.0428,1.0084,1.0018,4.9813,pothole,0.9907,speed_hump,0.5019,normal,0.0,CAUTION,57.7,0.29,86,speed_hump,NO,BLOCKED,0.0,1.0,0.012,0.502,
14:03:00.954,1.0011,1.0024,1.0021,5.0,pothole,1.0,speed_hump,0.5019,normal,0.0,CAUTION,57.6,0.29,86,speed_hump,NO,BLOCKED,0.0,1.0,0.0,0.502,
14:03:01.144,1.033,1.005,1.0054,5.0,pothole,1.0,speed_hump,0.5019,normal,0.0,CAUTION,57.7,0.29,86,speed_hump,NO,BLOCKED,0.0,1.0,0.009,0.502,
14:03:01.313,1.0247,1.0137,1.0055,5.0,pothole,1.0,normal,0.0,normal,0.0,CAUTION,40.1,0.0,100,pothole,NO,BLOCKED,0.0,1.0,0.007,0.0,
14:03:01.548,1.0033,1.0087,1.0071,5.0,pothole,1.0,normal,0.0,normal,0.0,CAUTION,40.0,0.0,100,pothole,NO,BLOCKED,0.0,1.0,0.001,0.0,
14:03:01.714,1.0344,1.009,1.0089,4.9813,pothole,0.9907,normal,0.0,normal,0.0,NORMAL,40.1,0.0,100,pothole,YES,PASS,0.0,1.0,0.01,0.0,
14:03:01.903,1.0264,1.0046,1.0047,5.0,pothole,1.0,normal,0.0,normal,0.0,NORMAL,40.1,0.0,100,pothole,YES,PASS,0.0,1.0,0.008,0.0,
14:03:02.082,1.0542,1.0114,1.0029,5.0,pothole,1.0,normal,0.0,normal,0.0,NORMAL,40.2,0.0,100,pothole,YES,PASS,0.0,1.0,0.015,0.0,
14:03:02.253,1.0135,1.0106,1.0055,4.9813,pothole,0.9907,normal,0.0,normal,0.0,NORMAL,40.0,0.0,100,pothole,YES,PASS,0.0,1.0,0.004,0.0,
14:03:02.416,1.0476,1.0032,1.0048,4.9813,pothole,0.9907,normal,0.0,normal,0.0,NORMAL,40.1,0.0,100,pothole,YES,PASS,0.0,1.0,0.014,0.0,
14:03:02.577,1.0543,1.0077,1.0016,5.0,pothole,1.0,normal,0.0,normal,0.0,NORMAL,40.2,0.0,100,pothole,YES,PASS,0.0,1.0,0.016,0.0,
14:03:02.731,1.0277,1.0102,1.0067,5.0,pothole,1.0,normal,0.0,normal,0.0,NORMAL,40.1,0.0,100,pothole,YES,PASS,0.0,1.0,0.008,0.0,
14:03:02.903,1.0135,1.0076,1.0071,5.0,pothole,1.0,normal,0.0,normal,0.0,NORMAL,40.0,0.0,100,pothole,YES,PASS,0.0,1.0,0.004,0.0,
14:03:03.067,1.0306,1.0128,1.0076,5.0,pothole,1.0,normal,0.0,normal,0.0,NORMAL,40.1,0.0,100,pothole,YES,PASS,0.0,1.0,0.009,0.0,
14:03:03.233,1.0395,1.0001,1.0011,5.0,pothole,1.0,normal,0.0,normal,0.0,NORMAL,40.1,0.0,100,pothole,YES,PASS,0.0,1.0,0.011,0.0,
14:03:03.388,1.0336,1.013,1.0091,5.0,pothole,1.0,normal,0.0,normal,0.0,NORMAL,40.1,0.0,100,pothole,YES,PASS,0.0,1.0,0.01,0.0,
14:03:03.555,1.0244,1.0004,1.0079,4.9813,pothole,0.9907,normal,0.0,normal,0.0,NORMAL,40.1,0.0,100,pothole,YES,PASS,0.0,1.0,0.007,0.0,
14:03:03.725,1.0573,1.0097,1.0015,5.0,pothole,1.0,normal,0.0,normal,0.0,NORMAL,40.2,0.0,100,pothole,YES,PASS,0.0,1.0,0.016,0.0,
14:03:03.892,1.0651,1.0083,1.0065,5.0,pothole,1.0,normal,0.0,normal,0.0,NORMAL,40.2,0.0,100,pothole,YES,PASS,0.0,1.0,0.019,0.0,
14:03:04.049,1.0104,1.0129,1.0021,5.0,pothole,1.0,normal,0.0,normal,0.0,NORMAL,40.0,0.0,100,pothole,YES,PASS,0.0,1.0,0.003,0.0,
14:03:04.216,1.0421,1.005,1.0121,5.0,pothole,1.0,normal,0.0,normal,0.0,NORMAL,40.1,0.0,100,pothole,YES,PASS,0.0,1.0,0.012,0.0,
14:03:04.395,1.0577,1.0038,1.009,4.9813,pothole,0.9907,normal,0.0,normal,0.0,NORMAL,40.2,0.0,100,pothole,YES,PASS,0.0,1.0,0.016,0.0,
14:03:04.570,1.0401,1.0098,1.0032,5.0,pothole,1.0,normal,0.0,normal,0.0,NORMAL,40.1,0.0,100,pothole,YES,PASS,0.0,1.0,0.011,0.0,
14:03:04.729,1.0569,1.0111,1.0083,5.0,pothole,1.0,normal,0.0,normal,0.0,NORMAL,40.2,0.0,100,pothole,YES,PASS,0.0,1.0,0.016,0.0,
14:03:04.887,1.0526,1.014,1.0031,5.0,pothole,1.0,normal,0.0,normal,0.0,NORMAL,40.2,0.0,100,pothole,YES,PASS,0.0,1.0,0.015,0.0,
14:03:05.052,1.0382,1.0024,1.0136,4.9813,pothole,0.9907,normal,0.0,normal,0.0,NORMAL,40.1,0.0,100,pothole,YES,PASS,0.0,1.0,0.011,0.0,
14:03:05.237,1.0259,1.0044,1.0025,0.0,normal,0.0,normal,0.0,normal,0.0,NORMAL,40.1,0.0,100,normal,YES,PASS,0.0,1.0,0.007,0.0,
14:03:05.440,1.0656,1.0035,1.0076,0.0,normal,0.0,normal,0.0,normal,0.0,NORMAL,32.1,0.0,100,normal,YES,PASS,0.0,0.798,0.019,0.0,
14:03:05.637,1.0622,1.009,1.0157,5.0,pothole,1.0,normal,0.0,normal,0.0,NORMAL,39.7,0.0,100,pothole,YES,PASS,0.0,0.988,0.018,0.0,
14:03:05.816,1.0425,1.0036,1.004,5.0,pothole,1.0,normal,0.0,normal,0.0,NORMAL,40.1,0.0,100,pothole,YES,PASS,0.0,1.0,0.012,0.0,
14:03:05.981,1.0345,1.0039,1.0067,5.0,pothole,1.0,normal,0.0,normal,0.0,NORMAL,40.1,0.0,100,pothole,YES,PASS,0.0,1.0,0.01,0.0,
14:03:06.159,1.0595,1.0072,1.0062,5.0,pothole,1.0,normal,0.0,normal,0.0,NORMAL,40.2,0.0,100,pothole,YES,PASS,0.0,1.0,0.017,0.0,
14:03:06.335,1.054,1.0057,1.0045,5.0,pothole,1.0,normal,0.0,normal,0.0,NORMAL,40.2,0.0,100,pothole,YES,PASS,0.0,1.0,0.015,0.0,
14:03:06.501,1.0452,1.0081,1.0123,4.5562,pothole,0.7781,normal,0.0,normal,0.0,NORMAL,40.1,0.0,100,pothole,YES,PASS,0.0,1.0,0.013,0.0,
14:03:06.669,1.0553,1.0106,1.0065,4.5562,pothole,0.7781,normal,0.0,normal,0.0,NORMAL,40.2,0.0,100,pothole,YES,PASS,0.0,1.0,0.016,0.0,
14:03:06.838,1.0219,1.0037,1.0132,4.5562,pothole,0.7781,normal,0.0,normal,0.0,NORMAL,40.1,0.0,100,pothole,YES,PASS,0.0,1.0,0.006,0.0,
14:03:07.007,1.0441,1.0032,1.0076,4.5562,pothole,0.7781,normal,0.0,normal,0.0,NORMAL,40.1,0.0,100,pothole,YES,PASS,0.0,1.0,0.013,0.0,
14:03:07.179,1.0293,1.0018,1.0067,4.5562,pothole,0.7781,normal,0.0,normal,0.0,NORMAL,40.1,0.0,100,pothole,YES,PASS,0.0,1.0,0.008,0.0,
14:03:07.338,1.0052,1.0051,1.006,4.5562,pothole,0.7781,normal,0.0,normal,0.0,NORMAL,40.0,0.0,100,pothole,YES,PASS,0.0,1.0,0.001,0.0,
14:03:07.507,1.0523,1.0027,1.0095,4.5562,pothole,0.7781,normal,0.0,normal,0.0,NORMAL,40.1,0.0,100,pothole,YES,PASS,0.0,1.0,0.015,0.0,
14:03:07.672,1.0063,1.0033,1.0033,4.5562,pothole,0.7781,normal,0.0,normal,0.0,NORMAL,40.0,0.0,100,pothole,YES,PASS,0.0,1.0,0.002,0.0,
14:03:07.838,1.0499,1.0066,1.012,0.0,normal,0.0,normal,0.0,normal,0.0,NORMAL,40.0,0.0,100,normal,YES,PASS,0.0,0.997,0.014,0.0,
14:03:07.998,1.042,1.0032,1.0029,0.0,normal,0.0,normal,0.0,normal,0.0,NORMAL,29.2,0.0,100,normal,YES,PASS,0.0,0.728,0.012,0.0,
14:03:08.171,1.0077,1.0096,1.0025,0.0,normal,0.0,normal,0.0,normal,0.0,NORMAL,21.3,0.0,100,normal,YES,PASS,0.0,0.531,0.002,0.0,
14:03:08.334,1.0238,1.0069,1.0077,0.0,normal,0.0,normal,0.0,normal,0.0,NORMAL,15.6,0.0,100,normal,YES,PASS,0.0,0.388,0.007,0.0,
14:03:08.513,1.0588,1.0013,1.0093,0.0,normal,0.0,normal,0.0,normal,0.0,NORMAL,11.5,0.0,100,normal,YES,PASS,0.0,0.283,0.017,0.0,
14:03:08.691,1.0384,1.0133,1.0072,0.0,normal,0.0,normal,0.0,normal,0.0,NORMAL,8.4,0.0,100,normal,YES,PASS,0.0,0.206,0.011,0.0,
14:03:08.882,1.0049,1.0089,1.0072,0.0,normal,0.0,normal,0.0,normal,0.0,NORMAL,6.0,0.0,100,normal,YES,PASS,0.0,0.151,0.001,0.0,
14:03:09.066,1.0063,1.0119,1.0036,0.0,normal,0.0,normal,0.0,normal,0.0,NORMAL,4.4,0.0,100,normal,YES,PASS,0.0,0.11,0.002,0.0,
14:03:09.252,1.0409,1.0065,1.0121,0.0,normal,0.0,normal,0.0,normal,0.0,NORMAL,3.3,0.0,100,normal,YES,PASS,0.0,0.08,0.012,0.0,
14:03:09.470,1.0159,1.0049,1.011,0.0,normal,0.0,normal,0.0,normal,0.0,NORMAL,2.4,0.0,100,normal,YES,PASS,0.0,0.059,0.005,0.0,
14:03:09.658,1.0268,1.0091,1.0003,0.0,normal,0.0,normal,0.0,normal,0.0,NORMAL,1.8,0.0,100,normal,YES,PASS,0.0,0.043,0.008,0.0,
14:03:09.835,1.0253,1.0053,1.0086,0.0,normal,0.0,normal,0.0,normal,0.0,NORMAL,1.3,0.0,100,normal,YES,PASS,0.0,0.031,0.007,0.0,
14:03:10.026,1.0507,1.0029,1.0126,0.0,normal,0.0,normal,0.0,normal,0.0,NORMAL,1.1,0.0,100,normal,YES,PASS,0.0,0.023,0.014,0.0,
14:03:10.220,1.0645,1.0065,1.002,0.0,normal,0.0,normal,0.0,normal,0.0,NORMAL,0.8,0.0,100,normal,YES,PASS,0.0,0.017,0.018,0.0,
14:03:10.428,1.054,1.0117,1.0047,0.0,normal,0.0,normal,0.0,normal,0.0,NORMAL,0.6,0.0,100,normal,YES,PASS,0.0,0.012,0.015,0.0,
14:03:10.609,1.0288,1.0063,1.0039,0.0,normal,0.0,normal,0.0,normal,0.0,NORMAL,0.4,0.0,100,normal,YES,PASS,0.0,0.009,0.008,0.0,
14:03:10.771,1.0077,1.0071,1.0089,0.0,normal,0.0,normal,0.0,normal,0.0,NORMAL,0.3,0.0,100,normal,YES,PASS,0.0,0.006,0.002,0.0,
14:03:10.948,1.0353,1.007,1.006,0.0,normal,0.0,normal,0.0,normal,0.0,NORMAL,0.3,0.0,100,normal,YES,PASS,0.0,0.005,0.01,0.0,
14:03:11.116,1.0143,1.0046,1.0001,0.0,normal,0.0,normal,0.0,normal,0.0,NORMAL,0.2,0.0,100,normal,YES,PASS,0.0,0.003,0.004,0.0,
14:03:11.267,1.0313,1.0094,1.0098,0.0,normal,0.0,normal,0.0,normal,0.0,NORMAL,0.2,0.0,100,normal,YES,PASS,0.0,0.003,0.009,0.0,
14:03:11.431,1.0119,1.0057,1.0027,0.0,normal,0.0,normal,0.0,normal,0.0,NORMAL,0.1,0.0,100,normal,YES,PASS,0.0,0.002,0.003,0.0,
14:03:11.584,1.0389,1.0051,1.0061,4.4245,pothole,0.7123,normal,0.0,normal,0.0,NORMAL,14.5,0.0,100,pothole,YES,PASS,0.0,0.36,0.011,0.0,
14:03:11.776,1.0092,1.007,1.0063,0.0,normal,0.0,normal,0.0,normal,0.0,NORMAL,10.5,0.0,100,normal,YES,PASS,0.0,0.263,0.003,0.0,
14:03:11.935,1.0115,1.0067,1.0036,4.4245,pothole,0.7123,normal,0.0,normal,0.0,NORMAL,22.0,0.0,100,pothole,YES,PASS,0.0,0.55,0.003,0.0,
14:03:12.104,1.0181,1.0069,1.008,4.4245,pothole,0.7123,normal,0.0,normal,0.0,NORMAL,30.5,0.0,100,pothole,YES,PASS,0.0,0.76,0.005,0.0,
14:03:12.282,1.0268,1.0019,1.0095,0.0,normal,0.0,normal,0.0,normal,0.0,NORMAL,22.3,0.0,100,normal,YES,PASS,0.0,0.555,0.008,0.0,
14:03:12.450,1.0323,1.0103,1.0062,0.0,normal,0.0,normal,0.0,normal,0.0,NORMAL,16.3,0.0,100,normal,YES,PASS,0.0,0.405,0.009,0.0,
14:03:12.607,1.0372,1.0067,1.0031,0.0,normal,0.0,normal,0.0,normal,0.0,NORMAL,11.9,0.0,100,normal,YES,PASS,0.0,0.296,0.011,0.0,
14:03:12.802,1.0182,1.0038,1.0018,0.0,normal,0.0,normal,0.0,normal,0.0,NORMAL,8.7,0.0,100,normal,YES,PASS,0.0,0.216,0.005,0.0,
14:03:12.996,1.0144,1.0144,1.0061,0.0,normal,0.0,normal,0.0,normal,0.0,NORMAL,6.3,0.0,100,normal,YES,PASS,0.0,0.157,0.004,0.0,
14:03:13.179,1.0419,1.0107,1.0045,4.8475,pothole,0.9238,normal,0.0,normal,0.0,NORMAL,20.4,0.0,100,pothole,YES,PASS,0.0,0.508,0.012,0.0,
14:03:13.361,1.0345,1.0033,1.0006,0.0,normal,0.0,normal,0.0,normal,0.0,NORMAL,14.9,0.0,100,normal,YES,PASS,0.0,0.371,0.01,0.0,
14:03:13.532,1.0158,1.0003,1.0048,0.0,normal,0.0,normal,0.0,normal,0.0,NORMAL,10.9,0.0,100,normal,YES,PASS,0.0,0.27,0.005,0.0,
14:03:13.720,1.0134,1.003,1.0017,0.0,normal,0.0,normal,0.0,normal,0.0,NORMAL,7.9,0.0,100,normal,YES,PASS,0.0,0.197,0.004,0.0,
14:03:13.915,1.0647,1.0023,1.0029,4.33,pothole,0.665,normal,0.0,normal,0.0,NORMAL,20.0,0.0,100,pothole,YES,PASS,0.0,0.495,0.018,0.0,
14:03:14.108,1.0053,1.0044,1.0028,4.33,pothole,0.665,normal,0.0,normal,0.0,NORMAL,28.5,0.0,100,pothole,YES,PASS,0.0,0.712,0.002,0.0,
14:03:14.285,1.0046,1.0066,1.0128,4.33,pothole,0.665,normal,0.0,normal,0.0,NORMAL,34.8,0.0,100,pothole,YES,PASS,0.0,0.871,0.001,0.0,
14:03:14.448,1.0114,1.0126,1.0057,4.33,pothole,0.665,normal,0.0,normal,0.0,NORMAL,39.5,0.0,100,pothole,YES,PASS,0.0,0.986,0.003,0.0,
14:03:14.626,1.0139,1.0041,1.0108,0.0,normal,0.0,normal,0.0,normal,0.0,NORMAL,28.8,0.0,100,normal,YES,PASS,0.0,0.72,0.004,0.0,
14:03:14.783,1.0293,1.0103,1.0019,0.0,normal,0.0,normal,0.0,normal,0.0,NORMAL,21.1,0.0,100,normal,YES,PASS,0.0,0.525,0.008,0.0,
14:03:14.942,1.0005,1.003,1.0016,0.0,normal,0.0,normal,0.0,normal,0.0,NORMAL,15.3,0.0,100,normal,YES,PASS,0.0,0.383,0.0,0.0,
14:03:15.138,1.0211,1.0083,1.0105,0.0,normal,0.0,normal,0.0,normal,0.0,NORMAL,11.3,0.0,100,normal,YES,PASS,0.0,0.28,0.006,0.0,
14:03:15.338,1.0305,1.0104,1.0004,0.0,normal,0.0,normal,0.0,normal,0.0,NORMAL,8.3,0.0,100,normal,YES,PASS,0.0,0.204,0.009,0.0,
14:03:15.524,1.0289,1.0028,1.0056,0.0,normal,0.0,normal,0.0,normal,0.0,NORMAL,6.0,0.0,100,normal,YES,PASS,0.0,0.149,0.008,0.0,
14:03:15.704,1.0243,1.0014,1.0004,0.0,normal,0.0,normal,0.0,normal,0.0,NORMAL,4.4,0.0,100,normal,YES,PASS,0.0,0.109,0.007,0.0,
14:03:15.881,1.0072,1.0064,1.0125,0.0,normal,0.0,normal,0.0,normal,0.0,NORMAL,3.2,0.0,100,normal,YES,PASS,0.0,0.079,0.002,0.0,
14:03:16.040,1.0304,1.0024,1.0034,0.0,normal,0.0,normal,0.0,normal,0.0,NORMAL,2.4,0.0,100,normal,YES,PASS,0.0,0.058,0.009,0.0,
14:03:16.232,1.0403,1.004,1.0132,0.0,normal,0.0,normal,0.0,normal,0.0,NORMAL,1.8,0.0,100,normal,YES,PASS,0.0,0.042,0.012,0.0,
14:03:16.398,1.0044,1.0001,1.0046,0.0,normal,0.0,normal,0.0,normal,0.0,NORMAL,1.2,0.0,100,normal,YES,PASS,0.0,0.031,0.001,0.0,
14:03:16.571,1.0341,1.0025,1.0102,0.0,normal,0.0,normal,0.0,normal,0.0,NORMAL,1.0,0.0,100,normal,YES,PASS,0.0,0.023,0.01,0.0,
14:03:16.728,1.0063,1.0068,1.0091,0.0,normal,0.0,normal,0.0,normal,0.0,NORMAL,0.7,0.0,100,normal,YES,PASS,0.0,0.016,0.002,0.0,
14:03:16.903,1.0394,1.014,1.0109,0.0,normal,0.0,normal,0.0,normal,0.0,NORMAL,0.6,0.0,100,normal,YES,PASS,0.0,0.012,0.011,0.0,
14:03:17.078,1.004,1.0109,1.009,0.0,normal,0.0,normal,0.0,normal,0.0,NORMAL,0.4,0.0,100,normal,YES,PASS,0.0,0.009,0.001,0.0,
14:03:17.255,1.0299,1.002,1.0131,5.0,pothole,1.0,normal,0.0,normal,0.0,NORMAL,16.6,0.0,100,pothole,YES,PASS,0.0,0.412,0.009,0.0,
14:03:17.430,1.0197,1.006,1.0122,5.0,pothole,1.0,normal,0.0,normal,0.0,NORMAL,28.3,0.0,100,pothole,YES,PASS,0.0,0.706,0.006,0.0,
14:03:17.598,1.0111,1.0038,1.0032,5.0,pothole,1.0,normal,0.0,normal,0.0,NORMAL,36.8,0.0,100,pothole,YES,PASS,0.0,0.92,0.003,0.0,
14:03:17.779,1.0155,1.0122,1.0027,0.0,normal,0.0,normal,0.0,normal,0.0,NORMAL,26.9,0.0,100,normal,YES,PASS,0.0,0.672,0.004,0.0,
14:03:17.944,1.074,1.0035,1.0016,0.0,normal,0.0,normal,0.0,normal,0.0,NORMAL,19.8,0.0,100,normal,YES,PASS,0.0,0.49,0.021,0.0,
14:03:18.113,1.0022,1.0035,1.0151,0.0,normal,0.0,normal,0.0,normal,0.0,NORMAL,14.3,0.0,100,normal,YES,PASS,0.0,0.358,0.001,0.0,
14:03:18.302,1.0541,1.0087,1.0075,0.0,normal,0.0,normal,0.0,normal,0.0,NORMAL,10.6,0.0,100,normal,YES,PASS,0.0,0.261,0.015,0.0,
14:03:18.497,1.0003,1.0114,1.0053,0.0,normal,0.0,normal,0.0,normal,0.0,NORMAL,7.6,0.0,100,normal,YES,PASS,0.0,0.191,0.0,0.0,
14:03:18.680,1.0349,1.0045,1.003,0.0,normal,0.0,normal,0.0,normal,0.0,NORMAL,5.7,0.0,100,normal,YES,PASS,0.0,0.139,0.01,0.0,
14:03:18.854,1.0518,1.0066,1.0049,0.0,normal,0.0,normal,0.0,normal,0.0,NORMAL,4.2,0.0,100,normal,YES,PASS,0.0,0.102,0.015,0.0,
14:03:19.035,1.0255,1.0023,1.0057,0.0,normal,0.0,normal,0.0,normal,0.0,NORMAL,3.0,0.0,100,normal,YES,PASS,0.0,0.074,0.007,0.0,
14:03:19.195,1.0139,1.0041,1.0012,0.0,normal,0.0,normal,0.0,normal,0.0,NORMAL,2.2,0.0,100,normal,YES,PASS,0.0,0.054,0.004,0.0,
14:03:19.402,1.0053,1.0,1.0134,5.0,pothole,1.0,normal,0.0,normal,0.0,NORMAL,17.8,0.0,100,pothole,YES,PASS,0.0,0.445,0.002,0.0,
14:03:19.591,1.0365,1.0044,1.0007,5.0,pothole,1.0,normal,0.0,normal,0.0,NORMAL,29.3,0.0,100,pothole,YES,PASS,0.0,0.73,0.01,0.0,
14:03:19.764,1.0428,1.0096,1.0055,5.0,pothole,1.0,normal,0.0,normal,0.0,NORMAL,37.6,0.0,100,pothole,YES,PASS,0.0,0.938,0.012,0.0,
14:03:19.937,1.005,1.0022,1.0043,0.0,normal,0.0,normal,0.0,normal,0.0,NORMAL,27.4,0.0,100,normal,YES,PASS,0.0,0.684,0.001,0.0,
14:03:20.099,1.0699,1.0074,1.011,0.0,normal,0.0,normal,0.0,normal,0.0,NORMAL,20.2,0.0,100,normal,YES,PASS,0.0,0.5,0.02,0.0,
14:03:20.275,1.0104,1.0087,1.0052,5.0,pothole,1.0,normal,0.0,normal,0.0,NORMAL,30.8,0.0,100,pothole,YES,PASS,0.0,0.77,0.003,0.0,
14:03:20.445,1.0395,1.0115,1.0108,5.0,pothole,1.0,normal,0.0,normal,0.0,NORMAL,38.8,0.0,100,pothole,YES,PASS,0.0,0.967,0.011,0.0,
14:03:20.615,1.0305,1.0103,1.0019,0.0,normal,0.0,normal,0.0,normal,0.0,NORMAL,28.3,0.0,100,normal,YES,PASS,0.0,0.706,0.009,0.0,
14:03:20.775,1.0285,1.0064,1.0094,0.0,normal,0.0,normal,0.0,normal,0.0,NORMAL,20.7,0.0,100,normal,YES,PASS,0.0,0.515,0.008,0.0,
14:03:20.969,1.0492,1.0045,1.005,5.0,pothole,1.0,normal,0.0,normal,0.0,NORMAL,31.4,0.0,100,pothole,YES,PASS,0.0,0.781,0.014,0.0,
14:03:21.145,1.0123,1.0139,1.01,5.0,pothole,1.0,normal,0.0,normal,0.0,NORMAL,39.1,0.0,100,pothole,YES,PASS,0.0,0.975,0.004,0.0,
14:03:21.313,1.045,1.011,1.012,5.0,pothole,1.0,normal,0.0,normal,0.0,NORMAL,40.1,0.0,100,pothole,YES,PASS,0.0,1.0,0.013,0.0,
14:03:21.470,1.0256,1.0089,1.0061,0.0,normal,0.0,normal,0.0,normal,0.0,NORMAL,32.7,0.0,100,normal,YES,PASS,0.0,0.815,0.007,0.0,
14:03:21.639,1.0497,1.003,1.0086,5.0,pothole,1.0,normal,0.0,normal,0.0,NORMAL,40.1,0.0,100,pothole,YES,PASS,0.0,1.0,0.014,0.0,
14:03:21.807,1.0133,1.0034,1.0007,5.0,pothole,1.0,normal,0.0,normal,0.0,NORMAL,40.0,0.0,100,pothole,YES,PASS,0.0,1.0,0.004,0.0,
14:03:21.991,1.0242,1.0125,1.005,5.0,pothole,1.0,normal,0.0,normal,0.0,NORMAL,40.1,0.0,100,pothole,YES,PASS,0.0,1.0,0.007,0.0,
14:03:22.170,1.0565,1.0123,1.0058,5.0,pothole,1.0,normal,0.0,normal,0.0,NORMAL,40.2,0.0,100,pothole,YES,PASS,0.0,1.0,0.016,0.0,
14:03:22.349,1.034,1.0032,1.0044,2.3274,speed_hump,0.6637,normal,0.0,normal,0.0,NORMAL,40.1,0.0,100,speed_hump,YES,PASS,0.0,1.0,0.01,0.0,
14:03:22.519,1.0162,1.0054,1.0012,0.0,normal,0.0,normal,0.0,normal,0.0,NORMAL,33.4,0.0,100,normal,YES,PASS,0.0,0.833,0.005,0.0,
14:03:22.696,1.0086,1.0045,1.0018,0.0,normal,0.0,normal,0.0,normal,0.0,NORMAL,24.3,0.0,100,normal,YES,PASS,0.0,0.608,0.002,0.0,
14:03:22.880,1.001,1.0072,1.0024,5.0,pothole,1.0,normal,0.0,normal,0.0,NORMAL,34.0,0.0,100,pothole,YES,PASS,0.0,0.849,0.0,0.0,
14:03:23.057,1.0216,1.0098,1.0024,0.0,normal,0.0,normal,0.0,normal,0.0,NORMAL,24.8,0.0,100,normal,YES,PASS,0.0,0.62,0.006,0.0,
14:03:23.220,1.0273,1.0063,1.0014,0.0,normal,0.0,normal,0.0,normal,0.0,NORMAL,18.2,0.0,100,normal,YES,PASS,0.0,0.452,0.008,0.0,
14:03:23.389,1.0092,1.0121,1.0017,0.0,normal,0.0,normal,0.0,normal,0.0,NORMAL,13.2,0.0,100,normal,YES,PASS,0.0,0.33,0.003,0.0,
14:03:23.553,1.0149,1.006,1.0019,0.0,normal,0.0,normal,0.0,normal,0.0,NORMAL,9.7,0.0,100,normal,YES,PASS,0.0,0.241,0.004,0.0,
14:03:23.718,1.0293,1.0135,1.0162,0.0,normal,0.0,normal,0.0,normal,0.0,NORMAL,7.1,0.0,100,normal,YES,PASS,0.0,0.176,0.008,0.0,
14:03:23.889,1.0759,1.0097,1.0024,0.0,normal,0.0,normal,0.0,normal,0.0,NORMAL,5.3,0.0,100,normal,YES,PASS,0.0,0.128,0.022,0.0,
14:03:24.043,1.058,1.001,1.0032,0.0,normal,0.0,normal,0.0,normal,0.0,NORMAL,3.9,0.0,100,normal,YES,PASS,0.0,0.094,0.017,0.0,
14:03:24.202,1.0228,1.001,1.0056,0.0,normal,0.0,normal,0.0,normal,0.0,NORMAL,2.8,0.0,100,normal,YES,PASS,0.0,0.068,0.007,0.0,
14:03:24.385,1.0435,1.0106,1.0018,0.0,normal,0.0,normal,0.0,normal,0.0,NORMAL,2.1,0.0,100,normal,YES,PASS,0.0,0.05,0.012,0.0,
14:03:24.568,1.0502,1.0051,1.0054,0.0,normal,0.0,normal,0.0,normal,0.0,NORMAL,1.6,0.0,100,normal,YES,PASS,0.0,0.036,0.014,0.0,
14:03:24.754,1.0466,1.0126,1.002,0.0,normal,0.0,normal,0.0,normal,0.0,NORMAL,1.2,0.0,100,normal,YES,PASS,0.0,0.027,0.013,0.0,
14:03:24.952,1.007,1.0035,1.003,0.0,normal,0.0,normal,0.0,normal,0.0,NORMAL,0.8,0.0,100,normal,YES,PASS,0.0,0.019,0.002,0.0,
14:03:25.123,1.0358,1.01,1.0074,0.0,normal,0.0,normal,0.0,normal,0.0,NORMAL,0.7,0.0,100,normal,YES,PASS,0.0,0.014,0.01,0.0,
14:03:25.297,1.0029,1.0093,1.0035,0.0,normal,0.0,normal,0.0,normal,0.0,NORMAL,0.4,0.0,100,normal,YES,PASS,0.0,0.01,0.001,0.0,
14:03:25.464,1.03,1.0111,1.01,0.0,normal,0.0,normal,0.0,normal,0.0,NORMAL,0.4,0.0,100,normal,YES,PASS,0.0,0.008,0.009,0.0,
14:03:25.629,1.0449,1.0093,1.0083,0.0,normal,0.0,normal,0.0,normal,0.0,NORMAL,0.3,0.0,100,normal,YES,PASS,0.0,0.006,0.013,0.0,
14:03:25.798,1.0713,1.0094,1.0068,0.0,normal,0.0,normal,0.0,normal,0.0,NORMAL,0.4,0.0,100,normal,YES,PASS,0.0,0.004,0.02,0.0,
14:03:25.976,1.0385,1.0037,1.0057,0.0,normal,0.0,speed_hump,0.504,normal,0.0,NORMAL,17.9,0.0,100,speed_hump,YES,PASS,0.0,0.003,0.011,0.504,
14:03:26.186,1.0254,1.0025,1.0082,0.0,normal,0.0,speed_hump,0.504,normal,0.0,NORMAL,17.8,0.0,100,speed_hump,YES,PASS,0.0,0.002,0.007,0.504,
14:03:26.393,1.0109,1.0096,1.0063,0.0,normal,0.0,speed_hump,0.504,normal,0.0,NORMAL,17.7,0.0,100,speed_hump,YES,PASS,0.0,0.002,0.003,0.504,
14:03:26.593,1.0271,1.0041,1.002,0.0,normal,0.0,speed_hump,0.504,normal,0.0,NORMAL,17.8,0.0,100,speed_hump,YES,PASS,0.0,0.001,0.008,0.504,
14:03:26.797,1.0428,1.0153,1.0076,0.0,normal,0.0,speed_hump,0.504,normal,0.0,NORMAL,17.8,0.0,100,speed_hump,YES,PASS,0.0,0.001,0.012,0.504,
14:03:26.984,1.0186,1.0098,1.0071,0.0,normal,0.0,speed_hump,0.504,normal,0.0,NORMAL,17.7,0.0,100,speed_hump,YES,PASS,0.0,0.001,0.005,0.504,
14:03:27.193,1.069,1.0079,1.0012,0.0,normal,0.0,speed_hump,0.504,normal,0.0,NORMAL,17.9,0.0,100,speed_hump,YES,PASS,0.0,0.0,0.02,0.504,
14:03:27.397,1.0085,1.0131,1.009,5.0,pothole,1.0,speed_hump,0.504,normal,0.0,NORMAL,33.9,0.0,100,speed_hump,YES,PASS,0.0,0.406,0.002,0.504,
14:03:27.614,1.011,1.0102,1.0138,5.0,pothole,1.0,normal,0.0,normal,0.0,NORMAL,28.1,0.0,100,pothole,YES,PASS,0.0,0.701,0.003,0.0,
14:03:27.817,1.0572,1.0077,1.0093,5.0,pothole,1.0,normal,0.0,normal,0.0,NORMAL,36.8,0.0,100,pothole,YES,PASS,0.0,0.917,0.016,0.0,
14:03:28.010,1.0009,1.0135,1.0101,5.0,pothole,1.0,normal,0.0,normal,0.0,NORMAL,40.0,0.0,100,pothole,YES,PASS,0.0,1.0,0.0,0.0,
14:03:28.255,1.0133,1.0064,1.006,5.0,pothole,1.0,normal,0.0,normal,0.0,NORMAL,40.0,0.0,100,pothole,YES,PASS,0.0,1.0,0.004,0.0,
14:03:28.473,1.0358,1.0003,1.0097,5.0,pothole,1.0,normal,0.0,normal,0.0,NORMAL,40.1,0.0,100,pothole,YES,PASS,0.0,1.0,0.01,0.0,
14:03:28.672,1.0246,1.004,1.0001,4.4677,pothole,0.7339,normal,0.0,normal,0.0,NORMAL,40.1,0.0,100,pothole,YES,PASS,0.0,1.0,0.007,0.0,
14:03:28.859,1.065,1.0135,1.0021,0.0,normal,0.0,normal,0.0,normal,0.0,NORMAL,37.9,0.0,100,normal,YES,PASS,0.0,0.943,0.019,0.0,
14:03:29.059,1.0262,1.0118,1.0158,0.0,normal,0.0,normal,0.0,normal,0.0,NORMAL,27.6,0.0,100,normal,YES,PASS,0.0,0.688,0.007,0.0,
14:03:29.245,1.0063,1.0096,1.0021,0.0,normal,0.0,normal,0.0,normal,0.0,NORMAL,20.1,0.0,100,normal,YES,PASS,0.0,0.502,0.002,0.0,
14:03:29.431,1.0444,1.0059,1.0041,0.0,normal,0.0,normal,0.0,normal,0.0,NORMAL,14.8,0.0,100,normal,YES,PASS,0.0,0.366,0.013,0.0,
14:03:29.613,1.0569,1.0022,1.0018,0.0,normal,0.0,normal,0.0,normal,0.0,NORMAL,10.9,0.0,100,normal,YES,PASS,0.0,0.267,0.016,0.0,
14:03:29.787,1.0011,1.014,1.0035,0.0,normal,0.0,normal,0.0,normal,0.0,NORMAL,7.8,0.0,100,normal,YES,PASS,0.0,0.195,0.0,0.0,
14:03:29.962,1.0492,1.0088,1.0042,0.0,normal,0.0,normal,0.0,normal,0.0,NORMAL,5.8,0.0,100,normal,YES,PASS,0.0,0.142,0.014,0.0,
14:03:30.141,1.0281,1.013,1.0109,0.0,normal,0.0,normal,0.0,normal,0.0,NORMAL,4.2,0.0,100,normal,YES,PASS,0.0,0.104,0.008,0.0,
14:03:30.314,1.0124,1.0118,1.0054,0.0,normal,0.0,normal,0.0,normal,0.0,NORMAL,3.1,0.0,100,normal,YES,PASS,0.0,0.076,0.004,0.0,
14:03:30.493,1.0202,1.0118,1.0105,0.0,normal,0.0,normal,0.0,normal,0.0,NORMAL,2.3,0.0,100,normal,YES,PASS,0.0,0.055,0.006,0.0,
14:03:30.679,1.0341,1.0036,1.0069,0.0,normal,0.0,normal,0.0,normal,0.0,NORMAL,1.7,0.0,100,normal,YES,PASS,0.0,0.04,0.01,0.0,
14:03:30.855,1.0167,1.0017,1.0009,0.0,normal,0.0,normal,0.0,normal,0.0,NORMAL,1.2,0.0,100,normal,YES,PASS,0.0,0.03,0.005,0.0,
14:03:31.029,1.0109,1.0076,1.0064,0.0,normal,0.0,normal,0.0,normal,0.0,NORMAL,0.9,0.0,100,normal,YES,PASS,0.0,0.022,0.003,0.0,
14:03:31.211,1.0095,1.0085,1.0098,0.0,normal,0.0,normal,0.0,normal,0.0,NORMAL,0.7,0.0,100,normal,YES,PASS,0.0,0.016,0.003,0.0,
14:03:31.429,1.0266,1.0006,1.0009,0.0,normal,0.0,normal,0.0,normal,0.0,NORMAL,0.5,0.0,100,normal,YES,PASS,0.0,0.011,0.008,0.0,
14:03:31.624,1.0041,1.0054,1.0014,0.0,normal,0.0,normal,0.0,normal,0.0,NORMAL,0.3,0.0,100,normal,YES,PASS,0.0,0.008,0.001,0.0,
14:03:31.815,1.0338,1.0045,1.0077,0.0,normal,0.0,normal,0.0,normal,0.0,NORMAL,0.3,0.0,100,normal,YES,PASS,0.0,0.006,0.01,0.0,
14:03:31.993,1.0673,1.0062,1.0044,0.0,normal,0.0,normal,0.0,normal,0.0,NORMAL,0.4,0.0,100,normal,YES,PASS,0.0,0.004,0.019,0.0,
14:03:32.176,1.0003,1.0067,1.001,0.0,normal,0.0,normal,0.0,normal,0.0,NORMAL,0.1,0.0,100,normal,YES,PASS,0.0,0.003,0.0,0.0,
14:03:32.344,1.033,1.0021,1.0064,0.0,normal,0.0,normal,0.0,normal,0.0,NORMAL,0.2,0.0,100,normal,YES,PASS,0.0,0.002,0.009,0.0,
14:03:32.518,1.0408,1.0049,1.0021,0.0,normal,0.0,normal,0.0,normal,0.0,NORMAL,0.2,0.0,100,normal,YES,PASS,0.0,0.002,0.012,0.0,
14:03:32.698,1.0,1.0013,1.0057,0.0,normal,0.0,normal,0.0,normal,0.0,NORMAL,0.1,0.0,100,normal,YES,PASS,0.0,0.001,0.0,0.0,
14:03:32.873,1.033,1.0052,1.0091,0.0,normal,0.0,normal,0.0,normal,0.0,NORMAL,0.1,0.0,100,normal,YES,PASS,0.0,0.001,0.009,0.0,
14:03:33.048,1.0485,1.0089,1.0019,0.0,normal,0.0,normal,0.0,normal,0.0,NORMAL,0.2,0.0,100,normal,YES,PASS,0.0,0.001,0.014,0.0,
14:03:33.227,1.0392,1.0054,1.005,0.0,normal,0.0,normal,0.0,normal,0.0,NORMAL,0.1,0.0,100,normal,YES,PASS,0.0,0.0,0.011,0.0,
14:03:33.399,1.0029,1.0046,1.0046,0.0,normal,0.0,normal,0.0,normal,0.0,NORMAL,0.0,0.0,100,normal,YES,PASS,0.0,0.0,0.001,0.0,
14:03:33.561,1.0527,1.0065,1.0135,0.0,normal,0.0,normal,0.0,normal,0.0,NORMAL,0.2,0.0,100,normal,YES,PASS,0.0,0.0,0.015,0.0,
14:03:33.740,1.0387,1.0092,1.0099,0.0,normal,0.0,speed_hump,0.5168,normal,0.0,NORMAL,18.2,0.0,100,speed_hump,YES,PASS,0.0,0.0,0.011,0.517,
14:03:33.919,1.0076,1.0117,1.0044,0.0,normal,0.0,speed_hump,0.5168,normal,0.0,NORMAL,18.1,0.0,100,speed_hump,YES,PASS,0.0,0.0,0.002,0.517,
14:03:34.093,1.0421,1.0064,1.0028,0.0,normal,0.0,speed_hump,0.5168,normal,0.0,NORMAL,18.2,0.0,100,speed_hump,YES,PASS,0.0,0.0,0.012,0.517,
14:03:34.289,1.0132,1.0067,1.0072,0.0,normal,0.0,speed_hump,0.5168,normal,0.0,NORMAL,18.1,0.0,100,speed_hump,YES,PASS,0.0,0.0,0.004,0.517,
14:03:34.468,1.0456,1.0122,1.0009,0.0,normal,0.0,speed_hump,0.5168,normal,0.0,NORMAL,18.2,0.0,100,speed_hump,YES,PASS,0.0,0.0,0.013,0.517,
14:03:34.640,1.0153,1.0112,1.0051,0.0,normal,0.0,speed_hump,0.5168,normal,0.0,NORMAL,18.1,0.0,100,speed_hump,YES,PASS,0.0,0.0,0.004,0.517,
14:03:34.812,1.0576,1.0122,1.0144,0.0,normal,0.0,speed_hump,0.5168,normal,0.0,NORMAL,18.3,0.0,100,speed_hump,YES,PASS,0.0,0.0,0.016,0.517,
14:03:34.979,1.0376,1.007,1.0032,5.0,pothole,1.0,speed_hump,0.5168,normal,0.0,NORMAL,34.4,0.0,100,speed_hump,YES,PASS,0.0,0.405,0.011,0.517,
14:03:35.147,1.0252,1.0022,1.0048,0.0,normal,0.0,speed_hump,0.5168,normal,0.0,NORMAL,30.0,0.0,100,speed_hump,YES,PASS,0.0,0.296,0.007,0.517,
14:03:35.319,1.0373,1.0107,1.0094,0.0,normal,0.0,normal,0.0,normal,0.0,NORMAL,8.7,0.0,100,normal,YES,PASS,0.0,0.216,0.011,0.0,
14:03:35.479,1.0094,1.0081,1.0042,0.0,normal,0.0,normal,0.0,normal,0.0,NORMAL,6.3,0.0,100,normal,YES,PASS,0.0,0.158,0.003,0.0,
14:03:35.663,1.0349,1.0076,1.0042,0.0,normal,0.0,normal,0.0,normal,0.0,NORMAL,4.7,0.0,100,normal,YES,PASS,0.0,0.115,0.01,0.0,
14:03:35.825,1.0624,1.006,1.0058,0.0,normal,0.0,normal,0.0,normal,0.0,NORMAL,3.5,0.0,100,normal,YES,PASS,0.0,0.084,0.018,0.0,
14:03:35.998,1.0147,1.0056,1.0093,0.0,normal,0.0,normal,0.0,normal,0.0,NORMAL,2.5,0.0,100,normal,YES,PASS,0.0,0.061,0.004,0.0,
14:03:36.168,1.0372,1.003,1.0086,0.0,normal,0.0,normal,0.0,normal,0.0,NORMAL,1.9,0.0,100,normal,YES,PASS,0.0,0.045,0.011,0.0,
14:03:36.324,1.0288,1.0113,1.0079,0.0,normal,0.0,normal,0.0,normal,0.0,NORMAL,1.4,0.0,100,normal,YES,PASS,0.0,0.033,0.008,0.0,
14:03:36.503,1.0173,1.009,1.0015,0.0,normal,0.0,normal,0.0,normal,0.0,NORMAL,1.0,0.0,100,normal,YES,PASS,0.0,0.024,0.005,0.0,
14:03:36.681,1.0491,1.0087,1.0011,0.0,normal,0.0,normal,0.0,normal,0.0,NORMAL,0.8,0.0,100,normal,YES,PASS,0.0,0.017,0.014,0.0,
14:03:36.844,1.0534,1.0071,1.0095,5.0,pothole,1.0,normal,0.0,normal,0.0,NORMAL,16.9,0.0,100,pothole,YES,PASS,0.0,0.418,0.015,0.0,
14:03:37.015,1.0341,1.0151,1.0007,0.0,normal,0.0,normal,0.0,normal,0.0,NORMAL,12.3,0.0,100,normal,YES,PASS,0.0,0.305,0.01,0.0,
14:03:37.174,1.05,1.0044,1.0071,4.3892,pothole,0.6946,normal,0.0,normal,0.0,NORMAL,23.3,0.0,100,pothole,YES,PASS,0.0,0.578,0.014,0.0,
14:03:37.342,1.0004,1.0061,1.0124,0.0,normal,0.0,normal,0.0,normal,0.0,NORMAL,16.9,0.0,100,normal,YES,PASS,0.0,0.422,0.0,0.0,
14:03:37.515,1.0318,1.0131,1.0116,5.0,pothole,1.0,normal,0.0,normal,0.0,NORMAL,28.6,0.0,100,pothole,YES,PASS,0.0,0.713,0.009,0.0,
14:03:37.876,1.0329,1.0027,1.0069,0.0,normal,0.0,normal,0.0,normal,0.0,NORMAL,20.9,0.0,100,normal,YES,PASS,0.0,0.521,0.009,0.0,
14:03:38.020,1.0395,1.0047,1.0004,0.0,normal,0.0,normal,0.0,normal,0.0,NORMAL,15.3,0.0,100,normal,YES,PASS,0.0,0.38,0.011,0.0,
14:03:38.191,1.0699,1.0031,1.0024,0.0,normal,0.0,normal,0.0,normal,0.0,NORMAL,11.3,0.0,100,normal,YES,PASS,0.0,0.277,0.02,0.0,
14:03:38.356,1.0446,1.0011,1.0091,0.0,normal,0.0,normal,0.0,normal,0.0,NORMAL,8.2,0.0,100,normal,YES,PASS,0.0,0.202,0.013,0.0,
14:03:38.523,1.0001,1.0012,1.0007,0.0,normal,0.0,normal,0.0,normal,0.0,NORMAL,5.9,0.0,100,normal,YES,PASS,0.0,0.148,0.0,0.0,
14:03:38.679,1.0199,1.009,1.0065,0.0,normal,0.0,normal,0.0,normal,0.0,NORMAL,4.4,0.0,100,normal,YES,PASS,0.0,0.108,0.006,0.0,
14:03:38.845,1.0441,1.0098,1.0102,0.0,normal,0.0,normal,0.0,normal,0.0,NORMAL,3.3,0.0,100,normal,YES,PASS,0.0,0.079,0.013,0.0,
14:03:39.011,1.0015,1.0091,1.0017,0.0,normal,0.0,normal,0.0,normal,0.0,NORMAL,2.3,0.0,100,normal,YES,PASS,0.0,0.057,0.0,0.0,
14:03:39.174,1.0136,1.0004,1.0043,0.0,normal,0.0,normal,0.0,normal,0.0,NORMAL,1.7,0.0,100,normal,YES,PASS,0.0,0.042,0.004,0.0,
14:03:39.339,1.0321,1.0084,1.007,0.0,normal,0.0,normal,0.0,normal,0.0,NORMAL,1.3,0.0,100,normal,YES,PASS,0.0,0.031,0.009,0.0,
14:03:39.521,1.0282,1.0143,1.0112,4.2438,pothole,0.6219,normal,0.0,normal,0.0,NORMAL,14.7,0.0,100,pothole,YES,PASS,0.0,0.366,0.008,0.0,
14:03:39.691,1.0355,1.0051,1.005,0.0,normal,0.0,normal,0.0,normal,0.0,NORMAL,10.8,0.0,100,normal,YES,PASS,0.0,0.267,0.01,0.0,
14:03:39.850,1.0351,1.005,1.0102,4.2438,pothole,0.6219,normal,0.0,normal,0.0,NORMAL,21.7,0.0,100,pothole,YES,PASS,0.0,0.539,0.01,0.0,
14:03:40.020,1.0745,1.0125,1.0069,4.2438,pothole,0.6219,normal,0.0,normal,0.0,NORMAL,29.7,0.0,100,pothole,YES,PASS,0.0,0.737,0.021,0.0,
14:03:40.187,1.0043,1.0056,1.0109,4.2438,pothole,0.6219,normal,0.0,normal,0.0,NORMAL,35.3,0.0,100,pothole,YES,PASS,0.0,0.882,0.001,0.0,
14:03:40.359,1.0317,1.003,1.0099,4.2438,pothole,0.6219,normal,0.0,normal,0.0,NORMAL,39.6,0.0,100,pothole,YES,PASS,0.0,0.988,0.009,0.0,
14:03:40.537,1.0149,1.0015,1.0087,4.2438,pothole,0.6219,normal,0.0,normal,0.0,NORMAL,40.0,0.0,100,pothole,YES,PASS,0.0,1.0,0.004,0.0,
14:03:40.722,1.0165,1.0018,1.0031,4.2438,pothole,0.6219,normal,0.0,normal,0.0,NORMAL,40.0,0.0,100,pothole,YES,PASS,0.0,1.0,0.005,0.0,
14:03:40.890,1.0183,1.0094,1.0091,0.0,normal,0.0,normal,0.0,normal,0.0,NORMAL,32.8,0.0,100,normal,YES,PASS,0.0,0.818,0.005,0.0,
14:03:41.050,1.0555,1.0115,1.0087,0.0,normal,0.0,normal,0.0,normal,0.0,NORMAL,24.0,0.0,100,normal,YES,PASS,0.0,0.597,0.016,0.0,
14:03:41.186,1.0037,1.0135,1.0058,0.0,normal,0.0,normal,0.0,normal,0.0,NORMAL,17.4,0.0,100,normal,YES,PASS,0.0,0.436,0.001,0.0,
14:03:41.376,1.0629,1.0108,1.008,0.0,normal,0.0,normal,0.0,normal,0.0,NORMAL,12.9,0.0,100,normal,YES,PASS,0.0,0.318,0.018,0.0,
14:03:41.553,1.0109,1.0048,1.0097,0.0,normal,0.0,normal,0.0,normal,0.0,NORMAL,9.3,0.0,100,normal,YES,PASS,0.0,0.232,0.003,0.0,
14:03:41.719,1.0006,1.0008,1.0085,0.0,normal,0.0,speed_hump,0.5036,normal,0.0,NORMAL,24.4,0.0,100,speed_hump,YES,PASS,0.0,0.169,0.0,0.504,
14:03:41.889,1.004,1.0064,1.0028,5.0,pothole,1.0,speed_hump,0.5036,normal,0.0,NORMAL,38.8,0.0,100,speed_hump,YES,PASS,0.0,0.529,0.001,0.504,
14:03:42.073,1.0202,1.0062,1.0088,5.0,pothole,1.0,speed_hump,0.5036,normal,0.0,NORMAL,49.3,0.0,100,speed_hump,YES,PASS,0.0,0.791,0.006,0.504,
14:03:42.237,1.0041,1.0022,1.009,5.0,pothole,1.0,speed_hump,0.5036,normal,0.0,NORMAL,56.9,0.28,100,speed_hump,YES,PASS,0.0,0.983,0.001,0.504,
14:03:42.425,1.0467,1.0037,1.0051,5.0,pothole,1.0,speed_hump,0.5112,normal,0.0,NORMAL,58.0,0.29,100,speed_hump,YES,PASS,0.0,1.0,0.013,0.511,
14:03:42.605,1.0346,1.0051,1.0041,5.0,pothole,1.0,speed_hump,0.5051,normal,0.0,CAUTION,57.8,0.29,86,speed_hump,NO,BLOCKED,0.0,1.0,0.01,0.505,
14:03:42.771,1.0154,1.0002,1.0035,5.0,pothole,1.0,speed_hump,0.503,normal,0.0,CAUTION,57.6,0.29,86,speed_hump,NO,BLOCKED,0.0,1.0,0.004,0.503,
14:03:42.943,1.0711,1.0011,1.002,5.0,pothole,1.0,speed_hump,0.52,normal,0.0,CAUTION,58.4,0.29,85,speed_hump,NO,BLOCKED,0.0,1.0,0.02,0.52,
14:03:43.099,1.0346,1.0071,1.0005,4.392,pothole,0.696,speed_hump,0.5323,normal,0.0,CAUTION,58.7,0.29,85,speed_hump,NO,BLOCKED,0.0,1.0,0.01,0.532,
14:03:43.278,1.0391,1.0114,1.0126,4.392,pothole,0.696,speed_hump,0.5013,normal,0.0,CAUTION,57.7,0.29,86,speed_hump,NO,BLOCKED,0.0,1.0,0.011,0.501,
14:03:43.450,1.0414,1.0118,1.003,4.392,pothole,0.696,speed_hump,0.5103,normal,0.0,CAUTION,58.0,0.29,86,speed_hump,NO,BLOCKED,0.0,1.0,0.012,0.51,
14:03:43.633,1.0379,1.0048,1.0121,5.0,pothole,1.0,speed_hump,0.5103,normal,0.0,CAUTION,58.0,0.29,86,speed_hump,NO,BLOCKED,0.0,1.0,0.011,0.51,
14:03:43.814,1.0262,1.0096,1.0089,5.0,pothole,1.0,speed_hump,0.5103,normal,0.0,CAUTION,57.9,0.29,86,speed_hump,NO,BLOCKED,0.0,1.0,0.007,0.51,
14:03:44.003,1.0318,1.0065,1.0028,5.0,pothole,1.0,speed_hump,0.5103,normal,0.0,CAUTION,58.0,0.29,86,speed_hump,NO,BLOCKED,0.0,1.0,0.009,0.51,
14:03:44.176,1.0028,1.0092,1.0017,5.0,pothole,1.0,speed_hump,0.5103,normal,0.0,CAUTION,57.9,0.29,86,speed_hump,NO,BLOCKED,0.0,1.0,0.001,0.51,
14:03:44.336,1.0222,1.0074,1.003,5.0,pothole,1.0,speed_hump,0.5103,normal,0.0,CAUTION,57.9,0.29,86,speed_hump,NO,BLOCKED,0.0,1.0,0.006,0.51,
14:03:44.507,1.0667,1.0004,1.0001,5.0,pothole,1.0,speed_hump,0.5103,normal,0.0,CAUTION,58.1,0.29,85,speed_hump,NO,BLOCKED,0.0,1.0,0.019,0.51,
14:03:44.667,1.0154,1.0031,1.0146,5.0,pothole,1.0,speed_hump,0.5103,normal,0.0,CAUTION,57.9,0.29,86,speed_hump,NO,BLOCKED,0.0,1.0,0.004,0.51,
14:03:44.851,1.0259,1.0041,1.0041,4.392,pothole,0.696,speed_hump,0.5103,normal,0.0,CAUTION,57.9,0.29,86,speed_hump,NO,BLOCKED,0.0,1.0,0.007,0.51,
14:03:45.023,1.0537,1.003,1.0082,0.0,normal,0.0,normal,0.0,normal,0.0,CAUTION,40.2,0.0,100,braking,NO,BLOCKED,0.0,1.0,0.015,0.0,
14:03:45.192,1.0007,1.0131,1.0091,0.0,normal,0.0,normal,0.0,normal,0.0,CAUTION,30.6,0.0,100,braking,NO,BLOCKED,0.0,0.766,0.0,0.0,
14:03:45.359,1.0015,1.0006,1.0008,0.0,normal,0.0,normal,0.0,normal,0.0,NORMAL,22.4,0.0,100,normal,YES,PASS,0.0,0.559,0.0,0.0,
14:03:45.521,1.0499,1.009,1.0066,0.0,normal,0.0,normal,0.0,normal,0.0,NORMAL,16.5,0.0,100,normal,YES,PASS,0.0,0.408,0.014,0.0,
14:03:45.696,1.0372,1.0118,1.0067,0.0,normal,0.0,normal,0.0,normal,0.0,NORMAL,12.0,0.0,100,normal,YES,PASS,0.0,0.298,0.011,0.0,
14:03:45.865,1.0426,1.0081,1.0051,0.0,normal,0.0,normal,0.0,normal,0.0,NORMAL,8.8,0.0,100,normal,YES,PASS,0.0,0.217,0.012,0.0,
14:03:46.032,1.0035,1.0034,1.0008,0.0,normal,0.0,normal,0.0,normal,0.0,NORMAL,6.4,0.0,100,normal,YES,PASS,0.0,0.159,0.001,0.0,
14:03:46.194,1.0051,1.0141,1.0021,0.0,normal,0.0,normal,0.0,normal,0.0,NORMAL,4.6,0.0,100,normal,YES,PASS,0.0,0.116,0.001,0.0,
14:03:46.350,1.007,1.0025,1.0045,0.0,normal,0.0,normal,0.0,normal,0.0,NORMAL,3.4,0.0,100,normal,YES,PASS,0.0,0.084,0.002,0.0,
14:03:46.513,1.0561,1.004,1.0018,0.0,normal,0.0,normal,0.0,normal,0.0,NORMAL,2.6,0.0,100,normal,YES,PASS,0.0,0.062,0.016,0.0,
14:03:46.682,1.0277,1.0031,1.0115,0.0,normal,0.0,normal,0.0,normal,0.0,NORMAL,1.9,0.0,100,normal,YES,PASS,0.0,0.045,0.008,0.0,
14:03:46.852,1.0612,1.0028,1.0126,0.0,normal,0.0,normal,0.0,normal,0.0,NORMAL,1.5,0.0,100,normal,YES,PASS,0.0,0.033,0.017,0.0,
14:03:47.011,1.004,1.011,1.0023,0.0,normal,0.0,normal,0.0,normal,0.0,NORMAL,1.0,0.0,100,normal,YES,PASS,0.0,0.024,0.001,0.0,
14:03:47.173,1.0002,1.0051,1.0117,0.0,normal,0.0,normal,0.0,normal,0.0,NORMAL,0.7,0.0,100,normal,YES,PASS,0.0,0.017,0.0,0.0,
14:03:47.370,1.0252,1.0051,1.0102,0.0,normal,0.0,normal,0.0,normal,0.0,NORMAL,0.6,0.0,100,normal,YES,PASS,0.0,0.013,0.007,0.0,
14:03:47.566,1.0007,1.0124,1.0017,0.0,normal,0.0,normal,0.0,normal,0.0,NORMAL,0.4,0.0,100,normal,YES,PASS,0.0,0.009,0.0,0.0,
14:03:47.721,1.0491,1.0088,1.0006,0.0,normal,0.0,normal,0.0,normal,0.0,NORMAL,0.4,0.0,100,normal,YES,PASS,0.0,0.007,0.014,0.0,
14:03:47.882,1.021,1.0101,1.0077,0.0,normal,0.0,normal,0.0,normal,0.0,NORMAL,0.3,0.0,100,normal,YES,PASS,0.0,0.005,0.006,0.0,
14:03:48.045,1.0105,1.01,1.0039,0.0,normal,0.0,normal,0.0,normal,0.0,NORMAL,0.2,0.0,100,normal,YES,PASS,0.0,0.004,0.003,0.0,
14:03:48.208,1.0142,1.0064,1.0014,0.0,normal,0.0,normal,0.0,normal,0.0,NORMAL,0.1,0.0,100,normal,YES,PASS,0.0,0.003,0.004,0.0,
14:03:48.372,1.0376,1.0124,1.0057,0.0,normal,0.0,normal,0.0,normal,0.0,NORMAL,0.2,0.0,100,normal,YES,PASS,0.0,0.002,0.011,0.0,
14:03:48.554,1.0176,1.0012,1.0037,0.0,normal,0.0,normal,0.0,normal,0.0,NORMAL,0.1,0.0,100,normal,YES,PASS,0.0,0.001,0.005,0.0,
14:03:48.718,1.012,1.0117,1.0112,0.0,normal,0.0,normal,0.0,normal,0.0,NORMAL,0.1,0.0,100,normal,YES,PASS,0.0,0.001,0.003,0.0,
14:03:48.879,1.0186,1.0134,1.0088,0.0,normal,0.0,normal,0.0,normal,0.0,NORMAL,0.1,0.0,100,normal,YES,PASS,0.0,0.001,0.005,0.0,
14:03:49.041,1.0617,1.0082,1.0026,0.0,normal,0.0,normal,0.0,normal,0.0,NORMAL,0.2,0.0,100,normal,YES,PASS,0.0,0.001,0.018,0.0,
14:03:49.211,1.0179,1.0026,1.0011,0.0,normal,0.0,normal,0.0,normal,0.0,NORMAL,0.1,0.0,100,normal,YES,PASS,0.0,0.0,0.005,0.0,
14:03:49.403,1.0314,1.0003,1.0043,0.0,normal,0.0,normal,0.0,normal,0.0,NORMAL,0.1,0.0,100,normal,YES,PASS,0.0,0.0,0.009,0.0,
14:03:49.574,1.0551,1.0007,1.0006,0.0,normal,0.0,normal,0.0,normal,0.0,NORMAL,0.2,0.0,100,normal,YES,PASS,0.0,0.0,0.016,0.0,
14:03:49.734,1.035,1.0062,1.0038,0.0,normal,0.0,normal,0.0,normal,0.0,NORMAL,0.1,0.0,100,normal,YES,PASS,0.0,0.0,0.01,0.0,
14:03:49.899,1.0172,1.0038,1.0066,0.0,normal,0.0,normal,0.0,normal,0.0,NORMAL,0.1,0.0,100,normal,YES,PASS,0.0,0.0,0.005,0.0,
14:03:50.057,1.014,1.0012,1.0131,0.0,normal,0.0,normal,0.0,normal,0.0,NORMAL,0.0,0.0,100,normal,YES,PASS,0.0,0.0,0.004,0.0,
14:03:50.217,1.0479,1.0056,1.0033,0.0,normal,0.0,normal,0.0,normal,0.0,NORMAL,0.1,0.0,100,normal,YES,PASS,0.0,0.0,0.014,0.0,
14:03:50.384,1.0411,1.0001,1.0074,0.0,normal,0.0,normal,0.0,normal,0.0,NORMAL,0.1,0.0,100,normal,YES,PASS,0.0,0.0,0.012,0.0,
14:03:50.549,1.0252,1.009,1.0113,0.0,normal,0.0,normal,0.0,normal,0.0,NORMAL,0.1,0.0,100,normal,YES,PASS,0.0,0.0,0.007,0.0,
14:03:50.699,1.0254,1.0073,1.0104,0.0,normal,0.0,normal,0.0,normal,0.0,NORMAL,0.1,0.0,100,normal,YES,PASS,0.0,0.0,0.007,0.0,
14:03:50.863,1.0643,1.0046,1.0128,0.0,normal,0.0,normal,0.0,normal,0.0,NORMAL,0.2,0.0,100,normal,YES,PASS,0.0,0.0,0.018,0.0,
14:03:51.044,1.051,1.0102,1.0137,0.0,normal,0.0,normal,0.0,normal,0.0,NORMAL,0.1,0.0,100,normal,YES,PASS,0.0,0.0,0.015,0.0,
14:03:51.211,1.0278,1.0109,1.0058,0.0,normal,0.0,normal,0.0,normal,0.0,NORMAL,0.1,0.0,100,normal,YES,PASS,0.0,0.0,0.008,0.0,
14:03:51.367,1.0165,1.0004,1.0073,0.0,normal,0.0,normal,0.0,normal,0.0,NORMAL,0.0,0.0,100,normal,YES,PASS,0.0,0.0,0.005,0.0,
14:03:51.512,1.0378,1.0013,1.0056,0.0,normal,0.0,normal,0.0,normal,0.0,NORMAL,0.1,0.0,100,normal,YES,PASS,0.0,0.0,0.011,0.0,
14:03:51.676,1.0619,1.0088,1.0068,0.0,normal,0.0,normal,0.0,normal,0.0,NORMAL,0.2,0.0,100,normal,YES,PASS,0.0,0.0,0.018,0.0,
14:03:51.848,1.0351,1.0034,1.0001,0.0,normal,0.0,normal,0.0,normal,0.0,NORMAL,0.1,0.0,100,normal,YES,PASS,0.0,0.0,0.01,0.0,
14:03:52.033,1.0346,1.0121,1.0133,0.0,normal,0.0,normal,0.0,normal,0.0,NORMAL,0.1,0.0,100,normal,YES,PASS,0.0,0.0,0.01,0.0,
14:03:52.193,1.0586,1.0022,1.0054,0.0,normal,0.0,normal,0.0,normal,0.0,NORMAL,0.2,0.0,100,normal,YES,PASS,0.0,0.0,0.017,0.0,
14:03:52.348,1.0099,1.008,1.0091,0.0,normal,0.0,normal,0.0,normal,0.0,NORMAL,0.0,0.0,100,normal,YES,PASS,0.0,0.0,0.003,0.0,
14:03:52.508,1.0318,1.0048,1.0119,0.0,normal,0.0,normal,0.0,normal,0.0,NORMAL,0.1,0.0,100,normal,YES,PASS,0.0,0.0,0.009,0.0,
14:03:52.664,1.0534,1.0038,1.0031,0.0,normal,0.0,normal,0.0,normal,0.0,NORMAL,0.2,0.0,100,normal,YES,PASS,0.0,0.0,0.015,0.0,
14:03:52.842,1.0019,1.001,1.0093,0.0,normal,0.0,normal,0.0,normal,0.0,NORMAL,0.0,0.0,100,normal,YES,PASS,0.0,0.0,0.001,0.0,
14:03:53.014,1.0168,1.0017,1.0082,0.0,normal,0.0,normal,0.0,normal,0.0,NORMAL,0.0,0.0,100,normal,YES,PASS,0.0,0.0,0.005,0.0,
14:03:53.187,1.055,1.006,1.0041,0.0,normal,0.0,normal,0.0,normal,0.0,NORMAL,0.2,0.0,100,normal,YES,PASS,0.0,0.0,0.016,0.0,
14:03:53.345,1.0169,1.0078,1.0057,0.0,normal,0.0,normal,0.0,normal,0.0,NORMAL,0.0,0.0,100,normal,YES,PASS,0.0,0.0,0.005,0.0,
14:03:53.502,1.0582,1.0091,1.0072,0.0,normal,0.0,normal,0.0,normal,0.0,NORMAL,0.2,0.0,100,normal,YES,PASS,0.0,0.0,0.017,0.0,
14:03:53.662,1.0152,1.0087,1.0167,0.0,normal,0.0,normal,0.0,normal,0.0,NORMAL,0.0,0.0,100,normal,YES,PASS,0.0,0.0,0.004,0.0,
14:03:53.839,1.0437,1.0031,1.0078,0.0,normal,0.0,normal,0.0,normal,0.0,NORMAL,0.1,0.0,100,normal,YES,PASS,0.0,0.0,0.012,0.0,
14:03:54.015,1.0104,1.0007,1.0022,0.0,normal,0.0,normal,0.0,normal,0.0,NORMAL,0.0,0.0,100,normal,YES,PASS,0.0,0.0,0.003,0.0,
14:03:54.173,1.0066,1.0123,1.0109,0.0,normal,0.0,normal,0.0,normal,0.0,NORMAL,0.0,0.0,100,normal,YES,PASS,0.0,0.0,0.002,0.0,
14:03:54.331,1.0197,1.0036,1.0008,0.0,normal,0.0,normal,0.0,normal,0.0,NORMAL,0.1,0.0,100,normal,YES,PASS,0.0,0.0,0.006,0.0,
14:03:54.507,1.0168,1.0011,1.0089,0.0,normal,0.0,normal,0.0,normal,0.0,NORMAL,0.0,0.0,100,normal,YES,PASS,0.0,0.0,0.005,0.0,
14:03:54.686,1.0465,1.0049,1.0029,0.0,normal,0.0,normal,0.0,normal,0.0,NORMAL,0.1,0.0,100,normal,YES,PASS,0.0,0.0,0.013,0.0,
14:03:54.853,1.0048,1.0019,1.0072,0.0,normal,0.0,normal,0.0,normal,0.0,NORMAL,0.0,0.0,100,normal,YES,PASS,0.0,0.0,0.001,0.0,
14:03:55.011,1.0667,1.0072,1.0004,0.0,normal,0.0,normal,0.0,normal,0.0,NORMAL,0.2,0.0,100,normal,YES,PASS,0.0,0.0,0.019,0.0,
14:03:55.170,1.0325,1.0076,1.0148,0.0,normal,0.0,normal,0.0,normal,0.0,NORMAL,0.1,0.0,100,normal,YES,PASS,0.0,0.0,0.009,0.0,
14:03:55.334,1.0104,1.0051,1.0086,0.0,normal,0.0,normal,0.0,normal,0.0,NORMAL,0.0,0.0,100,normal,YES,PASS,0.0,0.0,0.003,0.0,
14:03:55.507,1.0169,1.009,1.0016,0.0,normal,0.0,normal,0.0,normal,0.0,NORMAL,0.0,0.0,100,normal,YES,PASS,0.0,0.0,0.005,0.0,
14:03:55.692,1.0505,1.0087,1.009,0.0,normal,0.0,normal,0.0,normal,0.0,NORMAL,0.1,0.0,100,normal,YES,PASS,0.0,0.0,0.014,0.0,
14:03:55.855,1.0455,1.0125,1.0046,0.0,normal,0.0,normal,0.0,normal,0.0,NORMAL,0.1,0.0,100,normal,YES,PASS,0.0,0.0,0.013,0.0,
14:03:56.025,1.0506,1.003,1.0052,0.0,normal,0.0,normal,0.0,normal,0.0,NORMAL,0.1,0.0,100,normal,YES,PASS,0.0,0.0,0.014,0.0,
14:03:56.186,1.0087,1.0121,1.0017,0.0,normal,0.0,normal,0.0,normal,0.0,NORMAL,0.0,0.0,100,normal,YES,PASS,0.0,0.0,0.002,0.0,
14:03:56.371,1.0005,1.0079,1.0035,0.0,normal,0.0,normal,0.0,normal,0.0,NORMAL,0.0,0.0,100,normal,YES,PASS,0.0,0.0,0.0,0.0,
14:03:56.551,1.0504,1.0064,1.0082,0.0,normal,0.0,normal,0.0,normal,0.0,NORMAL,0.1,0.0,100,normal,YES,PASS,0.0,0.0,0.014,0.0,
14:03:56.728,1.0137,1.0009,1.0138,0.0,normal,0.0,normal,0.0,normal,0.0,NORMAL,0.0,0.0,100,normal,YES,PASS,0.0,0.0,0.004,0.0,
14:03:56.891,1.0386,1.0012,1.0008,0.0,normal,0.0,normal,0.0,normal,0.0,NORMAL,0.1,0.0,100,normal,YES,PASS,0.0,0.0,0.011,0.0,
14:03:57.060,1.0351,1.0109,1.006,0.0,normal,0.0,normal,0.0,normal,0.0,NORMAL,0.1,0.0,100,normal,YES,PASS,0.0,0.0,0.01,0.0,
14:03:57.223,1.0186,1.0079,1.0083,0.0,normal,0.0,normal,0.0,normal,0.0,NORMAL,0.1,0.0,100,normal,YES,PASS,0.0,0.0,0.005,0.0,
14:03:57.384,1.0016,1.0071,1.0092,0.0,normal,0.0,normal,0.0,normal,0.0,NORMAL,0.0,0.0,100,normal,YES,PASS,0.0,0.0,0.0,0.0,
14:03:57.553,1.0145,1.0075,1.0145,5.0,pothole,1.0,normal,0.0,normal,0.0,NORMAL,16.3,0.0,100,pothole,YES,PASS,0.0,0.405,0.004,0.0,
14:03:57.734,1.0242,1.01,1.0073,5.0,pothole,1.0,normal,0.0,normal,0.0,NORMAL,28.1,0.0,100,pothole,YES,PASS,0.0,0.701,0.007,0.0,
14:03:57.907,1.0438,1.0049,1.0122,5.0,pothole,1.0,normal,0.0,normal,0.0,NORMAL,36.8,0.0,100,pothole,YES,PASS,0.0,0.917,0.013,0.0,
14:03:58.068,1.0064,1.0059,1.0103,5.0,pothole,1.0,normal,0.0,normal,0.0,NORMAL,40.0,0.0,100,pothole,YES,PASS,0.0,1.0,0.002,0.0,
14:03:58.268,1.0598,1.0073,1.0082,5.0,pothole,1.0,normal,0.0,normal,0.0,NORMAL,40.2,0.0,100,pothole,YES,PASS,0.0,1.0,0.017,0.0,
14:03:58.436,1.0392,1.0112,1.0034,5.0,pothole,1.0,normal,0.0,normal,0.0,NORMAL,40.1,0.0,100,pothole,YES,PASS,0.0,1.0,0.011,0.0,
14:03:58.605,1.0019,1.0095,1.0035,5.0,pothole,1.0,normal,0.0,normal,0.0,NORMAL,40.0,0.0,100,pothole,YES,PASS,0.0,1.0,0.001,0.0,
14:03:58.772,1.0067,1.0053,1.0049,0.0,normal,0.0,normal,0.0,normal,0.0,NORMAL,39.0,0.0,100,normal,YES,PASS,0.0,0.974,0.002,0.0,
14:03:58.925,1.0304,1.0083,1.001,0.0,normal,0.0,normal,0.0,normal,0.0,NORMAL,28.5,0.0,100,normal,YES,PASS,0.0,0.711,0.009,0.0,
14:03:59.117,1.0523,1.0089,1.0145,0.0,normal,0.0,normal,0.0,normal,0.0,NORMAL,20.9,0.0,100,normal,YES,PASS,0.0,0.519,0.015,0.0,
14:03:59.281,1.0048,1.0104,1.0037,0.0,normal,0.0,normal,0.0,normal,0.0,NORMAL,15.2,0.0,100,normal,YES,PASS,0.0,0.379,0.001,0.0,
14:03:59.445,1.0592,1.0077,1.0032,0.0,normal,0.0,normal,0.0,normal,0.0,NORMAL,11.2,0.0,100,normal,YES,PASS,0.0,0.276,0.017,0.0,
14:03:59.615,1.0149,1.0031,1.0067,0.0,normal,0.0,normal,0.0,normal,0.0,NORMAL,8.1,0.0,100,normal,YES,PASS,0.0,0.202,0.004,0.0,
14:03:59.796,1.0251,1.0073,1.0056,0.0,normal,0.0,normal,0.0,normal,0.0,NORMAL,6.0,0.0,100,normal,YES,PASS,0.0,0.147,0.007,0.0,
14:03:59.943,1.0408,1.0033,1.0118,0.0,normal,0.0,normal,0.0,normal,0.0,NORMAL,4.4,0.0,100,normal,YES,PASS,0.0,0.107,0.012,0.0,
14:04:00.112,1.0514,1.0034,1.0103,0.0,normal,0.0,normal,0.0,normal,0.0,NORMAL,3.3,0.0,100,normal,YES,PASS,0.0,0.078,0.015,0.0,
14:04:00.267,1.0381,1.0144,1.009,0.0,normal,0.0,normal,0.0,normal,0.0,NORMAL,2.4,0.0,100,normal,YES,PASS,0.0,0.057,0.011,0.0,
14:04:00.433,1.0013,1.0072,1.0031,0.0,normal,0.0,normal,0.0,normal,0.0,NORMAL,1.7,0.0,100,normal,YES,PASS,0.0,0.042,0.0,0.0,
14:04:00.609,1.0005,1.003,1.006,0.0,normal,0.0,normal,0.0,normal,0.0,NORMAL,1.2,0.0,100,normal,YES,PASS,0.0,0.03,0.0,0.0,
14:04:00.776,1.0053,1.0067,1.0038,0.0,normal,0.0,normal,0.0,normal,0.0,NORMAL,0.9,0.0,100,normal,YES,PASS,0.0,0.022,0.002,0.0,
14:04:00.962,1.0487,1.0095,1.0043,0.0,normal,0.0,normal,0.0,normal,0.0,NORMAL,0.8,0.0,100,normal,YES,PASS,0.0,0.016,0.014,0.0,
14:04:01.123,1.0622,1.0067,1.0065,0.0,normal,0.0,normal,0.0,normal,0.0,NORMAL,0.7,0.0,100,normal,YES,PASS,0.0,0.012,0.018,0.0,
14:04:01.288,1.0555,1.0094,1.0009,0.0,normal,0.0,normal,0.0,normal,0.0,NORMAL,0.5,0.0,100,normal,YES,PASS,0.0,0.009,0.016,0.0,
14:04:01.449,1.0005,1.0017,1.0134,0.0,normal,0.0,normal,0.0,normal,0.0,NORMAL,0.3,0.0,100,normal,YES,PASS,0.0,0.006,0.0,0.0,
14:04:01.597,1.0125,1.0103,1.0061,0.0,normal,0.0,normal,0.0,normal,0.0,NORMAL,0.2,0.0,100,normal,YES,PASS,0.0,0.005,0.004,0.0,
14:04:01.747,1.0009,1.0071,1.0006,0.0,normal,0.0,normal,0.0,normal,0.0,NORMAL,0.1,0.0,100,normal,YES,PASS,0.0,0.003,0.0,0.0,
14:04:01.924,1.0472,1.005,1.0128,0.0,normal,0.0,normal,0.0,normal,0.0,NORMAL,0.2,0.0,100,normal,YES,PASS,0.0,0.002,0.013,0.0,
14:04:02.095,1.0242,1.0065,1.0011,0.0,normal,0.0,normal,0.0,normal,0.0,NORMAL,0.1,0.0,100,normal,YES,PASS,0.0,0.002,0.007,0.0,
14:04:02.265,1.007,1.0106,1.0075,4.5401,pothole,0.77,normal,0.0,normal,0.0,NORMAL,14.8,0.0,100,pothole,YES,PASS,0.0,0.369,0.002,0.0,
14:04:02.426,1.0569,1.0025,1.0016,4.5401,pothole,0.77,normal,0.0,normal,0.0,NORMAL,25.7,0.0,100,pothole,YES,PASS,0.0,0.637,0.016,0.0,
14:04:02.583,1.0636,1.0013,1.0097,4.5401,pothole,0.77,normal,0.0,normal,0.0,NORMAL,33.5,0.0,100,pothole,YES,PASS,0.0,0.833,0.018,0.0,
14:04:02.767,1.0567,1.0108,1.0088,4.5401,pothole,0.77,normal,0.0,normal,0.0,NORMAL,39.2,0.0,100,pothole,YES,PASS,0.0,0.976,0.016,0.0,
14:04:02.944,1.003,1.0087,1.0077,4.5401,pothole,0.77,normal,0.0,normal,0.0,NORMAL,40.0,0.0,100,pothole,YES,PASS,0.0,1.0,0.001,0.0,
14:04:03.117,1.0224,1.0106,1.0053,4.5401,pothole,0.77,normal,0.0,normal,0.0,NORMAL,40.1,0.0,100,pothole,YES,PASS,0.0,1.0,0.006,0.0,
14:04:03.285,1.0326,1.0074,1.0026,4.5401,pothole,0.77,normal,0.0,normal,0.0,NORMAL,40.1,0.0,100,pothole,YES,PASS,0.0,1.0,0.009,0.0,
14:04:03.447,1.0171,1.0107,1.0049,4.5401,pothole,0.77,normal,0.0,normal,0.0,NORMAL,40.0,0.0,100,pothole,YES,PASS,0.0,1.0,0.005,0.0,
14:04:03.611,1.0217,1.0043,1.0042,4.5401,pothole,0.77,normal,0.0,normal,0.0,NORMAL,40.1,0.0,100,pothole,YES,PASS,0.0,1.0,0.006,0.0,
14:04:03.775,1.0267,1.0042,1.0031,4.5401,pothole,0.77,normal,0.0,normal,0.0,NORMAL,40.1,0.0,100,pothole,YES,PASS,0.0,1.0,0.008,0.0,
14:04:03.955,1.0076,1.0006,1.0047,4.5401,pothole,0.77,normal,0.0,normal,0.0,NORMAL,40.0,0.0,100,pothole,YES,PASS,0.0,1.0,0.002,0.0,
14:04:04.126,1.0333,1.0071,1.015,5.0,pothole,1.0,normal,0.0,normal,0.0,NORMAL,40.1,0.0,100,pothole,YES,PASS,0.0,1.0,0.01,0.0,
14:04:04.291,1.0526,1.0081,1.0057,5.0,pothole,1.0,normal,0.0,normal,0.0,NORMAL,40.2,0.0,100,pothole,YES,PASS,0.0,1.0,0.015,0.0,
14:04:04.459,1.0326,1.0125,1.0071,5.0,pothole,1.0,normal,0.0,normal,0.0,NORMAL,40.1,0.0,100,pothole,YES,PASS,0.0,1.0,0.009,0.0,
14:04:04.641,1.0441,1.001,1.002,5.0,pothole,1.0,normal,0.0,normal,0.0,NORMAL,40.1,0.0,100,pothole,YES,PASS,0.0,1.0,0.013,0.0,
14:04:04.804,1.0184,1.0098,1.0091,5.0,pothole,1.0,speed_hump,0.5131,normal,0.0,NORMAL,58.0,0.29,100,speed_hump,YES,PASS,0.0,1.0,0.005,0.513,
14:04:04.985,1.0045,1.0036,1.0117,0.0,normal,0.0,speed_hump,0.5131,normal,0.0,NORMAL,58.0,0.29,100,speed_hump,YES,PASS,0.0,1.0,0.001,0.513,
14:04:05.164,1.0083,1.0083,1.008,0.0,normal,0.0,speed_hump,0.5131,normal,0.0,NORMAL,49.1,0.0,100,speed_hump,YES,PASS,0.0,0.779,0.002,0.513,
14:04:05.324,1.0214,1.003,1.0007,5.0,pothole,1.0,speed_hump,0.5131,normal,0.0,CAUTION,57.0,0.28,86,speed_hump,NO,BLOCKED,0.0,0.974,0.006,0.513,
14:04:05.495,1.0097,1.0084,1.0059,5.0,pothole,1.0,speed_hump,0.5131,normal,0.0,CAUTION,58.0,0.29,86,speed_hump,NO,BLOCKED,0.0,1.0,0.003,0.513,
14:04:05.668,1.0203,1.0071,1.0048,0.0,normal,0.0,speed_hump,0.5131,normal,0.0,CAUTION,50.6,0.25,87,speed_hump,NO,BLOCKED,0.0,0.815,0.006,0.513,
14:04:05.846,1.0568,1.0093,1.0095,0.0,normal,0.0,speed_hump,0.5131,normal,0.0,CAUTION,41.9,0.0,100,speed_hump,NO,BLOCKED,0.0,0.594,0.016,0.513,
14:04:06.024,1.0196,1.0041,1.0073,5.0,pothole,1.0,speed_hump,0.5131,normal,0.0,CAUTION,51.6,0.26,87,speed_hump,NO,BLOCKED,0.0,0.839,0.006,0.513,
14:04:06.249,1.0042,1.0004,1.0094,5.0,pothole,1.0,speed_hump,0.5359,normal,0.0,CAUTION,58.8,0.29,85,speed_hump,NO,BLOCKED,0.0,1.0,0.001,0.536,
14:04:06.446,1.0055,1.0042,1.0038,5.0,pothole,1.0,speed_hump,0.5357,normal,0.0,CAUTION,58.8,0.29,85,speed_hump,NO,BLOCKED,0.0,1.0,0.002,0.536,
14:04:06.611,1.0091,1.0006,1.0075,5.0,pothole,1.0,speed_hump,0.5544,normal,0.0,CAUTION,59.4,0.3,85,speed_hump,NO,BLOCKED,0.0,1.0,0.003,0.554,
14:04:06.792,1.0311,1.0141,1.0059,5.0,pothole,1.0,speed_hump,0.5168,normal,0.0,CAUTION,58.2,0.29,85,speed_hump,NO,BLOCKED,0.0,1.0,0.009,0.517,
14:04:06.985,1.0123,1.0103,1.0004,5.0,pothole,1.0,speed_hump,0.5168,normal,0.0,CAUTION,58.1,0.29,85,speed_hump,NO,BLOCKED,0.0,1.0,0.004,0.517,
14:04:07.168,1.0187,1.0052,1.0066,5.0,pothole,1.0,speed_hump,0.5168,normal,0.0,CAUTION,58.1,0.29,85,speed_hump,NO,BLOCKED,0.0,1.0,0.005,0.517,
14:04:07.346,1.0225,1.0046,1.0079,0.0,normal,0.0,speed_hump,0.5168,normal,0.0,CAUTION,58.2,0.29,85,speed_hump,NO,BLOCKED,0.0,1.0,0.006,0.517,
14:04:07.521,1.0519,1.0026,1.0119,0.0,normal,0.0,speed_hump,0.5168,normal,0.0,CAUTION,48.1,0.0,100,speed_hump,NO,BLOCKED,0.0,0.746,0.015,0.517,
14:04:07.680,1.0526,1.0045,1.0061,0.0,normal,0.0,speed_hump,0.5168,normal,0.0,CAUTION,40.0,0.0,100,speed_hump,NO,BLOCKED,0.0,0.544,0.015,0.517,
14:04:07.871,1.0526,1.0001,1.0019,5.0,pothole,1.0,speed_hump,0.5168,normal,0.0,CAUTION,50.3,0.25,87,speed_hump,NO,BLOCKED,0.0,0.803,0.015,0.517,
14:04:08.047,1.0555,1.0042,1.0097,5.0,pothole,1.0,speed_hump,0.5168,normal,0.0,CAUTION,57.9,0.29,86,speed_hump,NO,BLOCKED,0.0,0.991,0.016,0.517,
14:04:08.235,1.0516,1.0047,1.0029,5.0,pothole,1.0,speed_hump,0.5168,normal,0.0,CAUTION,58.2,0.29,85,speed_hump,NO,BLOCKED,0.0,1.0,0.015,0.517,
14:04:08.404,1.0296,1.0004,1.0048,5.0,pothole,1.0,normal,0.0,normal,0.0,CAUTION,40.1,0.0,100,pothole,NO,BLOCKED,0.0,1.0,0.008,0.0,
14:04:08.597,1.0236,1.0095,1.0117,5.0,pothole,1.0,normal,0.0,normal,0.0,CAUTION,40.1,0.0,100,pothole,NO,BLOCKED,0.0,1.0,0.007,0.0,
14:04:08.764,1.0517,1.0031,1.0103,5.0,pothole,1.0,normal,0.0,normal,0.0,NORMAL,40.1,0.0,100,pothole,YES,PASS,0.0,1.0,0.015,0.0,
14:04:08.928,1.0636,1.0109,1.0071,0.0,normal,0.0,normal,0.0,normal,0.0,NORMAL,39.8,0.0,100,normal,YES,PASS,0.0,0.989,0.018,0.0,
14:04:09.091,1.041,1.0051,1.0004,0.0,normal,0.0,normal,0.0,normal,0.0,NORMAL,29.0,0.0,100,normal,YES,PASS,0.0,0.722,0.012,0.0,
14:04:09.251,1.0068,1.0063,1.0014,5.0,pothole,1.0,normal,0.0,normal,0.0,NORMAL,37.3,0.0,100,pothole,YES,PASS,0.0,0.932,0.002,0.0,
14:04:09.427,1.0397,1.0104,1.0057,0.0,normal,0.0,normal,0.0,normal,0.0,NORMAL,27.3,0.0,100,normal,YES,PASS,0.0,0.68,0.011,0.0,
14:04:09.583,1.0671,1.0074,1.0083,0.0,normal,0.0,normal,0.0,normal,0.0,NORMAL,20.1,0.0,100,normal,YES,PASS,0.0,0.497,0.019,0.0,
14:04:09.760,1.0576,1.0119,1.0055,0.0,normal,0.0,normal,0.0,normal,0.0,NORMAL,14.7,0.0,100,normal,YES,PASS,0.0,0.362,0.016,0.0,
14:04:09.923,1.0053,1.0005,1.0077,0.0,normal,0.0,normal,0.0,normal,0.0,NORMAL,10.6,0.0,100,normal,YES,PASS,0.0,0.265,0.002,0.0,
14:04:10.086,1.0308,1.0022,1.0072,0.0,normal,0.0,normal,0.0,normal,0.0,NORMAL,7.8,0.0,100,normal,YES,PASS,0.0,0.193,0.009,0.0,
14:04:10.260,1.0409,1.0066,1.0078,0.0,normal,0.0,normal,0.0,normal,0.0,NORMAL,5.8,0.0,100,normal,YES,PASS,0.0,0.141,0.012,0.0,
14:04:10.440,1.0528,1.0052,1.0093,5.0,pothole,1.0,normal,0.0,normal,0.0,NORMAL,20.5,0.0,100,pothole,YES,PASS,0.0,0.508,0.015,0.0,
14:04:10.610,1.0332,1.0037,1.0053,0.0,normal,0.0,normal,0.0,normal,0.0,NORMAL,14.9,0.0,100,normal,YES,PASS,0.0,0.371,0.009,0.0,
14:04:10.769,1.0217,1.0005,1.0018,0.0,normal,0.0,normal,0.0,normal,0.0,NORMAL,10.9,0.0,100,normal,YES,PASS,0.0,0.271,0.006,0.0,
14:04:10.930,1.0215,1.0062,1.0065,0.0,normal,0.0,normal,0.0,normal,0.0,NORMAL,8.0,0.0,100,normal,YES,PASS,0.0,0.198,0.006,0.0,
14:04:11.090,1.0028,1.0056,1.0031,4.3307,pothole,0.6653,normal,0.0,normal,0.0,NORMAL,19.8,0.0,100,pothole,YES,PASS,0.0,0.495,0.001,0.0,
14:04:11.256,1.0178,1.0048,1.0036,4.3307,pothole,0.6653,normal,0.0,normal,0.0,NORMAL,28.5,0.0,100,pothole,YES,PASS,0.0,0.712,0.005,0.0,
14:04:11.444,1.008,1.0266,1.0112,5.0,pothole,1.0,normal,0.0,normal,0.0,NORMAL,37.0,0.0,100,pothole,YES,PASS,0.0,0.925,0.002,0.0,
14:04:11.613,1.0481,1.0061,1.0139,5.0,pothole,1.0,normal,0.0,normal,0.0,NORMAL,40.1,0.0,100,pothole,YES,PASS,0.0,1.0,0.014,0.0,
14:04:11.781,1.0178,1.0007,1.0058,5.0,pothole,1.0,normal,0.0,normal,0.0,NORMAL,40.1,0.0,100,pothole,YES,PASS,0.0,1.0,0.005,0.0,
14:04:11.961,1.0051,1.0006,1.0084,5.0,pothole,1.0,normal,0.0,normal,0.0,NORMAL,40.0,0.0,100,pothole,YES,PASS,0.0,1.0,0.001,0.0,
14:04:12.129,1.0104,1.0018,1.0089,5.0,pothole,1.0,normal,0.0,normal,0.0,NORMAL,40.0,0.0,100,pothole,YES,PASS,0.0,1.0,0.003,0.0,
14:04:12.297,1.0081,1.0011,1.0061,5.0,pothole,1.0,normal,0.0,normal,0.0,NORMAL,40.0,0.0,100,pothole,YES,PASS,0.0,1.0,0.002,0.0,
14:04:12.474,1.0398,1.007,1.0063,0.0,normal,0.0,normal,0.0,normal,0.0,NORMAL,40.1,0.0,100,normal,YES,PASS,0.0,1.0,0.011,0.0,
14:04:12.640,1.0254,1.0081,1.0108,4.3307,pothole,0.6653,normal,0.0,normal,0.0,NORMAL,40.1,0.0,100,pothole,YES,PASS,0.0,1.0,0.007,0.0,
14:04:12.844,1.0356,1.0035,1.0078,4.3307,pothole,0.6653,normal,0.0,normal,0.0,NORMAL,40.1,0.0,100,pothole,YES,PASS,0.0,1.0,0.01,0.0,
14:04:13.032,1.0463,1.0048,1.011,0.0,normal,0.0,normal,0.0,normal,0.0,NORMAL,33.5,0.0,100,normal,YES,PASS,0.0,0.835,0.013,0.0,
14:04:13.193,1.0212,1.0007,1.0064,0.0,normal,0.0,normal,0.0,normal,0.0,NORMAL,24.4,0.0,100,normal,YES,PASS,0.0,0.609,0.006,0.0,
14:04:13.364,1.0098,1.0071,1.0139,0.0,normal,0.0,normal,0.0,normal,0.0,NORMAL,17.8,0.0,100,normal,YES,PASS,0.0,0.445,0.003,0.0,
14:04:13.537,1.0159,1.0011,1.0088,0.0,normal,0.0,normal,0.0,normal,0.0,NORMAL,13.0,0.0,100,normal,YES,PASS,0.0,0.325,0.005,0.0,
14:04:13.718,1.0017,1.01,1.0038,0.0,normal,0.0,normal,0.0,normal,0.0,NORMAL,9.5,0.0,100,normal,YES,PASS,0.0,0.237,0.0,0.0,
14:04:13.886,1.0375,1.0126,1.0089,0.0,normal,0.0,normal,0.0,normal,0.0,NORMAL,7.0,0.0,100,normal,YES,PASS,0.0,0.173,0.011,0.0,
14:04:14.055,1.0229,1.0042,1.0089,0.0,normal,0.0,speed_hump,0.5003,normal,0.0,NORMAL,22.6,0.0,100,speed_hump,YES,PASS,0.0,0.126,0.007,0.5,
14:04:14.248,1.0262,1.0051,1.008,0.0,normal,0.0,speed_hump,0.5003,normal,0.0,NORMAL,21.3,0.0,100,speed_hump,YES,PASS,0.0,0.092,0.007,0.5,
14:04:14.420,1.0384,1.0046,1.0016,0.0,normal,0.0,speed_hump,0.5003,normal,0.0,NORMAL,20.3,0.0,100,speed_hump,YES,PASS,0.0,0.067,0.011,0.5,
14:04:14.593,1.0055,1.0062,1.0085,0.0,normal,0.0,speed_hump,0.5003,normal,0.0,NORMAL,19.5,0.0,100,speed_hump,YES,PASS,0.0,0.049,0.002,0.5,
14:04:14.759,1.0695,1.0049,1.0047,0.0,normal,0.0,speed_hump,0.5003,normal,0.0,NORMAL,19.1,0.0,100,speed_hump,YES,PASS,0.0,0.036,0.02,0.5,
14:04:14.943,1.0018,1.0052,1.0027,0.0,normal,0.0,speed_hump,0.5003,normal,0.0,NORMAL,18.6,0.0,100,speed_hump,YES,PASS,0.0,0.026,0.001,0.5,
14:04:15.104,1.0268,1.0011,1.0039,0.0,normal,0.0,speed_hump,0.5003,normal,0.0,NORMAL,18.3,0.0,100,speed_hump,YES,PASS,0.0,0.019,0.008,0.5,
14:04:15.271,1.0235,1.0062,1.0086,0.0,normal,0.0,speed_hump,0.5003,normal,0.0,NORMAL,18.1,0.0,100,speed_hump,YES,PASS,0.0,0.014,0.007,0.5,
14:04:15.432,1.0223,1.0037,1.0002,0.0,normal,0.0,speed_hump,0.5003,normal,0.0,NORMAL,18.0,0.0,100,speed_hump,YES,PASS,0.0,0.01,0.006,0.5,
14:04:15.606,1.0042,1.0099,1.0009,0.0,normal,0.0,normal,0.0,normal,0.0,NORMAL,0.3,0.0,100,normal,YES,PASS,0.0,0.007,0.001,0.0,
14:04:15.768,1.0201,1.0028,1.005,0.0,normal,0.0,normal,0.0,normal,0.0,NORMAL,0.3,0.0,100,normal,YES,PASS,0.0,0.005,0.006,0.0,
14:04:15.932,1.0012,1.0057,1.0037,0.0,normal,0.0,normal,0.0,normal,0.0,NORMAL,0.2,0.0,100,normal,YES,PASS,0.0,0.004,0.0,0.0,
14:04:16.124,1.014,1.0002,1.002,0.0,normal,0.0,normal,0.0,normal,0.0,NORMAL,0.2,0.0,100,normal,YES,PASS,0.0,0.003,0.004,0.0,
14:04:16.281,1.0038,1.0094,1.0028,2.6303,speed_hump,0.8152,normal,0.0,normal,0.0,NORMAL,8.6,0.0,100,speed_hump,YES,PASS,0.0,0.215,0.001,0.0,
14:04:16.462,1.0547,1.0071,1.0066,0.0,normal,0.0,normal,0.0,normal,0.0,NORMAL,6.4,0.0,100,normal,YES,PASS,0.0,0.157,0.016,0.0,
14:04:16.618,1.0478,1.0029,1.0061,0.0,normal,0.0,normal,0.0,normal,0.0,NORMAL,4.7,0.0,100,normal,YES,PASS,0.0,0.115,0.014,0.0,
14:04:16.782,1.0183,1.0105,1.0111,0.0,normal,0.0,normal,0.0,normal,0.0,NORMAL,3.4,0.0,100,normal,YES,PASS,0.0,0.084,0.005,0.0,
14:04:16.953,1.0488,1.0044,1.0151,0.0,normal,0.0,normal,0.0,normal,0.0,NORMAL,2.6,0.0,100,normal,YES,PASS,0.0,0.061,0.014,0.0,
14:04:17.117,1.0687,1.0009,1.002,0.0,normal,0.0,normal,0.0,normal,0.0,NORMAL,2.0,0.0,100,normal,YES,PASS,0.0,0.045,0.02,0.0,
14:04:17.281,1.0048,1.0078,1.0033,0.0,normal,0.0,normal,0.0,normal,0.0,NORMAL,1.3,0.0,100,normal,YES,PASS,0.0,0.033,0.001,0.0,
14:04:17.447,1.0449,1.0117,1.0078,0.0,normal,0.0,normal,0.0,normal,0.0,NORMAL,1.1,0.0,100,normal,YES,PASS,0.0,0.024,0.013,0.0,
14:04:17.629,1.064,1.0049,1.009,0.0,normal,0.0,normal,0.0,normal,0.0,NORMAL,0.9,0.0,100,normal,YES,PASS,0.0,0.017,0.018,0.0,
14:04:17.798,1.0171,1.008,1.0135,0.0,normal,0.0,normal,0.0,normal,0.0,NORMAL,0.6,0.0,100,normal,YES,PASS,0.0,0.013,0.005,0.0,
14:04:17.965,1.019,1.0037,1.0022,0.0,normal,0.0,speed_hump,0.5063,normal,0.0,NORMAL,18.1,0.0,100,speed_hump,YES,PASS,0.0,0.009,0.005,0.506,
14:04:18.132,1.0477,1.0082,1.0014,0.0,normal,0.0,speed_hump,0.5063,normal,0.0,NORMAL,18.1,0.0,100,speed_hump,YES,PASS,0.0,0.007,0.014,0.506,
14:04:18.293,1.0188,1.0088,1.0078,0.0,normal,0.0,speed_hump,0.5063,normal,0.0,NORMAL,18.0,0.0,100,speed_hump,YES,PASS,0.0,0.005,0.005,0.506,
14:04:18.473,1.0265,1.0136,1.0095,0.0,normal,0.0,speed_hump,0.5063,normal,0.0,NORMAL,17.9,0.0,100,speed_hump,YES,PASS,0.0,0.004,0.008,0.506,
14:04:18.658,1.0328,1.0037,1.0139,0.0,normal,0.0,speed_hump,0.5063,normal,0.0,NORMAL,17.9,0.0,100,speed_hump,YES,PASS,0.0,0.003,0.009,0.506,
14:04:18.831,1.0604,1.0102,1.0001,5.0,pothole,1.0,speed_hump,0.5063,normal,0.0,NORMAL,34.2,0.0,100,speed_hump,YES,PASS,0.0,0.407,0.017,0.506,
14:04:19.010,1.0301,1.0049,1.0136,0.0,normal,0.0,speed_hump,0.5063,normal,0.0,NORMAL,29.7,0.0,100,speed_hump,YES,PASS,0.0,0.297,0.009,0.506,
14:04:19.178,1.0179,1.0063,1.0004,0.0,normal,0.0,speed_hump,0.5063,normal,0.0,NORMAL,26.4,0.0,100,speed_hump,YES,PASS,0.0,0.217,0.005,0.506,
14:04:19.353,1.0316,1.005,1.004,4.7438,pothole,0.8719,speed_hump,0.5063,normal,0.0,NORMAL,39.5,0.0,100,speed_hump,YES,PASS,0.0,0.543,0.009,0.506,
14:04:19.526,1.0159,1.0131,1.0042,4.7438,pothole,0.8719,normal,0.0,normal,0.0,NORMAL,31.3,0.0,100,pothole,YES,PASS,0.0,0.781,0.005,0.0,
14:04:19.698,1.0478,1.003,1.0049,5.0,pothole,1.0,normal,0.0,normal,0.0,NORMAL,39.1,0.0,100,pothole,YES,PASS,0.0,0.975,0.014,0.0,
14:04:19.889,1.0421,1.0106,1.0026,5.0,pothole,1.0,normal,0.0,normal,0.0,NORMAL,40.1,0.0,100,pothole,YES,PASS,0.0,1.0,0.012,0.0,
14:04:20.061,1.0074,1.007,1.0023,5.0,pothole,1.0,normal,0.0,normal,0.0,NORMAL,40.0,0.0,100,pothole,YES,PASS,0.0,1.0,0.002,0.0,
14:04:20.244,1.07,1.0042,1.0069,5.0,pothole,1.0,normal,0.0,normal,0.0,NORMAL,40.2,0.0,100,pothole,YES,PASS,0.0,1.0,0.02,0.0,
14:04:20.420,1.0375,1.0035,1.0109,5.0,pothole,1.0,normal,0.0,normal,0.0,NORMAL,40.1,0.0,100,pothole,YES,PASS,0.0,1.0,0.011,0.0,
14:04:20.586,1.0245,1.0115,1.0049,5.0,pothole,1.0,normal,0.0,normal,0.0,NORMAL,40.1,0.0,100,pothole,YES,PASS,0.0,1.0,0.007,0.0,
14:04:20.756,1.0291,1.0033,1.0063,5.0,pothole,1.0,normal,0.0,normal,0.0,NORMAL,40.1,0.0,100,pothole,YES,PASS,0.0,1.0,0.008,0.0,
14:04:20.926,1.0573,1.0041,1.0021,5.0,pothole,1.0,normal,0.0,normal,0.0,NORMAL,40.2,0.0,100,pothole,YES,PASS,0.0,1.0,0.016,0.0,
14:04:21.123,1.0382,1.0006,1.0026,5.0,pothole,1.0,normal,0.0,normal,0.0,NORMAL,40.1,0.0,100,pothole,YES,PASS,0.0,1.0,0.011,0.0,
14:04:21.313,1.0135,1.0009,1.0034,5.0,pothole,1.0,normal,0.0,normal,0.0,NORMAL,40.0,0.0,100,pothole,YES,PASS,0.0,1.0,0.004,0.0,
14:04:21.482,1.0227,1.0056,1.0142,5.0,pothole,1.0,normal,0.0,normal,0.0,NORMAL,40.1,0.0,100,pothole,YES,PASS,0.0,1.0,0.006,0.0,
14:04:21.645,1.0201,1.0131,1.0053,0.0,normal,0.0,normal,0.0,normal,0.0,NORMAL,40.1,0.0,100,normal,YES,PASS,0.0,1.0,0.006,0.0,
14:04:21.819,1.0048,1.0069,1.008,5.0,pothole,1.0,normal,0.0,normal,0.0,NORMAL,40.0,0.0,100,pothole,YES,PASS,0.0,1.0,0.001,0.0,
14:04:22.013,1.0494,1.0069,1.0132,5.0,pothole,1.0,normal,0.0,normal,0.0,NORMAL,40.1,0.0,100,pothole,YES,PASS,0.0,1.0,0.014,0.0,
14:04:22.191,1.0361,1.0087,1.0016,5.0,pothole,1.0,normal,0.0,normal,0.0,NORMAL,40.1,0.0,100,pothole,YES,PASS,0.0,1.0,0.01,0.0,
14:04:22.356,1.0564,1.0073,1.0058,4.9736,pothole,0.9868,normal,0.0,normal,0.0,NORMAL,40.2,0.0,100,pothole,YES,PASS,0.0,1.0,0.016,0.0,
14:04:22.516,1.0353,1.0044,1.0123,4.9736,pothole,0.9868,normal,0.0,normal,0.0,NORMAL,40.1,0.0,100,pothole,YES,PASS,0.0,1.0,0.01,0.0,
14:04:22.689,1.0336,1.0068,1.0046,0.0,normal,0.0,normal,0.0,normal,0.0,NORMAL,40.1,0.0,100,normal,YES,PASS,0.0,1.0,0.01,0.0,
14:04:22.872,1.0504,1.0153,1.006,4.9736,pothole,0.9868,normal,0.0,normal,0.0,NORMAL,40.1,0.0,100,pothole,YES,PASS,0.0,1.0,0.014,0.0,
14:04:23.047,1.0399,1.0002,1.0108,4.9736,pothole,0.9868,normal,0.0,normal,0.0,NORMAL,40.1,0.0,100,pothole,YES,PASS,0.0,1.0,0.011,0.0,
14:04:23.214,1.0109,1.0018,1.0036,4.9736,pothole,0.9868,normal,0.0,normal,0.0,NORMAL,40.0,0.0,100,pothole,YES,PASS,0.0,1.0,0.003,0.0,
14:04:23.380,1.0218,1.0025,1.0116,0.0,normal,0.0,normal,0.0,normal,0.0,NORMAL,38.4,0.0,100,normal,YES,PASS,0.0,0.957,0.006,0.0,
14:04:23.548,1.0475,1.0041,1.0082,5.0,pothole,1.0,normal,0.0,normal,0.0,NORMAL,40.1,0.0,100,pothole,YES,PASS,0.0,1.0,0.014,0.0,
14:04:23.749,1.0099,1.0087,1.0004,0.0,normal,0.0,normal,0.0,normal,0.0,NORMAL,32.3,0.0,100,normal,YES,PASS,0.0,0.806,0.003,0.0,
14:04:23.927,1.0671,1.0032,1.0074,0.0,normal,0.0,normal,0.0,normal,0.0,NORMAL,23.7,0.0,100,normal,YES,PASS,0.0,0.588,0.019,0.0,
14:04:24.112,1.0561,1.0136,1.005,0.0,normal,0.0,normal,0.0,normal,0.0,NORMAL,17.3,0.0,100,normal,YES,PASS,0.0,0.429,0.016,0.0,
14:04:24.292,1.0276,1.0032,1.007,0.0,normal,0.0,normal,0.0,normal,0.0,NORMAL,12.6,0.0,100,normal,YES,PASS,0.0,0.313,0.008,0.0,
14:04:24.464,1.0391,1.0055,1.0028,0.0,normal,0.0,normal,0.0,normal,0.0,NORMAL,9.3,0.0,100,normal,YES,PASS,0.0,0.229,0.011,0.0,
14:04:24.627,1.0057,1.0078,1.0086,0.0,normal,0.0,normal,0.0,normal,0.0,NORMAL,6.7,0.0,100,normal,YES,PASS,0.0,0.167,0.002,0.0,
14:04:24.788,1.0333,1.0044,1.0058,0.0,normal,0.0,normal,0.0,normal,0.0,NORMAL,5.0,0.0,100,normal,YES,PASS,0.0,0.122,0.01,0.0,
14:04:24.947,1.0494,1.0067,1.0028,0.0,normal,0.0,normal,0.0,normal,0.0,NORMAL,3.7,0.0,100,normal,YES,PASS,0.0,0.089,0.014,0.0,
14:04:25.115,1.0204,1.0073,1.0126,0.0,normal,0.0,normal,0.0,normal,0.0,NORMAL,2.7,0.0,100,normal,YES,PASS,0.0,0.065,0.006,0.0,
14:04:25.279,1.0704,1.0088,1.0096,0.0,normal,0.0,normal,0.0,normal,0.0,NORMAL,2.1,0.0,100,normal,YES,PASS,0.0,0.047,0.02,0.0,
14:04:25.457,1.0476,1.01,1.0095,0.0,normal,0.0,normal,0.0,normal,0.0,NORMAL,1.5,0.0,100,normal,YES,PASS,0.0,0.035,0.014,0.0,
14:04:25.649,1.0328,1.0136,1.0055,0.0,normal,0.0,normal,0.0,normal,0.0,NORMAL,1.1,0.0,100,normal,YES,PASS,0.0,0.025,0.009,0.0,
14:04:25.822,1.0102,1.0069,1.0035,0.0,normal,0.0,normal,0.0,normal,0.0,NORMAL,0.8,0.0,100,normal,YES,PASS,0.0,0.018,0.003,0.0,
14:04:25.989,1.0314,1.0022,1.002,0.0,normal,0.0,normal,0.0,normal,0.0,NORMAL,0.6,0.0,100,normal,YES,PASS,0.0,0.013,0.009,0.0,
14:04:26.150,1.0439,1.0099,1.0113,0.0,normal,0.0,speed_hump,0.5108,normal,0.0,NORMAL,18.4,0.0,100,speed_hump,YES,PASS,0.0,0.01,0.013,0.511,
14:04:26.332,1.0637,1.0031,1.0002,0.0,normal,0.0,speed_hump,0.5108,normal,0.0,NORMAL,18.3,0.0,100,speed_hump,YES,PASS,0.0,0.007,0.018,0.511,
14:04:26.505,1.0144,1.0035,1.0074,0.0,normal,0.0,speed_hump,0.5108,normal,0.0,NORMAL,18.1,0.0,100,speed_hump,YES,PASS,0.0,0.005,0.004,0.511,
14:04:26.681,1.0114,1.0015,1.014,0.0,normal,0.0,speed_hump,0.5108,normal,0.0,NORMAL,18.1,0.0,100,speed_hump,YES,PASS,0.0,0.004,0.003,0.511,
14:04:26.853,1.0174,1.0062,1.0126,0.0,normal,0.0,speed_hump,0.5108,normal,0.0,NORMAL,18.0,0.0,100,speed_hump,YES,PASS,0.0,0.003,0.005,0.511,
14:04:27.022,1.0451,1.0082,1.0042,0.0,normal,0.0,speed_hump,0.5108,normal,0.0,NORMAL,18.1,0.0,100,speed_hump,YES,PASS,0.0,0.002,0.013,0.511,
14:04:27.206,1.0492,1.0052,1.0143,0.0,normal,0.0,speed_hump,0.5108,normal,0.0,NORMAL,18.1,0.0,100,speed_hump,YES,PASS,0.0,0.001,0.014,0.511,
14:04:27.375,1.0398,1.0059,1.0121,0.0,normal,0.0,speed_hump,0.5108,normal,0.0,NORMAL,18.0,0.0,100,speed_hump,YES,PASS,0.0,0.001,0.011,0.511,
14:04:27.552,1.0079,1.0042,1.0029,0.0,normal,0.0,speed_hump,0.5108,normal,0.0,NORMAL,17.9,0.0,100,speed_hump,YES,PASS,0.0,0.001,0.002,0.511,
14:04:27.724,1.0052,1.0092,1.0073,0.0,normal,0.0,normal,0.0,normal,0.0,NORMAL,0.0,0.0,100,normal,YES,PASS,0.0,0.001,0.001,0.0,
14:04:27.887,1.0164,1.0052,1.0096,5.0,pothole,1.0,normal,0.0,normal,0.0,NORMAL,16.3,0.0,100,pothole,YES,PASS,0.0,0.406,0.005,0.0,
14:04:28.080,1.055,1.01,1.0127,5.0,pothole,1.0,normal,0.0,normal,0.0,NORMAL,28.2,0.0,100,pothole,YES,PASS,0.0,0.701,0.016,0.0,
14:04:28.243,1.0389,1.0054,1.0102,5.0,pothole,1.0,normal,0.0,normal,0.0,NORMAL,36.8,0.0,100,pothole,YES,PASS,0.0,0.917,0.011,0.0,
14:04:28.409,1.0016,1.0052,1.0069,5.0,pothole,1.0,normal,0.0,normal,0.0,NORMAL,40.0,0.0,100,pothole,YES,PASS,0.0,1.0,0.0,0.0,
14:04:28.590,1.0448,1.0066,1.0052,5.0,pothole,1.0,normal,0.0,normal,0.0,NORMAL,40.1,0.0,100,pothole,YES,PASS,0.0,1.0,0.013,0.0,
14:04:28.766,1.0332,1.0124,1.0061,5.0,pothole,1.0,normal,0.0,normal,0.0,NORMAL,40.1,0.0,100,pothole,YES,PASS,0.0,1.0,0.009,0.0,
14:04:28.931,1.0321,1.0131,1.0101,5.0,pothole,1.0,normal,0.0,normal,0.0,NORMAL,40.1,0.0,100,pothole,YES,PASS,0.0,1.0,0.009,0.0,
14:04:29.090,1.0539,1.0047,1.0018,5.0,pothole,1.0,normal,0.0,normal,0.0,NORMAL,40.2,0.0,100,pothole,YES,PASS,0.0,1.0,0.015,0.0,
14:04:29.256,1.0513,1.006,1.0041,5.0,pothole,1.0,normal,0.0,normal,0.0,NORMAL,40.1,0.0,100,pothole,YES,PASS,0.0,1.0,0.015,0.0,
14:04:29.427,1.0107,1.0016,1.0029,5.0,pothole,1.0,normal,0.0,normal,0.0,NORMAL,40.0,0.0,100,pothole,YES,PASS,0.0,1.0,0.003,0.0,
14:04:29.598,1.0021,1.002,1.0089,5.0,pothole,1.0,normal,0.0,normal,0.0,NORMAL,40.0,0.0,100,pothole,YES,PASS,0.0,1.0,0.001,0.0,
14:04:29.778,1.0271,1.0127,1.0027,5.0,pothole,1.0,normal,0.0,normal,0.0,NORMAL,40.1,0.0,100,pothole,YES,PASS,0.0,1.0,0.008,0.0,
14:04:29.954,1.0287,1.0112,1.0157,5.0,pothole,1.0,normal,0.0,normal,0.0,NORMAL,40.1,0.0,100,pothole,YES,PASS,0.0,1.0,0.008,0.0,
14:04:30.133,1.0327,1.003,1.0105,5.0,pothole,1.0,normal,0.0,normal,0.0,NORMAL,40.1,0.0,100,pothole,YES,PASS,0.0,1.0,0.009,0.0,
14:04:30.306,1.0136,1.0069,1.0103,5.0,pothole,1.0,normal,0.0,normal,0.0,NORMAL,40.0,0.0,100,pothole,YES,PASS,0.0,1.0,0.004,0.0,
14:04:30.475,1.0034,1.0082,1.0004,0.0,normal,0.0,normal,0.0,normal,0.0,NORMAL,40.0,0.0,100,normal,YES,PASS,0.0,1.0,0.001,0.0,
14:04:30.631,1.037,1.0123,1.0033,0.0,normal,0.0,normal,0.0,normal,0.0,NORMAL,31.8,0.0,100,normal,YES,PASS,0.0,0.792,0.011,0.0,
14:04:30.816,1.0104,1.0048,1.0035,0.0,normal,0.0,normal,0.0,normal,0.0,NORMAL,23.1,0.0,100,normal,YES,PASS,0.0,0.578,0.003,0.0,
14:04:30.981,1.0075,1.0043,1.0022,5.0,pothole,1.0,normal,0.0,normal,0.0,NORMAL,33.1,0.0,100,pothole,YES,PASS,0.0,0.827,0.002,0.0,
14:04:31.154,1.0284,1.0114,1.0001,0.0,normal,0.0,normal,0.0,normal,0.0,NORMAL,24.2,0.0,100,normal,YES,PASS,0.0,0.604,0.008,0.0,
14:04:31.314,1.0587,1.0051,1.0088,0.0,normal,0.0,normal,0.0,normal,0.0,NORMAL,17.8,0.0,100,normal,YES,PASS,0.0,0.441,0.017,0.0,
14:04:31.479,1.0576,1.0004,1.0028,0.0,normal,0.0,normal,0.0,normal,0.0,NORMAL,13.0,0.0,100,normal,YES,PASS,0.0,0.322,0.016,0.0,
14:04:31.642,1.0197,1.0117,1.0073,0.0,normal,0.0,normal,0.0,normal,0.0,NORMAL,9.4,0.0,100,normal,YES,PASS,0.0,0.235,0.006,0.0,
14:04:31.821,1.004,1.0063,1.0086,0.0,normal,0.0,normal,0.0,normal,0.0,NORMAL,6.9,0.0,100,normal,YES,PASS,0.0,0.171,0.001,0.0,
14:04:31.988,1.0532,1.0025,1.0104,0.0,normal,0.0,normal,0.0,normal,0.0,NORMAL,5.2,0.0,100,normal,YES,PASS,0.0,0.125,0.015,0.0,
14:04:32.154,1.01,1.0099,1.0084,0.0,normal,0.0,normal,0.0,normal,0.0,NORMAL,3.7,0.0,100,normal,YES,PASS,0.0,0.091,0.003,0.0,
14:04:32.319,1.022,1.007,1.0019,4.6842,pothole,0.8421,normal,0.0,normal,0.0,NORMAL,17.9,0.0,100,pothole,YES,PASS,0.0,0.446,0.006,0.0,
14:04:32.493,1.0542,1.0035,1.0048,0.0,normal,0.0,normal,0.0,normal,0.0,NORMAL,13.2,0.0,100,normal,YES,PASS,0.0,0.326,0.015,0.0,
14:04:32.655,1.0583,1.0062,1.0037,0.0,normal,0.0,normal,0.0,normal,0.0,NORMAL,9.7,0.0,100,normal,YES,PASS,0.0,0.238,0.017,0.0,
14:04:32.814,1.0284,1.0035,1.0061,0.0,normal,0.0,normal,0.0,normal,0.0,NORMAL,7.0,0.0,100,normal,YES,PASS,0.0,0.173,0.008,0.0,
14:04:33.002,1.0591,1.0038,1.0107,0.0,normal,0.0,normal,0.0,normal,0.0,NORMAL,5.2,0.0,100,normal,YES,PASS,0.0,0.127,0.017,0.0,
14:04:33.180,1.0464,1.001,1.0014,0.0,normal,0.0,normal,0.0,normal,0.0,NORMAL,3.8,0.0,100,normal,YES,PASS,0.0,0.092,0.013,0.0,
14:04:33.351,1.043,1.0033,1.0062,0.0,normal,0.0,normal,0.0,normal,0.0,NORMAL,2.8,0.0,100,normal,YES,PASS,0.0,0.067,0.012,0.0,
14:04:33.525,1.0074,1.0048,1.0009,0.0,normal,0.0,normal,0.0,normal,0.0,NORMAL,2.0,0.0,100,normal,YES,PASS,0.0,0.049,0.002,0.0,
14:04:33.684,1.0103,1.0059,1.0054,0.0,normal,0.0,normal,0.0,normal,0.0,NORMAL,1.5,0.0,100,normal,YES,PASS,0.0,0.036,0.003,0.0,
14:04:33.844,1.0518,1.01,1.0023,0.0,normal,0.0,normal,0.0,normal,0.0,NORMAL,1.2,0.0,100,normal,YES,PASS,0.0,0.026,0.015,0.0,
14:04:34.014,1.0352,1.0013,1.0121,0.0,normal,0.0,normal,0.0,normal,0.0,NORMAL,0.9,0.0,100,normal,YES,PASS,0.0,0.019,0.01,0.0,
14:04:34.183,1.0266,1.0039,1.0007,0.0,normal,0.0,normal,0.0,normal,0.0,NORMAL,0.6,0.0,100,normal,YES,PASS,0.0,0.014,0.008,0.0,
14:04:34.363,1.0636,1.002,1.0022,5.0,pothole,1.0,normal,0.0,normal,0.0,NORMAL,16.8,0.0,100,pothole,YES,PASS,0.0,0.415,0.018,0.0,
14:04:34.542,1.0002,1.0059,1.0035,5.0,pothole,1.0,normal,0.0,normal,0.0,NORMAL,28.3,0.0,100,pothole,YES,PASS,0.0,0.708,0.0,0.0,
14:04:34.715,1.004,1.0061,1.0072,5.0,pothole,1.0,normal,0.0,normal,0.0,NORMAL,36.9,0.0,100,pothole,YES,PASS,0.0,0.922,0.001,0.0,
14:04:34.888,1.02,1.0092,1.0083,5.0,pothole,1.0,normal,0.0,normal,0.0,NORMAL,40.1,0.0,100,pothole,YES,PASS,0.0,1.0,0.006,0.0,
14:04:35.071,1.0193,1.0029,1.0105,5.0,pothole,1.0,normal,0.0,normal,0.0,NORMAL,40.1,0.0,100,pothole,YES,PASS,0.0,1.0,0.006,0.0,
14:04:35.240,1.0051,1.0026,1.0124,0.0,normal,0.0,normal,0.0,normal,0.0,NORMAL,34.8,0.0,100,normal,YES,PASS,0.0,0.87,0.001,0.0,
14:04:35.405,1.0515,1.0124,1.0023,5.0,pothole,1.0,normal,0.0,normal,0.0,NORMAL,40.1,0.0,100,pothole,YES,PASS,0.0,1.0,0.015,0.0,
14:04:35.588,1.0373,1.009,1.0024,5.0,pothole,1.0,normal,0.0,normal,0.0,NORMAL,40.1,0.0,100,pothole,YES,PASS,0.0,1.0,0.011,0.0,
14:04:35.758,1.0147,1.0022,1.0088,5.0,pothole,1.0,normal,0.0,normal,0.0,NORMAL,40.0,0.0,100,pothole,YES,PASS,0.0,1.0,0.004,0.0,
14:04:35.928,1.0307,1.0046,1.0,5.0,pothole,1.0,normal,0.0,normal,0.0,NORMAL,40.1,0.0,100,pothole,YES,PASS,0.0,1.0,0.009,0.0,
14:04:36.103,1.0513,1.0011,1.0065,0.0,normal,0.0,normal,0.0,normal,0.0,NORMAL,38.7,0.0,100,normal,YES,PASS,0.0,0.964,0.015,0.0,
14:04:36.264,1.024,1.0031,1.0052,0.0,normal,0.0,normal,0.0,normal,0.0,NORMAL,28.2,0.0,100,normal,YES,PASS,0.0,0.704,0.007,0.0,
14:04:36.435,1.0229,1.0056,1.0112,0.0,normal,0.0,normal,0.0,normal,0.0,NORMAL,20.6,0.0,100,normal,YES,PASS,0.0,0.514,0.007,0.0,
14:04:36.644,1.0253,1.0059,1.0004,0.0,normal,0.0,normal,0.0,normal,0.0,NORMAL,15.1,0.0,100,normal,YES,PASS,0.0,0.375,0.007,0.0,
14:04:36.815,1.0188,1.0061,1.0153,0.0,normal,0.0,normal,0.0,normal,0.0,NORMAL,11.0,0.0,100,normal,YES,PASS,0.0,0.274,0.005,0.0,
14:04:36.976,1.0121,1.0105,1.0058,0.0,normal,0.0,normal,0.0,normal,0.0,NORMAL,8.0,0.0,100,normal,YES,PASS,0.0,0.2,0.003,0.0,
14:04:37.136,1.0819,1.0031,1.0023,0.0,normal,0.0,normal,0.0,normal,0.0,NORMAL,6.1,0.0,100,normal,YES,PASS,0.0,0.146,0.023,0.0,
14:04:37.314,1.0178,1.0102,1.0052,0.0,normal,0.0,normal,0.0,normal,0.0,NORMAL,4.3,0.0,100,normal,YES,PASS,0.0,0.106,0.005,0.0,
14:04:37.540,1.0732,1.0033,1.0104,0.0,normal,0.0,normal,0.0,normal,0.0,NORMAL,3.3,0.0,100,normal,YES,PASS,0.0,0.078,0.021,0.0,
14:04:37.702,1.0281,1.0126,1.0048,0.0,normal,0.0,normal,0.0,normal,0.0,NORMAL,2.3,0.0,100,normal,YES,PASS,0.0,0.057,0.008,0.0,
14:04:37.860,1.0486,1.0032,1.0127,0.0,normal,0.0,normal,0.0,normal,0.0,NORMAL,1.8,0.0,100,normal,YES,PASS,0.0,0.041,0.014,0.0,
14:04:38.009,1.0049,1.0116,1.0029,0.0,normal,0.0,normal,0.0,normal,0.0,NORMAL,1.2,0.0,100,normal,YES,PASS,0.0,0.03,0.001,0.0,
14:04:38.166,1.0293,1.002,1.0057,0.0,normal,0.0,normal,0.0,normal,0.0,NORMAL,1.0,0.0,100,normal,YES,PASS,0.0,0.022,0.008,0.0,
14:04:38.337,1.0086,1.0052,1.011,0.0,normal,0.0,normal,0.0,normal,0.0,NORMAL,0.7,0.0,100,normal,YES,PASS,0.0,0.016,0.002,0.0,
14:04:38.503,1.0218,1.0121,1.0018,0.0,normal,0.0,normal,0.0,normal,0.0,NORMAL,0.5,0.0,100,normal,YES,PASS,0.0,0.012,0.006,0.0,
14:04:38.671,1.027,1.0029,1.0037,0.0,normal,0.0,normal,0.0,normal,0.0,NORMAL,0.4,0.0,100,normal,YES,PASS,0.0,0.009,0.008,0.0,
14:04:38.834,1.0066,1.0048,1.0107,0.0,normal,0.0,normal,0.0,normal,0.0,NORMAL,0.3,0.0,100,normal,YES,PASS,0.0,0.006,0.002,0.0,
14:04:39.022,1.0428,1.0066,1.0109,0.0,normal,0.0,normal,0.0,normal,0.0,NORMAL,0.3,0.0,100,normal,YES,PASS,0.0,0.005,0.012,0.0,
14:04:39.196,1.0143,1.0103,1.0031,0.0,normal,0.0,normal,0.0,normal,0.0,NORMAL,0.2,0.0,100,normal,YES,PASS,0.0,0.003,0.004,0.0,
14:04:39.365,1.0511,1.0003,1.0001,0.0,normal,0.0,normal,0.0,normal,0.0,NORMAL,0.2,0.0,100,normal,YES,PASS,0.0,0.002,0.015,0.0,
14:04:39.535,1.0117,1.0044,1.0031,0.0,normal,0.0,normal,0.0,normal,0.0,NORMAL,0.1,0.0,100,normal,YES,PASS,0.0,0.002,0.003,0.0,
14:04:39.685,1.0447,1.0067,1.0028,0.0,normal,0.0,normal,0.0,normal,0.0,NORMAL,0.2,0.0,100,normal,YES,PASS,0.0,0.001,0.013,0.0,
14:04:39.848,1.0241,1.0148,1.0042,0.0,normal,0.0,normal,0.0,normal,0.0,NORMAL,0.1,0.0,100,normal,YES,PASS,0.0,0.001,0.007,0.0,
14:04:40.012,1.0255,1.0068,1.0037,0.0,normal,0.0,normal,0.0,normal,0.0,NORMAL,0.1,0.0,100,normal,YES,PASS,0.0,0.001,0.007,0.0,
14:04:40.194,1.0287,1.0141,1.0016,0.0,normal,0.0,normal,0.0,normal,0.0,NORMAL,0.1,0.0,100,normal,YES,PASS,0.0,0.001,0.008,0.0,
14:04:40.356,1.0534,1.0107,1.0087,0.0,normal,0.0,normal,0.0,normal,0.0,NORMAL,0.2,0.0,100,normal,YES,PASS,0.0,0.0,0.015,0.0,
14:04:40.511,1.0487,1.0145,1.0047,0.0,normal,0.0,normal,0.0,normal,0.0,NORMAL,0.1,0.0,100,normal,YES,PASS,0.0,0.0,0.014,0.0,
14:04:40.663,1.0221,1.0061,1.0087,0.0,normal,0.0,normal,0.0,normal,0.0,NORMAL,0.1,0.0,100,normal,YES,PASS,0.0,0.0,0.006,0.0,
14:04:40.824,1.0338,1.0113,1.01,0.0,normal,0.0,normal,0.0,normal,0.0,NORMAL,0.1,0.0,100,normal,YES,PASS,0.0,0.0,0.01,0.0,
14:04:40.978,1.0495,1.0058,1.0092,0.0,normal,0.0,normal,0.0,normal,0.0,NORMAL,0.1,0.0,100,normal,YES,PASS,0.0,0.0,0.014,0.0,
14:04:41.161,1.0078,1.0062,1.0056,0.0,normal,0.0,normal,0.0,normal,0.0,NORMAL,0.0,0.0,100,normal,YES,PASS,0.0,0.0,0.002,0.0,
14:04:41.318,1.0221,1.0017,1.0047,0.0,normal,0.0,normal,0.0,normal,0.0,NORMAL,0.1,0.0,100,normal,YES,PASS,0.0,0.0,0.006,0.0,
14:04:41.474,1.0071,1.0046,1.0077,0.0,normal,0.0,normal,0.0,normal,0.0,NORMAL,0.0,0.0,100,normal,YES,PASS,0.0,0.0,0.002,0.0,
14:04:41.637,1.0318,1.0009,1.0141,0.0,normal,0.0,normal,0.0,normal,0.0,NORMAL,0.1,0.0,100,normal,YES,PASS,0.0,0.0,0.009,0.0,
14:04:41.786,1.025,1.0038,1.0132,0.0,normal,0.0,normal,0.0,normal,0.0,NORMAL,0.1,0.0,100,normal,YES,PASS,0.0,0.0,0.007,0.0,
14:04:41.954,1.0277,1.0094,1.0072,0.0,normal,0.0,normal,0.0,normal,0.0,NORMAL,0.1,0.0,100,normal,YES,PASS,0.0,0.0,0.008,0.0,
14:04:42.134,1.0158,1.0208,1.0244,0.0,normal,0.0,normal,0.0,normal,0.0,NORMAL,0.0,0.0,100,normal,YES,PASS,0.0,0.0,0.005,0.0,
14:04:42.290,1.0097,1.0022,1.0039,0.0,normal,0.0,normal,0.0,normal,0.0,NORMAL,0.0,0.0,100,normal,YES,PASS,0.0,0.0,0.003,0.0,
14:04:42.475,1.0348,1.0035,1.0025,0.0,normal,0.0,normal,0.0,normal,0.0,NORMAL,0.1,0.0,100,normal,YES,PASS,0.0,0.0,0.01,0.0,
14:04:42.638,1.0288,1.0039,1.0047,0.0,normal,0.0,normal,0.0,normal,0.0,NORMAL,0.1,0.0,100,normal,YES,PASS,0.0,0.0,0.008,0.0,
14:04:42.801,1.0186,1.0052,1.0102,0.0,normal,0.0,normal,0.0,normal,0.0,NORMAL,0.1,0.0,100,normal,YES,PASS,0.0,0.0,0.005,0.0,
14:04:42.975,1.0524,1.0109,1.0117,0.0,normal,0.0,normal,0.0,normal,0.0,NORMAL,0.1,0.0,100,normal,YES,PASS,0.0,0.0,0.015,0.0,
14:04:43.140,1.0482,1.0041,1.007,0.0,normal,0.0,normal,0.0,normal,0.0,NORMAL,0.1,0.0,100,normal,YES,PASS,0.0,0.0,0.014,0.0,
14:04:43.306,1.0472,1.006,1.0007,0.0,normal,0.0,normal,0.0,normal,0.0,NORMAL,0.1,0.0,100,normal,YES,PASS,0.0,0.0,0.013,0.0,
14:04:43.480,1.0156,1.0138,1.0123,0.0,normal,0.0,normal,0.0,normal,0.0,NORMAL,0.0,0.0,100,normal,YES,PASS,0.0,0.0,0.004,0.0,
14:04:43.649,1.0386,1.007,1.0107,0.0,normal,0.0,normal,0.0,normal,0.0,NORMAL,0.1,0.0,100,normal,YES,PASS,0.0,0.0,0.011,0.0,
14:04:43.817,1.0437,1.0046,1.0143,0.0,normal,0.0,normal,0.0,normal,0.0,NORMAL,0.1,0.0,100,normal,YES,PASS,0.0,0.0,0.012,0.0,
14:04:43.983,1.015,1.0039,1.0108,0.0,normal,0.0,normal,0.0,normal,0.0,NORMAL,0.0,0.0,100,normal,YES,PASS,0.0,0.0,0.004,0.0,
14:04:44.136,1.0763,1.0079,1.008,0.0,normal,0.0,normal,0.0,normal,0.0,NORMAL,0.2,0.0,100,normal,YES,PASS,0.0,0.0,0.022,0.0,
14:04:44.299,1.0212,1.0106,1.0021,0.0,normal,0.0,normal,0.0,normal,0.0,NORMAL,0.1,0.0,100,normal,YES,PASS,0.0,0.0,0.006,0.0,
14:04:44.470,1.0469,1.0032,1.0049,0.0,normal,0.0,normal,0.0,normal,0.0,NORMAL,0.1,0.0,100,normal,YES,PASS,0.0,0.0,0.013,0.0,
14:04:44.636,1.0245,1.0037,1.0099,0.0,normal,0.0,normal,0.0,normal,0.0,NORMAL,0.1,0.0,100,normal,YES,PASS,0.0,0.0,0.007,0.0,
14:04:44.815,1.0115,1.0082,1.0042,0.0,normal,0.0,normal,0.0,normal,0.0,NORMAL,0.0,0.0,100,normal,YES,PASS,0.0,0.0,0.003,0.0,
14:04:44.981,1.0461,1.0105,1.0144,0.0,normal,0.0,normal,0.0,normal,0.0,NORMAL,0.1,0.0,100,normal,YES,PASS,0.0,0.0,0.013,0.0,
14:04:45.140,1.0152,1.0039,1.0054,0.0,normal,0.0,normal,0.0,normal,0.0,NORMAL,0.0,0.0,100,normal,YES,PASS,0.0,0.0,0.004,0.0,
14:04:45.312,1.0593,1.0002,1.0089,0.0,normal,0.0,normal,0.0,normal,0.0,NORMAL,0.2,0.0,100,normal,YES,PASS,0.0,0.0,0.017,0.0,
14:04:45.479,1.0308,1.0018,1.0067,0.0,normal,0.0,normal,0.0,normal,0.0,NORMAL,0.1,0.0,100,normal,YES,PASS,0.0,0.0,0.009,0.0,
14:04:45.653,1.0019,1.0096,1.0017,0.0,normal,0.0,normal,0.0,normal,0.0,NORMAL,0.0,0.0,100,normal,YES,PASS,0.0,0.0,0.001,0.0,
14:04:45.813,1.0303,1.0004,1.0007,0.0,normal,0.0,normal,0.0,normal,0.0,NORMAL,0.1,0.0,100,normal,YES,PASS,0.0,0.0,0.009,0.0,
14:04:45.979,1.0295,1.0041,1.0134,0.0,normal,0.0,normal,0.0,normal,0.0,NORMAL,0.1,0.0,100,normal,YES,PASS,0.0,0.0,0.008,0.0,
14:04:46.181,1.0293,1.0056,1.002,0.0,normal,0.0,normal,0.0,normal,0.0,NORMAL,0.1,0.0,100,normal,YES,PASS,0.0,0.0,0.008,0.0,
14:04:46.358,1.0242,1.0106,1.0057,0.0,normal,0.0,normal,0.0,normal,0.0,NORMAL,0.1,0.0,100,normal,YES,PASS,0.0,0.0,0.007,0.0,
14:04:46.523,1.0037,1.0,1.0101,0.0,normal,0.0,normal,0.0,normal,0.0,NORMAL,0.0,0.0,100,normal,YES,PASS,0.0,0.0,0.001,0.0,
14:04:46.682,1.0537,1.0038,1.0065,0.0,normal,0.0,normal,0.0,normal,0.0,NORMAL,0.2,0.0,100,normal,YES,PASS,0.0,0.0,0.015,0.0,
14:04:46.837,1.0474,1.0091,1.01,0.0,normal,0.0,normal,0.0,normal,0.0,NORMAL,0.1,0.0,100,normal,YES,PASS,0.0,0.0,0.014,0.0,
14:04:46.984,1.0368,1.0023,1.007,0.0,normal,0.0,normal,0.0,normal,0.0,NORMAL,0.1,0.0,100,normal,YES,PASS,0.0,0.0,0.011,0.0,
14:04:47.133,1.0086,1.0153,1.0057,0.0,normal,0.0,normal,0.0,normal,0.0,NORMAL,0.0,0.0,100,normal,YES,PASS,0.0,0.0,0.002,0.0,
14:04:47.301,1.0331,1.0071,1.0009,0.0,normal,0.0,normal,0.0,normal,0.0,NORMAL,0.1,0.0,100,normal,YES,PASS,0.0,0.0,0.009,0.0,
14:04:47.468,1.0477,1.0129,1.0082,0.0,normal,0.0,normal,0.0,normal,0.0,NORMAL,0.1,0.0,100,normal,YES,PASS,0.0,0.0,0.014,0.0,
14:04:47.643,1.0374,1.0122,1.0095,0.0,normal,0.0,normal,0.0,normal,0.0,NORMAL,0.1,0.0,100,normal,YES,PASS,0.0,0.0,0.011,0.0,
14:04:47.822,1.041,1.0098,1.0117,0.0,normal,0.0,normal,0.0,normal,0.0,NORMAL,0.1,0.0,100,normal,YES,PASS,0.0,0.0,0.012,0.0,
14:04:48.003,1.0333,1.0142,1.0061,0.0,normal,0.0,normal,0.0,normal,0.0,NORMAL,0.1,0.0,100,normal,YES,PASS,0.0,0.0,0.01,0.0,
14:04:48.188,1.0014,1.0022,1.0109,0.0,normal,0.0,normal,0.0,normal,0.0,NORMAL,0.0,0.0,100,normal,YES,PASS,0.0,0.0,0.0,0.0,
14:04:48.364,1.071,1.0045,1.0121,0.0,normal,0.0,normal,0.0,normal,0.0,NORMAL,0.2,0.0,100,normal,YES,PASS,0.0,0.0,0.02,0.0,
14:04:48.524,1.0364,1.0031,1.0102,0.0,normal,0.0,normal,0.0,normal,0.0,NORMAL,0.1,0.0,100,normal,YES,PASS,0.0,0.0,0.01,0.0,
14:04:48.690,1.0455,1.0117,1.0035,0.0,normal,0.0,normal,0.0,normal,0.0,NORMAL,0.1,0.0,100,normal,YES,PASS,0.0,0.0,0.013,0.0,
14:04:48.860,1.0325,1.0025,1.001,0.0,normal,0.0,normal,0.0,normal,0.0,NORMAL,0.1,0.0,100,normal,YES,PASS,0.0,0.0,0.009,0.0,
14:04:49.033,1.0011,1.0123,1.0131,0.0,normal,0.0,normal,0.0,normal,0.0,NORMAL,0.0,0.0,100,normal,YES,PASS,0.0,0.0,0.0,0.0,
14:04:49.197,1.0402,1.0073,1.0049,0.0,normal,0.0,normal,0.0,normal,0.0,NORMAL,0.1,0.0,100,normal,YES,PASS,0.0,0.0,0.011,0.0,
14:04:49.385,1.0164,1.0078,1.0002,0.0,normal,0.0,normal,0.0,normal,0.0,NORMAL,0.0,0.0,100,normal,YES,PASS,0.0,0.0,0.005,0.0,
14:04:49.555,1.0051,1.0101,1.0077,0.0,normal,0.0,normal,0.0,normal,0.0,NORMAL,0.0,0.0,100,normal,YES,PASS,0.0,0.0,0.001,0.0,
14:04:49.714,1.0035,1.0061,1.0004,0.0,normal,0.0,normal,0.0,normal,0.0,NORMAL,0.0,0.0,100,normal,YES,PASS,0.0,0.0,0.001,0.0,
14:04:49.881,1.0013,1.0114,1.001,4.2769,pothole,0.6384,normal,0.0,normal,0.0,NORMAL,13.9,0.0,100,pothole,YES,PASS,0.0,0.347,0.0,0.0,
14:04:50.040,1.0408,1.0013,1.0124,4.2769,pothole,0.6384,normal,0.0,normal,0.0,NORMAL,24.1,0.0,100,pothole,YES,PASS,0.0,0.6,0.012,0.0,
14:04:50.217,1.0507,1.0121,1.0048,4.2769,pothole,0.6384,normal,0.0,normal,0.0,NORMAL,31.5,0.0,100,pothole,YES,PASS,0.0,0.784,0.014,0.0,
14:04:50.401,1.0226,1.0052,1.0041,4.2769,pothole,0.6384,normal,0.0,normal,0.0,NORMAL,36.8,0.0,100,pothole,YES,PASS,0.0,0.919,0.006,0.0,
14:04:50.584,1.0474,1.0105,1.0048,4.2769,pothole,0.6384,normal,0.0,normal,0.0,NORMAL,40.1,0.0,100,pothole,YES,PASS,0.0,1.0,0.014,0.0,
14:04:50.763,1.014,1.0144,1.0245,0.0,normal,0.0,normal,0.0,normal,0.0,NORMAL,29.7,0.0,100,normal,YES,PASS,0.0,0.743,0.004,0.0,
14:04:50.922,1.0379,1.0055,1.0119,0.0,normal,0.0,normal,0.0,normal,0.0,NORMAL,21.8,0.0,100,normal,YES,PASS,0.0,0.542,0.011,0.0,
14:04:51.116,1.0122,1.0032,1.0081,0.0,normal,0.0,normal,0.0,normal,0.0,NORMAL,15.9,0.0,100,normal,YES,PASS,0.0,0.396,0.003,0.0,
14:04:51.281,1.0308,1.0027,1.0081,0.0,normal,0.0,normal,0.0,normal,0.0,NORMAL,11.6,0.0,100,normal,YES,PASS,0.0,0.289,0.009,0.0,
14:04:51.440,1.0116,1.0072,1.0045,0.0,normal,0.0,normal,0.0,normal,0.0,NORMAL,8.5,0.0,100,normal,YES,PASS,0.0,0.211,0.003,0.0,
14:04:51.601,1.0182,1.0091,1.008,0.0,normal,0.0,normal,0.0,normal,0.0,NORMAL,6.2,0.0,100,normal,YES,PASS,0.0,0.154,0.005,0.0,
14:04:51.763,1.026,1.0085,1.0084,0.0,normal,0.0,normal,0.0,normal,0.0,NORMAL,4.6,0.0,100,normal,YES,PASS,0.0,0.112,0.007,0.0,
14:04:51.953,1.042,1.0063,1.002,0.0,normal,0.0,normal,0.0,normal,0.0,NORMAL,3.4,0.0,100,normal,YES,PASS,0.0,0.082,0.012,0.0,
14:04:52.111,1.0216,1.0035,1.0071,0.0,normal,0.0,normal,0.0,normal,0.0,NORMAL,2.5,0.0,100,normal,YES,PASS,0.0,0.06,0.006,0.0,
14:04:52.285,1.03,1.0099,1.0033,0.0,normal,0.0,normal,0.0,normal,0.0,NORMAL,1.8,0.0,100,normal,YES,PASS,0.0,0.044,0.009,0.0,
14:04:52.437,1.0068,1.0111,1.0009,0.0,normal,0.0,normal,0.0,normal,0.0,NORMAL,1.3,0.0,100,normal,YES,PASS,0.0,0.032,0.002,0.0,
14:04:52.588,1.0362,1.0082,1.0102,0.0,normal,0.0,normal,0.0,normal,0.0,NORMAL,1.0,0.0,100,normal,YES,PASS,0.0,0.023,0.01,0.0,
14:04:52.742,1.0097,1.0003,1.0004,0.0,normal,0.0,normal,0.0,normal,0.0,NORMAL,0.7,0.0,100,normal,YES,PASS,0.0,0.017,0.003,0.0,
14:04:52.899,1.0339,1.0028,1.0072,0.0,normal,0.0,normal,0.0,normal,0.0,NORMAL,0.6,0.0,100,normal,YES,PASS,0.0,0.012,0.01,0.0,
14:04:53.068,1.0358,1.0014,1.0044,0.0,normal,0.0,normal,0.0,normal,0.0,NORMAL,0.5,0.0,100,normal,YES,PASS,0.0,0.009,0.01,0.0,
14:04:53.238,1.0263,1.0096,1.0051,0.0,normal,0.0,normal,0.0,normal,0.0,NORMAL,0.3,0.0,100,normal,YES,PASS,0.0,0.007,0.008,0.0,
14:04:53.395,1.0289,1.0036,1.0077,0.0,normal,0.0,normal,0.0,normal,0.0,NORMAL,0.3,0.0,100,normal,YES,PASS,0.0,0.005,0.008,0.0,
14:04:53.567,1.0657,1.0002,1.0059,0.0,normal,0.0,normal,0.0,normal,0.0,NORMAL,0.3,0.0,100,normal,YES,PASS,0.0,0.004,0.019,0.0,
14:04:53.737,1.0357,1.0006,1.0009,0.0,normal,0.0,normal,0.0,normal,0.0,NORMAL,0.2,0.0,100,normal,YES,PASS,0.0,0.003,0.01,0.0,
14:04:53.908,1.0341,1.0085,1.0078,0.0,normal,0.0,normal,0.0,normal,0.0,NORMAL,0.2,0.0,100,normal,YES,PASS,0.0,0.002,0.01,0.0,
14:04:54.078,1.0284,1.006,1.009,0.0,normal,0.0,normal,0.0,normal,0.0,NORMAL,0.1,0.0,100,normal,YES,PASS,0.0,0.001,0.008,0.0,
14:04:54.258,1.0019,1.0036,1.0004,0.0,normal,0.0,normal,0.0,normal,0.0,NORMAL,0.0,0.0,100,normal,YES,PASS,0.0,0.001,0.001,0.0,
14:04:54.424,1.0438,1.0094,1.0093,0.0,normal,0.0,normal,0.0,normal,0.0,NORMAL,0.2,0.0,100,normal,YES,PASS,0.0,0.001,0.013,0.0,
14:04:54.592,1.0179,1.0005,1.01,0.0,normal,0.0,normal,0.0,normal,0.0,NORMAL,0.1,0.0,100,normal,YES,PASS,0.0,0.001,0.005,0.0,
14:04:54.768,1.0081,1.0112,1.0107,0.0,normal,0.0,normal,0.0,normal,0.0,NORMAL,0.0,0.0,100,normal,YES,PASS,0.0,0.0,0.002,0.0,
14:04:54.938,1.0203,1.0145,1.0093,0.0,normal,0.0,normal,0.0,normal,0.0,NORMAL,0.1,0.0,100,normal,YES,PASS,0.0,0.0,0.006,0.0,
14:04:55.099,1.0382,1.0115,1.0092,0.0,normal,0.0,normal,0.0,normal,0.0,NORMAL,0.1,0.0,100,normal,YES,PASS,0.0,0.0,0.011,0.0,
14:04:55.274,1.0327,1.0032,1.0134,0.0,normal,0.0,normal,0.0,normal,0.0,NORMAL,0.1,0.0,100,normal,YES,PASS,0.0,0.0,0.009,0.0,
14:04:55.438,1.0318,1.0038,1.0022,0.0,normal,0.0,normal,0.0,normal,0.0,NORMAL,0.1,0.0,100,normal,YES,PASS,0.0,0.0,0.009,0.0,
14:04:55.603,1.0056,1.0074,1.0077,0.0,normal,0.0,normal,0.0,normal,0.0,NORMAL,0.0,0.0,100,normal,YES,PASS,0.0,0.0,0.002,0.0,
14:04:55.766,1.0253,1.0051,1.0051,0.0,normal,0.0,normal,0.0,normal,0.0,NORMAL,0.1,0.0,100,normal,YES,PASS,0.0,0.0,0.007,0.0,
14:04:55.923,1.0079,1.0016,1.0005,0.0,normal,0.0,normal,0.0,normal,0.0,NORMAL,0.0,0.0,100,normal,YES,PASS,0.0,0.0,0.002,0.0,
14:04:56.085,1.0116,1.0035,1.0044,0.0,normal,0.0,normal,0.0,normal,0.0,NORMAL,0.0,0.0,100,normal,YES,PASS,0.0,0.0,0.003,0.0,
14:04:56.248,1.0655,1.0041,1.0025,0.0,normal,0.0,normal,0.0,normal,0.0,NORMAL,0.2,0.0,100,normal,YES,PASS,0.0,0.0,0.019,0.0,
14:04:56.416,1.0478,1.0021,1.014,0.0,normal,0.0,normal,0.0,normal,0.0,NORMAL,0.1,0.0,100,normal,YES,PASS,0.0,0.0,0.014,0.0,
14:04:56.572,1.0308,1.0008,1.0075,0.0,normal,0.0,normal,0.0,normal,0.0,NORMAL,0.1,0.0,100,normal,YES,PASS,0.0,0.0,0.009,0.0,
14:04:56.753,1.0041,1.0088,1.0085,0.0,normal,0.0,normal,0.0,normal,0.0,NORMAL,0.0,0.0,100,normal,YES,PASS,0.0,0.0,0.001,0.0,
14:04:56.922,1.0047,1.0123,1.0102,0.0,normal,0.0,normal,0.0,normal,0.0,NORMAL,0.0,0.0,100,normal,YES,PASS,0.0,0.0,0.001,0.0,
14:04:57.116,1.0458,1.0053,1.0103,0.0,normal,0.0,normal,0.0,normal,0.0,NORMAL,0.1,0.0,100,normal,YES,PASS,0.0,0.0,0.013,0.0,
14:04:57.275,1.061,1.0033,1.0025,0.0,normal,0.0,normal,0.0,normal,0.0,NORMAL,0.2,0.0,100,normal,YES,PASS,0.0,0.0,0.017,0.0,
14:04:57.441,1.0271,1.0068,1.0024,0.0,normal,0.0,normal,0.0,normal,0.0,NORMAL,0.1,0.0,100,normal,YES,PASS,0.0,0.0,0.008,0.0,
14:04:57.598,1.0421,1.0128,1.0101,0.0,normal,0.0,normal,0.0,normal,0.0,NORMAL,0.1,0.0,100,normal,YES,PASS,0.0,0.0,0.012,0.0,
14:04:57.765,1.042,1.0076,1.0104,0.0,normal,0.0,normal,0.0,normal,0.0,NORMAL,0.1,0.0,100,normal,YES,PASS,0.0,0.0,0.012,0.0,
14:04:57.911,1.0414,1.0135,1.003,0.0,normal,0.0,normal,0.0,normal,0.0,NORMAL,0.1,0.0,100,normal,YES,PASS,0.0,0.0,0.012,0.0,
14:04:58.074,1.0473,1.0013,1.0071,0.0,normal,0.0,normal,0.0,normal,0.0,NORMAL,0.1,0.0,100,normal,YES,PASS,0.0,0.0,0.014,0.0,
14:04:58.257,1.0379,1.0066,1.0036,0.0,normal,0.0,normal,0.0,normal,0.0,NORMAL,0.1,0.0,100,normal,YES,PASS,0.0,0.0,0.011,0.0,
14:04:58.438,1.0611,1.0052,1.0069,0.0,normal,0.0,normal,0.0,normal,0.0,NORMAL,0.2,0.0,100,normal,YES,PASS,0.0,0.0,0.017,0.0,
14:04:58.603,1.0302,1.0046,1.0042,0.0,normal,0.0,normal,0.0,normal,0.0,NORMAL,0.1,0.0,100,normal,YES,PASS,0.0,0.0,0.009,0.0,
14:04:58.771,1.031,1.0089,1.0058,5.0,pothole,1.0,speed_hump,0.5065,normal,0.0,NORMAL,34.0,0.0,100,speed_hump,YES,PASS,0.0,0.405,0.009,0.506,
14:04:58.941,1.0266,1.0029,1.0044,5.0,pothole,1.0,speed_hump,0.5065,normal,0.0,NORMAL,45.8,0.0,100,speed_hump,YES,PASS,0.0,0.701,0.008,0.506,
14:04:59.109,1.0302,1.0039,1.0061,5.0,pothole,1.0,speed_hump,0.5065,normal,0.0,NORMAL,54.5,0.27,100,speed_hump,YES,PASS,0.0,0.917,0.009,0.506,
14:04:59.298,1.0349,1.0143,1.0059,5.0,pothole,1.0,speed_hump,0.5065,normal,0.0,NORMAL,57.8,0.29,100,speed_hump,YES,PASS,0.0,1.0,0.01,0.506,
14:04:59.464,1.0502,1.0081,1.0053,5.0,pothole,1.0,speed_hump,0.5065,normal,0.0,CAUTION,57.9,0.29,86,speed_hump,NO,BLOCKED,0.0,1.0,0.014,0.506,
14:04:59.642,1.0151,1.0044,1.0012,5.0,pothole,1.0,speed_hump,0.5065,normal,0.0,CAUTION,57.8,0.29,86,speed_hump,NO,BLOCKED,0.0,1.0,0.004,0.506,
14:04:59.806,1.035,1.0119,1.0045,5.0,pothole,1.0,speed_hump,0.5065,normal,0.0,CAUTION,57.8,0.29,86,speed_hump,NO,BLOCKED,0.0,1.0,0.01,0.506,
14:04:59.969,1.0199,1.0045,1.009,0.0,normal,0.0,speed_hump,0.5065,normal,0.0,CAUTION,56.7,0.28,86,speed_hump,NO,BLOCKED,0.0,0.974,0.006,0.506,
14:05:00.157,1.0099,1.0015,1.0003,0.0,normal,0.0,speed_hump,0.5065,normal,0.0,CAUTION,46.2,0.0,100,speed_hump,NO,BLOCKED,0.0,0.711,0.003,0.506,
14:05:00.325,1.0441,1.0005,1.0012,5.0,pothole,1.0,normal,0.0,normal,0.0,CAUTION,37.1,0.0,100,pothole,NO,BLOCKED,0.0,0.924,0.013,0.0,
14:05:00.497,1.012,1.0049,1.0099,5.0,pothole,1.0,normal,0.0,normal,0.0,NORMAL,40.0,0.0,100,pothole,YES,PASS,0.0,1.0,0.003,0.0,
14:05:00.681,1.0222,1.0096,1.0162,5.0,pothole,1.0,normal,0.0,normal,0.0,NORMAL,40.1,0.0,100,pothole,YES,PASS,0.0,1.0,0.006,0.0,
14:05:00.848,1.0593,1.0075,1.0047,5.0,pothole,1.0,normal,0.0,normal,0.0,NORMAL,40.2,0.0,100,pothole,YES,PASS,0.0,1.0,0.017,0.0,
14:05:01.026,1.0585,1.0128,1.0051,5.0,pothole,1.0,normal,0.0,normal,0.0,NORMAL,40.2,0.0,100,pothole,YES,PASS,0.0,1.0,0.017,0.0,
14:05:01.251,1.0169,1.0028,1.0031,5.0,pothole,1.0,normal,0.0,normal,0.0,NORMAL,40.0,0.0,100,pothole,YES,PASS,0.0,1.0,0.005,0.0,
14:05:01.427,1.0543,1.0039,1.0146,5.0,pothole,1.0,normal,0.0,normal,0.0,NORMAL,40.2,0.0,100,pothole,YES,PASS,0.0,1.0,0.016,0.0,
14:05:01.600,1.0218,1.011,1.0026,5.0,pothole,1.0,normal,0.0,normal,0.0,NORMAL,40.1,0.0,100,pothole,YES,PASS,0.0,1.0,0.006,0.0,
14:05:01.771,1.0367,1.0045,1.0022,0.0,normal,0.0,normal,0.0,normal,0.0,NORMAL,40.1,0.0,100,normal,YES,PASS,0.0,1.0,0.01,0.0,
14:05:01.952,1.0334,1.0127,1.0084,0.0,normal,0.0,normal,0.0,normal,0.0,NORMAL,30.7,0.0,100,normal,YES,PASS,0.0,0.765,0.01,0.0,
14:05:02.126,1.0038,1.0098,1.0054,0.0,normal,0.0,normal,0.0,normal,0.0,NORMAL,22.3,0.0,100,normal,YES,PASS,0.0,0.558,0.001,0.0,
14:05:02.303,1.0306,1.0072,1.002,0.0,normal,0.0,normal,0.0,normal,0.0,NORMAL,16.4,0.0,100,normal,YES,PASS,0.0,0.408,0.009,0.0,
14:05:02.480,1.0129,1.0036,1.0107,0.0,normal,0.0,normal,0.0,normal,0.0,NORMAL,11.9,0.0,100,normal,YES,PASS,0.0,0.297,0.004,0.0,
14:05:02.635,1.0314,1.0034,1.0056,0.0,normal,0.0,normal,0.0,normal,0.0,NORMAL,8.8,0.0,100,normal,YES,PASS,0.0,0.217,0.009,0.0,
14:05:02.806,1.0321,1.0067,1.0014,0.0,normal,0.0,normal,0.0,normal,0.0,NORMAL,6.4,0.0,100,normal,YES,PASS,0.0,0.158,0.009,0.0,
14:05:02.974,1.0438,1.0029,1.0005,0.0,normal,0.0,normal,0.0,normal,0.0,NORMAL,4.8,0.0,100,normal,YES,PASS,0.0,0.116,0.013,0.0,
14:05:03.136,1.0087,1.0037,1.0096,0.0,normal,0.0,normal,0.0,normal,0.0,NORMAL,3.4,0.0,100,normal,YES,PASS,0.0,0.084,0.002,0.0,
14:05:03.307,1.0,1.0056,1.0051,0.0,normal,0.0,normal,0.0,normal,0.0,NORMAL,2.5,0.0,100,normal,YES,PASS,0.0,0.062,0.0,0.0,
14:05:03.467,1.033,1.0041,1.0108,0.0,normal,0.0,normal,0.0,normal,0.0,NORMAL,1.9,0.0,100,normal,YES,PASS,0.0,0.045,0.009,0.0,
14:05:03.617,1.0002,1.0136,1.0092,0.0,normal,0.0,normal,0.0,normal,0.0,NORMAL,1.3,0.0,100,normal,YES,PASS,0.0,0.033,0.0,0.0,
14:05:03.777,1.0074,1.0136,1.0015,0.0,normal,0.0,normal,0.0,normal,0.0,NORMAL,1.0,0.0,100,normal,YES,PASS,0.0,0.024,0.002,0.0,
14:05:03.956,1.0112,1.0096,1.013,0.0,normal,0.0,normal,0.0,normal,0.0,NORMAL,0.7,0.0,100,normal,YES,PASS,0.0,0.017,0.003,0.0,
14:05:04.131,1.0064,1.0085,1.0028,0.0,normal,0.0,normal,0.0,normal,0.0,NORMAL,0.5,0.0,100,normal,YES,PASS,0.0,0.013,0.002,0.0,
14:05:04.300,1.0132,1.013,1.0027,0.0,normal,0.0,normal,0.0,normal,0.0,NORMAL,0.4,0.0,100,normal,YES,PASS,0.0,0.009,0.004,0.0,
14:05:04.464,1.0032,1.0099,1.0004,0.0,normal,0.0,normal,0.0,normal,0.0,NORMAL,0.3,0.0,100,normal,YES,PASS,0.0,0.007,0.001,0.0,
14:05:04.613,1.0483,1.0141,1.0098,0.0,normal,0.0,normal,0.0,normal,0.0,NORMAL,0.3,0.0,100,normal,YES,PASS,0.0,0.005,0.014,0.0,
14:05:04.781,1.0486,1.0023,1.0047,0.0,normal,0.0,normal,0.0,normal,0.0,NORMAL,0.3,0.0,100,normal,YES,PASS,0.0,0.004,0.014,0.0,
14:05:04.966,1.0387,1.0075,1.0058,0.0,normal,0.0,normal,0.0,normal,0.0,NORMAL,0.2,0.0,100,normal,YES,PASS,0.0,0.003,0.011,0.0,
14:05:05.140,1.0032,1.0104,1.0125,0.0,normal,0.0,normal,0.0,normal,0.0,NORMAL,0.1,0.0,100,normal,YES,PASS,0.0,0.002,0.001,0.0,
14:05:05.297,1.0359,1.0082,1.0087,0.0,normal,0.0,normal,0.0,normal,0.0,NORMAL,0.2,0.0,100,normal,YES,PASS,0.0,0.001,0.01,0.0,
14:05:05.464,1.0041,1.0032,1.0039,0.0,normal,0.0,normal,0.0,normal,0.0,NORMAL,0.1,0.0,100,normal,YES,PASS,0.0,0.001,0.001,0.0,
14:05:05.612,1.0201,1.0016,1.0092,0.0,normal,0.0,normal,0.0,normal,0.0,NORMAL,0.1,0.0,100,normal,YES,PASS,0.0,0.001,0.006,0.0,
14:05:05.766,1.0126,1.0006,1.0071,0.0,normal,0.0,normal,0.0,normal,0.0,NORMAL,0.1,0.0,100,normal,YES,PASS,0.0,0.001,0.004,0.0,
14:05:05.935,1.0164,1.0142,1.0027,0.0,normal,0.0,normal,0.0,normal,0.0,NORMAL,0.1,0.0,100,normal,YES,PASS,0.0,0.0,0.005,0.0,
14:05:06.135,1.0171,1.0104,1.0049,0.0,normal,0.0,normal,0.0,normal,0.0,NORMAL,0.1,0.0,100,normal,YES,PASS,0.0,0.0,0.005,0.0,
14:05:06.312,1.0457,1.0032,1.0106,0.0,normal,0.0,normal,0.0,normal,0.0,NORMAL,0.1,0.0,100,normal,YES,PASS,0.0,0.0,0.013,0.0,
14:05:06.470,1.0081,1.0013,1.0072,0.0,normal,0.0,normal,0.0,normal,0.0,NORMAL,0.0,0.0,100,normal,YES,PASS,0.0,0.0,0.002,0.0,
14:05:06.624,1.0074,1.0049,1.0074,0.0,normal,0.0,normal,0.0,normal,0.0,NORMAL,0.0,0.0,100,normal,YES,PASS,0.0,0.0,0.002,0.0,
14:05:06.788,1.0226,1.0125,1.0046,0.0,normal,0.0,normal,0.0,normal,0.0,NORMAL,0.1,0.0,100,normal,YES,PASS,0.0,0.0,0.006,0.0,
14:05:06.949,1.0231,1.003,1.0122,0.0,normal,0.0,normal,0.0,normal,0.0,NORMAL,0.1,0.0,100,normal,YES,PASS,0.0,0.0,0.007,0.0,
14:05:07.117,1.0102,1.0057,1.0116,0.0,normal,0.0,normal,0.0,normal,0.0,NORMAL,0.0,0.0,100,normal,YES,PASS,0.0,0.0,0.003,0.0,
14:05:07.274,1.0394,1.0012,1.005,0.0,normal,0.0,normal,0.0,normal,0.0,NORMAL,0.1,0.0,100,normal,YES,PASS,0.0,0.0,0.011,0.0,
14:05:07.454,1.0367,1.006,1.0081,0.0,normal,0.0,normal,0.0,normal,0.0,NORMAL,0.1,0.0,100,normal,YES,PASS,0.0,0.0,0.01,0.0,
14:05:07.623,1.0232,1.01,1.0105,0.0,normal,0.0,normal,0.0,normal,0.0,NORMAL,0.1,0.0,100,normal,YES,PASS,0.0,0.0,0.007,0.0,
14:05:07.790,1.0319,1.0065,1.0025,0.0,normal,0.0,normal,0.0,normal,0.0,NORMAL,0.1,0.0,100,normal,YES,PASS,0.0,0.0,0.009,0.0,
14:05:07.951,1.0348,1.0057,1.0001,0.0,normal,0.0,speed_hump,0.5085,normal,0.0,NORMAL,17.9,0.0,100,speed_hump,YES,PASS,0.0,0.0,0.01,0.508,
14:05:08.129,1.0195,1.0071,1.0104,0.0,normal,0.0,speed_hump,0.5085,normal,0.0,NORMAL,17.9,0.0,100,speed_hump,YES,PASS,0.0,0.0,0.006,0.508,
14:05:08.316,1.0073,1.0153,1.011,4.792,pothole,0.896,speed_hump,0.5085,normal,0.0,NORMAL,33.4,0.0,100,speed_hump,YES,PASS,0.0,0.388,0.002,0.508,
14:05:08.501,1.0232,1.0039,1.0059,4.792,pothole,0.896,speed_hump,0.5085,normal,0.0,NORMAL,44.7,0.0,100,speed_hump,YES,PASS,0.0,0.672,0.007,0.508,
14:05:08.683,1.0066,1.0132,1.0023,4.792,pothole,0.896,speed_hump,0.5085,normal,0.0,NORMAL,53.0,0.26,100,speed_hump,YES,PASS,0.0,0.879,0.002,0.508,
14:05:08.862,1.0029,1.0065,1.0011,4.792,pothole,0.896,speed_hump,0.5085,normal,0.0,NORMAL,57.8,0.29,100,speed_hump,YES,PASS,0.0,1.0,0.001,0.508,
14:05:09.022,1.0124,1.0089,1.0058,4.792,pothole,0.896,speed_hump,0.5085,normal,0.0,CAUTION,57.8,0.29,86,speed_hump,NO,BLOCKED,0.0,1.0,0.004,0.508,
14:05:09.193,1.0055,1.0062,1.0089,4.792,pothole,0.896,speed_hump,0.5085,normal,0.0,CAUTION,57.8,0.29,86,speed_hump,NO,BLOCKED,0.0,1.0,0.002,0.508,
14:05:09.366,1.0113,1.0025,1.005,4.792,pothole,0.896,speed_hump,0.5085,normal,0.0,CAUTION,57.8,0.29,86,speed_hump,NO,BLOCKED,0.0,1.0,0.003,0.508,
14:05:09.548,1.008,1.0022,1.0047,4.792,pothole,0.896,normal,0.0,normal,0.0,CAUTION,40.0,0.0,100,pothole,NO,BLOCKED,0.0,1.0,0.002,0.0,
14:05:09.747,1.0153,1.0039,1.0069,4.792,pothole,0.896,normal,0.0,normal,0.0,CAUTION,40.0,0.0,100,pothole,NO,BLOCKED,0.0,1.0,0.004,0.0,
14:05:09.935,1.0574,1.0057,1.0054,4.792,pothole,0.896,normal,0.0,normal,0.0,NORMAL,40.2,0.0,100,pothole,YES,PASS,0.0,1.0,0.016,0.0,
14:05:10.137,1.0446,1.0072,1.0024,5.0,pothole,1.0,normal,0.0,normal,0.0,NORMAL,40.1,0.0,100,pothole,YES,PASS,0.0,1.0,0.013,0.0,
14:05:10.336,1.0092,1.0108,1.0061,5.0,pothole,1.0,normal,0.0,normal,0.0,NORMAL,40.0,0.0,100,pothole,YES,PASS,0.0,1.0,0.003,0.0,
14:05:10.543,1.0186,1.0079,1.0004,5.0,pothole,1.0,normal,0.0,normal,0.0,NORMAL,40.1,0.0,100,pothole,YES,PASS,0.0,1.0,0.005,0.0,
14:05:10.752,1.0291,1.0028,1.009,0.0,normal,0.0,normal,0.0,normal,0.0,NORMAL,40.1,0.0,100,normal,YES,PASS,0.0,1.0,0.008,0.0,
14:05:10.948,1.0452,1.0051,1.0058,0.0,normal,0.0,normal,0.0,normal,0.0,NORMAL,31.1,0.0,100,normal,YES,PASS,0.0,0.773,0.013,0.0,
14:05:11.136,1.0245,1.012,1.0011,0.0,normal,0.0,normal,0.0,normal,0.0,NORMAL,22.6,0.0,100,normal,YES,PASS,0.0,0.564,0.007,0.0,
14:05:11.445,1.0202,1.0004,1.0069,0.0,normal,0.0,normal,0.0,normal,0.0,NORMAL,16.5,0.0,100,normal,YES,PASS,0.0,0.412,0.006,0.0,
14:05:11.738,1.0384,1.005,1.0057,0.0,normal,0.0,normal,0.0,normal,0.0,NORMAL,12.1,0.0,100,normal,YES,PASS,0.0,0.301,0.011,0.0,
14:05:12.087,1.0282,1.0054,1.0032,0.0,normal,0.0,normal,0.0,normal,0.0,NORMAL,8.9,0.0,100,normal,YES,PASS,0.0,0.219,0.008,0.0,
14:05:12.353,1.005,1.0065,1.0081,0.0,normal,0.0,normal,0.0,normal,0.0,NORMAL,6.4,0.0,100,normal,YES,PASS,0.0,0.16,0.001,0.0,
14:05:12.599,1.0219,1.0056,1.0138,0.0,normal,0.0,normal,0.0,normal,0.0,NORMAL,4.7,0.0,100,normal,YES,PASS,0.0,0.117,0.006,0.0,
14:05:12.839,1.0262,1.0002,1.0072,0.0,normal,0.0,normal,0.0,normal,0.0,NORMAL,3.5,0.0,100,normal,YES,PASS,0.0,0.085,0.007,0.0,
14:05:13.094,1.0382,1.0099,1.0081,0.0,normal,0.0,normal,0.0,normal,0.0,NORMAL,2.6,0.0,100,normal,YES,PASS,0.0,0.062,0.011,0.0,
14:05:13.337,1.0336,1.0131,1.0109,0.0,normal,0.0,normal,0.0,normal,0.0,NORMAL,1.9,0.0,100,normal,YES,PASS,0.0,0.045,0.01,0.0,
14:05:13.574,1.0252,1.0107,1.0085,0.0,normal,0.0,normal,0.0,normal,0.0,NORMAL,1.4,0.0,100,normal,YES,PASS,0.0,0.033,0.007,0.0,
14:05:13.814,1.026,1.0036,1.0141,0.0,normal,0.0,normal,0.0,normal,0.0,NORMAL,1.0,0.0,100,normal,YES,PASS,0.0,0.024,0.007,0.0,
14:05:14.073,1.0312,1.0082,1.0034,0.0,normal,0.0,normal,0.0,normal,0.0,NORMAL,0.8,0.0,100,normal,YES,PASS,0.0,0.018,0.009,0.0,
14:05:14.318,1.0135,1.0001,1.0119,0.0,normal,0.0,normal,0.0,normal,0.0,NORMAL,0.6,0.0,100,normal,YES,PASS,0.0,0.013,0.004,0.0,
14:05:14.567,1.052,1.0137,1.0039,0.0,normal,0.0,normal,0.0,normal,0.0,NORMAL,0.5,0.0,100,normal,YES,PASS,0.0,0.009,0.015,0.0,
14:05:14.813,1.0563,1.0089,1.0085,0.0,normal,0.0,normal,0.0,normal,0.0,NORMAL,0.4,0.0,100,normal,YES,PASS,0.0,0.007,0.016,0.0,
14:05:15.067,1.0042,1.0,1.0097,0.0,normal,0.0,normal,0.0,normal,0.0,NORMAL,0.2,0.0,100,normal,YES,PASS,0.0,0.005,0.001,0.0,
14:05:15.306,1.0401,1.0095,1.0007,0.0,normal,0.0,normal,0.0,normal,0.0,NORMAL,0.3,0.0,100,normal,YES,PASS,0.0,0.004,0.011,0.0,
14:05:15.581,1.0263,1.007,1.01,0.0,normal,0.0,normal,0.0,normal,0.0,NORMAL,0.2,0.0,100,normal,YES,PASS,0.0,0.003,0.008,0.0,
14:05:15.819,1.0002,1.0236,1.0185,0.0,normal,0.0,normal,0.0,normal,0.0,NORMAL,0.1,0.0,100,normal,YES,PASS,0.0,0.002,0.0,0.0,
14:05:16.033,1.0163,1.0106,1.0094,0.0,normal,0.0,normal,0.0,normal,0.0,NORMAL,0.1,0.0,100,normal,YES,PASS,0.0,0.001,0.005,0.0,
14:05:16.261,1.0291,1.0028,1.0028,0.0,normal,0.0,normal,0.0,normal,0.0,NORMAL,0.1,0.0,100,normal,YES,PASS,0.0,0.001,0.008,0.0,
14:05:16.487,1.031,1.0007,1.0082,0.0,normal,0.0,normal,0.0,normal,0.0,NORMAL,0.1,0.0,100,normal,YES,PASS,0.0,0.001,0.009,0.0,
14:05:16.726,1.0273,1.0125,1.0062,0.0,normal,0.0,normal,0.0,normal,0.0,NORMAL,0.1,0.0,100,normal,YES,PASS,0.0,0.001,0.008,0.0,
14:05:16.948,1.0226,1.0031,1.0077,0.0,normal,0.0,normal,0.0,normal,0.0,NORMAL,0.1,0.0,100,normal,YES,PASS,0.0,0.0,0.006,0.0,
14:05:17.167,1.0136,1.0028,1.01,0.0,normal,0.0,normal,0.0,normal,0.0,NORMAL,0.1,0.0,100,normal,YES,PASS,0.0,0.0,0.004,0.0,
14:05:17.346,1.0559,1.0028,1.0113,0.0,normal,0.0,normal,0.0,normal,0.0,NORMAL,0.2,0.0,100,normal,YES,PASS,0.0,0.0,0.016,0.0,
14:05:17.544,1.0164,1.0029,1.0031,0.0,normal,0.0,normal,0.0,normal,0.0,NORMAL,0.1,0.0,100,normal,YES,PASS,0.0,0.0,0.005,0.0,
14:05:17.714,1.0334,1.0106,1.0055,0.0,normal,0.0,normal,0.0,normal,0.0,NORMAL,0.1,0.0,100,normal,YES,PASS,0.0,0.0,0.01,0.0,
14:05:17.884,1.0544,1.004,1.0041,0.0,normal,0.0,normal,0.0,normal,0.0,NORMAL,0.2,0.0,100,normal,YES,PASS,0.0,0.0,0.016,0.0,
14:05:18.056,1.0156,1.0068,1.0114,0.0,normal,0.0,normal,0.0,normal,0.0,NORMAL,0.0,0.0,100,normal,YES,PASS,0.0,0.0,0.004,0.0,
14:05:18.225,1.0407,1.0032,1.0067,0.0,normal,0.0,normal,0.0,normal,0.0,NORMAL,0.1,0.0,100,normal,YES,PASS,0.0,0.0,0.012,0.0,
14:05:18.416,1.0374,1.0092,1.003,0.0,normal,0.0,normal,0.0,normal,0.0,NORMAL,0.1,0.0,100,normal,YES,PASS,0.0,0.0,0.011,0.0,
14:05:18.617,1.0219,1.002,1.0055,0.0,normal,0.0,normal,0.0,normal,0.0,NORMAL,0.1,0.0,100,normal,YES,PASS,0.0,0.0,0.006,0.0,
14:05:18.807,1.0555,1.0093,1.0101,0.0,normal,0.0,normal,0.0,normal,0.0,NORMAL,0.2,0.0,100,normal,YES,PASS,0.0,0.0,0.016,0.0,
14:05:19.018,1.06,1.0035,1.0003,0.0,normal,0.0,normal,0.0,normal,0.0,NORMAL,0.2,0.0,100,normal,YES,PASS,0.0,0.0,0.017,0.0,
14:05:19.299,1.0533,1.0056,1.0078,0.0,normal,0.0,normal,0.0,normal,0.0,NORMAL,0.2,0.0,100,normal,YES,PASS,0.0,0.0,0.015,0.0,
14:05:19.529,1.0361,1.0097,1.0098,0.0,normal,0.0,normal,0.0,normal,0.0,NORMAL,0.1,0.0,100,normal,YES,PASS,0.0,0.0,0.01,0.0,
14:05:19.776,1.0367,1.0035,1.0096,0.0,normal,0.0,normal,0.0,normal,0.0,NORMAL,0.1,0.0,100,normal,YES,PASS,0.0,0.0,0.01,0.0,
14:05:19.994,1.0269,1.0053,1.007,0.0,normal,0.0,normal,0.0,normal,0.0,NORMAL,0.1,0.0,100,normal,YES,PASS,0.0,0.0,0.008,0.0,
14:05:20.215,1.0556,1.0002,1.0035,0.0,normal,0.0,normal,0.0,normal,0.0,NORMAL,0.2,0.0,100,normal,YES,PASS,0.0,0.0,0.016,0.0,
14:05:20.542,1.024,1.0037,1.014,0.0,normal,0.0,normal,0.0,normal,0.0,NORMAL,0.1,0.0,100,normal,YES,PASS,0.0,0.0,0.007,0.0,
14:05:20.726,1.0068,1.0086,1.0063,0.0,normal,0.0,normal,0.0,normal,0.0,NORMAL,0.0,0.0,100,normal,YES,PASS,0.0,0.0,0.002,0.0,
14:05:20.915,1.0445,1.0015,1.0135,0.0,normal,0.0,normal,0.0,normal,0.0,NORMAL,0.1,0.0,100,normal,YES,PASS,0.0,0.0,0.013,0.0,
14:05:21.098,1.0331,1.003,1.0104,0.0,normal,0.0,normal,0.0,normal,0.0,NORMAL,0.1,0.0,100,normal,YES,PASS,0.0,0.0,0.009,0.0,
14:05:21.273,1.0644,1.0011,1.0032,0.0,normal,0.0,normal,0.0,normal,0.0,NORMAL,0.2,0.0,100,normal,YES,PASS,0.0,0.0,0.018,0.0,
14:05:21.440,1.0235,1.0003,1.0137,0.0,normal,0.0,normal,0.0,normal,0.0,NORMAL,0.1,0.0,100,normal,YES,PASS,0.0,0.0,0.007,0.0,
14:05:21.657,1.0221,1.0113,1.0061,0.0,normal,0.0,speed_hump,0.5043,normal,0.0,NORMAL,17.7,0.0,100,speed_hump,YES,PASS,0.0,0.0,0.006,0.504,
14:05:21.830,1.0013,1.0085,1.0056,0.0,normal,0.0,speed_hump,0.5043,normal,0.0,NORMAL,17.7,0.0,100,speed_hump,YES,PASS,0.0,0.0,0.0,0.504,
14:05:21.992,1.0371,1.011,1.0103,0.0,normal,0.0,speed_hump,0.5043,normal,0.0,NORMAL,17.8,0.0,100,speed_hump,YES,PASS,0.0,0.0,0.011,0.504,
14:05:22.163,1.0175,1.0025,1.0047,0.0,normal,0.0,speed_hump,0.5043,normal,0.0,NORMAL,17.7,0.0,100,speed_hump,YES,PASS,0.0,0.0,0.005,0.504,
14:05:22.347,1.0151,1.0068,1.0098,2.4361,speed_hump,0.718,speed_hump,0.5041,normal,0.0,NORMAL,25.6,0.0,100,speed_hump,YES,PASS,0.0,0.197,0.004,0.504,
14:05:22.513,1.0586,1.0107,1.0003,2.4361,speed_hump,0.718,speed_hump,0.5092,normal,0.0,NORMAL,31.7,0.0,100,speed_hump,YES,PASS,0.0,0.342,0.017,0.509,
14:05:22.688,1.0157,1.007,1.0064,2.4361,speed_hump,0.718,speed_hump,0.5092,normal,0.0,NORMAL,35.7,0.0,100,speed_hump,YES,PASS,0.0,0.447,0.004,0.509,
14:05:22.873,1.0453,1.0056,1.009,2.4361,speed_hump,0.718,speed_hump,0.5092,normal,0.0,NORMAL,38.9,0.0,100,speed_hump,YES,PASS,0.0,0.523,0.013,0.509,
14:05:23.046,1.0157,1.005,1.0013,2.3238,speed_hump,0.6619,speed_hump,0.5092,normal,0.0,NORMAL,40.7,0.0,100,speed_hump,YES,PASS,0.0,0.57,0.004,0.509,
14:05:23.238,1.0278,1.0057,1.0006,0.0,normal,0.0,speed_hump,0.5092,normal,0.0,NORMAL,34.6,0.0,100,speed_hump,YES,PASS,0.0,0.416,0.008,0.509,
14:05:23.419,1.0511,1.0117,1.0101,0.0,normal,0.0,speed_hump,0.5092,normal,0.0,NORMAL,30.1,0.0,100,speed_hump,YES,PASS,0.0,0.304,0.015,0.509,
14:05:23.584,1.0222,1.0009,1.0148,0.0,normal,0.0,speed_hump,0.5092,normal,0.0,NORMAL,26.8,0.0,100,speed_hump,YES,PASS,0.0,0.222,0.006,0.509,
14:05:23.735,1.0507,1.0026,1.0004,0.0,normal,0.0,speed_hump,0.5092,normal,0.0,NORMAL,24.4,0.0,100,speed_hump,YES,PASS,0.0,0.162,0.014,0.509,
14:05:23.909,1.0306,1.0112,1.0074,0.0,normal,0.0,speed_hump,0.5092,normal,0.0,NORMAL,22.6,0.0,100,speed_hump,YES,PASS,0.0,0.118,0.009,0.509,
14:05:24.086,1.0416,1.0106,1.0118,0.0,normal,0.0,normal,0.0,normal,0.0,NORMAL,3.6,0.0,100,normal,YES,PASS,0.0,0.086,0.012,0.0,
14:05:24.248,1.0192,1.0001,1.0076,0.0,normal,0.0,normal,0.0,normal,0.0,NORMAL,2.6,0.0,100,normal,YES,PASS,0.0,0.063,0.005,0.0,
14:05:24.416,1.007,1.0029,1.0049,0.0,normal,0.0,normal,0.0,normal,0.0,NORMAL,1.9,0.0,100,normal,YES,PASS,0.0,0.046,0.002,0.0,
14:05:24.577,1.0617,1.0025,1.0012,0.0,normal,0.0,normal,0.0,normal,0.0,NORMAL,1.5,0.0,100,normal,YES,PASS,0.0,0.034,0.018,0.0,
14:05:24.739,1.0268,1.0082,1.0127,0.0,normal,0.0,normal,0.0,normal,0.0,NORMAL,1.1,0.0,100,normal,YES,PASS,0.0,0.024,0.008,0.0,
14:05:24.903,1.0428,1.0074,1.0039,0.0,normal,0.0,speed_hump,0.501,normal,0.0,NORMAL,18.4,0.0,100,speed_hump,YES,PASS,0.0,0.018,0.012,0.501,
14:05:25.067,1.0455,1.0094,1.0116,0.0,normal,0.0,speed_hump,0.501,normal,0.0,NORMAL,18.2,0.0,100,speed_hump,YES,PASS,0.0,0.013,0.013,0.501,
14:05:25.243,1.0287,1.0031,1.0061,5.0,pothole,1.0,speed_hump,0.501,normal,0.0,NORMAL,34.2,0.0,100,speed_hump,YES,PASS,0.0,0.415,0.008,0.501,
14:05:25.411,1.0283,1.0107,1.0008,5.0,pothole,1.0,speed_hump,0.501,normal,0.0,NORMAL,45.9,0.0,100,speed_hump,YES,PASS,0.0,0.708,0.008,0.501,
14:05:25.611,1.0456,1.011,1.0068,5.0,pothole,1.0,speed_hump,0.501,normal,0.0,NORMAL,54.5,0.27,100,speed_hump,YES,PASS,0.0,0.922,0.013,0.501,
14:05:25.796,1.0402,1.0053,1.0081,5.0,pothole,1.0,speed_hump,0.501,normal,0.0,NORMAL,57.6,0.29,100,speed_hump,YES,PASS,0.0,1.0,0.011,0.501,
14:05:25.959,1.0031,1.0088,1.0046,0.0,normal,0.0,speed_hump,0.501,normal,0.0,NORMAL,49.0,0.0,100,speed_hump,YES,PASS,0.0,0.787,0.001,0.501,
14:05:26.149,1.0394,1.0034,1.0112,5.0,pothole,1.0,speed_hump,0.501,normal,0.0,CAUTION,56.8,0.28,86,speed_hump,NO,BLOCKED,0.0,0.98,0.011,0.501,
14:05:26.314,1.0137,1.0031,1.0108,5.0,pothole,1.0,speed_hump,0.501,normal,0.0,CAUTION,57.6,0.29,86,speed_hump,NO,BLOCKED,0.0,1.0,0.004,0.501,
14:05:26.482,1.0718,1.0096,1.0084,5.0,pothole,1.0,normal,0.0,normal,0.0,CAUTION,40.2,0.0,100,pothole,NO,BLOCKED,0.0,1.0,0.021,0.0,
14:05:26.655,1.0248,1.0077,1.0107,5.0,pothole,1.0,normal,0.0,normal,0.0,NORMAL,40.1,0.0,100,pothole,YES,PASS,0.0,1.0,0.007,0.0,
14:05:26.838,1.0594,1.0108,1.0026,5.0,pothole,1.0,normal,0.0,normal,0.0,NORMAL,40.2,0.0,100,pothole,YES,PASS,0.0,1.0,0.017,0.0,
14:05:27.008,1.0615,1.0079,1.0034,5.0,pothole,1.0,normal,0.0,normal,0.0,NORMAL,40.2,0.0,100,pothole,YES,PASS,0.0,1.0,0.018,0.0,
14:05:27.197,1.0391,1.0013,1.011,5.0,pothole,1.0,normal,0.0,normal,0.0,NORMAL,40.1,0.0,100,pothole,YES,PASS,0.0,1.0,0.011,0.0,
14:05:27.381,1.0453,1.0078,1.0085,5.0,pothole,1.0,normal,0.0,normal,0.0,NORMAL,40.1,0.0,100,pothole,YES,PASS,0.0,1.0,0.013,0.0,
14:05:27.548,1.0456,1.0021,1.0062,5.0,pothole,1.0,normal,0.0,normal,0.0,NORMAL,40.1,0.0,100,pothole,YES,PASS,0.0,1.0,0.013,0.0,
14:05:27.736,1.0448,1.0029,1.0015,5.0,pothole,1.0,normal,0.0,normal,0.0,NORMAL,40.1,0.0,100,pothole,YES,PASS,0.0,1.0,0.013,0.0,
14:05:27.923,1.0256,1.0005,1.0158,5.0,pothole,1.0,normal,0.0,normal,0.0,NORMAL,40.1,0.0,100,pothole,YES,PASS,0.0,1.0,0.007,0.0,
14:05:28.104,1.069,1.0091,1.0126,5.0,pothole,1.0,normal,0.0,normal,0.0,NORMAL,40.2,0.0,100,pothole,YES,PASS,0.0,1.0,0.02,0.0,
14:05:28.286,1.0047,1.0116,1.0067,0.0,normal,0.0,normal,0.0,normal,0.0,NORMAL,40.0,0.0,100,normal,YES,PASS,0.0,1.0,0.001,0.0,
14:05:28.445,1.0438,1.0021,1.0079,0.0,normal,0.0,normal,0.0,normal,0.0,NORMAL,31.7,0.0,100,normal,YES,PASS,0.0,0.79,0.013,0.0,
14:05:28.628,1.0352,1.0061,1.0027,0.0,normal,0.0,normal,0.0,normal,0.0,NORMAL,23.2,0.0,100,normal,YES,PASS,0.0,0.577,0.01,0.0,
14:05:28.801,1.0248,1.0081,1.011,0.0,normal,0.0,normal,0.0,normal,0.0,NORMAL,16.9,0.0,100,normal,YES,PASS,0.0,0.421,0.007,0.0,
14:05:28.971,1.0462,1.0088,1.0031,0.0,normal,0.0,normal,0.0,normal,0.0,NORMAL,12.4,0.0,100,normal,YES,PASS,0.0,0.307,0.013,0.0,
14:05:29.139,1.0299,1.012,1.0072,0.0,normal,0.0,normal,0.0,normal,0.0,NORMAL,9.1,0.0,100,normal,YES,PASS,0.0,0.224,0.009,0.0,
14:05:29.310,1.0402,1.0033,1.003,0.0,normal,0.0,normal,0.0,normal,0.0,NORMAL,6.7,0.0,100,normal,YES,PASS,0.0,0.164,0.011,0.0,
14:05:29.479,1.0217,1.0069,1.0012,0.0,normal,0.0,normal,0.0,normal,0.0,NORMAL,4.8,0.0,100,normal,YES,PASS,0.0,0.119,0.006,0.0,
14:05:29.668,1.0311,1.008,1.0084,0.0,normal,0.0,normal,0.0,normal,0.0,NORMAL,3.6,0.0,100,normal,YES,PASS,0.0,0.087,0.009,0.0,
14:05:29.848,1.0233,1.0056,1.0101,0.0,normal,0.0,normal,0.0,normal,0.0,NORMAL,2.6,0.0,100,normal,YES,PASS,0.0,0.064,0.007,0.0,
14:05:30.020,1.0723,1.0084,1.0,0.0,normal,0.0,normal,0.0,normal,0.0,NORMAL,2.1,0.0,100,normal,YES,PASS,0.0,0.046,0.021,0.0,
14:05:30.173,1.011,1.0015,1.006,0.0,normal,0.0,normal,0.0,normal,0.0,NORMAL,1.4,0.0,100,normal,YES,PASS,0.0,0.034,0.003,0.0,
14:05:30.332,1.0329,1.0069,1.0028,0.0,normal,0.0,normal,0.0,normal,0.0,NORMAL,1.1,0.0,100,normal,YES,PASS,0.0,0.025,0.009,0.0,
14:05:30.500,1.0549,1.0169,1.0055,0.0,normal,0.0,normal,0.0,normal,0.0,NORMAL,0.9,0.0,100,normal,YES,PASS,0.0,0.018,0.016,0.0,
14:05:30.667,1.0548,1.0,1.0049,0.0,normal,0.0,normal,0.0,normal,0.0,NORMAL,0.7,0.0,100,normal,YES,PASS,0.0,0.013,0.016,0.0,
14:05:30.831,1.0067,1.0018,1.013,0.0,normal,0.0,normal,0.0,normal,0.0,NORMAL,0.4,0.0,100,normal,YES,PASS,0.0,0.01,0.002,0.0,
14:05:30.992,1.0335,1.0113,1.0026,0.0,normal,0.0,normal,0.0,normal,0.0,NORMAL,0.4,0.0,100,normal,YES,PASS,0.0,0.007,0.01,0.0,
14:05:31.191,1.0279,1.0028,1.0074,0.0,normal,0.0,normal,0.0,normal,0.0,NORMAL,0.3,0.0,100,normal,YES,PASS,0.0,0.005,0.008,0.0,
14:05:31.357,1.0233,1.0027,1.0129,0.0,normal,0.0,normal,0.0,normal,0.0,NORMAL,0.2,0.0,100,normal,YES,PASS,0.0,0.004,0.007,0.0,
14:05:31.524,1.0596,1.0091,1.0045,0.0,normal,0.0,normal,0.0,normal,0.0,NORMAL,0.3,0.0,100,normal,YES,PASS,0.0,0.003,0.017,0.0,
14:05:31.691,1.0035,1.01,1.011,0.0,normal,0.0,normal,0.0,normal,0.0,NORMAL,0.1,0.0,100,normal,YES,PASS,0.0,0.002,0.001,0.0,
14:05:31.864,1.0034,1.0071,1.0004,0.0,normal,0.0,normal,0.0,normal,0.0,NORMAL,0.1,0.0,100,normal,YES,PASS,0.0,0.001,0.001,0.0,
14:05:32.020,1.0143,1.0012,1.0155,0.0,normal,0.0,normal,0.0,normal,0.0,NORMAL,0.1,0.0,100,normal,YES,PASS,0.0,0.001,0.004,0.0,
14:05:32.205,1.0378,1.0058,1.0081,0.0,normal,0.0,normal,0.0,normal,0.0,NORMAL,0.1,0.0,100,normal,YES,PASS,0.0,0.001,0.011,0.0,
14:05:32.374,1.0648,1.0051,1.0108,0.0,normal,0.0,normal,0.0,normal,0.0,NORMAL,0.2,0.0,100,normal,YES,PASS,0.0,0.001,0.019,0.0,
14:05:32.553,1.0582,1.0102,1.0113,0.0,normal,0.0,normal,0.0,normal,0.0,NORMAL,0.2,0.0,100,normal,YES,PASS,0.0,0.0,0.017,0.0,
14:05:32.707,1.0444,1.0042,1.0074,0.0,normal,0.0,normal,0.0,normal,0.0,NORMAL,0.1,0.0,100,normal,YES,PASS,0.0,0.0,0.013,0.0,
14:05:32.861,1.0399,1.0058,1.0056,0.0,normal,0.0,normal,0.0,normal,0.0,NORMAL,0.1,0.0,100,normal,YES,PASS,0.0,0.0,0.011,0.0,
14:05:33.026,1.0107,1.0024,1.0047,0.0,normal,0.0,normal,0.0,normal,0.0,NORMAL,0.0,0.0,100,normal,YES,PASS,0.0,0.0,0.003,0.0,
14:05:33.174,1.0507,1.017,1.0034,0.0,normal,0.0,normal,0.0,normal,0.0,NORMAL,0.1,0.0,100,normal,YES,PASS,0.0,0.0,0.014,0.0,
14:05:33.333,1.0124,1.0111,1.0083,0.0,normal,0.0,normal,0.0,normal,0.0,NORMAL,0.0,0.0,100,normal,YES,PASS,0.0,0.0,0.004,0.0,
14:05:33.519,1.0292,1.0106,1.0,0.0,normal,0.0,normal,0.0,normal,0.0,NORMAL,0.1,0.0,100,normal,YES,PASS,0.0,0.0,0.008,0.0,
14:05:33.696,1.0304,1.0069,1.0085,0.0,normal,0.0,normal,0.0,normal,0.0,NORMAL,0.1,0.0,100,normal,YES,PASS,0.0,0.0,0.009,0.0,
14:05:33.869,1.0143,1.0037,1.0138,0.0,normal,0.0,normal,0.0,normal,0.0,NORMAL,0.0,0.0,100,normal,YES,PASS,0.0,0.0,0.004,0.0,
14:05:34.029,1.0089,1.0005,1.0079,4.4353,pothole,0.7177,normal,0.0,normal,0.0,NORMAL,14.4,0.0,100,pothole,YES,PASS,0.0,0.359,0.003,0.0,
14:05:34.186,1.0694,1.0113,1.012,4.4353,pothole,0.7177,normal,0.0,normal,0.0,NORMAL,25.1,0.0,100,pothole,YES,PASS,0.0,0.622,0.02,0.0,
14:05:34.357,1.0496,1.0026,1.0015,4.4353,pothole,0.7177,normal,0.0,normal,0.0,NORMAL,32.7,0.0,100,pothole,YES,PASS,0.0,0.813,0.014,0.0,
14:05:34.537,1.0271,1.0037,1.0094,4.4353,pothole,0.7177,normal,0.0,normal,0.0,NORMAL,38.2,0.0,100,pothole,YES,PASS,0.0,0.953,0.008,0.0,
14:05:34.709,1.013,1.0087,1.0079,4.4353,pothole,0.7177,normal,0.0,normal,0.0,NORMAL,40.0,0.0,100,pothole,YES,PASS,0.0,1.0,0.004,0.0,
14:05:34.864,1.0556,1.0098,1.0084,4.4353,pothole,0.7177,normal,0.0,normal,0.0,NORMAL,40.2,0.0,100,pothole,YES,PASS,0.0,1.0,0.016,0.0,
14:05:35.037,1.0089,1.002,1.0038,4.4353,pothole,0.7177,normal,0.0,normal,0.0,NORMAL,40.0,0.0,100,pothole,YES,PASS,0.0,1.0,0.003,0.0,
14:05:35.214,1.0469,1.0042,1.0008,4.4353,pothole,0.7177,normal,0.0,normal,0.0,NORMAL,40.1,0.0,100,pothole,YES,PASS,0.0,1.0,0.013,0.0,
14:05:35.379,1.0173,1.0054,1.0034,0.0,normal,0.0,normal,0.0,normal,0.0,NORMAL,35.8,0.0,100,normal,YES,PASS,0.0,0.893,0.005,0.0,
14:05:35.546,1.0092,1.0013,1.01,0.0,normal,0.0,normal,0.0,normal,0.0,NORMAL,26.1,0.0,100,normal,YES,PASS,0.0,0.652,0.003,0.0,
14:05:35.720,1.0485,1.0163,1.0004,0.0,normal,0.0,normal,0.0,normal,0.0,NORMAL,19.2,0.0,100,normal,YES,PASS,0.0,0.476,0.014,0.0,
14:05:35.889,1.0346,1.0032,1.0026,0.0,normal,0.0,normal,0.0,normal,0.0,NORMAL,14.0,0.0,100,normal,YES,PASS,0.0,0.347,0.01,0.0,
14:05:36.053,1.0108,1.001,1.0084,0.0,normal,0.0,normal,0.0,normal,0.0,NORMAL,10.2,0.0,100,normal,YES,PASS,0.0,0.253,0.003,0.0,
14:05:36.213,1.0741,1.0159,1.0131,0.0,normal,0.0,normal,0.0,normal,0.0,NORMAL,7.6,0.0,100,normal,YES,PASS,0.0,0.185,0.021,0.0,
14:05:36.370,1.0272,1.0064,1.0038,0.0,normal,0.0,normal,0.0,normal,0.0,NORMAL,5.5,0.0,100,normal,YES,PASS,0.0,0.135,0.008,0.0,
14:05:36.555,1.0135,1.0018,1.0081,0.0,normal,0.0,normal,0.0,normal,0.0,NORMAL,4.0,0.0,100,normal,YES,PASS,0.0,0.098,0.004,0.0,
14:05:36.727,1.0049,1.0031,1.0114,0.0,normal,0.0,normal,0.0,normal,0.0,NORMAL,2.9,0.0,100,normal,YES,PASS,0.0,0.072,0.001,0.0,
14:05:36.899,1.0025,1.0008,1.0137,0.0,normal,0.0,normal,0.0,normal,0.0,NORMAL,2.1,0.0,100,normal,YES,PASS,0.0,0.052,0.001,0.0,
14:05:37.064,1.0164,1.006,1.0068,0.0,normal,0.0,normal,0.0,normal,0.0,NORMAL,1.6,0.0,100,normal,YES,PASS,0.0,0.038,0.005,0.0,
14:05:37.221,1.002,1.007,1.0125,0.0,normal,0.0,normal,0.0,normal,0.0,NORMAL,1.1,0.0,100,normal,YES,PASS,0.0,0.028,0.001,0.0,
14:05:37.387,1.01,1.0032,1.0098,0.0,normal,0.0,normal,0.0,normal,0.0,NORMAL,0.8,0.0,100,normal,YES,PASS,0.0,0.02,0.003,0.0,
14:05:37.565,1.0327,1.0118,1.0074,0.0,normal,0.0,normal,0.0,normal,0.0,NORMAL,0.7,0.0,100,normal,YES,PASS,0.0,0.015,0.009,0.0,
14:05:37.726,1.0194,1.0023,1.0109,0.0,normal,0.0,normal,0.0,normal,0.0,NORMAL,0.5,0.0,100,normal,YES,PASS,0.0,0.011,0.006,0.0,
14:05:37.885,1.0118,1.0023,1.0104,0.0,normal,0.0,normal,0.0,normal,0.0,NORMAL,0.4,0.0,100,normal,YES,PASS,0.0,0.008,0.003,0.0,
14:05:38.046,1.0615,1.0077,1.0102,0.0,normal,0.0,normal,0.0,normal,0.0,NORMAL,0.4,0.0,100,normal,YES,PASS,0.0,0.006,0.018,0.0,
14:05:38.235,1.0286,1.0047,1.013,0.0,normal,0.0,normal,0.0,normal,0.0,NORMAL,0.3,0.0,100,normal,YES,PASS,0.0,0.004,0.008,0.0,
14:05:38.414,1.0564,1.0038,1.0032,0.0,normal,0.0,normal,0.0,normal,0.0,NORMAL,0.3,0.0,100,normal,YES,PASS,0.0,0.003,0.016,0.0,
14:05:38.586,1.0412,1.0015,1.0011,0.0,normal,0.0,normal,0.0,normal,0.0,NORMAL,0.2,0.0,100,normal,YES,PASS,0.0,0.002,0.012,0.0,
14:05:38.748,1.043,1.0079,1.0017,0.0,normal,0.0,normal,0.0,normal,0.0,NORMAL,0.2,0.0,100,normal,YES,PASS,0.0,0.002,0.012,0.0,
14:05:38.909,1.0078,1.0099,1.0083,0.0,normal,0.0,normal,0.0,normal,0.0,NORMAL,0.1,0.0,100,normal,YES,PASS,0.0,0.001,0.002,0.0,
14:05:39.080,1.0155,1.0004,1.0087,0.0,normal,0.0,normal,0.0,normal,0.0,NORMAL,0.1,0.0,100,normal,YES,PASS,0.0,0.001,0.004,0.0,
14:05:39.249,1.0199,1.0076,1.0018,0.0,normal,0.0,normal,0.0,normal,0.0,NORMAL,0.1,0.0,100,normal,YES,PASS,0.0,0.001,0.006,0.0,
14:05:39.416,1.0609,1.0024,1.0091,0.0,normal,0.0,normal,0.0,normal,0.0,NORMAL,0.2,0.0,100,normal,YES,PASS,0.0,0.0,0.017,0.0,
14:05:39.604,1.006,1.0055,1.0017,0.0,normal,0.0,normal,0.0,normal,0.0,NORMAL,0.0,0.0,100,normal,YES,PASS,0.0,0.0,0.002,0.0,
14:05:39.778,1.0166,1.0019,1.0077,0.0,normal,0.0,normal,0.0,normal,0.0,NORMAL,0.1,0.0,100,normal,YES,PASS,0.0,0.0,0.005,0.0,
14:05:39.955,1.0369,1.002,1.0119,0.0,normal,0.0,normal,0.0,normal,0.0,NORMAL,0.1,0.0,100,normal,YES,PASS,0.0,0.0,0.011,0.0,
14:05:40.105,1.0212,1.0004,1.0098,0.0,normal,0.0,normal,0.0,normal,0.0,NORMAL,0.1,0.0,100,normal,YES,PASS,0.0,0.0,0.006,0.0,
14:05:40.259,1.0478,1.0074,1.0012,0.0,normal,0.0,normal,0.0,normal,0.0,NORMAL,0.1,0.0,100,normal,YES,PASS,0.0,0.0,0.014,0.0,
14:05:40.422,1.0148,1.006,1.0077,0.0,normal,0.0,normal,0.0,normal,0.0,NORMAL,0.0,0.0,100,normal,YES,PASS,0.0,0.0,0.004,0.0,
14:05:40.586,1.0192,1.0162,1.005,0.0,normal,0.0,normal,0.0,normal,0.0,NORMAL,0.1,0.0,100,normal,YES,PASS,0.0,0.0,0.005,0.0,
14:05:40.771,1.0372,1.0013,1.0117,0.0,normal,0.0,normal,0.0,normal,0.0,NORMAL,0.1,0.0,100,normal,YES,PASS,0.0,0.0,0.011,0.0,
14:05:40.943,1.0477,1.0102,1.0043,0.0,normal,0.0,normal,0.0,normal,0.0,NORMAL,0.1,0.0,100,normal,YES,PASS,0.0,0.0,0.014,0.0,
14:05:41.109,1.0239,1.0114,1.0102,0.0,normal,0.0,normal,0.0,normal,0.0,NORMAL,0.1,0.0,100,normal,YES,PASS,0.0,0.0,0.007,0.0,
14:05:41.260,1.0489,1.0075,1.0059,0.0,normal,0.0,normal,0.0,normal,0.0,NORMAL,0.1,0.0,100,normal,YES,PASS,0.0,0.0,0.014,0.0,
14:05:41.424,1.0137,1.0061,1.0033,0.0,normal,0.0,normal,0.0,normal,0.0,NORMAL,0.0,0.0,100,normal,YES,PASS,0.0,0.0,0.004,0.0,
14:05:41.608,1.0074,1.0032,1.0042,0.0,normal,0.0,normal,0.0,normal,0.0,NORMAL,0.0,0.0,100,normal,YES,PASS,0.0,0.0,0.002,0.0,
14:05:41.787,1.0387,1.0014,1.0092,0.0,normal,0.0,normal,0.0,normal,0.0,NORMAL,0.1,0.0,100,normal,YES,PASS,0.0,0.0,0.011,0.0,
14:05:41.953,1.0171,1.0032,1.0083,0.0,normal,0.0,normal,0.0,normal,0.0,NORMAL,0.0,0.0,100,normal,YES,PASS,0.0,0.0,0.005,0.0,
14:05:42.119,1.0357,1.01,1.006,0.0,normal,0.0,normal,0.0,normal,0.0,NORMAL,0.1,0.0,100,normal,YES,PASS,0.0,0.0,0.01,0.0,
14:05:42.272,1.0531,1.001,1.0044,0.0,normal,0.0,normal,0.0,normal,0.0,NORMAL,0.2,0.0,100,normal,YES,PASS,0.0,0.0,0.015,0.0,
14:05:42.433,1.0572,1.0063,1.0003,0.0,normal,0.0,normal,0.0,normal,0.0,NORMAL,0.2,0.0,100,normal,YES,PASS,0.0,0.0,0.016,0.0,
14:05:42.611,1.0347,1.0043,1.0101,0.0,normal,0.0,normal,0.0,normal,0.0,NORMAL,0.1,0.0,100,normal,YES,PASS,0.0,0.0,0.01,0.0,
14:05:42.775,1.0117,1.0121,1.0075,0.0,normal,0.0,normal,0.0,normal,0.0,NORMAL,0.0,0.0,100,normal,YES,PASS,0.0,0.0,0.003,0.0,
14:05:42.930,1.0379,1.0081,1.0101,0.0,normal,0.0,normal,0.0,normal,0.0,NORMAL,0.1,0.0,100,normal,YES,PASS,0.0,0.0,0.011,0.0,
14:05:43.098,1.0665,1.0113,1.0068,0.0,normal,0.0,normal,0.0,normal,0.0,NORMAL,0.2,0.0,100,normal,YES,PASS,0.0,0.0,0.019,0.0,
14:05:43.261,1.0335,1.0127,1.0133,0.0,normal,0.0,normal,0.0,normal,0.0,NORMAL,0.1,0.0,100,normal,YES,PASS,0.0,0.0,0.01,0.0,
14:05:43.429,1.0035,1.0096,1.0052,0.0,normal,0.0,normal,0.0,normal,0.0,NORMAL,0.0,0.0,100,normal,YES,PASS,0.0,0.0,0.001,0.0,
14:05:43.582,1.0372,1.0082,1.0052,0.0,normal,0.0,normal,0.0,normal,0.0,NORMAL,0.1,0.0,100,normal,YES,PASS,0.0,0.0,0.011,0.0,
14:05:43.755,1.0191,1.0078,1.0061,0.0,normal,0.0,normal,0.0,normal,0.0,NORMAL,0.1,0.0,100,normal,YES,PASS,0.0,0.0,0.005,0.0,
14:05:43.946,1.0365,1.0001,1.0037,0.0,normal,0.0,normal,0.0,normal,0.0,NORMAL,0.1,0.0,100,normal,YES,PASS,0.0,0.0,0.01,0.0,
14:05:44.121,1.0246,1.0092,1.0031,0.0,normal,0.0,normal,0.0,normal,0.0,NORMAL,0.1,0.0,100,normal,YES,PASS,0.0,0.0,0.007,0.0,
14:05:44.307,1.0171,1.0027,1.002,0.0,normal,0.0,normal,0.0,normal,0.0,NORMAL,0.0,0.0,100,normal,YES,PASS,0.0,0.0,0.005,0.0,
14:05:44.477,1.0295,1.0082,1.0038,0.0,normal,0.0,normal,0.0,normal,0.0,NORMAL,0.1,0.0,100,normal,YES,PASS,0.0,0.0,0.008,0.0,
14:05:44.643,1.0206,1.0047,1.0079,0.0,normal,0.0,normal,0.0,normal,0.0,NORMAL,0.1,0.0,100,normal,YES,PASS,0.0,0.0,0.006,0.0,
14:05:44.832,1.0239,1.0098,1.0083,0.0,normal,0.0,normal,0.0,normal,0.0,NORMAL,0.1,0.0,100,normal,YES,PASS,0.0,0.0,0.007,0.0,
14:05:45.027,1.0264,1.0016,1.0035,0.0,normal,0.0,normal,0.0,normal,0.0,NORMAL,0.1,0.0,100,normal,YES,PASS,0.0,0.0,0.008,0.0,
14:05:45.220,1.011,1.004,1.0011,0.0,normal,0.0,normal,0.0,normal,0.0,NORMAL,0.0,0.0,100,normal,YES,PASS,0.0,0.0,0.003,0.0,
14:05:45.397,1.0398,1.0088,1.0068,0.0,normal,0.0,normal,0.0,normal,0.0,NORMAL,0.1,0.0,100,normal,YES,PASS,0.0,0.0,0.011,0.0,
14:05:45.582,1.0733,1.0009,1.0143,0.0,normal,0.0,normal,0.0,normal,0.0,NORMAL,0.2,0.0,100,normal,YES,PASS,0.0,0.0,0.021,0.0,
14:05:45.756,1.059,1.0044,1.0054,0.0,normal,0.0,normal,0.0,normal,0.0,NORMAL,0.2,0.0,100,normal,YES,PASS,0.0,0.0,0.017,0.0,
14:05:45.936,1.0246,1.0069,1.0119,0.0,normal,0.0,normal,0.0,normal,0.0,NORMAL,0.1,0.0,100,normal,YES,PASS,0.0,0.0,0.007,0.0,
14:05:46.154,1.0502,1.0063,1.0049,0.0,normal,0.0,normal,0.0,normal,0.0,NORMAL,0.1,0.0,100,normal,YES,PASS,0.0,0.0,0.014,0.0,
14:05:46.375,1.0087,1.0035,1.0006,0.0,normal,0.0,normal,0.0,normal,0.0,NORMAL,0.0,0.0,100,normal,YES,PASS,0.0,0.0,0.002,0.0,
14:05:46.622,1.0256,1.0066,1.0043,0.0,normal,0.0,normal,0.0,normal,0.0,NORMAL,0.1,0.0,100,normal,YES,PASS,0.0,0.0,0.007,0.0,
14:05:46.818,1.0426,1.0078,1.0023,0.0,normal,0.0,normal,0.0,normal,0.0,NORMAL,0.1,0.0,100,normal,YES,PASS,0.0,0.0,0.012,0.0,
14:05:47.034,1.0265,1.0016,1.0097,0.0,normal,0.0,normal,0.0,normal,0.0,NORMAL,0.1,0.0,100,normal,YES,PASS,0.0,0.0,0.008,0.0,
14:05:47.229,1.0373,1.0049,1.0024,0.0,normal,0.0,normal,0.0,normal,0.0,NORMAL,0.1,0.0,100,normal,YES,PASS,0.0,0.0,0.011,0.0,
14:05:47.415,1.0353,1.0145,1.0069,0.0,normal,0.0,normal,0.0,normal,0.0,NORMAL,0.1,0.0,100,normal,YES,PASS,0.0,0.0,0.01,0.0,
14:05:47.599,1.0172,1.005,1.0071,0.0,normal,0.0,normal,0.0,normal,0.0,NORMAL,0.0,0.0,100,normal,YES,PASS,0.0,0.0,0.005,0.0,
14:05:47.783,1.0278,1.0049,1.0098,0.0,normal,0.0,normal,0.0,normal,0.0,NORMAL,0.1,0.0,100,normal,YES,PASS,0.0,0.0,0.008,0.0,
14:05:47.948,1.0003,1.0047,1.0053,0.0,normal,0.0,normal,0.0,normal,0.0,NORMAL,0.0,0.0,100,normal,YES,PASS,0.0,0.0,0.0,0.0,
14:05:48.113,1.0189,1.005,1.0064,0.0,normal,0.0,normal,0.0,normal,0.0,NORMAL,0.1,0.0,100,normal,YES,PASS,0.0,0.0,0.005,0.0,
14:05:48.270,1.04,1.0085,1.0079,0.0,normal,0.0,normal,0.0,normal,0.0,NORMAL,0.1,0.0,100,normal,YES,PASS,0.0,0.0,0.011,0.0,
14:05:48.490,1.0078,1.0148,1.0051,0.0,normal,0.0,normal,0.0,normal,0.0,NORMAL,0.0,0.0,100,normal,YES,PASS,0.0,0.0,0.002,0.0,
14:05:48.689,1.0385,1.0106,1.0142,0.0,normal,0.0,normal,0.0,normal,0.0,NORMAL,0.1,0.0,100,normal,YES,PASS,0.0,0.0,0.011,0.0,
14:05:48.905,1.0196,1.0048,1.0091,0.0,normal,0.0,normal,0.0,normal,0.0,NORMAL,0.1,0.0,100,normal,YES,PASS,0.0,0.0,0.006,0.0,
14:05:49.170,1.063,1.0066,1.0014,0.0,normal,0.0,normal,0.0,normal,0.0,NORMAL,0.2,0.0,100,normal,YES,PASS,0.0,0.0,0.018,0.0,
14:05:49.371,1.0655,1.0058,1.0125,0.0,normal,0.0,normal,0.0,normal,0.0,NORMAL,0.2,0.0,100,normal,YES,PASS,0.0,0.0,0.019,0.0,
14:05:49.608,1.0314,1.0007,1.0066,0.0,normal,0.0,normal,0.0,normal,0.0,NORMAL,0.1,0.0,100,normal,YES,PASS,0.0,0.0,0.009,0.0,
14:05:49.819,1.0183,1.0026,1.0118,0.0,normal,0.0,normal,0.0,normal,0.0,NORMAL,0.1,0.0,100,normal,YES,PASS,0.0,0.0,0.005,0.0,
14:05:50.090,1.0239,1.0145,1.0005,0.0,normal,0.0,normal,0.0,normal,0.0,NORMAL,0.1,0.0,100,normal,YES,PASS,0.0,0.0,0.007,0.0,
14:05:50.301,1.0136,1.0081,1.0062,0.0,normal,0.0,normal,0.0,normal,0.0,NORMAL,0.0,0.0,100,normal,YES,PASS,0.0,0.0,0.004,0.0,
14:05:50.530,1.0474,1.0081,1.0106,0.0,normal,0.0,normal,0.0,normal,0.0,NORMAL,0.1,0.0,100,normal,YES,PASS,0.0,0.0,0.014,0.0,
14:05:50.792,1.031,1.0084,1.0096,0.0,normal,0.0,normal,0.0,normal,0.0,NORMAL,0.1,0.0,100,normal,YES,PASS,0.0,0.0,0.009,0.0,
14:05:51.027,1.0665,1.0016,1.014,0.0,normal,0.0,normal,0.0,normal,0.0,NORMAL,0.2,0.0,100,normal,YES,PASS,0.0,0.0,0.019,0.0,
14:05:51.305,1.008,1.0074,1.0094,0.0,normal,0.0,normal,0.0,normal,0.0,NORMAL,0.0,0.0,100,normal,YES,PASS,0.0,0.0,0.002,0.0,
14:05:51.529,1.0532,1.0008,1.0133,0.0,normal,0.0,normal,0.0,normal,0.0,NORMAL,0.2,0.0,100,normal,YES,PASS,0.0,0.0,0.015,0.0,
14:05:51.724,1.0333,1.0125,1.0013,0.0,normal,0.0,normal,0.0,normal,0.0,NORMAL,0.1,0.0,100,normal,YES,PASS,0.0,0.0,0.01,0.0,
14:05:51.949,1.0016,1.0027,1.0016,0.0,normal,0.0,normal,0.0,normal,0.0,NORMAL,0.0,0.0,100,normal,YES,PASS,0.0,0.0,0.0,0.0,
14:05:52.203,1.0271,1.0088,1.0005,0.0,normal,0.0,normal,0.0,normal,0.0,NORMAL,0.1,0.0,100,normal,YES,PASS,0.0,0.0,0.008,0.0,
14:05:52.426,1.021,1.0024,1.0041,0.0,normal,0.0,normal,0.0,normal,0.0,NORMAL,0.1,0.0,100,normal,YES,PASS,0.0,0.0,0.006,0.0,
14:05:52.640,1.04,1.0005,1.0072,0.0,normal,0.0,normal,0.0,normal,0.0,NORMAL,0.1,0.0,100,normal,YES,PASS,0.0,0.0,0.011,0.0,
14:05:52.832,1.0456,1.0047,1.0035,0.0,normal,0.0,normal,0.0,normal,0.0,NORMAL,0.1,0.0,100,normal,YES,PASS,0.0,0.0,0.013,0.0,
14:05:53.056,1.0291,1.013,1.005,0.0,normal,0.0,normal,0.0,normal,0.0,NORMAL,0.1,0.0,100,normal,YES,PASS,0.0,0.0,0.008,0.0,
14:05:53.284,1.0079,1.0085,1.0045,0.0,normal,0.0,normal,0.0,normal,0.0,NORMAL,0.0,0.0,100,normal,YES,PASS,0.0,0.0,0.002,0.0,
14:05:53.520,1.0612,1.0029,1.0064,0.0,normal,0.0,normal,0.0,normal,0.0,NORMAL,0.2,0.0,100,normal,YES,PASS,0.0,0.0,0.017,0.0,
14:05:53.751,1.0462,1.0038,1.0022,0.0,normal,0.0,normal,0.0,normal,0.0,NORMAL,0.1,0.0,100,normal,YES,PASS,0.0,0.0,0.013,0.0,
14:05:53.970,1.0541,1.0083,1.0088,0.0,normal,0.0,normal,0.0,normal,0.0,NORMAL,0.2,0.0,100,normal,YES,PASS,0.0,0.0,0.015,0.0,
14:05:54.172,1.0087,1.0022,1.0039,0.0,normal,0.0,normal,0.0,normal,0.0,NORMAL,0.0,0.0,100,normal,YES,PASS,0.0,0.0,0.002,0.0,
14:05:54.394,1.0231,1.0069,1.0073,0.0,normal,0.0,normal,0.0,normal,0.0,NORMAL,0.1,0.0,100,normal,YES,PASS,0.0,0.0,0.007,0.0,
14:05:54.640,1.0187,1.0015,1.0014,4.3642,pothole,0.6821,normal,0.0,normal,0.0,NORMAL,14.2,0.0,100,pothole,YES,PASS,0.0,0.354,0.005,0.0,
14:05:54.843,1.0194,1.0088,1.0023,4.3642,pothole,0.6821,normal,0.0,normal,0.0,NORMAL,24.5,0.0,100,pothole,YES,PASS,0.0,0.612,0.006,0.0,
14:05:55.064,1.0462,1.0004,1.0023,0.0,normal,0.0,normal,0.0,normal,0.0,NORMAL,18.0,0.0,100,normal,YES,PASS,0.0,0.447,0.013,0.0,
14:05:55.290,1.0346,1.0065,1.0063,0.0,normal,0.0,normal,0.0,normal,0.0,NORMAL,13.1,0.0,100,normal,YES,PASS,0.0,0.326,0.01,0.0,
14:05:55.494,1.0295,1.0095,1.0026,0.0,normal,0.0,normal,0.0,normal,0.0,NORMAL,9.6,0.0,100,normal,YES,PASS,0.0,0.238,0.008,0.0,
14:05:55.733,1.0147,1.0094,1.0071,0.0,normal,0.0,normal,0.0,normal,0.0,NORMAL,7.0,0.0,100,normal,YES,PASS,0.0,0.174,0.004,0.0,
14:05:55.953,1.0469,1.0002,1.0005,0.0,normal,0.0,normal,0.0,normal,0.0,NORMAL,5.2,0.0,100,normal,YES,PASS,0.0,0.127,0.013,0.0,
14:05:56.142,1.017,1.0002,1.0166,0.0,normal,0.0,normal,0.0,normal,0.0,NORMAL,3.7,0.0,100,normal,YES,PASS,0.0,0.092,0.005,0.0,
14:05:56.320,1.0497,1.0133,1.0097,0.0,normal,0.0,normal,0.0,normal,0.0,NORMAL,2.8,0.0,100,normal,YES,PASS,0.0,0.067,0.014,0.0,
14:05:56.528,1.0132,1.0023,1.0093,0.0,normal,0.0,normal,0.0,normal,0.0,NORMAL,2.0,0.0,100,normal,YES,PASS,0.0,0.049,0.004,0.0,
14:05:56.724,1.0318,1.0087,1.0026,0.0,normal,0.0,normal,0.0,normal,0.0,NORMAL,1.5,0.0,100,normal,YES,PASS,0.0,0.036,0.009,0.0,
14:05:56.988,1.002,1.003,1.0054,0.0,normal,0.0,normal,0.0,normal,0.0,NORMAL,1.1,0.0,100,normal,YES,PASS,0.0,0.026,0.001,0.0,
14:05:57.232,1.0541,1.005,1.0025,0.0,normal,0.0,normal,0.0,normal,0.0,NORMAL,0.9,0.0,100,normal,YES,PASS,0.0,0.019,0.015,0.0,
14:05:57.470,1.0269,1.0062,1.0138,0.0,normal,0.0,normal,0.0,normal,0.0,NORMAL,0.6,0.0,100,normal,YES,PASS,0.0,0.014,0.008,0.0,
14:05:57.700,1.0162,1.0001,1.012,4.2106,pothole,0.6053,normal,0.0,normal,0.0,NORMAL,14.1,0.0,100,pothole,YES,PASS,0.0,0.351,0.005,0.0,
14:05:57.922,1.0194,1.008,1.008,4.2106,pothole,0.6053,normal,0.0,normal,0.0,NORMAL,24.0,0.0,100,pothole,YES,PASS,0.0,0.598,0.006,0.0,
14:05:58.122,1.0032,1.0101,1.0059,4.2106,pothole,0.6053,normal,0.0,normal,0.0,NORMAL,31.1,0.0,100,pothole,YES,PASS,0.0,0.778,0.001,0.0,
14:05:58.345,1.0008,1.0,1.0097,4.2106,pothole,0.6053,normal,0.0,normal,0.0,NORMAL,36.4,0.0,100,pothole,YES,PASS,0.0,0.909,0.0,0.0,
14:05:58.590,1.0372,1.0106,1.001,4.2106,pothole,0.6053,normal,0.0,normal,0.0,NORMAL,40.1,0.0,100,pothole,YES,PASS,0.0,1.0,0.011,0.0,
14:05:58.767,1.0322,1.0021,1.0064,4.2106,pothole,0.6053,normal,0.0,normal,0.0,NORMAL,40.1,0.0,100,pothole,YES,PASS,0.0,1.0,0.009,0.0,
14:05:58.937,1.005,1.0105,1.0061,4.2106,pothole,0.6053,normal,0.0,normal,0.0,NORMAL,40.0,0.0,100,pothole,YES,PASS,0.0,1.0,0.001,0.0,
14:05:59.113,1.051,1.0123,1.0084,4.2106,pothole,0.6053,normal,0.0,normal,0.0,NORMAL,40.1,0.0,100,pothole,YES,PASS,0.0,1.0,0.015,0.0,
14:05:59.346,1.0331,1.0001,1.0068,4.2106,pothole,0.6053,normal,0.0,normal,0.0,NORMAL,40.1,0.0,100,pothole,YES,PASS,0.0,1.0,0.009,0.0,
14:05:59.600,1.034,1.0105,1.0011,5.0,pothole,1.0,normal,0.0,normal,0.0,NORMAL,40.1,0.0,100,pothole,YES,PASS,0.0,1.0,0.01,0.0,
14:05:59.802,1.0673,1.0007,1.006,5.0,pothole,1.0,normal,0.0,normal,0.0,NORMAL,40.2,0.0,100,pothole,YES,PASS,0.0,1.0,0.019,0.0,
14:05:59.983,1.0356,1.0123,1.0035,5.0,pothole,1.0,normal,0.0,normal,0.0,NORMAL,40.1,0.0,100,pothole,YES,PASS,0.0,1.0,0.01,0.0,
14:06:00.151,1.0163,1.011,1.0157,5.0,pothole,1.0,normal,0.0,normal,0.0,NORMAL,40.0,0.0,100,pothole,YES,PASS,0.0,1.0,0.005,0.0,
14:06:00.323,1.0002,1.0079,1.0055,5.0,pothole,1.0,normal,0.0,normal,0.0,NORMAL,40.0,0.0,100,pothole,YES,PASS,0.0,1.0,0.0,0.0,
14:06:00.514,1.0075,1.0048,1.0073,5.0,pothole,1.0,normal,0.0,normal,0.0,NORMAL,40.0,0.0,100,pothole,YES,PASS,0.0,1.0,0.002,0.0,
14:06:00.704,1.0545,1.0065,1.0,5.0,pothole,1.0,normal,0.0,normal,0.0,NORMAL,40.2,0.0,100,pothole,YES,PASS,0.0,1.0,0.016,0.0,
14:06:00.897,1.0456,1.0049,1.0123,5.0,pothole,1.0,normal,0.0,normal,0.0,NORMAL,40.1,0.0,100,pothole,YES,PASS,0.0,1.0,0.013,0.0,
14:06:01.085,1.0105,1.0089,1.0029,5.0,pothole,1.0,normal,0.0,normal,0.0,NORMAL,40.0,0.0,100,pothole,YES,PASS,0.0,1.0,0.003,0.0,
14:06:01.289,1.0409,1.0019,1.0095,5.0,pothole,1.0,normal,0.0,normal,0.0,NORMAL,40.1,0.0,100,pothole,YES,PASS,0.0,1.0,0.012,0.0,
14:06:01.473,1.0088,1.0085,1.0068,5.0,pothole,1.0,normal,0.0,normal,0.0,NORMAL,40.0,0.0,100,pothole,YES,PASS,0.0,1.0,0.003,0.0,
14:06:01.661,1.0341,1.0159,1.0131,5.0,pothole,1.0,normal,0.0,normal,0.0,NORMAL,40.1,0.0,100,pothole,YES,PASS,0.0,1.0,0.01,0.0,
14:06:01.838,1.0749,1.0018,1.0101,5.0,pothole,1.0,normal,0.0,normal,0.0,NORMAL,40.2,0.0,100,pothole,YES,PASS,0.0,1.0,0.021,0.0,
14:06:02.023,1.0038,1.0088,1.0134,5.0,pothole,1.0,normal,0.0,normal,0.0,NORMAL,40.0,0.0,100,pothole,YES,PASS,0.0,1.0,0.001,0.0,
14:06:02.222,1.0581,1.0073,1.0075,5.0,pothole,1.0,normal,0.0,normal,0.0,NORMAL,40.2,0.0,100,pothole,YES,PASS,0.0,1.0,0.017,0.0,
14:06:02.398,1.0221,1.0038,1.0066,5.0,pothole,1.0,normal,0.0,normal,0.0,NORMAL,40.1,0.0,100,pothole,YES,PASS,0.0,1.0,0.006,0.0,
14:06:02.588,1.018,1.0141,1.0056,5.0,pothole,1.0,normal,0.0,normal,0.0,NORMAL,40.1,0.0,100,pothole,YES,PASS,0.0,1.0,0.005,0.0,
14:06:02.764,1.035,1.0061,1.0013,5.0,pothole,1.0,normal,0.0,normal,0.0,NORMAL,40.1,0.0,100,pothole,YES,PASS,0.0,1.0,0.01,0.0,
14:06:02.970,1.0029,1.0015,1.0124,5.0,pothole,1.0,normal,0.0,normal,0.0,NORMAL,40.0,0.0,100,pothole,YES,PASS,0.0,1.0,0.001,0.0,
14:06:03.161,1.0362,1.0099,1.0062,5.0,pothole,1.0,normal,0.0,normal,0.0,NORMAL,40.1,0.0,100,pothole,YES,PASS,0.0,1.0,0.01,0.0,
14:06:03.355,1.0151,1.0046,1.0084,0.0,normal,0.0,normal,0.0,normal,0.0,NORMAL,40.0,0.0,100,normal,YES,PASS,0.0,1.0,0.004,0.0,
14:06:03.548,1.0108,1.0086,1.0013,0.0,normal,0.0,normal,0.0,normal,0.0,NORMAL,32.0,0.0,100,normal,YES,PASS,0.0,0.799,0.003,0.0,
14:06:03.716,1.0035,1.0055,1.0049,0.0,normal,0.0,normal,0.0,normal,0.0,NORMAL,23.3,0.0,100,normal,YES,PASS,0.0,0.583,0.001,0.0,
14:06:03.906,1.0143,1.0172,1.0029,0.0,normal,0.0,normal,0.0,normal,0.0,NORMAL,17.1,0.0,100,normal,YES,PASS,0.0,0.425,0.004,0.0,
14:06:04.078,1.0562,1.0116,1.0091,0.0,normal,0.0,normal,0.0,normal,0.0,NORMAL,12.6,0.0,100,normal,YES,PASS,0.0,0.311,0.016,0.0,
14:06:04.253,1.0236,1.0017,1.0111,0.0,normal,0.0,normal,0.0,normal,0.0,NORMAL,9.1,0.0,100,normal,YES,PASS,0.0,0.227,0.007,0.0,
14:06:04.442,1.0305,1.0002,1.0024,0.0,normal,0.0,normal,0.0,normal,0.0,NORMAL,6.7,0.0,100,normal,YES,PASS,0.0,0.165,0.009,0.0,
14:06:04.622,1.0112,1.0055,1.0019,0.0,normal,0.0,normal,0.0,normal,0.0,NORMAL,4.9,0.0,100,normal,YES,PASS,0.0,0.121,0.003,0.0,
14:06:04.819,1.0208,1.0142,1.0046,0.0,normal,0.0,normal,0.0,normal,0.0,NORMAL,3.6,0.0,100,normal,YES,PASS,0.0,0.088,0.006,0.0,
14:06:05.013,1.0569,1.008,1.0005,0.0,normal,0.0,normal,0.0,normal,0.0,NORMAL,2.7,0.0,100,normal,YES,PASS,0.0,0.064,0.016,0.0,
14:06:05.193,1.0099,1.0003,1.0058,0.0,normal,0.0,normal,0.0,normal,0.0,NORMAL,1.9,0.0,100,normal,YES,PASS,0.0,0.047,0.003,0.0,
14:06:05.385,1.0138,1.0065,1.0064,0.0,normal,0.0,normal,0.0,normal,0.0,NORMAL,1.4,0.0,100,normal,YES,PASS,0.0,0.034,0.004,0.0,
14:06:05.570,1.0092,1.0074,1.0038,0.0,normal,0.0,normal,0.0,normal,0.0,NORMAL,1.0,0.0,100,normal,YES,PASS,0.0,0.025,0.003,0.0,
14:06:05.762,1.0038,1.0022,1.0005,0.0,normal,0.0,normal,0.0,normal,0.0,NORMAL,0.7,0.0,100,normal,YES,PASS,0.0,0.018,0.001,0.0,
14:06:05.952,1.0378,1.0013,1.0054,0.0,normal,0.0,normal,0.0,normal,0.0,NORMAL,0.6,0.0,100,normal,YES,PASS,0.0,0.013,0.011,0.0,
14:06:06.157,1.0327,1.0082,1.0105,0.0,normal,0.0,normal,0.0,normal,0.0,NORMAL,0.5,0.0,100,normal,YES,PASS,0.0,0.01,0.009,0.0,
14:06:06.385,1.0327,1.0068,1.0157,0.0,normal,0.0,normal,0.0,normal,0.0,NORMAL,0.4,0.0,100,normal,YES,PASS,0.0,0.007,0.009,0.0,
14:06:06.571,1.0387,1.0081,1.0104,0.0,normal,0.0,normal,0.0,normal,0.0,NORMAL,0.3,0.0,100,normal,YES,PASS,0.0,0.005,0.011,0.0,
14:06:06.768,1.0238,1.0071,1.013,0.0,normal,0.0,normal,0.0,normal,0.0,NORMAL,0.2,0.0,100,normal,YES,PASS,0.0,0.004,0.007,0.0,
14:06:06.959,1.045,1.0166,1.0022,0.0,normal,0.0,normal,0.0,normal,0.0,NORMAL,0.2,0.0,100,normal,YES,PASS,0.0,0.003,0.013,0.0,
14:06:07.133,1.0096,1.0075,1.0063,0.0,normal,0.0,normal,0.0,normal,0.0,NORMAL,0.1,0.0,100,normal,YES,PASS,0.0,0.002,0.003,0.0,
14:06:07.301,1.0081,1.001,1.011,0.0,normal,0.0,normal,0.0,normal,0.0,NORMAL,0.1,0.0,100,normal,YES,PASS,0.0,0.001,0.002,0.0,
14:06:07.463,1.0474,1.0019,1.0007,0.0,normal,0.0,normal,0.0,normal,0.0,NORMAL,0.2,0.0,100,normal,YES,PASS,0.0,0.001,0.014,0.0,
14:06:07.634,1.0368,1.0083,1.0075,0.0,normal,0.0,normal,0.0,normal,0.0,NORMAL,0.1,0.0,100,normal,YES,PASS,0.0,0.001,0.011,0.0,
14:06:07.821,1.0408,1.0011,1.0033,0.0,normal,0.0,normal,0.0,normal,0.0,NORMAL,0.1,0.0,100,normal,YES,PASS,0.0,0.001,0.012,0.0,
14:06:08.008,1.065,1.0095,1.0046,0.0,normal,0.0,normal,0.0,normal,0.0,NORMAL,0.2,0.0,100,normal,YES,PASS,0.0,0.0,0.019,0.0,
14:06:08.179,1.0519,1.0066,1.0011,0.0,normal,0.0,normal,0.0,normal,0.0,NORMAL,0.2,0.0,100,normal,YES,PASS,0.0,0.0,0.015,0.0,
14:06:08.383,1.0144,1.0047,1.013,0.0,normal,0.0,normal,0.0,normal,0.0,NORMAL,0.0,0.0,100,normal,YES,PASS,0.0,0.0,0.004,0.0,
14:06:08.690,1.0521,1.0041,1.0115,0.0,normal,0.0,normal,0.0,normal,0.0,NORMAL,0.2,0.0,100,normal,YES,PASS,0.0,0.0,0.015,0.0,
14:06:08.927,1.058,1.0115,1.0148,0.0,normal,0.0,normal,0.0,normal,0.0,NORMAL,0.2,0.0,100,normal,YES,PASS,0.0,0.0,0.017,0.0,
14:06:09.178,1.0078,1.0085,1.0039,0.0,normal,0.0,normal,0.0,normal,0.0,NORMAL,0.0,0.0,100,normal,YES,PASS,0.0,0.0,0.002,0.0,
14:06:09.370,1.0003,1.0096,1.0006,0.0,normal,0.0,normal,0.0,normal,0.0,NORMAL,0.0,0.0,100,normal,YES,PASS,0.0,0.0,0.0,0.0,
14:06:09.582,1.0614,1.0079,1.0076,0.0,normal,0.0,normal,0.0,normal,0.0,NORMAL,0.2,0.0,100,normal,YES,PASS,0.0,0.0,0.018,0.0,
14:06:09.800,1.0429,1.0049,1.0136,0.0,normal,0.0,normal,0.0,normal,0.0,NORMAL,0.1,0.0,100,normal,YES,PASS,0.0,0.0,0.012,0.0,
14:06:10.047,1.0197,1.0065,1.0087,0.0,normal,0.0,normal,0.0,normal,0.0,NORMAL,0.1,0.0,100,normal,YES,PASS,0.0,0.0,0.006,0.0,
14:06:10.260,1.0049,1.0012,1.0131,0.0,normal,0.0,normal,0.0,normal,0.0,NORMAL,0.0,0.0,100,normal,YES,PASS,0.0,0.0,0.001,0.0,
14:06:10.478,1.0399,1.005,1.0018,0.0,normal,0.0,normal,0.0,normal,0.0,NORMAL,0.1,0.0,100,normal,YES,PASS,0.0,0.0,0.011,0.0,
14:06:10.699,1.0578,1.0025,1.0099,0.0,normal,0.0,normal,0.0,normal,0.0,NORMAL,0.2,0.0,100,normal,YES,PASS,0.0,0.0,0.017,0.0,
14:06:10.927,1.0471,1.0051,1.0,0.0,normal,0.0,normal,0.0,normal,0.0,NORMAL,0.1,0.0,100,normal,YES,PASS,0.0,0.0,0.013,0.0,
14:06:11.133,1.0374,1.0083,1.0064,0.0,normal,0.0,speed_hump,0.5001,normal,0.0,NORMAL,17.6,0.0,100,speed_hump,YES,PASS,0.0,0.0,0.011,0.5,
14:06:11.353,1.0559,1.0118,1.0017,0.0,normal,0.0,speed_hump,0.5001,normal,0.0,NORMAL,17.7,0.0,100,speed_hump,YES,PASS,0.0,0.0,0.016,0.5,
14:06:11.554,1.0492,1.0012,1.002,4.426,pothole,0.713,speed_hump,0.5001,normal,0.0,NORMAL,32.0,0.0,100,speed_hump,YES,PASS,0.0,0.359,0.014,0.5,
14:06:11.762,1.0265,1.0131,1.0,4.426,pothole,0.713,speed_hump,0.5001,normal,0.0,NORMAL,42.4,0.0,100,speed_hump,YES,PASS,0.0,0.621,0.008,0.5,
14:06:12.001,1.0242,1.0126,1.008,4.426,pothole,0.713,speed_hump,0.5001,normal,0.0,NORMAL,50.0,0.25,100,speed_hump,YES,PASS,0.0,0.812,0.007,0.5,
14:06:12.268,1.0621,1.012,1.0036,4.426,pothole,0.713,speed_hump,0.5001,normal,0.0,NORMAL,55.7,0.28,100,speed_hump,YES,PASS,0.0,0.951,0.018,0.5,
14:06:12.533,1.0209,1.0005,1.0064,4.426,pothole,0.713,speed_hump,0.5001,normal,0.0,CAUTION,57.6,0.29,86,speed_hump,NO,BLOCKED,0.0,1.0,0.006,0.5,
14:06:12.799,1.0234,1.0023,1.0066,5.0,pothole,1.0,normal,0.0,normal,0.0,CAUTION,40.1,0.0,100,pothole,NO,BLOCKED,0.0,1.0,0.007,0.0,
14:06:13.068,1.0118,1.01,1.0105,4.426,pothole,0.713,normal,0.0,normal,0.0,CAUTION,40.0,0.0,100,pothole,NO,BLOCKED,0.0,1.0,0.003,0.0,
14:06:13.328,1.0211,1.0083,1.0092,5.0,pothole,1.0,normal,0.0,normal,0.0,NORMAL,40.1,0.0,100,pothole,YES,PASS,0.0,1.0,0.006,0.0,
14:06:13.609,1.028,1.0075,1.0037,5.0,pothole,1.0,normal,0.0,normal,0.0,NORMAL,40.1,0.0,100,pothole,YES,PASS,0.0,1.0,0.008,0.0,
14:06:13.860,1.0368,1.002,1.0037,5.0,pothole,1.0,normal,0.0,normal,0.0,NORMAL,40.1,0.0,100,pothole,YES,PASS,0.0,1.0,0.011,0.0,
14:06:14.093,1.0338,1.0057,1.006,5.0,pothole,1.0,normal,0.0,normal,0.0,NORMAL,40.1,0.0,100,pothole,YES,PASS,0.0,1.0,0.01,0.0,
14:06:14.323,1.0213,1.003,1.0066,5.0,pothole,1.0,normal,0.0,normal,0.0,NORMAL,40.1,0.0,100,pothole,YES,PASS,0.0,1.0,0.006,0.0,
14:06:14.547,1.0379,1.0018,1.0061,5.0,pothole,1.0,normal,0.0,normal,0.0,NORMAL,40.1,0.0,100,pothole,YES,PASS,0.0,1.0,0.011,0.0,
14:06:14.749,1.0219,1.0003,1.0096,5.0,pothole,1.0,normal,0.0,normal,0.0,NORMAL,40.1,0.0,100,pothole,YES,PASS,0.0,1.0,0.006,0.0,
14:06:14.969,1.0256,1.0036,1.0061,5.0,pothole,1.0,normal,0.0,normal,0.0,NORMAL,40.1,0.0,100,pothole,YES,PASS,0.0,1.0,0.007,0.0,
