timestamp,imu_z,imu_x,imu_y,motion_score,camera_event,camera_conf,road_event,road_conf,rear_event,rear_conf,decision,confidence,severity_score,motor_speed,lora_event,lora_sent,lora_confidence_check,lora_latency_ms,motion_conf,imu_conf,road_conf_fusion,ground_truth
16:58:58.794,1.0196,1.0119,1.0122,0.0,normal,0.0,normal,0.0,normal,0.0,NORMAL,3.1,0.0,100,normal,YES,PASS,0.0,0.068,0.008,0.0,
16:58:58.940,1.0454,1.005,1.0075,0.0,normal,0.0,normal,0.0,normal,0.0,NORMAL,1.6,0.0,100,normal,YES,PASS,0.0,0.034,0.018,0.0,
16:58:59.088,1.0663,1.0088,1.0113,0.0,normal,0.0,normal,0.0,normal,0.0,NORMAL,1.1,0.0,100,normal,YES,PASS,0.0,0.021,0.027,0.0,
16:58:59.250,1.0389,1.0035,1.0133,0.0,normal,0.0,normal,0.0,normal,0.0,NORMAL,0.7,0.0,100,normal,YES,PASS,0.0,0.014,0.016,0.0,
16:58:59.387,1.0101,1.002,1.0044,0.0,normal,0.0,normal,0.0,normal,0.0,NORMAL,0.5,0.0,100,normal,YES,PASS,0.0,0.01,0.004,0.0,
16:58:59.552,1.0255,1.0096,1.0123,0.0,normal,0.0,normal,0.0,normal,0.0,NORMAL,0.4,0.0,100,normal,YES,PASS,0.0,0.007,0.01,0.0,
16:58:59.700,1.021,1.0066,1.0099,0.0,normal,0.0,normal,0.0,normal,0.0,NORMAL,0.3,0.0,100,normal,YES,PASS,0.0,0.005,0.008,0.0,
16:58:59.842,1.0554,1.0078,1.0046,0.0,normal,0.0,normal,0.0,normal,0.0,NORMAL,0.3,0.0,100,normal,YES,PASS,0.0,0.004,0.022,0.0,
16:58:59.986,1.0366,1.0088,1.0039,0.0,normal,0.0,normal,0.0,normal,0.0,NORMAL,0.2,0.0,100,normal,YES,PASS,0.0,0.003,0.015,0.0,
16:59:00.127,1.0285,1.0088,1.0004,0.0,normal,0.0,normal,0.0,normal,0.0,NORMAL,0.1,0.0,100,normal,YES,PASS,0.0,0.002,0.011,0.0,
16:59:00.273,1.0369,1.0156,1.0082,0.0,normal,0.0,normal,0.0,normal,0.0,NORMAL,0.1,0.0,100,normal,YES,PASS,0.0,0.001,0.015,0.0,
16:59:00.418,1.0358,1.0039,1.0005,0.0,normal,0.0,normal,0.0,normal,0.0,NORMAL,0.1,0.0,100,normal,YES,PASS,0.0,0.001,0.014,0.0,
16:59:00.564,1.0578,1.0018,1.0003,0.0,normal,0.0,normal,0.0,normal,0.0,NORMAL,0.2,0.0,100,normal,YES,PASS,0.0,0.001,0.023,0.0,
16:59:00.708,1.0615,1.0071,1.0089,0.0,normal,0.0,normal,0.0,normal,0.0,NORMAL,0.1,0.0,100,normal,YES,PASS,0.0,0.001,0.025,0.0,
16:59:00.852,1.0135,1.0119,1.0049,0.0,normal,0.0,normal,0.0,normal,0.0,NORMAL,0.0,0.0,100,normal,YES,PASS,0.0,0.0,0.005,0.0,
16:59:00.999,1.0614,1.0013,1.0112,0.0,normal,0.0,normal,0.0,normal,0.0,NORMAL,0.1,0.0,100,normal,YES,PASS,0.0,0.0,0.025,0.0,
16:59:01.139,1.0274,1.0143,1.0055,0.0,normal,0.0,normal,0.0,normal,0.0,NORMAL,0.1,0.0,100,normal,YES,PASS,0.0,0.0,0.011,0.0,
16:59:01.271,1.0467,1.0054,1.007,0.0,normal,0.0,normal,0.0,normal,0.0,NORMAL,0.1,0.0,100,normal,YES,PASS,0.0,0.0,0.019,0.0,
16:59:01.422,1.0283,1.0032,1.0128,0.0,normal,0.0,normal,0.0,normal,0.0,NORMAL,0.1,0.0,100,normal,YES,PASS,0.0,0.0,0.011,0.0,
16:59:01.574,1.0015,1.0024,1.0059,0.0,normal,0.0,normal,0.0,normal,0.0,NORMAL,0.0,0.0,100,normal,YES,PASS,0.0,0.0,0.001,0.0,
16:59:01.723,1.0165,1.0084,1.001,0.0,normal,0.0,normal,0.0,normal,0.0,NORMAL,0.0,0.0,100,normal,YES,PASS,0.0,0.0,0.007,0.0,
16:59:01.895,1.0669,1.0058,1.0097,0.0,normal,0.0,normal,0.0,normal,0.0,NORMAL,0.1,0.0,100,normal,YES,PASS,0.0,0.0,0.027,0.0,
16:59:02.042,1.0226,1.0079,1.0111,0.0,normal,0.0,normal,0.0,normal,0.0,NORMAL,0.0,0.0,100,normal,YES,PASS,0.0,0.0,0.009,0.0,
16:59:02.189,1.0214,1.0125,1.0096,0.0,normal,0.0,normal,0.0,normal,0.0,NORMAL,0.0,0.0,100,normal,YES,PASS,0.0,0.0,0.009,0.0,
16:59:02.323,1.0673,1.0008,1.0074,0.0,normal,0.0,normal,0.0,normal,0.0,NORMAL,0.1,0.0,100,normal,YES,PASS,0.0,0.0,0.027,0.0,
16:59:02.461,1.0047,1.0061,1.0009,0.0,normal,0.0,normal,0.0,normal,0.0,NORMAL,0.0,0.0,100,normal,YES,PASS,0.0,0.0,0.002,0.0,
16:59:02.602,1.0445,1.0047,1.0025,0.0,normal,0.0,normal,0.0,normal,0.0,NORMAL,0.1,0.0,100,normal,YES,PASS,0.0,0.0,0.018,0.0,
16:59:02.751,1.0258,1.0062,1.0103,0.0,normal,0.0,normal,0.0,normal,0.0,NORMAL,0.1,0.0,100,normal,YES,PASS,0.0,0.0,0.01,0.0,
16:59:02.888,1.0434,1.0111,1.0056,0.0,normal,0.0,normal,0.0,normal,0.0,NORMAL,0.1,0.0,100,normal,YES,PASS,0.0,0.0,0.017,0.0,
16:59:03.025,1.0161,1.0041,1.0165,0.0,normal,0.0,normal,0.0,normal,0.0,NORMAL,0.0,0.0,100,normal,YES,PASS,0.0,0.0,0.006,0.0,
16:59:03.157,1.0159,1.0095,1.0124,0.0,normal,0.0,normal,0.0,normal,0.0,NORMAL,0.0,0.0,100,normal,YES,PASS,0.0,0.0,0.006,0.0,
16:59:03.288,1.0586,1.0101,1.011,0.0,normal,0.0,normal,0.0,normal,0.0,NORMAL,0.1,0.0,100,normal,YES,PASS,0.0,0.0,0.023,0.0,
16:59:03.424,1.0355,1.0042,1.014,0.0,normal,0.0,normal,0.0,normal,0.0,NORMAL,0.1,0.0,100,normal,YES,PASS,0.0,0.0,0.014,0.0,
16:59:03.571,1.0431,1.0015,1.0043,0.0,normal,0.0,normal,0.0,normal,0.0,NORMAL,0.1,0.0,100,normal,YES,PASS,0.0,0.0,0.017,0.0,
16:59:03.718,1.0217,1.0008,1.0056,0.0,normal,0.0,normal,0.0,normal,0.0,NORMAL,0.0,0.0,100,normal,YES,PASS,0.0,0.0,0.009,0.0,
16:59:03.859,1.0159,1.0034,1.0093,0.0,normal,0.0,normal,0.0,normal,0.0,NORMAL,0.0,0.0,100,normal,YES,PASS,0.0,0.0,0.006,0.0,
16:59:04.004,1.0486,1.0087,1.013,0.0,normal,0.0,normal,0.0,normal,0.0,NORMAL,0.1,0.0,100,normal,YES,PASS,0.0,0.0,0.019,0.0,
16:59:04.131,1.0254,1.0069,1.0007,0.0,normal,0.0,normal,0.0,normal,0.0,NORMAL,0.1,0.0,100,normal,YES,PASS,0.0,0.0,0.01,0.0,
16:59:04.280,1.0486,1.0052,1.0136,0.0,normal,0.0,normal,0.0,normal,0.0,NORMAL,0.1,0.0,100,normal,YES,PASS,0.0,0.0,0.019,0.0,
16:59:04.441,1.0346,1.0128,1.0007,0.0,normal,0.0,normal,0.0,normal,0.0,NORMAL,0.1,0.0,100,normal,YES,PASS,0.0,0.0,0.014,0.0,
16:59:04.597,1.0138,1.0084,1.0058,0.0,normal,0.0,normal,0.0,normal,0.0,NORMAL,0.0,0.0,100,normal,YES,PASS,0.0,0.0,0.006,0.0,
16:59:04.740,1.0479,1.0083,1.0021,0.0,normal,0.0,normal,0.0,normal,0.0,NORMAL,0.1,0.0,100,normal,YES,PASS,0.0,0.0,0.019,0.0,
16:59:04.890,1.0492,1.0045,1.0,0.0,normal,0.0,normal,0.0,normal,0.0,NORMAL,0.1,0.0,100,normal,YES,PASS,0.0,0.0,0.02,0.0,
16:59:05.031,1.0006,1.0007,1.0008,0.0,normal,0.0,normal,0.0,normal,0.0,NORMAL,0.0,0.0,100,normal,YES,PASS,0.0,0.0,0.0,0.0,
16:59:05.166,1.0112,1.008,1.0087,0.0,normal,0.0,normal,0.0,normal,0.0,NORMAL,0.0,0.0,100,normal,YES,PASS,0.0,0.0,0.004,0.0,
16:59:05.300,1.0542,1.007,1.0089,5.0,pothole,1.0,normal,0.0,normal,0.0,NORMAL,18.3,0.0,100,pothole,YES,PASS,0.0,0.405,0.022,0.0,
16:59:05.440,1.0065,1.0017,1.0091,5.0,pothole,1.0,normal,0.0,normal,0.0,NORMAL,31.6,0.22,100,pothole,YES,PASS,0.0,0.701,0.003,0.0,
16:59:05.578,1.0598,1.0016,1.0129,0.0,normal,0.0,normal,0.0,normal,0.0,NORMAL,23.1,0.0,100,normal,YES,PASS,0.0,0.512,0.024,0.0,
16:59:05.710,1.0166,1.0095,1.0053,0.0,normal,0.0,speed_hump,0.5041,normal,0.0,NORMAL,34.5,0.24,100,speed_hump,YES,PASS,0.0,0.373,0.007,0.504,
16:59:05.853,1.0217,1.0031,1.0028,0.0,normal,0.0,normal,0.0,normal,0.0,NORMAL,12.3,0.0,100,normal,YES,PASS,0.0,0.273,0.009,0.0,
16:59:05.991,1.0179,1.0076,1.0001,0.0,normal,0.0,normal,0.0,normal,0.0,NORMAL,9.0,0.0,100,normal,YES,PASS,0.0,0.199,0.007,0.0,
16:59:06.135,1.0174,1.0094,1.0149,0.0,normal,0.0,normal,0.0,normal,0.0,NORMAL,6.6,0.0,100,normal,YES,PASS,0.0,0.145,0.007,0.0,
16:59:06.280,1.0062,1.006,1.0132,5.0,pothole,1.0,speed_hump,0.5602,normal,0.0,NORMAL,42.6,0.3,100,speed_hump,YES,PASS,0.0,0.511,0.002,0.56,
16:59:06.423,1.0191,1.0104,1.0097,5.0,pothole,1.0,speed_hump,0.5482,normal,0.0,NORMAL,54.2,0.38,100,speed_hump,YES,PASS,0.0,0.778,0.008,0.548,
16:59:06.567,1.0492,1.0118,1.0155,5.0,pothole,1.0,speed_hump,0.5297,normal,0.0,CAUTION,62.4,0.62,69,speed_hump,NO,BLOCKED,0.0,0.973,0.02,0.53,
16:59:06.705,1.0071,1.0009,1.0043,5.0,pothole,1.0,speed_hump,0.5694,normal,0.0,CAUTION,64.9,0.65,68,speed_hump,NO,BLOCKED,0.0,1.0,0.003,0.569,
16:59:06.850,1.0607,1.0114,1.0004,0.0,normal,0.0,speed_hump,0.57,normal,0.0,HAZARD,56.7,0.57,60,normal,NO,BLOCKED,0.0,0.814,0.024,0.57,
16:59:06.989,1.0242,1.0028,1.0029,0.0,normal,0.0,speed_hump,0.5813,normal,0.0,HAZARD,47.1,0.33,77,normal,NO,BLOCKED,0.0,0.594,0.01,0.581,
16:59:07.134,1.0267,1.0108,1.0059,0.0,normal,0.0,speed_hump,0.5205,normal,0.0,HAZARD,37.8,0.26,81,normal,NO,BLOCKED,0.0,0.434,0.011,0.521,
16:59:07.275,1.0625,1.0092,1.0006,0.0,normal,0.0,speed_hump,0.5454,normal,0.0,CAUTION,33.5,0.23,88,speed_hump,NO,BLOCKED,0.0,0.317,0.025,0.545,
16:59:07.416,1.0539,1.0044,1.0051,0.0,normal,0.0,speed_hump,0.5508,normal,0.0,CAUTION,29.8,0.21,90,speed_hump,NO,BLOCKED,0.0,0.231,0.022,0.551,
16:59:07.558,1.0017,1.0052,1.0092,0.0,normal,0.0,speed_hump,0.5062,normal,0.0,CAUTION,25.3,0.18,91,speed_hump,NO,BLOCKED,0.0,0.169,0.001,0.506,
16:59:07.699,1.0209,1.0112,1.0034,0.0,normal,0.0,normal,0.0,normal,0.0,CAUTION,5.6,0.0,100,braking,NO,BLOCKED,0.0,0.123,0.008,0.0,
16:59:07.833,1.0628,1.0004,1.0012,0.0,normal,0.0,normal,0.0,normal,0.0,CAUTION,4.2,0.0,100,braking,NO,BLOCKED,0.0,0.09,0.025,0.0,
16:59:07.978,1.0166,1.0041,1.0086,0.0,normal,0.0,normal,0.0,normal,0.0,NORMAL,3.0,0.0,100,normal,YES,PASS,0.0,0.066,0.007,0.0,
16:59:08.112,1.0166,1.0054,1.0061,0.0,normal,0.0,normal,0.0,normal,0.0,NORMAL,2.2,0.0,100,normal,YES,PASS,0.0,0.048,0.007,0.0,
16:59:08.250,1.018,1.0035,1.0068,5.0,pothole,1.0,normal,0.0,normal,0.0,NORMAL,19.8,0.0,100,pothole,YES,PASS,0.0,0.44,0.007,0.0,
16:59:08.387,1.0577,1.0016,1.0136,5.0,pothole,1.0,normal,0.0,normal,0.0,NORMAL,32.8,0.23,100,pothole,YES,PASS,0.0,0.726,0.023,0.0,
16:59:08.525,1.0619,1.0064,1.0023,5.0,pothole,1.0,normal,0.0,normal,0.0,NORMAL,42.2,0.3,100,pothole,YES,PASS,0.0,0.935,0.025,0.0,
16:59:08.656,1.0492,1.0012,1.0079,5.0,pothole,1.0,normal,0.0,normal,0.0,CAUTION,45.1,0.32,84,pothole,NO,BLOCKED,0.0,1.0,0.02,0.0,
16:59:08.798,1.0191,1.012,1.006,5.0,pothole,1.0,normal,0.0,normal,0.0,CAUTION,45.0,0.32,84,pothole,NO,BLOCKED,0.0,1.0,0.008,0.0,
16:59:08.933,1.0316,1.0018,1.0047,5.0,pothole,1.0,normal,0.0,normal,0.0,CAUTION,45.1,0.32,84,pothole,NO,BLOCKED,0.0,1.0,0.013,0.0,
16:59:09.066,1.0359,1.0061,1.0108,5.0,pothole,1.0,normal,0.0,normal,0.0,CAUTION,45.1,0.32,84,pothole,NO,BLOCKED,0.0,1.0,0.014,0.0,
16:59:09.204,1.0137,1.0016,1.0026,5.0,pothole,1.0,normal,0.0,normal,0.0,CAUTION,45.0,0.32,84,pothole,NO,BLOCKED,0.0,1.0,0.005,0.0,
16:59:09.346,1.0421,1.0055,1.0076,5.0,pothole,1.0,normal,0.0,normal,0.0,CAUTION,45.1,0.32,84,pothole,NO,BLOCKED,0.0,1.0,0.017,0.0,
16:59:09.486,1.0224,1.0064,1.0095,5.0,pothole,1.0,normal,0.0,normal,0.0,CAUTION,45.0,0.32,84,pothole,NO,BLOCKED,0.0,1.0,0.009,0.0,
16:59:09.630,1.0093,1.0059,1.0067,5.0,pothole,1.0,normal,0.0,normal,0.0,CAUTION,45.0,0.32,84,pothole,NO,BLOCKED,0.0,1.0,0.004,0.0,
16:59:09.765,1.0118,1.0101,1.0036,5.0,pothole,1.0,normal,0.0,normal,0.0,CAUTION,45.0,0.32,84,pothole,NO,BLOCKED,0.0,1.0,0.005,0.0,
16:59:09.900,1.0035,1.0003,1.0074,0.0,normal,0.0,normal,0.0,normal,0.0,CAUTION,45.0,0.32,84,braking,NO,BLOCKED,0.0,1.0,0.001,0.0,
16:59:10.042,1.0237,1.0059,1.0039,0.0,normal,0.0,normal,0.0,normal,0.0,CAUTION,35.2,0.25,88,braking,NO,BLOCKED,0.0,0.781,0.009,0.0,
16:59:10.184,1.0297,1.0122,1.0056,0.0,normal,0.0,normal,0.0,normal,0.0,CAUTION,25.7,0.18,91,braking,NO,BLOCKED,0.0,0.57,0.012,0.0,
16:59:10.344,1.0371,1.013,1.0026,0.0,normal,0.0,normal,0.0,normal,0.0,CAUTION,18.8,0.0,100,braking,NO,BLOCKED,0.0,0.416,0.015,0.0,
16:59:10.485,1.0088,1.0071,1.0029,0.0,normal,0.0,normal,0.0,normal,0.0,CAUTION,13.7,0.0,100,braking,NO,BLOCKED,0.0,0.304,0.004,0.0,
16:59:10.617,1.033,1.01,1.0093,5.0,pothole,1.0,normal,0.0,normal,0.0,CAUTION,28.3,0.2,90,pothole,NO,BLOCKED,0.0,0.627,0.013,0.0,
16:59:10.750,1.0271,1.0122,1.0019,5.0,pothole,1.0,normal,0.0,normal,0.0,CAUTION,38.9,0.27,86,pothole,NO,BLOCKED,0.0,0.863,0.011,0.0,
16:59:10.883,1.0043,1.0113,1.006,5.0,pothole,1.0,normal,0.0,normal,0.0,CAUTION,45.0,0.32,84,pothole,NO,BLOCKED,0.0,1.0,0.002,0.0,
16:59:11.018,1.0389,1.0056,1.0091,5.0,pothole,1.0,normal,0.0,normal,0.0,CAUTION,45.1,0.32,84,pothole,NO,BLOCKED,0.0,1.0,0.016,0.0,
16:59:11.164,1.0684,1.0035,1.0042,5.0,pothole,1.0,normal,0.0,normal,0.0,CAUTION,45.1,0.32,84,pothole,NO,BLOCKED,0.0,1.0,0.027,0.0,
16:59:11.304,1.0012,1.0021,1.0072,5.0,pothole,1.0,speed_hump,0.5089,normal,0.0,CAUTION,62.8,0.63,69,speed_hump,NO,BLOCKED,0.0,1.0,0.0,0.509,
16:59:11.475,1.0186,1.0081,1.0094,5.0,pothole,1.0,normal,0.0,normal,0.0,CAUTION,45.0,0.32,84,pothole,NO,BLOCKED,0.0,1.0,0.007,0.0,
16:59:11.617,1.0366,1.0042,1.0073,5.0,pothole,1.0,normal,0.0,normal,0.0,CAUTION,45.1,0.32,84,pothole,NO,BLOCKED,0.0,1.0,0.015,0.0,
16:59:11.760,1.024,1.0091,1.0022,5.0,pothole,1.0,normal,0.0,normal,0.0,CAUTION,45.0,0.32,84,pothole,NO,BLOCKED,0.0,1.0,0.01,0.0,
16:59:11.902,1.0285,1.0127,1.0079,5.0,pothole,1.0,normal,0.0,normal,0.0,CAUTION,45.1,0.32,84,pothole,NO,BLOCKED,0.0,1.0,0.011,0.0,
16:59:12.038,1.0062,1.0109,1.0024,0.0,normal,0.0,normal,0.0,normal,0.0,CAUTION,45.0,0.32,84,braking,NO,BLOCKED,0.0,1.0,0.002,0.0,
16:59:12.176,1.0315,1.0121,1.005,0.0,normal,0.0,normal,0.0,normal,0.0,CAUTION,34.8,0.24,88,braking,NO,BLOCKED,0.0,0.772,0.013,0.0,
16:59:12.314,1.0081,1.0015,1.0052,0.0,normal,0.0,normal,0.0,normal,0.0,CAUTION,25.4,0.18,91,braking,NO,BLOCKED,0.0,0.563,0.003,0.0,
16:59:12.454,1.0006,1.0143,1.0167,0.0,normal,0.0,normal,0.0,normal,0.0,CAUTION,18.5,0.0,100,braking,NO,BLOCKED,0.0,0.411,0.0,0.0,
16:59:12.595,1.048,1.0,1.0055,0.0,normal,0.0,normal,0.0,normal,0.0,CAUTION,13.6,0.0,100,braking,NO,BLOCKED,0.0,0.3,0.019,0.0,
16:59:12.737,1.0043,1.0057,1.0036,5.0,pothole,1.0,normal,0.0,normal,0.0,CAUTION,28.1,0.2,90,pothole,NO,BLOCKED,0.0,0.624,0.002,0.0,
16:59:12.874,1.05,1.0037,1.0036,5.0,pothole,1.0,normal,0.0,normal,0.0,CAUTION,38.8,0.27,86,pothole,NO,BLOCKED,0.0,0.861,0.02,0.0,
16:59:13.019,1.0266,1.004,1.007,5.0,pothole,1.0,normal,0.0,normal,0.0,CAUTION,45.1,0.32,84,pothole,NO,BLOCKED,0.0,1.0,0.011,0.0,
16:59:13.149,1.0066,1.001,1.0132,5.0,pothole,1.0,normal,0.0,normal,0.0,CAUTION,45.0,0.32,84,pothole,NO,BLOCKED,0.0,1.0,0.003,0.0,
16:59:13.290,1.0031,1.0001,1.0033,5.0,pothole,1.0,normal,0.0,normal,0.0,CAUTION,45.0,0.32,84,pothole,NO,BLOCKED,0.0,1.0,0.001,0.0,
16:59:13.419,1.0227,1.0043,1.0008,0.0,normal,0.0,normal,0.0,normal,0.0,CAUTION,41.1,0.29,86,braking,NO,BLOCKED,0.0,0.913,0.009,0.0,
16:59:13.557,1.0316,1.0091,1.0132,0.0,normal,0.0,normal,0.0,normal,0.0,CAUTION,30.1,0.21,89,braking,NO,BLOCKED,0.0,0.667,0.013,0.0,
16:59:13.707,1.0558,1.0011,1.0073,0.0,normal,0.0,normal,0.0,normal,0.0,CAUTION,22.0,0.0,100,braking,NO,BLOCKED,0.0,0.487,0.022,0.0,
16:59:13.851,1.0369,1.0117,1.0114,0.0,normal,0.0,normal,0.0,normal,0.0,CAUTION,16.1,0.0,100,braking,NO,BLOCKED,0.0,0.355,0.015,0.0,
16:59:13.994,1.0495,1.0153,1.0055,0.0,normal,0.0,normal,0.0,normal,0.0,NORMAL,11.8,0.0,100,normal,YES,PASS,0.0,0.259,0.02,0.0,
16:59:14.138,1.0379,1.0058,1.0052,0.0,normal,0.0,normal,0.0,normal,0.0,NORMAL,8.6,0.0,100,normal,YES,PASS,0.0,0.189,0.015,0.0,
16:59:14.281,1.0212,1.0046,1.0074,0.0,normal,0.0,normal,0.0,normal,0.0,NORMAL,6.3,0.0,100,normal,YES,PASS,0.0,0.138,0.008,0.0,
16:59:14.439,1.0436,1.0044,1.0045,0.0,normal,0.0,normal,0.0,normal,0.0,NORMAL,4.6,0.0,100,normal,YES,PASS,0.0,0.101,0.017,0.0,
16:59:14.579,1.0174,1.0067,1.0011,5.0,pothole,1.0,normal,0.0,normal,0.0,NORMAL,21.6,0.0,100,pothole,YES,PASS,0.0,0.479,0.007,0.0,
16:59:14.719,1.0339,1.0022,1.0072,5.0,pothole,1.0,normal,0.0,normal,0.0,NORMAL,34.0,0.24,100,pothole,YES,PASS,0.0,0.755,0.014,0.0,
16:59:14.859,1.0344,1.0096,1.0095,0.0,normal,0.0,normal,0.0,normal,0.0,NORMAL,24.9,0.0,100,normal,YES,PASS,0.0,0.551,0.014,0.0,
16:59:14.992,1.0119,1.0076,1.0078,0.0,normal,0.0,normal,0.0,normal,0.0,NORMAL,18.1,0.0,100,normal,YES,PASS,0.0,0.402,0.005,0.0,
16:59:15.134,1.0527,1.0026,1.0093,0.0,normal,0.0,normal,0.0,normal,0.0,NORMAL,13.3,0.0,100,normal,YES,PASS,0.0,0.293,0.021,0.0,
16:59:15.289,1.0338,1.0044,1.0109,0.0,normal,0.0,normal,0.0,normal,0.0,NORMAL,9.7,0.0,100,normal,YES,PASS,0.0,0.214,0.014,0.0,
16:59:15.445,1.0254,1.0076,1.0098,0.0,normal,0.0,normal,0.0,normal,0.0,NORMAL,7.1,0.0,100,normal,YES,PASS,0.0,0.156,0.01,0.0,
16:59:15.613,1.0451,1.0023,1.002,0.0,normal,0.0,normal,0.0,normal,0.0,NORMAL,5.2,0.0,100,normal,YES,PASS,0.0,0.114,0.018,0.0,
16:59:15.783,1.006,1.0023,1.0009,0.0,normal,0.0,normal,0.0,normal,0.0,NORMAL,3.8,0.0,100,normal,YES,PASS,0.0,0.083,0.002,0.0,
16:59:15.960,1.0035,1.0036,1.0055,0.0,normal,0.0,normal,0.0,normal,0.0,NORMAL,2.7,0.0,100,normal,YES,PASS,0.0,0.061,0.001,0.0,
16:59:16.123,1.0134,1.0114,1.0095,0.0,normal,0.0,normal,0.0,normal,0.0,NORMAL,2.0,0.0,100,normal,YES,PASS,0.0,0.044,0.005,0.0,
16:59:16.276,1.0475,1.0103,1.0099,0.0,normal,0.0,normal,0.0,normal,0.0,NORMAL,1.6,0.0,100,normal,YES,PASS,0.0,0.032,0.019,0.0,
16:59:16.454,1.0075,1.004,1.0164,0.0,normal,0.0,normal,0.0,normal,0.0,NORMAL,1.1,0.0,100,normal,YES,PASS,0.0,0.024,0.003,0.0,
16:59:16.630,1.0367,1.0061,1.0013,4.5645,pothole,0.7823,normal,0.0,normal,0.0,NORMAL,17.5,0.0,100,pothole,YES,PASS,0.0,0.387,0.015,0.0,
16:59:16.822,1.015,1.0077,1.0036,0.0,normal,0.0,normal,0.0,normal,0.0,NORMAL,12.7,0.0,100,normal,YES,PASS,0.0,0.283,0.006,0.0,
16:59:16.999,1.059,1.012,1.0068,0.0,normal,0.0,normal,0.0,normal,0.0,NORMAL,9.4,0.0,100,normal,YES,PASS,0.0,0.206,0.024,0.0,
16:59:17.194,1.0545,1.0074,1.0098,0.0,normal,0.0,normal,0.0,normal,0.0,NORMAL,6.9,0.0,100,normal,YES,PASS,0.0,0.151,0.022,0.0,
16:59:17.428,1.0089,1.0018,1.0034,0.0,normal,0.0,normal,0.0,normal,0.0,NORMAL,5.0,0.0,100,normal,YES,PASS,0.0,0.11,0.004,0.0,
16:59:17.627,1.0062,1.0056,1.0112,0.0,normal,0.0,normal,0.0,normal,0.0,NORMAL,3.6,0.0,100,normal,YES,PASS,0.0,0.08,0.002,0.0,
16:59:17.823,1.0484,1.0066,1.0025,0.0,normal,0.0,normal,0.0,normal,0.0,NORMAL,2.7,0.0,100,normal,YES,PASS,0.0,0.059,0.019,0.0,
16:59:18.017,1.0271,1.0125,1.0097,0.0,normal,0.0,normal,0.0,normal,0.0,NORMAL,2.0,0.0,100,normal,YES,PASS,0.0,0.043,0.011,0.0,
16:59:18.210,1.033,1.0041,1.0014,0.0,normal,0.0,speed_hump,0.5175,normal,0.0,NORMAL,19.6,0.0,100,speed_hump,YES,PASS,0.0,0.031,0.013,0.517,
16:59:18.394,1.0426,1.0085,1.0019,0.0,normal,0.0,speed_hump,0.5171,normal,0.0,NORMAL,19.2,0.0,100,speed_hump,YES,PASS,0.0,0.023,0.017,0.517,
16:59:18.584,1.0302,1.0132,1.0049,0.0,normal,0.0,normal,0.0,normal,0.0,NORMAL,0.8,0.0,100,normal,YES,PASS,0.0,0.017,0.012,0.0,
16:59:18.765,1.0684,1.0072,1.0001,0.0,normal,0.0,speed_hump,0.5121,normal,0.0,NORMAL,18.6,0.0,100,speed_hump,YES,PASS,0.0,0.012,0.027,0.512,
16:59:18.952,1.0614,1.0003,1.0051,0.0,normal,0.0,normal,0.0,normal,0.0,NORMAL,0.5,0.0,100,normal,YES,PASS,0.0,0.009,0.025,0.0,
16:59:19.130,1.0456,1.0098,1.0069,0.0,normal,0.0,normal,0.0,normal,0.0,NORMAL,0.4,0.0,100,normal,YES,PASS,0.0,0.006,0.018,0.0,
16:59:19.299,1.0049,1.002,1.0113,0.0,normal,0.0,speed_hump,0.502,normal,0.0,NORMAL,17.8,0.0,100,speed_hump,YES,PASS,0.0,0.005,0.002,0.502,
16:59:19.477,1.005,1.0151,1.0097,4.7779,pothole,0.8889,speed_hump,0.5067,normal,0.0,NORMAL,35.3,0.25,100,speed_hump,YES,PASS,0.0,0.391,0.002,0.507,
16:59:19.651,1.0329,1.0091,1.0079,0.0,normal,0.0,speed_hump,0.513,normal,0.0,NORMAL,30.9,0.22,100,speed_hump,YES,PASS,0.0,0.285,0.013,0.513,
16:59:19.825,1.0125,1.0023,1.0057,0.0,normal,0.0,speed_hump,0.5271,normal,0.0,CAUTION,27.8,0.19,90,speed_hump,NO,BLOCKED,0.0,0.208,0.005,0.527,
16:59:20.002,1.0608,1.0117,1.0053,0.0,normal,0.0,speed_hump,0.5048,normal,0.0,CAUTION,24.6,0.0,100,speed_hump,NO,BLOCKED,0.0,0.152,0.024,0.505,
16:59:20.204,1.0381,1.0083,1.001,0.0,normal,0.0,normal,0.0,normal,0.0,CAUTION,5.1,0.0,100,braking,NO,BLOCKED,0.0,0.111,0.015,0.0,
16:59:20.410,1.0297,1.0076,1.0083,0.0,normal,0.0,normal,0.0,normal,0.0,NORMAL,3.7,0.0,100,normal,YES,PASS,0.0,0.081,0.012,0.0,
16:59:20.588,1.0678,1.0003,1.0102,4.7779,pothole,0.8889,normal,0.0,normal,0.0,NORMAL,20.2,0.0,100,pothole,YES,PASS,0.0,0.446,0.027,0.0,
16:59:20.771,1.0087,1.0045,1.0008,0.0,normal,0.0,normal,0.0,normal,0.0,NORMAL,14.7,0.0,100,normal,YES,PASS,0.0,0.326,0.003,0.0,
16:59:20.947,1.0115,1.0111,1.0028,0.0,normal,0.0,normal,0.0,normal,0.0,NORMAL,10.7,0.0,100,normal,YES,PASS,0.0,0.238,0.005,0.0,
16:59:21.124,1.0476,1.0095,1.0065,0.0,normal,0.0,normal,0.0,normal,0.0,NORMAL,7.9,0.0,100,normal,YES,PASS,0.0,0.173,0.019,0.0,
16:59:21.313,1.0363,1.0027,1.0018,0.0,normal,0.0,normal,0.0,normal,0.0,NORMAL,5.8,0.0,100,normal,YES,PASS,0.0,0.127,0.015,0.0,
16:59:21.495,1.055,1.0138,1.0131,0.0,normal,0.0,normal,0.0,normal,0.0,NORMAL,4.3,0.0,100,normal,YES,PASS,0.0,0.092,0.022,0.0,
16:59:21.677,1.0165,1.004,1.0068,0.0,normal,0.0,normal,0.0,normal,0.0,NORMAL,3.1,0.0,100,normal,YES,PASS,0.0,0.067,0.007,0.0,
16:59:21.846,1.0015,1.0107,1.0125,0.0,normal,0.0,normal,0.0,normal,0.0,NORMAL,2.2,0.0,100,normal,YES,PASS,0.0,0.049,0.001,0.0,
16:59:22.004,1.0159,1.0127,1.0015,0.0,normal,0.0,normal,0.0,normal,0.0,NORMAL,1.6,0.0,100,normal,YES,PASS,0.0,0.036,0.006,0.0,
16:59:22.169,1.007,1.0062,1.0036,0.0,normal,0.0,normal,0.0,normal,0.0,NORMAL,1.2,0.0,100,normal,YES,PASS,0.0,0.026,0.003,0.0,
16:59:22.356,1.0369,1.0117,1.0007,0.0,normal,0.0,normal,0.0,normal,0.0,NORMAL,0.9,0.0,100,normal,YES,PASS,0.0,0.019,0.015,0.0,
16:59:22.548,1.0247,1.011,1.0077,5.0,pothole,1.0,normal,0.0,normal,0.0,NORMAL,18.9,0.0,100,pothole,YES,PASS,0.0,0.419,0.01,0.0,
16:59:22.733,1.0509,1.0041,1.0126,0.0,normal,0.0,normal,0.0,normal,0.0,NORMAL,13.9,0.0,100,normal,YES,PASS,0.0,0.306,0.02,0.0,
16:59:22.893,1.056,1.0054,1.0018,5.0,pothole,1.0,normal,0.0,normal,0.0,NORMAL,28.4,0.2,100,pothole,YES,PASS,0.0,0.629,0.022,0.0,
16:59:23.074,1.0511,1.011,1.005,5.0,pothole,1.0,normal,0.0,normal,0.0,NORMAL,39.0,0.27,100,pothole,YES,PASS,0.0,0.864,0.02,0.0,
16:59:23.257,1.031,1.0033,1.0073,5.0,pothole,1.0,normal,0.0,normal,0.0,CAUTION,45.1,0.32,84,pothole,NO,BLOCKED,0.0,1.0,0.012,0.0,
16:59:23.439,1.0635,1.0099,1.007,0.0,normal,0.0,normal,0.0,normal,0.0,CAUTION,34.1,0.24,88,braking,NO,BLOCKED,0.0,0.756,0.025,0.0,
16:59:23.629,1.0058,1.0097,1.0032,0.0,normal,0.0,normal,0.0,normal,0.0,CAUTION,24.8,0.0,100,braking,NO,BLOCKED,0.0,0.552,0.002,0.0,
16:59:23.816,1.0212,1.0135,1.006,4.3067,pothole,0.6533,normal,0.0,normal,0.0,CAUTION,33.9,0.24,88,pothole,NO,BLOCKED,0.0,0.752,0.008,0.0,
16:59:23.996,1.0422,1.0096,1.0127,4.3067,pothole,0.6533,normal,0.0,normal,0.0,CAUTION,40.5,0.28,86,pothole,NO,BLOCKED,0.0,0.898,0.017,0.0,
16:59:24.206,1.0257,1.0082,1.0039,0.0,normal,0.0,normal,0.0,normal,0.0,CAUTION,29.5,0.21,90,braking,NO,BLOCKED,0.0,0.655,0.01,0.0,
16:59:24.435,1.0128,1.0102,1.0089,0.0,normal,0.0,normal,0.0,normal,0.0,CAUTION,21.5,0.0,100,braking,NO,BLOCKED,0.0,0.478,0.005,0.0,
16:59:24.615,1.0459,1.0031,1.0074,0.0,normal,0.0,normal,0.0,normal,0.0,CAUTION,15.8,0.0,100,braking,NO,BLOCKED,0.0,0.349,0.018,0.0,
16:59:24.795,1.0029,1.0051,1.012,0.0,normal,0.0,normal,0.0,normal,0.0,NORMAL,11.5,0.0,100,normal,YES,PASS,0.0,0.255,0.001,0.0,
16:59:24.964,1.0644,1.0051,1.0107,0.0,normal,0.0,normal,0.0,normal,0.0,NORMAL,8.5,0.0,100,normal,YES,PASS,0.0,0.186,0.026,0.0,
16:59:25.140,1.0334,1.001,1.0076,0.0,normal,0.0,normal,0.0,normal,0.0,NORMAL,6.2,0.0,100,normal,YES,PASS,0.0,0.136,0.013,0.0,
16:59:25.356,1.0249,1.0031,1.0122,0.0,normal,0.0,normal,0.0,normal,0.0,NORMAL,4.5,0.0,100,normal,YES,PASS,0.0,0.099,0.01,0.0,
16:59:25.533,1.0543,1.0028,1.0045,0.0,normal,0.0,normal,0.0,normal,0.0,NORMAL,3.4,0.0,100,normal,YES,PASS,0.0,0.072,0.022,0.0,
16:59:25.710,1.0286,1.001,1.0155,0.0,normal,0.0,normal,0.0,normal,0.0,NORMAL,2.4,0.0,100,normal,YES,PASS,0.0,0.053,0.011,0.0,
16:59:25.881,1.0193,1.0081,1.011,0.0,normal,0.0,normal,0.0,normal,0.0,NORMAL,1.8,0.0,100,normal,YES,PASS,0.0,0.038,0.008,0.0,
16:59:26.044,1.0712,1.001,1.0123,0.0,normal,0.0,normal,0.0,normal,0.0,NORMAL,1.4,0.0,100,normal,YES,PASS,0.0,0.028,0.028,0.0,
16:59:26.216,1.0286,1.0016,1.0066,0.0,normal,0.0,normal,0.0,normal,0.0,NORMAL,1.0,0.0,100,normal,YES,PASS,0.0,0.021,0.011,0.0,
16:59:26.371,1.0511,1.0022,1.0083,0.0,normal,0.0,normal,0.0,normal,0.0,NORMAL,0.8,0.0,100,normal,YES,PASS,0.0,0.015,0.02,0.0,
16:59:26.536,1.0337,1.0054,1.002,0.0,normal,0.0,normal,0.0,normal,0.0,NORMAL,0.6,0.0,100,normal,YES,PASS,0.0,0.011,0.013,0.0,
16:59:26.709,1.0123,1.0006,1.0012,0.0,normal,0.0,normal,0.0,normal,0.0,NORMAL,0.4,0.0,100,normal,YES,PASS,0.0,0.008,0.005,0.0,
16:59:26.886,1.0283,1.0013,1.012,0.0,normal,0.0,normal,0.0,normal,0.0,NORMAL,0.3,0.0,100,normal,YES,PASS,0.0,0.006,0.011,0.0,
16:59:27.055,1.0494,1.0072,1.0029,0.0,normal,0.0,normal,0.0,normal,0.0,NORMAL,0.3,0.0,100,normal,YES,PASS,0.0,0.004,0.02,0.0,
16:59:27.229,1.008,1.0028,1.0057,0.0,normal,0.0,normal,0.0,normal,0.0,NORMAL,0.2,0.0,100,normal,YES,PASS,0.0,0.003,0.003,0.0,
16:59:27.399,1.033,1.0157,1.0076,0.0,normal,0.0,normal,0.0,normal,0.0,NORMAL,0.2,0.0,100,normal,YES,PASS,0.0,0.002,0.013,0.0,
16:59:27.569,1.0246,1.0012,1.0123,0.0,normal,0.0,normal,0.0,normal,0.0,NORMAL,0.1,0.0,100,normal,YES,PASS,0.0,0.002,0.01,0.0,
16:59:27.727,1.0483,1.0136,1.0054,0.0,normal,0.0,normal,0.0,normal,0.0,NORMAL,0.2,0.0,100,normal,YES,PASS,0.0,0.001,0.019,0.0,
16:59:27.920,1.0683,1.0049,1.0106,0.0,normal,0.0,normal,0.0,normal,0.0,NORMAL,0.2,0.0,100,normal,YES,PASS,0.0,0.001,0.027,0.0,
16:59:28.102,1.057,1.0089,1.0094,0.0,normal,0.0,normal,0.0,normal,0.0,NORMAL,0.1,0.0,100,normal,YES,PASS,0.0,0.001,0.023,0.0,
16:59:28.265,1.066,1.001,1.0084,0.0,normal,0.0,normal,0.0,normal,0.0,NORMAL,0.2,0.0,100,normal,YES,PASS,0.0,0.0,0.026,0.0,
16:59:28.430,1.0521,1.0108,1.0071,0.0,normal,0.0,normal,0.0,normal,0.0,NORMAL,0.1,0.0,100,normal,YES,PASS,0.0,0.0,0.021,0.0,
16:59:28.594,1.0326,1.0089,1.0019,0.0,normal,0.0,normal,0.0,normal,0.0,NORMAL,0.1,0.0,100,normal,YES,PASS,0.0,0.0,0.013,0.0,
16:59:28.755,1.0621,1.0038,1.0075,0.0,normal,0.0,normal,0.0,normal,0.0,NORMAL,0.1,0.0,100,normal,YES,PASS,0.0,0.0,0.025,0.0,
16:59:28.920,1.0358,1.0002,1.0036,0.0,normal,0.0,normal,0.0,normal,0.0,NORMAL,0.1,0.0,100,normal,YES,PASS,0.0,0.0,0.014,0.0,
16:59:29.094,1.0485,1.0102,1.0087,0.0,normal,0.0,normal,0.0,normal,0.0,NORMAL,0.1,0.0,100,normal,YES,PASS,0.0,0.0,0.019,0.0,
16:59:29.266,1.0182,1.0151,1.0074,0.0,normal,0.0,normal,0.0,normal,0.0,NORMAL,0.0,0.0,100,normal,YES,PASS,0.0,0.0,0.007,0.0,
16:59:29.452,1.0078,1.0002,1.0022,0.0,normal,0.0,normal,0.0,normal,0.0,NORMAL,0.0,0.0,100,normal,YES,PASS,0.0,0.0,0.003,0.0,
16:59:29.652,1.019,1.0124,1.0001,0.0,normal,0.0,normal,0.0,normal,0.0,NORMAL,0.0,0.0,100,normal,YES,PASS,0.0,0.0,0.008,0.0,
16:59:29.838,1.0527,1.0032,1.0122,0.0,normal,0.0,normal,0.0,normal,0.0,NORMAL,0.1,0.0,100,normal,YES,PASS,0.0,0.0,0.021,0.0,
16:59:30.015,1.0401,1.004,1.0091,0.0,normal,0.0,normal,0.0,normal,0.0,NORMAL,0.1,0.0,100,normal,YES,PASS,0.0,0.0,0.016,0.0,
16:59:30.199,1.0299,1.0098,1.0117,0.0,normal,0.0,normal,0.0,normal,0.0,NORMAL,0.1,0.0,100,normal,YES,PASS,0.0,0.0,0.012,0.0,
16:59:30.376,1.0483,1.0053,1.0059,0.0,normal,0.0,normal,0.0,normal,0.0,NORMAL,0.1,0.0,100,normal,YES,PASS,0.0,0.0,0.019,0.0,
16:59:30.560,1.0105,1.0099,1.008,0.0,normal,0.0,normal,0.0,normal,0.0,NORMAL,0.0,0.0,100,normal,YES,PASS,0.0,0.0,0.004,0.0,
16:59:30.734,1.0499,1.0081,1.0068,0.0,normal,0.0,normal,0.0,normal,0.0,NORMAL,0.1,0.0,100,normal,YES,PASS,0.0,0.0,0.02,0.0,
16:59:30.902,1.0107,1.0002,1.0033,4.6401,pothole,0.82,normal,0.0,normal,0.0,NORMAL,16.9,0.0,100,pothole,YES,PASS,0.0,0.376,0.004,0.0,
16:59:31.072,1.0257,1.0075,1.0028,0.0,normal,0.0,normal,0.0,normal,0.0,NORMAL,12.4,0.0,100,normal,YES,PASS,0.0,0.274,0.01,0.0,
16:59:31.247,1.0689,1.0028,1.0048,0.0,normal,0.0,normal,0.0,normal,0.0,NORMAL,9.2,0.0,100,normal,YES,PASS,0.0,0.2,0.028,0.0,
16:59:31.420,1.0229,1.0143,1.0015,0.0,normal,0.0,normal,0.0,normal,0.0,NORMAL,6.6,0.0,100,normal,YES,PASS,0.0,0.146,0.009,0.0,
16:59:31.589,1.0524,1.0103,1.006,0.0,normal,0.0,speed_hump,0.5289,normal,0.0,NORMAL,23.4,0.0,100,speed_hump,YES,PASS,0.0,0.107,0.021,0.529,
16:59:31.760,1.0269,1.0094,1.0015,0.0,normal,0.0,speed_hump,0.5874,normal,0.0,NORMAL,24.1,0.0,100,speed_hump,YES,PASS,0.0,0.078,0.011,0.587,
16:59:31.927,1.0437,1.0041,1.0061,0.0,normal,0.0,speed_hump,0.588,normal,0.0,NORMAL,23.2,0.0,100,speed_hump,YES,PASS,0.0,0.057,0.017,0.588,
16:59:32.081,1.0305,1.0103,1.0156,0.0,normal,0.0,speed_hump,0.5586,normal,0.0,NORMAL,21.5,0.0,100,speed_hump,YES,PASS,0.0,0.041,0.012,0.559,
16:59:32.244,1.0192,1.0104,1.0069,0.0,normal,0.0,normal,0.0,normal,0.0,NORMAL,1.4,0.0,100,normal,YES,PASS,0.0,0.03,0.008,0.0,
16:59:32.401,1.0135,1.0075,1.0007,0.0,normal,0.0,normal,0.0,normal,0.0,NORMAL,1.0,0.0,100,normal,YES,PASS,0.0,0.022,0.005,0.0,
16:59:32.584,1.0362,1.0159,1.0037,0.0,normal,0.0,normal,0.0,normal,0.0,NORMAL,0.8,0.0,100,normal,YES,PASS,0.0,0.016,0.014,0.0,
16:59:32.762,1.0106,1.0135,1.0057,0.0,normal,0.0,normal,0.0,normal,0.0,NORMAL,0.6,0.0,100,normal,YES,PASS,0.0,0.012,0.004,0.0,
16:59:32.950,1.0481,1.0038,1.0029,0.0,normal,0.0,normal,0.0,normal,0.0,NORMAL,0.5,0.0,100,normal,YES,PASS,0.0,0.009,0.019,0.0,
16:59:33.112,1.0497,1.0097,1.0112,0.0,normal,0.0,normal,0.0,normal,0.0,NORMAL,0.4,0.0,100,normal,YES,PASS,0.0,0.006,0.02,0.0,
16:59:33.279,1.0084,1.0022,1.0003,5.0,pothole,1.0,normal,0.0,normal,0.0,NORMAL,18.5,0.0,100,pothole,YES,PASS,0.0,0.41,0.003,0.0,
16:59:33.462,1.0655,1.0076,1.0077,0.0,normal,0.0,normal,0.0,normal,0.0,NORMAL,13.6,0.0,100,normal,YES,PASS,0.0,0.299,0.026,0.0,
16:59:33.669,1.0279,1.0023,1.0019,0.0,normal,0.0,normal,0.0,normal,0.0,NORMAL,9.9,0.0,100,normal,YES,PASS,0.0,0.218,0.011,0.0,
16:59:33.863,1.0331,1.0009,1.0073,0.0,normal,0.0,normal,0.0,normal,0.0,NORMAL,7.2,0.0,100,normal,YES,PASS,0.0,0.159,0.013,0.0,
16:59:34.051,1.0444,1.0001,1.0084,0.0,normal,0.0,normal,0.0,normal,0.0,NORMAL,5.3,0.0,100,normal,YES,PASS,0.0,0.116,0.018,0.0,
16:59:34.240,1.0048,1.0043,1.0113,0.0,normal,0.0,normal,0.0,normal,0.0,NORMAL,3.8,0.0,100,normal,YES,PASS,0.0,0.085,0.002,0.0,
16:59:34.432,1.0196,1.0002,1.0113,0.0,normal,0.0,normal,0.0,normal,0.0,NORMAL,2.8,0.0,100,normal,YES,PASS,0.0,0.062,0.008,0.0,
16:59:34.655,1.0118,1.0105,1.0047,0.0,normal,0.0,normal,0.0,normal,0.0,NORMAL,2.1,0.0,100,normal,YES,PASS,0.0,0.045,0.005,0.0,
16:59:34.848,1.0328,1.012,1.0067,0.0,normal,0.0,normal,0.0,normal,0.0,NORMAL,1.6,0.0,100,normal,YES,PASS,0.0,0.033,0.013,0.0,
16:59:35.038,1.0154,1.0001,1.0099,5.0,pothole,1.0,normal,0.0,normal,0.0,NORMAL,19.3,0.0,100,pothole,YES,PASS,0.0,0.429,0.006,0.0,
16:59:35.205,1.0228,1.0034,1.0065,5.0,pothole,1.0,normal,0.0,normal,0.0,NORMAL,32.4,0.23,100,pothole,YES,PASS,0.0,0.719,0.009,0.0,
16:59:35.381,1.0083,1.0102,1.0017,0.0,normal,0.0,normal,0.0,normal,0.0,NORMAL,23.6,0.0,100,normal,YES,PASS,0.0,0.524,0.003,0.0,
16:59:35.563,1.0153,1.0099,1.0005,0.0,normal,0.0,speed_hump,0.5428,normal,0.0,NORMAL,36.3,0.25,100,speed_hump,YES,PASS,0.0,0.383,0.006,0.543,
16:59:35.759,1.0335,1.0068,1.0006,0.0,normal,0.0,speed_hump,0.5645,normal,0.0,CAUTION,32.4,0.23,89,speed_hump,NO,BLOCKED,0.0,0.279,0.013,0.565,
16:59:35.933,1.0436,1.0038,1.007,0.0,normal,0.0,normal,0.0,normal,0.0,CAUTION,9.3,0.0,100,braking,NO,BLOCKED,0.0,0.204,0.017,0.0,
16:59:36.109,1.0541,1.0016,1.01,0.0,normal,0.0,normal,0.0,normal,0.0,NORMAL,6.8,0.0,100,normal,YES,PASS,0.0,0.149,0.022,0.0,
16:59:36.293,1.0614,1.0109,1.0124,0.0,normal,0.0,speed_hump,0.5446,normal,0.0,NORMAL,24.1,0.0,100,speed_hump,YES,PASS,0.0,0.109,0.025,0.545,
16:59:36.477,1.0319,1.0023,1.0022,0.0,normal,0.0,speed_hump,0.6071,normal,0.0,NORMAL,24.9,0.0,100,speed_hump,YES,PASS,0.0,0.079,0.013,0.607,
16:59:36.655,1.0214,1.0055,1.0122,0.0,normal,0.0,speed_hump,0.5671,normal,0.0,NORMAL,22.5,0.0,100,speed_hump,YES,PASS,0.0,0.058,0.009,0.567,
16:59:36.831,1.0401,1.0078,1.0128,0.0,normal,0.0,normal,0.0,normal,0.0,NORMAL,2.0,0.0,100,normal,YES,PASS,0.0,0.042,0.016,0.0,
16:59:36.995,1.0095,1.0132,1.0086,0.0,normal,0.0,normal,0.0,normal,0.0,NORMAL,1.4,0.0,100,normal,YES,PASS,0.0,0.031,0.004,0.0,
16:59:37.161,1.028,1.004,1.0011,0.0,normal,0.0,normal,0.0,normal,0.0,NORMAL,1.1,0.0,100,normal,YES,PASS,0.0,0.022,0.011,0.0,
16:59:37.321,1.0262,1.0118,1.0093,0.0,normal,0.0,normal,0.0,normal,0.0,NORMAL,0.8,0.0,100,normal,YES,PASS,0.0,0.016,0.01,0.0,
16:59:37.503,1.0144,1.0076,1.0087,0.0,normal,0.0,normal,0.0,normal,0.0,NORMAL,0.6,0.0,100,normal,YES,PASS,0.0,0.012,0.006,0.0,
16:59:37.699,1.0158,1.0062,1.0083,0.0,normal,0.0,normal,0.0,normal,0.0,NORMAL,0.4,0.0,100,normal,YES,PASS,0.0,0.009,0.006,0.0,
16:59:37.877,1.0123,1.0011,1.0089,0.0,normal,0.0,normal,0.0,normal,0.0,NORMAL,0.3,0.0,100,normal,YES,PASS,0.0,0.006,0.005,0.0,
16:59:38.057,1.0284,1.017,1.0047,0.0,normal,0.0,normal,0.0,normal,0.0,NORMAL,0.3,0.0,100,normal,YES,PASS,0.0,0.005,0.011,0.0,
16:59:38.221,1.0238,1.0126,1.0098,0.0,normal,0.0,normal,0.0,normal,0.0,NORMAL,0.2,0.0,100,normal,YES,PASS,0.0,0.003,0.01,0.0,
16:59:38.381,1.0066,1.0079,1.0094,0.0,normal,0.0,normal,0.0,normal,0.0,NORMAL,0.1,0.0,100,normal,YES,PASS,0.0,0.002,0.003,0.0,
16:59:38.563,1.0025,1.0014,1.0099,0.0,normal,0.0,speed_hump,0.5073,normal,0.0,NORMAL,17.8,0.0,100,speed_hump,YES,PASS,0.0,0.002,0.001,0.507,
16:59:38.758,1.0772,1.0068,1.0004,0.0,normal,0.0,speed_hump,0.5246,normal,0.0,NORMAL,18.6,0.0,100,speed_hump,YES,PASS,0.0,0.001,0.031,0.525,
16:59:38.945,1.0355,1.0024,1.0112,0.0,normal,0.0,speed_hump,0.5907,normal,0.0,NORMAL,20.8,0.0,100,speed_hump,YES,PASS,0.0,0.001,0.014,0.591,
16:59:39.108,1.0348,1.009,1.0096,0.0,normal,0.0,normal,0.0,normal,0.0,NORMAL,0.1,0.0,100,normal,YES,PASS,0.0,0.001,0.014,0.0,
16:59:39.263,1.0678,1.008,1.013,0.0,normal,0.0,speed_hump,0.5073,normal,0.0,NORMAL,17.9,0.0,100,speed_hump,YES,PASS,0.0,0.001,0.027,0.507,
16:59:39.428,1.0427,1.005,1.0081,0.0,normal,0.0,normal,0.0,normal,0.0,NORMAL,0.1,0.0,100,normal,YES,PASS,0.0,0.0,0.017,0.0,
16:59:39.600,1.0117,1.0124,1.0074,0.0,normal,0.0,normal,0.0,normal,0.0,NORMAL,0.0,0.0,100,normal,YES,PASS,0.0,0.0,0.005,0.0,
16:59:39.780,1.0621,1.005,1.0106,0.0,normal,0.0,normal,0.0,normal,0.0,NORMAL,0.1,0.0,100,normal,YES,PASS,0.0,0.0,0.025,0.0,
16:59:39.965,1.0473,1.0073,1.0019,0.0,normal,0.0,normal,0.0,normal,0.0,NORMAL,0.1,0.0,100,normal,YES,PASS,0.0,0.0,0.019,0.0,
16:59:40.149,1.0412,1.0018,1.0007,0.0,normal,0.0,normal,0.0,normal,0.0,NORMAL,0.1,0.0,100,normal,YES,PASS,0.0,0.0,0.016,0.0,
16:59:40.334,1.043,1.0018,1.012,0.0,normal,0.0,normal,0.0,normal,0.0,NORMAL,0.1,0.0,100,normal,YES,PASS,0.0,0.0,0.017,0.0,
16:59:40.487,1.0361,1.0105,1.0016,0.0,normal,0.0,normal,0.0,normal,0.0,NORMAL,0.1,0.0,100,normal,YES,PASS,0.0,0.0,0.014,0.0,
16:59:40.666,1.0247,1.0092,1.0045,0.0,normal,0.0,normal,0.0,normal,0.0,NORMAL,0.1,0.0,100,normal,YES,PASS,0.0,0.0,0.01,0.0,
16:59:40.861,1.0541,1.0115,1.0118,0.0,normal,0.0,normal,0.0,normal,0.0,NORMAL,0.1,0.0,100,normal,YES,PASS,0.0,0.0,0.022,0.0,
16:59:41.053,1.0031,1.0033,1.009,0.0,normal,0.0,normal,0.0,normal,0.0,NORMAL,0.0,0.0,100,normal,YES,PASS,0.0,0.0,0.001,0.0,
16:59:41.229,1.0003,1.007,1.005,0.0,normal,0.0,normal,0.0,normal,0.0,NORMAL,0.0,0.0,100,normal,YES,PASS,0.0,0.0,0.0,0.0,
16:59:41.410,1.0422,1.0116,1.0036,0.0,normal,0.0,normal,0.0,normal,0.0,NORMAL,0.1,0.0,100,normal,YES,PASS,0.0,0.0,0.017,0.0,
16:59:41.577,1.0056,1.0099,1.0055,0.0,normal,0.0,normal,0.0,normal,0.0,NORMAL,0.0,0.0,100,normal,YES,PASS,0.0,0.0,0.002,0.0,
16:59:41.762,1.012,1.0012,1.0,0.0,normal,0.0,normal,0.0,normal,0.0,NORMAL,0.0,0.0,100,normal,YES,PASS,0.0,0.0,0.005,0.0,
16:59:41.961,1.0487,1.0063,1.0027,0.0,normal,0.0,normal,0.0,normal,0.0,NORMAL,0.1,0.0,100,normal,YES,PASS,0.0,0.0,0.019,0.0,
16:59:42.148,1.0355,1.0056,1.0072,0.0,normal,0.0,normal,0.0,normal,0.0,NORMAL,0.1,0.0,100,normal,YES,PASS,0.0,0.0,0.014,0.0,
16:59:42.324,1.0226,1.0001,1.0043,0.0,normal,0.0,normal,0.0,normal,0.0,NORMAL,0.0,0.0,100,normal,YES,PASS,0.0,0.0,0.009,0.0,
16:59:42.500,1.0708,1.0062,1.0141,0.0,normal,0.0,normal,0.0,normal,0.0,NORMAL,0.1,0.0,100,normal,YES,PASS,0.0,0.0,0.028,0.0,
16:59:42.661,1.0237,1.0064,1.0047,0.0,normal,0.0,normal,0.0,normal,0.0,NORMAL,0.0,0.0,100,normal,YES,PASS,0.0,0.0,0.009,0.0,
16:59:42.847,1.0125,1.0025,1.0079,0.0,normal,0.0,normal,0.0,normal,0.0,NORMAL,0.0,0.0,100,normal,YES,PASS,0.0,0.0,0.005,0.0,
16:59:43.033,1.0586,1.0071,1.0075,0.0,normal,0.0,normal,0.0,normal,0.0,NORMAL,0.1,0.0,100,normal,YES,PASS,0.0,0.0,0.023,0.0,
16:59:43.226,1.0347,1.0072,1.0013,0.0,normal,0.0,normal,0.0,normal,0.0,NORMAL,0.1,0.0,100,normal,YES,PASS,0.0,0.0,0.014,0.0,
16:59:43.407,1.0163,1.005,1.012,0.0,normal,0.0,normal,0.0,normal,0.0,NORMAL,0.0,0.0,100,normal,YES,PASS,0.0,0.0,0.007,0.0,
16:59:43.574,1.0423,1.003,1.0132,0.0,normal,0.0,normal,0.0,normal,0.0,NORMAL,0.1,0.0,100,normal,YES,PASS,0.0,0.0,0.017,0.0,
16:59:43.749,1.0435,1.0086,1.0117,0.0,normal,0.0,normal,0.0,normal,0.0,NORMAL,0.1,0.0,100,normal,YES,PASS,0.0,0.0,0.017,0.0,
16:59:43.939,1.0209,1.0109,1.011,0.0,normal,0.0,normal,0.0,normal,0.0,NORMAL,0.0,0.0,100,normal,YES,PASS,0.0,0.0,0.008,0.0,
16:59:44.152,1.0408,1.0054,1.0105,0.0,normal,0.0,normal,0.0,normal,0.0,NORMAL,0.1,0.0,100,normal,YES,PASS,0.0,0.0,0.016,0.0,
16:59:44.345,1.0223,1.0062,1.0028,0.0,normal,0.0,speed_hump,0.5613,normal,0.0,NORMAL,19.7,0.0,100,speed_hump,YES,PASS,0.0,0.0,0.009,0.561,
16:59:44.531,1.01,1.0007,1.006,0.0,normal,0.0,speed_hump,0.5662,normal,0.0,NORMAL,19.8,0.0,100,speed_hump,YES,PASS,0.0,0.0,0.004,0.566,
16:59:44.699,1.007,1.002,1.0108,0.0,normal,0.0,speed_hump,0.5966,normal,0.0,NORMAL,20.9,0.0,100,speed_hump,YES,PASS,0.0,0.0,0.003,0.597,
16:59:44.870,1.0449,1.0034,1.0053,0.0,normal,0.0,speed_hump,0.5697,normal,0.0,NORMAL,20.0,0.0,100,speed_hump,YES,PASS,0.0,0.0,0.018,0.57,
16:59:45.047,1.0106,1.0033,1.0005,0.0,normal,0.0,speed_hump,0.5013,normal,0.0,NORMAL,17.6,0.0,100,speed_hump,YES,PASS,0.0,0.0,0.004,0.501,
16:59:45.221,1.0437,1.0119,1.0124,0.0,normal,0.0,speed_hump,0.5379,normal,0.0,NORMAL,18.9,0.0,100,speed_hump,YES,PASS,0.0,0.0,0.017,0.538,
16:59:45.404,1.0061,1.0058,1.0014,0.0,normal,0.0,speed_hump,0.6496,normal,0.0,NORMAL,22.7,0.0,100,speed_hump,YES,PASS,0.0,0.0,0.002,0.65,
16:59:45.578,1.0483,1.0008,1.0084,0.0,normal,0.0,speed_hump,0.6433,normal,0.0,NORMAL,22.6,0.0,100,speed_hump,YES,PASS,0.0,0.0,0.019,0.643,
16:59:45.736,1.0555,1.0063,1.0013,0.0,normal,0.0,speed_hump,0.6006,normal,0.0,NORMAL,21.1,0.0,100,speed_hump,YES,PASS,0.0,0.0,0.022,0.601,
16:59:45.916,1.0262,1.0022,1.0011,0.0,normal,0.0,speed_hump,0.5317,normal,0.0,NORMAL,18.7,0.0,100,speed_hump,YES,PASS,0.0,0.0,0.01,0.532,
16:59:46.099,1.0067,1.0071,1.0097,0.0,normal,0.0,speed_hump,0.5222,normal,0.0,NORMAL,18.3,0.0,100,speed_hump,YES,PASS,0.0,0.0,0.003,0.522,
16:59:46.261,1.0453,1.0055,1.003,0.0,normal,0.0,speed_hump,0.572,normal,0.0,NORMAL,20.1,0.0,100,speed_hump,YES,PASS,0.0,0.0,0.018,0.572,
16:59:46.433,1.0108,1.0074,1.0077,0.0,normal,0.0,normal,0.0,normal,0.0,NORMAL,0.0,0.0,100,normal,YES,PASS,0.0,0.0,0.004,0.0,
16:59:46.603,1.022,1.0,1.0076,0.0,normal,0.0,normal,0.0,normal,0.0,NORMAL,0.0,0.0,100,normal,YES,PASS,0.0,0.0,0.009,0.0,
16:59:46.785,1.0542,1.0081,1.005,0.0,normal,0.0,normal,0.0,normal,0.0,NORMAL,0.1,0.0,100,normal,YES,PASS,0.0,0.0,0.022,0.0,
16:59:46.964,1.0021,1.0047,1.0105,0.0,normal,0.0,normal,0.0,normal,0.0,NORMAL,0.0,0.0,100,normal,YES,PASS,0.0,0.0,0.001,0.0,
16:59:47.153,1.0212,1.0102,1.0105,0.0,normal,0.0,normal,0.0,normal,0.0,NORMAL,0.0,0.0,100,normal,YES,PASS,0.0,0.0,0.008,0.0,
16:59:47.333,1.0366,1.0082,1.0079,0.0,normal,0.0,speed_hump,0.5039,normal,0.0,NORMAL,17.7,0.0,100,speed_hump,YES,PASS,0.0,0.0,0.015,0.504,
16:59:47.512,1.062,1.0031,1.0078,0.0,normal,0.0,normal,0.0,normal,0.0,NORMAL,0.1,0.0,100,normal,YES,PASS,0.0,0.0,0.025,0.0,
16:59:47.674,1.0134,1.0014,1.0069,0.0,normal,0.0,normal,0.0,normal,0.0,NORMAL,0.0,0.0,100,normal,YES,PASS,0.0,0.0,0.005,0.0,
16:59:47.867,1.0426,1.0041,1.0163,0.0,normal,0.0,normal,0.0,normal,0.0,NORMAL,0.1,0.0,100,normal,YES,PASS,0.0,0.0,0.017,0.0,
16:59:48.068,1.0095,1.0059,1.0126,0.0,normal,0.0,speed_hump,0.5106,normal,0.0,NORMAL,17.9,0.0,100,speed_hump,YES,PASS,0.0,0.0,0.004,0.511,
16:59:48.252,1.0325,1.0011,1.0097,0.0,normal,0.0,speed_hump,0.5759,normal,0.0,NORMAL,20.2,0.0,100,speed_hump,YES,PASS,0.0,0.0,0.013,0.576,
16:59:48.430,1.0591,1.0073,1.0143,0.0,normal,0.0,normal,0.0,normal,0.0,NORMAL,0.1,0.0,100,normal,YES,PASS,0.0,0.0,0.024,0.0,
16:59:48.620,1.0449,1.004,1.0129,0.0,normal,0.0,speed_hump,0.5214,normal,0.0,NORMAL,18.3,0.0,100,speed_hump,YES,PASS,0.0,0.0,0.018,0.521,
16:59:48.816,1.06,1.016,1.0035,0.0,normal,0.0,speed_hump,0.5364,normal,0.0,NORMAL,18.9,0.0,100,speed_hump,YES,PASS,0.0,0.0,0.024,0.536,
16:59:49.001,1.0299,1.0123,1.0084,0.0,normal,0.0,speed_hump,0.5396,normal,0.0,NORMAL,18.9,0.0,100,speed_hump,YES,PASS,0.0,0.0,0.012,0.54,
16:59:49.192,1.0003,1.0002,1.0105,0.0,normal,0.0,speed_hump,0.5049,normal,0.0,NORMAL,17.7,0.0,100,speed_hump,YES,PASS,0.0,0.0,0.0,0.505,
16:59:49.382,1.0427,1.0072,1.0084,0.0,normal,0.0,normal,0.0,normal,0.0,NORMAL,0.1,0.0,100,normal,YES,PASS,0.0,0.0,0.017,0.0,
16:59:49.567,1.0539,1.0117,1.0043,0.0,normal,0.0,normal,0.0,normal,0.0,NORMAL,0.1,0.0,100,normal,YES,PASS,0.0,0.0,0.022,0.0,
16:59:49.761,1.0392,1.0007,1.0023,0.0,normal,0.0,speed_hump,0.509,normal,0.0,NORMAL,17.9,0.0,100,speed_hump,YES,PASS,0.0,0.0,0.016,0.509,
16:59:49.955,1.0224,1.0038,1.0044,0.0,normal,0.0,normal,0.0,normal,0.0,NORMAL,0.0,0.0,100,normal,YES,PASS,0.0,0.0,0.009,0.0,
16:59:50.133,1.0278,1.0067,1.0027,0.0,normal,0.0,normal,0.0,normal,0.0,NORMAL,0.1,0.0,100,normal,YES,PASS,0.0,0.0,0.011,0.0,
16:59:50.313,1.0338,1.0046,1.0048,0.0,normal,0.0,normal,0.0,normal,0.0,NORMAL,0.1,0.0,100,normal,YES,PASS,0.0,0.0,0.014,0.0,
16:59:50.495,1.0053,1.0131,1.005,0.0,normal,0.0,normal,0.0,normal,0.0,NORMAL,0.0,0.0,100,normal,YES,PASS,0.0,0.0,0.002,0.0,
16:59:50.686,1.0688,1.0016,1.0107,0.0,normal,0.0,normal,0.0,normal,0.0,NORMAL,0.1,0.0,100,normal,YES,PASS,0.0,0.0,0.028,0.0,
16:59:50.870,1.026,1.0076,1.003,0.0,normal,0.0,speed_hump,0.5354,normal,0.0,NORMAL,18.8,0.0,100,speed_hump,YES,PASS,0.0,0.0,0.01,0.535,
16:59:51.058,1.0207,1.0118,1.0027,0.0,normal,0.0,speed_hump,0.5587,normal,0.0,NORMAL,19.6,0.0,100,speed_hump,YES,PASS,0.0,0.0,0.008,0.559,
16:59:51.240,1.0044,1.0024,1.0131,0.0,normal,0.0,normal,0.0,normal,0.0,NORMAL,0.0,0.0,100,normal,YES,PASS,0.0,0.0,0.002,0.0,
16:59:51.413,1.011,1.0024,1.0069,0.0,normal,0.0,normal,0.0,normal,0.0,NORMAL,0.0,0.0,100,normal,YES,PASS,0.0,0.0,0.004,0.0,
16:59:51.597,1.0088,1.0043,1.0108,0.0,normal,0.0,normal,0.0,normal,0.0,NORMAL,0.0,0.0,100,normal,YES,PASS,0.0,0.0,0.004,0.0,
16:59:51.785,1.0202,1.002,1.0071,0.0,normal,0.0,normal,0.0,normal,0.0,NORMAL,0.0,0.0,100,normal,YES,PASS,0.0,0.0,0.008,0.0,
16:59:51.981,1.0438,1.006,1.0078,0.0,normal,0.0,speed_hump,0.5032,normal,0.0,NORMAL,17.7,0.0,100,speed_hump,YES,PASS,0.0,0.0,0.018,0.503,
16:59:52.174,1.0098,1.0064,1.0136,0.0,normal,0.0,speed_hump,0.5127,normal,0.0,NORMAL,18.0,0.0,100,speed_hump,YES,PASS,0.0,0.0,0.004,0.513,
16:59:52.329,1.0301,1.0108,1.0046,0.0,normal,0.0,speed_hump,0.5246,normal,0.0,NORMAL,18.4,0.0,100,speed_hump,YES,PASS,0.0,0.0,0.012,0.525,
16:59:52.503,1.0009,1.0043,1.0119,0.0,normal,0.0,normal,0.0,normal,0.0,NORMAL,0.0,0.0,100,normal,YES,PASS,0.0,0.0,0.0,0.0,
16:59:52.669,1.0241,1.007,1.0029,0.0,normal,0.0,normal,0.0,normal,0.0,NORMAL,0.0,0.0,100,normal,YES,PASS,0.0,0.0,0.01,0.0,
16:59:52.857,1.0735,1.0071,1.0118,0.0,normal,0.0,normal,0.0,normal,0.0,NORMAL,0.1,0.0,100,normal,YES,PASS,0.0,0.0,0.029,0.0,
16:59:53.047,1.0212,1.0108,1.0028,0.0,normal,0.0,normal,0.0,normal,0.0,NORMAL,0.0,0.0,100,normal,YES,PASS,0.0,0.0,0.008,0.0,
16:59:53.237,1.0092,1.0031,1.0069,0.0,normal,0.0,normal,0.0,normal,0.0,NORMAL,0.0,0.0,100,normal,YES,PASS,0.0,0.0,0.004,0.0,
16:59:53.413,1.0563,1.0049,1.0036,0.0,normal,0.0,normal,0.0,normal,0.0,NORMAL,0.1,0.0,100,normal,YES,PASS,0.0,0.0,0.023,0.0,
16:59:53.575,1.0334,1.0136,1.0033,0.0,normal,0.0,normal,0.0,normal,0.0,NORMAL,0.1,0.0,100,normal,YES,PASS,0.0,0.0,0.013,0.0,
16:59:53.752,1.0074,1.0098,1.0006,0.0,normal,0.0,normal,0.0,normal,0.0,NORMAL,0.0,0.0,100,normal,YES,PASS,0.0,0.0,0.003,0.0,
16:59:53.966,1.0609,1.0001,1.0059,0.0,normal,0.0,normal,0.0,normal,0.0,NORMAL,0.1,0.0,100,normal,YES,PASS,0.0,0.0,0.024,0.0,
16:59:54.146,1.0473,1.0079,1.0062,0.0,normal,0.0,normal,0.0,normal,0.0,NORMAL,0.1,0.0,100,normal,YES,PASS,0.0,0.0,0.019,0.0,
16:59:54.328,1.0482,1.0019,1.0016,0.0,normal,0.0,normal,0.0,normal,0.0,NORMAL,0.1,0.0,100,normal,YES,PASS,0.0,0.0,0.019,0.0,
16:59:54.504,1.0251,1.0122,1.0079,0.0,normal,0.0,normal,0.0,normal,0.0,NORMAL,0.1,0.0,100,normal,YES,PASS,0.0,0.0,0.01,0.0,
16:59:54.669,1.0029,1.0021,1.0083,0.0,normal,0.0,normal,0.0,normal,0.0,NORMAL,0.0,0.0,100,normal,YES,PASS,0.0,0.0,0.001,0.0,
16:59:54.830,1.0566,1.0063,1.0026,0.0,normal,0.0,normal,0.0,normal,0.0,NORMAL,0.1,0.0,100,normal,YES,PASS,0.0,0.0,0.023,0.0,
16:59:55.030,1.0307,1.0098,1.0062,0.0,normal,0.0,normal,0.0,normal,0.0,NORMAL,0.1,0.0,100,normal,YES,PASS,0.0,0.0,0.012,0.0,
16:59:55.236,1.0257,1.0012,1.0147,0.0,normal,0.0,normal,0.0,normal,0.0,NORMAL,0.1,0.0,100,normal,YES,PASS,0.0,0.0,0.01,0.0,
16:59:55.424,1.0381,1.0044,1.0107,0.0,normal,0.0,normal,0.0,normal,0.0,NORMAL,0.1,0.0,100,normal,YES,PASS,0.0,0.0,0.015,0.0,
16:59:55.606,1.0093,1.0097,1.0029,0.0,normal,0.0,normal,0.0,normal,0.0,NORMAL,0.0,0.0,100,normal,YES,PASS,0.0,0.0,0.004,0.0,
16:59:55.775,1.0397,1.0092,1.0069,0.0,normal,0.0,normal,0.0,normal,0.0,NORMAL,0.1,0.0,100,normal,YES,PASS,0.0,0.0,0.016,0.0,
16:59:55.945,1.0408,1.0015,1.0089,0.0,normal,0.0,normal,0.0,normal,0.0,NORMAL,0.1,0.0,100,normal,YES,PASS,0.0,0.0,0.016,0.0,
16:59:56.131,1.063,1.009,1.002,0.0,normal,0.0,normal,0.0,normal,0.0,NORMAL,0.1,0.0,100,normal,YES,PASS,0.0,0.0,0.025,0.0,
16:59:56.323,1.0304,1.011,1.0131,0.0,normal,0.0,normal,0.0,normal,0.0,NORMAL,0.1,0.0,100,normal,YES,PASS,0.0,0.0,0.012,0.0,
16:59:56.503,1.0262,1.0125,1.0068,0.0,normal,0.0,normal,0.0,normal,0.0,NORMAL,0.1,0.0,100,normal,YES,PASS,0.0,0.0,0.01,0.0,
16:59:56.687,1.0101,1.0039,1.0127,0.0,normal,0.0,normal,0.0,normal,0.0,NORMAL,0.0,0.0,100,normal,YES,PASS,0.0,0.0,0.004,0.0,
16:59:56.866,1.0216,1.0009,1.0092,0.0,normal,0.0,normal,0.0,normal,0.0,NORMAL,0.0,0.0,100,normal,YES,PASS,0.0,0.0,0.009,0.0,
16:59:57.045,1.0407,1.004,1.0092,0.0,normal,0.0,normal,0.0,normal,0.0,NORMAL,0.1,0.0,100,normal,YES,PASS,0.0,0.0,0.016,0.0,
16:59:57.237,1.0372,1.0031,1.0007,0.0,normal,0.0,normal,0.0,normal,0.0,NORMAL,0.1,0.0,100,normal,YES,PASS,0.0,0.0,0.015,0.0,
16:59:57.424,1.0556,1.0086,1.0151,0.0,normal,0.0,normal,0.0,normal,0.0,NORMAL,0.1,0.0,100,normal,YES,PASS,0.0,0.0,0.022,0.0,
16:59:57.621,1.044,1.0056,1.0098,0.0,normal,0.0,normal,0.0,normal,0.0,NORMAL,0.1,0.0,100,normal,YES,PASS,0.0,0.0,0.018,0.0,
16:59:57.811,1.0507,1.0088,1.0063,0.0,normal,0.0,normal,0.0,normal,0.0,NORMAL,0.1,0.0,100,normal,YES,PASS,0.0,0.0,0.02,0.0,
16:59:57.993,1.0572,1.0073,1.0145,0.0,normal,0.0,normal,0.0,normal,0.0,NORMAL,0.1,0.0,100,normal,YES,PASS,0.0,0.0,0.023,0.0,
16:59:58.164,1.0484,1.0043,1.0005,0.0,normal,0.0,normal,0.0,normal,0.0,NORMAL,0.1,0.0,100,normal,YES,PASS,0.0,0.0,0.019,0.0,
16:59:58.348,1.0044,1.0132,1.0107,0.0,normal,0.0,normal,0.0,normal,0.0,NORMAL,0.0,0.0,100,normal,YES,PASS,0.0,0.0,0.002,0.0,
16:59:58.542,1.0469,1.0056,1.0101,0.0,normal,0.0,normal,0.0,normal,0.0,NORMAL,0.1,0.0,100,normal,YES,PASS,0.0,0.0,0.019,0.0,
16:59:58.738,1.0215,1.01,1.0066,0.0,normal,0.0,normal,0.0,normal,0.0,NORMAL,0.0,0.0,100,normal,YES,PASS,0.0,0.0,0.009,0.0,
16:59:58.929,1.0433,1.0014,1.0093,0.0,normal,0.0,normal,0.0,normal,0.0,NORMAL,0.1,0.0,100,normal,YES,PASS,0.0,0.0,0.017,0.0,
16:59:59.087,1.0127,1.0034,1.0077,0.0,normal,0.0,normal,0.0,normal,0.0,NORMAL,0.0,0.0,100,normal,YES,PASS,0.0,0.0,0.005,0.0,
16:59:59.268,1.0557,1.0051,1.0061,0.0,normal,0.0,normal,0.0,normal,0.0,NORMAL,0.1,0.0,100,normal,YES,PASS,0.0,0.0,0.022,0.0,
16:59:59.477,1.0467,1.0074,1.0031,0.0,normal,0.0,normal,0.0,normal,0.0,NORMAL,0.1,0.0,100,normal,YES,PASS,0.0,0.0,0.019,0.0,
16:59:59.663,1.048,1.0007,1.0014,0.0,normal,0.0,normal,0.0,normal,0.0,NORMAL,0.1,0.0,100,normal,YES,PASS,0.0,0.0,0.019,0.0,
16:59:59.839,1.0113,1.0074,1.0119,0.0,normal,0.0,normal,0.0,normal,0.0,NORMAL,0.0,0.0,100,normal,YES,PASS,0.0,0.0,0.005,0.0,
17:00:00.018,1.0355,1.0046,1.0076,0.0,normal,0.0,normal,0.0,normal,0.0,NORMAL,0.1,0.0,100,normal,YES,PASS,0.0,0.0,0.014,0.0,
17:00:00.197,1.0152,1.0044,1.0133,0.0,normal,0.0,normal,0.0,normal,0.0,NORMAL,0.0,0.0,100,normal,YES,PASS,0.0,0.0,0.006,0.0,
17:00:00.385,1.0341,1.0012,1.0015,0.0,normal,0.0,normal,0.0,normal,0.0,NORMAL,0.1,0.0,100,normal,YES,PASS,0.0,0.0,0.014,0.0,
17:00:00.583,1.0184,1.0021,1.0008,0.0,normal,0.0,normal,0.0,normal,0.0,NORMAL,0.0,0.0,100,normal,YES,PASS,0.0,0.0,0.007,0.0,
17:00:00.781,1.071,1.0006,1.0104,0.0,normal,0.0,normal,0.0,normal,0.0,NORMAL,0.1,0.0,100,normal,YES,PASS,0.0,0.0,0.028,0.0,
17:00:00.958,1.0368,1.0038,1.0011,0.0,normal,0.0,normal,0.0,normal,0.0,NORMAL,0.1,0.0,100,normal,YES,PASS,0.0,0.0,0.015,0.0,
17:00:01.139,1.0446,1.0086,1.0098,0.0,normal,0.0,normal,0.0,normal,0.0,NORMAL,0.1,0.0,100,normal,YES,PASS,0.0,0.0,0.018,0.0,
17:00:01.307,1.0566,1.0013,1.0023,0.0,normal,0.0,normal,0.0,normal,0.0,NORMAL,0.1,0.0,100,normal,YES,PASS,0.0,0.0,0.023,0.0,
17:00:01.497,1.0129,1.0052,1.0048,0.0,normal,0.0,normal,0.0,normal,0.0,NORMAL,0.0,0.0,100,normal,YES,PASS,0.0,0.0,0.005,0.0,
17:00:01.699,1.0671,1.0123,1.0047,0.0,normal,0.0,normal,0.0,normal,0.0,NORMAL,0.1,0.0,100,normal,YES,PASS,0.0,0.0,0.027,0.0,
17:00:01.879,1.0019,1.0053,1.009,0.0,normal,0.0,normal,0.0,normal,0.0,NORMAL,0.0,0.0,100,normal,YES,PASS,0.0,0.0,0.001,0.0,
17:00:02.059,1.0346,1.0061,1.0109,0.0,normal,0.0,normal,0.0,normal,0.0,NORMAL,0.1,0.0,100,normal,YES,PASS,0.0,0.0,0.014,0.0,
17:00:02.243,1.0523,1.0081,1.0057,0.0,normal,0.0,normal,0.0,normal,0.0,NORMAL,0.1,0.0,100,normal,YES,PASS,0.0,0.0,0.021,0.0,
17:00:02.405,1.0198,1.0043,1.0024,0.0,normal,0.0,normal,0.0,normal,0.0,NORMAL,0.0,0.0,100,normal,YES,PASS,0.0,0.0,0.008,0.0,
17:00:02.603,1.0572,1.0035,1.0018,0.0,normal,0.0,normal,0.0,normal,0.0,NORMAL,0.1,0.0,100,normal,YES,PASS,0.0,0.0,0.023,0.0,
17:00:02.803,1.0355,1.003,1.0106,2.2348,speed_hump,0.6174,normal,0.0,normal,0.0,NORMAL,8.2,0.0,100,speed_hump,YES,PASS,0.0,0.181,0.014,0.0,
17:00:03.025,1.0473,1.0015,1.0025,2.2348,speed_hump,0.6174,normal,0.0,normal,0.0,NORMAL,14.2,0.0,100,speed_hump,YES,PASS,0.0,0.313,0.019,0.0,
17:00:03.195,1.0569,1.0132,1.0074,2.2348,speed_hump,0.6174,normal,0.0,normal,0.0,NORMAL,18.6,0.0,100,speed_hump,YES,PASS,0.0,0.41,0.023,0.0,
17:00:03.363,1.0542,1.0059,1.0057,2.2348,speed_hump,0.6174,normal,0.0,normal,0.0,NORMAL,21.7,0.0,100,speed_hump,YES,PASS,0.0,0.48,0.022,0.0,
17:00:03.539,1.0369,1.0075,1.0029,0.0,normal,0.0,normal,0.0,normal,0.0,NORMAL,15.8,0.0,100,normal,YES,PASS,0.0,0.35,0.015,0.0,
17:00:03.702,1.0352,1.0075,1.0099,0.0,normal,0.0,normal,0.0,normal,0.0,NORMAL,11.6,0.0,100,normal,YES,PASS,0.0,0.256,0.014,0.0,
17:00:03.894,1.0354,1.0082,1.0027,0.0,normal,0.0,normal,0.0,normal,0.0,NORMAL,8.5,0.0,100,normal,YES,PASS,0.0,0.187,0.014,0.0,
17:00:04.076,1.0048,1.0164,1.0054,0.0,normal,0.0,normal,0.0,normal,0.0,NORMAL,6.1,0.0,100,normal,YES,PASS,0.0,0.136,0.002,0.0,
17:00:04.266,1.0135,1.0096,1.0092,0.0,normal,0.0,normal,0.0,normal,0.0,NORMAL,4.5,0.0,100,normal,YES,PASS,0.0,0.099,0.005,0.0,
17:00:04.451,1.0391,1.0008,1.0088,0.0,normal,0.0,normal,0.0,normal,0.0,NORMAL,3.3,0.0,100,normal,YES,PASS,0.0,0.073,0.016,0.0,
17:00:04.612,1.0251,1.0065,1.0107,0.0,normal,0.0,normal,0.0,normal,0.0,NORMAL,2.4,0.0,100,normal,YES,PASS,0.0,0.053,0.01,0.0,
17:00:04.803,1.0323,1.0077,1.0102,0.0,normal,0.0,normal,0.0,normal,0.0,NORMAL,1.8,0.0,100,normal,YES,PASS,0.0,0.039,0.013,0.0,
17:00:04.982,1.0093,1.012,1.0094,0.0,normal,0.0,normal,0.0,normal,0.0,NORMAL,1.3,0.0,100,normal,YES,PASS,0.0,0.028,0.004,0.0,
17:00:05.169,1.0505,1.0095,1.0038,0.0,normal,0.0,normal,0.0,normal,0.0,NORMAL,1.0,0.0,100,normal,YES,PASS,0.0,0.021,0.02,0.0,
17:00:05.351,1.0156,1.0011,1.0039,0.0,normal,0.0,normal,0.0,normal,0.0,NORMAL,0.7,0.0,100,normal,YES,PASS,0.0,0.015,0.006,0.0,
17:00:05.537,1.0442,1.0084,1.0007,0.0,normal,0.0,normal,0.0,normal,0.0,NORMAL,0.6,0.0,100,normal,YES,PASS,0.0,0.011,0.018,0.0,
17:00:05.703,1.013,1.0025,1.0006,0.0,normal,0.0,normal,0.0,normal,0.0,NORMAL,0.4,0.0,100,normal,YES,PASS,0.0,0.008,0.005,0.0,
17:00:05.885,1.0317,1.0011,1.0075,0.0,normal,0.0,normal,0.0,normal,0.0,NORMAL,0.3,0.0,100,normal,YES,PASS,0.0,0.006,0.013,0.0,
17:00:06.074,1.0216,1.0054,1.006,0.0,normal,0.0,normal,0.0,normal,0.0,NORMAL,0.2,0.0,100,normal,YES,PASS,0.0,0.004,0.009,0.0,
17:00:06.260,1.0166,1.0077,1.0118,0.0,normal,0.0,speed_hump,0.5319,normal,0.0,NORMAL,18.8,0.0,100,speed_hump,YES,PASS,0.0,0.003,0.007,0.532,
17:00:06.425,1.024,1.0071,1.0017,0.0,normal,0.0,speed_hump,0.5323,normal,0.0,NORMAL,18.8,0.0,100,speed_hump,YES,PASS,0.0,0.002,0.01,0.532,
17:00:06.599,1.0053,1.0015,1.0041,0.0,normal,0.0,speed_hump,0.5239,normal,0.0,NORMAL,18.4,0.0,100,speed_hump,YES,PASS,0.0,0.002,0.002,0.524,
17:00:06.783,1.001,1.0035,1.007,0.0,normal,0.0,normal,0.0,normal,0.0,NORMAL,0.1,0.0,100,normal,YES,PASS,0.0,0.001,0.0,0.0,
17:00:06.967,1.0398,1.009,1.0033,0.0,normal,0.0,normal,0.0,normal,0.0,NORMAL,0.1,0.0,100,normal,YES,PASS,0.0,0.001,0.016,0.0,
17:00:07.159,1.0407,1.0123,1.0064,0.0,normal,0.0,normal,0.0,normal,0.0,NORMAL,0.1,0.0,100,normal,YES,PASS,0.0,0.001,0.016,0.0,
17:00:07.346,1.0034,1.0101,1.0153,0.0,normal,0.0,normal,0.0,normal,0.0,NORMAL,0.0,0.0,100,normal,YES,PASS,0.0,0.0,0.001,0.0,
17:00:07.527,1.0427,1.0064,1.009,5.0,pothole,1.0,normal,0.0,normal,0.0,NORMAL,18.3,0.0,100,pothole,YES,PASS,0.0,0.406,0.017,0.0,
17:00:07.698,1.0556,1.0018,1.0003,0.0,normal,0.0,normal,0.0,normal,0.0,NORMAL,13.4,0.0,100,normal,YES,PASS,0.0,0.296,0.022,0.0,
17:00:07.869,1.0351,1.0072,1.0067,5.0,pothole,1.0,normal,0.0,normal,0.0,NORMAL,28.0,0.2,100,pothole,YES,PASS,0.0,0.621,0.014,0.0,
17:00:08.055,1.0486,1.0125,1.0128,0.0,normal,0.0,normal,0.0,normal,0.0,NORMAL,20.5,0.0,100,normal,YES,PASS,0.0,0.453,0.019,0.0,
17:00:08.225,1.0394,1.0006,1.0076,0.0,normal,0.0,normal,0.0,normal,0.0,NORMAL,15.0,0.0,100,normal,YES,PASS,0.0,0.331,0.016,0.0,
17:00:08.404,1.0475,1.0037,1.0084,0.0,normal,0.0,normal,0.0,normal,0.0,NORMAL,11.0,0.0,100,normal,YES,PASS,0.0,0.242,0.019,0.0,
17:00:08.594,1.064,1.0069,1.0123,0.0,normal,0.0,normal,0.0,normal,0.0,NORMAL,8.1,0.0,100,normal,YES,PASS,0.0,0.176,0.026,0.0,
17:00:08.771,1.0335,1.0091,1.005,0.0,normal,0.0,normal,0.0,normal,0.0,NORMAL,5.9,0.0,100,normal,YES,PASS,0.0,0.129,0.013,0.0,
17:00:08.938,1.0393,1.0031,1.008,0.0,normal,0.0,normal,0.0,normal,0.0,NORMAL,4.3,0.0,100,normal,YES,PASS,0.0,0.094,0.016,0.0,
17:00:09.118,1.0046,1.0022,1.0004,0.0,normal,0.0,normal,0.0,normal,0.0,NORMAL,3.1,0.0,100,normal,YES,PASS,0.0,0.069,0.002,0.0,
17:00:09.320,1.0368,1.0052,1.0015,0.0,normal,0.0,normal,0.0,normal,0.0,NORMAL,2.3,0.0,100,normal,YES,PASS,0.0,0.05,0.015,0.0,
17:00:09.498,1.0289,1.0122,1.0032,0.0,normal,0.0,normal,0.0,normal,0.0,NORMAL,1.7,0.0,100,normal,YES,PASS,0.0,0.037,0.012,0.0,
17:00:09.677,1.0023,1.0023,1.014,0.0,normal,0.0,normal,0.0,normal,0.0,NORMAL,1.2,0.0,100,normal,YES,PASS,0.0,0.027,0.001,0.0,
17:00:09.874,1.0596,1.0009,1.0011,0.0,normal,0.0,normal,0.0,normal,0.0,NORMAL,1.0,0.0,100,normal,YES,PASS,0.0,0.019,0.024,0.0,
17:00:10.060,1.0288,1.0087,1.0076,0.0,normal,0.0,normal,0.0,normal,0.0,NORMAL,0.7,0.0,100,normal,YES,PASS,0.0,0.014,0.012,0.0,
17:00:10.234,1.0295,1.0031,1.0033,0.0,normal,0.0,normal,0.0,normal,0.0,NORMAL,0.5,0.0,100,normal,YES,PASS,0.0,0.01,0.012,0.0,
17:00:10.425,1.008,1.0144,1.0123,0.0,normal,0.0,normal,0.0,normal,0.0,NORMAL,0.4,0.0,100,normal,YES,PASS,0.0,0.008,0.003,0.0,
17:00:10.614,1.0306,1.0112,1.008,0.0,normal,0.0,normal,0.0,normal,0.0,NORMAL,0.3,0.0,100,normal,YES,PASS,0.0,0.006,0.012,0.0,
17:00:10.813,1.0075,1.0076,1.0152,0.0,normal,0.0,normal,0.0,normal,0.0,NORMAL,0.2,0.0,100,normal,YES,PASS,0.0,0.004,0.003,0.0,
17:00:11.006,1.0513,1.0041,1.0079,0.0,normal,0.0,normal,0.0,normal,0.0,NORMAL,0.2,0.0,100,normal,YES,PASS,0.0,0.003,0.021,0.0,
17:00:11.182,1.042,1.0015,1.0096,0.0,normal,0.0,normal,0.0,normal,0.0,NORMAL,0.2,0.0,100,normal,YES,PASS,0.0,0.002,0.017,0.0,
17:00:11.358,1.05,1.0077,1.0062,0.0,normal,0.0,normal,0.0,normal,0.0,NORMAL,0.2,0.0,100,normal,YES,PASS,0.0,0.002,0.02,0.0,
17:00:11.567,1.034,1.0028,1.0071,0.0,normal,0.0,normal,0.0,normal,0.0,NORMAL,0.1,0.0,100,normal,YES,PASS,0.0,0.001,0.014,0.0,
17:00:11.764,1.0174,1.0013,1.001,0.0,normal,0.0,normal,0.0,normal,0.0,NORMAL,0.1,0.0,100,normal,YES,PASS,0.0,0.001,0.007,0.0,
17:00:11.943,1.0148,1.0105,1.0181,0.0,normal,0.0,normal,0.0,normal,0.0,NORMAL,0.1,0.0,100,normal,YES,PASS,0.0,0.001,0.006,0.0,
17:00:12.128,1.0466,1.0075,1.0075,0.0,normal,0.0,normal,0.0,normal,0.0,NORMAL,0.1,0.0,100,normal,YES,PASS,0.0,0.0,0.019,0.0,
17:00:12.285,1.0065,1.0039,1.0012,0.0,normal,0.0,normal,0.0,normal,0.0,NORMAL,0.0,0.0,100,normal,YES,PASS,0.0,0.0,0.003,0.0,
17:00:12.474,1.0305,1.0093,1.0103,0.0,normal,0.0,normal,0.0,normal,0.0,NORMAL,0.1,0.0,100,normal,YES,PASS,0.0,0.0,0.012,0.0,
17:00:12.664,1.0588,1.0094,1.01,0.0,normal,0.0,normal,0.0,normal,0.0,NORMAL,0.1,0.0,100,normal,YES,PASS,0.0,0.0,0.024,0.0,
17:00:12.859,1.0102,1.0055,1.0015,0.0,normal,0.0,normal,0.0,normal,0.0,NORMAL,0.0,0.0,100,normal,YES,PASS,0.0,0.0,0.004,0.0,
17:00:13.037,1.0424,1.0008,1.012,0.0,normal,0.0,speed_hump,0.5148,normal,0.0,NORMAL,18.1,0.0,100,speed_hump,YES,PASS,0.0,0.0,0.017,0.515,
17:00:13.231,1.0048,1.0023,1.0054,0.0,normal,0.0,speed_hump,0.5534,normal,0.0,NORMAL,19.4,0.0,100,speed_hump,YES,PASS,0.0,0.0,0.002,0.553,
17:00:13.420,1.0506,1.0109,1.0032,5.0,pothole,1.0,speed_hump,0.6848,normal,0.0,NORMAL,42.3,0.3,100,speed_hump,YES,PASS,0.0,0.405,0.02,0.685,
17:00:13.615,1.0158,1.0138,1.0066,0.0,normal,0.0,speed_hump,0.6409,normal,0.0,NORMAL,35.8,0.25,100,speed_hump,YES,PASS,0.0,0.296,0.006,0.641,
17:00:13.821,1.0291,1.0074,1.0096,0.0,normal,0.0,speed_hump,0.6811,normal,0.0,CAUTION,33.6,0.24,88,speed_hump,NO,BLOCKED,0.0,0.216,0.012,0.681,
17:00:14.017,1.0523,1.0002,1.003,0.0,normal,0.0,speed_hump,0.6186,normal,0.0,CAUTION,28.8,0.2,90,speed_hump,NO,BLOCKED,0.0,0.158,0.021,0.619,
17:00:14.210,1.0187,1.0062,1.0096,0.0,normal,0.0,speed_hump,0.5271,normal,0.0,CAUTION,23.7,0.0,100,speed_hump,NO,BLOCKED,0.0,0.115,0.007,0.527,
17:00:14.413,1.0389,1.0064,1.006,0.0,normal,0.0,normal,0.0,normal,0.0,CAUTION,3.9,0.0,100,braking,NO,BLOCKED,0.0,0.084,0.016,0.0,
17:00:14.607,1.0219,1.0026,1.0065,0.0,normal,0.0,normal,0.0,normal,0.0,NORMAL,2.8,0.0,100,normal,YES,PASS,0.0,0.061,0.009,0.0,
17:00:14.783,1.0345,1.0044,1.012,0.0,normal,0.0,normal,0.0,normal,0.0,NORMAL,2.1,0.0,100,normal,YES,PASS,0.0,0.045,0.014,0.0,
17:00:14.990,1.0048,1.0011,1.0016,5.0,pothole,1.0,normal,0.0,normal,0.0,NORMAL,19.7,0.0,100,pothole,YES,PASS,0.0,0.438,0.002,0.0,
17:00:15.192,1.0389,1.0031,1.0018,5.0,pothole,1.0,normal,0.0,normal,0.0,NORMAL,32.7,0.23,100,pothole,YES,PASS,0.0,0.725,0.016,0.0,
17:00:15.384,1.0292,1.0098,1.0027,5.0,pothole,1.0,normal,0.0,normal,0.0,NORMAL,42.1,0.29,100,pothole,YES,PASS,0.0,0.934,0.012,0.0,
17:00:15.564,1.048,1.0124,1.0094,0.0,normal,0.0,normal,0.0,normal,0.0,CAUTION,30.8,0.22,89,braking,NO,BLOCKED,0.0,0.682,0.019,0.0,
17:00:15.736,1.0262,1.0054,1.0062,0.0,normal,0.0,normal,0.0,normal,0.0,CAUTION,22.4,0.0,100,braking,NO,BLOCKED,0.0,0.498,0.01,0.0,
17:00:15.920,1.0333,1.0102,1.0018,0.0,normal,0.0,speed_hump,0.5169,normal,0.0,CAUTION,34.5,0.24,88,speed_hump,NO,BLOCKED,0.0,0.363,0.013,0.517,
17:00:16.109,1.0167,1.0071,1.004,0.0,normal,0.0,normal,0.0,normal,0.0,CAUTION,12.0,0.0,100,braking,NO,BLOCKED,0.0,0.265,0.007,0.0,
17:00:16.294,1.0094,1.0132,1.0036,0.0,normal,0.0,normal,0.0,normal,0.0,NORMAL,8.7,0.0,100,normal,YES,PASS,0.0,0.193,0.004,0.0,
17:00:16.476,1.0299,1.0102,1.0093,0.0,normal,0.0,normal,0.0,normal,0.0,NORMAL,6.4,0.0,100,normal,YES,PASS,0.0,0.141,0.012,0.0,
17:00:16.691,1.0048,1.0046,1.0173,0.0,normal,0.0,normal,0.0,normal,0.0,NORMAL,4.6,0.0,100,normal,YES,PASS,0.0,0.103,0.002,0.0,
17:00:16.874,1.0317,1.0106,1.0109,0.0,normal,0.0,normal,0.0,normal,0.0,NORMAL,3.4,0.0,100,normal,YES,PASS,0.0,0.075,0.013,0.0,
17:00:17.053,1.0017,1.0005,1.012,0.0,normal,0.0,normal,0.0,normal,0.0,NORMAL,2.5,0.0,100,normal,YES,PASS,0.0,0.055,0.001,0.0,
17:00:17.252,1.0369,1.0019,1.0064,5.0,pothole,1.0,normal,0.0,normal,0.0,NORMAL,20.1,0.0,100,pothole,YES,PASS,0.0,0.445,0.015,0.0,
17:00:17.449,1.0187,1.0038,1.0022,5.0,pothole,1.0,normal,0.0,normal,0.0,NORMAL,32.9,0.23,100,pothole,YES,PASS,0.0,0.73,0.007,0.0,
17:00:17.629,1.0393,1.008,1.0028,5.0,pothole,1.0,normal,0.0,normal,0.0,NORMAL,42.3,0.3,100,pothole,YES,PASS,0.0,0.938,0.016,0.0,
17:00:17.803,1.0265,1.0013,1.0125,5.0,pothole,1.0,normal,0.0,normal,0.0,CAUTION,45.1,0.32,84,pothole,NO,BLOCKED,0.0,1.0,0.011,0.0,
17:00:17.983,1.0074,1.0096,1.009,5.0,pothole,1.0,normal,0.0,normal,0.0,CAUTION,45.0,0.32,84,pothole,NO,BLOCKED,0.0,1.0,0.003,0.0,
17:00:18.157,1.0758,1.0147,1.0028,5.0,pothole,1.0,normal,0.0,normal,0.0,CAUTION,45.2,0.32,84,pothole,NO,BLOCKED,0.0,1.0,0.03,0.0,
17:00:18.336,1.05,1.0039,1.0051,5.0,pothole,1.0,normal,0.0,normal,0.0,CAUTION,45.1,0.32,84,pothole,NO,BLOCKED,0.0,1.0,0.02,0.0,
17:00:18.526,1.0253,1.0063,1.0056,5.0,pothole,1.0,normal,0.0,normal,0.0,CAUTION,45.1,0.32,84,pothole,NO,BLOCKED,0.0,1.0,0.01,0.0,
17:00:18.699,1.0386,1.0073,1.0047,5.0,pothole,1.0,normal,0.0,normal,0.0,CAUTION,45.1,0.32,84,pothole,NO,BLOCKED,0.0,1.0,0.015,0.0,
17:00:18.883,1.0425,1.0106,1.0126,0.0,normal,0.0,speed_hump,0.5009,normal,0.0,CAUTION,62.6,0.63,69,speed_hump,NO,BLOCKED,0.0,1.0,0.017,0.501,
17:00:19.064,1.0507,1.0052,1.0122,0.0,normal,0.0,normal,0.0,normal,0.0,CAUTION,34.0,0.24,88,braking,NO,BLOCKED,0.0,0.754,0.02,0.0,
17:00:19.243,1.0314,1.0032,1.0121,0.0,normal,0.0,normal,0.0,normal,0.0,CAUTION,24.8,0.0,100,braking,NO,BLOCKED,0.0,0.55,0.013,0.0,
17:00:19.419,1.0585,1.0045,1.0047,0.0,normal,0.0,normal,0.0,normal,0.0,CAUTION,18.2,0.0,100,braking,NO,BLOCKED,0.0,0.402,0.023,0.0,
17:00:19.604,1.0332,1.0078,1.008,0.0,normal,0.0,normal,0.0,normal,0.0,NORMAL,13.3,0.0,100,normal,YES,PASS,0.0,0.293,0.013,0.0,
17:00:19.783,1.0559,1.0139,1.0122,0.0,normal,0.0,normal,0.0,normal,0.0,NORMAL,9.7,0.0,100,normal,YES,PASS,0.0,0.214,0.022,0.0,
17:00:19.980,1.0114,1.0025,1.0135,0.0,normal,0.0,normal,0.0,normal,0.0,NORMAL,7.0,0.0,100,normal,YES,PASS,0.0,0.156,0.005,0.0,
17:00:20.157,1.0498,1.002,1.0014,0.0,normal,0.0,normal,0.0,normal,0.0,NORMAL,5.2,0.0,100,normal,YES,PASS,0.0,0.114,0.02,0.0,
17:00:20.371,1.0304,1.0076,1.0048,2.4471,speed_hump,0.7236,normal,0.0,normal,0.0,NORMAL,12.7,0.0,100,speed_hump,YES,PASS,0.0,0.281,0.012,0.0,
17:00:20.560,1.0642,1.003,1.005,0.0,normal,0.0,normal,0.0,normal,0.0,NORMAL,9.4,0.0,100,normal,YES,PASS,0.0,0.205,0.026,0.0,
17:00:20.745,1.0051,1.0001,1.0119,2.4471,speed_hump,0.7236,normal,0.0,normal,0.0,NORMAL,15.7,0.0,100,speed_hump,YES,PASS,0.0,0.348,0.002,0.0,
17:00:20.932,1.0483,1.0074,1.0081,0.0,normal,0.0,normal,0.0,normal,0.0,NORMAL,11.5,0.0,100,normal,YES,PASS,0.0,0.254,0.019,0.0,
17:00:21.107,1.0556,1.0114,1.0026,0.0,normal,0.0,normal,0.0,normal,0.0,NORMAL,8.5,0.0,100,normal,YES,PASS,0.0,0.186,0.022,0.0,
17:00:21.266,1.0336,1.0048,1.0098,0.0,normal,0.0,normal,0.0,normal,0.0,NORMAL,6.2,0.0,100,normal,YES,PASS,0.0,0.135,0.013,0.0,
17:00:21.443,1.0417,1.0026,1.0035,2.4471,speed_hump,0.7236,normal,0.0,normal,0.0,NORMAL,13.5,0.0,100,speed_hump,YES,PASS,0.0,0.297,0.017,0.0,
17:00:21.621,1.0415,1.0145,1.0088,2.4471,speed_hump,0.7236,normal,0.0,normal,0.0,NORMAL,18.8,0.0,100,speed_hump,YES,PASS,0.0,0.415,0.017,0.0,
17:00:21.793,1.0321,1.0114,1.0066,0.0,normal,0.0,normal,0.0,normal,0.0,NORMAL,13.7,0.0,100,normal,YES,PASS,0.0,0.303,0.013,0.0,
17:00:21.967,1.0374,1.0066,1.0093,2.4471,speed_hump,0.7236,normal,0.0,normal,0.0,NORMAL,19.0,0.0,100,speed_hump,YES,PASS,0.0,0.42,0.015,0.0,
17:00:22.151,1.0606,1.0092,1.0045,2.4471,speed_hump,0.7236,normal,0.0,normal,0.0,NORMAL,22.8,0.0,100,speed_hump,YES,PASS,0.0,0.505,0.024,0.0,
17:00:22.326,1.0067,1.0083,1.0104,0.0,normal,0.0,normal,0.0,normal,0.0,NORMAL,16.6,0.0,100,normal,YES,PASS,0.0,0.368,0.003,0.0,
17:00:22.493,1.0192,1.0039,1.0093,0.0,normal,0.0,normal,0.0,normal,0.0,NORMAL,12.1,0.0,100,normal,YES,PASS,0.0,0.269,0.008,0.0,
17:00:22.670,1.0116,1.0103,1.0103,0.0,normal,0.0,normal,0.0,normal,0.0,NORMAL,8.8,0.0,100,normal,YES,PASS,0.0,0.196,0.005,0.0,
17:00:22.839,1.0571,1.0126,1.0092,0.0,normal,0.0,normal,0.0,normal,0.0,NORMAL,6.6,0.0,100,normal,YES,PASS,0.0,0.143,0.023,0.0,
17:00:23.037,1.0104,1.0101,1.01,0.0,normal,0.0,normal,0.0,normal,0.0,NORMAL,4.7,0.0,100,normal,YES,PASS,0.0,0.104,0.004,0.0,
17:00:23.208,1.0055,1.0025,1.0072,0.0,normal,0.0,normal,0.0,normal,0.0,NORMAL,3.4,0.0,100,normal,YES,PASS,0.0,0.076,0.002,0.0,
17:00:23.356,1.0399,1.0065,1.0097,0.0,normal,0.0,normal,0.0,normal,0.0,NORMAL,2.6,0.0,100,normal,YES,PASS,0.0,0.056,0.016,0.0,
17:00:23.534,1.0179,1.0133,1.0004,0.0,normal,0.0,normal,0.0,normal,0.0,NORMAL,1.9,0.0,100,normal,YES,PASS,0.0,0.041,0.007,0.0,
17:00:23.729,1.0247,1.0072,1.0044,0.0,normal,0.0,normal,0.0,normal,0.0,NORMAL,1.4,0.0,100,normal,YES,PASS,0.0,0.03,0.01,0.0,
17:00:23.914,1.0603,1.0105,1.0143,0.0,normal,0.0,normal,0.0,normal,0.0,NORMAL,1.1,0.0,100,normal,YES,PASS,0.0,0.022,0.024,0.0,
17:00:24.100,1.058,1.0121,1.0057,0.0,normal,0.0,normal,0.0,normal,0.0,NORMAL,0.8,0.0,100,normal,YES,PASS,0.0,0.016,0.023,0.0,
17:00:24.263,1.005,1.012,1.0129,0.0,normal,0.0,normal,0.0,normal,0.0,NORMAL,0.5,0.0,100,normal,YES,PASS,0.0,0.012,0.002,0.0,
17:00:24.435,1.0604,1.0122,1.0022,4.291,pothole,0.6455,normal,0.0,normal,0.0,NORMAL,16.1,0.0,100,pothole,YES,PASS,0.0,0.356,0.024,0.0,
17:00:24.605,1.0204,1.0101,1.0083,4.9065,pothole,0.9532,normal,0.0,normal,0.0,NORMAL,29.6,0.21,100,pothole,YES,PASS,0.0,0.658,0.008,0.0,
17:00:24.780,1.057,1.0086,1.0106,4.9065,pothole,0.9532,normal,0.0,normal,0.0,NORMAL,39.6,0.28,100,pothole,YES,PASS,0.0,0.878,0.023,0.0,
17:00:24.961,1.0328,1.0009,1.0046,4.9065,pothole,0.9532,normal,0.0,normal,0.0,CAUTION,45.1,0.32,84,pothole,NO,BLOCKED,0.0,1.0,0.013,0.0,
17:00:25.139,1.0171,1.0071,1.0058,4.291,pothole,0.6455,normal,0.0,normal,0.0,CAUTION,45.0,0.32,84,pothole,NO,BLOCKED,0.0,1.0,0.007,0.0,
17:00:25.321,1.0168,1.0088,1.013,0.0,normal,0.0,normal,0.0,normal,0.0,CAUTION,36.3,0.25,87,braking,NO,BLOCKED,0.0,0.807,0.007,0.0,
17:00:25.499,1.0062,1.0138,1.0006,4.9065,pothole,0.9532,normal,0.0,normal,0.0,CAUTION,44.4,0.31,84,pothole,NO,BLOCKED,0.0,0.987,0.002,0.0,
17:00:25.678,1.0688,1.0111,1.0092,4.9065,pothole,0.9532,normal,0.0,normal,0.0,CAUTION,45.1,0.32,84,pothole,NO,BLOCKED,0.0,1.0,0.028,0.0,
17:00:25.862,1.0439,1.0124,1.0025,4.9065,pothole,0.9532,normal,0.0,normal,0.0,CAUTION,45.1,0.32,84,pothole,NO,BLOCKED,0.0,1.0,0.018,0.0,
17:00:26.047,1.0531,1.0131,1.0096,4.9065,pothole,0.9532,normal,0.0,normal,0.0,CAUTION,45.1,0.32,84,pothole,NO,BLOCKED,0.0,1.0,0.021,0.0,
17:00:26.228,1.053,1.0115,1.0003,4.9065,pothole,0.9532,normal,0.0,normal,0.0,CAUTION,45.1,0.32,84,pothole,NO,BLOCKED,0.0,1.0,0.021,0.0,
17:00:26.416,1.0358,1.0008,1.0054,4.9065,pothole,0.9532,normal,0.0,normal,0.0,CAUTION,45.1,0.32,84,pothole,NO,BLOCKED,0.0,1.0,0.014,0.0,
17:00:26.597,1.0488,1.0065,1.002,0.0,normal,0.0,normal,0.0,normal,0.0,CAUTION,45.1,0.32,84,braking,NO,BLOCKED,0.0,1.0,0.02,0.0,
17:00:26.773,1.0628,1.0095,1.0124,0.0,normal,0.0,normal,0.0,normal,0.0,CAUTION,33.0,0.23,88,braking,NO,BLOCKED,0.0,0.731,0.025,0.0,
17:00:26.952,1.0329,1.0021,1.0103,5.0,pothole,1.0,normal,0.0,normal,0.0,CAUTION,42.3,0.3,85,pothole,NO,BLOCKED,0.0,0.938,0.013,0.0,
17:00:27.136,1.0243,1.0096,1.003,5.0,pothole,1.0,normal,0.0,normal,0.0,CAUTION,45.0,0.32,84,pothole,NO,BLOCKED,0.0,1.0,0.01,0.0,
17:00:27.311,1.0236,1.0146,1.0076,0.0,normal,0.0,normal,0.0,normal,0.0,CAUTION,35.8,0.25,87,braking,NO,BLOCKED,0.0,0.796,0.009,0.0,
17:00:27.491,1.0432,1.0123,1.0073,0.0,normal,0.0,normal,0.0,normal,0.0,CAUTION,26.2,0.18,91,braking,NO,BLOCKED,0.0,0.581,0.017,0.0,
17:00:27.661,1.0213,1.0121,1.006,0.0,normal,0.0,normal,0.0,normal,0.0,CAUTION,19.1,0.0,100,braking,NO,BLOCKED,0.0,0.424,0.009,0.0,
17:00:27.838,1.0439,1.0103,1.0101,0.0,normal,0.0,normal,0.0,normal,0.0,CAUTION,14.0,0.0,100,braking,NO,BLOCKED,0.0,0.309,0.018,0.0,
17:00:28.020,1.0441,1.0111,1.0128,0.0,normal,0.0,normal,0.0,normal,0.0,NORMAL,10.2,0.0,100,normal,YES,PASS,0.0,0.226,0.018,0.0,
17:00:28.204,1.0234,1.0003,1.008,0.0,normal,0.0,normal,0.0,normal,0.0,NORMAL,7.5,0.0,100,normal,YES,PASS,0.0,0.165,0.009,0.0,
17:00:28.379,1.0345,1.0091,1.002,0.0,normal,0.0,normal,0.0,normal,0.0,NORMAL,5.5,0.0,100,normal,YES,PASS,0.0,0.12,0.014,0.0,
17:00:28.572,1.0307,1.0027,1.0013,0.0,normal,0.0,normal,0.0,normal,0.0,NORMAL,4.0,0.0,100,normal,YES,PASS,0.0,0.088,0.012,0.0,
17:00:28.757,1.0229,1.0056,1.0017,4.3703,pothole,0.6852,normal,0.0,normal,0.0,NORMAL,18.9,0.0,100,pothole,YES,PASS,0.0,0.418,0.009,0.0,
17:00:28.931,1.022,1.0044,1.003,0.0,normal,0.0,normal,0.0,normal,0.0,NORMAL,13.8,0.0,100,normal,YES,PASS,0.0,0.305,0.009,0.0,
17:00:29.118,1.0719,1.0042,1.0079,0.0,normal,0.0,normal,0.0,normal,0.0,NORMAL,10.2,0.0,100,normal,YES,PASS,0.0,0.223,0.029,0.0,
17:00:29.300,1.0031,1.0079,1.0052,4.3703,pothole,0.6852,normal,0.0,normal,0.0,NORMAL,23.3,0.0,100,pothole,YES,PASS,0.0,0.517,0.001,0.0,
17:00:29.483,1.0244,1.0057,1.0075,4.3703,pothole,0.6852,normal,0.0,normal,0.0,NORMAL,33.0,0.23,100,pothole,YES,PASS,0.0,0.731,0.01,0.0,
17:00:29.652,1.0678,1.0067,1.0087,4.3703,pothole,0.6852,normal,0.0,normal,0.0,NORMAL,40.1,0.28,100,pothole,YES,PASS,0.0,0.888,0.027,0.0,
17:00:29.818,1.013,1.0126,1.0065,4.3703,pothole,0.6852,normal,0.0,normal,0.0,CAUTION,45.0,0.32,84,pothole,NO,BLOCKED,0.0,1.0,0.005,0.0,
17:00:29.995,1.0411,1.0025,1.0001,4.3703,pothole,0.6852,normal,0.0,normal,0.0,CAUTION,45.1,0.32,84,pothole,NO,BLOCKED,0.0,1.0,0.016,0.0,
17:00:30.154,1.0312,1.0078,1.0062,0.0,normal,0.0,normal,0.0,normal,0.0,CAUTION,35.7,0.25,87,braking,NO,BLOCKED,0.0,0.792,0.012,0.0,
17:00:30.337,1.0636,1.0035,1.0055,0.0,normal,0.0,normal,0.0,normal,0.0,CAUTION,26.2,0.18,91,braking,NO,BLOCKED,0.0,0.578,0.025,0.0,
17:00:30.511,1.018,1.0111,1.0001,0.0,normal,0.0,normal,0.0,normal,0.0,CAUTION,19.0,0.0,100,braking,NO,BLOCKED,0.0,0.422,0.007,0.0,
17:00:30.682,1.0354,1.0107,1.0056,0.0,normal,0.0,normal,0.0,normal,0.0,CAUTION,13.9,0.0,100,braking,NO,BLOCKED,0.0,0.308,0.014,0.0,
17:00:30.862,1.0202,1.0006,1.0013,0.0,normal,0.0,normal,0.0,normal,0.0,NORMAL,10.2,0.0,100,normal,YES,PASS,0.0,0.225,0.008,0.0,
17:00:31.033,1.0561,1.0115,1.0049,0.0,normal,0.0,normal,0.0,normal,0.0,NORMAL,7.5,0.0,100,normal,YES,PASS,0.0,0.164,0.022,0.0,
17:00:31.229,1.012,1.0112,1.0039,0.0,normal,0.0,normal,0.0,normal,0.0,NORMAL,5.4,0.0,100,normal,YES,PASS,0.0,0.12,0.005,0.0,
17:00:31.434,1.0436,1.0097,1.0005,0.0,normal,0.0,normal,0.0,normal,0.0,NORMAL,4.0,0.0,100,normal,YES,PASS,0.0,0.087,0.017,0.0,
17:00:31.625,1.0436,1.0111,1.0148,0.0,normal,0.0,normal,0.0,normal,0.0,NORMAL,3.0,0.0,100,normal,YES,PASS,0.0,0.064,0.017,0.0,
17:00:31.801,1.0094,1.0052,1.0132,0.0,normal,0.0,normal,0.0,normal,0.0,NORMAL,2.1,0.0,100,normal,YES,PASS,0.0,0.047,0.004,0.0,
17:00:31.968,1.0032,1.0059,1.0048,0.0,normal,0.0,normal,0.0,normal,0.0,NORMAL,1.5,0.0,100,normal,YES,PASS,0.0,0.034,0.001,0.0,
17:00:32.160,1.0444,1.0031,1.0124,0.0,normal,0.0,normal,0.0,normal,0.0,NORMAL,1.2,0.0,100,normal,YES,PASS,0.0,0.025,0.018,0.0,
17:00:32.346,1.0483,1.0039,1.0024,0.0,normal,0.0,normal,0.0,normal,0.0,NORMAL,0.9,0.0,100,normal,YES,PASS,0.0,0.018,0.019,0.0,
17:00:32.535,1.0475,1.0113,1.0087,0.0,normal,0.0,normal,0.0,normal,0.0,NORMAL,0.7,0.0,100,normal,YES,PASS,0.0,0.013,0.019,0.0,
17:00:32.711,1.0368,1.0014,1.0014,0.0,normal,0.0,normal,0.0,normal,0.0,NORMAL,0.5,0.0,100,normal,YES,PASS,0.0,0.01,0.015,0.0,
17:00:32.880,1.0729,1.0052,1.0005,0.0,normal,0.0,normal,0.0,normal,0.0,NORMAL,0.5,0.0,100,normal,YES,PASS,0.0,0.007,0.029,0.0,
17:00:33.057,1.0439,1.0132,1.0065,0.0,normal,0.0,normal,0.0,normal,0.0,NORMAL,0.3,0.0,100,normal,YES,PASS,0.0,0.005,0.018,0.0,
17:00:33.244,1.0412,1.0055,1.0072,0.0,normal,0.0,normal,0.0,normal,0.0,NORMAL,0.3,0.0,100,normal,YES,PASS,0.0,0.004,0.016,0.0,
17:00:33.436,1.0414,1.0028,1.0072,0.0,normal,0.0,normal,0.0,normal,0.0,NORMAL,0.2,0.0,100,normal,YES,PASS,0.0,0.003,0.017,0.0,
17:00:33.625,1.0262,1.0061,1.0089,0.0,normal,0.0,normal,0.0,normal,0.0,NORMAL,0.1,0.0,100,normal,YES,PASS,0.0,0.002,0.01,0.0,
17:00:33.810,1.0031,1.004,1.0092,0.0,normal,0.0,normal,0.0,normal,0.0,NORMAL,0.1,0.0,100,normal,YES,PASS,0.0,0.001,0.001,0.0,
17:00:33.994,1.0214,1.0112,1.0119,0.0,normal,0.0,normal,0.0,normal,0.0,NORMAL,0.1,0.0,100,normal,YES,PASS,0.0,0.001,0.009,0.0,
17:00:34.167,1.0615,1.0091,1.0048,0.0,normal,0.0,normal,0.0,normal,0.0,NORMAL,0.2,0.0,100,normal,YES,PASS,0.0,0.001,0.025,0.0,
17:00:34.351,1.0518,1.0093,1.007,0.0,normal,0.0,normal,0.0,normal,0.0,NORMAL,0.1,0.0,100,normal,YES,PASS,0.0,0.001,0.021,0.0,
17:00:34.537,1.0467,1.0096,1.0097,0.0,normal,0.0,normal,0.0,normal,0.0,NORMAL,0.1,0.0,100,normal,YES,PASS,0.0,0.0,0.019,0.0,
17:00:34.720,1.0243,1.0103,1.0071,0.0,normal,0.0,normal,0.0,normal,0.0,NORMAL,0.1,0.0,100,normal,YES,PASS,0.0,0.0,0.01,0.0,
17:00:34.922,1.0536,1.0041,1.0096,0.0,normal,0.0,normal,0.0,normal,0.0,NORMAL,0.1,0.0,100,normal,YES,PASS,0.0,0.0,0.021,0.0,
17:00:35.117,1.0398,1.0075,1.0038,3.0,speed_hump,1.0,normal,0.0,normal,0.0,NORMAL,11.0,0.0,100,speed_hump,YES,PASS,0.0,0.243,0.016,0.0,
17:00:35.303,1.0444,1.0016,1.0126,3.0,speed_hump,1.0,normal,0.0,normal,0.0,NORMAL,19.0,0.0,100,speed_hump,YES,PASS,0.0,0.421,0.018,0.0,
17:00:35.487,1.0468,1.0149,1.0033,3.0,speed_hump,1.0,normal,0.0,normal,0.0,NORMAL,24.9,0.0,100,speed_hump,YES,PASS,0.0,0.55,0.019,0.0,
17:00:35.665,1.0573,1.0086,1.0068,0.0,normal,0.0,normal,0.0,normal,0.0,NORMAL,18.2,0.0,100,normal,YES,PASS,0.0,0.402,0.023,0.0,
17:00:35.844,1.0113,1.0049,1.0057,0.0,normal,0.0,normal,0.0,normal,0.0,NORMAL,13.2,0.0,100,normal,YES,PASS,0.0,0.293,0.005,0.0,
17:00:36.035,1.0036,1.011,1.0015,3.0,speed_hump,1.0,normal,0.0,normal,0.0,NORMAL,20.6,0.0,100,speed_hump,YES,PASS,0.0,0.457,0.001,0.0,
17:00:36.228,1.0399,1.0151,1.0116,3.0,speed_hump,1.0,normal,0.0,normal,0.0,NORMAL,26.0,0.18,100,speed_hump,YES,PASS,0.0,0.577,0.016,0.0,
17:00:36.435,1.0233,1.0016,1.0003,3.0,speed_hump,1.0,normal,0.0,normal,0.0,NORMAL,29.9,0.21,100,speed_hump,YES,PASS,0.0,0.664,0.009,0.0,
17:00:36.598,1.0031,1.0006,1.0,0.0,normal,0.0,normal,0.0,normal,0.0,NORMAL,21.8,0.0,100,normal,YES,PASS,0.0,0.485,0.001,0.0,
17:00:36.780,1.04,1.0036,1.0106,0.0,normal,0.0,normal,0.0,normal,0.0,NORMAL,16.0,0.0,100,normal,YES,PASS,0.0,0.354,0.016,0.0,
17:00:36.971,1.0244,1.0124,1.0021,0.0,normal,0.0,normal,0.0,normal,0.0,NORMAL,11.7,0.0,100,normal,YES,PASS,0.0,0.258,0.01,0.0,
17:00:37.175,1.0616,1.0016,1.0052,3.0,speed_hump,1.0,normal,0.0,normal,0.0,NORMAL,19.5,0.0,100,speed_hump,YES,PASS,0.0,0.432,0.025,0.0,
17:00:37.362,1.0368,1.0083,1.0052,3.0,speed_hump,1.0,normal,0.0,normal,0.0,NORMAL,25.2,0.18,100,speed_hump,YES,PASS,0.0,0.558,0.015,0.0,
17:00:37.541,1.0383,1.001,1.013,5.0,pothole,1.0,normal,0.0,normal,0.0,NORMAL,36.6,0.26,100,pothole,YES,PASS,0.0,0.813,0.015,0.0,
17:00:37.716,1.0411,1.0051,1.0013,3.0,speed_hump,1.0,normal,0.0,normal,0.0,CAUTION,37.7,0.26,87,speed_hump,NO,BLOCKED,0.0,0.836,0.016,0.0,
17:00:37.891,1.0641,1.0001,1.0024,0.0,normal,0.0,normal,0.0,normal,0.0,CAUTION,27.6,0.19,90,braking,NO,BLOCKED,0.0,0.61,0.026,0.0,
17:00:38.067,1.0522,1.0131,1.0087,5.0,pothole,1.0,normal,0.0,normal,0.0,CAUTION,38.4,0.27,87,pothole,NO,BLOCKED,0.0,0.851,0.021,0.0,
17:00:38.245,1.0242,1.0024,1.0092,5.0,pothole,1.0,speed_hump,0.5137,normal,0.0,CAUTION,63.0,0.63,68,speed_hump,NO,BLOCKED,0.0,1.0,0.01,0.514,
17:00:38.429,1.0441,1.0094,1.004,5.0,pothole,1.0,speed_hump,0.5612,normal,0.0,CAUTION,64.7,0.65,68,speed_hump,NO,BLOCKED,0.0,1.0,0.018,0.561,
17:00:38.603,1.0048,1.0051,1.0073,5.0,pothole,1.0,normal,0.0,normal,0.0,CAUTION,45.0,0.32,84,pothole,NO,BLOCKED,0.0,1.0,0.002,0.0,
17:00:38.779,1.034,1.007,1.0169,5.0,pothole,1.0,normal,0.0,normal,0.0,CAUTION,45.1,0.32,84,pothole,NO,BLOCKED,0.0,1.0,0.014,0.0,
17:00:38.957,1.0109,1.0069,1.0041,0.0,normal,0.0,normal,0.0,normal,0.0,CAUTION,43.2,0.3,85,braking,NO,BLOCKED,0.0,0.96,0.004,0.0,
17:00:39.127,1.0471,1.0032,1.0025,0.0,normal,0.0,speed_hump,0.5017,normal,0.0,CAUTION,49.2,0.34,83,speed_hump,NO,BLOCKED,0.0,0.701,0.019,0.502,
17:00:39.304,1.0126,1.0057,1.0152,0.0,normal,0.0,normal,0.0,normal,0.0,CAUTION,23.0,0.0,100,braking,NO,BLOCKED,0.0,0.512,0.005,0.0,
17:00:39.474,1.0575,1.0058,1.0012,0.0,normal,0.0,speed_hump,0.5005,normal,0.0,CAUTION,34.4,0.24,88,speed_hump,NO,BLOCKED,0.0,0.373,0.023,0.5,
17:00:39.653,1.0501,1.0044,1.0059,0.0,normal,0.0,speed_hump,0.5045,normal,0.0,CAUTION,30.0,0.21,89,speed_hump,NO,BLOCKED,0.0,0.272,0.02,0.505,
17:00:39.827,1.0322,1.0043,1.0073,0.0,normal,0.0,normal,0.0,normal,0.0,CAUTION,9.0,0.0,100,braking,NO,BLOCKED,0.0,0.199,0.013,0.0,
17:00:40.013,1.0487,1.013,1.0102,0.0,normal,0.0,normal,0.0,normal,0.0,NORMAL,6.6,0.0,100,normal,YES,PASS,0.0,0.145,0.019,0.0,
17:00:40.199,1.0269,1.0078,1.0021,0.0,normal,0.0,normal,0.0,normal,0.0,NORMAL,4.8,0.0,100,normal,YES,PASS,0.0,0.106,0.011,0.0,
17:00:40.391,1.0246,1.0009,1.0,0.0,normal,0.0,normal,0.0,normal,0.0,NORMAL,3.5,0.0,100,normal,YES,PASS,0.0,0.077,0.01,0.0,
17:00:40.569,1.0494,1.0068,1.0048,0.0,normal,0.0,normal,0.0,normal,0.0,NORMAL,2.6,0.0,100,normal,YES,PASS,0.0,0.056,0.02,0.0,
17:00:40.744,1.0038,1.0105,1.0083,0.0,normal,0.0,normal,0.0,normal,0.0,NORMAL,1.9,0.0,100,normal,YES,PASS,0.0,0.041,0.002,0.0,
17:00:40.917,1.0029,1.0021,1.007,0.0,normal,0.0,normal,0.0,normal,0.0,NORMAL,1.4,0.0,100,normal,YES,PASS,0.0,0.03,0.001,0.0,
17:00:41.103,1.0392,1.0015,1.0083,0.0,normal,0.0,normal,0.0,normal,0.0,NORMAL,1.1,0.0,100,normal,YES,PASS,0.0,0.022,0.016,0.0,
17:00:41.276,1.0145,1.0115,1.0005,0.0,normal,0.0,normal,0.0,normal,0.0,NORMAL,0.7,0.0,100,normal,YES,PASS,0.0,0.016,0.006,0.0,
17:00:41.459,1.0153,1.0117,1.0107,0.0,normal,0.0,normal,0.0,normal,0.0,NORMAL,0.6,0.0,100,normal,YES,PASS,0.0,0.012,0.006,0.0,
17:00:41.635,1.0246,1.0014,1.003,0.0,normal,0.0,normal,0.0,normal,0.0,NORMAL,0.4,0.0,100,normal,YES,PASS,0.0,0.009,0.01,0.0,
17:00:41.798,1.032,1.0136,1.0065,0.0,normal,0.0,normal,0.0,normal,0.0,NORMAL,0.3,0.0,100,normal,YES,PASS,0.0,0.006,0.013,0.0,
17:00:41.985,1.0618,1.0038,1.0057,0.0,normal,0.0,normal,0.0,normal,0.0,NORMAL,0.3,0.0,100,normal,YES,PASS,0.0,0.005,0.025,0.0,
17:00:42.185,1.0468,1.0043,1.0114,0.0,normal,0.0,normal,0.0,normal,0.0,NORMAL,0.2,0.0,100,normal,YES,PASS,0.0,0.003,0.019,0.0,
17:00:42.370,1.0587,1.0097,1.0022,0.0,normal,0.0,normal,0.0,normal,0.0,NORMAL,0.2,0.0,100,normal,YES,PASS,0.0,0.002,0.023,0.0,
17:00:42.545,1.0425,1.0081,1.006,0.0,normal,0.0,normal,0.0,normal,0.0,NORMAL,0.2,0.0,100,normal,YES,PASS,0.0,0.002,0.017,0.0,
17:00:42.716,1.0466,1.0072,1.0058,0.0,normal,0.0,normal,0.0,normal,0.0,NORMAL,0.2,0.0,100,normal,YES,PASS,0.0,0.001,0.019,0.0,
17:00:42.883,1.039,1.0004,1.0003,0.0,normal,0.0,normal,0.0,normal,0.0,NORMAL,0.1,0.0,100,normal,YES,PASS,0.0,0.001,0.016,0.0,
17:00:43.065,1.0242,1.0041,1.0065,0.0,normal,0.0,normal,0.0,normal,0.0,NORMAL,0.1,0.0,100,normal,YES,PASS,0.0,0.001,0.01,0.0,
17:00:43.263,1.0386,1.0045,1.0113,0.0,normal,0.0,normal,0.0,normal,0.0,NORMAL,0.1,0.0,100,normal,YES,PASS,0.0,0.001,0.015,0.0,
17:00:43.458,1.0187,1.0114,1.0023,0.0,normal,0.0,normal,0.0,normal,0.0,NORMAL,0.1,0.0,100,normal,YES,PASS,0.0,0.0,0.007,0.0,
17:00:43.637,1.0036,1.0047,1.0096,0.0,normal,0.0,normal,0.0,normal,0.0,NORMAL,0.0,0.0,100,normal,YES,PASS,0.0,0.0,0.001,0.0,
17:00:43.827,1.0218,1.0007,1.0017,0.0,normal,0.0,normal,0.0,normal,0.0,NORMAL,0.1,0.0,100,normal,YES,PASS,0.0,0.0,0.009,0.0,
17:00:44.031,1.026,1.0101,1.0124,0.0,normal,0.0,normal,0.0,normal,0.0,NORMAL,0.1,0.0,100,normal,YES,PASS,0.0,0.0,0.01,0.0,
17:00:44.286,1.0546,1.0085,1.0099,0.0,normal,0.0,normal,0.0,normal,0.0,NORMAL,0.1,0.0,100,normal,YES,PASS,0.0,0.0,0.022,0.0,
17:00:44.541,1.0427,1.009,1.0039,0.0,normal,0.0,normal,0.0,normal,0.0,NORMAL,0.1,0.0,100,normal,YES,PASS,0.0,0.0,0.017,0.0,
17:00:44.755,1.0137,1.0079,1.007,0.0,normal,0.0,normal,0.0,normal,0.0,NORMAL,0.0,0.0,100,normal,YES,PASS,0.0,0.0,0.005,0.0,
17:00:44.965,1.0242,1.0143,1.0007,0.0,normal,0.0,normal,0.0,normal,0.0,NORMAL,0.1,0.0,100,normal,YES,PASS,0.0,0.0,0.01,0.0,
17:00:45.162,1.0572,1.0077,1.0008,0.0,normal,0.0,normal,0.0,normal,0.0,NORMAL,0.1,0.0,100,normal,YES,PASS,0.0,0.0,0.023,0.0,
17:00:45.399,1.0531,1.0009,1.0135,0.0,normal,0.0,normal,0.0,normal,0.0,NORMAL,0.1,0.0,100,normal,YES,PASS,0.0,0.0,0.021,0.0,
17:00:45.605,1.0328,1.0069,1.001,0.0,normal,0.0,normal,0.0,normal,0.0,NORMAL,0.1,0.0,100,normal,YES,PASS,0.0,0.0,0.013,0.0,
17:00:45.792,1.0371,1.0071,1.0127,0.0,normal,0.0,normal,0.0,normal,0.0,NORMAL,0.1,0.0,100,normal,YES,PASS,0.0,0.0,0.015,0.0,
17:00:45.972,1.0414,1.0098,1.0076,0.0,normal,0.0,normal,0.0,normal,0.0,NORMAL,0.1,0.0,100,normal,YES,PASS,0.0,0.0,0.017,0.0,
17:00:46.141,1.0647,1.0,1.0087,0.0,normal,0.0,normal,0.0,normal,0.0,NORMAL,0.1,0.0,100,normal,YES,PASS,0.0,0.0,0.026,0.0,
17:00:46.320,1.0387,1.0093,1.003,0.0,normal,0.0,normal,0.0,normal,0.0,NORMAL,0.1,0.0,100,normal,YES,PASS,0.0,0.0,0.015,0.0,
17:00:46.517,1.0617,1.0127,1.0094,0.0,normal,0.0,normal,0.0,normal,0.0,NORMAL,0.1,0.0,100,normal,YES,PASS,0.0,0.0,0.025,0.0,
17:00:46.699,1.031,1.0017,1.0027,0.0,normal,0.0,normal,0.0,normal,0.0,NORMAL,0.1,0.0,100,normal,YES,PASS,0.0,0.0,0.012,0.0,
17:00:46.881,1.0023,1.0029,1.0017,0.0,normal,0.0,normal,0.0,normal,0.0,NORMAL,0.0,0.0,100,normal,YES,PASS,0.0,0.0,0.001,0.0,
17:00:47.061,1.0529,1.0088,1.005,0.0,normal,0.0,normal,0.0,normal,0.0,NORMAL,0.1,0.0,100,normal,YES,PASS,0.0,0.0,0.021,0.0,
17:00:47.234,1.0172,1.0075,1.0075,0.0,normal,0.0,normal,0.0,normal,0.0,NORMAL,0.0,0.0,100,normal,YES,PASS,0.0,0.0,0.007,0.0,
17:00:47.406,1.0142,1.0106,1.005,0.0,normal,0.0,normal,0.0,normal,0.0,NORMAL,0.0,0.0,100,normal,YES,PASS,0.0,0.0,0.006,0.0,
17:00:47.593,1.0552,1.0049,1.0133,0.0,normal,0.0,normal,0.0,normal,0.0,NORMAL,0.1,0.0,100,normal,YES,PASS,0.0,0.0,0.022,0.0,
17:00:47.780,1.047,1.0127,1.0016,0.0,normal,0.0,normal,0.0,normal,0.0,NORMAL,0.1,0.0,100,normal,YES,PASS,0.0,0.0,0.019,0.0,
17:00:47.968,1.0212,1.0108,1.0036,0.0,normal,0.0,normal,0.0,normal,0.0,NORMAL,0.0,0.0,100,normal,YES,PASS,0.0,0.0,0.008,0.0,
17:00:48.152,1.0067,1.0076,1.0059,0.0,normal,0.0,normal,0.0,normal,0.0,NORMAL,0.0,0.0,100,normal,YES,PASS,0.0,0.0,0.003,0.0,
17:00:48.330,1.0144,1.0016,1.0013,0.0,normal,0.0,normal,0.0,normal,0.0,NORMAL,0.0,0.0,100,normal,YES,PASS,0.0,0.0,0.006,0.0,
17:00:48.500,1.0504,1.0058,1.0104,0.0,normal,0.0,normal,0.0,normal,0.0,NORMAL,0.1,0.0,100,normal,YES,PASS,0.0,0.0,0.02,0.0,
17:00:48.686,1.0068,1.0041,1.0075,0.0,normal,0.0,normal,0.0,normal,0.0,NORMAL,0.0,0.0,100,normal,YES,PASS,0.0,0.0,0.003,0.0,
17:00:48.879,1.02,1.0017,1.0084,0.0,normal,0.0,speed_hump,0.5011,normal,0.0,NORMAL,17.6,0.0,100,speed_hump,YES,PASS,0.0,0.0,0.008,0.501,
17:00:49.085,1.0398,1.0107,1.0127,4.9904,pothole,0.9952,normal,0.0,normal,0.0,NORMAL,18.3,0.0,100,pothole,YES,PASS,0.0,0.404,0.016,0.0,
17:00:49.276,1.0647,1.0108,1.0008,0.0,normal,0.0,normal,0.0,normal,0.0,NORMAL,13.4,0.0,100,normal,YES,PASS,0.0,0.295,0.026,0.0,
17:00:49.448,1.0405,1.0109,1.0007,0.0,normal,0.0,normal,0.0,normal,0.0,NORMAL,9.8,0.0,100,normal,YES,PASS,0.0,0.215,0.016,0.0,
17:00:49.625,1.0207,1.0071,1.002,0.0,normal,0.0,normal,0.0,normal,0.0,NORMAL,7.1,0.0,100,normal,YES,PASS,0.0,0.157,0.008,0.0,
17:00:49.820,1.0039,1.0003,1.0019,0.0,normal,0.0,normal,0.0,normal,0.0,NORMAL,5.2,0.0,100,normal,YES,PASS,0.0,0.115,0.002,0.0,
17:00:50.009,1.0411,1.007,1.0118,0.0,normal,0.0,normal,0.0,normal,0.0,NORMAL,3.9,0.0,100,normal,YES,PASS,0.0,0.084,0.016,0.0,
17:00:50.180,1.0227,1.003,1.0051,0.0,normal,0.0,normal,0.0,normal,0.0,NORMAL,2.8,0.0,100,normal,YES,PASS,0.0,0.061,0.009,0.0,
17:00:50.362,1.0085,1.0027,1.0038,4.4648,pothole,0.7324,normal,0.0,normal,0.0,NORMAL,18.3,0.0,100,pothole,YES,PASS,0.0,0.406,0.003,0.0,
17:00:50.535,1.056,1.0076,1.0086,4.4648,pothole,0.7324,normal,0.0,normal,0.0,NORMAL,29.7,0.21,100,pothole,YES,PASS,0.0,0.659,0.022,0.0,
17:00:50.713,1.0277,1.0054,1.0147,4.4648,pothole,0.7324,normal,0.0,normal,0.0,NORMAL,38.0,0.27,100,pothole,YES,PASS,0.0,0.842,0.011,0.0,
17:00:50.893,1.0125,1.0153,1.003,4.4648,pothole,0.7324,normal,0.0,normal,0.0,CAUTION,44.0,0.31,85,pothole,NO,BLOCKED,0.0,0.977,0.005,0.0,
17:00:51.058,1.0593,1.0084,1.0072,4.4648,pothole,0.7324,normal,0.0,normal,0.0,CAUTION,45.1,0.32,84,pothole,NO,BLOCKED,0.0,1.0,0.024,0.0,
17:00:51.236,1.0095,1.01,1.0043,4.4648,pothole,0.7324,normal,0.0,normal,0.0,CAUTION,45.0,0.32,84,pothole,NO,BLOCKED,0.0,1.0,0.004,0.0,
17:00:51.406,1.0129,1.0088,1.0098,0.0,normal,0.0,normal,0.0,normal,0.0,CAUTION,37.7,0.26,87,braking,NO,BLOCKED,0.0,0.837,0.005,0.0,
17:00:51.572,1.0227,1.0023,1.0093,0.0,normal,0.0,normal,0.0,normal,0.0,CAUTION,27.5,0.19,90,braking,NO,BLOCKED,0.0,0.611,0.009,0.0,
17:00:51.750,1.0149,1.0059,1.0101,0.0,normal,0.0,normal,0.0,normal,0.0,CAUTION,20.1,0.0,100,braking,NO,BLOCKED,0.0,0.446,0.006,0.0,
17:00:51.931,1.0139,1.0078,1.011,0.0,normal,0.0,normal,0.0,normal,0.0,CAUTION,14.7,0.0,100,braking,NO,BLOCKED,0.0,0.325,0.006,0.0,
17:00:52.112,1.0318,1.0051,1.0079,0.0,normal,0.0,normal,0.0,normal,0.0,NORMAL,10.7,0.0,100,normal,YES,PASS,0.0,0.237,0.013,0.0,
17:00:52.286,1.0091,1.0046,1.0071,0.0,normal,0.0,normal,0.0,normal,0.0,NORMAL,7.8,0.0,100,normal,YES,PASS,0.0,0.173,0.004,0.0,
17:00:52.463,1.0161,1.0092,1.01,0.0,normal,0.0,normal,0.0,normal,0.0,NORMAL,5.7,0.0,100,normal,YES,PASS,0.0,0.126,0.006,0.0,
17:00:52.644,1.0477,1.0086,1.0146,0.0,normal,0.0,normal,0.0,normal,0.0,NORMAL,4.2,0.0,100,normal,YES,PASS,0.0,0.092,0.019,0.0,
17:00:52.818,1.0397,1.0171,1.004,0.0,normal,0.0,normal,0.0,normal,0.0,NORMAL,3.1,0.0,100,normal,YES,PASS,0.0,0.067,0.016,0.0,
17:00:52.998,1.0091,1.0001,1.0101,0.0,normal,0.0,normal,0.0,normal,0.0,NORMAL,2.2,0.0,100,normal,YES,PASS,0.0,0.049,0.004,0.0,
17:00:53.187,1.015,1.0121,1.0151,0.0,normal,0.0,normal,0.0,normal,0.0,NORMAL,1.6,0.0,100,normal,YES,PASS,0.0,0.036,0.006,0.0,
17:00:53.366,1.0507,1.0001,1.0067,0.0,normal,0.0,normal,0.0,normal,0.0,NORMAL,1.3,0.0,100,normal,YES,PASS,0.0,0.026,0.02,0.0,
17:00:53.535,1.0622,1.0111,1.0108,5.0,pothole,1.0,normal,0.0,normal,0.0,NORMAL,19.2,0.0,100,pothole,YES,PASS,0.0,0.424,0.025,0.0,
17:00:53.696,1.0181,1.0098,1.006,0.0,normal,0.0,normal,0.0,normal,0.0,NORMAL,14.0,0.0,100,normal,YES,PASS,0.0,0.31,0.007,0.0,
17:00:53.874,1.0137,1.0096,1.0009,0.0,normal,0.0,normal,0.0,normal,0.0,NORMAL,10.2,0.0,100,normal,YES,PASS,0.0,0.226,0.005,0.0,
17:00:54.059,1.0162,1.0055,1.0054,0.0,normal,0.0,normal,0.0,normal,0.0,NORMAL,7.5,0.0,100,normal,YES,PASS,0.0,0.165,0.006,0.0,
17:00:54.237,1.0189,1.0011,1.0037,0.0,normal,0.0,normal,0.0,normal,0.0,NORMAL,5.5,0.0,100,normal,YES,PASS,0.0,0.12,0.008,0.0,
17:00:54.423,1.0303,1.0057,1.01,0.0,normal,0.0,normal,0.0,normal,0.0,NORMAL,4.0,0.0,100,normal,YES,PASS,0.0,0.088,0.012,0.0,
17:00:54.640,1.0551,1.0066,1.0075,0.0,normal,0.0,normal,0.0,normal,0.0,NORMAL,3.0,0.0,100,normal,YES,PASS,0.0,0.064,0.022,0.0,
17:00:54.801,1.008,1.0076,1.0106,0.0,normal,0.0,normal,0.0,normal,0.0,NORMAL,2.1,0.0,100,normal,YES,PASS,0.0,0.047,0.003,0.0,
17:00:54.983,1.0097,1.0075,1.0019,5.0,pothole,1.0,normal,0.0,normal,0.0,NORMAL,19.8,0.0,100,pothole,YES,PASS,0.0,0.439,0.004,0.0,
17:00:55.172,1.0309,1.0057,1.0156,0.0,normal,0.0,normal,0.0,normal,0.0,NORMAL,14.5,0.0,100,normal,YES,PASS,0.0,0.321,0.012,0.0,
17:00:55.357,1.0348,1.0006,1.0038,0.0,normal,0.0,normal,0.0,normal,0.0,NORMAL,10.6,0.0,100,normal,YES,PASS,0.0,0.234,0.014,0.0,
17:00:55.528,1.0204,1.0062,1.008,0.0,normal,0.0,normal,0.0,normal,0.0,NORMAL,7.7,0.0,100,normal,YES,PASS,0.0,0.171,0.008,0.0,
17:00:55.709,1.0011,1.0107,1.0019,0.0,normal,0.0,normal,0.0,normal,0.0,NORMAL,5.6,0.0,100,normal,YES,PASS,0.0,0.125,0.0,0.0,
17:00:55.870,1.0304,1.0009,1.0055,0.0,normal,0.0,normal,0.0,normal,0.0,NORMAL,4.2,0.0,100,normal,YES,PASS,0.0,0.091,0.012,0.0,
17:00:56.051,1.0175,1.0017,1.0038,0.0,normal,0.0,normal,0.0,normal,0.0,NORMAL,3.0,0.0,100,normal,YES,PASS,0.0,0.066,0.007,0.0,
17:00:56.241,1.0467,1.0098,1.001,0.0,normal,0.0,normal,0.0,normal,0.0,NORMAL,2.3,0.0,100,normal,YES,PASS,0.0,0.048,0.019,0.0,
17:00:56.419,1.0067,1.0081,1.0108,0.0,normal,0.0,normal,0.0,normal,0.0,NORMAL,1.6,0.0,100,normal,YES,PASS,0.0,0.035,0.003,0.0,
17:00:56.590,1.02,1.0038,1.0052,0.0,normal,0.0,normal,0.0,normal,0.0,NORMAL,1.2,0.0,100,normal,YES,PASS,0.0,0.026,0.008,0.0,
17:00:56.763,1.0142,1.0039,1.01,0.0,normal,0.0,normal,0.0,normal,0.0,NORMAL,0.9,0.0,100,normal,YES,PASS,0.0,0.019,0.006,0.0,
17:00:56.921,1.0511,1.006,1.0013,0.0,normal,0.0,normal,0.0,normal,0.0,NORMAL,0.7,0.0,100,normal,YES,PASS,0.0,0.014,0.02,0.0,
17:00:57.096,1.0184,1.0031,1.0113,0.0,normal,0.0,normal,0.0,normal,0.0,NORMAL,0.5,0.0,100,normal,YES,PASS,0.0,0.01,0.007,0.0,
17:00:57.290,1.029,1.0085,1.0011,0.0,normal,0.0,normal,0.0,normal,0.0,NORMAL,0.4,0.0,100,normal,YES,PASS,0.0,0.007,0.012,0.0,
17:00:57.502,1.036,1.0162,1.005,0.0,normal,0.0,normal,0.0,normal,0.0,NORMAL,0.3,0.0,100,normal,YES,PASS,0.0,0.005,0.014,0.0,
17:00:57.700,1.0214,1.0041,1.0128,0.0,normal,0.0,normal,0.0,normal,0.0,NORMAL,0.2,0.0,100,normal,YES,PASS,0.0,0.004,0.009,0.0,
17:00:57.882,1.0217,1.0024,1.0104,0.0,normal,0.0,normal,0.0,normal,0.0,NORMAL,0.2,0.0,100,normal,YES,PASS,0.0,0.003,0.009,0.0,
17:00:58.055,1.0111,1.0008,1.0064,0.0,normal,0.0,normal,0.0,normal,0.0,NORMAL,0.1,0.0,100,normal,YES,PASS,0.0,0.002,0.004,0.0,
17:00:58.243,1.0056,1.0092,1.0056,0.0,normal,0.0,normal,0.0,normal,0.0,NORMAL,0.1,0.0,100,normal,YES,PASS,0.0,0.002,0.002,0.0,
17:00:58.436,1.0624,1.0138,1.0172,0.0,normal,0.0,normal,0.0,normal,0.0,NORMAL,0.2,0.0,100,normal,YES,PASS,0.0,0.001,0.025,0.0,
17:00:58.618,1.0481,1.0128,1.0041,0.0,normal,0.0,normal,0.0,normal,0.0,NORMAL,0.1,0.0,100,normal,YES,PASS,0.0,0.001,0.019,0.0,
17:00:58.793,1.065,1.0036,1.0127,0.0,normal,0.0,normal,0.0,normal,0.0,NORMAL,0.2,0.0,100,normal,YES,PASS,0.0,0.001,0.026,0.0,
17:00:58.971,1.0136,1.0031,1.014,0.0,normal,0.0,normal,0.0,normal,0.0,NORMAL,0.0,0.0,100,normal,YES,PASS,0.0,0.0,0.005,0.0,
17:00:59.141,1.0506,1.0087,1.0057,0.0,normal,0.0,normal,0.0,normal,0.0,NORMAL,0.1,0.0,100,normal,YES,PASS,0.0,0.0,0.02,0.0,
17:00:59.318,1.061,1.011,1.0104,0.0,normal,0.0,normal,0.0,normal,0.0,NORMAL,0.1,0.0,100,normal,YES,PASS,0.0,0.0,0.024,0.0,
17:00:59.508,1.0284,1.0119,1.0043,0.0,normal,0.0,normal,0.0,normal,0.0,NORMAL,0.1,0.0,100,normal,YES,PASS,0.0,0.0,0.011,0.0,
17:00:59.703,1.0498,1.0116,1.0041,0.0,normal,0.0,normal,0.0,normal,0.0,NORMAL,0.1,0.0,100,normal,YES,PASS,0.0,0.0,0.02,0.0,
17:00:59.888,1.0625,1.0008,1.0034,0.0,normal,0.0,normal,0.0,normal,0.0,NORMAL,0.1,0.0,100,normal,YES,PASS,0.0,0.0,0.025,0.0,
17:01:00.071,1.0576,1.0023,1.0091,4.5915,pothole,0.7957,normal,0.0,normal,0.0,NORMAL,16.9,0.0,100,pothole,YES,PASS,0.0,0.372,0.023,0.0,
17:01:00.247,1.0532,1.0033,1.0135,4.5915,pothole,0.7957,normal,0.0,normal,0.0,NORMAL,29.1,0.2,100,pothole,YES,PASS,0.0,0.644,0.021,0.0,
17:01:00.419,1.0055,1.0109,1.0097,4.5915,pothole,0.7957,normal,0.0,normal,0.0,NORMAL,37.9,0.27,100,pothole,YES,PASS,0.0,0.842,0.002,0.0,
17:01:00.596,1.0201,1.0024,1.0129,0.0,normal,0.0,normal,0.0,normal,0.0,CAUTION,27.7,0.19,90,braking,NO,BLOCKED,0.0,0.615,0.008,0.0,
17:01:00.771,1.008,1.0003,1.0062,0.0,normal,0.0,normal,0.0,normal,0.0,CAUTION,20.2,0.0,100,braking,NO,BLOCKED,0.0,0.448,0.003,0.0,
17:01:00.953,1.0045,1.0058,1.0055,0.0,normal,0.0,normal,0.0,normal,0.0,CAUTION,14.7,0.0,100,braking,NO,BLOCKED,0.0,0.327,0.002,0.0,
17:01:01.134,1.0712,1.0135,1.0047,0.0,normal,0.0,normal,0.0,normal,0.0,NORMAL,10.9,0.0,100,normal,YES,PASS,0.0,0.239,0.028,0.0,
17:01:01.306,1.0247,1.0141,1.0098,0.0,normal,0.0,normal,0.0,normal,0.0,NORMAL,7.9,0.0,100,normal,YES,PASS,0.0,0.174,0.01,0.0,
17:01:01.494,1.0116,1.0063,1.0115,0.0,normal,0.0,normal,0.0,normal,0.0,NORMAL,5.7,0.0,100,normal,YES,PASS,0.0,0.127,0.005,0.0,
17:01:01.673,1.0289,1.0072,1.0073,0.0,normal,0.0,normal,0.0,normal,0.0,NORMAL,4.2,0.0,100,normal,YES,PASS,0.0,0.093,0.012,0.0,
17:01:01.861,1.0624,1.0136,1.0067,4.5915,pothole,0.7957,normal,0.0,normal,0.0,NORMAL,19.9,0.0,100,pothole,YES,PASS,0.0,0.44,0.025,0.0,
17:01:02.035,1.017,1.0011,1.0014,0.0,normal,0.0,normal,0.0,normal,0.0,NORMAL,14.5,0.0,100,normal,YES,PASS,0.0,0.321,0.007,0.0,
17:01:02.208,1.0656,1.0039,1.0018,0.0,normal,0.0,normal,0.0,normal,0.0,NORMAL,10.7,0.0,100,normal,YES,PASS,0.0,0.234,0.026,0.0,
17:01:02.383,1.0415,1.0037,1.0127,4.336,pothole,0.668,normal,0.0,normal,0.0,NORMAL,23.6,0.0,100,pothole,YES,PASS,0.0,0.522,0.017,0.0,
17:01:02.576,1.0133,1.0089,1.009,4.336,pothole,0.668,normal,0.0,normal,0.0,NORMAL,33.0,0.23,100,pothole,YES,PASS,0.0,0.733,0.005,0.0,
17:01:02.758,1.0006,1.0104,1.0092,4.336,pothole,0.668,normal,0.0,normal,0.0,NORMAL,39.9,0.28,100,pothole,YES,PASS,0.0,0.886,0.0,0.0,
17:01:02.933,1.0352,1.008,1.0018,4.336,pothole,0.668,normal,0.0,normal,0.0,CAUTION,45.0,0.31,84,pothole,NO,BLOCKED,0.0,0.998,0.014,0.0,
17:01:03.097,1.0059,1.0024,1.0129,4.336,pothole,0.668,normal,0.0,normal,0.0,CAUTION,45.0,0.32,84,pothole,NO,BLOCKED,0.0,1.0,0.002,0.0,
17:01:03.272,1.037,1.0109,1.0065,4.336,pothole,0.668,normal,0.0,normal,0.0,CAUTION,45.1,0.32,84,pothole,NO,BLOCKED,0.0,1.0,0.015,0.0,
17:01:03.437,1.0086,1.0078,1.0083,4.336,pothole,0.668,normal,0.0,normal,0.0,CAUTION,45.0,0.32,84,pothole,NO,BLOCKED,0.0,1.0,0.003,0.0,
17:01:03.615,1.0277,1.01,1.0038,0.0,normal,0.0,normal,0.0,normal,0.0,CAUTION,38.9,0.27,86,braking,NO,BLOCKED,0.0,0.864,0.011,0.0,
17:01:03.795,1.0221,1.014,1.0081,0.0,normal,0.0,normal,0.0,normal,0.0,CAUTION,28.4,0.2,90,braking,NO,BLOCKED,0.0,0.63,0.009,0.0,
17:01:03.968,1.0618,1.0065,1.0106,0.0,normal,0.0,normal,0.0,normal,0.0,CAUTION,20.8,0.0,100,braking,NO,BLOCKED,0.0,0.46,0.025,0.0,
17:01:04.163,1.0693,1.0129,1.008,0.0,normal,0.0,normal,0.0,normal,0.0,CAUTION,15.2,0.0,100,braking,NO,BLOCKED,0.0,0.336,0.028,0.0,
17:01:04.339,1.0113,1.0095,1.0037,0.0,normal,0.0,normal,0.0,normal,0.0,NORMAL,11.0,0.0,100,normal,YES,PASS,0.0,0.245,0.005,0.0,
17:01:04.503,1.0153,1.0043,1.0018,0.0,normal,0.0,normal,0.0,normal,0.0,NORMAL,8.1,0.0,100,normal,YES,PASS,0.0,0.179,0.006,0.0,
17:01:04.681,1.0174,1.0008,1.0069,0.0,normal,0.0,normal,0.0,normal,0.0,NORMAL,5.9,0.0,100,normal,YES,PASS,0.0,0.131,0.007,0.0,
17:01:04.873,1.0536,1.0155,1.0026,0.0,normal,0.0,normal,0.0,normal,0.0,NORMAL,4.4,0.0,100,normal,YES,PASS,0.0,0.095,0.021,0.0,
17:01:05.064,1.007,1.0102,1.0131,0.0,normal,0.0,normal,0.0,normal,0.0,NORMAL,3.1,0.0,100,normal,YES,PASS,0.0,0.07,0.003,0.0,
17:01:05.241,1.0061,1.0115,1.0135,0.0,normal,0.0,normal,0.0,normal,0.0,NORMAL,2.3,0.0,100,normal,YES,PASS,0.0,0.051,0.002,0.0,
17:01:05.424,1.0486,1.01,1.0003,0.0,normal,0.0,normal,0.0,normal,0.0,NORMAL,1.8,0.0,100,normal,YES,PASS,0.0,0.037,0.019,0.0,
17:01:05.599,1.0572,1.0062,1.0039,0.0,normal,0.0,normal,0.0,normal,0.0,NORMAL,1.3,0.0,100,normal,YES,PASS,0.0,0.027,0.023,0.0,
17:01:05.779,1.0342,1.004,1.0005,0.0,normal,0.0,normal,0.0,normal,0.0,NORMAL,1.0,0.0,100,normal,YES,PASS,0.0,0.02,0.014,0.0,
17:01:05.972,1.0221,1.0111,1.0011,0.0,normal,0.0,normal,0.0,normal,0.0,NORMAL,0.7,0.0,100,normal,YES,PASS,0.0,0.014,0.009,0.0,
17:01:06.152,1.0396,1.0048,1.0086,0.0,normal,0.0,normal,0.0,normal,0.0,NORMAL,0.6,0.0,100,normal,YES,PASS,0.0,0.011,0.016,0.0,
17:01:06.333,1.0247,1.0074,1.0012,0.0,normal,0.0,normal,0.0,normal,0.0,NORMAL,0.4,0.0,100,normal,YES,PASS,0.0,0.008,0.01,0.0,
17:01:06.518,1.0132,1.0074,1.0121,0.0,normal,0.0,normal,0.0,normal,0.0,NORMAL,0.3,0.0,100,normal,YES,PASS,0.0,0.006,0.005,0.0,
17:01:06.685,1.0148,1.0109,1.011,0.0,normal,0.0,normal,0.0,normal,0.0,NORMAL,0.2,0.0,100,normal,YES,PASS,0.0,0.004,0.006,0.0,
17:01:06.861,1.046,1.0011,1.0041,0.0,normal,0.0,normal,0.0,normal,0.0,NORMAL,0.2,0.0,100,normal,YES,PASS,0.0,0.003,0.018,0.0,
17:01:07.063,1.0209,1.0124,1.0129,0.0,normal,0.0,normal,0.0,normal,0.0,NORMAL,0.1,0.0,100,normal,YES,PASS,0.0,0.002,0.008,0.0,
17:01:07.254,1.0581,1.0015,1.0037,0.0,normal,0.0,normal,0.0,normal,0.0,NORMAL,0.2,0.0,100,normal,YES,PASS,0.0,0.002,0.023,0.0,
17:01:07.434,1.039,1.0041,1.0102,0.0,normal,0.0,normal,0.0,normal,0.0,NORMAL,0.1,0.0,100,normal,YES,PASS,0.0,0.001,0.016,0.0,
17:01:07.620,1.0077,1.0037,1.0114,0.0,normal,0.0,normal,0.0,normal,0.0,NORMAL,0.1,0.0,100,normal,YES,PASS,0.0,0.001,0.003,0.0,
17:01:07.814,1.01,1.0027,1.001,0.0,normal,0.0,normal,0.0,normal,0.0,NORMAL,0.0,0.0,100,normal,YES,PASS,0.0,0.001,0.004,0.0,
17:01:08.024,1.0192,1.0111,1.0128,0.0,normal,0.0,normal,0.0,normal,0.0,NORMAL,0.1,0.0,100,normal,YES,PASS,0.0,0.0,0.008,0.0,
17:01:08.210,1.0113,1.003,1.0083,0.0,normal,0.0,normal,0.0,normal,0.0,NORMAL,0.0,0.0,100,normal,YES,PASS,0.0,0.0,0.005,0.0,
17:01:08.394,1.0157,1.0034,1.0061,0.0,normal,0.0,normal,0.0,normal,0.0,NORMAL,0.0,0.0,100,normal,YES,PASS,0.0,0.0,0.006,0.0,
17:01:08.577,1.026,1.0011,1.0099,0.0,normal,0.0,normal,0.0,normal,0.0,NORMAL,0.1,0.0,100,normal,YES,PASS,0.0,0.0,0.01,0.0,
17:01:08.758,1.011,1.0088,1.0085,0.0,normal,0.0,normal,0.0,normal,0.0,NORMAL,0.0,0.0,100,normal,YES,PASS,0.0,0.0,0.004,0.0,
17:01:08.937,1.0168,1.0102,1.0044,0.0,normal,0.0,normal,0.0,normal,0.0,NORMAL,0.0,0.0,100,normal,YES,PASS,0.0,0.0,0.007,0.0,
17:01:09.110,1.0543,1.002,1.0117,0.0,normal,0.0,normal,0.0,normal,0.0,NORMAL,0.1,0.0,100,normal,YES,PASS,0.0,0.0,0.022,0.0,
17:01:09.302,1.0624,1.0052,1.0084,0.0,normal,0.0,normal,0.0,normal,0.0,NORMAL,0.1,0.0,100,normal,YES,PASS,0.0,0.0,0.025,0.0,
17:01:09.487,1.0287,1.0118,1.0092,0.0,normal,0.0,normal,0.0,normal,0.0,NORMAL,0.1,0.0,100,normal,YES,PASS,0.0,0.0,0.011,0.0,
17:01:09.668,1.0096,1.0016,1.0113,0.0,normal,0.0,normal,0.0,normal,0.0,NORMAL,0.0,0.0,100,normal,YES,PASS,0.0,0.0,0.004,0.0,
17:01:09.849,1.0006,1.0072,1.0051,0.0,normal,0.0,normal,0.0,normal,0.0,NORMAL,0.0,0.0,100,normal,YES,PASS,0.0,0.0,0.0,0.0,
17:01:10.027,1.063,1.0087,1.0043,0.0,normal,0.0,normal,0.0,normal,0.0,NORMAL,0.1,0.0,100,normal,YES,PASS,0.0,0.0,0.025,0.0,
17:01:10.211,1.0271,1.014,1.001,0.0,normal,0.0,normal,0.0,normal,0.0,NORMAL,0.1,0.0,100,normal,YES,PASS,0.0,0.0,0.011,0.0,
17:01:10.401,1.0332,1.0003,1.0065,0.0,normal,0.0,normal,0.0,normal,0.0,NORMAL,0.1,0.0,100,normal,YES,PASS,0.0,0.0,0.013,0.0,
17:01:10.595,1.0539,1.0066,1.0003,0.0,normal,0.0,normal,0.0,normal,0.0,NORMAL,0.1,0.0,100,normal,YES,PASS,0.0,0.0,0.022,0.0,
17:01:10.767,1.0113,1.012,1.015,0.0,normal,0.0,normal,0.0,normal,0.0,NORMAL,0.0,0.0,100,normal,YES,PASS,0.0,0.0,0.005,0.0,
17:01:10.938,1.0722,1.0011,1.0043,0.0,normal,0.0,normal,0.0,normal,0.0,NORMAL,0.1,0.0,100,normal,YES,PASS,0.0,0.0,0.029,0.0,
17:01:11.109,1.0238,1.0123,1.0004,0.0,normal,0.0,normal,0.0,normal,0.0,NORMAL,0.0,0.0,100,normal,YES,PASS,0.0,0.0,0.01,0.0,
17:01:11.284,1.0443,1.0092,1.0021,4.5987,pothole,0.7994,normal,0.0,normal,0.0,NORMAL,16.9,0.0,100,pothole,YES,PASS,0.0,0.373,0.018,0.0,
17:01:11.474,1.0103,1.0048,1.0045,4.5987,pothole,0.7994,normal,0.0,normal,0.0,NORMAL,29.0,0.2,100,pothole,YES,PASS,0.0,0.645,0.004,0.0,
17:01:11.648,1.0418,1.0027,1.0025,5.0,pothole,1.0,normal,0.0,normal,0.0,NORMAL,39.5,0.28,100,pothole,YES,PASS,0.0,0.876,0.017,0.0,
17:01:11.827,1.044,1.0067,1.0034,5.0,pothole,1.0,normal,0.0,normal,0.0,CAUTION,45.1,0.32,84,pothole,NO,BLOCKED,0.0,1.0,0.018,0.0,
17:01:11.984,1.0335,1.0077,1.005,5.0,pothole,1.0,normal,0.0,normal,0.0,CAUTION,45.1,0.32,84,pothole,NO,BLOCKED,0.0,1.0,0.013,0.0,
17:01:12.146,1.0115,1.0017,1.0006,5.0,pothole,1.0,normal,0.0,normal,0.0,CAUTION,45.0,0.32,84,pothole,NO,BLOCKED,0.0,1.0,0.005,0.0,
17:01:12.318,1.0341,1.0036,1.011,5.0,pothole,1.0,normal,0.0,normal,0.0,CAUTION,45.1,0.32,84,pothole,NO,BLOCKED,0.0,1.0,0.014,0.0,
17:01:12.493,1.0172,1.0081,1.0147,0.0,normal,0.0,normal,0.0,normal,0.0,CAUTION,43.5,0.3,85,braking,NO,BLOCKED,0.0,0.966,0.007,0.0,
17:01:12.660,1.0561,1.005,1.0079,0.0,normal,0.0,normal,0.0,normal,0.0,CAUTION,31.8,0.22,89,braking,NO,BLOCKED,0.0,0.705,0.022,0.0,
17:01:12.838,1.0619,1.0009,1.0071,0.0,normal,0.0,normal,0.0,normal,0.0,CAUTION,23.3,0.0,100,braking,NO,BLOCKED,0.0,0.514,0.025,0.0,
17:01:13.046,1.0269,1.0072,1.0112,0.0,normal,0.0,normal,0.0,normal,0.0,CAUTION,16.9,0.0,100,braking,NO,BLOCKED,0.0,0.375,0.011,0.0,
17:01:13.225,1.0205,1.0093,1.0071,0.0,normal,0.0,normal,0.0,normal,0.0,NORMAL,12.4,0.0,100,normal,YES,PASS,0.0,0.274,0.008,0.0,
17:01:13.390,1.0329,1.008,1.0101,0.0,normal,0.0,normal,0.0,normal,0.0,NORMAL,9.1,0.0,100,normal,YES,PASS,0.0,0.2,0.013,0.0,
17:01:13.573,1.0311,1.0039,1.0099,0.0,normal,0.0,normal,0.0,normal,0.0,NORMAL,6.6,0.0,100,normal,YES,PASS,0.0,0.146,0.012,0.0,
17:01:13.759,1.0547,1.0034,1.0139,0.0,normal,0.0,normal,0.0,normal,0.0,NORMAL,4.9,0.0,100,normal,YES,PASS,0.0,0.107,0.022,0.0,
17:01:13.934,1.0132,1.0086,1.0116,0.0,normal,0.0,normal,0.0,normal,0.0,NORMAL,3.5,0.0,100,normal,YES,PASS,0.0,0.078,0.005,0.0,
17:01:14.111,1.0517,1.009,1.0062,0.0,normal,0.0,normal,0.0,normal,0.0,NORMAL,2.7,0.0,100,normal,YES,PASS,0.0,0.057,0.021,0.0,
17:01:14.281,1.0646,1.0082,1.0089,0.0,normal,0.0,normal,0.0,normal,0.0,NORMAL,2.0,0.0,100,normal,YES,PASS,0.0,0.041,0.026,0.0,
17:01:14.463,1.0436,1.0016,1.0002,0.0,normal,0.0,normal,0.0,normal,0.0,NORMAL,1.4,0.0,100,normal,YES,PASS,0.0,0.03,0.017,0.0,
17:01:14.660,1.0137,1.0068,1.0109,0.0,normal,0.0,normal,0.0,normal,0.0,NORMAL,1.0,0.0,100,normal,YES,PASS,0.0,0.022,0.005,0.0,
17:01:14.848,1.0012,1.0111,1.009,0.0,normal,0.0,normal,0.0,normal,0.0,NORMAL,0.7,0.0,100,normal,YES,PASS,0.0,0.016,0.0,0.0,
17:01:15.031,1.0093,1.0013,1.0123,0.0,normal,0.0,normal,0.0,normal,0.0,NORMAL,0.5,0.0,100,normal,YES,PASS,0.0,0.012,0.004,0.0,
17:01:15.209,1.0573,1.0011,1.0099,0.0,normal,0.0,normal,0.0,normal,0.0,NORMAL,0.5,0.0,100,normal,YES,PASS,0.0,0.009,0.023,0.0,
17:01:15.382,1.0645,1.0116,1.0105,0.0,normal,0.0,normal,0.0,normal,0.0,NORMAL,0.4,0.0,100,normal,YES,PASS,0.0,0.006,0.026,0.0,
17:01:15.574,1.0121,1.0062,1.0029,0.0,normal,0.0,normal,0.0,normal,0.0,NORMAL,0.2,0.0,100,normal,YES,PASS,0.0,0.005,0.005,0.0,
17:01:15.764,1.0142,1.0142,1.003,0.0,normal,0.0,normal,0.0,normal,0.0,NORMAL,0.2,0.0,100,normal,YES,PASS,0.0,0.003,0.006,0.0,
17:01:15.953,1.0619,1.0078,1.0075,0.0,normal,0.0,normal,0.0,normal,0.0,NORMAL,0.2,0.0,100,normal,YES,PASS,0.0,0.002,0.025,0.0,
17:01:16.125,1.059,1.0115,1.0012,0.0,normal,0.0,normal,0.0,normal,0.0,NORMAL,0.2,0.0,100,normal,YES,PASS,0.0,0.002,0.024,0.0,
17:01:16.307,1.0142,1.0069,1.0058,0.0,normal,0.0,normal,0.0,normal,0.0,NORMAL,0.1,0.0,100,normal,YES,PASS,0.0,0.001,0.006,0.0,
17:01:16.476,1.0108,1.0034,1.0075,0.0,normal,0.0,normal,0.0,normal,0.0,NORMAL,0.1,0.0,100,normal,YES,PASS,0.0,0.001,0.004,0.0,
17:01:16.651,1.0348,1.0024,1.0096,0.0,normal,0.0,normal,0.0,normal,0.0,NORMAL,0.1,0.0,100,normal,YES,PASS,0.0,0.001,0.014,0.0,
17:01:16.836,1.0557,1.0034,1.0057,0.0,normal,0.0,normal,0.0,normal,0.0,NORMAL,0.1,0.0,100,normal,YES,PASS,0.0,0.001,0.022,0.0,
17:01:17.024,1.0307,1.0134,1.0069,0.0,normal,0.0,normal,0.0,normal,0.0,NORMAL,0.1,0.0,100,normal,YES,PASS,0.0,0.0,0.012,0.0,
17:01:17.217,1.0124,1.001,1.0078,0.0,normal,0.0,normal,0.0,normal,0.0,NORMAL,0.0,0.0,100,normal,YES,PASS,0.0,0.0,0.005,0.0,
17:01:17.398,1.0429,1.0105,1.012,0.0,normal,0.0,normal,0.0,normal,0.0,NORMAL,0.1,0.0,100,normal,YES,PASS,0.0,0.0,0.017,0.0,
17:01:17.581,1.0319,1.0055,1.0005,0.0,normal,0.0,normal,0.0,normal,0.0,NORMAL,0.1,0.0,100,normal,YES,PASS,0.0,0.0,0.013,0.0,
17:01:17.755,1.0263,1.0114,1.0083,0.0,normal,0.0,normal,0.0,normal,0.0,NORMAL,0.1,0.0,100,normal,YES,PASS,0.0,0.0,0.011,0.0,
17:01:17.962,1.0004,1.0091,1.0008,0.0,normal,0.0,normal,0.0,normal,0.0,NORMAL,0.0,0.0,100,normal,YES,PASS,0.0,0.0,0.0,0.0,
17:01:18.142,1.0209,1.0102,1.0113,0.0,normal,0.0,normal,0.0,normal,0.0,NORMAL,0.0,0.0,100,normal,YES,PASS,0.0,0.0,0.008,0.0,
17:01:18.314,1.0063,1.0104,1.0057,0.0,normal,0.0,normal,0.0,normal,0.0,NORMAL,0.0,0.0,100,normal,YES,PASS,0.0,0.0,0.003,0.0,
17:01:18.497,1.0155,1.0052,1.0014,0.0,normal,0.0,normal,0.0,normal,0.0,NORMAL,0.0,0.0,100,normal,YES,PASS,0.0,0.0,0.006,0.0,
17:01:18.670,1.0032,1.0134,1.009,0.0,normal,0.0,normal,0.0,normal,0.0,NORMAL,0.0,0.0,100,normal,YES,PASS,0.0,0.0,0.001,0.0,
17:01:18.843,1.0221,1.0024,1.0033,0.0,normal,0.0,normal,0.0,normal,0.0,NORMAL,0.0,0.0,100,normal,YES,PASS,0.0,0.0,0.009,0.0,
17:01:19.047,1.0177,1.0113,1.0071,0.0,normal,0.0,normal,0.0,normal,0.0,NORMAL,0.0,0.0,100,normal,YES,PASS,0.0,0.0,0.007,0.0,
17:01:19.234,1.0528,1.0115,1.0085,4.9604,pothole,0.9802,normal,0.0,normal,0.0,NORMAL,18.2,0.0,100,pothole,YES,PASS,0.0,0.402,0.021,0.0,
17:01:19.413,1.0649,1.008,1.0127,4.9604,pothole,0.9802,normal,0.0,normal,0.0,NORMAL,31.4,0.22,100,pothole,YES,PASS,0.0,0.695,0.026,0.0,
17:01:19.583,1.0331,1.0118,1.0101,4.9604,pothole,0.9802,normal,0.0,normal,0.0,NORMAL,41.0,0.29,100,pothole,YES,PASS,0.0,0.91,0.013,0.0,
17:01:19.753,1.0179,1.0048,1.0033,4.9604,pothole,0.9802,normal,0.0,normal,0.0,CAUTION,45.0,0.32,84,pothole,NO,BLOCKED,0.0,1.0,0.007,0.0,
17:01:19.925,1.0327,1.0055,1.0114,4.9604,pothole,0.9802,normal,0.0,normal,0.0,CAUTION,45.1,0.32,84,pothole,NO,BLOCKED,0.0,1.0,0.013,0.0,
17:01:20.099,1.0085,1.0128,1.0071,4.9604,pothole,0.9802,normal,0.0,normal,0.0,CAUTION,45.0,0.32,84,pothole,NO,BLOCKED,0.0,1.0,0.003,0.0,
17:01:20.277,1.0083,1.007,1.0041,4.9604,pothole,0.9802,normal,0.0,normal,0.0,CAUTION,45.0,0.32,84,pothole,NO,BLOCKED,0.0,1.0,0.003,0.0,
17:01:20.453,1.0241,1.0064,1.0026,0.0,normal,0.0,normal,0.0,normal,0.0,CAUTION,43.5,0.3,85,braking,NO,BLOCKED,0.0,0.966,0.01,0.0,
17:01:20.629,1.0352,1.0086,1.0073,0.0,normal,0.0,normal,0.0,normal,0.0,CAUTION,31.8,0.22,89,braking,NO,BLOCKED,0.0,0.705,0.014,0.0,
17:01:20.802,1.027,1.0003,1.0043,0.0,normal,0.0,normal,0.0,normal,0.0,CAUTION,23.2,0.0,100,braking,NO,BLOCKED,0.0,0.515,0.011,0.0,
17:01:20.979,1.057,1.0018,1.0061,0.0,normal,0.0,normal,0.0,normal,0.0,CAUTION,17.0,0.0,100,braking,NO,BLOCKED,0.0,0.376,0.023,0.0,
17:01:21.145,1.0146,1.0036,1.0042,0.0,normal,0.0,normal,0.0,normal,0.0,NORMAL,12.4,0.0,100,normal,YES,PASS,0.0,0.274,0.006,0.0,
17:01:21.321,1.0173,1.0057,1.0061,0.0,normal,0.0,normal,0.0,normal,0.0,NORMAL,9.0,0.0,100,normal,YES,PASS,0.0,0.2,0.007,0.0,
17:01:21.513,1.0075,1.0071,1.0169,0.0,normal,0.0,normal,0.0,normal,0.0,NORMAL,6.6,0.0,100,normal,YES,PASS,0.0,0.146,0.003,0.0,
17:01:21.695,1.0489,1.0135,1.0073,0.0,normal,0.0,normal,0.0,normal,0.0,NORMAL,4.9,0.0,100,normal,YES,PASS,0.0,0.107,0.02,0.0,
17:01:21.874,1.0257,1.0042,1.0144,0.0,normal,0.0,normal,0.0,normal,0.0,NORMAL,3.6,0.0,100,normal,YES,PASS,0.0,0.078,0.01,0.0,
17:01:22.036,1.0318,1.0087,1.0064,4.7802,pothole,0.8901,normal,0.0,normal,0.0,NORMAL,20.1,0.0,100,pothole,YES,PASS,0.0,0.444,0.013,0.0,
17:01:22.225,1.0655,1.0047,1.0064,4.7802,pothole,0.8901,normal,0.0,normal,0.0,NORMAL,32.2,0.23,100,pothole,YES,PASS,0.0,0.712,0.026,0.0,
17:01:22.401,1.0119,1.0063,1.002,0.0,normal,0.0,normal,0.0,normal,0.0,NORMAL,23.4,0.0,100,normal,YES,PASS,0.0,0.519,0.005,0.0,
17:01:22.571,1.0413,1.0101,1.0108,0.0,normal,0.0,normal,0.0,normal,0.0,NORMAL,17.1,0.0,100,normal,YES,PASS,0.0,0.379,0.017,0.0,
17:01:22.738,1.0582,1.0054,1.0128,4.7802,pothole,0.8901,normal,0.0,normal,0.0,NORMAL,30.0,0.21,100,pothole,YES,PASS,0.0,0.664,0.023,0.0,
17:01:22.915,1.0551,1.0101,1.008,4.7802,pothole,0.8901,normal,0.0,normal,0.0,CAUTION,39.4,0.28,86,pothole,NO,BLOCKED,0.0,0.872,0.022,0.0,
17:01:23.093,1.0243,1.0143,1.0066,0.0,normal,0.0,normal,0.0,normal,0.0,CAUTION,28.7,0.2,90,braking,NO,BLOCKED,0.0,0.636,0.01,0.0,
17:01:23.262,1.0366,1.0009,1.0088,4.7802,pothole,0.8901,normal,0.0,normal,0.0,CAUTION,38.4,0.27,87,pothole,NO,BLOCKED,0.0,0.852,0.015,0.0,
17:01:23.433,1.0408,1.0032,1.0022,4.7802,pothole,0.8901,normal,0.0,normal,0.0,CAUTION,45.1,0.32,84,pothole,NO,BLOCKED,0.0,1.0,0.016,0.0,
17:01:23.611,1.0091,1.0129,1.0093,4.7802,pothole,0.8901,normal,0.0,normal,0.0,CAUTION,45.0,0.32,84,pothole,NO,BLOCKED,0.0,1.0,0.004,0.0,
17:01:23.788,1.0534,1.0032,1.0075,0.0,normal,0.0,normal,0.0,normal,0.0,CAUTION,37.0,0.26,87,braking,NO,BLOCKED,0.0,0.82,0.021,0.0,
17:01:23.965,1.0192,1.005,1.0026,0.0,normal,0.0,normal,0.0,normal,0.0,CAUTION,27.0,0.19,91,braking,NO,BLOCKED,0.0,0.599,0.008,0.0,
17:01:24.145,1.0526,1.0051,1.0078,0.0,normal,0.0,normal,0.0,normal,0.0,CAUTION,19.8,0.0,100,braking,NO,BLOCKED,0.0,0.437,0.021,0.0,
17:01:24.326,1.0066,1.0079,1.0025,5.0,pothole,1.0,normal,0.0,normal,0.0,CAUTION,32.6,0.23,89,pothole,NO,BLOCKED,0.0,0.724,0.003,0.0,
17:01:24.505,1.0486,1.006,1.0089,0.0,normal,0.0,normal,0.0,normal,0.0,CAUTION,23.9,0.0,100,braking,NO,BLOCKED,0.0,0.529,0.019,0.0,
17:01:24.680,1.0162,1.0034,1.0106,5.0,pothole,1.0,normal,0.0,normal,0.0,CAUTION,35.6,0.25,88,pothole,NO,BLOCKED,0.0,0.791,0.006,0.0,
17:01:24.861,1.0592,1.0047,1.0069,5.0,pothole,1.0,normal,0.0,normal,0.0,CAUTION,44.3,0.31,84,pothole,NO,BLOCKED,0.0,0.983,0.024,0.0,
17:01:25.036,1.017,1.0091,1.0023,5.0,pothole,1.0,normal,0.0,normal,0.0,CAUTION,45.0,0.32,84,pothole,NO,BLOCKED,0.0,1.0,0.007,0.0,
17:01:25.214,1.0559,1.0077,1.0135,0.0,normal,0.0,normal,0.0,normal,0.0,CAUTION,37.0,0.26,87,braking,NO,BLOCKED,0.0,0.819,0.022,0.0,
17:01:25.388,1.0279,1.004,1.0042,5.0,pothole,1.0,normal,0.0,normal,0.0,CAUTION,45.1,0.32,84,pothole,NO,BLOCKED,0.0,1.0,0.011,0.0,
17:01:25.560,1.0298,1.0042,1.0029,0.0,normal,0.0,normal,0.0,normal,0.0,CAUTION,33.0,0.23,88,braking,NO,BLOCKED,0.0,0.732,0.012,0.0,
17:01:25.736,1.0242,1.0136,1.0076,0.0,normal,0.0,normal,0.0,normal,0.0,CAUTION,24.1,0.0,100,braking,NO,BLOCKED,0.0,0.534,0.01,0.0,
17:01:25.899,1.022,1.0009,1.0107,0.0,normal,0.0,normal,0.0,normal,0.0,CAUTION,17.6,0.0,100,braking,NO,BLOCKED,0.0,0.39,0.009,0.0,
17:01:26.082,1.0416,1.0082,1.0071,0.0,normal,0.0,normal,0.0,normal,0.0,NORMAL,12.9,0.0,100,normal,YES,PASS,0.0,0.285,0.017,0.0,
17:01:26.255,1.0362,1.015,1.0064,0.0,normal,0.0,normal,0.0,normal,0.0,NORMAL,9.4,0.0,100,normal,YES,PASS,0.0,0.208,0.014,0.0,
17:01:26.446,1.006,1.0113,1.0048,0.0,normal,0.0,normal,0.0,normal,0.0,NORMAL,6.8,0.0,100,normal,YES,PASS,0.0,0.152,0.002,0.0,
17:01:26.627,1.0146,1.001,1.0039,0.0,normal,0.0,normal,0.0,normal,0.0,NORMAL,5.0,0.0,100,normal,YES,PASS,0.0,0.111,0.006,0.0,
17:01:26.817,1.058,1.0033,1.0177,0.0,normal,0.0,normal,0.0,normal,0.0,NORMAL,3.8,0.0,100,normal,YES,PASS,0.0,0.081,0.023,0.0,
17:01:27.002,1.0422,1.0121,1.0144,0.0,normal,0.0,normal,0.0,normal,0.0,NORMAL,2.7,0.0,100,normal,YES,PASS,0.0,0.059,0.017,0.0,
17:01:27.157,1.0027,1.0021,1.0057,0.0,normal,0.0,normal,0.0,normal,0.0,NORMAL,1.9,0.0,100,normal,YES,PASS,0.0,0.043,0.001,0.0,
17:01:27.352,1.0521,1.0125,1.0077,0.0,normal,0.0,normal,0.0,normal,0.0,NORMAL,1.5,0.0,100,normal,YES,PASS,0.0,0.031,0.021,0.0,
17:01:27.560,1.0364,1.0094,1.0056,0.0,normal,0.0,normal,0.0,normal,0.0,NORMAL,1.1,0.0,100,normal,YES,PASS,0.0,0.023,0.015,0.0,
17:01:27.751,1.0015,1.0003,1.0004,0.0,normal,0.0,normal,0.0,normal,0.0,NORMAL,0.8,0.0,100,normal,YES,PASS,0.0,0.017,0.001,0.0,
17:01:27.926,1.008,1.0107,1.0038,0.0,normal,0.0,normal,0.0,normal,0.0,NORMAL,0.6,0.0,100,normal,YES,PASS,0.0,0.012,0.003,0.0,
17:01:28.102,1.0333,1.0057,1.0067,0.0,normal,0.0,normal,0.0,normal,0.0,NORMAL,0.5,0.0,100,normal,YES,PASS,0.0,0.009,0.013,0.0,
17:01:28.268,1.0367,1.0155,1.0023,0.0,normal,0.0,normal,0.0,normal,0.0,NORMAL,0.4,0.0,100,normal,YES,PASS,0.0,0.007,0.015,0.0,
17:01:28.443,1.0668,1.0096,1.0113,0.0,normal,0.0,normal,0.0,normal,0.0,NORMAL,0.3,0.0,100,normal,YES,PASS,0.0,0.005,0.027,0.0,
17:01:28.635,1.0417,1.003,1.0115,0.0,normal,0.0,normal,0.0,normal,0.0,NORMAL,0.2,0.0,100,normal,YES,PASS,0.0,0.003,0.017,0.0,
17:01:28.821,1.0362,1.0139,1.0078,0.0,normal,0.0,normal,0.0,normal,0.0,NORMAL,0.2,0.0,100,normal,YES,PASS,0.0,0.003,0.014,0.0,
17:01:29.004,1.0493,1.0017,1.0068,0.0,normal,0.0,normal,0.0,normal,0.0,NORMAL,0.2,0.0,100,normal,YES,PASS,0.0,0.002,0.02,0.0,
17:01:29.183,1.0119,1.0089,1.0059,0.0,normal,0.0,normal,0.0,normal,0.0,NORMAL,0.1,0.0,100,normal,YES,PASS,0.0,0.001,0.005,0.0,
17:01:29.356,1.0583,1.0095,1.0051,0.0,normal,0.0,normal,0.0,normal,0.0,NORMAL,0.2,0.0,100,normal,YES,PASS,0.0,0.001,0.023,0.0,
17:01:29.535,1.0192,1.0042,1.0026,0.0,normal,0.0,normal,0.0,normal,0.0,NORMAL,0.1,0.0,100,normal,YES,PASS,0.0,0.001,0.008,0.0,
17:01:29.730,1.0197,1.0115,1.0012,0.0,normal,0.0,normal,0.0,normal,0.0,NORMAL,0.1,0.0,100,normal,YES,PASS,0.0,0.001,0.008,0.0,
17:01:29.918,1.0094,1.0024,1.0076,0.0,normal,0.0,normal,0.0,normal,0.0,NORMAL,0.0,0.0,100,normal,YES,PASS,0.0,0.0,0.004,0.0,
17:01:30.098,1.0316,1.0059,1.0001,0.0,normal,0.0,normal,0.0,normal,0.0,NORMAL,0.1,0.0,100,normal,YES,PASS,0.0,0.0,0.013,0.0,
17:01:30.316,1.0085,1.0026,1.0102,0.0,normal,0.0,normal,0.0,normal,0.0,NORMAL,0.0,0.0,100,normal,YES,PASS,0.0,0.0,0.003,0.0,
17:01:30.491,1.0404,1.0004,1.003,0.0,normal,0.0,normal,0.0,normal,0.0,NORMAL,0.1,0.0,100,normal,YES,PASS,0.0,0.0,0.016,0.0,
17:01:30.679,1.0064,1.0032,1.001,0.0,normal,0.0,normal,0.0,normal,0.0,NORMAL,0.0,0.0,100,normal,YES,PASS,0.0,0.0,0.003,0.0,
17:01:30.867,1.0262,1.0076,1.0024,0.0,normal,0.0,normal,0.0,normal,0.0,NORMAL,0.1,0.0,100,normal,YES,PASS,0.0,0.0,0.01,0.0,
17:01:31.050,1.011,1.0025,1.0172,0.0,normal,0.0,normal,0.0,normal,0.0,NORMAL,0.0,0.0,100,normal,YES,PASS,0.0,0.0,0.004,0.0,
17:01:31.226,1.039,1.0063,1.0106,0.0,normal,0.0,normal,0.0,normal,0.0,NORMAL,0.1,0.0,100,normal,YES,PASS,0.0,0.0,0.016,0.0,
17:01:31.402,1.0464,1.0156,1.0074,0.0,normal,0.0,normal,0.0,normal,0.0,NORMAL,0.1,0.0,100,normal,YES,PASS,0.0,0.0,0.019,0.0,
17:01:31.579,1.057,1.009,1.0087,0.0,normal,0.0,normal,0.0,normal,0.0,NORMAL,0.1,0.0,100,normal,YES,PASS,0.0,0.0,0.023,0.0,
17:01:31.742,1.0467,1.0005,1.0144,0.0,normal,0.0,normal,0.0,normal,0.0,NORMAL,0.1,0.0,100,normal,YES,PASS,0.0,0.0,0.019,0.0,
17:01:31.932,1.0158,1.0032,1.0116,0.0,normal,0.0,normal,0.0,normal,0.0,NORMAL,0.0,0.0,100,normal,YES,PASS,0.0,0.0,0.006,0.0,
17:01:32.123,1.0125,1.0094,1.0089,0.0,normal,0.0,normal,0.0,normal,0.0,NORMAL,0.0,0.0,100,normal,YES,PASS,0.0,0.0,0.005,0.0,
17:01:32.301,1.0037,1.01,1.002,0.0,normal,0.0,normal,0.0,normal,0.0,NORMAL,0.0,0.0,100,normal,YES,PASS,0.0,0.0,0.001,0.0,
17:01:32.484,1.0094,1.0042,1.0079,0.0,normal,0.0,normal,0.0,normal,0.0,NORMAL,0.0,0.0,100,normal,YES,PASS,0.0,0.0,0.004,0.0,
17:01:32.663,1.0407,1.014,1.0087,0.0,normal,0.0,normal,0.0,normal,0.0,NORMAL,0.1,0.0,100,normal,YES,PASS,0.0,0.0,0.016,0.0,
17:01:32.838,1.0043,1.0045,1.0102,0.0,normal,0.0,normal,0.0,normal,0.0,NORMAL,0.0,0.0,100,normal,YES,PASS,0.0,0.0,0.002,0.0,
17:01:33.041,1.0262,1.0063,1.0039,0.0,normal,0.0,normal,0.0,normal,0.0,NORMAL,0.1,0.0,100,normal,YES,PASS,0.0,0.0,0.01,0.0,
17:01:33.237,1.0244,1.0095,1.0067,0.0,normal,0.0,normal,0.0,normal,0.0,NORMAL,0.0,0.0,100,normal,YES,PASS,0.0,0.0,0.01,0.0,
17:01:33.412,1.0807,1.0019,1.015,0.0,normal,0.0,normal,0.0,normal,0.0,NORMAL,0.2,0.0,100,normal,YES,PASS,0.0,0.0,0.032,0.0,
17:01:33.576,1.0427,1.0145,1.0062,0.0,normal,0.0,normal,0.0,normal,0.0,NORMAL,0.1,0.0,100,normal,YES,PASS,0.0,0.0,0.017,0.0,
17:01:33.742,1.0172,1.0006,1.0089,0.0,normal,0.0,normal,0.0,normal,0.0,NORMAL,0.0,0.0,100,normal,YES,PASS,0.0,0.0,0.007,0.0,
17:01:33.919,1.0432,1.0008,1.0008,0.0,normal,0.0,normal,0.0,normal,0.0,NORMAL,0.1,0.0,100,normal,YES,PASS,0.0,0.0,0.017,0.0,
17:01:34.115,1.015,1.0121,1.0079,0.0,normal,0.0,normal,0.0,normal,0.0,NORMAL,0.0,0.0,100,normal,YES,PASS,0.0,0.0,0.006,0.0,
17:01:34.307,1.0329,1.0097,1.0022,0.0,normal,0.0,normal,0.0,normal,0.0,NORMAL,0.1,0.0,100,normal,YES,PASS,0.0,0.0,0.013,0.0,
17:01:34.499,1.0694,1.0012,1.0012,0.0,normal,0.0,normal,0.0,normal,0.0,NORMAL,0.1,0.0,100,normal,YES,PASS,0.0,0.0,0.028,0.0,
17:01:34.665,1.0188,1.0007,1.0121,0.0,normal,0.0,normal,0.0,normal,0.0,NORMAL,0.0,0.0,100,normal,YES,PASS,0.0,0.0,0.008,0.0,
17:01:34.839,1.0018,1.007,1.0015,0.0,normal,0.0,normal,0.0,normal,0.0,NORMAL,0.0,0.0,100,normal,YES,PASS,0.0,0.0,0.001,0.0,
17:01:35.011,1.0496,1.0107,1.0061,0.0,normal,0.0,normal,0.0,normal,0.0,NORMAL,0.1,0.0,100,normal,YES,PASS,0.0,0.0,0.02,0.0,
17:01:35.216,1.0356,1.0051,1.0032,0.0,normal,0.0,normal,0.0,normal,0.0,NORMAL,0.1,0.0,100,normal,YES,PASS,0.0,0.0,0.014,0.0,
17:01:35.403,1.0642,1.0028,1.0046,0.0,normal,0.0,normal,0.0,normal,0.0,NORMAL,0.1,0.0,100,normal,YES,PASS,0.0,0.0,0.026,0.0,
17:01:35.582,1.0189,1.0073,1.005,0.0,normal,0.0,normal,0.0,normal,0.0,NORMAL,0.0,0.0,100,normal,YES,PASS,0.0,0.0,0.008,0.0,
17:01:35.761,1.0164,1.005,1.0044,0.0,normal,0.0,normal,0.0,normal,0.0,NORMAL,0.0,0.0,100,normal,YES,PASS,0.0,0.0,0.007,0.0,
17:01:35.931,1.0162,1.0021,1.0111,0.0,normal,0.0,normal,0.0,normal,0.0,NORMAL,0.0,0.0,100,normal,YES,PASS,0.0,0.0,0.006,0.0,
17:01:36.123,1.0265,1.002,1.0026,0.0,normal,0.0,normal,0.0,normal,0.0,NORMAL,0.1,0.0,100,normal,YES,PASS,0.0,0.0,0.011,0.0,
17:01:36.313,1.0132,1.001,1.0105,0.0,normal,0.0,normal,0.0,normal,0.0,NORMAL,0.0,0.0,100,normal,YES,PASS,0.0,0.0,0.005,0.0,
17:01:36.508,1.0544,1.0121,1.0034,0.0,normal,0.0,normal,0.0,normal,0.0,NORMAL,0.1,0.0,100,normal,YES,PASS,0.0,0.0,0.022,0.0,
17:01:36.669,1.018,1.0031,1.0012,0.0,normal,0.0,normal,0.0,normal,0.0,NORMAL,0.0,0.0,100,normal,YES,PASS,0.0,0.0,0.007,0.0,
17:01:36.847,1.0732,1.001,1.0012,0.0,normal,0.0,normal,0.0,normal,0.0,NORMAL,0.1,0.0,100,normal,YES,PASS,0.0,0.0,0.029,0.0,
17:01:37.014,1.0468,1.0102,1.0114,0.0,normal,0.0,normal,0.0,normal,0.0,NORMAL,0.1,0.0,100,normal,YES,PASS,0.0,0.0,0.019,0.0,
17:01:37.198,1.0496,1.0082,1.0075,0.0,normal,0.0,normal,0.0,normal,0.0,NORMAL,0.1,0.0,100,normal,YES,PASS,0.0,0.0,0.02,0.0,
17:01:37.397,1.006,1.0037,1.0078,0.0,normal,0.0,normal,0.0,normal,0.0,NORMAL,0.0,0.0,100,normal,YES,PASS,0.0,0.0,0.002,0.0,
17:01:37.588,1.0303,1.0022,1.0014,0.0,normal,0.0,normal,0.0,normal,0.0,NORMAL,0.1,0.0,100,normal,YES,PASS,0.0,0.0,0.012,0.0,
17:01:37.764,1.0045,1.005,1.0092,0.0,normal,0.0,normal,0.0,normal,0.0,NORMAL,0.0,0.0,100,normal,YES,PASS,0.0,0.0,0.002,0.0,
17:01:37.940,1.0456,1.0109,1.0009,0.0,normal,0.0,normal,0.0,normal,0.0,NORMAL,0.1,0.0,100,normal,YES,PASS,0.0,0.0,0.018,0.0,
17:01:38.109,1.007,1.0039,1.0012,0.0,normal,0.0,normal,0.0,normal,0.0,NORMAL,0.0,0.0,100,normal,YES,PASS,0.0,0.0,0.003,0.0,
17:01:38.301,1.0257,1.0111,1.0138,0.0,normal,0.0,normal,0.0,normal,0.0,NORMAL,0.1,0.0,100,normal,YES,PASS,0.0,0.0,0.01,0.0,
17:01:38.500,1.0457,1.009,1.0012,0.0,normal,0.0,normal,0.0,normal,0.0,NORMAL,0.1,0.0,100,normal,YES,PASS,0.0,0.0,0.018,0.0,
17:01:38.700,1.0118,1.0003,1.0022,0.0,normal,0.0,normal,0.0,normal,0.0,NORMAL,0.0,0.0,100,normal,YES,PASS,0.0,0.0,0.005,0.0,
17:01:38.890,1.0548,1.0017,1.0019,0.0,normal,0.0,normal,0.0,normal,0.0,NORMAL,0.1,0.0,100,normal,YES,PASS,0.0,0.0,0.022,0.0,
17:01:39.076,1.0345,1.0042,1.0095,0.0,normal,0.0,normal,0.0,normal,0.0,NORMAL,0.1,0.0,100,normal,YES,PASS,0.0,0.0,0.014,0.0,
17:01:39.240,1.0382,1.0065,1.0089,0.0,normal,0.0,normal,0.0,normal,0.0,NORMAL,0.1,0.0,100,normal,YES,PASS,0.0,0.0,0.015,0.0,
17:01:39.445,1.0222,1.0156,1.0098,0.0,normal,0.0,normal,0.0,normal,0.0,NORMAL,0.0,0.0,100,normal,YES,PASS,0.0,0.0,0.009,0.0,
17:01:39.637,1.0512,1.0073,1.007,4.3476,pothole,0.6738,normal,0.0,normal,0.0,NORMAL,16.0,0.0,100,pothole,YES,PASS,0.0,0.352,0.02,0.0,
17:01:39.822,1.0212,1.0047,1.0097,4.3476,pothole,0.6738,normal,0.0,normal,0.0,NORMAL,27.5,0.19,100,pothole,YES,PASS,0.0,0.61,0.008,0.0,
17:01:39.991,1.0295,1.0059,1.0118,4.3476,pothole,0.6738,normal,0.0,normal,0.0,NORMAL,35.9,0.25,100,pothole,YES,PASS,0.0,0.797,0.012,0.0,
17:01:40.151,1.0769,1.0094,1.0099,4.3476,pothole,0.6738,normal,0.0,normal,0.0,CAUTION,42.2,0.3,85,pothole,NO,BLOCKED,0.0,0.934,0.031,0.0,
17:01:40.325,1.0016,1.0054,1.0148,4.3476,pothole,0.6738,normal,0.0,normal,0.0,CAUTION,45.0,0.32,84,pothole,NO,BLOCKED,0.0,1.0,0.001,0.0,
17:01:40.497,1.0299,1.0057,1.0032,4.3476,pothole,0.6738,normal,0.0,normal,0.0,CAUTION,45.1,0.32,84,pothole,NO,BLOCKED,0.0,1.0,0.012,0.0,
17:01:40.666,1.0266,1.007,1.0029,4.3476,pothole,0.6738,normal,0.0,normal,0.0,CAUTION,45.1,0.32,84,pothole,NO,BLOCKED,0.0,1.0,0.011,0.0,
17:01:40.838,1.0097,1.0071,1.0046,5.0,pothole,1.0,normal,0.0,normal,0.0,CAUTION,45.0,0.32,84,pothole,NO,BLOCKED,0.0,1.0,0.004,0.0,
17:01:41.014,1.0068,1.005,1.0084,0.0,normal,0.0,normal,0.0,normal,0.0,CAUTION,41.1,0.29,86,braking,NO,BLOCKED,0.0,0.914,0.003,0.0,
17:01:41.185,1.0443,1.0036,1.0036,0.0,normal,0.0,normal,0.0,normal,0.0,CAUTION,30.1,0.21,89,braking,NO,BLOCKED,0.0,0.667,0.018,0.0,
17:01:41.359,1.0378,1.0046,1.0023,0.0,normal,0.0,normal,0.0,normal,0.0,CAUTION,22.0,0.0,100,braking,NO,BLOCKED,0.0,0.487,0.015,0.0,
17:01:41.537,1.0017,1.0053,1.0139,0.0,normal,0.0,normal,0.0,normal,0.0,CAUTION,16.0,0.0,100,braking,NO,BLOCKED,0.0,0.355,0.001,0.0,
17:01:41.712,1.0272,1.0129,1.0125,0.0,normal,0.0,normal,0.0,normal,0.0,NORMAL,11.7,0.0,100,normal,YES,PASS,0.0,0.259,0.011,0.0,
17:01:41.886,1.0451,1.0057,1.0089,0.0,normal,0.0,normal,0.0,normal,0.0,NORMAL,8.6,0.0,100,normal,YES,PASS,0.0,0.189,0.018,0.0,
17:01:42.078,1.001,1.0036,1.0099,0.0,normal,0.0,normal,0.0,normal,0.0,NORMAL,6.2,0.0,100,normal,YES,PASS,0.0,0.138,0.0,0.0,
17:01:42.265,1.0325,1.0075,1.0074,0.0,normal,0.0,normal,0.0,normal,0.0,NORMAL,4.6,0.0,100,normal,YES,PASS,0.0,0.101,0.013,0.0,
17:01:42.446,1.0343,1.0041,1.0012,0.0,normal,0.0,normal,0.0,normal,0.0,NORMAL,3.4,0.0,100,normal,YES,PASS,0.0,0.074,0.014,0.0,
17:01:42.612,1.0024,1.0034,1.0076,0.0,normal,0.0,normal,0.0,normal,0.0,NORMAL,2.4,0.0,100,normal,YES,PASS,0.0,0.054,0.001,0.0,
17:01:42.789,1.0511,1.0051,1.002,0.0,normal,0.0,normal,0.0,normal,0.0,NORMAL,1.9,0.0,100,normal,YES,PASS,0.0,0.039,0.02,0.0,
17:01:42.972,1.0323,1.0069,1.0041,4.2341,pothole,0.617,normal,0.0,normal,0.0,NORMAL,16.8,0.0,100,pothole,YES,PASS,0.0,0.372,0.013,0.0,
17:01:43.147,1.0073,1.0021,1.0027,4.2341,pothole,0.617,normal,0.0,normal,0.0,NORMAL,27.7,0.19,100,pothole,YES,PASS,0.0,0.614,0.003,0.0,
17:01:43.317,1.0037,1.0005,1.0146,4.2341,pothole,0.617,normal,0.0,normal,0.0,NORMAL,35.6,0.25,100,pothole,YES,PASS,0.0,0.792,0.001,0.0,
17:01:43.489,1.0568,1.001,1.0007,4.2341,pothole,0.617,normal,0.0,normal,0.0,CAUTION,41.6,0.29,85,pothole,NO,BLOCKED,0.0,0.921,0.023,0.0,
17:01:43.663,1.0411,1.0014,1.0022,4.2341,pothole,0.617,normal,0.0,normal,0.0,CAUTION,45.1,0.32,84,pothole,NO,BLOCKED,0.0,1.0,0.016,0.0,
17:01:43.842,1.011,1.0097,1.0112,4.2341,pothole,0.617,normal,0.0,normal,0.0,CAUTION,45.0,0.32,84,pothole,NO,BLOCKED,0.0,1.0,0.004,0.0,
17:01:44.017,1.0684,1.0065,1.0017,0.0,normal,0.0,normal,0.0,normal,0.0,CAUTION,35.7,0.25,87,braking,NO,BLOCKED,0.0,0.791,0.027,0.0,
17:01:44.191,1.015,1.0105,1.0017,0.0,normal,0.0,normal,0.0,normal,0.0,CAUTION,26.0,0.18,91,braking,NO,BLOCKED,0.0,0.578,0.006,0.0,
17:01:44.383,1.0336,1.0079,1.0048,0.0,normal,0.0,normal,0.0,normal,0.0,CAUTION,19.0,0.0,100,braking,NO,BLOCKED,0.0,0.421,0.013,0.0,
17:01:44.557,1.0376,1.0103,1.0076,0.0,normal,0.0,normal,0.0,normal,0.0,CAUTION,13.9,0.0,100,braking,NO,BLOCKED,0.0,0.308,0.015,0.0,
17:01:44.735,1.0015,1.0081,1.0032,0.0,normal,0.0,normal,0.0,normal,0.0,NORMAL,10.1,0.0,100,normal,YES,PASS,0.0,0.225,0.001,0.0,
17:01:44.907,1.0339,1.0117,1.0011,0.0,normal,0.0,normal,0.0,normal,0.0,NORMAL,7.4,0.0,100,normal,YES,PASS,0.0,0.164,0.014,0.0,
17:01:45.094,1.0048,1.0065,1.0102,4.6454,pothole,0.8227,normal,0.0,normal,0.0,NORMAL,22.3,0.0,100,pothole,YES,PASS,0.0,0.496,0.002,0.0,
17:01:45.283,1.0077,1.0057,1.008,4.6454,pothole,0.8227,normal,0.0,normal,0.0,NORMAL,33.3,0.23,100,pothole,YES,PASS,0.0,0.739,0.003,0.0,
17:01:45.460,1.0071,1.0037,1.0061,0.0,normal,0.0,normal,0.0,normal,0.0,NORMAL,24.3,0.0,100,normal,YES,PASS,0.0,0.539,0.003,0.0,
17:01:45.636,1.0163,1.0022,1.0087,0.0,normal,0.0,normal,0.0,normal,0.0,NORMAL,17.7,0.0,100,normal,YES,PASS,0.0,0.393,0.007,0.0,
17:01:45.812,1.0492,1.0039,1.0032,0.0,normal,0.0,normal,0.0,normal,0.0,NORMAL,13.0,0.0,100,normal,YES,PASS,0.0,0.287,0.02,0.0,
17:01:45.993,1.0456,1.01,1.0003,0.0,normal,0.0,normal,0.0,normal,0.0,NORMAL,9.5,0.0,100,normal,YES,PASS,0.0,0.21,0.018,0.0,
17:01:46.161,1.0431,1.0081,1.0034,0.0,normal,0.0,normal,0.0,normal,0.0,NORMAL,7.0,0.0,100,normal,YES,PASS,0.0,0.153,0.017,0.0,
17:01:46.340,1.0465,1.0076,1.0035,0.0,normal,0.0,normal,0.0,normal,0.0,NORMAL,5.1,0.0,100,normal,YES,PASS,0.0,0.112,0.019,0.0,
17:01:46.518,1.0064,1.0092,1.0044,3.0,speed_hump,1.0,normal,0.0,normal,0.0,NORMAL,14.6,0.0,100,speed_hump,YES,PASS,0.0,0.325,0.003,0.0,
17:01:46.701,1.0202,1.0059,1.013,0.0,normal,0.0,normal,0.0,normal,0.0,NORMAL,10.7,0.0,100,normal,YES,PASS,0.0,0.237,0.008,0.0,
17:01:46.857,1.0466,1.0018,1.0063,0.0,normal,0.0,normal,0.0,normal,0.0,NORMAL,7.9,0.0,100,normal,YES,PASS,0.0,0.173,0.019,0.0,
17:01:47.066,1.0471,1.0125,1.0129,0.0,normal,0.0,normal,0.0,normal,0.0,NORMAL,5.8,0.0,100,normal,YES,PASS,0.0,0.126,0.019,0.0,
17:01:47.262,1.0212,1.0054,1.0009,0.0,normal,0.0,normal,0.0,normal,0.0,NORMAL,4.2,0.0,100,normal,YES,PASS,0.0,0.092,0.008,0.0,
17:01:47.452,1.0317,1.0053,1.0014,0.0,normal,0.0,normal,0.0,normal,0.0,NORMAL,3.1,0.0,100,normal,YES,PASS,0.0,0.067,0.013,0.0,
17:01:47.633,1.0468,1.0111,1.0111,0.0,normal,0.0,normal,0.0,normal,0.0,NORMAL,2.3,0.0,100,normal,YES,PASS,0.0,0.049,0.019,0.0,
17:01:47.797,1.0512,1.0106,1.0071,0.0,normal,0.0,normal,0.0,normal,0.0,NORMAL,1.7,0.0,100,normal,YES,PASS,0.0,0.036,0.02,0.0,
17:01:47.958,1.0283,1.0068,1.0059,0.0,normal,0.0,normal,0.0,normal,0.0,NORMAL,1.2,0.0,100,normal,YES,PASS,0.0,0.026,0.011,0.0,
17:01:48.169,1.0299,1.0057,1.0097,0.0,normal,0.0,normal,0.0,normal,0.0,NORMAL,0.9,0.0,100,normal,YES,PASS,0.0,0.019,0.012,0.0,
17:01:48.354,1.0012,1.0018,1.0105,0.0,normal,0.0,normal,0.0,normal,0.0,NORMAL,0.6,0.0,100,normal,YES,PASS,0.0,0.014,0.0,0.0,
17:01:48.544,1.0078,1.0057,1.0137,0.0,normal,0.0,normal,0.0,normal,0.0,NORMAL,0.5,0.0,100,normal,YES,PASS,0.0,0.01,0.003,0.0,
17:01:48.738,1.0444,1.0068,1.0044,0.0,normal,0.0,normal,0.0,normal,0.0,NORMAL,0.4,0.0,100,normal,YES,PASS,0.0,0.007,0.018,0.0,
17:01:48.905,1.0566,1.0113,1.0057,0.0,normal,0.0,normal,0.0,normal,0.0,NORMAL,0.4,0.0,100,normal,YES,PASS,0.0,0.005,0.023,0.0,
17:01:49.092,1.0403,1.0106,1.0072,0.0,normal,0.0,normal,0.0,normal,0.0,NORMAL,0.3,0.0,100,normal,YES,PASS,0.0,0.004,0.016,0.0,
17:01:49.274,1.0123,1.0007,1.0025,0.0,normal,0.0,normal,0.0,normal,0.0,NORMAL,0.2,0.0,100,normal,YES,PASS,0.0,0.003,0.005,0.0,
17:01:49.464,1.0093,1.0048,1.0011,0.0,normal,0.0,normal,0.0,normal,0.0,NORMAL,0.1,0.0,100,normal,YES,PASS,0.0,0.002,0.004,0.0,
17:01:49.651,1.0513,1.0025,1.0099,0.0,normal,0.0,normal,0.0,normal,0.0,NORMAL,0.2,0.0,100,normal,YES,PASS,0.0,0.002,0.021,0.0,
17:01:49.860,1.0185,1.0004,1.006,0.0,normal,0.0,normal,0.0,normal,0.0,NORMAL,0.1,0.0,100,normal,YES,PASS,0.0,0.001,0.007,0.0,
17:01:50.039,1.0599,1.0088,1.0032,0.0,normal,0.0,normal,0.0,normal,0.0,NORMAL,0.2,0.0,100,normal,YES,PASS,0.0,0.001,0.024,0.0,
17:01:50.252,1.0111,1.0101,1.0104,0.0,normal,0.0,normal,0.0,normal,0.0,NORMAL,0.0,0.0,100,normal,YES,PASS,0.0,0.001,0.004,0.0,
17:01:50.464,1.0378,1.0105,1.0012,0.0,normal,0.0,normal,0.0,normal,0.0,NORMAL,0.1,0.0,100,normal,YES,PASS,0.0,0.0,0.015,0.0,
17:01:50.647,1.0502,1.0126,1.0075,0.0,normal,0.0,normal,0.0,normal,0.0,NORMAL,0.1,0.0,100,normal,YES,PASS,0.0,0.0,0.02,0.0,
17:01:50.826,1.0222,1.0072,1.0016,0.0,normal,0.0,normal,0.0,normal,0.0,NORMAL,0.1,0.0,100,normal,YES,PASS,0.0,0.0,0.009,0.0,
17:01:50.998,1.0583,1.0049,1.0016,0.0,normal,0.0,normal,0.0,normal,0.0,NORMAL,0.1,0.0,100,normal,YES,PASS,0.0,0.0,0.023,0.0,
17:01:51.192,1.0006,1.0031,1.0027,0.0,normal,0.0,normal,0.0,normal,0.0,NORMAL,0.0,0.0,100,normal,YES,PASS,0.0,0.0,0.0,0.0,
17:01:51.382,1.008,1.0085,1.0009,0.0,normal,0.0,normal,0.0,normal,0.0,NORMAL,0.0,0.0,100,normal,YES,PASS,0.0,0.0,0.003,0.0,
17:01:51.578,1.0371,1.0105,1.0077,0.0,normal,0.0,normal,0.0,normal,0.0,NORMAL,0.1,0.0,100,normal,YES,PASS,0.0,0.0,0.015,0.0,
17:01:51.779,1.062,1.0053,1.0126,0.0,normal,0.0,normal,0.0,normal,0.0,NORMAL,0.1,0.0,100,normal,YES,PASS,0.0,0.0,0.025,0.0,
17:01:51.962,1.0177,1.0027,1.0068,0.0,normal,0.0,normal,0.0,normal,0.0,NORMAL,0.0,0.0,100,normal,YES,PASS,0.0,0.0,0.007,0.0,
17:01:52.139,1.0289,1.0073,1.0032,0.0,normal,0.0,normal,0.0,normal,0.0,NORMAL,0.1,0.0,100,normal,YES,PASS,0.0,0.0,0.012,0.0,
17:01:52.318,1.0263,1.0125,1.0069,0.0,normal,0.0,normal,0.0,normal,0.0,NORMAL,0.1,0.0,100,normal,YES,PASS,0.0,0.0,0.011,0.0,
17:01:52.509,1.031,1.0012,1.0038,4.3699,pothole,0.6849,normal,0.0,normal,0.0,NORMAL,16.0,0.0,100,pothole,YES,PASS,0.0,0.354,0.012,0.0,
17:01:52.700,1.0149,1.0047,1.0068,0.0,normal,0.0,normal,0.0,normal,0.0,NORMAL,11.7,0.0,100,normal,YES,PASS,0.0,0.258,0.006,0.0,
17:01:52.874,1.031,1.0084,1.0105,0.0,normal,0.0,normal,0.0,normal,0.0,NORMAL,8.6,0.0,100,normal,YES,PASS,0.0,0.189,0.012,0.0,
17:01:53.041,1.051,1.0044,1.0076,5.0,pothole,1.0,normal,0.0,normal,0.0,NORMAL,24.5,0.0,100,pothole,YES,PASS,0.0,0.543,0.02,0.0,
17:01:53.225,1.0232,1.001,1.0088,5.0,pothole,1.0,normal,0.0,normal,0.0,NORMAL,36.1,0.25,100,pothole,YES,PASS,0.0,0.801,0.009,0.0,
17:01:53.393,1.0243,1.0038,1.0044,5.0,pothole,1.0,normal,0.0,normal,0.0,NORMAL,44.6,0.31,100,pothole,YES,PASS,0.0,0.99,0.01,0.0,
17:01:53.570,1.007,1.0038,1.0074,5.0,pothole,1.0,normal,0.0,normal,0.0,CAUTION,45.0,0.32,84,pothole,NO,BLOCKED,0.0,1.0,0.003,0.0,
17:01:53.738,1.0639,1.0057,1.008,5.0,pothole,1.0,normal,0.0,normal,0.0,CAUTION,45.1,0.32,84,pothole,NO,BLOCKED,0.0,1.0,0.026,0.0,
17:01:53.938,1.0288,1.011,1.0011,5.0,pothole,1.0,normal,0.0,normal,0.0,CAUTION,45.1,0.32,84,pothole,NO,BLOCKED,0.0,1.0,0.012,0.0,
17:01:54.120,1.0157,1.0047,1.0059,5.0,pothole,1.0,normal,0.0,normal,0.0,CAUTION,45.0,0.32,84,pothole,NO,BLOCKED,0.0,1.0,0.006,0.0,
17:01:54.303,1.0025,1.0005,1.0022,5.0,pothole,1.0,normal,0.0,normal,0.0,CAUTION,45.0,0.32,84,pothole,NO,BLOCKED,0.0,1.0,0.001,0.0,
17:01:54.493,1.0203,1.0132,1.0129,5.0,pothole,1.0,normal,0.0,normal,0.0,CAUTION,45.0,0.32,84,pothole,NO,BLOCKED,0.0,1.0,0.008,0.0,
17:01:54.674,1.0317,1.005,1.0085,5.0,pothole,1.0,normal,0.0,normal,0.0,CAUTION,45.1,0.32,84,pothole,NO,BLOCKED,0.0,1.0,0.013,0.0,
17:01:54.855,1.0296,1.001,1.0038,5.0,pothole,1.0,normal,0.0,normal,0.0,CAUTION,45.1,0.32,84,pothole,NO,BLOCKED,0.0,1.0,0.012,0.0,
17:01:55.035,1.0157,1.0059,1.0077,0.0,normal,0.0,normal,0.0,normal,0.0,CAUTION,45.0,0.32,84,braking,NO,BLOCKED,0.0,1.0,0.006,0.0,
17:01:55.207,1.05,1.0013,1.0079,0.0,normal,0.0,normal,0.0,normal,0.0,CAUTION,35.1,0.25,88,braking,NO,BLOCKED,0.0,0.777,0.02,0.0,
17:01:55.385,1.0322,1.0002,1.0014,0.0,normal,0.0,normal,0.0,normal,0.0,CAUTION,25.6,0.18,91,braking,NO,BLOCKED,0.0,0.567,0.013,0.0,
17:01:55.554,1.0221,1.0003,1.0104,0.0,normal,0.0,normal,0.0,normal,0.0,CAUTION,18.7,0.0,100,braking,NO,BLOCKED,0.0,0.414,0.009,0.0,
17:01:55.736,1.0252,1.0009,1.0023,0.0,normal,0.0,normal,0.0,normal,0.0,CAUTION,13.6,0.0,100,braking,NO,BLOCKED,0.0,0.302,0.01,0.0,
17:01:55.919,1.0115,1.0024,1.0037,0.0,normal,0.0,normal,0.0,normal,0.0,NORMAL,9.9,0.0,100,normal,YES,PASS,0.0,0.221,0.005,0.0,
17:01:56.098,1.0582,1.0079,1.0067,0.0,normal,0.0,normal,0.0,normal,0.0,NORMAL,7.4,0.0,100,normal,YES,PASS,0.0,0.161,0.023,0.0,
17:01:56.285,1.0531,1.0144,1.0103,0.0,normal,0.0,normal,0.0,normal,0.0,NORMAL,5.4,0.0,100,normal,YES,PASS,0.0,0.117,0.021,0.0,
17:01:56.466,1.0555,1.0089,1.003,5.0,pothole,1.0,normal,0.0,normal,0.0,NORMAL,22.2,0.0,100,pothole,YES,PASS,0.0,0.491,0.022,0.0,
17:01:56.654,1.0013,1.0001,1.0073,5.0,pothole,1.0,normal,0.0,normal,0.0,NORMAL,34.4,0.24,100,pothole,YES,PASS,0.0,0.764,0.001,0.0,
17:01:56.823,1.0056,1.0044,1.0106,2.6185,speed_hump,0.8093,normal,0.0,normal,0.0,NORMAL,34.6,0.24,100,speed_hump,YES,PASS,0.0,0.77,0.002,0.0,
17:01:56.996,1.002,1.0001,1.0031,2.6185,speed_hump,0.8093,normal,0.0,normal,0.0,CAUTION,34.8,0.24,88,speed_hump,NO,BLOCKED,0.0,0.774,0.001,0.0,
17:01:57.171,1.066,1.0005,1.0028,2.6185,speed_hump,0.8093,normal,0.0,normal,0.0,CAUTION,35.1,0.25,88,speed_hump,NO,BLOCKED,0.0,0.777,0.026,0.0,
17:01:57.346,1.033,1.0078,1.005,2.6185,speed_hump,0.8093,normal,0.0,normal,0.0,CAUTION,35.1,0.25,88,speed_hump,NO,BLOCKED,0.0,0.779,0.013,0.0,
17:01:57.519,1.0401,1.004,1.0048,2.6185,speed_hump,0.8093,normal,0.0,normal,0.0,CAUTION,35.2,0.25,88,speed_hump,NO,BLOCKED,0.0,0.781,0.016,0.0,
17:01:57.691,1.0037,1.0029,1.0113,0.0,normal,0.0,normal,0.0,normal,0.0,CAUTION,25.7,0.18,91,braking,NO,BLOCKED,0.0,0.57,0.001,0.0,
17:01:57.876,1.0557,1.0017,1.0084,0.0,normal,0.0,normal,0.0,normal,0.0,CAUTION,18.8,0.0,100,braking,NO,BLOCKED,0.0,0.416,0.022,0.0,
17:01:58.063,1.0207,1.0096,1.0124,0.0,normal,0.0,normal,0.0,normal,0.0,CAUTION,13.7,0.0,100,braking,NO,BLOCKED,0.0,0.304,0.008,0.0,
17:01:58.246,1.0293,1.0021,1.002,0.0,normal,0.0,normal,0.0,normal,0.0,NORMAL,10.0,0.0,100,normal,YES,PASS,0.0,0.222,0.012,0.0,
17:01:58.426,1.0472,1.0062,1.0056,0.0,normal,0.0,normal,0.0,normal,0.0,NORMAL,7.4,0.0,100,normal,YES,PASS,0.0,0.162,0.019,0.0,
17:01:58.608,1.0249,1.0131,1.0068,0.0,normal,0.0,normal,0.0,normal,0.0,NORMAL,5.4,0.0,100,normal,YES,PASS,0.0,0.118,0.01,0.0,
17:01:58.783,1.0482,1.009,1.0104,0.0,normal,0.0,normal,0.0,normal,0.0,NORMAL,4.0,0.0,100,normal,YES,PASS,0.0,0.086,0.019,0.0,
17:01:58.955,1.0217,1.0029,1.0109,0.0,normal,0.0,normal,0.0,normal,0.0,NORMAL,2.9,0.0,100,normal,YES,PASS,0.0,0.063,0.009,0.0,
17:01:59.148,1.0144,1.0069,1.0028,0.0,normal,0.0,normal,0.0,normal,0.0,NORMAL,2.1,0.0,100,normal,YES,PASS,0.0,0.046,0.006,0.0,
17:01:59.330,1.0564,1.0071,1.0034,0.0,normal,0.0,normal,0.0,normal,0.0,NORMAL,1.6,0.0,100,normal,YES,PASS,0.0,0.033,0.023,0.0,
17:01:59.507,1.0007,1.0034,1.0058,0.0,normal,0.0,normal,0.0,normal,0.0,NORMAL,1.1,0.0,100,normal,YES,PASS,0.0,0.024,0.0,0.0,
17:01:59.685,1.0042,1.0039,1.0022,0.0,normal,0.0,normal,0.0,normal,0.0,NORMAL,0.8,0.0,100,normal,YES,PASS,0.0,0.018,0.002,0.0,
17:01:59.852,1.0012,1.0049,1.0088,0.0,normal,0.0,normal,0.0,normal,0.0,NORMAL,0.6,0.0,100,normal,YES,PASS,0.0,0.013,0.0,0.0,
17:02:00.027,1.0171,1.0012,1.0019,0.0,normal,0.0,normal,0.0,normal,0.0,NORMAL,0.5,0.0,100,normal,YES,PASS,0.0,0.01,0.007,0.0,
17:02:00.216,1.0611,1.0025,1.0121,0.0,normal,0.0,normal,0.0,normal,0.0,NORMAL,0.4,0.0,100,normal,YES,PASS,0.0,0.007,0.024,0.0,
17:02:00.407,1.035,1.007,1.0102,0.0,normal,0.0,normal,0.0,normal,0.0,NORMAL,0.3,0.0,100,normal,YES,PASS,0.0,0.005,0.014,0.0,
17:02:00.597,1.0324,1.0089,1.0038,0.0,normal,0.0,normal,0.0,normal,0.0,NORMAL,0.2,0.0,100,normal,YES,PASS,0.0,0.004,0.013,0.0,
17:02:00.787,1.011,1.0062,1.0083,0.0,normal,0.0,normal,0.0,normal,0.0,NORMAL,0.1,0.0,100,normal,YES,PASS,0.0,0.003,0.004,0.0,
17:02:00.965,1.0411,1.0062,1.0061,0.0,normal,0.0,normal,0.0,normal,0.0,NORMAL,0.2,0.0,100,normal,YES,PASS,0.0,0.002,0.016,0.0,
17:02:01.133,1.0038,1.0107,1.0138,0.0,normal,0.0,normal,0.0,normal,0.0,NORMAL,0.1,0.0,100,normal,YES,PASS,0.0,0.001,0.002,0.0,
17:02:01.325,1.0099,1.0109,1.0063,0.0,normal,0.0,normal,0.0,normal,0.0,NORMAL,0.1,0.0,100,normal,YES,PASS,0.0,0.001,0.004,0.0,
17:02:01.517,1.0034,1.0106,1.0034,0.0,normal,0.0,normal,0.0,normal,0.0,NORMAL,0.0,0.0,100,normal,YES,PASS,0.0,0.001,0.001,0.0,
17:02:01.698,1.0014,1.0077,1.0127,0.0,normal,0.0,normal,0.0,normal,0.0,NORMAL,0.0,0.0,100,normal,YES,PASS,0.0,0.001,0.001,0.0,
17:02:01.887,1.0016,1.0058,1.0035,0.0,normal,0.0,normal,0.0,normal,0.0,NORMAL,0.0,0.0,100,normal,YES,PASS,0.0,0.0,0.001,0.0,
17:02:02.061,1.034,1.0054,1.0038,0.0,normal,0.0,normal,0.0,normal,0.0,NORMAL,0.1,0.0,100,normal,YES,PASS,0.0,0.0,0.014,0.0,
17:02:02.258,1.0256,1.0099,1.0084,0.0,normal,0.0,normal,0.0,normal,0.0,NORMAL,0.1,0.0,100,normal,YES,PASS,0.0,0.0,0.01,0.0,
17:02:02.455,1.0563,1.0041,1.0023,0.0,normal,0.0,normal,0.0,normal,0.0,NORMAL,0.1,0.0,100,normal,YES,PASS,0.0,0.0,0.023,0.0,
17:02:02.643,1.0113,1.0098,1.0104,0.0,normal,0.0,normal,0.0,normal,0.0,NORMAL,0.0,0.0,100,normal,YES,PASS,0.0,0.0,0.005,0.0,
17:02:02.822,1.0514,1.0065,1.0034,0.0,normal,0.0,normal,0.0,normal,0.0,NORMAL,0.1,0.0,100,normal,YES,PASS,0.0,0.0,0.021,0.0,
17:02:03.003,1.0317,1.0007,1.0083,0.0,normal,0.0,normal,0.0,normal,0.0,NORMAL,0.1,0.0,100,normal,YES,PASS,0.0,0.0,0.013,0.0,
17:02:03.183,1.041,1.0099,1.0066,0.0,normal,0.0,normal,0.0,normal,0.0,NORMAL,0.1,0.0,100,normal,YES,PASS,0.0,0.0,0.016,0.0,
17:02:03.372,1.0254,1.0107,1.0118,0.0,normal,0.0,normal,0.0,normal,0.0,NORMAL,0.1,0.0,100,normal,YES,PASS,0.0,0.0,0.01,0.0,
17:02:03.575,1.058,1.006,1.0009,0.0,normal,0.0,normal,0.0,normal,0.0,NORMAL,0.1,0.0,100,normal,YES,PASS,0.0,0.0,0.023,0.0,
17:02:03.761,1.0309,1.003,1.0059,0.0,normal,0.0,normal,0.0,normal,0.0,NORMAL,0.1,0.0,100,normal,YES,PASS,0.0,0.0,0.012,0.0,
17:02:03.947,1.0577,1.0083,1.0083,0.0,normal,0.0,normal,0.0,normal,0.0,NORMAL,0.1,0.0,100,normal,YES,PASS,0.0,0.0,0.023,0.0,
17:02:04.129,1.0455,1.0013,1.0119,0.0,normal,0.0,normal,0.0,normal,0.0,NORMAL,0.1,0.0,100,normal,YES,PASS,0.0,0.0,0.018,0.0,
17:02:04.295,1.0146,1.0102,1.0084,0.0,normal,0.0,normal,0.0,normal,0.0,NORMAL,0.0,0.0,100,normal,YES,PASS,0.0,0.0,0.006,0.0,
17:02:04.472,1.0381,1.0076,1.003,0.0,normal,0.0,normal,0.0,normal,0.0,NORMAL,0.1,0.0,100,normal,YES,PASS,0.0,0.0,0.015,0.0,
17:02:04.677,1.0439,1.0027,1.016,0.0,normal,0.0,normal,0.0,normal,0.0,NORMAL,0.1,0.0,100,normal,YES,PASS,0.0,0.0,0.018,0.0,
17:02:04.873,1.0135,1.0086,1.0023,0.0,normal,0.0,normal,0.0,normal,0.0,NORMAL,0.0,0.0,100,normal,YES,PASS,0.0,0.0,0.005,0.0,
17:02:05.061,1.023,1.0089,1.0048,0.0,normal,0.0,normal,0.0,normal,0.0,NORMAL,0.0,0.0,100,normal,YES,PASS,0.0,0.0,0.009,0.0,
17:02:05.240,1.0071,1.0063,1.0107,0.0,normal,0.0,normal,0.0,normal,0.0,NORMAL,0.0,0.0,100,normal,YES,PASS,0.0,0.0,0.003,0.0,
17:02:05.404,1.0304,1.0071,1.0106,0.0,normal,0.0,normal,0.0,normal,0.0,NORMAL,0.1,0.0,100,normal,YES,PASS,0.0,0.0,0.012,0.0,
17:02:05.593,1.0725,1.0097,1.0111,0.0,normal,0.0,normal,0.0,normal,0.0,NORMAL,0.1,0.0,100,normal,YES,PASS,0.0,0.0,0.029,0.0,
17:02:05.795,1.0558,1.0157,1.003,0.0,normal,0.0,normal,0.0,normal,0.0,NORMAL,0.1,0.0,100,normal,YES,PASS,0.0,0.0,0.022,0.0,
17:02:05.983,1.0626,1.0098,1.0096,0.0,normal,0.0,normal,0.0,normal,0.0,NORMAL,0.1,0.0,100,normal,YES,PASS,0.0,0.0,0.025,0.0,
17:02:06.190,1.0305,1.0022,1.0071,0.0,normal,0.0,normal,0.0,normal,0.0,NORMAL,0.1,0.0,100,normal,YES,PASS,0.0,0.0,0.012,0.0,
17:02:06.356,1.0126,1.0028,1.0041,0.0,normal,0.0,normal,0.0,normal,0.0,NORMAL,0.0,0.0,100,normal,YES,PASS,0.0,0.0,0.005,0.0,
17:02:06.531,1.0214,1.0038,1.0084,0.0,normal,0.0,normal,0.0,normal,0.0,NORMAL,0.0,0.0,100,normal,YES,PASS,0.0,0.0,0.009,0.0,
17:02:06.730,1.0512,1.0052,1.0059,0.0,normal,0.0,normal,0.0,normal,0.0,NORMAL,0.1,0.0,100,normal,YES,PASS,0.0,0.0,0.02,0.0,
17:02:06.925,1.0097,1.0055,1.007,0.0,normal,0.0,normal,0.0,normal,0.0,NORMAL,0.0,0.0,100,normal,YES,PASS,0.0,0.0,0.004,0.0,
17:02:07.110,1.0467,1.0013,1.0066,0.0,normal,0.0,normal,0.0,normal,0.0,NORMAL,0.1,0.0,100,normal,YES,PASS,0.0,0.0,0.019,0.0,
17:02:07.289,1.0142,1.0031,1.0156,0.0,normal,0.0,normal,0.0,normal,0.0,NORMAL,0.0,0.0,100,normal,YES,PASS,0.0,0.0,0.006,0.0,
17:02:07.462,1.0602,1.0012,1.0021,0.0,normal,0.0,normal,0.0,normal,0.0,NORMAL,0.1,0.0,100,normal,YES,PASS,0.0,0.0,0.024,0.0,
17:02:07.634,1.011,1.006,1.0122,0.0,normal,0.0,normal,0.0,normal,0.0,NORMAL,0.0,0.0,100,normal,YES,PASS,0.0,0.0,0.004,0.0,
17:02:07.823,1.0204,1.0108,1.0107,0.0,normal,0.0,normal,0.0,normal,0.0,NORMAL,0.0,0.0,100,normal,YES,PASS,0.0,0.0,0.008,0.0,
17:02:08.013,1.0439,1.0016,1.0063,0.0,normal,0.0,normal,0.0,normal,0.0,NORMAL,0.1,0.0,100,normal,YES,PASS,0.0,0.0,0.018,0.0,
17:02:08.210,1.0621,1.0123,1.0063,0.0,normal,0.0,normal,0.0,normal,0.0,NORMAL,0.1,0.0,100,normal,YES,PASS,0.0,0.0,0.025,0.0,
17:02:08.387,1.0632,1.0058,1.0075,0.0,normal,0.0,normal,0.0,normal,0.0,NORMAL,0.1,0.0,100,normal,YES,PASS,0.0,0.0,0.025,0.0,
17:02:08.577,1.0354,1.0,1.0112,0.0,normal,0.0,normal,0.0,normal,0.0,NORMAL,0.1,0.0,100,normal,YES,PASS,0.0,0.0,0.014,0.0,
17:02:08.748,1.0693,1.0054,1.0106,0.0,normal,0.0,normal,0.0,normal,0.0,NORMAL,0.1,0.0,100,normal,YES,PASS,0.0,0.0,0.028,0.0,
17:02:08.944,1.0112,1.0017,1.0025,0.0,normal,0.0,normal,0.0,normal,0.0,NORMAL,0.0,0.0,100,normal,YES,PASS,0.0,0.0,0.004,0.0,
17:02:09.131,1.0545,1.0012,1.0071,0.0,normal,0.0,normal,0.0,normal,0.0,NORMAL,0.1,0.0,100,normal,YES,PASS,0.0,0.0,0.022,0.0,
17:02:09.320,1.065,1.016,1.0071,0.0,normal,0.0,normal,0.0,normal,0.0,NORMAL,0.1,0.0,100,normal,YES,PASS,0.0,0.0,0.026,0.0,
17:02:09.506,1.0178,1.0037,1.008,0.0,normal,0.0,normal,0.0,normal,0.0,NORMAL,0.0,0.0,100,normal,YES,PASS,0.0,0.0,0.007,0.0,
17:02:09.683,1.0156,1.0044,1.0084,0.0,normal,0.0,speed_hump,0.529,normal,0.0,NORMAL,18.5,0.0,100,speed_hump,YES,PASS,0.0,0.0,0.006,0.529,
17:02:09.863,1.0468,1.003,1.0129,0.0,normal,0.0,speed_hump,0.5403,normal,0.0,NORMAL,19.0,0.0,100,speed_hump,YES,PASS,0.0,0.0,0.019,0.54,
17:02:10.045,1.0067,1.0063,1.0042,0.0,normal,0.0,normal,0.0,normal,0.0,NORMAL,0.0,0.0,100,normal,YES,PASS,0.0,0.0,0.003,0.0,
17:02:10.225,1.0326,1.0085,1.0103,0.0,normal,0.0,speed_hump,0.5063,normal,0.0,NORMAL,17.8,0.0,100,speed_hump,YES,PASS,0.0,0.0,0.013,0.506,
17:02:10.409,1.0246,1.0131,1.0097,0.0,normal,0.0,normal,0.0,normal,0.0,NORMAL,0.0,0.0,100,normal,YES,PASS,0.0,0.0,0.01,0.0,
17:02:10.590,1.0466,1.0058,1.0097,0.0,normal,0.0,normal,0.0,normal,0.0,NORMAL,0.1,0.0,100,normal,YES,PASS,0.0,0.0,0.019,0.0,
17:02:10.772,1.0407,1.01,1.0127,0.0,normal,0.0,normal,0.0,normal,0.0,NORMAL,0.1,0.0,100,normal,YES,PASS,0.0,0.0,0.016,0.0,
17:02:10.946,1.0376,1.0065,1.0046,0.0,normal,0.0,normal,0.0,normal,0.0,NORMAL,0.1,0.0,100,normal,YES,PASS,0.0,0.0,0.015,0.0,
17:02:11.110,1.0353,1.0005,1.0001,0.0,normal,0.0,speed_hump,0.5061,normal,0.0,NORMAL,17.8,0.0,100,speed_hump,YES,PASS,0.0,0.0,0.014,0.506,
17:02:11.277,1.0594,1.0076,1.008,0.0,normal,0.0,speed_hump,0.5196,normal,0.0,NORMAL,18.3,0.0,100,speed_hump,YES,PASS,0.0,0.0,0.024,0.52,
17:02:11.453,1.0028,1.0162,1.0028,0.0,normal,0.0,speed_hump,0.5415,normal,0.0,NORMAL,19.0,0.0,100,speed_hump,YES,PASS,0.0,0.0,0.001,0.542,
17:02:11.628,1.0247,1.0099,1.0078,0.0,normal,0.0,speed_hump,0.556,normal,0.0,NORMAL,19.5,0.0,100,speed_hump,YES,PASS,0.0,0.0,0.01,0.556,
17:02:11.810,1.0426,1.0014,1.0074,0.0,normal,0.0,speed_hump,0.5043,normal,0.0,NORMAL,17.7,0.0,100,speed_hump,YES,PASS,0.0,0.0,0.017,0.504,
17:02:11.984,1.0444,1.0133,1.0012,0.0,normal,0.0,normal,0.0,normal,0.0,NORMAL,0.1,0.0,100,normal,YES,PASS,0.0,0.0,0.018,0.0,
17:02:12.163,1.0357,1.0122,1.0044,0.0,normal,0.0,speed_hump,0.5009,normal,0.0,NORMAL,17.6,0.0,100,speed_hump,YES,PASS,0.0,0.0,0.014,0.501,
17:02:12.358,1.02,1.0021,1.0092,0.0,normal,0.0,normal,0.0,normal,0.0,NORMAL,0.0,0.0,100,normal,YES,PASS,0.0,0.0,0.008,0.0,
17:02:12.527,1.0544,1.0047,1.0051,5.0,pothole,1.0,normal,0.0,normal,0.0,NORMAL,18.3,0.0,100,pothole,YES,PASS,0.0,0.405,0.022,0.0,
17:02:12.712,1.0452,1.0073,1.0034,5.0,pothole,1.0,normal,0.0,normal,0.0,NORMAL,31.6,0.22,100,pothole,YES,PASS,0.0,0.701,0.018,0.0,
17:02:12.889,1.0159,1.0039,1.004,0.0,normal,0.0,normal,0.0,normal,0.0,NORMAL,23.1,0.0,100,normal,YES,PASS,0.0,0.512,0.006,0.0,
17:02:13.058,1.051,1.0121,1.0035,5.0,pothole,1.0,normal,0.0,normal,0.0,NORMAL,35.1,0.25,100,pothole,YES,PASS,0.0,0.779,0.02,0.0,
17:02:13.221,1.0081,1.0084,1.0104,5.0,pothole,1.0,normal,0.0,normal,0.0,CAUTION,43.8,0.31,85,pothole,NO,BLOCKED,0.0,0.974,0.003,0.0,
17:02:13.382,1.0597,1.0078,1.0081,0.0,normal,0.0,normal,0.0,normal,0.0,CAUTION,32.1,0.22,89,braking,NO,BLOCKED,0.0,0.711,0.024,0.0,
17:02:13.555,1.0345,1.0104,1.0086,0.0,normal,0.0,normal,0.0,normal,0.0,CAUTION,23.4,0.0,100,braking,NO,BLOCKED,0.0,0.519,0.014,0.0,
17:02:13.736,1.0114,1.0101,1.0107,0.0,normal,0.0,normal,0.0,normal,0.0,CAUTION,17.1,0.0,100,braking,NO,BLOCKED,0.0,0.378,0.005,0.0,
17:02:13.907,1.0228,1.0095,1.0075,0.0,normal,0.0,normal,0.0,normal,0.0,NORMAL,12.5,0.0,100,normal,YES,PASS,0.0,0.276,0.009,0.0,
17:02:14.071,1.037,1.0046,1.0067,0.0,normal,0.0,speed_hump,0.5128,normal,0.0,NORMAL,27.1,0.19,100,speed_hump,YES,PASS,0.0,0.202,0.015,0.513,
17:02:14.250,1.04,1.0127,1.0043,0.0,normal,0.0,normal,0.0,normal,0.0,NORMAL,6.7,0.0,100,normal,YES,PASS,0.0,0.147,0.016,0.0,
17:02:14.437,1.0018,1.0072,1.0086,0.0,normal,0.0,normal,0.0,normal,0.0,NORMAL,4.8,0.0,100,normal,YES,PASS,0.0,0.107,0.001,0.0,
17:02:14.619,1.0618,1.0096,1.0091,0.0,normal,0.0,normal,0.0,normal,0.0,NORMAL,3.7,0.0,100,normal,YES,PASS,0.0,0.078,0.025,0.0,
17:02:14.813,1.0466,1.0096,1.0072,0.0,normal,0.0,normal,0.0,normal,0.0,NORMAL,2.7,0.0,100,normal,YES,PASS,0.0,0.057,0.019,0.0,
17:02:14.997,1.0132,1.0016,1.0122,0.0,normal,0.0,normal,0.0,normal,0.0,NORMAL,1.9,0.0,100,normal,YES,PASS,0.0,0.042,0.005,0.0,
17:02:15.177,1.0396,1.0056,1.0084,0.0,normal,0.0,speed_hump,0.5004,normal,0.0,NORMAL,19.0,0.0,100,speed_hump,YES,PASS,0.0,0.03,0.016,0.5,
17:02:15.361,1.0452,1.0034,1.0092,0.0,normal,0.0,normal,0.0,normal,0.0,NORMAL,1.1,0.0,100,normal,YES,PASS,0.0,0.022,0.018,0.0,
17:02:15.537,1.0,1.0155,1.0057,0.0,normal,0.0,normal,0.0,normal,0.0,NORMAL,0.7,0.0,100,normal,YES,PASS,0.0,0.016,0.0,0.0,
17:02:15.734,1.0195,1.0137,1.0006,0.0,normal,0.0,normal,0.0,normal,0.0,NORMAL,0.6,0.0,100,normal,YES,PASS,0.0,0.012,0.008,0.0,
17:02:15.918,1.0126,1.0074,1.004,0.0,normal,0.0,speed_hump,0.5102,normal,0.0,NORMAL,18.3,0.0,100,speed_hump,YES,PASS,0.0,0.009,0.005,0.51,
17:02:16.097,1.0559,1.0154,1.0007,0.0,normal,0.0,speed_hump,0.5055,normal,0.0,NORMAL,18.1,0.0,100,speed_hump,YES,PASS,0.0,0.006,0.022,0.506,
17:02:16.261,1.0304,1.0117,1.0084,0.0,normal,0.0,normal,0.0,normal,0.0,NORMAL,0.3,0.0,100,normal,YES,PASS,0.0,0.005,0.012,0.0,
17:02:16.432,1.0315,1.0122,1.0121,5.0,pothole,1.0,normal,0.0,normal,0.0,NORMAL,18.4,0.0,100,pothole,YES,PASS,0.0,0.409,0.013,0.0,
17:02:16.626,1.005,1.003,1.0137,5.0,pothole,1.0,normal,0.0,normal,0.0,NORMAL,31.7,0.22,100,pothole,YES,PASS,0.0,0.703,0.002,0.0,
17:02:16.806,1.0373,1.0109,1.0071,5.0,pothole,1.0,normal,0.0,normal,0.0,NORMAL,41.4,0.29,100,pothole,YES,PASS,0.0,0.919,0.015,0.0,
17:02:16.989,1.0281,1.0096,1.0048,4.3386,pothole,0.6693,normal,0.0,normal,0.0,CAUTION,45.1,0.32,84,pothole,NO,BLOCKED,0.0,1.0,0.011,0.0,
17:02:17.174,1.0105,1.0084,1.002,4.3386,pothole,0.6693,normal,0.0,normal,0.0,CAUTION,45.0,0.32,84,pothole,NO,BLOCKED,0.0,1.0,0.004,0.0,
17:02:17.351,1.0476,1.0052,1.0113,4.3386,pothole,0.6693,normal,0.0,normal,0.0,CAUTION,45.1,0.32,84,pothole,NO,BLOCKED,0.0,1.0,0.019,0.0,
17:02:17.520,1.0214,1.0115,1.0056,4.3386,pothole,0.6693,normal,0.0,normal,0.0,CAUTION,45.0,0.32,84,pothole,NO,BLOCKED,0.0,1.0,0.009,0.0,
17:02:17.694,1.0013,1.0036,1.0102,0.0,normal,0.0,normal,0.0,normal,0.0,CAUTION,39.2,0.27,86,braking,NO,BLOCKED,0.0,0.871,0.001,0.0,
17:02:17.869,1.02,1.0004,1.0081,0.0,normal,0.0,normal,0.0,normal,0.0,CAUTION,28.6,0.2,90,braking,NO,BLOCKED,0.0,0.635,0.008,0.0,
17:02:18.055,1.0028,1.007,1.0043,0.0,normal,0.0,normal,0.0,normal,0.0,CAUTION,20.9,0.0,100,braking,NO,BLOCKED,0.0,0.464,0.001,0.0,
17:02:18.236,1.0151,1.0094,1.01,0.0,normal,0.0,normal,0.0,normal,0.0,CAUTION,15.3,0.0,100,braking,NO,BLOCKED,0.0,0.338,0.006,0.0,
17:02:18.409,1.0152,1.0133,1.0103,0.0,normal,0.0,normal,0.0,normal,0.0,NORMAL,11.1,0.0,100,normal,YES,PASS,0.0,0.247,0.006,0.0,
17:02:18.582,1.0118,1.0094,1.0049,0.0,normal,0.0,normal,0.0,normal,0.0,NORMAL,8.1,0.0,100,normal,YES,PASS,0.0,0.18,0.005,0.0,
17:02:18.771,1.0362,1.0034,1.0135,0.0,normal,0.0,normal,0.0,normal,0.0,NORMAL,6.0,0.0,100,normal,YES,PASS,0.0,0.132,0.014,0.0,
17:02:18.966,1.0049,1.0038,1.005,0.0,normal,0.0,normal,0.0,normal,0.0,NORMAL,4.3,0.0,100,normal,YES,PASS,0.0,0.096,0.002,0.0,
17:02:19.157,1.0017,1.0122,1.0056,0.0,normal,0.0,normal,0.0,normal,0.0,NORMAL,3.2,0.0,100,normal,YES,PASS,0.0,0.07,0.001,0.0,
17:02:19.331,1.0518,1.0106,1.0076,0.0,normal,0.0,normal,0.0,normal,0.0,NORMAL,2.4,0.0,100,normal,YES,PASS,0.0,0.051,0.021,0.0,
17:02:19.497,1.0071,1.0095,1.0116,0.0,normal,0.0,normal,0.0,normal,0.0,NORMAL,1.7,0.0,100,normal,YES,PASS,0.0,0.037,0.003,0.0,
17:02:19.675,1.0044,1.0075,1.0144,0.0,normal,0.0,speed_hump,0.5121,normal,0.0,NORMAL,19.2,0.0,100,speed_hump,YES,PASS,0.0,0.027,0.002,0.512,
17:02:19.868,1.0649,1.0106,1.0069,0.0,normal,0.0,speed_hump,0.5462,normal,0.0,NORMAL,20.1,0.0,100,speed_hump,YES,PASS,0.0,0.02,0.026,0.546,
17:02:20.046,1.0348,1.0048,1.0064,0.0,normal,0.0,speed_hump,0.5282,normal,0.0,NORMAL,19.2,0.0,100,speed_hump,YES,PASS,0.0,0.015,0.014,0.528,
17:02:20.223,1.0272,1.0117,1.0109,0.0,normal,0.0,speed_hump,0.5538,normal,0.0,NORMAL,19.9,0.0,100,speed_hump,YES,PASS,0.0,0.011,0.011,0.554,
17:02:20.403,1.0359,1.0054,1.0122,5.0,pothole,1.0,normal,0.0,normal,0.0,NORMAL,18.7,0.0,100,pothole,YES,PASS,0.0,0.413,0.014,0.0,
17:02:20.563,1.0572,1.0112,1.0087,5.0,pothole,1.0,normal,0.0,normal,0.0,NORMAL,31.9,0.22,100,pothole,YES,PASS,0.0,0.707,0.023,0.0,
17:02:20.739,1.0594,1.0032,1.003,5.0,pothole,1.0,normal,0.0,normal,0.0,NORMAL,41.6,0.29,100,pothole,YES,PASS,0.0,0.921,0.024,0.0,
17:02:20.916,1.0428,1.0052,1.0104,5.0,pothole,1.0,normal,0.0,normal,0.0,CAUTION,45.1,0.32,84,pothole,NO,BLOCKED,0.0,1.0,0.017,0.0,
17:02:21.089,1.0424,1.0063,1.0108,5.0,pothole,1.0,normal,0.0,normal,0.0,CAUTION,45.1,0.32,84,pothole,NO,BLOCKED,0.0,1.0,0.017,0.0,
17:02:21.279,1.0561,1.0063,1.0025,5.0,pothole,1.0,normal,0.0,normal,0.0,CAUTION,45.1,0.32,84,pothole,NO,BLOCKED,0.0,1.0,0.022,0.0,
17:02:21.464,1.0042,1.0042,1.0097,5.0,pothole,1.0,normal,0.0,normal,0.0,CAUTION,45.0,0.32,84,pothole,NO,BLOCKED,0.0,1.0,0.002,0.0,
17:02:21.667,1.0231,1.0002,1.0079,0.0,normal,0.0,normal,0.0,normal,0.0,CAUTION,43.9,0.31,85,braking,NO,BLOCKED,0.0,0.975,0.009,0.0,
17:02:21.859,1.0592,1.0125,1.0119,0.0,normal,0.0,normal,0.0,normal,0.0,CAUTION,32.1,0.22,89,braking,NO,BLOCKED,0.0,0.711,0.024,0.0,
17:02:22.040,1.0419,1.0024,1.0066,0.0,normal,0.0,normal,0.0,normal,0.0,CAUTION,23.5,0.0,100,braking,NO,BLOCKED,0.0,0.519,0.017,0.0,
17:02:22.219,1.0266,1.0083,1.0064,0.0,normal,0.0,normal,0.0,normal,0.0,CAUTION,17.1,0.0,100,braking,NO,BLOCKED,0.0,0.379,0.011,0.0,
17:02:22.385,1.0507,1.0013,1.0014,0.0,normal,0.0,normal,0.0,normal,0.0,NORMAL,12.5,0.0,100,normal,YES,PASS,0.0,0.277,0.02,0.0,
17:02:22.574,1.0575,1.0046,1.0082,0.0,normal,0.0,normal,0.0,normal,0.0,NORMAL,9.2,0.0,100,normal,YES,PASS,0.0,0.202,0.023,0.0,
17:02:22.768,1.0057,1.0089,1.0119,0.0,normal,0.0,normal,0.0,normal,0.0,NORMAL,6.6,0.0,100,normal,YES,PASS,0.0,0.147,0.002,0.0,
17:02:22.949,1.0441,1.0017,1.0074,0.0,normal,0.0,normal,0.0,normal,0.0,NORMAL,4.9,0.0,100,normal,YES,PASS,0.0,0.108,0.018,0.0,
17:02:23.143,1.0114,1.0004,1.0081,0.0,normal,0.0,normal,0.0,normal,0.0,NORMAL,3.6,0.0,100,normal,YES,PASS,0.0,0.078,0.005,0.0,
17:02:23.324,1.0582,1.0057,1.011,0.0,normal,0.0,normal,0.0,normal,0.0,NORMAL,2.7,0.0,100,normal,YES,PASS,0.0,0.057,0.023,0.0,
17:02:23.509,1.0259,1.0025,1.0063,0.0,normal,0.0,normal,0.0,normal,0.0,NORMAL,1.9,0.0,100,normal,YES,PASS,0.0,0.042,0.01,0.0,
17:02:23.679,1.0013,1.0036,1.0094,0.0,normal,0.0,normal,0.0,normal,0.0,NORMAL,1.4,0.0,100,normal,YES,PASS,0.0,0.031,0.001,0.0,
17:02:23.850,1.0419,1.0008,1.0143,0.0,normal,0.0,normal,0.0,normal,0.0,NORMAL,1.1,0.0,100,normal,YES,PASS,0.0,0.022,0.017,0.0,
17:02:24.049,1.001,1.0013,1.0106,0.0,normal,0.0,normal,0.0,normal,0.0,NORMAL,0.7,0.0,100,normal,YES,PASS,0.0,0.016,0.0,0.0,
17:02:24.250,1.0288,1.0095,1.0074,0.0,normal,0.0,normal,0.0,normal,0.0,NORMAL,0.6,0.0,100,normal,YES,PASS,0.0,0.012,0.012,0.0,
17:02:24.450,1.0094,1.006,1.0057,0.0,normal,0.0,normal,0.0,normal,0.0,NORMAL,0.4,0.0,100,normal,YES,PASS,0.0,0.009,0.004,0.0,
17:02:24.642,1.0358,1.0091,1.008,4.2816,pothole,0.6408,normal,0.0,normal,0.0,NORMAL,16.0,0.0,100,pothole,YES,PASS,0.0,0.353,0.014,0.0,
17:02:24.826,1.0742,1.0096,1.0047,4.2816,pothole,0.6408,speed_hump,0.5015,normal,0.0,NORMAL,44.9,0.31,100,speed_hump,YES,PASS,0.0,0.605,0.03,0.501,
17:02:25.002,1.0548,1.0104,1.0141,4.2816,pothole,0.6408,speed_hump,0.5021,normal,0.0,NORMAL,53.2,0.37,100,speed_hump,YES,PASS,0.0,0.788,0.022,0.502,
17:02:25.179,1.0119,1.0073,1.0131,4.2816,pothole,0.6408,speed_hump,0.505,normal,0.0,CAUTION,59.2,0.59,70,speed_hump,NO,BLOCKED,0.0,0.922,0.005,0.505,
17:02:25.353,1.0079,1.0053,1.0002,4.2816,pothole,0.6408,speed_hump,0.5311,normal,0.0,CAUTION,63.6,0.64,68,speed_hump,NO,BLOCKED,0.0,1.0,0.003,0.531,
17:02:25.703,1.0588,1.016,1.0086,4.2816,pothole,0.6408,normal,0.0,normal,0.0,CAUTION,45.1,0.32,84,pothole,NO,BLOCKED,0.0,1.0,0.024,0.0,
17:02:25.895,1.0204,1.0009,1.0101,4.2816,pothole,0.6408,normal,0.0,normal,0.0,CAUTION,45.0,0.32,84,pothole,NO,BLOCKED,0.0,1.0,0.008,0.0,
17:02:26.083,1.0505,1.0028,1.0077,4.2816,pothole,0.6408,normal,0.0,normal,0.0,CAUTION,45.1,0.32,84,pothole,NO,BLOCKED,0.0,1.0,0.02,0.0,
17:02:26.273,1.0588,1.0048,1.0047,4.2816,pothole,0.6408,normal,0.0,normal,0.0,CAUTION,45.1,0.32,84,pothole,NO,BLOCKED,0.0,1.0,0.024,0.0,
17:02:26.455,1.0046,1.0034,1.0089,5.0,pothole,1.0,normal,0.0,normal,0.0,CAUTION,45.0,0.32,84,pothole,NO,BLOCKED,0.0,1.0,0.002,0.0,
17:02:26.643,1.0507,1.0073,1.0043,5.0,pothole,1.0,normal,0.0,normal,0.0,CAUTION,45.1,0.32,84,pothole,NO,BLOCKED,0.0,1.0,0.02,0.0,
17:02:26.822,1.0144,1.0064,1.0013,0.0,normal,0.0,normal,0.0,normal,0.0,CAUTION,44.2,0.31,85,braking,NO,BLOCKED,0.0,0.982,0.006,0.0,
17:02:27.004,1.0051,1.0067,1.0119,0.0,normal,0.0,normal,0.0,normal,0.0,CAUTION,32.3,0.23,89,braking,NO,BLOCKED,0.0,0.717,0.002,0.0,
17:02:27.184,1.015,1.0159,1.01,0.0,normal,0.0,normal,0.0,normal,0.0,CAUTION,23.6,0.0,100,braking,NO,BLOCKED,0.0,0.523,0.006,0.0,
17:02:27.352,1.0627,1.002,1.0145,0.0,normal,0.0,normal,0.0,normal,0.0,CAUTION,17.3,0.0,100,braking,NO,BLOCKED,0.0,0.382,0.025,0.0,
17:02:27.532,1.0418,1.0041,1.0111,0.0,normal,0.0,normal,0.0,normal,0.0,NORMAL,12.6,0.0,100,normal,YES,PASS,0.0,0.279,0.017,0.0,
17:02:27.715,1.0128,1.0132,1.0016,0.0,normal,0.0,normal,0.0,normal,0.0,NORMAL,9.2,0.0,100,normal,YES,PASS,0.0,0.203,0.005,0.0,
17:02:27.907,1.0635,1.0058,1.0005,0.0,normal,0.0,normal,0.0,normal,0.0,NORMAL,6.8,0.0,100,normal,YES,PASS,0.0,0.148,0.025,0.0,
17:02:28.099,1.0209,1.0047,1.0064,0.0,normal,0.0,normal,0.0,normal,0.0,NORMAL,4.9,0.0,100,normal,YES,PASS,0.0,0.108,0.008,0.0,
17:02:28.274,1.0054,1.0088,1.0009,0.0,normal,0.0,normal,0.0,normal,0.0,NORMAL,3.6,0.0,100,normal,YES,PASS,0.0,0.079,0.002,0.0,
17:02:28.439,1.0508,1.0107,1.001,0.0,normal,0.0,normal,0.0,normal,0.0,NORMAL,2.7,0.0,100,normal,YES,PASS,0.0,0.058,0.02,0.0,
17:02:28.627,1.0221,1.008,1.0009,0.0,normal,0.0,normal,0.0,normal,0.0,NORMAL,1.9,0.0,100,normal,YES,PASS,0.0,0.042,0.009,0.0,
17:02:28.816,1.0028,1.0052,1.0079,0.0,normal,0.0,normal,0.0,normal,0.0,NORMAL,1.4,0.0,100,normal,YES,PASS,0.0,0.031,0.001,0.0,
17:02:28.996,1.0411,1.0151,1.0008,0.0,normal,0.0,normal,0.0,normal,0.0,NORMAL,1.1,0.0,100,normal,YES,PASS,0.0,0.022,0.016,0.0,
17:02:29.179,1.0362,1.0063,1.0077,0.0,normal,0.0,normal,0.0,normal,0.0,NORMAL,0.8,0.0,100,normal,YES,PASS,0.0,0.016,0.014,0.0,
17:02:29.348,1.041,1.0122,1.0097,0.0,normal,0.0,normal,0.0,normal,0.0,NORMAL,0.6,0.0,100,normal,YES,PASS,0.0,0.012,0.016,0.0,
17:02:29.537,1.0219,1.0073,1.0035,0.0,normal,0.0,normal,0.0,normal,0.0,NORMAL,0.4,0.0,100,normal,YES,PASS,0.0,0.009,0.009,0.0,
17:02:29.733,1.0422,1.0083,1.0102,0.0,normal,0.0,normal,0.0,normal,0.0,NORMAL,0.4,0.0,100,normal,YES,PASS,0.0,0.006,0.017,0.0,
17:02:29.928,1.0011,1.0078,1.001,0.0,normal,0.0,normal,0.0,normal,0.0,NORMAL,0.2,0.0,100,normal,YES,PASS,0.0,0.005,0.0,0.0,
17:02:30.097,1.0483,1.0044,1.0016,0.0,normal,0.0,normal,0.0,normal,0.0,NORMAL,0.2,0.0,100,normal,YES,PASS,0.0,0.003,0.019,0.0,
17:02:30.276,1.0487,1.004,1.0041,0.0,normal,0.0,normal,0.0,normal,0.0,NORMAL,0.2,0.0,100,normal,YES,PASS,0.0,0.002,0.019,0.0,
17:02:30.495,1.0051,1.0089,1.009,0.0,normal,0.0,normal,0.0,normal,0.0,NORMAL,0.1,0.0,100,normal,YES,PASS,0.0,0.002,0.002,0.0,
17:02:30.747,1.0154,1.0004,1.0049,0.0,normal,0.0,normal,0.0,normal,0.0,NORMAL,0.1,0.0,100,normal,YES,PASS,0.0,0.001,0.006,0.0,
17:02:30.987,1.0127,1.0087,1.0152,0.0,normal,0.0,speed_hump,0.5202,normal,0.0,NORMAL,18.3,0.0,100,speed_hump,YES,PASS,0.0,0.001,0.005,0.52,
17:02:31.172,1.0195,1.0096,1.0002,0.0,normal,0.0,normal,0.0,normal,0.0,NORMAL,0.1,0.0,100,normal,YES,PASS,0.0,0.001,0.008,0.0,
17:02:31.348,1.0755,1.0103,1.0118,0.0,normal,0.0,normal,0.0,normal,0.0,NORMAL,0.2,0.0,100,normal,YES,PASS,0.0,0.001,0.03,0.0,
17:02:31.509,1.0258,1.0057,1.0056,0.0,normal,0.0,normal,0.0,normal,0.0,NORMAL,0.1,0.0,100,normal,YES,PASS,0.0,0.0,0.01,0.0,
17:02:31.693,1.0399,1.0014,1.0053,0.0,normal,0.0,normal,0.0,normal,0.0,NORMAL,0.1,0.0,100,normal,YES,PASS,0.0,0.0,0.016,0.0,
17:02:31.892,1.0043,1.0097,1.0033,0.0,normal,0.0,normal,0.0,normal,0.0,NORMAL,0.0,0.0,100,normal,YES,PASS,0.0,0.0,0.002,0.0,
17:02:32.100,1.008,1.0083,1.0047,0.0,normal,0.0,normal,0.0,normal,0.0,NORMAL,0.0,0.0,100,normal,YES,PASS,0.0,0.0,0.003,0.0,
17:02:32.269,1.063,1.0109,1.0121,0.0,normal,0.0,normal,0.0,normal,0.0,NORMAL,0.1,0.0,100,normal,YES,PASS,0.0,0.0,0.025,0.0,
17:02:32.445,1.0113,1.0081,1.0052,0.0,normal,0.0,normal,0.0,normal,0.0,NORMAL,0.0,0.0,100,normal,YES,PASS,0.0,0.0,0.005,0.0,
17:02:32.614,1.0053,1.0121,1.0157,0.0,normal,0.0,normal,0.0,normal,0.0,NORMAL,0.0,0.0,100,normal,YES,PASS,0.0,0.0,0.002,0.0,
17:02:32.806,1.0204,1.0013,1.0042,0.0,normal,0.0,normal,0.0,normal,0.0,NORMAL,0.0,0.0,100,normal,YES,PASS,0.0,0.0,0.008,0.0,
17:02:33.001,1.0581,1.0046,1.0076,0.0,normal,0.0,normal,0.0,normal,0.0,NORMAL,0.1,0.0,100,normal,YES,PASS,0.0,0.0,0.023,0.0,
17:02:33.200,1.0264,1.0091,1.0025,0.0,normal,0.0,normal,0.0,normal,0.0,NORMAL,0.1,0.0,100,normal,YES,PASS,0.0,0.0,0.011,0.0,
17:02:33.381,1.0629,1.0074,1.0045,0.0,normal,0.0,normal,0.0,normal,0.0,NORMAL,0.1,0.0,100,normal,YES,PASS,0.0,0.0,0.025,0.0,
17:02:33.559,1.0176,1.0011,1.0065,0.0,normal,0.0,normal,0.0,normal,0.0,NORMAL,0.0,0.0,100,normal,YES,PASS,0.0,0.0,0.007,0.0,
17:02:33.731,1.0475,1.0169,1.0098,0.0,normal,0.0,normal,0.0,normal,0.0,NORMAL,0.1,0.0,100,normal,YES,PASS,0.0,0.0,0.019,0.0,
17:02:33.922,1.0132,1.0017,1.0055,0.0,normal,0.0,normal,0.0,normal,0.0,NORMAL,0.0,0.0,100,normal,YES,PASS,0.0,0.0,0.005,0.0,
17:02:34.110,1.039,1.0077,1.0026,0.0,normal,0.0,normal,0.0,normal,0.0,NORMAL,0.1,0.0,100,normal,YES,PASS,0.0,0.0,0.016,0.0,
17:02:34.298,1.0213,1.0099,1.0033,0.0,normal,0.0,normal,0.0,normal,0.0,NORMAL,0.0,0.0,100,normal,YES,PASS,0.0,0.0,0.009,0.0,
17:02:34.479,1.0509,1.0088,1.0021,0.0,normal,0.0,normal,0.0,normal,0.0,NORMAL,0.1,0.0,100,normal,YES,PASS,0.0,0.0,0.02,0.0,
17:02:34.660,1.0487,1.0089,1.0043,0.0,normal,0.0,normal,0.0,normal,0.0,NORMAL,0.1,0.0,100,normal,YES,PASS,0.0,0.0,0.019,0.0,
17:02:34.830,1.0444,1.0024,1.0053,0.0,normal,0.0,normal,0.0,normal,0.0,NORMAL,0.1,0.0,100,normal,YES,PASS,0.0,0.0,0.018,0.0,
17:02:35.011,1.0318,1.0081,1.0031,0.0,normal,0.0,normal,0.0,normal,0.0,NORMAL,0.1,0.0,100,normal,YES,PASS,0.0,0.0,0.013,0.0,
17:02:35.193,1.021,1.0101,1.0131,0.0,normal,0.0,normal,0.0,normal,0.0,NORMAL,0.0,0.0,100,normal,YES,PASS,0.0,0.0,0.008,0.0,
17:02:35.385,1.0485,1.0112,1.0094,0.0,normal,0.0,normal,0.0,normal,0.0,NORMAL,0.1,0.0,100,normal,YES,PASS,0.0,0.0,0.019,0.0,
17:02:35.565,1.0566,1.005,1.0064,0.0,normal,0.0,normal,0.0,normal,0.0,NORMAL,0.1,0.0,100,normal,YES,PASS,0.0,0.0,0.023,0.0,
17:02:35.748,1.0489,1.0083,1.0098,0.0,normal,0.0,normal,0.0,normal,0.0,NORMAL,0.1,0.0,100,normal,YES,PASS,0.0,0.0,0.02,0.0,
17:02:35.926,1.0419,1.0113,1.0009,0.0,normal,0.0,normal,0.0,normal,0.0,NORMAL,0.1,0.0,100,normal,YES,PASS,0.0,0.0,0.017,0.0,
17:02:36.116,1.0028,1.0075,1.0113,0.0,normal,0.0,normal,0.0,normal,0.0,NORMAL,0.0,0.0,100,normal,YES,PASS,0.0,0.0,0.001,0.0,
17:02:36.304,1.0055,1.0123,1.0003,0.0,normal,0.0,normal,0.0,normal,0.0,NORMAL,0.0,0.0,100,normal,YES,PASS,0.0,0.0,0.002,0.0,
17:02:36.499,1.0209,1.0141,1.0041,0.0,normal,0.0,normal,0.0,normal,0.0,NORMAL,0.0,0.0,100,normal,YES,PASS,0.0,0.0,0.008,0.0,
17:02:36.675,1.0067,1.0032,1.0012,0.0,normal,0.0,normal,0.0,normal,0.0,NORMAL,0.0,0.0,100,normal,YES,PASS,0.0,0.0,0.003,0.0,
17:02:36.857,1.0499,1.0126,1.0088,0.0,normal,0.0,normal,0.0,normal,0.0,NORMAL,0.1,0.0,100,normal,YES,PASS,0.0,0.0,0.02,0.0,
17:02:37.032,1.0118,1.0011,1.0133,0.0,normal,0.0,speed_hump,0.5188,normal,0.0,NORMAL,18.2,0.0,100,speed_hump,YES,PASS,0.0,0.0,0.005,0.519,
17:02:37.212,1.0433,1.0037,1.0016,0.0,normal,0.0,speed_hump,0.5029,normal,0.0,NORMAL,17.7,0.0,100,speed_hump,YES,PASS,0.0,0.0,0.017,0.503,
17:02:37.395,1.0434,1.0052,1.0019,0.0,normal,0.0,speed_hump,0.5303,normal,0.0,NORMAL,18.6,0.0,100,speed_hump,YES,PASS,0.0,0.0,0.017,0.53,
17:02:37.568,1.0536,1.0023,1.0067,0.0,normal,0.0,speed_hump,0.5163,normal,0.0,NORMAL,18.2,0.0,100,speed_hump,YES,PASS,0.0,0.0,0.021,0.516,
17:02:37.753,1.0146,1.0104,1.0116,0.0,normal,0.0,speed_hump,0.5019,normal,0.0,NORMAL,17.6,0.0,100,speed_hump,YES,PASS,0.0,0.0,0.006,0.502,
17:02:37.933,1.0219,1.0078,1.0081,0.0,normal,0.0,normal,0.0,normal,0.0,NORMAL,0.0,0.0,100,normal,YES,PASS,0.0,0.0,0.009,0.0,
17:02:38.117,1.0584,1.0015,1.0124,0.0,normal,0.0,normal,0.0,normal,0.0,NORMAL,0.1,0.0,100,normal,YES,PASS,0.0,0.0,0.023,0.0,
17:02:38.306,1.0104,1.0075,1.0048,0.0,normal,0.0,speed_hump,0.502,normal,0.0,NORMAL,17.6,0.0,100,speed_hump,YES,PASS,0.0,0.0,0.004,0.502,
17:02:38.498,1.0085,1.012,1.0117,0.0,normal,0.0,speed_hump,0.5102,normal,0.0,NORMAL,17.9,0.0,100,speed_hump,YES,PASS,0.0,0.0,0.003,0.51,
17:02:38.688,1.0417,1.0038,1.0103,0.0,normal,0.0,normal,0.0,normal,0.0,NORMAL,0.1,0.0,100,normal,YES,PASS,0.0,0.0,0.017,0.0,
17:02:38.853,1.0136,1.0043,1.0088,0.0,normal,0.0,speed_hump,0.5106,normal,0.0,NORMAL,17.9,0.0,100,speed_hump,YES,PASS,0.0,0.0,0.005,0.511,
17:02:39.031,1.0436,1.0081,1.0045,0.0,normal,0.0,speed_hump,0.5333,normal,0.0,NORMAL,18.8,0.0,100,speed_hump,YES,PASS,0.0,0.0,0.017,0.533,
17:02:39.210,1.0493,1.0121,1.0101,0.0,normal,0.0,speed_hump,0.5443,normal,0.0,NORMAL,19.1,0.0,100,speed_hump,YES,PASS,0.0,0.0,0.02,0.544,
17:02:39.384,1.0413,1.0041,1.0049,0.0,normal,0.0,speed_hump,0.5239,normal,0.0,NORMAL,18.4,0.0,100,speed_hump,YES,PASS,0.0,0.0,0.017,0.524,
17:02:39.557,1.0325,1.0139,1.0107,0.0,normal,0.0,speed_hump,0.5488,normal,0.0,NORMAL,19.3,0.0,100,speed_hump,YES,PASS,0.0,0.0,0.013,0.549,
17:02:39.725,1.0525,1.0114,1.0045,0.0,normal,0.0,speed_hump,0.5585,normal,0.0,NORMAL,19.7,0.0,100,speed_hump,YES,PASS,0.0,0.0,0.021,0.559,
17:02:39.904,1.0286,1.0096,1.0088,5.0,pothole,1.0,speed_hump,0.5387,normal,0.0,NORMAL,37.1,0.26,100,speed_hump,YES,PASS,0.0,0.405,0.011,0.539,
17:02:40.085,1.0466,1.0073,1.0002,5.0,pothole,1.0,speed_hump,0.5341,normal,0.0,NORMAL,50.3,0.35,100,speed_hump,YES,PASS,0.0,0.701,0.019,0.534,
17:02:40.277,1.0552,1.0123,1.0002,0.0,normal,0.0,speed_hump,0.5541,normal,0.0,CAUTION,42.5,0.3,85,speed_hump,NO,BLOCKED,0.0,0.512,0.022,0.554,
17:02:40.445,1.0478,1.0078,1.0081,0.0,normal,0.0,speed_hump,0.5104,normal,0.0,CAUTION,34.8,0.24,88,speed_hump,NO,BLOCKED,0.0,0.373,0.019,0.51,
17:02:40.660,1.0503,1.0093,1.005,5.0,pothole,1.0,speed_hump,0.5103,normal,0.0,CAUTION,48.5,0.34,83,speed_hump,NO,BLOCKED,0.0,0.678,0.02,0.51,
17:02:40.839,1.0087,1.0071,1.0119,5.0,pothole,1.0,speed_hump,0.5119,normal,0.0,CAUTION,58.4,0.58,71,speed_hump,NO,BLOCKED,0.0,0.9,0.003,0.512,
17:02:41.024,1.0399,1.0034,1.0071,5.0,pothole,1.0,speed_hump,0.5023,normal,0.0,CAUTION,62.7,0.63,69,speed_hump,NO,BLOCKED,0.0,1.0,0.016,0.502,
17:02:41.197,1.0329,1.0061,1.0035,5.0,pothole,1.0,normal,0.0,normal,0.0,CAUTION,45.1,0.32,84,pothole,NO,BLOCKED,0.0,1.0,0.013,0.0,
17:02:41.376,1.0175,1.0054,1.0043,5.0,pothole,1.0,normal,0.0,normal,0.0,CAUTION,45.0,0.32,84,pothole,NO,BLOCKED,0.0,1.0,0.007,0.0,
17:02:41.559,1.0355,1.0074,1.005,0.0,normal,0.0,normal,0.0,normal,0.0,CAUTION,41.7,0.29,85,braking,NO,BLOCKED,0.0,0.924,0.014,0.0,
17:02:41.730,1.0179,1.0072,1.002,0.0,normal,0.0,normal,0.0,normal,0.0,CAUTION,30.4,0.21,89,braking,NO,BLOCKED,0.0,0.675,0.007,0.0,
17:02:41.908,1.0167,1.0059,1.0129,0.0,normal,0.0,speed_hump,0.5006,normal,0.0,CAUTION,39.7,0.28,86,speed_hump,NO,BLOCKED,0.0,0.492,0.007,0.501,
17:02:42.090,1.041,1.0007,1.0136,0.0,normal,0.0,speed_hump,0.5139,normal,0.0,CAUTION,34.2,0.24,88,speed_hump,NO,BLOCKED,0.0,0.359,0.016,0.514,
17:02:42.256,1.0398,1.0041,1.0044,0.0,normal,0.0,normal,0.0,normal,0.0,CAUTION,11.9,0.0,100,braking,NO,BLOCKED,0.0,0.262,0.016,0.0,
17:02:42.432,1.0577,1.0031,1.012,0.0,normal,0.0,speed_hump,0.5072,normal,0.0,CAUTION,26.5,0.19,91,speed_hump,NO,BLOCKED,0.0,0.191,0.023,0.507,
17:02:42.612,1.0514,1.0074,1.0113,2.5088,speed_hump,0.7544,speed_hump,0.5162,normal,0.0,CAUTION,33.6,0.24,88,speed_hump,NO,BLOCKED,0.0,0.343,0.021,0.516,
17:02:42.793,1.049,1.0073,1.0054,2.5088,speed_hump,0.7544,normal,0.0,normal,0.0,CAUTION,20.5,0.0,100,speed_hump,NO,BLOCKED,0.0,0.454,0.02,0.0,
17:02:42.977,1.0305,1.0037,1.0034,2.5088,speed_hump,0.7544,normal,0.0,normal,0.0,NORMAL,24.1,0.0,100,speed_hump,YES,PASS,0.0,0.534,0.012,0.0,
17:02:43.159,1.0477,1.0057,1.0077,2.5088,speed_hump,0.7544,normal,0.0,normal,0.0,CAUTION,26.8,0.19,91,speed_hump,NO,BLOCKED,0.0,0.593,0.019,0.0,
17:02:43.344,1.0536,1.0063,1.0078,2.5088,speed_hump,0.7544,normal,0.0,normal,0.0,CAUTION,28.7,0.2,90,speed_hump,NO,BLOCKED,0.0,0.636,0.021,0.0,
17:02:43.520,1.0661,1.0028,1.0087,2.5088,speed_hump,0.7544,speed_hump,0.5112,normal,0.0,CAUTION,48.1,0.34,83,speed_hump,NO,BLOCKED,0.0,0.668,0.026,0.511,
17:02:43.693,1.0562,1.0086,1.0085,2.5088,speed_hump,0.7544,speed_hump,0.5199,normal,0.0,CAUTION,49.4,0.35,83,speed_hump,NO,BLOCKED,0.0,0.691,0.022,0.52,
17:02:43.863,1.0046,1.0117,1.0034,2.5088,speed_hump,0.7544,speed_hump,0.5204,normal,0.0,CAUTION,50.1,0.35,82,speed_hump,NO,BLOCKED,0.0,0.707,0.002,0.52,
17:02:44.052,1.0568,1.0049,1.0009,2.5088,speed_hump,0.7544,speed_hump,0.5185,normal,0.0,CAUTION,50.6,0.35,82,speed_hump,NO,BLOCKED,0.0,0.72,0.023,0.518,
17:02:44.231,1.0297,1.0058,1.0069,5.0,pothole,1.0,speed_hump,0.5283,normal,0.0,CAUTION,60.4,0.6,70,speed_hump,NO,BLOCKED,0.0,0.93,0.012,0.528,
17:02:44.410,1.0057,1.0126,1.0139,5.0,pothole,1.0,normal,0.0,normal,0.0,CAUTION,45.0,0.32,84,pothole,NO,BLOCKED,0.0,1.0,0.002,0.0,
17:02:44.585,1.0115,1.0014,1.0089,0.0,normal,0.0,normal,0.0,normal,0.0,CAUTION,35.6,0.25,88,braking,NO,BLOCKED,0.0,0.791,0.005,0.0,
17:02:44.766,1.0269,1.0092,1.0056,0.0,normal,0.0,normal,0.0,normal,0.0,CAUTION,26.0,0.18,91,braking,NO,BLOCKED,0.0,0.578,0.011,0.0,
17:02:44.932,1.0379,1.0071,1.0076,0.0,normal,0.0,normal,0.0,normal,0.0,CAUTION,19.0,0.0,100,braking,NO,BLOCKED,0.0,0.422,0.015,0.0,
17:02:45.117,1.0521,1.0066,1.0046,0.0,normal,0.0,normal,0.0,normal,0.0,CAUTION,13.9,0.0,100,braking,NO,BLOCKED,0.0,0.308,0.021,0.0,
17:02:45.293,1.0065,1.0048,1.0041,0.0,normal,0.0,normal,0.0,normal,0.0,NORMAL,10.1,0.0,100,normal,YES,PASS,0.0,0.225,0.003,0.0,
17:02:45.475,1.0247,1.0118,1.0101,0.0,normal,0.0,normal,0.0,normal,0.0,NORMAL,7.4,0.0,100,normal,YES,PASS,0.0,0.164,0.01,0.0,
17:02:45.656,1.0008,1.0035,1.0083,0.0,normal,0.0,normal,0.0,normal,0.0,NORMAL,5.4,0.0,100,normal,YES,PASS,0.0,0.12,0.0,0.0,
17:02:45.829,1.0441,1.0052,1.0069,0.0,normal,0.0,normal,0.0,normal,0.0,NORMAL,4.0,0.0,100,normal,YES,PASS,0.0,0.087,0.018,0.0,
17:02:46.022,1.0133,1.0052,1.0085,0.0,normal,0.0,normal,0.0,normal,0.0,NORMAL,2.9,0.0,100,normal,YES,PASS,0.0,0.064,0.005,0.0,
17:02:46.211,1.038,1.0108,1.0005,0.0,normal,0.0,normal,0.0,normal,0.0,NORMAL,2.2,0.0,100,normal,YES,PASS,0.0,0.047,0.015,0.0,
17:02:46.396,1.0617,1.0065,1.0019,0.0,normal,0.0,normal,0.0,normal,0.0,NORMAL,1.7,0.0,100,normal,YES,PASS,0.0,0.034,0.025,0.0,
17:02:46.577,1.0236,1.0076,1.0128,0.0,normal,0.0,normal,0.0,normal,0.0,NORMAL,1.2,0.0,100,normal,YES,PASS,0.0,0.025,0.009,0.0,
17:02:46.757,1.0081,1.0079,1.0098,0.0,normal,0.0,speed_hump,0.5006,normal,0.0,NORMAL,18.4,0.0,100,speed_hump,YES,PASS,0.0,0.018,0.003,0.501,
17:02:46.935,1.0111,1.003,1.0062,0.0,normal,0.0,speed_hump,0.5004,normal,0.0,NORMAL,18.1,0.0,100,speed_hump,YES,PASS,0.0,0.013,0.004,0.5,
17:02:47.119,1.0463,1.0001,1.0076,0.0,normal,0.0,normal,0.0,normal,0.0,NORMAL,0.5,0.0,100,normal,YES,PASS,0.0,0.01,0.019,0.0,
17:02:47.293,1.013,1.0052,1.0042,0.0,normal,0.0,normal,0.0,normal,0.0,NORMAL,0.3,0.0,100,normal,YES,PASS,0.0,0.007,0.005,0.0,
17:02:47.477,1.0247,1.0001,1.0056,0.0,normal,0.0,normal,0.0,normal,0.0,NORMAL,0.3,0.0,100,normal,YES,PASS,0.0,0.005,0.01,0.0,
17:02:47.674,1.0405,1.0139,1.0066,0.0,normal,0.0,normal,0.0,normal,0.0,NORMAL,0.2,0.0,100,normal,YES,PASS,0.0,0.004,0.016,0.0,
17:02:47.859,1.0242,1.0009,1.0113,0.0,normal,0.0,normal,0.0,normal,0.0,NORMAL,0.2,0.0,100,normal,YES,PASS,0.0,0.003,0.01,0.0,
17:02:48.043,1.0029,1.006,1.0039,0.0,normal,0.0,normal,0.0,normal,0.0,NORMAL,0.1,0.0,100,normal,YES,PASS,0.0,0.002,0.001,0.0,
17:02:48.234,1.0034,1.0095,1.0071,0.0,normal,0.0,normal,0.0,normal,0.0,NORMAL,0.1,0.0,100,normal,YES,PASS,0.0,0.001,0.001,0.0,
17:02:48.419,1.034,1.009,1.0132,0.0,normal,0.0,normal,0.0,normal,0.0,NORMAL,0.1,0.0,100,normal,YES,PASS,0.0,0.001,0.014,0.0,
17:02:48.596,1.0376,1.0035,1.0114,0.0,normal,0.0,normal,0.0,normal,0.0,NORMAL,0.1,0.0,100,normal,YES,PASS,0.0,0.001,0.015,0.0,
17:02:48.776,1.0424,1.0081,1.0065,0.0,normal,0.0,normal,0.0,normal,0.0,NORMAL,0.1,0.0,100,normal,YES,PASS,0.0,0.001,0.017,0.0,
17:02:48.946,1.0076,1.0106,1.0109,0.0,normal,0.0,speed_hump,0.5245,normal,0.0,NORMAL,18.4,0.0,100,speed_hump,YES,PASS,0.0,0.0,0.003,0.525,
17:02:49.127,1.057,1.0013,1.0036,0.0,normal,0.0,speed_hump,0.5445,normal,0.0,NORMAL,19.2,0.0,100,speed_hump,YES,PASS,0.0,0.0,0.023,0.545,
17:02:49.306,1.0594,1.0121,1.004,0.0,normal,0.0,speed_hump,0.5585,normal,0.0,NORMAL,19.7,0.0,100,speed_hump,YES,PASS,0.0,0.0,0.024,0.559,
17:02:49.480,1.0416,1.0029,1.0084,0.0,normal,0.0,speed_hump,0.555,normal,0.0,NORMAL,19.5,0.0,100,speed_hump,YES,PASS,0.0,0.0,0.017,0.555,
17:02:49.665,1.0045,1.0113,1.0113,0.0,normal,0.0,speed_hump,0.5754,normal,0.0,NORMAL,20.2,0.0,100,speed_hump,YES,PASS,0.0,0.0,0.002,0.575,
17:02:49.833,1.0197,1.0081,1.002,0.0,normal,0.0,speed_hump,0.5747,normal,0.0,NORMAL,20.2,0.0,100,speed_hump,YES,PASS,0.0,0.0,0.008,0.575,
17:02:50.011,1.0134,1.0008,1.002,0.0,normal,0.0,speed_hump,0.5545,normal,0.0,NORMAL,19.4,0.0,100,speed_hump,YES,PASS,0.0,0.0,0.005,0.554,
17:02:50.184,1.0127,1.0109,1.006,0.0,normal,0.0,speed_hump,0.5469,normal,0.0,NORMAL,19.2,0.0,100,speed_hump,YES,PASS,0.0,0.0,0.005,0.547,
17:02:50.362,1.0325,1.0058,1.002,5.0,pothole,1.0,speed_hump,0.5375,normal,0.0,NORMAL,37.1,0.26,100,speed_hump,YES,PASS,0.0,0.405,0.013,0.538,
17:02:50.540,1.0256,1.0046,1.0107,5.0,pothole,1.0,speed_hump,0.5723,normal,0.0,NORMAL,51.6,0.36,100,speed_hump,YES,PASS,0.0,0.701,0.01,0.572,
17:02:50.716,1.0535,1.0124,1.0077,5.0,pothole,1.0,speed_hump,0.5742,normal,0.0,CAUTION,61.5,0.61,69,speed_hump,NO,BLOCKED,0.0,0.917,0.021,0.574,
17:02:50.900,1.0439,1.0101,1.0119,5.0,pothole,1.0,speed_hump,0.5429,normal,0.0,CAUTION,64.1,0.64,68,speed_hump,NO,BLOCKED,0.0,1.0,0.018,0.543,
17:02:51.088,1.0226,1.0002,1.009,5.0,pothole,1.0,speed_hump,0.5449,normal,0.0,HAZARD,64.1,0.64,55,normal,NO,BLOCKED,0.0,1.0,0.009,0.545,
17:02:51.271,1.0311,1.0009,1.0097,5.0,pothole,1.0,speed_hump,0.5442,normal,0.0,HAZARD,64.1,0.64,55,normal,NO,BLOCKED,0.0,1.0,0.012,0.544,
17:02:51.453,1.0487,1.0016,1.0089,0.0,normal,0.0,speed_hump,0.5268,normal,0.0,HAZARD,60.4,0.6,58,normal,NO,BLOCKED,0.0,0.929,0.019,0.527,
17:02:51.635,1.0322,1.0034,1.0093,5.0,pothole,1.0,speed_hump,0.5006,normal,0.0,HAZARD,62.6,0.63,56,normal,NO,BLOCKED,0.0,1.0,0.013,0.501,
17:02:51.814,1.0171,1.0051,1.0103,0.0,normal,0.0,normal,0.0,normal,0.0,HAZARD,35.6,0.25,83,normal,NO,BLOCKED,0.0,0.791,0.007,0.0,
17:02:51.999,1.0034,1.0109,1.0054,0.0,normal,0.0,normal,0.0,normal,0.0,HAZARD,26.0,0.18,87,normal,NO,BLOCKED,0.0,0.577,0.001,0.0,
17:02:52.182,1.011,1.0083,1.0118,0.0,normal,0.0,normal,0.0,normal,0.0,CAUTION,19.0,0.0,100,braking,NO,BLOCKED,0.0,0.421,0.004,0.0,
17:02:52.367,1.0427,1.0095,1.0045,0.0,normal,0.0,normal,0.0,normal,0.0,CAUTION,13.9,0.0,100,braking,NO,BLOCKED,0.0,0.307,0.017,0.0,
17:02:52.550,1.0009,1.0007,1.0076,0.0,normal,0.0,normal,0.0,normal,0.0,NORMAL,10.1,0.0,100,normal,YES,PASS,0.0,0.224,0.0,0.0,
17:02:52.727,1.0307,1.0037,1.0091,0.0,normal,0.0,speed_hump,0.5006,normal,0.0,NORMAL,25.0,0.0,100,speed_hump,YES,PASS,0.0,0.164,0.012,0.501,
17:02:52.911,1.0099,1.0096,1.0075,0.0,normal,0.0,normal,0.0,normal,0.0,NORMAL,5.4,0.0,100,normal,YES,PASS,0.0,0.12,0.004,0.0,
17:02:53.095,1.0387,1.0001,1.0133,0.0,normal,0.0,speed_hump,0.5076,normal,0.0,NORMAL,21.8,0.0,100,speed_hump,YES,PASS,0.0,0.087,0.015,0.508,
17:02:53.275,1.025,1.0108,1.0007,0.0,normal,0.0,speed_hump,0.5136,normal,0.0,NORMAL,20.9,0.0,100,speed_hump,YES,PASS,0.0,0.064,0.01,0.514,
17:02:53.447,1.0772,1.002,1.003,0.0,normal,0.0,normal,0.0,normal,0.0,NORMAL,2.2,0.0,100,normal,YES,PASS,0.0,0.046,0.031,0.0,
17:02:53.609,1.027,1.0088,1.0007,0.0,normal,0.0,normal,0.0,normal,0.0,NORMAL,1.6,0.0,100,normal,YES,PASS,0.0,0.034,0.011,0.0,
17:02:53.784,1.0283,1.0097,1.0034,0.0,normal,0.0,normal,0.0,normal,0.0,NORMAL,1.2,0.0,100,normal,YES,PASS,0.0,0.025,0.011,0.0,
17:02:53.971,1.0119,1.0077,1.0033,0.0,normal,0.0,normal,0.0,normal,0.0,NORMAL,0.8,0.0,100,normal,YES,PASS,0.0,0.018,0.005,0.0,
17:02:54.185,1.0273,1.0035,1.0022,0.0,normal,0.0,normal,0.0,normal,0.0,NORMAL,0.6,0.0,100,normal,YES,PASS,0.0,0.013,0.011,0.0,
17:02:54.357,1.0482,1.0083,1.0101,0.0,normal,0.0,normal,0.0,normal,0.0,NORMAL,0.5,0.0,100,normal,YES,PASS,0.0,0.01,0.019,0.0,
17:02:54.543,1.0656,1.011,1.0083,0.0,normal,0.0,normal,0.0,normal,0.0,NORMAL,0.4,0.0,100,normal,YES,PASS,0.0,0.007,0.026,0.0,
17:02:54.734,1.0329,1.0038,1.0052,0.0,normal,0.0,normal,0.0,normal,0.0,NORMAL,0.3,0.0,100,normal,YES,PASS,0.0,0.005,0.013,0.0,
17:02:54.930,1.0098,1.0094,1.0124,0.0,normal,0.0,speed_hump,0.5065,normal,0.0,NORMAL,17.9,0.0,100,speed_hump,YES,PASS,0.0,0.004,0.004,0.506,
17:02:55.113,1.0197,1.0007,1.0059,0.0,normal,0.0,speed_hump,0.5027,normal,0.0,NORMAL,17.8,0.0,100,speed_hump,YES,PASS,0.0,0.003,0.008,0.503,
17:02:55.295,1.0136,1.0022,1.0012,0.0,normal,0.0,speed_hump,0.5037,normal,0.0,NORMAL,17.7,0.0,100,speed_hump,YES,PASS,0.0,0.002,0.005,0.504,
17:02:55.467,1.0477,1.014,1.0121,0.0,normal,0.0,speed_hump,0.5022,normal,0.0,NORMAL,17.7,0.0,100,speed_hump,YES,PASS,0.0,0.001,0.019,0.502,
17:02:55.657,1.011,1.0063,1.0124,0.0,normal,0.0,speed_hump,0.5088,normal,0.0,NORMAL,17.9,0.0,100,speed_hump,YES,PASS,0.0,0.001,0.004,0.509,
17:02:55.836,1.0444,1.0095,1.0095,0.0,normal,0.0,speed_hump,0.5084,normal,0.0,NORMAL,17.9,0.0,100,speed_hump,YES,PASS,0.0,0.001,0.018,0.508,
17:02:56.016,1.0125,1.0072,1.005,0.0,normal,0.0,normal,0.0,normal,0.0,NORMAL,0.1,0.0,100,normal,YES,PASS,0.0,0.001,0.005,0.0,
17:02:56.182,1.0121,1.0139,1.0045,0.0,normal,0.0,normal,0.0,normal,0.0,NORMAL,0.0,0.0,100,normal,YES,PASS,0.0,0.0,0.005,0.0,
17:02:56.358,1.0538,1.0025,1.0035,0.0,normal,0.0,normal,0.0,normal,0.0,NORMAL,0.1,0.0,100,normal,YES,PASS,0.0,0.0,0.022,0.0,
17:02:56.528,1.0332,1.0037,1.0106,0.0,normal,0.0,normal,0.0,normal,0.0,NORMAL,0.1,0.0,100,normal,YES,PASS,0.0,0.0,0.013,0.0,
17:02:56.711,1.002,1.0107,1.0091,0.0,normal,0.0,normal,0.0,normal,0.0,NORMAL,0.0,0.0,100,normal,YES,PASS,0.0,0.0,0.001,0.0,
17:02:56.887,1.0531,1.006,1.0106,0.0,normal,0.0,normal,0.0,normal,0.0,NORMAL,0.1,0.0,100,normal,YES,PASS,0.0,0.0,0.021,0.0,
17:02:57.073,1.0282,1.0014,1.0107,0.0,normal,0.0,speed_hump,0.5032,normal,0.0,NORMAL,17.7,0.0,100,speed_hump,YES,PASS,0.0,0.0,0.011,0.503,
17:02:57.249,1.0552,1.002,1.0068,0.0,normal,0.0,speed_hump,0.5114,normal,0.0,NORMAL,18.0,0.0,100,speed_hump,YES,PASS,0.0,0.0,0.022,0.511,
17:02:57.415,1.0209,1.0005,1.0121,0.0,normal,0.0,speed_hump,0.5137,normal,0.0,NORMAL,18.0,0.0,100,speed_hump,YES,PASS,0.0,0.0,0.008,0.514,
17:02:57.585,1.0358,1.0046,1.0004,0.0,normal,0.0,speed_hump,0.514,normal,0.0,NORMAL,18.1,0.0,100,speed_hump,YES,PASS,0.0,0.0,0.014,0.514,
17:02:57.749,1.0476,1.0109,1.002,0.0,normal,0.0,speed_hump,0.5217,normal,0.0,NORMAL,18.4,0.0,100,speed_hump,YES,PASS,0.0,0.0,0.019,0.522,
17:02:57.924,1.0281,1.011,1.0035,0.0,normal,0.0,speed_hump,0.5318,normal,0.0,NORMAL,18.7,0.0,100,speed_hump,YES,PASS,0.0,0.0,0.011,0.532,
17:02:58.103,1.0425,1.0012,1.009,0.0,normal,0.0,speed_hump,0.5456,normal,0.0,NORMAL,19.2,0.0,100,speed_hump,YES,PASS,0.0,0.0,0.017,0.546,
17:02:58.286,1.0589,1.0088,1.0125,0.0,normal,0.0,speed_hump,0.5427,normal,0.0,NORMAL,19.1,0.0,100,speed_hump,YES,PASS,0.0,0.0,0.024,0.543,
17:02:58.457,1.0434,1.0085,1.004,0.0,normal,0.0,speed_hump,0.5043,normal,0.0,NORMAL,17.7,0.0,100,speed_hump,YES,PASS,0.0,0.0,0.017,0.504,
17:02:58.623,1.0031,1.0026,1.0036,0.0,normal,0.0,normal,0.0,normal,0.0,NORMAL,0.0,0.0,100,normal,YES,PASS,0.0,0.0,0.001,0.0,
17:02:58.788,1.0316,1.0113,1.0015,0.0,normal,0.0,speed_hump,0.5102,normal,0.0,NORMAL,17.9,0.0,100,speed_hump,YES,PASS,0.0,0.0,0.013,0.51,
17:02:58.968,1.0263,1.0113,1.0007,0.0,normal,0.0,speed_hump,0.501,normal,0.0,NORMAL,17.6,0.0,100,speed_hump,YES,PASS,0.0,0.0,0.011,0.501,
17:02:59.159,1.0641,1.0049,1.0074,0.0,normal,0.0,speed_hump,0.5113,normal,0.0,NORMAL,18.0,0.0,100,speed_hump,YES,PASS,0.0,0.0,0.026,0.511,
17:02:59.354,1.0051,1.0111,1.0021,0.0,normal,0.0,speed_hump,0.5315,normal,0.0,NORMAL,18.6,0.0,100,speed_hump,YES,PASS,0.0,0.0,0.002,0.531,
17:02:59.523,1.0185,1.0036,1.0043,0.0,normal,0.0,speed_hump,0.5035,normal,0.0,NORMAL,17.7,0.0,100,speed_hump,YES,PASS,0.0,0.0,0.007,0.503,
17:02:59.697,1.0234,1.0121,1.0085,0.0,normal,0.0,normal,0.0,normal,0.0,NORMAL,0.0,0.0,100,normal,YES,PASS,0.0,0.0,0.009,0.0,
17:02:59.859,1.0068,1.0091,1.0048,0.0,normal,0.0,normal,0.0,normal,0.0,NORMAL,0.0,0.0,100,normal,YES,PASS,0.0,0.0,0.003,0.0,
17:03:00.034,1.0041,1.009,1.0101,0.0,normal,0.0,normal,0.0,normal,0.0,NORMAL,0.0,0.0,100,normal,YES,PASS,0.0,0.0,0.002,0.0,
17:03:00.225,1.0159,1.0043,1.0017,0.0,normal,0.0,normal,0.0,normal,0.0,NORMAL,0.0,0.0,100,normal,YES,PASS,0.0,0.0,0.006,0.0,
17:03:00.426,1.0495,1.0003,1.0033,0.0,normal,0.0,normal,0.0,normal,0.0,NORMAL,0.1,0.0,100,normal,YES,PASS,0.0,0.0,0.02,0.0,
17:03:00.597,1.0105,1.0031,1.013,0.0,normal,0.0,normal,0.0,normal,0.0,NORMAL,0.0,0.0,100,normal,YES,PASS,0.0,0.0,0.004,0.0,
17:03:00.765,1.019,1.0006,1.0058,0.0,normal,0.0,normal,0.0,normal,0.0,NORMAL,0.0,0.0,100,normal,YES,PASS,0.0,0.0,0.008,0.0,
17:03:00.946,1.0167,1.0076,1.002,0.0,normal,0.0,normal,0.0,normal,0.0,NORMAL,0.0,0.0,100,normal,YES,PASS,0.0,0.0,0.007,0.0,
17:03:01.131,1.014,1.0042,1.0033,0.0,normal,0.0,normal,0.0,normal,0.0,NORMAL,0.0,0.0,100,normal,YES,PASS,0.0,0.0,0.006,0.0,
17:03:01.314,1.0115,1.0129,1.0087,0.0,normal,0.0,normal,0.0,normal,0.0,NORMAL,0.0,0.0,100,normal,YES,PASS,0.0,0.0,0.005,0.0,
17:03:01.498,1.0494,1.0086,1.0098,0.0,normal,0.0,normal,0.0,normal,0.0,NORMAL,0.1,0.0,100,normal,YES,PASS,0.0,0.0,0.02,0.0,
17:03:01.689,1.0279,1.0001,1.0051,0.0,normal,0.0,normal,0.0,normal,0.0,NORMAL,0.1,0.0,100,normal,YES,PASS,0.0,0.0,0.011,0.0,
17:03:01.866,1.048,1.0074,1.0115,0.0,normal,0.0,speed_hump,0.5077,normal,0.0,NORMAL,17.9,0.0,100,speed_hump,YES,PASS,0.0,0.0,0.019,0.508,
17:03:02.056,1.0178,1.0119,1.0146,0.0,normal,0.0,normal,0.0,normal,0.0,NORMAL,0.0,0.0,100,normal,YES,PASS,0.0,0.0,0.007,0.0,
17:03:02.243,1.022,1.0063,1.0112,0.0,normal,0.0,speed_hump,0.5083,normal,0.0,NORMAL,17.8,0.0,100,speed_hump,YES,PASS,0.0,0.0,0.009,0.508,
17:03:02.432,1.0084,1.0003,1.012,0.0,normal,0.0,normal,0.0,normal,0.0,NORMAL,0.0,0.0,100,normal,YES,PASS,0.0,0.0,0.003,0.0,
17:03:02.611,1.0297,1.0021,1.0019,0.0,normal,0.0,normal,0.0,normal,0.0,NORMAL,0.1,0.0,100,normal,YES,PASS,0.0,0.0,0.012,0.0,
17:03:02.794,1.0414,1.0066,1.0018,0.0,normal,0.0,normal,0.0,normal,0.0,NORMAL,0.1,0.0,100,normal,YES,PASS,0.0,0.0,0.017,0.0,
17:03:02.957,1.0506,1.0067,1.0029,0.0,normal,0.0,normal,0.0,normal,0.0,NORMAL,0.1,0.0,100,normal,YES,PASS,0.0,0.0,0.02,0.0,
17:03:03.126,1.0223,1.0003,1.0023,0.0,normal,0.0,normal,0.0,normal,0.0,NORMAL,0.0,0.0,100,normal,YES,PASS,0.0,0.0,0.009,0.0,
17:03:03.310,1.0389,1.0061,1.0101,0.0,normal,0.0,normal,0.0,normal,0.0,NORMAL,0.1,0.0,100,normal,YES,PASS,0.0,0.0,0.016,0.0,
17:03:03.502,1.0077,1.0096,1.0005,0.0,normal,0.0,normal,0.0,normal,0.0,NORMAL,0.0,0.0,100,normal,YES,PASS,0.0,0.0,0.003,0.0,
17:03:03.681,1.0375,1.0112,1.0117,0.0,normal,0.0,normal,0.0,normal,0.0,NORMAL,0.1,0.0,100,normal,YES,PASS,0.0,0.0,0.015,0.0,
17:03:03.852,1.0116,1.0044,1.0024,0.0,normal,0.0,normal,0.0,normal,0.0,NORMAL,0.0,0.0,100,normal,YES,PASS,0.0,0.0,0.005,0.0,
17:03:04.028,1.028,1.0077,1.0044,0.0,normal,0.0,normal,0.0,normal,0.0,NORMAL,0.1,0.0,100,normal,YES,PASS,0.0,0.0,0.011,0.0,
17:03:04.224,1.0185,1.0073,1.0113,0.0,normal,0.0,normal,0.0,normal,0.0,NORMAL,0.0,0.0,100,normal,YES,PASS,0.0,0.0,0.007,0.0,
17:03:04.414,1.0568,1.0079,1.0011,0.0,normal,0.0,normal,0.0,normal,0.0,NORMAL,0.1,0.0,100,normal,YES,PASS,0.0,0.0,0.023,0.0,
17:03:04.597,1.0173,1.0052,1.0105,0.0,normal,0.0,normal,0.0,normal,0.0,NORMAL,0.0,0.0,100,normal,YES,PASS,0.0,0.0,0.007,0.0,
17:03:04.774,1.0248,1.0091,1.0129,0.0,normal,0.0,normal,0.0,normal,0.0,NORMAL,0.0,0.0,100,normal,YES,PASS,0.0,0.0,0.01,0.0,
17:03:04.956,1.0442,1.0167,1.0086,0.0,normal,0.0,normal,0.0,normal,0.0,NORMAL,0.1,0.0,100,normal,YES,PASS,0.0,0.0,0.018,0.0,
17:03:05.128,1.0549,1.0099,1.0074,0.0,normal,0.0,normal,0.0,normal,0.0,NORMAL,0.1,0.0,100,normal,YES,PASS,0.0,0.0,0.022,0.0,
17:03:05.309,1.0121,1.0085,1.0004,0.0,normal,0.0,normal,0.0,normal,0.0,NORMAL,0.0,0.0,100,normal,YES,PASS,0.0,0.0,0.005,0.0,
17:03:05.489,1.0489,1.0039,1.0056,0.0,normal,0.0,normal,0.0,normal,0.0,NORMAL,0.1,0.0,100,normal,YES,PASS,0.0,0.0,0.02,0.0,
17:03:05.683,1.0594,1.0108,1.0041,0.0,normal,0.0,normal,0.0,normal,0.0,NORMAL,0.1,0.0,100,normal,YES,PASS,0.0,0.0,0.024,0.0,
17:03:05.861,1.0335,1.0009,1.0073,0.0,normal,0.0,normal,0.0,normal,0.0,NORMAL,0.1,0.0,100,normal,YES,PASS,0.0,0.0,0.013,0.0,
17:03:06.048,1.0223,1.0034,1.0093,0.0,normal,0.0,normal,0.0,normal,0.0,NORMAL,0.0,0.0,100,normal,YES,PASS,0.0,0.0,0.009,0.0,
17:03:06.223,1.0051,1.0087,1.009,0.0,normal,0.0,normal,0.0,normal,0.0,NORMAL,0.0,0.0,100,normal,YES,PASS,0.0,0.0,0.002,0.0,
17:03:06.420,1.043,1.0121,1.0019,0.0,normal,0.0,normal,0.0,normal,0.0,NORMAL,0.1,0.0,100,normal,YES,PASS,0.0,0.0,0.017,0.0,
17:03:06.622,1.0421,1.0009,1.0069,0.0,normal,0.0,normal,0.0,normal,0.0,NORMAL,0.1,0.0,100,normal,YES,PASS,0.0,0.0,0.017,0.0,
17:03:06.801,1.021,1.0018,1.0066,4.8363,pothole,0.9182,normal,0.0,normal,0.0,NORMAL,17.7,0.0,100,pothole,YES,PASS,0.0,0.392,0.008,0.0,
17:03:06.981,1.0024,1.0002,1.0033,4.8363,pothole,0.9182,normal,0.0,normal,0.0,NORMAL,30.5,0.21,100,pothole,YES,PASS,0.0,0.678,0.001,0.0,
17:03:07.149,1.0211,1.0008,1.0101,0.0,normal,0.0,speed_hump,0.514,normal,0.0,NORMAL,40.3,0.28,100,speed_hump,YES,PASS,0.0,0.495,0.008,0.514,
17:03:07.321,1.0214,1.011,1.0027,0.0,normal,0.0,speed_hump,0.5433,normal,0.0,CAUTION,35.3,0.25,88,speed_hump,NO,BLOCKED,0.0,0.361,0.009,0.543,
17:03:07.491,1.0177,1.0076,1.0109,0.0,normal,0.0,speed_hump,0.5649,normal,0.0,CAUTION,31.7,0.22,89,speed_hump,NO,BLOCKED,0.0,0.264,0.007,0.565,
17:03:07.679,1.0342,1.0073,1.0089,4.8363,pothole,0.9182,speed_hump,0.5165,normal,0.0,CAUTION,44.4,0.31,84,speed_hump,NO,BLOCKED,0.0,0.584,0.014,0.517,
17:03:07.853,1.003,1.0009,1.0009,0.0,normal,0.0,speed_hump,0.5398,normal,0.0,CAUTION,38.1,0.27,87,speed_hump,NO,BLOCKED,0.0,0.426,0.001,0.54,
17:03:08.039,1.0022,1.0003,1.0028,4.8363,pothole,0.9182,speed_hump,0.5102,normal,0.0,CAUTION,49.5,0.35,83,speed_hump,NO,BLOCKED,0.0,0.703,0.001,0.51,
17:03:08.221,1.0351,1.0109,1.0075,4.8363,pothole,0.9182,speed_hump,0.5006,normal,0.0,CAUTION,58.3,0.58,71,speed_hump,NO,BLOCKED,0.0,0.905,0.014,0.501,
17:03:08.403,1.0477,1.0114,1.0076,4.8363,pothole,0.9182,speed_hump,0.5407,normal,0.0,CAUTION,64.0,0.64,68,speed_hump,NO,BLOCKED,0.0,1.0,0.019,0.541,
17:03:08.574,1.0115,1.0033,1.0059,4.8363,pothole,0.9182,speed_hump,0.5574,normal,0.0,HAZARD,64.5,0.65,55,normal,NO,BLOCKED,0.0,1.0,0.005,0.557,
17:03:08.755,1.026,1.0013,1.004,0.0,normal,0.0,speed_hump,0.5564,normal,0.0,HAZARD,57.6,0.58,60,normal,NO,BLOCKED,0.0,0.847,0.01,0.556,
17:03:08.938,1.056,1.0027,1.0024,0.0,normal,0.0,speed_hump,0.5794,normal,0.0,HAZARD,48.2,0.34,76,normal,NO,BLOCKED,0.0,0.618,0.022,0.579,
17:03:09.126,1.0265,1.0018,1.0081,0.0,normal,0.0,speed_hump,0.524,normal,0.0,HAZARD,38.7,0.27,81,normal,NO,BLOCKED,0.0,0.451,0.011,0.524,
17:03:09.326,1.0252,1.0027,1.0017,0.0,normal,0.0,speed_hump,0.5494,normal,0.0,CAUTION,34.1,0.24,88,speed_hump,NO,BLOCKED,0.0,0.329,0.01,0.549,
17:03:09.514,1.0053,1.0076,1.0089,0.0,normal,0.0,speed_hump,0.5128,normal,0.0,CAUTION,28.8,0.2,90,speed_hump,NO,BLOCKED,0.0,0.24,0.002,0.513,
17:03:09.698,1.0449,1.0121,1.0068,0.0,normal,0.0,normal,0.0,normal,0.0,CAUTION,8.0,0.0,100,braking,NO,BLOCKED,0.0,0.175,0.018,0.0,
17:03:09.871,1.0456,1.0068,1.0026,0.0,normal,0.0,normal,0.0,normal,0.0,CAUTION,5.9,0.0,100,braking,NO,BLOCKED,0.0,0.128,0.018,0.0,
17:03:10.056,1.0021,1.0102,1.0044,0.0,normal,0.0,speed_hump,0.5133,normal,0.0,NORMAL,22.2,0.0,100,speed_hump,YES,PASS,0.0,0.093,0.001,0.513,
17:03:10.228,1.0083,1.0065,1.0008,0.0,normal,0.0,speed_hump,0.5136,normal,0.0,NORMAL,21.1,0.0,100,speed_hump,YES,PASS,0.0,0.068,0.003,0.514,
17:03:10.407,1.0587,1.0132,1.0105,0.0,normal,0.0,speed_hump,0.5063,normal,0.0,NORMAL,20.1,0.0,100,speed_hump,YES,PASS,0.0,0.05,0.023,0.506,
17:03:10.586,1.034,1.0081,1.0011,0.0,normal,0.0,normal,0.0,normal,0.0,NORMAL,1.7,0.0,100,normal,YES,PASS,0.0,0.036,0.014,0.0,
17:03:10.756,1.0667,1.0093,1.0078,0.0,normal,0.0,normal,0.0,normal,0.0,NORMAL,1.3,0.0,100,normal,YES,PASS,0.0,0.027,0.027,0.0,
17:03:10.940,1.0259,1.003,1.0006,0.0,normal,0.0,normal,0.0,normal,0.0,NORMAL,0.9,0.0,100,normal,YES,PASS,0.0,0.019,0.01,0.0,
17:03:11.131,1.0236,1.0069,1.0114,0.0,normal,0.0,normal,0.0,normal,0.0,NORMAL,0.7,0.0,100,normal,YES,PASS,0.0,0.014,0.009,0.0,
17:03:11.319,1.0506,1.0154,1.0026,0.0,normal,0.0,normal,0.0,normal,0.0,NORMAL,0.6,0.0,100,normal,YES,PASS,0.0,0.01,0.02,0.0,
17:03:11.500,1.0054,1.007,1.0109,0.0,normal,0.0,normal,0.0,normal,0.0,NORMAL,0.3,0.0,100,normal,YES,PASS,0.0,0.008,0.002,0.0,
17:03:11.659,1.0514,1.0079,1.0138,0.0,normal,0.0,normal,0.0,normal,0.0,NORMAL,0.3,0.0,100,normal,YES,PASS,0.0,0.005,0.021,0.0,
17:03:11.833,1.0021,1.0084,1.004,4.7434,pothole,0.8717,normal,0.0,normal,0.0,NORMAL,17.5,0.0,100,pothole,YES,PASS,0.0,0.388,0.001,0.0,
17:03:12.021,1.0405,1.0075,1.0042,4.7434,pothole,0.8717,normal,0.0,normal,0.0,NORMAL,30.1,0.21,100,pothole,YES,PASS,0.0,0.668,0.016,0.0,
17:03:12.202,1.0427,1.0087,1.0049,4.7434,pothole,0.8717,speed_hump,0.5004,normal,0.0,NORMAL,56.8,0.57,100,speed_hump,YES,PASS,0.0,0.872,0.017,0.5,
17:03:12.370,1.0039,1.0151,1.0177,5.0,pothole,1.0,normal,0.0,normal,0.0,CAUTION,45.0,0.32,84,pothole,NO,BLOCKED,0.0,1.0,0.002,0.0,
17:03:12.537,1.0099,1.0127,1.0057,5.0,pothole,1.0,normal,0.0,normal,0.0,CAUTION,45.0,0.32,84,pothole,NO,BLOCKED,0.0,1.0,0.004,0.0,
17:03:12.709,1.0172,1.0038,1.0051,5.0,pothole,1.0,normal,0.0,normal,0.0,CAUTION,45.0,0.32,84,pothole,NO,BLOCKED,0.0,1.0,0.007,0.0,
17:03:12.892,1.0278,1.0031,1.0102,0.0,normal,0.0,normal,0.0,normal,0.0,CAUTION,41.3,0.29,86,braking,NO,BLOCKED,0.0,0.917,0.011,0.0,
17:03:13.070,1.069,1.0096,1.0052,0.0,normal,0.0,normal,0.0,normal,0.0,CAUTION,30.2,0.21,89,braking,NO,BLOCKED,0.0,0.669,0.028,0.0,
17:03:13.247,1.0533,1.0097,1.0145,0.0,normal,0.0,normal,0.0,normal,0.0,CAUTION,22.1,0.0,100,braking,NO,BLOCKED,0.0,0.488,0.021,0.0,
17:03:13.433,1.0292,1.0047,1.0015,4.7434,pothole,0.8717,normal,0.0,normal,0.0,CAUTION,33.4,0.23,88,pothole,NO,BLOCKED,0.0,0.741,0.012,0.0,
17:03:13.621,1.0178,1.0089,1.0017,4.7434,pothole,0.8717,speed_hump,0.5258,normal,0.0,CAUTION,60.1,0.6,70,speed_hump,NO,BLOCKED,0.0,0.925,0.007,0.526,
17:03:13.805,1.034,1.0081,1.0017,5.0,pothole,1.0,speed_hump,0.5225,normal,0.0,CAUTION,63.4,0.63,68,speed_hump,NO,BLOCKED,0.0,1.0,0.014,0.522,
17:03:13.978,1.0344,1.0102,1.0068,5.0,pothole,1.0,speed_hump,0.5107,normal,0.0,HAZARD,62.9,0.63,56,normal,NO,BLOCKED,0.0,1.0,0.014,0.511,
17:03:14.154,1.0128,1.0,1.0098,5.0,pothole,1.0,speed_hump,0.5048,normal,0.0,HAZARD,62.7,0.63,56,normal,NO,BLOCKED,0.0,1.0,0.005,0.505,
17:03:14.331,1.0228,1.0047,1.0117,5.0,pothole,1.0,speed_hump,0.5106,normal,0.0,HAZARD,62.9,0.63,56,normal,NO,BLOCKED,0.0,1.0,0.009,0.511,
17:03:14.506,1.0051,1.0057,1.0079,0.0,normal,0.0,speed_hump,0.522,normal,0.0,HAZARD,62.2,0.62,56,normal,NO,BLOCKED,0.0,0.976,0.002,0.522,
17:03:14.688,1.017,1.0104,1.0145,0.0,normal,0.0,speed_hump,0.5322,normal,0.0,HAZARD,50.7,0.35,75,normal,NO,BLOCKED,0.0,0.712,0.007,0.532,
17:03:14.865,1.0048,1.0093,1.0075,0.0,normal,0.0,speed_hump,0.5459,normal,0.0,HAZARD,42.5,0.3,79,normal,NO,BLOCKED,0.0,0.52,0.002,0.546,
17:03:15.046,1.0187,1.0091,1.0027,0.0,normal,0.0,speed_hump,0.5345,normal,0.0,CAUTION,35.8,0.25,87,speed_hump,NO,BLOCKED,0.0,0.379,0.007,0.534,
17:03:15.224,1.0469,1.0122,1.0017,0.0,normal,0.0,speed_hump,0.548,normal,0.0,CAUTION,31.7,0.22,89,speed_hump,NO,BLOCKED,0.0,0.277,0.019,0.548,
17:03:15.403,1.0005,1.0071,1.0043,0.0,normal,0.0,speed_hump,0.5444,normal,0.0,CAUTION,28.1,0.2,90,speed_hump,NO,BLOCKED,0.0,0.202,0.0,0.544,
17:03:15.578,1.0309,1.0115,1.0007,0.0,normal,0.0,speed_hump,0.5167,normal,0.0,CAUTION,24.8,0.0,100,speed_hump,NO,BLOCKED,0.0,0.147,0.012,0.517,
17:03:15.761,1.0186,1.0057,1.0096,0.0,normal,0.0,speed_hump,0.5169,normal,0.0,CAUTION,23.0,0.0,100,speed_hump,NO,BLOCKED,0.0,0.108,0.007,0.517,
17:03:15.940,1.031,1.0015,1.0151,0.0,normal,0.0,speed_hump,0.5096,normal,0.0,NORMAL,21.4,0.0,100,speed_hump,YES,PASS,0.0,0.079,0.012,0.51,
17:03:16.115,1.0218,1.013,1.009,0.0,normal,0.0,normal,0.0,normal,0.0,NORMAL,2.6,0.0,100,normal,YES,PASS,0.0,0.057,0.009,0.0,
17:03:16.291,1.0669,1.0006,1.0063,0.0,normal,0.0,normal,0.0,normal,0.0,NORMAL,2.0,0.0,100,normal,YES,PASS,0.0,0.042,0.027,0.0,
17:03:16.480,1.0328,1.0031,1.008,0.0,normal,0.0,normal,0.0,normal,0.0,NORMAL,1.4,0.0,100,normal,YES,PASS,0.0,0.031,0.013,0.0,
17:03:16.670,1.0548,1.0101,1.009,0.0,normal,0.0,normal,0.0,normal,0.0,NORMAL,1.1,0.0,100,normal,YES,PASS,0.0,0.022,0.022,0.0,
17:03:16.849,1.0052,1.0088,1.0032,0.0,normal,0.0,normal,0.0,normal,0.0,NORMAL,0.7,0.0,100,normal,YES,PASS,0.0,0.016,0.002,0.0,
17:03:17.021,1.0373,1.0024,1.0106,0.0,normal,0.0,speed_hump,0.5149,normal,0.0,NORMAL,18.6,0.0,100,speed_hump,YES,PASS,0.0,0.012,0.015,0.515,
17:03:17.214,1.0494,1.0101,1.0019,0.0,normal,0.0,speed_hump,0.5069,normal,0.0,NORMAL,18.2,0.0,100,speed_hump,YES,PASS,0.0,0.009,0.02,0.507,
17:03:17.403,1.0605,1.0046,1.0053,0.0,normal,0.0,normal,0.0,normal,0.0,NORMAL,0.4,0.0,100,normal,YES,PASS,0.0,0.006,0.024,0.0,
17:03:17.582,1.0148,1.0059,1.0087,0.0,normal,0.0,speed_hump,0.5113,normal,0.0,NORMAL,18.1,0.0,100,speed_hump,YES,PASS,0.0,0.005,0.006,0.511,
17:03:17.760,1.0368,1.0061,1.0093,0.0,normal,0.0,normal,0.0,normal,0.0,NORMAL,0.2,0.0,100,normal,YES,PASS,0.0,0.003,0.015,0.0,
17:03:17.941,1.0062,1.0123,1.0081,0.0,normal,0.0,normal,0.0,normal,0.0,NORMAL,0.1,0.0,100,normal,YES,PASS,0.0,0.002,0.002,0.0,
17:03:18.113,1.0469,1.004,1.008,0.0,normal,0.0,normal,0.0,normal,0.0,NORMAL,0.2,0.0,100,normal,YES,PASS,0.0,0.002,0.019,0.0,
17:03:18.288,1.0324,1.0,1.0074,0.0,normal,0.0,normal,0.0,normal,0.0,NORMAL,0.1,0.0,100,normal,YES,PASS,0.0,0.001,0.013,0.0,
17:03:18.472,1.0071,1.0135,1.0119,0.0,normal,0.0,normal,0.0,normal,0.0,NORMAL,0.1,0.0,100,normal,YES,PASS,0.0,0.001,0.003,0.0,
17:03:18.651,1.021,1.0009,1.0125,0.0,normal,0.0,normal,0.0,normal,0.0,NORMAL,0.1,0.0,100,normal,YES,PASS,0.0,0.001,0.008,0.0,
17:03:19.689,1.0579,1.0006,1.0081,0.0,normal,0.0,normal,0.0,normal,0.0,NORMAL,0.1,0.0,100,normal,YES,PASS,0.0,0.001,0.023,0.0,
17:03:19.873,1.0067,1.0043,1.0033,0.0,normal,0.0,normal,0.0,normal,0.0,NORMAL,0.0,0.0,100,normal,YES,PASS,0.0,0.0,0.003,0.0,
17:03:20.036,1.0021,1.0055,1.0081,0.0,normal,0.0,normal,0.0,normal,0.0,NORMAL,0.0,0.0,100,normal,YES,PASS,0.0,0.0,0.001,0.0,
17:03:20.265,1.0272,1.002,1.0014,4.4065,pothole,0.7032,normal,0.0,normal,0.0,NORMAL,16.1,0.0,100,pothole,YES,PASS,0.0,0.357,0.011,0.0,
17:03:20.518,1.0602,1.0006,1.0049,4.4065,pothole,0.7032,normal,0.0,normal,0.0,NORMAL,27.9,0.2,100,pothole,YES,PASS,0.0,0.618,0.024,0.0,
17:03:20.741,1.035,1.0107,1.0009,4.4065,pothole,0.7032,normal,0.0,normal,0.0,NORMAL,36.4,0.26,100,pothole,YES,PASS,0.0,0.808,0.014,0.0,
17:03:20.939,1.0518,1.0021,1.0062,4.4065,pothole,0.7032,normal,0.0,normal,0.0,CAUTION,42.7,0.3,85,pothole,NO,BLOCKED,0.0,0.947,0.021,0.0,
17:03:21.129,1.0301,1.0076,1.0099,4.4065,pothole,0.7032,normal,0.0,normal,0.0,CAUTION,45.1,0.32,84,pothole,NO,BLOCKED,0.0,1.0,0.012,0.0,
17:03:21.309,1.0004,1.0083,1.0024,4.4065,pothole,0.7032,normal,0.0,normal,0.0,CAUTION,45.0,0.32,84,pothole,NO,BLOCKED,0.0,1.0,0.0,0.0,
17:03:21.473,1.0404,1.0045,1.0157,4.4065,pothole,0.7032,normal,0.0,normal,0.0,CAUTION,45.1,0.32,84,pothole,NO,BLOCKED,0.0,1.0,0.016,0.0,
17:03:21.637,1.066,1.0015,1.0113,4.4065,pothole,0.7032,normal,0.0,normal,0.0,CAUTION,45.1,0.32,84,pothole,NO,BLOCKED,0.0,1.0,0.026,0.0,
17:03:21.820,1.04,1.0051,1.0023,4.4065,pothole,0.7032,normal,0.0,normal,0.0,CAUTION,45.1,0.32,84,pothole,NO,BLOCKED,0.0,1.0,0.016,0.0,
17:03:21.995,1.0076,1.005,1.0014,4.4065,pothole,0.7032,normal,0.0,normal,0.0,CAUTION,45.0,0.32,84,pothole,NO,BLOCKED,0.0,1.0,0.003,0.0,
17:03:22.167,1.047,1.0058,1.0094,4.4065,pothole,0.7032,normal,0.0,normal,0.0,CAUTION,45.1,0.32,84,pothole,NO,BLOCKED,0.0,1.0,0.019,0.0,
17:03:22.328,1.028,1.0032,1.0039,4.4065,pothole,0.7032,normal,0.0,normal,0.0,CAUTION,45.1,0.32,84,pothole,NO,BLOCKED,0.0,1.0,0.011,0.0,
17:03:22.486,1.0454,1.0084,1.001,4.4065,pothole,0.7032,normal,0.0,normal,0.0,CAUTION,45.1,0.32,84,pothole,NO,BLOCKED,0.0,1.0,0.018,0.0,
17:03:22.645,1.0092,1.0016,1.0104,4.4065,pothole,0.7032,normal,0.0,normal,0.0,CAUTION,45.0,0.32,84,pothole,NO,BLOCKED,0.0,1.0,0.004,0.0,
17:03:22.805,1.0398,1.0003,1.0045,0.0,normal,0.0,normal,0.0,normal,0.0,CAUTION,43.0,0.3,85,braking,NO,BLOCKED,0.0,0.953,0.016,0.0,
17:03:22.975,1.072,1.0081,1.0007,4.4065,pothole,0.7032,normal,0.0,normal,0.0,CAUTION,45.1,0.32,84,pothole,NO,BLOCKED,0.0,1.0,0.029,0.0,
17:03:23.135,1.0238,1.0065,1.0132,4.4065,pothole,0.7032,normal,0.0,normal,0.0,CAUTION,45.0,0.32,84,pothole,NO,BLOCKED,0.0,1.0,0.01,0.0,
17:03:23.303,1.0036,1.0055,1.0062,4.4065,pothole,0.7032,normal,0.0,normal,0.0,CAUTION,45.0,0.32,84,pothole,NO,BLOCKED,0.0,1.0,0.001,0.0,
17:03:23.464,1.0594,1.0019,1.0049,0.0,normal,0.0,normal,0.0,normal,0.0,CAUTION,38.8,0.27,86,braking,NO,BLOCKED,0.0,0.86,0.024,0.0,
17:03:23.618,1.0003,1.0026,1.0143,0.0,normal,0.0,normal,0.0,normal,0.0,CAUTION,28.3,0.2,90,braking,NO,BLOCKED,0.0,0.628,0.0,0.0,
17:03:23.774,1.0298,1.0012,1.006,0.0,normal,0.0,normal,0.0,normal,0.0,CAUTION,20.7,0.0,100,braking,NO,BLOCKED,0.0,0.458,0.012,0.0,
17:03:23.938,1.0459,1.0084,1.0088,0.0,normal,0.0,normal,0.0,normal,0.0,CAUTION,15.1,0.0,100,braking,NO,BLOCKED,0.0,0.334,0.018,0.0,
17:03:24.141,1.0243,1.0061,1.0072,0.0,normal,0.0,normal,0.0,normal,0.0,NORMAL,11.0,0.0,100,normal,YES,PASS,0.0,0.244,0.01,0.0,
17:03:24.358,1.0479,1.0086,1.0113,0.0,normal,0.0,normal,0.0,normal,0.0,NORMAL,8.1,0.0,100,normal,YES,PASS,0.0,0.178,0.019,0.0,
17:03:24.630,1.0561,1.003,1.0049,0.0,normal,0.0,normal,0.0,normal,0.0,NORMAL,6.0,0.0,100,normal,YES,PASS,0.0,0.13,0.022,0.0,
17:03:25.258,1.0134,1.0112,1.0042,0.0,normal,0.0,normal,0.0,normal,0.0,NORMAL,4.3,0.0,100,normal,YES,PASS,0.0,0.095,0.005,0.0,
17:03:25.743,1.0321,1.0025,1.0013,0.0,normal,0.0,normal,0.0,normal,0.0,NORMAL,3.2,0.0,100,normal,YES,PASS,0.0,0.069,0.013,0.0,
17:03:26.027,1.0486,1.0005,1.0049,0.0,normal,0.0,normal,0.0,normal,0.0,NORMAL,2.4,0.0,100,normal,YES,PASS,0.0,0.051,0.019,0.0,
17:03:26.268,1.0217,1.0126,1.0029,0.0,normal,0.0,normal,0.0,normal,0.0,NORMAL,1.7,0.0,100,normal,YES,PASS,0.0,0.037,0.009,0.0,
17:03:26.490,1.0463,1.0018,1.0096,0.0,normal,0.0,normal,0.0,normal,0.0,NORMAL,1.3,0.0,100,normal,YES,PASS,0.0,0.027,0.019,0.0,
17:03:26.752,1.0346,1.0053,1.0022,4.5176,pothole,0.7588,normal,0.0,normal,0.0,NORMAL,17.4,0.0,100,pothole,YES,PASS,0.0,0.386,0.014,0.0,
17:03:27.054,1.0641,1.0107,1.0012,4.5176,pothole,0.7588,normal,0.0,normal,0.0,NORMAL,29.3,0.2,100,pothole,YES,PASS,0.0,0.648,0.026,0.0,
17:03:27.289,1.037,1.0013,1.0034,4.5176,pothole,0.7588,speed_hump,0.5659,normal,0.0,NORMAL,57.6,0.58,100,speed_hump,YES,PASS,0.0,0.839,0.015,0.566,
17:03:27.499,1.033,1.0074,1.0005,4.5176,pothole,0.7588,normal,0.0,normal,0.0,CAUTION,44.1,0.31,85,pothole,NO,BLOCKED,0.0,0.978,0.013,0.0,
17:03:27.784,1.0276,1.0051,1.0068,4.5176,pothole,0.7588,normal,0.0,normal,0.0,CAUTION,45.1,0.32,84,pothole,NO,BLOCKED,0.0,1.0,0.011,0.0,
17:03:28.307,1.0232,1.0032,1.0127,4.5176,pothole,0.7588,speed_hump,0.5318,normal,0.0,CAUTION,63.7,0.64,68,speed_hump,NO,BLOCKED,0.0,1.0,0.009,0.532,
17:03:28.634,1.0533,1.0045,1.0106,0.0,normal,0.0,speed_hump,0.5501,normal,0.0,HAZARD,57.3,0.57,60,normal,NO,BLOCKED,0.0,0.843,0.021,0.55,
17:03:28.904,1.0252,1.016,1.0039,0.0,normal,0.0,speed_hump,0.5131,normal,0.0,CAUTION,45.7,0.32,84,speed_hump,NO,BLOCKED,0.0,0.615,0.01,0.513,
17:03:29.185,1.0046,1.0044,1.0085,0.0,normal,0.0,normal,0.0,normal,0.0,CAUTION,20.2,0.0,100,braking,NO,BLOCKED,0.0,0.449,0.002,0.0,
17:03:29.494,1.0246,1.0098,1.0074,0.0,normal,0.0,normal,0.0,normal,0.0,HAZARD,14.8,0.0,100,normal,NO,BLOCKED,0.0,0.328,0.01,0.0,
17:03:29.734,1.0334,1.0025,1.0009,0.0,normal,0.0,normal,0.0,normal,0.0,NORMAL,10.8,0.0,100,normal,YES,PASS,0.0,0.239,0.013,0.0,
17:03:29.930,1.066,1.0029,1.0048,0.0,normal,0.0,normal,0.0,normal,0.0,NORMAL,8.0,0.0,100,normal,YES,PASS,0.0,0.174,0.026,0.0,
17:03:30.137,1.0438,1.0095,1.0138,0.0,normal,0.0,normal,0.0,normal,0.0,NORMAL,5.8,0.0,100,normal,YES,PASS,0.0,0.127,0.018,0.0,
17:03:30.341,1.028,1.0032,1.0064,0.0,normal,0.0,normal,0.0,normal,0.0,NORMAL,4.2,0.0,100,normal,YES,PASS,0.0,0.093,0.011,0.0,
17:03:30.557,1.0275,1.0057,1.014,0.0,normal,0.0,normal,0.0,normal,0.0,NORMAL,3.1,0.0,100,normal,YES,PASS,0.0,0.068,0.011,0.0,
17:03:30.767,1.0408,1.0063,1.0039,0.0,normal,0.0,normal,0.0,normal,0.0,NORMAL,2.3,0.0,100,normal,YES,PASS,0.0,0.05,0.016,0.0,
17:03:30.961,1.0345,1.0009,1.0117,5.0,pothole,1.0,normal,0.0,normal,0.0,NORMAL,19.9,0.0,100,pothole,YES,PASS,0.0,0.441,0.014,0.0,
17:03:31.152,1.0397,1.0033,1.0059,4.4668,pothole,0.7334,normal,0.0,normal,0.0,NORMAL,30.9,0.22,100,pothole,YES,PASS,0.0,0.684,0.016,0.0,
17:03:31.342,1.0222,1.012,1.0088,4.4668,pothole,0.7334,normal,0.0,normal,0.0,NORMAL,38.8,0.27,100,pothole,YES,PASS,0.0,0.861,0.009,0.0,
17:03:31.540,1.039,1.0022,1.0042,0.0,normal,0.0,speed_hump,0.5238,normal,0.0,CAUTION,46.7,0.33,84,speed_hump,NO,BLOCKED,0.0,0.629,0.016,0.524,
17:03:31.750,1.026,1.0026,1.0039,4.4668,pothole,0.7334,speed_hump,0.506,normal,0.0,CAUTION,54.7,0.38,81,speed_hump,NO,BLOCKED,0.0,0.821,0.01,0.506,
17:03:31.948,1.0445,1.0087,1.0027,4.4668,pothole,0.7334,speed_hump,0.5067,normal,0.0,CAUTION,61.1,0.61,69,speed_hump,NO,BLOCKED,0.0,0.961,0.018,0.507,
17:03:32.151,1.0442,1.0051,1.0099,0.0,normal,0.0,speed_hump,0.5075,normal,0.0,CAUTION,49.4,0.35,83,speed_hump,NO,BLOCKED,0.0,0.701,0.018,0.507,
17:03:32.339,1.0354,1.0115,1.0041,4.4668,pothole,0.7334,normal,0.0,normal,0.0,CAUTION,39.4,0.28,86,pothole,NO,BLOCKED,0.0,0.874,0.014,0.0,
17:03:32.520,1.0664,1.0062,1.0041,4.4668,pothole,0.7334,speed_hump,0.5016,normal,0.0,CAUTION,62.7,0.63,69,speed_hump,NO,BLOCKED,0.0,1.0,0.027,0.502,
17:03:32.701,1.0044,1.0008,1.0122,0.0,normal,0.0,speed_hump,0.5035,normal,0.0,CAUTION,50.5,0.35,82,speed_hump,NO,BLOCKED,0.0,0.73,0.002,0.503,
17:03:32.873,1.0028,1.007,1.0024,3.0,speed_hump,1.0,speed_hump,0.5206,normal,0.0,CAUTION,53.1,0.37,81,speed_hump,NO,BLOCKED,0.0,0.776,0.001,0.521,
17:03:33.053,1.0611,1.0057,1.0058,0.0,normal,0.0,speed_hump,0.5136,normal,0.0,CAUTION,43.6,0.31,85,speed_hump,NO,BLOCKED,0.0,0.566,0.024,0.514,
17:03:33.226,1.0132,1.0018,1.0001,3.0,speed_hump,1.0,speed_hump,0.5317,normal,0.0,CAUTION,48.2,0.34,83,speed_hump,NO,BLOCKED,0.0,0.656,0.005,0.532,
17:03:33.398,1.0407,1.0084,1.0048,3.0,speed_hump,1.0,speed_hump,0.5329,normal,0.0,CAUTION,51.2,0.36,82,speed_hump,NO,BLOCKED,0.0,0.722,0.016,0.533,
17:03:33.570,1.0013,1.0029,1.0008,3.0,speed_hump,1.0,speed_hump,0.5386,normal,0.0,CAUTION,53.5,0.37,81,speed_hump,NO,BLOCKED,0.0,0.77,0.001,0.539,
17:03:33.747,1.0442,1.0127,1.0032,3.0,speed_hump,1.0,speed_hump,0.5113,normal,0.0,CAUTION,54.2,0.38,81,speed_hump,NO,BLOCKED,0.0,0.805,0.018,0.511,
17:03:33.919,1.0132,1.0026,1.0066,3.0,speed_hump,1.0,speed_hump,0.5617,normal,0.0,CAUTION,57.1,0.57,71,speed_hump,NO,BLOCKED,0.0,0.831,0.005,0.562,
17:03:34.097,1.0127,1.0075,1.0132,4.2936,pothole,0.6468,normal,0.0,normal,0.0,CAUTION,43.0,0.3,85,pothole,NO,BLOCKED,0.0,0.954,0.005,0.0,
17:03:34.278,1.0556,1.0122,1.0036,3.0,speed_hump,1.0,normal,0.0,normal,0.0,CAUTION,42.4,0.3,85,speed_hump,NO,BLOCKED,0.0,0.94,0.022,0.0,
17:03:34.451,1.024,1.004,1.0102,3.0,speed_hump,1.0,normal,0.0,normal,0.0,CAUTION,41.9,0.29,85,speed_hump,NO,BLOCKED,0.0,0.929,0.01,0.0,
17:03:34.630,1.0236,1.0038,1.0004,4.2936,pothole,0.6468,normal,0.0,normal,0.0,CAUTION,45.0,0.32,84,pothole,NO,BLOCKED,0.0,1.0,0.009,0.0,
17:03:34.816,1.0515,1.0112,1.0085,4.2936,pothole,0.6468,normal,0.0,normal,0.0,CAUTION,45.1,0.32,84,pothole,NO,BLOCKED,0.0,1.0,0.021,0.0,
17:03:34.995,1.0352,1.0064,1.003,4.2936,pothole,0.6468,speed_hump,0.516,normal,0.0,CAUTION,63.1,0.63,68,speed_hump,NO,BLOCKED,0.0,1.0,0.014,0.516,
17:03:35.169,1.0034,1.0086,1.0008,4.3958,pothole,0.6979,normal,0.0,normal,0.0,CAUTION,45.0,0.32,84,pothole,NO,BLOCKED,0.0,1.0,0.001,0.0,
17:03:35.347,1.009,1.0135,1.0008,4.3958,pothole,0.6979,normal,0.0,normal,0.0,CAUTION,45.0,0.32,84,pothole,NO,BLOCKED,0.0,1.0,0.004,0.0,
17:03:35.540,1.042,1.0145,1.0068,4.3958,pothole,0.6979,normal,0.0,normal,0.0,CAUTION,45.1,0.32,84,pothole,NO,BLOCKED,0.0,1.0,0.017,0.0,
17:03:35.739,1.0425,1.0081,1.0008,4.2936,pothole,0.6468,normal,0.0,normal,0.0,CAUTION,45.1,0.32,84,pothole,NO,BLOCKED,0.0,1.0,0.017,0.0,
17:03:35.926,1.0178,1.0085,1.0097,4.3958,pothole,0.6979,normal,0.0,normal,0.0,CAUTION,45.0,0.32,84,pothole,NO,BLOCKED,0.0,1.0,0.007,0.0,
17:03:36.114,1.0314,1.0076,1.0076,4.3958,pothole,0.6979,normal,0.0,normal,0.0,CAUTION,45.1,0.32,84,pothole,NO,BLOCKED,0.0,1.0,0.013,0.0,
17:03:36.292,1.0269,1.0083,1.0121,4.3958,pothole,0.6979,speed_hump,0.503,normal,0.0,CAUTION,62.7,0.63,69,speed_hump,NO,BLOCKED,0.0,1.0,0.011,0.503,
17:03:36.484,1.0721,1.0034,1.0091,3.0,speed_hump,1.0,speed_hump,0.5245,normal,0.0,CAUTION,63.5,0.64,68,speed_hump,NO,BLOCKED,0.0,1.0,0.029,0.525,
17:03:36.662,1.0022,1.0004,1.0009,4.3958,pothole,0.6979,speed_hump,0.5214,normal,0.0,HAZARD,63.3,0.63,56,normal,NO,BLOCKED,0.0,1.0,0.001,0.521,
17:03:36.885,1.0262,1.0105,1.01,3.0,speed_hump,1.0,speed_hump,0.5168,normal,0.0,HAZARD,63.1,0.63,56,normal,NO,BLOCKED,0.0,1.0,0.01,0.517,
17:03:37.066,1.0024,1.0106,1.0059,0.0,normal,0.0,normal,0.0,normal,0.0,HAZARD,37.3,0.26,82,normal,NO,BLOCKED,0.0,0.83,0.001,0.0,
17:03:37.246,1.0285,1.0083,1.0007,0.0,normal,0.0,speed_hump,0.5143,normal,0.0,HAZARD,45.3,0.32,78,normal,NO,BLOCKED,0.0,0.606,0.011,0.514,
17:03:37.429,1.0006,1.0101,1.0102,0.0,normal,0.0,normal,0.0,normal,0.0,CAUTION,19.9,0.0,100,braking,NO,BLOCKED,0.0,0.442,0.0,0.0,
17:03:37.598,1.0311,1.0106,1.0093,0.0,normal,0.0,normal,0.0,normal,0.0,CAUTION,14.6,0.0,100,braking,NO,BLOCKED,0.0,0.323,0.012,0.0,
17:03:37.789,1.0062,1.0011,1.0043,0.0,normal,0.0,normal,0.0,normal,0.0,NORMAL,10.6,0.0,100,normal,YES,PASS,0.0,0.235,0.002,0.0,
17:03:37.976,1.0457,1.0041,1.0083,0.0,normal,0.0,normal,0.0,normal,0.0,NORMAL,7.8,0.0,100,normal,YES,PASS,0.0,0.172,0.018,0.0,
17:03:38.166,1.0386,1.0098,1.002,0.0,normal,0.0,normal,0.0,normal,0.0,NORMAL,5.7,0.0,100,normal,YES,PASS,0.0,0.125,0.015,0.0,
17:03:38.362,1.0371,1.0017,1.0017,0.0,normal,0.0,speed_hump,0.5043,normal,0.0,NORMAL,21.8,0.0,100,speed_hump,YES,PASS,0.0,0.092,0.015,0.504,
17:03:38.547,1.0503,1.0083,1.0108,0.0,normal,0.0,speed_hump,0.5027,normal,0.0,NORMAL,20.7,0.0,100,speed_hump,YES,PASS,0.0,0.067,0.02,0.503,
17:03:38.721,1.0289,1.0054,1.0048,0.0,normal,0.0,speed_hump,0.5037,normal,0.0,NORMAL,19.9,0.0,100,speed_hump,YES,PASS,0.0,0.049,0.012,0.504,
17:03:38.895,1.0457,1.0056,1.0043,0.0,normal,0.0,normal,0.0,normal,0.0,NORMAL,1.7,0.0,100,normal,YES,PASS,0.0,0.036,0.018,0.0,
17:03:39.074,1.0681,1.0135,1.002,0.0,normal,0.0,normal,0.0,normal,0.0,NORMAL,1.3,0.0,100,normal,YES,PASS,0.0,0.026,0.027,0.0,
17:03:39.262,1.0044,1.0044,1.0138,0.0,normal,0.0,normal,0.0,normal,0.0,NORMAL,0.9,0.0,100,normal,YES,PASS,0.0,0.019,0.002,0.0,
17:03:39.473,1.0202,1.0004,1.0082,0.0,normal,0.0,normal,0.0,normal,0.0,NORMAL,0.7,0.0,100,normal,YES,PASS,0.0,0.014,0.008,0.0,
17:03:39.665,1.0113,1.0154,1.0112,0.0,normal,0.0,normal,0.0,normal,0.0,NORMAL,0.5,0.0,100,normal,YES,PASS,0.0,0.01,0.005,0.0,
17:03:39.833,1.0611,1.0104,1.0142,0.0,normal,0.0,normal,0.0,normal,0.0,NORMAL,0.5,0.0,100,normal,YES,PASS,0.0,0.007,0.024,0.0,
17:03:40.023,1.0409,1.0049,1.0101,0.0,normal,0.0,speed_hump,0.5018,normal,0.0,NORMAL,17.9,0.0,100,speed_hump,YES,PASS,0.0,0.005,0.016,0.502,
17:03:40.209,1.0131,1.0029,1.002,0.0,normal,0.0,speed_hump,0.5044,normal,0.0,NORMAL,17.9,0.0,100,speed_hump,YES,PASS,0.0,0.004,0.005,0.504,
17:03:40.384,1.0042,1.0107,1.0136,0.0,normal,0.0,speed_hump,0.5206,normal,0.0,NORMAL,18.4,0.0,100,speed_hump,YES,PASS,0.0,0.003,0.002,0.521,
17:03:40.553,1.0049,1.0014,1.0104,0.0,normal,0.0,normal,0.0,normal,0.0,NORMAL,0.1,0.0,100,normal,YES,PASS,0.0,0.002,0.002,0.0,
17:03:40.719,1.0399,1.0119,1.0092,0.0,normal,0.0,normal,0.0,normal,0.0,NORMAL,0.1,0.0,100,normal,YES,PASS,0.0,0.002,0.016,0.0,
17:03:40.887,1.0506,1.0057,1.0055,0.0,normal,0.0,speed_hump,0.5067,normal,0.0,NORMAL,17.9,0.0,100,speed_hump,YES,PASS,0.0,0.001,0.02,0.507,
17:03:41.074,1.0012,1.0137,1.013,0.0,normal,0.0,speed_hump,0.5177,normal,0.0,NORMAL,18.2,0.0,100,speed_hump,YES,PASS,0.0,0.001,0.0,0.518,
17:03:41.263,1.0441,1.0112,1.0036,0.0,normal,0.0,normal,0.0,normal,0.0,NORMAL,0.1,0.0,100,normal,YES,PASS,0.0,0.001,0.018,0.0,
17:03:41.439,1.0311,1.0087,1.0,0.0,normal,0.0,normal,0.0,normal,0.0,NORMAL,0.1,0.0,100,normal,YES,PASS,0.0,0.0,0.012,0.0,
17:03:41.607,1.0166,1.0045,1.0143,0.0,normal,0.0,speed_hump,0.5028,normal,0.0,NORMAL,17.6,0.0,100,speed_hump,YES,PASS,0.0,0.0,0.007,0.503,
17:03:41.792,1.029,1.0083,1.011,0.0,normal,0.0,speed_hump,0.5165,normal,0.0,NORMAL,18.1,0.0,100,speed_hump,YES,PASS,0.0,0.0,0.012,0.516,
17:03:41.969,1.0448,1.0001,1.0092,0.0,normal,0.0,speed_hump,0.517,normal,0.0,NORMAL,18.2,0.0,100,speed_hump,YES,PASS,0.0,0.0,0.018,0.517,
17:03:42.139,1.0339,1.008,1.0008,0.0,normal,0.0,speed_hump,0.5069,normal,0.0,NORMAL,17.8,0.0,100,speed_hump,YES,PASS,0.0,0.0,0.014,0.507,
17:03:42.310,1.0552,1.0042,1.0021,0.0,normal,0.0,normal,0.0,normal,0.0,NORMAL,0.1,0.0,100,normal,YES,PASS,0.0,0.0,0.022,0.0,
17:03:42.483,1.0388,1.0053,1.0011,0.0,normal,0.0,speed_hump,0.5024,normal,0.0,NORMAL,17.7,0.0,100,speed_hump,YES,PASS,0.0,0.0,0.016,0.502,
17:03:42.649,1.0346,1.005,1.009,0.0,normal,0.0,speed_hump,0.504,normal,0.0,NORMAL,17.7,0.0,100,speed_hump,YES,PASS,0.0,0.0,0.014,0.504,
17:03:42.830,1.0227,1.0033,1.0066,0.0,normal,0.0,normal,0.0,normal,0.0,NORMAL,0.0,0.0,100,normal,YES,PASS,0.0,0.0,0.009,0.0,
17:03:43.012,1.0241,1.0027,1.0097,0.0,normal,0.0,normal,0.0,normal,0.0,NORMAL,0.0,0.0,100,normal,YES,PASS,0.0,0.0,0.01,0.0,
17:03:43.166,1.0019,1.0068,1.0061,0.0,normal,0.0,normal,0.0,normal,0.0,NORMAL,0.0,0.0,100,normal,YES,PASS,0.0,0.0,0.001,0.0,
17:03:43.357,1.0001,1.0145,1.0056,0.0,normal,0.0,speed_hump,0.5081,normal,0.0,NORMAL,17.8,0.0,100,speed_hump,YES,PASS,0.0,0.0,0.0,0.508,
17:03:43.542,1.0089,1.0028,1.0018,0.0,normal,0.0,normal,0.0,normal,0.0,NORMAL,0.0,0.0,100,normal,YES,PASS,0.0,0.0,0.004,0.0,
17:03:43.709,1.0244,1.001,1.0112,0.0,normal,0.0,normal,0.0,normal,0.0,NORMAL,0.0,0.0,100,normal,YES,PASS,0.0,0.0,0.01,0.0,
17:03:43.883,1.0433,1.0008,1.0016,0.0,normal,0.0,normal,0.0,normal,0.0,NORMAL,0.1,0.0,100,normal,YES,PASS,0.0,0.0,0.017,0.0,
17:03:44.062,1.007,1.0017,1.0011,0.0,normal,0.0,normal,0.0,normal,0.0,NORMAL,0.0,0.0,100,normal,YES,PASS,0.0,0.0,0.003,0.0,
17:03:44.244,1.052,1.009,1.0125,0.0,normal,0.0,normal,0.0,normal,0.0,NORMAL,0.1,0.0,100,normal,YES,PASS,0.0,0.0,0.021,0.0,
17:03:44.419,1.0573,1.0139,1.01,0.0,normal,0.0,normal,0.0,normal,0.0,NORMAL,0.1,0.0,100,normal,YES,PASS,0.0,0.0,0.023,0.0,
17:03:44.591,1.0471,1.0132,1.0002,0.0,normal,0.0,normal,0.0,normal,0.0,NORMAL,0.1,0.0,100,normal,YES,PASS,0.0,0.0,0.019,0.0,
17:03:44.767,1.0002,1.0009,1.0119,0.0,normal,0.0,normal,0.0,normal,0.0,NORMAL,0.0,0.0,100,normal,YES,PASS,0.0,0.0,0.0,0.0,
17:03:44.940,1.0204,1.0115,1.0113,0.0,normal,0.0,normal,0.0,normal,0.0,NORMAL,0.0,0.0,100,normal,YES,PASS,0.0,0.0,0.008,0.0,
17:03:45.102,1.036,1.0062,1.0054,0.0,normal,0.0,normal,0.0,normal,0.0,NORMAL,0.1,0.0,100,normal,YES,PASS,0.0,0.0,0.014,0.0,
17:03:45.271,1.046,1.0035,1.0087,0.0,normal,0.0,normal,0.0,normal,0.0,NORMAL,0.1,0.0,100,normal,YES,PASS,0.0,0.0,0.018,0.0,
17:03:45.481,1.064,1.0053,1.0015,0.0,normal,0.0,normal,0.0,normal,0.0,NORMAL,0.1,0.0,100,normal,YES,PASS,0.0,0.0,0.026,0.0,
17:03:45.663,1.05,1.0071,1.0093,0.0,normal,0.0,normal,0.0,normal,0.0,NORMAL,0.1,0.0,100,normal,YES,PASS,0.0,0.0,0.02,0.0,
17:03:45.855,1.0043,1.0035,1.0007,0.0,normal,0.0,normal,0.0,normal,0.0,NORMAL,0.0,0.0,100,normal,YES,PASS,0.0,0.0,0.002,0.0,
17:03:46.052,1.0038,1.0078,1.0083,0.0,normal,0.0,normal,0.0,normal,0.0,NORMAL,0.0,0.0,100,normal,YES,PASS,0.0,0.0,0.002,0.0,
17:03:46.231,1.0,1.0108,1.0077,0.0,normal,0.0,normal,0.0,normal,0.0,NORMAL,0.0,0.0,100,normal,YES,PASS,0.0,0.0,0.0,0.0,
17:03:46.423,1.0257,1.0054,1.0045,0.0,normal,0.0,normal,0.0,normal,0.0,NORMAL,0.1,0.0,100,normal,YES,PASS,0.0,0.0,0.01,0.0,
17:03:46.612,1.0159,1.014,1.0014,0.0,normal,0.0,normal,0.0,normal,0.0,NORMAL,0.0,0.0,100,normal,YES,PASS,0.0,0.0,0.006,0.0,
17:03:46.797,1.0478,1.0111,1.0172,0.0,normal,0.0,normal,0.0,normal,0.0,NORMAL,0.1,0.0,100,normal,YES,PASS,0.0,0.0,0.019,0.0,
17:03:46.968,1.0254,1.0001,1.0071,0.0,normal,0.0,normal,0.0,normal,0.0,NORMAL,0.1,0.0,100,normal,YES,PASS,0.0,0.0,0.01,0.0,
17:03:47.145,1.0511,1.0111,1.0099,0.0,normal,0.0,normal,0.0,normal,0.0,NORMAL,0.1,0.0,100,normal,YES,PASS,0.0,0.0,0.02,0.0,
17:03:47.318,1.0046,1.0008,1.0068,0.0,normal,0.0,normal,0.0,normal,0.0,NORMAL,0.0,0.0,100,normal,YES,PASS,0.0,0.0,0.002,0.0,
17:03:47.533,1.0296,1.008,1.0139,0.0,normal,0.0,normal,0.0,normal,0.0,NORMAL,0.1,0.0,100,normal,YES,PASS,0.0,0.0,0.012,0.0,
17:03:47.721,1.0268,1.0072,1.0104,0.0,normal,0.0,normal,0.0,normal,0.0,NORMAL,0.1,0.0,100,normal,YES,PASS,0.0,0.0,0.011,0.0,
17:03:47.909,1.0436,1.0102,1.0085,0.0,normal,0.0,normal,0.0,normal,0.0,NORMAL,0.1,0.0,100,normal,YES,PASS,0.0,0.0,0.017,0.0,
17:03:48.089,1.0295,1.0094,1.0089,0.0,normal,0.0,normal,0.0,normal,0.0,NORMAL,0.1,0.0,100,normal,YES,PASS,0.0,0.0,0.012,0.0,
17:03:48.268,1.006,1.0116,1.0077,0.0,normal,0.0,normal,0.0,normal,0.0,NORMAL,0.0,0.0,100,normal,YES,PASS,0.0,0.0,0.002,0.0,
17:03:48.428,1.0472,1.0127,1.005,0.0,normal,0.0,normal,0.0,normal,0.0,NORMAL,0.1,0.0,100,normal,YES,PASS,0.0,0.0,0.019,0.0,
17:03:48.622,1.041,1.0048,1.0006,0.0,normal,0.0,normal,0.0,normal,0.0,NORMAL,0.1,0.0,100,normal,YES,PASS,0.0,0.0,0.016,0.0,
17:03:48.810,1.0066,1.0144,1.0023,0.0,normal,0.0,normal,0.0,normal,0.0,NORMAL,0.0,0.0,100,normal,YES,PASS,0.0,0.0,0.003,0.0,
17:03:48.995,1.0397,1.0055,1.0119,0.0,normal,0.0,normal,0.0,normal,0.0,NORMAL,0.1,0.0,100,normal,YES,PASS,0.0,0.0,0.016,0.0,
17:03:49.173,1.0452,1.0101,1.0103,0.0,normal,0.0,normal,0.0,normal,0.0,NORMAL,0.1,0.0,100,normal,YES,PASS,0.0,0.0,0.018,0.0,
17:03:49.357,1.0469,1.0045,1.0103,0.0,normal,0.0,normal,0.0,normal,0.0,NORMAL,0.1,0.0,100,normal,YES,PASS,0.0,0.0,0.019,0.0,
17:03:49.529,1.0111,1.0092,1.005,0.0,normal,0.0,normal,0.0,normal,0.0,NORMAL,0.0,0.0,100,normal,YES,PASS,0.0,0.0,0.004,0.0,
17:03:49.722,1.0396,1.0109,1.011,0.0,normal,0.0,normal,0.0,normal,0.0,NORMAL,0.1,0.0,100,normal,YES,PASS,0.0,0.0,0.016,0.0,
17:03:49.909,1.0306,1.0093,1.001,0.0,normal,0.0,normal,0.0,normal,0.0,NORMAL,0.1,0.0,100,normal,YES,PASS,0.0,0.0,0.012,0.0,
17:03:50.099,1.0069,1.0009,1.0083,0.0,normal,0.0,normal,0.0,normal,0.0,NORMAL,0.0,0.0,100,normal,YES,PASS,0.0,0.0,0.003,0.0,
17:03:50.279,1.0198,1.0028,1.0081,0.0,normal,0.0,normal,0.0,normal,0.0,NORMAL,0.0,0.0,100,normal,YES,PASS,0.0,0.0,0.008,0.0,
17:03:50.460,1.0386,1.0065,1.0158,0.0,normal,0.0,normal,0.0,normal,0.0,NORMAL,0.1,0.0,100,normal,YES,PASS,0.0,0.0,0.015,0.0,
17:03:50.625,1.0413,1.004,1.004,0.0,normal,0.0,normal,0.0,normal,0.0,NORMAL,0.1,0.0,100,normal,YES,PASS,0.0,0.0,0.017,0.0,
17:03:50.803,1.0458,1.0028,1.0065,0.0,normal,0.0,normal,0.0,normal,0.0,NORMAL,0.1,0.0,100,normal,YES,PASS,0.0,0.0,0.018,0.0,
17:03:50.992,1.0134,1.0112,1.009,0.0,normal,0.0,normal,0.0,normal,0.0,NORMAL,0.0,0.0,100,normal,YES,PASS,0.0,0.0,0.005,0.0,
17:03:51.182,1.0379,1.0102,1.0045,0.0,normal,0.0,normal,0.0,normal,0.0,NORMAL,0.1,0.0,100,normal,YES,PASS,0.0,0.0,0.015,0.0,
17:03:51.371,1.0143,1.006,1.0078,0.0,normal,0.0,normal,0.0,normal,0.0,NORMAL,0.0,0.0,100,normal,YES,PASS,0.0,0.0,0.006,0.0,
17:03:51.547,1.0011,1.0071,1.0059,0.0,normal,0.0,normal,0.0,normal,0.0,NORMAL,0.0,0.0,100,normal,YES,PASS,0.0,0.0,0.0,0.0,
17:03:51.726,1.0074,1.0141,1.001,0.0,normal,0.0,normal,0.0,normal,0.0,NORMAL,0.0,0.0,100,normal,YES,PASS,0.0,0.0,0.003,0.0,
17:03:51.914,1.0091,1.008,1.0041,0.0,normal,0.0,normal,0.0,normal,0.0,NORMAL,0.0,0.0,100,normal,YES,PASS,0.0,0.0,0.004,0.0,
17:03:52.112,1.0067,1.0102,1.0017,0.0,normal,0.0,normal,0.0,normal,0.0,NORMAL,0.0,0.0,100,normal,YES,PASS,0.0,0.0,0.003,0.0,
17:03:52.297,1.0184,1.0065,1.0052,0.0,normal,0.0,normal,0.0,normal,0.0,NORMAL,0.0,0.0,100,normal,YES,PASS,0.0,0.0,0.007,0.0,
17:03:52.473,1.0245,1.0095,1.0041,0.0,normal,0.0,normal,0.0,normal,0.0,NORMAL,0.0,0.0,100,normal,YES,PASS,0.0,0.0,0.01,0.0,
17:03:52.649,1.0381,1.002,1.0018,0.0,normal,0.0,normal,0.0,normal,0.0,NORMAL,0.1,0.0,100,normal,YES,PASS,0.0,0.0,0.015,0.0,
17:03:52.818,1.0759,1.0006,1.0057,0.0,normal,0.0,normal,0.0,normal,0.0,NORMAL,0.2,0.0,100,normal,YES,PASS,0.0,0.0,0.03,0.0,
17:03:53.000,1.0177,1.0052,1.007,0.0,normal,0.0,normal,0.0,normal,0.0,NORMAL,0.0,0.0,100,normal,YES,PASS,0.0,0.0,0.007,0.0,
17:03:53.193,1.0219,1.0025,1.0034,0.0,normal,0.0,normal,0.0,normal,0.0,NORMAL,0.0,0.0,100,normal,YES,PASS,0.0,0.0,0.009,0.0,
17:03:53.381,1.0393,1.0025,1.0075,0.0,normal,0.0,normal,0.0,normal,0.0,NORMAL,0.1,0.0,100,normal,YES,PASS,0.0,0.0,0.016,0.0,
17:03:53.563,1.0191,1.0073,1.0004,0.0,normal,0.0,normal,0.0,normal,0.0,NORMAL,0.0,0.0,100,normal,YES,PASS,0.0,0.0,0.008,0.0,
17:03:53.736,1.0311,1.0,1.0103,0.0,normal,0.0,normal,0.0,normal,0.0,NORMAL,0.1,0.0,100,normal,YES,PASS,0.0,0.0,0.012,0.0,
17:03:53.912,1.0319,1.008,1.0038,0.0,normal,0.0,normal,0.0,normal,0.0,NORMAL,0.1,0.0,100,normal,YES,PASS,0.0,0.0,0.013,0.0,
17:03:54.105,1.0467,1.0118,1.0069,0.0,normal,0.0,normal,0.0,normal,0.0,NORMAL,0.1,0.0,100,normal,YES,PASS,0.0,0.0,0.019,0.0,
17:03:54.292,1.0218,1.004,1.0057,0.0,normal,0.0,normal,0.0,normal,0.0,NORMAL,0.0,0.0,100,normal,YES,PASS,0.0,0.0,0.009,0.0,
17:03:54.477,1.0059,1.0065,1.002,0.0,normal,0.0,normal,0.0,normal,0.0,NORMAL,0.0,0.0,100,normal,YES,PASS,0.0,0.0,0.002,0.0,
17:03:54.653,1.0148,1.0064,1.0002,0.0,normal,0.0,normal,0.0,normal,0.0,NORMAL,0.0,0.0,100,normal,YES,PASS,0.0,0.0,0.006,0.0,
17:03:54.829,1.0353,1.014,1.01,0.0,normal,0.0,normal,0.0,normal,0.0,NORMAL,0.1,0.0,100,normal,YES,PASS,0.0,0.0,0.014,0.0,
17:03:55.008,1.0115,1.0131,1.002,0.0,normal,0.0,normal,0.0,normal,0.0,NORMAL,0.0,0.0,100,normal,YES,PASS,0.0,0.0,0.005,0.0,
17:03:55.181,1.004,1.0073,1.0065,0.0,normal,0.0,normal,0.0,normal,0.0,NORMAL,0.0,0.0,100,normal,YES,PASS,0.0,0.0,0.002,0.0,
17:03:55.376,1.0175,1.0054,1.0156,0.0,normal,0.0,normal,0.0,normal,0.0,NORMAL,0.0,0.0,100,normal,YES,PASS,0.0,0.0,0.007,0.0,
17:03:55.558,1.014,1.014,1.0009,0.0,normal,0.0,normal,0.0,normal,0.0,NORMAL,0.0,0.0,100,normal,YES,PASS,0.0,0.0,0.006,0.0,
17:03:55.745,1.0311,1.0103,1.0049,0.0,normal,0.0,normal,0.0,normal,0.0,NORMAL,0.1,0.0,100,normal,YES,PASS,0.0,0.0,0.012,0.0,
17:03:55.937,1.047,1.0043,1.0137,0.0,normal,0.0,normal,0.0,normal,0.0,NORMAL,0.1,0.0,100,normal,YES,PASS,0.0,0.0,0.019,0.0,
17:03:56.111,1.0563,1.0013,1.0104,0.0,normal,0.0,normal,0.0,normal,0.0,NORMAL,0.1,0.0,100,normal,YES,PASS,0.0,0.0,0.023,0.0,
17:03:56.291,1.0541,1.0058,1.0027,0.0,normal,0.0,normal,0.0,normal,0.0,NORMAL,0.1,0.0,100,normal,YES,PASS,0.0,0.0,0.022,0.0,
17:03:56.498,1.0287,1.0117,1.0036,0.0,normal,0.0,normal,0.0,normal,0.0,NORMAL,0.1,0.0,100,normal,YES,PASS,0.0,0.0,0.011,0.0,
17:03:56.681,1.0336,1.0131,1.0133,0.0,normal,0.0,normal,0.0,normal,0.0,NORMAL,0.1,0.0,100,normal,YES,PASS,0.0,0.0,0.013,0.0,
17:03:56.857,1.0257,1.0116,1.0119,0.0,normal,0.0,normal,0.0,normal,0.0,NORMAL,0.1,0.0,100,normal,YES,PASS,0.0,0.0,0.01,0.0,
17:03:57.039,1.0408,1.0027,1.0005,0.0,normal,0.0,normal,0.0,normal,0.0,NORMAL,0.1,0.0,100,normal,YES,PASS,0.0,0.0,0.016,0.0,
17:03:57.212,1.0315,1.0016,1.0073,0.0,normal,0.0,normal,0.0,normal,0.0,NORMAL,0.1,0.0,100,normal,YES,PASS,0.0,0.0,0.013,0.0,
17:03:57.397,1.049,1.0004,1.0046,0.0,normal,0.0,normal,0.0,normal,0.0,NORMAL,0.1,0.0,100,normal,YES,PASS,0.0,0.0,0.02,0.0,
17:03:57.579,1.041,1.0077,1.0103,0.0,normal,0.0,normal,0.0,normal,0.0,NORMAL,0.1,0.0,100,normal,YES,PASS,0.0,0.0,0.016,0.0,
17:03:57.770,1.0708,1.012,1.0137,0.0,normal,0.0,normal,0.0,normal,0.0,NORMAL,0.1,0.0,100,normal,YES,PASS,0.0,0.0,0.028,0.0,
17:03:57.947,1.0316,1.0009,1.0111,0.0,normal,0.0,normal,0.0,normal,0.0,NORMAL,0.1,0.0,100,normal,YES,PASS,0.0,0.0,0.013,0.0,
17:03:58.126,1.0366,1.0,1.0041,0.0,normal,0.0,normal,0.0,normal,0.0,NORMAL,0.1,0.0,100,normal,YES,PASS,0.0,0.0,0.015,0.0,
17:03:58.303,1.0241,1.0019,1.0069,0.0,normal,0.0,normal,0.0,normal,0.0,NORMAL,0.0,0.0,100,normal,YES,PASS,0.0,0.0,0.01,0.0,
17:03:58.510,1.0491,1.0122,1.0109,0.0,normal,0.0,normal,0.0,normal,0.0,NORMAL,0.1,0.0,100,normal,YES,PASS,0.0,0.0,0.02,0.0,
17:03:58.697,1.0136,1.0107,1.0099,0.0,normal,0.0,normal,0.0,normal,0.0,NORMAL,0.0,0.0,100,normal,YES,PASS,0.0,0.0,0.005,0.0,
17:03:58.886,1.0313,1.0055,1.002,0.0,normal,0.0,normal,0.0,normal,0.0,NORMAL,0.1,0.0,100,normal,YES,PASS,0.0,0.0,0.013,0.0,
17:03:59.062,1.0434,1.006,1.0002,0.0,normal,0.0,normal,0.0,normal,0.0,NORMAL,0.1,0.0,100,normal,YES,PASS,0.0,0.0,0.017,0.0,
17:03:59.248,1.0305,1.0085,1.0097,0.0,normal,0.0,normal,0.0,normal,0.0,NORMAL,0.1,0.0,100,normal,YES,PASS,0.0,0.0,0.012,0.0,
17:03:59.421,1.0282,1.0019,1.0062,0.0,normal,0.0,normal,0.0,normal,0.0,NORMAL,0.1,0.0,100,normal,YES,PASS,0.0,0.0,0.011,0.0,
17:03:59.628,1.0169,1.0075,1.0143,0.0,normal,0.0,normal,0.0,normal,0.0,NORMAL,0.0,0.0,100,normal,YES,PASS,0.0,0.0,0.007,0.0,
17:03:59.826,1.0367,1.0065,1.0023,0.0,normal,0.0,normal,0.0,normal,0.0,NORMAL,0.1,0.0,100,normal,YES,PASS,0.0,0.0,0.015,0.0,
17:04:00.019,1.0183,1.001,1.013,0.0,normal,0.0,normal,0.0,normal,0.0,NORMAL,0.0,0.0,100,normal,YES,PASS,0.0,0.0,0.007,0.0,
17:04:00.202,1.0272,1.0023,1.0056,0.0,normal,0.0,normal,0.0,normal,0.0,NORMAL,0.1,0.0,100,normal,YES,PASS,0.0,0.0,0.011,0.0,
17:04:00.408,1.0212,1.0044,1.0033,0.0,normal,0.0,normal,0.0,normal,0.0,NORMAL,0.0,0.0,100,normal,YES,PASS,0.0,0.0,0.008,0.0,
17:04:00.620,1.0487,1.0046,1.0037,0.0,normal,0.0,normal,0.0,normal,0.0,NORMAL,0.1,0.0,100,normal,YES,PASS,0.0,0.0,0.019,0.0,
17:04:00.849,1.0684,1.0022,1.0116,0.0,normal,0.0,normal,0.0,normal,0.0,NORMAL,0.1,0.0,100,normal,YES,PASS,0.0,0.0,0.027,0.0,
17:04:01.068,1.0182,1.0069,1.0101,0.0,normal,0.0,normal,0.0,normal,0.0,NORMAL,0.0,0.0,100,normal,YES,PASS,0.0,0.0,0.007,0.0,
17:04:01.267,1.0181,1.012,1.0057,0.0,normal,0.0,normal,0.0,normal,0.0,NORMAL,0.0,0.0,100,normal,YES,PASS,0.0,0.0,0.007,0.0,
17:04:01.473,1.0047,1.0142,1.0057,0.0,normal,0.0,normal,0.0,normal,0.0,NORMAL,0.0,0.0,100,normal,YES,PASS,0.0,0.0,0.002,0.0,
17:04:01.649,1.0087,1.0011,1.0035,0.0,normal,0.0,normal,0.0,normal,0.0,NORMAL,0.0,0.0,100,normal,YES,PASS,0.0,0.0,0.003,0.0,
17:04:01.855,1.0398,1.0073,1.0093,0.0,normal,0.0,normal,0.0,normal,0.0,NORMAL,0.1,0.0,100,normal,YES,PASS,0.0,0.0,0.016,0.0,
17:04:02.066,1.0447,1.0085,1.0005,0.0,normal,0.0,normal,0.0,normal,0.0,NORMAL,0.1,0.0,100,normal,YES,PASS,0.0,0.0,0.018,0.0,
17:04:02.255,1.0285,1.0086,1.0054,0.0,normal,0.0,normal,0.0,normal,0.0,NORMAL,0.1,0.0,100,normal,YES,PASS,0.0,0.0,0.011,0.0,
17:04:02.431,1.0105,1.0096,1.0054,0.0,normal,0.0,normal,0.0,normal,0.0,NORMAL,0.0,0.0,100,normal,YES,PASS,0.0,0.0,0.004,0.0,
17:04:02.601,1.0284,1.0105,1.0018,0.0,normal,0.0,normal,0.0,normal,0.0,NORMAL,0.1,0.0,100,normal,YES,PASS,0.0,0.0,0.011,0.0,
17:04:02.769,1.0128,1.0075,1.0058,0.0,normal,0.0,normal,0.0,normal,0.0,NORMAL,0.0,0.0,100,normal,YES,PASS,0.0,0.0,0.005,0.0,
17:04:02.956,1.0097,1.0039,1.0084,0.0,normal,0.0,normal,0.0,normal,0.0,NORMAL,0.0,0.0,100,normal,YES,PASS,0.0,0.0,0.004,0.0,
17:04:03.144,1.0387,1.0109,1.0095,0.0,normal,0.0,normal,0.0,normal,0.0,NORMAL,0.1,0.0,100,normal,YES,PASS,0.0,0.0,0.015,0.0,
17:04:03.344,1.0305,1.0054,1.0069,0.0,normal,0.0,normal,0.0,normal,0.0,NORMAL,0.1,0.0,100,normal,YES,PASS,0.0,0.0,0.012,0.0,
17:04:03.534,1.0458,1.01,1.0074,0.0,normal,0.0,normal,0.0,normal,0.0,NORMAL,0.1,0.0,100,normal,YES,PASS,0.0,0.0,0.018,0.0,
17:04:03.728,1.0526,1.004,1.0076,0.0,normal,0.0,normal,0.0,normal,0.0,NORMAL,0.1,0.0,100,normal,YES,PASS,0.0,0.0,0.021,0.0,
17:04:03.910,1.0156,1.0021,1.0,0.0,normal,0.0,normal,0.0,normal,0.0,NORMAL,0.0,0.0,100,normal,YES,PASS,0.0,0.0,0.006,0.0,
17:04:04.103,1.0624,1.0011,1.0087,0.0,normal,0.0,normal,0.0,normal,0.0,NORMAL,0.1,0.0,100,normal,YES,PASS,0.0,0.0,0.025,0.0,
17:04:04.293,1.0075,1.0083,1.0129,0.0,normal,0.0,normal,0.0,normal,0.0,NORMAL,0.0,0.0,100,normal,YES,PASS,0.0,0.0,0.003,0.0,
17:04:04.482,1.054,1.0087,1.0123,0.0,normal,0.0,normal,0.0,normal,0.0,NORMAL,0.1,0.0,100,normal,YES,PASS,0.0,0.0,0.022,0.0,
17:04:04.657,1.0166,1.008,1.0054,0.0,normal,0.0,normal,0.0,normal,0.0,NORMAL,0.0,0.0,100,normal,YES,PASS,0.0,0.0,0.007,0.0,
17:04:04.839,1.0161,1.0171,1.0009,0.0,normal,0.0,normal,0.0,normal,0.0,NORMAL,0.0,0.0,100,normal,YES,PASS,0.0,0.0,0.006,0.0,
17:04:05.014,1.0005,1.0117,1.0032,0.0,normal,0.0,normal,0.0,normal,0.0,NORMAL,0.0,0.0,100,normal,YES,PASS,0.0,0.0,0.0,0.0,
17:04:05.180,1.0497,1.008,1.0084,0.0,normal,0.0,normal,0.0,normal,0.0,NORMAL,0.1,0.0,100,normal,YES,PASS,0.0,0.0,0.02,0.0,
17:04:05.364,1.0205,1.0038,1.011,0.0,normal,0.0,normal,0.0,normal,0.0,NORMAL,0.0,0.0,100,normal,YES,PASS,0.0,0.0,0.008,0.0,
17:04:05.541,1.0045,1.0048,1.0075,0.0,normal,0.0,normal,0.0,normal,0.0,NORMAL,0.0,0.0,100,normal,YES,PASS,0.0,0.0,0.002,0.0,
17:04:05.726,1.0561,1.0082,1.0094,0.0,normal,0.0,normal,0.0,normal,0.0,NORMAL,0.1,0.0,100,normal,YES,PASS,0.0,0.0,0.022,0.0,
17:04:05.914,1.0498,1.0113,1.0073,0.0,normal,0.0,normal,0.0,normal,0.0,NORMAL,0.1,0.0,100,normal,YES,PASS,0.0,0.0,0.02,0.0,
17:04:06.097,1.0409,1.012,1.0038,0.0,normal,0.0,normal,0.0,normal,0.0,NORMAL,0.1,0.0,100,normal,YES,PASS,0.0,0.0,0.016,0.0,
17:04:06.269,1.0159,1.0002,1.0088,0.0,normal,0.0,normal,0.0,normal,0.0,NORMAL,0.0,0.0,100,normal,YES,PASS,0.0,0.0,0.006,0.0,
17:04:06.450,1.04,1.0007,1.0027,0.0,normal,0.0,normal,0.0,normal,0.0,NORMAL,0.1,0.0,100,normal,YES,PASS,0.0,0.0,0.016,0.0,
17:04:06.629,1.0195,1.0112,1.0089,0.0,normal,0.0,normal,0.0,normal,0.0,NORMAL,0.0,0.0,100,normal,YES,PASS,0.0,0.0,0.008,0.0,
17:04:06.811,1.0598,1.0103,1.0054,0.0,normal,0.0,normal,0.0,normal,0.0,NORMAL,0.1,0.0,100,normal,YES,PASS,0.0,0.0,0.024,0.0,
17:04:06.997,1.0417,1.0089,1.0071,0.0,normal,0.0,normal,0.0,normal,0.0,NORMAL,0.1,0.0,100,normal,YES,PASS,0.0,0.0,0.017,0.0,
17:04:07.177,1.0056,1.0046,1.0129,0.0,normal,0.0,normal,0.0,normal,0.0,NORMAL,0.0,0.0,100,normal,YES,PASS,0.0,0.0,0.002,0.0,
17:04:07.356,1.0218,1.0061,1.005,0.0,normal,0.0,normal,0.0,normal,0.0,NORMAL,0.0,0.0,100,normal,YES,PASS,0.0,0.0,0.009,0.0,
17:04:07.549,1.0326,1.0113,1.0008,0.0,normal,0.0,normal,0.0,normal,0.0,NORMAL,0.1,0.0,100,normal,YES,PASS,0.0,0.0,0.013,0.0,
17:04:07.738,1.0651,1.0005,1.01,0.0,normal,0.0,normal,0.0,normal,0.0,NORMAL,0.1,0.0,100,normal,YES,PASS,0.0,0.0,0.026,0.0,
17:04:07.916,1.0667,1.0037,1.0034,0.0,normal,0.0,normal,0.0,normal,0.0,NORMAL,0.1,0.0,100,normal,YES,PASS,0.0,0.0,0.027,0.0,
17:04:08.091,1.0081,1.0116,1.0062,0.0,normal,0.0,normal,0.0,normal,0.0,NORMAL,0.0,0.0,100,normal,YES,PASS,0.0,0.0,0.003,0.0,
17:04:08.265,1.0489,1.0036,1.0066,0.0,normal,0.0,normal,0.0,normal,0.0,NORMAL,0.1,0.0,100,normal,YES,PASS,0.0,0.0,0.02,0.0,
17:04:08.464,1.0393,1.0066,1.0079,0.0,normal,0.0,normal,0.0,normal,0.0,NORMAL,0.1,0.0,100,normal,YES,PASS,0.0,0.0,0.016,0.0,
17:04:08.651,1.0062,1.0038,1.0042,0.0,normal,0.0,normal,0.0,normal,0.0,NORMAL,0.0,0.0,100,normal,YES,PASS,0.0,0.0,0.002,0.0,
17:04:08.848,1.0426,1.0098,1.011,0.0,normal,0.0,normal,0.0,normal,0.0,NORMAL,0.1,0.0,100,normal,YES,PASS,0.0,0.0,0.017,0.0,
17:04:09.046,1.0202,1.002,1.0045,0.0,normal,0.0,normal,0.0,normal,0.0,NORMAL,0.0,0.0,100,normal,YES,PASS,0.0,0.0,0.008,0.0,
17:04:09.219,1.0094,1.0097,1.0084,0.0,normal,0.0,normal,0.0,normal,0.0,NORMAL,0.0,0.0,100,normal,YES,PASS,0.0,0.0,0.004,0.0,
17:04:09.387,1.0088,1.002,1.0148,0.0,normal,0.0,normal,0.0,normal,0.0,NORMAL,0.0,0.0,100,normal,YES,PASS,0.0,0.0,0.004,0.0,
17:04:09.580,1.0011,1.0062,1.0019,0.0,normal,0.0,normal,0.0,normal,0.0,NORMAL,0.0,0.0,100,normal,YES,PASS,0.0,0.0,0.0,0.0,
17:04:09.765,1.0369,1.0058,1.0117,0.0,normal,0.0,normal,0.0,normal,0.0,NORMAL,0.1,0.0,100,normal,YES,PASS,0.0,0.0,0.015,0.0,
17:04:09.952,1.0269,1.0038,1.0101,0.0,normal,0.0,normal,0.0,normal,0.0,NORMAL,0.1,0.0,100,normal,YES,PASS,0.0,0.0,0.011,0.0,
17:04:10.132,1.0075,1.0012,1.0035,0.0,normal,0.0,normal,0.0,normal,0.0,NORMAL,0.0,0.0,100,normal,YES,PASS,0.0,0.0,0.003,0.0,
17:04:10.312,1.0114,1.0119,1.0025,0.0,normal,0.0,normal,0.0,normal,0.0,NORMAL,0.0,0.0,100,normal,YES,PASS,0.0,0.0,0.005,0.0,
17:04:10.484,1.0061,1.0064,1.0132,0.0,normal,0.0,normal,0.0,normal,0.0,NORMAL,0.0,0.0,100,normal,YES,PASS,0.0,0.0,0.002,0.0,
17:04:10.666,1.0621,1.0045,1.0108,0.0,normal,0.0,normal,0.0,normal,0.0,NORMAL,0.1,0.0,100,normal,YES,PASS,0.0,0.0,0.025,0.0,
17:04:10.870,1.0505,1.011,1.0036,0.0,normal,0.0,normal,0.0,normal,0.0,NORMAL,0.1,0.0,100,normal,YES,PASS,0.0,0.0,0.02,0.0,
17:04:11.057,1.0381,1.005,1.0029,0.0,normal,0.0,normal,0.0,normal,0.0,NORMAL,0.1,0.0,100,normal,YES,PASS,0.0,0.0,0.015,0.0,
17:04:11.244,1.0419,1.0005,1.0048,0.0,normal,0.0,normal,0.0,normal,0.0,NORMAL,0.1,0.0,100,normal,YES,PASS,0.0,0.0,0.017,0.0,
17:04:11.423,1.0465,1.012,1.0151,0.0,normal,0.0,normal,0.0,normal,0.0,NORMAL,0.1,0.0,100,normal,YES,PASS,0.0,0.0,0.019,0.0,
17:04:11.604,1.0458,1.0031,1.014,0.0,normal,0.0,normal,0.0,normal,0.0,NORMAL,0.1,0.0,100,normal,YES,PASS,0.0,0.0,0.018,0.0,
17:04:11.792,1.0324,1.0053,1.0042,0.0,normal,0.0,normal,0.0,normal,0.0,NORMAL,0.1,0.0,100,normal,YES,PASS,0.0,0.0,0.013,0.0,
17:04:11.982,1.0188,1.0107,1.0075,0.0,normal,0.0,normal,0.0,normal,0.0,NORMAL,0.0,0.0,100,normal,YES,PASS,0.0,0.0,0.008,0.0,
17:04:12.176,1.0333,1.0017,1.0051,0.0,normal,0.0,normal,0.0,normal,0.0,NORMAL,0.1,0.0,100,normal,YES,PASS,0.0,0.0,0.013,0.0,
17:04:12.359,1.0509,1.0062,1.0047,0.0,normal,0.0,normal,0.0,normal,0.0,NORMAL,0.1,0.0,100,normal,YES,PASS,0.0,0.0,0.02,0.0,
17:04:12.546,1.0261,1.0036,1.0073,0.0,normal,0.0,speed_hump,0.5062,normal,0.0,NORMAL,17.8,0.0,100,speed_hump,YES,PASS,0.0,0.0,0.01,0.506,
17:04:12.732,1.004,1.0043,1.0049,0.0,normal,0.0,normal,0.0,normal,0.0,NORMAL,0.0,0.0,100,normal,YES,PASS,0.0,0.0,0.002,0.0,
17:04:12.934,1.0144,1.015,1.0016,0.0,normal,0.0,normal,0.0,normal,0.0,NORMAL,0.0,0.0,100,normal,YES,PASS,0.0,0.0,0.006,0.0,
17:04:13.121,1.0499,1.0001,1.0062,0.0,normal,0.0,speed_hump,0.5172,normal,0.0,NORMAL,18.2,0.0,100,speed_hump,YES,PASS,0.0,0.0,0.02,0.517,
17:04:13.309,1.0543,1.0078,1.0071,0.0,normal,0.0,speed_hump,0.5117,normal,0.0,NORMAL,18.0,0.0,100,speed_hump,YES,PASS,0.0,0.0,0.022,0.512,
17:04:13.490,1.0341,1.0006,1.0055,0.0,normal,0.0,speed_hump,0.5137,normal,0.0,NORMAL,18.0,0.0,100,speed_hump,YES,PASS,0.0,0.0,0.014,0.514,
17:04:13.645,1.0085,1.0105,1.0018,0.0,normal,0.0,normal,0.0,normal,0.0,NORMAL,0.0,0.0,100,normal,YES,PASS,0.0,0.0,0.003,0.0,
17:04:13.805,1.0214,1.0037,1.0008,0.0,normal,0.0,speed_hump,0.5106,normal,0.0,NORMAL,17.9,0.0,100,speed_hump,YES,PASS,0.0,0.0,0.009,0.511,
17:04:13.982,1.0025,1.0012,1.0037,0.0,normal,0.0,speed_hump,0.5023,normal,0.0,NORMAL,17.6,0.0,100,speed_hump,YES,PASS,0.0,0.0,0.001,0.502,
17:04:14.164,1.0506,1.0102,1.0092,0.0,normal,0.0,speed_hump,0.5008,normal,0.0,NORMAL,17.6,0.0,100,speed_hump,YES,PASS,0.0,0.0,0.02,0.501,
17:04:14.340,1.0397,1.01,1.0088,0.0,normal,0.0,speed_hump,0.5112,normal,0.0,NORMAL,18.0,0.0,100,speed_hump,YES,PASS,0.0,0.0,0.016,0.511,
17:04:14.517,1.0253,1.0051,1.0055,0.0,normal,0.0,normal,0.0,normal,0.0,NORMAL,0.1,0.0,100,normal,YES,PASS,0.0,0.0,0.01,0.0,
17:04:14.689,1.0052,1.0083,1.0062,0.0,normal,0.0,speed_hump,0.5042,normal,0.0,NORMAL,17.7,0.0,100,speed_hump,YES,PASS,0.0,0.0,0.002,0.504,
17:04:14.859,1.0235,1.0073,1.0061,0.0,normal,0.0,normal,0.0,normal,0.0,NORMAL,0.0,0.0,100,normal,YES,PASS,0.0,0.0,0.009,0.0,
17:04:15.030,1.0165,1.0014,1.0161,0.0,normal,0.0,normal,0.0,normal,0.0,NORMAL,0.0,0.0,100,normal,YES,PASS,0.0,0.0,0.007,0.0,
17:04:15.216,1.0222,1.0087,1.0133,0.0,normal,0.0,normal,0.0,normal,0.0,NORMAL,0.0,0.0,100,normal,YES,PASS,0.0,0.0,0.009,0.0,
17:04:15.429,1.0124,1.0051,1.0111,0.0,normal,0.0,normal,0.0,normal,0.0,NORMAL,0.0,0.0,100,normal,YES,PASS,0.0,0.0,0.005,0.0,
17:04:15.610,1.0171,1.0147,1.0115,0.0,normal,0.0,normal,0.0,normal,0.0,NORMAL,0.0,0.0,100,normal,YES,PASS,0.0,0.0,0.007,0.0,
17:04:15.792,1.0086,1.0073,1.0008,0.0,normal,0.0,normal,0.0,normal,0.0,NORMAL,0.0,0.0,100,normal,YES,PASS,0.0,0.0,0.003,0.0,
17:04:15.959,1.0217,1.0101,1.0086,0.0,normal,0.0,normal,0.0,normal,0.0,NORMAL,0.0,0.0,100,normal,YES,PASS,0.0,0.0,0.009,0.0,
17:04:16.147,1.0598,1.0029,1.0026,0.0,normal,0.0,normal,0.0,normal,0.0,NORMAL,0.1,0.0,100,normal,YES,PASS,0.0,0.0,0.024,0.0,
17:04:16.337,1.0299,1.0104,1.011,0.0,normal,0.0,normal,0.0,normal,0.0,NORMAL,0.1,0.0,100,normal,YES,PASS,0.0,0.0,0.012,0.0,
17:04:16.522,1.0452,1.0106,1.0092,0.0,normal,0.0,normal,0.0,normal,0.0,NORMAL,0.1,0.0,100,normal,YES,PASS,0.0,0.0,0.018,0.0,
17:04:16.700,1.0081,1.0023,1.0029,0.0,normal,0.0,normal,0.0,normal,0.0,NORMAL,0.0,0.0,100,normal,YES,PASS,0.0,0.0,0.003,0.0,
17:04:16.868,1.0672,1.0091,1.0169,0.0,normal,0.0,normal,0.0,normal,0.0,NORMAL,0.1,0.0,100,normal,YES,PASS,0.0,0.0,0.027,0.0,
17:04:17.061,1.0205,1.0092,1.0138,0.0,normal,0.0,normal,0.0,normal,0.0,NORMAL,0.0,0.0,100,normal,YES,PASS,0.0,0.0,0.008,0.0,
17:04:17.251,1.0228,1.0022,1.0057,0.0,normal,0.0,normal,0.0,normal,0.0,NORMAL,0.0,0.0,100,normal,YES,PASS,0.0,0.0,0.009,0.0,
17:04:17.440,1.0258,1.0112,1.0006,0.0,normal,0.0,normal,0.0,normal,0.0,NORMAL,0.1,0.0,100,normal,YES,PASS,0.0,0.0,0.01,0.0,
17:04:17.623,1.0373,1.008,1.0017,0.0,normal,0.0,normal,0.0,normal,0.0,NORMAL,0.1,0.0,100,normal,YES,PASS,0.0,0.0,0.015,0.0,
17:04:17.800,1.0453,1.0101,1.0061,0.0,normal,0.0,normal,0.0,normal,0.0,NORMAL,0.1,0.0,100,normal,YES,PASS,0.0,0.0,0.018,0.0,
17:04:17.977,1.0204,1.0079,1.0016,0.0,normal,0.0,normal,0.0,normal,0.0,NORMAL,0.0,0.0,100,normal,YES,PASS,0.0,0.0,0.008,0.0,
17:04:18.155,1.0129,1.0081,1.0016,0.0,normal,0.0,normal,0.0,normal,0.0,NORMAL,0.0,0.0,100,normal,YES,PASS,0.0,0.0,0.005,0.0,
17:04:18.313,1.0151,1.0012,1.0028,0.0,normal,0.0,normal,0.0,normal,0.0,NORMAL,0.0,0.0,100,normal,YES,PASS,0.0,0.0,0.006,0.0,
17:04:18.488,1.0162,1.0036,1.0102,0.0,normal,0.0,normal,0.0,normal,0.0,NORMAL,0.0,0.0,100,normal,YES,PASS,0.0,0.0,0.006,0.0,
17:04:18.679,1.048,1.0004,1.0064,0.0,normal,0.0,normal,0.0,normal,0.0,NORMAL,0.1,0.0,100,normal,YES,PASS,0.0,0.0,0.019,0.0,
17:04:18.866,1.0554,1.0172,1.005,0.0,normal,0.0,normal,0.0,normal,0.0,NORMAL,0.1,0.0,100,normal,YES,PASS,0.0,0.0,0.022,0.0,
17:04:19.055,1.041,1.012,1.0152,0.0,normal,0.0,normal,0.0,normal,0.0,NORMAL,0.1,0.0,100,normal,YES,PASS,0.0,0.0,0.016,0.0,
17:04:19.235,1.0541,1.0085,1.0087,0.0,normal,0.0,normal,0.0,normal,0.0,NORMAL,0.1,0.0,100,normal,YES,PASS,0.0,0.0,0.022,0.0,
17:04:19.410,1.0242,1.0071,1.0093,0.0,normal,0.0,normal,0.0,normal,0.0,NORMAL,0.0,0.0,100,normal,YES,PASS,0.0,0.0,0.01,0.0,
17:04:19.606,1.0071,1.01,1.0019,0.0,normal,0.0,normal,0.0,normal,0.0,NORMAL,0.0,0.0,100,normal,YES,PASS,0.0,0.0,0.003,0.0,
17:04:19.793,1.0029,1.0017,1.0006,0.0,normal,0.0,normal,0.0,normal,0.0,NORMAL,0.0,0.0,100,normal,YES,PASS,0.0,0.0,0.001,0.0,
17:04:19.972,1.0104,1.0046,1.0076,0.0,normal,0.0,normal,0.0,normal,0.0,NORMAL,0.0,0.0,100,normal,YES,PASS,0.0,0.0,0.004,0.0,
17:04:20.151,1.0383,1.0054,1.0076,0.0,normal,0.0,normal,0.0,normal,0.0,NORMAL,0.1,0.0,100,normal,YES,PASS,0.0,0.0,0.015,0.0,
17:04:20.321,1.0061,1.003,1.0031,0.0,normal,0.0,normal,0.0,normal,0.0,NORMAL,0.0,0.0,100,normal,YES,PASS,0.0,0.0,0.002,0.0,
17:04:20.490,1.0099,1.0039,1.012,0.0,normal,0.0,normal,0.0,normal,0.0,NORMAL,0.0,0.0,100,normal,YES,PASS,0.0,0.0,0.004,0.0,
17:04:20.684,1.0424,1.0022,1.0102,0.0,normal,0.0,normal,0.0,normal,0.0,NORMAL,0.1,0.0,100,normal,YES,PASS,0.0,0.0,0.017,0.0,
17:04:20.872,1.0623,1.0033,1.0118,0.0,normal,0.0,speed_hump,0.5051,normal,0.0,NORMAL,17.8,0.0,100,speed_hump,YES,PASS,0.0,0.0,0.025,0.505,
17:04:21.054,1.0029,1.0069,1.008,0.0,normal,0.0,speed_hump,0.5015,normal,0.0,NORMAL,17.6,0.0,100,speed_hump,YES,PASS,0.0,0.0,0.001,0.502,
17:04:21.222,1.0142,1.0011,1.0021,0.0,normal,0.0,speed_hump,0.5072,normal,0.0,NORMAL,17.8,0.0,100,speed_hump,YES,PASS,0.0,0.0,0.006,0.507,
17:04:21.397,1.0043,1.0005,1.0004,0.0,normal,0.0,normal,0.0,normal,0.0,NORMAL,0.0,0.0,100,normal,YES,PASS,0.0,0.0,0.002,0.0,
17:04:21.583,1.026,1.0106,1.0044,0.0,normal,0.0,normal,0.0,normal,0.0,NORMAL,0.1,0.0,100,normal,YES,PASS,0.0,0.0,0.01,0.0,
17:04:21.767,1.0462,1.011,1.0093,0.0,normal,0.0,normal,0.0,normal,0.0,NORMAL,0.1,0.0,100,normal,YES,PASS,0.0,0.0,0.018,0.0,
17:04:21.982,1.0003,1.0032,1.0088,0.0,normal,0.0,normal,0.0,normal,0.0,NORMAL,0.0,0.0,100,normal,YES,PASS,0.0,0.0,0.0,0.0,
17:04:22.177,1.0396,1.0064,1.0028,0.0,normal,0.0,normal,0.0,normal,0.0,NORMAL,0.1,0.0,100,normal,YES,PASS,0.0,0.0,0.016,0.0,
17:04:22.350,1.0336,1.0035,1.0046,0.0,normal,0.0,normal,0.0,normal,0.0,NORMAL,0.1,0.0,100,normal,YES,PASS,0.0,0.0,0.013,0.0,
17:04:22.515,1.0385,1.0062,1.0129,0.0,normal,0.0,normal,0.0,normal,0.0,NORMAL,0.1,0.0,100,normal,YES,PASS,0.0,0.0,0.015,0.0,
17:04:22.708,1.034,1.0061,1.0084,0.0,normal,0.0,normal,0.0,normal,0.0,NORMAL,0.1,0.0,100,normal,YES,PASS,0.0,0.0,0.014,0.0,
17:04:22.890,1.0608,1.0094,1.0039,0.0,normal,0.0,normal,0.0,normal,0.0,NORMAL,0.1,0.0,100,normal,YES,PASS,0.0,0.0,0.024,0.0,
17:04:23.079,1.0455,1.0068,1.0074,0.0,normal,0.0,normal,0.0,normal,0.0,NORMAL,0.1,0.0,100,normal,YES,PASS,0.0,0.0,0.018,0.0,
17:04:23.256,1.0138,1.0176,1.0164,0.0,normal,0.0,normal,0.0,normal,0.0,NORMAL,0.0,0.0,100,normal,YES,PASS,0.0,0.0,0.006,0.0,
17:04:23.426,1.0587,1.0069,1.0131,0.0,normal,0.0,normal,0.0,normal,0.0,NORMAL,0.1,0.0,100,normal,YES,PASS,0.0,0.0,0.023,0.0,
17:04:23.588,1.018,1.0077,1.0105,0.0,normal,0.0,normal,0.0,normal,0.0,NORMAL,0.0,0.0,100,normal,YES,PASS,0.0,0.0,0.007,0.0,
17:04:23.762,1.0497,1.0042,1.0027,0.0,normal,0.0,normal,0.0,normal,0.0,NORMAL,0.1,0.0,100,normal,YES,PASS,0.0,0.0,0.02,0.0,
17:04:23.953,1.0439,1.0099,1.0034,0.0,normal,0.0,normal,0.0,normal,0.0,NORMAL,0.1,0.0,100,normal,YES,PASS,0.0,0.0,0.018,0.0,
17:04:24.145,1.0171,1.0099,1.0063,0.0,normal,0.0,normal,0.0,normal,0.0,NORMAL,0.0,0.0,100,normal,YES,PASS,0.0,0.0,0.007,0.0,
17:04:24.329,1.0392,1.0025,1.0095,0.0,normal,0.0,normal,0.0,normal,0.0,NORMAL,0.1,0.0,100,normal,YES,PASS,0.0,0.0,0.016,0.0,
17:04:24.502,1.0627,1.006,1.0011,0.0,normal,0.0,normal,0.0,normal,0.0,NORMAL,0.1,0.0,100,normal,YES,PASS,0.0,0.0,0.025,0.0,
17:04:24.667,1.0062,1.0103,1.0084,0.0,normal,0.0,normal,0.0,normal,0.0,NORMAL,0.0,0.0,100,normal,YES,PASS,0.0,0.0,0.002,0.0,
17:04:24.852,1.0049,1.0028,1.0068,0.0,normal,0.0,normal,0.0,normal,0.0,NORMAL,0.0,0.0,100,normal,YES,PASS,0.0,0.0,0.002,0.0,
17:04:25.042,1.0609,1.004,1.006,0.0,normal,0.0,normal,0.0,normal,0.0,NORMAL,0.1,0.0,100,normal,YES,PASS,0.0,0.0,0.024,0.0,
17:04:25.232,1.0189,1.011,1.0126,0.0,normal,0.0,normal,0.0,normal,0.0,NORMAL,0.0,0.0,100,normal,YES,PASS,0.0,0.0,0.008,0.0,
17:04:25.404,1.0458,1.0012,1.0083,0.0,normal,0.0,normal,0.0,normal,0.0,NORMAL,0.1,0.0,100,normal,YES,PASS,0.0,0.0,0.018,0.0,
17:04:25.575,1.0155,1.012,1.0109,0.0,normal,0.0,normal,0.0,normal,0.0,NORMAL,0.0,0.0,100,normal,YES,PASS,0.0,0.0,0.006,0.0,
17:04:25.741,1.0356,1.004,1.0104,0.0,normal,0.0,normal,0.0,normal,0.0,NORMAL,0.1,0.0,100,normal,YES,PASS,0.0,0.0,0.014,0.0,
17:04:25.924,1.0409,1.005,1.0099,0.0,normal,0.0,normal,0.0,normal,0.0,NORMAL,0.1,0.0,100,normal,YES,PASS,0.0,0.0,0.016,0.0,
17:04:26.120,1.0392,1.0004,1.0067,0.0,normal,0.0,normal,0.0,normal,0.0,NORMAL,0.1,0.0,100,normal,YES,PASS,0.0,0.0,0.016,0.0,
17:04:26.301,1.0148,1.0086,1.0014,0.0,normal,0.0,normal,0.0,normal,0.0,NORMAL,0.0,0.0,100,normal,YES,PASS,0.0,0.0,0.006,0.0,
17:04:26.481,1.036,1.0019,1.0103,0.0,normal,0.0,normal,0.0,normal,0.0,NORMAL,0.1,0.0,100,normal,YES,PASS,0.0,0.0,0.014,0.0,
17:04:26.647,1.0407,1.0058,1.0016,0.0,normal,0.0,normal,0.0,normal,0.0,NORMAL,0.1,0.0,100,normal,YES,PASS,0.0,0.0,0.016,0.0,
17:04:26.820,1.0006,1.0092,1.004,0.0,normal,0.0,normal,0.0,normal,0.0,NORMAL,0.0,0.0,100,normal,YES,PASS,0.0,0.0,0.0,0.0,
17:04:26.999,1.0338,1.0046,1.0075,0.0,normal,0.0,normal,0.0,normal,0.0,NORMAL,0.1,0.0,100,normal,YES,PASS,0.0,0.0,0.014,0.0,
17:04:27.179,1.0367,1.0018,1.0049,0.0,normal,0.0,normal,0.0,normal,0.0,NORMAL,0.1,0.0,100,normal,YES,PASS,0.0,0.0,0.015,0.0,
17:04:27.358,1.0426,1.0009,1.0068,0.0,normal,0.0,normal,0.0,normal,0.0,NORMAL,0.1,0.0,100,normal,YES,PASS,0.0,0.0,0.017,0.0,
17:04:27.548,1.0354,1.0118,1.0062,0.0,normal,0.0,normal,0.0,normal,0.0,NORMAL,0.1,0.0,100,normal,YES,PASS,0.0,0.0,0.014,0.0,
17:04:27.728,1.0683,1.012,1.0023,0.0,normal,0.0,normal,0.0,normal,0.0,NORMAL,0.1,0.0,100,normal,YES,PASS,0.0,0.0,0.027,0.0,
17:04:27.911,1.0537,1.0019,1.0099,0.0,normal,0.0,normal,0.0,normal,0.0,NORMAL,0.1,0.0,100,normal,YES,PASS,0.0,0.0,0.021,0.0,
17:04:28.102,1.0033,1.0033,1.0127,0.0,normal,0.0,normal,0.0,normal,0.0,NORMAL,0.0,0.0,100,normal,YES,PASS,0.0,0.0,0.001,0.0,
17:04:28.284,1.0486,1.0088,1.0036,0.0,normal,0.0,normal,0.0,normal,0.0,NORMAL,0.1,0.0,100,normal,YES,PASS,0.0,0.0,0.019,0.0,
17:04:28.477,1.0008,1.0041,1.0108,0.0,normal,0.0,normal,0.0,normal,0.0,NORMAL,0.0,0.0,100,normal,YES,PASS,0.0,0.0,0.0,0.0,
17:04:28.657,1.0251,1.0001,1.0007,0.0,normal,0.0,normal,0.0,normal,0.0,NORMAL,0.1,0.0,100,normal,YES,PASS,0.0,0.0,0.01,0.0,
17:04:28.837,1.054,1.0001,1.0045,0.0,normal,0.0,normal,0.0,normal,0.0,NORMAL,0.1,0.0,100,normal,YES,PASS,0.0,0.0,0.022,0.0,
17:04:29.012,1.0142,1.0061,1.0074,4.7667,pothole,0.8833,normal,0.0,normal,0.0,NORMAL,17.4,0.0,100,pothole,YES,PASS,0.0,0.386,0.006,0.0,
17:04:29.178,1.0585,1.0116,1.003,0.0,normal,0.0,normal,0.0,normal,0.0,NORMAL,12.8,0.0,100,normal,YES,PASS,0.0,0.282,0.023,0.0,
17:04:29.356,1.0474,1.0098,1.0023,5.0,pothole,1.0,normal,0.0,normal,0.0,NORMAL,27.6,0.19,100,pothole,YES,PASS,0.0,0.611,0.019,0.0,
17:04:29.560,1.0237,1.0061,1.0032,0.0,normal,0.0,normal,0.0,normal,0.0,NORMAL,20.1,0.0,100,normal,YES,PASS,0.0,0.446,0.009,0.0,
17:04:29.753,1.0297,1.0087,1.0039,5.0,pothole,1.0,normal,0.0,normal,0.0,NORMAL,32.9,0.23,100,pothole,YES,PASS,0.0,0.731,0.012,0.0,
17:04:29.940,1.009,1.0041,1.0131,5.0,pothole,1.0,normal,0.0,normal,0.0,CAUTION,42.3,0.3,85,pothole,NO,BLOCKED,0.0,0.939,0.004,0.0,
17:04:30.130,1.0103,1.0051,1.0055,5.0,pothole,1.0,normal,0.0,normal,0.0,CAUTION,45.0,0.32,84,pothole,NO,BLOCKED,0.0,1.0,0.004,0.0,
17:04:30.313,1.0446,1.01,1.0095,0.0,normal,0.0,normal,0.0,normal,0.0,CAUTION,35.9,0.25,87,braking,NO,BLOCKED,0.0,0.796,0.018,0.0,
17:04:30.501,1.0095,1.0027,1.0047,5.0,pothole,1.0,normal,0.0,normal,0.0,CAUTION,44.4,0.31,84,pothole,NO,BLOCKED,0.0,0.986,0.004,0.0,
17:04:30.683,1.0423,1.0053,1.001,5.0,pothole,1.0,normal,0.0,normal,0.0,CAUTION,45.1,0.32,84,pothole,NO,BLOCKED,0.0,1.0,0.017,0.0,
17:04:30.859,1.0464,1.0041,1.0077,5.0,pothole,1.0,normal,0.0,normal,0.0,CAUTION,45.1,0.32,84,pothole,NO,BLOCKED,0.0,1.0,0.019,0.0,
17:04:31.056,1.0261,1.0035,1.0032,5.0,pothole,1.0,normal,0.0,normal,0.0,CAUTION,45.1,0.32,84,pothole,NO,BLOCKED,0.0,1.0,0.01,0.0,
17:04:31.244,1.0358,1.0061,1.0016,5.0,pothole,1.0,normal,0.0,normal,0.0,CAUTION,45.1,0.32,84,pothole,NO,BLOCKED,0.0,1.0,0.014,0.0,
17:04:31.414,1.0193,1.0113,1.0031,5.0,pothole,1.0,normal,0.0,normal,0.0,CAUTION,45.0,0.32,84,pothole,NO,BLOCKED,0.0,1.0,0.008,0.0,
17:04:31.593,1.0337,1.0126,1.0059,5.0,pothole,1.0,normal,0.0,normal,0.0,CAUTION,45.1,0.32,84,pothole,NO,BLOCKED,0.0,1.0,0.013,0.0,
17:04:31.777,1.06,1.0013,1.0126,5.0,pothole,1.0,normal,0.0,normal,0.0,CAUTION,45.1,0.32,84,pothole,NO,BLOCKED,0.0,1.0,0.024,0.0,
17:04:31.958,1.0069,1.0014,1.0121,5.0,pothole,1.0,normal,0.0,normal,0.0,CAUTION,45.0,0.32,84,pothole,NO,BLOCKED,0.0,1.0,0.003,0.0,
17:04:32.134,1.055,1.0001,1.013,5.0,pothole,1.0,normal,0.0,normal,0.0,CAUTION,45.1,0.32,84,pothole,NO,BLOCKED,0.0,1.0,0.022,0.0,
17:04:32.311,1.0024,1.0064,1.0076,5.0,pothole,1.0,normal,0.0,normal,0.0,CAUTION,45.0,0.32,84,pothole,NO,BLOCKED,0.0,1.0,0.001,0.0,
17:04:32.481,1.0308,1.0066,1.0087,5.0,pothole,1.0,normal,0.0,normal,0.0,CAUTION,45.1,0.32,84,pothole,NO,BLOCKED,0.0,1.0,0.012,0.0,
17:04:32.647,1.0407,1.0063,1.0102,5.0,pothole,1.0,normal,0.0,normal,0.0,CAUTION,45.1,0.32,84,pothole,NO,BLOCKED,0.0,1.0,0.016,0.0,
17:04:32.822,1.0388,1.0042,1.0012,5.0,pothole,1.0,normal,0.0,normal,0.0,CAUTION,45.1,0.32,84,pothole,NO,BLOCKED,0.0,1.0,0.016,0.0,
17:04:32.995,1.0187,1.0022,1.0049,0.0,normal,0.0,normal,0.0,normal,0.0,CAUTION,45.0,0.32,84,braking,NO,BLOCKED,0.0,1.0,0.007,0.0,
17:04:33.169,1.0001,1.0058,1.0065,5.0,pothole,1.0,normal,0.0,normal,0.0,CAUTION,45.0,0.32,84,pothole,NO,BLOCKED,0.0,1.0,0.0,0.0,
17:04:33.347,1.0579,1.0112,1.0012,5.0,pothole,1.0,normal,0.0,normal,0.0,CAUTION,45.1,0.32,84,pothole,NO,BLOCKED,0.0,1.0,0.023,0.0,
17:04:33.519,1.0487,1.0064,1.0069,5.0,pothole,1.0,normal,0.0,normal,0.0,CAUTION,45.1,0.32,84,pothole,NO,BLOCKED,0.0,1.0,0.019,0.0,
17:04:33.693,1.0111,1.0104,1.0028,0.0,normal,0.0,normal,0.0,normal,0.0,CAUTION,44.0,0.31,85,braking,NO,BLOCKED,0.0,0.978,0.004,0.0,
17:04:33.869,1.007,1.0036,1.0078,0.0,normal,0.0,normal,0.0,normal,0.0,CAUTION,32.1,0.22,89,braking,NO,BLOCKED,0.0,0.714,0.003,0.0,
17:04:34.054,1.0047,1.0077,1.0029,0.0,normal,0.0,normal,0.0,normal,0.0,CAUTION,23.5,0.0,100,braking,NO,BLOCKED,0.0,0.521,0.002,0.0,
17:04:34.237,1.0253,1.0002,1.0003,0.0,normal,0.0,normal,0.0,normal,0.0,CAUTION,17.2,0.0,100,braking,NO,BLOCKED,0.0,0.38,0.01,0.0,
17:04:34.399,1.0017,1.0032,1.0101,0.0,normal,0.0,normal,0.0,normal,0.0,NORMAL,12.5,0.0,100,normal,YES,PASS,0.0,0.277,0.001,0.0,
17:04:34.577,1.0225,1.0063,1.0107,0.0,normal,0.0,normal,0.0,normal,0.0,NORMAL,9.2,0.0,100,normal,YES,PASS,0.0,0.203,0.009,0.0,
17:04:34.771,1.0054,1.0014,1.0106,0.0,normal,0.0,normal,0.0,normal,0.0,NORMAL,6.7,0.0,100,normal,YES,PASS,0.0,0.148,0.002,0.0,
17:04:34.937,1.0476,1.0008,1.0022,0.0,normal,0.0,normal,0.0,normal,0.0,NORMAL,4.9,0.0,100,normal,YES,PASS,0.0,0.108,0.019,0.0,
17:04:35.107,1.0458,1.0106,1.0047,0.0,normal,0.0,normal,0.0,normal,0.0,NORMAL,3.6,0.0,100,normal,YES,PASS,0.0,0.079,0.018,0.0,
17:04:35.270,1.022,1.0088,1.0042,0.0,normal,0.0,normal,0.0,normal,0.0,NORMAL,2.6,0.0,100,normal,YES,PASS,0.0,0.057,0.009,0.0,
17:04:35.443,1.0126,1.0096,1.0128,0.0,normal,0.0,normal,0.0,normal,0.0,NORMAL,1.9,0.0,100,normal,YES,PASS,0.0,0.042,0.005,0.0,
17:04:35.614,1.0374,1.0149,1.0032,0.0,normal,0.0,normal,0.0,normal,0.0,NORMAL,1.5,0.0,100,normal,YES,PASS,0.0,0.031,0.015,0.0,
17:04:35.782,1.0045,1.0116,1.0022,0.0,normal,0.0,normal,0.0,normal,0.0,NORMAL,1.0,0.0,100,normal,YES,PASS,0.0,0.022,0.002,0.0,
17:04:35.957,1.0475,1.0085,1.0107,0.0,normal,0.0,normal,0.0,normal,0.0,NORMAL,0.8,0.0,100,normal,YES,PASS,0.0,0.016,0.019,0.0,
17:04:36.143,1.0345,1.0021,1.0015,0.0,normal,0.0,normal,0.0,normal,0.0,NORMAL,0.6,0.0,100,normal,YES,PASS,0.0,0.012,0.014,0.0,
17:04:36.316,1.0412,1.0091,1.006,0.0,normal,0.0,normal,0.0,normal,0.0,NORMAL,0.5,0.0,100,normal,YES,PASS,0.0,0.009,0.016,0.0,
17:04:36.482,1.02,1.0094,1.0003,0.0,normal,0.0,normal,0.0,normal,0.0,NORMAL,0.3,0.0,100,normal,YES,PASS,0.0,0.006,0.008,0.0,
17:04:36.653,1.0437,1.0036,1.0082,0.0,normal,0.0,normal,0.0,normal,0.0,NORMAL,0.3,0.0,100,normal,YES,PASS,0.0,0.005,0.017,0.0,
17:04:36.829,1.0083,1.0041,1.0028,0.0,normal,0.0,normal,0.0,normal,0.0,NORMAL,0.2,0.0,100,normal,YES,PASS,0.0,0.003,0.003,0.0,
17:04:37.003,1.0052,1.0028,1.0029,0.0,normal,0.0,normal,0.0,normal,0.0,NORMAL,0.1,0.0,100,normal,YES,PASS,0.0,0.002,0.002,0.0,
17:04:37.183,1.024,1.0034,1.0097,0.0,normal,0.0,normal,0.0,normal,0.0,NORMAL,0.1,0.0,100,normal,YES,PASS,0.0,0.002,0.01,0.0,
17:04:37.345,1.0639,1.0093,1.0141,0.0,normal,0.0,normal,0.0,normal,0.0,NORMAL,0.2,0.0,100,normal,YES,PASS,0.0,0.001,0.026,0.0,
17:04:37.514,1.0496,1.0125,1.0,0.0,normal,0.0,normal,0.0,normal,0.0,NORMAL,0.1,0.0,100,normal,YES,PASS,0.0,0.001,0.02,0.0,
17:04:37.694,1.0533,1.0085,1.009,0.0,normal,0.0,normal,0.0,normal,0.0,NORMAL,0.1,0.0,100,normal,YES,PASS,0.0,0.001,0.021,0.0,
17:04:37.867,1.0258,1.0085,1.0122,0.0,normal,0.0,normal,0.0,normal,0.0,NORMAL,0.1,0.0,100,normal,YES,PASS,0.0,0.001,0.01,0.0,
17:04:38.037,1.0297,1.0076,1.0113,0.0,normal,0.0,normal,0.0,normal,0.0,NORMAL,0.1,0.0,100,normal,YES,PASS,0.0,0.0,0.012,0.0,
17:04:38.210,1.0386,1.0042,1.0116,0.0,normal,0.0,normal,0.0,normal,0.0,NORMAL,0.1,0.0,100,normal,YES,PASS,0.0,0.0,0.015,0.0,
17:04:38.384,1.0059,1.0048,1.0096,0.0,normal,0.0,normal,0.0,normal,0.0,NORMAL,0.0,0.0,100,normal,YES,PASS,0.0,0.0,0.002,0.0,
17:04:38.560,1.014,1.0086,1.0089,0.0,normal,0.0,normal,0.0,normal,0.0,NORMAL,0.0,0.0,100,normal,YES,PASS,0.0,0.0,0.006,0.0,
17:04:38.733,1.0421,1.01,1.0087,0.0,normal,0.0,normal,0.0,normal,0.0,NORMAL,0.1,0.0,100,normal,YES,PASS,0.0,0.0,0.017,0.0,
17:04:38.906,1.0592,1.0008,1.0025,5.0,pothole,1.0,normal,0.0,normal,0.0,NORMAL,18.4,0.0,100,pothole,YES,PASS,0.0,0.405,0.024,0.0,
17:04:39.087,1.0623,1.0155,1.0015,5.0,pothole,1.0,normal,0.0,normal,0.0,NORMAL,31.7,0.22,100,pothole,YES,PASS,0.0,0.701,0.025,0.0,
17:04:39.266,1.0081,1.0007,1.0086,5.0,pothole,1.0,normal,0.0,normal,0.0,NORMAL,41.3,0.29,100,pothole,YES,PASS,0.0,0.917,0.003,0.0,
17:04:39.444,1.0217,1.0003,1.0057,5.0,pothole,1.0,normal,0.0,normal,0.0,CAUTION,45.0,0.32,84,pothole,NO,BLOCKED,0.0,1.0,0.009,0.0,
17:04:39.617,1.0533,1.011,1.0043,5.0,pothole,1.0,normal,0.0,normal,0.0,CAUTION,45.1,0.32,84,pothole,NO,BLOCKED,0.0,1.0,0.021,0.0,
17:04:39.788,1.0363,1.0106,1.0022,5.0,pothole,1.0,normal,0.0,normal,0.0,CAUTION,45.1,0.32,84,pothole,NO,BLOCKED,0.0,1.0,0.015,0.0,
17:04:39.961,1.0282,1.005,1.0088,5.0,pothole,1.0,normal,0.0,normal,0.0,CAUTION,45.1,0.32,84,pothole,NO,BLOCKED,0.0,1.0,0.011,0.0,
17:04:40.140,1.0271,1.0015,1.006,0.0,normal,0.0,normal,0.0,normal,0.0,CAUTION,43.9,0.31,85,braking,NO,BLOCKED,0.0,0.974,0.011,0.0,
17:04:40.318,1.0238,1.0,1.0097,0.0,normal,0.0,normal,0.0,normal,0.0,CAUTION,32.0,0.22,89,braking,NO,BLOCKED,0.0,0.711,0.01,0.0,
17:04:40.488,1.0336,1.0137,1.0066,0.0,normal,0.0,normal,0.0,normal,0.0,CAUTION,23.4,0.0,100,braking,NO,BLOCKED,0.0,0.519,0.013,0.0,
17:04:40.669,1.0508,1.0089,1.0096,0.0,normal,0.0,normal,0.0,normal,0.0,CAUTION,17.1,0.0,100,braking,NO,BLOCKED,0.0,0.379,0.02,0.0,
17:04:40.854,1.0128,1.0079,1.0021,0.0,normal,0.0,normal,0.0,normal,0.0,NORMAL,12.5,0.0,100,normal,YES,PASS,0.0,0.276,0.005,0.0,
17:04:41.034,1.0485,1.0085,1.0049,0.0,normal,0.0,normal,0.0,normal,0.0,NORMAL,9.2,0.0,100,normal,YES,PASS,0.0,0.202,0.019,0.0,
17:04:41.221,1.0392,1.0029,1.0027,0.0,normal,0.0,normal,0.0,normal,0.0,NORMAL,6.7,0.0,100,normal,YES,PASS,0.0,0.147,0.016,0.0,
17:04:41.396,1.0028,1.0022,1.0063,0.0,normal,0.0,normal,0.0,normal,0.0,NORMAL,4.8,0.0,100,normal,YES,PASS,0.0,0.107,0.001,0.0,
17:04:41.587,1.0005,1.0018,1.0091,0.0,normal,0.0,normal,0.0,normal,0.0,NORMAL,3.5,0.0,100,normal,YES,PASS,0.0,0.078,0.0,0.0,
17:04:41.751,1.0328,1.0131,1.0081,0.0,normal,0.0,normal,0.0,normal,0.0,NORMAL,2.6,0.0,100,normal,YES,PASS,0.0,0.057,0.013,0.0,
17:04:41.925,1.0193,1.0077,1.006,0.0,normal,0.0,normal,0.0,normal,0.0,NORMAL,1.9,0.0,100,normal,YES,PASS,0.0,0.042,0.008,0.0,
17:04:42.097,1.0352,1.0007,1.0098,0.0,normal,0.0,normal,0.0,normal,0.0,NORMAL,1.4,0.0,100,normal,YES,PASS,0.0,0.03,0.014,0.0,
17:04:42.276,1.0051,1.0088,1.0114,4.9418,pothole,0.9709,normal,0.0,normal,0.0,NORMAL,19.0,0.0,100,pothole,YES,PASS,0.0,0.423,0.002,0.0,
17:04:42.451,1.0393,1.0041,1.0062,4.9418,pothole,0.9709,normal,0.0,normal,0.0,NORMAL,32.0,0.22,100,pothole,YES,PASS,0.0,0.709,0.016,0.0,
17:04:42.620,1.0345,1.0118,1.0015,0.0,normal,0.0,normal,0.0,normal,0.0,NORMAL,23.4,0.0,100,normal,YES,PASS,0.0,0.518,0.014,0.0,
17:04:42.792,1.0513,1.0101,1.0006,0.0,normal,0.0,normal,0.0,normal,0.0,NORMAL,17.1,0.0,100,normal,YES,PASS,0.0,0.378,0.021,0.0,
17:04:42.973,1.0113,1.0047,1.0092,0.0,normal,0.0,normal,0.0,normal,0.0,NORMAL,12.4,0.0,100,normal,YES,PASS,0.0,0.276,0.005,0.0,
17:04:43.149,1.0199,1.0102,1.0086,0.0,normal,0.0,normal,0.0,normal,0.0,NORMAL,9.1,0.0,100,normal,YES,PASS,0.0,0.201,0.008,0.0,
17:04:43.320,1.0449,1.0105,1.0109,0.0,normal,0.0,normal,0.0,normal,0.0,NORMAL,6.7,0.0,100,normal,YES,PASS,0.0,0.147,0.018,0.0,
17:04:43.494,1.0393,1.0007,1.0007,0.0,normal,0.0,normal,0.0,normal,0.0,NORMAL,4.9,0.0,100,normal,YES,PASS,0.0,0.107,0.016,0.0,
17:04:43.669,1.0014,1.0039,1.0086,0.0,normal,0.0,normal,0.0,normal,0.0,NORMAL,3.5,0.0,100,normal,YES,PASS,0.0,0.078,0.001,0.0,
17:04:43.841,1.0079,1.0044,1.0113,0.0,normal,0.0,normal,0.0,normal,0.0,NORMAL,2.6,0.0,100,normal,YES,PASS,0.0,0.057,0.003,0.0,
17:04:44.018,1.0341,1.0021,1.0073,0.0,normal,0.0,normal,0.0,normal,0.0,NORMAL,1.9,0.0,100,normal,YES,PASS,0.0,0.042,0.014,0.0,
17:04:44.201,1.0575,1.0071,1.0066,0.0,normal,0.0,normal,0.0,normal,0.0,NORMAL,1.5,0.0,100,normal,YES,PASS,0.0,0.03,0.023,0.0,
17:04:44.369,1.0537,1.0039,1.0127,0.0,normal,0.0,normal,0.0,normal,0.0,NORMAL,1.1,0.0,100,normal,YES,PASS,0.0,0.022,0.021,0.0,
17:04:44.549,1.0227,1.0033,1.0035,0.0,normal,0.0,normal,0.0,normal,0.0,NORMAL,0.8,0.0,100,normal,YES,PASS,0.0,0.016,0.009,0.0,
17:04:44.720,1.053,1.0054,1.0024,0.0,normal,0.0,normal,0.0,normal,0.0,NORMAL,0.6,0.0,100,normal,YES,PASS,0.0,0.012,0.021,0.0,
17:04:44.889,1.0607,1.0134,1.0002,0.0,normal,0.0,normal,0.0,normal,0.0,NORMAL,0.5,0.0,100,normal,YES,PASS,0.0,0.009,0.024,0.0,
17:04:45.069,1.0623,1.0,1.0101,0.0,normal,0.0,normal,0.0,normal,0.0,NORMAL,0.4,0.0,100,normal,YES,PASS,0.0,0.006,0.025,0.0,
17:04:45.236,1.0538,1.0077,1.0087,0.0,normal,0.0,normal,0.0,normal,0.0,NORMAL,0.3,0.0,100,normal,YES,PASS,0.0,0.005,0.022,0.0,
17:04:45.413,1.0001,1.0007,1.008,0.0,normal,0.0,normal,0.0,normal,0.0,NORMAL,0.2,0.0,100,normal,YES,PASS,0.0,0.003,0.0,0.0,
17:04:45.587,1.0202,1.0045,1.0054,0.0,normal,0.0,normal,0.0,normal,0.0,NORMAL,0.2,0.0,100,normal,YES,PASS,0.0,0.002,0.008,0.0,
17:04:45.760,1.0314,1.01,1.0043,0.0,normal,0.0,normal,0.0,normal,0.0,NORMAL,0.1,0.0,100,normal,YES,PASS,0.0,0.002,0.013,0.0,
17:04:45.932,1.0402,1.0073,1.0016,0.0,normal,0.0,normal,0.0,normal,0.0,NORMAL,0.1,0.0,100,normal,YES,PASS,0.0,0.001,0.016,0.0,
17:04:46.102,1.0021,1.0042,1.0101,0.0,normal,0.0,normal,0.0,normal,0.0,NORMAL,0.0,0.0,100,normal,YES,PASS,0.0,0.001,0.001,0.0,
17:04:46.282,1.0164,1.0034,1.0141,0.0,normal,0.0,normal,0.0,normal,0.0,NORMAL,0.1,0.0,100,normal,YES,PASS,0.0,0.001,0.007,0.0,
17:04:46.465,1.0249,1.0073,1.0069,0.0,normal,0.0,normal,0.0,normal,0.0,NORMAL,0.1,0.0,100,normal,YES,PASS,0.0,0.001,0.01,0.0,
17:04:46.640,1.044,1.0038,1.007,0.0,normal,0.0,normal,0.0,normal,0.0,NORMAL,0.1,0.0,100,normal,YES,PASS,0.0,0.0,0.018,0.0,
17:04:46.812,1.0356,1.0141,1.0059,0.0,normal,0.0,speed_hump,0.5036,normal,0.0,NORMAL,17.7,0.0,100,speed_hump,YES,PASS,0.0,0.0,0.014,0.504,
17:04:46.996,1.0223,1.0091,1.0061,0.0,normal,0.0,normal,0.0,normal,0.0,NORMAL,0.1,0.0,100,normal,YES,PASS,0.0,0.0,0.009,0.0,
17:04:47.173,1.0186,1.0032,1.0119,0.0,normal,0.0,normal,0.0,normal,0.0,NORMAL,0.0,0.0,100,normal,YES,PASS,0.0,0.0,0.007,0.0,
17:04:47.344,1.0735,1.0048,1.0089,0.0,normal,0.0,speed_hump,0.5024,normal,0.0,NORMAL,17.7,0.0,100,speed_hump,YES,PASS,0.0,0.0,0.029,0.502,
17:04:47.516,1.008,1.0072,1.0039,0.0,normal,0.0,normal,0.0,normal,0.0,NORMAL,0.0,0.0,100,normal,YES,PASS,0.0,0.0,0.003,0.0,
17:04:47.687,1.0408,1.0005,1.0093,0.0,normal,0.0,normal,0.0,normal,0.0,NORMAL,0.1,0.0,100,normal,YES,PASS,0.0,0.0,0.016,0.0,
17:04:47.868,1.042,1.0002,1.0096,0.0,normal,0.0,normal,0.0,normal,0.0,NORMAL,0.1,0.0,100,normal,YES,PASS,0.0,0.0,0.017,0.0,
17:04:48.042,1.0405,1.0056,1.011,0.0,normal,0.0,normal,0.0,normal,0.0,NORMAL,0.1,0.0,100,normal,YES,PASS,0.0,0.0,0.016,0.0,
17:04:48.217,1.0137,1.0062,1.0009,0.0,normal,0.0,normal,0.0,normal,0.0,NORMAL,0.0,0.0,100,normal,YES,PASS,0.0,0.0,0.005,0.0,
17:04:48.414,1.0724,1.0102,1.0082,0.0,normal,0.0,normal,0.0,normal,0.0,NORMAL,0.1,0.0,100,normal,YES,PASS,0.0,0.0,0.029,0.0,
17:04:48.575,1.0429,1.0016,1.0043,0.0,normal,0.0,normal,0.0,normal,0.0,NORMAL,0.1,0.0,100,normal,YES,PASS,0.0,0.0,0.017,0.0,
17:04:48.732,1.0019,1.0124,1.0099,0.0,normal,0.0,normal,0.0,normal,0.0,NORMAL,0.0,0.0,100,normal,YES,PASS,0.0,0.0,0.001,0.0,
17:04:48.907,1.0017,1.0103,1.0107,0.0,normal,0.0,normal,0.0,normal,0.0,NORMAL,0.0,0.0,100,normal,YES,PASS,0.0,0.0,0.001,0.0,
17:04:49.087,1.0136,1.009,1.0053,0.0,normal,0.0,normal,0.0,normal,0.0,NORMAL,0.0,0.0,100,normal,YES,PASS,0.0,0.0,0.005,0.0,
17:04:49.262,1.0327,1.0064,1.0037,0.0,normal,0.0,normal,0.0,normal,0.0,NORMAL,0.1,0.0,100,normal,YES,PASS,0.0,0.0,0.013,0.0,
17:04:49.437,1.0185,1.0031,1.0,0.0,normal,0.0,normal,0.0,normal,0.0,NORMAL,0.0,0.0,100,normal,YES,PASS,0.0,0.0,0.007,0.0,
17:04:49.604,1.0541,1.0061,1.0036,0.0,normal,0.0,normal,0.0,normal,0.0,NORMAL,0.1,0.0,100,normal,YES,PASS,0.0,0.0,0.022,0.0,
17:04:49.772,1.0037,1.0107,1.0014,0.0,normal,0.0,normal,0.0,normal,0.0,NORMAL,0.0,0.0,100,normal,YES,PASS,0.0,0.0,0.001,0.0,
17:04:49.947,1.0037,1.0109,1.0029,0.0,normal,0.0,normal,0.0,normal,0.0,NORMAL,0.0,0.0,100,normal,YES,PASS,0.0,0.0,0.001,0.0,
17:04:50.126,1.0326,1.0062,1.0014,0.0,normal,0.0,normal,0.0,normal,0.0,NORMAL,0.1,0.0,100,normal,YES,PASS,0.0,0.0,0.013,0.0,
17:04:50.365,1.0462,1.0053,1.0106,0.0,normal,0.0,normal,0.0,normal,0.0,NORMAL,0.1,0.0,100,normal,YES,PASS,0.0,0.0,0.018,0.0,
17:04:50.545,1.0185,1.0129,1.0009,0.0,normal,0.0,normal,0.0,normal,0.0,NORMAL,0.0,0.0,100,normal,YES,PASS,0.0,0.0,0.007,0.0,
17:04:50.717,1.0526,1.0056,1.0102,0.0,normal,0.0,normal,0.0,normal,0.0,NORMAL,0.1,0.0,100,normal,YES,PASS,0.0,0.0,0.021,0.0,
17:04:50.887,1.0031,1.0003,1.01,0.0,normal,0.0,normal,0.0,normal,0.0,NORMAL,0.0,0.0,100,normal,YES,PASS,0.0,0.0,0.001,0.0,
17:04:51.066,1.0388,1.012,1.0097,0.0,normal,0.0,normal,0.0,normal,0.0,NORMAL,0.1,0.0,100,normal,YES,PASS,0.0,0.0,0.016,0.0,
17:04:51.239,1.0141,1.0099,1.0027,0.0,normal,0.0,normal,0.0,normal,0.0,NORMAL,0.0,0.0,100,normal,YES,PASS,0.0,0.0,0.006,0.0,
17:04:51.415,1.0547,1.0021,1.0066,0.0,normal,0.0,normal,0.0,normal,0.0,NORMAL,0.1,0.0,100,normal,YES,PASS,0.0,0.0,0.022,0.0,
17:04:51.583,1.0131,1.009,1.0102,0.0,normal,0.0,normal,0.0,normal,0.0,NORMAL,0.0,0.0,100,normal,YES,PASS,0.0,0.0,0.005,0.0,
17:04:51.743,1.0289,1.0042,1.0059,0.0,normal,0.0,normal,0.0,normal,0.0,NORMAL,0.1,0.0,100,normal,YES,PASS,0.0,0.0,0.012,0.0,
17:04:51.919,1.0322,1.0152,1.0016,0.0,normal,0.0,normal,0.0,normal,0.0,NORMAL,0.1,0.0,100,normal,YES,PASS,0.0,0.0,0.013,0.0,
17:04:52.095,1.034,1.0017,1.0066,0.0,normal,0.0,normal,0.0,normal,0.0,NORMAL,0.1,0.0,100,normal,YES,PASS,0.0,0.0,0.014,0.0,
17:04:52.269,1.0238,1.009,1.0018,0.0,normal,0.0,speed_hump,0.5354,normal,0.0,NORMAL,18.8,0.0,100,speed_hump,YES,PASS,0.0,0.0,0.01,0.535,
17:04:52.457,1.0544,1.0079,1.0008,0.0,normal,0.0,speed_hump,0.5402,normal,0.0,NORMAL,19.0,0.0,100,speed_hump,YES,PASS,0.0,0.0,0.022,0.54,
17:04:52.637,1.0332,1.0045,1.0067,0.0,normal,0.0,normal,0.0,normal,0.0,NORMAL,0.1,0.0,100,normal,YES,PASS,0.0,0.0,0.013,0.0,
17:04:52.804,1.0403,1.0063,1.0131,0.0,normal,0.0,normal,0.0,normal,0.0,NORMAL,0.1,0.0,100,normal,YES,PASS,0.0,0.0,0.016,0.0,
17:04:53.040,1.0524,1.0076,1.0019,0.0,normal,0.0,normal,0.0,normal,0.0,NORMAL,0.1,0.0,100,normal,YES,PASS,0.0,0.0,0.021,0.0,
17:04:53.307,1.0039,1.0064,1.0004,0.0,normal,0.0,normal,0.0,normal,0.0,NORMAL,0.0,0.0,100,normal,YES,PASS,0.0,0.0,0.002,0.0,
17:04:53.494,1.0397,1.0081,1.0127,0.0,normal,0.0,normal,0.0,normal,0.0,NORMAL,0.1,0.0,100,normal,YES,PASS,0.0,0.0,0.016,0.0,
17:04:53.681,1.0015,1.012,1.0123,0.0,normal,0.0,normal,0.0,normal,0.0,NORMAL,0.0,0.0,100,normal,YES,PASS,0.0,0.0,0.001,0.0,
17:04:53.869,1.0142,1.0046,1.0058,0.0,normal,0.0,normal,0.0,normal,0.0,NORMAL,0.0,0.0,100,normal,YES,PASS,0.0,0.0,0.006,0.0,
17:04:54.046,1.009,1.0035,1.0034,0.0,normal,0.0,normal,0.0,normal,0.0,NORMAL,0.0,0.0,100,normal,YES,PASS,0.0,0.0,0.004,0.0,
17:04:54.221,1.0407,1.009,1.0014,0.0,normal,0.0,normal,0.0,normal,0.0,NORMAL,0.1,0.0,100,normal,YES,PASS,0.0,0.0,0.016,0.0,
17:04:54.390,1.0191,1.0093,1.0007,0.0,normal,0.0,normal,0.0,normal,0.0,NORMAL,0.0,0.0,100,normal,YES,PASS,0.0,0.0,0.008,0.0,
17:04:54.556,1.053,1.0012,1.0036,0.0,normal,0.0,normal,0.0,normal,0.0,NORMAL,0.1,0.0,100,normal,YES,PASS,0.0,0.0,0.021,0.0,
17:04:54.727,1.0289,1.0024,1.0082,0.0,normal,0.0,normal,0.0,normal,0.0,NORMAL,0.1,0.0,100,normal,YES,PASS,0.0,0.0,0.012,0.0,
17:04:54.888,1.0248,1.0087,1.006,0.0,normal,0.0,normal,0.0,normal,0.0,NORMAL,0.0,0.0,100,normal,YES,PASS,0.0,0.0,0.01,0.0,
17:04:55.058,1.0127,1.0142,1.006,0.0,normal,0.0,normal,0.0,normal,0.0,NORMAL,0.0,0.0,100,normal,YES,PASS,0.0,0.0,0.005,0.0,
17:04:55.227,1.0475,1.0066,1.0065,0.0,normal,0.0,normal,0.0,normal,0.0,NORMAL,0.1,0.0,100,normal,YES,PASS,0.0,0.0,0.019,0.0,
17:04:55.417,1.0376,1.0088,1.0035,0.0,normal,0.0,normal,0.0,normal,0.0,NORMAL,0.1,0.0,100,normal,YES,PASS,0.0,0.0,0.015,0.0,
17:04:55.599,1.0423,1.0095,1.013,0.0,normal,0.0,normal,0.0,normal,0.0,NORMAL,0.1,0.0,100,normal,YES,PASS,0.0,0.0,0.017,0.0,
17:04:55.772,1.0065,1.0011,1.0031,0.0,normal,0.0,normal,0.0,normal,0.0,NORMAL,0.0,0.0,100,normal,YES,PASS,0.0,0.0,0.003,0.0,
17:04:55.947,1.0069,1.0004,1.0089,0.0,normal,0.0,normal,0.0,normal,0.0,NORMAL,0.0,0.0,100,normal,YES,PASS,0.0,0.0,0.003,0.0,
17:04:56.119,1.0044,1.0117,1.0112,0.0,normal,0.0,normal,0.0,normal,0.0,NORMAL,0.0,0.0,100,normal,YES,PASS,0.0,0.0,0.002,0.0,
17:04:56.296,1.0153,1.0031,1.0095,0.0,normal,0.0,normal,0.0,normal,0.0,NORMAL,0.0,0.0,100,normal,YES,PASS,0.0,0.0,0.006,0.0,
17:04:56.461,1.0037,1.0104,1.0019,0.0,normal,0.0,normal,0.0,normal,0.0,NORMAL,0.0,0.0,100,normal,YES,PASS,0.0,0.0,0.001,0.0,
17:04:56.637,1.0091,1.0089,1.0022,0.0,normal,0.0,normal,0.0,normal,0.0,NORMAL,0.0,0.0,100,normal,YES,PASS,0.0,0.0,0.004,0.0,
17:04:56.804,1.0318,1.001,1.0157,0.0,normal,0.0,normal,0.0,normal,0.0,NORMAL,0.1,0.0,100,normal,YES,PASS,0.0,0.0,0.013,0.0,
17:04:56.980,1.0601,1.0067,1.0091,0.0,normal,0.0,normal,0.0,normal,0.0,NORMAL,0.1,0.0,100,normal,YES,PASS,0.0,0.0,0.024,0.0,
17:04:57.149,1.0576,1.0023,1.0034,0.0,normal,0.0,normal,0.0,normal,0.0,NORMAL,0.1,0.0,100,normal,YES,PASS,0.0,0.0,0.023,0.0,
17:04:57.331,1.0617,1.0072,1.003,0.0,normal,0.0,normal,0.0,normal,0.0,NORMAL,0.1,0.0,100,normal,YES,PASS,0.0,0.0,0.025,0.0,
17:04:57.504,1.061,1.0061,1.0133,0.0,normal,0.0,normal,0.0,normal,0.0,NORMAL,0.1,0.0,100,normal,YES,PASS,0.0,0.0,0.024,0.0,
17:04:57.668,1.033,1.0037,1.0028,0.0,normal,0.0,normal,0.0,normal,0.0,NORMAL,0.1,0.0,100,normal,YES,PASS,0.0,0.0,0.013,0.0,
17:04:57.845,1.033,1.0062,1.0048,0.0,normal,0.0,normal,0.0,normal,0.0,NORMAL,0.1,0.0,100,normal,YES,PASS,0.0,0.0,0.013,0.0,
17:04:58.012,1.0346,1.0004,1.0059,0.0,normal,0.0,normal,0.0,normal,0.0,NORMAL,0.1,0.0,100,normal,YES,PASS,0.0,0.0,0.014,0.0,
17:04:58.188,1.0616,1.0146,1.0035,0.0,normal,0.0,normal,0.0,normal,0.0,NORMAL,0.1,0.0,100,normal,YES,PASS,0.0,0.0,0.025,0.0,
17:04:58.371,1.0455,1.0032,1.0015,0.0,normal,0.0,normal,0.0,normal,0.0,NORMAL,0.1,0.0,100,normal,YES,PASS,0.0,0.0,0.018,0.0,
17:04:58.533,1.0231,1.0022,1.0096,0.0,normal,0.0,normal,0.0,normal,0.0,NORMAL,0.0,0.0,100,normal,YES,PASS,0.0,0.0,0.009,0.0,
17:04:58.706,1.0589,1.0118,1.0077,0.0,normal,0.0,normal,0.0,normal,0.0,NORMAL,0.1,0.0,100,normal,YES,PASS,0.0,0.0,0.024,0.0,
17:04:58.878,1.0176,1.0006,1.0099,0.0,normal,0.0,normal,0.0,normal,0.0,NORMAL,0.0,0.0,100,normal,YES,PASS,0.0,0.0,0.007,0.0,
17:04:59.052,1.0073,1.0032,1.0016,0.0,normal,0.0,normal,0.0,normal,0.0,NORMAL,0.0,0.0,100,normal,YES,PASS,0.0,0.0,0.003,0.0,
17:04:59.223,1.0229,1.0096,1.0114,0.0,normal,0.0,normal,0.0,normal,0.0,NORMAL,0.0,0.0,100,normal,YES,PASS,0.0,0.0,0.009,0.0,
17:04:59.406,1.045,1.0138,1.0082,0.0,normal,0.0,normal,0.0,normal,0.0,NORMAL,0.1,0.0,100,normal,YES,PASS,0.0,0.0,0.018,0.0,
17:04:59.603,1.0298,1.007,1.0011,0.0,normal,0.0,normal,0.0,normal,0.0,NORMAL,0.1,0.0,100,normal,YES,PASS,0.0,0.0,0.012,0.0,
17:04:59.799,1.0333,1.006,1.0026,0.0,normal,0.0,normal,0.0,normal,0.0,NORMAL,0.1,0.0,100,normal,YES,PASS,0.0,0.0,0.013,0.0,
17:04:59.981,1.0595,1.0004,1.0033,0.0,normal,0.0,normal,0.0,normal,0.0,NORMAL,0.1,0.0,100,normal,YES,PASS,0.0,0.0,0.024,0.0,
17:05:00.158,1.0015,1.0068,1.0017,0.0,normal,0.0,normal,0.0,normal,0.0,NORMAL,0.0,0.0,100,normal,YES,PASS,0.0,0.0,0.001,0.0,
17:05:00.333,1.0278,1.0055,1.0031,0.0,normal,0.0,speed_hump,0.5111,normal,0.0,NORMAL,17.9,0.0,100,speed_hump,YES,PASS,0.0,0.0,0.011,0.511,
17:05:00.515,1.056,1.012,1.0104,0.0,normal,0.0,speed_hump,0.513,normal,0.0,NORMAL,18.1,0.0,100,speed_hump,YES,PASS,0.0,0.0,0.022,0.513,
17:05:00.692,1.0345,1.004,1.0101,0.0,normal,0.0,speed_hump,0.5124,normal,0.0,NORMAL,18.0,0.0,100,speed_hump,YES,PASS,0.0,0.0,0.014,0.512,
17:05:00.862,1.0323,1.0094,1.0105,0.0,normal,0.0,speed_hump,0.5146,normal,0.0,NORMAL,18.1,0.0,100,speed_hump,YES,PASS,0.0,0.0,0.013,0.515,
17:05:01.030,1.0604,1.0009,1.0094,0.0,normal,0.0,speed_hump,0.5099,normal,0.0,NORMAL,18.0,0.0,100,speed_hump,YES,PASS,0.0,0.0,0.024,0.51,
17:05:01.193,1.0291,1.0085,1.0064,0.0,normal,0.0,speed_hump,0.5155,normal,0.0,NORMAL,18.1,0.0,100,speed_hump,YES,PASS,0.0,0.0,0.012,0.515,
17:05:01.398,1.0436,1.0049,1.0004,0.0,normal,0.0,speed_hump,0.5037,normal,0.0,NORMAL,17.7,0.0,100,speed_hump,YES,PASS,0.0,0.0,0.017,0.504,
17:05:01.575,1.0519,1.0075,1.0117,0.0,normal,0.0,normal,0.0,normal,0.0,NORMAL,0.1,0.0,100,normal,YES,PASS,0.0,0.0,0.021,0.0,
17:05:01.757,1.0533,1.0076,1.0006,0.0,normal,0.0,normal,0.0,normal,0.0,NORMAL,0.1,0.0,100,normal,YES,PASS,0.0,0.0,0.021,0.0,
17:05:01.935,1.049,1.0003,1.0113,0.0,normal,0.0,normal,0.0,normal,0.0,NORMAL,0.1,0.0,100,normal,YES,PASS,0.0,0.0,0.02,0.0,
17:05:02.118,1.0048,1.0066,1.0036,0.0,normal,0.0,normal,0.0,normal,0.0,NORMAL,0.0,0.0,100,normal,YES,PASS,0.0,0.0,0.002,0.0,
17:05:02.292,1.0495,1.0056,1.0009,0.0,normal,0.0,normal,0.0,normal,0.0,NORMAL,0.1,0.0,100,normal,YES,PASS,0.0,0.0,0.02,0.0,
17:05:02.464,1.0029,1.0002,1.0109,0.0,normal,0.0,normal,0.0,normal,0.0,NORMAL,0.0,0.0,100,normal,YES,PASS,0.0,0.0,0.001,0.0,
17:05:02.641,1.006,1.003,1.0032,0.0,normal,0.0,normal,0.0,normal,0.0,NORMAL,0.0,0.0,100,normal,YES,PASS,0.0,0.0,0.002,0.0,
17:05:02.804,1.0109,1.0043,1.0015,0.0,normal,0.0,normal,0.0,normal,0.0,NORMAL,0.0,0.0,100,normal,YES,PASS,0.0,0.0,0.004,0.0,
17:05:02.977,1.0389,1.004,1.0025,0.0,normal,0.0,normal,0.0,normal,0.0,NORMAL,0.1,0.0,100,normal,YES,PASS,0.0,0.0,0.016,0.0,
17:05:03.147,1.0128,1.0086,1.0113,0.0,normal,0.0,normal,0.0,normal,0.0,NORMAL,0.0,0.0,100,normal,YES,PASS,0.0,0.0,0.005,0.0,
17:05:03.316,1.0471,1.0032,1.0121,0.0,normal,0.0,normal,0.0,normal,0.0,NORMAL,0.1,0.0,100,normal,YES,PASS,0.0,0.0,0.019,0.0,
17:05:03.481,1.041,1.0007,1.0076,0.0,normal,0.0,normal,0.0,normal,0.0,NORMAL,0.1,0.0,100,normal,YES,PASS,0.0,0.0,0.016,0.0,
17:05:03.663,1.0571,1.0041,1.0105,0.0,normal,0.0,normal,0.0,normal,0.0,NORMAL,0.1,0.0,100,normal,YES,PASS,0.0,0.0,0.023,0.0,
17:05:03.833,1.0235,1.0033,1.0161,0.0,normal,0.0,normal,0.0,normal,0.0,NORMAL,0.0,0.0,100,normal,YES,PASS,0.0,0.0,0.009,0.0,
17:05:04.002,1.0072,1.0093,1.0061,0.0,normal,0.0,normal,0.0,normal,0.0,NORMAL,0.0,0.0,100,normal,YES,PASS,0.0,0.0,0.003,0.0,
17:05:04.173,1.0075,1.0102,1.0066,0.0,normal,0.0,normal,0.0,normal,0.0,NORMAL,0.0,0.0,100,normal,YES,PASS,0.0,0.0,0.003,0.0,
17:05:04.350,1.0165,1.006,1.0087,0.0,normal,0.0,normal,0.0,normal,0.0,NORMAL,0.0,0.0,100,normal,YES,PASS,0.0,0.0,0.007,0.0,
17:05:04.515,1.0239,1.0035,1.002,0.0,normal,0.0,normal,0.0,normal,0.0,NORMAL,0.0,0.0,100,normal,YES,PASS,0.0,0.0,0.01,0.0,
17:05:04.696,1.0005,1.009,1.0059,0.0,normal,0.0,normal,0.0,normal,0.0,NORMAL,0.0,0.0,100,normal,YES,PASS,0.0,0.0,0.0,0.0,
17:05:04.872,1.0489,1.0041,1.0091,0.0,normal,0.0,normal,0.0,normal,0.0,NORMAL,0.1,0.0,100,normal,YES,PASS,0.0,0.0,0.02,0.0,
17:05:05.033,1.0124,1.0031,1.0022,0.0,normal,0.0,normal,0.0,normal,0.0,NORMAL,0.0,0.0,100,normal,YES,PASS,0.0,0.0,0.005,0.0,
17:05:05.203,1.0499,1.0083,1.0085,0.0,normal,0.0,normal,0.0,normal,0.0,NORMAL,0.1,0.0,100,normal,YES,PASS,0.0,0.0,0.02,0.0,
17:05:05.372,1.0231,1.0012,1.0002,0.0,normal,0.0,normal,0.0,normal,0.0,NORMAL,0.0,0.0,100,normal,YES,PASS,0.0,0.0,0.009,0.0,
17:05:05.548,1.0277,1.0122,1.006,0.0,normal,0.0,normal,0.0,normal,0.0,NORMAL,0.1,0.0,100,normal,YES,PASS,0.0,0.0,0.011,0.0,
17:05:05.728,1.035,1.0097,1.0064,0.0,normal,0.0,normal,0.0,normal,0.0,NORMAL,0.1,0.0,100,normal,YES,PASS,0.0,0.0,0.014,0.0,
17:05:05.901,1.0641,1.0031,1.003,0.0,normal,0.0,normal,0.0,normal,0.0,NORMAL,0.1,0.0,100,normal,YES,PASS,0.0,0.0,0.026,0.0,
17:05:06.070,1.0563,1.0057,1.0037,0.0,normal,0.0,normal,0.0,normal,0.0,NORMAL,0.1,0.0,100,normal,YES,PASS,0.0,0.0,0.023,0.0,
17:05:06.246,1.0257,1.0008,1.0045,0.0,normal,0.0,normal,0.0,normal,0.0,NORMAL,0.1,0.0,100,normal,YES,PASS,0.0,0.0,0.01,0.0,
17:05:06.410,1.0429,1.0035,1.0012,0.0,normal,0.0,normal,0.0,normal,0.0,NORMAL,0.1,0.0,100,normal,YES,PASS,0.0,0.0,0.017,0.0,
17:05:06.585,1.0627,1.004,1.0052,0.0,normal,0.0,normal,0.0,normal,0.0,NORMAL,0.1,0.0,100,normal,YES,PASS,0.0,0.0,0.025,0.0,
17:05:06.758,1.0223,1.0113,1.0111,0.0,normal,0.0,normal,0.0,normal,0.0,NORMAL,0.0,0.0,100,normal,YES,PASS,0.0,0.0,0.009,0.0,
17:05:06.930,1.0044,1.0124,1.0103,0.0,normal,0.0,normal,0.0,normal,0.0,NORMAL,0.0,0.0,100,normal,YES,PASS,0.0,0.0,0.002,0.0,
17:05:07.099,1.0146,1.0074,1.0077,0.0,normal,0.0,normal,0.0,normal,0.0,NORMAL,0.0,0.0,100,normal,YES,PASS,0.0,0.0,0.006,0.0,
17:05:07.269,1.0074,1.0017,1.0011,0.0,normal,0.0,normal,0.0,normal,0.0,NORMAL,0.0,0.0,100,normal,YES,PASS,0.0,0.0,0.003,0.0,
17:05:07.440,1.045,1.0086,1.0082,0.0,normal,0.0,normal,0.0,normal,0.0,NORMAL,0.1,0.0,100,normal,YES,PASS,0.0,0.0,0.018,0.0,
17:05:07.611,1.0399,1.0097,1.0044,0.0,normal,0.0,normal,0.0,normal,0.0,NORMAL,0.1,0.0,100,normal,YES,PASS,0.0,0.0,0.016,0.0,
17:05:07.789,1.0415,1.0251,1.0117,0.0,normal,0.0,normal,0.0,normal,0.0,NORMAL,0.1,0.0,100,normal,YES,PASS,0.0,0.0,0.017,0.0,
17:05:07.965,1.0014,1.0006,1.0124,0.0,normal,0.0,normal,0.0,normal,0.0,NORMAL,0.0,0.0,100,normal,YES,PASS,0.0,0.0,0.001,0.0,
17:05:08.137,1.0267,1.0107,1.0023,0.0,normal,0.0,normal,0.0,normal,0.0,NORMAL,0.1,0.0,100,normal,YES,PASS,0.0,0.0,0.011,0.0,
17:05:08.311,1.0174,1.0045,1.006,0.0,normal,0.0,normal,0.0,normal,0.0,NORMAL,0.0,0.0,100,normal,YES,PASS,0.0,0.0,0.007,0.0,
17:05:08.479,1.0365,1.0026,1.0095,0.0,normal,0.0,normal,0.0,normal,0.0,NORMAL,0.1,0.0,100,normal,YES,PASS,0.0,0.0,0.015,0.0,
17:05:08.659,1.05,1.003,1.0055,0.0,normal,0.0,normal,0.0,normal,0.0,NORMAL,0.1,0.0,100,normal,YES,PASS,0.0,0.0,0.02,0.0,
17:05:08.853,1.0185,1.0111,1.0045,0.0,normal,0.0,normal,0.0,normal,0.0,NORMAL,0.0,0.0,100,normal,YES,PASS,0.0,0.0,0.007,0.0,
17:05:09.029,1.0628,1.0019,1.0044,0.0,normal,0.0,normal,0.0,normal,0.0,NORMAL,0.1,0.0,100,normal,YES,PASS,0.0,0.0,0.025,0.0,
17:05:09.201,1.0354,1.0072,1.0145,0.0,normal,0.0,normal,0.0,normal,0.0,NORMAL,0.1,0.0,100,normal,YES,PASS,0.0,0.0,0.014,0.0,
17:05:09.378,1.0574,1.0078,1.0019,0.0,normal,0.0,normal,0.0,normal,0.0,NORMAL,0.1,0.0,100,normal,YES,PASS,0.0,0.0,0.023,0.0,
17:05:09.548,1.0465,1.0107,1.0135,0.0,normal,0.0,normal,0.0,normal,0.0,NORMAL,0.1,0.0,100,normal,YES,PASS,0.0,0.0,0.019,0.0,
17:05:09.723,1.0655,1.0014,1.0068,0.0,normal,0.0,normal,0.0,normal,0.0,NORMAL,0.1,0.0,100,normal,YES,PASS,0.0,0.0,0.026,0.0,
17:05:09.898,1.0074,1.0134,1.0003,0.0,normal,0.0,normal,0.0,normal,0.0,NORMAL,0.0,0.0,100,normal,YES,PASS,0.0,0.0,0.003,0.0,
17:05:10.067,1.0073,1.0034,1.002,0.0,normal,0.0,normal,0.0,normal,0.0,NORMAL,0.0,0.0,100,normal,YES,PASS,0.0,0.0,0.003,0.0,
17:05:10.239,1.042,1.0095,1.0131,0.0,normal,0.0,normal,0.0,normal,0.0,NORMAL,0.1,0.0,100,normal,YES,PASS,0.0,0.0,0.017,0.0,
17:05:10.414,1.0354,1.0022,1.0103,0.0,normal,0.0,normal,0.0,normal,0.0,NORMAL,0.1,0.0,100,normal,YES,PASS,0.0,0.0,0.014,0.0,
17:05:10.589,1.0081,1.0116,1.0055,0.0,normal,0.0,normal,0.0,normal,0.0,NORMAL,0.0,0.0,100,normal,YES,PASS,0.0,0.0,0.003,0.0,
17:05:10.758,1.032,1.008,1.0022,0.0,normal,0.0,normal,0.0,normal,0.0,NORMAL,0.1,0.0,100,normal,YES,PASS,0.0,0.0,0.013,0.0,
17:05:10.929,1.0136,1.0053,1.0013,0.0,normal,0.0,normal,0.0,normal,0.0,NORMAL,0.0,0.0,100,normal,YES,PASS,0.0,0.0,0.005,0.0,
17:05:11.102,1.0202,1.0049,1.0059,0.0,normal,0.0,normal,0.0,normal,0.0,NORMAL,0.0,0.0,100,normal,YES,PASS,0.0,0.0,0.008,0.0,
17:05:11.281,1.0385,1.0049,1.0035,0.0,normal,0.0,normal,0.0,normal,0.0,NORMAL,0.1,0.0,100,normal,YES,PASS,0.0,0.0,0.015,0.0,
17:05:11.464,1.0361,1.0101,1.0006,0.0,normal,0.0,normal,0.0,normal,0.0,NORMAL,0.1,0.0,100,normal,YES,PASS,0.0,0.0,0.014,0.0,
17:05:11.641,1.036,1.0061,1.008,0.0,normal,0.0,normal,0.0,normal,0.0,NORMAL,0.1,0.0,100,normal,YES,PASS,0.0,0.0,0.014,0.0,
17:05:11.801,1.0481,1.009,1.0087,0.0,normal,0.0,normal,0.0,normal,0.0,NORMAL,0.1,0.0,100,normal,YES,PASS,0.0,0.0,0.019,0.0,
17:05:11.981,1.0152,1.0014,1.0034,0.0,normal,0.0,normal,0.0,normal,0.0,NORMAL,0.0,0.0,100,normal,YES,PASS,0.0,0.0,0.006,0.0,
17:05:12.156,1.0364,1.0039,1.0089,0.0,normal,0.0,normal,0.0,normal,0.0,NORMAL,0.1,0.0,100,normal,YES,PASS,0.0,0.0,0.015,0.0,
17:05:12.331,1.044,1.0027,1.0085,0.0,normal,0.0,normal,0.0,normal,0.0,NORMAL,0.1,0.0,100,normal,YES,PASS,0.0,0.0,0.018,0.0,
17:05:12.514,1.0106,1.0075,1.0073,0.0,normal,0.0,normal,0.0,normal,0.0,NORMAL,0.0,0.0,100,normal,YES,PASS,0.0,0.0,0.004,0.0,
17:05:12.684,1.0205,1.0149,1.0058,0.0,normal,0.0,normal,0.0,normal,0.0,NORMAL,0.0,0.0,100,normal,YES,PASS,0.0,0.0,0.008,0.0,
17:05:12.857,1.0523,1.0096,1.0032,0.0,normal,0.0,normal,0.0,normal,0.0,NORMAL,0.1,0.0,100,normal,YES,PASS,0.0,0.0,0.021,0.0,
17:05:13.032,1.0054,1.0057,1.0059,0.0,normal,0.0,normal,0.0,normal,0.0,NORMAL,0.0,0.0,100,normal,YES,PASS,0.0,0.0,0.002,0.0,
17:05:13.208,1.0191,1.0123,1.0115,0.0,normal,0.0,normal,0.0,normal,0.0,NORMAL,0.0,0.0,100,normal,YES,PASS,0.0,0.0,0.008,0.0,
17:05:13.386,1.0389,1.0029,1.0007,0.0,normal,0.0,normal,0.0,normal,0.0,NORMAL,0.1,0.0,100,normal,YES,PASS,0.0,0.0,0.016,0.0,
17:05:13.565,1.0041,1.0103,1.0029,0.0,normal,0.0,normal,0.0,normal,0.0,NORMAL,0.0,0.0,100,normal,YES,PASS,0.0,0.0,0.002,0.0,
17:05:13.731,1.0692,1.0105,1.0098,0.0,normal,0.0,normal,0.0,normal,0.0,NORMAL,0.1,0.0,100,normal,YES,PASS,0.0,0.0,0.028,0.0,
17:05:13.910,1.0383,1.0053,1.0004,0.0,normal,0.0,speed_hump,0.5145,normal,0.0,NORMAL,18.1,0.0,100,speed_hump,YES,PASS,0.0,0.0,0.015,0.515,
17:05:14.079,1.0502,1.0058,1.0051,0.0,normal,0.0,normal,0.0,normal,0.0,NORMAL,0.1,0.0,100,normal,YES,PASS,0.0,0.0,0.02,0.0,
17:05:14.247,1.0034,1.0117,1.0087,0.0,normal,0.0,normal,0.0,normal,0.0,NORMAL,0.0,0.0,100,normal,YES,PASS,0.0,0.0,0.001,0.0,
17:05:14.430,1.0405,1.0086,1.0005,0.0,normal,0.0,normal,0.0,normal,0.0,NORMAL,0.1,0.0,100,normal,YES,PASS,0.0,0.0,0.016,0.0,
17:05:14.595,1.0421,1.0121,1.0063,0.0,normal,0.0,speed_hump,0.5003,normal,0.0,NORMAL,17.6,0.0,100,speed_hump,YES,PASS,0.0,0.0,0.017,0.5,
17:05:14.775,1.013,1.0049,1.0103,0.0,normal,0.0,speed_hump,0.502,normal,0.0,NORMAL,17.6,0.0,100,speed_hump,YES,PASS,0.0,0.0,0.005,0.502,
17:05:14.951,1.0226,1.0069,1.0076,0.0,normal,0.0,speed_hump,0.5049,normal,0.0,NORMAL,17.7,0.0,100,speed_hump,YES,PASS,0.0,0.0,0.009,0.505,
17:05:15.111,1.0075,1.0121,1.0005,0.0,normal,0.0,speed_hump,0.5034,normal,0.0,NORMAL,17.6,0.0,100,speed_hump,YES,PASS,0.0,0.0,0.003,0.503,
17:05:15.269,1.012,1.0081,1.0094,0.0,normal,0.0,speed_hump,0.5011,normal,0.0,NORMAL,17.6,0.0,100,speed_hump,YES,PASS,0.0,0.0,0.005,0.501,
17:05:15.436,1.0107,1.0065,1.0097,0.0,normal,0.0,speed_hump,0.5,normal,0.0,NORMAL,17.5,0.0,100,speed_hump,YES,PASS,0.0,0.0,0.004,0.5,
17:05:15.607,1.0636,1.0095,1.0095,0.0,normal,0.0,speed_hump,0.5016,normal,0.0,NORMAL,17.7,0.0,100,speed_hump,YES,PASS,0.0,0.0,0.025,0.502,
17:05:15.777,1.0428,1.0116,1.0147,0.0,normal,0.0,normal,0.0,normal,0.0,NORMAL,0.1,0.0,100,normal,YES,PASS,0.0,0.0,0.017,0.0,
17:05:15.952,1.0149,1.0065,1.0117,0.0,normal,0.0,normal,0.0,normal,0.0,NORMAL,0.0,0.0,100,normal,YES,PASS,0.0,0.0,0.006,0.0,
17:05:16.139,1.0178,1.0095,1.0008,0.0,normal,0.0,normal,0.0,normal,0.0,NORMAL,0.0,0.0,100,normal,YES,PASS,0.0,0.0,0.007,0.0,
17:05:16.324,1.0465,1.0064,1.01,0.0,normal,0.0,normal,0.0,normal,0.0,NORMAL,0.1,0.0,100,normal,YES,PASS,0.0,0.0,0.019,0.0,
17:05:16.489,1.0498,1.0036,1.0104,0.0,normal,0.0,normal,0.0,normal,0.0,NORMAL,0.1,0.0,100,normal,YES,PASS,0.0,0.0,0.02,0.0,
17:05:16.660,1.0447,1.0036,1.002,0.0,normal,0.0,normal,0.0,normal,0.0,NORMAL,0.1,0.0,100,normal,YES,PASS,0.0,0.0,0.018,0.0,
17:05:16.829,1.0258,1.0159,1.004,0.0,normal,0.0,normal,0.0,normal,0.0,NORMAL,0.1,0.0,100,normal,YES,PASS,0.0,0.0,0.01,0.0,
17:05:16.992,1.0363,1.0081,1.0093,0.0,normal,0.0,normal,0.0,normal,0.0,NORMAL,0.1,0.0,100,normal,YES,PASS,0.0,0.0,0.015,0.0,
17:05:17.167,1.0463,1.007,1.0113,0.0,normal,0.0,normal,0.0,normal,0.0,NORMAL,0.1,0.0,100,normal,YES,PASS,0.0,0.0,0.019,0.0,
17:05:17.337,1.0154,1.0108,1.0112,0.0,normal,0.0,speed_hump,0.5049,normal,0.0,NORMAL,17.7,0.0,100,speed_hump,YES,PASS,0.0,0.0,0.006,0.505,
17:05:17.516,1.0479,1.0087,1.0096,0.0,normal,0.0,speed_hump,0.5134,normal,0.0,NORMAL,18.1,0.0,100,speed_hump,YES,PASS,0.0,0.0,0.019,0.513,
17:05:17.694,1.0569,1.0074,1.0053,0.0,normal,0.0,speed_hump,0.5104,normal,0.0,NORMAL,18.0,0.0,100,speed_hump,YES,PASS,0.0,0.0,0.023,0.51,
17:05:17.856,1.0448,1.0094,1.0071,0.0,normal,0.0,speed_hump,0.5058,normal,0.0,NORMAL,17.8,0.0,100,speed_hump,YES,PASS,0.0,0.0,0.018,0.506,
17:05:18.020,1.0189,1.0074,1.0012,0.0,normal,0.0,speed_hump,0.5086,normal,0.0,NORMAL,17.8,0.0,100,speed_hump,YES,PASS,0.0,0.0,0.008,0.509,
17:05:18.188,1.0107,1.0057,1.0075,0.0,normal,0.0,normal,0.0,normal,0.0,NORMAL,0.0,0.0,100,normal,YES,PASS,0.0,0.0,0.004,0.0,
17:05:18.378,1.044,1.0111,1.006,0.0,normal,0.0,normal,0.0,normal,0.0,NORMAL,0.1,0.0,100,normal,YES,PASS,0.0,0.0,0.018,0.0,
17:05:18.560,1.0315,1.0075,1.0127,0.0,normal,0.0,speed_hump,0.508,normal,0.0,NORMAL,17.8,0.0,100,speed_hump,YES,PASS,0.0,0.0,0.013,0.508,
17:05:18.734,1.054,1.008,1.0037,0.0,normal,0.0,speed_hump,0.5055,normal,0.0,NORMAL,17.8,0.0,100,speed_hump,YES,PASS,0.0,0.0,0.022,0.505,
17:05:18.906,1.013,1.0051,1.0036,0.0,normal,0.0,speed_hump,0.5003,normal,0.0,NORMAL,17.5,0.0,100,speed_hump,YES,PASS,0.0,0.0,0.005,0.5,
17:05:19.078,1.0108,1.0039,1.0012,0.0,normal,0.0,speed_hump,0.5005,normal,0.0,NORMAL,17.5,0.0,100,speed_hump,YES,PASS,0.0,0.0,0.004,0.5,
17:05:19.243,1.0563,1.0023,1.0113,0.0,normal,0.0,normal,0.0,normal,0.0,NORMAL,0.1,0.0,100,normal,YES,PASS,0.0,0.0,0.023,0.0,
17:05:19.422,1.0509,1.0081,1.0061,0.0,normal,0.0,normal,0.0,normal,0.0,NORMAL,0.1,0.0,100,normal,YES,PASS,0.0,0.0,0.02,0.0,
17:05:19.613,1.0246,1.0058,1.0104,0.0,normal,0.0,speed_hump,0.506,normal,0.0,NORMAL,17.8,0.0,100,speed_hump,YES,PASS,0.0,0.0,0.01,0.506,
17:05:19.803,1.0593,1.0056,1.0085,0.0,normal,0.0,speed_hump,0.5008,normal,0.0,NORMAL,17.6,0.0,100,speed_hump,YES,PASS,0.0,0.0,0.024,0.501,
17:05:19.982,1.0387,1.0043,1.0004,0.0,normal,0.0,normal,0.0,normal,0.0,NORMAL,0.1,0.0,100,normal,YES,PASS,0.0,0.0,0.015,0.0,
17:05:20.153,1.0668,1.0125,1.0111,0.0,normal,0.0,normal,0.0,normal,0.0,NORMAL,0.1,0.0,100,normal,YES,PASS,0.0,0.0,0.027,0.0,
17:05:20.326,1.0453,1.0026,1.0023,0.0,normal,0.0,normal,0.0,normal,0.0,NORMAL,0.1,0.0,100,normal,YES,PASS,0.0,0.0,0.018,0.0,
17:05:20.500,1.01,1.0111,1.0063,0.0,normal,0.0,normal,0.0,normal,0.0,NORMAL,0.0,0.0,100,normal,YES,PASS,0.0,0.0,0.004,0.0,
17:05:20.668,1.0256,1.0018,1.0136,0.0,normal,0.0,normal,0.0,normal,0.0,NORMAL,0.1,0.0,100,normal,YES,PASS,0.0,0.0,0.01,0.0,
17:05:20.835,1.0013,1.0079,1.0064,0.0,normal,0.0,normal,0.0,normal,0.0,NORMAL,0.0,0.0,100,normal,YES,PASS,0.0,0.0,0.001,0.0,
17:05:21.004,1.0056,1.0072,1.0083,0.0,normal,0.0,normal,0.0,normal,0.0,NORMAL,0.0,0.0,100,normal,YES,PASS,0.0,0.0,0.002,0.0,
17:05:21.179,1.0267,1.0119,1.0073,0.0,normal,0.0,normal,0.0,normal,0.0,NORMAL,0.1,0.0,100,normal,YES,PASS,0.0,0.0,0.011,0.0,
17:05:21.377,1.0228,1.0094,1.0082,0.0,normal,0.0,normal,0.0,normal,0.0,NORMAL,0.0,0.0,100,normal,YES,PASS,0.0,0.0,0.009,0.0,
17:05:21.552,1.0039,1.0032,1.0076,0.0,normal,0.0,speed_hump,0.5031,normal,0.0,NORMAL,17.6,0.0,100,speed_hump,YES,PASS,0.0,0.0,0.002,0.503,
17:05:21.719,1.0039,1.0011,1.0076,0.0,normal,0.0,speed_hump,0.506,normal,0.0,NORMAL,17.7,0.0,100,speed_hump,YES,PASS,0.0,0.0,0.002,0.506,
17:05:21.895,1.0519,1.0014,1.0006,0.0,normal,0.0,speed_hump,0.5012,normal,0.0,NORMAL,17.6,0.0,100,speed_hump,YES,PASS,0.0,0.0,0.021,0.501,
17:05:22.071,1.0401,1.0016,1.0018,0.0,normal,0.0,speed_hump,0.5094,normal,0.0,NORMAL,17.9,0.0,100,speed_hump,YES,PASS,0.0,0.0,0.016,0.509,
17:05:22.243,1.0267,1.0021,1.0033,0.0,normal,0.0,normal,0.0,normal,0.0,NORMAL,0.1,0.0,100,normal,YES,PASS,0.0,0.0,0.011,0.0,
17:05:22.408,1.0103,1.0102,1.0147,0.0,normal,0.0,normal,0.0,normal,0.0,NORMAL,0.0,0.0,100,normal,YES,PASS,0.0,0.0,0.004,0.0,
17:05:22.582,1.0232,1.0019,1.0012,0.0,normal,0.0,speed_hump,0.5077,normal,0.0,NORMAL,17.8,0.0,100,speed_hump,YES,PASS,0.0,0.0,0.009,0.508,
17:05:22.765,1.0422,1.0088,1.0103,0.0,normal,0.0,normal,0.0,normal,0.0,NORMAL,0.1,0.0,100,normal,YES,PASS,0.0,0.0,0.017,0.0,
17:05:22.954,1.0142,1.0098,1.0115,0.0,normal,0.0,normal,0.0,normal,0.0,NORMAL,0.0,0.0,100,normal,YES,PASS,0.0,0.0,0.006,0.0,
17:05:23.130,1.0223,1.0012,1.0002,0.0,normal,0.0,normal,0.0,normal,0.0,NORMAL,0.0,0.0,100,normal,YES,PASS,0.0,0.0,0.009,0.0,
17:05:23.305,1.017,1.0108,1.0016,0.0,normal,0.0,normal,0.0,normal,0.0,NORMAL,0.0,0.0,100,normal,YES,PASS,0.0,0.0,0.007,0.0,
17:05:23.483,1.035,1.0052,1.0008,0.0,normal,0.0,normal,0.0,normal,0.0,NORMAL,0.1,0.0,100,normal,YES,PASS,0.0,0.0,0.014,0.0,
17:05:23.660,1.0422,1.0065,1.0107,0.0,normal,0.0,normal,0.0,normal,0.0,NORMAL,0.1,0.0,100,normal,YES,PASS,0.0,0.0,0.017,0.0,
17:05:23.843,1.0167,1.0004,1.0012,0.0,normal,0.0,normal,0.0,normal,0.0,NORMAL,0.0,0.0,100,normal,YES,PASS,0.0,0.0,0.007,0.0,
17:05:24.011,1.0085,1.0038,1.0032,0.0,normal,0.0,normal,0.0,normal,0.0,NORMAL,0.0,0.0,100,normal,YES,PASS,0.0,0.0,0.003,0.0,
17:05:24.184,1.0083,1.0091,1.0068,0.0,normal,0.0,normal,0.0,normal,0.0,NORMAL,0.0,0.0,100,normal,YES,PASS,0.0,0.0,0.003,0.0,
17:05:24.372,1.0099,1.0053,1.0029,0.0,normal,0.0,normal,0.0,normal,0.0,NORMAL,0.0,0.0,100,normal,YES,PASS,0.0,0.0,0.004,0.0,
17:05:24.551,1.0174,1.006,1.0043,0.0,normal,0.0,normal,0.0,normal,0.0,NORMAL,0.0,0.0,100,normal,YES,PASS,0.0,0.0,0.007,0.0,
17:05:24.721,1.0486,1.002,1.004,0.0,normal,0.0,normal,0.0,normal,0.0,NORMAL,0.1,0.0,100,normal,YES,PASS,0.0,0.0,0.019,0.0,
17:05:24.890,1.0295,1.0059,1.0079,0.0,normal,0.0,normal,0.0,normal,0.0,NORMAL,0.1,0.0,100,normal,YES,PASS,0.0,0.0,0.012,0.0,
17:05:25.067,1.0179,1.0076,1.0083,0.0,normal,0.0,normal,0.0,normal,0.0,NORMAL,0.0,0.0,100,normal,YES,PASS,0.0,0.0,0.007,0.0,
17:05:25.237,1.0021,1.0114,1.001,0.0,normal,0.0,normal,0.0,normal,0.0,NORMAL,0.0,0.0,100,normal,YES,PASS,0.0,0.0,0.001,0.0,
17:05:25.418,1.0139,1.0043,1.0118,0.0,normal,0.0,normal,0.0,normal,0.0,NORMAL,0.0,0.0,100,normal,YES,PASS,0.0,0.0,0.006,0.0,
17:05:25.596,1.0091,1.0095,1.0079,0.0,normal,0.0,normal,0.0,normal,0.0,NORMAL,0.0,0.0,100,normal,YES,PASS,0.0,0.0,0.004,0.0,
17:05:25.770,1.01,1.0031,1.0085,0.0,normal,0.0,normal,0.0,normal,0.0,NORMAL,0.0,0.0,100,normal,YES,PASS,0.0,0.0,0.004,0.0,
17:05:25.929,1.0394,1.0019,1.0086,0.0,normal,0.0,normal,0.0,normal,0.0,NORMAL,0.1,0.0,100,normal,YES,PASS,0.0,0.0,0.016,0.0,
17:05:26.104,1.0728,1.003,1.002,0.0,normal,0.0,normal,0.0,normal,0.0,NORMAL,0.1,0.0,100,normal,YES,PASS,0.0,0.0,0.029,0.0,
17:05:26.277,1.0135,1.008,1.009,0.0,normal,0.0,normal,0.0,normal,0.0,NORMAL,0.0,0.0,100,normal,YES,PASS,0.0,0.0,0.005,0.0,
17:05:26.452,1.0323,1.0116,1.0136,0.0,normal,0.0,normal,0.0,normal,0.0,NORMAL,0.1,0.0,100,normal,YES,PASS,0.0,0.0,0.013,0.0,
17:05:26.629,1.009,1.0061,1.0117,0.0,normal,0.0,normal,0.0,normal,0.0,NORMAL,0.0,0.0,100,normal,YES,PASS,0.0,0.0,0.004,0.0,
17:05:26.807,1.0249,1.0087,1.01,0.0,normal,0.0,normal,0.0,normal,0.0,NORMAL,0.0,0.0,100,normal,YES,PASS,0.0,0.0,0.01,0.0,
17:05:26.964,1.0507,1.0015,1.0067,0.0,normal,0.0,normal,0.0,normal,0.0,NORMAL,0.1,0.0,100,normal,YES,PASS,0.0,0.0,0.02,0.0,
17:05:27.148,1.0152,1.0045,1.0071,0.0,normal,0.0,normal,0.0,normal,0.0,NORMAL,0.0,0.0,100,normal,YES,PASS,0.0,0.0,0.006,0.0,
17:05:27.332,1.0412,1.0096,1.0055,0.0,normal,0.0,normal,0.0,normal,0.0,NORMAL,0.1,0.0,100,normal,YES,PASS,0.0,0.0,0.016,0.0,
17:05:27.507,1.0276,1.01,1.0027,0.0,normal,0.0,normal,0.0,normal,0.0,NORMAL,0.1,0.0,100,normal,YES,PASS,0.0,0.0,0.011,0.0,
17:05:27.676,1.0672,1.0105,1.0083,0.0,normal,0.0,normal,0.0,normal,0.0,NORMAL,0.1,0.0,100,normal,YES,PASS,0.0,0.0,0.027,0.0,
17:05:27.850,1.037,1.0081,1.0043,0.0,normal,0.0,normal,0.0,normal,0.0,NORMAL,0.1,0.0,100,normal,YES,PASS,0.0,0.0,0.015,0.0,
17:05:28.027,1.0045,1.0071,1.0058,0.0,normal,0.0,normal,0.0,normal,0.0,NORMAL,0.0,0.0,100,normal,YES,PASS,0.0,0.0,0.002,0.0,
17:05:28.201,1.0098,1.0047,1.0001,0.0,normal,0.0,normal,0.0,normal,0.0,NORMAL,0.0,0.0,100,normal,YES,PASS,0.0,0.0,0.004,0.0,
17:05:28.376,1.0157,1.0011,1.0109,0.0,normal,0.0,normal,0.0,normal,0.0,NORMAL,0.0,0.0,100,normal,YES,PASS,0.0,0.0,0.006,0.0,
17:05:28.546,1.0402,1.0002,1.0113,0.0,normal,0.0,normal,0.0,normal,0.0,NORMAL,0.1,0.0,100,normal,YES,PASS,0.0,0.0,0.016,0.0,
17:05:28.726,1.03,1.0013,1.004,0.0,normal,0.0,normal,0.0,normal,0.0,NORMAL,0.1,0.0,100,normal,YES,PASS,0.0,0.0,0.012,0.0,
17:05:28.895,1.0175,1.0015,1.0007,0.0,normal,0.0,normal,0.0,normal,0.0,NORMAL,0.0,0.0,100,normal,YES,PASS,0.0,0.0,0.007,0.0,
17:05:29.062,1.033,1.0065,1.0027,0.0,normal,0.0,normal,0.0,normal,0.0,NORMAL,0.1,0.0,100,normal,YES,PASS,0.0,0.0,0.013,0.0,
17:05:29.238,1.0518,1.0007,1.0056,0.0,normal,0.0,normal,0.0,normal,0.0,NORMAL,0.1,0.0,100,normal,YES,PASS,0.0,0.0,0.021,0.0,
17:05:29.423,1.0034,1.0034,1.0005,0.0,normal,0.0,normal,0.0,normal,0.0,NORMAL,0.0,0.0,100,normal,YES,PASS,0.0,0.0,0.001,0.0,
17:05:29.607,1.0253,1.0033,1.0053,0.0,normal,0.0,normal,0.0,normal,0.0,NORMAL,0.1,0.0,100,normal,YES,PASS,0.0,0.0,0.01,0.0,
17:05:29.794,1.0435,1.0017,1.0043,0.0,normal,0.0,normal,0.0,normal,0.0,NORMAL,0.1,0.0,100,normal,YES,PASS,0.0,0.0,0.017,0.0,
17:05:29.967,1.0445,1.0027,1.0099,0.0,normal,0.0,normal,0.0,normal,0.0,NORMAL,0.1,0.0,100,normal,YES,PASS,0.0,0.0,0.018,0.0,
17:05:30.148,1.0158,1.0095,1.0272,0.0,normal,0.0,normal,0.0,normal,0.0,NORMAL,0.0,0.0,100,normal,YES,PASS,0.0,0.0,0.006,0.0,
17:05:30.319,1.0289,1.0082,1.001,0.0,normal,0.0,normal,0.0,normal,0.0,NORMAL,0.1,0.0,100,normal,YES,PASS,0.0,0.0,0.012,0.0,
17:05:30.499,1.0236,1.0033,1.0101,0.0,normal,0.0,normal,0.0,normal,0.0,NORMAL,0.0,0.0,100,normal,YES,PASS,0.0,0.0,0.009,0.0,
17:05:30.680,1.031,1.0138,1.0091,0.0,normal,0.0,normal,0.0,normal,0.0,NORMAL,0.1,0.0,100,normal,YES,PASS,0.0,0.0,0.012,0.0,
17:05:30.858,1.0443,1.0066,1.0005,0.0,normal,0.0,normal,0.0,normal,0.0,NORMAL,0.1,0.0,100,normal,YES,PASS,0.0,0.0,0.018,0.0,
17:05:31.033,1.0236,1.0134,1.0112,0.0,normal,0.0,normal,0.0,normal,0.0,NORMAL,0.0,0.0,100,normal,YES,PASS,0.0,0.0,0.009,0.0,
17:05:31.212,1.0742,1.0009,1.0084,0.0,normal,0.0,normal,0.0,normal,0.0,NORMAL,0.1,0.0,100,normal,YES,PASS,0.0,0.0,0.03,0.0,
17:05:31.391,1.0309,1.0088,1.0059,0.0,normal,0.0,normal,0.0,normal,0.0,NORMAL,0.1,0.0,100,normal,YES,PASS,0.0,0.0,0.012,0.0,
17:05:31.574,1.0052,1.0116,1.0099,0.0,normal,0.0,normal,0.0,normal,0.0,NORMAL,0.0,0.0,100,normal,YES,PASS,0.0,0.0,0.002,0.0,
17:05:31.746,1.0155,1.0031,1.0148,0.0,normal,0.0,normal,0.0,normal,0.0,NORMAL,0.0,0.0,100,normal,YES,PASS,0.0,0.0,0.006,0.0,
17:05:31.917,1.0539,1.0095,1.0025,0.0,normal,0.0,normal,0.0,normal,0.0,NORMAL,0.1,0.0,100,normal,YES,PASS,0.0,0.0,0.022,0.0,
17:05:32.094,1.0348,1.0088,1.007,0.0,normal,0.0,normal,0.0,normal,0.0,NORMAL,0.1,0.0,100,normal,YES,PASS,0.0,0.0,0.014,0.0,
17:05:32.275,1.0463,1.0116,1.0007,0.0,normal,0.0,normal,0.0,normal,0.0,NORMAL,0.1,0.0,100,normal,YES,PASS,0.0,0.0,0.019,0.0,
17:05:32.449,1.0714,1.0071,1.0013,0.0,normal,0.0,normal,0.0,normal,0.0,NORMAL,0.1,0.0,100,normal,YES,PASS,0.0,0.0,0.029,0.0,
17:05:32.623,1.0081,1.005,1.0026,0.0,normal,0.0,normal,0.0,normal,0.0,NORMAL,0.0,0.0,100,normal,YES,PASS,0.0,0.0,0.003,0.0,
17:05:32.793,1.0039,1.0136,1.0026,0.0,normal,0.0,normal,0.0,normal,0.0,NORMAL,0.0,0.0,100,normal,YES,PASS,0.0,0.0,0.002,0.0,
17:05:32.970,1.0219,1.0124,1.0053,0.0,normal,0.0,normal,0.0,normal,0.0,NORMAL,0.0,0.0,100,normal,YES,PASS,0.0,0.0,0.009,0.0,
17:05:33.135,1.055,1.0011,1.0054,0.0,normal,0.0,speed_hump,0.5046,normal,0.0,NORMAL,17.8,0.0,100,speed_hump,YES,PASS,0.0,0.0,0.022,0.505,
17:05:33.314,1.0662,1.0072,1.0052,0.0,normal,0.0,speed_hump,0.5051,normal,0.0,NORMAL,17.8,0.0,100,speed_hump,YES,PASS,0.0,0.0,0.026,0.505,
17:05:33.494,1.0005,1.0026,1.0065,0.0,normal,0.0,normal,0.0,normal,0.0,NORMAL,0.0,0.0,100,normal,YES,PASS,0.0,0.0,0.0,0.0,
17:05:33.663,1.0373,1.0065,1.0064,0.0,normal,0.0,speed_hump,0.5004,normal,0.0,NORMAL,17.6,0.0,100,speed_hump,YES,PASS,0.0,0.0,0.015,0.5,
17:05:33.830,1.0081,1.0097,1.0079,0.0,normal,0.0,normal,0.0,normal,0.0,NORMAL,0.0,0.0,100,normal,YES,PASS,0.0,0.0,0.003,0.0,
17:05:33.998,1.0393,1.0008,1.0094,0.0,normal,0.0,normal,0.0,normal,0.0,NORMAL,0.1,0.0,100,normal,YES,PASS,0.0,0.0,0.016,0.0,
17:05:34.186,1.0603,1.0062,1.0083,0.0,normal,0.0,normal,0.0,normal,0.0,NORMAL,0.1,0.0,100,normal,YES,PASS,0.0,0.0,0.024,0.0,
17:05:34.360,1.0187,1.0042,1.0042,0.0,normal,0.0,normal,0.0,normal,0.0,NORMAL,0.0,0.0,100,normal,YES,PASS,0.0,0.0,0.007,0.0,
17:05:34.529,1.0335,1.0046,1.0046,0.0,normal,0.0,normal,0.0,normal,0.0,NORMAL,0.1,0.0,100,normal,YES,PASS,0.0,0.0,0.013,0.0,
17:05:34.706,1.0149,1.003,1.0089,0.0,normal,0.0,normal,0.0,normal,0.0,NORMAL,0.0,0.0,100,normal,YES,PASS,0.0,0.0,0.006,0.0,
17:05:34.890,1.0632,1.0032,1.0076,0.0,normal,0.0,normal,0.0,normal,0.0,NORMAL,0.1,0.0,100,normal,YES,PASS,0.0,0.0,0.025,0.0,
17:05:35.067,1.0235,1.0003,1.0089,0.0,normal,0.0,normal,0.0,normal,0.0,NORMAL,0.0,0.0,100,normal,YES,PASS,0.0,0.0,0.009,0.0,
17:05:35.241,1.0457,1.0051,1.0078,0.0,normal,0.0,normal,0.0,normal,0.0,NORMAL,0.1,0.0,100,normal,YES,PASS,0.0,0.0,0.018,0.0,
17:05:35.417,1.0122,1.0061,1.0114,0.0,normal,0.0,normal,0.0,normal,0.0,NORMAL,0.0,0.0,100,normal,YES,PASS,0.0,0.0,0.005,0.0,
17:05:35.589,1.0287,1.0021,1.001,0.0,normal,0.0,normal,0.0,normal,0.0,NORMAL,0.1,0.0,100,normal,YES,PASS,0.0,0.0,0.011,0.0,
17:05:35.767,1.0268,1.0075,1.0042,0.0,normal,0.0,normal,0.0,normal,0.0,NORMAL,0.1,0.0,100,normal,YES,PASS,0.0,0.0,0.011,0.0,
17:05:35.944,1.0175,1.0025,1.0013,0.0,normal,0.0,normal,0.0,normal,0.0,NORMAL,0.0,0.0,100,normal,YES,PASS,0.0,0.0,0.007,0.0,
17:05:36.118,1.0308,1.0037,1.0138,0.0,normal,0.0,normal,0.0,normal,0.0,NORMAL,0.1,0.0,100,normal,YES,PASS,0.0,0.0,0.012,0.0,
17:05:36.294,1.0659,1.0093,1.006,0.0,normal,0.0,normal,0.0,normal,0.0,NORMAL,0.1,0.0,100,normal,YES,PASS,0.0,0.0,0.026,0.0,
17:05:36.465,1.0139,1.0012,1.004,0.0,normal,0.0,speed_hump,0.5287,normal,0.0,NORMAL,18.5,0.0,100,speed_hump,YES,PASS,0.0,0.0,0.006,0.529,
17:05:36.644,1.0251,1.0082,1.0064,0.0,normal,0.0,speed_hump,0.519,normal,0.0,NORMAL,18.2,0.0,100,speed_hump,YES,PASS,0.0,0.0,0.01,0.519,
17:05:36.822,1.0102,1.0049,1.0084,0.0,normal,0.0,speed_hump,0.523,normal,0.0,NORMAL,18.3,0.0,100,speed_hump,YES,PASS,0.0,0.0,0.004,0.523,
17:05:36.999,1.0388,1.0019,1.0087,0.0,normal,0.0,speed_hump,0.5054,normal,0.0,NORMAL,17.8,0.0,100,speed_hump,YES,PASS,0.0,0.0,0.016,0.505,
17:05:37.163,1.0231,1.0041,1.0026,0.0,normal,0.0,speed_hump,0.5066,normal,0.0,NORMAL,17.8,0.0,100,speed_hump,YES,PASS,0.0,0.0,0.009,0.507,
17:05:37.322,1.0084,1.0072,1.0087,0.0,normal,0.0,normal,0.0,normal,0.0,NORMAL,0.0,0.0,100,normal,YES,PASS,0.0,0.0,0.003,0.0,
17:05:37.495,1.0147,1.0014,1.0022,0.0,normal,0.0,speed_hump,0.5018,normal,0.0,NORMAL,17.6,0.0,100,speed_hump,YES,PASS,0.0,0.0,0.006,0.502,
17:05:37.690,1.0062,1.0147,1.0119,0.0,normal,0.0,normal,0.0,normal,0.0,NORMAL,0.0,0.0,100,normal,YES,PASS,0.0,0.0,0.002,0.0,
17:05:37.871,1.0042,1.0002,1.0106,0.0,normal,0.0,normal,0.0,normal,0.0,NORMAL,0.0,0.0,100,normal,YES,PASS,0.0,0.0,0.002,0.0,
17:05:38.044,1.0268,1.0112,1.0042,0.0,normal,0.0,normal,0.0,normal,0.0,NORMAL,0.1,0.0,100,normal,YES,PASS,0.0,0.0,0.011,0.0,
17:05:38.227,1.0453,1.0024,1.0021,0.0,normal,0.0,normal,0.0,normal,0.0,NORMAL,0.1,0.0,100,normal,YES,PASS,0.0,0.0,0.018,0.0,
17:05:38.385,1.0051,1.0037,1.0067,0.0,normal,0.0,normal,0.0,normal,0.0,NORMAL,0.0,0.0,100,normal,YES,PASS,0.0,0.0,0.002,0.0,
17:05:38.555,1.0319,1.0063,1.0091,0.0,normal,0.0,normal,0.0,normal,0.0,NORMAL,0.1,0.0,100,normal,YES,PASS,0.0,0.0,0.013,0.0,
17:05:38.739,1.0038,1.0076,1.0042,0.0,normal,0.0,normal,0.0,normal,0.0,NORMAL,0.0,0.0,100,normal,YES,PASS,0.0,0.0,0.002,0.0,
17:05:38.914,1.0014,1.0153,1.0099,0.0,normal,0.0,normal,0.0,normal,0.0,NORMAL,0.0,0.0,100,normal,YES,PASS,0.0,0.0,0.001,0.0,
17:05:39.091,1.0452,1.0103,1.002,0.0,normal,0.0,normal,0.0,normal,0.0,NORMAL,0.1,0.0,100,normal,YES,PASS,0.0,0.0,0.018,0.0,
17:05:39.271,1.0397,1.0043,1.002,0.0,normal,0.0,normal,0.0,normal,0.0,NORMAL,0.1,0.0,100,normal,YES,PASS,0.0,0.0,0.016,0.0,
17:05:39.438,1.0312,1.0145,1.0058,0.0,normal,0.0,normal,0.0,normal,0.0,NORMAL,0.1,0.0,100,normal,YES,PASS,0.0,0.0,0.012,0.0,
17:05:39.613,1.0387,1.0047,1.0038,0.0,normal,0.0,normal,0.0,normal,0.0,NORMAL,0.1,0.0,100,normal,YES,PASS,0.0,0.0,0.015,0.0,
17:05:39.790,1.0115,1.0072,1.006,0.0,normal,0.0,speed_hump,0.5544,normal,0.0,NORMAL,19.4,0.0,100,speed_hump,YES,PASS,0.0,0.0,0.005,0.554,
17:05:39.977,1.0114,1.0039,1.0114,0.0,normal,0.0,speed_hump,0.5173,normal,0.0,NORMAL,18.1,0.0,100,speed_hump,YES,PASS,0.0,0.0,0.005,0.517,
17:05:40.148,1.0061,1.0024,1.0127,0.0,normal,0.0,normal,0.0,normal,0.0,NORMAL,0.0,0.0,100,normal,YES,PASS,0.0,0.0,0.002,0.0,
17:05:40.314,1.0306,1.0032,1.0032,0.0,normal,0.0,normal,0.0,normal,0.0,NORMAL,0.1,0.0,100,normal,YES,PASS,0.0,0.0,0.012,0.0,
17:05:40.494,1.0289,1.0013,1.0109,0.0,normal,0.0,normal,0.0,normal,0.0,NORMAL,0.1,0.0,100,normal,YES,PASS,0.0,0.0,0.012,0.0,
17:05:40.676,1.0611,1.0009,1.0018,0.0,normal,0.0,normal,0.0,normal,0.0,NORMAL,0.1,0.0,100,normal,YES,PASS,0.0,0.0,0.024,0.0,
17:05:40.844,1.0196,1.0147,1.0026,0.0,normal,0.0,normal,0.0,normal,0.0,NORMAL,0.0,0.0,100,normal,YES,PASS,0.0,0.0,0.008,0.0,
17:05:41.030,1.0406,1.0015,1.0037,0.0,normal,0.0,normal,0.0,normal,0.0,NORMAL,0.1,0.0,100,normal,YES,PASS,0.0,0.0,0.016,0.0,
17:05:41.208,1.0561,1.001,1.0054,0.0,normal,0.0,normal,0.0,normal,0.0,NORMAL,0.1,0.0,100,normal,YES,PASS,0.0,0.0,0.022,0.0,
17:05:41.408,1.0482,1.0122,1.0019,0.0,normal,0.0,normal,0.0,normal,0.0,NORMAL,0.1,0.0,100,normal,YES,PASS,0.0,0.0,0.019,0.0,
17:05:41.591,1.0368,1.003,1.0095,0.0,normal,0.0,speed_hump,0.5623,normal,0.0,NORMAL,19.8,0.0,100,speed_hump,YES,PASS,0.0,0.0,0.015,0.562,
17:05:41.774,1.0564,1.0143,1.0013,0.0,normal,0.0,speed_hump,0.5488,normal,0.0,NORMAL,19.3,0.0,100,speed_hump,YES,PASS,0.0,0.0,0.023,0.549,
17:05:41.952,1.0135,1.0001,1.006,0.0,normal,0.0,normal,0.0,normal,0.0,NORMAL,0.0,0.0,100,normal,YES,PASS,0.0,0.0,0.005,0.0,
17:05:42.136,1.0546,1.0111,1.0037,0.0,normal,0.0,normal,0.0,normal,0.0,NORMAL,0.1,0.0,100,normal,YES,PASS,0.0,0.0,0.022,0.0,
17:05:42.305,1.0427,1.0032,1.0059,0.0,normal,0.0,normal,0.0,normal,0.0,NORMAL,0.1,0.0,100,normal,YES,PASS,0.0,0.0,0.017,0.0,
17:05:42.486,1.0441,1.0055,1.0084,0.0,normal,0.0,normal,0.0,normal,0.0,NORMAL,0.1,0.0,100,normal,YES,PASS,0.0,0.0,0.018,0.0,
17:05:42.649,1.0452,1.001,1.0021,0.0,normal,0.0,normal,0.0,normal,0.0,NORMAL,0.1,0.0,100,normal,YES,PASS,0.0,0.0,0.018,0.0,
17:05:42.817,1.052,1.004,1.0113,0.0,normal,0.0,normal,0.0,normal,0.0,NORMAL,0.1,0.0,100,normal,YES,PASS,0.0,0.0,0.021,0.0,
17:05:42.986,1.0564,1.0048,1.0048,0.0,normal,0.0,normal,0.0,normal,0.0,NORMAL,0.1,0.0,100,normal,YES,PASS,0.0,0.0,0.023,0.0,
17:05:43.159,1.0434,1.0107,1.008,0.0,normal,0.0,normal,0.0,normal,0.0,NORMAL,0.1,0.0,100,normal,YES,PASS,0.0,0.0,0.017,0.0,
17:05:43.334,1.0136,1.0097,1.0053,0.0,normal,0.0,normal,0.0,normal,0.0,NORMAL,0.0,0.0,100,normal,YES,PASS,0.0,0.0,0.005,0.0,
17:05:43.518,1.0521,1.0049,1.0021,0.0,normal,0.0,speed_hump,0.501,normal,0.0,NORMAL,17.6,0.0,100,speed_hump,YES,PASS,0.0,0.0,0.021,0.501,
17:05:43.693,1.014,1.0066,1.013,0.0,normal,0.0,speed_hump,0.5013,normal,0.0,NORMAL,17.6,0.0,100,speed_hump,YES,PASS,0.0,0.0,0.006,0.501,
17:05:43.865,1.0208,1.0082,1.0053,0.0,normal,0.0,normal,0.0,normal,0.0,NORMAL,0.0,0.0,100,normal,YES,PASS,0.0,0.0,0.008,0.0,
17:05:44.032,1.0394,1.0087,1.0025,0.0,normal,0.0,normal,0.0,normal,0.0,NORMAL,0.1,0.0,100,normal,YES,PASS,0.0,0.0,0.016,0.0,
17:05:44.210,1.0378,1.0002,1.0096,0.0,normal,0.0,normal,0.0,normal,0.0,NORMAL,0.1,0.0,100,normal,YES,PASS,0.0,0.0,0.015,0.0,
17:05:44.391,1.0028,1.0032,1.0066,0.0,normal,0.0,speed_hump,0.5107,normal,0.0,NORMAL,17.9,0.0,100,speed_hump,YES,PASS,0.0,0.0,0.001,0.511,
17:05:44.569,1.0634,1.0074,1.0096,0.0,normal,0.0,normal,0.0,normal,0.0,NORMAL,0.1,0.0,100,normal,YES,PASS,0.0,0.0,0.025,0.0,
17:05:44.744,1.057,1.0104,1.009,0.0,normal,0.0,normal,0.0,normal,0.0,NORMAL,0.1,0.0,100,normal,YES,PASS,0.0,0.0,0.023,0.0,
17:05:44.919,1.0164,1.0102,1.006,5.0,pothole,1.0,normal,0.0,normal,0.0,NORMAL,18.3,0.0,100,pothole,YES,PASS,0.0,0.405,0.007,0.0,
17:05:45.089,1.0142,1.0028,1.0052,0.0,normal,0.0,normal,0.0,normal,0.0,NORMAL,13.3,0.0,100,normal,YES,PASS,0.0,0.296,0.006,0.0,
17:05:45.255,1.0185,1.0072,1.0069,5.0,pothole,1.0,normal,0.0,normal,0.0,NORMAL,28.0,0.2,100,pothole,YES,PASS,0.0,0.621,0.007,0.0,
17:05:45.443,1.0536,1.0028,1.0144,5.0,pothole,1.0,speed_hump,0.5152,normal,0.0,NORMAL,56.8,0.57,100,speed_hump,YES,PASS,0.0,0.859,0.021,0.515,
17:05:45.628,1.0292,1.008,1.005,5.0,pothole,1.0,speed_hump,0.5236,normal,0.0,HAZARD,63.4,0.63,56,normal,NO,BLOCKED,0.0,1.0,0.012,0.524,
17:05:45.803,1.0041,1.0095,1.009,5.0,pothole,1.0,normal,0.0,normal,0.0,CAUTION,45.0,0.32,84,pothole,NO,BLOCKED,0.0,1.0,0.002,0.0,
17:05:45.968,1.0332,1.0065,1.0009,5.0,pothole,1.0,normal,0.0,normal,0.0,CAUTION,45.1,0.32,84,pothole,NO,BLOCKED,0.0,1.0,0.013,0.0,
17:05:46.133,1.0112,1.0007,1.0095,0.0,normal,0.0,normal,0.0,normal,0.0,CAUTION,41.1,0.29,86,braking,NO,BLOCKED,0.0,0.913,0.004,0.0,
17:05:46.298,1.0067,1.0107,1.0062,5.0,pothole,1.0,normal,0.0,normal,0.0,CAUTION,45.0,0.32,84,pothole,NO,BLOCKED,0.0,1.0,0.003,0.0,
17:05:46.474,1.0547,1.0087,1.0042,5.0,pothole,1.0,normal,0.0,normal,0.0,CAUTION,45.1,0.32,84,pothole,NO,BLOCKED,0.0,1.0,0.022,0.0,
17:05:46.651,1.0569,1.0019,1.0091,0.0,normal,0.0,normal,0.0,normal,0.0,CAUTION,39.1,0.27,86,braking,NO,BLOCKED,0.0,0.866,0.023,0.0,
17:05:46.826,1.0607,1.0063,1.0083,0.0,normal,0.0,normal,0.0,normal,0.0,CAUTION,28.6,0.2,90,braking,NO,BLOCKED,0.0,0.632,0.024,0.0,
17:05:47.021,1.0298,1.0066,1.0072,0.0,normal,0.0,normal,0.0,normal,0.0,CAUTION,20.8,0.0,100,braking,NO,BLOCKED,0.0,0.462,0.012,0.0,
17:05:47.199,1.0031,1.003,1.0082,0.0,normal,0.0,normal,0.0,normal,0.0,CAUTION,15.2,0.0,100,braking,NO,BLOCKED,0.0,0.337,0.001,0.0,
17:05:47.382,1.0394,1.0067,1.0083,0.0,normal,0.0,normal,0.0,normal,0.0,NORMAL,11.1,0.0,100,normal,YES,PASS,0.0,0.246,0.016,0.0,
17:05:47.549,1.0253,1.0109,1.014,0.0,normal,0.0,normal,0.0,normal,0.0,NORMAL,8.1,0.0,100,normal,YES,PASS,0.0,0.179,0.01,0.0,
17:05:47.740,1.0051,1.0082,1.0109,5.0,pothole,1.0,normal,0.0,normal,0.0,NORMAL,24.1,0.0,100,pothole,YES,PASS,0.0,0.536,0.002,0.0,
17:05:47.927,1.0063,1.0085,1.0007,2.1118,speed_hump,0.5559,normal,0.0,normal,0.0,NORMAL,25.3,0.18,100,speed_hump,YES,PASS,0.0,0.562,0.003,0.0,
17:05:48.099,1.0047,1.0087,1.0022,2.1118,speed_hump,0.5559,normal,0.0,normal,0.0,NORMAL,26.2,0.18,100,speed_hump,YES,PASS,0.0,0.582,0.002,0.0,
17:05:48.269,1.0348,1.0123,1.0058,2.1118,speed_hump,0.5559,speed_hump,0.5119,normal,0.0,CAUTION,44.8,0.31,84,speed_hump,NO,BLOCKED,0.0,0.596,0.014,0.512,
17:05:48.447,1.0106,1.0141,1.0075,4.2684,pothole,0.6342,speed_hump,0.5057,normal,0.0,CAUTION,52.9,0.37,82,speed_hump,NO,BLOCKED,0.0,0.781,0.004,0.506,
17:05:48.607,1.0492,1.0002,1.0025,2.1118,speed_hump,0.5559,speed_hump,0.5175,normal,0.0,CAUTION,51.6,0.36,82,speed_hump,NO,BLOCKED,0.0,0.741,0.02,0.517,
17:05:48.789,1.0,1.0056,1.0027,2.1118,speed_hump,0.5559,speed_hump,0.5195,normal,0.0,CAUTION,50.2,0.35,82,speed_hump,NO,BLOCKED,0.0,0.712,0.0,0.519,
17:05:48.968,1.0202,1.0016,1.003,2.1118,speed_hump,0.5559,speed_hump,0.5217,normal,0.0,CAUTION,49.4,0.35,83,speed_hump,NO,BLOCKED,0.0,0.691,0.008,0.522,
17:05:49.155,1.0129,1.0091,1.0042,2.1118,speed_hump,0.5559,speed_hump,0.5264,normal,0.0,CAUTION,48.8,0.34,83,speed_hump,NO,BLOCKED,0.0,0.675,0.005,0.526,
17:05:49.331,1.0407,1.0067,1.0012,2.1118,speed_hump,0.5559,normal,0.0,normal,0.0,CAUTION,30.0,0.21,90,speed_hump,NO,BLOCKED,0.0,0.664,0.016,0.0,
17:05:49.501,1.0146,1.0047,1.0138,2.1118,speed_hump,0.5559,normal,0.0,normal,0.0,CAUTION,29.5,0.21,90,speed_hump,NO,BLOCKED,0.0,0.656,0.006,0.0,
17:05:49.684,1.0462,1.0114,1.0075,2.1118,speed_hump,0.5559,speed_hump,0.5012,normal,0.0,CAUTION,46.9,0.33,84,speed_hump,NO,BLOCKED,0.0,0.65,0.018,0.501,
17:05:49.853,1.0077,1.0162,1.001,2.4106,speed_hump,0.7053,normal,0.0,normal,0.0,CAUTION,30.1,0.21,89,speed_hump,NO,BLOCKED,0.0,0.67,0.003,0.0,
17:05:50.029,1.0142,1.0038,1.0111,2.4106,speed_hump,0.7053,normal,0.0,normal,0.0,CAUTION,30.8,0.22,89,speed_hump,NO,BLOCKED,0.0,0.684,0.006,0.0,
17:05:50.206,1.0201,1.0019,1.0151,2.4106,speed_hump,0.7053,normal,0.0,normal,0.0,CAUTION,31.3,0.22,89,speed_hump,NO,BLOCKED,0.0,0.695,0.008,0.0,
17:05:50.384,1.0092,1.0086,1.0075,2.4106,speed_hump,0.7053,normal,0.0,normal,0.0,CAUTION,31.6,0.22,89,speed_hump,NO,BLOCKED,0.0,0.702,0.004,0.0,
17:05:50.559,1.0005,1.0066,1.0091,2.4106,speed_hump,0.7053,normal,0.0,normal,0.0,CAUTION,31.9,0.22,89,speed_hump,NO,BLOCKED,0.0,0.708,0.0,0.0,
17:05:50.742,1.0486,1.0031,1.0068,2.4106,speed_hump,0.7053,normal,0.0,normal,0.0,CAUTION,32.1,0.22,89,speed_hump,NO,BLOCKED,0.0,0.712,0.019,0.0,
17:05:50.906,1.0451,1.0022,1.0072,2.4106,speed_hump,0.7053,normal,0.0,normal,0.0,CAUTION,32.3,0.23,89,speed_hump,NO,BLOCKED,0.0,0.715,0.018,0.0,
17:05:51.090,1.0655,1.0008,1.01,2.4106,speed_hump,0.7053,normal,0.0,normal,0.0,CAUTION,32.4,0.23,89,speed_hump,NO,BLOCKED,0.0,0.717,0.026,0.0,
17:05:51.272,1.0301,1.0114,1.012,2.4106,speed_hump,0.7053,normal,0.0,normal,0.0,CAUTION,32.4,0.23,89,speed_hump,NO,BLOCKED,0.0,0.719,0.012,0.0,
17:05:51.443,1.0048,1.0146,1.0063,2.4106,speed_hump,0.7053,normal,0.0,normal,0.0,CAUTION,32.4,0.23,89,speed_hump,NO,BLOCKED,0.0,0.72,0.002,0.0,
17:05:51.626,1.0549,1.0027,1.009,0.0,normal,0.0,speed_hump,0.5351,normal,0.0,CAUTION,42.5,0.3,85,speed_hump,NO,BLOCKED,0.0,0.526,0.022,0.535,
17:05:51.806,1.0216,1.002,1.0054,0.0,normal,0.0,speed_hump,0.5112,normal,0.0,CAUTION,35.2,0.25,88,speed_hump,NO,BLOCKED,0.0,0.384,0.009,0.511,
17:05:51.985,1.0455,1.007,1.0094,0.0,normal,0.0,speed_hump,0.5285,normal,0.0,CAUTION,31.2,0.22,89,speed_hump,NO,BLOCKED,0.0,0.28,0.018,0.529,
17:05:52.160,1.0515,1.0109,1.0006,0.0,normal,0.0,speed_hump,0.5384,normal,0.0,CAUTION,28.1,0.2,90,speed_hump,NO,BLOCKED,0.0,0.204,0.021,0.538,
17:05:52.340,1.0086,1.0081,1.0075,0.0,normal,0.0,speed_hump,0.5401,normal,0.0,CAUTION,25.6,0.18,91,speed_hump,NO,BLOCKED,0.0,0.149,0.003,0.54,
17:05:52.518,1.0039,1.0135,1.0031,0.0,normal,0.0,speed_hump,0.545,normal,0.0,CAUTION,24.0,0.0,100,speed_hump,NO,BLOCKED,0.0,0.109,0.002,0.545,
17:05:52.689,1.0072,1.0103,1.0102,0.0,normal,0.0,speed_hump,0.5602,normal,0.0,CAUTION,23.2,0.0,100,speed_hump,NO,BLOCKED,0.0,0.079,0.003,0.56,
17:05:52.871,1.0352,1.0001,1.0034,0.0,normal,0.0,speed_hump,0.5579,normal,0.0,NORMAL,22.2,0.0,100,speed_hump,YES,PASS,0.0,0.058,0.014,0.558,
17:05:53.032,1.0085,1.0078,1.0131,0.0,normal,0.0,speed_hump,0.5567,normal,0.0,NORMAL,21.4,0.0,100,speed_hump,YES,PASS,0.0,0.042,0.003,0.557,
17:05:53.210,1.0509,1.0102,1.0059,0.0,normal,0.0,speed_hump,0.5396,normal,0.0,NORMAL,20.4,0.0,100,speed_hump,YES,PASS,0.0,0.031,0.02,0.54,
17:05:53.382,1.0412,1.0082,1.002,0.0,normal,0.0,speed_hump,0.5284,normal,0.0,NORMAL,19.6,0.0,100,speed_hump,YES,PASS,0.0,0.023,0.016,0.528,
17:05:53.568,1.0073,1.0125,1.0106,0.0,normal,0.0,speed_hump,0.5187,normal,0.0,NORMAL,18.9,0.0,100,speed_hump,YES,PASS,0.0,0.016,0.003,0.519,
17:05:53.744,1.0611,1.0039,1.0059,0.0,normal,0.0,speed_hump,0.5149,normal,0.0,NORMAL,18.7,0.0,100,speed_hump,YES,PASS,0.0,0.012,0.024,0.515,
17:05:53.922,1.0458,1.0035,1.0075,0.0,normal,0.0,speed_hump,0.5131,normal,0.0,NORMAL,18.4,0.0,100,speed_hump,YES,PASS,0.0,0.009,0.018,0.513,
17:05:54.105,1.0443,1.0122,1.0082,0.0,normal,0.0,speed_hump,0.5122,normal,0.0,NORMAL,18.3,0.0,100,speed_hump,YES,PASS,0.0,0.006,0.018,0.512,
17:05:54.283,1.0126,1.0052,1.0051,0.0,normal,0.0,speed_hump,0.5153,normal,0.0,NORMAL,18.3,0.0,100,speed_hump,YES,PASS,0.0,0.005,0.005,0.515,
17:05:54.457,1.0074,1.012,1.0059,0.0,normal,0.0,speed_hump,0.5147,normal,0.0,NORMAL,18.2,0.0,100,speed_hump,YES,PASS,0.0,0.003,0.003,0.515,
17:05:54.633,1.0473,1.0012,1.0009,0.0,normal,0.0,speed_hump,0.5041,normal,0.0,NORMAL,17.9,0.0,100,speed_hump,YES,PASS,0.0,0.002,0.019,0.504,
17:05:54.814,1.0307,1.0022,1.0092,0.0,normal,0.0,normal,0.0,normal,0.0,NORMAL,0.1,0.0,100,normal,YES,PASS,0.0,0.002,0.012,0.0,
17:05:55.003,1.0312,1.0007,1.0145,0.0,normal,0.0,speed_hump,0.5218,normal,0.0,NORMAL,18.4,0.0,100,speed_hump,YES,PASS,0.0,0.001,0.012,0.522,
17:05:55.218,1.0109,1.0119,1.0091,0.0,normal,0.0,speed_hump,0.505,normal,0.0,NORMAL,17.7,0.0,100,speed_hump,YES,PASS,0.0,0.001,0.004,0.505,
17:05:55.405,1.0149,1.0005,1.0018,4.2119,pothole,0.606,normal,0.0,normal,0.0,NORMAL,15.4,0.0,100,pothole,YES,PASS,0.0,0.342,0.006,0.0,
17:05:55.573,1.004,1.0022,1.0137,4.2119,pothole,0.606,normal,0.0,normal,0.0,NORMAL,26.6,0.19,100,pothole,YES,PASS,0.0,0.591,0.002,0.0,
17:05:55.739,1.0049,1.0119,1.0104,4.2119,pothole,0.606,normal,0.0,normal,0.0,NORMAL,34.8,0.24,100,pothole,YES,PASS,0.0,0.773,0.002,0.0,
17:05:55.917,1.0201,1.0037,1.0019,4.2119,pothole,0.606,normal,0.0,normal,0.0,CAUTION,40.8,0.29,86,pothole,NO,BLOCKED,0.0,0.905,0.008,0.0,
17:05:56.092,1.0162,1.0049,1.01,4.2119,pothole,0.606,normal,0.0,normal,0.0,CAUTION,45.0,0.32,84,pothole,NO,BLOCKED,0.0,1.0,0.006,0.0,
17:05:56.268,1.0405,1.0109,1.0048,4.2119,pothole,0.606,normal,0.0,normal,0.0,CAUTION,45.1,0.32,84,pothole,NO,BLOCKED,0.0,1.0,0.016,0.0,
17:05:56.455,1.0542,1.0001,1.0092,4.2119,pothole,0.606,normal,0.0,normal,0.0,CAUTION,45.1,0.32,84,pothole,NO,BLOCKED,0.0,1.0,0.022,0.0,
17:05:56.634,1.0012,1.0107,1.0063,5.0,pothole,1.0,normal,0.0,normal,0.0,CAUTION,45.0,0.32,84,pothole,NO,BLOCKED,0.0,1.0,0.0,0.0,
17:05:56.809,1.0501,1.0066,1.0036,5.0,pothole,1.0,normal,0.0,normal,0.0,CAUTION,45.1,0.32,84,pothole,NO,BLOCKED,0.0,1.0,0.02,0.0,
17:05:56.986,1.0212,1.0044,1.0092,0.0,normal,0.0,speed_hump,0.5068,normal,0.0,CAUTION,60.5,0.6,70,speed_hump,NO,BLOCKED,0.0,0.949,0.008,0.507,
17:05:57.159,1.0228,1.01,1.0028,0.0,normal,0.0,speed_hump,0.5132,normal,0.0,CAUTION,49.2,0.34,83,speed_hump,NO,BLOCKED,0.0,0.692,0.009,0.513,
17:05:57.334,1.0117,1.0034,1.0025,0.0,normal,0.0,speed_hump,0.5106,normal,0.0,CAUTION,40.6,0.28,86,speed_hump,NO,BLOCKED,0.0,0.505,0.005,0.511,
17:05:57.514,1.0423,1.0025,1.0064,0.0,normal,0.0,normal,0.0,normal,0.0,CAUTION,16.7,0.0,100,braking,NO,BLOCKED,0.0,0.369,0.017,0.0,
17:05:57.679,1.0468,1.0083,1.0105,0.0,normal,0.0,speed_hump,0.5119,normal,0.0,CAUTION,30.1,0.21,89,speed_hump,NO,BLOCKED,0.0,0.269,0.019,0.512,
17:05:57.865,1.0257,1.0035,1.0101,0.0,normal,0.0,speed_hump,0.5187,normal,0.0,CAUTION,27.0,0.19,91,speed_hump,NO,BLOCKED,0.0,0.196,0.01,0.519,
17:05:58.044,1.0343,1.0098,1.0017,0.0,normal,0.0,speed_hump,0.5052,normal,0.0,CAUTION,24.2,0.0,100,speed_hump,NO,BLOCKED,0.0,0.143,0.014,0.505,
17:05:58.225,1.0414,1.004,1.0021,0.0,normal,0.0,speed_hump,0.5113,normal,0.0,NORMAL,22.7,0.0,100,speed_hump,YES,PASS,0.0,0.105,0.017,0.511,
17:05:58.406,1.0624,1.0035,1.003,0.0,normal,0.0,speed_hump,0.511,normal,0.0,NORMAL,21.4,0.0,100,speed_hump,YES,PASS,0.0,0.076,0.025,0.511,
17:05:58.569,1.0567,1.0008,1.0018,0.0,normal,0.0,speed_hump,0.5037,normal,0.0,NORMAL,20.3,0.0,100,speed_hump,YES,PASS,0.0,0.056,0.023,0.504,
17:05:58.759,1.0411,1.0079,1.0056,0.0,normal,0.0,normal,0.0,normal,0.0,NORMAL,1.9,0.0,100,normal,YES,PASS,0.0,0.041,0.016,0.0,
17:05:58.925,1.0377,1.0126,1.0003,0.0,normal,0.0,speed_hump,0.5058,normal,0.0,NORMAL,19.1,0.0,100,speed_hump,YES,PASS,0.0,0.03,0.015,0.506,
17:05:59.105,1.0549,1.0003,1.0021,0.0,normal,0.0,normal,0.0,normal,0.0,NORMAL,1.1,0.0,100,normal,YES,PASS,0.0,0.022,0.022,0.0,
17:05:59.288,1.0379,1.0048,1.0021,0.0,normal,0.0,normal,0.0,normal,0.0,NORMAL,0.8,0.0,100,normal,YES,PASS,0.0,0.016,0.015,0.0,
17:05:59.480,1.0606,1.0023,1.0011,0.0,normal,0.0,normal,0.0,normal,0.0,NORMAL,0.6,0.0,100,normal,YES,PASS,0.0,0.012,0.024,0.0,
17:05:59.665,1.0561,1.0092,1.0101,0.0,normal,0.0,normal,0.0,normal,0.0,NORMAL,0.5,0.0,100,normal,YES,PASS,0.0,0.008,0.022,0.0,
17:05:59.837,1.045,1.0075,1.0061,0.0,normal,0.0,normal,0.0,normal,0.0,NORMAL,0.4,0.0,100,normal,YES,PASS,0.0,0.006,0.018,0.0,
17:06:00.016,1.0033,1.0082,1.0038,0.0,normal,0.0,normal,0.0,normal,0.0,NORMAL,0.2,0.0,100,normal,YES,PASS,0.0,0.004,0.001,0.0,
17:06:00.198,1.0232,1.0069,1.0074,0.0,normal,0.0,speed_hump,0.5018,normal,0.0,NORMAL,17.8,0.0,100,speed_hump,YES,PASS,0.0,0.003,0.009,0.502,
17:06:00.377,1.0343,1.007,1.008,0.0,normal,0.0,speed_hump,0.5055,normal,0.0,NORMAL,17.9,0.0,100,speed_hump,YES,PASS,0.0,0.002,0.014,0.505,
17:06:00.551,1.0174,1.0108,1.0062,0.0,normal,0.0,speed_hump,0.511,normal,0.0,NORMAL,18.0,0.0,100,speed_hump,YES,PASS,0.0,0.002,0.007,0.511,
17:06:00.724,1.05,1.0099,1.0075,0.0,normal,0.0,speed_hump,0.5092,normal,0.0,NORMAL,18.0,0.0,100,speed_hump,YES,PASS,0.0,0.001,0.02,0.509,
17:06:00.902,1.019,1.0129,1.0043,0.0,normal,0.0,speed_hump,0.5177,normal,0.0,NORMAL,18.2,0.0,100,speed_hump,YES,PASS,0.0,0.001,0.008,0.518,
17:06:01.062,1.0211,1.0013,1.0074,0.0,normal,0.0,speed_hump,0.5243,normal,0.0,NORMAL,18.4,0.0,100,speed_hump,YES,PASS,0.0,0.001,0.008,0.524,
17:06:01.239,1.0403,1.0,1.0082,0.0,normal,0.0,speed_hump,0.5249,normal,0.0,NORMAL,18.5,0.0,100,speed_hump,YES,PASS,0.0,0.0,0.016,0.525,
17:06:01.406,1.0147,1.0014,1.0096,0.0,normal,0.0,speed_hump,0.5255,normal,0.0,NORMAL,18.4,0.0,100,speed_hump,YES,PASS,0.0,0.0,0.006,0.526,
17:06:01.584,1.0096,1.0041,1.0105,0.0,normal,0.0,speed_hump,0.527,normal,0.0,NORMAL,18.5,0.0,100,speed_hump,YES,PASS,0.0,0.0,0.004,0.527,
17:06:01.764,1.0196,1.0103,1.0145,0.0,normal,0.0,speed_hump,0.5259,normal,0.0,NORMAL,18.5,0.0,100,speed_hump,YES,PASS,0.0,0.0,0.008,0.526,
17:06:01.942,1.0465,1.0067,1.0109,0.0,normal,0.0,speed_hump,0.526,normal,0.0,NORMAL,18.5,0.0,100,speed_hump,YES,PASS,0.0,0.0,0.019,0.526,
17:06:02.115,1.0581,1.0112,1.0112,0.0,normal,0.0,speed_hump,0.5265,normal,0.0,NORMAL,18.5,0.0,100,speed_hump,YES,PASS,0.0,0.0,0.023,0.527,
17:06:02.292,1.0606,1.0068,1.0013,0.0,normal,0.0,speed_hump,0.5441,normal,0.0,NORMAL,19.2,0.0,100,speed_hump,YES,PASS,0.0,0.0,0.024,0.544,
17:06:02.479,1.013,1.0038,1.0125,0.0,normal,0.0,speed_hump,0.5269,normal,0.0,NORMAL,18.5,0.0,100,speed_hump,YES,PASS,0.0,0.0,0.005,0.527,
17:06:02.657,1.0054,1.0116,1.0101,0.0,normal,0.0,speed_hump,0.5051,normal,0.0,NORMAL,17.7,0.0,100,speed_hump,YES,PASS,0.0,0.0,0.002,0.505,
17:06:02.830,1.0033,1.0069,1.0024,0.0,normal,0.0,normal,0.0,normal,0.0,NORMAL,0.0,0.0,100,normal,YES,PASS,0.0,0.0,0.001,0.0,
17:06:03.002,1.0122,1.0113,1.0015,0.0,normal,0.0,normal,0.0,normal,0.0,NORMAL,0.0,0.0,100,normal,YES,PASS,0.0,0.0,0.005,0.0,
17:06:03.180,1.0371,1.0065,1.0012,0.0,normal,0.0,normal,0.0,normal,0.0,NORMAL,0.1,0.0,100,normal,YES,PASS,0.0,0.0,0.015,0.0,
17:06:03.372,1.0242,1.0073,1.0116,0.0,normal,0.0,speed_hump,0.5112,normal,0.0,NORMAL,17.9,0.0,100,speed_hump,YES,PASS,0.0,0.0,0.01,0.511,
17:06:03.564,1.0016,1.0057,1.0009,0.0,normal,0.0,speed_hump,0.5263,normal,0.0,NORMAL,18.4,0.0,100,speed_hump,YES,PASS,0.0,0.0,0.001,0.526,
17:06:03.750,1.0158,1.0057,1.0036,0.0,normal,0.0,speed_hump,0.5162,normal,0.0,NORMAL,18.1,0.0,100,speed_hump,YES,PASS,0.0,0.0,0.006,0.516,
17:06:03.918,1.028,1.0069,1.0059,0.0,normal,0.0,normal,0.0,normal,0.0,NORMAL,0.1,0.0,100,normal,YES,PASS,0.0,0.0,0.011,0.0,
17:06:04.089,1.0174,1.0032,1.0014,0.0,normal,0.0,normal,0.0,normal,0.0,NORMAL,0.0,0.0,100,normal,YES,PASS,0.0,0.0,0.007,0.0,
17:06:04.267,1.0631,1.0086,1.012,0.0,normal,0.0,normal,0.0,normal,0.0,NORMAL,0.1,0.0,100,normal,YES,PASS,0.0,0.0,0.025,0.0,
17:06:04.450,1.0347,1.0025,1.0089,0.0,normal,0.0,speed_hump,0.5025,normal,0.0,NORMAL,17.7,0.0,100,speed_hump,YES,PASS,0.0,0.0,0.014,0.503,
17:06:04.632,1.0393,1.0026,1.0087,0.0,normal,0.0,speed_hump,0.5241,normal,0.0,NORMAL,18.4,0.0,100,speed_hump,YES,PASS,0.0,0.0,0.016,0.524,
17:06:04.818,1.0536,1.0026,1.0021,0.0,normal,0.0,speed_hump,0.5274,normal,0.0,NORMAL,18.6,0.0,100,speed_hump,YES,PASS,0.0,0.0,0.021,0.527,
17:06:04.996,1.034,1.0032,1.0107,0.0,normal,0.0,speed_hump,0.5432,normal,0.0,NORMAL,19.1,0.0,100,speed_hump,YES,PASS,0.0,0.0,0.014,0.543,
17:06:05.180,1.0132,1.0035,1.0088,0.0,normal,0.0,speed_hump,0.5311,normal,0.0,NORMAL,18.6,0.0,100,speed_hump,YES,PASS,0.0,0.0,0.005,0.531,
17:06:05.351,1.0318,1.0001,1.0094,0.0,normal,0.0,speed_hump,0.5279,normal,0.0,NORMAL,18.5,0.0,100,speed_hump,YES,PASS,0.0,0.0,0.013,0.528,
17:06:05.525,1.0095,1.0098,1.0016,0.0,normal,0.0,speed_hump,0.52,normal,0.0,NORMAL,18.2,0.0,100,speed_hump,YES,PASS,0.0,0.0,0.004,0.52,
17:06:05.692,1.009,1.0141,1.0092,0.0,normal,0.0,speed_hump,0.534,normal,0.0,NORMAL,18.7,0.0,100,speed_hump,YES,PASS,0.0,0.0,0.004,0.534,
17:06:05.870,1.0093,1.004,1.0049,0.0,normal,0.0,speed_hump,0.5428,normal,0.0,NORMAL,19.0,0.0,100,speed_hump,YES,PASS,0.0,0.0,0.004,0.543,
17:06:06.050,1.0411,1.0013,1.0146,0.0,normal,0.0,speed_hump,0.5377,normal,0.0,NORMAL,18.9,0.0,100,speed_hump,YES,PASS,0.0,0.0,0.016,0.538,
17:06:06.226,1.0261,1.0009,1.0146,0.0,normal,0.0,speed_hump,0.5395,normal,0.0,NORMAL,18.9,0.0,100,speed_hump,YES,PASS,0.0,0.0,0.01,0.539,
17:06:06.406,1.0118,1.0132,1.0043,0.0,normal,0.0,speed_hump,0.541,normal,0.0,NORMAL,19.0,0.0,100,speed_hump,YES,PASS,0.0,0.0,0.005,0.541,
17:06:06.580,1.0446,1.0059,1.0016,0.0,normal,0.0,speed_hump,0.5461,normal,0.0,NORMAL,19.2,0.0,100,speed_hump,YES,PASS,0.0,0.0,0.018,0.546,
17:06:06.750,1.0143,1.0065,1.0028,0.0,normal,0.0,speed_hump,0.5127,normal,0.0,NORMAL,18.0,0.0,100,speed_hump,YES,PASS,0.0,0.0,0.006,0.513,
17:06:06.929,1.0199,1.0017,1.0098,0.0,normal,0.0,speed_hump,0.5204,normal,0.0,NORMAL,18.3,0.0,100,speed_hump,YES,PASS,0.0,0.0,0.008,0.52,
17:06:07.099,1.0283,1.0079,1.0009,0.0,normal,0.0,speed_hump,0.5374,normal,0.0,NORMAL,18.9,0.0,100,speed_hump,YES,PASS,0.0,0.0,0.011,0.537,
17:06:07.288,1.0065,1.0117,1.0014,0.0,normal,0.0,speed_hump,0.5425,normal,0.0,NORMAL,19.0,0.0,100,speed_hump,YES,PASS,0.0,0.0,0.003,0.543,
17:06:07.474,1.0359,1.0015,1.0064,0.0,normal,0.0,speed_hump,0.5367,normal,0.0,NORMAL,18.9,0.0,100,speed_hump,YES,PASS,0.0,0.0,0.014,0.537,
17:06:07.652,1.0399,1.0033,1.0105,0.0,normal,0.0,speed_hump,0.5335,normal,0.0,NORMAL,18.8,0.0,100,speed_hump,YES,PASS,0.0,0.0,0.016,0.534,
17:06:07.863,1.0679,1.001,1.01,0.0,normal,0.0,speed_hump,0.5273,normal,0.0,NORMAL,18.6,0.0,100,speed_hump,YES,PASS,0.0,0.0,0.027,0.527,
17:06:08.045,1.0456,1.0117,1.0129,0.0,normal,0.0,speed_hump,0.5345,normal,0.0,NORMAL,18.8,0.0,100,speed_hump,YES,PASS,0.0,0.0,0.018,0.534,
17:06:08.228,1.0519,1.0097,1.0207,0.0,normal,0.0,speed_hump,0.5359,normal,0.0,NORMAL,18.9,0.0,100,speed_hump,YES,PASS,0.0,0.0,0.021,0.536,
17:06:08.411,1.0369,1.0116,1.0103,0.0,normal,0.0,speed_hump,0.562,normal,0.0,NORMAL,19.7,0.0,100,speed_hump,YES,PASS,0.0,0.0,0.015,0.562,
17:06:08.586,1.0278,1.0096,1.008,0.0,normal,0.0,speed_hump,0.5144,normal,0.0,NORMAL,18.1,0.0,100,speed_hump,YES,PASS,0.0,0.0,0.011,0.514,
17:06:08.766,1.0019,1.0116,1.0079,0.0,normal,0.0,speed_hump,0.5003,normal,0.0,NORMAL,17.5,0.0,100,speed_hump,YES,PASS,0.0,0.0,0.001,0.5,
17:06:08.948,1.0401,1.0084,1.0024,0.0,normal,0.0,normal,0.0,normal,0.0,NORMAL,0.1,0.0,100,normal,YES,PASS,0.0,0.0,0.016,0.0,
17:06:09.129,1.0061,1.0106,1.0111,0.0,normal,0.0,normal,0.0,normal,0.0,NORMAL,0.0,0.0,100,normal,YES,PASS,0.0,0.0,0.002,0.0,
17:06:09.305,1.0161,1.0072,1.0041,0.0,normal,0.0,normal,0.0,normal,0.0,NORMAL,0.0,0.0,100,normal,YES,PASS,0.0,0.0,0.006,0.0,
17:06:09.483,1.0125,1.0124,1.011,5.0,pothole,1.0,normal,0.0,normal,0.0,NORMAL,18.3,0.0,100,pothole,YES,PASS,0.0,0.405,0.005,0.0,
17:06:09.668,1.0131,1.0048,1.0026,5.0,pothole,1.0,normal,0.0,normal,0.0,NORMAL,31.6,0.22,100,pothole,YES,PASS,0.0,0.701,0.005,0.0,
17:06:09.852,1.0294,1.0043,1.0032,5.0,pothole,1.0,normal,0.0,normal,0.0,NORMAL,41.3,0.29,100,pothole,YES,PASS,0.0,0.917,0.012,0.0,
17:06:10.017,1.0268,1.0102,1.0114,5.0,pothole,1.0,normal,0.0,normal,0.0,CAUTION,45.1,0.32,84,pothole,NO,BLOCKED,0.0,1.0,0.011,0.0,
17:06:10.192,1.003,1.014,1.0064,0.0,normal,0.0,normal,0.0,normal,0.0,CAUTION,35.3,0.25,88,braking,NO,BLOCKED,0.0,0.784,0.001,0.0,
17:06:10.362,1.0449,1.0075,1.0036,0.0,normal,0.0,normal,0.0,normal,0.0,CAUTION,25.8,0.18,91,braking,NO,BLOCKED,0.0,0.572,0.018,0.0,
17:06:10.536,1.0027,1.0041,1.0041,0.0,normal,0.0,normal,0.0,normal,0.0,CAUTION,18.8,0.0,100,braking,NO,BLOCKED,0.0,0.418,0.001,0.0,
17:06:10.715,1.0015,1.0011,1.0037,0.0,normal,0.0,normal,0.0,normal,0.0,CAUTION,13.7,0.0,100,braking,NO,BLOCKED,0.0,0.305,0.001,0.0,
17:06:10.902,1.0725,1.0091,1.0031,0.0,normal,0.0,normal,0.0,normal,0.0,NORMAL,10.2,0.0,100,normal,YES,PASS,0.0,0.222,0.029,0.0,
17:06:11.068,1.0295,1.0094,1.0044,0.0,normal,0.0,normal,0.0,normal,0.0,NORMAL,7.4,0.0,100,normal,YES,PASS,0.0,0.162,0.012,0.0,
17:06:11.249,1.0446,1.0001,1.0141,0.0,normal,0.0,normal,0.0,normal,0.0,NORMAL,5.4,0.0,100,normal,YES,PASS,0.0,0.119,0.018,0.0,
17:06:11.439,1.0495,1.008,1.0085,0.0,normal,0.0,normal,0.0,normal,0.0,NORMAL,4.0,0.0,100,normal,YES,PASS,0.0,0.086,0.02,0.0,
17:06:11.627,1.0228,1.0097,1.0044,0.0,normal,0.0,speed_hump,0.5238,normal,0.0,NORMAL,21.2,0.0,100,speed_hump,YES,PASS,0.0,0.063,0.009,0.524,
17:06:11.823,1.0204,1.0071,1.0052,0.0,normal,0.0,speed_hump,0.5374,normal,0.0,NORMAL,20.9,0.0,100,speed_hump,YES,PASS,0.0,0.046,0.008,0.537,
17:06:12.002,1.0544,1.0072,1.0089,0.0,normal,0.0,speed_hump,0.5376,normal,0.0,NORMAL,20.4,0.0,100,speed_hump,YES,PASS,0.0,0.034,0.022,0.538,
17:06:12.182,1.0405,1.0063,1.0064,0.0,normal,0.0,speed_hump,0.5361,normal,0.0,NORMAL,19.9,0.0,100,speed_hump,YES,PASS,0.0,0.025,0.016,0.536,
17:06:12.350,1.0117,1.0102,1.0001,0.0,normal,0.0,speed_hump,0.533,normal,0.0,NORMAL,19.5,0.0,100,speed_hump,YES,PASS,0.0,0.018,0.005,0.533,
17:06:12.511,1.0143,1.0087,1.0135,0.0,normal,0.0,speed_hump,0.5327,normal,0.0,NORMAL,19.3,0.0,100,speed_hump,YES,PASS,0.0,0.013,0.006,0.533,
17:06:12.687,1.0487,1.013,1.0021,0.0,normal,0.0,speed_hump,0.5229,normal,0.0,NORMAL,18.8,0.0,100,speed_hump,YES,PASS,0.0,0.01,0.019,0.523,
17:06:12.865,1.0278,1.0041,1.0115,0.0,normal,0.0,speed_hump,0.5236,normal,0.0,NORMAL,18.7,0.0,100,speed_hump,YES,PASS,0.0,0.007,0.011,0.524,
17:06:13.037,1.0094,1.0066,1.0033,0.0,normal,0.0,speed_hump,0.5109,normal,0.0,NORMAL,18.1,0.0,100,speed_hump,YES,PASS,0.0,0.005,0.004,0.511,
17:06:13.220,1.0174,1.0006,1.009,0.0,normal,0.0,speed_hump,0.5228,normal,0.0,NORMAL,18.5,0.0,100,speed_hump,YES,PASS,0.0,0.004,0.007,0.523,
17:06:13.387,1.0442,1.0048,1.0028,0.0,normal,0.0,speed_hump,0.5187,normal,0.0,NORMAL,18.4,0.0,100,speed_hump,YES,PASS,0.0,0.003,0.018,0.519,
17:06:13.557,1.0414,1.0007,1.0117,0.0,normal,0.0,speed_hump,0.5145,normal,0.0,NORMAL,18.2,0.0,100,speed_hump,YES,PASS,0.0,0.002,0.017,0.515,
17:06:13.741,1.0107,1.0039,1.0075,0.0,normal,0.0,speed_hump,0.5453,normal,0.0,NORMAL,19.2,0.0,100,speed_hump,YES,PASS,0.0,0.001,0.004,0.545,
17:06:13.924,1.0416,1.0095,1.0078,0.0,normal,0.0,speed_hump,0.5486,normal,0.0,NORMAL,19.3,0.0,100,speed_hump,YES,PASS,0.0,0.001,0.017,0.549,
17:06:14.109,1.0327,1.0129,1.0012,0.0,normal,0.0,speed_hump,0.5512,normal,0.0,NORMAL,19.4,0.0,100,speed_hump,YES,PASS,0.0,0.001,0.013,0.551,
17:06:14.288,1.0508,1.0012,1.002,0.0,normal,0.0,speed_hump,0.5357,normal,0.0,NORMAL,18.9,0.0,100,speed_hump,YES,PASS,0.0,0.001,0.02,0.536,
17:06:14.468,1.0413,1.007,1.0049,0.0,normal,0.0,speed_hump,0.54,normal,0.0,NORMAL,19.0,0.0,100,speed_hump,YES,PASS,0.0,0.0,0.017,0.54,
17:06:14.638,1.0068,1.0104,1.003,0.0,normal,0.0,speed_hump,0.5505,normal,0.0,NORMAL,19.3,0.0,100,speed_hump,YES,PASS,0.0,0.0,0.003,0.55,
17:06:14.801,1.0121,1.0126,1.0078,0.0,normal,0.0,speed_hump,0.5544,normal,0.0,NORMAL,19.4,0.0,100,speed_hump,YES,PASS,0.0,0.0,0.005,0.554,
17:06:14.976,1.0257,1.0104,1.0082,0.0,normal,0.0,speed_hump,0.5385,normal,0.0,NORMAL,18.9,0.0,100,speed_hump,YES,PASS,0.0,0.0,0.01,0.539,
17:06:15.143,1.0497,1.0045,1.0001,0.0,normal,0.0,speed_hump,0.5347,normal,0.0,NORMAL,18.8,0.0,100,speed_hump,YES,PASS,0.0,0.0,0.02,0.535,
17:06:15.319,1.0494,1.0128,1.0008,0.0,normal,0.0,speed_hump,0.5253,normal,0.0,NORMAL,18.5,0.0,100,speed_hump,YES,PASS,0.0,0.0,0.02,0.525,
17:06:15.495,1.0099,1.0027,1.0101,0.0,normal,0.0,speed_hump,0.5268,normal,0.0,NORMAL,18.5,0.0,100,speed_hump,YES,PASS,0.0,0.0,0.004,0.527,
17:06:15.676,1.0506,1.0054,1.0034,0.0,normal,0.0,speed_hump,0.5206,normal,0.0,NORMAL,18.3,0.0,100,speed_hump,YES,PASS,0.0,0.0,0.02,0.521,
17:06:15.880,1.0206,1.0055,1.0004,0.0,normal,0.0,speed_hump,0.534,normal,0.0,NORMAL,18.7,0.0,100,speed_hump,YES,PASS,0.0,0.0,0.008,0.534,
17:06:16.076,1.0458,1.0089,1.0001,0.0,normal,0.0,speed_hump,0.5494,normal,0.0,NORMAL,19.3,0.0,100,speed_hump,YES,PASS,0.0,0.0,0.018,0.549,
17:06:16.261,1.0404,1.014,1.0047,0.0,normal,0.0,speed_hump,0.5597,normal,0.0,NORMAL,19.7,0.0,100,speed_hump,YES,PASS,0.0,0.0,0.016,0.56,
17:06:16.453,1.0213,1.0112,1.0143,0.0,normal,0.0,speed_hump,0.5493,normal,0.0,NORMAL,19.3,0.0,100,speed_hump,YES,PASS,0.0,0.0,0.009,0.549,
17:06:16.636,1.0477,1.0087,1.0084,0.0,normal,0.0,speed_hump,0.5479,normal,0.0,NORMAL,19.3,0.0,100,speed_hump,YES,PASS,0.0,0.0,0.019,0.548,
17:06:16.828,1.0385,1.0039,1.0004,0.0,normal,0.0,speed_hump,0.5442,normal,0.0,NORMAL,19.1,0.0,100,speed_hump,YES,PASS,0.0,0.0,0.015,0.544,
17:06:17.019,1.0811,1.0057,1.006,0.0,normal,0.0,speed_hump,0.5472,normal,0.0,NORMAL,19.3,0.0,100,speed_hump,YES,PASS,0.0,0.0,0.032,0.547,
17:06:17.210,1.0219,1.0081,1.0021,0.0,normal,0.0,speed_hump,0.5616,normal,0.0,NORMAL,19.7,0.0,100,speed_hump,YES,PASS,0.0,0.0,0.009,0.562,
17:06:17.402,1.0222,1.0119,1.0038,0.0,normal,0.0,speed_hump,0.5504,normal,0.0,NORMAL,19.3,0.0,100,speed_hump,YES,PASS,0.0,0.0,0.009,0.55,
17:06:17.593,1.0346,1.01,1.0045,0.0,normal,0.0,speed_hump,0.5522,normal,0.0,NORMAL,19.4,0.0,100,speed_hump,YES,PASS,0.0,0.0,0.014,0.552,
17:06:17.780,1.0433,1.0019,1.0008,0.0,normal,0.0,speed_hump,0.5492,normal,0.0,NORMAL,19.3,0.0,100,speed_hump,YES,PASS,0.0,0.0,0.017,0.549,
17:06:17.949,1.026,1.0113,1.005,0.0,normal,0.0,speed_hump,0.5535,normal,0.0,NORMAL,19.4,0.0,100,speed_hump,YES,PASS,0.0,0.0,0.01,0.554,
17:06:18.134,1.034,1.0032,1.0111,0.0,normal,0.0,speed_hump,0.5621,normal,0.0,NORMAL,19.7,0.0,100,speed_hump,YES,PASS,0.0,0.0,0.014,0.562,
17:06:18.326,1.0161,1.0085,1.0137,0.0,normal,0.0,speed_hump,0.5593,normal,0.0,NORMAL,19.6,0.0,100,speed_hump,YES,PASS,0.0,0.0,0.006,0.559,
17:06:18.507,1.01,1.0104,1.0079,0.0,normal,0.0,speed_hump,0.5485,normal,0.0,NORMAL,19.2,0.0,100,speed_hump,YES,PASS,0.0,0.0,0.004,0.548,
17:06:18.683,1.0618,1.0077,1.0014,0.0,normal,0.0,speed_hump,0.5472,normal,0.0,NORMAL,19.3,0.0,100,speed_hump,YES,PASS,0.0,0.0,0.025,0.547,
17:06:18.865,1.0004,1.0096,1.0017,0.0,normal,0.0,speed_hump,0.5526,normal,0.0,NORMAL,19.3,0.0,100,speed_hump,YES,PASS,0.0,0.0,0.0,0.553,
17:06:19.056,1.0108,1.0084,1.0044,0.0,normal,0.0,speed_hump,0.5486,normal,0.0,NORMAL,19.2,0.0,100,speed_hump,YES,PASS,0.0,0.0,0.004,0.549,
17:06:19.234,1.0529,1.0069,1.0044,0.0,normal,0.0,speed_hump,0.5494,normal,0.0,NORMAL,19.3,0.0,100,speed_hump,YES,PASS,0.0,0.0,0.021,0.549,
17:06:19.418,1.0001,1.0165,1.0075,0.0,normal,0.0,speed_hump,0.5471,normal,0.0,NORMAL,19.1,0.0,100,speed_hump,YES,PASS,0.0,0.0,0.0,0.547,
17:06:19.589,1.028,1.0107,1.0079,0.0,normal,0.0,speed_hump,0.5465,normal,0.0,NORMAL,19.2,0.0,100,speed_hump,YES,PASS,0.0,0.0,0.011,0.547,
17:06:19.775,1.0052,1.0047,1.0104,0.0,normal,0.0,speed_hump,0.5445,normal,0.0,NORMAL,19.1,0.0,100,speed_hump,YES,PASS,0.0,0.0,0.002,0.545,
17:06:19.961,1.0059,1.0093,1.0013,0.0,normal,0.0,speed_hump,0.546,normal,0.0,NORMAL,19.1,0.0,100,speed_hump,YES,PASS,0.0,0.0,0.002,0.546,
17:06:20.139,1.0057,1.0053,1.0032,0.0,normal,0.0,speed_hump,0.5487,normal,0.0,NORMAL,19.2,0.0,100,speed_hump,YES,PASS,0.0,0.0,0.002,0.549,
17:06:20.318,1.0052,1.0079,1.0076,0.0,normal,0.0,speed_hump,0.5443,normal,0.0,NORMAL,19.1,0.0,100,speed_hump,YES,PASS,0.0,0.0,0.002,0.544,
17:06:20.494,1.0085,1.0119,1.0152,0.0,normal,0.0,speed_hump,0.5447,normal,0.0,NORMAL,19.1,0.0,100,speed_hump,YES,PASS,0.0,0.0,0.003,0.545,
17:06:20.716,1.0366,1.009,1.0044,0.0,normal,0.0,speed_hump,0.5394,normal,0.0,NORMAL,19.0,0.0,100,speed_hump,YES,PASS,0.0,0.0,0.015,0.539,
17:06:20.899,1.0578,1.0064,1.0123,0.0,normal,0.0,speed_hump,0.5172,normal,0.0,NORMAL,18.2,0.0,100,speed_hump,YES,PASS,0.0,0.0,0.023,0.517,
17:06:21.096,1.0191,1.0076,1.0089,0.0,normal,0.0,speed_hump,0.5101,normal,0.0,NORMAL,17.9,0.0,100,speed_hump,YES,PASS,0.0,0.0,0.008,0.51,
17:06:21.249,1.0181,1.0017,1.0103,0.0,normal,0.0,speed_hump,0.5087,normal,0.0,NORMAL,17.8,0.0,100,speed_hump,YES,PASS,0.0,0.0,0.007,0.509,
17:06:21.429,1.0187,1.002,1.0046,0.0,normal,0.0,speed_hump,0.5246,normal,0.0,NORMAL,18.4,0.0,100,speed_hump,YES,PASS,0.0,0.0,0.007,0.525,
17:06:21.604,1.0378,1.0054,1.0017,0.0,normal,0.0,speed_hump,0.5361,normal,0.0,NORMAL,18.8,0.0,100,speed_hump,YES,PASS,0.0,0.0,0.015,0.536,
17:06:21.790,1.028,1.0063,1.0019,0.0,normal,0.0,speed_hump,0.5217,normal,0.0,NORMAL,18.3,0.0,100,speed_hump,YES,PASS,0.0,0.0,0.011,0.522,
17:06:21.966,1.055,1.0054,1.0104,0.0,normal,0.0,speed_hump,0.5333,normal,0.0,NORMAL,18.8,0.0,100,speed_hump,YES,PASS,0.0,0.0,0.022,0.533,
17:06:22.143,1.0332,1.0036,1.0046,0.0,normal,0.0,speed_hump,0.5434,normal,0.0,NORMAL,19.1,0.0,100,speed_hump,YES,PASS,0.0,0.0,0.013,0.543,
17:06:22.318,1.002,1.0126,1.0124,0.0,normal,0.0,speed_hump,0.5339,normal,0.0,NORMAL,18.7,0.0,100,speed_hump,YES,PASS,0.0,0.0,0.001,0.534,
17:06:22.493,1.0162,1.0075,1.0073,0.0,normal,0.0,speed_hump,0.5477,normal,0.0,NORMAL,19.2,0.0,100,speed_hump,YES,PASS,0.0,0.0,0.006,0.548,
17:06:22.662,1.0093,1.0083,1.0136,0.0,normal,0.0,speed_hump,0.5648,normal,0.0,NORMAL,19.8,0.0,100,speed_hump,YES,PASS,0.0,0.0,0.004,0.565,
17:06:22.827,1.0309,1.0029,1.007,0.0,normal,0.0,speed_hump,0.5494,normal,0.0,NORMAL,19.3,0.0,100,speed_hump,YES,PASS,0.0,0.0,0.012,0.549,
17:06:23.006,1.0225,1.0033,1.0015,0.0,normal,0.0,speed_hump,0.5755,normal,0.0,NORMAL,20.2,0.0,100,speed_hump,YES,PASS,0.0,0.0,0.009,0.576,
17:06:23.184,1.0234,1.0045,1.0051,0.0,normal,0.0,speed_hump,0.5661,normal,0.0,NORMAL,19.9,0.0,100,speed_hump,YES,PASS,0.0,0.0,0.009,0.566,
17:06:23.364,1.0005,1.0082,1.0082,0.0,normal,0.0,speed_hump,0.5519,normal,0.0,NORMAL,19.3,0.0,100,speed_hump,YES,PASS,0.0,0.0,0.0,0.552,
17:06:23.552,1.0672,1.0075,1.0096,0.0,normal,0.0,speed_hump,0.5236,normal,0.0,NORMAL,18.5,0.0,100,speed_hump,YES,PASS,0.0,0.0,0.027,0.524,
17:06:23.735,1.0162,1.0078,1.0036,0.0,normal,0.0,speed_hump,0.5727,normal,0.0,NORMAL,20.1,0.0,100,speed_hump,YES,PASS,0.0,0.0,0.006,0.573,
17:06:23.923,1.03,1.0116,1.0108,0.0,normal,0.0,speed_hump,0.5564,normal,0.0,NORMAL,19.5,0.0,100,speed_hump,YES,PASS,0.0,0.0,0.012,0.556,
17:06:24.091,1.0486,1.0134,1.0044,0.0,normal,0.0,speed_hump,0.5424,normal,0.0,NORMAL,19.1,0.0,100,speed_hump,YES,PASS,0.0,0.0,0.019,0.542,
17:06:24.252,1.0451,1.0045,1.005,4.3437,pothole,0.6718,speed_hump,0.5029,normal,0.0,NORMAL,33.5,0.23,100,speed_hump,YES,PASS,0.0,0.352,0.018,0.503,
17:06:24.426,1.0595,1.002,1.0006,4.3437,pothole,0.6718,normal,0.0,normal,0.0,NORMAL,27.5,0.19,100,pothole,YES,PASS,0.0,0.609,0.024,0.0,
17:06:24.600,1.0101,1.0032,1.0024,4.3437,pothole,0.6718,normal,0.0,normal,0.0,CAUTION,35.9,0.25,87,pothole,NO,BLOCKED,0.0,0.797,0.004,0.0,
17:06:24.784,1.0,1.0044,1.0111,4.3437,pothole,0.6718,speed_hump,0.5127,normal,0.0,CAUTION,59.9,0.6,70,speed_hump,NO,BLOCKED,0.0,0.933,0.0,0.513,
17:06:24.970,1.0644,1.0033,1.0052,4.3437,pothole,0.6718,normal,0.0,normal,0.0,CAUTION,45.1,0.32,84,pothole,NO,BLOCKED,0.0,1.0,0.026,0.0,
17:06:25.151,1.0236,1.0011,1.0047,4.3437,pothole,0.6718,speed_hump,0.5095,normal,0.0,CAUTION,62.9,0.63,69,speed_hump,NO,BLOCKED,0.0,1.0,0.009,0.51,
17:06:25.318,1.0372,1.0128,1.0157,4.3437,pothole,0.6718,speed_hump,0.5002,normal,0.0,HAZARD,62.6,0.63,56,normal,NO,BLOCKED,0.0,1.0,0.015,0.5,
17:06:25.499,1.0433,1.0087,1.0096,5.0,pothole,1.0,speed_hump,0.5315,normal,0.0,HAZARD,63.7,0.64,55,normal,NO,BLOCKED,0.0,1.0,0.017,0.532,
17:06:25.664,1.0026,1.0099,1.0023,5.0,pothole,1.0,speed_hump,0.523,normal,0.0,HAZARD,63.3,0.63,56,normal,NO,BLOCKED,0.0,1.0,0.001,0.523,
17:06:25.839,1.0683,1.0034,1.0097,5.0,pothole,1.0,speed_hump,0.5171,normal,0.0,HAZARD,63.2,0.63,56,normal,NO,BLOCKED,0.0,1.0,0.027,0.517,
17:06:26.009,1.0468,1.0124,1.0141,5.0,pothole,1.0,speed_hump,0.5189,normal,0.0,HAZARD,63.3,0.63,56,normal,NO,BLOCKED,0.0,1.0,0.019,0.519,
17:06:26.187,1.0182,1.0017,1.0056,5.0,pothole,1.0,speed_hump,0.5354,normal,0.0,HAZARD,63.8,0.64,55,normal,NO,BLOCKED,0.0,1.0,0.007,0.535,
17:06:26.374,1.0601,1.0024,1.0002,5.0,pothole,1.0,speed_hump,0.5441,normal,0.0,HAZARD,64.2,0.64,55,normal,NO,BLOCKED,0.0,1.0,0.024,0.544,
17:06:26.555,1.0218,1.0044,1.0014,5.0,pothole,1.0,speed_hump,0.5229,normal,0.0,HAZARD,63.3,0.63,56,normal,NO,BLOCKED,0.0,1.0,0.009,0.523,
17:06:26.729,1.0135,1.0082,1.0077,5.0,pothole,1.0,speed_hump,0.5181,normal,0.0,HAZARD,63.2,0.63,56,normal,NO,BLOCKED,0.0,1.0,0.005,0.518,
17:06:26.905,1.0532,1.0078,1.0108,0.0,normal,0.0,speed_hump,0.543,normal,0.0,HAZARD,64.1,0.64,55,normal,NO,BLOCKED,0.0,1.0,0.021,0.543,
17:06:27.089,1.0104,1.0066,1.0019,0.0,normal,0.0,speed_hump,0.5621,normal,0.0,HAZARD,55.0,0.38,73,normal,NO,BLOCKED,0.0,0.784,0.004,0.562,
17:06:27.264,1.0188,1.01,1.0046,0.0,normal,0.0,speed_hump,0.5426,normal,0.0,HAZARD,44.8,0.31,78,normal,NO,BLOCKED,0.0,0.572,0.008,0.543,
17:06:27.454,1.0383,1.008,1.0079,0.0,normal,0.0,speed_hump,0.552,normal,0.0,CAUTION,38.2,0.27,87,speed_hump,NO,BLOCKED,0.0,0.418,0.015,0.552,
17:06:27.620,1.0158,1.01,1.009,0.0,normal,0.0,speed_hump,0.57,normal,0.0,CAUTION,33.7,0.24,88,speed_hump,NO,BLOCKED,0.0,0.305,0.006,0.57,
17:06:27.795,1.0602,1.0065,1.0024,0.0,normal,0.0,speed_hump,0.5644,normal,0.0,CAUTION,29.9,0.21,90,speed_hump,NO,BLOCKED,0.0,0.223,0.024,0.564,
17:06:27.969,1.0119,1.0098,1.0128,0.0,normal,0.0,speed_hump,0.5349,normal,0.0,CAUTION,26.1,0.18,91,speed_hump,NO,BLOCKED,0.0,0.162,0.005,0.535,
17:06:28.154,1.0193,1.0031,1.0024,0.0,normal,0.0,speed_hump,0.5199,normal,0.0,CAUTION,23.6,0.0,100,speed_hump,NO,BLOCKED,0.0,0.119,0.008,0.52,
17:06:28.335,1.0311,1.0122,1.0098,0.0,normal,0.0,speed_hump,0.5173,normal,0.0,CAUTION,22.1,0.0,100,speed_hump,NO,BLOCKED,0.0,0.087,0.012,0.517,
17:06:28.537,1.0148,1.003,1.0046,0.0,normal,0.0,speed_hump,0.5246,normal,0.0,NORMAL,21.2,0.0,100,speed_hump,YES,PASS,0.0,0.063,0.006,0.525,
17:06:28.745,1.0044,1.0113,1.012,4.6767,pothole,0.8384,speed_hump,0.5217,normal,0.0,NORMAL,37.4,0.26,100,speed_hump,YES,PASS,0.0,0.425,0.002,0.522,
17:06:28.929,1.0148,1.0058,1.0056,4.6767,pothole,0.8384,speed_hump,0.5225,normal,0.0,NORMAL,49.3,0.35,100,speed_hump,YES,PASS,0.0,0.689,0.006,0.523,
17:06:29.130,1.0003,1.0133,1.0131,4.6767,pothole,0.8384,speed_hump,0.5424,normal,0.0,CAUTION,58.7,0.59,71,speed_hump,NO,BLOCKED,0.0,0.882,0.0,0.542,
17:06:29.320,1.005,1.0014,1.0038,4.6767,pothole,0.8384,speed_hump,0.5572,normal,0.0,CAUTION,64.5,0.65,68,speed_hump,NO,BLOCKED,0.0,1.0,0.002,0.557,
17:06:29.514,1.0058,1.0011,1.001,4.6767,pothole,0.8384,speed_hump,0.5571,normal,0.0,HAZARD,64.5,0.65,55,normal,NO,BLOCKED,0.0,1.0,0.002,0.557,
17:06:29.708,1.0085,1.0007,1.0117,4.6767,pothole,0.8384,speed_hump,0.5638,normal,0.0,HAZARD,64.7,0.65,55,normal,NO,BLOCKED,0.0,1.0,0.003,0.564,
17:06:29.885,1.0191,1.0088,1.0129,4.6767,pothole,0.8384,speed_hump,0.5468,normal,0.0,HAZARD,64.2,0.64,55,normal,NO,BLOCKED,0.0,1.0,0.008,0.547,
17:06:30.064,1.0198,1.0023,1.0026,4.6767,pothole,0.8384,normal,0.0,normal,0.0,HAZARD,45.0,0.32,78,normal,NO,BLOCKED,0.0,1.0,0.008,0.0,
17:06:30.235,1.0299,1.0074,1.0141,4.6767,pothole,0.8384,speed_hump,0.5028,normal,0.0,HAZARD,62.7,0.63,56,normal,NO,BLOCKED,0.0,1.0,0.012,0.503,
17:06:30.412,1.056,1.0077,1.0008,0.0,normal,0.0,speed_hump,0.5376,normal,0.0,HAZARD,62.4,0.62,56,normal,NO,BLOCKED,0.0,0.967,0.022,0.538,
17:06:30.599,1.0261,1.0161,1.0011,0.0,normal,0.0,speed_hump,0.5354,normal,0.0,HAZARD,50.5,0.35,75,normal,NO,BLOCKED,0.0,0.705,0.01,0.535,
17:06:30.779,1.028,1.0112,1.0052,0.0,normal,0.0,speed_hump,0.5111,normal,0.0,CAUTION,41.1,0.29,86,speed_hump,NO,BLOCKED,0.0,0.515,0.011,0.511,
17:06:30.952,1.0233,1.0092,1.0126,0.0,normal,0.0,speed_hump,0.5106,normal,0.0,CAUTION,34.8,0.24,88,speed_hump,NO,BLOCKED,0.0,0.376,0.009,0.511,
17:06:31.176,1.0478,1.0109,1.0044,0.0,normal,0.0,normal,0.0,normal,0.0,CAUTION,12.4,0.0,100,braking,NO,BLOCKED,0.0,0.274,0.019,0.0,
17:06:31.357,1.0086,1.006,1.0094,0.0,normal,0.0,normal,0.0,normal,0.0,CAUTION,9.0,0.0,100,braking,NO,BLOCKED,0.0,0.2,0.003,0.0,
17:06:31.545,1.0332,1.0076,1.0032,0.0,normal,0.0,speed_hump,0.5008,normal,0.0,NORMAL,24.2,0.0,100,speed_hump,YES,PASS,0.0,0.146,0.013,0.501,
17:06:31.722,1.0164,1.0008,1.0013,0.0,normal,0.0,speed_hump,0.5011,normal,0.0,NORMAL,22.4,0.0,100,speed_hump,YES,PASS,0.0,0.107,0.007,0.501,
17:06:31.908,1.0346,1.0098,1.0006,0.0,normal,0.0,speed_hump,0.5055,normal,0.0,NORMAL,21.3,0.0,100,speed_hump,YES,PASS,0.0,0.078,0.014,0.506,
17:06:32.088,1.0057,1.0092,1.0016,0.0,normal,0.0,speed_hump,0.5152,normal,0.0,NORMAL,20.6,0.0,100,speed_hump,YES,PASS,0.0,0.057,0.002,0.515,
17:06:32.250,1.0407,1.0143,1.0061,0.0,normal,0.0,speed_hump,0.5223,normal,0.0,NORMAL,20.2,0.0,100,speed_hump,YES,PASS,0.0,0.041,0.016,0.522,
17:06:32.424,1.0215,1.0102,1.011,0.0,normal,0.0,speed_hump,0.5343,normal,0.0,NORMAL,20.1,0.0,100,speed_hump,YES,PASS,0.0,0.03,0.009,0.534,
17:06:32.601,1.021,1.0059,1.0036,0.0,normal,0.0,speed_hump,0.5321,normal,0.0,NORMAL,19.7,0.0,100,speed_hump,YES,PASS,0.0,0.022,0.008,0.532,
17:06:32.777,1.0584,1.0062,1.0117,0.0,normal,0.0,speed_hump,0.5172,normal,0.0,NORMAL,18.9,0.0,100,speed_hump,YES,PASS,0.0,0.016,0.023,0.517,
17:06:32.956,1.0402,1.0053,1.0043,0.0,normal,0.0,speed_hump,0.5283,normal,0.0,NORMAL,19.1,0.0,100,speed_hump,YES,PASS,0.0,0.012,0.016,0.528,
17:06:33.129,1.0449,1.0165,1.0036,0.0,normal,0.0,speed_hump,0.5319,normal,0.0,NORMAL,19.1,0.0,100,speed_hump,YES,PASS,0.0,0.009,0.018,0.532,
17:06:33.314,1.0319,1.0034,1.0064,0.0,normal,0.0,speed_hump,0.5341,normal,0.0,NORMAL,19.0,0.0,100,speed_hump,YES,PASS,0.0,0.006,0.013,0.534,
17:06:33.494,1.0423,1.0099,1.0068,0.0,normal,0.0,speed_hump,0.5346,normal,0.0,NORMAL,19.0,0.0,100,speed_hump,YES,PASS,0.0,0.005,0.017,0.535,
17:06:33.672,1.0724,1.0122,1.014,0.0,normal,0.0,speed_hump,0.5317,normal,0.0,NORMAL,18.9,0.0,100,speed_hump,YES,PASS,0.0,0.003,0.029,0.532,
17:06:33.841,1.0679,1.0102,1.0072,0.0,normal,0.0,speed_hump,0.5308,normal,0.0,NORMAL,18.8,0.0,100,speed_hump,YES,PASS,0.0,0.002,0.027,0.531,
17:06:34.027,1.0452,1.007,1.0106,0.0,normal,0.0,speed_hump,0.5162,normal,0.0,NORMAL,18.2,0.0,100,speed_hump,YES,PASS,0.0,0.002,0.018,0.516,
17:06:34.212,1.0001,1.0001,1.0025,0.0,normal,0.0,speed_hump,0.5173,normal,0.0,NORMAL,18.2,0.0,100,speed_hump,YES,PASS,0.0,0.001,0.0,0.517,
17:06:34.391,1.0009,1.0132,1.0097,0.0,normal,0.0,speed_hump,0.527,normal,0.0,NORMAL,18.5,0.0,100,speed_hump,YES,PASS,0.0,0.001,0.0,0.527,
17:06:34.569,1.0216,1.0013,1.0077,0.0,normal,0.0,speed_hump,0.5197,normal,0.0,NORMAL,18.3,0.0,100,speed_hump,YES,PASS,0.0,0.001,0.009,0.52,
17:06:34.750,1.0083,1.0115,1.0056,0.0,normal,0.0,speed_hump,0.5145,normal,0.0,NORMAL,18.0,0.0,100,speed_hump,YES,PASS,0.0,0.001,0.003,0.515,
17:06:34.933,1.0421,1.0082,1.0078,0.0,normal,0.0,normal,0.0,normal,0.0,NORMAL,0.1,0.0,100,normal,YES,PASS,0.0,0.0,0.017,0.0,
17:06:35.107,1.0375,1.0003,1.0078,0.0,normal,0.0,normal,0.0,normal,0.0,NORMAL,0.1,0.0,100,normal,YES,PASS,0.0,0.0,0.015,0.0,
17:06:35.293,1.0137,1.0004,1.0055,0.0,normal,0.0,normal,0.0,normal,0.0,NORMAL,0.0,0.0,100,normal,YES,PASS,0.0,0.0,0.005,0.0,
17:06:35.480,1.0404,1.0051,1.0003,0.0,normal,0.0,normal,0.0,normal,0.0,NORMAL,0.1,0.0,100,normal,YES,PASS,0.0,0.0,0.016,0.0,
17:06:35.654,1.0159,1.002,1.0054,0.0,normal,0.0,normal,0.0,normal,0.0,NORMAL,0.0,0.0,100,normal,YES,PASS,0.0,0.0,0.006,0.0,
17:06:35.835,1.0199,1.002,1.0145,0.0,normal,0.0,normal,0.0,normal,0.0,NORMAL,0.0,0.0,100,normal,YES,PASS,0.0,0.0,0.008,0.0,
17:06:36.017,1.0554,1.0135,1.0127,0.0,normal,0.0,normal,0.0,normal,0.0,NORMAL,0.1,0.0,100,normal,YES,PASS,0.0,0.0,0.022,0.0,
17:06:36.198,1.0549,1.0058,1.0029,0.0,normal,0.0,normal,0.0,normal,0.0,NORMAL,0.1,0.0,100,normal,YES,PASS,0.0,0.0,0.022,0.0,
17:06:36.374,1.0021,1.0074,1.0025,0.0,normal,0.0,normal,0.0,normal,0.0,NORMAL,0.0,0.0,100,normal,YES,PASS,0.0,0.0,0.001,0.0,
17:06:36.534,1.0206,1.0056,1.0019,0.0,normal,0.0,normal,0.0,normal,0.0,NORMAL,0.0,0.0,100,normal,YES,PASS,0.0,0.0,0.008,0.0,
17:06:36.711,1.0059,1.0064,1.011,0.0,normal,0.0,normal,0.0,normal,0.0,NORMAL,0.0,0.0,100,normal,YES,PASS,0.0,0.0,0.002,0.0,
17:06:36.883,1.0522,1.0142,1.0055,0.0,normal,0.0,normal,0.0,normal,0.0,NORMAL,0.1,0.0,100,normal,YES,PASS,0.0,0.0,0.021,0.0,
17:06:37.064,1.0059,1.0047,1.002,0.0,normal,0.0,normal,0.0,normal,0.0,NORMAL,0.0,0.0,100,normal,YES,PASS,0.0,0.0,0.002,0.0,
17:06:37.245,1.0029,1.0004,1.0048,0.0,normal,0.0,normal,0.0,normal,0.0,NORMAL,0.0,0.0,100,normal,YES,PASS,0.0,0.0,0.001,0.0,
17:06:37.419,1.0107,1.0054,1.0117,5.0,pothole,1.0,normal,0.0,normal,0.0,NORMAL,18.3,0.0,100,pothole,YES,PASS,0.0,0.405,0.004,0.0,
17:06:37.598,1.0011,1.0041,1.0049,5.0,pothole,1.0,normal,0.0,normal,0.0,NORMAL,31.5,0.22,100,pothole,YES,PASS,0.0,0.701,0.0,0.0,
17:06:37.781,1.0598,1.0015,1.013,5.0,pothole,1.0,normal,0.0,normal,0.0,NORMAL,41.4,0.29,100,pothole,YES,PASS,0.0,0.917,0.024,0.0,
17:06:37.947,1.037,1.0024,1.0097,5.0,pothole,1.0,normal,0.0,normal,0.0,CAUTION,45.1,0.32,84,pothole,NO,BLOCKED,0.0,1.0,0.015,0.0,
17:06:38.107,1.0187,1.0074,1.0005,5.0,pothole,1.0,normal,0.0,normal,0.0,CAUTION,45.0,0.32,84,pothole,NO,BLOCKED,0.0,1.0,0.007,0.0,
17:06:38.275,1.0289,1.009,1.0045,5.0,pothole,1.0,normal,0.0,normal,0.0,CAUTION,45.1,0.32,84,pothole,NO,BLOCKED,0.0,1.0,0.012,0.0,
17:06:38.445,1.0422,1.0026,1.0084,5.0,pothole,1.0,normal,0.0,normal,0.0,CAUTION,45.1,0.32,84,pothole,NO,BLOCKED,0.0,1.0,0.017,0.0,
17:06:38.614,1.0073,1.0046,1.0035,5.0,pothole,1.0,normal,0.0,normal,0.0,CAUTION,45.0,0.32,84,pothole,NO,BLOCKED,0.0,1.0,0.003,0.0,
17:06:38.794,1.0609,1.0013,1.0064,5.0,pothole,1.0,normal,0.0,normal,0.0,CAUTION,45.1,0.32,84,pothole,NO,BLOCKED,0.0,1.0,0.024,0.0,
17:06:38.971,1.0077,1.0127,1.0057,5.0,pothole,1.0,speed_hump,0.503,normal,0.0,CAUTION,62.6,0.63,69,speed_hump,NO,BLOCKED,0.0,1.0,0.003,0.503,
17:06:39.157,1.0404,1.0114,1.0011,0.0,normal,0.0,speed_hump,0.518,normal,0.0,CAUTION,63.2,0.63,68,speed_hump,NO,BLOCKED,0.0,1.0,0.016,0.518,
17:06:39.339,1.0374,1.0079,1.0095,0.0,normal,0.0,speed_hump,0.5172,normal,0.0,CAUTION,52.6,0.37,82,speed_hump,NO,BLOCKED,0.0,0.765,0.015,0.517,
17:06:39.519,1.0299,1.0016,1.0053,0.0,normal,0.0,speed_hump,0.5115,normal,0.0,CAUTION,43.1,0.3,85,speed_hump,NO,BLOCKED,0.0,0.558,0.012,0.511,
17:06:39.701,1.013,1.005,1.0094,0.0,normal,0.0,speed_hump,0.5076,normal,0.0,CAUTION,36.1,0.25,87,speed_hump,NO,BLOCKED,0.0,0.407,0.005,0.508,
17:06:39.878,1.0488,1.0066,1.0118,0.0,normal,0.0,speed_hump,0.5124,normal,0.0,CAUTION,31.4,0.22,89,speed_hump,NO,BLOCKED,0.0,0.297,0.02,0.512,
17:06:40.057,1.0599,1.0058,1.0057,0.0,normal,0.0,speed_hump,0.5205,normal,0.0,CAUTION,28.1,0.2,90,speed_hump,NO,BLOCKED,0.0,0.217,0.024,0.521,
17:06:40.237,1.0171,1.0057,1.0088,0.0,normal,0.0,speed_hump,0.5076,normal,0.0,CAUTION,24.9,0.0,100,speed_hump,NO,BLOCKED,0.0,0.158,0.007,0.508,
17:06:40.413,1.0328,1.0059,1.0115,0.0,normal,0.0,speed_hump,0.5165,normal,0.0,CAUTION,23.3,0.0,100,speed_hump,NO,BLOCKED,0.0,0.116,0.013,0.517,
17:06:40.600,1.0031,1.0074,1.0082,0.0,normal,0.0,speed_hump,0.5268,normal,0.0,NORMAL,22.2,0.0,100,speed_hump,YES,PASS,0.0,0.084,0.001,0.527,
17:06:40.775,1.0484,1.015,1.0005,0.0,normal,0.0,speed_hump,0.5319,normal,0.0,NORMAL,21.5,0.0,100,speed_hump,YES,PASS,0.0,0.062,0.019,0.532,
17:06:40.954,1.0363,1.0044,1.0149,0.0,normal,0.0,speed_hump,0.5341,normal,0.0,NORMAL,20.8,0.0,100,speed_hump,YES,PASS,0.0,0.045,0.015,0.534,
17:06:41.128,1.0539,1.0096,1.0078,0.0,normal,0.0,speed_hump,0.5483,normal,0.0,NORMAL,20.8,0.0,100,speed_hump,YES,PASS,0.0,0.033,0.022,0.548,
17:06:41.305,1.0604,1.0098,1.0013,0.0,normal,0.0,speed_hump,0.5467,normal,0.0,NORMAL,20.3,0.0,100,speed_hump,YES,PASS,0.0,0.024,0.024,0.547,
17:06:41.486,1.0392,1.0132,1.0119,0.0,normal,0.0,speed_hump,0.5489,normal,0.0,NORMAL,20.1,0.0,100,speed_hump,YES,PASS,0.0,0.017,0.016,0.549,
17:06:41.665,1.0312,1.0052,1.0048,0.0,normal,0.0,speed_hump,0.5498,normal,0.0,NORMAL,19.9,0.0,100,speed_hump,YES,PASS,0.0,0.013,0.012,0.55,
17:06:41.848,1.0538,1.0001,1.0092,5.0,pothole,1.0,normal,0.0,normal,0.0,NORMAL,18.8,0.0,100,pothole,YES,PASS,0.0,0.415,0.022,0.0,
17:06:42.032,1.0687,1.0065,1.0121,0.0,normal,0.0,normal,0.0,normal,0.0,NORMAL,13.8,0.0,100,normal,YES,PASS,0.0,0.303,0.027,0.0,
17:06:42.200,1.0414,1.0041,1.0036,0.0,normal,0.0,normal,0.0,normal,0.0,NORMAL,10.0,0.0,100,normal,YES,PASS,0.0,0.221,0.017,0.0,
17:06:42.392,1.0412,1.0017,1.0024,0.0,normal,0.0,speed_hump,0.5049,normal,0.0,NORMAL,25.0,0.18,100,speed_hump,YES,PASS,0.0,0.161,0.016,0.505,
17:06:42.574,1.0182,1.0115,1.0002,0.0,normal,0.0,speed_hump,0.5179,normal,0.0,NORMAL,23.5,0.0,100,speed_hump,YES,PASS,0.0,0.118,0.007,0.518,
17:06:42.763,1.0218,1.005,1.002,0.0,normal,0.0,speed_hump,0.5201,normal,0.0,NORMAL,22.1,0.0,100,speed_hump,YES,PASS,0.0,0.086,0.009,0.52,
17:06:42.938,1.0036,1.0128,1.0062,0.0,normal,0.0,speed_hump,0.5187,normal,0.0,NORMAL,21.0,0.0,100,speed_hump,YES,PASS,0.0,0.063,0.001,0.519,
17:06:43.101,1.0568,1.013,1.0108,0.0,normal,0.0,speed_hump,0.535,normal,0.0,NORMAL,20.9,0.0,100,speed_hump,YES,PASS,0.0,0.046,0.023,0.535,
17:06:43.277,1.0338,1.0103,1.0041,0.0,normal,0.0,speed_hump,0.5167,normal,0.0,NORMAL,19.7,0.0,100,speed_hump,YES,PASS,0.0,0.033,0.014,0.517,
17:06:43.452,1.0303,1.0065,1.0004,0.0,normal,0.0,speed_hump,0.5237,normal,0.0,NORMAL,19.5,0.0,100,speed_hump,YES,PASS,0.0,0.024,0.012,0.524,
17:06:43.632,1.0522,1.0138,1.0031,0.0,normal,0.0,speed_hump,0.5566,normal,0.0,NORMAL,20.4,0.0,100,speed_hump,YES,PASS,0.0,0.018,0.021,0.557,
17:06:43.818,1.011,1.0136,1.0003,0.0,normal,0.0,speed_hump,0.5518,normal,0.0,NORMAL,19.9,0.0,100,speed_hump,YES,PASS,0.0,0.013,0.004,0.552,
17:06:44.015,1.0287,1.0112,1.0053,0.0,normal,0.0,speed_hump,0.5615,normal,0.0,NORMAL,20.1,0.0,100,speed_hump,YES,PASS,0.0,0.009,0.011,0.561,
17:06:44.203,1.0366,1.0117,1.0019,0.0,normal,0.0,speed_hump,0.5682,normal,0.0,NORMAL,20.3,0.0,100,speed_hump,YES,PASS,0.0,0.007,0.015,0.568,
17:06:44.387,1.0008,1.0049,1.0008,0.0,normal,0.0,speed_hump,0.5729,normal,0.0,NORMAL,20.3,0.0,100,speed_hump,YES,PASS,0.0,0.005,0.0,0.573,
17:06:44.571,1.0079,1.0052,1.011,0.0,normal,0.0,speed_hump,0.5821,normal,0.0,NORMAL,20.6,0.0,100,speed_hump,YES,PASS,0.0,0.004,0.003,0.582,
17:06:44.745,1.0082,1.0216,1.0178,5.0,pothole,1.0,speed_hump,0.5444,normal,0.0,NORMAL,37.4,0.26,100,speed_hump,YES,PASS,0.0,0.408,0.003,0.544,
17:06:44.918,1.0136,1.0016,1.0015,5.0,pothole,1.0,speed_hump,0.5561,normal,0.0,NORMAL,51.1,0.36,100,speed_hump,YES,PASS,0.0,0.703,0.005,0.556,
17:06:45.106,1.0554,1.0098,1.006,5.0,pothole,1.0,speed_hump,0.5518,normal,0.0,CAUTION,60.7,0.61,70,speed_hump,NO,BLOCKED,0.0,0.918,0.022,0.552,
17:06:45.279,1.0092,1.0036,1.0093,5.0,pothole,1.0,speed_hump,0.5474,normal,0.0,CAUTION,64.2,0.64,68,speed_hump,NO,BLOCKED,0.0,1.0,0.004,0.547,
17:06:45.456,1.0018,1.0087,1.0025,5.0,pothole,1.0,speed_hump,0.5489,normal,0.0,HAZARD,64.2,0.64,55,normal,NO,BLOCKED,0.0,1.0,0.001,0.549,
17:06:45.640,1.0281,1.0005,1.0053,5.0,pothole,1.0,speed_hump,0.5255,normal,0.0,HAZARD,63.4,0.63,56,normal,NO,BLOCKED,0.0,1.0,0.011,0.526,
17:06:45.821,1.0255,1.0059,1.0097,5.0,pothole,1.0,speed_hump,0.5222,normal,0.0,HAZARD,63.3,0.63,56,normal,NO,BLOCKED,0.0,1.0,0.01,0.522,
17:06:46.006,1.0636,1.0063,1.0053,5.0,pothole,1.0,speed_hump,0.5506,normal,0.0,HAZARD,64.4,0.64,55,normal,NO,BLOCKED,0.0,1.0,0.025,0.551,
17:06:46.189,1.0364,1.0059,1.0081,5.0,pothole,1.0,speed_hump,0.546,normal,0.0,HAZARD,64.2,0.64,55,normal,NO,BLOCKED,0.0,1.0,0.015,0.546,
17:06:46.375,1.0106,1.0002,1.0036,5.0,pothole,1.0,speed_hump,0.5287,normal,0.0,HAZARD,63.5,0.64,56,normal,NO,BLOCKED,0.0,1.0,0.004,0.529,
17:06:46.559,1.0398,1.004,1.0023,0.0,normal,0.0,speed_hump,0.5318,normal,0.0,HAZARD,63.7,0.64,55,normal,NO,BLOCKED,0.0,1.0,0.016,0.532,
17:06:46.736,1.0,1.0119,1.0013,4.4003,pothole,0.7001,speed_hump,0.5302,normal,0.0,HAZARD,63.6,0.64,56,normal,NO,BLOCKED,0.0,1.0,0.0,0.53,
17:06:46.920,1.0592,1.0075,1.0068,4.4003,pothole,0.7001,speed_hump,0.5205,normal,0.0,HAZARD,63.3,0.63,56,normal,NO,BLOCKED,0.0,1.0,0.024,0.52,
17:06:47.101,1.0059,1.0047,1.0089,4.4003,pothole,0.7001,speed_hump,0.5343,normal,0.0,HAZARD,63.7,0.64,55,normal,NO,BLOCKED,0.0,1.0,0.002,0.534,
17:06:47.287,1.011,1.0136,1.0148,4.4003,pothole,0.7001,speed_hump,0.5419,normal,0.0,HAZARD,64.0,0.64,55,normal,NO,BLOCKED,0.0,1.0,0.004,0.542,
17:06:47.466,1.0004,1.0008,1.0002,4.4003,pothole,0.7001,speed_hump,0.5334,normal,0.0,HAZARD,63.7,0.64,55,normal,NO,BLOCKED,0.0,1.0,0.0,0.533,
17:06:47.642,1.0226,1.0105,1.01,0.0,normal,0.0,speed_hump,0.5371,normal,0.0,HAZARD,60.3,0.6,58,normal,NO,BLOCKED,0.0,0.922,0.009,0.537,
17:06:47.818,1.0402,1.0019,1.003,0.0,normal,0.0,speed_hump,0.5299,normal,0.0,HAZARD,48.9,0.34,76,normal,NO,BLOCKED,0.0,0.673,0.016,0.53,
17:06:47.998,1.0382,1.0121,1.0127,0.0,normal,0.0,speed_hump,0.5203,normal,0.0,HAZARD,40.4,0.28,80,normal,NO,BLOCKED,0.0,0.491,0.015,0.52,
17:06:48.176,1.0274,1.0052,1.0081,0.0,normal,0.0,speed_hump,0.5259,normal,0.0,CAUTION,34.6,0.24,88,speed_hump,NO,BLOCKED,0.0,0.359,0.011,0.526,
17:06:48.348,1.0155,1.0091,1.007,0.0,normal,0.0,speed_hump,0.5084,normal,0.0,CAUTION,29.6,0.21,90,speed_hump,NO,BLOCKED,0.0,0.262,0.006,0.508,
17:06:48.525,1.0103,1.0041,1.001,0.0,normal,0.0,speed_hump,0.5388,normal,0.0,CAUTION,27.5,0.19,90,speed_hump,NO,BLOCKED,0.0,0.191,0.004,0.539,
17:06:48.700,1.0088,1.0029,1.0089,0.0,normal,0.0,speed_hump,0.5431,normal,0.0,CAUTION,25.3,0.18,91,speed_hump,NO,BLOCKED,0.0,0.139,0.004,0.543,
17:06:48.869,1.0177,1.0026,1.0116,0.0,normal,0.0,speed_hump,0.529,normal,0.0,CAUTION,23.1,0.0,100,speed_hump,NO,BLOCKED,0.0,0.102,0.007,0.529,
17:06:49.052,1.0317,1.009,1.0076,0.0,normal,0.0,speed_hump,0.5386,normal,0.0,CAUTION,22.3,0.0,100,speed_hump,NO,BLOCKED,0.0,0.074,0.013,0.539,
17:06:49.227,1.0424,1.0009,1.0039,0.0,normal,0.0,speed_hump,0.5379,normal,0.0,NORMAL,21.3,0.0,100,speed_hump,YES,PASS,0.0,0.054,0.017,0.538,
17:06:49.412,1.0458,1.0119,1.0001,0.0,normal,0.0,speed_hump,0.5504,normal,0.0,NORMAL,21.1,0.0,100,speed_hump,YES,PASS,0.0,0.04,0.018,0.55,
17:06:49.594,1.0169,1.0035,1.0125,0.0,normal,0.0,speed_hump,0.5467,normal,0.0,NORMAL,20.5,0.0,100,speed_hump,YES,PASS,0.0,0.029,0.007,0.547,
17:06:49.769,1.0033,1.0085,1.0027,0.0,normal,0.0,speed_hump,0.5407,normal,0.0,NORMAL,19.9,0.0,100,speed_hump,YES,PASS,0.0,0.021,0.001,0.541,
17:06:49.948,1.0211,1.0002,1.0003,0.0,normal,0.0,speed_hump,0.5338,normal,0.0,NORMAL,19.4,0.0,100,speed_hump,YES,PASS,0.0,0.015,0.008,0.534,
17:06:50.125,1.0319,1.0047,1.0083,0.0,normal,0.0,speed_hump,0.5256,normal,0.0,NORMAL,19.0,0.0,100,speed_hump,YES,PASS,0.0,0.011,0.013,0.526,
17:06:50.296,1.0361,1.0116,1.0026,0.0,normal,0.0,speed_hump,0.5565,normal,0.0,NORMAL,19.9,0.0,100,speed_hump,YES,PASS,0.0,0.008,0.014,0.557,
17:06:50.483,1.0133,1.0037,1.0108,0.0,normal,0.0,speed_hump,0.5689,normal,0.0,NORMAL,20.2,0.0,100,speed_hump,YES,PASS,0.0,0.006,0.005,0.569,
17:06:50.654,1.028,1.009,1.007,0.0,normal,0.0,speed_hump,0.5651,normal,0.0,NORMAL,20.0,0.0,100,speed_hump,YES,PASS,0.0,0.004,0.011,0.565,
17:06:50.820,1.0242,1.0131,1.0065,0.0,normal,0.0,speed_hump,0.5384,normal,0.0,NORMAL,19.0,0.0,100,speed_hump,YES,PASS,0.0,0.003,0.01,0.538,
17:06:51.001,1.0109,1.0051,1.0049,0.0,normal,0.0,speed_hump,0.5395,normal,0.0,NORMAL,19.0,0.0,100,speed_hump,YES,PASS,0.0,0.002,0.004,0.539,
17:06:51.187,1.0354,1.0008,1.0039,0.0,normal,0.0,speed_hump,0.5321,normal,0.0,NORMAL,18.8,0.0,100,speed_hump,YES,PASS,0.0,0.002,0.014,0.532,
17:06:51.356,1.0328,1.0041,1.0003,0.0,normal,0.0,speed_hump,0.536,normal,0.0,NORMAL,18.9,0.0,100,speed_hump,YES,PASS,0.0,0.001,0.013,0.536,
17:06:51.542,1.0038,1.0078,1.0015,0.0,normal,0.0,speed_hump,0.5579,normal,0.0,NORMAL,19.6,0.0,100,speed_hump,YES,PASS,0.0,0.001,0.002,0.558,
17:06:51.747,1.0401,1.0096,1.0069,0.0,normal,0.0,speed_hump,0.554,normal,0.0,NORMAL,19.5,0.0,100,speed_hump,YES,PASS,0.0,0.001,0.016,0.554,
17:06:51.937,1.0359,1.0081,1.008,0.0,normal,0.0,speed_hump,0.5554,normal,0.0,NORMAL,19.5,0.0,100,speed_hump,YES,PASS,0.0,0.0,0.014,0.555,
17:06:52.121,1.0246,1.0056,1.0053,0.0,normal,0.0,speed_hump,0.5427,normal,0.0,NORMAL,19.1,0.0,100,speed_hump,YES,PASS,0.0,0.0,0.01,0.543,
17:06:52.302,1.006,1.0077,1.0042,0.0,normal,0.0,speed_hump,0.5445,normal,0.0,NORMAL,19.1,0.0,100,speed_hump,YES,PASS,0.0,0.0,0.002,0.545,
17:06:52.485,1.0136,1.0106,1.0024,0.0,normal,0.0,speed_hump,0.5522,normal,0.0,NORMAL,19.4,0.0,100,speed_hump,YES,PASS,0.0,0.0,0.005,0.552,
17:06:52.671,1.0492,1.0144,1.0123,0.0,normal,0.0,speed_hump,0.5544,normal,0.0,NORMAL,19.5,0.0,100,speed_hump,YES,PASS,0.0,0.0,0.02,0.554,
17:06:52.854,1.0149,1.0055,1.0122,0.0,normal,0.0,speed_hump,0.5494,normal,0.0,NORMAL,19.3,0.0,100,speed_hump,YES,PASS,0.0,0.0,0.006,0.549,
17:06:53.022,1.0393,1.0002,1.0079,0.0,normal,0.0,speed_hump,0.5365,normal,0.0,NORMAL,18.9,0.0,100,speed_hump,YES,PASS,0.0,0.0,0.016,0.537,
17:06:53.202,1.0514,1.0041,1.0,0.0,normal,0.0,speed_hump,0.552,normal,0.0,NORMAL,19.4,0.0,100,speed_hump,YES,PASS,0.0,0.0,0.021,0.552,
17:06:53.382,1.0342,1.0054,1.0085,0.0,normal,0.0,speed_hump,0.5521,normal,0.0,NORMAL,19.4,0.0,100,speed_hump,YES,PASS,0.0,0.0,0.014,0.552,
17:06:53.560,1.0323,1.0059,1.0017,0.0,normal,0.0,speed_hump,0.5444,normal,0.0,NORMAL,19.1,0.0,100,speed_hump,YES,PASS,0.0,0.0,0.013,0.544,
17:06:53.743,1.0354,1.0087,1.0085,0.0,normal,0.0,speed_hump,0.5369,normal,0.0,NORMAL,18.9,0.0,100,speed_hump,YES,PASS,0.0,0.0,0.014,0.537,
17:06:53.943,1.0577,1.0031,1.0046,0.0,normal,0.0,speed_hump,0.5156,normal,0.0,NORMAL,18.2,0.0,100,speed_hump,YES,PASS,0.0,0.0,0.023,0.516,
17:06:54.128,1.0587,1.012,1.0068,0.0,normal,0.0,speed_hump,0.5078,normal,0.0,NORMAL,17.9,0.0,100,speed_hump,YES,PASS,0.0,0.0,0.023,0.508,
17:06:54.314,1.0213,1.0038,1.0122,0.0,normal,0.0,speed_hump,0.5225,normal,0.0,NORMAL,18.3,0.0,100,speed_hump,YES,PASS,0.0,0.0,0.009,0.523,
17:06:54.510,1.0691,1.0006,1.0039,0.0,normal,0.0,speed_hump,0.5165,normal,0.0,NORMAL,18.2,0.0,100,speed_hump,YES,PASS,0.0,0.0,0.028,0.516,
17:06:54.695,1.0509,1.0014,1.0107,0.0,normal,0.0,speed_hump,0.5405,normal,0.0,NORMAL,19.0,0.0,100,speed_hump,YES,PASS,0.0,0.0,0.02,0.54,
17:06:54.876,1.0254,1.0038,1.0147,0.0,normal,0.0,speed_hump,0.5453,normal,0.0,NORMAL,19.1,0.0,100,speed_hump,YES,PASS,0.0,0.0,0.01,0.545,
17:06:55.057,1.046,1.0143,1.0094,0.0,normal,0.0,speed_hump,0.5178,normal,0.0,NORMAL,18.2,0.0,100,speed_hump,YES,PASS,0.0,0.0,0.018,0.518,
17:06:55.237,1.0058,1.0033,1.013,0.0,normal,0.0,speed_hump,0.5344,normal,0.0,NORMAL,18.7,0.0,100,speed_hump,YES,PASS,0.0,0.0,0.002,0.534,
17:06:55.404,1.0463,1.0048,1.0009,0.0,normal,0.0,speed_hump,0.5143,normal,0.0,NORMAL,18.1,0.0,100,speed_hump,YES,PASS,0.0,0.0,0.019,0.514,
17:06:55.582,1.0362,1.01,1.0015,0.0,normal,0.0,speed_hump,0.5078,normal,0.0,NORMAL,17.8,0.0,100,speed_hump,YES,PASS,0.0,0.0,0.014,0.508,
17:06:55.774,1.0391,1.0076,1.0005,0.0,normal,0.0,normal,0.0,normal,0.0,NORMAL,0.1,0.0,100,normal,YES,PASS,0.0,0.0,0.016,0.0,
17:06:55.958,1.0457,1.0101,1.0046,0.0,normal,0.0,speed_hump,0.5252,normal,0.0,NORMAL,18.5,0.0,100,speed_hump,YES,PASS,0.0,0.0,0.018,0.525,
17:06:56.128,1.0442,1.0054,1.0046,0.0,normal,0.0,speed_hump,0.5779,normal,0.0,NORMAL,20.3,0.0,100,speed_hump,YES,PASS,0.0,0.0,0.018,0.578,
17:06:56.319,1.0179,1.005,1.0108,0.0,normal,0.0,speed_hump,0.5639,normal,0.0,NORMAL,19.8,0.0,100,speed_hump,YES,PASS,0.0,0.0,0.007,0.564,
17:06:56.513,1.0227,1.0096,1.002,0.0,normal,0.0,speed_hump,0.6063,normal,0.0,NORMAL,21.3,0.0,100,speed_hump,YES,PASS,0.0,0.0,0.009,0.606,
17:06:56.689,1.0142,1.0058,1.0097,0.0,normal,0.0,speed_hump,0.5685,normal,0.0,NORMAL,19.9,0.0,100,speed_hump,YES,PASS,0.0,0.0,0.006,0.569,
17:06:56.865,1.0091,1.0009,1.0045,0.0,normal,0.0,speed_hump,0.5649,normal,0.0,NORMAL,19.8,0.0,100,speed_hump,YES,PASS,0.0,0.0,0.004,0.565,
17:06:57.045,1.0078,1.0059,1.0073,0.0,normal,0.0,speed_hump,0.5505,normal,0.0,NORMAL,19.3,0.0,100,speed_hump,YES,PASS,0.0,0.0,0.003,0.55,
17:06:57.221,1.0061,1.0008,1.005,0.0,normal,0.0,speed_hump,0.5446,normal,0.0,NORMAL,19.1,0.0,100,speed_hump,YES,PASS,0.0,0.0,0.002,0.545,
17:06:57.406,1.0417,1.0027,1.0051,0.0,normal,0.0,speed_hump,0.5355,normal,0.0,NORMAL,18.8,0.0,100,speed_hump,YES,PASS,0.0,0.0,0.017,0.536,
17:06:57.580,1.0333,1.0019,1.0047,0.0,normal,0.0,speed_hump,0.5446,normal,0.0,NORMAL,19.1,0.0,100,speed_hump,YES,PASS,0.0,0.0,0.013,0.545,
17:06:57.759,1.0016,1.0098,1.007,0.0,normal,0.0,speed_hump,0.5349,normal,0.0,NORMAL,18.7,0.0,100,speed_hump,YES,PASS,0.0,0.0,0.001,0.535,
17:06:57.929,1.0424,1.003,1.0079,0.0,normal,0.0,speed_hump,0.5302,normal,0.0,NORMAL,18.6,0.0,100,speed_hump,YES,PASS,0.0,0.0,0.017,0.53,
17:06:58.104,1.0522,1.0069,1.0003,0.0,normal,0.0,speed_hump,0.5243,normal,0.0,NORMAL,18.5,0.0,100,speed_hump,YES,PASS,0.0,0.0,0.021,0.524,
17:06:58.282,1.0371,1.0089,1.0151,0.0,normal,0.0,speed_hump,0.5318,normal,0.0,NORMAL,18.7,0.0,100,speed_hump,YES,PASS,0.0,0.0,0.015,0.532,
17:06:58.457,1.0492,1.0004,1.0054,0.0,normal,0.0,speed_hump,0.5554,normal,0.0,NORMAL,19.5,0.0,100,speed_hump,YES,PASS,0.0,0.0,0.02,0.555,
17:06:58.640,1.0356,1.0066,1.0099,0.0,normal,0.0,speed_hump,0.5458,normal,0.0,NORMAL,19.2,0.0,100,speed_hump,YES,PASS,0.0,0.0,0.014,0.546,
17:06:58.814,1.0267,1.0083,1.006,0.0,normal,0.0,speed_hump,0.5526,normal,0.0,NORMAL,19.4,0.0,100,speed_hump,YES,PASS,0.0,0.0,0.011,0.553,
17:06:59.001,1.0059,1.0092,1.0114,0.0,normal,0.0,speed_hump,0.534,normal,0.0,NORMAL,18.7,0.0,100,speed_hump,YES,PASS,0.0,0.0,0.002,0.534,
17:06:59.181,1.023,1.0122,1.0074,0.0,normal,0.0,speed_hump,0.5249,normal,0.0,NORMAL,18.4,0.0,100,speed_hump,YES,PASS,0.0,0.0,0.009,0.525,
17:06:59.360,1.0338,1.0073,1.0007,0.0,normal,0.0,speed_hump,0.526,normal,0.0,NORMAL,18.5,0.0,100,speed_hump,YES,PASS,0.0,0.0,0.014,0.526,
17:06:59.527,1.0356,1.0101,1.0004,0.0,normal,0.0,speed_hump,0.5277,normal,0.0,NORMAL,18.5,0.0,100,speed_hump,YES,PASS,0.0,0.0,0.014,0.528,
17:06:59.693,1.0409,1.0089,1.0051,0.0,normal,0.0,speed_hump,0.532,normal,0.0,NORMAL,18.7,0.0,100,speed_hump,YES,PASS,0.0,0.0,0.016,0.532,
17:06:59.869,1.0335,1.0016,1.004,0.0,normal,0.0,speed_hump,0.5373,normal,0.0,NORMAL,18.9,0.0,100,speed_hump,YES,PASS,0.0,0.0,0.013,0.537,
17:07:00.047,1.041,1.0002,1.0039,0.0,normal,0.0,speed_hump,0.541,normal,0.0,NORMAL,19.0,0.0,100,speed_hump,YES,PASS,0.0,0.0,0.016,0.541,
17:07:00.234,1.0452,1.0045,1.0084,0.0,normal,0.0,speed_hump,0.5539,normal,0.0,NORMAL,19.5,0.0,100,speed_hump,YES,PASS,0.0,0.0,0.018,0.554,
17:07:00.411,1.0139,1.0137,1.0068,0.0,normal,0.0,speed_hump,0.5497,normal,0.0,NORMAL,19.3,0.0,100,speed_hump,YES,PASS,0.0,0.0,0.006,0.55,
17:07:00.582,1.0011,1.0083,1.011,0.0,normal,0.0,speed_hump,0.5731,normal,0.0,NORMAL,20.1,0.0,100,speed_hump,YES,PASS,0.0,0.0,0.0,0.573,
17:07:00.765,1.005,1.0158,1.0084,0.0,normal,0.0,speed_hump,0.5761,normal,0.0,NORMAL,20.2,0.0,100,speed_hump,YES,PASS,0.0,0.0,0.002,0.576,
17:07:00.936,1.0062,1.0116,1.0031,0.0,normal,0.0,speed_hump,0.5763,normal,0.0,NORMAL,20.2,0.0,100,speed_hump,YES,PASS,0.0,0.0,0.002,0.576,
17:07:01.111,1.044,1.0049,1.0115,0.0,normal,0.0,speed_hump,0.5777,normal,0.0,NORMAL,20.3,0.0,100,speed_hump,YES,PASS,0.0,0.0,0.018,0.578,
17:07:01.288,1.0112,1.0066,1.0114,0.0,normal,0.0,speed_hump,0.5617,normal,0.0,NORMAL,19.7,0.0,100,speed_hump,YES,PASS,0.0,0.0,0.004,0.562,
17:07:01.466,1.0072,1.0083,1.0052,0.0,normal,0.0,speed_hump,0.5398,normal,0.0,NORMAL,18.9,0.0,100,speed_hump,YES,PASS,0.0,0.0,0.003,0.54,
17:07:01.636,1.0237,1.0013,1.0083,0.0,normal,0.0,speed_hump,0.5069,normal,0.0,NORMAL,17.8,0.0,100,speed_hump,YES,PASS,0.0,0.0,0.009,0.507,
17:07:01.819,1.0357,1.0098,1.0089,0.0,normal,0.0,normal,0.0,normal,0.0,NORMAL,0.1,0.0,100,normal,YES,PASS,0.0,0.0,0.014,0.0,
17:07:02.003,1.0362,1.0069,1.008,0.0,normal,0.0,speed_hump,0.5424,normal,0.0,NORMAL,19.1,0.0,100,speed_hump,YES,PASS,0.0,0.0,0.014,0.542,
17:07:02.181,1.056,1.0003,1.009,0.0,normal,0.0,speed_hump,0.5005,normal,0.0,NORMAL,17.6,0.0,100,speed_hump,YES,PASS,0.0,0.0,0.022,0.501,
17:07:02.359,1.0173,1.0041,1.01,4.2611,pothole,0.6306,normal,0.0,normal,0.0,NORMAL,15.6,0.0,100,pothole,YES,PASS,0.0,0.345,0.007,0.0,
17:07:02.526,1.0485,1.002,1.0093,4.2611,pothole,0.6306,normal,0.0,normal,0.0,NORMAL,27.0,0.19,100,pothole,YES,PASS,0.0,0.597,0.019,0.0,
17:07:02.711,1.0182,1.0027,1.0017,4.2611,pothole,0.6306,normal,0.0,normal,0.0,NORMAL,35.2,0.25,100,pothole,YES,PASS,0.0,0.781,0.007,0.0,
17:07:02.895,1.0315,1.0129,1.0016,0.0,normal,0.0,normal,0.0,normal,0.0,CAUTION,25.7,0.18,91,braking,NO,BLOCKED,0.0,0.57,0.013,0.0,
17:07:03.064,1.058,1.0077,1.0057,0.0,normal,0.0,normal,0.0,normal,0.0,CAUTION,18.8,0.0,100,braking,NO,BLOCKED,0.0,0.416,0.023,0.0,
17:07:03.236,1.0078,1.0047,1.0102,0.0,normal,0.0,normal,0.0,normal,0.0,CAUTION,13.7,0.0,100,braking,NO,BLOCKED,0.0,0.304,0.003,0.0,
17:07:03.412,1.0048,1.0042,1.0045,4.2611,pothole,0.6306,normal,0.0,normal,0.0,CAUTION,25.5,0.18,91,pothole,NO,BLOCKED,0.0,0.567,0.002,0.0,
17:07:03.595,1.0662,1.0006,1.0022,4.2611,pothole,0.6306,normal,0.0,normal,0.0,CAUTION,34.3,0.24,88,pothole,NO,BLOCKED,0.0,0.759,0.026,0.0,
17:07:03.770,1.037,1.0,1.0007,0.0,normal,0.0,normal,0.0,normal,0.0,CAUTION,25.0,0.18,91,braking,NO,BLOCKED,0.0,0.554,0.015,0.0,
17:07:03.936,1.009,1.0048,1.0016,0.0,normal,0.0,normal,0.0,normal,0.0,CAUTION,18.2,0.0,100,braking,NO,BLOCKED,0.0,0.404,0.004,0.0,
17:07:04.110,1.0315,1.0044,1.0036,0.0,normal,0.0,normal,0.0,normal,0.0,CAUTION,13.3,0.0,100,braking,NO,BLOCKED,0.0,0.295,0.013,0.0,
17:07:04.291,1.0555,1.014,1.0055,0.0,normal,0.0,normal,0.0,normal,0.0,NORMAL,9.8,0.0,100,normal,YES,PASS,0.0,0.215,0.022,0.0,
17:07:04.473,1.0379,1.006,1.0057,0.0,normal,0.0,normal,0.0,normal,0.0,NORMAL,7.2,0.0,100,normal,YES,PASS,0.0,0.157,0.015,0.0,
17:07:04.658,1.0606,1.0094,1.0069,0.0,normal,0.0,normal,0.0,normal,0.0,NORMAL,5.3,0.0,100,normal,YES,PASS,0.0,0.115,0.024,0.0,
17:07:04.839,1.0237,1.0013,1.0003,0.0,normal,0.0,normal,0.0,normal,0.0,NORMAL,3.8,0.0,100,normal,YES,PASS,0.0,0.084,0.009,0.0,
17:07:04.996,1.0334,1.0036,1.0001,0.0,normal,0.0,normal,0.0,normal,0.0,NORMAL,2.8,0.0,100,normal,YES,PASS,0.0,0.061,0.013,0.0,
17:07:05.171,1.0286,1.0048,1.0063,0.0,normal,0.0,normal,0.0,normal,0.0,NORMAL,2.1,0.0,100,normal,YES,PASS,0.0,0.045,0.011,0.0,
17:07:05.342,1.0058,1.0065,1.0138,0.0,normal,0.0,normal,0.0,normal,0.0,NORMAL,1.5,0.0,100,normal,YES,PASS,0.0,0.033,0.002,0.0,
17:07:05.512,1.0429,1.003,1.0102,0.0,normal,0.0,normal,0.0,normal,0.0,NORMAL,1.2,0.0,100,normal,YES,PASS,0.0,0.024,0.017,0.0,
17:07:05.693,1.0165,1.0079,1.0023,0.0,normal,0.0,normal,0.0,normal,0.0,NORMAL,0.8,0.0,100,normal,YES,PASS,0.0,0.017,0.007,0.0,
17:07:05.866,1.0152,1.0038,1.0026,0.0,normal,0.0,normal,0.0,normal,0.0,NORMAL,0.6,0.0,100,normal,YES,PASS,0.0,0.013,0.006,0.0,
17:07:06.038,1.0098,1.0007,1.0064,0.0,normal,0.0,normal,0.0,normal,0.0,NORMAL,0.4,0.0,100,normal,YES,PASS,0.0,0.009,0.004,0.0,
17:07:06.200,1.0274,1.0062,1.0061,0.0,normal,0.0,normal,0.0,normal,0.0,NORMAL,0.4,0.0,100,normal,YES,PASS,0.0,0.007,0.011,0.0,
17:07:06.372,1.0121,1.0057,1.0128,0.0,normal,0.0,speed_hump,0.5368,normal,0.0,NORMAL,19.0,0.0,100,speed_hump,YES,PASS,0.0,0.005,0.005,0.537,
17:07:06.538,1.0123,1.0009,1.0028,0.0,normal,0.0,speed_hump,0.5267,normal,0.0,NORMAL,18.6,0.0,100,speed_hump,YES,PASS,0.0,0.004,0.005,0.527,
17:07:06.709,1.043,1.0018,1.0063,0.0,normal,0.0,normal,0.0,normal,0.0,NORMAL,0.2,0.0,100,normal,YES,PASS,0.0,0.003,0.017,0.0,
17:07:06.873,1.0184,1.0032,1.0094,0.0,normal,0.0,normal,0.0,normal,0.0,NORMAL,0.1,0.0,100,normal,YES,PASS,0.0,0.002,0.007,0.0,
17:07:07.058,1.0107,1.0121,1.0002,0.0,normal,0.0,normal,0.0,normal,0.0,NORMAL,0.1,0.0,100,normal,YES,PASS,0.0,0.001,0.004,0.0,
17:07:07.237,1.0441,1.0069,1.0081,0.0,normal,0.0,normal,0.0,normal,0.0,NORMAL,0.1,0.0,100,normal,YES,PASS,0.0,0.001,0.018,0.0,
17:07:07.419,1.011,1.0008,1.0069,0.0,normal,0.0,normal,0.0,normal,0.0,NORMAL,0.1,0.0,100,normal,YES,PASS,0.0,0.001,0.004,0.0,
17:07:07.581,1.0772,1.0102,1.0113,0.0,normal,0.0,normal,0.0,normal,0.0,NORMAL,0.2,0.0,100,normal,YES,PASS,0.0,0.001,0.031,0.0,
17:07:07.760,1.0526,1.0031,1.004,0.0,normal,0.0,normal,0.0,normal,0.0,NORMAL,0.1,0.0,100,normal,YES,PASS,0.0,0.0,0.021,0.0,
17:07:07.938,1.0071,1.0049,1.0065,0.0,normal,0.0,normal,0.0,normal,0.0,NORMAL,0.0,0.0,100,normal,YES,PASS,0.0,0.0,0.003,0.0,
17:07:08.107,1.0413,1.0106,1.0104,0.0,normal,0.0,normal,0.0,normal,0.0,NORMAL,0.1,0.0,100,normal,YES,PASS,0.0,0.0,0.017,0.0,
17:07:08.287,1.0602,1.0059,1.01,0.0,normal,0.0,normal,0.0,normal,0.0,NORMAL,0.1,0.0,100,normal,YES,PASS,0.0,0.0,0.024,0.0,
17:07:08.462,1.0275,1.0041,1.0036,0.0,normal,0.0,normal,0.0,normal,0.0,NORMAL,0.1,0.0,100,normal,YES,PASS,0.0,0.0,0.011,0.0,
17:07:08.632,1.043,1.0144,1.0017,0.0,normal,0.0,normal,0.0,normal,0.0,NORMAL,0.1,0.0,100,normal,YES,PASS,0.0,0.0,0.017,0.0,
17:07:08.815,1.0194,1.0006,1.0086,0.0,normal,0.0,normal,0.0,normal,0.0,NORMAL,0.0,0.0,100,normal,YES,PASS,0.0,0.0,0.008,0.0,
17:07:08.972,1.0335,1.0076,1.0023,0.0,normal,0.0,normal,0.0,normal,0.0,NORMAL,0.1,0.0,100,normal,YES,PASS,0.0,0.0,0.013,0.0,
17:07:09.152,1.0217,1.0091,1.011,0.0,normal,0.0,normal,0.0,normal,0.0,NORMAL,0.0,0.0,100,normal,YES,PASS,0.0,0.0,0.009,0.0,
17:07:09.330,1.0476,1.0055,1.0013,0.0,normal,0.0,normal,0.0,normal,0.0,NORMAL,0.1,0.0,100,normal,YES,PASS,0.0,0.0,0.019,0.0,
17:07:09.504,1.0319,1.0031,1.0085,0.0,normal,0.0,speed_hump,0.529,normal,0.0,NORMAL,18.6,0.0,100,speed_hump,YES,PASS,0.0,0.0,0.013,0.529,
17:07:09.681,1.0038,1.0092,1.0114,0.0,normal,0.0,normal,0.0,normal,0.0,NORMAL,0.0,0.0,100,normal,YES,PASS,0.0,0.0,0.002,0.0,
17:07:09.855,1.0516,1.0127,1.0038,0.0,normal,0.0,normal,0.0,normal,0.0,NORMAL,0.1,0.0,100,normal,YES,PASS,0.0,0.0,0.021,0.0,
17:07:10.019,1.0287,1.0079,1.0097,0.0,normal,0.0,normal,0.0,normal,0.0,NORMAL,0.1,0.0,100,normal,YES,PASS,0.0,0.0,0.011,0.0,
17:07:10.189,1.0092,1.0073,1.0018,0.0,normal,0.0,normal,0.0,normal,0.0,NORMAL,0.0,0.0,100,normal,YES,PASS,0.0,0.0,0.004,0.0,
17:07:10.355,1.0055,1.0108,1.0107,0.0,normal,0.0,normal,0.0,normal,0.0,NORMAL,0.0,0.0,100,normal,YES,PASS,0.0,0.0,0.002,0.0,
17:07:10.527,1.0238,1.0058,1.0026,0.0,normal,0.0,speed_hump,0.5819,normal,0.0,NORMAL,20.4,0.0,100,speed_hump,YES,PASS,0.0,0.0,0.01,0.582,
17:07:10.686,1.0042,1.0054,1.0106,0.0,normal,0.0,speed_hump,0.5882,normal,0.0,NORMAL,20.6,0.0,100,speed_hump,YES,PASS,0.0,0.0,0.002,0.588,
17:07:10.902,1.0573,1.0005,1.0053,0.0,normal,0.0,normal,0.0,normal,0.0,NORMAL,0.1,0.0,100,normal,YES,PASS,0.0,0.0,0.023,0.0,
17:07:11.079,1.0146,1.0021,1.0064,0.0,normal,0.0,normal,0.0,normal,0.0,NORMAL,0.0,0.0,100,normal,YES,PASS,0.0,0.0,0.006,0.0,
17:07:11.256,1.0527,1.0117,1.0079,0.0,normal,0.0,speed_hump,0.5254,normal,0.0,NORMAL,18.5,0.0,100,speed_hump,YES,PASS,0.0,0.0,0.021,0.525,
17:07:11.429,1.0469,1.0066,1.0051,0.0,normal,0.0,normal,0.0,normal,0.0,NORMAL,0.1,0.0,100,normal,YES,PASS,0.0,0.0,0.019,0.0,
17:07:11.596,1.0449,1.0046,1.0058,0.0,normal,0.0,normal,0.0,normal,0.0,NORMAL,0.1,0.0,100,normal,YES,PASS,0.0,0.0,0.018,0.0,
17:07:11.772,1.0339,1.0057,1.0006,0.0,normal,0.0,normal,0.0,normal,0.0,NORMAL,0.1,0.0,100,normal,YES,PASS,0.0,0.0,0.014,0.0,
17:07:11.947,1.0588,1.0101,1.0002,0.0,normal,0.0,normal,0.0,normal,0.0,NORMAL,0.1,0.0,100,normal,YES,PASS,0.0,0.0,0.024,0.0,
17:07:12.121,1.0152,1.0081,1.0032,0.0,normal,0.0,normal,0.0,normal,0.0,NORMAL,0.0,0.0,100,normal,YES,PASS,0.0,0.0,0.006,0.0,
17:07:12.281,1.0501,1.0031,1.0116,0.0,normal,0.0,normal,0.0,normal,0.0,NORMAL,0.1,0.0,100,normal,YES,PASS,0.0,0.0,0.02,0.0,
17:07:12.470,1.0244,1.0067,1.0052,0.0,normal,0.0,normal,0.0,normal,0.0,NORMAL,0.0,0.0,100,normal,YES,PASS,0.0,0.0,0.01,0.0,
17:07:12.649,1.0449,1.003,1.0067,0.0,normal,0.0,normal,0.0,normal,0.0,NORMAL,0.1,0.0,100,normal,YES,PASS,0.0,0.0,0.018,0.0,
17:07:12.820,1.0268,1.0068,1.0112,0.0,normal,0.0,normal,0.0,normal,0.0,NORMAL,0.1,0.0,100,normal,YES,PASS,0.0,0.0,0.011,0.0,
17:07:12.988,1.0166,1.0053,1.0048,0.0,normal,0.0,normal,0.0,normal,0.0,NORMAL,0.0,0.0,100,normal,YES,PASS,0.0,0.0,0.007,0.0,
17:07:13.169,1.0505,1.0044,1.0006,0.0,normal,0.0,normal,0.0,normal,0.0,NORMAL,0.1,0.0,100,normal,YES,PASS,0.0,0.0,0.02,0.0,
17:07:13.348,1.0417,1.0036,1.0037,0.0,normal,0.0,normal,0.0,normal,0.0,NORMAL,0.1,0.0,100,normal,YES,PASS,0.0,0.0,0.017,0.0,
17:07:13.519,1.0486,1.006,1.0031,4.3867,pothole,0.6933,normal,0.0,normal,0.0,NORMAL,16.1,0.0,100,pothole,YES,PASS,0.0,0.356,0.019,0.0,
17:07:13.673,1.0013,1.0048,1.0126,4.3867,pothole,0.6933,normal,0.0,normal,0.0,NORMAL,27.7,0.19,100,pothole,YES,PASS,0.0,0.615,0.001,0.0,
17:07:13.844,1.0013,1.0014,1.0014,4.3867,pothole,0.6933,normal,0.0,normal,0.0,NORMAL,36.2,0.25,100,pothole,YES,PASS,0.0,0.804,0.001,0.0,
17:07:14.013,1.0141,1.0074,1.0099,4.3867,pothole,0.6933,normal,0.0,normal,0.0,CAUTION,42.4,0.3,85,pothole,NO,BLOCKED,0.0,0.943,0.006,0.0,
17:07:14.187,1.0005,1.0135,1.0065,4.3867,pothole,0.6933,normal,0.0,normal,0.0,CAUTION,45.0,0.32,84,pothole,NO,BLOCKED,0.0,1.0,0.0,0.0,
17:07:14.357,1.0441,1.0092,1.0025,4.3867,pothole,0.6933,normal,0.0,normal,0.0,CAUTION,45.1,0.32,84,pothole,NO,BLOCKED,0.0,1.0,0.018,0.0,
17:07:14.543,1.0509,1.0026,1.0048,0.0,normal,0.0,normal,0.0,normal,0.0,CAUTION,36.8,0.26,87,braking,NO,BLOCKED,0.0,0.815,0.02,0.0,
17:07:14.712,1.0091,1.0006,1.0122,0.0,normal,0.0,speed_hump,0.5154,normal,0.0,CAUTION,44.8,0.31,84,speed_hump,NO,BLOCKED,0.0,0.595,0.004,0.515,
17:07:14.890,1.0419,1.0105,1.0069,0.0,normal,0.0,speed_hump,0.516,normal,0.0,CAUTION,37.7,0.26,87,speed_hump,NO,BLOCKED,0.0,0.434,0.017,0.516,
17:07:15.076,1.0441,1.0001,1.0021,0.0,normal,0.0,speed_hump,0.5143,normal,0.0,CAUTION,32.4,0.23,89,speed_hump,NO,BLOCKED,0.0,0.317,0.018,0.514,
17:07:15.254,1.0064,1.003,1.003,0.0,normal,0.0,speed_hump,0.5398,normal,0.0,CAUTION,29.3,0.21,90,speed_hump,NO,BLOCKED,0.0,0.231,0.003,0.54,
17:07:15.433,1.0014,1.0035,1.0047,0.0,normal,0.0,speed_hump,0.5004,normal,0.0,CAUTION,25.1,0.18,91,speed_hump,NO,BLOCKED,0.0,0.169,0.001,0.5,
17:07:15.631,1.0375,1.0086,1.008,2.7248,speed_hump,0.8624,normal,0.0,normal,0.0,CAUTION,15.6,0.0,100,speed_hump,NO,BLOCKED,0.0,0.344,0.015,0.0,
17:07:15.803,1.0307,1.0113,1.0069,2.3961,speed_hump,0.698,speed_hump,0.5125,normal,0.0,CAUTION,38.0,0.27,87,speed_hump,NO,BLOCKED,0.0,0.445,0.012,0.512,
17:07:15.980,1.0583,1.0061,1.0017,2.3961,speed_hump,0.698,speed_hump,0.5128,normal,0.0,CAUTION,41.4,0.29,85,speed_hump,NO,BLOCKED,0.0,0.519,0.023,0.513,
17:07:16.164,1.0444,1.0023,1.0079,2.3961,speed_hump,0.698,speed_hump,0.5097,normal,0.0,CAUTION,43.7,0.31,85,speed_hump,NO,BLOCKED,0.0,0.573,0.018,0.51,
17:07:16.345,1.032,1.0018,1.0119,2.3961,speed_hump,0.698,speed_hump,0.5213,normal,0.0,CAUTION,45.9,0.32,84,speed_hump,NO,BLOCKED,0.0,0.612,0.013,0.521,
17:07:16.523,1.0308,1.0052,1.0105,2.3961,speed_hump,0.698,speed_hump,0.5054,normal,0.0,CAUTION,46.6,0.33,84,speed_hump,NO,BLOCKED,0.0,0.641,0.012,0.505,
17:07:16.699,1.0328,1.0129,1.0032,2.3961,speed_hump,0.698,speed_hump,0.5015,normal,0.0,CAUTION,47.4,0.33,83,speed_hump,NO,BLOCKED,0.0,0.662,0.013,0.502,
17:07:16.874,1.05,1.0092,1.0053,2.7248,speed_hump,0.8624,speed_hump,0.5017,normal,0.0,CAUTION,49.3,0.35,83,speed_hump,NO,BLOCKED,0.0,0.704,0.02,0.502,
17:07:17.051,1.0108,1.0092,1.0071,2.7248,speed_hump,0.8624,normal,0.0,normal,0.0,CAUTION,33.1,0.23,88,speed_hump,NO,BLOCKED,0.0,0.735,0.004,0.0,
17:07:17.236,1.0332,1.0005,1.0014,2.7248,speed_hump,0.8624,normal,0.0,normal,0.0,CAUTION,34.1,0.24,88,speed_hump,NO,BLOCKED,0.0,0.757,0.013,0.0,
17:07:17.421,1.016,1.0014,1.0014,0.0,normal,0.0,normal,0.0,normal,0.0,CAUTION,24.9,0.0,100,braking,NO,BLOCKED,0.0,0.553,0.006,0.0,
17:07:17.599,1.0028,1.0115,1.0067,0.0,normal,0.0,speed_hump,0.5143,normal,0.0,CAUTION,36.2,0.25,87,speed_hump,NO,BLOCKED,0.0,0.403,0.001,0.514,
17:07:17.772,1.0201,1.0078,1.0139,0.0,normal,0.0,speed_hump,0.5026,normal,0.0,CAUTION,30.9,0.22,89,speed_hump,NO,BLOCKED,0.0,0.294,0.008,0.503,
17:07:17.960,1.0129,1.005,1.0091,0.0,normal,0.0,speed_hump,0.5044,normal,0.0,CAUTION,27.3,0.19,90,speed_hump,NO,BLOCKED,0.0,0.215,0.005,0.504,
17:07:18.142,1.0014,1.012,1.0095,0.0,normal,0.0,normal,0.0,normal,0.0,CAUTION,7.1,0.0,100,braking,NO,BLOCKED,0.0,0.157,0.001,0.0,
17:07:18.340,1.0622,1.0028,1.0066,0.0,normal,0.0,normal,0.0,normal,0.0,CAUTION,5.3,0.0,100,braking,NO,BLOCKED,0.0,0.114,0.025,0.0,
17:07:18.524,1.0069,1.0099,1.0103,0.0,normal,0.0,normal,0.0,normal,0.0,NORMAL,3.8,0.0,100,normal,YES,PASS,0.0,0.084,0.003,0.0,
17:07:18.699,1.0016,1.0028,1.0047,0.0,normal,0.0,normal,0.0,normal,0.0,NORMAL,2.7,0.0,100,normal,YES,PASS,0.0,0.061,0.001,0.0,
17:07:18.887,1.0175,1.0036,1.0105,0.0,normal,0.0,normal,0.0,normal,0.0,NORMAL,2.0,0.0,100,normal,YES,PASS,0.0,0.044,0.007,0.0,
17:07:19.050,1.051,1.0139,1.0092,0.0,normal,0.0,normal,0.0,normal,0.0,NORMAL,1.6,0.0,100,normal,YES,PASS,0.0,0.032,0.02,0.0,
17:07:19.224,1.0044,1.0117,1.0005,0.0,normal,0.0,normal,0.0,normal,0.0,NORMAL,1.1,0.0,100,normal,YES,PASS,0.0,0.024,0.002,0.0,
17:07:19.405,1.0538,1.0076,1.0008,0.0,normal,0.0,normal,0.0,normal,0.0,NORMAL,0.9,0.0,100,normal,YES,PASS,0.0,0.017,0.022,0.0,
17:07:19.589,1.054,1.0103,1.0096,0.0,normal,0.0,normal,0.0,normal,0.0,NORMAL,0.7,0.0,100,normal,YES,PASS,0.0,0.013,0.022,0.0,
17:07:19.763,1.0024,1.0081,1.0028,0.0,normal,0.0,normal,0.0,normal,0.0,NORMAL,0.4,0.0,100,normal,YES,PASS,0.0,0.009,0.001,0.0,
17:07:19.941,1.0483,1.0006,1.0066,0.0,normal,0.0,normal,0.0,normal,0.0,NORMAL,0.4,0.0,100,normal,YES,PASS,0.0,0.007,0.019,0.0,
17:07:20.107,1.027,1.0084,1.0053,0.0,normal,0.0,normal,0.0,normal,0.0,NORMAL,0.3,0.0,100,normal,YES,PASS,0.0,0.005,0.011,0.0,
17:07:20.278,1.0219,1.0135,1.0092,0.0,normal,0.0,speed_hump,0.5381,normal,0.0,NORMAL,19.0,0.0,100,speed_hump,YES,PASS,0.0,0.004,0.009,0.538,
17:07:20.456,1.0274,1.0037,1.0031,0.0,normal,0.0,speed_hump,0.5359,normal,0.0,NORMAL,18.9,0.0,100,speed_hump,YES,PASS,0.0,0.003,0.011,0.536,
17:07:20.636,1.0326,1.0094,1.0042,0.0,normal,0.0,speed_hump,0.5514,normal,0.0,NORMAL,19.5,0.0,100,speed_hump,YES,PASS,0.0,0.002,0.013,0.551,
17:07:20.804,1.0075,1.0127,1.0068,0.0,normal,0.0,speed_hump,0.5373,normal,0.0,NORMAL,18.9,0.0,100,speed_hump,YES,PASS,0.0,0.001,0.003,0.537,
17:07:20.976,1.0158,1.0021,1.0018,0.0,normal,0.0,speed_hump,0.5254,normal,0.0,NORMAL,18.5,0.0,100,speed_hump,YES,PASS,0.0,0.001,0.006,0.525,
17:07:21.155,1.0048,1.0137,1.0004,0.0,normal,0.0,speed_hump,0.52,normal,0.0,NORMAL,18.2,0.0,100,speed_hump,YES,PASS,0.0,0.001,0.002,0.52,
17:07:21.332,1.004,1.0123,1.0013,0.0,normal,0.0,speed_hump,0.5206,normal,0.0,NORMAL,18.3,0.0,100,speed_hump,YES,PASS,0.0,0.001,0.002,0.521,
17:07:21.510,1.0066,1.004,1.0073,0.0,normal,0.0,speed_hump,0.5393,normal,0.0,NORMAL,18.9,0.0,100,speed_hump,YES,PASS,0.0,0.0,0.003,0.539,
17:07:21.690,1.0171,1.0016,1.0113,0.0,normal,0.0,speed_hump,0.5399,normal,0.0,NORMAL,18.9,0.0,100,speed_hump,YES,PASS,0.0,0.0,0.007,0.54,
17:07:21.874,1.0079,1.0039,1.0052,0.0,normal,0.0,speed_hump,0.5455,normal,0.0,NORMAL,19.1,0.0,100,speed_hump,YES,PASS,0.0,0.0,0.003,0.545,
17:07:22.044,1.0649,1.0027,1.0009,0.0,normal,0.0,speed_hump,0.5454,normal,0.0,NORMAL,19.2,0.0,100,speed_hump,YES,PASS,0.0,0.0,0.026,0.545,
17:07:22.229,1.0422,1.0053,1.0051,0.0,normal,0.0,speed_hump,0.535,normal,0.0,NORMAL,18.8,0.0,100,speed_hump,YES,PASS,0.0,0.0,0.017,0.535,
17:07:22.410,1.0063,1.0035,1.0067,0.0,normal,0.0,speed_hump,0.5333,normal,0.0,NORMAL,18.7,0.0,100,speed_hump,YES,PASS,0.0,0.0,0.003,0.533,
17:07:22.597,1.0226,1.0116,1.006,0.0,normal,0.0,speed_hump,0.535,normal,0.0,NORMAL,18.8,0.0,100,speed_hump,YES,PASS,0.0,0.0,0.009,0.535,
17:07:22.780,1.063,1.0075,1.0038,0.0,normal,0.0,speed_hump,0.5513,normal,0.0,NORMAL,19.4,0.0,100,speed_hump,YES,PASS,0.0,0.0,0.025,0.551,
17:07:22.957,1.0463,1.0113,1.0079,0.0,normal,0.0,speed_hump,0.5464,normal,0.0,NORMAL,19.2,0.0,100,speed_hump,YES,PASS,0.0,0.0,0.019,0.546,
17:07:23.137,1.0392,1.0006,1.007,0.0,normal,0.0,speed_hump,0.5474,normal,0.0,NORMAL,19.2,0.0,100,speed_hump,YES,PASS,0.0,0.0,0.016,0.547,
17:07:23.317,1.0224,1.0102,1.011,0.0,normal,0.0,speed_hump,0.5413,normal,0.0,NORMAL,19.0,0.0,100,speed_hump,YES,PASS,0.0,0.0,0.009,0.541,
17:07:23.494,1.0371,1.0098,1.0142,0.0,normal,0.0,speed_hump,0.5357,normal,0.0,NORMAL,18.8,0.0,100,speed_hump,YES,PASS,0.0,0.0,0.015,0.536,
17:07:23.668,1.0304,1.0011,1.0023,0.0,normal,0.0,speed_hump,0.5267,normal,0.0,NORMAL,18.5,0.0,100,speed_hump,YES,PASS,0.0,0.0,0.012,0.527,
17:07:23.850,1.0287,1.0103,1.0049,0.0,normal,0.0,speed_hump,0.5176,normal,0.0,NORMAL,18.2,0.0,100,speed_hump,YES,PASS,0.0,0.0,0.011,0.518,
17:07:24.038,1.0299,1.011,1.0078,0.0,normal,0.0,speed_hump,0.5246,normal,0.0,NORMAL,18.4,0.0,100,speed_hump,YES,PASS,0.0,0.0,0.012,0.525,
17:07:24.224,1.0504,1.0048,1.0051,0.0,normal,0.0,speed_hump,0.5312,normal,0.0,NORMAL,18.7,0.0,100,speed_hump,YES,PASS,0.0,0.0,0.02,0.531,
17:07:24.407,1.0594,1.0036,1.0093,0.0,normal,0.0,speed_hump,0.5354,normal,0.0,NORMAL,18.9,0.0,100,speed_hump,YES,PASS,0.0,0.0,0.024,0.535,
17:07:24.656,1.0018,1.0025,1.0085,0.0,normal,0.0,speed_hump,0.5202,normal,0.0,NORMAL,18.2,0.0,100,speed_hump,YES,PASS,0.0,0.0,0.001,0.52,
17:07:24.912,1.0356,1.0052,1.0009,0.0,normal,0.0,speed_hump,0.5397,normal,0.0,NORMAL,19.0,0.0,100,speed_hump,YES,PASS,0.0,0.0,0.014,0.54,
17:07:25.126,1.0107,1.014,1.005,0.0,normal,0.0,speed_hump,0.519,normal,0.0,NORMAL,18.2,0.0,100,speed_hump,YES,PASS,0.0,0.0,0.004,0.519,
17:07:25.344,1.0552,1.0032,1.0034,0.0,normal,0.0,speed_hump,0.5344,normal,0.0,NORMAL,18.8,0.0,100,speed_hump,YES,PASS,0.0,0.0,0.022,0.534,
17:07:25.532,1.0087,1.0058,1.0041,0.0,normal,0.0,speed_hump,0.5332,normal,0.0,NORMAL,18.7,0.0,100,speed_hump,YES,PASS,0.0,0.0,0.003,0.533,
17:07:25.710,1.0323,1.0023,1.009,0.0,normal,0.0,speed_hump,0.5411,normal,0.0,NORMAL,19.0,0.0,100,speed_hump,YES,PASS,0.0,0.0,0.013,0.541,
17:07:25.899,1.0398,1.0088,1.0133,0.0,normal,0.0,speed_hump,0.5416,normal,0.0,NORMAL,19.0,0.0,100,speed_hump,YES,PASS,0.0,0.0,0.016,0.542,
17:07:26.091,1.0061,1.0118,1.0082,5.0,pothole,1.0,normal,0.0,normal,0.0,NORMAL,18.2,0.0,100,pothole,YES,PASS,0.0,0.405,0.002,0.0,
17:07:26.288,1.0266,1.011,1.002,5.0,pothole,1.0,normal,0.0,normal,0.0,NORMAL,31.6,0.22,100,pothole,YES,PASS,0.0,0.701,0.011,0.0,
17:07:26.478,1.0202,1.0059,1.0089,0.0,normal,0.0,speed_hump,0.5306,normal,0.0,NORMAL,41.6,0.29,100,speed_hump,YES,PASS,0.0,0.512,0.008,0.531,
17:07:26.666,1.0529,1.0102,1.0128,0.0,normal,0.0,speed_hump,0.5326,normal,0.0,CAUTION,35.6,0.25,88,speed_hump,NO,BLOCKED,0.0,0.373,0.021,0.533,
17:07:26.880,1.0039,1.006,1.0058,0.0,normal,0.0,speed_hump,0.5572,normal,0.0,CAUTION,31.8,0.22,89,speed_hump,NO,BLOCKED,0.0,0.273,0.002,0.557,
17:07:27.093,1.0416,1.0008,1.0046,0.0,normal,0.0,speed_hump,0.5521,normal,0.0,CAUTION,28.4,0.2,90,speed_hump,NO,BLOCKED,0.0,0.199,0.017,0.552,
17:07:27.289,1.058,1.0114,1.0087,0.0,normal,0.0,speed_hump,0.528,normal,0.0,CAUTION,25.1,0.18,91,speed_hump,NO,BLOCKED,0.0,0.145,0.023,0.528,
17:07:27.482,1.0201,1.0046,1.01,0.0,normal,0.0,speed_hump,0.5452,normal,0.0,CAUTION,23.9,0.0,100,speed_hump,NO,BLOCKED,0.0,0.106,0.008,0.545,
17:07:27.670,1.0478,1.0034,1.0108,0.0,normal,0.0,normal,0.0,normal,0.0,CAUTION,3.6,0.0,100,braking,NO,BLOCKED,0.0,0.077,0.019,0.0,
17:07:27.858,1.0294,1.0133,1.0052,0.0,normal,0.0,speed_hump,0.5042,normal,0.0,NORMAL,20.2,0.0,100,speed_hump,YES,PASS,0.0,0.056,0.012,0.504,
17:07:28.034,1.0304,1.0006,1.0111,0.0,normal,0.0,speed_hump,0.5396,normal,0.0,NORMAL,20.8,0.0,100,speed_hump,YES,PASS,0.0,0.041,0.012,0.54,
17:07:28.214,1.0598,1.0003,1.008,0.0,normal,0.0,speed_hump,0.5063,normal,0.0,NORMAL,19.2,0.0,100,speed_hump,YES,PASS,0.0,0.03,0.024,0.506,
17:07:28.404,1.0411,1.0068,1.0034,0.0,normal,0.0,normal,0.0,normal,0.0,NORMAL,1.1,0.0,100,normal,YES,PASS,0.0,0.022,0.016,0.0,
17:07:28.584,1.0307,1.0085,1.001,0.0,normal,0.0,speed_hump,0.5219,normal,0.0,NORMAL,19.0,0.0,100,speed_hump,YES,PASS,0.0,0.016,0.012,0.522,
17:07:28.758,1.0257,1.0043,1.0083,0.0,normal,0.0,speed_hump,0.526,normal,0.0,NORMAL,19.0,0.0,100,speed_hump,YES,PASS,0.0,0.012,0.01,0.526,
17:07:28.932,1.0399,1.0026,1.0054,0.0,normal,0.0,normal,0.0,normal,0.0,NORMAL,0.5,0.0,100,normal,YES,PASS,0.0,0.009,0.016,0.0,
17:07:29.120,1.0124,1.0096,1.0051,0.0,normal,0.0,normal,0.0,normal,0.0,NORMAL,0.3,0.0,100,normal,YES,PASS,0.0,0.006,0.005,0.0,
17:07:29.309,1.0178,1.0045,1.0058,0.0,normal,0.0,speed_hump,0.5342,normal,0.0,NORMAL,18.9,0.0,100,speed_hump,YES,PASS,0.0,0.005,0.007,0.534,
17:07:29.497,1.0277,1.012,1.0079,0.0,normal,0.0,speed_hump,0.5537,normal,0.0,NORMAL,19.6,0.0,100,speed_hump,YES,PASS,0.0,0.003,0.011,0.554,
17:07:29.677,1.0121,1.0092,1.0093,0.0,normal,0.0,speed_hump,0.5502,normal,0.0,NORMAL,19.4,0.0,100,speed_hump,YES,PASS,0.0,0.002,0.005,0.55,
17:07:29.866,1.0244,1.0106,1.0092,0.0,normal,0.0,speed_hump,0.5226,normal,0.0,NORMAL,18.4,0.0,100,speed_hump,YES,PASS,0.0,0.002,0.01,0.523,
17:07:30.053,1.0229,1.0038,1.0101,0.0,normal,0.0,speed_hump,0.5004,normal,0.0,NORMAL,17.6,0.0,100,speed_hump,YES,PASS,0.0,0.001,0.009,0.5,
17:07:30.238,1.0397,1.0058,1.0077,0.0,normal,0.0,normal,0.0,normal,0.0,NORMAL,0.1,0.0,100,normal,YES,PASS,0.0,0.001,0.016,0.0,
17:07:30.409,1.0032,1.003,1.0109,0.0,normal,0.0,normal,0.0,normal,0.0,NORMAL,0.0,0.0,100,normal,YES,PASS,0.0,0.001,0.001,0.0,
17:07:30.589,1.0248,1.0137,1.008,0.0,normal,0.0,normal,0.0,normal,0.0,NORMAL,0.1,0.0,100,normal,YES,PASS,0.0,0.001,0.01,0.0,
17:07:30.763,1.0284,1.0071,1.0084,0.0,normal,0.0,speed_hump,0.5081,normal,0.0,NORMAL,17.9,0.0,100,speed_hump,YES,PASS,0.0,0.0,0.011,0.508,
17:07:30.952,1.0381,1.0068,1.0047,0.0,normal,0.0,speed_hump,0.5119,normal,0.0,NORMAL,18.0,0.0,100,speed_hump,YES,PASS,0.0,0.0,0.015,0.512,
17:07:31.129,1.0161,1.0006,1.0014,0.0,normal,0.0,normal,0.0,normal,0.0,NORMAL,0.0,0.0,100,normal,YES,PASS,0.0,0.0,0.006,0.0,
17:07:31.289,1.0525,1.0076,1.0023,0.0,normal,0.0,normal,0.0,normal,0.0,NORMAL,0.1,0.0,100,normal,YES,PASS,0.0,0.0,0.021,0.0,
17:07:31.474,1.0492,1.0035,1.0029,0.0,normal,0.0,speed_hump,0.5092,normal,0.0,NORMAL,17.9,0.0,100,speed_hump,YES,PASS,0.0,0.0,0.02,0.509,
17:07:31.640,1.0007,1.0063,1.0093,0.0,normal,0.0,speed_hump,0.5116,normal,0.0,NORMAL,17.9,0.0,100,speed_hump,YES,PASS,0.0,0.0,0.0,0.512,
17:07:31.819,1.0088,1.0061,1.008,0.0,normal,0.0,speed_hump,0.5177,normal,0.0,NORMAL,18.1,0.0,100,speed_hump,YES,PASS,0.0,0.0,0.004,0.518,
17:07:31.996,1.0487,1.0075,1.0103,0.0,normal,0.0,speed_hump,0.527,normal,0.0,NORMAL,18.5,0.0,100,speed_hump,YES,PASS,0.0,0.0,0.019,0.527,
17:07:32.171,1.0069,1.0078,1.0024,0.0,normal,0.0,speed_hump,0.5227,normal,0.0,NORMAL,18.3,0.0,100,speed_hump,YES,PASS,0.0,0.0,0.003,0.523,
17:07:32.346,1.0116,1.0106,1.0082,0.0,normal,0.0,normal,0.0,normal,0.0,NORMAL,0.0,0.0,100,normal,YES,PASS,0.0,0.0,0.005,0.0,
17:07:32.520,1.0194,1.0074,1.0042,0.0,normal,0.0,normal,0.0,normal,0.0,NORMAL,0.0,0.0,100,normal,YES,PASS,0.0,0.0,0.008,0.0,
17:07:32.689,1.0209,1.0023,1.0076,0.0,normal,0.0,normal,0.0,normal,0.0,NORMAL,0.0,0.0,100,normal,YES,PASS,0.0,0.0,0.008,0.0,
17:07:32.882,1.0464,1.0015,1.0099,0.0,normal,0.0,speed_hump,0.5218,normal,0.0,NORMAL,18.4,0.0,100,speed_hump,YES,PASS,0.0,0.0,0.019,0.522,
17:07:33.078,1.0385,1.0055,1.0109,0.0,normal,0.0,speed_hump,0.5319,normal,0.0,NORMAL,18.7,0.0,100,speed_hump,YES,PASS,0.0,0.0,0.015,0.532,
17:07:33.255,1.0354,1.0067,1.0099,0.0,normal,0.0,speed_hump,0.53,normal,0.0,NORMAL,18.6,0.0,100,speed_hump,YES,PASS,0.0,0.0,0.014,0.53,
17:07:33.436,1.0344,1.0035,1.0063,0.0,normal,0.0,speed_hump,0.5295,normal,0.0,NORMAL,18.6,0.0,100,speed_hump,YES,PASS,0.0,0.0,0.014,0.529,
17:07:33.604,1.0441,1.0117,1.0032,0.0,normal,0.0,speed_hump,0.5145,normal,0.0,NORMAL,18.1,0.0,100,speed_hump,YES,PASS,0.0,0.0,0.018,0.515,
17:07:33.776,1.0207,1.0115,1.0061,0.0,normal,0.0,speed_hump,0.5091,normal,0.0,NORMAL,17.9,0.0,100,speed_hump,YES,PASS,0.0,0.0,0.008,0.509,
17:07:33.949,1.0221,1.0002,1.0055,0.0,normal,0.0,speed_hump,0.5069,normal,0.0,NORMAL,17.8,0.0,100,speed_hump,YES,PASS,0.0,0.0,0.009,0.507,
17:07:34.135,1.058,1.0096,1.0091,0.0,normal,0.0,speed_hump,0.5105,normal,0.0,NORMAL,18.0,0.0,100,speed_hump,YES,PASS,0.0,0.0,0.023,0.51,
17:07:34.323,1.0543,1.0079,1.0083,0.0,normal,0.0,speed_hump,0.5206,normal,0.0,NORMAL,18.3,0.0,100,speed_hump,YES,PASS,0.0,0.0,0.022,0.521,
17:07:34.494,1.0291,1.0106,1.0004,0.0,normal,0.0,speed_hump,0.5263,normal,0.0,NORMAL,18.5,0.0,100,speed_hump,YES,PASS,0.0,0.0,0.012,0.526,
17:07:34.672,1.0537,1.0113,1.0105,0.0,normal,0.0,speed_hump,0.5032,normal,0.0,NORMAL,17.7,0.0,100,speed_hump,YES,PASS,0.0,0.0,0.021,0.503,
17:07:34.859,1.0479,1.0013,1.0129,0.0,normal,0.0,speed_hump,0.5002,normal,0.0,NORMAL,17.6,0.0,100,speed_hump,YES,PASS,0.0,0.0,0.019,0.5,
17:07:35.040,1.0237,1.009,1.0003,0.0,normal,0.0,speed_hump,0.5315,normal,0.0,NORMAL,18.6,0.0,100,speed_hump,YES,PASS,0.0,0.0,0.009,0.531,
17:07:35.221,1.0227,1.0092,1.0093,0.0,normal,0.0,speed_hump,0.5292,normal,0.0,NORMAL,18.6,0.0,100,speed_hump,YES,PASS,0.0,0.0,0.009,0.529,
17:07:35.397,1.0453,1.0043,1.0095,0.0,normal,0.0,speed_hump,0.5206,normal,0.0,NORMAL,18.3,0.0,100,speed_hump,YES,PASS,0.0,0.0,0.018,0.521,
17:07:35.573,1.0108,1.0067,1.001,0.0,normal,0.0,speed_hump,0.5129,normal,0.0,NORMAL,18.0,0.0,100,speed_hump,YES,PASS,0.0,0.0,0.004,0.513,
17:07:35.757,1.0125,1.0031,1.0037,0.0,normal,0.0,speed_hump,0.5235,normal,0.0,NORMAL,18.3,0.0,100,speed_hump,YES,PASS,0.0,0.0,0.005,0.523,
17:07:35.938,1.0332,1.0098,1.0089,0.0,normal,0.0,speed_hump,0.5132,normal,0.0,NORMAL,18.0,0.0,100,speed_hump,YES,PASS,0.0,0.0,0.013,0.513,
17:07:36.147,1.0579,1.0032,1.0131,0.0,normal,0.0,speed_hump,0.5251,normal,0.0,NORMAL,18.5,0.0,100,speed_hump,YES,PASS,0.0,0.0,0.023,0.525,
17:07:36.327,1.041,1.0076,1.0062,0.0,normal,0.0,speed_hump,0.5345,normal,0.0,NORMAL,18.8,0.0,100,speed_hump,YES,PASS,0.0,0.0,0.016,0.534,
17:07:36.511,1.0179,1.0013,1.0002,0.0,normal,0.0,speed_hump,0.5157,normal,0.0,NORMAL,18.1,0.0,100,speed_hump,YES,PASS,0.0,0.0,0.007,0.516,
17:07:36.689,1.0261,1.0006,1.0096,0.0,normal,0.0,normal,0.0,normal,0.0,NORMAL,0.1,0.0,100,normal,YES,PASS,0.0,0.0,0.01,0.0,
17:07:36.871,1.0358,1.0075,1.01,0.0,normal,0.0,normal,0.0,normal,0.0,NORMAL,0.1,0.0,100,normal,YES,PASS,0.0,0.0,0.014,0.0,
17:07:37.052,1.0156,1.0078,1.009,0.0,normal,0.0,normal,0.0,normal,0.0,NORMAL,0.0,0.0,100,normal,YES,PASS,0.0,0.0,0.006,0.0,
17:07:37.236,1.0133,1.0118,1.0001,0.0,normal,0.0,normal,0.0,normal,0.0,NORMAL,0.0,0.0,100,normal,YES,PASS,0.0,0.0,0.005,0.0,
17:07:37.405,1.0517,1.0011,1.0129,0.0,normal,0.0,normal,0.0,normal,0.0,NORMAL,0.1,0.0,100,normal,YES,PASS,0.0,0.0,0.021,0.0,
17:07:37.591,1.0037,1.0088,1.001,0.0,normal,0.0,normal,0.0,normal,0.0,NORMAL,0.0,0.0,100,normal,YES,PASS,0.0,0.0,0.001,0.0,
17:07:37.757,1.0334,1.0081,1.005,0.0,normal,0.0,normal,0.0,normal,0.0,NORMAL,0.1,0.0,100,normal,YES,PASS,0.0,0.0,0.013,0.0,
17:07:37.922,1.0199,1.0001,1.0115,0.0,normal,0.0,normal,0.0,normal,0.0,NORMAL,0.0,0.0,100,normal,YES,PASS,0.0,0.0,0.008,0.0,
17:07:38.107,1.0699,1.0038,1.0037,0.0,normal,0.0,normal,0.0,normal,0.0,NORMAL,0.1,0.0,100,normal,YES,PASS,0.0,0.0,0.028,0.0,
17:07:38.284,1.0305,1.0064,1.0058,0.0,normal,0.0,normal,0.0,normal,0.0,NORMAL,0.1,0.0,100,normal,YES,PASS,0.0,0.0,0.012,0.0,
17:07:38.466,1.0265,1.0015,1.013,0.0,normal,0.0,normal,0.0,normal,0.0,NORMAL,0.1,0.0,100,normal,YES,PASS,0.0,0.0,0.011,0.0,
17:07:38.636,1.0494,1.0093,1.0069,0.0,normal,0.0,normal,0.0,normal,0.0,NORMAL,0.1,0.0,100,normal,YES,PASS,0.0,0.0,0.02,0.0,
17:07:38.808,1.017,1.0061,1.004,0.0,normal,0.0,normal,0.0,normal,0.0,NORMAL,0.0,0.0,100,normal,YES,PASS,0.0,0.0,0.007,0.0,
17:07:38.972,1.0022,1.0068,1.0019,0.0,normal,0.0,normal,0.0,normal,0.0,NORMAL,0.0,0.0,100,normal,YES,PASS,0.0,0.0,0.001,0.0,
17:07:39.148,1.048,1.0014,1.0052,0.0,normal,0.0,normal,0.0,normal,0.0,NORMAL,0.1,0.0,100,normal,YES,PASS,0.0,0.0,0.019,0.0,
17:07:39.328,1.0056,1.0134,1.0038,0.0,normal,0.0,normal,0.0,normal,0.0,NORMAL,0.0,0.0,100,normal,YES,PASS,0.0,0.0,0.002,0.0,
17:07:39.488,1.0548,1.0111,1.0124,5.0,pothole,1.0,normal,0.0,normal,0.0,NORMAL,18.3,0.0,100,pothole,YES,PASS,0.0,0.405,0.022,0.0,
17:07:39.657,1.027,1.0075,1.0119,5.0,pothole,1.0,normal,0.0,normal,0.0,NORMAL,31.6,0.22,100,pothole,YES,PASS,0.0,0.701,0.011,0.0,
17:07:39.828,1.044,1.0139,1.0077,5.0,pothole,1.0,normal,0.0,normal,0.0,NORMAL,41.3,0.29,100,pothole,YES,PASS,0.0,0.917,0.018,0.0,
17:07:39.999,1.0727,1.0057,1.0128,0.0,normal,0.0,speed_hump,0.5324,normal,0.0,CAUTION,48.9,0.34,83,speed_hump,NO,BLOCKED,0.0,0.669,0.029,0.532,
17:07:40.177,1.0162,1.0133,1.0128,0.0,normal,0.0,speed_hump,0.546,normal,0.0,CAUTION,41.1,0.29,86,speed_hump,NO,BLOCKED,0.0,0.488,0.006,0.546,
17:07:40.354,1.0028,1.0078,1.0053,0.0,normal,0.0,speed_hump,0.5316,normal,0.0,CAUTION,34.7,0.24,88,speed_hump,NO,BLOCKED,0.0,0.356,0.001,0.532,
17:07:40.526,1.0204,1.0014,1.0141,0.0,normal,0.0,speed_hump,0.5288,normal,0.0,CAUTION,30.3,0.21,89,speed_hump,NO,BLOCKED,0.0,0.26,0.008,0.529,
17:07:40.698,1.0303,1.0109,1.0065,0.0,normal,0.0,speed_hump,0.561,normal,0.0,CAUTION,28.2,0.2,90,speed_hump,NO,BLOCKED,0.0,0.19,0.012,0.561,
17:07:40.869,1.0494,1.0049,1.0096,0.0,normal,0.0,speed_hump,0.5321,normal,0.0,CAUTION,25.0,0.0,100,speed_hump,NO,BLOCKED,0.0,0.139,0.02,0.532,
17:07:41.042,1.0576,1.0047,1.0027,0.0,normal,0.0,speed_hump,0.5508,normal,0.0,CAUTION,23.9,0.0,100,speed_hump,NO,BLOCKED,0.0,0.101,0.023,0.551,
17:07:41.218,1.0224,1.0053,1.0083,0.0,normal,0.0,speed_hump,0.5493,normal,0.0,NORMAL,22.6,0.0,100,speed_hump,YES,PASS,0.0,0.074,0.009,0.549,
17:07:41.397,1.0051,1.0099,1.0022,0.0,normal,0.0,speed_hump,0.5394,normal,0.0,NORMAL,21.3,0.0,100,speed_hump,YES,PASS,0.0,0.054,0.002,0.539,
17:07:41.577,1.019,1.0104,1.0072,0.0,normal,0.0,speed_hump,0.5463,normal,0.0,NORMAL,20.9,0.0,100,speed_hump,YES,PASS,0.0,0.039,0.008,0.546,
17:07:41.745,1.0031,1.0141,1.0133,0.0,normal,0.0,speed_hump,0.5414,normal,0.0,NORMAL,20.2,0.0,100,speed_hump,YES,PASS,0.0,0.029,0.001,0.541,
17:07:41.928,1.0195,1.0097,1.0014,0.0,normal,0.0,speed_hump,0.5191,normal,0.0,NORMAL,19.1,0.0,100,speed_hump,YES,PASS,0.0,0.021,0.008,0.519,
17:07:42.116,1.0632,1.0007,1.0106,0.0,normal,0.0,speed_hump,0.5293,normal,0.0,NORMAL,19.3,0.0,100,speed_hump,YES,PASS,0.0,0.015,0.025,0.529,
17:07:42.295,1.0433,1.0009,1.0116,0.0,normal,0.0,speed_hump,0.5399,normal,0.0,NORMAL,19.5,0.0,100,speed_hump,YES,PASS,0.0,0.011,0.017,0.54,
17:07:42.485,1.0362,1.0108,1.0027,0.0,normal,0.0,speed_hump,0.5292,normal,0.0,NORMAL,19.0,0.0,100,speed_hump,YES,PASS,0.0,0.008,0.014,0.529,
17:07:42.664,1.0073,1.011,1.0091,0.0,normal,0.0,speed_hump,0.5414,normal,0.0,NORMAL,19.2,0.0,100,speed_hump,YES,PASS,0.0,0.006,0.003,0.541,
17:07:42.842,1.0307,1.0133,1.0013,0.0,normal,0.0,speed_hump,0.5373,normal,0.0,NORMAL,19.1,0.0,100,speed_hump,YES,PASS,0.0,0.004,0.012,0.537,
17:07:43.025,1.0092,1.0029,1.0026,0.0,normal,0.0,normal,0.0,normal,0.0,NORMAL,0.2,0.0,100,normal,YES,PASS,0.0,0.003,0.004,0.0,
17:07:43.209,1.0099,1.0009,1.0056,0.0,normal,0.0,speed_hump,0.5128,normal,0.0,NORMAL,18.1,0.0,100,speed_hump,YES,PASS,0.0,0.002,0.004,0.513,
17:07:43.400,1.0319,1.0082,1.0001,0.0,normal,0.0,speed_hump,0.5367,normal,0.0,NORMAL,18.9,0.0,100,speed_hump,YES,PASS,0.0,0.002,0.013,0.537,
17:07:43.589,1.0183,1.0044,1.007,0.0,normal,0.0,speed_hump,0.5453,normal,0.0,NORMAL,19.2,0.0,100,speed_hump,YES,PASS,0.0,0.001,0.007,0.545,
17:07:43.758,1.0215,1.0008,1.0027,0.0,normal,0.0,speed_hump,0.5402,normal,0.0,NORMAL,19.0,0.0,100,speed_hump,YES,PASS,0.0,0.001,0.009,0.54,
17:07:43.934,1.0406,1.0024,1.0073,0.0,normal,0.0,speed_hump,0.5194,normal,0.0,NORMAL,18.3,0.0,100,speed_hump,YES,PASS,0.0,0.001,0.016,0.519,
17:07:44.093,1.0119,1.013,1.0105,0.0,normal,0.0,normal,0.0,normal,0.0,NORMAL,0.0,0.0,100,normal,YES,PASS,0.0,0.0,0.005,0.0,
17:07:44.275,1.0287,1.0089,1.0053,0.0,normal,0.0,speed_hump,0.5277,normal,0.0,NORMAL,18.5,0.0,100,speed_hump,YES,PASS,0.0,0.0,0.011,0.528,
17:07:44.469,1.0171,1.0057,1.0096,0.0,normal,0.0,speed_hump,0.5142,normal,0.0,NORMAL,18.0,0.0,100,speed_hump,YES,PASS,0.0,0.0,0.007,0.514,
17:07:44.651,1.0241,1.0042,1.0109,0.0,normal,0.0,speed_hump,0.5147,normal,0.0,NORMAL,18.1,0.0,100,speed_hump,YES,PASS,0.0,0.0,0.01,0.515,
17:07:44.836,1.0004,1.0048,1.012,0.0,normal,0.0,speed_hump,0.5202,normal,0.0,NORMAL,18.2,0.0,100,speed_hump,YES,PASS,0.0,0.0,0.0,0.52,
17:07:45.004,1.0355,1.0054,1.0056,0.0,normal,0.0,speed_hump,0.5293,normal,0.0,NORMAL,18.6,0.0,100,speed_hump,YES,PASS,0.0,0.0,0.014,0.529,
17:07:45.187,1.0195,1.0068,1.0078,0.0,normal,0.0,speed_hump,0.5188,normal,0.0,NORMAL,18.2,0.0,100,speed_hump,YES,PASS,0.0,0.0,0.008,0.519,
17:07:45.370,1.0102,1.0012,1.0059,0.0,normal,0.0,speed_hump,0.509,normal,0.0,NORMAL,17.8,0.0,100,speed_hump,YES,PASS,0.0,0.0,0.004,0.509,
17:07:45.548,1.0161,1.0096,1.0105,0.0,normal,0.0,speed_hump,0.5023,normal,0.0,NORMAL,17.6,0.0,100,speed_hump,YES,PASS,0.0,0.0,0.006,0.502,
17:07:45.726,1.0549,1.005,1.0078,0.0,normal,0.0,normal,0.0,normal,0.0,NORMAL,0.1,0.0,100,normal,YES,PASS,0.0,0.0,0.022,0.0,
17:07:45.904,1.0199,1.0127,1.0138,0.0,normal,0.0,normal,0.0,normal,0.0,NORMAL,0.0,0.0,100,normal,YES,PASS,0.0,0.0,0.008,0.0,
17:07:46.086,1.0341,1.0102,1.0063,0.0,normal,0.0,normal,0.0,normal,0.0,NORMAL,0.1,0.0,100,normal,YES,PASS,0.0,0.0,0.014,0.0,
17:07:46.268,1.0117,1.0123,1.0014,0.0,normal,0.0,normal,0.0,normal,0.0,NORMAL,0.0,0.0,100,normal,YES,PASS,0.0,0.0,0.005,0.0,
17:07:46.443,1.003,1.0091,1.0038,0.0,normal,0.0,normal,0.0,normal,0.0,NORMAL,0.0,0.0,100,normal,YES,PASS,0.0,0.0,0.001,0.0,
17:07:46.608,1.0026,1.011,1.0077,0.0,normal,0.0,normal,0.0,normal,0.0,NORMAL,0.0,0.0,100,normal,YES,PASS,0.0,0.0,0.001,0.0,
17:07:46.794,1.0069,1.0059,1.0089,0.0,normal,0.0,normal,0.0,normal,0.0,NORMAL,0.0,0.0,100,normal,YES,PASS,0.0,0.0,0.003,0.0,
17:07:46.961,1.0356,1.0066,1.0008,0.0,normal,0.0,speed_hump,0.547,normal,0.0,NORMAL,19.2,0.0,100,speed_hump,YES,PASS,0.0,0.0,0.014,0.547,
17:07:47.144,1.0627,1.0005,1.0048,0.0,normal,0.0,speed_hump,0.5166,normal,0.0,NORMAL,18.2,0.0,100,speed_hump,YES,PASS,0.0,0.0,0.025,0.517,
17:07:47.321,1.0246,1.0074,1.0014,0.0,normal,0.0,speed_hump,0.5264,normal,0.0,NORMAL,18.5,0.0,100,speed_hump,YES,PASS,0.0,0.0,0.01,0.526,
17:07:47.499,1.0285,1.0031,1.0068,0.0,normal,0.0,speed_hump,0.5401,normal,0.0,NORMAL,19.0,0.0,100,speed_hump,YES,PASS,0.0,0.0,0.011,0.54,
17:07:47.672,1.0672,1.0109,1.0075,0.0,normal,0.0,speed_hump,0.5416,normal,0.0,NORMAL,19.1,0.0,100,speed_hump,YES,PASS,0.0,0.0,0.027,0.542,
17:07:47.846,1.0336,1.007,1.0061,0.0,normal,0.0,speed_hump,0.5367,normal,0.0,NORMAL,18.9,0.0,100,speed_hump,YES,PASS,0.0,0.0,0.013,0.537,
17:07:48.014,1.0344,1.0123,1.0001,0.0,normal,0.0,speed_hump,0.53,normal,0.0,NORMAL,18.6,0.0,100,speed_hump,YES,PASS,0.0,0.0,0.014,0.53,
17:07:48.197,1.0153,1.0131,1.004,0.0,normal,0.0,speed_hump,0.5265,normal,0.0,NORMAL,18.5,0.0,100,speed_hump,YES,PASS,0.0,0.0,0.006,0.526,
17:07:48.377,1.0531,1.0029,1.0015,0.0,normal,0.0,speed_hump,0.5302,normal,0.0,NORMAL,18.7,0.0,100,speed_hump,YES,PASS,0.0,0.0,0.021,0.53,
17:07:48.564,1.0135,1.0112,1.0051,0.0,normal,0.0,speed_hump,0.5189,normal,0.0,NORMAL,18.2,0.0,100,speed_hump,YES,PASS,0.0,0.0,0.005,0.519,
17:07:48.742,1.0191,1.0084,1.0069,4.5439,pothole,0.772,normal,0.0,normal,0.0,NORMAL,16.6,0.0,100,pothole,YES,PASS,0.0,0.368,0.008,0.0,
17:07:48.921,1.0017,1.0076,1.0074,4.5439,pothole,0.772,normal,0.0,normal,0.0,NORMAL,28.7,0.2,100,pothole,YES,PASS,0.0,0.637,0.001,0.0,
17:07:49.095,1.0355,1.0012,1.0108,4.5439,pothole,0.772,normal,0.0,normal,0.0,NORMAL,37.6,0.26,100,pothole,YES,PASS,0.0,0.833,0.014,0.0,
17:07:49.273,1.0741,1.0067,1.0068,4.5439,pothole,0.772,normal,0.0,normal,0.0,CAUTION,44.1,0.31,85,pothole,NO,BLOCKED,0.0,0.976,0.03,0.0,
17:07:49.452,1.0544,1.0136,1.0079,5.0,pothole,1.0,normal,0.0,normal,0.0,CAUTION,45.1,0.32,84,pothole,NO,BLOCKED,0.0,1.0,0.022,0.0,
17:07:49.635,1.0433,1.0004,1.0073,5.0,pothole,1.0,normal,0.0,normal,0.0,CAUTION,45.1,0.32,84,pothole,NO,BLOCKED,0.0,1.0,0.017,0.0,
17:07:49.818,1.0581,1.0004,1.0098,5.0,pothole,1.0,normal,0.0,normal,0.0,CAUTION,45.1,0.32,84,pothole,NO,BLOCKED,0.0,1.0,0.023,0.0,
17:07:50.043,1.0374,1.0111,1.009,5.0,pothole,1.0,normal,0.0,normal,0.0,CAUTION,45.1,0.32,84,pothole,NO,BLOCKED,0.0,1.0,0.015,0.0,
17:07:50.220,1.0086,1.0014,1.0105,5.0,pothole,1.0,normal,0.0,normal,0.0,CAUTION,45.0,0.32,84,pothole,NO,BLOCKED,0.0,1.0,0.003,0.0,
17:07:50.402,1.0008,1.011,1.0043,5.0,pothole,1.0,normal,0.0,normal,0.0,CAUTION,45.0,0.32,84,pothole,NO,BLOCKED,0.0,1.0,0.0,0.0,
17:07:50.582,1.0191,1.0131,1.0056,5.0,pothole,1.0,normal,0.0,normal,0.0,CAUTION,45.0,0.32,84,pothole,NO,BLOCKED,0.0,1.0,0.008,0.0,
17:07:50.752,1.0381,1.0056,1.0083,5.0,pothole,1.0,normal,0.0,normal,0.0,CAUTION,45.1,0.32,84,pothole,NO,BLOCKED,0.0,1.0,0.015,0.0,
17:07:50.942,1.0111,1.0103,1.0013,5.0,pothole,1.0,normal,0.0,normal,0.0,CAUTION,45.0,0.32,84,pothole,NO,BLOCKED,0.0,1.0,0.004,0.0,
17:07:51.123,1.0573,1.0081,1.0004,5.0,pothole,1.0,normal,0.0,normal,0.0,CAUTION,45.1,0.32,84,pothole,NO,BLOCKED,0.0,1.0,0.023,0.0,
17:07:51.305,1.0121,1.0055,1.0107,5.0,pothole,1.0,normal,0.0,normal,0.0,CAUTION,45.0,0.32,84,pothole,NO,BLOCKED,0.0,1.0,0.005,0.0,
17:07:51.494,1.0419,1.0083,1.0093,5.0,pothole,1.0,normal,0.0,normal,0.0,CAUTION,45.1,0.32,84,pothole,NO,BLOCKED,0.0,1.0,0.017,0.0,
17:07:51.682,1.0429,1.0007,1.0125,5.0,pothole,1.0,normal,0.0,normal,0.0,CAUTION,45.1,0.32,84,pothole,NO,BLOCKED,0.0,1.0,0.017,0.0,
17:07:51.858,1.0152,1.0036,1.0041,5.0,pothole,1.0,normal,0.0,normal,0.0,CAUTION,45.0,0.32,84,pothole,NO,BLOCKED,0.0,1.0,0.006,0.0,
17:07:52.042,1.0451,1.0022,1.0001,5.0,pothole,1.0,normal,0.0,normal,0.0,CAUTION,45.1,0.32,84,pothole,NO,BLOCKED,0.0,1.0,0.018,0.0,
17:07:52.215,1.0173,1.01,1.0033,5.0,pothole,1.0,normal,0.0,normal,0.0,CAUTION,45.0,0.32,84,pothole,NO,BLOCKED,0.0,1.0,0.007,0.0,
17:07:52.391,1.0048,1.0065,1.0098,5.0,pothole,1.0,normal,0.0,normal,0.0,CAUTION,45.0,0.32,84,pothole,NO,BLOCKED,0.0,1.0,0.002,0.0,
17:07:52.576,1.0176,1.002,1.0078,5.0,pothole,1.0,normal,0.0,normal,0.0,CAUTION,45.0,0.32,84,pothole,NO,BLOCKED,0.0,1.0,0.007,0.0,
17:07:52.758,1.0006,1.0099,1.0057,5.0,pothole,1.0,normal,0.0,normal,0.0,CAUTION,45.0,0.32,84,pothole,NO,BLOCKED,0.0,1.0,0.0,0.0,
17:07:52.942,1.0175,1.0045,1.0047,5.0,pothole,1.0,normal,0.0,normal,0.0,CAUTION,45.0,0.32,84,pothole,NO,BLOCKED,0.0,1.0,0.007,0.0,
17:07:53.130,1.0355,1.0102,1.0123,5.0,pothole,1.0,normal,0.0,normal,0.0,CAUTION,45.1,0.32,84,pothole,NO,BLOCKED,0.0,1.0,0.014,0.0,
17:07:53.314,1.0633,1.0048,1.0063,0.0,normal,0.0,speed_hump,0.5142,normal,0.0,CAUTION,63.1,0.63,68,speed_hump,NO,BLOCKED,0.0,1.0,0.025,0.514,
17:07:53.482,1.0355,1.0027,1.0049,0.0,normal,0.0,normal,0.0,normal,0.0,CAUTION,36.0,0.25,87,braking,NO,BLOCKED,0.0,0.799,0.014,0.0,
17:07:53.663,1.0037,1.0064,1.0078,0.0,normal,0.0,speed_hump,0.5136,normal,0.0,CAUTION,44.2,0.31,85,speed_hump,NO,BLOCKED,0.0,0.583,0.001,0.514,
17:07:53.847,1.0102,1.011,1.0136,0.0,normal,0.0,normal,0.0,normal,0.0,CAUTION,19.2,0.0,100,braking,NO,BLOCKED,0.0,0.425,0.004,0.0,
17:07:54.036,1.0174,1.0078,1.0048,0.0,normal,0.0,normal,0.0,normal,0.0,CAUTION,14.0,0.0,100,braking,NO,BLOCKED,0.0,0.31,0.007,0.0,
17:07:54.228,1.0094,1.0018,1.0068,0.0,normal,0.0,normal,0.0,normal,0.0,NORMAL,10.2,0.0,100,normal,YES,PASS,0.0,0.227,0.004,0.0,
17:07:54.421,1.005,1.0092,1.002,0.0,normal,0.0,normal,0.0,normal,0.0,NORMAL,7.5,0.0,100,normal,YES,PASS,0.0,0.165,0.002,0.0,
17:07:54.598,1.0428,1.0129,1.0062,0.0,normal,0.0,normal,0.0,normal,0.0,NORMAL,5.5,0.0,100,normal,YES,PASS,0.0,0.121,0.017,0.0,
17:07:54.767,1.0372,1.0042,1.0068,0.0,normal,0.0,normal,0.0,normal,0.0,NORMAL,4.0,0.0,100,normal,YES,PASS,0.0,0.088,0.015,0.0,
17:07:54.963,1.0258,1.0037,1.0007,0.0,normal,0.0,normal,0.0,normal,0.0,NORMAL,2.9,0.0,100,normal,YES,PASS,0.0,0.064,0.01,0.0,
17:07:55.140,1.0219,1.0006,1.0082,0.0,normal,0.0,normal,0.0,normal,0.0,NORMAL,2.2,0.0,100,normal,YES,PASS,0.0,0.047,0.009,0.0,
17:07:55.320,1.0668,1.0073,1.0036,0.0,normal,0.0,normal,0.0,normal,0.0,NORMAL,1.7,0.0,100,normal,YES,PASS,0.0,0.034,0.027,0.0,
17:07:55.502,1.0329,1.0032,1.0094,0.0,normal,0.0,normal,0.0,normal,0.0,NORMAL,1.2,0.0,100,normal,YES,PASS,0.0,0.025,0.013,0.0,
17:07:55.665,1.0168,1.0106,1.0017,0.0,normal,0.0,normal,0.0,normal,0.0,NORMAL,0.9,0.0,100,normal,YES,PASS,0.0,0.018,0.007,0.0,
17:07:55.840,1.039,1.0016,1.0029,0.0,normal,0.0,normal,0.0,normal,0.0,NORMAL,0.7,0.0,100,normal,YES,PASS,0.0,0.013,0.016,0.0,
17:07:56.019,1.0449,1.0098,1.0051,0.0,normal,0.0,normal,0.0,normal,0.0,NORMAL,0.5,0.0,100,normal,YES,PASS,0.0,0.01,0.018,0.0,
17:07:56.182,1.0356,1.006,1.0066,0.0,normal,0.0,normal,0.0,normal,0.0,NORMAL,0.4,0.0,100,normal,YES,PASS,0.0,0.007,0.014,0.0,
17:07:56.370,1.0016,1.005,1.0075,0.0,normal,0.0,normal,0.0,normal,0.0,NORMAL,0.2,0.0,100,normal,YES,PASS,0.0,0.005,0.001,0.0,
17:07:56.566,1.0156,1.006,1.0029,0.0,normal,0.0,normal,0.0,normal,0.0,NORMAL,0.2,0.0,100,normal,YES,PASS,0.0,0.004,0.006,0.0,
17:07:56.752,1.017,1.0153,1.0096,0.0,normal,0.0,normal,0.0,normal,0.0,NORMAL,0.2,0.0,100,normal,YES,PASS,0.0,0.003,0.007,0.0,
17:07:56.946,1.0574,1.0106,1.0001,0.0,normal,0.0,normal,0.0,normal,0.0,NORMAL,0.2,0.0,100,normal,YES,PASS,0.0,0.002,0.023,0.0,
17:07:57.140,1.0222,1.0101,1.0029,0.0,normal,0.0,speed_hump,0.5381,normal,0.0,NORMAL,18.9,0.0,100,speed_hump,YES,PASS,0.0,0.001,0.009,0.538,
17:07:57.333,1.0118,1.0027,1.002,0.0,normal,0.0,speed_hump,0.5255,normal,0.0,NORMAL,18.5,0.0,100,speed_hump,YES,PASS,0.0,0.001,0.005,0.525,
17:07:57.528,1.0136,1.0129,1.0097,0.0,normal,0.0,normal,0.0,normal,0.0,NORMAL,0.1,0.0,100,normal,YES,PASS,0.0,0.001,0.005,0.0,
17:07:57.704,1.0445,1.008,1.01,0.0,normal,0.0,speed_hump,0.5045,normal,0.0,NORMAL,17.8,0.0,100,speed_hump,YES,PASS,0.0,0.001,0.018,0.505,
17:07:57.893,1.0093,1.0011,1.0092,0.0,normal,0.0,normal,0.0,normal,0.0,NORMAL,0.0,0.0,100,normal,YES,PASS,0.0,0.0,0.004,0.0,
17:07:58.068,1.0217,1.0121,1.0095,0.0,normal,0.0,normal,0.0,normal,0.0,NORMAL,0.1,0.0,100,normal,YES,PASS,0.0,0.0,0.009,0.0,
17:07:58.244,1.0223,1.0066,1.0037,0.0,normal,0.0,normal,0.0,normal,0.0,NORMAL,0.1,0.0,100,normal,YES,PASS,0.0,0.0,0.009,0.0,
17:07:58.422,1.0055,1.008,1.0114,0.0,normal,0.0,normal,0.0,normal,0.0,NORMAL,0.0,0.0,100,normal,YES,PASS,0.0,0.0,0.002,0.0,
17:07:58.602,1.0202,1.0054,1.0156,0.0,normal,0.0,speed_hump,0.5029,normal,0.0,NORMAL,17.6,0.0,100,speed_hump,YES,PASS,0.0,0.0,0.008,0.503,
17:07:58.780,1.0029,1.0116,1.0085,0.0,normal,0.0,normal,0.0,normal,0.0,NORMAL,0.0,0.0,100,normal,YES,PASS,0.0,0.0,0.001,0.0,
17:07:58.952,1.0143,1.0044,1.0044,0.0,normal,0.0,normal,0.0,normal,0.0,NORMAL,0.0,0.0,100,normal,YES,PASS,0.0,0.0,0.006,0.0,
17:07:59.130,1.0661,1.008,1.011,0.0,normal,0.0,speed_hump,0.524,normal,0.0,NORMAL,18.5,0.0,100,speed_hump,YES,PASS,0.0,0.0,0.026,0.524,
17:07:59.305,1.0234,1.0043,1.0076,0.0,normal,0.0,speed_hump,0.5084,normal,0.0,NORMAL,17.8,0.0,100,speed_hump,YES,PASS,0.0,0.0,0.009,0.508,
17:07:59.494,1.0456,1.0003,1.0026,0.0,normal,0.0,speed_hump,0.5202,normal,0.0,NORMAL,18.3,0.0,100,speed_hump,YES,PASS,0.0,0.0,0.018,0.52,
17:07:59.682,1.0296,1.0151,1.0138,4.6686,pothole,0.8343,normal,0.0,normal,0.0,NORMAL,17.1,0.0,100,pothole,YES,PASS,0.0,0.378,0.012,0.0,
17:07:59.846,1.0224,1.0042,1.0124,0.0,normal,0.0,speed_hump,0.525,normal,0.0,NORMAL,30.8,0.22,100,speed_hump,YES,PASS,0.0,0.276,0.009,0.525,
17:08:00.023,1.02,1.0053,1.0052,0.0,normal,0.0,speed_hump,0.5328,normal,0.0,NORMAL,27.8,0.19,100,speed_hump,YES,PASS,0.0,0.202,0.008,0.533,
17:08:00.208,1.0368,1.0096,1.0029,4.6686,pothole,0.8343,normal,0.0,normal,0.0,NORMAL,23.7,0.0,100,pothole,YES,PASS,0.0,0.525,0.015,0.0,
17:08:00.391,1.0465,1.0101,1.0047,4.6686,pothole,0.8343,normal,0.0,normal,0.0,CAUTION,34.4,0.24,88,pothole,NO,BLOCKED,0.0,0.762,0.019,0.0,
17:08:00.567,1.0454,1.0026,1.0059,4.6686,pothole,0.8343,normal,0.0,normal,0.0,CAUTION,42.1,0.29,85,pothole,NO,BLOCKED,0.0,0.934,0.018,0.0,
17:08:00.743,1.033,1.0083,1.007,4.6686,pothole,0.8343,normal,0.0,normal,0.0,CAUTION,45.1,0.32,84,pothole,NO,BLOCKED,0.0,1.0,0.013,0.0,
17:08:00.923,1.0262,1.0013,1.0015,4.6686,pothole,0.8343,normal,0.0,normal,0.0,CAUTION,45.1,0.32,84,pothole,NO,BLOCKED,0.0,1.0,0.01,0.0,
17:08:01.107,1.054,1.001,1.0043,4.6686,pothole,0.8343,normal,0.0,normal,0.0,CAUTION,45.1,0.32,84,pothole,NO,BLOCKED,0.0,1.0,0.022,0.0,
17:08:01.281,1.0346,1.0025,1.001,4.6686,pothole,0.8343,speed_hump,0.5005,normal,0.0,CAUTION,62.6,0.63,69,speed_hump,NO,BLOCKED,0.0,1.0,0.014,0.501,
17:08:01.452,1.0044,1.0068,1.0179,4.6686,pothole,0.8343,normal,0.0,normal,0.0,CAUTION,45.0,0.32,84,pothole,NO,BLOCKED,0.0,1.0,0.002,0.0,
17:08:01.635,1.0208,1.0119,1.0137,5.0,pothole,1.0,normal,0.0,normal,0.0,CAUTION,45.0,0.32,84,pothole,NO,BLOCKED,0.0,1.0,0.008,0.0,
17:08:01.809,1.0171,1.0058,1.0113,5.0,pothole,1.0,normal,0.0,normal,0.0,CAUTION,45.0,0.32,84,pothole,NO,BLOCKED,0.0,1.0,0.007,0.0,
17:08:01.981,1.0431,1.0105,1.0057,5.0,pothole,1.0,normal,0.0,normal,0.0,CAUTION,45.1,0.32,84,pothole,NO,BLOCKED,0.0,1.0,0.017,0.0,
17:08:02.163,1.043,1.0051,1.0021,0.0,normal,0.0,speed_hump,0.562,normal,0.0,CAUTION,64.8,0.65,68,speed_hump,NO,BLOCKED,0.0,1.0,0.017,0.562,
17:08:02.341,1.0431,1.0094,1.0101,0.0,normal,0.0,speed_hump,0.5574,normal,0.0,CAUTION,53.7,0.38,81,speed_hump,NO,BLOCKED,0.0,0.758,0.017,0.557,
17:08:02.524,1.0586,1.0114,1.0068,0.0,normal,0.0,normal,0.0,normal,0.0,CAUTION,25.0,0.18,91,braking,NO,BLOCKED,0.0,0.554,0.023,0.0,
17:08:02.707,1.0222,1.006,1.0095,0.0,normal,0.0,speed_hump,0.5155,normal,0.0,CAUTION,36.3,0.25,87,speed_hump,NO,BLOCKED,0.0,0.404,0.009,0.516,
17:08:02.880,1.0375,1.0002,1.0036,5.0,pothole,1.0,normal,0.0,normal,0.0,CAUTION,31.6,0.22,89,pothole,NO,BLOCKED,0.0,0.7,0.015,0.0,
17:08:03.061,1.0009,1.0075,1.0033,0.0,normal,0.0,speed_hump,0.5581,normal,0.0,CAUTION,42.5,0.3,85,speed_hump,NO,BLOCKED,0.0,0.511,0.0,0.558,
17:08:03.248,1.0291,1.0057,1.0018,0.0,normal,0.0,speed_hump,0.5381,normal,0.0,CAUTION,35.7,0.25,88,speed_hump,NO,BLOCKED,0.0,0.373,0.012,0.538,
17:08:03.430,1.0458,1.0019,1.0028,0.0,normal,0.0,normal,0.0,normal,0.0,CAUTION,12.3,0.0,100,braking,NO,BLOCKED,0.0,0.272,0.018,0.0,
17:08:03.610,1.0116,1.0072,1.0039,0.0,normal,0.0,normal,0.0,normal,0.0,CAUTION,9.0,0.0,100,braking,NO,BLOCKED,0.0,0.199,0.005,0.0,
17:08:03.845,1.0488,1.0135,1.013,0.0,normal,0.0,speed_hump,0.5087,normal,0.0,NORMAL,24.4,0.0,100,speed_hump,YES,PASS,0.0,0.145,0.02,0.509,
17:08:04.019,1.0171,1.012,1.0089,0.0,normal,0.0,speed_hump,0.5344,normal,0.0,NORMAL,23.5,0.0,100,speed_hump,YES,PASS,0.0,0.106,0.007,0.534,
17:08:04.202,1.0542,1.0097,1.0003,0.0,normal,0.0,speed_hump,0.5598,normal,0.0,NORMAL,23.2,0.0,100,speed_hump,YES,PASS,0.0,0.077,0.022,0.56,
17:08:04.384,1.0102,1.0114,1.0041,5.0,pothole,1.0,normal,0.0,normal,0.0,NORMAL,20.8,0.0,100,pothole,YES,PASS,0.0,0.462,0.004,0.0,
17:08:04.581,1.0498,1.0134,1.0069,5.0,pothole,1.0,normal,0.0,normal,0.0,NORMAL,33.5,0.23,100,pothole,YES,PASS,0.0,0.742,0.02,0.0,
17:08:04.758,1.036,1.0029,1.0063,5.0,pothole,1.0,normal,0.0,normal,0.0,NORMAL,42.7,0.3,100,pothole,YES,PASS,0.0,0.947,0.014,0.0,
17:08:04.930,1.0545,1.0058,1.0062,5.0,pothole,1.0,normal,0.0,normal,0.0,CAUTION,45.1,0.32,84,pothole,NO,BLOCKED,0.0,1.0,0.022,0.0,
17:08:05.114,1.0544,1.0023,1.0122,5.0,pothole,1.0,normal,0.0,normal,0.0,CAUTION,45.1,0.32,84,pothole,NO,BLOCKED,0.0,1.0,0.022,0.0,
17:08:05.296,1.04,1.0001,1.003,5.0,pothole,1.0,normal,0.0,normal,0.0,CAUTION,45.1,0.32,84,pothole,NO,BLOCKED,0.0,1.0,0.016,0.0,
17:08:05.470,1.0271,1.0033,1.0111,5.0,pothole,1.0,normal,0.0,normal,0.0,CAUTION,45.1,0.32,84,pothole,NO,BLOCKED,0.0,1.0,0.011,0.0,
17:08:05.644,1.0252,1.0102,1.0045,5.0,pothole,1.0,normal,0.0,normal,0.0,CAUTION,45.1,0.32,84,pothole,NO,BLOCKED,0.0,1.0,0.01,0.0,
17:08:05.816,1.0525,1.0105,1.0131,5.0,pothole,1.0,normal,0.0,normal,0.0,CAUTION,45.1,0.32,84,pothole,NO,BLOCKED,0.0,1.0,0.021,0.0,
17:08:05.994,1.0158,1.0064,1.0089,5.0,pothole,1.0,normal,0.0,normal,0.0,CAUTION,45.0,0.32,84,pothole,NO,BLOCKED,0.0,1.0,0.006,0.0,
17:08:06.169,1.0735,1.0072,1.0015,5.0,pothole,1.0,normal,0.0,normal,0.0,CAUTION,45.1,0.32,84,pothole,NO,BLOCKED,0.0,1.0,0.029,0.0,
17:08:06.346,1.0331,1.0136,1.0093,5.0,pothole,1.0,normal,0.0,normal,0.0,CAUTION,45.1,0.32,84,pothole,NO,BLOCKED,0.0,1.0,0.013,0.0,
17:08:06.522,1.0389,1.0083,1.0041,5.0,pothole,1.0,normal,0.0,normal,0.0,CAUTION,45.1,0.32,84,pothole,NO,BLOCKED,0.0,1.0,0.016,0.0,
17:08:06.696,1.0307,1.013,1.0129,5.0,pothole,1.0,normal,0.0,normal,0.0,CAUTION,45.1,0.32,84,pothole,NO,BLOCKED,0.0,1.0,0.012,0.0,
17:08:06.869,1.0243,1.0023,1.0034,5.0,pothole,1.0,normal,0.0,normal,0.0,CAUTION,45.0,0.32,84,pothole,NO,BLOCKED,0.0,1.0,0.01,0.0,
17:08:07.048,1.0414,1.0113,1.0048,5.0,pothole,1.0,normal,0.0,normal,0.0,CAUTION,45.1,0.32,84,pothole,NO,BLOCKED,0.0,1.0,0.017,0.0,
17:08:07.225,1.0319,1.008,1.0004,0.0,normal,0.0,speed_hump,0.5296,normal,0.0,CAUTION,63.6,0.64,68,speed_hump,NO,BLOCKED,0.0,1.0,0.013,0.53,
17:08:07.400,1.0707,1.0084,1.0105,0.0,normal,0.0,speed_hump,0.5319,normal,0.0,CAUTION,54.5,0.38,81,speed_hump,NO,BLOCKED,0.0,0.794,0.028,0.532,
17:08:07.577,1.0213,1.007,1.0024,0.0,normal,0.0,speed_hump,0.5176,normal,0.0,CAUTION,44.2,0.31,85,speed_hump,NO,BLOCKED,0.0,0.58,0.009,0.518,
17:08:07.752,1.0055,1.0131,1.0023,0.0,normal,0.0,speed_hump,0.5081,normal,0.0,CAUTION,36.8,0.26,87,speed_hump,NO,BLOCKED,0.0,0.423,0.002,0.508,
17:08:07.921,1.0357,1.0022,1.0066,0.0,normal,0.0,speed_hump,0.5228,normal,0.0,CAUTION,32.3,0.23,89,speed_hump,NO,BLOCKED,0.0,0.309,0.014,0.523,
17:08:08.086,1.0279,1.0035,1.0005,0.0,normal,0.0,normal,0.0,normal,0.0,CAUTION,10.2,0.0,100,braking,NO,BLOCKED,0.0,0.225,0.011,0.0,
17:08:08.280,1.038,1.0051,1.0085,0.0,normal,0.0,normal,0.0,normal,0.0,CAUTION,7.5,0.0,100,braking,NO,BLOCKED,0.0,0.164,0.015,0.0,
17:08:08.471,1.0419,1.0098,1.0028,0.0,normal,0.0,normal,0.0,normal,0.0,NORMAL,5.5,0.0,100,normal,YES,PASS,0.0,0.12,0.017,0.0,
17:08:08.652,1.0044,1.0021,1.0001,0.0,normal,0.0,normal,0.0,normal,0.0,NORMAL,4.0,0.0,100,normal,YES,PASS,0.0,0.088,0.002,0.0,
17:08:08.822,1.0639,1.0076,1.0032,0.0,normal,0.0,speed_hump,0.539,normal,0.0,NORMAL,21.9,0.0,100,speed_hump,YES,PASS,0.0,0.064,0.026,0.539,
17:08:08.990,1.0306,1.0008,1.0089,0.0,normal,0.0,normal,0.0,normal,0.0,NORMAL,2.2,0.0,100,normal,YES,PASS,0.0,0.047,0.012,0.0,
17:08:09.163,1.0104,1.0092,1.0084,0.0,normal,0.0,speed_hump,0.5294,normal,0.0,NORMAL,20.1,0.0,100,speed_hump,YES,PASS,0.0,0.034,0.004,0.529,
17:08:09.349,1.0328,1.0147,1.0076,0.0,normal,0.0,speed_hump,0.5469,normal,0.0,NORMAL,20.3,0.0,100,speed_hump,YES,PASS,0.0,0.025,0.013,0.547,
17:08:09.523,1.0325,1.0045,1.0047,0.0,normal,0.0,speed_hump,0.533,normal,0.0,NORMAL,19.5,0.0,100,speed_hump,YES,PASS,0.0,0.018,0.013,0.533,
17:08:09.702,1.0212,1.0088,1.0065,0.0,normal,0.0,speed_hump,0.5249,normal,0.0,NORMAL,19.0,0.0,100,speed_hump,YES,PASS,0.0,0.013,0.008,0.525,
17:08:09.887,1.0012,1.0075,1.0103,0.0,normal,0.0,speed_hump,0.5344,normal,0.0,NORMAL,19.1,0.0,100,speed_hump,YES,PASS,0.0,0.01,0.0,0.534,
17:08:10.059,1.0503,1.0078,1.0051,0.0,normal,0.0,speed_hump,0.5143,normal,0.0,NORMAL,18.4,0.0,100,speed_hump,YES,PASS,0.0,0.007,0.02,0.514,
17:08:10.231,1.0567,1.0033,1.0065,0.0,normal,0.0,normal,0.0,normal,0.0,NORMAL,0.3,0.0,100,normal,YES,PASS,0.0,0.005,0.023,0.0,
17:08:10.382,1.0392,1.0003,1.0009,0.0,normal,0.0,normal,0.0,normal,0.0,NORMAL,0.2,0.0,100,normal,YES,PASS,0.0,0.004,0.016,0.0,
17:08:10.573,1.0292,1.0074,1.0125,0.0,normal,0.0,normal,0.0,normal,0.0,NORMAL,0.2,0.0,100,normal,YES,PASS,0.0,0.003,0.012,0.0,
17:08:10.756,1.0125,1.0017,1.0045,0.0,normal,0.0,normal,0.0,normal,0.0,NORMAL,0.1,0.0,100,normal,YES,PASS,0.0,0.002,0.005,0.0,
17:08:10.920,1.0281,1.0019,1.0022,0.0,normal,0.0,normal,0.0,normal,0.0,NORMAL,0.1,0.0,100,normal,YES,PASS,0.0,0.001,0.011,0.0,
17:08:11.097,1.0479,1.0063,1.0041,0.0,normal,0.0,normal,0.0,normal,0.0,NORMAL,0.1,0.0,100,normal,YES,PASS,0.0,0.001,0.019,0.0,
17:08:11.270,1.0084,1.0022,1.0081,0.0,normal,0.0,speed_hump,0.5278,normal,0.0,NORMAL,18.5,0.0,100,speed_hump,YES,PASS,0.0,0.001,0.003,0.528,
17:08:11.453,1.0497,1.0002,1.0111,0.0,normal,0.0,speed_hump,0.5142,normal,0.0,NORMAL,18.1,0.0,100,speed_hump,YES,PASS,0.0,0.001,0.02,0.514,
17:08:11.638,1.0613,1.0095,1.0065,0.0,normal,0.0,speed_hump,0.523,normal,0.0,NORMAL,18.4,0.0,100,speed_hump,YES,PASS,0.0,0.0,0.025,0.523,
17:08:11.820,1.0429,1.0066,1.0102,0.0,normal,0.0,speed_hump,0.5159,normal,0.0,NORMAL,18.2,0.0,100,speed_hump,YES,PASS,0.0,0.0,0.017,0.516,
17:08:11.987,1.0445,1.0051,1.0078,0.0,normal,0.0,normal,0.0,normal,0.0,NORMAL,0.1,0.0,100,normal,YES,PASS,0.0,0.0,0.018,0.0,
17:08:12.157,1.0217,1.0088,1.0014,0.0,normal,0.0,normal,0.0,normal,0.0,NORMAL,0.1,0.0,100,normal,YES,PASS,0.0,0.0,0.009,0.0,
17:08:12.335,1.0268,1.0069,1.001,0.0,normal,0.0,normal,0.0,normal,0.0,NORMAL,0.1,0.0,100,normal,YES,PASS,0.0,0.0,0.011,0.0,
17:08:12.515,1.0094,1.0026,1.0004,0.0,normal,0.0,normal,0.0,normal,0.0,NORMAL,0.0,0.0,100,normal,YES,PASS,0.0,0.0,0.004,0.0,
17:08:12.688,1.0431,1.0002,1.0066,0.0,normal,0.0,normal,0.0,normal,0.0,NORMAL,0.1,0.0,100,normal,YES,PASS,0.0,0.0,0.017,0.0,
17:08:12.883,1.0011,1.01,1.0003,0.0,normal,0.0,normal,0.0,normal,0.0,NORMAL,0.0,0.0,100,normal,YES,PASS,0.0,0.0,0.0,0.0,
17:08:13.049,1.0343,1.0153,1.0052,0.0,normal,0.0,normal,0.0,normal,0.0,NORMAL,0.1,0.0,100,normal,YES,PASS,0.0,0.0,0.014,0.0,
17:08:13.222,1.0191,1.0028,1.0014,0.0,normal,0.0,normal,0.0,normal,0.0,NORMAL,0.0,0.0,100,normal,YES,PASS,0.0,0.0,0.008,0.0,
17:08:13.393,1.0016,1.0099,1.0081,0.0,normal,0.0,normal,0.0,normal,0.0,NORMAL,0.0,0.0,100,normal,YES,PASS,0.0,0.0,0.001,0.0,
17:08:13.564,1.0544,1.0015,1.004,0.0,normal,0.0,normal,0.0,normal,0.0,NORMAL,0.1,0.0,100,normal,YES,PASS,0.0,0.0,0.022,0.0,
17:08:13.744,1.0036,1.0084,1.0033,0.0,normal,0.0,normal,0.0,normal,0.0,NORMAL,0.0,0.0,100,normal,YES,PASS,0.0,0.0,0.001,0.0,
17:08:13.921,1.0476,1.0082,1.0022,0.0,normal,0.0,normal,0.0,normal,0.0,NORMAL,0.1,0.0,100,normal,YES,PASS,0.0,0.0,0.019,0.0,
17:08:14.099,1.038,1.0127,1.0133,0.0,normal,0.0,normal,0.0,normal,0.0,NORMAL,0.1,0.0,100,normal,YES,PASS,0.0,0.0,0.015,0.0,
17:08:14.267,1.0212,1.0094,1.0094,0.0,normal,0.0,normal,0.0,normal,0.0,NORMAL,0.0,0.0,100,normal,YES,PASS,0.0,0.0,0.008,0.0,
17:08:14.446,1.023,1.0128,1.0124,0.0,normal,0.0,normal,0.0,normal,0.0,NORMAL,0.0,0.0,100,normal,YES,PASS,0.0,0.0,0.009,0.0,
17:08:14.622,1.0304,1.0047,1.0004,0.0,normal,0.0,normal,0.0,normal,0.0,NORMAL,0.1,0.0,100,normal,YES,PASS,0.0,0.0,0.012,0.0,
17:08:14.805,1.0132,1.0005,1.0033,0.0,normal,0.0,normal,0.0,normal,0.0,NORMAL,0.0,0.0,100,normal,YES,PASS,0.0,0.0,0.005,0.0,
17:08:14.983,1.0118,1.0103,1.0022,0.0,normal,0.0,normal,0.0,normal,0.0,NORMAL,0.0,0.0,100,normal,YES,PASS,0.0,0.0,0.005,0.0,
17:08:15.164,1.0562,1.0073,1.0068,0.0,normal,0.0,normal,0.0,normal,0.0,NORMAL,0.1,0.0,100,normal,YES,PASS,0.0,0.0,0.022,0.0,
17:08:15.333,1.0015,1.0124,1.0024,0.0,normal,0.0,normal,0.0,normal,0.0,NORMAL,0.0,0.0,100,normal,YES,PASS,0.0,0.0,0.001,0.0,
17:08:15.508,1.0079,1.0032,1.0008,0.0,normal,0.0,normal,0.0,normal,0.0,NORMAL,0.0,0.0,100,normal,YES,PASS,0.0,0.0,0.003,0.0,
17:08:15.691,1.0201,1.0022,1.0055,0.0,normal,0.0,normal,0.0,normal,0.0,NORMAL,0.0,0.0,100,normal,YES,PASS,0.0,0.0,0.008,0.0,
17:08:15.874,1.0065,1.0006,1.0111,0.0,normal,0.0,normal,0.0,normal,0.0,NORMAL,0.0,0.0,100,normal,YES,PASS,0.0,0.0,0.003,0.0,
17:08:16.046,1.0562,1.0039,1.0072,0.0,normal,0.0,normal,0.0,normal,0.0,NORMAL,0.1,0.0,100,normal,YES,PASS,0.0,0.0,0.022,0.0,
17:08:16.222,1.0587,1.0003,1.0058,0.0,normal,0.0,speed_hump,0.5064,normal,0.0,NORMAL,17.8,0.0,100,speed_hump,YES,PASS,0.0,0.0,0.023,0.506,
17:08:16.394,1.0386,1.0063,1.007,0.0,normal,0.0,normal,0.0,normal,0.0,NORMAL,0.1,0.0,100,normal,YES,PASS,0.0,0.0,0.015,0.0,
17:08:16.578,1.0177,1.0102,1.0042,0.0,normal,0.0,normal,0.0,normal,0.0,NORMAL,0.0,0.0,100,normal,YES,PASS,0.0,0.0,0.007,0.0,
17:08:16.749,1.0378,1.0046,1.0047,0.0,normal,0.0,normal,0.0,normal,0.0,NORMAL,0.1,0.0,100,normal,YES,PASS,0.0,0.0,0.015,0.0,
17:08:16.923,1.0445,1.0099,1.0061,0.0,normal,0.0,normal,0.0,normal,0.0,NORMAL,0.1,0.0,100,normal,YES,PASS,0.0,0.0,0.018,0.0,
17:08:17.111,1.0063,1.0066,1.0042,0.0,normal,0.0,normal,0.0,normal,0.0,NORMAL,0.0,0.0,100,normal,YES,PASS,0.0,0.0,0.003,0.0,
17:08:17.286,1.0553,1.0009,1.0084,0.0,normal,0.0,normal,0.0,normal,0.0,NORMAL,0.1,0.0,100,normal,YES,PASS,0.0,0.0,0.022,0.0,
17:08:17.464,1.009,1.0028,1.0091,0.0,normal,0.0,normal,0.0,normal,0.0,NORMAL,0.0,0.0,100,normal,YES,PASS,0.0,0.0,0.004,0.0,
17:08:17.629,1.0208,1.0074,1.0072,0.0,normal,0.0,normal,0.0,normal,0.0,NORMAL,0.0,0.0,100,normal,YES,PASS,0.0,0.0,0.008,0.0,
17:08:17.806,1.0127,1.0118,1.0004,0.0,normal,0.0,normal,0.0,normal,0.0,NORMAL,0.0,0.0,100,normal,YES,PASS,0.0,0.0,0.005,0.0,
17:08:17.986,1.0428,1.0071,1.0134,0.0,normal,0.0,normal,0.0,normal,0.0,NORMAL,0.1,0.0,100,normal,YES,PASS,0.0,0.0,0.017,0.0,
17:08:18.159,1.0331,1.0008,1.0013,0.0,normal,0.0,normal,0.0,normal,0.0,NORMAL,0.1,0.0,100,normal,YES,PASS,0.0,0.0,0.013,0.0,
17:08:18.332,1.0035,1.0106,1.0088,0.0,normal,0.0,normal,0.0,normal,0.0,NORMAL,0.0,0.0,100,normal,YES,PASS,0.0,0.0,0.001,0.0,
17:08:18.509,1.0421,1.0081,1.0076,0.0,normal,0.0,normal,0.0,normal,0.0,NORMAL,0.1,0.0,100,normal,YES,PASS,0.0,0.0,0.017,0.0,
17:08:18.664,1.0437,1.0046,1.0015,0.0,normal,0.0,normal,0.0,normal,0.0,NORMAL,0.1,0.0,100,normal,YES,PASS,0.0,0.0,0.017,0.0,
17:08:18.842,1.0502,1.0123,1.0104,0.0,normal,0.0,normal,0.0,normal,0.0,NORMAL,0.1,0.0,100,normal,YES,PASS,0.0,0.0,0.02,0.0,
17:08:19.019,1.0326,1.0066,1.0089,0.0,normal,0.0,normal,0.0,normal,0.0,NORMAL,0.1,0.0,100,normal,YES,PASS,0.0,0.0,0.013,0.0,
17:08:19.196,1.0,1.0109,1.0161,0.0,normal,0.0,speed_hump,0.5005,normal,0.0,NORMAL,17.5,0.0,100,speed_hump,YES,PASS,0.0,0.0,0.0,0.5,
17:08:19.364,1.0144,1.004,1.0048,0.0,normal,0.0,normal,0.0,normal,0.0,NORMAL,0.0,0.0,100,normal,YES,PASS,0.0,0.0,0.006,0.0,
17:08:19.539,1.0494,1.007,1.0031,0.0,normal,0.0,normal,0.0,normal,0.0,NORMAL,0.1,0.0,100,normal,YES,PASS,0.0,0.0,0.02,0.0,
17:08:19.695,1.0313,1.0017,1.0037,0.0,normal,0.0,normal,0.0,normal,0.0,NORMAL,0.1,0.0,100,normal,YES,PASS,0.0,0.0,0.013,0.0,
17:08:19.861,1.0191,1.0018,1.0099,0.0,normal,0.0,speed_hump,0.523,normal,0.0,NORMAL,18.3,0.0,100,speed_hump,YES,PASS,0.0,0.0,0.008,0.523,
17:08:20.045,1.038,1.01,1.0064,0.0,normal,0.0,speed_hump,0.5106,normal,0.0,NORMAL,17.9,0.0,100,speed_hump,YES,PASS,0.0,0.0,0.015,0.511,
17:08:20.235,1.0028,1.006,1.0004,0.0,normal,0.0,speed_hump,0.5077,normal,0.0,NORMAL,17.8,0.0,100,speed_hump,YES,PASS,0.0,0.0,0.001,0.508,
17:08:20.406,1.0598,1.008,1.0144,0.0,normal,0.0,normal,0.0,normal,0.0,NORMAL,0.1,0.0,100,normal,YES,PASS,0.0,0.0,0.024,0.0,
17:08:20.575,1.0506,1.0023,1.0056,0.0,normal,0.0,normal,0.0,normal,0.0,NORMAL,0.1,0.0,100,normal,YES,PASS,0.0,0.0,0.02,0.0,
17:08:20.742,1.0134,1.0105,1.0031,0.0,normal,0.0,normal,0.0,normal,0.0,NORMAL,0.0,0.0,100,normal,YES,PASS,0.0,0.0,0.005,0.0,
17:08:20.911,1.0452,1.0069,1.0004,0.0,normal,0.0,speed_hump,0.5004,normal,0.0,NORMAL,17.6,0.0,100,speed_hump,YES,PASS,0.0,0.0,0.018,0.5,
17:08:21.084,1.0161,1.0008,1.007,0.0,normal,0.0,speed_hump,0.516,normal,0.0,NORMAL,18.1,0.0,100,speed_hump,YES,PASS,0.0,0.0,0.006,0.516,
17:08:21.261,1.0591,1.0055,1.0122,0.0,normal,0.0,normal,0.0,normal,0.0,NORMAL,0.1,0.0,100,normal,YES,PASS,0.0,0.0,0.024,0.0,
17:08:21.426,1.0053,1.0041,1.0052,0.0,normal,0.0,normal,0.0,normal,0.0,NORMAL,0.0,0.0,100,normal,YES,PASS,0.0,0.0,0.002,0.0,
17:08:21.592,1.0257,1.0024,1.0102,0.0,normal,0.0,normal,0.0,normal,0.0,NORMAL,0.1,0.0,100,normal,YES,PASS,0.0,0.0,0.01,0.0,
17:08:21.767,1.0255,1.0084,1.0074,0.0,normal,0.0,normal,0.0,normal,0.0,NORMAL,0.1,0.0,100,normal,YES,PASS,0.0,0.0,0.01,0.0,
17:08:21.942,1.0338,1.0087,1.0124,0.0,normal,0.0,normal,0.0,normal,0.0,NORMAL,0.1,0.0,100,normal,YES,PASS,0.0,0.0,0.014,0.0,
17:08:22.118,1.0384,1.0074,1.006,0.0,normal,0.0,normal,0.0,normal,0.0,NORMAL,0.1,0.0,100,normal,YES,PASS,0.0,0.0,0.015,0.0,
17:08:22.293,1.0319,1.0008,1.0022,0.0,normal,0.0,normal,0.0,normal,0.0,NORMAL,0.1,0.0,100,normal,YES,PASS,0.0,0.0,0.013,0.0,
17:08:22.460,1.0652,1.0133,1.0033,0.0,normal,0.0,normal,0.0,normal,0.0,NORMAL,0.1,0.0,100,normal,YES,PASS,0.0,0.0,0.026,0.0,
17:08:22.630,1.0558,1.0099,1.0142,0.0,normal,0.0,normal,0.0,normal,0.0,NORMAL,0.1,0.0,100,normal,YES,PASS,0.0,0.0,0.022,0.0,
17:08:22.806,1.0126,1.0101,1.0077,0.0,normal,0.0,normal,0.0,normal,0.0,NORMAL,0.0,0.0,100,normal,YES,PASS,0.0,0.0,0.005,0.0,
17:08:22.978,1.0136,1.0021,1.0018,0.0,normal,0.0,normal,0.0,normal,0.0,NORMAL,0.0,0.0,100,normal,YES,PASS,0.0,0.0,0.005,0.0,
17:08:23.148,1.0659,1.0123,1.0031,0.0,normal,0.0,normal,0.0,normal,0.0,NORMAL,0.1,0.0,100,normal,YES,PASS,0.0,0.0,0.026,0.0,
17:08:23.322,1.042,1.0022,1.0106,0.0,normal,0.0,speed_hump,0.5028,normal,0.0,NORMAL,17.7,0.0,100,speed_hump,YES,PASS,0.0,0.0,0.017,0.503,
17:08:23.487,1.0343,1.0071,1.0142,0.0,normal,0.0,normal,0.0,normal,0.0,NORMAL,0.1,0.0,100,normal,YES,PASS,0.0,0.0,0.014,0.0,
17:08:23.656,1.0456,1.0013,1.0034,0.0,normal,0.0,normal,0.0,normal,0.0,NORMAL,0.1,0.0,100,normal,YES,PASS,0.0,0.0,0.018,0.0,
17:08:23.833,1.0577,1.0007,1.0078,0.0,normal,0.0,normal,0.0,normal,0.0,NORMAL,0.1,0.0,100,normal,YES,PASS,0.0,0.0,0.023,0.0,
17:08:23.999,1.0069,1.0072,1.0027,0.0,normal,0.0,normal,0.0,normal,0.0,NORMAL,0.0,0.0,100,normal,YES,PASS,0.0,0.0,0.003,0.0,
17:08:24.168,1.0295,1.007,1.0043,0.0,normal,0.0,normal,0.0,normal,0.0,NORMAL,0.1,0.0,100,normal,YES,PASS,0.0,0.0,0.012,0.0,
17:08:24.329,1.008,1.0041,1.0031,0.0,normal,0.0,normal,0.0,normal,0.0,NORMAL,0.0,0.0,100,normal,YES,PASS,0.0,0.0,0.003,0.0,
17:08:24.500,1.0175,1.0159,1.0125,0.0,normal,0.0,speed_hump,0.5128,normal,0.0,NORMAL,18.0,0.0,100,speed_hump,YES,PASS,0.0,0.0,0.007,0.513,
17:08:24.671,1.0587,1.0039,1.0082,0.0,normal,0.0,normal,0.0,normal,0.0,NORMAL,0.1,0.0,100,normal,YES,PASS,0.0,0.0,0.023,0.0,
17:08:24.847,1.0368,1.0138,1.0128,0.0,normal,0.0,normal,0.0,normal,0.0,NORMAL,0.1,0.0,100,normal,YES,PASS,0.0,0.0,0.015,0.0,
17:08:25.020,1.0541,1.0007,1.006,0.0,normal,0.0,normal,0.0,normal,0.0,NORMAL,0.1,0.0,100,normal,YES,PASS,0.0,0.0,0.022,0.0,
17:08:25.194,1.0701,1.0081,1.0068,0.0,normal,0.0,speed_hump,0.5083,normal,0.0,NORMAL,17.9,0.0,100,speed_hump,YES,PASS,0.0,0.0,0.028,0.508,
17:08:25.367,1.0012,1.0055,1.0019,0.0,normal,0.0,normal,0.0,normal,0.0,NORMAL,0.0,0.0,100,normal,YES,PASS,0.0,0.0,0.0,0.0,
17:08:25.576,1.0089,1.012,1.0069,0.0,normal,0.0,normal,0.0,normal,0.0,NORMAL,0.0,0.0,100,normal,YES,PASS,0.0,0.0,0.004,0.0,
17:08:25.769,1.0602,1.0128,1.0013,0.0,normal,0.0,normal,0.0,normal,0.0,NORMAL,0.1,0.0,100,normal,YES,PASS,0.0,0.0,0.024,0.0,
17:08:25.952,1.0148,1.0052,1.0117,5.0,pothole,1.0,normal,0.0,normal,0.0,NORMAL,18.3,0.0,100,pothole,YES,PASS,0.0,0.405,0.006,0.0,
17:08:26.130,1.0259,1.0118,1.0073,5.0,pothole,1.0,normal,0.0,normal,0.0,NORMAL,31.6,0.22,100,pothole,YES,PASS,0.0,0.701,0.01,0.0,
17:08:26.290,1.0515,1.0034,1.0017,5.0,pothole,1.0,normal,0.0,normal,0.0,NORMAL,41.4,0.29,100,pothole,YES,PASS,0.0,0.917,0.021,0.0,
17:08:26.463,1.0275,1.0024,1.0063,5.0,pothole,1.0,normal,0.0,normal,0.0,CAUTION,45.1,0.32,84,pothole,NO,BLOCKED,0.0,1.0,0.011,0.0,
17:08:26.639,1.0482,1.0007,1.0127,5.0,pothole,1.0,normal,0.0,normal,0.0,CAUTION,45.1,0.32,84,pothole,NO,BLOCKED,0.0,1.0,0.019,0.0,
17:08:26.811,1.0554,1.0094,1.0048,5.0,pothole,1.0,normal,0.0,normal,0.0,CAUTION,45.1,0.32,84,pothole,NO,BLOCKED,0.0,1.0,0.022,0.0,
17:08:26.988,1.0515,1.0055,1.0055,5.0,pothole,1.0,normal,0.0,normal,0.0,CAUTION,45.1,0.32,84,pothole,NO,BLOCKED,0.0,1.0,0.021,0.0,
17:08:27.164,1.0217,1.0076,1.0009,5.0,pothole,1.0,normal,0.0,normal,0.0,CAUTION,45.0,0.32,84,pothole,NO,BLOCKED,0.0,1.0,0.009,0.0,
17:08:27.340,1.0037,1.0026,1.0015,5.0,pothole,1.0,normal,0.0,normal,0.0,CAUTION,45.0,0.32,84,pothole,NO,BLOCKED,0.0,1.0,0.001,0.0,
17:08:27.520,1.0671,1.0124,1.0054,0.0,normal,0.0,speed_hump,0.5175,normal,0.0,CAUTION,63.2,0.63,68,speed_hump,NO,BLOCKED,0.0,1.0,0.027,0.518,
17:08:27.695,1.0362,1.0008,1.0008,0.0,normal,0.0,speed_hump,0.5081,normal,0.0,CAUTION,51.7,0.36,82,speed_hump,NO,BLOCKED,0.0,0.752,0.014,0.508,
17:08:27.879,1.0402,1.0018,1.0022,0.0,normal,0.0,normal,0.0,normal,0.0,CAUTION,24.8,0.0,100,braking,NO,BLOCKED,0.0,0.549,0.016,0.0,
17:08:28.052,1.0358,1.0072,1.0042,0.0,normal,0.0,normal,0.0,normal,0.0,CAUTION,18.1,0.0,100,braking,NO,BLOCKED,0.0,0.401,0.014,0.0,
17:08:28.230,1.013,1.0005,1.0046,0.0,normal,0.0,normal,0.0,normal,0.0,NORMAL,13.2,0.0,100,normal,YES,PASS,0.0,0.292,0.005,0.0,
17:08:28.400,1.0488,1.0002,1.0055,0.0,normal,0.0,normal,0.0,normal,0.0,NORMAL,9.7,0.0,100,normal,YES,PASS,0.0,0.213,0.02,0.0,
17:08:28.588,1.0216,1.0111,1.0009,0.0,normal,0.0,normal,0.0,normal,0.0,NORMAL,7.1,0.0,100,normal,YES,PASS,0.0,0.156,0.009,0.0,
17:08:28.766,1.0047,1.0067,1.01,0.0,normal,0.0,normal,0.0,normal,0.0,NORMAL,5.1,0.0,100,normal,YES,PASS,0.0,0.114,0.002,0.0,
17:08:28.930,1.0453,1.0043,1.0049,4.4833,pothole,0.7416,normal,0.0,normal,0.0,NORMAL,20.2,0.0,100,pothole,YES,PASS,0.0,0.446,0.018,0.0,
17:08:29.111,1.0378,1.0151,1.0112,4.4833,pothole,0.7416,normal,0.0,normal,0.0,NORMAL,31.1,0.22,100,pothole,YES,PASS,0.0,0.689,0.015,0.0,
17:08:29.292,1.0524,1.0115,1.011,4.4833,pothole,0.7416,normal,0.0,normal,0.0,NORMAL,39.1,0.27,100,pothole,YES,PASS,0.0,0.866,0.021,0.0,
17:08:29.463,1.0296,1.0057,1.0083,0.0,normal,0.0,speed_hump,0.5122,normal,0.0,CAUTION,46.4,0.33,84,speed_hump,NO,BLOCKED,0.0,0.632,0.012,0.512,
17:08:29.628,1.02,1.0106,1.0054,4.4833,pothole,0.7416,normal,0.0,normal,0.0,CAUTION,37.2,0.26,87,pothole,NO,BLOCKED,0.0,0.825,0.008,0.0,
17:08:29.801,1.0586,1.0023,1.0111,0.0,normal,0.0,speed_hump,0.5356,normal,0.0,CAUTION,46.0,0.32,84,speed_hump,NO,BLOCKED,0.0,0.602,0.023,0.536,
17:08:29.978,1.0169,1.0105,1.0023,0.0,normal,0.0,speed_hump,0.5425,normal,0.0,CAUTION,38.8,0.27,86,speed_hump,NO,BLOCKED,0.0,0.439,0.007,0.542,
17:08:30.141,1.0516,1.0059,1.0088,0.0,normal,0.0,speed_hump,0.525,normal,0.0,CAUTION,32.9,0.23,88,speed_hump,NO,BLOCKED,0.0,0.321,0.021,0.525,
17:08:30.318,1.0101,1.0036,1.0092,0.0,normal,0.0,speed_hump,0.5156,normal,0.0,CAUTION,28.6,0.2,90,speed_hump,NO,BLOCKED,0.0,0.234,0.004,0.516,
17:08:30.492,1.0108,1.0005,1.0104,0.0,normal,0.0,speed_hump,0.5205,normal,0.0,CAUTION,25.9,0.18,91,speed_hump,NO,BLOCKED,0.0,0.171,0.004,0.52,
17:08:30.674,1.0552,1.0053,1.0128,0.0,normal,0.0,speed_hump,0.5319,normal,0.0,CAUTION,24.3,0.0,100,speed_hump,NO,BLOCKED,0.0,0.125,0.022,0.532,
17:08:30.848,1.0333,1.0042,1.0016,0.0,normal,0.0,speed_hump,0.5119,normal,0.0,CAUTION,22.1,0.0,100,speed_hump,NO,BLOCKED,0.0,0.091,0.013,0.512,
17:08:31.020,1.0409,1.0085,1.0037,0.0,normal,0.0,normal,0.0,normal,0.0,NORMAL,3.1,0.0,100,normal,YES,PASS,0.0,0.066,0.016,0.0,
17:08:31.196,1.017,1.0044,1.0012,0.0,normal,0.0,speed_hump,0.5199,normal,0.0,NORMAL,20.4,0.0,100,speed_hump,YES,PASS,0.0,0.048,0.007,0.52,
17:08:31.389,1.0673,1.0102,1.0052,0.0,normal,0.0,normal,0.0,normal,0.0,NORMAL,1.7,0.0,100,normal,YES,PASS,0.0,0.035,0.027,0.0,
17:08:31.579,1.0065,1.0052,1.0015,0.0,normal,0.0,normal,0.0,normal,0.0,NORMAL,1.2,0.0,100,normal,YES,PASS,0.0,0.026,0.003,0.0,
17:08:31.753,1.0316,1.0034,1.0051,0.0,normal,0.0,normal,0.0,normal,0.0,NORMAL,0.9,0.0,100,normal,YES,PASS,0.0,0.019,0.013,0.0,
17:08:31.926,1.0359,1.0046,1.0093,0.0,normal,0.0,normal,0.0,normal,0.0,NORMAL,0.7,0.0,100,normal,YES,PASS,0.0,0.014,0.014,0.0,
17:08:32.099,1.0355,1.0088,1.0092,0.0,normal,0.0,normal,0.0,normal,0.0,NORMAL,0.5,0.0,100,normal,YES,PASS,0.0,0.01,0.014,0.0,
17:08:32.262,1.0538,1.0047,1.0061,0.0,normal,0.0,normal,0.0,normal,0.0,NORMAL,0.4,0.0,100,normal,YES,PASS,0.0,0.007,0.022,0.0,
17:08:32.437,1.0389,1.0045,1.0015,0.0,normal,0.0,normal,0.0,normal,0.0,NORMAL,0.3,0.0,100,normal,YES,PASS,0.0,0.005,0.016,0.0,
17:08:32.609,1.0422,1.0128,1.0077,0.0,normal,0.0,normal,0.0,normal,0.0,NORMAL,0.3,0.0,100,normal,YES,PASS,0.0,0.004,0.017,0.0,
17:08:32.783,1.0255,1.0055,1.0109,0.0,normal,0.0,normal,0.0,normal,0.0,NORMAL,0.2,0.0,100,normal,YES,PASS,0.0,0.003,0.01,0.0,
17:08:32.954,1.0149,1.0042,1.0095,0.0,normal,0.0,normal,0.0,normal,0.0,NORMAL,0.1,0.0,100,normal,YES,PASS,0.0,0.002,0.006,0.0,
17:08:33.118,1.0367,1.0025,1.0092,0.0,normal,0.0,normal,0.0,normal,0.0,NORMAL,0.1,0.0,100,normal,YES,PASS,0.0,0.002,0.015,0.0,
17:08:33.286,1.009,1.0058,1.0031,0.0,normal,0.0,normal,0.0,normal,0.0,NORMAL,0.1,0.0,100,normal,YES,PASS,0.0,0.001,0.004,0.0,
17:08:33.455,1.0128,1.0062,1.0094,0.0,normal,0.0,normal,0.0,normal,0.0,NORMAL,0.1,0.0,100,normal,YES,PASS,0.0,0.001,0.005,0.0,
17:08:33.621,1.0425,1.0001,1.01,0.0,normal,0.0,normal,0.0,normal,0.0,NORMAL,0.1,0.0,100,normal,YES,PASS,0.0,0.001,0.017,0.0,
17:08:33.796,1.0271,1.0102,1.0067,0.0,normal,0.0,normal,0.0,normal,0.0,NORMAL,0.1,0.0,100,normal,YES,PASS,0.0,0.0,0.011,0.0,
17:08:33.974,1.0521,1.0012,1.0059,0.0,normal,0.0,normal,0.0,normal,0.0,NORMAL,0.1,0.0,100,normal,YES,PASS,0.0,0.0,0.021,0.0,
17:08:34.149,1.0399,1.0028,1.0055,0.0,normal,0.0,normal,0.0,normal,0.0,NORMAL,0.1,0.0,100,normal,YES,PASS,0.0,0.0,0.016,0.0,
17:08:34.317,1.0189,1.0068,1.0046,0.0,normal,0.0,normal,0.0,normal,0.0,NORMAL,0.0,0.0,100,normal,YES,PASS,0.0,0.0,0.008,0.0,
17:08:34.488,1.035,1.0144,1.0042,0.0,normal,0.0,normal,0.0,normal,0.0,NORMAL,0.1,0.0,100,normal,YES,PASS,0.0,0.0,0.014,0.0,
17:08:34.663,1.0237,1.0143,1.0095,0.0,normal,0.0,normal,0.0,normal,0.0,NORMAL,0.1,0.0,100,normal,YES,PASS,0.0,0.0,0.009,0.0,
17:08:34.831,1.0375,1.0054,1.007,0.0,normal,0.0,normal,0.0,normal,0.0,NORMAL,0.1,0.0,100,normal,YES,PASS,0.0,0.0,0.015,0.0,
17:08:35.007,1.0588,1.0084,1.0076,0.0,normal,0.0,normal,0.0,normal,0.0,NORMAL,0.1,0.0,100,normal,YES,PASS,0.0,0.0,0.024,0.0,
17:08:35.179,1.0317,1.0025,1.0031,0.0,normal,0.0,normal,0.0,normal,0.0,NORMAL,0.1,0.0,100,normal,YES,PASS,0.0,0.0,0.013,0.0,
17:08:35.341,1.0452,1.0053,1.0081,0.0,normal,0.0,normal,0.0,normal,0.0,NORMAL,0.1,0.0,100,normal,YES,PASS,0.0,0.0,0.018,0.0,
17:08:35.519,1.0005,1.0157,1.0084,0.0,normal,0.0,normal,0.0,normal,0.0,NORMAL,0.0,0.0,100,normal,YES,PASS,0.0,0.0,0.0,0.0,
17:08:35.696,1.0004,1.0048,1.0045,0.0,normal,0.0,normal,0.0,normal,0.0,NORMAL,0.0,0.0,100,normal,YES,PASS,0.0,0.0,0.0,0.0,
17:08:35.857,1.0037,1.0096,1.0088,0.0,normal,0.0,normal,0.0,normal,0.0,NORMAL,0.0,0.0,100,normal,YES,PASS,0.0,0.0,0.001,0.0,
17:08:36.027,1.0138,1.0058,1.017,0.0,normal,0.0,normal,0.0,normal,0.0,NORMAL,0.0,0.0,100,normal,YES,PASS,0.0,0.0,0.006,0.0,
17:08:36.188,1.0246,1.0087,1.0037,0.0,normal,0.0,normal,0.0,normal,0.0,NORMAL,0.0,0.0,100,normal,YES,PASS,0.0,0.0,0.01,0.0,
17:08:36.368,1.0527,1.0053,1.0098,0.0,normal,0.0,normal,0.0,normal,0.0,NORMAL,0.1,0.0,100,normal,YES,PASS,0.0,0.0,0.021,0.0,
17:08:36.539,1.0256,1.0096,1.0127,0.0,normal,0.0,normal,0.0,normal,0.0,NORMAL,0.1,0.0,100,normal,YES,PASS,0.0,0.0,0.01,0.0,
17:08:36.714,1.0228,1.0034,1.0033,0.0,normal,0.0,normal,0.0,normal,0.0,NORMAL,0.0,0.0,100,normal,YES,PASS,0.0,0.0,0.009,0.0,
17:08:36.886,1.0413,1.0138,1.0081,0.0,normal,0.0,normal,0.0,normal,0.0,NORMAL,0.1,0.0,100,normal,YES,PASS,0.0,0.0,0.017,0.0,
17:08:37.064,1.0004,1.0013,1.0012,0.0,normal,0.0,normal,0.0,normal,0.0,NORMAL,0.0,0.0,100,normal,YES,PASS,0.0,0.0,0.0,0.0,
17:08:37.239,1.0194,1.0116,1.0117,0.0,normal,0.0,normal,0.0,normal,0.0,NORMAL,0.0,0.0,100,normal,YES,PASS,0.0,0.0,0.008,0.0,
17:08:37.429,1.0329,1.0083,1.013,0.0,normal,0.0,normal,0.0,normal,0.0,NORMAL,0.1,0.0,100,normal,YES,PASS,0.0,0.0,0.013,0.0,
17:08:37.614,1.0364,1.0028,1.0043,0.0,normal,0.0,speed_hump,0.5131,normal,0.0,NORMAL,18.0,0.0,100,speed_hump,YES,PASS,0.0,0.0,0.015,0.513,
17:08:37.785,1.0097,1.0078,1.0044,0.0,normal,0.0,speed_hump,0.5054,normal,0.0,NORMAL,17.7,0.0,100,speed_hump,YES,PASS,0.0,0.0,0.004,0.505,
17:08:37.949,1.0132,1.0089,1.0069,0.0,normal,0.0,normal,0.0,normal,0.0,NORMAL,0.0,0.0,100,normal,YES,PASS,0.0,0.0,0.005,0.0,
17:08:38.119,1.0595,1.0076,1.0027,0.0,normal,0.0,speed_hump,0.5028,normal,0.0,NORMAL,17.7,0.0,100,speed_hump,YES,PASS,0.0,0.0,0.024,0.503,
17:08:38.285,1.0263,1.0061,1.0001,0.0,normal,0.0,normal,0.0,normal,0.0,NORMAL,0.1,0.0,100,normal,YES,PASS,0.0,0.0,0.011,0.0,
17:08:38.460,1.0038,1.0045,1.0106,0.0,normal,0.0,normal,0.0,normal,0.0,NORMAL,0.0,0.0,100,normal,YES,PASS,0.0,0.0,0.002,0.0,
17:08:38.627,1.0421,1.0149,1.0083,0.0,normal,0.0,speed_hump,0.515,normal,0.0,NORMAL,18.1,0.0,100,speed_hump,YES,PASS,0.0,0.0,0.017,0.515,
17:08:38.798,1.0413,1.0052,1.0036,0.0,normal,0.0,speed_hump,0.519,normal,0.0,NORMAL,18.2,0.0,100,speed_hump,YES,PASS,0.0,0.0,0.017,0.519,
17:08:38.975,1.0452,1.0011,1.0139,0.0,normal,0.0,normal,0.0,normal,0.0,NORMAL,0.1,0.0,100,normal,YES,PASS,0.0,0.0,0.018,0.0,
17:08:39.131,1.0085,1.0028,1.0103,0.0,normal,0.0,normal,0.0,normal,0.0,NORMAL,0.0,0.0,100,normal,YES,PASS,0.0,0.0,0.003,0.0,
17:08:39.301,1.0119,1.0007,1.0117,0.0,normal,0.0,normal,0.0,normal,0.0,NORMAL,0.0,0.0,100,normal,YES,PASS,0.0,0.0,0.005,0.0,
17:08:39.466,1.0578,1.0065,1.0143,0.0,normal,0.0,normal,0.0,normal,0.0,NORMAL,0.1,0.0,100,normal,YES,PASS,0.0,0.0,0.023,0.0,
17:08:39.642,1.0096,1.0009,1.0014,0.0,normal,0.0,normal,0.0,normal,0.0,NORMAL,0.0,0.0,100,normal,YES,PASS,0.0,0.0,0.004,0.0,
17:08:39.812,1.0598,1.0033,1.0018,0.0,normal,0.0,normal,0.0,normal,0.0,NORMAL,0.1,0.0,100,normal,YES,PASS,0.0,0.0,0.024,0.0,
17:08:39.992,1.0151,1.0053,1.0004,0.0,normal,0.0,normal,0.0,normal,0.0,NORMAL,0.0,0.0,100,normal,YES,PASS,0.0,0.0,0.006,0.0,
17:08:40.164,1.0604,1.0161,1.0085,0.0,normal,0.0,normal,0.0,normal,0.0,NORMAL,0.1,0.0,100,normal,YES,PASS,0.0,0.0,0.024,0.0,
17:08:40.327,1.0457,1.0149,1.0113,0.0,normal,0.0,normal,0.0,normal,0.0,NORMAL,0.1,0.0,100,normal,YES,PASS,0.0,0.0,0.018,0.0,
17:08:40.502,1.032,1.0071,1.0085,0.0,normal,0.0,normal,0.0,normal,0.0,NORMAL,0.1,0.0,100,normal,YES,PASS,0.0,0.0,0.013,0.0,
17:08:40.677,1.0194,1.0107,1.0007,0.0,normal,0.0,speed_hump,0.5272,normal,0.0,NORMAL,18.5,0.0,100,speed_hump,YES,PASS,0.0,0.0,0.008,0.527,
17:08:40.860,1.0145,1.0089,1.007,0.0,normal,0.0,normal,0.0,normal,0.0,NORMAL,0.0,0.0,100,normal,YES,PASS,0.0,0.0,0.006,0.0,
17:08:41.030,1.0165,1.014,1.0132,0.0,normal,0.0,speed_hump,0.5126,normal,0.0,NORMAL,18.0,0.0,100,speed_hump,YES,PASS,0.0,0.0,0.007,0.513,
17:08:41.202,1.0525,1.0002,1.008,0.0,normal,0.0,speed_hump,0.5073,normal,0.0,NORMAL,17.9,0.0,100,speed_hump,YES,PASS,0.0,0.0,0.021,0.507,
17:08:41.364,1.0489,1.0079,1.0099,0.0,normal,0.0,normal,0.0,normal,0.0,NORMAL,0.1,0.0,100,normal,YES,PASS,0.0,0.0,0.02,0.0,
17:08:41.520,1.037,1.0049,1.0,0.0,normal,0.0,normal,0.0,normal,0.0,NORMAL,0.1,0.0,100,normal,YES,PASS,0.0,0.0,0.015,0.0,
17:08:41.703,1.0414,1.0044,1.0082,0.0,normal,0.0,normal,0.0,normal,0.0,NORMAL,0.1,0.0,100,normal,YES,PASS,0.0,0.0,0.017,0.0,
17:08:41.885,1.0277,1.0069,1.0067,0.0,normal,0.0,normal,0.0,normal,0.0,NORMAL,0.1,0.0,100,normal,YES,PASS,0.0,0.0,0.011,0.0,
17:08:42.046,1.0136,1.0027,1.0078,0.0,normal,0.0,normal,0.0,normal,0.0,NORMAL,0.0,0.0,100,normal,YES,PASS,0.0,0.0,0.005,0.0,
17:08:42.222,1.0188,1.0032,1.0089,0.0,normal,0.0,normal,0.0,normal,0.0,NORMAL,0.0,0.0,100,normal,YES,PASS,0.0,0.0,0.008,0.0,
17:08:42.398,1.0062,1.0094,1.008,0.0,normal,0.0,normal,0.0,normal,0.0,NORMAL,0.0,0.0,100,normal,YES,PASS,0.0,0.0,0.002,0.0,
17:08:42.573,1.037,1.0085,1.0006,0.0,normal,0.0,normal,0.0,normal,0.0,NORMAL,0.1,0.0,100,normal,YES,PASS,0.0,0.0,0.015,0.0,
17:08:42.742,1.0339,1.0013,1.0032,0.0,normal,0.0,normal,0.0,normal,0.0,NORMAL,0.1,0.0,100,normal,YES,PASS,0.0,0.0,0.014,0.0,
17:08:42.919,1.0531,1.0109,1.0087,0.0,normal,0.0,normal,0.0,normal,0.0,NORMAL,0.1,0.0,100,normal,YES,PASS,0.0,0.0,0.021,0.0,
17:08:43.094,1.0599,1.0099,1.0041,0.0,normal,0.0,normal,0.0,normal,0.0,NORMAL,0.1,0.0,100,normal,YES,PASS,0.0,0.0,0.024,0.0,
17:08:43.250,1.0294,1.0121,1.0095,0.0,normal,0.0,normal,0.0,normal,0.0,NORMAL,0.1,0.0,100,normal,YES,PASS,0.0,0.0,0.012,0.0,
17:08:43.429,1.0363,1.0083,1.0073,0.0,normal,0.0,normal,0.0,normal,0.0,NORMAL,0.1,0.0,100,normal,YES,PASS,0.0,0.0,0.015,0.0,
17:08:43.602,1.0139,1.0068,1.0048,0.0,normal,0.0,normal,0.0,normal,0.0,NORMAL,0.0,0.0,100,normal,YES,PASS,0.0,0.0,0.006,0.0,
17:08:43.775,1.0364,1.0033,1.0151,0.0,normal,0.0,normal,0.0,normal,0.0,NORMAL,0.1,0.0,100,normal,YES,PASS,0.0,0.0,0.015,0.0,
17:08:43.968,1.0171,1.0107,1.0,0.0,normal,0.0,normal,0.0,normal,0.0,NORMAL,0.0,0.0,100,normal,YES,PASS,0.0,0.0,0.007,0.0,
17:08:44.146,1.0516,1.008,1.0034,0.0,normal,0.0,normal,0.0,normal,0.0,NORMAL,0.1,0.0,100,normal,YES,PASS,0.0,0.0,0.021,0.0,
17:08:44.323,1.0007,1.0068,1.0108,0.0,normal,0.0,normal,0.0,normal,0.0,NORMAL,0.0,0.0,100,normal,YES,PASS,0.0,0.0,0.0,0.0,
17:08:44.509,1.0171,1.001,1.0083,0.0,normal,0.0,normal,0.0,normal,0.0,NORMAL,0.0,0.0,100,normal,YES,PASS,0.0,0.0,0.007,0.0,
17:08:44.690,1.0448,1.0116,1.007,0.0,normal,0.0,normal,0.0,normal,0.0,NORMAL,0.1,0.0,100,normal,YES,PASS,0.0,0.0,0.018,0.0,
17:08:44.869,1.0248,1.0004,1.0047,0.0,normal,0.0,normal,0.0,normal,0.0,NORMAL,0.0,0.0,100,normal,YES,PASS,0.0,0.0,0.01,0.0,
17:08:45.068,1.0238,1.0053,1.0031,0.0,normal,0.0,normal,0.0,normal,0.0,NORMAL,0.0,0.0,100,normal,YES,PASS,0.0,0.0,0.01,0.0,
17:08:45.254,1.029,1.0113,1.0046,0.0,normal,0.0,normal,0.0,normal,0.0,NORMAL,0.1,0.0,100,normal,YES,PASS,0.0,0.0,0.012,0.0,
17:08:45.449,1.0455,1.0051,1.0085,0.0,normal,0.0,normal,0.0,normal,0.0,NORMAL,0.1,0.0,100,normal,YES,PASS,0.0,0.0,0.018,0.0,
17:08:45.646,1.0525,1.0087,1.006,0.0,normal,0.0,normal,0.0,normal,0.0,NORMAL,0.1,0.0,100,normal,YES,PASS,0.0,0.0,0.021,0.0,
17:08:45.836,1.0113,1.0015,1.0093,0.0,normal,0.0,normal,0.0,normal,0.0,NORMAL,0.0,0.0,100,normal,YES,PASS,0.0,0.0,0.005,0.0,
17:08:46.025,1.0481,1.0101,1.0033,0.0,normal,0.0,normal,0.0,normal,0.0,NORMAL,0.1,0.0,100,normal,YES,PASS,0.0,0.0,0.019,0.0,
17:08:46.216,1.0146,1.0001,1.0146,0.0,normal,0.0,normal,0.0,normal,0.0,NORMAL,0.0,0.0,100,normal,YES,PASS,0.0,0.0,0.006,0.0,
17:08:46.400,1.0343,1.0018,1.0095,0.0,normal,0.0,normal,0.0,normal,0.0,NORMAL,0.1,0.0,100,normal,YES,PASS,0.0,0.0,0.014,0.0,
17:08:46.588,1.017,1.0103,1.0108,0.0,normal,0.0,normal,0.0,normal,0.0,NORMAL,0.0,0.0,100,normal,YES,PASS,0.0,0.0,0.007,0.0,
17:08:46.775,1.0449,1.0088,1.0013,0.0,normal,0.0,normal,0.0,normal,0.0,NORMAL,0.1,0.0,100,normal,YES,PASS,0.0,0.0,0.018,0.0,
17:08:46.956,1.0171,1.0115,1.0121,0.0,normal,0.0,normal,0.0,normal,0.0,NORMAL,0.0,0.0,100,normal,YES,PASS,0.0,0.0,0.007,0.0,
17:08:47.124,1.038,1.0049,1.0113,0.0,normal,0.0,normal,0.0,normal,0.0,NORMAL,0.1,0.0,100,normal,YES,PASS,0.0,0.0,0.015,0.0,
17:08:47.306,1.0332,1.0026,1.0017,0.0,normal,0.0,normal,0.0,normal,0.0,NORMAL,0.1,0.0,100,normal,YES,PASS,0.0,0.0,0.013,0.0,
17:08:47.478,1.0219,1.0014,1.0008,0.0,normal,0.0,normal,0.0,normal,0.0,NORMAL,0.0,0.0,100,normal,YES,PASS,0.0,0.0,0.009,0.0,
17:08:47.648,1.0518,1.0081,1.0024,0.0,normal,0.0,normal,0.0,normal,0.0,NORMAL,0.1,0.0,100,normal,YES,PASS,0.0,0.0,0.021,0.0,
17:08:47.819,1.0014,1.0038,1.0033,0.0,normal,0.0,normal,0.0,normal,0.0,NORMAL,0.0,0.0,100,normal,YES,PASS,0.0,0.0,0.001,0.0,
17:08:47.998,1.0519,1.0133,1.0082,0.0,normal,0.0,normal,0.0,normal,0.0,NORMAL,0.1,0.0,100,normal,YES,PASS,0.0,0.0,0.021,0.0,
17:08:48.159,1.043,1.0108,1.0009,0.0,normal,0.0,normal,0.0,normal,0.0,NORMAL,0.1,0.0,100,normal,YES,PASS,0.0,0.0,0.017,0.0,
17:08:48.331,1.0228,1.006,1.0087,0.0,normal,0.0,normal,0.0,normal,0.0,NORMAL,0.0,0.0,100,normal,YES,PASS,0.0,0.0,0.009,0.0,
17:08:48.499,1.0035,1.003,1.0071,0.0,normal,0.0,normal,0.0,normal,0.0,NORMAL,0.0,0.0,100,normal,YES,PASS,0.0,0.0,0.001,0.0,
17:08:48.665,1.0009,1.0109,1.0188,0.0,normal,0.0,normal,0.0,normal,0.0,NORMAL,0.0,0.0,100,normal,YES,PASS,0.0,0.0,0.0,0.0,
17:08:48.838,1.0264,1.0066,1.0054,0.0,normal,0.0,normal,0.0,normal,0.0,NORMAL,0.1,0.0,100,normal,YES,PASS,0.0,0.0,0.011,0.0,
17:08:49.012,1.057,1.0045,1.0131,0.0,normal,0.0,normal,0.0,normal,0.0,NORMAL,0.1,0.0,100,normal,YES,PASS,0.0,0.0,0.023,0.0,
17:08:49.187,1.0286,1.0075,1.0077,0.0,normal,0.0,normal,0.0,normal,0.0,NORMAL,0.1,0.0,100,normal,YES,PASS,0.0,0.0,0.011,0.0,
17:08:49.355,1.0496,1.0145,1.0019,0.0,normal,0.0,normal,0.0,normal,0.0,NORMAL,0.1,0.0,100,normal,YES,PASS,0.0,0.0,0.02,0.0,
17:08:49.520,1.0493,1.0034,1.0011,0.0,normal,0.0,normal,0.0,normal,0.0,NORMAL,0.1,0.0,100,normal,YES,PASS,0.0,0.0,0.02,0.0,
17:08:49.692,1.0237,1.0028,1.002,0.0,normal,0.0,normal,0.0,normal,0.0,NORMAL,0.0,0.0,100,normal,YES,PASS,0.0,0.0,0.009,0.0,
17:08:49.857,1.0351,1.0064,1.0104,0.0,normal,0.0,normal,0.0,normal,0.0,NORMAL,0.1,0.0,100,normal,YES,PASS,0.0,0.0,0.014,0.0,
17:08:50.041,1.0457,1.0017,1.0,0.0,normal,0.0,normal,0.0,normal,0.0,NORMAL,0.1,0.0,100,normal,YES,PASS,0.0,0.0,0.018,0.0,
17:08:50.202,1.0484,1.0081,1.0065,0.0,normal,0.0,normal,0.0,normal,0.0,NORMAL,0.1,0.0,100,normal,YES,PASS,0.0,0.0,0.019,0.0,
17:08:50.375,1.0284,1.0124,1.0096,0.0,normal,0.0,normal,0.0,normal,0.0,NORMAL,0.1,0.0,100,normal,YES,PASS,0.0,0.0,0.011,0.0,
17:08:50.554,1.0337,1.001,1.0008,0.0,normal,0.0,normal,0.0,normal,0.0,NORMAL,0.1,0.0,100,normal,YES,PASS,0.0,0.0,0.013,0.0,
17:08:50.718,1.0332,1.0054,1.0072,0.0,normal,0.0,normal,0.0,normal,0.0,NORMAL,0.1,0.0,100,normal,YES,PASS,0.0,0.0,0.013,0.0,
17:08:50.876,1.0414,1.0071,1.0041,0.0,normal,0.0,normal,0.0,normal,0.0,NORMAL,0.1,0.0,100,normal,YES,PASS,0.0,0.0,0.017,0.0,
17:08:51.053,1.0511,1.0023,1.0036,0.0,normal,0.0,normal,0.0,normal,0.0,NORMAL,0.1,0.0,100,normal,YES,PASS,0.0,0.0,0.02,0.0,
17:08:51.233,1.0255,1.001,1.0101,0.0,normal,0.0,normal,0.0,normal,0.0,NORMAL,0.1,0.0,100,normal,YES,PASS,0.0,0.0,0.01,0.0,
17:08:51.401,1.0345,1.0074,1.013,0.0,normal,0.0,normal,0.0,normal,0.0,NORMAL,0.1,0.0,100,normal,YES,PASS,0.0,0.0,0.014,0.0,
17:08:51.575,1.0423,1.0063,1.0104,0.0,normal,0.0,normal,0.0,normal,0.0,NORMAL,0.1,0.0,100,normal,YES,PASS,0.0,0.0,0.017,0.0,
17:08:51.747,1.002,1.0029,1.0134,0.0,normal,0.0,normal,0.0,normal,0.0,NORMAL,0.0,0.0,100,normal,YES,PASS,0.0,0.0,0.001,0.0,
17:08:51.919,1.0558,1.0087,1.0066,0.0,normal,0.0,normal,0.0,normal,0.0,NORMAL,0.1,0.0,100,normal,YES,PASS,0.0,0.0,0.022,0.0,
17:08:52.080,1.0277,1.0008,1.0081,0.0,normal,0.0,normal,0.0,normal,0.0,NORMAL,0.1,0.0,100,normal,YES,PASS,0.0,0.0,0.011,0.0,
17:08:52.248,1.017,1.0024,1.008,0.0,normal,0.0,normal,0.0,normal,0.0,NORMAL,0.0,0.0,100,normal,YES,PASS,0.0,0.0,0.007,0.0,
17:08:52.428,1.0044,1.0134,1.0089,0.0,normal,0.0,normal,0.0,normal,0.0,NORMAL,0.0,0.0,100,normal,YES,PASS,0.0,0.0,0.002,0.0,
17:08:52.599,1.049,1.0061,1.0119,0.0,normal,0.0,normal,0.0,normal,0.0,NORMAL,0.1,0.0,100,normal,YES,PASS,0.0,0.0,0.02,0.0,
17:08:52.762,1.0208,1.0045,1.0011,0.0,normal,0.0,normal,0.0,normal,0.0,NORMAL,0.0,0.0,100,normal,YES,PASS,0.0,0.0,0.008,0.0,
17:08:52.967,1.0144,1.0107,1.0066,0.0,normal,0.0,normal,0.0,normal,0.0,NORMAL,0.0,0.0,100,normal,YES,PASS,0.0,0.0,0.006,0.0,
17:08:53.143,1.075,1.0017,1.0073,0.0,normal,0.0,normal,0.0,normal,0.0,NORMAL,0.2,0.0,100,normal,YES,PASS,0.0,0.0,0.03,0.0,
17:08:53.328,1.0305,1.0055,1.0036,0.0,normal,0.0,normal,0.0,normal,0.0,NORMAL,0.1,0.0,100,normal,YES,PASS,0.0,0.0,0.012,0.0,
17:08:53.506,1.0056,1.0005,1.0004,0.0,normal,0.0,normal,0.0,normal,0.0,NORMAL,0.0,0.0,100,normal,YES,PASS,0.0,0.0,0.002,0.0,
17:08:53.677,1.0047,1.0091,1.0054,0.0,normal,0.0,normal,0.0,normal,0.0,NORMAL,0.0,0.0,100,normal,YES,PASS,0.0,0.0,0.002,0.0,
17:08:53.852,1.0433,1.0118,1.0001,0.0,normal,0.0,normal,0.0,normal,0.0,NORMAL,0.1,0.0,100,normal,YES,PASS,0.0,0.0,0.017,0.0,
17:08:54.025,1.0343,1.0044,1.0033,0.0,normal,0.0,normal,0.0,normal,0.0,NORMAL,0.1,0.0,100,normal,YES,PASS,0.0,0.0,0.014,0.0,
17:08:54.189,1.0736,1.0137,1.0145,0.0,normal,0.0,normal,0.0,normal,0.0,NORMAL,0.1,0.0,100,normal,YES,PASS,0.0,0.0,0.029,0.0,
17:08:54.360,1.002,1.0049,1.0033,0.0,normal,0.0,normal,0.0,normal,0.0,NORMAL,0.0,0.0,100,normal,YES,PASS,0.0,0.0,0.001,0.0,
17:08:54.552,1.0724,1.003,1.0118,0.0,normal,0.0,normal,0.0,normal,0.0,NORMAL,0.1,0.0,100,normal,YES,PASS,0.0,0.0,0.029,0.0,
17:08:54.738,1.0542,1.0049,1.0009,0.0,normal,0.0,normal,0.0,normal,0.0,NORMAL,0.1,0.0,100,normal,YES,PASS,0.0,0.0,0.022,0.0,
17:08:54.918,1.057,1.0091,1.0056,0.0,normal,0.0,normal,0.0,normal,0.0,NORMAL,0.1,0.0,100,normal,YES,PASS,0.0,0.0,0.023,0.0,
17:08:55.112,1.0369,1.0048,1.0005,0.0,normal,0.0,normal,0.0,normal,0.0,NORMAL,0.1,0.0,100,normal,YES,PASS,0.0,0.0,0.015,0.0,
17:08:55.285,1.049,1.0011,1.002,0.0,normal,0.0,normal,0.0,normal,0.0,NORMAL,0.1,0.0,100,normal,YES,PASS,0.0,0.0,0.02,0.0,
17:08:55.453,1.0458,1.0016,1.0038,0.0,normal,0.0,normal,0.0,normal,0.0,NORMAL,0.1,0.0,100,normal,YES,PASS,0.0,0.0,0.018,0.0,
17:08:55.619,1.0168,1.0008,1.0099,0.0,normal,0.0,normal,0.0,normal,0.0,NORMAL,0.0,0.0,100,normal,YES,PASS,0.0,0.0,0.007,0.0,
17:08:55.798,1.0293,1.0067,1.0101,0.0,normal,0.0,normal,0.0,normal,0.0,NORMAL,0.1,0.0,100,normal,YES,PASS,0.0,0.0,0.012,0.0,
17:08:55.985,1.0364,1.0126,1.0064,0.0,normal,0.0,speed_hump,0.5021,normal,0.0,NORMAL,17.6,0.0,100,speed_hump,YES,PASS,0.0,0.0,0.015,0.502,
17:08:56.177,1.0389,1.0136,1.004,0.0,normal,0.0,normal,0.0,normal,0.0,NORMAL,0.1,0.0,100,normal,YES,PASS,0.0,0.0,0.016,0.0,
17:08:56.355,1.0422,1.0118,1.0071,0.0,normal,0.0,speed_hump,0.5065,normal,0.0,NORMAL,17.8,0.0,100,speed_hump,YES,PASS,0.0,0.0,0.017,0.506,
17:08:56.538,1.034,1.0135,1.0009,0.0,normal,0.0,speed_hump,0.5136,normal,0.0,NORMAL,18.0,0.0,100,speed_hump,YES,PASS,0.0,0.0,0.014,0.514,
17:08:56.710,1.0025,1.0101,1.0009,0.0,normal,0.0,speed_hump,0.5149,normal,0.0,NORMAL,18.0,0.0,100,speed_hump,YES,PASS,0.0,0.0,0.001,0.515,
17:08:56.888,1.0632,1.0116,1.0121,0.0,normal,0.0,normal,0.0,normal,0.0,NORMAL,0.1,0.0,100,normal,YES,PASS,0.0,0.0,0.025,0.0,
17:08:57.052,1.0558,1.0073,1.0061,0.0,normal,0.0,normal,0.0,normal,0.0,NORMAL,0.1,0.0,100,normal,YES,PASS,0.0,0.0,0.022,0.0,
17:08:57.214,1.0263,1.0092,1.0102,0.0,normal,0.0,normal,0.0,normal,0.0,NORMAL,0.1,0.0,100,normal,YES,PASS,0.0,0.0,0.011,0.0,
17:08:57.400,1.0258,1.0146,1.0018,0.0,normal,0.0,normal,0.0,normal,0.0,NORMAL,0.1,0.0,100,normal,YES,PASS,0.0,0.0,0.01,0.0,
17:08:57.580,1.02,1.0066,1.0062,0.0,normal,0.0,normal,0.0,normal,0.0,NORMAL,0.0,0.0,100,normal,YES,PASS,0.0,0.0,0.008,0.0,
17:08:57.758,1.0358,1.0032,1.0081,0.0,normal,0.0,normal,0.0,normal,0.0,NORMAL,0.1,0.0,100,normal,YES,PASS,0.0,0.0,0.014,0.0,
17:08:57.926,1.0062,1.0018,1.0128,0.0,normal,0.0,normal,0.0,normal,0.0,NORMAL,0.0,0.0,100,normal,YES,PASS,0.0,0.0,0.002,0.0,
17:08:58.096,1.027,1.0048,1.0083,0.0,normal,0.0,normal,0.0,normal,0.0,NORMAL,0.1,0.0,100,normal,YES,PASS,0.0,0.0,0.011,0.0,
17:08:58.270,1.0107,1.0057,1.0121,0.0,normal,0.0,normal,0.0,normal,0.0,NORMAL,0.0,0.0,100,normal,YES,PASS,0.0,0.0,0.004,0.0,
17:08:58.440,1.0328,1.0045,1.0122,0.0,normal,0.0,normal,0.0,normal,0.0,NORMAL,0.1,0.0,100,normal,YES,PASS,0.0,0.0,0.013,0.0,
17:08:58.614,1.0214,1.0086,1.0001,0.0,normal,0.0,normal,0.0,normal,0.0,NORMAL,0.0,0.0,100,normal,YES,PASS,0.0,0.0,0.009,0.0,
17:08:58.785,1.0767,1.0098,1.0056,0.0,normal,0.0,normal,0.0,normal,0.0,NORMAL,0.2,0.0,100,normal,YES,PASS,0.0,0.0,0.031,0.0,
17:08:58.956,1.016,1.0043,1.0144,0.0,normal,0.0,normal,0.0,normal,0.0,NORMAL,0.0,0.0,100,normal,YES,PASS,0.0,0.0,0.006,0.0,
17:08:59.148,1.0569,1.004,1.0003,0.0,normal,0.0,normal,0.0,normal,0.0,NORMAL,0.1,0.0,100,normal,YES,PASS,0.0,0.0,0.023,0.0,
17:08:59.312,1.0472,1.0013,1.0014,0.0,normal,0.0,speed_hump,0.5023,normal,0.0,NORMAL,17.7,0.0,100,speed_hump,YES,PASS,0.0,0.0,0.019,0.502,
17:08:59.496,1.0596,1.0081,1.0067,0.0,normal,0.0,speed_hump,0.5047,normal,0.0,NORMAL,17.8,0.0,100,speed_hump,YES,PASS,0.0,0.0,0.024,0.505,
17:08:59.667,1.0362,1.0017,1.0029,0.0,normal,0.0,speed_hump,0.5129,normal,0.0,NORMAL,18.0,0.0,100,speed_hump,YES,PASS,0.0,0.0,0.014,0.513,
17:08:59.846,1.0007,1.0053,1.0095,0.0,normal,0.0,speed_hump,0.5236,normal,0.0,NORMAL,18.3,0.0,100,speed_hump,YES,PASS,0.0,0.0,0.0,0.524,
17:09:00.018,1.0296,1.0037,1.0099,0.0,normal,0.0,speed_hump,0.5089,normal,0.0,NORMAL,17.9,0.0,100,speed_hump,YES,PASS,0.0,0.0,0.012,0.509,
17:09:00.196,1.008,1.001,1.0104,0.0,normal,0.0,speed_hump,0.5235,normal,0.0,NORMAL,18.3,0.0,100,speed_hump,YES,PASS,0.0,0.0,0.003,0.523,
17:09:00.370,1.0067,1.0074,1.0107,0.0,normal,0.0,speed_hump,0.5155,normal,0.0,NORMAL,18.1,0.0,100,speed_hump,YES,PASS,0.0,0.0,0.003,0.516,
17:09:00.547,1.0541,1.0021,1.0041,0.0,normal,0.0,normal,0.0,normal,0.0,NORMAL,0.1,0.0,100,normal,YES,PASS,0.0,0.0,0.022,0.0,
17:09:00.714,1.0563,1.0067,1.0022,0.0,normal,0.0,normal,0.0,normal,0.0,NORMAL,0.1,0.0,100,normal,YES,PASS,0.0,0.0,0.023,0.0,
17:09:00.891,1.0363,1.0041,1.0138,0.0,normal,0.0,speed_hump,0.5098,normal,0.0,NORMAL,17.9,0.0,100,speed_hump,YES,PASS,0.0,0.0,0.015,0.51,
17:09:01.072,1.003,1.006,1.0107,0.0,normal,0.0,speed_hump,0.5122,normal,0.0,NORMAL,17.9,0.0,100,speed_hump,YES,PASS,0.0,0.0,0.001,0.512,
17:09:01.234,1.0052,1.0054,1.0004,0.0,normal,0.0,normal,0.0,normal,0.0,NORMAL,0.0,0.0,100,normal,YES,PASS,0.0,0.0,0.002,0.0,
17:09:01.412,1.0592,1.0029,1.0077,0.0,normal,0.0,normal,0.0,normal,0.0,NORMAL,0.1,0.0,100,normal,YES,PASS,0.0,0.0,0.024,0.0,
17:09:01.602,1.0052,1.0034,1.0042,0.0,normal,0.0,normal,0.0,normal,0.0,NORMAL,0.0,0.0,100,normal,YES,PASS,0.0,0.0,0.002,0.0,
17:09:01.777,1.0467,1.005,1.007,0.0,normal,0.0,normal,0.0,normal,0.0,NORMAL,0.1,0.0,100,normal,YES,PASS,0.0,0.0,0.019,0.0,
17:09:01.962,1.0217,1.0034,1.0039,0.0,normal,0.0,normal,0.0,normal,0.0,NORMAL,0.0,0.0,100,normal,YES,PASS,0.0,0.0,0.009,0.0,
17:09:02.129,1.0521,1.0088,1.0078,0.0,normal,0.0,normal,0.0,normal,0.0,NORMAL,0.1,0.0,100,normal,YES,PASS,0.0,0.0,0.021,0.0,
17:09:02.296,1.0089,1.0008,1.0013,0.0,normal,0.0,normal,0.0,normal,0.0,NORMAL,0.0,0.0,100,normal,YES,PASS,0.0,0.0,0.004,0.0,
17:09:02.476,1.0202,1.0142,1.0152,0.0,normal,0.0,normal,0.0,normal,0.0,NORMAL,0.0,0.0,100,normal,YES,PASS,0.0,0.0,0.008,0.0,
17:09:02.668,1.0305,1.0075,1.0086,0.0,normal,0.0,normal,0.0,normal,0.0,NORMAL,0.1,0.0,100,normal,YES,PASS,0.0,0.0,0.012,0.0,
17:09:02.849,1.0218,1.0082,1.0094,0.0,normal,0.0,speed_hump,0.5339,normal,0.0,NORMAL,18.7,0.0,100,speed_hump,YES,PASS,0.0,0.0,0.009,0.534,
17:09:03.024,1.023,1.0029,1.0096,0.0,normal,0.0,normal,0.0,normal,0.0,NORMAL,0.0,0.0,100,normal,YES,PASS,0.0,0.0,0.009,0.0,
17:09:03.190,1.0625,1.0102,1.015,0.0,normal,0.0,normal,0.0,normal,0.0,NORMAL,0.1,0.0,100,normal,YES,PASS,0.0,0.0,0.025,0.0,
17:09:03.359,1.0611,1.0048,1.0096,0.0,normal,0.0,normal,0.0,normal,0.0,NORMAL,0.1,0.0,100,normal,YES,PASS,0.0,0.0,0.024,0.0,
17:09:03.521,1.0464,1.0122,1.0059,0.0,normal,0.0,normal,0.0,normal,0.0,NORMAL,0.1,0.0,100,normal,YES,PASS,0.0,0.0,0.019,0.0,
17:09:03.694,1.0468,1.0078,1.0071,0.0,normal,0.0,normal,0.0,normal,0.0,NORMAL,0.1,0.0,100,normal,YES,PASS,0.0,0.0,0.019,0.0,
17:09:03.867,1.0443,1.006,1.0009,0.0,normal,0.0,normal,0.0,normal,0.0,NORMAL,0.1,0.0,100,normal,YES,PASS,0.0,0.0,0.018,0.0,
17:09:04.035,1.0058,1.0071,1.0005,0.0,normal,0.0,normal,0.0,normal,0.0,NORMAL,0.0,0.0,100,normal,YES,PASS,0.0,0.0,0.002,0.0,
17:09:04.199,1.0065,1.0001,1.0057,0.0,normal,0.0,normal,0.0,normal,0.0,NORMAL,0.0,0.0,100,normal,YES,PASS,0.0,0.0,0.003,0.0,
17:09:04.361,1.0562,1.0072,1.0113,0.0,normal,0.0,normal,0.0,normal,0.0,NORMAL,0.1,0.0,100,normal,YES,PASS,0.0,0.0,0.022,0.0,
17:09:04.528,1.047,1.0039,1.0011,0.0,normal,0.0,normal,0.0,normal,0.0,NORMAL,0.1,0.0,100,normal,YES,PASS,0.0,0.0,0.019,0.0,
17:09:04.705,1.0538,1.0082,1.0068,0.0,normal,0.0,normal,0.0,normal,0.0,NORMAL,0.1,0.0,100,normal,YES,PASS,0.0,0.0,0.022,0.0,
17:09:04.878,1.0186,1.0132,1.0019,0.0,normal,0.0,normal,0.0,normal,0.0,NORMAL,0.0,0.0,100,normal,YES,PASS,0.0,0.0,0.007,0.0,
17:09:05.044,1.0208,1.0108,1.0088,0.0,normal,0.0,normal,0.0,normal,0.0,NORMAL,0.0,0.0,100,normal,YES,PASS,0.0,0.0,0.008,0.0,
17:09:05.216,1.0498,1.0105,1.0002,0.0,normal,0.0,speed_hump,0.5328,normal,0.0,NORMAL,18.7,0.0,100,speed_hump,YES,PASS,0.0,0.0,0.02,0.533,
17:09:05.397,1.0091,1.0066,1.0002,0.0,normal,0.0,speed_hump,0.5022,normal,0.0,NORMAL,17.6,0.0,100,speed_hump,YES,PASS,0.0,0.0,0.004,0.502,
17:09:05.561,1.0263,1.0101,1.0095,0.0,normal,0.0,speed_hump,0.5049,normal,0.0,NORMAL,17.7,0.0,100,speed_hump,YES,PASS,0.0,0.0,0.011,0.505,
17:09:05.719,1.0108,1.0072,1.0069,0.0,normal,0.0,speed_hump,0.5145,normal,0.0,NORMAL,18.0,0.0,100,speed_hump,YES,PASS,0.0,0.0,0.004,0.515,
17:09:05.898,1.0438,1.0047,1.0065,0.0,normal,0.0,speed_hump,0.5011,normal,0.0,NORMAL,17.6,0.0,100,speed_hump,YES,PASS,0.0,0.0,0.018,0.501,
17:09:06.062,1.0586,1.0062,1.0088,0.0,normal,0.0,speed_hump,0.5007,normal,0.0,NORMAL,17.6,0.0,100,speed_hump,YES,PASS,0.0,0.0,0.023,0.501,
17:09:06.240,1.0228,1.0088,1.0009,0.0,normal,0.0,speed_hump,0.5036,normal,0.0,NORMAL,17.7,0.0,100,speed_hump,YES,PASS,0.0,0.0,0.009,0.504,
17:09:06.416,1.0413,1.0037,1.0005,0.0,normal,0.0,speed_hump,0.5046,normal,0.0,NORMAL,17.7,0.0,100,speed_hump,YES,PASS,0.0,0.0,0.017,0.505,
17:09:06.590,1.0231,1.0101,1.0103,0.0,normal,0.0,speed_hump,0.5058,normal,0.0,NORMAL,17.7,0.0,100,speed_hump,YES,PASS,0.0,0.0,0.009,0.506,
17:09:06.759,1.0134,1.001,1.0044,0.0,normal,0.0,speed_hump,0.5126,normal,0.0,NORMAL,18.0,0.0,100,speed_hump,YES,PASS,0.0,0.0,0.005,0.513,
17:09:06.932,1.0012,1.006,1.0044,0.0,normal,0.0,speed_hump,0.5131,normal,0.0,NORMAL,18.0,0.0,100,speed_hump,YES,PASS,0.0,0.0,0.0,0.513,
17:09:07.110,1.0264,1.001,1.0007,0.0,normal,0.0,speed_hump,0.5036,normal,0.0,NORMAL,17.7,0.0,100,speed_hump,YES,PASS,0.0,0.0,0.011,0.504,
17:09:07.286,1.0459,1.001,1.0087,0.0,normal,0.0,normal,0.0,normal,0.0,NORMAL,0.1,0.0,100,normal,YES,PASS,0.0,0.0,0.018,0.0,
17:09:07.475,1.0503,1.0,1.0026,0.0,normal,0.0,normal,0.0,normal,0.0,NORMAL,0.1,0.0,100,normal,YES,PASS,0.0,0.0,0.02,0.0,
17:09:07.664,1.0083,1.0033,1.0004,0.0,normal,0.0,speed_hump,0.5113,normal,0.0,NORMAL,17.9,0.0,100,speed_hump,YES,PASS,0.0,0.0,0.003,0.511,
17:09:07.844,1.0327,1.0112,1.0081,0.0,normal,0.0,speed_hump,0.503,normal,0.0,NORMAL,17.7,0.0,100,speed_hump,YES,PASS,0.0,0.0,0.013,0.503,
17:09:08.016,1.0541,1.0098,1.0048,0.0,normal,0.0,speed_hump,0.5155,normal,0.0,NORMAL,18.1,0.0,100,speed_hump,YES,PASS,0.0,0.0,0.022,0.515,
17:09:08.185,1.0542,1.0127,1.0074,0.0,normal,0.0,normal,0.0,normal,0.0,NORMAL,0.1,0.0,100,normal,YES,PASS,0.0,0.0,0.022,0.0,
17:09:08.352,1.0593,1.0108,1.0143,0.0,normal,0.0,normal,0.0,normal,0.0,NORMAL,0.1,0.0,100,normal,YES,PASS,0.0,0.0,0.024,0.0,
17:09:08.533,1.0448,1.0035,1.0022,0.0,normal,0.0,speed_hump,0.5203,normal,0.0,NORMAL,18.3,0.0,100,speed_hump,YES,PASS,0.0,0.0,0.018,0.52,
17:09:08.708,1.0456,1.0102,1.0066,0.0,normal,0.0,speed_hump,0.5151,normal,0.0,NORMAL,18.1,0.0,100,speed_hump,YES,PASS,0.0,0.0,0.018,0.515,
17:09:08.881,1.0458,1.0099,1.0007,0.0,normal,0.0,speed_hump,0.5071,normal,0.0,NORMAL,17.8,0.0,100,speed_hump,YES,PASS,0.0,0.0,0.018,0.507,
17:09:09.059,1.011,1.0073,1.0092,0.0,normal,0.0,speed_hump,0.5136,normal,0.0,NORMAL,18.0,0.0,100,speed_hump,YES,PASS,0.0,0.0,0.004,0.514,
17:09:09.228,1.008,1.0105,1.0003,0.0,normal,0.0,normal,0.0,normal,0.0,NORMAL,0.0,0.0,100,normal,YES,PASS,0.0,0.0,0.003,0.0,
17:09:09.398,1.0457,1.0119,1.0114,4.2981,pothole,0.6491,normal,0.0,normal,0.0,NORMAL,15.8,0.0,100,pothole,YES,PASS,0.0,0.348,0.018,0.0,
17:09:09.586,1.0549,1.0027,1.0068,4.2981,pothole,0.6491,normal,0.0,normal,0.0,NORMAL,27.2,0.19,100,pothole,YES,PASS,0.0,0.603,0.022,0.0,
17:09:09.770,1.053,1.002,1.0006,4.2981,pothole,0.6491,normal,0.0,normal,0.0,NORMAL,35.6,0.25,100,pothole,YES,PASS,0.0,0.788,0.021,0.0,
17:09:09.948,1.0149,1.0133,1.0078,4.2981,pothole,0.6491,normal,0.0,normal,0.0,CAUTION,41.6,0.29,85,pothole,NO,BLOCKED,0.0,0.924,0.006,0.0,
17:09:10.129,1.0109,1.0128,1.004,4.2981,pothole,0.6491,normal,0.0,normal,0.0,CAUTION,45.0,0.32,84,pothole,NO,BLOCKED,0.0,1.0,0.004,0.0,
17:09:10.297,1.0316,1.0075,1.0001,4.2981,pothole,0.6491,normal,0.0,normal,0.0,CAUTION,45.1,0.32,84,pothole,NO,BLOCKED,0.0,1.0,0.013,0.0,
17:09:10.455,1.0207,1.0093,1.0128,4.2981,pothole,0.6491,normal,0.0,normal,0.0,CAUTION,45.0,0.32,84,pothole,NO,BLOCKED,0.0,1.0,0.008,0.0,
17:09:10.635,1.0203,1.006,1.0086,4.2981,pothole,0.6491,normal,0.0,normal,0.0,CAUTION,45.0,0.32,84,pothole,NO,BLOCKED,0.0,1.0,0.008,0.0,
17:09:10.797,1.0232,1.0023,1.0071,4.2981,pothole,0.6491,normal,0.0,normal,0.0,CAUTION,45.0,0.32,84,pothole,NO,BLOCKED,0.0,1.0,0.009,0.0,
17:09:10.967,1.0503,1.0014,1.0062,4.2981,pothole,0.6491,normal,0.0,normal,0.0,CAUTION,45.1,0.32,84,pothole,NO,BLOCKED,0.0,1.0,0.02,0.0,
17:09:11.154,1.0468,1.0103,1.002,4.2981,pothole,0.6491,normal,0.0,normal,0.0,CAUTION,45.1,0.32,84,pothole,NO,BLOCKED,0.0,1.0,0.019,0.0,
17:09:11.334,1.0003,1.0087,1.0013,5.0,pothole,1.0,normal,0.0,normal,0.0,CAUTION,45.0,0.32,84,pothole,NO,BLOCKED,0.0,1.0,0.0,0.0,
17:09:11.500,1.0121,1.0116,1.0019,5.0,pothole,1.0,normal,0.0,normal,0.0,CAUTION,45.0,0.32,84,pothole,NO,BLOCKED,0.0,1.0,0.005,0.0,
17:09:11.675,1.0523,1.0105,1.0027,5.0,pothole,1.0,normal,0.0,normal,0.0,CAUTION,45.1,0.32,84,pothole,NO,BLOCKED,0.0,1.0,0.021,0.0,
17:09:11.854,1.0404,1.0012,1.0095,5.0,pothole,1.0,normal,0.0,normal,0.0,CAUTION,45.1,0.32,84,pothole,NO,BLOCKED,0.0,1.0,0.016,0.0,
17:09:12.021,1.021,1.0004,1.0031,5.0,pothole,1.0,normal,0.0,normal,0.0,CAUTION,45.0,0.32,84,pothole,NO,BLOCKED,0.0,1.0,0.008,0.0,
17:09:12.194,1.0148,1.004,1.0008,0.0,normal,0.0,normal,0.0,normal,0.0,CAUTION,45.0,0.32,84,braking,NO,BLOCKED,0.0,1.0,0.006,0.0,
17:09:12.378,1.0342,1.0011,1.0033,0.0,normal,0.0,normal,0.0,normal,0.0,CAUTION,34.8,0.24,88,braking,NO,BLOCKED,0.0,0.771,0.014,0.0,
17:09:12.560,1.0398,1.0004,1.013,0.0,normal,0.0,normal,0.0,normal,0.0,CAUTION,25.4,0.18,91,braking,NO,BLOCKED,0.0,0.563,0.016,0.0,
17:09:12.734,1.0331,1.0061,1.0102,0.0,normal,0.0,normal,0.0,normal,0.0,CAUTION,18.6,0.0,100,braking,NO,BLOCKED,0.0,0.411,0.013,0.0,
17:09:12.912,1.0462,1.0055,1.0056,0.0,normal,0.0,normal,0.0,normal,0.0,CAUTION,13.6,0.0,100,braking,NO,BLOCKED,0.0,0.3,0.018,0.0,
17:09:13.134,1.0047,1.0054,1.0029,0.0,normal,0.0,normal,0.0,normal,0.0,NORMAL,9.9,0.0,100,normal,YES,PASS,0.0,0.219,0.002,0.0,
17:09:13.305,1.0223,1.011,1.0036,0.0,normal,0.0,normal,0.0,normal,0.0,NORMAL,7.2,0.0,100,normal,YES,PASS,0.0,0.16,0.009,0.0,
17:09:13.498,1.0497,1.0086,1.0,0.0,normal,0.0,normal,0.0,normal,0.0,NORMAL,5.3,0.0,100,normal,YES,PASS,0.0,0.117,0.02,0.0,
17:09:13.668,1.0257,1.0026,1.0042,0.0,normal,0.0,normal,0.0,normal,0.0,NORMAL,3.9,0.0,100,normal,YES,PASS,0.0,0.085,0.01,0.0,
17:09:13.846,1.0199,1.0028,1.0112,0.0,normal,0.0,normal,0.0,normal,0.0,NORMAL,2.8,0.0,100,normal,YES,PASS,0.0,0.062,0.008,0.0,
17:09:14.015,1.061,1.0043,1.0082,0.0,normal,0.0,normal,0.0,normal,0.0,NORMAL,2.2,0.0,100,normal,YES,PASS,0.0,0.045,0.024,0.0,
17:09:14.178,1.0601,1.0045,1.0077,0.0,normal,0.0,normal,0.0,normal,0.0,NORMAL,1.6,0.0,100,normal,YES,PASS,0.0,0.033,0.024,0.0,
17:09:14.352,1.0185,1.0112,1.0021,0.0,normal,0.0,normal,0.0,normal,0.0,NORMAL,1.1,0.0,100,normal,YES,PASS,0.0,0.024,0.007,0.0,
17:09:14.532,1.03,1.0106,1.0135,0.0,normal,0.0,normal,0.0,normal,0.0,NORMAL,0.9,0.0,100,normal,YES,PASS,0.0,0.018,0.012,0.0,
17:09:14.697,1.016,1.0038,1.0053,0.0,normal,0.0,normal,0.0,normal,0.0,NORMAL,0.6,0.0,100,normal,YES,PASS,0.0,0.013,0.006,0.0,
17:09:14.875,1.0058,1.0034,1.0029,0.0,normal,0.0,normal,0.0,normal,0.0,NORMAL,0.4,0.0,100,normal,YES,PASS,0.0,0.009,0.002,0.0,
17:09:15.033,1.0181,1.0003,1.005,0.0,normal,0.0,normal,0.0,normal,0.0,NORMAL,0.3,0.0,100,normal,YES,PASS,0.0,0.007,0.007,0.0,
17:09:15.205,1.0439,1.0131,1.0091,0.0,normal,0.0,normal,0.0,normal,0.0,NORMAL,0.3,0.0,100,normal,YES,PASS,0.0,0.005,0.018,0.0,
17:09:15.383,1.0547,1.0007,1.0117,0.0,normal,0.0,normal,0.0,normal,0.0,NORMAL,0.3,0.0,100,normal,YES,PASS,0.0,0.004,0.022,0.0,
17:09:15.583,1.0383,1.0129,1.0097,0.0,normal,0.0,normal,0.0,normal,0.0,NORMAL,0.2,0.0,100,normal,YES,PASS,0.0,0.003,0.015,0.0,
17:09:15.762,1.0553,1.0142,1.0156,0.0,normal,0.0,normal,0.0,normal,0.0,NORMAL,0.2,0.0,100,normal,YES,PASS,0.0,0.002,0.022,0.0,
17:09:15.964,1.0194,1.0018,1.0066,0.0,normal,0.0,normal,0.0,normal,0.0,NORMAL,0.1,0.0,100,normal,YES,PASS,0.0,0.001,0.008,0.0,
17:09:16.166,1.0316,1.0057,1.0094,0.0,normal,0.0,normal,0.0,normal,0.0,NORMAL,0.1,0.0,100,normal,YES,PASS,0.0,0.001,0.013,0.0,
17:09:16.372,1.0325,1.0042,1.0048,0.0,normal,0.0,normal,0.0,normal,0.0,NORMAL,0.1,0.0,100,normal,YES,PASS,0.0,0.001,0.013,0.0,
17:09:16.573,1.0307,1.0108,1.0092,0.0,normal,0.0,normal,0.0,normal,0.0,NORMAL,0.1,0.0,100,normal,YES,PASS,0.0,0.001,0.012,0.0,
17:09:16.764,1.0111,1.0095,1.0055,0.0,normal,0.0,normal,0.0,normal,0.0,NORMAL,0.0,0.0,100,normal,YES,PASS,0.0,0.0,0.004,0.0,
17:09:16.952,1.0193,1.0066,1.0053,0.0,normal,0.0,speed_hump,0.5,normal,0.0,NORMAL,17.6,0.0,100,speed_hump,YES,PASS,0.0,0.0,0.008,0.5,
17:09:17.132,1.0243,1.0008,1.0067,0.0,normal,0.0,normal,0.0,normal,0.0,NORMAL,0.1,0.0,100,normal,YES,PASS,0.0,0.0,0.01,0.0,
17:09:17.309,1.0366,1.0068,1.0072,0.0,normal,0.0,speed_hump,0.5009,normal,0.0,NORMAL,17.6,0.0,100,speed_hump,YES,PASS,0.0,0.0,0.015,0.501,
17:09:17.484,1.03,1.0096,1.0052,0.0,normal,0.0,normal,0.0,normal,0.0,NORMAL,0.1,0.0,100,normal,YES,PASS,0.0,0.0,0.012,0.0,
17:09:17.652,1.022,1.0143,1.0119,0.0,normal,0.0,normal,0.0,normal,0.0,NORMAL,0.0,0.0,100,normal,YES,PASS,0.0,0.0,0.009,0.0,
17:09:17.834,1.0451,1.0056,1.0042,0.0,normal,0.0,normal,0.0,normal,0.0,NORMAL,0.1,0.0,100,normal,YES,PASS,0.0,0.0,0.018,0.0,
17:09:17.998,1.0395,1.0053,1.0054,0.0,normal,0.0,normal,0.0,normal,0.0,NORMAL,0.1,0.0,100,normal,YES,PASS,0.0,0.0,0.016,0.0,
17:09:18.165,1.0675,1.0094,1.0115,0.0,normal,0.0,normal,0.0,normal,0.0,NORMAL,0.1,0.0,100,normal,YES,PASS,0.0,0.0,0.027,0.0,
17:09:18.338,1.0134,1.0102,1.0008,0.0,normal,0.0,normal,0.0,normal,0.0,NORMAL,0.0,0.0,100,normal,YES,PASS,0.0,0.0,0.005,0.0,
17:09:18.512,1.0243,1.0061,1.0088,0.0,normal,0.0,normal,0.0,normal,0.0,NORMAL,0.0,0.0,100,normal,YES,PASS,0.0,0.0,0.01,0.0,
17:09:18.687,1.0026,1.0092,1.0047,0.0,normal,0.0,normal,0.0,normal,0.0,NORMAL,0.0,0.0,100,normal,YES,PASS,0.0,0.0,0.001,0.0,
17:09:18.866,1.0153,1.001,1.001,0.0,normal,0.0,normal,0.0,normal,0.0,NORMAL,0.0,0.0,100,normal,YES,PASS,0.0,0.0,0.006,0.0,
17:09:19.034,1.0044,1.0049,1.0128,0.0,normal,0.0,normal,0.0,normal,0.0,NORMAL,0.0,0.0,100,normal,YES,PASS,0.0,0.0,0.002,0.0,
17:09:19.206,1.0367,1.003,1.0087,0.0,normal,0.0,normal,0.0,normal,0.0,NORMAL,0.1,0.0,100,normal,YES,PASS,0.0,0.0,0.015,0.0,
17:09:19.384,1.052,1.0131,1.0022,0.0,normal,0.0,normal,0.0,normal,0.0,NORMAL,0.1,0.0,100,normal,YES,PASS,0.0,0.0,0.021,0.0,
17:09:19.558,1.0052,1.0096,1.009,0.0,normal,0.0,normal,0.0,normal,0.0,NORMAL,0.0,0.0,100,normal,YES,PASS,0.0,0.0,0.002,0.0,
17:09:19.724,1.0147,1.0034,1.0037,0.0,normal,0.0,normal,0.0,normal,0.0,NORMAL,0.0,0.0,100,normal,YES,PASS,0.0,0.0,0.006,0.0,
17:09:19.896,1.0287,1.0075,1.0071,0.0,normal,0.0,normal,0.0,normal,0.0,NORMAL,0.1,0.0,100,normal,YES,PASS,0.0,0.0,0.011,0.0,
17:09:20.062,1.0071,1.0011,1.0113,0.0,normal,0.0,normal,0.0,normal,0.0,NORMAL,0.0,0.0,100,normal,YES,PASS,0.0,0.0,0.003,0.0,
17:09:20.237,1.0804,1.0095,1.0143,0.0,normal,0.0,normal,0.0,normal,0.0,NORMAL,0.2,0.0,100,normal,YES,PASS,0.0,0.0,0.032,0.0,
17:09:20.394,1.0103,1.0016,1.0051,0.0,normal,0.0,normal,0.0,normal,0.0,NORMAL,0.0,0.0,100,normal,YES,PASS,0.0,0.0,0.004,0.0,
17:09:20.564,1.0166,1.0008,1.0112,0.0,normal,0.0,normal,0.0,normal,0.0,NORMAL,0.0,0.0,100,normal,YES,PASS,0.0,0.0,0.007,0.0,
17:09:20.731,1.0361,1.0041,1.0041,0.0,normal,0.0,normal,0.0,normal,0.0,NORMAL,0.1,0.0,100,normal,YES,PASS,0.0,0.0,0.014,0.0,
17:09:20.907,1.0226,1.0025,1.008,0.0,normal,0.0,normal,0.0,normal,0.0,NORMAL,0.0,0.0,100,normal,YES,PASS,0.0,0.0,0.009,0.0,
17:09:21.077,1.0484,1.0049,1.0023,0.0,normal,0.0,normal,0.0,normal,0.0,NORMAL,0.1,0.0,100,normal,YES,PASS,0.0,0.0,0.019,0.0,
17:09:21.257,1.0585,1.0041,1.012,0.0,normal,0.0,normal,0.0,normal,0.0,NORMAL,0.1,0.0,100,normal,YES,PASS,0.0,0.0,0.023,0.0,
17:09:21.431,1.0585,1.0087,1.0012,0.0,normal,0.0,normal,0.0,normal,0.0,NORMAL,0.1,0.0,100,normal,YES,PASS,0.0,0.0,0.023,0.0,
17:09:21.605,1.0095,1.0111,1.0038,0.0,normal,0.0,normal,0.0,normal,0.0,NORMAL,0.0,0.0,100,normal,YES,PASS,0.0,0.0,0.004,0.0,
17:09:21.776,1.0359,1.0046,1.0053,0.0,normal,0.0,normal,0.0,normal,0.0,NORMAL,0.1,0.0,100,normal,YES,PASS,0.0,0.0,0.014,0.0,
17:09:21.953,1.0389,1.0089,1.0094,0.0,normal,0.0,normal,0.0,normal,0.0,NORMAL,0.1,0.0,100,normal,YES,PASS,0.0,0.0,0.016,0.0,
17:09:22.114,1.0392,1.0088,1.0056,0.0,normal,0.0,normal,0.0,normal,0.0,NORMAL,0.1,0.0,100,normal,YES,PASS,0.0,0.0,0.016,0.0,
17:09:22.287,1.0023,1.0176,1.0032,0.0,normal,0.0,normal,0.0,normal,0.0,NORMAL,0.0,0.0,100,normal,YES,PASS,0.0,0.0,0.001,0.0,
17:09:22.458,1.033,1.0096,1.0152,0.0,normal,0.0,normal,0.0,normal,0.0,NORMAL,0.1,0.0,100,normal,YES,PASS,0.0,0.0,0.013,0.0,
17:09:22.630,1.0345,1.0036,1.011,0.0,normal,0.0,normal,0.0,normal,0.0,NORMAL,0.1,0.0,100,normal,YES,PASS,0.0,0.0,0.014,0.0,
17:09:22.802,1.0541,1.005,1.0036,0.0,normal,0.0,normal,0.0,normal,0.0,NORMAL,0.1,0.0,100,normal,YES,PASS,0.0,0.0,0.022,0.0,
17:09:22.969,1.0495,1.0133,1.0103,0.0,normal,0.0,normal,0.0,normal,0.0,NORMAL,0.1,0.0,100,normal,YES,PASS,0.0,0.0,0.02,0.0,
17:09:23.142,1.0052,1.0044,1.0118,0.0,normal,0.0,normal,0.0,normal,0.0,NORMAL,0.0,0.0,100,normal,YES,PASS,0.0,0.0,0.002,0.0,
17:09:23.306,1.0358,1.0059,1.0104,0.0,normal,0.0,normal,0.0,normal,0.0,NORMAL,0.1,0.0,100,normal,YES,PASS,0.0,0.0,0.014,0.0,
17:09:23.477,1.0196,1.0087,1.0073,0.0,normal,0.0,normal,0.0,normal,0.0,NORMAL,0.0,0.0,100,normal,YES,PASS,0.0,0.0,0.008,0.0,
17:09:23.651,1.0388,1.0023,1.007,0.0,normal,0.0,normal,0.0,normal,0.0,NORMAL,0.1,0.0,100,normal,YES,PASS,0.0,0.0,0.016,0.0,
17:09:23.814,1.049,1.0048,1.007,0.0,normal,0.0,normal,0.0,normal,0.0,NORMAL,0.1,0.0,100,normal,YES,PASS,0.0,0.0,0.02,0.0,
17:09:23.986,1.0256,1.0092,1.0058,0.0,normal,0.0,normal,0.0,normal,0.0,NORMAL,0.1,0.0,100,normal,YES,PASS,0.0,0.0,0.01,0.0,
17:09:24.167,1.0537,1.0152,1.0048,0.0,normal,0.0,normal,0.0,normal,0.0,NORMAL,0.1,0.0,100,normal,YES,PASS,0.0,0.0,0.021,0.0,
17:09:24.334,1.045,1.0092,1.0061,0.0,normal,0.0,normal,0.0,normal,0.0,NORMAL,0.1,0.0,100,normal,YES,PASS,0.0,0.0,0.018,0.0,
17:09:24.509,1.0344,1.0046,1.0118,0.0,normal,0.0,normal,0.0,normal,0.0,NORMAL,0.1,0.0,100,normal,YES,PASS,0.0,0.0,0.014,0.0,
17:09:24.680,1.0772,1.0028,1.005,0.0,normal,0.0,normal,0.0,normal,0.0,NORMAL,0.2,0.0,100,normal,YES,PASS,0.0,0.0,0.031,0.0,
17:09:24.844,1.0395,1.0109,1.0018,0.0,normal,0.0,normal,0.0,normal,0.0,NORMAL,0.1,0.0,100,normal,YES,PASS,0.0,0.0,0.016,0.0,
17:09:25.019,1.0442,1.0066,1.0006,0.0,normal,0.0,normal,0.0,normal,0.0,NORMAL,0.1,0.0,100,normal,YES,PASS,0.0,0.0,0.018,0.0,
17:09:25.184,1.0315,1.0012,1.0101,0.0,normal,0.0,normal,0.0,normal,0.0,NORMAL,0.1,0.0,100,normal,YES,PASS,0.0,0.0,0.013,0.0,
17:09:25.349,1.033,1.0063,1.004,0.0,normal,0.0,normal,0.0,normal,0.0,NORMAL,0.1,0.0,100,normal,YES,PASS,0.0,0.0,0.013,0.0,
17:09:25.522,1.0036,1.0106,1.0051,0.0,normal,0.0,normal,0.0,normal,0.0,NORMAL,0.0,0.0,100,normal,YES,PASS,0.0,0.0,0.001,0.0,
17:09:25.679,1.0008,1.0047,1.0117,0.0,normal,0.0,normal,0.0,normal,0.0,NORMAL,0.0,0.0,100,normal,YES,PASS,0.0,0.0,0.0,0.0,
17:09:25.858,1.0049,1.0046,1.0103,0.0,normal,0.0,normal,0.0,normal,0.0,NORMAL,0.0,0.0,100,normal,YES,PASS,0.0,0.0,0.002,0.0,
17:09:26.039,1.0435,1.0031,1.0089,0.0,normal,0.0,normal,0.0,normal,0.0,NORMAL,0.1,0.0,100,normal,YES,PASS,0.0,0.0,0.017,0.0,
17:09:26.214,1.0432,1.0033,1.0024,0.0,normal,0.0,normal,0.0,normal,0.0,NORMAL,0.1,0.0,100,normal,YES,PASS,0.0,0.0,0.017,0.0,
17:09:26.389,1.0517,1.0086,1.0076,0.0,normal,0.0,normal,0.0,normal,0.0,NORMAL,0.1,0.0,100,normal,YES,PASS,0.0,0.0,0.021,0.0,
17:09:26.562,1.0139,1.0096,1.0134,0.0,normal,0.0,normal,0.0,normal,0.0,NORMAL,0.0,0.0,100,normal,YES,PASS,0.0,0.0,0.006,0.0,
17:09:26.736,1.0306,1.0111,1.0067,0.0,normal,0.0,normal,0.0,normal,0.0,NORMAL,0.1,0.0,100,normal,YES,PASS,0.0,0.0,0.012,0.0,
17:09:26.907,1.0414,1.0071,1.0127,0.0,normal,0.0,normal,0.0,normal,0.0,NORMAL,0.1,0.0,100,normal,YES,PASS,0.0,0.0,0.017,0.0,
17:09:27.085,1.0637,1.0108,1.0095,0.0,normal,0.0,normal,0.0,normal,0.0,NORMAL,0.1,0.0,100,normal,YES,PASS,0.0,0.0,0.025,0.0,
17:09:27.260,1.0532,1.0062,1.0097,0.0,normal,0.0,normal,0.0,normal,0.0,NORMAL,0.1,0.0,100,normal,YES,PASS,0.0,0.0,0.021,0.0,
17:09:27.418,1.0332,1.0106,1.0059,0.0,normal,0.0,normal,0.0,normal,0.0,NORMAL,0.1,0.0,100,normal,YES,PASS,0.0,0.0,0.013,0.0,
17:09:27.591,1.0004,1.0071,1.0076,0.0,normal,0.0,normal,0.0,normal,0.0,NORMAL,0.0,0.0,100,normal,YES,PASS,0.0,0.0,0.0,0.0,
17:09:27.770,1.0321,1.006,1.0107,0.0,normal,0.0,normal,0.0,normal,0.0,NORMAL,0.1,0.0,100,normal,YES,PASS,0.0,0.0,0.013,0.0,
17:09:27.948,1.0438,1.0,1.0121,0.0,normal,0.0,normal,0.0,normal,0.0,NORMAL,0.1,0.0,100,normal,YES,PASS,0.0,0.0,0.018,0.0,
17:09:28.122,1.0092,1.0073,1.0096,0.0,normal,0.0,normal,0.0,normal,0.0,NORMAL,0.0,0.0,100,normal,YES,PASS,0.0,0.0,0.004,0.0,
17:09:28.288,1.0269,1.0051,1.0037,0.0,normal,0.0,normal,0.0,normal,0.0,NORMAL,0.1,0.0,100,normal,YES,PASS,0.0,0.0,0.011,0.0,
17:09:28.453,1.0662,1.0002,1.0037,0.0,normal,0.0,normal,0.0,normal,0.0,NORMAL,0.1,0.0,100,normal,YES,PASS,0.0,0.0,0.026,0.0,
17:09:28.634,1.0225,1.0127,1.0067,0.0,normal,0.0,normal,0.0,normal,0.0,NORMAL,0.0,0.0,100,normal,YES,PASS,0.0,0.0,0.009,0.0,
17:09:28.809,1.0362,1.0113,1.0108,0.0,normal,0.0,normal,0.0,normal,0.0,NORMAL,0.1,0.0,100,normal,YES,PASS,0.0,0.0,0.014,0.0,
17:09:28.978,1.0426,1.0086,1.0063,0.0,normal,0.0,normal,0.0,normal,0.0,NORMAL,0.1,0.0,100,normal,YES,PASS,0.0,0.0,0.017,0.0,
17:09:29.152,1.0413,1.0136,1.0005,0.0,normal,0.0,normal,0.0,normal,0.0,NORMAL,0.1,0.0,100,normal,YES,PASS,0.0,0.0,0.017,0.0,
17:09:29.322,1.067,1.0074,1.0107,0.0,normal,0.0,normal,0.0,normal,0.0,NORMAL,0.1,0.0,100,normal,YES,PASS,0.0,0.0,0.027,0.0,
17:09:29.500,1.0424,1.0091,1.0041,0.0,normal,0.0,normal,0.0,normal,0.0,NORMAL,0.1,0.0,100,normal,YES,PASS,0.0,0.0,0.017,0.0,
17:09:29.666,1.0599,1.0074,1.0132,0.0,normal,0.0,normal,0.0,normal,0.0,NORMAL,0.1,0.0,100,normal,YES,PASS,0.0,0.0,0.024,0.0,
17:09:29.839,1.0203,1.0055,1.0108,0.0,normal,0.0,normal,0.0,normal,0.0,NORMAL,0.0,0.0,100,normal,YES,PASS,0.0,0.0,0.008,0.0,
17:09:30.020,1.0412,1.0086,1.0007,0.0,normal,0.0,normal,0.0,normal,0.0,NORMAL,0.1,0.0,100,normal,YES,PASS,0.0,0.0,0.016,0.0,
17:09:30.196,1.0228,1.0053,1.0124,0.0,normal,0.0,normal,0.0,normal,0.0,NORMAL,0.0,0.0,100,normal,YES,PASS,0.0,0.0,0.009,0.0,
17:09:30.369,1.0612,1.0034,1.0082,0.0,normal,0.0,normal,0.0,normal,0.0,NORMAL,0.1,0.0,100,normal,YES,PASS,0.0,0.0,0.024,0.0,
17:09:30.550,1.0015,1.0081,1.0118,0.0,normal,0.0,normal,0.0,normal,0.0,NORMAL,0.0,0.0,100,normal,YES,PASS,0.0,0.0,0.001,0.0,
17:09:30.719,1.0494,1.0066,1.0063,0.0,normal,0.0,normal,0.0,normal,0.0,NORMAL,0.1,0.0,100,normal,YES,PASS,0.0,0.0,0.02,0.0,
17:09:30.893,1.042,1.0023,1.008,0.0,normal,0.0,normal,0.0,normal,0.0,NORMAL,0.1,0.0,100,normal,YES,PASS,0.0,0.0,0.017,0.0,
17:09:31.067,1.0085,1.004,1.0038,0.0,normal,0.0,normal,0.0,normal,0.0,NORMAL,0.0,0.0,100,normal,YES,PASS,0.0,0.0,0.003,0.0,
17:09:31.239,1.0328,1.0015,1.0089,0.0,normal,0.0,normal,0.0,normal,0.0,NORMAL,0.1,0.0,100,normal,YES,PASS,0.0,0.0,0.013,0.0,
17:09:31.400,1.0153,1.0119,1.0114,0.0,normal,0.0,normal,0.0,normal,0.0,NORMAL,0.0,0.0,100,normal,YES,PASS,0.0,0.0,0.006,0.0,
17:09:31.576,1.05,1.0064,1.0032,0.0,normal,0.0,normal,0.0,normal,0.0,NORMAL,0.1,0.0,100,normal,YES,PASS,0.0,0.0,0.02,0.0,
17:09:31.750,1.0225,1.0073,1.0071,0.0,normal,0.0,normal,0.0,normal,0.0,NORMAL,0.0,0.0,100,normal,YES,PASS,0.0,0.0,0.009,0.0,
17:09:31.924,1.0379,1.005,1.005,0.0,normal,0.0,normal,0.0,normal,0.0,NORMAL,0.1,0.0,100,normal,YES,PASS,0.0,0.0,0.015,0.0,
17:09:32.099,1.0181,1.0001,1.0013,0.0,normal,0.0,normal,0.0,normal,0.0,NORMAL,0.0,0.0,100,normal,YES,PASS,0.0,0.0,0.007,0.0,
17:09:32.269,1.0221,1.0049,1.0069,0.0,normal,0.0,speed_hump,0.5191,normal,0.0,NORMAL,18.2,0.0,100,speed_hump,YES,PASS,0.0,0.0,0.009,0.519,
17:09:32.442,1.0251,1.0091,1.002,0.0,normal,0.0,normal,0.0,normal,0.0,NORMAL,0.1,0.0,100,normal,YES,PASS,0.0,0.0,0.01,0.0,
17:09:32.619,1.0114,1.0079,1.009,0.0,normal,0.0,speed_hump,0.5125,normal,0.0,NORMAL,18.0,0.0,100,speed_hump,YES,PASS,0.0,0.0,0.005,0.512,
17:09:32.804,1.0526,1.0007,1.005,0.0,normal,0.0,speed_hump,0.5433,normal,0.0,NORMAL,19.1,0.0,100,speed_hump,YES,PASS,0.0,0.0,0.021,0.543,
17:09:32.981,1.002,1.0145,1.0055,0.0,normal,0.0,normal,0.0,normal,0.0,NORMAL,0.0,0.0,100,normal,YES,PASS,0.0,0.0,0.001,0.0,
17:09:33.159,1.0139,1.0017,1.0001,0.0,normal,0.0,normal,0.0,normal,0.0,NORMAL,0.0,0.0,100,normal,YES,PASS,0.0,0.0,0.006,0.0,
17:09:33.334,1.0438,1.0112,1.0077,0.0,normal,0.0,normal,0.0,normal,0.0,NORMAL,0.1,0.0,100,normal,YES,PASS,0.0,0.0,0.018,0.0,
17:09:33.511,1.0686,1.0036,1.0024,5.0,pothole,1.0,normal,0.0,normal,0.0,NORMAL,18.4,0.0,100,pothole,YES,PASS,0.0,0.405,0.027,0.0,
17:09:33.687,1.0457,1.0063,1.009,5.0,pothole,1.0,normal,0.0,normal,0.0,NORMAL,31.6,0.22,100,pothole,YES,PASS,0.0,0.701,0.018,0.0,
17:09:33.858,1.031,1.0032,1.0019,5.0,pothole,1.0,normal,0.0,normal,0.0,NORMAL,41.3,0.29,100,pothole,YES,PASS,0.0,0.917,0.012,0.0,
17:09:34.026,1.0303,1.0027,1.0026,5.0,pothole,1.0,speed_hump,0.5102,normal,0.0,CAUTION,62.9,0.63,69,speed_hump,NO,BLOCKED,0.0,1.0,0.012,0.51,
17:09:34.198,1.0477,1.0014,1.0015,0.0,normal,0.0,speed_hump,0.5138,normal,0.0,CAUTION,53.4,0.37,81,speed_hump,NO,BLOCKED,0.0,0.784,0.019,0.514,
17:09:34.377,1.0332,1.0026,1.001,0.0,normal,0.0,normal,0.0,normal,0.0,CAUTION,25.8,0.18,91,braking,NO,BLOCKED,0.0,0.572,0.013,0.0,
17:09:34.552,1.0182,1.0005,1.0031,0.0,normal,0.0,normal,0.0,normal,0.0,CAUTION,18.8,0.0,100,braking,NO,BLOCKED,0.0,0.418,0.007,0.0,
17:09:34.774,1.011,1.0155,1.0098,0.0,normal,0.0,normal,0.0,normal,0.0,CAUTION,13.7,0.0,100,braking,NO,BLOCKED,0.0,0.305,0.004,0.0,
17:09:34.952,1.0495,1.0089,1.0139,0.0,normal,0.0,normal,0.0,normal,0.0,NORMAL,10.1,0.0,100,normal,YES,PASS,0.0,0.222,0.02,0.0,
17:09:35.144,1.0007,1.0079,1.0012,5.0,pothole,1.0,normal,0.0,normal,0.0,NORMAL,25.5,0.18,100,pothole,YES,PASS,0.0,0.568,0.0,0.0,
17:09:35.335,1.0278,1.0008,1.0072,5.0,pothole,1.0,normal,0.0,normal,0.0,NORMAL,36.9,0.26,100,pothole,YES,PASS,0.0,0.82,0.011,0.0,
17:09:35.524,1.0567,1.0008,1.0092,5.0,pothole,1.0,speed_hump,0.5031,normal,0.0,CAUTION,62.7,0.63,69,speed_hump,NO,BLOCKED,0.0,1.0,0.023,0.503,
17:09:35.702,1.0526,1.0027,1.005,5.0,pothole,1.0,normal,0.0,normal,0.0,CAUTION,45.1,0.32,84,pothole,NO,BLOCKED,0.0,1.0,0.021,0.0,
17:09:35.864,1.0433,1.0121,1.0069,5.0,pothole,1.0,normal,0.0,normal,0.0,CAUTION,45.1,0.32,84,pothole,NO,BLOCKED,0.0,1.0,0.017,0.0,
17:09:36.034,1.0665,1.0,1.0009,5.0,pothole,1.0,normal,0.0,normal,0.0,CAUTION,45.1,0.32,84,pothole,NO,BLOCKED,0.0,1.0,0.027,0.0,
17:09:36.210,1.0596,1.0112,1.0068,5.0,pothole,1.0,normal,0.0,normal,0.0,CAUTION,45.1,0.32,84,pothole,NO,BLOCKED,0.0,1.0,0.024,0.0,
17:09:36.376,1.0183,1.0111,1.0102,5.0,pothole,1.0,normal,0.0,normal,0.0,CAUTION,45.0,0.32,84,pothole,NO,BLOCKED,0.0,1.0,0.007,0.0,
17:09:36.547,1.0373,1.0042,1.0107,5.0,pothole,1.0,normal,0.0,normal,0.0,CAUTION,45.1,0.32,84,pothole,NO,BLOCKED,0.0,1.0,0.015,0.0,
17:09:36.715,1.022,1.0042,1.0115,5.0,pothole,1.0,normal,0.0,normal,0.0,CAUTION,45.0,0.32,84,pothole,NO,BLOCKED,0.0,1.0,0.009,0.0,
17:09:36.890,1.014,1.0026,1.0085,5.0,pothole,1.0,normal,0.0,normal,0.0,CAUTION,45.0,0.32,84,pothole,NO,BLOCKED,0.0,1.0,0.006,0.0,
17:09:37.060,1.0444,1.0016,1.0005,5.0,pothole,1.0,normal,0.0,normal,0.0,CAUTION,45.1,0.32,84,pothole,NO,BLOCKED,0.0,1.0,0.018,0.0,
17:09:37.241,1.0085,1.012,1.0133,4.8352,pothole,0.9176,normal,0.0,normal,0.0,CAUTION,45.0,0.32,84,pothole,NO,BLOCKED,0.0,1.0,0.003,0.0,
17:09:37.414,1.0035,1.0104,1.0064,4.8352,pothole,0.9176,normal,0.0,normal,0.0,CAUTION,45.0,0.32,84,pothole,NO,BLOCKED,0.0,1.0,0.001,0.0,
17:09:37.581,1.0097,1.0106,1.0128,4.8352,pothole,0.9176,normal,0.0,normal,0.0,CAUTION,45.0,0.32,84,pothole,NO,BLOCKED,0.0,1.0,0.004,0.0,
17:09:37.763,1.0316,1.0053,1.0084,4.8352,pothole,0.9176,normal,0.0,normal,0.0,CAUTION,45.1,0.32,84,pothole,NO,BLOCKED,0.0,1.0,0.013,0.0,
17:09:37.942,1.0035,1.0052,1.0147,4.8352,pothole,0.9176,normal,0.0,normal,0.0,CAUTION,45.0,0.32,84,pothole,NO,BLOCKED,0.0,1.0,0.001,0.0,
17:09:38.112,1.0554,1.0075,1.0058,4.8352,pothole,0.9176,normal,0.0,normal,0.0,CAUTION,45.1,0.32,84,pothole,NO,BLOCKED,0.0,1.0,0.022,0.0,
17:09:38.280,1.0315,1.0023,1.0103,0.0,normal,0.0,normal,0.0,normal,0.0,CAUTION,45.1,0.32,84,braking,NO,BLOCKED,0.0,1.0,0.013,0.0,
17:09:38.464,1.0249,1.0097,1.0148,0.0,normal,0.0,normal,0.0,normal,0.0,CAUTION,34.9,0.24,88,braking,NO,BLOCKED,0.0,0.774,0.01,0.0,
17:09:38.644,1.0212,1.0115,1.0077,0.0,normal,0.0,normal,0.0,normal,0.0,CAUTION,25.5,0.18,91,braking,NO,BLOCKED,0.0,0.565,0.008,0.0,
17:09:38.810,1.0465,1.0038,1.0051,0.0,normal,0.0,normal,0.0,normal,0.0,CAUTION,18.7,0.0,100,braking,NO,BLOCKED,0.0,0.412,0.019,0.0,
17:09:38.985,1.0177,1.005,1.002,0.0,normal,0.0,normal,0.0,normal,0.0,CAUTION,13.6,0.0,100,braking,NO,BLOCKED,0.0,0.301,0.007,0.0,
17:09:39.156,1.026,1.007,1.0123,0.0,normal,0.0,normal,0.0,normal,0.0,NORMAL,9.9,0.0,100,normal,YES,PASS,0.0,0.22,0.01,0.0,
17:09:39.322,1.0484,1.014,1.0005,0.0,normal,0.0,normal,0.0,normal,0.0,NORMAL,7.3,0.0,100,normal,YES,PASS,0.0,0.16,0.019,0.0,
17:09:39.500,1.0341,1.0112,1.0046,0.0,normal,0.0,normal,0.0,normal,0.0,NORMAL,5.3,0.0,100,normal,YES,PASS,0.0,0.117,0.014,0.0,
17:09:39.672,1.0287,1.0025,1.0114,0.0,normal,0.0,normal,0.0,normal,0.0,NORMAL,3.9,0.0,100,normal,YES,PASS,0.0,0.085,0.011,0.0,
17:09:39.857,1.0037,1.0041,1.0129,0.0,normal,0.0,normal,0.0,normal,0.0,NORMAL,2.8,0.0,100,normal,YES,PASS,0.0,0.062,0.001,0.0,
17:09:40.022,1.0096,1.0026,1.0093,0.0,normal,0.0,normal,0.0,normal,0.0,NORMAL,2.1,0.0,100,normal,YES,PASS,0.0,0.045,0.004,0.0,
17:09:40.183,1.0063,1.0036,1.0095,0.0,normal,0.0,normal,0.0,normal,0.0,NORMAL,1.5,0.0,100,normal,YES,PASS,0.0,0.033,0.003,0.0,
17:09:40.363,1.0435,1.0058,1.0073,0.0,normal,0.0,normal,0.0,normal,0.0,NORMAL,1.2,0.0,100,normal,YES,PASS,0.0,0.024,0.017,0.0,
17:09:40.528,1.0317,1.0007,1.0139,0.0,normal,0.0,normal,0.0,normal,0.0,NORMAL,0.9,0.0,100,normal,YES,PASS,0.0,0.018,0.013,0.0,
17:09:40.709,1.0596,1.0068,1.0078,0.0,normal,0.0,normal,0.0,normal,0.0,NORMAL,0.7,0.0,100,normal,YES,PASS,0.0,0.013,0.024,0.0,
17:09:40.901,1.0301,1.0083,1.0147,0.0,normal,0.0,normal,0.0,normal,0.0,NORMAL,0.5,0.0,100,normal,YES,PASS,0.0,0.009,0.012,0.0,
17:09:41.074,1.0416,1.016,1.0033,0.0,normal,0.0,normal,0.0,normal,0.0,NORMAL,0.4,0.0,100,normal,YES,PASS,0.0,0.007,0.017,0.0,
17:09:41.243,1.0101,1.01,1.0088,0.0,normal,0.0,normal,0.0,normal,0.0,NORMAL,0.2,0.0,100,normal,YES,PASS,0.0,0.005,0.004,0.0,
17:09:41.409,1.0525,1.0046,1.0089,0.0,normal,0.0,normal,0.0,normal,0.0,NORMAL,0.3,0.0,100,normal,YES,PASS,0.0,0.004,0.021,0.0,
17:09:41.575,1.0179,1.0089,1.0067,0.0,normal,0.0,normal,0.0,normal,0.0,NORMAL,0.2,0.0,100,normal,YES,PASS,0.0,0.003,0.007,0.0,
17:09:41.752,1.0462,1.0069,1.0098,0.0,normal,0.0,normal,0.0,normal,0.0,NORMAL,0.2,0.0,100,normal,YES,PASS,0.0,0.002,0.018,0.0,
17:09:41.930,1.0208,1.0029,1.0027,0.0,normal,0.0,normal,0.0,normal,0.0,NORMAL,0.1,0.0,100,normal,YES,PASS,0.0,0.001,0.008,0.0,
17:09:42.098,1.0023,1.006,1.0097,0.0,normal,0.0,normal,0.0,normal,0.0,NORMAL,0.1,0.0,100,normal,YES,PASS,0.0,0.001,0.001,0.0,
17:09:42.267,1.0304,1.0055,1.0108,0.0,normal,0.0,normal,0.0,normal,0.0,NORMAL,0.1,0.0,100,normal,YES,PASS,0.0,0.001,0.012,0.0,
17:09:42.441,1.055,1.006,1.0124,0.0,normal,0.0,normal,0.0,normal,0.0,NORMAL,0.1,0.0,100,normal,YES,PASS,0.0,0.001,0.022,0.0,
17:09:42.608,1.0015,1.0068,1.0013,0.0,normal,0.0,normal,0.0,normal,0.0,NORMAL,0.0,0.0,100,normal,YES,PASS,0.0,0.0,0.001,0.0,
17:09:42.788,1.0587,1.0068,1.0042,0.0,normal,0.0,normal,0.0,normal,0.0,NORMAL,0.1,0.0,100,normal,YES,PASS,0.0,0.0,0.023,0.0,
17:09:42.966,1.0098,1.0051,1.0059,0.0,normal,0.0,normal,0.0,normal,0.0,NORMAL,0.0,0.0,100,normal,YES,PASS,0.0,0.0,0.004,0.0,
17:09:43.138,1.0328,1.0043,1.0078,0.0,normal,0.0,normal,0.0,normal,0.0,NORMAL,0.1,0.0,100,normal,YES,PASS,0.0,0.0,0.013,0.0,
17:09:43.318,1.0308,1.0035,1.0043,0.0,normal,0.0,normal,0.0,normal,0.0,NORMAL,0.1,0.0,100,normal,YES,PASS,0.0,0.0,0.012,0.0,
17:09:43.487,1.0553,1.0073,1.0107,0.0,normal,0.0,normal,0.0,normal,0.0,NORMAL,0.1,0.0,100,normal,YES,PASS,0.0,0.0,0.022,0.0,
17:09:43.665,1.0025,1.0149,1.0042,0.0,normal,0.0,normal,0.0,normal,0.0,NORMAL,0.0,0.0,100,normal,YES,PASS,0.0,0.0,0.001,0.0,
17:09:43.839,1.0527,1.0021,1.0053,0.0,normal,0.0,normal,0.0,normal,0.0,NORMAL,0.1,0.0,100,normal,YES,PASS,0.0,0.0,0.021,0.0,
17:09:44.018,1.0169,1.0054,1.005,0.0,normal,0.0,normal,0.0,normal,0.0,NORMAL,0.0,0.0,100,normal,YES,PASS,0.0,0.0,0.007,0.0,
17:09:44.211,1.0132,1.0052,1.0095,0.0,normal,0.0,normal,0.0,normal,0.0,NORMAL,0.0,0.0,100,normal,YES,PASS,0.0,0.0,0.005,0.0,
17:09:44.395,1.0023,1.0099,1.012,0.0,normal,0.0,normal,0.0,normal,0.0,NORMAL,0.0,0.0,100,normal,YES,PASS,0.0,0.0,0.001,0.0,
17:09:44.593,1.0319,1.0021,1.0021,0.0,normal,0.0,normal,0.0,normal,0.0,NORMAL,0.1,0.0,100,normal,YES,PASS,0.0,0.0,0.013,0.0,
17:09:44.778,1.0674,1.0001,1.0034,0.0,normal,0.0,normal,0.0,normal,0.0,NORMAL,0.1,0.0,100,normal,YES,PASS,0.0,0.0,0.027,0.0,
17:09:44.966,1.0441,1.0092,1.0107,0.0,normal,0.0,normal,0.0,normal,0.0,NORMAL,0.1,0.0,100,normal,YES,PASS,0.0,0.0,0.018,0.0,
17:09:45.150,1.0136,1.0083,1.0132,0.0,normal,0.0,normal,0.0,normal,0.0,NORMAL,0.0,0.0,100,normal,YES,PASS,0.0,0.0,0.005,0.0,
17:09:45.334,1.0248,1.0141,1.0078,0.0,normal,0.0,normal,0.0,normal,0.0,NORMAL,0.0,0.0,100,normal,YES,PASS,0.0,0.0,0.01,0.0,
17:09:45.517,1.0209,1.0036,1.0087,0.0,normal,0.0,normal,0.0,normal,0.0,NORMAL,0.0,0.0,100,normal,YES,PASS,0.0,0.0,0.008,0.0,
17:09:45.694,1.019,1.0034,1.0034,0.0,normal,0.0,normal,0.0,normal,0.0,NORMAL,0.0,0.0,100,normal,YES,PASS,0.0,0.0,0.008,0.0,
17:09:45.863,1.0272,1.001,1.0078,0.0,normal,0.0,normal,0.0,normal,0.0,NORMAL,0.1,0.0,100,normal,YES,PASS,0.0,0.0,0.011,0.0,
17:09:46.036,1.0345,1.0,1.0027,5.0,pothole,1.0,normal,0.0,normal,0.0,NORMAL,18.3,0.0,100,pothole,YES,PASS,0.0,0.405,0.014,0.0,
17:09:46.214,1.0553,1.0007,1.0035,5.0,pothole,1.0,normal,0.0,normal,0.0,NORMAL,31.7,0.22,100,pothole,YES,PASS,0.0,0.701,0.022,0.0,
17:09:46.393,1.0402,1.0106,1.0085,5.0,pothole,1.0,normal,0.0,normal,0.0,NORMAL,41.3,0.29,100,pothole,YES,PASS,0.0,0.917,0.016,0.0,
17:09:46.556,1.0237,1.0086,1.0072,5.0,pothole,1.0,normal,0.0,normal,0.0,CAUTION,45.0,0.32,84,pothole,NO,BLOCKED,0.0,1.0,0.009,0.0,
17:09:46.726,1.0039,1.0068,1.0121,5.0,pothole,1.0,normal,0.0,normal,0.0,CAUTION,45.0,0.32,84,pothole,NO,BLOCKED,0.0,1.0,0.002,0.0,
17:09:46.899,1.0558,1.0093,1.0113,5.0,pothole,1.0,normal,0.0,normal,0.0,CAUTION,45.1,0.32,84,pothole,NO,BLOCKED,0.0,1.0,0.022,0.0,
17:09:47.078,1.0156,1.0141,1.0082,5.0,pothole,1.0,normal,0.0,normal,0.0,CAUTION,45.0,0.32,84,pothole,NO,BLOCKED,0.0,1.0,0.006,0.0,
17:09:47.251,1.0036,1.0017,1.0076,5.0,pothole,1.0,normal,0.0,normal,0.0,CAUTION,45.0,0.32,84,pothole,NO,BLOCKED,0.0,1.0,0.001,0.0,
17:09:47.429,1.0577,1.0035,1.0132,5.0,pothole,1.0,normal,0.0,normal,0.0,CAUTION,45.1,0.32,84,pothole,NO,BLOCKED,0.0,1.0,0.023,0.0,
17:09:47.613,1.0219,1.003,1.0001,5.0,pothole,1.0,normal,0.0,normal,0.0,CAUTION,45.0,0.32,84,pothole,NO,BLOCKED,0.0,1.0,0.009,0.0,
17:09:47.790,1.0085,1.0047,1.0104,5.0,pothole,1.0,normal,0.0,normal,0.0,CAUTION,45.0,0.32,84,pothole,NO,BLOCKED,0.0,1.0,0.003,0.0,
17:09:47.973,1.0114,1.0145,1.0096,5.0,pothole,1.0,normal,0.0,normal,0.0,CAUTION,45.0,0.32,84,pothole,NO,BLOCKED,0.0,1.0,0.005,0.0,
17:09:48.154,1.0504,1.0033,1.009,5.0,pothole,1.0,normal,0.0,normal,0.0,CAUTION,45.1,0.32,84,pothole,NO,BLOCKED,0.0,1.0,0.02,0.0,
17:09:48.337,1.0239,1.0096,1.0121,5.0,pothole,1.0,normal,0.0,normal,0.0,CAUTION,45.0,0.32,84,pothole,NO,BLOCKED,0.0,1.0,0.01,0.0,
17:09:48.500,1.07,1.0093,1.0068,5.0,pothole,1.0,normal,0.0,normal,0.0,CAUTION,45.1,0.32,84,pothole,NO,BLOCKED,0.0,1.0,0.028,0.0,
17:09:48.674,1.024,1.0094,1.0111,5.0,pothole,1.0,normal,0.0,normal,0.0,CAUTION,45.0,0.32,84,pothole,NO,BLOCKED,0.0,1.0,0.01,0.0,
17:09:48.847,1.023,1.012,1.0064,0.0,normal,0.0,normal,0.0,normal,0.0,CAUTION,45.0,0.32,84,braking,NO,BLOCKED,0.0,1.0,0.009,0.0,
17:09:49.022,1.0538,1.003,1.0048,0.0,normal,0.0,normal,0.0,normal,0.0,CAUTION,35.8,0.25,87,braking,NO,BLOCKED,0.0,0.794,0.022,0.0,
17:09:49.193,1.0046,1.0073,1.0043,0.0,normal,0.0,normal,0.0,normal,0.0,CAUTION,26.1,0.18,91,braking,NO,BLOCKED,0.0,0.579,0.002,0.0,
17:09:49.373,1.0468,1.0092,1.0043,0.0,normal,0.0,normal,0.0,normal,0.0,CAUTION,19.1,0.0,100,braking,NO,BLOCKED,0.0,0.423,0.019,0.0,
17:09:49.553,1.0185,1.0073,1.0037,0.0,normal,0.0,speed_hump,0.5009,normal,0.0,CAUTION,31.5,0.22,89,speed_hump,NO,BLOCKED,0.0,0.309,0.007,0.501,
17:09:49.734,1.0047,1.0046,1.0065,5.0,pothole,1.0,normal,0.0,normal,0.0,CAUTION,28.4,0.2,90,pothole,NO,BLOCKED,0.0,0.63,0.002,0.0,
17:09:49.959,1.0487,1.0035,1.0079,2.5366,speed_hump,0.7683,normal,0.0,normal,0.0,CAUTION,30.1,0.21,89,speed_hump,NO,BLOCKED,0.0,0.666,0.019,0.0,
17:09:50.141,1.0352,1.0027,1.0046,0.0,normal,0.0,normal,0.0,normal,0.0,CAUTION,21.9,0.0,100,braking,NO,BLOCKED,0.0,0.486,0.014,0.0,
17:09:50.313,1.0277,1.0012,1.0105,0.0,normal,0.0,normal,0.0,normal,0.0,CAUTION,16.0,0.0,100,braking,NO,BLOCKED,0.0,0.355,0.011,0.0,
17:09:50.497,1.0382,1.0104,1.0095,2.5366,speed_hump,0.7683,normal,0.0,normal,0.0,NORMAL,21.0,0.0,100,speed_hump,YES,PASS,0.0,0.464,0.015,0.0,
17:09:50.665,1.0239,1.008,1.0142,0.0,normal,0.0,speed_hump,0.5119,normal,0.0,NORMAL,33.2,0.23,100,speed_hump,YES,PASS,0.0,0.339,0.01,0.512,
17:09:50.848,1.0438,1.0004,1.0058,0.0,normal,0.0,normal,0.0,normal,0.0,NORMAL,11.2,0.0,100,normal,YES,PASS,0.0,0.247,0.018,0.0,
17:09:51.024,1.0537,1.0063,1.008,0.0,normal,0.0,normal,0.0,normal,0.0,NORMAL,8.2,0.0,100,normal,YES,PASS,0.0,0.181,0.021,0.0,
17:09:51.208,1.0416,1.0088,1.0101,0.0,normal,0.0,normal,0.0,normal,0.0,NORMAL,6.0,0.0,100,normal,YES,PASS,0.0,0.132,0.017,0.0,
17:09:51.396,1.024,1.0048,1.0059,2.5366,speed_hump,0.7683,normal,0.0,normal,0.0,NORMAL,13.6,0.0,100,speed_hump,YES,PASS,0.0,0.302,0.01,0.0,
17:09:51.578,1.0066,1.005,1.0104,0.0,normal,0.0,normal,0.0,normal,0.0,NORMAL,9.9,0.0,100,normal,YES,PASS,0.0,0.22,0.003,0.0,
17:09:51.737,1.0429,1.0116,1.0003,2.5366,speed_hump,0.7683,normal,0.0,normal,0.0,NORMAL,16.6,0.0,100,speed_hump,YES,PASS,0.0,0.366,0.017,0.0,
17:09:51.900,1.0555,1.0133,1.0019,5.0,pothole,1.0,normal,0.0,normal,0.0,NORMAL,30.4,0.21,100,pothole,YES,PASS,0.0,0.673,0.022,0.0,
17:09:52.086,1.0204,1.0061,1.0125,5.0,pothole,1.0,normal,0.0,normal,0.0,NORMAL,40.4,0.28,100,pothole,YES,PASS,0.0,0.896,0.008,0.0,
17:09:52.262,1.0167,1.0123,1.0093,5.0,pothole,1.0,normal,0.0,normal,0.0,CAUTION,45.0,0.32,84,pothole,NO,BLOCKED,0.0,1.0,0.007,0.0,
17:09:52.436,1.0119,1.0088,1.0122,5.0,pothole,1.0,normal,0.0,normal,0.0,CAUTION,45.0,0.32,84,pothole,NO,BLOCKED,0.0,1.0,0.005,0.0,
17:09:52.590,1.0386,1.0044,1.0092,5.0,pothole,1.0,normal,0.0,normal,0.0,CAUTION,45.1,0.32,84,pothole,NO,BLOCKED,0.0,1.0,0.015,0.0,
17:09:52.765,1.0237,1.0022,1.0085,5.0,pothole,1.0,normal,0.0,normal,0.0,CAUTION,45.0,0.32,84,pothole,NO,BLOCKED,0.0,1.0,0.009,0.0,
17:09:52.945,1.0339,1.0066,1.0049,5.0,pothole,1.0,normal,0.0,normal,0.0,CAUTION,45.1,0.32,84,pothole,NO,BLOCKED,0.0,1.0,0.014,0.0,
17:09:53.122,1.0254,1.0085,1.0082,5.0,pothole,1.0,normal,0.0,normal,0.0,CAUTION,45.1,0.32,84,pothole,NO,BLOCKED,0.0,1.0,0.01,0.0,
17:09:53.306,1.0284,1.011,1.0111,0.0,normal,0.0,normal,0.0,normal,0.0,CAUTION,45.1,0.32,84,braking,NO,BLOCKED,0.0,1.0,0.011,0.0,
17:09:53.480,1.0417,1.0023,1.009,0.0,normal,0.0,normal,0.0,normal,0.0,CAUTION,33.9,0.24,88,braking,NO,BLOCKED,0.0,0.75,0.017,0.0,
17:09:53.654,1.0068,1.0076,1.0111,0.0,normal,0.0,normal,0.0,normal,0.0,CAUTION,24.7,0.0,100,braking,NO,BLOCKED,0.0,0.548,0.003,0.0,
17:09:53.846,1.0561,1.0131,1.0115,0.0,normal,0.0,normal,0.0,normal,0.0,CAUTION,18.1,0.0,100,braking,NO,BLOCKED,0.0,0.4,0.022,0.0,
17:09:54.029,1.0322,1.0028,1.011,0.0,normal,0.0,normal,0.0,normal,0.0,NORMAL,13.2,0.0,100,normal,YES,PASS,0.0,0.292,0.013,0.0,
17:09:54.196,1.0267,1.008,1.0086,0.0,normal,0.0,normal,0.0,normal,0.0,NORMAL,9.6,0.0,100,normal,YES,PASS,0.0,0.213,0.011,0.0,
17:09:54.368,1.0035,1.0008,1.005,0.0,normal,0.0,normal,0.0,normal,0.0,NORMAL,7.0,0.0,100,normal,YES,PASS,0.0,0.155,0.001,0.0,
17:09:54.533,1.0432,1.0085,1.0082,0.0,normal,0.0,normal,0.0,normal,0.0,NORMAL,5.2,0.0,100,normal,YES,PASS,0.0,0.113,0.017,0.0,
17:09:54.713,1.0582,1.0056,1.0064,0.0,normal,0.0,normal,0.0,normal,0.0,NORMAL,3.8,0.0,100,normal,YES,PASS,0.0,0.083,0.023,0.0,
17:09:54.890,1.031,1.003,1.0058,0.0,normal,0.0,normal,0.0,normal,0.0,NORMAL,2.8,0.0,100,normal,YES,PASS,0.0,0.06,0.012,0.0,
17:09:55.059,1.0553,1.0065,1.0072,0.0,normal,0.0,normal,0.0,normal,0.0,NORMAL,2.1,0.0,100,normal,YES,PASS,0.0,0.044,0.022,0.0,
17:09:55.240,1.0048,1.0045,1.001,0.0,normal,0.0,normal,0.0,normal,0.0,NORMAL,1.5,0.0,100,normal,YES,PASS,0.0,0.032,0.002,0.0,
17:09:55.414,1.0024,1.0024,1.0047,0.0,normal,0.0,normal,0.0,normal,0.0,NORMAL,1.1,0.0,100,normal,YES,PASS,0.0,0.023,0.001,0.0,
17:09:55.590,1.0384,1.0097,1.0073,0.0,normal,0.0,normal,0.0,normal,0.0,NORMAL,0.8,0.0,100,normal,YES,PASS,0.0,0.017,0.015,0.0,
17:09:55.764,1.0524,1.0124,1.0074,0.0,normal,0.0,normal,0.0,normal,0.0,NORMAL,0.7,0.0,100,normal,YES,PASS,0.0,0.013,0.021,0.0,
17:09:55.929,1.0137,1.0047,1.005,0.0,normal,0.0,normal,0.0,normal,0.0,NORMAL,0.4,0.0,100,normal,YES,PASS,0.0,0.009,0.005,0.0,
17:09:56.098,1.0332,1.0008,1.0102,0.0,normal,0.0,normal,0.0,normal,0.0,NORMAL,0.4,0.0,100,normal,YES,PASS,0.0,0.007,0.013,0.0,
17:09:56.256,1.024,1.0042,1.0061,0.0,normal,0.0,normal,0.0,normal,0.0,NORMAL,0.3,0.0,100,normal,YES,PASS,0.0,0.005,0.01,0.0,
17:09:56.426,1.0351,1.0069,1.015,0.0,normal,0.0,normal,0.0,normal,0.0,NORMAL,0.2,0.0,100,normal,YES,PASS,0.0,0.004,0.014,0.0,
17:09:56.590,1.0383,1.01,1.0014,0.0,normal,0.0,normal,0.0,normal,0.0,NORMAL,0.2,0.0,100,normal,YES,PASS,0.0,0.003,0.015,0.0,
17:09:56.763,1.0549,1.0159,1.0097,0.0,normal,0.0,normal,0.0,normal,0.0,NORMAL,0.2,0.0,100,normal,YES,PASS,0.0,0.002,0.022,0.0,
17:09:56.933,1.064,1.0047,1.0059,0.0,normal,0.0,normal,0.0,normal,0.0,NORMAL,0.2,0.0,100,normal,YES,PASS,0.0,0.001,0.026,0.0,
17:09:57.108,1.0106,1.0094,1.002,0.0,normal,0.0,normal,0.0,normal,0.0,NORMAL,0.1,0.0,100,normal,YES,PASS,0.0,0.001,0.004,0.0,
17:09:57.277,1.0352,1.0131,1.0075,0.0,normal,0.0,normal,0.0,normal,0.0,NORMAL,0.1,0.0,100,normal,YES,PASS,0.0,0.001,0.014,0.0,
17:09:57.449,1.0156,1.0007,1.0078,0.0,normal,0.0,normal,0.0,normal,0.0,NORMAL,0.1,0.0,100,normal,YES,PASS,0.0,0.001,0.006,0.0,
17:09:57.629,1.0445,1.0035,1.0163,0.0,normal,0.0,normal,0.0,normal,0.0,NORMAL,0.1,0.0,100,normal,YES,PASS,0.0,0.0,0.018,0.0,
17:09:57.804,1.0431,1.0046,1.0025,0.0,normal,0.0,normal,0.0,normal,0.0,NORMAL,0.1,0.0,100,normal,YES,PASS,0.0,0.0,0.017,0.0,
17:09:57.983,1.0179,1.0042,1.004,0.0,normal,0.0,normal,0.0,normal,0.0,NORMAL,0.0,0.0,100,normal,YES,PASS,0.0,0.0,0.007,0.0,
17:09:58.167,1.0634,1.0007,1.0036,0.0,normal,0.0,normal,0.0,normal,0.0,NORMAL,0.1,0.0,100,normal,YES,PASS,0.0,0.0,0.025,0.0,
17:09:58.338,1.0441,1.0037,1.0133,0.0,normal,0.0,normal,0.0,normal,0.0,NORMAL,0.1,0.0,100,normal,YES,PASS,0.0,0.0,0.018,0.0,
17:09:58.506,1.0309,1.0057,1.004,0.0,normal,0.0,normal,0.0,normal,0.0,NORMAL,0.1,0.0,100,normal,YES,PASS,0.0,0.0,0.012,0.0,
17:09:58.682,1.0575,1.0053,1.0039,0.0,normal,0.0,normal,0.0,normal,0.0,NORMAL,0.1,0.0,100,normal,YES,PASS,0.0,0.0,0.023,0.0,
17:09:58.845,1.0049,1.0086,1.0107,0.0,normal,0.0,normal,0.0,normal,0.0,NORMAL,0.0,0.0,100,normal,YES,PASS,0.0,0.0,0.002,0.0,
17:09:59.012,1.0176,1.0032,1.0079,0.0,normal,0.0,normal,0.0,normal,0.0,NORMAL,0.0,0.0,100,normal,YES,PASS,0.0,0.0,0.007,0.0,
17:09:59.180,1.0194,1.0065,1.0003,0.0,normal,0.0,normal,0.0,normal,0.0,NORMAL,0.0,0.0,100,normal,YES,PASS,0.0,0.0,0.008,0.0,
17:09:59.353,1.0434,1.0064,1.002,0.0,normal,0.0,normal,0.0,normal,0.0,NORMAL,0.1,0.0,100,normal,YES,PASS,0.0,0.0,0.017,0.0,
17:09:59.532,1.0221,1.0024,1.0124,0.0,normal,0.0,normal,0.0,normal,0.0,NORMAL,0.0,0.0,100,normal,YES,PASS,0.0,0.0,0.009,0.0,
17:09:59.702,1.0435,1.0061,1.0002,0.0,normal,0.0,normal,0.0,normal,0.0,NORMAL,0.1,0.0,100,normal,YES,PASS,0.0,0.0,0.017,0.0,
17:09:59.880,1.0276,1.0029,1.0078,0.0,normal,0.0,normal,0.0,normal,0.0,NORMAL,0.1,0.0,100,normal,YES,PASS,0.0,0.0,0.011,0.0,
17:10:00.061,1.0107,1.0072,1.0046,0.0,normal,0.0,normal,0.0,normal,0.0,NORMAL,0.0,0.0,100,normal,YES,PASS,0.0,0.0,0.004,0.0,
17:10:00.237,1.0227,1.0094,1.0071,0.0,normal,0.0,normal,0.0,normal,0.0,NORMAL,0.0,0.0,100,normal,YES,PASS,0.0,0.0,0.009,0.0,
17:10:00.397,1.0536,1.006,1.0006,0.0,normal,0.0,normal,0.0,normal,0.0,NORMAL,0.1,0.0,100,normal,YES,PASS,0.0,0.0,0.021,0.0,
17:10:00.571,1.0265,1.0105,1.007,0.0,normal,0.0,normal,0.0,normal,0.0,NORMAL,0.1,0.0,100,normal,YES,PASS,0.0,0.0,0.011,0.0,
17:10:00.748,1.0416,1.0062,1.0022,0.0,normal,0.0,normal,0.0,normal,0.0,NORMAL,0.1,0.0,100,normal,YES,PASS,0.0,0.0,0.017,0.0,
17:10:00.915,1.048,1.0018,1.0037,0.0,normal,0.0,normal,0.0,normal,0.0,NORMAL,0.1,0.0,100,normal,YES,PASS,0.0,0.0,0.019,0.0,
17:10:01.091,1.0729,1.0029,1.0011,0.0,normal,0.0,normal,0.0,normal,0.0,NORMAL,0.1,0.0,100,normal,YES,PASS,0.0,0.0,0.029,0.0,
17:10:01.257,1.0299,1.007,1.011,0.0,normal,0.0,normal,0.0,normal,0.0,NORMAL,0.1,0.0,100,normal,YES,PASS,0.0,0.0,0.012,0.0,
17:10:01.434,1.0504,1.0056,1.0034,0.0,normal,0.0,normal,0.0,normal,0.0,NORMAL,0.1,0.0,100,normal,YES,PASS,0.0,0.0,0.02,0.0,
17:10:01.597,1.0553,1.0012,1.0106,0.0,normal,0.0,normal,0.0,normal,0.0,NORMAL,0.1,0.0,100,normal,YES,PASS,0.0,0.0,0.022,0.0,
17:10:01.763,1.0058,1.0107,1.0054,0.0,normal,0.0,normal,0.0,normal,0.0,NORMAL,0.0,0.0,100,normal,YES,PASS,0.0,0.0,0.002,0.0,
17:10:01.941,1.0221,1.0073,1.0074,0.0,normal,0.0,normal,0.0,normal,0.0,NORMAL,0.0,0.0,100,normal,YES,PASS,0.0,0.0,0.009,0.0,
17:10:02.105,1.0332,1.0039,1.0022,0.0,normal,0.0,normal,0.0,normal,0.0,NORMAL,0.1,0.0,100,normal,YES,PASS,0.0,0.0,0.013,0.0,
17:10:02.274,1.0397,1.0042,1.0065,0.0,normal,0.0,normal,0.0,normal,0.0,NORMAL,0.1,0.0,100,normal,YES,PASS,0.0,0.0,0.016,0.0,
17:10:02.454,1.0404,1.0004,1.006,0.0,normal,0.0,normal,0.0,normal,0.0,NORMAL,0.1,0.0,100,normal,YES,PASS,0.0,0.0,0.016,0.0,
17:10:02.644,1.0561,1.0113,1.0107,0.0,normal,0.0,normal,0.0,normal,0.0,NORMAL,0.1,0.0,100,normal,YES,PASS,0.0,0.0,0.022,0.0,
17:10:02.817,1.021,1.0116,1.0049,0.0,normal,0.0,normal,0.0,normal,0.0,NORMAL,0.0,0.0,100,normal,YES,PASS,0.0,0.0,0.008,0.0,
17:10:03.005,1.0305,1.0067,1.0048,0.0,normal,0.0,normal,0.0,normal,0.0,NORMAL,0.1,0.0,100,normal,YES,PASS,0.0,0.0,0.012,0.0,
17:10:03.189,1.0156,1.0147,1.0025,0.0,normal,0.0,normal,0.0,normal,0.0,NORMAL,0.0,0.0,100,normal,YES,PASS,0.0,0.0,0.006,0.0,
17:10:03.372,1.0573,1.0013,1.0052,0.0,normal,0.0,normal,0.0,normal,0.0,NORMAL,0.1,0.0,100,normal,YES,PASS,0.0,0.0,0.023,0.0,
17:10:03.553,1.0446,1.0036,1.0127,0.0,normal,0.0,normal,0.0,normal,0.0,NORMAL,0.1,0.0,100,normal,YES,PASS,0.0,0.0,0.018,0.0,
17:10:03.738,1.0199,1.0123,1.0001,0.0,normal,0.0,normal,0.0,normal,0.0,NORMAL,0.0,0.0,100,normal,YES,PASS,0.0,0.0,0.008,0.0,
17:10:03.914,1.0029,1.0014,1.0093,0.0,normal,0.0,normal,0.0,normal,0.0,NORMAL,0.0,0.0,100,normal,YES,PASS,0.0,0.0,0.001,0.0,
17:10:04.087,1.0245,1.0007,1.0084,0.0,normal,0.0,normal,0.0,normal,0.0,NORMAL,0.0,0.0,100,normal,YES,PASS,0.0,0.0,0.01,0.0,
17:10:04.276,1.0204,1.0138,1.0091,0.0,normal,0.0,normal,0.0,normal,0.0,NORMAL,0.0,0.0,100,normal,YES,PASS,0.0,0.0,0.008,0.0,
17:10:04.454,1.011,1.0048,1.0062,0.0,normal,0.0,normal,0.0,normal,0.0,NORMAL,0.0,0.0,100,normal,YES,PASS,0.0,0.0,0.004,0.0,
17:10:04.685,1.0427,1.0072,1.0053,0.0,normal,0.0,normal,0.0,normal,0.0,NORMAL,0.1,0.0,100,normal,YES,PASS,0.0,0.0,0.017,0.0,
17:10:04.907,1.0226,1.0106,1.0035,0.0,normal,0.0,normal,0.0,normal,0.0,NORMAL,0.0,0.0,100,normal,YES,PASS,0.0,0.0,0.009,0.0,
17:10:05.124,1.0026,1.0001,1.0071,0.0,normal,0.0,normal,0.0,normal,0.0,NORMAL,0.0,0.0,100,normal,YES,PASS,0.0,0.0,0.001,0.0,
17:10:05.348,1.0474,1.0023,1.0031,0.0,normal,0.0,normal,0.0,normal,0.0,NORMAL,0.1,0.0,100,normal,YES,PASS,0.0,0.0,0.019,0.0,
17:10:05.545,1.0104,1.0071,1.0007,0.0,normal,0.0,normal,0.0,normal,0.0,NORMAL,0.0,0.0,100,normal,YES,PASS,0.0,0.0,0.004,0.0,
17:10:05.781,1.0427,1.0102,1.0086,0.0,normal,0.0,normal,0.0,normal,0.0,NORMAL,0.1,0.0,100,normal,YES,PASS,0.0,0.0,0.017,0.0,
17:10:06.000,1.0106,1.0094,1.0112,0.0,normal,0.0,normal,0.0,normal,0.0,NORMAL,0.0,0.0,100,normal,YES,PASS,0.0,0.0,0.004,0.0,
17:10:06.200,1.0191,1.0107,1.007,0.0,normal,0.0,normal,0.0,normal,0.0,NORMAL,0.0,0.0,100,normal,YES,PASS,0.0,0.0,0.008,0.0,
17:10:06.375,1.0113,1.0122,1.0047,0.0,normal,0.0,normal,0.0,normal,0.0,NORMAL,0.0,0.0,100,normal,YES,PASS,0.0,0.0,0.005,0.0,
17:10:06.582,1.0021,1.0001,1.0025,0.0,normal,0.0,normal,0.0,normal,0.0,NORMAL,0.0,0.0,100,normal,YES,PASS,0.0,0.0,0.001,0.0,
17:10:06.841,1.0164,1.0066,1.0027,0.0,normal,0.0,normal,0.0,normal,0.0,NORMAL,0.0,0.0,100,normal,YES,PASS,0.0,0.0,0.007,0.0,
17:10:07.099,1.0138,1.0041,1.0046,0.0,normal,0.0,normal,0.0,normal,0.0,NORMAL,0.0,0.0,100,normal,YES,PASS,0.0,0.0,0.006,0.0,
17:10:07.370,1.0122,1.0009,1.0019,0.0,normal,0.0,normal,0.0,normal,0.0,NORMAL,0.0,0.0,100,normal,YES,PASS,0.0,0.0,0.005,0.0,
17:10:07.633,1.0389,1.0041,1.0002,0.0,normal,0.0,normal,0.0,normal,0.0,NORMAL,0.1,0.0,100,normal,YES,PASS,0.0,0.0,0.016,0.0,
17:10:07.879,1.0649,1.0093,1.0104,0.0,normal,0.0,normal,0.0,normal,0.0,NORMAL,0.1,0.0,100,normal,YES,PASS,0.0,0.0,0.026,0.0,
17:10:08.133,1.0367,1.0044,1.0082,0.0,normal,0.0,normal,0.0,normal,0.0,NORMAL,0.1,0.0,100,normal,YES,PASS,0.0,0.0,0.015,0.0,
17:10:08.361,1.0042,1.0029,1.0105,0.0,normal,0.0,normal,0.0,normal,0.0,NORMAL,0.0,0.0,100,normal,YES,PASS,0.0,0.0,0.002,0.0,
17:10:08.583,1.0493,1.0028,1.0088,2.6248,speed_hump,0.8124,normal,0.0,normal,0.0,NORMAL,9.7,0.0,100,speed_hump,YES,PASS,0.0,0.213,0.02,0.0,
17:10:08.904,1.0271,1.0072,1.0058,2.6248,speed_hump,0.8124,normal,0.0,normal,0.0,NORMAL,16.6,0.0,100,speed_hump,YES,PASS,0.0,0.368,0.011,0.0,
