timestamp,imu_z,imu_x,imu_y,motion_score,camera_event,camera_conf,road_event,road_conf,rear_event,rear_conf,decision,confidence,severity_score,motor_speed,lora_event,lora_sent,lora_confidence_check,lora_latency_ms,motion_conf,imu_conf,road_conf_fusion,ground_truth
15:07:35.957,1.0287,1.0077,1.0013,0.0,normal,0.0,normal,0.0,normal,0.0,NORMAL,2.3,0.0,100,normal,YES,PASS,0.0,0.068,0.011,0.0,
15:07:36.206,1.0543,1.0015,1.0003,0.0,normal,0.0,normal,0.0,normal,0.0,NORMAL,1.4,0.0,100,normal,YES,PASS,0.0,0.034,0.022,0.0,
15:07:36.436,1.0506,1.0017,1.0051,0.0,normal,0.0,normal,0.0,normal,0.0,NORMAL,1.0,0.0,100,normal,YES,PASS,0.0,0.021,0.02,0.0,
15:07:36.688,1.0002,1.0105,1.0026,0.0,normal,0.0,normal,0.0,normal,0.0,NORMAL,0.4,0.0,100,normal,YES,PASS,0.0,0.014,0.0,0.0,
15:07:36.916,1.0625,1.0094,1.0064,0.0,normal,0.0,normal,0.0,normal,0.0,NORMAL,0.8,0.0,100,normal,YES,PASS,0.0,0.01,0.025,0.0,
15:07:37.140,1.0512,1.0072,1.0066,0.0,normal,0.0,normal,0.0,normal,0.0,NORMAL,0.6,0.0,100,normal,YES,PASS,0.0,0.007,0.02,0.0,
15:07:37.367,1.0128,1.006,1.0091,0.0,normal,0.0,normal,0.0,normal,0.0,NORMAL,0.3,0.0,100,normal,YES,PASS,0.0,0.005,0.005,0.0,
15:07:37.582,1.0062,1.0159,1.0092,0.0,normal,0.0,normal,0.0,normal,0.0,NORMAL,0.2,0.0,100,normal,YES,PASS,0.0,0.004,0.002,0.0,
15:07:37.811,1.0118,1.0097,1.0033,0.0,normal,0.0,normal,0.0,normal,0.0,NORMAL,0.2,0.0,100,normal,YES,PASS,0.0,0.003,0.005,0.0,
15:07:38.036,1.0438,1.0128,1.0135,0.0,normal,0.0,normal,0.0,normal,0.0,NORMAL,0.4,0.0,100,normal,YES,PASS,0.0,0.002,0.018,0.0,
15:07:38.278,1.0056,1.0135,1.0111,0.0,normal,0.0,normal,0.0,normal,0.0,NORMAL,0.1,0.0,100,normal,YES,PASS,0.0,0.001,0.002,0.0,
15:07:38.509,1.0558,1.0087,1.0036,0.0,normal,0.0,normal,0.0,normal,0.0,NORMAL,0.5,0.0,100,normal,YES,PASS,0.0,0.001,0.022,0.0,
15:07:38.721,1.0545,1.0058,1.0146,0.0,normal,0.0,normal,0.0,normal,0.0,NORMAL,0.5,0.0,100,normal,YES,PASS,0.0,0.001,0.022,0.0,
15:07:38.939,1.0466,1.0009,1.0024,0.0,normal,0.0,normal,0.0,normal,0.0,NORMAL,0.4,0.0,100,normal,YES,PASS,0.0,0.001,0.019,0.0,
15:07:39.177,1.057,1.0048,1.0123,0.0,normal,0.0,normal,0.0,normal,0.0,NORMAL,0.5,0.0,100,normal,YES,PASS,0.0,0.0,0.023,0.0,
15:07:39.415,1.0405,1.0015,1.005,0.0,normal,0.0,normal,0.0,normal,0.0,NORMAL,0.3,0.0,100,normal,YES,PASS,0.0,0.0,0.016,0.0,
15:07:39.630,1.0189,1.0103,1.0077,0.0,normal,0.0,normal,0.0,normal,0.0,NORMAL,0.2,0.0,100,normal,YES,PASS,0.0,0.0,0.008,0.0,
15:07:39.865,1.0117,1.0093,1.0026,0.0,normal,0.0,normal,0.0,normal,0.0,NORMAL,0.1,0.0,100,normal,YES,PASS,0.0,0.0,0.005,0.0,
15:07:40.105,1.0562,1.0129,1.0108,0.0,normal,0.0,normal,0.0,normal,0.0,NORMAL,0.5,0.0,100,normal,YES,PASS,0.0,0.0,0.022,0.0,
15:07:40.334,1.0071,1.0059,1.0063,0.0,normal,0.0,normal,0.0,normal,0.0,NORMAL,0.1,0.0,100,normal,YES,PASS,0.0,0.0,0.003,0.0,
15:07:40.570,1.0287,1.0134,1.0112,0.0,normal,0.0,normal,0.0,normal,0.0,NORMAL,0.2,0.0,100,normal,YES,PASS,0.0,0.0,0.011,0.0,
15:07:40.801,1.0255,1.0053,1.0037,0.0,normal,0.0,normal,0.0,normal,0.0,NORMAL,0.2,0.0,100,normal,YES,PASS,0.0,0.0,0.01,0.0,
15:07:41.015,1.0023,1.0113,1.0124,0.0,normal,0.0,normal,0.0,normal,0.0,NORMAL,0.0,0.0,100,normal,YES,PASS,0.0,0.0,0.001,0.0,
15:07:41.310,1.0095,1.0081,1.0106,0.0,normal,0.0,normal,0.0,normal,0.0,NORMAL,0.1,0.0,100,normal,YES,PASS,0.0,0.0,0.004,0.0,
15:07:41.561,1.0137,1.0031,1.0053,0.0,normal,0.0,normal,0.0,normal,0.0,NORMAL,0.1,0.0,100,normal,YES,PASS,0.0,0.0,0.005,0.0,
15:07:41.807,1.0551,1.0159,1.0046,0.0,normal,0.0,normal,0.0,normal,0.0,NORMAL,0.4,0.0,100,normal,YES,PASS,0.0,0.0,0.022,0.0,
15:07:42.115,1.0384,1.0124,1.0036,0.0,normal,0.0,normal,0.0,normal,0.0,NORMAL,0.3,0.0,100,normal,YES,PASS,0.0,0.0,0.015,0.0,
15:07:42.311,1.0557,1.0062,1.0077,0.0,normal,0.0,normal,0.0,normal,0.0,NORMAL,0.4,0.0,100,normal,YES,PASS,0.0,0.0,0.022,0.0,
15:07:42.530,1.0518,1.0025,1.0089,0.0,normal,0.0,normal,0.0,normal,0.0,NORMAL,0.4,0.0,100,normal,YES,PASS,0.0,0.0,0.021,0.0,
15:07:42.749,1.0169,1.0076,1.0064,0.0,normal,0.0,normal,0.0,normal,0.0,NORMAL,0.1,0.0,100,normal,YES,PASS,0.0,0.0,0.007,0.0,
15:07:42.977,1.045,1.0012,1.0001,0.0,normal,0.0,normal,0.0,normal,0.0,NORMAL,0.4,0.0,100,normal,YES,PASS,0.0,0.0,0.018,0.0,
15:07:43.200,1.0173,1.0076,1.0045,0.0,normal,0.0,normal,0.0,normal,0.0,NORMAL,0.1,0.0,100,normal,YES,PASS,0.0,0.0,0.007,0.0,
15:07:43.416,1.0474,1.0046,1.0032,0.0,normal,0.0,normal,0.0,normal,0.0,NORMAL,0.4,0.0,100,normal,YES,PASS,0.0,0.0,0.019,0.0,
15:07:43.628,1.029,1.0009,1.0084,0.0,normal,0.0,speed_hump,0.5034,normal,0.0,NORMAL,17.9,0.09,100,speed_hump,YES,PASS,0.0,0.0,0.012,0.503,
15:07:43.862,1.0266,1.0021,1.0055,0.0,normal,0.0,speed_hump,0.5034,normal,0.0,NORMAL,17.8,0.09,100,speed_hump,YES,PASS,0.0,0.0,0.011,0.503,
15:07:44.082,1.0401,1.0014,1.0049,0.0,normal,0.0,speed_hump,0.5034,normal,0.0,CAUTION,17.9,0.09,96,speed_hump,NO,BLOCKED,0.0,0.0,0.016,0.503,
15:07:44.319,1.0082,1.0073,1.0065,0.0,normal,0.0,speed_hump,0.5034,normal,0.0,CAUTION,17.7,0.09,96,speed_hump,NO,BLOCKED,0.0,0.0,0.003,0.503,
15:07:44.545,1.0134,1.0031,1.001,0.0,normal,0.0,speed_hump,0.5034,normal,0.0,CAUTION,17.7,0.09,96,speed_hump,NO,BLOCKED,0.0,0.0,0.005,0.503,
15:07:44.781,1.0274,1.0095,1.0081,0.0,normal,0.0,speed_hump,0.5054,normal,0.0,CAUTION,17.9,0.09,96,speed_hump,NO,BLOCKED,0.0,0.0,0.011,0.505,
15:07:45.015,1.0652,1.0071,1.0024,0.0,normal,0.0,speed_hump,0.5054,normal,0.0,CAUTION,18.2,0.09,95,speed_hump,NO,BLOCKED,0.0,0.0,0.026,0.505,
15:07:45.241,1.0212,1.0114,1.0096,0.0,normal,0.0,speed_hump,0.5054,normal,0.0,CAUTION,17.9,0.09,96,speed_hump,NO,BLOCKED,0.0,0.0,0.008,0.505,
15:07:45.471,1.0072,1.0065,1.0079,0.0,normal,0.0,speed_hump,0.5054,normal,0.0,CAUTION,17.7,0.09,96,speed_hump,NO,BLOCKED,0.0,0.0,0.003,0.505,
15:07:45.693,1.0016,1.0082,1.0062,0.0,normal,0.0,speed_hump,0.5054,normal,0.0,CAUTION,17.7,0.09,96,speed_hump,NO,BLOCKED,0.0,0.0,0.001,0.505,
15:07:45.926,1.0393,1.0065,1.0109,0.0,normal,0.0,speed_hump,0.5054,normal,0.0,CAUTION,18.0,0.09,95,speed_hump,NO,BLOCKED,0.0,0.0,0.016,0.505,
15:07:46.146,1.0181,1.0006,1.0011,0.0,normal,0.0,speed_hump,0.5291,normal,0.0,CAUTION,18.7,0.09,95,speed_hump,NO,BLOCKED,0.0,0.0,0.007,0.529,
15:07:46.363,1.0476,1.0133,1.0107,0.0,normal,0.0,speed_hump,0.5104,normal,0.0,CAUTION,18.2,0.09,95,speed_hump,NO,BLOCKED,0.0,0.0,0.019,0.51,
15:07:46.594,1.0216,1.0063,1.0067,0.0,normal,0.0,speed_hump,0.5104,normal,0.0,CAUTION,18.0,0.09,95,speed_hump,NO,BLOCKED,0.0,0.0,0.009,0.51,
15:07:46.808,1.0249,1.0017,1.0018,0.0,normal,0.0,speed_hump,0.5104,normal,0.0,CAUTION,18.1,0.09,95,speed_hump,NO,BLOCKED,0.0,0.0,0.01,0.51,
15:07:47.048,1.0546,1.0004,1.0045,0.0,normal,0.0,speed_hump,0.5104,normal,0.0,CAUTION,18.3,0.09,95,speed_hump,NO,BLOCKED,0.0,0.0,0.022,0.51,
15:07:47.267,1.0533,1.0131,1.0039,0.0,normal,0.0,speed_hump,0.5104,normal,0.0,CAUTION,18.3,0.09,95,speed_hump,NO,BLOCKED,0.0,0.0,0.021,0.51,
15:07:47.512,1.0281,1.0083,1.0121,0.0,normal,0.0,speed_hump,0.5104,normal,0.0,CAUTION,18.1,0.09,95,speed_hump,NO,BLOCKED,0.0,0.0,0.011,0.51,
15:07:47.740,1.0368,1.0078,1.0065,0.0,normal,0.0,speed_hump,0.5104,normal,0.0,CAUTION,18.2,0.09,95,speed_hump,NO,BLOCKED,0.0,0.0,0.015,0.51,
15:07:47.969,1.0286,1.0097,1.0052,0.0,normal,0.0,normal,0.0,normal,0.0,CAUTION,0.2,0.0,100,braking,NO,BLOCKED,0.0,0.0,0.011,0.0,
15:07:48.179,1.0382,1.007,1.0068,0.0,normal,0.0,normal,0.0,normal,0.0,CAUTION,0.3,0.0,100,braking,NO,BLOCKED,0.0,0.0,0.015,0.0,
15:07:48.402,1.0553,1.0094,1.0006,0.0,normal,0.0,normal,0.0,normal,0.0,NORMAL,0.4,0.0,100,normal,YES,PASS,0.0,0.0,0.022,0.0,
15:07:48.631,1.0429,1.0092,1.0015,0.0,normal,0.0,normal,0.0,normal,0.0,NORMAL,0.3,0.0,100,normal,YES,PASS,0.0,0.0,0.017,0.0,
15:07:48.848,1.0043,1.0134,1.0005,0.0,normal,0.0,normal,0.0,normal,0.0,NORMAL,0.0,0.0,100,normal,YES,PASS,0.0,0.0,0.002,0.0,
15:07:49.074,1.0669,1.0021,1.0029,0.0,normal,0.0,normal,0.0,normal,0.0,NORMAL,0.5,0.0,100,normal,YES,PASS,0.0,0.0,0.027,0.0,
15:07:49.282,1.0125,1.0088,1.0032,0.0,normal,0.0,normal,0.0,normal,0.0,NORMAL,0.1,0.0,100,normal,YES,PASS,0.0,0.0,0.005,0.0,
15:07:49.496,1.0562,1.0147,1.009,0.0,normal,0.0,normal,0.0,normal,0.0,NORMAL,0.4,0.0,100,normal,YES,PASS,0.0,0.0,0.022,0.0,
15:07:49.703,1.0569,1.0123,1.0052,0.0,normal,0.0,normal,0.0,normal,0.0,NORMAL,0.5,0.0,100,normal,YES,PASS,0.0,0.0,0.023,0.0,
15:07:49.923,1.0143,1.0059,1.0011,0.0,normal,0.0,normal,0.0,normal,0.0,NORMAL,0.1,0.0,100,normal,YES,PASS,0.0,0.0,0.006,0.0,
15:07:50.150,1.0325,1.0045,1.0083,0.0,normal,0.0,normal,0.0,normal,0.0,NORMAL,0.3,0.0,100,normal,YES,PASS,0.0,0.0,0.013,0.0,
15:07:50.367,1.0065,1.0087,1.0,0.0,normal,0.0,normal,0.0,normal,0.0,NORMAL,0.1,0.0,100,normal,YES,PASS,0.0,0.0,0.003,0.0,
15:07:50.579,1.0052,1.0017,1.0014,0.0,normal,0.0,normal,0.0,normal,0.0,NORMAL,0.0,0.0,100,normal,YES,PASS,0.0,0.0,0.002,0.0,
15:07:50.810,1.0574,1.0015,1.0129,0.0,normal,0.0,normal,0.0,normal,0.0,NORMAL,0.5,0.0,100,normal,YES,PASS,0.0,0.0,0.023,0.0,
15:07:51.031,1.0431,1.0119,1.0135,0.0,normal,0.0,normal,0.0,normal,0.0,NORMAL,0.3,0.0,100,normal,YES,PASS,0.0,0.0,0.017,0.0,
15:07:51.253,1.0299,1.0071,1.0051,0.0,normal,0.0,normal,0.0,normal,0.0,NORMAL,0.2,0.0,100,normal,YES,PASS,0.0,0.0,0.012,0.0,
15:07:51.473,1.0007,1.0083,1.0018,0.0,normal,0.0,normal,0.0,normal,0.0,NORMAL,0.0,0.0,100,normal,YES,PASS,0.0,0.0,0.0,0.0,
15:07:51.681,1.0052,1.0009,1.0035,0.0,normal,0.0,normal,0.0,normal,0.0,NORMAL,0.0,0.0,100,normal,YES,PASS,0.0,0.0,0.002,0.0,
15:07:51.898,1.008,1.009,1.0002,0.0,normal,0.0,normal,0.0,normal,0.0,NORMAL,0.1,0.0,100,normal,YES,PASS,0.0,0.0,0.003,0.0,
15:07:52.111,1.0079,1.0094,1.0087,0.0,normal,0.0,normal,0.0,normal,0.0,NORMAL,0.1,0.0,100,normal,YES,PASS,0.0,0.0,0.003,0.0,
15:07:52.325,1.0337,1.016,1.0141,0.0,normal,0.0,normal,0.0,normal,0.0,NORMAL,0.3,0.0,100,normal,YES,PASS,0.0,0.0,0.013,0.0,
15:07:52.562,1.0603,1.01,1.0126,0.0,normal,0.0,normal,0.0,normal,0.0,NORMAL,0.5,0.0,100,normal,YES,PASS,0.0,0.0,0.024,0.0,
15:07:52.784,1.0111,1.0095,1.0014,0.0,normal,0.0,speed_hump,0.5004,normal,0.0,NORMAL,17.6,0.09,100,speed_hump,YES,PASS,0.0,0.0,0.004,0.5,
15:07:53.015,1.0311,1.0038,1.005,0.0,normal,0.0,speed_hump,0.5035,normal,0.0,NORMAL,17.9,0.09,100,speed_hump,YES,PASS,0.0,0.0,0.012,0.503,
15:07:53.231,1.0211,1.003,1.0015,0.0,normal,0.0,speed_hump,0.505,normal,0.0,CAUTION,17.8,0.09,96,speed_hump,NO,BLOCKED,0.0,0.0,0.008,0.505,
15:07:53.469,1.0394,1.0036,1.0003,0.0,normal,0.0,speed_hump,0.5065,normal,0.0,CAUTION,18.0,0.09,95,speed_hump,NO,BLOCKED,0.0,0.0,0.016,0.506,
15:07:53.677,1.0428,1.0048,1.0021,0.0,normal,0.0,speed_hump,0.5056,normal,0.0,CAUTION,18.0,0.09,95,speed_hump,NO,BLOCKED,0.0,0.0,0.017,0.506,
15:07:53.913,1.0127,1.0041,1.0042,0.0,normal,0.0,speed_hump,0.5096,normal,0.0,CAUTION,17.9,0.09,96,speed_hump,NO,BLOCKED,0.0,0.0,0.005,0.51,
15:07:54.152,1.0395,1.0037,1.0052,0.0,normal,0.0,speed_hump,0.5071,normal,0.0,CAUTION,18.1,0.09,95,speed_hump,NO,BLOCKED,0.0,0.0,0.016,0.507,
15:07:54.373,1.0122,1.0061,1.0102,0.0,normal,0.0,speed_hump,0.5071,normal,0.0,CAUTION,17.8,0.09,96,speed_hump,NO,BLOCKED,0.0,0.0,0.005,0.507,
15:07:54.597,1.0155,1.0088,1.0028,0.0,normal,0.0,speed_hump,0.5071,normal,0.0,CAUTION,17.9,0.09,96,speed_hump,NO,BLOCKED,0.0,0.0,0.006,0.507,
15:07:54.839,1.0075,1.0051,1.008,0.0,normal,0.0,speed_hump,0.5071,normal,0.0,CAUTION,17.8,0.09,96,speed_hump,NO,BLOCKED,0.0,0.0,0.003,0.507,
15:07:55.056,1.021,1.0094,1.0077,0.0,normal,0.0,speed_hump,0.5071,normal,0.0,CAUTION,17.9,0.09,96,speed_hump,NO,BLOCKED,0.0,0.0,0.008,0.507,
15:07:55.277,1.0741,1.0021,1.0123,0.0,normal,0.0,speed_hump,0.5071,normal,0.0,CAUTION,18.3,0.09,95,speed_hump,NO,BLOCKED,0.0,0.0,0.03,0.507,
15:07:55.497,1.0405,1.0028,1.0084,0.0,normal,0.0,speed_hump,0.5071,normal,0.0,CAUTION,18.1,0.09,95,speed_hump,NO,BLOCKED,0.0,0.0,0.016,0.507,
15:07:55.733,1.017,1.0056,1.0013,0.0,normal,0.0,normal,0.0,normal,0.0,CAUTION,0.1,0.0,100,braking,NO,BLOCKED,0.0,0.0,0.007,0.0,
15:07:55.964,1.0075,1.0151,1.001,0.0,normal,0.0,normal,0.0,normal,0.0,CAUTION,0.1,0.0,100,braking,NO,BLOCKED,0.0,0.0,0.003,0.0,
15:07:56.176,1.0029,1.0006,1.0065,0.0,normal,0.0,normal,0.0,normal,0.0,NORMAL,0.0,0.0,100,normal,YES,PASS,0.0,0.0,0.001,0.0,
15:07:56.391,1.0548,1.0082,1.0073,0.0,normal,0.0,normal,0.0,normal,0.0,NORMAL,0.4,0.0,100,normal,YES,PASS,0.0,0.0,0.022,0.0,
15:07:56.603,1.0318,1.008,1.0032,0.0,normal,0.0,normal,0.0,normal,0.0,NORMAL,0.3,0.0,100,normal,YES,PASS,0.0,0.0,0.013,0.0,
15:07:56.820,1.0065,1.0125,1.0013,0.0,normal,0.0,normal,0.0,normal,0.0,NORMAL,0.1,0.0,100,normal,YES,PASS,0.0,0.0,0.003,0.0,
15:07:57.045,1.0501,1.0055,1.0012,0.0,normal,0.0,normal,0.0,normal,0.0,NORMAL,0.4,0.0,100,normal,YES,PASS,0.0,0.0,0.02,0.0,
15:07:57.279,1.0021,1.0049,1.0143,0.0,normal,0.0,normal,0.0,normal,0.0,NORMAL,0.0,0.0,100,normal,YES,PASS,0.0,0.0,0.001,0.0,
15:07:57.494,1.0074,1.007,1.0093,0.0,normal,0.0,normal,0.0,normal,0.0,NORMAL,0.1,0.0,100,normal,YES,PASS,0.0,0.0,0.003,0.0,
15:07:57.715,1.0373,1.0101,1.0024,0.0,normal,0.0,normal,0.0,normal,0.0,NORMAL,0.3,0.0,100,normal,YES,PASS,0.0,0.0,0.015,0.0,
15:07:57.943,1.0286,1.0073,1.0001,0.0,normal,0.0,normal,0.0,normal,0.0,NORMAL,0.2,0.0,100,normal,YES,PASS,0.0,0.0,0.011,0.0,
15:07:58.146,1.0356,1.0025,1.0043,0.0,normal,0.0,normal,0.0,normal,0.0,NORMAL,0.3,0.0,100,normal,YES,PASS,0.0,0.0,0.014,0.0,
15:07:58.354,1.048,1.0091,1.0088,0.0,normal,0.0,normal,0.0,normal,0.0,NORMAL,0.4,0.0,100,normal,YES,PASS,0.0,0.0,0.019,0.0,
15:07:58.573,1.0217,1.0108,1.0016,0.0,normal,0.0,normal,0.0,normal,0.0,NORMAL,0.2,0.0,100,normal,YES,PASS,0.0,0.0,0.009,0.0,
15:07:58.790,1.0267,1.0054,1.0008,0.0,normal,0.0,normal,0.0,normal,0.0,NORMAL,0.2,0.0,100,normal,YES,PASS,0.0,0.0,0.011,0.0,
15:07:58.997,1.0035,1.0032,1.0109,0.0,normal,0.0,normal,0.0,normal,0.0,NORMAL,0.0,0.0,100,normal,YES,PASS,0.0,0.0,0.001,0.0,
15:07:59.203,1.0207,1.0129,1.0118,0.0,normal,0.0,normal,0.0,normal,0.0,NORMAL,0.2,0.0,100,normal,YES,PASS,0.0,0.0,0.008,0.0,
15:07:59.410,1.0008,1.0055,1.0097,0.0,normal,0.0,normal,0.0,normal,0.0,NORMAL,0.0,0.0,100,normal,YES,PASS,0.0,0.0,0.0,0.0,
15:07:59.625,1.0645,1.0085,1.0093,0.0,normal,0.0,normal,0.0,normal,0.0,NORMAL,0.5,0.0,100,normal,YES,PASS,0.0,0.0,0.026,0.0,
15:07:59.844,1.0525,1.0089,1.0034,0.0,normal,0.0,normal,0.0,normal,0.0,NORMAL,0.4,0.0,100,normal,YES,PASS,0.0,0.0,0.021,0.0,
15:08:00.059,1.0294,1.0027,1.0017,0.0,normal,0.0,normal,0.0,normal,0.0,NORMAL,0.2,0.0,100,normal,YES,PASS,0.0,0.0,0.012,0.0,
15:08:00.283,1.0434,1.0074,1.0034,0.0,normal,0.0,normal,0.0,normal,0.0,NORMAL,0.3,0.0,100,normal,YES,PASS,0.0,0.0,0.017,0.0,
15:08:00.511,1.0163,1.0068,1.0012,0.0,normal,0.0,normal,0.0,normal,0.0,NORMAL,0.1,0.0,100,normal,YES,PASS,0.0,0.0,0.007,0.0,
15:08:00.725,1.0059,1.0005,1.0071,0.0,normal,0.0,normal,0.0,normal,0.0,NORMAL,0.0,0.0,100,normal,YES,PASS,0.0,0.0,0.002,0.0,
15:08:00.941,1.0151,1.0078,1.0073,0.0,normal,0.0,normal,0.0,normal,0.0,NORMAL,0.1,0.0,100,normal,YES,PASS,0.0,0.0,0.006,0.0,
15:08:01.169,1.001,1.0071,1.0011,0.0,normal,0.0,normal,0.0,normal,0.0,NORMAL,0.0,0.0,100,normal,YES,PASS,0.0,0.0,0.0,0.0,
15:08:01.391,1.027,1.0082,1.0003,0.0,normal,0.0,normal,0.0,normal,0.0,NORMAL,0.2,0.0,100,normal,YES,PASS,0.0,0.0,0.011,0.0,
15:08:01.628,1.0569,1.0012,1.005,0.0,normal,0.0,normal,0.0,normal,0.0,NORMAL,0.5,0.0,100,normal,YES,PASS,0.0,0.0,0.023,0.0,
15:08:01.860,1.0622,1.0115,1.0027,0.0,normal,0.0,normal,0.0,normal,0.0,NORMAL,0.5,0.0,100,normal,YES,PASS,0.0,0.0,0.025,0.0,
15:08:02.093,1.0192,1.0081,1.0072,0.0,normal,0.0,normal,0.0,normal,0.0,NORMAL,0.2,0.0,100,normal,YES,PASS,0.0,0.0,0.008,0.0,
15:08:02.312,1.0013,1.0,1.0107,0.0,normal,0.0,normal,0.0,normal,0.0,NORMAL,0.0,0.0,100,normal,YES,PASS,0.0,0.0,0.001,0.0,
15:08:02.514,1.0552,1.0002,1.0085,0.0,normal,0.0,normal,0.0,normal,0.0,NORMAL,0.4,0.0,100,normal,YES,PASS,0.0,0.0,0.022,0.0,
15:08:02.713,1.0049,1.0105,1.0006,0.0,normal,0.0,normal,0.0,normal,0.0,NORMAL,0.0,0.0,100,normal,YES,PASS,0.0,0.0,0.002,0.0,
15:08:02.949,1.0394,1.0096,1.0145,0.0,normal,0.0,normal,0.0,normal,0.0,NORMAL,0.3,0.0,100,normal,YES,PASS,0.0,0.0,0.016,0.0,
15:08:03.173,1.0397,1.001,1.013,0.0,normal,0.0,normal,0.0,normal,0.0,NORMAL,0.3,0.0,100,normal,YES,PASS,0.0,0.0,0.016,0.0,
15:08:03.391,1.0463,1.0068,1.0126,0.0,normal,0.0,normal,0.0,normal,0.0,NORMAL,0.4,0.0,100,normal,YES,PASS,0.0,0.0,0.019,0.0,
15:08:03.620,1.0464,1.0033,1.0053,0.0,normal,0.0,normal,0.0,normal,0.0,NORMAL,0.4,0.0,100,normal,YES,PASS,0.0,0.0,0.019,0.0,
15:08:03.844,1.0295,1.0007,1.0001,0.0,normal,0.0,normal,0.0,normal,0.0,NORMAL,0.2,0.0,100,normal,YES,PASS,0.0,0.0,0.012,0.0,
15:08:04.054,1.0257,1.0102,1.0105,0.0,normal,0.0,speed_hump,0.5007,normal,0.0,NORMAL,17.7,0.09,100,speed_hump,YES,PASS,0.0,0.0,0.01,0.501,
15:08:04.295,1.0323,1.0045,1.0037,4.3854,pothole,0.6927,speed_hump,0.5806,normal,0.0,NORMAL,31.2,0.16,100,speed_hump,YES,PASS,0.0,0.355,0.013,0.581,
15:08:04.525,1.0358,1.0016,1.0103,4.3854,pothole,0.6927,speed_hump,0.5642,normal,0.0,CAUTION,38.5,0.19,90,speed_hump,NO,BLOCKED,0.0,0.615,0.014,0.564,
15:08:04.759,1.0746,1.0115,1.0142,4.3854,pothole,0.6927,speed_hump,0.5161,normal,0.0,CAUTION,42.8,0.21,89,speed_hump,NO,BLOCKED,0.0,0.804,0.03,0.516,
15:08:05.001,1.0231,1.0117,1.005,4.3854,pothole,0.6927,speed_hump,0.5161,normal,0.0,CAUTION,46.5,0.23,88,speed_hump,NO,BLOCKED,0.0,0.942,0.009,0.516,
15:08:05.224,1.0383,1.008,1.0075,4.3854,pothole,0.6927,speed_hump,0.5161,normal,0.0,CAUTION,48.4,0.24,88,speed_hump,NO,BLOCKED,0.0,1.0,0.015,0.516,
15:08:05.451,1.0022,1.0006,1.0031,4.3854,pothole,0.6927,speed_hump,0.5161,normal,0.0,CAUTION,48.1,0.24,88,speed_hump,NO,BLOCKED,0.0,1.0,0.001,0.516,
15:08:05.674,1.0541,1.0025,1.0084,4.3854,pothole,0.6927,speed_hump,0.5161,normal,0.0,CAUTION,48.5,0.24,88,speed_hump,NO,BLOCKED,0.0,1.0,0.022,0.516,
15:08:05.923,1.0425,1.0102,1.016,0.0,normal,0.0,speed_hump,0.5161,normal,0.0,CAUTION,44.0,0.22,89,speed_hump,NO,BLOCKED,0.0,0.854,0.017,0.516,
15:08:06.147,1.0299,1.0037,1.0004,5.0,pothole,1.0,speed_hump,0.5161,normal,0.0,CAUTION,48.3,0.24,88,speed_hump,NO,BLOCKED,0.0,1.0,0.012,0.516,
15:08:06.377,1.0306,1.008,1.0075,5.0,pothole,1.0,normal,0.0,normal,0.0,CAUTION,30.2,0.15,92,pothole,NO,BLOCKED,0.0,1.0,0.012,0.0,
15:08:06.596,1.0614,1.0067,1.006,5.0,pothole,1.0,normal,0.0,normal,0.0,CAUTION,30.5,0.15,92,pothole,NO,BLOCKED,0.0,1.0,0.025,0.0,
15:08:06.903,1.0284,1.0134,1.0072,5.0,pothole,1.0,normal,0.0,normal,0.0,CAUTION,30.2,0.15,92,pothole,NO,BLOCKED,0.0,1.0,0.011,0.0,
15:08:07.137,1.0393,1.002,1.0108,5.0,pothole,1.0,normal,0.0,normal,0.0,CAUTION,30.3,0.15,92,pothole,NO,BLOCKED,0.0,1.0,0.016,0.0,
15:08:07.358,1.0331,1.0002,1.0021,0.0,normal,0.0,normal,0.0,normal,0.0,CAUTION,30.2,0.15,92,braking,NO,BLOCKED,0.0,0.997,0.013,0.0,
15:08:07.575,1.0032,1.0063,1.0099,0.0,normal,0.0,normal,0.0,normal,0.0,CAUTION,21.9,0.0,100,braking,NO,BLOCKED,0.0,0.728,0.001,0.0,
15:08:07.801,1.0408,1.0093,1.0114,0.0,normal,0.0,normal,0.0,normal,0.0,CAUTION,16.3,0.0,100,braking,NO,BLOCKED,0.0,0.531,0.016,0.0,
15:08:08.033,1.017,1.0046,1.0035,0.0,normal,0.0,normal,0.0,normal,0.0,NORMAL,11.8,0.0,100,normal,YES,PASS,0.0,0.388,0.007,0.0,
15:08:08.237,1.0019,1.0042,1.0058,0.0,normal,0.0,normal,0.0,normal,0.0,NORMAL,8.5,0.0,100,normal,YES,PASS,0.0,0.283,0.001,0.0,
15:08:08.447,1.0527,1.006,1.0048,5.0,pothole,1.0,normal,0.0,normal,0.0,NORMAL,18.8,0.09,100,pothole,YES,PASS,0.0,0.612,0.021,0.0,
15:08:08.671,1.0653,1.0012,1.0023,0.0,normal,0.0,normal,0.0,normal,0.0,NORMAL,13.9,0.0,100,normal,YES,PASS,0.0,0.446,0.026,0.0,
15:08:08.884,1.0196,1.0151,1.011,0.0,normal,0.0,normal,0.0,normal,0.0,NORMAL,9.9,0.0,100,normal,YES,PASS,0.0,0.326,0.008,0.0,
15:08:09.098,1.0279,1.0139,1.0126,0.0,normal,0.0,normal,0.0,normal,0.0,NORMAL,7.4,0.0,100,normal,YES,PASS,0.0,0.238,0.011,0.0,
15:08:09.322,1.065,1.0068,1.003,0.0,normal,0.0,normal,0.0,normal,0.0,NORMAL,5.7,0.0,100,normal,YES,PASS,0.0,0.174,0.026,0.0,
15:08:09.557,1.0132,1.0093,1.0092,0.0,normal,0.0,normal,0.0,normal,0.0,NORMAL,3.9,0.0,100,normal,YES,PASS,0.0,0.127,0.005,0.0,
15:08:09.763,1.0501,1.0127,1.0074,0.0,normal,0.0,normal,0.0,normal,0.0,NORMAL,3.2,0.0,100,normal,YES,PASS,0.0,0.092,0.02,0.0,
15:08:09.983,1.0136,1.0044,1.0065,0.0,normal,0.0,normal,0.0,normal,0.0,NORMAL,2.1,0.0,100,normal,YES,PASS,0.0,0.067,0.005,0.0,
15:08:10.195,1.0329,1.0054,1.0025,0.0,normal,0.0,normal,0.0,normal,0.0,NORMAL,1.7,0.0,100,normal,YES,PASS,0.0,0.049,0.013,0.0,
15:08:10.433,1.0256,1.0061,1.0097,0.0,normal,0.0,normal,0.0,normal,0.0,NORMAL,1.3,0.0,100,normal,YES,PASS,0.0,0.036,0.01,0.0,
15:08:10.626,1.0059,1.0056,1.0104,0.0,normal,0.0,normal,0.0,normal,0.0,NORMAL,0.8,0.0,100,normal,YES,PASS,0.0,0.026,0.002,0.0,
15:08:10.849,1.0091,1.0002,1.0006,0.0,normal,0.0,normal,0.0,normal,0.0,NORMAL,0.6,0.0,100,normal,YES,PASS,0.0,0.019,0.004,0.0,
15:08:11.067,1.0498,1.0076,1.0035,0.0,normal,0.0,normal,0.0,normal,0.0,NORMAL,0.8,0.0,100,normal,YES,PASS,0.0,0.014,0.02,0.0,
15:08:11.305,1.0638,1.0025,1.011,0.0,normal,0.0,normal,0.0,normal,0.0,NORMAL,0.8,0.0,100,normal,YES,PASS,0.0,0.01,0.026,0.0,
15:08:11.539,1.0013,1.0071,1.0038,0.0,normal,0.0,normal,0.0,normal,0.0,NORMAL,0.2,0.0,100,normal,YES,PASS,0.0,0.007,0.001,0.0,
15:08:11.791,1.0189,1.0118,1.003,0.0,normal,0.0,normal,0.0,normal,0.0,NORMAL,0.3,0.0,100,normal,YES,PASS,0.0,0.005,0.008,0.0,
15:08:12.015,1.0256,1.0139,1.0149,0.0,normal,0.0,normal,0.0,normal,0.0,NORMAL,0.3,0.0,100,normal,YES,PASS,0.0,0.004,0.01,0.0,
15:08:12.249,1.0043,1.0065,1.0032,0.0,normal,0.0,normal,0.0,normal,0.0,NORMAL,0.1,0.0,100,normal,YES,PASS,0.0,0.003,0.002,0.0,
15:08:12.472,1.0202,1.0101,1.0016,0.0,normal,0.0,normal,0.0,normal,0.0,NORMAL,0.2,0.0,100,normal,YES,PASS,0.0,0.002,0.008,0.0,
15:08:12.675,1.0462,1.0019,1.0002,0.0,normal,0.0,normal,0.0,normal,0.0,NORMAL,0.4,0.0,100,normal,YES,PASS,0.0,0.002,0.018,0.0,
15:08:12.888,1.0143,1.013,1.0113,0.0,normal,0.0,normal,0.0,normal,0.0,NORMAL,0.1,0.0,100,normal,YES,PASS,0.0,0.001,0.006,0.0,
15:08:13.108,1.0638,1.0035,1.0027,0.0,normal,0.0,normal,0.0,normal,0.0,NORMAL,0.5,0.0,100,normal,YES,PASS,0.0,0.001,0.026,0.0,
15:08:13.337,1.0098,1.0131,1.0014,0.0,normal,0.0,normal,0.0,normal,0.0,NORMAL,0.1,0.0,100,normal,YES,PASS,0.0,0.001,0.004,0.0,
15:08:13.560,1.0558,1.007,1.0085,0.0,normal,0.0,normal,0.0,normal,0.0,NORMAL,0.5,0.0,100,normal,YES,PASS,0.0,0.0,0.022,0.0,
15:08:13.785,1.0501,1.0014,1.0051,0.0,normal,0.0,normal,0.0,normal,0.0,NORMAL,0.4,0.0,100,normal,YES,PASS,0.0,0.0,0.02,0.0,
15:08:14.016,1.0023,1.0049,1.0083,0.0,normal,0.0,normal,0.0,normal,0.0,NORMAL,0.0,0.0,100,normal,YES,PASS,0.0,0.0,0.001,0.0,
15:08:14.224,1.0611,1.0106,1.0024,0.0,normal,0.0,normal,0.0,normal,0.0,NORMAL,0.5,0.0,100,normal,YES,PASS,0.0,0.0,0.024,0.0,
15:08:14.452,1.0149,1.0047,1.0095,0.0,normal,0.0,normal,0.0,normal,0.0,NORMAL,0.1,0.0,100,normal,YES,PASS,0.0,0.0,0.006,0.0,
15:08:14.917,1.0139,1.0061,1.0071,0.0,normal,0.0,normal,0.0,normal,0.0,NORMAL,0.1,0.0,100,normal,YES,PASS,0.0,0.0,0.006,0.0,
15:08:15.541,1.0541,1.0027,1.0085,0.0,normal,0.0,normal,0.0,normal,0.0,NORMAL,0.4,0.0,100,normal,YES,PASS,0.0,0.0,0.022,0.0,
15:08:15.969,1.0392,1.0024,1.0102,0.0,normal,0.0,normal,0.0,normal,0.0,NORMAL,0.3,0.0,100,normal,YES,PASS,0.0,0.0,0.016,0.0,
15:08:16.397,1.0137,1.0087,1.0065,0.0,normal,0.0,normal,0.0,normal,0.0,NORMAL,0.1,0.0,100,normal,YES,PASS,0.0,0.0,0.005,0.0,
15:08:16.995,1.0365,1.0067,1.0048,0.0,normal,0.0,normal,0.0,normal,0.0,NORMAL,0.3,0.0,100,normal,YES,PASS,0.0,0.0,0.015,0.0,
15:08:17.527,1.0363,1.0083,1.0045,0.0,normal,0.0,normal,0.0,normal,0.0,NORMAL,0.3,0.0,100,normal,YES,PASS,0.0,0.0,0.015,0.0,
15:08:17.821,1.0667,1.0096,1.0013,0.0,normal,0.0,normal,0.0,normal,0.0,NORMAL,0.5,0.0,100,normal,YES,PASS,0.0,0.0,0.027,0.0,
15:08:18.046,1.0054,1.0104,1.0025,0.0,normal,0.0,normal,0.0,normal,0.0,NORMAL,0.0,0.0,100,normal,YES,PASS,0.0,0.0,0.002,0.0,
15:08:18.265,1.056,1.0091,1.0015,0.0,normal,0.0,normal,0.0,normal,0.0,NORMAL,0.4,0.0,100,normal,YES,PASS,0.0,0.0,0.022,0.0,
15:08:18.484,1.0254,1.0,1.0095,0.0,normal,0.0,normal,0.0,normal,0.0,NORMAL,0.2,0.0,100,normal,YES,PASS,0.0,0.0,0.01,0.0,
15:08:18.703,1.003,1.0124,1.0004,5.0,pothole,1.0,normal,0.0,normal,0.0,NORMAL,12.2,0.06,100,pothole,YES,PASS,0.0,0.405,0.001,0.0,
15:08:18.919,1.0421,1.0025,1.0039,0.0,normal,0.0,normal,0.0,normal,0.0,NORMAL,9.2,0.0,100,normal,YES,PASS,0.0,0.296,0.017,0.0,
15:08:19.127,1.058,1.0116,1.002,0.0,normal,0.0,normal,0.0,normal,0.0,NORMAL,6.9,0.0,100,normal,YES,PASS,0.0,0.216,0.023,0.0,
15:08:19.334,1.0186,1.0096,1.0053,0.0,normal,0.0,normal,0.0,normal,0.0,NORMAL,4.9,0.0,100,normal,YES,PASS,0.0,0.158,0.007,0.0,
15:08:19.546,1.0442,1.0059,1.0025,0.0,normal,0.0,normal,0.0,normal,0.0,NORMAL,3.8,0.0,100,normal,YES,PASS,0.0,0.115,0.018,0.0,
15:08:19.762,1.0241,1.0084,1.0101,0.0,normal,0.0,normal,0.0,normal,0.0,NORMAL,2.7,0.0,100,normal,YES,PASS,0.0,0.084,0.01,0.0,
15:08:19.961,1.0455,1.0023,1.0038,0.0,normal,0.0,normal,0.0,normal,0.0,NORMAL,2.2,0.0,100,normal,YES,PASS,0.0,0.061,0.018,0.0,
15:08:20.174,1.0196,1.0106,1.0086,5.0,pothole,1.0,normal,0.0,normal,0.0,NORMAL,13.7,0.07,100,pothole,YES,PASS,0.0,0.45,0.008,0.0,
15:08:20.382,1.0099,1.0023,1.0117,0.0,normal,0.0,normal,0.0,normal,0.0,NORMAL,9.9,0.0,100,normal,YES,PASS,0.0,0.328,0.004,0.0,
15:08:20.584,1.0156,1.0096,1.0102,0.0,normal,0.0,normal,0.0,normal,0.0,NORMAL,7.3,0.0,100,normal,YES,PASS,0.0,0.24,0.006,0.0,
15:08:20.812,1.0089,1.0067,1.009,0.0,normal,0.0,normal,0.0,normal,0.0,NORMAL,5.3,0.0,100,normal,YES,PASS,0.0,0.175,0.004,0.0,
15:08:21.044,1.0234,1.0085,1.0051,5.0,pothole,1.0,normal,0.0,normal,0.0,NORMAL,16.2,0.08,100,pothole,YES,PASS,0.0,0.533,0.009,0.0,
15:08:21.314,1.0045,1.0041,1.0026,5.0,pothole,1.0,normal,0.0,normal,0.0,NORMAL,23.9,0.12,100,pothole,YES,PASS,0.0,0.794,0.002,0.0,
15:08:21.562,1.0142,1.0035,1.0075,5.0,pothole,1.0,normal,0.0,normal,0.0,CAUTION,29.7,0.15,93,pothole,NO,BLOCKED,0.0,0.985,0.006,0.0,
15:08:21.781,1.0547,1.0036,1.0091,5.0,pothole,1.0,normal,0.0,normal,0.0,CAUTION,30.4,0.15,92,pothole,NO,BLOCKED,0.0,1.0,0.022,0.0,
15:08:22.007,1.0208,1.0012,1.0012,5.0,pothole,1.0,normal,0.0,normal,0.0,CAUTION,30.2,0.15,92,pothole,NO,BLOCKED,0.0,1.0,0.008,0.0,
15:08:22.228,1.0352,1.0047,1.0087,5.0,pothole,1.0,normal,0.0,normal,0.0,CAUTION,30.3,0.15,92,pothole,NO,BLOCKED,0.0,1.0,0.014,0.0,
15:08:22.440,1.0057,1.0108,1.0021,5.0,pothole,1.0,normal,0.0,normal,0.0,CAUTION,30.0,0.15,92,pothole,NO,BLOCKED,0.0,1.0,0.002,0.0,
15:08:22.655,1.0196,1.0127,1.0055,0.0,normal,0.0,normal,0.0,normal,0.0,CAUTION,29.8,0.0,100,braking,NO,BLOCKED,0.0,0.988,0.008,0.0,
15:08:22.866,1.0499,1.0051,1.0107,0.0,normal,0.0,normal,0.0,normal,0.0,CAUTION,22.0,0.0,100,braking,NO,BLOCKED,0.0,0.721,0.02,0.0,
15:08:23.095,1.0195,1.0126,1.0101,5.0,pothole,1.0,normal,0.0,normal,0.0,CAUTION,28.1,0.14,93,pothole,NO,BLOCKED,0.0,0.932,0.008,0.0,
15:08:23.296,1.0678,1.0015,1.0063,5.0,pothole,1.0,normal,0.0,normal,0.0,CAUTION,30.5,0.15,92,pothole,NO,BLOCKED,0.0,1.0,0.027,0.0,
15:08:23.502,1.0538,1.0008,1.0008,5.0,pothole,1.0,normal,0.0,normal,0.0,CAUTION,30.4,0.15,92,pothole,NO,BLOCKED,0.0,1.0,0.022,0.0,
15:08:23.731,1.0433,1.0035,1.0017,5.0,pothole,1.0,normal,0.0,normal,0.0,CAUTION,30.3,0.15,92,pothole,NO,BLOCKED,0.0,1.0,0.017,0.0,
15:08:23.943,1.0209,1.0014,1.0016,0.0,normal,0.0,normal,0.0,normal,0.0,CAUTION,28.2,0.0,100,braking,NO,BLOCKED,0.0,0.933,0.008,0.0,
15:08:24.160,1.0085,1.0126,1.0039,5.0,pothole,1.0,speed_hump,0.5154,normal,0.0,CAUTION,48.1,0.24,88,speed_hump,NO,BLOCKED,0.0,1.0,0.003,0.515,
15:08:24.388,1.0175,1.0104,1.0044,0.0,normal,0.0,speed_hump,0.5415,normal,0.0,CAUTION,42.9,0.21,89,speed_hump,NO,BLOCKED,0.0,0.793,0.007,0.541,
15:08:24.618,1.0268,1.0082,1.0018,5.0,pothole,1.0,speed_hump,0.5022,normal,0.0,CAUTION,47.3,0.24,88,speed_hump,NO,BLOCKED,0.0,0.984,0.011,0.502,
15:08:24.839,1.0343,1.0045,1.0026,0.0,normal,0.0,speed_hump,0.5022,normal,0.0,CAUTION,39.4,0.2,90,speed_hump,NO,BLOCKED,0.0,0.718,0.014,0.502,
15:08:25.050,1.0376,1.0102,1.0067,0.0,normal,0.0,speed_hump,0.5022,normal,0.0,CAUTION,33.6,0.17,92,speed_hump,NO,BLOCKED,0.0,0.524,0.015,0.502,
15:08:25.250,1.0242,1.0029,1.0103,0.0,normal,0.0,speed_hump,0.5022,normal,0.0,CAUTION,29.2,0.15,93,speed_hump,NO,BLOCKED,0.0,0.383,0.01,0.502,
15:08:25.471,1.0065,1.0075,1.0074,0.0,normal,0.0,speed_hump,0.5022,normal,0.0,CAUTION,26.0,0.13,93,speed_hump,NO,BLOCKED,0.0,0.279,0.003,0.502,
15:08:25.707,1.0152,1.0105,1.0093,0.0,normal,0.0,speed_hump,0.5022,normal,0.0,CAUTION,23.8,0.12,94,speed_hump,NO,BLOCKED,0.0,0.204,0.006,0.502,
15:08:25.964,1.0604,1.0076,1.0074,0.0,normal,0.0,speed_hump,0.5022,normal,0.0,CAUTION,22.5,0.11,94,speed_hump,NO,BLOCKED,0.0,0.149,0.024,0.502,
15:08:26.204,1.0121,1.0094,1.0049,5.0,pothole,1.0,normal,0.0,normal,0.0,CAUTION,15.5,0.08,96,pothole,NO,BLOCKED,0.0,0.514,0.005,0.0,
15:08:26.438,1.0014,1.0073,1.0022,5.0,pothole,1.0,normal,0.0,normal,0.0,CAUTION,23.4,0.12,94,pothole,NO,BLOCKED,0.0,0.78,0.001,0.0,
15:08:26.728,1.0559,1.004,1.0137,5.0,pothole,1.0,normal,0.0,normal,0.0,CAUTION,29.7,0.15,93,pothole,NO,BLOCKED,0.0,0.975,0.022,0.0,
15:08:27.128,1.0283,1.0029,1.005,0.0,normal,0.0,normal,0.0,normal,0.0,CAUTION,21.6,0.0,100,braking,NO,BLOCKED,0.0,0.711,0.011,0.0,
15:08:27.533,1.0715,1.0143,1.0025,4.5813,pothole,0.7907,normal,0.0,normal,0.0,CAUTION,27.3,0.14,93,pothole,NO,BLOCKED,0.0,0.89,0.029,0.0,
15:08:27.832,1.0349,1.0074,1.0048,0.0,normal,0.0,normal,0.0,normal,0.0,CAUTION,19.8,0.0,100,braking,NO,BLOCKED,0.0,0.65,0.014,0.0,
15:08:28.156,1.0083,1.0066,1.0081,0.0,normal,0.0,normal,0.0,normal,0.0,NORMAL,14.3,0.0,100,normal,YES,PASS,0.0,0.474,0.003,0.0,
15:08:28.526,1.0125,1.0112,1.0041,0.0,normal,0.0,normal,0.0,normal,0.0,NORMAL,10.5,0.0,100,normal,YES,PASS,0.0,0.346,0.005,0.0,
15:08:28.836,1.0383,1.009,1.0075,0.0,normal,0.0,normal,0.0,normal,0.0,NORMAL,7.9,0.0,100,normal,YES,PASS,0.0,0.253,0.015,0.0,
15:08:29.149,1.0352,1.0094,1.0132,0.0,normal,0.0,normal,0.0,normal,0.0,NORMAL,5.8,0.0,100,normal,YES,PASS,0.0,0.184,0.014,0.0,
15:08:29.464,1.0095,1.0103,1.0079,0.0,normal,0.0,normal,0.0,normal,0.0,NORMAL,4.1,0.0,100,normal,YES,PASS,0.0,0.135,0.004,0.0,
15:08:29.743,1.0503,1.0067,1.003,0.0,normal,0.0,normal,0.0,normal,0.0,NORMAL,3.3,0.0,100,normal,YES,PASS,0.0,0.098,0.02,0.0,
15:08:30.042,1.0351,1.0047,1.0044,0.0,normal,0.0,normal,0.0,normal,0.0,NORMAL,2.4,0.0,100,normal,YES,PASS,0.0,0.072,0.014,0.0,
15:08:30.401,1.0216,1.0043,1.005,0.0,normal,0.0,normal,0.0,normal,0.0,NORMAL,1.7,0.0,100,normal,YES,PASS,0.0,0.052,0.009,0.0,
15:08:30.711,1.0225,1.0041,1.0069,0.0,normal,0.0,normal,0.0,normal,0.0,NORMAL,1.3,0.0,100,normal,YES,PASS,0.0,0.038,0.009,0.0,
15:08:31.011,1.0277,1.0079,1.0146,0.0,normal,0.0,normal,0.0,normal,0.0,NORMAL,1.1,0.0,100,normal,YES,PASS,0.0,0.028,0.011,0.0,
15:08:31.279,1.0324,1.003,1.0069,0.0,normal,0.0,normal,0.0,normal,0.0,NORMAL,0.9,0.0,100,normal,YES,PASS,0.0,0.02,0.013,0.0,
15:08:31.601,1.0201,1.0099,1.0018,0.0,normal,0.0,normal,0.0,normal,0.0,NORMAL,0.6,0.0,100,normal,YES,PASS,0.0,0.015,0.008,0.0,
15:08:31.881,1.0857,1.0105,1.0117,0.0,normal,0.0,normal,0.0,normal,0.0,NORMAL,1.0,0.0,100,normal,YES,PASS,0.0,0.011,0.034,0.0,
15:08:32.163,1.0034,1.0001,1.0119,0.0,normal,0.0,normal,0.0,normal,0.0,NORMAL,0.3,0.0,100,normal,YES,PASS,0.0,0.008,0.001,0.0,
15:08:32.478,1.0016,1.0027,1.0025,0.0,normal,0.0,normal,0.0,normal,0.0,NORMAL,0.2,0.0,100,normal,YES,PASS,0.0,0.006,0.001,0.0,
15:08:32.790,1.0504,1.0154,1.0001,0.0,normal,0.0,normal,0.0,normal,0.0,NORMAL,0.5,0.0,100,normal,YES,PASS,0.0,0.004,0.02,0.0,
15:08:33.072,1.0259,1.0118,1.0056,0.0,normal,0.0,normal,0.0,normal,0.0,NORMAL,0.3,0.0,100,normal,YES,PASS,0.0,0.003,0.01,0.0,
15:08:33.336,1.0407,1.0069,1.0079,0.0,normal,0.0,normal,0.0,normal,0.0,NORMAL,0.4,0.0,100,normal,YES,PASS,0.0,0.002,0.016,0.0,
15:08:33.665,1.0407,1.0148,1.0036,0.0,normal,0.0,normal,0.0,normal,0.0,NORMAL,0.4,0.0,100,normal,YES,PASS,0.0,0.002,0.016,0.0,
15:08:33.963,1.0651,1.0026,1.0125,0.0,normal,0.0,normal,0.0,normal,0.0,NORMAL,0.6,0.0,100,normal,YES,PASS,0.0,0.001,0.026,0.0,
15:08:34.260,1.0372,1.0083,1.0119,0.0,normal,0.0,normal,0.0,normal,0.0,NORMAL,0.3,0.0,100,normal,YES,PASS,0.0,0.001,0.015,0.0,
15:08:34.546,1.0425,1.0033,1.0056,0.0,normal,0.0,normal,0.0,normal,0.0,NORMAL,0.4,0.0,100,normal,YES,PASS,0.0,0.001,0.017,0.0,
15:08:34.818,1.0378,1.0085,1.0091,0.0,normal,0.0,normal,0.0,normal,0.0,NORMAL,0.3,0.0,100,normal,YES,PASS,0.0,0.0,0.015,0.0,
15:08:35.107,1.0355,1.0016,1.0087,0.0,normal,0.0,normal,0.0,normal,0.0,NORMAL,0.3,0.0,100,normal,YES,PASS,0.0,0.0,0.014,0.0,
15:08:35.391,1.002,1.0017,1.0086,5.0,pothole,1.0,normal,0.0,normal,0.0,NORMAL,12.2,0.06,100,pothole,YES,PASS,0.0,0.405,0.001,0.0,
15:08:35.689,1.018,1.0031,1.0002,5.0,pothole,1.0,normal,0.0,normal,0.0,NORMAL,21.2,0.11,100,pothole,YES,PASS,0.0,0.701,0.007,0.0,
15:08:36.021,1.0291,1.001,1.0046,5.0,pothole,1.0,normal,0.0,normal,0.0,CAUTION,27.7,0.14,93,pothole,NO,BLOCKED,0.0,0.917,0.012,0.0,
15:08:36.344,1.0079,1.007,1.0028,5.0,pothole,1.0,normal,0.0,normal,0.0,CAUTION,30.1,0.15,92,pothole,NO,BLOCKED,0.0,1.0,0.003,0.0,
15:08:36.651,1.0169,1.003,1.0096,0.0,normal,0.0,normal,0.0,normal,0.0,CAUTION,23.7,0.0,100,braking,NO,BLOCKED,0.0,0.784,0.007,0.0,
15:08:36.966,1.0528,1.0005,1.011,0.0,normal,0.0,normal,0.0,normal,0.0,CAUTION,17.6,0.0,100,braking,NO,BLOCKED,0.0,0.572,0.021,0.0,
15:08:37.261,1.0207,1.0121,1.009,0.0,normal,0.0,normal,0.0,normal,0.0,NORMAL,12.7,0.0,100,normal,YES,PASS,0.0,0.418,0.008,0.0,
15:08:37.585,1.0509,1.0032,1.007,0.0,normal,0.0,normal,0.0,normal,0.0,NORMAL,9.6,0.0,100,normal,YES,PASS,0.0,0.305,0.02,0.0,
15:08:37.876,1.0439,1.0016,1.0069,0.0,normal,0.0,normal,0.0,normal,0.0,NORMAL,7.0,0.0,100,normal,YES,PASS,0.0,0.223,0.018,0.0,
15:08:38.177,1.031,1.0119,1.0076,0.0,normal,0.0,normal,0.0,normal,0.0,NORMAL,5.1,0.0,100,normal,YES,PASS,0.0,0.162,0.012,0.0,
15:08:38.469,1.0711,1.0095,1.0065,0.0,normal,0.0,normal,0.0,normal,0.0,NORMAL,4.1,0.0,100,normal,YES,PASS,0.0,0.119,0.028,0.0,
15:08:38.754,1.0233,1.0013,1.0111,0.0,normal,0.0,normal,0.0,normal,0.0,NORMAL,2.8,0.0,100,normal,YES,PASS,0.0,0.087,0.009,0.0,
15:08:39.138,1.0064,1.002,1.0065,0.0,normal,0.0,normal,0.0,normal,0.0,NORMAL,1.9,0.0,100,normal,YES,PASS,0.0,0.063,0.003,0.0,
15:08:39.527,1.061,1.0013,1.0069,0.0,normal,0.0,normal,0.0,normal,0.0,NORMAL,1.9,0.0,100,normal,YES,PASS,0.0,0.046,0.024,0.0,
15:08:39.843,1.0499,1.0081,1.0089,0.0,normal,0.0,normal,0.0,normal,0.0,NORMAL,1.4,0.0,100,normal,YES,PASS,0.0,0.034,0.02,0.0,
15:08:40.167,1.0188,1.0021,1.0117,0.0,normal,0.0,normal,0.0,normal,0.0,NORMAL,0.9,0.0,100,normal,YES,PASS,0.0,0.025,0.008,0.0,
15:08:40.510,1.0137,1.0059,1.0087,0.0,normal,0.0,normal,0.0,normal,0.0,NORMAL,0.6,0.0,100,normal,YES,PASS,0.0,0.018,0.005,0.0,
15:08:40.836,1.0068,1.0018,1.0105,0.0,normal,0.0,normal,0.0,normal,0.0,NORMAL,0.4,0.0,100,normal,YES,PASS,0.0,0.013,0.003,0.0,
15:08:41.146,1.0109,1.0029,1.0017,0.0,normal,0.0,normal,0.0,normal,0.0,NORMAL,0.4,0.0,100,normal,YES,PASS,0.0,0.01,0.004,0.0,
15:08:41.467,1.0137,1.0083,1.0125,0.0,normal,0.0,normal,0.0,normal,0.0,NORMAL,0.3,0.0,100,normal,YES,PASS,0.0,0.007,0.005,0.0,
15:08:41.785,1.0174,1.0082,1.0031,0.0,normal,0.0,normal,0.0,normal,0.0,NORMAL,0.3,0.0,100,normal,YES,PASS,0.0,0.005,0.007,0.0,
15:08:42.115,1.0253,1.0134,1.0068,0.0,normal,0.0,normal,0.0,normal,0.0,NORMAL,0.3,0.0,100,normal,YES,PASS,0.0,0.004,0.01,0.0,
15:08:42.425,1.0062,1.0104,1.0007,0.0,normal,0.0,normal,0.0,normal,0.0,NORMAL,0.1,0.0,100,normal,YES,PASS,0.0,0.003,0.002,0.0,
15:08:42.752,1.0447,1.0112,1.0015,0.0,normal,0.0,normal,0.0,normal,0.0,NORMAL,0.4,0.0,100,normal,YES,PASS,0.0,0.002,0.018,0.0,
15:08:43.053,1.0532,1.0004,1.0022,0.0,normal,0.0,normal,0.0,normal,0.0,NORMAL,0.5,0.0,100,normal,YES,PASS,0.0,0.001,0.021,0.0,
15:08:43.339,1.0495,1.0094,1.0068,0.0,normal,0.0,normal,0.0,normal,0.0,NORMAL,0.4,0.0,100,normal,YES,PASS,0.0,0.001,0.02,0.0,
15:08:43.669,1.0196,1.0057,1.0087,0.0,normal,0.0,normal,0.0,normal,0.0,NORMAL,0.2,0.0,100,normal,YES,PASS,0.0,0.001,0.008,0.0,
15:08:44.066,1.0268,1.0002,1.0074,0.0,normal,0.0,normal,0.0,normal,0.0,NORMAL,0.2,0.0,100,normal,YES,PASS,0.0,0.001,0.011,0.0,
15:08:44.466,1.0007,1.009,1.0092,0.0,normal,0.0,normal,0.0,normal,0.0,NORMAL,0.0,0.0,100,normal,YES,PASS,0.0,0.0,0.0,0.0,
15:08:44.777,1.0498,1.0124,1.0019,5.0,pothole,1.0,normal,0.0,normal,0.0,NORMAL,12.6,0.06,100,pothole,YES,PASS,0.0,0.406,0.02,0.0,
15:08:45.077,1.0605,1.0111,1.0154,0.0,normal,0.0,normal,0.0,normal,0.0,NORMAL,9.4,0.0,100,normal,YES,PASS,0.0,0.296,0.024,0.0,
15:08:45.384,1.0024,1.0044,1.0106,0.0,normal,0.0,normal,0.0,normal,0.0,NORMAL,6.5,0.0,100,normal,YES,PASS,0.0,0.216,0.001,0.0,
15:08:45.615,1.0161,1.0112,1.0031,0.0,normal,0.0,normal,0.0,normal,0.0,NORMAL,4.9,0.0,100,normal,YES,PASS,0.0,0.158,0.006,0.0,
15:08:45.848,1.0233,1.0079,1.0088,0.0,normal,0.0,normal,0.0,normal,0.0,NORMAL,3.6,0.0,100,normal,YES,PASS,0.0,0.115,0.009,0.0,
15:08:46.066,1.0262,1.0035,1.007,0.0,normal,0.0,normal,0.0,normal,0.0,NORMAL,2.7,0.0,100,normal,YES,PASS,0.0,0.084,0.01,0.0,
15:08:46.346,1.0452,1.005,1.0043,0.0,normal,0.0,normal,0.0,normal,0.0,NORMAL,2.2,0.0,100,normal,YES,PASS,0.0,0.061,0.018,0.0,
15:08:46.693,1.0359,1.0009,1.0072,0.0,normal,0.0,speed_hump,0.5366,normal,0.0,NORMAL,20.4,0.1,100,speed_hump,YES,PASS,0.0,0.045,0.014,0.537,
15:08:47.074,1.047,1.0082,1.0083,5.0,pothole,1.0,speed_hump,0.5366,normal,0.0,NORMAL,32.3,0.16,100,speed_hump,YES,PASS,0.0,0.438,0.019,0.537,
15:08:47.422,1.01,1.0035,1.0133,5.0,pothole,1.0,speed_hump,0.5366,normal,0.0,CAUTION,40.6,0.2,90,speed_hump,NO,BLOCKED,0.0,0.725,0.004,0.537,
15:08:47.770,1.0631,1.0106,1.0015,5.0,pothole,1.0,speed_hump,0.5366,normal,0.0,CAUTION,47.3,0.24,88,speed_hump,NO,BLOCKED,0.0,0.934,0.025,0.537,
15:08:48.112,1.0522,1.0076,1.0054,0.0,normal,0.0,speed_hump,0.5366,normal,0.0,CAUTION,39.7,0.2,90,speed_hump,NO,BLOCKED,0.0,0.682,0.021,0.537,
15:08:48.447,1.0489,1.004,1.0073,0.0,normal,0.0,normal,0.0,normal,0.0,CAUTION,15.3,0.0,100,braking,NO,BLOCKED,0.0,0.498,0.02,0.0,
15:08:48.846,1.0119,1.016,1.0105,0.0,normal,0.0,speed_hump,0.5057,normal,0.0,CAUTION,28.7,0.14,93,speed_hump,NO,BLOCKED,0.0,0.363,0.005,0.506,
15:08:49.175,1.018,1.0016,1.0109,0.0,normal,0.0,speed_hump,0.5147,normal,0.0,CAUTION,26.1,0.13,93,speed_hump,NO,BLOCKED,0.0,0.265,0.007,0.515,
15:08:49.480,1.0377,1.0135,1.0144,0.0,normal,0.0,speed_hump,0.5284,normal,0.0,CAUTION,24.6,0.12,94,speed_hump,NO,BLOCKED,0.0,0.193,0.015,0.528,
15:08:49.763,1.0561,1.0062,1.0108,0.0,normal,0.0,speed_hump,0.5499,normal,0.0,CAUTION,23.9,0.12,94,speed_hump,NO,BLOCKED,0.0,0.141,0.022,0.55,
15:08:50.078,1.0425,1.0061,1.0057,0.0,normal,0.0,speed_hump,0.5151,normal,0.0,CAUTION,21.5,0.11,95,speed_hump,NO,BLOCKED,0.0,0.103,0.017,0.515,
15:08:50.387,1.0441,1.0032,1.0088,5.0,pothole,1.0,speed_hump,0.5151,normal,0.0,CAUTION,32.8,0.16,92,speed_hump,NO,BLOCKED,0.0,0.48,0.018,0.515,
15:08:50.672,1.0588,1.0097,1.0005,0.0,normal,0.0,speed_hump,0.5395,normal,0.0,CAUTION,29.9,0.15,93,speed_hump,NO,BLOCKED,0.0,0.351,0.024,0.539,
15:08:51.061,1.0523,1.0137,1.0035,0.0,normal,0.0,speed_hump,0.5395,normal,0.0,CAUTION,27.0,0.13,93,speed_hump,NO,BLOCKED,0.0,0.256,0.021,0.539,
15:08:51.415,1.0375,1.0096,1.004,0.0,normal,0.0,speed_hump,0.5395,normal,0.0,CAUTION,24.8,0.12,94,speed_hump,NO,BLOCKED,0.0,0.187,0.015,0.539,
15:08:51.781,1.0185,1.0058,1.0072,0.0,normal,0.0,speed_hump,0.5395,normal,0.0,CAUTION,23.1,0.12,94,speed_hump,NO,BLOCKED,0.0,0.136,0.007,0.539,
15:08:52.126,1.0112,1.0142,1.002,5.0,pothole,1.0,speed_hump,0.5395,normal,0.0,CAUTION,34.1,0.17,91,speed_hump,NO,BLOCKED,0.0,0.505,0.004,0.539,
15:08:52.451,1.0215,1.0012,1.0002,5.0,pothole,1.0,normal,0.0,normal,0.0,CAUTION,23.4,0.12,94,pothole,NO,BLOCKED,0.0,0.774,0.009,0.0,
15:08:52.768,1.0329,1.0004,1.01,5.0,pothole,1.0,normal,0.0,normal,0.0,CAUTION,29.4,0.15,93,pothole,NO,BLOCKED,0.0,0.97,0.013,0.0,
15:08:53.094,1.0132,1.0021,1.0022,5.0,pothole,1.0,speed_hump,0.5035,normal,0.0,CAUTION,47.7,0.24,88,speed_hump,NO,BLOCKED,0.0,1.0,0.005,0.504,
15:08:53.397,1.0324,1.0058,1.0112,5.0,pothole,1.0,speed_hump,0.5035,normal,0.0,CAUTION,47.9,0.24,88,speed_hump,NO,BLOCKED,0.0,1.0,0.013,0.504,
15:08:53.718,1.0707,1.0006,1.0097,5.0,pothole,1.0,speed_hump,0.5035,normal,0.0,CAUTION,48.2,0.24,88,speed_hump,NO,BLOCKED,0.0,1.0,0.028,0.504,
15:08:54.055,1.0175,1.0037,1.0101,5.0,pothole,1.0,speed_hump,0.5035,normal,0.0,CAUTION,47.8,0.24,88,speed_hump,NO,BLOCKED,0.0,1.0,0.007,0.504,
15:08:54.358,1.0064,1.0053,1.0123,5.0,pothole,1.0,speed_hump,0.5035,normal,0.0,CAUTION,47.7,0.24,88,speed_hump,NO,BLOCKED,0.0,1.0,0.003,0.504,
15:08:54.657,1.0167,1.0112,1.0062,0.0,normal,0.0,normal,0.0,normal,0.0,CAUTION,30.1,0.15,92,braking,NO,BLOCKED,0.0,1.0,0.007,0.0,
15:08:54.964,1.0044,1.0049,1.0041,0.0,normal,0.0,normal,0.0,normal,0.0,CAUTION,22.3,0.0,100,braking,NO,BLOCKED,0.0,0.741,0.002,0.0,
15:08:55.259,1.0184,1.0108,1.006,0.0,normal,0.0,normal,0.0,normal,0.0,CAUTION,16.4,0.0,100,braking,NO,BLOCKED,0.0,0.54,0.007,0.0,
15:08:55.545,1.0525,1.0048,1.0008,0.0,normal,0.0,normal,0.0,normal,0.0,NORMAL,12.3,0.0,100,normal,YES,PASS,0.0,0.394,0.021,0.0,
15:08:55.835,1.0628,1.0032,1.0045,0.0,normal,0.0,normal,0.0,normal,0.0,NORMAL,9.1,0.0,100,normal,YES,PASS,0.0,0.288,0.025,0.0,
15:08:56.162,1.0385,1.0027,1.0124,0.0,normal,0.0,normal,0.0,normal,0.0,NORMAL,6.6,0.0,100,normal,YES,PASS,0.0,0.21,0.015,0.0,
15:08:56.457,1.0131,1.0028,1.009,0.0,normal,0.0,normal,0.0,normal,0.0,NORMAL,4.7,0.0,100,normal,YES,PASS,0.0,0.153,0.005,0.0,
15:08:56.822,1.0204,1.014,1.0086,0.0,normal,0.0,normal,0.0,normal,0.0,NORMAL,3.5,0.0,100,normal,YES,PASS,0.0,0.112,0.008,0.0,
15:08:57.163,1.0226,1.0043,1.0086,0.0,normal,0.0,normal,0.0,normal,0.0,NORMAL,2.6,0.0,100,normal,YES,PASS,0.0,0.082,0.009,0.0,
15:08:57.451,1.061,1.0109,1.002,0.0,normal,0.0,normal,0.0,normal,0.0,NORMAL,2.3,0.0,100,normal,YES,PASS,0.0,0.06,0.024,0.0,
15:08:57.743,1.0511,1.0057,1.003,0.0,normal,0.0,normal,0.0,normal,0.0,NORMAL,1.7,0.0,100,normal,YES,PASS,0.0,0.044,0.02,0.0,
15:08:58.050,1.0231,1.002,1.0149,0.0,normal,0.0,normal,0.0,normal,0.0,NORMAL,1.1,0.0,100,normal,YES,PASS,0.0,0.032,0.009,0.0,
15:08:58.338,1.0111,1.0084,1.0034,0.0,normal,0.0,normal,0.0,normal,0.0,NORMAL,0.8,0.0,100,normal,YES,PASS,0.0,0.023,0.004,0.0,
15:08:58.623,1.015,1.0055,1.0003,0.0,normal,0.0,normal,0.0,normal,0.0,NORMAL,0.6,0.0,100,normal,YES,PASS,0.0,0.017,0.006,0.0,
15:08:58.900,1.0007,1.0031,1.0097,0.0,normal,0.0,normal,0.0,normal,0.0,NORMAL,0.4,0.0,100,normal,YES,PASS,0.0,0.012,0.0,0.0,
15:08:59.210,1.0304,1.0076,1.003,0.0,normal,0.0,normal,0.0,normal,0.0,NORMAL,0.5,0.0,100,normal,YES,PASS,0.0,0.009,0.012,0.0,
15:08:59.485,1.0166,1.0052,1.0048,0.0,normal,0.0,normal,0.0,normal,0.0,NORMAL,0.3,0.0,100,normal,YES,PASS,0.0,0.007,0.007,0.0,
15:08:59.771,1.0038,1.0075,1.0086,0.0,normal,0.0,normal,0.0,normal,0.0,NORMAL,0.2,0.0,100,normal,YES,PASS,0.0,0.005,0.002,0.0,
15:09:00.068,1.0072,1.0083,1.0088,0.0,normal,0.0,normal,0.0,normal,0.0,NORMAL,0.2,0.0,100,normal,YES,PASS,0.0,0.004,0.003,0.0,
15:09:00.404,1.021,1.001,1.0015,0.0,normal,0.0,normal,0.0,normal,0.0,NORMAL,0.2,0.0,100,normal,YES,PASS,0.0,0.003,0.008,0.0,
15:09:00.722,1.0267,1.0036,1.009,0.0,normal,0.0,normal,0.0,normal,0.0,NORMAL,0.3,0.0,100,normal,YES,PASS,0.0,0.002,0.011,0.0,
15:09:01.012,1.0482,1.0132,1.0015,0.0,normal,0.0,normal,0.0,normal,0.0,NORMAL,0.4,0.0,100,normal,YES,PASS,0.0,0.001,0.019,0.0,
15:09:01.287,1.0205,1.0113,1.0077,0.0,normal,0.0,speed_hump,0.5368,normal,0.0,NORMAL,19.0,0.09,100,speed_hump,YES,PASS,0.0,0.001,0.008,0.537,
15:09:01.567,1.0272,1.0009,1.0139,0.0,normal,0.0,speed_hump,0.5368,normal,0.0,NORMAL,19.0,0.1,100,speed_hump,YES,PASS,0.0,0.001,0.011,0.537,
15:09:01.847,1.024,1.0,1.0038,0.0,normal,0.0,speed_hump,0.5436,normal,0.0,CAUTION,19.2,0.1,95,speed_hump,NO,BLOCKED,0.0,0.001,0.01,0.544,
15:09:02.174,1.0363,1.0107,1.0007,0.0,normal,0.0,speed_hump,0.5002,normal,0.0,CAUTION,17.8,0.09,96,speed_hump,NO,BLOCKED,0.0,0.0,0.015,0.5,
15:09:02.475,1.0372,1.008,1.0118,0.0,normal,0.0,speed_hump,0.5002,normal,0.0,CAUTION,17.8,0.09,96,speed_hump,NO,BLOCKED,0.0,0.0,0.015,0.5,
15:09:02.761,1.0365,1.0083,1.0008,0.0,normal,0.0,speed_hump,0.5002,normal,0.0,CAUTION,17.8,0.09,96,speed_hump,NO,BLOCKED,0.0,0.0,0.015,0.5,
15:09:03.071,1.001,1.0129,1.0031,0.0,normal,0.0,speed_hump,0.5002,normal,0.0,CAUTION,17.5,0.09,96,speed_hump,NO,BLOCKED,0.0,0.0,0.0,0.5,
15:09:03.357,1.0415,1.0097,1.0007,0.0,normal,0.0,speed_hump,0.5002,normal,0.0,CAUTION,17.8,0.09,96,speed_hump,NO,BLOCKED,0.0,0.0,0.017,0.5,
15:09:03.656,1.0115,1.0014,1.0066,0.0,normal,0.0,speed_hump,0.5002,normal,0.0,CAUTION,17.6,0.09,96,speed_hump,NO,BLOCKED,0.0,0.0,0.005,0.5,
15:09:04.015,1.0068,1.0056,1.0129,0.0,normal,0.0,normal,0.0,normal,0.0,CAUTION,0.1,0.0,100,braking,NO,BLOCKED,0.0,0.0,0.003,0.0,
15:09:04.338,1.0375,1.0061,1.0088,0.0,normal,0.0,normal,0.0,normal,0.0,CAUTION,0.3,0.0,100,braking,NO,BLOCKED,0.0,0.0,0.015,0.0,
15:09:04.653,1.0303,1.0022,1.0012,0.0,normal,0.0,normal,0.0,normal,0.0,NORMAL,0.2,0.0,100,normal,YES,PASS,0.0,0.0,0.012,0.0,
15:09:04.995,1.0509,1.0003,1.002,0.0,normal,0.0,normal,0.0,normal,0.0,NORMAL,0.4,0.0,100,normal,YES,PASS,0.0,0.0,0.02,0.0,
15:09:05.293,1.0113,1.003,1.0092,0.0,normal,0.0,normal,0.0,normal,0.0,NORMAL,0.1,0.0,100,normal,YES,PASS,0.0,0.0,0.005,0.0,
15:09:05.596,1.0172,1.0095,1.0057,0.0,normal,0.0,normal,0.0,normal,0.0,NORMAL,0.1,0.0,100,normal,YES,PASS,0.0,0.0,0.007,0.0,
15:09:05.896,1.0267,1.0049,1.0056,0.0,normal,0.0,normal,0.0,normal,0.0,NORMAL,0.2,0.0,100,normal,YES,PASS,0.0,0.0,0.011,0.0,
15:09:06.177,1.0384,1.0076,1.0123,0.0,normal,0.0,normal,0.0,normal,0.0,NORMAL,0.3,0.0,100,normal,YES,PASS,0.0,0.0,0.015,0.0,
15:09:06.491,1.0661,1.007,1.0086,0.0,normal,0.0,normal,0.0,normal,0.0,NORMAL,0.5,0.0,100,normal,YES,PASS,0.0,0.0,0.026,0.0,
15:09:06.804,1.0547,1.0147,1.0049,0.0,normal,0.0,normal,0.0,normal,0.0,NORMAL,0.4,0.0,100,normal,YES,PASS,0.0,0.0,0.022,0.0,
15:09:07.087,1.0079,1.0054,1.0037,0.0,normal,0.0,normal,0.0,normal,0.0,NORMAL,0.1,0.0,100,normal,YES,PASS,0.0,0.0,0.003,0.0,
15:09:07.351,1.0143,1.0084,1.0112,0.0,normal,0.0,normal,0.0,normal,0.0,NORMAL,0.1,0.0,100,normal,YES,PASS,0.0,0.0,0.006,0.0,
15:09:07.663,1.0093,1.0032,1.0092,0.0,normal,0.0,normal,0.0,normal,0.0,NORMAL,0.1,0.0,100,normal,YES,PASS,0.0,0.0,0.004,0.0,
15:09:07.932,1.0356,1.003,1.0109,0.0,normal,0.0,normal,0.0,normal,0.0,NORMAL,0.3,0.0,100,normal,YES,PASS,0.0,0.0,0.014,0.0,
15:09:08.216,1.0426,1.0088,1.0015,5.0,pothole,1.0,normal,0.0,normal,0.0,NORMAL,12.5,0.06,100,pothole,YES,PASS,0.0,0.405,0.017,0.0,
15:09:08.502,1.0585,1.012,1.0034,0.0,normal,0.0,normal,0.0,normal,0.0,NORMAL,9.3,0.0,100,normal,YES,PASS,0.0,0.296,0.023,0.0,
15:09:08.801,1.0334,1.0145,1.0143,5.0,pothole,1.0,normal,0.0,normal,0.0,NORMAL,18.9,0.09,100,pothole,YES,PASS,0.0,0.621,0.013,0.0,
15:09:09.130,1.0074,1.0108,1.0083,5.0,pothole,1.0,normal,0.0,normal,0.0,CAUTION,25.8,0.13,94,pothole,NO,BLOCKED,0.0,0.859,0.003,0.0,
15:09:09.434,1.0218,1.0124,1.0045,5.0,pothole,1.0,normal,0.0,normal,0.0,CAUTION,30.2,0.15,92,pothole,NO,BLOCKED,0.0,1.0,0.009,0.0,
15:09:09.718,1.0135,1.0035,1.0095,0.0,normal,0.0,normal,0.0,normal,0.0,CAUTION,22.7,0.0,100,braking,NO,BLOCKED,0.0,0.753,0.005,0.0,
15:09:10.029,1.0085,1.004,1.0052,0.0,normal,0.0,normal,0.0,normal,0.0,CAUTION,16.6,0.0,100,braking,NO,BLOCKED,0.0,0.55,0.003,0.0,
15:09:10.330,1.0273,1.0131,1.0026,0.0,normal,0.0,normal,0.0,normal,0.0,NORMAL,12.3,0.0,100,normal,YES,PASS,0.0,0.401,0.011,0.0,
15:09:10.695,1.016,1.0125,1.0058,0.0,normal,0.0,normal,0.0,normal,0.0,NORMAL,8.9,0.0,100,normal,YES,PASS,0.0,0.293,0.006,0.0,
15:09:11.044,1.0208,1.0044,1.0009,0.0,normal,0.0,normal,0.0,normal,0.0,NORMAL,6.6,0.0,100,normal,YES,PASS,0.0,0.214,0.008,0.0,
15:09:11.334,1.0239,1.0123,1.0076,0.0,normal,0.0,normal,0.0,normal,0.0,NORMAL,4.9,0.0,100,normal,YES,PASS,0.0,0.156,0.01,0.0,
15:09:11.654,1.0247,1.0063,1.0031,0.0,normal,0.0,speed_hump,0.5162,normal,0.0,NORMAL,21.7,0.11,100,speed_hump,YES,PASS,0.0,0.114,0.01,0.516,
15:09:11.961,1.0455,1.0078,1.0088,0.0,normal,0.0,speed_hump,0.5162,normal,0.0,NORMAL,20.9,0.1,100,speed_hump,YES,PASS,0.0,0.083,0.018,0.516,
15:09:12.325,1.0533,1.0094,1.0142,0.0,normal,0.0,speed_hump,0.5162,normal,0.0,CAUTION,20.3,0.1,95,speed_hump,NO,BLOCKED,0.0,0.061,0.021,0.516,
15:09:12.668,1.0038,1.0117,1.0072,0.0,normal,0.0,speed_hump,0.5162,normal,0.0,CAUTION,19.4,0.1,95,speed_hump,NO,BLOCKED,0.0,0.044,0.002,0.516,
15:09:13.051,1.0368,1.0089,1.0067,4.2138,pothole,0.6069,speed_hump,0.5162,normal,0.0,CAUTION,29.6,0.15,93,speed_hump,NO,BLOCKED,0.0,0.374,0.015,0.516,
15:09:13.361,1.0084,1.0114,1.0021,4.4265,pothole,0.7132,speed_hump,0.5074,normal,0.0,CAUTION,36.8,0.18,91,speed_hump,NO,BLOCKED,0.0,0.632,0.003,0.507,
15:09:13.714,1.034,1.0079,1.0014,4.4265,pothole,0.7132,speed_hump,0.5074,normal,0.0,CAUTION,42.6,0.21,89,speed_hump,NO,BLOCKED,0.0,0.82,0.014,0.507,
15:09:14.027,1.0101,1.0113,1.012,4.4265,pothole,0.7132,speed_hump,0.5074,normal,0.0,CAUTION,46.6,0.23,88,speed_hump,NO,BLOCKED,0.0,0.957,0.004,0.507,
15:09:14.413,1.0676,1.005,1.0089,4.4265,pothole,0.7132,speed_hump,0.5074,normal,0.0,CAUTION,48.3,0.24,88,speed_hump,NO,BLOCKED,0.0,1.0,0.027,0.507,
15:09:14.755,1.0018,1.0123,1.0052,0.0,normal,0.0,speed_hump,0.5074,normal,0.0,CAUTION,40.9,0.2,90,speed_hump,NO,BLOCKED,0.0,0.772,0.001,0.507,
15:09:15.103,1.0438,1.0021,1.0123,5.0,pothole,1.0,normal,0.0,normal,0.0,CAUTION,29.4,0.15,93,pothole,NO,BLOCKED,0.0,0.968,0.018,0.0,
15:09:15.382,1.0163,1.0005,1.0106,5.0,pothole,1.0,speed_hump,0.5037,normal,0.0,CAUTION,47.8,0.24,88,speed_hump,NO,BLOCKED,0.0,1.0,0.007,0.504,
15:09:15.668,1.0506,1.0131,1.0038,2.4318,speed_hump,0.7159,speed_hump,0.5037,normal,0.0,CAUTION,48.0,0.24,88,speed_hump,NO,BLOCKED,0.0,1.0,0.02,0.504,
15:09:15.987,1.0517,1.0058,1.0046,2.4318,speed_hump,0.7159,speed_hump,0.5037,normal,0.0,CAUTION,46.0,0.23,88,speed_hump,NO,BLOCKED,0.0,0.933,0.021,0.504,
15:09:16.274,1.0384,1.0012,1.0033,2.4318,speed_hump,0.7159,speed_hump,0.5037,normal,0.0,CAUTION,44.3,0.22,89,speed_hump,NO,BLOCKED,0.0,0.878,0.015,0.504,
15:09:16.594,1.0047,1.0065,1.0024,0.0,normal,0.0,speed_hump,0.5247,normal,0.0,CAUTION,37.6,0.19,91,speed_hump,NO,BLOCKED,0.0,0.641,0.002,0.525,
15:09:16.922,1.0422,1.0072,1.0142,0.0,normal,0.0,speed_hump,0.5247,normal,0.0,CAUTION,32.7,0.16,92,speed_hump,NO,BLOCKED,0.0,0.468,0.017,0.525,
15:09:17.214,1.0472,1.0046,1.0019,0.0,normal,0.0,speed_hump,0.5247,normal,0.0,CAUTION,29.0,0.14,93,speed_hump,NO,BLOCKED,0.0,0.341,0.019,0.525,
15:09:17.566,1.0457,1.0126,1.0069,0.0,normal,0.0,speed_hump,0.5247,normal,0.0,CAUTION,26.2,0.13,93,speed_hump,NO,BLOCKED,0.0,0.249,0.018,0.525,
15:09:17.889,1.0466,1.005,1.0036,0.0,normal,0.0,speed_hump,0.5247,normal,0.0,CAUTION,24.2,0.12,94,speed_hump,NO,BLOCKED,0.0,0.182,0.019,0.525,
15:09:18.222,1.0075,1.0093,1.0059,0.0,normal,0.0,normal,0.0,normal,0.0,CAUTION,4.0,0.0,100,braking,NO,BLOCKED,0.0,0.133,0.003,0.0,
15:09:18.543,1.0498,1.0043,1.01,0.0,normal,0.0,normal,0.0,normal,0.0,CAUTION,3.3,0.0,100,braking,NO,BLOCKED,0.0,0.097,0.02,0.0,
15:09:18.838,1.0066,1.0023,1.0125,0.0,normal,0.0,normal,0.0,normal,0.0,NORMAL,2.2,0.0,100,normal,YES,PASS,0.0,0.071,0.003,0.0,
15:09:19.162,1.0314,1.0074,1.0108,0.0,normal,0.0,normal,0.0,normal,0.0,NORMAL,1.8,0.0,100,normal,YES,PASS,0.0,0.052,0.013,0.0,
15:09:19.443,1.0242,1.0127,1.0022,0.0,normal,0.0,normal,0.0,normal,0.0,NORMAL,1.3,0.0,100,normal,YES,PASS,0.0,0.038,0.01,0.0,
15:09:19.772,1.0088,1.0041,1.0045,0.0,normal,0.0,normal,0.0,normal,0.0,NORMAL,0.9,0.0,100,normal,YES,PASS,0.0,0.027,0.004,0.0,
15:09:20.062,1.0438,1.003,1.0072,0.0,normal,0.0,normal,0.0,normal,0.0,NORMAL,1.0,0.0,100,normal,YES,PASS,0.0,0.02,0.018,0.0,
15:09:20.366,1.0023,1.0097,1.0015,0.0,normal,0.0,normal,0.0,normal,0.0,NORMAL,0.5,0.0,100,normal,YES,PASS,0.0,0.015,0.001,0.0,
15:09:20.672,1.0499,1.0093,1.0055,5.0,pothole,1.0,normal,0.0,normal,0.0,NORMAL,12.9,0.06,100,pothole,YES,PASS,0.0,0.416,0.02,0.0,
15:09:20.969,1.0569,1.0115,1.0147,5.0,pothole,1.0,normal,0.0,normal,0.0,NORMAL,21.7,0.11,100,pothole,YES,PASS,0.0,0.709,0.023,0.0,
15:09:21.274,1.0633,1.0045,1.0041,0.0,normal,0.0,normal,0.0,normal,0.0,NORMAL,16.0,0.0,100,normal,YES,PASS,0.0,0.517,0.025,0.0,
15:09:21.592,1.0087,1.0094,1.0104,0.0,normal,0.0,normal,0.0,normal,0.0,NORMAL,11.4,0.0,100,normal,YES,PASS,0.0,0.378,0.003,0.0,
15:09:21.876,1.0489,1.0103,1.0078,0.0,normal,0.0,normal,0.0,normal,0.0,NORMAL,8.7,0.0,100,normal,YES,PASS,0.0,0.276,0.02,0.0,
15:09:22.181,1.0015,1.0122,1.0013,0.0,normal,0.0,normal,0.0,normal,0.0,NORMAL,6.0,0.0,100,normal,YES,PASS,0.0,0.201,0.001,0.0,
15:09:22.485,1.0143,1.0089,1.0032,0.0,normal,0.0,normal,0.0,normal,0.0,NORMAL,4.5,0.0,100,normal,YES,PASS,0.0,0.147,0.006,0.0,
15:09:22.883,1.0216,1.0041,1.0065,0.0,normal,0.0,normal,0.0,normal,0.0,NORMAL,3.4,0.0,100,normal,YES,PASS,0.0,0.107,0.009,0.0,
15:09:23.258,1.0575,1.0002,1.0097,0.0,normal,0.0,normal,0.0,normal,0.0,NORMAL,2.8,0.0,100,normal,YES,PASS,0.0,0.078,0.023,0.0,
15:09:23.607,1.0556,1.0107,1.0007,0.0,normal,0.0,normal,0.0,normal,0.0,NORMAL,2.2,0.0,100,normal,YES,PASS,0.0,0.057,0.022,0.0,
15:09:23.927,1.0341,1.0032,1.0021,0.0,normal,0.0,normal,0.0,normal,0.0,NORMAL,1.5,0.0,100,normal,YES,PASS,0.0,0.042,0.014,0.0,
15:09:24.245,1.012,1.007,1.0004,0.0,normal,0.0,normal,0.0,normal,0.0,NORMAL,1.0,0.0,100,normal,YES,PASS,0.0,0.03,0.005,0.0,
15:09:24.546,1.0414,1.0065,1.0016,0.0,normal,0.0,normal,0.0,normal,0.0,NORMAL,1.0,0.0,100,normal,YES,PASS,0.0,0.022,0.017,0.0,
15:09:24.834,1.0432,1.0011,1.0107,0.0,normal,0.0,normal,0.0,normal,0.0,NORMAL,0.8,0.0,100,normal,YES,PASS,0.0,0.016,0.017,0.0,
15:09:25.195,1.0465,1.0068,1.0066,0.0,normal,0.0,normal,0.0,normal,0.0,NORMAL,0.7,0.0,100,normal,YES,PASS,0.0,0.012,0.019,0.0,
15:09:25.492,1.0054,1.0023,1.0025,0.0,normal,0.0,normal,0.0,normal,0.0,NORMAL,0.3,0.0,100,normal,YES,PASS,0.0,0.009,0.002,0.0,
15:09:25.781,1.0008,1.012,1.0059,0.0,normal,0.0,normal,0.0,normal,0.0,NORMAL,0.2,0.0,100,normal,YES,PASS,0.0,0.006,0.0,0.0,
15:09:26.058,1.0499,1.0076,1.0123,0.0,normal,0.0,normal,0.0,normal,0.0,NORMAL,0.5,0.0,100,normal,YES,PASS,0.0,0.005,0.02,0.0,
15:09:26.341,1.0408,1.0042,1.0005,0.0,normal,0.0,normal,0.0,normal,0.0,NORMAL,0.4,0.0,100,normal,YES,PASS,0.0,0.003,0.016,0.0,
15:09:26.654,1.0041,1.002,1.0113,0.0,normal,0.0,normal,0.0,normal,0.0,NORMAL,0.1,0.0,100,normal,YES,PASS,0.0,0.002,0.002,0.0,
15:09:27.011,1.0092,1.0105,1.0097,0.0,normal,0.0,normal,0.0,normal,0.0,NORMAL,0.1,0.0,100,normal,YES,PASS,0.0,0.002,0.004,0.0,
15:09:27.286,1.008,1.0135,1.0049,0.0,normal,0.0,normal,0.0,normal,0.0,NORMAL,0.1,0.0,100,normal,YES,PASS,0.0,0.001,0.003,0.0,
15:09:27.600,1.0457,1.0059,1.0134,0.0,normal,0.0,normal,0.0,normal,0.0,NORMAL,0.4,0.0,100,normal,YES,PASS,0.0,0.001,0.018,0.0,
15:09:27.879,1.0068,1.0068,1.0117,0.0,normal,0.0,normal,0.0,normal,0.0,NORMAL,0.1,0.0,100,normal,YES,PASS,0.0,0.001,0.003,0.0,
15:09:28.166,1.0672,1.0045,1.0056,0.0,normal,0.0,normal,0.0,normal,0.0,NORMAL,0.6,0.0,100,normal,YES,PASS,0.0,0.001,0.027,0.0,
15:09:28.489,1.0084,1.0084,1.0046,0.0,normal,0.0,normal,0.0,normal,0.0,NORMAL,0.1,0.0,100,normal,YES,PASS,0.0,0.0,0.003,0.0,
15:09:28.779,1.0362,1.0092,1.0044,0.0,normal,0.0,normal,0.0,normal,0.0,NORMAL,0.3,0.0,100,normal,YES,PASS,0.0,0.0,0.014,0.0,
15:09:29.100,1.0005,1.0078,1.0098,0.0,normal,0.0,normal,0.0,normal,0.0,NORMAL,0.0,0.0,100,normal,YES,PASS,0.0,0.0,0.0,0.0,
15:09:29.423,1.0074,1.0042,1.0087,0.0,normal,0.0,speed_hump,0.5097,normal,0.0,NORMAL,17.9,0.09,100,speed_hump,YES,PASS,0.0,0.0,0.003,0.51,
15:09:29.777,1.012,1.0024,1.0068,0.0,normal,0.0,speed_hump,0.5097,normal,0.0,NORMAL,17.9,0.09,100,speed_hump,YES,PASS,0.0,0.0,0.005,0.51,
15:09:30.075,1.0318,1.0013,1.009,0.0,normal,0.0,speed_hump,0.5097,normal,0.0,CAUTION,18.1,0.09,95,speed_hump,NO,BLOCKED,0.0,0.0,0.013,0.51,
15:09:30.444,1.0505,1.0002,1.016,0.0,normal,0.0,speed_hump,0.5097,normal,0.0,CAUTION,18.2,0.09,95,speed_hump,NO,BLOCKED,0.0,0.0,0.02,0.51,
15:09:30.801,1.0092,1.002,1.0086,0.0,normal,0.0,speed_hump,0.5097,normal,0.0,CAUTION,17.9,0.09,96,speed_hump,NO,BLOCKED,0.0,0.0,0.004,0.51,
15:09:31.107,1.056,1.0092,1.0056,0.0,normal,0.0,normal,0.0,normal,0.0,CAUTION,0.4,0.0,100,braking,NO,BLOCKED,0.0,0.0,0.022,0.0,
15:09:31.488,1.0454,1.002,1.0061,0.0,normal,0.0,normal,0.0,normal,0.0,CAUTION,0.4,0.0,100,braking,NO,BLOCKED,0.0,0.0,0.018,0.0,
15:09:31.764,1.0489,1.008,1.0102,0.0,normal,0.0,normal,0.0,normal,0.0,NORMAL,0.4,0.0,100,normal,YES,PASS,0.0,0.0,0.02,0.0,
15:09:32.045,1.042,1.0017,1.0083,0.0,normal,0.0,normal,0.0,normal,0.0,NORMAL,0.3,0.0,100,normal,YES,PASS,0.0,0.0,0.017,0.0,
15:09:32.333,1.0273,1.0112,1.0033,0.0,normal,0.0,normal,0.0,normal,0.0,NORMAL,0.2,0.0,100,normal,YES,PASS,0.0,0.0,0.011,0.0,
15:09:32.637,1.0302,1.0086,1.0114,0.0,normal,0.0,normal,0.0,normal,0.0,NORMAL,0.2,0.0,100,normal,YES,PASS,0.0,0.0,0.012,0.0,
15:09:32.918,1.0391,1.0025,1.0078,0.0,normal,0.0,normal,0.0,normal,0.0,NORMAL,0.3,0.0,100,normal,YES,PASS,0.0,0.0,0.016,0.0,
15:09:33.223,1.0283,1.0133,1.0106,0.0,normal,0.0,normal,0.0,normal,0.0,NORMAL,0.2,0.0,100,normal,YES,PASS,0.0,0.0,0.011,0.0,
15:09:33.580,1.0418,1.0118,1.0066,0.0,normal,0.0,normal,0.0,normal,0.0,NORMAL,0.3,0.0,100,normal,YES,PASS,0.0,0.0,0.017,0.0,
15:09:33.950,1.0408,1.0016,1.0033,0.0,normal,0.0,normal,0.0,normal,0.0,NORMAL,0.3,0.0,100,normal,YES,PASS,0.0,0.0,0.016,0.0,
15:09:34.228,1.0432,1.0094,1.0109,0.0,normal,0.0,normal,0.0,normal,0.0,NORMAL,0.3,0.0,100,normal,YES,PASS,0.0,0.0,0.017,0.0,
15:09:34.511,1.0486,1.0051,1.0097,0.0,normal,0.0,normal,0.0,normal,0.0,NORMAL,0.4,0.0,100,normal,YES,PASS,0.0,0.0,0.019,0.0,
15:09:34.801,1.0674,1.0073,1.0087,0.0,normal,0.0,speed_hump,0.5185,normal,0.0,NORMAL,18.7,0.09,100,speed_hump,YES,PASS,0.0,0.0,0.027,0.518,
15:09:35.089,1.0012,1.0012,1.0114,0.0,normal,0.0,speed_hump,0.5185,normal,0.0,NORMAL,18.2,0.09,100,speed_hump,YES,PASS,0.0,0.0,0.0,0.518,
15:09:35.413,1.0149,1.013,1.0001,0.0,normal,0.0,speed_hump,0.5036,normal,0.0,CAUTION,17.7,0.09,96,speed_hump,NO,BLOCKED,0.0,0.0,0.006,0.504,
15:09:35.714,1.0351,1.0028,1.0071,0.0,normal,0.0,speed_hump,0.5036,normal,0.0,CAUTION,17.9,0.09,96,speed_hump,NO,BLOCKED,0.0,0.0,0.014,0.504,
15:09:36.041,1.0369,1.0039,1.0033,0.0,normal,0.0,speed_hump,0.5036,normal,0.0,CAUTION,17.9,0.09,96,speed_hump,NO,BLOCKED,0.0,0.0,0.015,0.504,
15:09:36.352,1.0,1.0018,1.0004,0.0,normal,0.0,speed_hump,0.5097,normal,0.0,CAUTION,17.8,0.09,96,speed_hump,NO,BLOCKED,0.0,0.0,0.0,0.51,
15:09:36.655,1.0113,1.0111,1.0132,5.0,pothole,1.0,speed_hump,0.5097,normal,0.0,CAUTION,30.1,0.15,92,speed_hump,NO,BLOCKED,0.0,0.405,0.005,0.51,
15:09:36.973,1.012,1.0106,1.0083,0.0,normal,0.0,speed_hump,0.5097,normal,0.0,CAUTION,26.8,0.13,93,speed_hump,NO,BLOCKED,0.0,0.296,0.005,0.51,
15:09:37.280,1.0128,1.0073,1.0079,0.0,normal,0.0,speed_hump,0.5097,normal,0.0,CAUTION,24.4,0.12,94,speed_hump,NO,BLOCKED,0.0,0.216,0.005,0.51,
15:09:37.571,1.0506,1.0124,1.0068,0.0,normal,0.0,speed_hump,0.5097,normal,0.0,CAUTION,23.0,0.11,94,speed_hump,NO,BLOCKED,0.0,0.158,0.02,0.51,
15:09:37.864,1.0262,1.0076,1.0033,0.0,normal,0.0,normal,0.0,normal,0.0,CAUTION,3.7,0.0,100,braking,NO,BLOCKED,0.0,0.115,0.01,0.0,
15:09:38.153,1.0679,1.0024,1.0054,5.0,pothole,1.0,normal,0.0,normal,0.0,CAUTION,15.2,0.08,96,pothole,NO,BLOCKED,0.0,0.489,0.027,0.0,
15:09:38.455,1.0151,1.0048,1.0056,0.0,normal,0.0,normal,0.0,normal,0.0,CAUTION,10.8,0.0,100,braking,NO,BLOCKED,0.0,0.357,0.006,0.0,
15:09:38.743,1.0495,1.0074,1.0018,5.0,pothole,1.0,normal,0.0,normal,0.0,CAUTION,20.4,0.1,95,pothole,NO,BLOCKED,0.0,0.666,0.02,0.0,
15:09:39.042,1.0282,1.0073,1.0045,5.0,pothole,1.0,normal,0.0,normal,0.0,CAUTION,27.0,0.13,93,pothole,NO,BLOCKED,0.0,0.891,0.011,0.0,
15:09:39.336,1.0154,1.0043,1.0105,5.0,pothole,1.0,normal,0.0,normal,0.0,CAUTION,30.1,0.15,92,pothole,NO,BLOCKED,0.0,1.0,0.006,0.0,
15:09:39.626,1.0386,1.0107,1.0006,5.0,pothole,1.0,normal,0.0,normal,0.0,CAUTION,30.3,0.15,92,pothole,NO,BLOCKED,0.0,1.0,0.015,0.0,
15:09:39.933,1.0454,1.0134,1.0061,5.0,pothole,1.0,normal,0.0,normal,0.0,CAUTION,30.4,0.15,92,pothole,NO,BLOCKED,0.0,1.0,0.018,0.0,
15:09:40.228,1.0145,1.0072,1.0019,0.0,normal,0.0,normal,0.0,normal,0.0,CAUTION,27.8,0.0,100,braking,NO,BLOCKED,0.0,0.922,0.006,0.0,
15:09:40.531,1.0481,1.0133,1.0054,5.0,pothole,1.0,normal,0.0,normal,0.0,CAUTION,30.4,0.15,92,pothole,NO,BLOCKED,0.0,1.0,0.019,0.0,
15:09:40.831,1.0115,1.0097,1.0004,5.0,pothole,1.0,normal,0.0,normal,0.0,CAUTION,30.1,0.15,92,pothole,NO,BLOCKED,0.0,1.0,0.005,0.0,
15:09:41.123,1.0399,1.001,1.0009,0.0,normal,0.0,normal,0.0,normal,0.0,CAUTION,26.4,0.0,100,braking,NO,BLOCKED,0.0,0.87,0.016,0.0,
15:09:41.439,1.0651,1.0121,1.003,5.0,pothole,1.0,normal,0.0,normal,0.0,CAUTION,30.5,0.15,92,pothole,NO,BLOCKED,0.0,1.0,0.026,0.0,
15:09:41.740,1.0184,1.0075,1.0069,5.0,pothole,1.0,normal,0.0,normal,0.0,CAUTION,30.1,0.15,92,pothole,NO,BLOCKED,0.0,1.0,0.007,0.0,
15:09:42.036,1.017,1.0068,1.0048,5.0,pothole,1.0,normal,0.0,normal,0.0,CAUTION,30.1,0.15,92,pothole,NO,BLOCKED,0.0,1.0,0.007,0.0,
15:09:42.334,1.0479,1.0022,1.0066,5.0,pothole,1.0,normal,0.0,normal,0.0,CAUTION,30.4,0.15,92,pothole,NO,BLOCKED,0.0,1.0,0.019,0.0,
15:09:42.623,1.0334,1.005,1.0141,5.0,pothole,1.0,normal,0.0,normal,0.0,CAUTION,30.3,0.15,92,pothole,NO,BLOCKED,0.0,1.0,0.013,0.0,
15:09:42.913,1.0243,1.0079,1.0007,4.7208,pothole,0.8604,normal,0.0,normal,0.0,CAUTION,30.2,0.15,92,pothole,NO,BLOCKED,0.0,1.0,0.01,0.0,
15:09:43.280,1.0025,1.0036,1.0006,5.0,pothole,1.0,normal,0.0,normal,0.0,CAUTION,30.0,0.15,92,pothole,NO,BLOCKED,0.0,1.0,0.001,0.0,
15:09:43.579,1.0491,1.0109,1.0095,5.0,pothole,1.0,normal,0.0,normal,0.0,CAUTION,30.4,0.15,92,pothole,NO,BLOCKED,0.0,1.0,0.02,0.0,
15:09:43.868,1.0283,1.0087,1.0043,5.0,pothole,1.0,normal,0.0,normal,0.0,CAUTION,30.2,0.15,92,pothole,NO,BLOCKED,0.0,1.0,0.011,0.0,
15:09:44.201,1.0356,1.0106,1.0058,0.0,normal,0.0,normal,0.0,normal,0.0,CAUTION,30.3,0.15,92,braking,NO,BLOCKED,0.0,1.0,0.014,0.0,
15:09:44.527,1.0393,1.0041,1.0084,0.0,normal,0.0,normal,0.0,normal,0.0,CAUTION,23.6,0.0,100,braking,NO,BLOCKED,0.0,0.775,0.016,0.0,
15:09:44.827,1.0276,1.0064,1.0027,0.0,normal,0.0,normal,0.0,normal,0.0,CAUTION,17.2,0.0,100,braking,NO,BLOCKED,0.0,0.565,0.011,0.0,
15:09:45.132,1.0039,1.0046,1.0072,0.0,normal,0.0,normal,0.0,normal,0.0,NORMAL,12.4,0.0,100,normal,YES,PASS,0.0,0.413,0.002,0.0,
15:09:45.423,1.0354,1.0008,1.0108,0.0,normal,0.0,normal,0.0,normal,0.0,NORMAL,9.3,0.0,100,normal,YES,PASS,0.0,0.301,0.014,0.0,
15:09:45.721,1.0174,1.0034,1.0092,0.0,normal,0.0,normal,0.0,normal,0.0,NORMAL,6.7,0.0,100,normal,YES,PASS,0.0,0.22,0.007,0.0,
15:09:45.994,1.0427,1.0023,1.0073,0.0,normal,0.0,normal,0.0,normal,0.0,NORMAL,5.2,0.0,100,normal,YES,PASS,0.0,0.16,0.017,0.0,
15:09:46.297,1.0449,1.0108,1.0117,0.0,normal,0.0,normal,0.0,normal,0.0,NORMAL,3.9,0.0,100,normal,YES,PASS,0.0,0.117,0.018,0.0,
15:09:46.617,1.0687,1.003,1.003,0.0,normal,0.0,normal,0.0,normal,0.0,NORMAL,3.1,0.0,100,normal,YES,PASS,0.0,0.085,0.027,0.0,
15:09:46.910,1.0218,1.0109,1.0134,0.0,normal,0.0,normal,0.0,normal,0.0,NORMAL,2.0,0.0,100,normal,YES,PASS,0.0,0.062,0.009,0.0,
15:09:47.195,1.0153,1.0133,1.0114,4.4901,pothole,0.7451,normal,0.0,normal,0.0,NORMAL,12.4,0.06,100,pothole,YES,PASS,0.0,0.409,0.006,0.0,
15:09:47.534,1.0377,1.0037,1.0123,4.4901,pothole,0.7451,normal,0.0,normal,0.0,NORMAL,20.2,0.1,100,pothole,YES,PASS,0.0,0.663,0.015,0.0,
15:09:47.840,1.0455,1.0022,1.011,4.4901,pothole,0.7451,normal,0.0,normal,0.0,CAUTION,25.8,0.13,94,pothole,NO,BLOCKED,0.0,0.848,0.018,0.0,
15:09:48.216,1.0281,1.0067,1.0054,0.0,normal,0.0,normal,0.0,normal,0.0,CAUTION,18.8,0.0,100,braking,NO,BLOCKED,0.0,0.619,0.011,0.0,
15:09:48.574,1.04,1.005,1.0059,0.0,normal,0.0,normal,0.0,normal,0.0,CAUTION,13.9,0.0,100,braking,NO,BLOCKED,0.0,0.451,0.016,0.0,
15:09:48.892,1.0326,1.013,1.0097,0.0,normal,0.0,normal,0.0,normal,0.0,NORMAL,10.1,0.0,100,normal,YES,PASS,0.0,0.33,0.013,0.0,
15:09:49.228,1.0376,1.0029,1.0027,5.0,pothole,1.0,normal,0.0,normal,0.0,NORMAL,19.7,0.1,100,pothole,YES,PASS,0.0,0.646,0.015,0.0,
15:09:49.548,1.0054,1.0126,1.0008,0.0,normal,0.0,normal,0.0,normal,0.0,NORMAL,14.2,0.0,100,normal,YES,PASS,0.0,0.471,0.002,0.0,
15:09:49.820,1.0372,1.0109,1.0076,0.0,normal,0.0,normal,0.0,normal,0.0,NORMAL,10.6,0.0,100,normal,YES,PASS,0.0,0.344,0.015,0.0,
15:09:50.105,1.0514,1.009,1.0016,0.0,normal,0.0,normal,0.0,normal,0.0,NORMAL,7.9,0.0,100,normal,YES,PASS,0.0,0.251,0.021,0.0,
15:09:50.409,1.0219,1.0009,1.0026,0.0,normal,0.0,normal,0.0,normal,0.0,NORMAL,5.7,0.0,100,normal,YES,PASS,0.0,0.183,0.009,0.0,
15:09:50.684,1.0553,1.0112,1.0075,0.0,normal,0.0,normal,0.0,normal,0.0,NORMAL,4.5,0.0,100,normal,YES,PASS,0.0,0.134,0.022,0.0,
15:09:50.984,1.0148,1.0029,1.0084,0.0,normal,0.0,normal,0.0,normal,0.0,NORMAL,3.0,0.0,100,normal,YES,PASS,0.0,0.098,0.006,0.0,
15:09:51.264,1.0501,1.007,1.0083,0.0,normal,0.0,normal,0.0,normal,0.0,NORMAL,2.5,0.0,100,normal,YES,PASS,0.0,0.071,0.02,0.0,
15:09:51.586,1.0468,1.0044,1.0093,0.0,normal,0.0,normal,0.0,normal,0.0,NORMAL,1.9,0.0,100,normal,YES,PASS,0.0,0.052,0.019,0.0,
15:09:51.895,1.0591,1.0104,1.0115,0.0,normal,0.0,normal,0.0,normal,0.0,NORMAL,1.6,0.0,100,normal,YES,PASS,0.0,0.038,0.024,0.0,
15:09:52.168,1.0386,1.0029,1.0003,0.0,normal,0.0,normal,0.0,normal,0.0,NORMAL,1.1,0.0,100,normal,YES,PASS,0.0,0.028,0.015,0.0,
15:09:52.456,1.0203,1.0067,1.0001,0.0,normal,0.0,normal,0.0,normal,0.0,NORMAL,0.8,0.0,100,normal,YES,PASS,0.0,0.02,0.008,0.0,
15:09:52.754,1.0234,1.0116,1.0127,0.0,normal,0.0,normal,0.0,normal,0.0,NORMAL,0.6,0.0,100,normal,YES,PASS,0.0,0.015,0.009,0.0,
15:09:53.061,1.0001,1.0043,1.0011,0.0,normal,0.0,normal,0.0,normal,0.0,NORMAL,0.3,0.0,100,normal,YES,PASS,0.0,0.011,0.0,0.0,
15:09:53.388,1.024,1.002,1.0079,0.0,normal,0.0,normal,0.0,normal,0.0,NORMAL,0.4,0.0,100,normal,YES,PASS,0.0,0.008,0.01,0.0,
15:09:53.671,1.0418,1.0064,1.0002,0.0,normal,0.0,normal,0.0,normal,0.0,NORMAL,0.5,0.0,100,normal,YES,PASS,0.0,0.006,0.017,0.0,
15:09:53.955,1.0453,1.0062,1.0046,0.0,normal,0.0,normal,0.0,normal,0.0,NORMAL,0.5,0.0,100,normal,YES,PASS,0.0,0.004,0.018,0.0,
15:09:54.276,1.0282,1.0066,1.0088,0.0,normal,0.0,normal,0.0,normal,0.0,NORMAL,0.3,0.0,100,normal,YES,PASS,0.0,0.003,0.011,0.0,
15:09:54.590,1.0372,1.013,1.004,0.0,normal,0.0,normal,0.0,normal,0.0,NORMAL,0.4,0.0,100,normal,YES,PASS,0.0,0.002,0.015,0.0,
15:09:54.890,1.0429,1.0138,1.0056,0.0,normal,0.0,normal,0.0,normal,0.0,NORMAL,0.4,0.0,100,normal,YES,PASS,0.0,0.002,0.017,0.0,
15:09:55.209,1.0161,1.0124,1.014,0.0,normal,0.0,normal,0.0,normal,0.0,NORMAL,0.2,0.0,100,normal,YES,PASS,0.0,0.001,0.006,0.0,
15:09:55.493,1.036,1.0046,1.0017,0.0,normal,0.0,normal,0.0,normal,0.0,NORMAL,0.3,0.0,100,normal,YES,PASS,0.0,0.001,0.014,0.0,
15:09:55.766,1.0698,1.0012,1.0033,0.0,normal,0.0,normal,0.0,normal,0.0,NORMAL,0.6,0.0,100,normal,YES,PASS,0.0,0.001,0.028,0.0,
15:09:56.043,1.0614,1.0026,1.0074,0.0,normal,0.0,normal,0.0,normal,0.0,NORMAL,0.5,0.0,100,normal,YES,PASS,0.0,0.0,0.025,0.0,
15:09:56.355,1.0596,1.0083,1.0026,0.0,normal,0.0,normal,0.0,normal,0.0,NORMAL,0.5,0.0,100,normal,YES,PASS,0.0,0.0,0.024,0.0,
15:09:56.647,1.0057,1.0088,1.0123,0.0,normal,0.0,normal,0.0,normal,0.0,NORMAL,0.1,0.0,100,normal,YES,PASS,0.0,0.0,0.002,0.0,
15:09:56.944,1.0095,1.0031,1.0079,0.0,normal,0.0,normal,0.0,normal,0.0,NORMAL,0.1,0.0,100,normal,YES,PASS,0.0,0.0,0.004,0.0,
15:09:57.250,1.0339,1.0006,1.0137,0.0,normal,0.0,normal,0.0,normal,0.0,NORMAL,0.3,0.0,100,normal,YES,PASS,0.0,0.0,0.014,0.0,
15:09:57.555,1.023,1.0009,1.0089,0.0,normal,0.0,normal,0.0,normal,0.0,NORMAL,0.2,0.0,100,normal,YES,PASS,0.0,0.0,0.009,0.0,
15:09:57.856,1.0268,1.0061,1.0025,0.0,normal,0.0,normal,0.0,normal,0.0,NORMAL,0.2,0.0,100,normal,YES,PASS,0.0,0.0,0.011,0.0,
15:09:58.132,1.0227,1.013,1.0019,0.0,normal,0.0,normal,0.0,normal,0.0,NORMAL,0.2,0.0,100,normal,YES,PASS,0.0,0.0,0.009,0.0,
15:09:58.437,1.0527,1.0031,1.004,0.0,normal,0.0,normal,0.0,normal,0.0,NORMAL,0.4,0.0,100,normal,YES,PASS,0.0,0.0,0.021,0.0,
15:09:58.713,1.051,1.004,1.0044,0.0,normal,0.0,normal,0.0,normal,0.0,NORMAL,0.4,0.0,100,normal,YES,PASS,0.0,0.0,0.02,0.0,
15:09:58.999,1.0461,1.0042,1.0098,0.0,normal,0.0,normal,0.0,normal,0.0,NORMAL,0.4,0.0,100,normal,YES,PASS,0.0,0.0,0.018,0.0,
15:09:59.274,1.0158,1.0062,1.0006,4.5998,pothole,0.7999,normal,0.0,normal,0.0,NORMAL,11.3,0.06,100,pothole,YES,PASS,0.0,0.373,0.006,0.0,
15:09:59.599,1.0574,1.0036,1.0037,4.5998,pothole,0.7999,normal,0.0,normal,0.0,NORMAL,19.8,0.1,100,pothole,YES,PASS,0.0,0.645,0.023,0.0,
15:09:59.917,1.0089,1.0056,1.0074,4.5998,pothole,0.7999,normal,0.0,normal,0.0,CAUTION,25.4,0.13,94,pothole,NO,BLOCKED,0.0,0.843,0.004,0.0,
15:10:00.218,1.0235,1.0048,1.0022,4.5998,pothole,0.7999,normal,0.0,normal,0.0,CAUTION,29.8,0.15,93,pothole,NO,BLOCKED,0.0,0.988,0.009,0.0,
15:10:00.515,1.0183,1.0016,1.0168,4.5123,pothole,0.7562,normal,0.0,normal,0.0,CAUTION,30.1,0.15,92,pothole,NO,BLOCKED,0.0,1.0,0.007,0.0,
15:10:00.821,1.0022,1.0129,1.0003,4.5123,pothole,0.7562,normal,0.0,normal,0.0,CAUTION,30.0,0.15,92,pothole,NO,BLOCKED,0.0,1.0,0.001,0.0,
15:10:01.118,1.0201,1.0021,1.0052,4.5123,pothole,0.7562,normal,0.0,normal,0.0,CAUTION,30.2,0.15,92,pothole,NO,BLOCKED,0.0,1.0,0.008,0.0,
15:10:01.430,1.0196,1.0035,1.0062,4.5123,pothole,0.7562,normal,0.0,normal,0.0,CAUTION,30.2,0.15,92,pothole,NO,BLOCKED,0.0,1.0,0.008,0.0,
15:10:01.740,1.0484,1.0011,1.0045,0.0,normal,0.0,normal,0.0,normal,0.0,CAUTION,27.8,0.0,100,braking,NO,BLOCKED,0.0,0.912,0.019,0.0,
15:10:02.016,1.024,1.0034,1.0103,0.0,normal,0.0,normal,0.0,normal,0.0,CAUTION,20.2,0.0,100,braking,NO,BLOCKED,0.0,0.666,0.01,0.0,
15:10:02.318,1.0559,1.0038,1.0127,0.0,normal,0.0,normal,0.0,normal,0.0,NORMAL,15.0,0.0,100,normal,YES,PASS,0.0,0.486,0.022,0.0,
15:10:02.595,1.022,1.0066,1.0042,0.0,normal,0.0,normal,0.0,normal,0.0,NORMAL,10.8,0.0,100,normal,YES,PASS,0.0,0.355,0.009,0.0,
15:10:02.889,1.044,1.0044,1.0062,0.0,normal,0.0,normal,0.0,normal,0.0,NORMAL,8.1,0.0,100,normal,YES,PASS,0.0,0.259,0.018,0.0,
15:10:03.196,1.0297,1.0028,1.0044,0.0,normal,0.0,normal,0.0,normal,0.0,NORMAL,5.9,0.0,100,normal,YES,PASS,0.0,0.189,0.012,0.0,
15:10:03.513,1.0351,1.0102,1.0083,0.0,normal,0.0,normal,0.0,normal,0.0,NORMAL,4.4,0.0,100,normal,YES,PASS,0.0,0.138,0.014,0.0,
15:10:03.821,1.0027,1.0025,1.0042,0.0,normal,0.0,normal,0.0,normal,0.0,NORMAL,3.0,0.0,100,normal,YES,PASS,0.0,0.101,0.001,0.0,
15:10:04.190,1.0307,1.0109,1.0083,0.0,normal,0.0,normal,0.0,normal,0.0,NORMAL,2.4,0.0,100,normal,YES,PASS,0.0,0.073,0.012,0.0,
15:10:04.520,1.0172,1.0074,1.001,0.0,normal,0.0,normal,0.0,normal,0.0,NORMAL,1.7,0.0,100,normal,YES,PASS,0.0,0.054,0.007,0.0,
15:10:04.831,1.0522,1.0125,1.0071,0.0,normal,0.0,normal,0.0,normal,0.0,NORMAL,1.6,0.0,100,normal,YES,PASS,0.0,0.039,0.021,0.0,
15:10:05.126,1.0155,1.0039,1.0017,5.0,pothole,1.0,normal,0.0,normal,0.0,NORMAL,13.1,0.07,100,pothole,YES,PASS,0.0,0.434,0.006,0.0,
15:10:05.418,1.0362,1.0011,1.0099,0.0,normal,0.0,normal,0.0,normal,0.0,NORMAL,9.8,0.0,100,normal,YES,PASS,0.0,0.317,0.014,0.0,
15:10:05.701,1.03,1.0093,1.0057,0.0,normal,0.0,normal,0.0,normal,0.0,NORMAL,7.2,0.0,100,normal,YES,PASS,0.0,0.231,0.012,0.0,
15:10:05.989,1.0238,1.0064,1.0049,5.0,pothole,1.0,normal,0.0,normal,0.0,NORMAL,17.4,0.09,100,pothole,YES,PASS,0.0,0.574,0.01,0.0,
15:10:06.279,1.031,1.01,1.0071,0.0,normal,0.0,normal,0.0,normal,0.0,NORMAL,12.8,0.0,100,normal,YES,PASS,0.0,0.419,0.012,0.0,
15:10:06.577,1.0123,1.0088,1.0015,0.0,normal,0.0,normal,0.0,normal,0.0,NORMAL,9.3,0.0,100,normal,YES,PASS,0.0,0.306,0.005,0.0,
15:10:06.885,1.0029,1.0039,1.005,5.0,pothole,1.0,normal,0.0,normal,0.0,NORMAL,18.9,0.09,100,pothole,YES,PASS,0.0,0.628,0.001,0.0,
15:10:07.173,1.0078,1.0043,1.0105,5.0,pothole,1.0,normal,0.0,normal,0.0,CAUTION,26.0,0.13,94,pothole,NO,BLOCKED,0.0,0.864,0.003,0.0,
15:10:07.497,1.02,1.0073,1.007,5.0,pothole,1.0,normal,0.0,normal,0.0,CAUTION,30.2,0.15,92,pothole,NO,BLOCKED,0.0,1.0,0.008,0.0,
15:10:07.802,1.0258,1.0104,1.0079,0.0,normal,0.0,normal,0.0,normal,0.0,CAUTION,22.9,0.0,100,braking,NO,BLOCKED,0.0,0.756,0.01,0.0,
15:10:08.105,1.0526,1.0066,1.0098,0.0,normal,0.0,normal,0.0,normal,0.0,CAUTION,17.0,0.0,100,braking,NO,BLOCKED,0.0,0.552,0.021,0.0,
15:10:08.389,1.0694,1.0044,1.0167,0.0,normal,0.0,normal,0.0,normal,0.0,NORMAL,12.6,0.0,100,normal,YES,PASS,0.0,0.403,0.028,0.0,
15:10:08.696,1.0592,1.0122,1.0138,0.0,normal,0.0,normal,0.0,normal,0.0,NORMAL,9.3,0.0,100,normal,YES,PASS,0.0,0.294,0.024,0.0,
15:10:09.012,1.014,1.0097,1.0127,0.0,normal,0.0,normal,0.0,normal,0.0,NORMAL,6.5,0.0,100,normal,YES,PASS,0.0,0.214,0.006,0.0,
15:10:09.340,1.0396,1.0159,1.0114,0.0,normal,0.0,normal,0.0,normal,0.0,NORMAL,5.0,0.0,100,normal,YES,PASS,0.0,0.157,0.016,0.0,
15:10:09.626,1.056,1.008,1.0064,0.0,normal,0.0,normal,0.0,normal,0.0,NORMAL,3.9,0.0,100,normal,YES,PASS,0.0,0.114,0.022,0.0,
15:10:09.914,1.0136,1.0108,1.0001,0.0,normal,0.0,normal,0.0,normal,0.0,NORMAL,2.6,0.0,100,normal,YES,PASS,0.0,0.083,0.005,0.0,
15:10:10.203,1.0527,1.0025,1.0095,5.0,pothole,1.0,normal,0.0,normal,0.0,NORMAL,14.4,0.07,100,pothole,YES,PASS,0.0,0.466,0.021,0.0,
15:10:10.508,1.028,1.0002,1.0046,5.0,pothole,1.0,normal,0.0,normal,0.0,NORMAL,22.6,0.11,100,pothole,YES,PASS,0.0,0.745,0.011,0.0,
15:10:10.815,1.0328,1.0096,1.0149,5.0,pothole,1.0,normal,0.0,normal,0.0,CAUTION,28.7,0.14,93,pothole,NO,BLOCKED,0.0,0.949,0.013,0.0,
15:10:11.114,1.0582,1.0051,1.0089,0.0,normal,0.0,normal,0.0,normal,0.0,CAUTION,21.3,0.0,100,braking,NO,BLOCKED,0.0,0.693,0.023,0.0,
15:10:11.395,1.0191,1.0091,1.0026,5.0,pothole,1.0,normal,0.0,normal,0.0,CAUTION,27.5,0.14,93,pothole,NO,BLOCKED,0.0,0.911,0.008,0.0,
15:10:11.726,1.0658,1.0056,1.0019,5.0,pothole,1.0,normal,0.0,normal,0.0,CAUTION,30.5,0.15,92,pothole,NO,BLOCKED,0.0,1.0,0.026,0.0,
15:10:12.034,1.0413,1.0047,1.0107,5.0,pothole,1.0,normal,0.0,normal,0.0,CAUTION,30.3,0.15,92,pothole,NO,BLOCKED,0.0,1.0,0.017,0.0,
15:10:12.357,1.0233,1.0013,1.0065,5.0,pothole,1.0,normal,0.0,normal,0.0,CAUTION,30.2,0.15,92,pothole,NO,BLOCKED,0.0,1.0,0.009,0.0,
15:10:12.671,1.0242,1.0014,1.0088,5.0,pothole,1.0,normal,0.0,normal,0.0,CAUTION,30.2,0.15,92,pothole,NO,BLOCKED,0.0,1.0,0.01,0.0,
15:10:12.948,1.0478,1.0052,1.0043,0.0,normal,0.0,normal,0.0,normal,0.0,CAUTION,29.6,0.0,100,braking,NO,BLOCKED,0.0,0.973,0.019,0.0,
15:10:13.234,1.0508,1.0004,1.0035,0.0,normal,0.0,normal,0.0,normal,0.0,CAUTION,21.7,0.0,100,braking,NO,BLOCKED,0.0,0.71,0.02,0.0,
15:10:13.514,1.0317,1.0021,1.0116,0.0,normal,0.0,normal,0.0,normal,0.0,NORMAL,15.8,0.0,100,normal,YES,PASS,0.0,0.518,0.013,0.0,
15:10:13.804,1.0022,1.0074,1.012,0.0,normal,0.0,normal,0.0,normal,0.0,NORMAL,11.4,0.0,100,normal,YES,PASS,0.0,0.378,0.001,0.0,
15:10:14.129,1.0184,1.0001,1.0026,0.0,normal,0.0,normal,0.0,normal,0.0,NORMAL,8.4,0.0,100,normal,YES,PASS,0.0,0.276,0.007,0.0,
15:10:14.440,1.0155,1.0084,1.0031,0.0,normal,0.0,normal,0.0,normal,0.0,NORMAL,6.2,0.0,100,normal,YES,PASS,0.0,0.201,0.006,0.0,
15:10:14.755,1.0346,1.0005,1.0114,0.0,normal,0.0,normal,0.0,normal,0.0,NORMAL,4.7,0.0,100,normal,YES,PASS,0.0,0.147,0.014,0.0,
15:10:15.031,1.0152,1.0052,1.0012,0.0,normal,0.0,normal,0.0,normal,0.0,NORMAL,3.3,0.0,100,normal,YES,PASS,0.0,0.107,0.006,0.0,
15:10:15.342,1.0462,1.0141,1.0043,0.0,normal,0.0,normal,0.0,normal,0.0,NORMAL,2.7,0.0,100,normal,YES,PASS,0.0,0.078,0.018,0.0,
15:10:15.615,1.0083,1.0005,1.0133,0.0,normal,0.0,normal,0.0,normal,0.0,NORMAL,1.8,0.0,100,normal,YES,PASS,0.0,0.057,0.003,0.0,
15:10:15.887,1.0412,1.013,1.0081,0.0,normal,0.0,normal,0.0,normal,0.0,NORMAL,1.6,0.0,100,normal,YES,PASS,0.0,0.042,0.016,0.0,
15:10:16.170,1.0366,1.0004,1.0023,0.0,normal,0.0,normal,0.0,normal,0.0,NORMAL,1.2,0.0,100,normal,YES,PASS,0.0,0.03,0.015,0.0,
15:10:16.453,1.0292,1.012,1.0002,0.0,normal,0.0,normal,0.0,normal,0.0,NORMAL,0.9,0.0,100,normal,YES,PASS,0.0,0.022,0.012,0.0,
15:10:16.784,1.0074,1.0048,1.0053,0.0,normal,0.0,normal,0.0,normal,0.0,NORMAL,0.5,0.0,100,normal,YES,PASS,0.0,0.016,0.003,0.0,
15:10:17.047,1.0411,1.0091,1.0044,0.0,normal,0.0,normal,0.0,normal,0.0,NORMAL,0.7,0.0,100,normal,YES,PASS,0.0,0.012,0.016,0.0,
15:10:17.339,1.0716,1.0023,1.0073,0.0,normal,0.0,normal,0.0,normal,0.0,NORMAL,0.8,0.0,100,normal,YES,PASS,0.0,0.009,0.029,0.0,
15:10:17.622,1.0022,1.0118,1.0079,0.0,normal,0.0,normal,0.0,normal,0.0,NORMAL,0.2,0.0,100,normal,YES,PASS,0.0,0.006,0.001,0.0,
15:10:17.894,1.0613,1.0007,1.009,0.0,normal,0.0,normal,0.0,normal,0.0,NORMAL,0.6,0.0,100,normal,YES,PASS,0.0,0.005,0.025,0.0,
15:10:18.236,1.0048,1.0051,1.0121,0.0,normal,0.0,normal,0.0,normal,0.0,NORMAL,0.1,0.0,100,normal,YES,PASS,0.0,0.003,0.002,0.0,
15:10:18.523,1.0297,1.0102,1.013,0.0,normal,0.0,normal,0.0,normal,0.0,NORMAL,0.3,0.0,100,normal,YES,PASS,0.0,0.002,0.012,0.0,
15:10:18.816,1.0175,1.0053,1.0128,0.0,normal,0.0,normal,0.0,normal,0.0,NORMAL,0.2,0.0,100,normal,YES,PASS,0.0,0.002,0.007,0.0,
15:10:19.130,1.0239,1.0096,1.0073,0.0,normal,0.0,normal,0.0,normal,0.0,NORMAL,0.2,0.0,100,normal,YES,PASS,0.0,0.001,0.01,0.0,
15:10:19.474,1.0456,1.0086,1.0036,0.0,normal,0.0,normal,0.0,normal,0.0,NORMAL,0.4,0.0,100,normal,YES,PASS,0.0,0.001,0.018,0.0,
15:10:19.820,1.0176,1.0128,1.0123,0.0,normal,0.0,normal,0.0,normal,0.0,NORMAL,0.2,0.0,100,normal,YES,PASS,0.0,0.001,0.007,0.0,
15:10:20.116,1.0472,1.0037,1.0118,0.0,normal,0.0,normal,0.0,normal,0.0,NORMAL,0.4,0.0,100,normal,YES,PASS,0.0,0.001,0.019,0.0,
15:10:20.400,1.0112,1.0052,1.0116,0.0,normal,0.0,normal,0.0,normal,0.0,NORMAL,0.1,0.0,100,normal,YES,PASS,0.0,0.0,0.004,0.0,
15:10:20.705,1.0219,1.0013,1.0088,0.0,normal,0.0,normal,0.0,normal,0.0,NORMAL,0.2,0.0,100,normal,YES,PASS,0.0,0.0,0.009,0.0,
15:10:21.011,1.0464,1.0058,1.012,0.0,normal,0.0,normal,0.0,normal,0.0,NORMAL,0.4,0.0,100,normal,YES,PASS,0.0,0.0,0.019,0.0,
15:10:21.309,1.0253,1.0019,1.0077,0.0,normal,0.0,normal,0.0,normal,0.0,NORMAL,0.2,0.0,100,normal,YES,PASS,0.0,0.0,0.01,0.0,
15:10:21.609,1.0191,1.0021,1.0032,0.0,normal,0.0,normal,0.0,normal,0.0,NORMAL,0.2,0.0,100,normal,YES,PASS,0.0,0.0,0.008,0.0,
15:10:21.918,1.025,1.0134,1.0059,0.0,normal,0.0,normal,0.0,normal,0.0,NORMAL,0.2,0.0,100,normal,YES,PASS,0.0,0.0,0.01,0.0,
15:10:22.204,1.036,1.0132,1.0002,0.0,normal,0.0,normal,0.0,normal,0.0,NORMAL,0.3,0.0,100,normal,YES,PASS,0.0,0.0,0.014,0.0,
15:10:22.503,1.0287,1.0073,1.0022,0.0,normal,0.0,normal,0.0,normal,0.0,NORMAL,0.2,0.0,100,normal,YES,PASS,0.0,0.0,0.011,0.0,
15:10:22.824,1.0482,1.0005,1.004,0.0,normal,0.0,normal,0.0,normal,0.0,NORMAL,0.4,0.0,100,normal,YES,PASS,0.0,0.0,0.019,0.0,
15:10:23.105,1.0031,1.0012,1.0121,0.0,normal,0.0,normal,0.0,normal,0.0,NORMAL,0.0,0.0,100,normal,YES,PASS,0.0,0.0,0.001,0.0,
15:10:23.423,1.0256,1.0066,1.0038,0.0,normal,0.0,normal,0.0,normal,0.0,NORMAL,0.2,0.0,100,normal,YES,PASS,0.0,0.0,0.01,0.0,
15:10:23.710,1.0268,1.0009,1.0092,0.0,normal,0.0,normal,0.0,normal,0.0,NORMAL,0.2,0.0,100,normal,YES,PASS,0.0,0.0,0.011,0.0,
15:10:23.988,1.0508,1.0011,1.0014,0.0,normal,0.0,normal,0.0,normal,0.0,NORMAL,0.4,0.0,100,normal,YES,PASS,0.0,0.0,0.02,0.0,
15:10:24.275,1.0242,1.0064,1.0073,0.0,normal,0.0,normal,0.0,normal,0.0,NORMAL,0.2,0.0,100,normal,YES,PASS,0.0,0.0,0.01,0.0,
15:10:24.561,1.0594,1.0003,1.011,0.0,normal,0.0,normal,0.0,normal,0.0,NORMAL,0.5,0.0,100,normal,YES,PASS,0.0,0.0,0.024,0.0,
15:10:24.870,1.0312,1.0006,1.0066,0.0,normal,0.0,normal,0.0,normal,0.0,NORMAL,0.2,0.0,100,normal,YES,PASS,0.0,0.0,0.012,0.0,
15:10:25.147,1.0152,1.0034,1.0005,0.0,normal,0.0,normal,0.0,normal,0.0,NORMAL,0.1,0.0,100,normal,YES,PASS,0.0,0.0,0.006,0.0,
15:10:25.468,1.016,1.0077,1.0091,0.0,normal,0.0,normal,0.0,normal,0.0,NORMAL,0.1,0.0,100,normal,YES,PASS,0.0,0.0,0.006,0.0,
15:10:25.784,1.0143,1.0082,1.0063,0.0,normal,0.0,normal,0.0,normal,0.0,NORMAL,0.1,0.0,100,normal,YES,PASS,0.0,0.0,0.006,0.0,
15:10:26.058,1.0096,1.0025,1.0069,0.0,normal,0.0,normal,0.0,normal,0.0,NORMAL,0.1,0.0,100,normal,YES,PASS,0.0,0.0,0.004,0.0,
15:10:26.368,1.0543,1.008,1.0124,0.0,normal,0.0,normal,0.0,normal,0.0,NORMAL,0.4,0.0,100,normal,YES,PASS,0.0,0.0,0.022,0.0,
15:10:26.682,1.0264,1.0064,1.0098,0.0,normal,0.0,normal,0.0,normal,0.0,NORMAL,0.2,0.0,100,normal,YES,PASS,0.0,0.0,0.011,0.0,
15:10:26.985,1.0368,1.0126,1.0036,0.0,normal,0.0,normal,0.0,normal,0.0,NORMAL,0.3,0.0,100,normal,YES,PASS,0.0,0.0,0.015,0.0,
15:10:27.434,1.0285,1.0015,1.0138,0.0,normal,0.0,normal,0.0,normal,0.0,NORMAL,0.2,0.0,100,normal,YES,PASS,0.0,0.0,0.011,0.0,
15:10:27.817,1.0382,1.0071,1.0029,0.0,normal,0.0,normal,0.0,normal,0.0,NORMAL,0.3,0.0,100,normal,YES,PASS,0.0,0.0,0.015,0.0,
15:10:28.179,1.0285,1.0005,1.0005,0.0,normal,0.0,normal,0.0,normal,0.0,NORMAL,0.2,0.0,100,normal,YES,PASS,0.0,0.0,0.011,0.0,
15:10:28.474,1.037,1.0056,1.0002,0.0,normal,0.0,normal,0.0,normal,0.0,NORMAL,0.3,0.0,100,normal,YES,PASS,0.0,0.0,0.015,0.0,
15:10:28.780,1.046,1.0101,1.0039,0.0,normal,0.0,normal,0.0,normal,0.0,NORMAL,0.4,0.0,100,normal,YES,PASS,0.0,0.0,0.018,0.0,
15:10:29.073,1.0022,1.0023,1.0128,5.0,pothole,1.0,normal,0.0,normal,0.0,NORMAL,12.2,0.06,100,pothole,YES,PASS,0.0,0.405,0.001,0.0,
15:10:29.396,1.0215,1.0023,1.0109,5.0,pothole,1.0,normal,0.0,normal,0.0,NORMAL,21.2,0.11,100,pothole,YES,PASS,0.0,0.701,0.009,0.0,
15:10:29.717,1.0057,1.0101,1.0011,5.0,pothole,1.0,normal,0.0,normal,0.0,CAUTION,27.6,0.14,93,pothole,NO,BLOCKED,0.0,0.917,0.002,0.0,
15:10:30.035,1.0445,1.0002,1.0114,5.0,pothole,1.0,normal,0.0,normal,0.0,CAUTION,30.4,0.15,92,pothole,NO,BLOCKED,0.0,1.0,0.018,0.0,
15:10:30.369,1.017,1.0068,1.0109,5.0,pothole,1.0,normal,0.0,normal,0.0,CAUTION,30.1,0.15,92,pothole,NO,BLOCKED,0.0,1.0,0.007,0.0,
15:10:30.719,1.0335,1.0096,1.0087,5.0,pothole,1.0,normal,0.0,normal,0.0,CAUTION,30.3,0.15,92,pothole,NO,BLOCKED,0.0,1.0,0.013,0.0,
15:10:31.019,1.013,1.0116,1.0031,4.4789,pothole,0.7395,normal,0.0,normal,0.0,CAUTION,30.1,0.15,92,pothole,NO,BLOCKED,0.0,1.0,0.005,0.0,
15:10:31.397,1.0276,1.0045,1.0007,4.4789,pothole,0.7395,normal,0.0,normal,0.0,CAUTION,30.2,0.15,92,pothole,NO,BLOCKED,0.0,1.0,0.011,0.0,
15:10:31.753,1.0556,1.0012,1.0084,4.4789,pothole,0.7395,normal,0.0,normal,0.0,CAUTION,30.4,0.15,92,pothole,NO,BLOCKED,0.0,1.0,0.022,0.0,
15:10:32.039,1.0153,1.0019,1.0043,0.0,normal,0.0,normal,0.0,normal,0.0,CAUTION,28.9,0.0,100,braking,NO,BLOCKED,0.0,0.961,0.006,0.0,
15:10:32.354,1.0361,1.0038,1.003,0.0,normal,0.0,normal,0.0,normal,0.0,CAUTION,21.3,0.0,100,braking,NO,BLOCKED,0.0,0.701,0.014,0.0,
15:10:32.666,1.0209,1.0019,1.0006,0.0,normal,0.0,normal,0.0,normal,0.0,NORMAL,15.5,0.0,100,normal,YES,PASS,0.0,0.512,0.008,0.0,
15:10:32.961,1.0284,1.0107,1.0013,4.4658,pothole,0.7329,normal,0.0,normal,0.0,NORMAL,22.3,0.11,100,pothole,YES,PASS,0.0,0.735,0.011,0.0,
15:10:33.280,1.0209,1.012,1.006,0.0,normal,0.0,normal,0.0,normal,0.0,NORMAL,16.3,0.0,100,normal,YES,PASS,0.0,0.537,0.008,0.0,
15:10:33.569,1.0102,1.0069,1.0022,0.0,normal,0.0,normal,0.0,normal,0.0,NORMAL,11.8,0.0,100,normal,YES,PASS,0.0,0.392,0.004,0.0,
15:10:33.858,1.0744,1.0048,1.0054,0.0,normal,0.0,normal,0.0,normal,0.0,NORMAL,9.2,0.0,100,normal,YES,PASS,0.0,0.286,0.03,0.0,
15:10:34.137,1.0527,1.0139,1.0104,0.0,normal,0.0,normal,0.0,normal,0.0,NORMAL,6.7,0.0,100,normal,YES,PASS,0.0,0.209,0.021,0.0,
15:10:34.446,1.0312,1.0034,1.0024,4.4212,pothole,0.7106,normal,0.0,normal,0.0,NORMAL,15.6,0.08,100,pothole,YES,PASS,0.0,0.511,0.012,0.0,
15:10:34.731,1.0058,1.0045,1.003,4.4212,pothole,0.7106,normal,0.0,normal,0.0,NORMAL,22.0,0.11,100,pothole,YES,PASS,0.0,0.731,0.002,0.0,
15:10:35.053,1.0328,1.0038,1.0072,0.0,normal,0.0,normal,0.0,normal,0.0,NORMAL,16.3,0.0,100,normal,YES,PASS,0.0,0.534,0.013,0.0,
15:10:35.356,1.0693,1.0054,1.0008,5.0,pothole,1.0,normal,0.0,normal,0.0,CAUTION,24.4,0.12,94,pothole,NO,BLOCKED,0.0,0.795,0.028,0.0,
15:10:35.658,1.0284,1.011,1.0081,5.0,pothole,1.0,normal,0.0,normal,0.0,CAUTION,29.8,0.15,93,pothole,NO,BLOCKED,0.0,0.985,0.011,0.0,
15:10:35.996,1.0003,1.0047,1.001,5.0,pothole,1.0,normal,0.0,normal,0.0,CAUTION,30.0,0.15,92,pothole,NO,BLOCKED,0.0,1.0,0.0,0.0,
15:10:36.334,1.034,1.0028,1.011,5.0,pothole,1.0,normal,0.0,normal,0.0,CAUTION,30.3,0.15,92,pothole,NO,BLOCKED,0.0,1.0,0.014,0.0,
15:10:36.625,1.0094,1.0004,1.0073,5.0,pothole,1.0,normal,0.0,normal,0.0,CAUTION,30.1,0.15,92,pothole,NO,BLOCKED,0.0,1.0,0.004,0.0,
15:10:36.945,1.0336,1.0127,1.0016,5.0,pothole,1.0,normal,0.0,normal,0.0,CAUTION,30.3,0.15,92,pothole,NO,BLOCKED,0.0,1.0,0.013,0.0,
15:10:37.280,1.0344,1.012,1.0072,4.7054,pothole,0.8527,normal,0.0,normal,0.0,CAUTION,30.3,0.15,92,pothole,NO,BLOCKED,0.0,1.0,0.014,0.0,
15:10:37.570,1.0549,1.0052,1.0055,4.7054,pothole,0.8527,normal,0.0,normal,0.0,CAUTION,30.4,0.15,92,pothole,NO,BLOCKED,0.0,1.0,0.022,0.0,
15:10:37.860,1.0244,1.0049,1.0083,4.7054,pothole,0.8527,normal,0.0,normal,0.0,CAUTION,30.2,0.15,92,pothole,NO,BLOCKED,0.0,1.0,0.01,0.0,
15:10:38.187,1.0177,1.0016,1.0038,4.7054,pothole,0.8527,normal,0.0,normal,0.0,CAUTION,30.1,0.15,92,pothole,NO,BLOCKED,0.0,1.0,0.007,0.0,
15:10:38.492,1.0125,1.0026,1.0051,0.0,normal,0.0,normal,0.0,normal,0.0,CAUTION,30.1,0.15,92,braking,NO,BLOCKED,0.0,1.0,0.005,0.0,
15:10:38.834,1.0627,1.0011,1.0029,4.7054,pothole,0.8527,normal,0.0,normal,0.0,CAUTION,30.5,0.15,92,pothole,NO,BLOCKED,0.0,1.0,0.025,0.0,
15:10:39.166,1.0156,1.0035,1.0085,0.0,normal,0.0,normal,0.0,normal,0.0,CAUTION,24.7,0.0,100,braking,NO,BLOCKED,0.0,0.821,0.006,0.0,
15:10:39.479,1.0223,1.0063,1.0148,5.0,pothole,1.0,normal,0.0,normal,0.0,CAUTION,30.2,0.15,92,pothole,NO,BLOCKED,0.0,1.0,0.009,0.0,
15:10:39.785,1.0451,1.0003,1.0119,5.0,pothole,1.0,normal,0.0,normal,0.0,CAUTION,30.4,0.15,92,pothole,NO,BLOCKED,0.0,1.0,0.018,0.0,
15:10:40.115,1.0479,1.0018,1.0084,0.0,normal,0.0,speed_hump,0.5085,normal,0.0,CAUTION,43.1,0.22,89,speed_hump,NO,BLOCKED,0.0,0.831,0.019,0.509,
15:10:40.415,1.0352,1.0057,1.0079,4.4033,pothole,0.7016,speed_hump,0.5085,normal,0.0,CAUTION,47.0,0.23,88,speed_hump,NO,BLOCKED,0.0,0.963,0.014,0.509,
15:10:40.697,1.0513,1.0129,1.0022,0.0,normal,0.0,speed_hump,0.5085,normal,0.0,CAUTION,39.3,0.2,90,speed_hump,NO,BLOCKED,0.0,0.703,0.021,0.509,
15:10:40.988,1.0322,1.0047,1.0097,0.0,normal,0.0,speed_hump,0.5085,normal,0.0,CAUTION,33.4,0.17,92,speed_hump,NO,BLOCKED,0.0,0.513,0.013,0.509,
15:10:41.331,1.0439,1.001,1.0057,0.0,normal,0.0,speed_hump,0.5085,normal,0.0,CAUTION,29.4,0.15,93,speed_hump,NO,BLOCKED,0.0,0.374,0.018,0.509,
15:10:41.687,1.0268,1.0044,1.0044,0.0,normal,0.0,normal,0.0,normal,0.0,CAUTION,8.4,0.0,100,braking,NO,BLOCKED,0.0,0.273,0.011,0.0,
15:10:41.991,1.0106,1.0033,1.0106,0.0,normal,0.0,normal,0.0,normal,0.0,CAUTION,6.1,0.0,100,braking,NO,BLOCKED,0.0,0.199,0.004,0.0,
15:10:42.292,1.0641,1.0049,1.0049,0.0,normal,0.0,normal,0.0,normal,0.0,NORMAL,4.9,0.0,100,normal,YES,PASS,0.0,0.146,0.026,0.0,
15:10:42.612,1.0331,1.0096,1.0129,0.0,normal,0.0,normal,0.0,normal,0.0,NORMAL,3.5,0.0,100,normal,YES,PASS,0.0,0.106,0.013,0.0,
15:10:42.930,1.0174,1.0057,1.0131,0.0,normal,0.0,normal,0.0,normal,0.0,NORMAL,2.5,0.0,100,normal,YES,PASS,0.0,0.078,0.007,0.0,
15:10:43.227,1.048,1.0074,1.0045,0.0,normal,0.0,normal,0.0,normal,0.0,NORMAL,2.1,0.0,100,normal,YES,PASS,0.0,0.057,0.019,0.0,
15:10:43.527,1.0345,1.0084,1.0094,0.0,normal,0.0,normal,0.0,normal,0.0,NORMAL,1.5,0.0,100,normal,YES,PASS,0.0,0.041,0.014,0.0,
15:10:43.843,1.0463,1.0045,1.0108,0.0,normal,0.0,normal,0.0,normal,0.0,NORMAL,1.3,0.0,100,normal,YES,PASS,0.0,0.03,0.019,0.0,
15:10:44.116,1.0343,1.0076,1.0105,0.0,normal,0.0,normal,0.0,normal,0.0,NORMAL,0.9,0.0,100,normal,YES,PASS,0.0,0.022,0.014,0.0,
15:10:44.400,1.036,1.0031,1.006,0.0,normal,0.0,normal,0.0,normal,0.0,NORMAL,0.8,0.0,100,normal,YES,PASS,0.0,0.016,0.014,0.0,
15:10:44.720,1.0439,1.0128,1.0072,0.0,normal,0.0,normal,0.0,normal,0.0,NORMAL,0.7,0.0,100,normal,YES,PASS,0.0,0.012,0.018,0.0,
15:10:45.040,1.0479,1.0003,1.0051,0.0,normal,0.0,normal,0.0,normal,0.0,NORMAL,0.6,0.0,100,normal,YES,PASS,0.0,0.009,0.019,0.0,
15:10:45.323,1.0382,1.0072,1.01,0.0,normal,0.0,normal,0.0,normal,0.0,NORMAL,0.5,0.0,100,normal,YES,PASS,0.0,0.006,0.015,0.0,
15:10:45.606,1.0741,1.0092,1.0154,0.0,normal,0.0,normal,0.0,normal,0.0,NORMAL,0.7,0.0,100,normal,YES,PASS,0.0,0.005,0.03,0.0,
15:10:45.907,1.0411,1.0086,1.0043,0.0,normal,0.0,normal,0.0,normal,0.0,NORMAL,0.4,0.0,100,normal,YES,PASS,0.0,0.003,0.016,0.0,
15:10:46.195,1.0475,1.0007,1.0073,0.0,normal,0.0,normal,0.0,normal,0.0,NORMAL,0.5,0.0,100,normal,YES,PASS,0.0,0.002,0.019,0.0,
15:10:46.494,1.0358,1.0075,1.0074,0.0,normal,0.0,normal,0.0,normal,0.0,NORMAL,0.3,0.0,100,normal,YES,PASS,0.0,0.002,0.014,0.0,
15:10:46.792,1.0203,1.0036,1.0049,0.0,normal,0.0,normal,0.0,normal,0.0,NORMAL,0.2,0.0,100,normal,YES,PASS,0.0,0.001,0.008,0.0,
15:10:47.080,1.0156,1.0039,1.0025,0.0,normal,0.0,normal,0.0,normal,0.0,NORMAL,0.2,0.0,100,normal,YES,PASS,0.0,0.001,0.006,0.0,
15:10:47.377,1.0364,1.0036,1.0139,0.0,normal,0.0,normal,0.0,normal,0.0,NORMAL,0.3,0.0,100,normal,YES,PASS,0.0,0.001,0.015,0.0,
15:10:47.661,1.0307,1.0086,1.0041,0.0,normal,0.0,normal,0.0,normal,0.0,NORMAL,0.3,0.0,100,normal,YES,PASS,0.0,0.001,0.012,0.0,
15:10:47.962,1.0481,1.0095,1.0124,0.0,normal,0.0,speed_hump,0.5021,normal,0.0,NORMAL,18.0,0.09,100,speed_hump,YES,PASS,0.0,0.0,0.019,0.502,
15:10:48.276,1.0299,1.0088,1.0026,0.0,normal,0.0,speed_hump,0.5021,normal,0.0,NORMAL,17.8,0.09,100,speed_hump,YES,PASS,0.0,0.0,0.012,0.502,
15:10:48.583,1.0223,1.0022,1.0073,0.0,normal,0.0,speed_hump,0.5021,normal,0.0,CAUTION,17.8,0.09,96,speed_hump,NO,BLOCKED,0.0,0.0,0.009,0.502,
15:10:48.868,1.0467,1.0133,1.0075,0.0,normal,0.0,speed_hump,0.5021,normal,0.0,CAUTION,18.0,0.09,96,speed_hump,NO,BLOCKED,0.0,0.0,0.019,0.502,
15:10:49.166,1.0247,1.004,1.0012,0.0,normal,0.0,speed_hump,0.5021,normal,0.0,CAUTION,17.8,0.09,96,speed_hump,NO,BLOCKED,0.0,0.0,0.01,0.502,
15:10:49.473,1.012,1.0113,1.0041,0.0,normal,0.0,normal,0.0,normal,0.0,CAUTION,0.1,0.0,100,braking,NO,BLOCKED,0.0,0.0,0.005,0.0,
15:10:49.829,1.0185,1.0131,1.008,4.4016,pothole,0.7008,normal,0.0,normal,0.0,CAUTION,10.9,0.05,97,pothole,NO,BLOCKED,0.0,0.357,0.007,0.0,
15:10:50.099,1.0427,1.0015,1.0124,4.4016,pothole,0.7008,normal,0.0,normal,0.0,CAUTION,18.9,0.09,95,pothole,NO,BLOCKED,0.0,0.617,0.017,0.0,
15:10:50.399,1.0045,1.0015,1.0058,5.0,pothole,1.0,normal,0.0,normal,0.0,CAUTION,25.7,0.13,94,pothole,NO,BLOCKED,0.0,0.856,0.002,0.0,
15:10:50.836,1.0083,1.0136,1.0052,5.0,pothole,1.0,normal,0.0,normal,0.0,CAUTION,30.1,0.15,92,pothole,NO,BLOCKED,0.0,1.0,0.003,0.0,
15:10:51.170,1.008,1.0107,1.0089,0.0,normal,0.0,normal,0.0,normal,0.0,CAUTION,22.6,0.0,100,braking,NO,BLOCKED,0.0,0.752,0.003,0.0,
15:10:51.478,1.0512,1.0096,1.0048,5.0,pothole,1.0,normal,0.0,normal,0.0,CAUTION,29.0,0.15,93,pothole,NO,BLOCKED,0.0,0.954,0.02,0.0,
15:10:51.853,1.0555,1.0023,1.0099,5.0,pothole,1.0,normal,0.0,normal,0.0,CAUTION,30.4,0.15,92,pothole,NO,BLOCKED,0.0,1.0,0.022,0.0,
15:10:52.211,1.0072,1.0041,1.0021,5.0,pothole,1.0,normal,0.0,normal,0.0,CAUTION,30.1,0.15,92,pothole,NO,BLOCKED,0.0,1.0,0.003,0.0,
15:10:52.593,1.043,1.0155,1.0058,3.0,speed_hump,1.0,normal,0.0,normal,0.0,CAUTION,30.3,0.15,92,speed_hump,NO,BLOCKED,0.0,1.0,0.017,0.0,
15:10:52.901,1.0249,1.003,1.0044,3.0,speed_hump,1.0,normal,0.0,normal,0.0,CAUTION,30.2,0.15,92,speed_hump,NO,BLOCKED,0.0,1.0,0.01,0.0,
15:10:53.213,1.0114,1.0064,1.0035,3.0,speed_hump,1.0,normal,0.0,normal,0.0,CAUTION,30.1,0.15,92,speed_hump,NO,BLOCKED,0.0,1.0,0.005,0.0,
15:10:53.506,1.0307,1.0092,1.0095,3.0,speed_hump,1.0,normal,0.0,normal,0.0,CAUTION,29.9,0.15,93,speed_hump,NO,BLOCKED,0.0,0.988,0.012,0.0,
15:10:53.822,1.0063,1.0051,1.0084,0.0,normal,0.0,normal,0.0,normal,0.0,CAUTION,21.7,0.0,100,braking,NO,BLOCKED,0.0,0.721,0.003,0.0,
15:10:54.128,1.013,1.0043,1.0053,0.0,normal,0.0,normal,0.0,normal,0.0,CAUTION,15.9,0.0,100,braking,NO,BLOCKED,0.0,0.526,0.005,0.0,
15:10:54.454,1.0435,1.0086,1.0024,0.0,normal,0.0,normal,0.0,normal,0.0,NORMAL,11.9,0.0,100,normal,YES,PASS,0.0,0.384,0.017,0.0,
15:10:54.782,1.0395,1.0041,1.0047,0.0,normal,0.0,normal,0.0,normal,0.0,NORMAL,8.7,0.0,100,normal,YES,PASS,0.0,0.28,0.016,0.0,
15:10:55.078,1.0241,1.0079,1.0066,0.0,normal,0.0,normal,0.0,normal,0.0,NORMAL,6.3,0.0,100,normal,YES,PASS,0.0,0.205,0.01,0.0,
15:10:55.369,1.0133,1.0016,1.0096,0.0,normal,0.0,normal,0.0,normal,0.0,NORMAL,4.6,0.0,100,normal,YES,PASS,0.0,0.149,0.005,0.0,
15:10:55.684,1.0223,1.0074,1.0071,0.0,normal,0.0,normal,0.0,normal,0.0,NORMAL,3.4,0.0,100,normal,YES,PASS,0.0,0.109,0.009,0.0,
15:10:55.995,1.0351,1.0062,1.0085,0.0,normal,0.0,normal,0.0,normal,0.0,NORMAL,2.7,0.0,100,normal,YES,PASS,0.0,0.08,0.014,0.0,
15:10:56.301,1.0546,1.0003,1.0009,0.0,normal,0.0,normal,0.0,normal,0.0,NORMAL,2.2,0.0,100,normal,YES,PASS,0.0,0.058,0.022,0.0,
15:10:56.609,1.0021,1.0048,1.0034,0.0,normal,0.0,normal,0.0,normal,0.0,NORMAL,1.3,0.0,100,normal,YES,PASS,0.0,0.042,0.001,0.0,
15:10:56.910,1.0472,1.0015,1.0091,0.0,normal,0.0,normal,0.0,normal,0.0,NORMAL,1.3,0.0,100,normal,YES,PASS,0.0,0.031,0.019,0.0,
15:10:57.197,1.0209,1.0117,1.0027,0.0,normal,0.0,normal,0.0,normal,0.0,NORMAL,0.8,0.0,100,normal,YES,PASS,0.0,0.023,0.008,0.0,
15:10:57.482,1.0675,1.001,1.0079,0.0,normal,0.0,normal,0.0,normal,0.0,NORMAL,1.0,0.0,100,normal,YES,PASS,0.0,0.016,0.027,0.0,
15:10:57.797,1.0285,1.0106,1.0103,0.0,normal,0.0,normal,0.0,normal,0.0,NORMAL,0.6,0.0,100,normal,YES,PASS,0.0,0.012,0.011,0.0,
15:10:58.089,1.0174,1.0059,1.0062,0.0,normal,0.0,normal,0.0,normal,0.0,NORMAL,0.4,0.0,100,normal,YES,PASS,0.0,0.009,0.007,0.0,
15:10:58.394,1.0119,1.0111,1.0059,0.0,normal,0.0,normal,0.0,normal,0.0,NORMAL,0.3,0.0,100,normal,YES,PASS,0.0,0.006,0.005,0.0,
15:10:58.708,1.0104,1.0123,1.0005,0.0,normal,0.0,normal,0.0,normal,0.0,NORMAL,0.2,0.0,100,normal,YES,PASS,0.0,0.005,0.004,0.0,
15:10:59.021,1.046,1.0037,1.0084,0.0,normal,0.0,normal,0.0,normal,0.0,NORMAL,0.5,0.0,100,normal,YES,PASS,0.0,0.003,0.018,0.0,
15:10:59.316,1.0388,1.0124,1.0016,0.0,normal,0.0,normal,0.0,normal,0.0,NORMAL,0.4,0.0,100,normal,YES,PASS,0.0,0.002,0.016,0.0,
15:10:59.594,1.0356,1.0127,1.0045,0.0,normal,0.0,normal,0.0,normal,0.0,NORMAL,0.3,0.0,100,normal,YES,PASS,0.0,0.002,0.014,0.0,
15:10:59.889,1.0014,1.0103,1.0107,0.0,normal,0.0,normal,0.0,normal,0.0,NORMAL,0.1,0.0,100,normal,YES,PASS,0.0,0.001,0.001,0.0,
15:11:00.192,1.05,1.0082,1.0035,0.0,normal,0.0,normal,0.0,normal,0.0,NORMAL,0.4,0.0,100,normal,YES,PASS,0.0,0.001,0.02,0.0,
15:11:00.499,1.0339,1.0043,1.0058,0.0,normal,0.0,normal,0.0,normal,0.0,NORMAL,0.3,0.0,100,normal,YES,PASS,0.0,0.001,0.014,0.0,
15:11:00.808,1.0349,1.006,1.0034,0.0,normal,0.0,normal,0.0,normal,0.0,NORMAL,0.3,0.0,100,normal,YES,PASS,0.0,0.001,0.014,0.0,
15:11:01.107,1.0074,1.0086,1.0097,0.0,normal,0.0,normal,0.0,normal,0.0,NORMAL,0.1,0.0,100,normal,YES,PASS,0.0,0.0,0.003,0.0,
15:11:01.421,1.0467,1.0077,1.0052,0.0,normal,0.0,normal,0.0,normal,0.0,NORMAL,0.4,0.0,100,normal,YES,PASS,0.0,0.0,0.019,0.0,
15:11:01.737,1.0188,1.0003,1.0106,0.0,normal,0.0,normal,0.0,normal,0.0,NORMAL,0.2,0.0,100,normal,YES,PASS,0.0,0.0,0.008,0.0,
15:11:02.049,1.001,1.0084,1.0037,0.0,normal,0.0,normal,0.0,normal,0.0,NORMAL,0.0,0.0,100,normal,YES,PASS,0.0,0.0,0.0,0.0,
15:11:02.347,1.0354,1.0047,1.0087,0.0,normal,0.0,normal,0.0,normal,0.0,NORMAL,0.3,0.0,100,normal,YES,PASS,0.0,0.0,0.014,0.0,
15:11:02.654,1.0337,1.0092,1.0065,0.0,normal,0.0,normal,0.0,normal,0.0,NORMAL,0.3,0.0,100,normal,YES,PASS,0.0,0.0,0.013,0.0,
15:11:02.953,1.0306,1.0047,1.005,0.0,normal,0.0,normal,0.0,normal,0.0,NORMAL,0.2,0.0,100,normal,YES,PASS,0.0,0.0,0.012,0.0,
15:11:03.270,1.0205,1.0071,1.0078,0.0,normal,0.0,normal,0.0,normal,0.0,NORMAL,0.2,0.0,100,normal,YES,PASS,0.0,0.0,0.008,0.0,
15:11:03.561,1.0134,1.0053,1.0068,0.0,normal,0.0,normal,0.0,normal,0.0,NORMAL,0.1,0.0,100,normal,YES,PASS,0.0,0.0,0.005,0.0,
15:11:03.858,1.0533,1.0025,1.0013,0.0,normal,0.0,normal,0.0,normal,0.0,NORMAL,0.4,0.0,100,normal,YES,PASS,0.0,0.0,0.021,0.0,
15:11:04.148,1.0781,1.0005,1.004,0.0,normal,0.0,normal,0.0,normal,0.0,NORMAL,0.6,0.0,100,normal,YES,PASS,0.0,0.0,0.031,0.0,
15:11:04.439,1.0139,1.0086,1.0026,0.0,normal,0.0,normal,0.0,normal,0.0,NORMAL,0.1,0.0,100,normal,YES,PASS,0.0,0.0,0.006,0.0,
15:11:04.757,1.007,1.0011,1.0071,0.0,normal,0.0,normal,0.0,normal,0.0,NORMAL,0.1,0.0,100,normal,YES,PASS,0.0,0.0,0.003,0.0,
15:11:05.063,1.0021,1.01,1.0033,0.0,normal,0.0,normal,0.0,normal,0.0,NORMAL,0.0,0.0,100,normal,YES,PASS,0.0,0.0,0.001,0.0,
15:11:05.353,1.0572,1.0092,1.0013,0.0,normal,0.0,normal,0.0,normal,0.0,NORMAL,0.5,0.0,100,normal,YES,PASS,0.0,0.0,0.023,0.0,
15:11:05.653,1.0219,1.01,1.0085,0.0,normal,0.0,normal,0.0,normal,0.0,NORMAL,0.2,0.0,100,normal,YES,PASS,0.0,0.0,0.009,0.0,
15:11:05.967,1.0404,1.0017,1.0145,5.0,pothole,1.0,normal,0.0,normal,0.0,NORMAL,12.5,0.06,100,pothole,YES,PASS,0.0,0.405,0.016,0.0,
15:11:06.316,1.0029,1.0087,1.0049,5.0,pothole,1.0,normal,0.0,normal,0.0,NORMAL,21.1,0.11,100,pothole,YES,PASS,0.0,0.701,0.001,0.0,
15:11:06.716,1.0204,1.0051,1.0,5.0,pothole,1.0,normal,0.0,normal,0.0,CAUTION,27.7,0.14,93,pothole,NO,BLOCKED,0.0,0.917,0.008,0.0,
15:11:07.079,1.0474,1.0039,1.0036,0.0,normal,0.0,normal,0.0,normal,0.0,CAUTION,20.5,0.0,100,braking,NO,BLOCKED,0.0,0.669,0.019,0.0,
15:11:07.363,1.0705,1.0079,1.0065,0.0,normal,0.0,normal,0.0,normal,0.0,CAUTION,15.2,0.0,100,braking,NO,BLOCKED,0.0,0.488,0.028,0.0,
15:11:07.674,1.0179,1.0047,1.002,0.0,normal,0.0,normal,0.0,normal,0.0,NORMAL,10.8,0.0,100,normal,YES,PASS,0.0,0.356,0.007,0.0,
15:11:07.960,1.041,1.0058,1.0008,0.0,normal,0.0,normal,0.0,normal,0.0,NORMAL,8.1,0.0,100,normal,YES,PASS,0.0,0.26,0.016,0.0,
15:11:08.265,1.0547,1.0058,1.0092,0.0,normal,0.0,normal,0.0,normal,0.0,NORMAL,6.1,0.0,100,normal,YES,PASS,0.0,0.19,0.022,0.0,
15:11:08.556,1.021,1.0088,1.0095,0.0,normal,0.0,normal,0.0,normal,0.0,NORMAL,4.3,0.0,100,normal,YES,PASS,0.0,0.139,0.008,0.0,
15:11:08.923,1.0263,1.0121,1.0113,0.0,normal,0.0,normal,0.0,normal,0.0,NORMAL,3.2,0.0,100,normal,YES,PASS,0.0,0.101,0.011,0.0,
15:11:09.269,1.0386,1.0014,1.0046,0.0,normal,0.0,normal,0.0,normal,0.0,NORMAL,2.5,0.0,100,normal,YES,PASS,0.0,0.074,0.015,0.0,
15:11:09.559,1.0516,1.0003,1.0084,0.0,normal,0.0,normal,0.0,normal,0.0,NORMAL,2.0,0.0,100,normal,YES,PASS,0.0,0.054,0.021,0.0,
15:11:09.997,1.0512,1.0007,1.0052,0.0,normal,0.0,normal,0.0,normal,0.0,NORMAL,1.6,0.0,100,normal,YES,PASS,0.0,0.039,0.02,0.0,
15:11:10.293,1.0158,1.0096,1.0047,0.0,normal,0.0,normal,0.0,normal,0.0,NORMAL,1.0,0.0,100,normal,YES,PASS,0.0,0.029,0.006,0.0,
15:11:10.588,1.0197,1.001,1.0036,0.0,normal,0.0,normal,0.0,normal,0.0,NORMAL,0.8,0.0,100,normal,YES,PASS,0.0,0.021,0.008,0.0,
15:11:10.933,1.0414,1.0011,1.0063,0.0,normal,0.0,normal,0.0,normal,0.0,NORMAL,0.8,0.0,100,normal,YES,PASS,0.0,0.015,0.017,0.0,
15:11:11.278,1.0005,1.0064,1.0092,0.0,normal,0.0,normal,0.0,normal,0.0,NORMAL,0.3,0.0,100,normal,YES,PASS,0.0,0.011,0.0,0.0,
15:11:11.567,1.0016,1.0026,1.0134,0.0,normal,0.0,normal,0.0,normal,0.0,NORMAL,0.3,0.0,100,normal,YES,PASS,0.0,0.008,0.001,0.0,
15:11:11.848,1.0158,1.0069,1.0053,0.0,normal,0.0,normal,0.0,normal,0.0,NORMAL,0.3,0.0,100,normal,YES,PASS,0.0,0.006,0.006,0.0,
15:11:12.158,1.0,1.0057,1.0029,4.4583,pothole,0.7292,normal,0.0,normal,0.0,NORMAL,11.0,0.05,100,pothole,YES,PASS,0.0,0.366,0.0,0.0,
15:11:12.483,1.0073,1.0057,1.0106,4.4583,pothole,0.7292,normal,0.0,normal,0.0,NORMAL,18.9,0.09,100,pothole,YES,PASS,0.0,0.628,0.003,0.0,
15:11:12.799,1.0435,1.0132,1.0095,4.4583,pothole,0.7292,normal,0.0,normal,0.0,CAUTION,24.9,0.12,94,pothole,NO,BLOCKED,0.0,0.82,0.017,0.0,
15:11:13.135,1.0241,1.0081,1.006,4.4583,pothole,0.7292,normal,0.0,normal,0.0,CAUTION,29.0,0.14,93,pothole,NO,BLOCKED,0.0,0.96,0.01,0.0,
15:11:13.498,1.0388,1.0076,1.0058,0.0,normal,0.0,normal,0.0,normal,0.0,CAUTION,21.3,0.0,100,braking,NO,BLOCKED,0.0,0.7,0.016,0.0,
15:11:13.829,1.0012,1.0047,1.0103,0.0,normal,0.0,normal,0.0,normal,0.0,CAUTION,15.3,0.0,100,braking,NO,BLOCKED,0.0,0.511,0.0,0.0,
15:11:14.136,1.0369,1.0031,1.0084,0.0,normal,0.0,normal,0.0,normal,0.0,NORMAL,11.5,0.0,100,normal,YES,PASS,0.0,0.373,0.015,0.0,
15:11:14.424,1.0062,1.003,1.002,0.0,normal,0.0,normal,0.0,normal,0.0,NORMAL,8.2,0.0,100,normal,YES,PASS,0.0,0.272,0.002,0.0,
15:11:14.727,1.0365,1.0235,1.0084,5.0,pothole,1.0,normal,0.0,normal,0.0,NORMAL,18.4,0.09,100,pothole,YES,PASS,0.0,0.604,0.015,0.0,
15:11:15.027,1.0543,1.0027,1.0077,0.0,normal,0.0,normal,0.0,normal,0.0,NORMAL,13.7,0.0,100,normal,YES,PASS,0.0,0.441,0.022,0.0,
15:11:15.341,1.005,1.0087,1.0046,0.0,normal,0.0,normal,0.0,normal,0.0,NORMAL,9.7,0.0,100,normal,YES,PASS,0.0,0.322,0.002,0.0,
15:11:15.648,1.0365,1.0084,1.0071,5.0,pothole,1.0,normal,0.0,normal,0.0,NORMAL,19.5,0.1,100,pothole,YES,PASS,0.0,0.64,0.015,0.0,
15:11:15.958,1.0258,1.0117,1.0012,0.0,normal,0.0,normal,0.0,normal,0.0,NORMAL,14.2,0.0,100,normal,YES,PASS,0.0,0.467,0.01,0.0,
15:11:16.247,1.0488,1.002,1.0093,0.0,normal,0.0,normal,0.0,normal,0.0,NORMAL,10.6,0.0,100,normal,YES,PASS,0.0,0.341,0.02,0.0,
15:11:16.613,1.0379,1.0076,1.0005,4.7583,pothole,0.8791,normal,0.0,normal,0.0,NORMAL,19.3,0.1,100,pothole,YES,PASS,0.0,0.634,0.015,0.0,
15:11:16.926,1.0341,1.0082,1.0038,4.7583,pothole,0.8791,normal,0.0,normal,0.0,CAUTION,25.7,0.13,94,pothole,NO,BLOCKED,0.0,0.849,0.014,0.0,
15:11:17.243,1.0049,1.0067,1.0064,4.7583,pothole,0.8791,normal,0.0,normal,0.0,CAUTION,30.0,0.15,92,pothole,NO,BLOCKED,0.0,1.0,0.002,0.0,
15:11:17.558,1.0294,1.006,1.0108,4.7583,pothole,0.8791,normal,0.0,normal,0.0,CAUTION,30.2,0.15,92,pothole,NO,BLOCKED,0.0,1.0,0.012,0.0,
15:11:17.864,1.0523,1.009,1.0098,4.7583,pothole,0.8791,normal,0.0,normal,0.0,CAUTION,30.4,0.15,92,pothole,NO,BLOCKED,0.0,1.0,0.021,0.0,
15:11:18.188,1.0517,1.0161,1.0061,4.7583,pothole,0.8791,normal,0.0,normal,0.0,CAUTION,30.4,0.15,92,pothole,NO,BLOCKED,0.0,1.0,0.021,0.0,
15:11:18.492,1.0252,1.0053,1.012,5.0,pothole,1.0,normal,0.0,normal,0.0,CAUTION,30.2,0.15,92,pothole,NO,BLOCKED,0.0,1.0,0.01,0.0,
15:11:18.803,1.0411,1.0022,1.0111,0.0,normal,0.0,normal,0.0,normal,0.0,CAUTION,29.4,0.0,100,braking,NO,BLOCKED,0.0,0.969,0.016,0.0,
15:11:19.122,1.0499,1.0042,1.0079,0.0,normal,0.0,normal,0.0,normal,0.0,CAUTION,21.6,0.0,100,braking,NO,BLOCKED,0.0,0.707,0.02,0.0,
15:11:19.433,1.0397,1.0013,1.0104,0.0,normal,0.0,normal,0.0,normal,0.0,NORMAL,15.8,0.0,100,normal,YES,PASS,0.0,0.516,0.016,0.0,
15:11:19.727,1.0695,1.0076,1.0096,0.0,normal,0.0,normal,0.0,normal,0.0,NORMAL,11.9,0.0,100,normal,YES,PASS,0.0,0.377,0.028,0.0,
15:11:20.070,1.0085,1.0112,1.0076,0.0,normal,0.0,normal,0.0,normal,0.0,NORMAL,8.3,0.0,100,normal,YES,PASS,0.0,0.275,0.003,0.0,
15:11:20.367,1.0446,1.0107,1.0017,5.0,pothole,1.0,normal,0.0,normal,0.0,NORMAL,18.5,0.09,100,pothole,YES,PASS,0.0,0.606,0.018,0.0,
15:11:20.671,1.0554,1.0146,1.0091,5.0,pothole,1.0,normal,0.0,normal,0.0,NORMAL,25.9,0.13,100,pothole,YES,PASS,0.0,0.847,0.022,0.0,
15:11:20.977,1.0054,1.0144,1.0017,5.0,pothole,1.0,normal,0.0,normal,0.0,CAUTION,30.0,0.15,92,pothole,NO,BLOCKED,0.0,1.0,0.002,0.0,
15:11:21.273,1.0473,1.0076,1.0125,0.0,normal,0.0,normal,0.0,normal,0.0,CAUTION,22.8,0.0,100,braking,NO,BLOCKED,0.0,0.747,0.019,0.0,
15:11:21.571,1.0509,1.0104,1.0115,0.0,normal,0.0,normal,0.0,normal,0.0,CAUTION,16.8,0.0,100,braking,NO,BLOCKED,0.0,0.545,0.02,0.0,
15:11:21.866,1.0528,1.0082,1.0017,0.0,normal,0.0,normal,0.0,normal,0.0,NORMAL,12.4,0.0,100,normal,YES,PASS,0.0,0.398,0.021,0.0,
15:11:22.152,1.0556,1.0107,1.01,0.0,normal,0.0,normal,0.0,normal,0.0,NORMAL,9.2,0.0,100,normal,YES,PASS,0.0,0.29,0.022,0.0,
15:11:22.475,1.0333,1.0088,1.0033,0.0,normal,0.0,normal,0.0,normal,0.0,NORMAL,6.6,0.0,100,normal,YES,PASS,0.0,0.212,0.013,0.0,
15:11:22.762,1.0376,1.0115,1.0084,0.0,normal,0.0,normal,0.0,normal,0.0,NORMAL,4.9,0.0,100,normal,YES,PASS,0.0,0.155,0.015,0.0,
15:11:23.101,1.0114,1.0126,1.0043,0.0,normal,0.0,normal,0.0,normal,0.0,NORMAL,3.5,0.0,100,normal,YES,PASS,0.0,0.113,0.005,0.0,
15:11:23.391,1.0333,1.0119,1.0134,0.0,normal,0.0,normal,0.0,normal,0.0,NORMAL,2.7,0.0,100,normal,YES,PASS,0.0,0.082,0.013,0.0,
15:11:23.681,1.0352,1.0066,1.0133,0.0,normal,0.0,normal,0.0,normal,0.0,NORMAL,2.1,0.0,100,normal,YES,PASS,0.0,0.06,0.014,0.0,
15:11:23.995,1.0191,1.0014,1.0014,0.0,normal,0.0,normal,0.0,normal,0.0,NORMAL,1.5,0.0,100,normal,YES,PASS,0.0,0.044,0.008,0.0,
15:11:24.319,1.0422,1.0027,1.0105,0.0,normal,0.0,normal,0.0,normal,0.0,NORMAL,1.3,0.0,100,normal,YES,PASS,0.0,0.032,0.017,0.0,
15:11:24.617,1.0062,1.0039,1.0105,0.0,normal,0.0,normal,0.0,normal,0.0,NORMAL,0.8,0.0,100,normal,YES,PASS,0.0,0.023,0.002,0.0,
15:11:24.926,1.032,1.0,1.008,0.0,normal,0.0,normal,0.0,normal,0.0,NORMAL,0.8,0.0,100,normal,YES,PASS,0.0,0.017,0.013,0.0,
15:11:25.245,1.0373,1.0096,1.0074,0.0,normal,0.0,normal,0.0,normal,0.0,NORMAL,0.7,0.0,100,normal,YES,PASS,0.0,0.012,0.015,0.0,
15:11:25.608,1.0278,1.0012,1.0045,0.0,normal,0.0,normal,0.0,normal,0.0,NORMAL,0.5,0.0,100,normal,YES,PASS,0.0,0.009,0.011,0.0,
15:11:25.929,1.0104,1.01,1.0121,0.0,normal,0.0,normal,0.0,normal,0.0,NORMAL,0.3,0.0,100,normal,YES,PASS,0.0,0.007,0.004,0.0,
15:11:26.228,1.0297,1.0054,1.0104,0.0,normal,0.0,normal,0.0,normal,0.0,NORMAL,0.4,0.0,100,normal,YES,PASS,0.0,0.005,0.012,0.0,
15:11:26.552,1.0001,1.0133,1.0106,0.0,normal,0.0,normal,0.0,normal,0.0,NORMAL,0.1,0.0,100,normal,YES,PASS,0.0,0.004,0.0,0.0,
15:11:26.895,1.0707,1.0005,1.0001,0.0,normal,0.0,normal,0.0,normal,0.0,NORMAL,0.6,0.0,100,normal,YES,PASS,0.0,0.003,0.028,0.0,
15:11:27.199,1.0169,1.0079,1.0061,0.0,normal,0.0,normal,0.0,normal,0.0,NORMAL,0.2,0.0,100,normal,YES,PASS,0.0,0.002,0.007,0.0,
15:11:27.498,1.0633,1.0046,1.0038,0.0,normal,0.0,normal,0.0,normal,0.0,NORMAL,0.5,0.0,100,normal,YES,PASS,0.0,0.001,0.025,0.0,
15:11:27.808,1.0211,1.0103,1.0094,0.0,normal,0.0,normal,0.0,normal,0.0,NORMAL,0.2,0.0,100,normal,YES,PASS,0.0,0.001,0.008,0.0,
15:11:28.222,1.0536,1.0117,1.0039,0.0,normal,0.0,normal,0.0,normal,0.0,NORMAL,0.5,0.0,100,normal,YES,PASS,0.0,0.001,0.021,0.0,
15:11:28.547,1.0166,1.0016,1.0079,0.0,normal,0.0,normal,0.0,normal,0.0,NORMAL,0.1,0.0,100,normal,YES,PASS,0.0,0.001,0.007,0.0,
15:11:28.858,1.0168,1.0036,1.0011,0.0,normal,0.0,normal,0.0,normal,0.0,NORMAL,0.1,0.0,100,normal,YES,PASS,0.0,0.0,0.007,0.0,
15:11:29.205,1.0342,1.0075,1.0005,0.0,normal,0.0,normal,0.0,normal,0.0,NORMAL,0.3,0.0,100,normal,YES,PASS,0.0,0.0,0.014,0.0,
15:11:29.516,1.0071,1.0065,1.0011,0.0,normal,0.0,normal,0.0,normal,0.0,NORMAL,0.1,0.0,100,normal,YES,PASS,0.0,0.0,0.003,0.0,
15:11:29.869,1.0132,1.0045,1.0017,0.0,normal,0.0,normal,0.0,normal,0.0,NORMAL,0.1,0.0,100,normal,YES,PASS,0.0,0.0,0.005,0.0,
15:11:30.172,1.04,1.0033,1.0113,0.0,normal,0.0,normal,0.0,normal,0.0,NORMAL,0.3,0.0,100,normal,YES,PASS,0.0,0.0,0.016,0.0,
15:11:30.497,1.0038,1.001,1.0053,0.0,normal,0.0,normal,0.0,normal,0.0,NORMAL,0.0,0.0,100,normal,YES,PASS,0.0,0.0,0.002,0.0,
15:11:30.776,1.0302,1.0056,1.0032,0.0,normal,0.0,normal,0.0,normal,0.0,NORMAL,0.2,0.0,100,normal,YES,PASS,0.0,0.0,0.012,0.0,
15:11:31.076,1.0387,1.0131,1.0069,0.0,normal,0.0,normal,0.0,normal,0.0,NORMAL,0.3,0.0,100,normal,YES,PASS,0.0,0.0,0.015,0.0,
15:11:31.405,1.0208,1.0098,1.0011,0.0,normal,0.0,normal,0.0,normal,0.0,NORMAL,0.2,0.0,100,normal,YES,PASS,0.0,0.0,0.008,0.0,
15:11:31.708,1.0025,1.0076,1.0084,0.0,normal,0.0,normal,0.0,normal,0.0,NORMAL,0.0,0.0,100,normal,YES,PASS,0.0,0.0,0.001,0.0,
15:11:32.058,1.0404,1.0068,1.0027,0.0,normal,0.0,normal,0.0,normal,0.0,NORMAL,0.3,0.0,100,normal,YES,PASS,0.0,0.0,0.016,0.0,
15:11:32.381,1.0121,1.0128,1.0007,0.0,normal,0.0,normal,0.0,normal,0.0,NORMAL,0.1,0.0,100,normal,YES,PASS,0.0,0.0,0.005,0.0,
15:11:32.689,1.0821,1.0022,1.0072,0.0,normal,0.0,normal,0.0,normal,0.0,NORMAL,0.7,0.0,100,normal,YES,PASS,0.0,0.0,0.033,0.0,
15:11:33.007,1.0292,1.0083,1.0149,0.0,normal,0.0,normal,0.0,normal,0.0,NORMAL,0.2,0.0,100,normal,YES,PASS,0.0,0.0,0.012,0.0,
15:11:33.322,1.036,1.0047,1.0132,0.0,normal,0.0,normal,0.0,normal,0.0,NORMAL,0.3,0.0,100,normal,YES,PASS,0.0,0.0,0.014,0.0,
15:11:33.628,1.0657,1.0112,1.0127,0.0,normal,0.0,normal,0.0,normal,0.0,NORMAL,0.5,0.0,100,normal,YES,PASS,0.0,0.0,0.026,0.0,
15:11:33.920,1.0222,1.0108,1.006,0.0,normal,0.0,normal,0.0,normal,0.0,NORMAL,0.2,0.0,100,normal,YES,PASS,0.0,0.0,0.009,0.0,
15:11:34.212,1.0445,1.012,1.0107,0.0,normal,0.0,normal,0.0,normal,0.0,NORMAL,0.4,0.0,100,normal,YES,PASS,0.0,0.0,0.018,0.0,
15:11:34.517,1.0512,1.0011,1.0076,0.0,normal,0.0,normal,0.0,normal,0.0,NORMAL,0.4,0.0,100,normal,YES,PASS,0.0,0.0,0.02,0.0,
15:11:34.811,1.0346,1.0101,1.0034,0.0,normal,0.0,normal,0.0,normal,0.0,NORMAL,0.3,0.0,100,normal,YES,PASS,0.0,0.0,0.014,0.0,
15:11:35.157,1.0299,1.0064,1.0069,0.0,normal,0.0,normal,0.0,normal,0.0,NORMAL,0.2,0.0,100,normal,YES,PASS,0.0,0.0,0.012,0.0,
15:11:35.466,1.0651,1.005,1.0109,0.0,normal,0.0,normal,0.0,normal,0.0,NORMAL,0.5,0.0,100,normal,YES,PASS,0.0,0.0,0.026,0.0,
15:11:35.778,1.0468,1.0069,1.0039,0.0,normal,0.0,normal,0.0,normal,0.0,NORMAL,0.4,0.0,100,normal,YES,PASS,0.0,0.0,0.019,0.0,
15:11:36.062,1.0279,1.0098,1.0092,0.0,normal,0.0,normal,0.0,normal,0.0,NORMAL,0.2,0.0,100,normal,YES,PASS,0.0,0.0,0.011,0.0,
15:11:36.384,1.0457,1.004,1.0014,0.0,normal,0.0,normal,0.0,normal,0.0,NORMAL,0.4,0.0,100,normal,YES,PASS,0.0,0.0,0.018,0.0,
15:11:36.685,1.0269,1.0105,1.0057,0.0,normal,0.0,normal,0.0,normal,0.0,NORMAL,0.2,0.0,100,normal,YES,PASS,0.0,0.0,0.011,0.0,
15:11:37.006,1.0611,1.0101,1.0012,0.0,normal,0.0,normal,0.0,normal,0.0,NORMAL,0.5,0.0,100,normal,YES,PASS,0.0,0.0,0.024,0.0,
15:11:37.322,1.0411,1.0082,1.0014,0.0,normal,0.0,normal,0.0,normal,0.0,NORMAL,0.3,0.0,100,normal,YES,PASS,0.0,0.0,0.016,0.0,
15:11:37.693,1.0279,1.0077,1.0069,0.0,normal,0.0,normal,0.0,normal,0.0,NORMAL,0.2,0.0,100,normal,YES,PASS,0.0,0.0,0.011,0.0,
15:11:38.060,1.0333,1.0094,1.006,0.0,normal,0.0,normal,0.0,normal,0.0,NORMAL,0.3,0.0,100,normal,YES,PASS,0.0,0.0,0.013,0.0,
15:11:38.385,1.0003,1.0096,1.0048,0.0,normal,0.0,normal,0.0,normal,0.0,NORMAL,0.0,0.0,100,normal,YES,PASS,0.0,0.0,0.0,0.0,
15:11:38.680,1.0703,1.0111,1.004,0.0,normal,0.0,normal,0.0,normal,0.0,NORMAL,0.6,0.0,100,normal,YES,PASS,0.0,0.0,0.028,0.0,
15:11:39.041,1.0001,1.0035,1.0046,0.0,normal,0.0,normal,0.0,normal,0.0,NORMAL,0.0,0.0,100,normal,YES,PASS,0.0,0.0,0.0,0.0,
15:11:39.415,1.0563,1.0125,1.0127,0.0,normal,0.0,normal,0.0,normal,0.0,NORMAL,0.5,0.0,100,normal,YES,PASS,0.0,0.0,0.023,0.0,
15:11:39.738,1.0008,1.0011,1.0083,0.0,normal,0.0,normal,0.0,normal,0.0,NORMAL,0.0,0.0,100,normal,YES,PASS,0.0,0.0,0.0,0.0,
15:11:40.047,1.0413,1.0006,1.0017,0.0,normal,0.0,normal,0.0,normal,0.0,NORMAL,0.3,0.0,100,normal,YES,PASS,0.0,0.0,0.017,0.0,
15:11:40.396,1.0177,1.0015,1.0041,0.0,normal,0.0,normal,0.0,normal,0.0,NORMAL,0.1,0.0,100,normal,YES,PASS,0.0,0.0,0.007,0.0,
15:11:40.700,1.0248,1.005,1.0118,0.0,normal,0.0,normal,0.0,normal,0.0,NORMAL,0.2,0.0,100,normal,YES,PASS,0.0,0.0,0.01,0.0,
15:11:41.878,1.0486,1.0117,1.011,0.0,normal,0.0,normal,0.0,normal,0.0,NORMAL,0.4,0.0,100,normal,YES,PASS,0.0,0.0,0.019,0.0,
15:11:42.313,1.0167,1.0003,1.0021,0.0,normal,0.0,normal,0.0,normal,0.0,NORMAL,0.1,0.0,100,normal,YES,PASS,0.0,0.0,0.007,0.0,
15:11:42.633,1.0108,1.0029,1.0087,0.0,normal,0.0,normal,0.0,normal,0.0,NORMAL,0.1,0.0,100,normal,YES,PASS,0.0,0.0,0.004,0.0,
15:11:42.948,1.0137,1.0107,1.0094,0.0,normal,0.0,normal,0.0,normal,0.0,NORMAL,0.1,0.0,100,normal,YES,PASS,0.0,0.0,0.005,0.0,
15:11:43.333,1.0599,1.0111,1.0083,0.0,normal,0.0,normal,0.0,normal,0.0,NORMAL,0.5,0.0,100,normal,YES,PASS,0.0,0.0,0.024,0.0,
15:11:43.622,1.0648,1.0122,1.0145,0.0,normal,0.0,normal,0.0,normal,0.0,NORMAL,0.5,0.0,100,normal,YES,PASS,0.0,0.0,0.026,0.0,
15:11:43.891,1.0426,1.0096,1.0115,0.0,normal,0.0,normal,0.0,normal,0.0,NORMAL,0.3,0.0,100,normal,YES,PASS,0.0,0.0,0.017,0.0,
15:11:44.181,1.0029,1.0015,1.0077,0.0,normal,0.0,normal,0.0,normal,0.0,NORMAL,0.0,0.0,100,normal,YES,PASS,0.0,0.0,0.001,0.0,
15:11:44.565,1.041,1.0094,1.0057,0.0,normal,0.0,normal,0.0,normal,0.0,NORMAL,0.3,0.0,100,normal,YES,PASS,0.0,0.0,0.016,0.0,
15:11:44.964,1.0462,1.0141,1.0014,0.0,normal,0.0,normal,0.0,normal,0.0,NORMAL,0.4,0.0,100,normal,YES,PASS,0.0,0.0,0.018,0.0,
15:11:45.390,1.0344,1.004,1.0093,0.0,normal,0.0,normal,0.0,normal,0.0,NORMAL,0.3,0.0,100,normal,YES,PASS,0.0,0.0,0.014,0.0,
15:11:45.839,1.0207,1.0118,1.0045,0.0,normal,0.0,normal,0.0,normal,0.0,NORMAL,0.2,0.0,100,normal,YES,PASS,0.0,0.0,0.008,0.0,
15:11:46.258,1.02,1.0112,1.0125,0.0,normal,0.0,normal,0.0,normal,0.0,NORMAL,0.2,0.0,100,normal,YES,PASS,0.0,0.0,0.008,0.0,
15:11:46.572,1.0379,1.0133,1.0126,0.0,normal,0.0,normal,0.0,normal,0.0,NORMAL,0.3,0.0,100,normal,YES,PASS,0.0,0.0,0.015,0.0,
15:11:46.823,1.0564,1.0068,1.0052,0.0,normal,0.0,normal,0.0,normal,0.0,NORMAL,0.5,0.0,100,normal,YES,PASS,0.0,0.0,0.023,0.0,
15:11:47.102,1.0019,1.0082,1.001,0.0,normal,0.0,normal,0.0,normal,0.0,NORMAL,0.0,0.0,100,normal,YES,PASS,0.0,0.0,0.001,0.0,
15:11:47.386,1.0378,1.0072,1.0081,0.0,normal,0.0,normal,0.0,normal,0.0,NORMAL,0.3,0.0,100,normal,YES,PASS,0.0,0.0,0.015,0.0,
15:11:47.835,1.0047,1.0006,1.0037,0.0,normal,0.0,normal,0.0,normal,0.0,NORMAL,0.0,0.0,100,normal,YES,PASS,0.0,0.0,0.002,0.0,
15:11:48.303,1.0203,1.001,1.0136,0.0,normal,0.0,normal,0.0,normal,0.0,NORMAL,0.2,0.0,100,normal,YES,PASS,0.0,0.0,0.008,0.0,
15:11:49.308,1.0352,1.0087,1.0109,0.0,normal,0.0,normal,0.0,normal,0.0,NORMAL,0.3,0.0,100,normal,YES,PASS,0.0,0.0,0.014,0.0,
15:11:49.589,1.0529,1.0029,1.0145,0.0,normal,0.0,normal,0.0,normal,0.0,NORMAL,0.4,0.0,100,normal,YES,PASS,0.0,0.0,0.021,0.0,
15:11:49.831,1.0127,1.0137,1.006,0.0,normal,0.0,normal,0.0,normal,0.0,NORMAL,0.1,0.0,100,normal,YES,PASS,0.0,0.0,0.005,0.0,
15:11:50.065,1.0222,1.0004,1.0094,0.0,normal,0.0,normal,0.0,normal,0.0,NORMAL,0.2,0.0,100,normal,YES,PASS,0.0,0.0,0.009,0.0,
15:11:50.295,1.0578,1.0138,1.0048,0.0,normal,0.0,normal,0.0,normal,0.0,NORMAL,0.5,0.0,100,normal,YES,PASS,0.0,0.0,0.023,0.0,
15:11:50.517,1.0256,1.0072,1.0089,0.0,normal,0.0,normal,0.0,normal,0.0,NORMAL,0.2,0.0,100,normal,YES,PASS,0.0,0.0,0.01,0.0,
15:11:50.743,1.0558,1.013,1.0126,0.0,normal,0.0,normal,0.0,normal,0.0,NORMAL,0.4,0.0,100,normal,YES,PASS,0.0,0.0,0.022,0.0,
15:11:50.978,1.0325,1.0001,1.0026,0.0,normal,0.0,normal,0.0,normal,0.0,NORMAL,0.3,0.0,100,normal,YES,PASS,0.0,0.0,0.013,0.0,
15:11:51.197,1.0129,1.0005,1.0008,0.0,normal,0.0,normal,0.0,normal,0.0,NORMAL,0.1,0.0,100,normal,YES,PASS,0.0,0.0,0.005,0.0,
15:11:51.423,1.053,1.0019,1.0007,0.0,normal,0.0,normal,0.0,normal,0.0,NORMAL,0.4,0.0,100,normal,YES,PASS,0.0,0.0,0.021,0.0,
15:11:51.658,1.0072,1.0019,1.0038,0.0,normal,0.0,normal,0.0,normal,0.0,NORMAL,0.1,0.0,100,normal,YES,PASS,0.0,0.0,0.003,0.0,
15:11:51.901,1.0146,1.0087,1.0093,0.0,normal,0.0,normal,0.0,normal,0.0,NORMAL,0.1,0.0,100,normal,YES,PASS,0.0,0.0,0.006,0.0,
15:11:52.118,1.0527,1.0062,1.0115,0.0,normal,0.0,normal,0.0,normal,0.0,NORMAL,0.4,0.0,100,normal,YES,PASS,0.0,0.0,0.021,0.0,
15:11:52.322,1.0042,1.007,1.0046,0.0,normal,0.0,normal,0.0,normal,0.0,NORMAL,0.0,0.0,100,normal,YES,PASS,0.0,0.0,0.002,0.0,
15:11:52.543,1.0438,1.0075,1.0006,0.0,normal,0.0,normal,0.0,normal,0.0,NORMAL,0.4,0.0,100,normal,YES,PASS,0.0,0.0,0.018,0.0,
15:11:52.764,1.0389,1.007,1.016,0.0,normal,0.0,normal,0.0,normal,0.0,NORMAL,0.3,0.0,100,normal,YES,PASS,0.0,0.0,0.016,0.0,
15:11:52.983,1.0544,1.01,1.0084,0.0,normal,0.0,normal,0.0,normal,0.0,NORMAL,0.4,0.0,100,normal,YES,PASS,0.0,0.0,0.022,0.0,
15:11:53.209,1.0418,1.0029,1.0012,0.0,normal,0.0,normal,0.0,normal,0.0,NORMAL,0.3,0.0,100,normal,YES,PASS,0.0,0.0,0.017,0.0,
15:11:53.431,1.0199,1.0035,1.0007,0.0,normal,0.0,normal,0.0,normal,0.0,NORMAL,0.2,0.0,100,normal,YES,PASS,0.0,0.0,0.008,0.0,
15:11:53.647,1.0307,1.0027,1.0032,0.0,normal,0.0,normal,0.0,normal,0.0,NORMAL,0.2,0.0,100,normal,YES,PASS,0.0,0.0,0.012,0.0,
15:11:53.875,1.0713,1.0099,1.006,0.0,normal,0.0,normal,0.0,normal,0.0,NORMAL,0.6,0.0,100,normal,YES,PASS,0.0,0.0,0.029,0.0,
15:11:54.101,1.027,1.0011,1.0028,0.0,normal,0.0,normal,0.0,normal,0.0,NORMAL,0.2,0.0,100,normal,YES,PASS,0.0,0.0,0.011,0.0,
15:11:54.330,1.0413,1.0041,1.007,0.0,normal,0.0,normal,0.0,normal,0.0,NORMAL,0.3,0.0,100,normal,YES,PASS,0.0,0.0,0.017,0.0,
15:11:54.569,1.0151,1.0038,1.0119,0.0,normal,0.0,normal,0.0,normal,0.0,NORMAL,0.1,0.0,100,normal,YES,PASS,0.0,0.0,0.006,0.0,
15:11:54.824,1.0152,1.0011,1.0062,0.0,normal,0.0,normal,0.0,normal,0.0,NORMAL,0.1,0.0,100,normal,YES,PASS,0.0,0.0,0.006,0.0,
15:11:55.033,1.0114,1.0071,1.0054,0.0,normal,0.0,normal,0.0,normal,0.0,NORMAL,0.1,0.0,100,normal,YES,PASS,0.0,0.0,0.005,0.0,
15:11:55.248,1.0382,1.0059,1.011,0.0,normal,0.0,speed_hump,0.5165,normal,0.0,NORMAL,18.4,0.09,100,speed_hump,YES,PASS,0.0,0.0,0.015,0.517,
15:11:55.488,1.0351,1.0146,1.002,0.0,normal,0.0,speed_hump,0.5165,normal,0.0,NORMAL,18.4,0.09,100,speed_hump,YES,PASS,0.0,0.0,0.014,0.517,
15:11:55.716,1.0108,1.0131,1.0035,0.0,normal,0.0,speed_hump,0.5165,normal,0.0,CAUTION,18.2,0.09,95,speed_hump,NO,BLOCKED,0.0,0.0,0.004,0.517,
15:11:55.942,1.0425,1.0036,1.0135,0.0,normal,0.0,speed_hump,0.5165,normal,0.0,CAUTION,18.4,0.09,95,speed_hump,NO,BLOCKED,0.0,0.0,0.017,0.517,
15:11:56.171,1.0411,1.0062,1.0034,0.0,normal,0.0,speed_hump,0.5165,normal,0.0,CAUTION,18.4,0.09,95,speed_hump,NO,BLOCKED,0.0,0.0,0.016,0.517,
15:11:56.399,1.0491,1.0079,1.0082,5.0,pothole,1.0,speed_hump,0.5165,normal,0.0,CAUTION,30.6,0.15,92,speed_hump,NO,BLOCKED,0.0,0.405,0.02,0.517,
15:11:56.620,1.07,1.0096,1.0084,0.0,normal,0.0,speed_hump,0.5165,normal,0.0,CAUTION,27.5,0.14,93,speed_hump,NO,BLOCKED,0.0,0.296,0.028,0.517,
15:11:56.851,1.0216,1.0015,1.0101,0.0,normal,0.0,normal,0.0,normal,0.0,CAUTION,6.6,0.0,100,braking,NO,BLOCKED,0.0,0.216,0.009,0.0,
15:11:57.075,1.0152,1.0025,1.0104,0.0,normal,0.0,normal,0.0,normal,0.0,CAUTION,4.8,0.0,100,braking,NO,BLOCKED,0.0,0.158,0.006,0.0,
15:11:57.306,1.0203,1.0006,1.002,0.0,normal,0.0,normal,0.0,normal,0.0,NORMAL,3.6,0.0,100,normal,YES,PASS,0.0,0.115,0.008,0.0,
15:11:57.508,1.0578,1.0058,1.0019,5.0,pothole,1.0,normal,0.0,normal,0.0,NORMAL,15.1,0.08,100,pothole,YES,PASS,0.0,0.489,0.023,0.0,
15:11:57.740,1.0527,1.0086,1.0034,5.0,pothole,1.0,normal,0.0,normal,0.0,NORMAL,23.3,0.12,100,pothole,YES,PASS,0.0,0.762,0.021,0.0,
15:11:57.996,1.0103,1.0064,1.0106,5.0,pothole,1.0,normal,0.0,normal,0.0,CAUTION,28.9,0.14,93,pothole,NO,BLOCKED,0.0,0.962,0.004,0.0,
15:11:58.218,1.0223,1.0124,1.006,5.0,pothole,1.0,normal,0.0,normal,0.0,CAUTION,30.2,0.15,92,pothole,NO,BLOCKED,0.0,1.0,0.009,0.0,
15:11:58.445,1.0609,1.011,1.0067,0.0,normal,0.0,normal,0.0,normal,0.0,CAUTION,24.7,0.0,100,braking,NO,BLOCKED,0.0,0.808,0.024,0.0,
15:11:58.675,1.0148,1.0132,1.0075,0.0,normal,0.0,speed_hump,0.5036,normal,0.0,CAUTION,35.4,0.18,91,speed_hump,NO,BLOCKED,0.0,0.59,0.006,0.504,
15:11:58.908,1.0022,1.0074,1.0037,0.0,normal,0.0,speed_hump,0.5062,normal,0.0,CAUTION,30.6,0.15,92,speed_hump,NO,BLOCKED,0.0,0.43,0.001,0.506,
15:11:59.150,1.0106,1.0115,1.0026,0.0,normal,0.0,speed_hump,0.5184,normal,0.0,CAUTION,27.7,0.14,93,speed_hump,NO,BLOCKED,0.0,0.314,0.004,0.518,
15:11:59.371,1.0346,1.0048,1.0087,0.0,normal,0.0,speed_hump,0.5208,normal,0.0,CAUTION,25.4,0.13,94,speed_hump,NO,BLOCKED,0.0,0.229,0.014,0.521,
15:11:59.597,1.0239,1.0077,1.0046,0.0,normal,0.0,speed_hump,0.5041,normal,0.0,CAUTION,22.9,0.11,94,speed_hump,NO,BLOCKED,0.0,0.167,0.01,0.504,
15:11:59.829,1.0647,1.0104,1.0089,0.0,normal,0.0,speed_hump,0.5041,normal,0.0,CAUTION,21.8,0.11,95,speed_hump,NO,BLOCKED,0.0,0.122,0.026,0.504,
15:12:00.050,1.0351,1.0139,1.0138,0.0,normal,0.0,speed_hump,0.5041,normal,0.0,CAUTION,20.6,0.1,95,speed_hump,NO,BLOCKED,0.0,0.089,0.014,0.504,
15:12:00.268,1.0664,1.0098,1.0115,0.0,normal,0.0,speed_hump,0.5399,normal,0.0,CAUTION,21.4,0.11,95,speed_hump,NO,BLOCKED,0.0,0.065,0.027,0.54,
15:12:00.485,1.0102,1.0036,1.0148,0.0,normal,0.0,speed_hump,0.5212,normal,0.0,CAUTION,19.7,0.1,95,speed_hump,NO,BLOCKED,0.0,0.047,0.004,0.521,
15:12:00.709,1.0193,1.0005,1.0055,0.0,normal,0.0,speed_hump,0.5212,normal,0.0,CAUTION,19.4,0.1,95,speed_hump,NO,BLOCKED,0.0,0.035,0.008,0.521,
15:12:00.929,1.0238,1.0108,1.0094,0.0,normal,0.0,speed_hump,0.5212,normal,0.0,CAUTION,19.2,0.1,95,speed_hump,NO,BLOCKED,0.0,0.025,0.01,0.521,
15:12:01.141,1.0314,1.008,1.0069,0.0,normal,0.0,speed_hump,0.5212,normal,0.0,CAUTION,19.0,0.1,95,speed_hump,NO,BLOCKED,0.0,0.018,0.013,0.521,
15:12:01.360,1.0609,1.0014,1.0024,0.0,normal,0.0,speed_hump,0.5212,normal,0.0,CAUTION,19.1,0.1,95,speed_hump,NO,BLOCKED,0.0,0.013,0.024,0.521,
15:12:01.585,1.0585,1.0066,1.0046,0.0,normal,0.0,speed_hump,0.5212,normal,0.0,CAUTION,19.0,0.1,95,speed_hump,NO,BLOCKED,0.0,0.01,0.023,0.521,
15:12:01.820,1.0494,1.0043,1.005,0.0,normal,0.0,speed_hump,0.5212,normal,0.0,CAUTION,18.9,0.09,95,speed_hump,NO,BLOCKED,0.0,0.007,0.02,0.521,
15:12:02.052,1.0365,1.0046,1.005,0.0,normal,0.0,normal,0.0,normal,0.0,CAUTION,0.4,0.0,100,braking,NO,BLOCKED,0.0,0.005,0.015,0.0,
15:12:02.288,1.0638,1.0014,1.0114,0.0,normal,0.0,normal,0.0,normal,0.0,CAUTION,0.6,0.0,100,braking,NO,BLOCKED,0.0,0.004,0.026,0.0,
15:12:02.520,1.0232,1.0055,1.01,0.0,normal,0.0,normal,0.0,normal,0.0,NORMAL,0.3,0.0,100,normal,YES,PASS,0.0,0.003,0.009,0.0,
15:12:02.730,1.029,1.0081,1.0015,0.0,normal,0.0,normal,0.0,normal,0.0,NORMAL,0.3,0.0,100,normal,YES,PASS,0.0,0.002,0.012,0.0,
15:12:02.957,1.0094,1.002,1.0113,0.0,normal,0.0,normal,0.0,normal,0.0,NORMAL,0.1,0.0,100,normal,YES,PASS,0.0,0.001,0.004,0.0,
15:12:03.200,1.0099,1.0075,1.0032,0.0,normal,0.0,normal,0.0,normal,0.0,NORMAL,0.1,0.0,100,normal,YES,PASS,0.0,0.001,0.004,0.0,
15:12:03.421,1.0351,1.006,1.0004,0.0,normal,0.0,normal,0.0,normal,0.0,NORMAL,0.3,0.0,100,normal,YES,PASS,0.0,0.001,0.014,0.0,
15:12:03.638,1.0102,1.0089,1.0037,0.0,normal,0.0,normal,0.0,normal,0.0,NORMAL,0.1,0.0,100,normal,YES,PASS,0.0,0.001,0.004,0.0,
15:12:03.867,1.0097,1.0033,1.0076,0.0,normal,0.0,normal,0.0,normal,0.0,NORMAL,0.1,0.0,100,normal,YES,PASS,0.0,0.0,0.004,0.0,
15:12:04.081,1.0261,1.0058,1.0041,0.0,normal,0.0,normal,0.0,normal,0.0,NORMAL,0.2,0.0,100,normal,YES,PASS,0.0,0.0,0.01,0.0,
15:12:04.307,1.018,1.01,1.0049,0.0,normal,0.0,normal,0.0,normal,0.0,NORMAL,0.2,0.0,100,normal,YES,PASS,0.0,0.0,0.007,0.0,
15:12:04.518,1.0655,1.0076,1.0098,4.8368,pothole,0.9184,normal,0.0,normal,0.0,NORMAL,12.3,0.06,100,pothole,YES,PASS,0.0,0.392,0.026,0.0,
15:12:04.737,1.0615,1.0079,1.0015,4.8368,pothole,0.9184,normal,0.0,normal,0.0,NORMAL,20.8,0.1,100,pothole,YES,PASS,0.0,0.678,0.025,0.0,
15:12:04.975,1.0557,1.0029,1.013,4.8368,pothole,0.9184,normal,0.0,normal,0.0,CAUTION,27.1,0.14,93,pothole,NO,BLOCKED,0.0,0.887,0.022,0.0,
15:12:05.215,1.0188,1.0078,1.0071,4.8368,pothole,0.9184,normal,0.0,normal,0.0,CAUTION,30.2,0.15,92,pothole,NO,BLOCKED,0.0,1.0,0.008,0.0,
15:12:05.448,1.0586,1.0081,1.0085,4.8368,pothole,0.9184,normal,0.0,normal,0.0,CAUTION,30.5,0.15,92,pothole,NO,BLOCKED,0.0,1.0,0.023,0.0,
15:12:05.671,1.0015,1.0131,1.0078,4.8368,pothole,0.9184,normal,0.0,normal,0.0,CAUTION,30.0,0.15,92,pothole,NO,BLOCKED,0.0,1.0,0.001,0.0,
15:12:05.890,1.0398,1.0108,1.0092,4.8368,pothole,0.9184,normal,0.0,normal,0.0,CAUTION,30.3,0.15,92,pothole,NO,BLOCKED,0.0,1.0,0.016,0.0,
15:12:06.116,1.0116,1.011,1.0061,4.8368,pothole,0.9184,normal,0.0,normal,0.0,CAUTION,30.1,0.15,92,pothole,NO,BLOCKED,0.0,1.0,0.005,0.0,
15:12:06.336,1.0284,1.0084,1.0106,0.0,normal,0.0,normal,0.0,normal,0.0,CAUTION,29.4,0.0,100,braking,NO,BLOCKED,0.0,0.974,0.011,0.0,
15:12:06.560,1.039,1.0059,1.0117,0.0,normal,0.0,normal,0.0,normal,0.0,CAUTION,21.6,0.0,100,braking,NO,BLOCKED,0.0,0.711,0.016,0.0,
15:12:06.781,1.0163,1.0052,1.0008,0.0,normal,0.0,normal,0.0,normal,0.0,NORMAL,15.7,0.0,100,normal,YES,PASS,0.0,0.519,0.007,0.0,
15:12:06.988,1.0046,1.0082,1.0107,0.0,normal,0.0,normal,0.0,normal,0.0,NORMAL,11.4,0.0,100,normal,YES,PASS,0.0,0.379,0.002,0.0,
15:12:07.227,1.0564,1.0001,1.0106,0.0,normal,0.0,normal,0.0,normal,0.0,NORMAL,8.7,0.0,100,normal,YES,PASS,0.0,0.276,0.023,0.0,
15:12:07.465,1.0115,1.0128,1.0049,0.0,normal,0.0,normal,0.0,normal,0.0,NORMAL,6.1,0.0,100,normal,YES,PASS,0.0,0.202,0.005,0.0,
15:12:07.693,1.0025,1.0112,1.0105,0.0,normal,0.0,normal,0.0,normal,0.0,NORMAL,4.4,0.0,100,normal,YES,PASS,0.0,0.147,0.001,0.0,
15:12:07.918,1.0248,1.0097,1.001,0.0,normal,0.0,normal,0.0,normal,0.0,NORMAL,3.4,0.0,100,normal,YES,PASS,0.0,0.107,0.01,0.0,
15:12:08.126,1.0511,1.002,1.01,0.0,normal,0.0,normal,0.0,normal,0.0,NORMAL,2.8,0.0,100,normal,YES,PASS,0.0,0.078,0.02,0.0,
15:12:08.340,1.0537,1.0098,1.0017,0.0,normal,0.0,normal,0.0,normal,0.0,NORMAL,2.1,0.0,100,normal,YES,PASS,0.0,0.057,0.021,0.0,
15:12:08.560,1.0431,1.0038,1.012,0.0,normal,0.0,normal,0.0,normal,0.0,NORMAL,1.6,0.0,100,normal,YES,PASS,0.0,0.042,0.017,0.0,
15:12:08.782,1.0475,1.0018,1.0059,0.0,normal,0.0,normal,0.0,normal,0.0,NORMAL,1.3,0.0,100,normal,YES,PASS,0.0,0.03,0.019,0.0,
15:12:09.001,1.0128,1.003,1.0058,0.0,normal,0.0,normal,0.0,normal,0.0,NORMAL,0.8,0.0,100,normal,YES,PASS,0.0,0.022,0.005,0.0,
15:12:09.218,1.047,1.0071,1.0018,0.0,normal,0.0,normal,0.0,normal,0.0,NORMAL,0.9,0.0,100,normal,YES,PASS,0.0,0.016,0.019,0.0,
15:12:09.445,1.0027,1.0088,1.0079,0.0,normal,0.0,normal,0.0,normal,0.0,NORMAL,0.4,0.0,100,normal,YES,PASS,0.0,0.012,0.001,0.0,
15:12:09.671,1.0183,1.0038,1.0047,0.0,normal,0.0,normal,0.0,normal,0.0,NORMAL,0.4,0.0,100,normal,YES,PASS,0.0,0.009,0.007,0.0,
15:12:09.904,1.0347,1.0151,1.0087,0.0,normal,0.0,normal,0.0,normal,0.0,NORMAL,0.5,0.0,100,normal,YES,PASS,0.0,0.006,0.014,0.0,
15:12:10.133,1.058,1.0003,1.0111,0.0,normal,0.0,normal,0.0,normal,0.0,NORMAL,0.6,0.0,100,normal,YES,PASS,0.0,0.005,0.023,0.0,
15:12:10.359,1.0292,1.0021,1.0053,0.0,normal,0.0,normal,0.0,normal,0.0,NORMAL,0.3,0.0,100,normal,YES,PASS,0.0,0.003,0.012,0.0,
15:12:10.597,1.0292,1.0073,1.0058,0.0,normal,0.0,normal,0.0,normal,0.0,NORMAL,0.3,0.0,100,normal,YES,PASS,0.0,0.002,0.012,0.0,
15:12:10.821,1.0313,1.0086,1.0126,0.0,normal,0.0,normal,0.0,normal,0.0,NORMAL,0.3,0.0,100,normal,YES,PASS,0.0,0.002,0.013,0.0,
15:12:11.045,1.0076,1.0137,1.0066,0.0,normal,0.0,normal,0.0,normal,0.0,NORMAL,0.1,0.0,100,normal,YES,PASS,0.0,0.001,0.003,0.0,
15:12:11.266,1.0398,1.0102,1.0105,0.0,normal,0.0,normal,0.0,normal,0.0,NORMAL,0.3,0.0,100,normal,YES,PASS,0.0,0.001,0.016,0.0,
15:12:11.497,1.0007,1.002,1.0023,0.0,normal,0.0,normal,0.0,normal,0.0,NORMAL,0.0,0.0,100,normal,YES,PASS,0.0,0.001,0.0,0.0,
15:12:11.729,1.0101,1.007,1.0022,0.0,normal,0.0,normal,0.0,normal,0.0,NORMAL,0.1,0.0,100,normal,YES,PASS,0.0,0.001,0.004,0.0,
15:12:11.977,1.0207,1.0081,1.014,0.0,normal,0.0,normal,0.0,normal,0.0,NORMAL,0.2,0.0,100,normal,YES,PASS,0.0,0.0,0.008,0.0,
15:12:12.195,1.0753,1.0084,1.0033,0.0,normal,0.0,normal,0.0,normal,0.0,NORMAL,0.6,0.0,100,normal,YES,PASS,0.0,0.0,0.03,0.0,
15:12:12.410,1.0117,1.0084,1.0036,0.0,normal,0.0,normal,0.0,normal,0.0,NORMAL,0.1,0.0,100,normal,YES,PASS,0.0,0.0,0.005,0.0,
15:12:12.630,1.0343,1.0042,1.0104,0.0,normal,0.0,normal,0.0,normal,0.0,NORMAL,0.3,0.0,100,normal,YES,PASS,0.0,0.0,0.014,0.0,
15:12:12.859,1.0213,1.0012,1.0035,0.0,normal,0.0,normal,0.0,normal,0.0,NORMAL,0.2,0.0,100,normal,YES,PASS,0.0,0.0,0.009,0.0,
15:12:13.069,1.0055,1.0043,1.0051,0.0,normal,0.0,normal,0.0,normal,0.0,NORMAL,0.0,0.0,100,normal,YES,PASS,0.0,0.0,0.002,0.0,
15:12:13.281,1.0377,1.0106,1.005,0.0,normal,0.0,normal,0.0,normal,0.0,NORMAL,0.3,0.0,100,normal,YES,PASS,0.0,0.0,0.015,0.0,
15:12:13.497,1.0023,1.0132,1.0041,0.0,normal,0.0,normal,0.0,normal,0.0,NORMAL,0.0,0.0,100,normal,YES,PASS,0.0,0.0,0.001,0.0,
15:12:13.712,1.0299,1.0107,1.0042,0.0,normal,0.0,normal,0.0,normal,0.0,NORMAL,0.2,0.0,100,normal,YES,PASS,0.0,0.0,0.012,0.0,
15:12:13.926,1.0298,1.0019,1.0042,0.0,normal,0.0,normal,0.0,normal,0.0,NORMAL,0.2,0.0,100,normal,YES,PASS,0.0,0.0,0.012,0.0,
15:12:14.153,1.0273,1.0108,1.0015,0.0,normal,0.0,normal,0.0,normal,0.0,NORMAL,0.2,0.0,100,normal,YES,PASS,0.0,0.0,0.011,0.0,
15:12:14.377,1.0634,1.0052,1.0037,0.0,normal,0.0,normal,0.0,normal,0.0,NORMAL,0.5,0.0,100,normal,YES,PASS,0.0,0.0,0.025,0.0,
15:12:14.601,1.0309,1.0014,1.0043,0.0,normal,0.0,normal,0.0,normal,0.0,NORMAL,0.2,0.0,100,normal,YES,PASS,0.0,0.0,0.012,0.0,
15:12:14.820,1.0559,1.0012,1.0039,0.0,normal,0.0,normal,0.0,normal,0.0,NORMAL,0.4,0.0,100,normal,YES,PASS,0.0,0.0,0.022,0.0,
15:12:15.036,1.0348,1.0005,1.0093,0.0,normal,0.0,normal,0.0,normal,0.0,NORMAL,0.3,0.0,100,normal,YES,PASS,0.0,0.0,0.014,0.0,
15:12:15.272,1.0514,1.0071,1.0028,0.0,normal,0.0,normal,0.0,normal,0.0,NORMAL,0.4,0.0,100,normal,YES,PASS,0.0,0.0,0.021,0.0,
15:12:15.491,1.0235,1.0035,1.0056,0.0,normal,0.0,normal,0.0,normal,0.0,NORMAL,0.2,0.0,100,normal,YES,PASS,0.0,0.0,0.009,0.0,
15:12:15.708,1.0351,1.0106,1.0046,0.0,normal,0.0,normal,0.0,normal,0.0,NORMAL,0.3,0.0,100,normal,YES,PASS,0.0,0.0,0.014,0.0,
15:12:15.934,1.0134,1.0074,1.0136,0.0,normal,0.0,normal,0.0,normal,0.0,NORMAL,0.1,0.0,100,normal,YES,PASS,0.0,0.0,0.005,0.0,
15:12:16.158,1.0029,1.0115,1.0032,0.0,normal,0.0,normal,0.0,normal,0.0,NORMAL,0.0,0.0,100,normal,YES,PASS,0.0,0.0,0.001,0.0,
15:12:16.381,1.0331,1.0022,1.0076,0.0,normal,0.0,normal,0.0,normal,0.0,NORMAL,0.3,0.0,100,normal,YES,PASS,0.0,0.0,0.013,0.0,
15:12:16.613,1.0174,1.0077,1.0104,0.0,normal,0.0,normal,0.0,normal,0.0,NORMAL,0.1,0.0,100,normal,YES,PASS,0.0,0.0,0.007,0.0,
15:12:16.846,1.0126,1.0006,1.0088,0.0,normal,0.0,normal,0.0,normal,0.0,NORMAL,0.1,0.0,100,normal,YES,PASS,0.0,0.0,0.005,0.0,
15:12:17.067,1.0344,1.0039,1.0107,0.0,normal,0.0,normal,0.0,normal,0.0,NORMAL,0.3,0.0,100,normal,YES,PASS,0.0,0.0,0.014,0.0,
15:12:17.284,1.0532,1.0101,1.0109,0.0,normal,0.0,normal,0.0,normal,0.0,NORMAL,0.4,0.0,100,normal,YES,PASS,0.0,0.0,0.021,0.0,
15:12:17.498,1.0195,1.0071,1.0053,0.0,normal,0.0,normal,0.0,normal,0.0,NORMAL,0.2,0.0,100,normal,YES,PASS,0.0,0.0,0.008,0.0,
15:12:17.712,1.0275,1.0012,1.0115,0.0,normal,0.0,normal,0.0,normal,0.0,NORMAL,0.2,0.0,100,normal,YES,PASS,0.0,0.0,0.011,0.0,
15:12:17.936,1.01,1.0047,1.0055,0.0,normal,0.0,normal,0.0,normal,0.0,NORMAL,0.1,0.0,100,normal,YES,PASS,0.0,0.0,0.004,0.0,
15:12:18.160,1.0317,1.0013,1.0115,0.0,normal,0.0,normal,0.0,normal,0.0,NORMAL,0.3,0.0,100,normal,YES,PASS,0.0,0.0,0.013,0.0,
15:12:18.390,1.0138,1.0152,1.0053,0.0,normal,0.0,normal,0.0,normal,0.0,NORMAL,0.1,0.0,100,normal,YES,PASS,0.0,0.0,0.006,0.0,
15:12:18.615,1.0278,1.006,1.0094,0.0,normal,0.0,normal,0.0,normal,0.0,NORMAL,0.2,0.0,100,normal,YES,PASS,0.0,0.0,0.011,0.0,
15:12:18.834,1.0214,1.0026,1.0114,0.0,normal,0.0,normal,0.0,normal,0.0,NORMAL,0.2,0.0,100,normal,YES,PASS,0.0,0.0,0.009,0.0,
15:12:19.060,1.0053,1.0088,1.0073,0.0,normal,0.0,normal,0.0,normal,0.0,NORMAL,0.0,0.0,100,normal,YES,PASS,0.0,0.0,0.002,0.0,
15:12:19.295,1.0583,1.0072,1.0113,0.0,normal,0.0,normal,0.0,normal,0.0,NORMAL,0.5,0.0,100,normal,YES,PASS,0.0,0.0,0.023,0.0,
15:12:19.516,1.0288,1.0083,1.0032,0.0,normal,0.0,normal,0.0,normal,0.0,NORMAL,0.2,0.0,100,normal,YES,PASS,0.0,0.0,0.012,0.0,
15:12:19.723,1.0119,1.012,1.0076,0.0,normal,0.0,normal,0.0,normal,0.0,NORMAL,0.1,0.0,100,normal,YES,PASS,0.0,0.0,0.005,0.0,
15:12:19.943,1.025,1.0129,1.0095,0.0,normal,0.0,normal,0.0,normal,0.0,NORMAL,0.2,0.0,100,normal,YES,PASS,0.0,0.0,0.01,0.0,
15:12:20.151,1.0054,1.0112,1.0139,0.0,normal,0.0,normal,0.0,normal,0.0,NORMAL,0.0,0.0,100,normal,YES,PASS,0.0,0.0,0.002,0.0,
15:12:20.382,1.057,1.0096,1.0023,0.0,normal,0.0,normal,0.0,normal,0.0,NORMAL,0.5,0.0,100,normal,YES,PASS,0.0,0.0,0.023,0.0,
15:12:20.594,1.0065,1.0082,1.0083,0.0,normal,0.0,normal,0.0,normal,0.0,NORMAL,0.1,0.0,100,normal,YES,PASS,0.0,0.0,0.003,0.0,
15:12:20.815,1.0005,1.0069,1.0014,0.0,normal,0.0,normal,0.0,normal,0.0,NORMAL,0.0,0.0,100,normal,YES,PASS,0.0,0.0,0.0,0.0,
15:12:21.055,1.0479,1.0032,1.0014,0.0,normal,0.0,normal,0.0,normal,0.0,NORMAL,0.4,0.0,100,normal,YES,PASS,0.0,0.0,0.019,0.0,
15:12:21.271,1.0303,1.012,1.003,0.0,normal,0.0,normal,0.0,normal,0.0,NORMAL,0.2,0.0,100,normal,YES,PASS,0.0,0.0,0.012,0.0,
15:12:21.513,1.0361,1.0095,1.0025,0.0,normal,0.0,normal,0.0,normal,0.0,NORMAL,0.3,0.0,100,normal,YES,PASS,0.0,0.0,0.014,0.0,
15:12:21.770,1.0627,1.0085,1.0107,0.0,normal,0.0,normal,0.0,normal,0.0,NORMAL,0.5,0.0,100,normal,YES,PASS,0.0,0.0,0.025,0.0,
15:12:21.993,1.0382,1.0044,1.0086,0.0,normal,0.0,normal,0.0,normal,0.0,NORMAL,0.3,0.0,100,normal,YES,PASS,0.0,0.0,0.015,0.0,
15:12:22.211,1.057,1.0013,1.0159,0.0,normal,0.0,normal,0.0,normal,0.0,NORMAL,0.5,0.0,100,normal,YES,PASS,0.0,0.0,0.023,0.0,
15:12:22.451,1.025,1.0076,1.0083,0.0,normal,0.0,normal,0.0,normal,0.0,NORMAL,0.2,0.0,100,normal,YES,PASS,0.0,0.0,0.01,0.0,
15:12:22.684,1.0481,1.0014,1.0069,0.0,normal,0.0,normal,0.0,normal,0.0,NORMAL,0.4,0.0,100,normal,YES,PASS,0.0,0.0,0.019,0.0,
15:12:22.896,1.0201,1.0046,1.0122,0.0,normal,0.0,normal,0.0,normal,0.0,NORMAL,0.2,0.0,100,normal,YES,PASS,0.0,0.0,0.008,0.0,
15:12:23.097,1.0114,1.0053,1.0066,0.0,normal,0.0,normal,0.0,normal,0.0,NORMAL,0.1,0.0,100,normal,YES,PASS,0.0,0.0,0.005,0.0,
15:12:23.318,1.0023,1.0031,1.0096,0.0,normal,0.0,normal,0.0,normal,0.0,NORMAL,0.0,0.0,100,normal,YES,PASS,0.0,0.0,0.001,0.0,
15:12:23.539,1.0105,1.0006,1.0097,0.0,normal,0.0,normal,0.0,normal,0.0,NORMAL,0.1,0.0,100,normal,YES,PASS,0.0,0.0,0.004,0.0,
15:12:23.752,1.0378,1.0023,1.013,0.0,normal,0.0,normal,0.0,normal,0.0,NORMAL,0.3,0.0,100,normal,YES,PASS,0.0,0.0,0.015,0.0,
15:12:23.992,1.0522,1.014,1.0014,0.0,normal,0.0,normal,0.0,normal,0.0,NORMAL,0.4,0.0,100,normal,YES,PASS,0.0,0.0,0.021,0.0,
15:12:24.228,1.0175,1.008,1.009,0.0,normal,0.0,normal,0.0,normal,0.0,NORMAL,0.1,0.0,100,normal,YES,PASS,0.0,0.0,0.007,0.0,
15:12:24.460,1.06,1.0029,1.0008,0.0,normal,0.0,normal,0.0,normal,0.0,NORMAL,0.5,0.0,100,normal,YES,PASS,0.0,0.0,0.024,0.0,
15:12:24.702,1.0109,1.0131,1.0035,0.0,normal,0.0,normal,0.0,normal,0.0,NORMAL,0.1,0.0,100,normal,YES,PASS,0.0,0.0,0.004,0.0,
15:12:24.928,1.0344,1.0027,1.0091,0.0,normal,0.0,normal,0.0,normal,0.0,NORMAL,0.3,0.0,100,normal,YES,PASS,0.0,0.0,0.014,0.0,
15:12:25.168,1.0142,1.0044,1.008,0.0,normal,0.0,normal,0.0,normal,0.0,NORMAL,0.1,0.0,100,normal,YES,PASS,0.0,0.0,0.006,0.0,
15:12:25.392,1.0292,1.0014,1.0004,0.0,normal,0.0,normal,0.0,normal,0.0,NORMAL,0.2,0.0,100,normal,YES,PASS,0.0,0.0,0.012,0.0,
15:12:25.620,1.0253,1.0094,1.0034,0.0,normal,0.0,normal,0.0,normal,0.0,NORMAL,0.2,0.0,100,normal,YES,PASS,0.0,0.0,0.01,0.0,
15:12:25.843,1.0273,1.0076,1.0037,0.0,normal,0.0,normal,0.0,normal,0.0,NORMAL,0.2,0.0,100,normal,YES,PASS,0.0,0.0,0.011,0.0,
15:12:26.065,1.0326,1.012,1.0051,0.0,normal,0.0,normal,0.0,normal,0.0,NORMAL,0.3,0.0,100,normal,YES,PASS,0.0,0.0,0.013,0.0,
15:12:26.292,1.0023,1.0107,1.0038,0.0,normal,0.0,normal,0.0,normal,0.0,NORMAL,0.0,0.0,100,normal,YES,PASS,0.0,0.0,0.001,0.0,
15:12:26.519,1.0238,1.0099,1.0063,0.0,normal,0.0,normal,0.0,normal,0.0,NORMAL,0.2,0.0,100,normal,YES,PASS,0.0,0.0,0.01,0.0,
15:12:26.745,1.0577,1.0097,1.0025,0.0,normal,0.0,normal,0.0,normal,0.0,NORMAL,0.5,0.0,100,normal,YES,PASS,0.0,0.0,0.023,0.0,
15:12:26.985,1.0417,1.0029,1.0092,0.0,normal,0.0,normal,0.0,normal,0.0,NORMAL,0.3,0.0,100,normal,YES,PASS,0.0,0.0,0.017,0.0,
15:12:27.198,1.0309,1.0061,1.0031,0.0,normal,0.0,normal,0.0,normal,0.0,NORMAL,0.2,0.0,100,normal,YES,PASS,0.0,0.0,0.012,0.0,
15:12:27.426,1.0128,1.0077,1.005,0.0,normal,0.0,normal,0.0,normal,0.0,NORMAL,0.1,0.0,100,normal,YES,PASS,0.0,0.0,0.005,0.0,
15:12:27.642,1.0381,1.0052,1.0088,0.0,normal,0.0,normal,0.0,normal,0.0,NORMAL,0.3,0.0,100,normal,YES,PASS,0.0,0.0,0.015,0.0,
15:12:27.867,1.022,1.0035,1.0073,0.0,normal,0.0,normal,0.0,normal,0.0,NORMAL,0.2,0.0,100,normal,YES,PASS,0.0,0.0,0.009,0.0,
15:12:28.104,1.031,1.0111,1.0042,0.0,normal,0.0,normal,0.0,normal,0.0,NORMAL,0.2,0.0,100,normal,YES,PASS,0.0,0.0,0.012,0.0,
15:12:28.348,1.0657,1.0128,1.0013,0.0,normal,0.0,normal,0.0,normal,0.0,NORMAL,0.5,0.0,100,normal,YES,PASS,0.0,0.0,0.026,0.0,
15:12:28.571,1.0458,1.0112,1.0127,0.0,normal,0.0,normal,0.0,normal,0.0,NORMAL,0.4,0.0,100,normal,YES,PASS,0.0,0.0,0.018,0.0,
15:12:28.800,1.0498,1.0106,1.0122,0.0,normal,0.0,normal,0.0,normal,0.0,NORMAL,0.4,0.0,100,normal,YES,PASS,0.0,0.0,0.02,0.0,
15:12:29.033,1.0343,1.0027,1.0113,0.0,normal,0.0,normal,0.0,normal,0.0,NORMAL,0.3,0.0,100,normal,YES,PASS,0.0,0.0,0.014,0.0,
15:12:29.250,1.0692,1.0049,1.0035,0.0,normal,0.0,normal,0.0,normal,0.0,NORMAL,0.6,0.0,100,normal,YES,PASS,0.0,0.0,0.028,0.0,
15:12:29.466,1.0503,1.0076,1.0059,0.0,normal,0.0,normal,0.0,normal,0.0,NORMAL,0.4,0.0,100,normal,YES,PASS,0.0,0.0,0.02,0.0,
15:12:29.678,1.0043,1.0073,1.0128,0.0,normal,0.0,normal,0.0,normal,0.0,NORMAL,0.0,0.0,100,normal,YES,PASS,0.0,0.0,0.002,0.0,
15:12:29.899,1.0166,1.0138,1.0067,0.0,normal,0.0,normal,0.0,normal,0.0,NORMAL,0.1,0.0,100,normal,YES,PASS,0.0,0.0,0.007,0.0,
15:12:30.116,1.0516,1.0082,1.0081,0.0,normal,0.0,normal,0.0,normal,0.0,NORMAL,0.4,0.0,100,normal,YES,PASS,0.0,0.0,0.021,0.0,
15:12:30.343,1.0724,1.0091,1.0142,0.0,normal,0.0,normal,0.0,normal,0.0,NORMAL,0.6,0.0,100,normal,YES,PASS,0.0,0.0,0.029,0.0,
15:12:30.571,1.0297,1.0045,1.0131,0.0,normal,0.0,normal,0.0,normal,0.0,NORMAL,0.2,0.0,100,normal,YES,PASS,0.0,0.0,0.012,0.0,
15:12:30.794,1.04,1.0112,1.012,0.0,normal,0.0,normal,0.0,normal,0.0,NORMAL,0.3,0.0,100,normal,YES,PASS,0.0,0.0,0.016,0.0,
15:12:31.023,1.0009,1.003,1.0103,0.0,normal,0.0,normal,0.0,normal,0.0,NORMAL,0.0,0.0,100,normal,YES,PASS,0.0,0.0,0.0,0.0,
15:12:31.256,1.0359,1.0017,1.0117,0.0,normal,0.0,normal,0.0,normal,0.0,NORMAL,0.3,0.0,100,normal,YES,PASS,0.0,0.0,0.014,0.0,
15:12:31.484,1.0394,1.0032,1.0057,0.0,normal,0.0,normal,0.0,normal,0.0,NORMAL,0.3,0.0,100,normal,YES,PASS,0.0,0.0,0.016,0.0,
15:12:31.704,1.0254,1.0086,1.0036,4.9009,pothole,0.9504,normal,0.0,normal,0.0,NORMAL,12.1,0.06,100,pothole,YES,PASS,0.0,0.397,0.01,0.0,
15:12:31.942,1.0311,1.0049,1.0068,4.9009,pothole,0.9504,normal,0.0,normal,0.0,NORMAL,20.9,0.1,100,pothole,YES,PASS,0.0,0.687,0.012,0.0,
15:12:32.184,1.0215,1.0062,1.002,4.9009,pothole,0.9504,normal,0.0,normal,0.0,CAUTION,27.1,0.14,93,pothole,NO,BLOCKED,0.0,0.899,0.009,0.0,
15:12:32.394,1.0026,1.004,1.0058,4.9009,pothole,0.9504,normal,0.0,normal,0.0,CAUTION,30.0,0.15,92,pothole,NO,BLOCKED,0.0,1.0,0.001,0.0,
15:12:32.620,1.0035,1.0061,1.0001,4.9009,pothole,0.9504,normal,0.0,normal,0.0,CAUTION,30.0,0.15,92,pothole,NO,BLOCKED,0.0,1.0,0.001,0.0,
15:12:32.837,1.0168,1.0092,1.0016,0.0,normal,0.0,normal,0.0,normal,0.0,CAUTION,25.7,0.0,100,braking,NO,BLOCKED,0.0,0.851,0.007,0.0,
15:12:33.082,1.0087,1.0098,1.0038,4.9009,pothole,0.9504,normal,0.0,normal,0.0,CAUTION,30.1,0.15,92,pothole,NO,BLOCKED,0.0,1.0,0.003,0.0,
15:12:33.314,1.0402,1.0101,1.0083,4.9009,pothole,0.9504,normal,0.0,normal,0.0,CAUTION,30.3,0.15,92,pothole,NO,BLOCKED,0.0,1.0,0.016,0.0,
15:12:33.542,1.0182,1.0102,1.0007,5.0,pothole,1.0,normal,0.0,normal,0.0,CAUTION,30.1,0.15,92,pothole,NO,BLOCKED,0.0,1.0,0.007,0.0,
15:12:33.790,1.0415,1.0021,1.0066,5.0,pothole,1.0,normal,0.0,normal,0.0,CAUTION,30.3,0.15,92,pothole,NO,BLOCKED,0.0,1.0,0.017,0.0,
15:12:34.015,1.0591,1.0064,1.0002,5.0,pothole,1.0,normal,0.0,normal,0.0,CAUTION,30.5,0.15,92,pothole,NO,BLOCKED,0.0,1.0,0.024,0.0,
15:12:34.247,1.0058,1.0033,1.0097,5.0,pothole,1.0,normal,0.0,normal,0.0,CAUTION,30.0,0.15,92,pothole,NO,BLOCKED,0.0,1.0,0.002,0.0,
15:12:34.463,1.0438,1.0094,1.0106,5.0,pothole,1.0,normal,0.0,normal,0.0,CAUTION,30.4,0.15,92,pothole,NO,BLOCKED,0.0,1.0,0.018,0.0,
15:12:34.697,1.0063,1.0102,1.0129,0.0,normal,0.0,normal,0.0,normal,0.0,CAUTION,30.1,0.15,92,braking,NO,BLOCKED,0.0,1.0,0.003,0.0,
15:12:34.926,1.0066,1.0044,1.0137,0.0,normal,0.0,normal,0.0,normal,0.0,CAUTION,22.8,0.0,100,braking,NO,BLOCKED,0.0,0.759,0.003,0.0,
15:12:35.158,1.0247,1.0048,1.0064,5.0,pothole,1.0,normal,0.0,normal,0.0,CAUTION,29.0,0.14,93,pothole,NO,BLOCKED,0.0,0.959,0.01,0.0,
15:12:35.382,1.048,1.0067,1.005,0.0,normal,0.0,normal,0.0,normal,0.0,CAUTION,21.4,0.0,100,braking,NO,BLOCKED,0.0,0.7,0.019,0.0,
15:12:35.616,1.0421,1.0145,1.008,0.0,normal,0.0,normal,0.0,normal,0.0,NORMAL,15.7,0.0,100,normal,YES,PASS,0.0,0.511,0.017,0.0,
15:12:35.840,1.0393,1.006,1.0107,5.0,pothole,1.0,normal,0.0,normal,0.0,NORMAL,23.7,0.12,100,pothole,YES,PASS,0.0,0.778,0.016,0.0,
15:12:36.055,1.0225,1.0043,1.0088,0.0,normal,0.0,normal,0.0,normal,0.0,NORMAL,17.2,0.0,100,normal,YES,PASS,0.0,0.568,0.009,0.0,
15:12:36.271,1.0059,1.0068,1.0062,0.0,normal,0.0,normal,0.0,normal,0.0,NORMAL,12.5,0.0,100,normal,YES,PASS,0.0,0.415,0.002,0.0,
15:12:36.499,1.0283,1.0087,1.01,0.0,normal,0.0,normal,0.0,normal,0.0,NORMAL,9.3,0.0,100,normal,YES,PASS,0.0,0.303,0.011,0.0,
15:12:36.766,1.0334,1.0049,1.0012,0.0,normal,0.0,normal,0.0,normal,0.0,NORMAL,6.9,0.0,100,normal,YES,PASS,0.0,0.221,0.013,0.0,
15:12:36.989,1.046,1.0091,1.0009,0.0,normal,0.0,normal,0.0,normal,0.0,NORMAL,5.2,0.0,100,normal,YES,PASS,0.0,0.161,0.018,0.0,
15:12:37.223,1.0466,1.0104,1.0053,5.0,pothole,1.0,normal,0.0,normal,0.0,NORMAL,16.1,0.08,100,pothole,YES,PASS,0.0,0.523,0.019,0.0,
15:12:37.441,1.0417,1.0055,1.0109,5.0,pothole,1.0,normal,0.0,normal,0.0,NORMAL,23.9,0.12,100,pothole,YES,PASS,0.0,0.787,0.017,0.0,
15:12:37.669,1.0058,1.0036,1.0014,5.0,pothole,1.0,normal,0.0,normal,0.0,CAUTION,29.4,0.15,93,pothole,NO,BLOCKED,0.0,0.98,0.002,0.0,
15:12:37.897,1.041,1.0034,1.0094,0.0,normal,0.0,normal,0.0,normal,0.0,CAUTION,21.8,0.0,100,braking,NO,BLOCKED,0.0,0.715,0.016,0.0,
15:12:38.131,1.0625,1.0031,1.0116,0.0,normal,0.0,normal,0.0,normal,0.0,CAUTION,16.2,0.0,100,braking,NO,BLOCKED,0.0,0.522,0.025,0.0,
15:12:38.367,1.0451,1.0102,1.0101,0.0,normal,0.0,normal,0.0,normal,0.0,NORMAL,11.8,0.0,100,normal,YES,PASS,0.0,0.381,0.018,0.0,
15:12:38.579,1.0006,1.0059,1.0066,5.0,pothole,1.0,normal,0.0,normal,0.0,NORMAL,20.5,0.1,100,pothole,YES,PASS,0.0,0.683,0.0,0.0,
15:12:38.815,1.0379,1.0095,1.0041,0.0,normal,0.0,normal,0.0,normal,0.0,NORMAL,15.3,0.0,100,normal,YES,PASS,0.0,0.499,0.015,0.0,
15:12:39.039,1.0482,1.0036,1.0074,0.0,normal,0.0,normal,0.0,normal,0.0,NORMAL,11.3,0.0,100,normal,YES,PASS,0.0,0.364,0.019,0.0,
15:12:39.261,1.0491,1.0034,1.0081,0.0,normal,0.0,normal,0.0,normal,0.0,NORMAL,8.4,0.0,100,normal,YES,PASS,0.0,0.266,0.02,0.0,
15:12:39.480,1.0468,1.007,1.0135,0.0,normal,0.0,normal,0.0,normal,0.0,NORMAL,6.2,0.0,100,normal,YES,PASS,0.0,0.194,0.019,0.0,
15:12:39.697,1.0389,1.0063,1.0071,0.0,normal,0.0,normal,0.0,normal,0.0,NORMAL,4.6,0.0,100,normal,YES,PASS,0.0,0.141,0.016,0.0,
15:12:39.926,1.0137,1.0093,1.0048,0.0,normal,0.0,normal,0.0,normal,0.0,NORMAL,3.2,0.0,100,normal,YES,PASS,0.0,0.103,0.005,0.0,
15:12:40.140,1.0298,1.0046,1.0118,0.0,normal,0.0,normal,0.0,normal,0.0,NORMAL,2.5,0.0,100,normal,YES,PASS,0.0,0.075,0.012,0.0,
15:12:40.356,1.0168,1.0082,1.0028,0.0,normal,0.0,normal,0.0,normal,0.0,NORMAL,1.8,0.0,100,normal,YES,PASS,0.0,0.055,0.007,0.0,
15:12:40.576,1.014,1.009,1.0111,0.0,normal,0.0,normal,0.0,normal,0.0,NORMAL,1.3,0.0,100,normal,YES,PASS,0.0,0.04,0.006,0.0,
15:12:40.801,1.0316,1.0104,1.0035,0.0,normal,0.0,normal,0.0,normal,0.0,NORMAL,1.1,0.0,100,normal,YES,PASS,0.0,0.029,0.013,0.0,
15:12:41.019,1.0205,1.0009,1.0115,0.0,normal,0.0,normal,0.0,normal,0.0,NORMAL,0.8,0.0,100,normal,YES,PASS,0.0,0.021,0.008,0.0,
15:12:41.242,1.0024,1.0114,1.0031,0.0,normal,0.0,normal,0.0,normal,0.0,NORMAL,0.5,0.0,100,normal,YES,PASS,0.0,0.016,0.001,0.0,
15:12:41.466,1.0285,1.0015,1.0103,0.0,normal,0.0,normal,0.0,normal,0.0,NORMAL,0.6,0.0,100,normal,YES,PASS,0.0,0.011,0.011,0.0,
15:12:41.682,1.0278,1.003,1.0054,0.0,normal,0.0,normal,0.0,normal,0.0,NORMAL,0.5,0.0,100,normal,YES,PASS,0.0,0.008,0.011,0.0,
15:12:41.903,1.0312,1.0067,1.0161,0.0,normal,0.0,normal,0.0,normal,0.0,NORMAL,0.4,0.0,100,normal,YES,PASS,0.0,0.006,0.012,0.0,
15:12:42.117,1.0396,1.0039,1.007,0.0,normal,0.0,normal,0.0,normal,0.0,NORMAL,0.4,0.0,100,normal,YES,PASS,0.0,0.004,0.016,0.0,
15:12:42.349,1.0092,1.0123,1.0049,0.0,normal,0.0,normal,0.0,normal,0.0,NORMAL,0.2,0.0,100,normal,YES,PASS,0.0,0.003,0.004,0.0,
15:12:42.571,1.034,1.0059,1.0141,0.0,normal,0.0,normal,0.0,normal,0.0,NORMAL,0.3,0.0,100,normal,YES,PASS,0.0,0.002,0.014,0.0,
15:12:42.783,1.0175,1.019,1.0039,0.0,normal,0.0,normal,0.0,normal,0.0,NORMAL,0.2,0.0,100,normal,YES,PASS,0.0,0.002,0.007,0.0,
15:12:43.000,1.0102,1.0105,1.0016,0.0,normal,0.0,normal,0.0,normal,0.0,NORMAL,0.1,0.0,100,normal,YES,PASS,0.0,0.001,0.004,0.0,
15:12:43.222,1.0259,1.0057,1.008,0.0,normal,0.0,normal,0.0,normal,0.0,NORMAL,0.2,0.0,100,normal,YES,PASS,0.0,0.001,0.01,0.0,
15:12:43.449,1.0275,1.0071,1.0056,0.0,normal,0.0,normal,0.0,normal,0.0,NORMAL,0.2,0.0,100,normal,YES,PASS,0.0,0.001,0.011,0.0,
15:12:43.671,1.0306,1.0031,1.0054,0.0,normal,0.0,normal,0.0,normal,0.0,NORMAL,0.3,0.0,100,normal,YES,PASS,0.0,0.0,0.012,0.0,
15:12:43.897,1.014,1.007,1.0093,0.0,normal,0.0,normal,0.0,normal,0.0,NORMAL,0.1,0.0,100,normal,YES,PASS,0.0,0.0,0.006,0.0,
15:12:44.111,1.039,1.0023,1.0074,0.0,normal,0.0,normal,0.0,normal,0.0,NORMAL,0.3,0.0,100,normal,YES,PASS,0.0,0.0,0.016,0.0,
15:12:44.338,1.0488,1.0061,1.0074,0.0,normal,0.0,normal,0.0,normal,0.0,NORMAL,0.4,0.0,100,normal,YES,PASS,0.0,0.0,0.02,0.0,
15:12:44.575,1.0282,1.0143,1.004,0.0,normal,0.0,normal,0.0,normal,0.0,NORMAL,0.2,0.0,100,normal,YES,PASS,0.0,0.0,0.011,0.0,
15:12:44.794,1.0172,1.0121,1.0014,0.0,normal,0.0,normal,0.0,normal,0.0,NORMAL,0.1,0.0,100,normal,YES,PASS,0.0,0.0,0.007,0.0,
15:12:45.027,1.0132,1.0036,1.0066,0.0,normal,0.0,normal,0.0,normal,0.0,NORMAL,0.1,0.0,100,normal,YES,PASS,0.0,0.0,0.005,0.0,
15:12:45.231,1.0028,1.0112,1.0044,0.0,normal,0.0,normal,0.0,normal,0.0,NORMAL,0.0,0.0,100,normal,YES,PASS,0.0,0.0,0.001,0.0,
15:12:45.448,1.043,1.0038,1.0034,0.0,normal,0.0,normal,0.0,normal,0.0,NORMAL,0.3,0.0,100,normal,YES,PASS,0.0,0.0,0.017,0.0,
15:12:45.680,1.0543,1.0106,1.0114,0.0,normal,0.0,normal,0.0,normal,0.0,NORMAL,0.4,0.0,100,normal,YES,PASS,0.0,0.0,0.022,0.0,
15:12:45.891,1.0459,1.0014,1.0005,0.0,normal,0.0,normal,0.0,normal,0.0,NORMAL,0.4,0.0,100,normal,YES,PASS,0.0,0.0,0.018,0.0,
15:12:46.113,1.0131,1.0017,1.0055,0.0,normal,0.0,normal,0.0,normal,0.0,NORMAL,0.1,0.0,100,normal,YES,PASS,0.0,0.0,0.005,0.0,
15:12:46.329,1.0199,1.0084,1.0088,0.0,normal,0.0,normal,0.0,normal,0.0,NORMAL,0.2,0.0,100,normal,YES,PASS,0.0,0.0,0.008,0.0,
15:12:46.561,1.059,1.015,1.0033,0.0,normal,0.0,normal,0.0,normal,0.0,NORMAL,0.5,0.0,100,normal,YES,PASS,0.0,0.0,0.024,0.0,
15:12:46.791,1.0364,1.0052,1.0062,0.0,normal,0.0,normal,0.0,normal,0.0,NORMAL,0.3,0.0,100,normal,YES,PASS,0.0,0.0,0.015,0.0,
15:12:47.024,1.0434,1.0141,1.0143,0.0,normal,0.0,normal,0.0,normal,0.0,NORMAL,0.3,0.0,100,normal,YES,PASS,0.0,0.0,0.017,0.0,
15:12:47.238,1.0285,1.0017,1.008,0.0,normal,0.0,normal,0.0,normal,0.0,NORMAL,0.2,0.0,100,normal,YES,PASS,0.0,0.0,0.011,0.0,
15:12:47.465,1.0299,1.0103,1.0049,0.0,normal,0.0,normal,0.0,normal,0.0,NORMAL,0.2,0.0,100,normal,YES,PASS,0.0,0.0,0.012,0.0,
15:12:47.689,1.0074,1.0078,1.0116,0.0,normal,0.0,normal,0.0,normal,0.0,NORMAL,0.1,0.0,100,normal,YES,PASS,0.0,0.0,0.003,0.0,
15:12:47.904,1.0489,1.0084,1.0051,0.0,normal,0.0,normal,0.0,normal,0.0,NORMAL,0.4,0.0,100,normal,YES,PASS,0.0,0.0,0.02,0.0,
15:12:48.127,1.029,1.0039,1.0005,0.0,normal,0.0,normal,0.0,normal,0.0,NORMAL,0.2,0.0,100,normal,YES,PASS,0.0,0.0,0.012,0.0,
15:12:48.351,1.0296,1.0105,1.0016,0.0,normal,0.0,normal,0.0,normal,0.0,NORMAL,0.2,0.0,100,normal,YES,PASS,0.0,0.0,0.012,0.0,
15:12:48.578,1.049,1.0028,1.0131,0.0,normal,0.0,normal,0.0,normal,0.0,NORMAL,0.4,0.0,100,normal,YES,PASS,0.0,0.0,0.02,0.0,
15:12:48.797,1.075,1.0047,1.0122,0.0,normal,0.0,normal,0.0,normal,0.0,NORMAL,0.6,0.0,100,normal,YES,PASS,0.0,0.0,0.03,0.0,
15:12:49.008,1.0226,1.0088,1.0096,0.0,normal,0.0,normal,0.0,normal,0.0,NORMAL,0.2,0.0,100,normal,YES,PASS,0.0,0.0,0.009,0.0,
15:12:49.234,1.0339,1.0021,1.0037,0.0,normal,0.0,normal,0.0,normal,0.0,NORMAL,0.3,0.0,100,normal,YES,PASS,0.0,0.0,0.014,0.0,
15:12:49.462,1.0186,1.0058,1.0031,0.0,normal,0.0,normal,0.0,normal,0.0,NORMAL,0.1,0.0,100,normal,YES,PASS,0.0,0.0,0.007,0.0,
15:12:49.685,1.0213,1.0056,1.0073,0.0,normal,0.0,normal,0.0,normal,0.0,NORMAL,0.2,0.0,100,normal,YES,PASS,0.0,0.0,0.009,0.0,
15:12:49.908,1.005,1.0121,1.0021,0.0,normal,0.0,normal,0.0,normal,0.0,NORMAL,0.0,0.0,100,normal,YES,PASS,0.0,0.0,0.002,0.0,
15:12:50.147,1.0106,1.0052,1.0106,0.0,normal,0.0,normal,0.0,normal,0.0,NORMAL,0.1,0.0,100,normal,YES,PASS,0.0,0.0,0.004,0.0,
15:12:50.361,1.0183,1.0025,1.0007,0.0,normal,0.0,normal,0.0,normal,0.0,NORMAL,0.1,0.0,100,normal,YES,PASS,0.0,0.0,0.007,0.0,
15:12:50.592,1.0176,1.003,1.0122,0.0,normal,0.0,normal,0.0,normal,0.0,NORMAL,0.1,0.0,100,normal,YES,PASS,0.0,0.0,0.007,0.0,
15:12:50.798,1.0503,1.0139,1.007,0.0,normal,0.0,normal,0.0,normal,0.0,NORMAL,0.4,0.0,100,normal,YES,PASS,0.0,0.0,0.02,0.0,
15:12:51.016,1.0191,1.0103,1.0033,0.0,normal,0.0,normal,0.0,normal,0.0,NORMAL,0.2,0.0,100,normal,YES,PASS,0.0,0.0,0.008,0.0,
15:12:51.232,1.0052,1.0035,1.0103,0.0,normal,0.0,normal,0.0,normal,0.0,NORMAL,0.0,0.0,100,normal,YES,PASS,0.0,0.0,0.002,0.0,
15:12:51.462,1.0099,1.0083,1.0022,0.0,normal,0.0,normal,0.0,normal,0.0,NORMAL,0.1,0.0,100,normal,YES,PASS,0.0,0.0,0.004,0.0,
15:12:51.693,1.0427,1.0056,1.0101,0.0,normal,0.0,normal,0.0,normal,0.0,NORMAL,0.3,0.0,100,normal,YES,PASS,0.0,0.0,0.017,0.0,
15:12:51.924,1.0118,1.0029,1.0044,0.0,normal,0.0,normal,0.0,normal,0.0,NORMAL,0.1,0.0,100,normal,YES,PASS,0.0,0.0,0.005,0.0,
15:12:52.149,1.0436,1.0042,1.0043,0.0,normal,0.0,normal,0.0,normal,0.0,NORMAL,0.3,0.0,100,normal,YES,PASS,0.0,0.0,0.017,0.0,
15:12:52.358,1.028,1.0101,1.0061,5.0,pothole,1.0,normal,0.0,normal,0.0,NORMAL,12.4,0.06,100,pothole,YES,PASS,0.0,0.405,0.011,0.0,
15:12:52.587,1.022,1.0071,1.0024,0.0,normal,0.0,normal,0.0,normal,0.0,NORMAL,9.0,0.0,100,normal,YES,PASS,0.0,0.296,0.009,0.0,
15:12:52.790,1.0022,1.0148,1.0058,0.0,normal,0.0,normal,0.0,normal,0.0,NORMAL,6.5,0.0,100,normal,YES,PASS,0.0,0.216,0.001,0.0,
15:12:53.026,1.0306,1.0099,1.0066,0.0,normal,0.0,normal,0.0,normal,0.0,NORMAL,5.0,0.0,100,normal,YES,PASS,0.0,0.158,0.012,0.0,
15:12:53.239,1.0402,1.0036,1.016,0.0,normal,0.0,normal,0.0,normal,0.0,NORMAL,3.8,0.0,100,normal,YES,PASS,0.0,0.115,0.016,0.0,
15:12:53.466,1.005,1.0001,1.0021,0.0,normal,0.0,normal,0.0,normal,0.0,NORMAL,2.6,0.0,100,normal,YES,PASS,0.0,0.084,0.002,0.0,
15:12:53.698,1.0366,1.008,1.0064,0.0,normal,0.0,normal,0.0,normal,0.0,NORMAL,2.1,0.0,100,normal,YES,PASS,0.0,0.061,0.015,0.0,
15:12:53.911,1.064,1.0117,1.0053,0.0,normal,0.0,normal,0.0,normal,0.0,NORMAL,1.9,0.0,100,normal,YES,PASS,0.0,0.045,0.026,0.0,
15:12:54.126,1.0139,1.0091,1.0164,0.0,normal,0.0,normal,0.0,normal,0.0,NORMAL,1.1,0.0,100,normal,YES,PASS,0.0,0.033,0.006,0.0,
15:12:54.347,1.0005,1.0083,1.0048,0.0,normal,0.0,normal,0.0,normal,0.0,NORMAL,0.7,0.0,100,normal,YES,PASS,0.0,0.024,0.0,0.0,
15:12:54.590,1.0396,1.0147,1.0034,0.0,normal,0.0,normal,0.0,normal,0.0,NORMAL,0.8,0.0,100,normal,YES,PASS,0.0,0.017,0.016,0.0,
15:12:54.811,1.0466,1.0055,1.0106,0.0,normal,0.0,normal,0.0,normal,0.0,NORMAL,0.8,0.0,100,normal,YES,PASS,0.0,0.013,0.019,0.0,
15:12:55.027,1.0081,1.0,1.0082,0.0,normal,0.0,normal,0.0,normal,0.0,NORMAL,0.3,0.0,100,normal,YES,PASS,0.0,0.009,0.003,0.0,
15:12:55.239,1.0334,1.0068,1.0044,0.0,normal,0.0,normal,0.0,normal,0.0,NORMAL,0.5,0.0,100,normal,YES,PASS,0.0,0.007,0.013,0.0,
15:12:55.436,1.0395,1.0119,1.0068,0.0,normal,0.0,normal,0.0,normal,0.0,NORMAL,0.5,0.0,100,normal,YES,PASS,0.0,0.005,0.016,0.0,
15:12:55.663,1.069,1.0122,1.0087,0.0,normal,0.0,normal,0.0,normal,0.0,NORMAL,0.7,0.0,100,normal,YES,PASS,0.0,0.004,0.028,0.0,
15:12:55.865,1.0566,1.009,1.0019,0.0,normal,0.0,normal,0.0,normal,0.0,NORMAL,0.5,0.0,100,normal,YES,PASS,0.0,0.003,0.023,0.0,
15:12:56.076,1.0401,1.0117,1.0112,0.0,normal,0.0,normal,0.0,normal,0.0,NORMAL,0.4,0.0,100,normal,YES,PASS,0.0,0.002,0.016,0.0,
15:12:56.281,1.0162,1.0026,1.0007,0.0,normal,0.0,normal,0.0,normal,0.0,NORMAL,0.2,0.0,100,normal,YES,PASS,0.0,0.001,0.006,0.0,
15:12:56.494,1.0321,1.0031,1.001,0.0,normal,0.0,normal,0.0,normal,0.0,NORMAL,0.3,0.0,100,normal,YES,PASS,0.0,0.001,0.013,0.0,
15:12:56.713,1.0303,1.0112,1.011,0.0,normal,0.0,normal,0.0,normal,0.0,NORMAL,0.3,0.0,100,normal,YES,PASS,0.0,0.001,0.012,0.0,
15:12:56.910,1.0351,1.0017,1.0031,0.0,normal,0.0,normal,0.0,normal,0.0,NORMAL,0.3,0.0,100,normal,YES,PASS,0.0,0.001,0.014,0.0,
15:12:57.114,1.041,1.0,1.0115,0.0,normal,0.0,normal,0.0,normal,0.0,NORMAL,0.3,0.0,100,normal,YES,PASS,0.0,0.0,0.016,0.0,
15:12:57.336,1.0172,1.0011,1.0096,0.0,normal,0.0,normal,0.0,normal,0.0,NORMAL,0.1,0.0,100,normal,YES,PASS,0.0,0.0,0.007,0.0,
15:12:57.555,1.0247,1.0034,1.0094,0.0,normal,0.0,normal,0.0,normal,0.0,NORMAL,0.2,0.0,100,normal,YES,PASS,0.0,0.0,0.01,0.0,
15:12:57.773,1.0014,1.0061,1.0083,0.0,normal,0.0,normal,0.0,normal,0.0,NORMAL,0.0,0.0,100,normal,YES,PASS,0.0,0.0,0.001,0.0,
15:12:57.988,1.0597,1.0024,1.009,0.0,normal,0.0,normal,0.0,normal,0.0,NORMAL,0.5,0.0,100,normal,YES,PASS,0.0,0.0,0.024,0.0,
15:12:58.200,1.0148,1.0007,1.0113,2.1136,speed_hump,0.5568,normal,0.0,normal,0.0,NORMAL,5.3,0.03,100,speed_hump,YES,PASS,0.0,0.171,0.006,0.0,
15:12:58.420,1.0004,1.023,1.0117,2.1136,speed_hump,0.5568,normal,0.0,normal,0.0,NORMAL,8.9,0.04,100,speed_hump,YES,PASS,0.0,0.296,0.0,0.0,
15:12:58.647,1.0558,1.0023,1.0006,2.1136,speed_hump,0.5568,normal,0.0,normal,0.0,CAUTION,12.1,0.06,97,speed_hump,NO,BLOCKED,0.0,0.388,0.022,0.0,
15:12:58.889,1.0002,1.0086,1.0029,2.1136,speed_hump,0.5568,normal,0.0,normal,0.0,CAUTION,13.6,0.07,97,speed_hump,NO,BLOCKED,0.0,0.454,0.0,0.0,
15:12:59.109,1.0263,1.0028,1.0,0.0,normal,0.0,normal,0.0,normal,0.0,CAUTION,10.2,0.0,100,braking,NO,BLOCKED,0.0,0.331,0.011,0.0,
15:12:59.329,1.0061,1.0113,1.0014,0.0,normal,0.0,normal,0.0,normal,0.0,CAUTION,7.3,0.0,100,braking,NO,BLOCKED,0.0,0.242,0.002,0.0,
15:12:59.571,1.0442,1.0067,1.0074,0.0,normal,0.0,normal,0.0,normal,0.0,NORMAL,5.7,0.0,100,normal,YES,PASS,0.0,0.177,0.018,0.0,
15:12:59.798,1.0488,1.0027,1.0122,0.0,normal,0.0,normal,0.0,normal,0.0,NORMAL,4.3,0.0,100,normal,YES,PASS,0.0,0.129,0.02,0.0,
15:13:00.034,1.0159,1.0118,1.0094,0.0,normal,0.0,normal,0.0,normal,0.0,NORMAL,2.9,0.0,100,normal,YES,PASS,0.0,0.094,0.006,0.0,
15:13:00.256,1.0386,1.009,1.0074,0.0,normal,0.0,normal,0.0,normal,0.0,NORMAL,2.4,0.0,100,normal,YES,PASS,0.0,0.069,0.015,0.0,
15:13:00.475,1.0579,1.0033,1.0001,0.0,normal,0.0,normal,0.0,normal,0.0,NORMAL,2.0,0.0,100,normal,YES,PASS,0.0,0.05,0.023,0.0,
15:13:00.696,1.0229,1.0016,1.0074,0.0,normal,0.0,normal,0.0,normal,0.0,NORMAL,1.3,0.0,100,normal,YES,PASS,0.0,0.037,0.009,0.0,
15:13:00.921,1.0272,1.0037,1.0055,0.0,normal,0.0,normal,0.0,normal,0.0,NORMAL,1.0,0.0,100,normal,YES,PASS,0.0,0.027,0.011,0.0,
15:13:01.129,1.0453,1.0146,1.0141,0.0,normal,0.0,normal,0.0,normal,0.0,NORMAL,0.9,0.0,100,normal,YES,PASS,0.0,0.019,0.018,0.0,
15:13:01.340,1.0363,1.0094,1.0078,0.0,normal,0.0,normal,0.0,normal,0.0,NORMAL,0.7,0.0,100,normal,YES,PASS,0.0,0.014,0.015,0.0,
15:13:01.557,1.0401,1.0085,1.0038,0.0,normal,0.0,normal,0.0,normal,0.0,NORMAL,0.6,0.0,100,normal,YES,PASS,0.0,0.01,0.016,0.0,
15:13:01.778,1.0057,1.0016,1.0011,0.0,normal,0.0,normal,0.0,normal,0.0,NORMAL,0.3,0.0,100,normal,YES,PASS,0.0,0.008,0.002,0.0,
15:13:02.003,1.0402,1.0085,1.0053,0.0,normal,0.0,normal,0.0,normal,0.0,NORMAL,0.5,0.0,100,normal,YES,PASS,0.0,0.006,0.016,0.0,
15:13:02.221,1.0405,1.0032,1.007,0.0,normal,0.0,normal,0.0,normal,0.0,NORMAL,0.4,0.0,100,normal,YES,PASS,0.0,0.004,0.016,0.0,
15:13:02.445,1.0114,1.0043,1.0027,0.0,normal,0.0,normal,0.0,normal,0.0,NORMAL,0.2,0.0,100,normal,YES,PASS,0.0,0.003,0.005,0.0,
15:13:02.668,1.0283,1.0095,1.0059,0.0,normal,0.0,normal,0.0,normal,0.0,NORMAL,0.3,0.0,100,normal,YES,PASS,0.0,0.002,0.011,0.0,
15:13:02.879,1.021,1.0018,1.0009,0.0,normal,0.0,normal,0.0,normal,0.0,NORMAL,0.2,0.0,100,normal,YES,PASS,0.0,0.002,0.008,0.0,
15:13:03.104,1.0223,1.0055,1.0015,0.0,normal,0.0,normal,0.0,normal,0.0,NORMAL,0.2,0.0,100,normal,YES,PASS,0.0,0.001,0.009,0.0,
15:13:03.319,1.0163,1.0131,1.0044,0.0,normal,0.0,normal,0.0,normal,0.0,NORMAL,0.2,0.0,100,normal,YES,PASS,0.0,0.001,0.007,0.0,
15:13:03.780,1.0346,1.004,1.0002,0.0,normal,0.0,normal,0.0,normal,0.0,NORMAL,0.3,0.0,100,normal,YES,PASS,0.0,0.001,0.014,0.0,
15:13:04.032,1.0239,1.005,1.0046,0.0,normal,0.0,normal,0.0,normal,0.0,NORMAL,0.2,0.0,100,normal,YES,PASS,0.0,0.0,0.01,0.0,
15:13:04.255,1.0101,1.0025,1.0041,0.0,normal,0.0,normal,0.0,normal,0.0,NORMAL,0.1,0.0,100,normal,YES,PASS,0.0,0.0,0.004,0.0,
15:13:04.479,1.0383,1.0026,1.0044,0.0,normal,0.0,normal,0.0,normal,0.0,NORMAL,0.3,0.0,100,normal,YES,PASS,0.0,0.0,0.015,0.0,
15:13:04.706,1.0553,1.0104,1.0033,0.0,normal,0.0,normal,0.0,normal,0.0,NORMAL,0.4,0.0,100,normal,YES,PASS,0.0,0.0,0.022,0.0,
15:13:04.907,1.0377,1.0075,1.0079,0.0,normal,0.0,normal,0.0,normal,0.0,NORMAL,0.3,0.0,100,normal,YES,PASS,0.0,0.0,0.015,0.0,
15:13:05.129,1.0103,1.0009,1.0004,0.0,normal,0.0,normal,0.0,normal,0.0,NORMAL,0.1,0.0,100,normal,YES,PASS,0.0,0.0,0.004,0.0,
15:13:05.358,1.0341,1.0113,1.0011,0.0,normal,0.0,normal,0.0,normal,0.0,NORMAL,0.3,0.0,100,normal,YES,PASS,0.0,0.0,0.014,0.0,
15:13:05.580,1.036,1.0018,1.0018,0.0,normal,0.0,normal,0.0,normal,0.0,NORMAL,0.3,0.0,100,normal,YES,PASS,0.0,0.0,0.014,0.0,
15:13:05.791,1.0413,1.0065,1.0076,0.0,normal,0.0,normal,0.0,normal,0.0,NORMAL,0.3,0.0,100,normal,YES,PASS,0.0,0.0,0.017,0.0,
15:13:06.014,1.0492,1.0108,1.0053,0.0,normal,0.0,normal,0.0,normal,0.0,NORMAL,0.4,0.0,100,normal,YES,PASS,0.0,0.0,0.02,0.0,
15:13:06.238,1.0587,1.001,1.0066,0.0,normal,0.0,normal,0.0,normal,0.0,NORMAL,0.5,0.0,100,normal,YES,PASS,0.0,0.0,0.023,0.0,
15:13:06.478,1.0583,1.0052,1.0018,0.0,normal,0.0,normal,0.0,normal,0.0,NORMAL,0.5,0.0,100,normal,YES,PASS,0.0,0.0,0.023,0.0,
15:13:06.696,1.0446,1.0056,1.0035,0.0,normal,0.0,normal,0.0,normal,0.0,NORMAL,0.4,0.0,100,normal,YES,PASS,0.0,0.0,0.018,0.0,
15:13:06.900,1.0354,1.0056,1.0025,0.0,normal,0.0,normal,0.0,normal,0.0,NORMAL,0.3,0.0,100,normal,YES,PASS,0.0,0.0,0.014,0.0,
15:13:07.128,1.0032,1.0076,1.0057,0.0,normal,0.0,normal,0.0,normal,0.0,NORMAL,0.0,0.0,100,normal,YES,PASS,0.0,0.0,0.001,0.0,
15:13:07.342,1.0316,1.0048,1.0025,0.0,normal,0.0,normal,0.0,normal,0.0,NORMAL,0.3,0.0,100,normal,YES,PASS,0.0,0.0,0.013,0.0,
15:13:07.570,1.0372,1.0103,1.0002,0.0,normal,0.0,normal,0.0,normal,0.0,NORMAL,0.3,0.0,100,normal,YES,PASS,0.0,0.0,0.015,0.0,
15:13:07.797,1.0436,1.0036,1.0011,0.0,normal,0.0,normal,0.0,normal,0.0,NORMAL,0.3,0.0,100,normal,YES,PASS,0.0,0.0,0.017,0.0,
15:13:08.020,1.0148,1.0119,1.0106,0.0,normal,0.0,normal,0.0,normal,0.0,NORMAL,0.1,0.0,100,normal,YES,PASS,0.0,0.0,0.006,0.0,
15:13:08.248,1.0222,1.0076,1.0131,0.0,normal,0.0,normal,0.0,normal,0.0,NORMAL,0.2,0.0,100,normal,YES,PASS,0.0,0.0,0.009,0.0,
15:13:08.462,1.0448,1.0117,1.0003,0.0,normal,0.0,normal,0.0,normal,0.0,NORMAL,0.4,0.0,100,normal,YES,PASS,0.0,0.0,0.018,0.0,
15:13:08.682,1.0008,1.0038,1.0063,0.0,normal,0.0,normal,0.0,normal,0.0,NORMAL,0.0,0.0,100,normal,YES,PASS,0.0,0.0,0.0,0.0,
15:13:08.906,1.0249,1.0147,1.0059,0.0,normal,0.0,normal,0.0,normal,0.0,NORMAL,0.2,0.0,100,normal,YES,PASS,0.0,0.0,0.01,0.0,
15:13:09.126,1.0043,1.0063,1.013,0.0,normal,0.0,normal,0.0,normal,0.0,NORMAL,0.0,0.0,100,normal,YES,PASS,0.0,0.0,0.002,0.0,
15:13:09.337,1.0539,1.0064,1.009,0.0,normal,0.0,normal,0.0,normal,0.0,NORMAL,0.4,0.0,100,normal,YES,PASS,0.0,0.0,0.022,0.0,
15:13:09.555,1.0271,1.0093,1.0072,0.0,normal,0.0,normal,0.0,normal,0.0,NORMAL,0.2,0.0,100,normal,YES,PASS,0.0,0.0,0.011,0.0,
15:13:09.776,1.0469,1.0094,1.0067,0.0,normal,0.0,normal,0.0,normal,0.0,NORMAL,0.4,0.0,100,normal,YES,PASS,0.0,0.0,0.019,0.0,
15:13:09.998,1.0631,1.0085,1.0042,0.0,normal,0.0,normal,0.0,normal,0.0,NORMAL,0.5,0.0,100,normal,YES,PASS,0.0,0.0,0.025,0.0,
15:13:10.207,1.0158,1.0082,1.0102,0.0,normal,0.0,normal,0.0,normal,0.0,NORMAL,0.1,0.0,100,normal,YES,PASS,0.0,0.0,0.006,0.0,
15:13:10.433,1.0171,1.0014,1.0007,5.0,pothole,1.0,normal,0.0,normal,0.0,NORMAL,12.3,0.06,100,pothole,YES,PASS,0.0,0.405,0.007,0.0,
15:13:10.657,1.0105,1.0071,1.0064,5.0,pothole,1.0,normal,0.0,normal,0.0,NORMAL,21.1,0.11,100,pothole,YES,PASS,0.0,0.701,0.004,0.0,
15:13:10.889,1.003,1.0072,1.0044,5.0,pothole,1.0,normal,0.0,normal,0.0,CAUTION,27.5,0.14,93,pothole,NO,BLOCKED,0.0,0.917,0.001,0.0,
15:13:11.116,1.044,1.0132,1.0147,5.0,pothole,1.0,normal,0.0,normal,0.0,CAUTION,30.4,0.15,92,pothole,NO,BLOCKED,0.0,1.0,0.018,0.0,
15:13:11.348,1.0467,1.0038,1.0039,5.0,pothole,1.0,speed_hump,0.5091,normal,0.0,CAUTION,48.2,0.24,88,speed_hump,NO,BLOCKED,0.0,1.0,0.019,0.509,
15:13:11.588,1.0007,1.0059,1.0029,5.0,pothole,1.0,speed_hump,0.5091,normal,0.0,CAUTION,47.8,0.24,88,speed_hump,NO,BLOCKED,0.0,1.0,0.0,0.509,
15:13:11.809,1.0122,1.0046,1.0109,0.0,normal,0.0,speed_hump,0.5091,normal,0.0,CAUTION,45.8,0.23,89,speed_hump,NO,BLOCKED,0.0,0.929,0.005,0.509,
15:13:12.024,1.0021,1.0033,1.0082,5.0,pothole,1.0,speed_hump,0.5091,normal,0.0,CAUTION,47.8,0.24,88,speed_hump,NO,BLOCKED,0.0,1.0,0.001,0.509,
15:13:12.262,1.0663,1.0011,1.0092,0.0,normal,0.0,speed_hump,0.5091,normal,0.0,CAUTION,42.1,0.21,89,speed_hump,NO,BLOCKED,0.0,0.791,0.027,0.509,
15:13:12.478,1.0386,1.0087,1.0055,0.0,normal,0.0,speed_hump,0.5091,normal,0.0,CAUTION,35.4,0.18,91,speed_hump,NO,BLOCKED,0.0,0.577,0.015,0.509,
15:13:12.699,1.0009,1.004,1.0094,0.0,normal,0.0,speed_hump,0.5091,normal,0.0,CAUTION,30.5,0.15,92,speed_hump,NO,BLOCKED,0.0,0.421,0.0,0.509,
15:13:12.918,1.0075,1.0069,1.008,0.0,normal,0.0,normal,0.0,normal,0.0,CAUTION,9.3,0.0,100,braking,NO,BLOCKED,0.0,0.307,0.003,0.0,
15:13:13.138,1.0512,1.0075,1.0045,0.0,normal,0.0,normal,0.0,normal,0.0,CAUTION,7.1,0.0,100,braking,NO,BLOCKED,0.0,0.224,0.02,0.0,
15:13:13.347,1.0535,1.0084,1.015,0.0,normal,0.0,normal,0.0,normal,0.0,NORMAL,5.3,0.0,100,normal,YES,PASS,0.0,0.164,0.021,0.0,
15:13:13.574,1.0347,1.0119,1.0073,0.0,normal,0.0,normal,0.0,normal,0.0,NORMAL,3.9,0.0,100,normal,YES,PASS,0.0,0.12,0.014,0.0,
15:13:13.787,1.0454,1.0086,1.0033,0.0,normal,0.0,normal,0.0,normal,0.0,NORMAL,3.0,0.0,100,normal,YES,PASS,0.0,0.087,0.018,0.0,
15:13:13.992,1.0078,1.005,1.006,0.0,normal,0.0,normal,0.0,normal,0.0,NORMAL,2.0,0.0,100,normal,YES,PASS,0.0,0.064,0.003,0.0,
15:13:14.210,1.05,1.0099,1.0,0.0,normal,0.0,normal,0.0,normal,0.0,NORMAL,1.8,0.0,100,normal,YES,PASS,0.0,0.046,0.02,0.0,
15:13:14.426,1.0106,1.0119,1.0062,0.0,normal,0.0,normal,0.0,normal,0.0,NORMAL,1.1,0.0,100,normal,YES,PASS,0.0,0.034,0.004,0.0,
15:13:14.649,1.0265,1.0105,1.0036,0.0,normal,0.0,normal,0.0,normal,0.0,NORMAL,1.0,0.0,100,normal,YES,PASS,0.0,0.025,0.011,0.0,
15:13:14.861,1.0139,1.0071,1.0084,0.0,normal,0.0,normal,0.0,normal,0.0,NORMAL,0.7,0.0,100,normal,YES,PASS,0.0,0.018,0.006,0.0,
15:13:15.085,1.0234,1.0006,1.0043,0.0,normal,0.0,normal,0.0,normal,0.0,NORMAL,0.6,0.0,100,normal,YES,PASS,0.0,0.013,0.009,0.0,
15:13:15.302,1.0432,1.0035,1.0025,0.0,normal,0.0,normal,0.0,normal,0.0,NORMAL,0.6,0.0,100,normal,YES,PASS,0.0,0.01,0.017,0.0,
15:13:15.509,1.0273,1.0057,1.007,0.0,normal,0.0,normal,0.0,normal,0.0,NORMAL,0.4,0.0,100,normal,YES,PASS,0.0,0.007,0.011,0.0,
15:13:15.712,1.0432,1.0097,1.0038,0.0,normal,0.0,normal,0.0,normal,0.0,NORMAL,0.5,0.0,100,normal,YES,PASS,0.0,0.005,0.017,0.0,
15:13:15.932,1.0029,1.0093,1.0093,0.0,normal,0.0,normal,0.0,normal,0.0,NORMAL,0.1,0.0,100,normal,YES,PASS,0.0,0.004,0.001,0.0,
15:13:16.147,1.013,1.013,1.0057,0.0,normal,0.0,normal,0.0,normal,0.0,NORMAL,0.2,0.0,100,normal,YES,PASS,0.0,0.003,0.005,0.0,
15:13:16.366,1.0721,1.0065,1.0062,0.0,normal,0.0,normal,0.0,normal,0.0,NORMAL,0.6,0.0,100,normal,YES,PASS,0.0,0.002,0.029,0.0,
15:13:16.574,1.0011,1.0089,1.0094,0.0,normal,0.0,normal,0.0,normal,0.0,NORMAL,0.1,0.0,100,normal,YES,PASS,0.0,0.001,0.0,0.0,
15:13:16.793,1.062,1.0082,1.0103,0.0,normal,0.0,normal,0.0,normal,0.0,NORMAL,0.5,0.0,100,normal,YES,PASS,0.0,0.001,0.025,0.0,
15:13:16.994,1.0409,1.0117,1.0039,0.0,normal,0.0,normal,0.0,normal,0.0,NORMAL,0.4,0.0,100,normal,YES,PASS,0.0,0.001,0.016,0.0,
15:13:17.220,1.0528,1.0046,1.0139,0.0,normal,0.0,normal,0.0,normal,0.0,NORMAL,0.4,0.0,100,normal,YES,PASS,0.0,0.001,0.021,0.0,
15:13:17.439,1.0221,1.0095,1.0069,4.4126,pothole,0.7063,normal,0.0,normal,0.0,NORMAL,10.9,0.05,100,pothole,YES,PASS,0.0,0.358,0.009,0.0,
15:13:17.658,1.0169,1.0116,1.0004,4.4126,pothole,0.7063,normal,0.0,normal,0.0,NORMAL,18.7,0.09,100,pothole,YES,PASS,0.0,0.619,0.007,0.0,
15:13:17.878,1.029,1.0054,1.0125,4.4126,pothole,0.7063,normal,0.0,normal,0.0,CAUTION,24.5,0.12,94,pothole,NO,BLOCKED,0.0,0.809,0.012,0.0,
15:13:18.090,1.0108,1.0031,1.004,4.4126,pothole,0.7063,normal,0.0,normal,0.0,CAUTION,28.5,0.14,93,pothole,NO,BLOCKED,0.0,0.948,0.004,0.0,
15:13:18.302,1.0305,1.0019,1.0084,4.4126,pothole,0.7063,normal,0.0,normal,0.0,CAUTION,30.2,0.15,92,pothole,NO,BLOCKED,0.0,1.0,0.012,0.0,
15:13:18.528,1.0379,1.0,1.0087,4.4126,pothole,0.7063,normal,0.0,normal,0.0,CAUTION,30.3,0.15,92,pothole,NO,BLOCKED,0.0,1.0,0.015,0.0,
15:13:18.738,1.0322,1.0012,1.004,0.0,normal,0.0,normal,0.0,normal,0.0,CAUTION,24.9,0.0,100,braking,NO,BLOCKED,0.0,0.82,0.013,0.0,
15:13:18.973,1.0164,1.0051,1.0041,0.0,normal,0.0,normal,0.0,normal,0.0,CAUTION,18.1,0.0,100,braking,NO,BLOCKED,0.0,0.599,0.007,0.0,
15:13:19.195,1.0488,1.0109,1.0081,0.0,normal,0.0,normal,0.0,normal,0.0,NORMAL,13.5,0.0,100,normal,YES,PASS,0.0,0.437,0.02,0.0,
15:13:19.412,1.0487,1.0017,1.0058,0.0,normal,0.0,normal,0.0,normal,0.0,NORMAL,10.0,0.0,100,normal,YES,PASS,0.0,0.319,0.019,0.0,
15:13:19.625,1.0312,1.0084,1.0041,0.0,normal,0.0,normal,0.0,normal,0.0,NORMAL,7.2,0.0,100,normal,YES,PASS,0.0,0.233,0.012,0.0,
15:13:19.845,1.0103,1.0052,1.0038,0.0,normal,0.0,normal,0.0,normal,0.0,NORMAL,5.2,0.0,100,normal,YES,PASS,0.0,0.17,0.004,0.0,
15:13:20.058,1.0271,1.0021,1.0072,0.0,normal,0.0,normal,0.0,normal,0.0,NORMAL,3.9,0.0,100,normal,YES,PASS,0.0,0.124,0.011,0.0,
15:13:20.281,1.0135,1.0012,1.0094,0.0,normal,0.0,normal,0.0,normal,0.0,NORMAL,2.8,0.0,100,normal,YES,PASS,0.0,0.09,0.005,0.0,
15:13:20.504,1.0468,1.0047,1.0114,0.0,normal,0.0,normal,0.0,normal,0.0,NORMAL,2.4,0.0,100,normal,YES,PASS,0.0,0.066,0.019,0.0,
15:13:20.720,1.0453,1.0027,1.006,0.0,normal,0.0,normal,0.0,normal,0.0,NORMAL,1.8,0.0,100,normal,YES,PASS,0.0,0.048,0.018,0.0,
15:13:20.939,1.0652,1.002,1.011,0.0,normal,0.0,normal,0.0,normal,0.0,NORMAL,1.6,0.0,100,normal,YES,PASS,0.0,0.035,0.026,0.0,
15:13:21.159,1.0031,1.0002,1.0052,0.0,normal,0.0,normal,0.0,normal,0.0,NORMAL,0.8,0.0,100,normal,YES,PASS,0.0,0.026,0.001,0.0,
15:13:21.387,1.0123,1.0031,1.0121,2.4313,speed_hump,0.7157,normal,0.0,normal,0.0,NORMAL,6.6,0.03,100,speed_hump,YES,PASS,0.0,0.216,0.005,0.0,
15:13:21.607,1.025,1.0038,1.0015,0.0,normal,0.0,normal,0.0,normal,0.0,NORMAL,4.9,0.0,100,normal,YES,PASS,0.0,0.157,0.01,0.0,
15:13:21.814,1.0251,1.0114,1.0038,0.0,normal,0.0,normal,0.0,normal,0.0,NORMAL,3.6,0.0,100,normal,YES,PASS,0.0,0.115,0.01,0.0,
15:13:22.015,1.0123,1.0063,1.0031,0.0,normal,0.0,normal,0.0,normal,0.0,NORMAL,2.6,0.0,100,normal,YES,PASS,0.0,0.084,0.005,0.0,
15:13:22.241,1.0497,1.0033,1.0014,0.0,normal,0.0,normal,0.0,normal,0.0,NORMAL,2.2,0.0,100,normal,YES,PASS,0.0,0.061,0.02,0.0,
15:13:22.471,1.0384,1.001,1.0067,0.0,normal,0.0,normal,0.0,normal,0.0,NORMAL,1.6,0.0,100,normal,YES,PASS,0.0,0.045,0.015,0.0,
15:13:22.678,1.0075,1.0048,1.0023,0.0,normal,0.0,normal,0.0,normal,0.0,NORMAL,1.0,0.0,100,normal,YES,PASS,0.0,0.033,0.003,0.0,
15:13:22.894,1.0115,1.0115,1.0149,0.0,normal,0.0,normal,0.0,normal,0.0,NORMAL,0.8,0.0,100,normal,YES,PASS,0.0,0.024,0.005,0.0,
15:13:23.096,1.0306,1.0029,1.0051,0.0,normal,0.0,normal,0.0,normal,0.0,NORMAL,0.8,0.0,100,normal,YES,PASS,0.0,0.017,0.012,0.0,
15:13:23.302,1.0444,1.008,1.0026,0.0,normal,0.0,normal,0.0,normal,0.0,NORMAL,0.7,0.0,100,normal,YES,PASS,0.0,0.013,0.018,0.0,
15:13:23.506,1.0633,1.0013,1.0139,0.0,normal,0.0,normal,0.0,normal,0.0,NORMAL,0.8,0.0,100,normal,YES,PASS,0.0,0.009,0.025,0.0,
15:13:23.723,1.021,1.0008,1.0034,0.0,normal,0.0,normal,0.0,normal,0.0,NORMAL,0.4,0.0,100,normal,YES,PASS,0.0,0.007,0.008,0.0,
15:13:23.952,1.0277,1.0056,1.0032,2.7512,speed_hump,0.8756,normal,0.0,normal,0.0,NORMAL,7.1,0.04,100,speed_hump,YES,PASS,0.0,0.228,0.011,0.0,
15:13:24.166,1.0423,1.0017,1.0072,2.7512,speed_hump,0.8756,normal,0.0,normal,0.0,NORMAL,12.0,0.06,100,speed_hump,YES,PASS,0.0,0.389,0.017,0.0,
15:13:24.386,1.0402,1.0023,1.0006,0.0,normal,0.0,normal,0.0,normal,0.0,NORMAL,8.8,0.0,100,normal,YES,PASS,0.0,0.284,0.016,0.0,
15:13:24.590,1.0496,1.0005,1.0058,0.0,normal,0.0,normal,0.0,normal,0.0,NORMAL,6.6,0.0,100,normal,YES,PASS,0.0,0.207,0.02,0.0,
15:13:24.824,1.0368,1.0105,1.0018,0.0,normal,0.0,normal,0.0,normal,0.0,NORMAL,4.8,0.0,100,normal,YES,PASS,0.0,0.151,0.015,0.0,
15:13:25.046,1.0086,1.006,1.0028,0.0,normal,0.0,normal,0.0,normal,0.0,NORMAL,3.4,0.0,100,normal,YES,PASS,0.0,0.11,0.003,0.0,
15:13:25.265,1.0173,1.011,1.003,0.0,normal,0.0,normal,0.0,normal,0.0,NORMAL,2.6,0.0,100,normal,YES,PASS,0.0,0.081,0.007,0.0,
15:13:25.484,1.0209,1.0059,1.0037,0.0,normal,0.0,normal,0.0,normal,0.0,NORMAL,1.9,0.0,100,normal,YES,PASS,0.0,0.059,0.008,0.0,
15:13:25.717,1.0366,1.0121,1.0065,0.0,normal,0.0,normal,0.0,normal,0.0,NORMAL,1.6,0.0,100,normal,YES,PASS,0.0,0.043,0.015,0.0,
15:13:25.949,1.0071,1.0002,1.0065,0.0,normal,0.0,normal,0.0,normal,0.0,NORMAL,1.0,0.0,100,normal,YES,PASS,0.0,0.031,0.003,0.0,
15:13:26.162,1.0199,1.0094,1.0057,0.0,normal,0.0,normal,0.0,normal,0.0,NORMAL,0.8,0.0,100,normal,YES,PASS,0.0,0.023,0.008,0.0,
15:13:26.380,1.0523,1.0085,1.0042,0.0,normal,0.0,normal,0.0,normal,0.0,NORMAL,0.9,0.0,100,normal,YES,PASS,0.0,0.017,0.021,0.0,
15:13:26.579,1.0546,1.0005,1.0024,0.0,normal,0.0,normal,0.0,normal,0.0,NORMAL,0.8,0.0,100,normal,YES,PASS,0.0,0.012,0.022,0.0,
15:13:26.810,1.0483,1.0039,1.0024,0.0,normal,0.0,normal,0.0,normal,0.0,NORMAL,0.7,0.0,100,normal,YES,PASS,0.0,0.009,0.019,0.0,
15:13:27.034,1.0663,1.0053,1.008,0.0,normal,0.0,normal,0.0,normal,0.0,NORMAL,0.7,0.0,100,normal,YES,PASS,0.0,0.006,0.027,0.0,
15:13:27.250,1.0172,1.0097,1.0038,0.0,normal,0.0,normal,0.0,normal,0.0,NORMAL,0.3,0.0,100,normal,YES,PASS,0.0,0.005,0.007,0.0,
15:13:27.487,1.052,1.0064,1.0045,0.0,normal,0.0,normal,0.0,normal,0.0,NORMAL,0.5,0.0,100,normal,YES,PASS,0.0,0.003,0.021,0.0,
15:13:27.700,1.0131,1.0022,1.0137,0.0,normal,0.0,normal,0.0,normal,0.0,NORMAL,0.2,0.0,100,normal,YES,PASS,0.0,0.003,0.005,0.0,
15:13:27.921,1.0378,1.0136,1.0037,0.0,normal,0.0,normal,0.0,normal,0.0,NORMAL,0.4,0.0,100,normal,YES,PASS,0.0,0.002,0.015,0.0,
15:13:28.150,1.017,1.0107,1.0115,0.0,normal,0.0,normal,0.0,normal,0.0,NORMAL,0.2,0.0,100,normal,YES,PASS,0.0,0.001,0.007,0.0,
15:13:28.375,1.0259,1.0023,1.0048,0.0,normal,0.0,normal,0.0,normal,0.0,NORMAL,0.2,0.0,100,normal,YES,PASS,0.0,0.001,0.01,0.0,
15:13:28.595,1.0019,1.0116,1.0017,0.0,normal,0.0,normal,0.0,normal,0.0,NORMAL,0.0,0.0,100,normal,YES,PASS,0.0,0.001,0.001,0.0,
15:13:28.816,1.0444,1.0033,1.0078,0.0,normal,0.0,normal,0.0,normal,0.0,NORMAL,0.4,0.0,100,normal,YES,PASS,0.0,0.001,0.018,0.0,
15:13:29.030,1.0374,1.01,1.0054,0.0,normal,0.0,normal,0.0,normal,0.0,NORMAL,0.3,0.0,100,normal,YES,PASS,0.0,0.0,0.015,0.0,
15:13:29.230,1.025,1.0008,1.0023,0.0,normal,0.0,normal,0.0,normal,0.0,NORMAL,0.2,0.0,100,normal,YES,PASS,0.0,0.0,0.01,0.0,
15:13:29.460,1.0783,1.0076,1.0067,0.0,normal,0.0,normal,0.0,normal,0.0,NORMAL,0.6,0.0,100,normal,YES,PASS,0.0,0.0,0.031,0.0,
15:13:29.687,1.0,1.003,1.002,0.0,normal,0.0,normal,0.0,normal,0.0,NORMAL,0.0,0.0,100,normal,YES,PASS,0.0,0.0,0.0,0.0,
15:13:29.910,1.0003,1.01,1.0,0.0,normal,0.0,normal,0.0,normal,0.0,NORMAL,0.0,0.0,100,normal,YES,PASS,0.0,0.0,0.0,0.0,
15:13:30.135,1.0221,1.0112,1.0102,0.0,normal,0.0,normal,0.0,normal,0.0,NORMAL,0.2,0.0,100,normal,YES,PASS,0.0,0.0,0.009,0.0,
15:13:30.351,1.0062,1.0012,1.0091,0.0,normal,0.0,normal,0.0,normal,0.0,NORMAL,0.1,0.0,100,normal,YES,PASS,0.0,0.0,0.002,0.0,
15:13:30.556,1.0502,1.0081,1.0101,0.0,normal,0.0,normal,0.0,normal,0.0,NORMAL,0.4,0.0,100,normal,YES,PASS,0.0,0.0,0.02,0.0,
15:13:30.772,1.0616,1.0078,1.0004,0.0,normal,0.0,normal,0.0,normal,0.0,NORMAL,0.5,0.0,100,normal,YES,PASS,0.0,0.0,0.025,0.0,
15:13:30.989,1.0251,1.0091,1.0051,0.0,normal,0.0,normal,0.0,normal,0.0,NORMAL,0.2,0.0,100,normal,YES,PASS,0.0,0.0,0.01,0.0,
15:13:31.197,1.0138,1.0056,1.011,0.0,normal,0.0,normal,0.0,normal,0.0,NORMAL,0.1,0.0,100,normal,YES,PASS,0.0,0.0,0.006,0.0,
15:13:31.418,1.0562,1.0022,1.0016,0.0,normal,0.0,normal,0.0,normal,0.0,NORMAL,0.4,0.0,100,normal,YES,PASS,0.0,0.0,0.022,0.0,
15:13:31.618,1.0242,1.0024,1.0022,0.0,normal,0.0,normal,0.0,normal,0.0,NORMAL,0.2,0.0,100,normal,YES,PASS,0.0,0.0,0.01,0.0,
15:13:31.845,1.0319,1.0015,1.0009,0.0,normal,0.0,normal,0.0,normal,0.0,NORMAL,0.3,0.0,100,normal,YES,PASS,0.0,0.0,0.013,0.0,
15:13:32.057,1.0013,1.0047,1.0069,0.0,normal,0.0,normal,0.0,normal,0.0,NORMAL,0.0,0.0,100,normal,YES,PASS,0.0,0.0,0.001,0.0,
15:13:32.282,1.0055,1.0151,1.0158,0.0,normal,0.0,normal,0.0,normal,0.0,NORMAL,0.0,0.0,100,normal,YES,PASS,0.0,0.0,0.002,0.0,
15:13:32.498,1.0179,1.0072,1.008,0.0,normal,0.0,normal,0.0,normal,0.0,NORMAL,0.1,0.0,100,normal,YES,PASS,0.0,0.0,0.007,0.0,
15:13:32.704,1.0353,1.0102,1.0007,0.0,normal,0.0,normal,0.0,normal,0.0,NORMAL,0.3,0.0,100,normal,YES,PASS,0.0,0.0,0.014,0.0,
15:13:32.917,1.0076,1.0075,1.0026,0.0,normal,0.0,normal,0.0,normal,0.0,NORMAL,0.1,0.0,100,normal,YES,PASS,0.0,0.0,0.003,0.0,
15:13:33.131,1.0251,1.0035,1.0096,0.0,normal,0.0,normal,0.0,normal,0.0,NORMAL,0.2,0.0,100,normal,YES,PASS,0.0,0.0,0.01,0.0,
15:13:33.343,1.0366,1.0013,1.0103,0.0,normal,0.0,normal,0.0,normal,0.0,NORMAL,0.3,0.0,100,normal,YES,PASS,0.0,0.0,0.015,0.0,
15:13:33.542,1.023,1.007,1.0064,0.0,normal,0.0,normal,0.0,normal,0.0,NORMAL,0.2,0.0,100,normal,YES,PASS,0.0,0.0,0.009,0.0,
15:13:33.770,1.0588,1.0076,1.0058,0.0,normal,0.0,normal,0.0,normal,0.0,NORMAL,0.5,0.0,100,normal,YES,PASS,0.0,0.0,0.024,0.0,
15:13:34.001,1.0112,1.0067,1.0023,0.0,normal,0.0,normal,0.0,normal,0.0,NORMAL,0.1,0.0,100,normal,YES,PASS,0.0,0.0,0.004,0.0,
15:13:34.220,1.0547,1.0074,1.0017,0.0,normal,0.0,normal,0.0,normal,0.0,NORMAL,0.4,0.0,100,normal,YES,PASS,0.0,0.0,0.022,0.0,
15:13:34.446,1.0044,1.0017,1.0003,0.0,normal,0.0,normal,0.0,normal,0.0,NORMAL,0.0,0.0,100,normal,YES,PASS,0.0,0.0,0.002,0.0,
15:13:34.650,1.0268,1.0102,1.0123,0.0,normal,0.0,normal,0.0,normal,0.0,NORMAL,0.2,0.0,100,normal,YES,PASS,0.0,0.0,0.011,0.0,
15:13:34.879,1.0411,1.0062,1.0057,0.0,normal,0.0,normal,0.0,normal,0.0,NORMAL,0.3,0.0,100,normal,YES,PASS,0.0,0.0,0.016,0.0,
15:13:35.130,1.0305,1.0098,1.0008,0.0,normal,0.0,normal,0.0,normal,0.0,NORMAL,0.2,0.0,100,normal,YES,PASS,0.0,0.0,0.012,0.0,
15:13:35.356,1.0022,1.0044,1.0015,0.0,normal,0.0,normal,0.0,normal,0.0,NORMAL,0.0,0.0,100,normal,YES,PASS,0.0,0.0,0.001,0.0,
15:13:35.565,1.0321,1.006,1.0127,0.0,normal,0.0,normal,0.0,normal,0.0,NORMAL,0.3,0.0,100,normal,YES,PASS,0.0,0.0,0.013,0.0,
15:13:35.773,1.0517,1.0085,1.009,0.0,normal,0.0,normal,0.0,normal,0.0,NORMAL,0.4,0.0,100,normal,YES,PASS,0.0,0.0,0.021,0.0,
15:13:35.999,1.0069,1.0086,1.0101,0.0,normal,0.0,normal,0.0,normal,0.0,NORMAL,0.1,0.0,100,normal,YES,PASS,0.0,0.0,0.003,0.0,
15:13:36.226,1.0479,1.0024,1.0009,0.0,normal,0.0,normal,0.0,normal,0.0,NORMAL,0.4,0.0,100,normal,YES,PASS,0.0,0.0,0.019,0.0,
15:13:36.435,1.0389,1.0021,1.0143,0.0,normal,0.0,normal,0.0,normal,0.0,NORMAL,0.3,0.0,100,normal,YES,PASS,0.0,0.0,0.016,0.0,
15:13:36.647,1.0314,1.0001,1.0109,0.0,normal,0.0,normal,0.0,normal,0.0,NORMAL,0.3,0.0,100,normal,YES,PASS,0.0,0.0,0.013,0.0,
15:13:36.855,1.0068,1.0137,1.0094,0.0,normal,0.0,normal,0.0,normal,0.0,NORMAL,0.1,0.0,100,normal,YES,PASS,0.0,0.0,0.003,0.0,
15:13:37.077,1.005,1.013,1.0001,0.0,normal,0.0,normal,0.0,normal,0.0,NORMAL,0.0,0.0,100,normal,YES,PASS,0.0,0.0,0.002,0.0,
15:13:37.281,1.0585,1.0024,1.01,0.0,normal,0.0,normal,0.0,normal,0.0,NORMAL,0.5,0.0,100,normal,YES,PASS,0.0,0.0,0.023,0.0,
15:13:37.491,1.0457,1.0002,1.0103,0.0,normal,0.0,normal,0.0,normal,0.0,NORMAL,0.4,0.0,100,normal,YES,PASS,0.0,0.0,0.018,0.0,
15:13:37.702,1.0316,1.0098,1.0086,0.0,normal,0.0,normal,0.0,normal,0.0,NORMAL,0.3,0.0,100,normal,YES,PASS,0.0,0.0,0.013,0.0,
15:13:37.920,1.0029,1.0045,1.0049,0.0,normal,0.0,normal,0.0,normal,0.0,NORMAL,0.0,0.0,100,normal,YES,PASS,0.0,0.0,0.001,0.0,
15:13:38.141,1.0126,1.0096,1.0057,0.0,normal,0.0,normal,0.0,normal,0.0,NORMAL,0.1,0.0,100,normal,YES,PASS,0.0,0.0,0.005,0.0,
15:13:38.347,1.0661,1.0073,1.0086,0.0,normal,0.0,normal,0.0,normal,0.0,NORMAL,0.5,0.0,100,normal,YES,PASS,0.0,0.0,0.026,0.0,
15:13:38.559,1.032,1.0113,1.0032,0.0,normal,0.0,normal,0.0,normal,0.0,NORMAL,0.3,0.0,100,normal,YES,PASS,0.0,0.0,0.013,0.0,
15:13:38.767,1.0587,1.0017,1.0031,0.0,normal,0.0,normal,0.0,normal,0.0,NORMAL,0.5,0.0,100,normal,YES,PASS,0.0,0.0,0.023,0.0,
15:13:38.988,1.0239,1.0133,1.0061,0.0,normal,0.0,normal,0.0,normal,0.0,NORMAL,0.2,0.0,100,normal,YES,PASS,0.0,0.0,0.01,0.0,
15:13:39.200,1.001,1.0101,1.0017,4.744,pothole,0.872,normal,0.0,normal,0.0,NORMAL,11.5,0.06,100,pothole,YES,PASS,0.0,0.384,0.0,0.0,
15:13:39.430,1.0351,1.0068,1.0122,4.744,pothole,0.872,normal,0.0,normal,0.0,NORMAL,20.2,0.1,100,pothole,YES,PASS,0.0,0.665,0.014,0.0,
15:13:39.653,1.0085,1.0104,1.0107,4.744,pothole,0.872,normal,0.0,normal,0.0,CAUTION,26.2,0.13,93,pothole,NO,BLOCKED,0.0,0.87,0.003,0.0,
15:13:39.854,1.03,1.0059,1.0101,0.0,normal,0.0,normal,0.0,normal,0.0,CAUTION,19.3,0.0,100,braking,NO,BLOCKED,0.0,0.635,0.012,0.0,
15:13:40.078,1.0156,1.0045,1.0006,4.744,pothole,0.872,normal,0.0,normal,0.0,CAUTION,25.6,0.13,94,pothole,NO,BLOCKED,0.0,0.848,0.006,0.0,
15:13:40.298,1.0175,1.0064,1.0095,4.744,pothole,0.872,normal,0.0,normal,0.0,CAUTION,30.1,0.15,92,pothole,NO,BLOCKED,0.0,1.0,0.007,0.0,
15:13:40.512,1.0101,1.0057,1.0003,4.744,pothole,0.872,normal,0.0,normal,0.0,CAUTION,30.1,0.15,92,pothole,NO,BLOCKED,0.0,1.0,0.004,0.0,
15:13:40.734,1.0069,1.0133,1.0067,0.0,normal,0.0,normal,0.0,normal,0.0,CAUTION,24.5,0.0,100,braking,NO,BLOCKED,0.0,0.815,0.003,0.0,
15:13:40.953,1.0207,1.0051,1.0009,0.0,normal,0.0,normal,0.0,normal,0.0,CAUTION,18.0,0.0,100,braking,NO,BLOCKED,0.0,0.595,0.008,0.0,
15:13:41.183,1.0288,1.0061,1.0052,0.0,normal,0.0,normal,0.0,normal,0.0,NORMAL,13.3,0.0,100,normal,YES,PASS,0.0,0.434,0.012,0.0,
15:13:41.380,1.0061,1.003,1.0048,0.0,normal,0.0,normal,0.0,normal,0.0,NORMAL,9.6,0.0,100,normal,YES,PASS,0.0,0.317,0.002,0.0,
15:13:41.597,1.019,1.0159,1.007,0.0,normal,0.0,normal,0.0,normal,0.0,NORMAL,7.1,0.0,100,normal,YES,PASS,0.0,0.231,0.008,0.0,
15:13:41.821,1.0143,1.0089,1.0038,0.0,normal,0.0,normal,0.0,normal,0.0,NORMAL,5.2,0.0,100,normal,YES,PASS,0.0,0.169,0.006,0.0,
15:13:42.042,1.0395,1.0071,1.0079,0.0,normal,0.0,normal,0.0,normal,0.0,NORMAL,4.0,0.0,100,normal,YES,PASS,0.0,0.123,0.016,0.0,
15:13:42.237,1.0359,1.005,1.0115,0.0,normal,0.0,normal,0.0,normal,0.0,NORMAL,3.0,0.0,100,normal,YES,PASS,0.0,0.09,0.014,0.0,
15:13:42.447,1.0769,1.0065,1.0034,0.0,normal,0.0,normal,0.0,normal,0.0,NORMAL,2.6,0.0,100,normal,YES,PASS,0.0,0.066,0.031,0.0,
15:13:42.667,1.0065,1.0065,1.0076,0.0,normal,0.0,normal,0.0,normal,0.0,NORMAL,1.5,0.0,100,normal,YES,PASS,0.0,0.048,0.003,0.0,
15:13:42.902,1.0032,1.0001,1.0021,0.0,normal,0.0,normal,0.0,normal,0.0,NORMAL,1.1,0.0,100,normal,YES,PASS,0.0,0.035,0.001,0.0,
15:13:43.136,1.0028,1.0152,1.0025,0.0,normal,0.0,normal,0.0,normal,0.0,NORMAL,0.8,0.0,100,normal,YES,PASS,0.0,0.026,0.001,0.0,
15:13:43.358,1.0547,1.003,1.0006,0.0,normal,0.0,normal,0.0,normal,0.0,NORMAL,1.0,0.0,100,normal,YES,PASS,0.0,0.019,0.022,0.0,
15:13:43.578,1.0239,1.003,1.0054,0.0,normal,0.0,normal,0.0,normal,0.0,NORMAL,0.6,0.0,100,normal,YES,PASS,0.0,0.014,0.01,0.0,
15:13:43.795,1.0497,1.0002,1.0004,0.0,normal,0.0,normal,0.0,normal,0.0,NORMAL,0.7,0.0,100,normal,YES,PASS,0.0,0.01,0.02,0.0,
15:13:44.000,1.0335,1.0119,1.0101,0.0,normal,0.0,normal,0.0,normal,0.0,NORMAL,0.5,0.0,100,normal,YES,PASS,0.0,0.007,0.013,0.0,
15:13:44.211,1.0305,1.007,1.0052,0.0,normal,0.0,normal,0.0,normal,0.0,NORMAL,0.4,0.0,100,normal,YES,PASS,0.0,0.005,0.012,0.0,
15:13:44.427,1.001,1.0079,1.0106,0.0,normal,0.0,normal,0.0,normal,0.0,NORMAL,0.1,0.0,100,normal,YES,PASS,0.0,0.004,0.0,0.0,
15:13:44.651,1.0517,1.0005,1.0086,0.0,normal,0.0,normal,0.0,normal,0.0,NORMAL,0.5,0.0,100,normal,YES,PASS,0.0,0.003,0.021,0.0,
15:13:44.849,1.035,1.0,1.0112,0.0,normal,0.0,normal,0.0,normal,0.0,NORMAL,0.3,0.0,100,normal,YES,PASS,0.0,0.002,0.014,0.0,
15:13:45.058,1.0235,1.0033,1.0097,0.0,normal,0.0,normal,0.0,normal,0.0,NORMAL,0.2,0.0,100,normal,YES,PASS,0.0,0.001,0.009,0.0,
15:13:45.283,1.0042,1.0113,1.0068,0.0,normal,0.0,normal,0.0,normal,0.0,NORMAL,0.1,0.0,100,normal,YES,PASS,0.0,0.001,0.002,0.0,
15:13:45.496,1.0516,1.0045,1.0048,0.0,normal,0.0,normal,0.0,normal,0.0,NORMAL,0.4,0.0,100,normal,YES,PASS,0.0,0.001,0.021,0.0,
15:13:45.721,1.051,1.0014,1.0125,0.0,normal,0.0,speed_hump,0.5201,normal,0.0,NORMAL,18.6,0.09,100,speed_hump,YES,PASS,0.0,0.001,0.02,0.52,
15:13:45.953,1.0134,1.0119,1.0064,0.0,normal,0.0,speed_hump,0.5201,normal,0.0,NORMAL,18.3,0.09,100,speed_hump,YES,PASS,0.0,0.0,0.005,0.52,
15:13:46.175,1.0449,1.0102,1.0019,0.0,normal,0.0,speed_hump,0.5201,normal,0.0,CAUTION,18.6,0.09,95,speed_hump,NO,BLOCKED,0.0,0.0,0.018,0.52,
15:13:46.404,1.0469,1.0003,1.0121,0.0,normal,0.0,speed_hump,0.5201,normal,0.0,CAUTION,18.6,0.09,95,speed_hump,NO,BLOCKED,0.0,0.0,0.019,0.52,
15:13:46.629,1.0024,1.0006,1.0031,0.0,normal,0.0,speed_hump,0.5201,normal,0.0,CAUTION,18.2,0.09,95,speed_hump,NO,BLOCKED,0.0,0.0,0.001,0.52,
15:13:46.853,1.05,1.0081,1.0106,0.0,normal,0.0,speed_hump,0.5201,normal,0.0,CAUTION,18.6,0.09,95,speed_hump,NO,BLOCKED,0.0,0.0,0.02,0.52,
15:13:47.077,1.0561,1.0034,1.0079,0.0,normal,0.0,speed_hump,0.5201,normal,0.0,CAUTION,18.7,0.09,95,speed_hump,NO,BLOCKED,0.0,0.0,0.022,0.52,
15:13:47.310,1.01,1.0013,1.0023,0.0,normal,0.0,normal,0.0,normal,0.0,CAUTION,0.1,0.0,100,braking,NO,BLOCKED,0.0,0.0,0.004,0.0,
15:13:47.525,1.0333,1.0113,1.0042,0.0,normal,0.0,normal,0.0,normal,0.0,CAUTION,0.3,0.0,100,braking,NO,BLOCKED,0.0,0.0,0.013,0.0,
15:13:47.735,1.0126,1.0022,1.0103,0.0,normal,0.0,normal,0.0,normal,0.0,NORMAL,0.1,0.0,100,normal,YES,PASS,0.0,0.0,0.005,0.0,
15:13:47.962,1.0424,1.0132,1.0028,0.0,normal,0.0,normal,0.0,normal,0.0,NORMAL,0.3,0.0,100,normal,YES,PASS,0.0,0.0,0.017,0.0,
15:13:48.181,1.0471,1.0086,1.0094,0.0,normal,0.0,normal,0.0,normal,0.0,NORMAL,0.4,0.0,100,normal,YES,PASS,0.0,0.0,0.019,0.0,
15:13:48.395,1.0025,1.0094,1.0,0.0,normal,0.0,normal,0.0,normal,0.0,NORMAL,0.0,0.0,100,normal,YES,PASS,0.0,0.0,0.001,0.0,
15:13:48.612,1.0236,1.0003,1.0125,0.0,normal,0.0,normal,0.0,normal,0.0,NORMAL,0.2,0.0,100,normal,YES,PASS,0.0,0.0,0.009,0.0,
15:13:48.832,1.0145,1.0081,1.0109,0.0,normal,0.0,speed_hump,0.5025,normal,0.0,NORMAL,17.7,0.09,100,speed_hump,YES,PASS,0.0,0.0,0.006,0.503,
15:13:49.047,1.013,1.0013,1.015,0.0,normal,0.0,speed_hump,0.5025,normal,0.0,NORMAL,17.7,0.09,100,speed_hump,YES,PASS,0.0,0.0,0.005,0.503,
15:13:49.272,1.0193,1.013,1.0105,0.0,normal,0.0,speed_hump,0.5025,normal,0.0,CAUTION,17.7,0.09,96,speed_hump,NO,BLOCKED,0.0,0.0,0.008,0.503,
15:13:49.483,1.0115,1.0114,1.0006,0.0,normal,0.0,speed_hump,0.5025,normal,0.0,CAUTION,17.7,0.09,96,speed_hump,NO,BLOCKED,0.0,0.0,0.005,0.503,
15:13:49.699,1.0518,1.0132,1.0056,0.0,normal,0.0,speed_hump,0.5025,normal,0.0,CAUTION,18.0,0.09,95,speed_hump,NO,BLOCKED,0.0,0.0,0.021,0.503,
15:13:49.922,1.0033,1.0108,1.0002,0.0,normal,0.0,speed_hump,0.5025,normal,0.0,CAUTION,17.6,0.09,96,speed_hump,NO,BLOCKED,0.0,0.0,0.001,0.503,
15:13:50.152,1.0365,1.0002,1.0028,0.0,normal,0.0,speed_hump,0.5025,normal,0.0,CAUTION,17.9,0.09,96,speed_hump,NO,BLOCKED,0.0,0.0,0.015,0.503,
15:13:50.368,1.0291,1.0117,1.015,0.0,normal,0.0,normal,0.0,normal,0.0,CAUTION,0.2,0.0,100,braking,NO,BLOCKED,0.0,0.0,0.012,0.0,
15:13:50.587,1.0072,1.0053,1.0095,5.0,pothole,1.0,normal,0.0,normal,0.0,CAUTION,12.2,0.06,97,pothole,NO,BLOCKED,0.0,0.405,0.003,0.0,
15:13:50.793,1.0194,1.0007,1.0039,5.0,pothole,1.0,speed_hump,0.505,normal,0.0,CAUTION,38.9,0.19,90,speed_hump,NO,BLOCKED,0.0,0.701,0.008,0.505,
15:13:51.022,1.0332,1.0085,1.0001,5.0,pothole,1.0,speed_hump,0.5073,normal,0.0,CAUTION,45.5,0.23,89,speed_hump,NO,BLOCKED,0.0,0.917,0.013,0.507,
15:13:51.252,1.0298,1.0142,1.0032,5.0,pothole,1.0,speed_hump,0.5072,normal,0.0,CAUTION,48.0,0.24,88,speed_hump,NO,BLOCKED,0.0,1.0,0.012,0.507,
15:13:51.489,1.0657,1.0109,1.0067,5.0,pothole,1.0,speed_hump,0.51,normal,0.0,CAUTION,48.4,0.24,88,speed_hump,NO,BLOCKED,0.0,1.0,0.026,0.51,
15:13:51.694,1.0067,1.014,1.0061,5.0,pothole,1.0,speed_hump,0.5048,normal,0.0,CAUTION,47.7,0.24,88,speed_hump,NO,BLOCKED,0.0,1.0,0.003,0.505,
15:13:51.925,1.0611,1.0122,1.0103,5.0,pothole,1.0,speed_hump,0.5048,normal,0.0,CAUTION,48.2,0.24,88,speed_hump,NO,BLOCKED,0.0,1.0,0.024,0.505,
15:13:52.145,1.0023,1.0062,1.0024,0.0,normal,0.0,speed_hump,0.5048,normal,0.0,CAUTION,46.9,0.23,88,speed_hump,NO,BLOCKED,0.0,0.974,0.001,0.505,
15:13:52.373,1.0199,1.0026,1.0115,0.0,normal,0.0,speed_hump,0.5048,normal,0.0,CAUTION,39.2,0.2,90,speed_hump,NO,BLOCKED,0.0,0.711,0.008,0.505,
15:13:52.598,1.0285,1.006,1.0117,0.0,normal,0.0,speed_hump,0.5048,normal,0.0,CAUTION,33.5,0.17,92,speed_hump,NO,BLOCKED,0.0,0.519,0.011,0.505,
15:13:52.826,1.023,1.0082,1.0094,0.0,normal,0.0,speed_hump,0.5048,normal,0.0,CAUTION,29.2,0.15,93,speed_hump,NO,BLOCKED,0.0,0.379,0.009,0.505,
15:13:53.050,1.056,1.0121,1.0041,0.0,normal,0.0,speed_hump,0.5048,normal,0.0,CAUTION,26.4,0.13,93,speed_hump,NO,BLOCKED,0.0,0.276,0.022,0.505,
15:13:53.268,1.0557,1.0042,1.0144,0.0,normal,0.0,normal,0.0,normal,0.0,CAUTION,6.5,0.0,100,braking,NO,BLOCKED,0.0,0.202,0.022,0.0,
15:13:53.480,1.0488,1.0074,1.0024,0.0,normal,0.0,normal,0.0,normal,0.0,CAUTION,4.8,0.0,100,braking,NO,BLOCKED,0.0,0.147,0.02,0.0,
15:13:53.705,1.0588,1.0061,1.0001,0.0,normal,0.0,normal,0.0,normal,0.0,NORMAL,3.7,0.0,100,normal,YES,PASS,0.0,0.107,0.024,0.0,
15:13:53.924,1.0017,1.0126,1.0084,0.0,normal,0.0,normal,0.0,normal,0.0,NORMAL,2.4,0.0,100,normal,YES,PASS,0.0,0.078,0.001,0.0,
15:13:54.114,1.0472,1.0129,1.0071,0.0,normal,0.0,normal,0.0,normal,0.0,NORMAL,2.1,0.0,100,normal,YES,PASS,0.0,0.057,0.019,0.0,
15:13:54.322,1.0087,1.0032,1.0035,0.0,normal,0.0,normal,0.0,normal,0.0,NORMAL,1.3,0.0,100,normal,YES,PASS,0.0,0.042,0.003,0.0,
15:13:54.528,1.0011,1.0015,1.0081,0.0,normal,0.0,normal,0.0,normal,0.0,NORMAL,0.9,0.0,100,normal,YES,PASS,0.0,0.03,0.0,0.0,
15:13:54.738,1.0191,1.0064,1.0056,0.0,normal,0.0,normal,0.0,normal,0.0,NORMAL,0.8,0.0,100,normal,YES,PASS,0.0,0.022,0.008,0.0,
15:13:55.011,1.0358,1.0039,1.0079,0.0,normal,0.0,normal,0.0,normal,0.0,NORMAL,0.8,0.0,100,normal,YES,PASS,0.0,0.016,0.014,0.0,
15:13:55.248,1.0253,1.0069,1.0049,0.0,normal,0.0,normal,0.0,normal,0.0,NORMAL,0.6,0.0,100,normal,YES,PASS,0.0,0.012,0.01,0.0,
15:13:55.476,1.0488,1.0011,1.0099,0.0,normal,0.0,normal,0.0,normal,0.0,NORMAL,0.6,0.0,100,normal,YES,PASS,0.0,0.009,0.02,0.0,
15:13:55.712,1.0268,1.0104,1.012,0.0,normal,0.0,normal,0.0,normal,0.0,NORMAL,0.4,0.0,100,normal,YES,PASS,0.0,0.006,0.011,0.0,
15:13:55.930,1.0063,1.0014,1.0073,0.0,normal,0.0,normal,0.0,normal,0.0,NORMAL,0.2,0.0,100,normal,YES,PASS,0.0,0.005,0.003,0.0,
15:13:56.139,1.0027,1.0022,1.0053,0.0,normal,0.0,normal,0.0,normal,0.0,NORMAL,0.1,0.0,100,normal,YES,PASS,0.0,0.003,0.001,0.0,
15:13:56.349,1.0452,1.0035,1.0024,0.0,normal,0.0,normal,0.0,normal,0.0,NORMAL,0.4,0.0,100,normal,YES,PASS,0.0,0.002,0.018,0.0,
15:13:56.566,1.0157,1.0007,1.0011,0.0,normal,0.0,normal,0.0,normal,0.0,NORMAL,0.2,0.0,100,normal,YES,PASS,0.0,0.002,0.006,0.0,
15:13:56.773,1.0057,1.01,1.0016,0.0,normal,0.0,speed_hump,0.5098,normal,0.0,NORMAL,17.9,0.09,100,speed_hump,YES,PASS,0.0,0.001,0.002,0.51,
15:13:56.990,1.0724,1.0087,1.0028,0.0,normal,0.0,speed_hump,0.5098,normal,0.0,NORMAL,18.5,0.09,100,speed_hump,YES,PASS,0.0,0.001,0.029,0.51,
15:13:57.215,1.0284,1.0017,1.0099,0.0,normal,0.0,speed_hump,0.5098,normal,0.0,CAUTION,18.1,0.09,95,speed_hump,NO,BLOCKED,0.0,0.001,0.011,0.51,
15:13:57.430,1.006,1.0001,1.0066,0.0,normal,0.0,speed_hump,0.5098,normal,0.0,CAUTION,17.9,0.09,96,speed_hump,NO,BLOCKED,0.0,0.001,0.002,0.51,
15:13:57.640,1.0484,1.0126,1.0023,0.0,normal,0.0,speed_hump,0.5098,normal,0.0,CAUTION,18.2,0.09,95,speed_hump,NO,BLOCKED,0.0,0.0,0.019,0.51,
15:13:57.858,1.0066,1.0113,1.0048,0.0,normal,0.0,speed_hump,0.5098,normal,0.0,CAUTION,17.9,0.09,96,speed_hump,NO,BLOCKED,0.0,0.0,0.003,0.51,
15:13:58.089,1.0085,1.0024,1.016,5.0,pothole,1.0,speed_hump,0.5098,normal,0.0,CAUTION,30.1,0.15,92,speed_hump,NO,BLOCKED,0.0,0.405,0.003,0.51,
15:13:58.325,1.0631,1.0082,1.0094,5.0,pothole,1.0,normal,0.0,normal,0.0,CAUTION,21.5,0.11,95,pothole,NO,BLOCKED,0.0,0.701,0.025,0.0,
15:13:58.537,1.015,1.0116,1.0063,5.0,pothole,1.0,normal,0.0,normal,0.0,CAUTION,27.6,0.14,93,pothole,NO,BLOCKED,0.0,0.917,0.006,0.0,
15:13:58.754,1.0533,1.005,1.0061,0.0,normal,0.0,normal,0.0,normal,0.0,CAUTION,20.5,0.0,100,braking,NO,BLOCKED,0.0,0.669,0.021,0.0,
15:13:58.973,1.0003,1.0065,1.0018,0.0,normal,0.0,normal,0.0,normal,0.0,CAUTION,14.7,0.0,100,braking,NO,BLOCKED,0.0,0.488,0.0,0.0,
15:13:59.226,1.0583,1.0091,1.008,0.0,normal,0.0,normal,0.0,normal,0.0,NORMAL,11.2,0.0,100,normal,YES,PASS,0.0,0.356,0.023,0.0,
15:13:59.427,1.0045,1.0109,1.0039,0.0,normal,0.0,normal,0.0,normal,0.0,NORMAL,7.8,0.0,100,normal,YES,PASS,0.0,0.26,0.002,0.0,
15:13:59.644,1.0542,1.0032,1.0102,0.0,normal,0.0,normal,0.0,normal,0.0,NORMAL,6.1,0.0,100,normal,YES,PASS,0.0,0.19,0.022,0.0,
15:13:59.849,1.0148,1.0038,1.0129,0.0,normal,0.0,normal,0.0,normal,0.0,NORMAL,4.3,0.0,100,normal,YES,PASS,0.0,0.139,0.006,0.0,
15:14:00.071,1.03,1.002,1.0092,5.0,pothole,1.0,normal,0.0,normal,0.0,NORMAL,15.4,0.08,100,pothole,YES,PASS,0.0,0.506,0.012,0.0,
15:14:00.296,1.0487,1.0056,1.0056,5.0,pothole,1.0,normal,0.0,normal,0.0,NORMAL,23.6,0.12,100,pothole,YES,PASS,0.0,0.775,0.019,0.0,
15:14:00.518,1.0133,1.0044,1.0021,5.0,pothole,1.0,normal,0.0,normal,0.0,CAUTION,29.2,0.15,93,pothole,NO,BLOCKED,0.0,0.971,0.005,0.0,
15:14:00.735,1.0254,1.0076,1.0104,5.0,pothole,1.0,normal,0.0,normal,0.0,CAUTION,30.2,0.15,92,pothole,NO,BLOCKED,0.0,1.0,0.01,0.0,
15:14:00.962,1.0042,1.0039,1.0138,5.0,pothole,1.0,speed_hump,0.5427,normal,0.0,CAUTION,49.0,0.25,88,speed_hump,NO,BLOCKED,0.0,1.0,0.002,0.543,
15:14:01.196,1.0163,1.0068,1.0121,5.0,pothole,1.0,speed_hump,0.5427,normal,0.0,CAUTION,49.1,0.25,88,speed_hump,NO,BLOCKED,0.0,1.0,0.007,0.543,
15:14:01.438,1.0092,1.008,1.0055,5.0,pothole,1.0,speed_hump,0.5321,normal,0.0,CAUTION,48.7,0.24,88,speed_hump,NO,BLOCKED,0.0,1.0,0.004,0.532,
15:14:01.651,1.0285,1.002,1.0066,0.0,normal,0.0,speed_hump,0.5321,normal,0.0,CAUTION,48.4,0.24,88,speed_hump,NO,BLOCKED,0.0,0.985,0.011,0.532,
15:14:01.858,1.0222,1.0113,1.0068,0.0,normal,0.0,speed_hump,0.5321,normal,0.0,CAUTION,40.4,0.2,90,speed_hump,NO,BLOCKED,0.0,0.719,0.009,0.532,
15:14:02.074,1.0115,1.0091,1.0011,0.0,normal,0.0,speed_hump,0.5321,normal,0.0,CAUTION,34.5,0.17,91,speed_hump,NO,BLOCKED,0.0,0.525,0.005,0.532,
15:14:02.307,1.0344,1.0001,1.011,0.0,normal,0.0,speed_hump,0.5321,normal,0.0,CAUTION,30.4,0.15,92,speed_hump,NO,BLOCKED,0.0,0.383,0.014,0.532,
15:14:02.529,1.0392,1.0013,1.0054,0.0,normal,0.0,speed_hump,0.5321,normal,0.0,CAUTION,27.3,0.14,93,speed_hump,NO,BLOCKED,0.0,0.28,0.016,0.532,
15:14:02.748,1.0412,1.009,1.0022,0.0,normal,0.0,speed_hump,0.5321,normal,0.0,CAUTION,25.1,0.13,94,speed_hump,NO,BLOCKED,0.0,0.204,0.016,0.532,
15:14:02.970,1.0069,1.0159,1.0093,0.0,normal,0.0,normal,0.0,normal,0.0,CAUTION,4.5,0.0,100,braking,NO,BLOCKED,0.0,0.149,0.003,0.0,
15:14:03.185,1.0387,1.0019,1.0102,0.0,normal,0.0,normal,0.0,normal,0.0,CAUTION,3.6,0.0,100,braking,NO,BLOCKED,0.0,0.109,0.015,0.0,
15:14:03.398,1.071,1.0064,1.0128,4.5116,pothole,0.7558,normal,0.0,normal,0.0,CAUTION,13.9,0.07,97,pothole,NO,BLOCKED,0.0,0.445,0.028,0.0,
15:14:03.605,1.0317,1.0029,1.0045,0.0,normal,0.0,normal,0.0,normal,0.0,NORMAL,10.0,0.0,100,normal,YES,PASS,0.0,0.325,0.013,0.0,
15:14:03.811,1.027,1.0059,1.0112,0.0,normal,0.0,normal,0.0,normal,0.0,NORMAL,7.3,0.0,100,normal,YES,PASS,0.0,0.237,0.011,0.0,
15:14:04.025,1.0222,1.0067,1.0018,0.0,normal,0.0,normal,0.0,normal,0.0,NORMAL,5.4,0.0,100,normal,YES,PASS,0.0,0.173,0.009,0.0,
15:14:04.247,1.057,1.0026,1.0119,0.0,normal,0.0,normal,0.0,normal,0.0,NORMAL,4.2,0.0,100,normal,YES,PASS,0.0,0.126,0.023,0.0,
15:14:04.469,1.0428,1.0057,1.0095,0.0,normal,0.0,normal,0.0,normal,0.0,NORMAL,3.1,0.0,100,normal,YES,PASS,0.0,0.092,0.017,0.0,
15:14:04.679,1.0253,1.0074,1.0095,0.0,normal,0.0,normal,0.0,normal,0.0,NORMAL,2.2,0.0,100,normal,YES,PASS,0.0,0.067,0.01,0.0,
15:14:04.892,1.0051,1.0129,1.009,4.2021,pothole,0.6011,normal,0.0,normal,0.0,NORMAL,11.7,0.06,100,pothole,YES,PASS,0.0,0.39,0.002,0.0,
15:14:05.128,1.0544,1.0141,1.0088,4.2021,pothole,0.6011,normal,0.0,normal,0.0,NORMAL,19.2,0.1,100,pothole,YES,PASS,0.0,0.625,0.022,0.0,
15:14:05.347,1.029,1.0019,1.0094,4.2021,pothole,0.6011,normal,0.0,normal,0.0,CAUTION,24.1,0.12,94,pothole,NO,BLOCKED,0.0,0.797,0.012,0.0,
15:14:05.574,1.0294,1.0096,1.0035,4.2021,pothole,0.6011,normal,0.0,normal,0.0,CAUTION,27.9,0.14,93,pothole,NO,BLOCKED,0.0,0.922,0.012,0.0,
15:14:05.793,1.0256,1.0054,1.014,4.2021,pothole,0.6011,speed_hump,0.5107,normal,0.0,CAUTION,48.1,0.24,88,speed_hump,NO,BLOCKED,0.0,1.0,0.01,0.511,
15:14:06.008,1.0112,1.0106,1.0016,4.2021,pothole,0.6011,speed_hump,0.5092,normal,0.0,CAUTION,47.9,0.24,88,speed_hump,NO,BLOCKED,0.0,1.0,0.004,0.509,
15:14:06.228,1.035,1.0055,1.0052,4.2021,pothole,0.6011,speed_hump,0.5092,normal,0.0,CAUTION,48.1,0.24,88,speed_hump,NO,BLOCKED,0.0,1.0,0.014,0.509,
15:14:06.454,1.0496,1.003,1.0067,4.2021,pothole,0.6011,speed_hump,0.5092,normal,0.0,CAUTION,48.2,0.24,88,speed_hump,NO,BLOCKED,0.0,1.0,0.02,0.509,
15:14:06.669,1.0324,1.0045,1.012,4.2021,pothole,0.6011,speed_hump,0.5092,normal,0.0,CAUTION,48.1,0.24,88,speed_hump,NO,BLOCKED,0.0,1.0,0.013,0.509,
15:14:06.888,1.0384,1.0085,1.0116,4.2021,pothole,0.6011,speed_hump,0.5092,normal,0.0,CAUTION,48.1,0.24,88,speed_hump,NO,BLOCKED,0.0,1.0,0.015,0.509,
15:14:07.118,1.0648,1.0104,1.0047,4.2021,pothole,0.6011,speed_hump,0.5092,normal,0.0,CAUTION,48.3,0.24,88,speed_hump,NO,BLOCKED,0.0,1.0,0.026,0.509,
15:14:07.351,1.0069,1.0129,1.005,0.0,normal,0.0,speed_hump,0.5092,normal,0.0,CAUTION,44.7,0.22,89,speed_hump,NO,BLOCKED,0.0,0.893,0.003,0.509,
15:14:07.563,1.0282,1.0023,1.0049,0.0,normal,0.0,normal,0.0,normal,0.0,CAUTION,19.8,0.0,100,braking,NO,BLOCKED,0.0,0.652,0.011,0.0,
15:14:07.773,1.0291,1.0082,1.0098,0.0,normal,0.0,normal,0.0,normal,0.0,CAUTION,14.5,0.0,100,braking,NO,BLOCKED,0.0,0.476,0.012,0.0,
15:14:07.991,1.0152,1.0013,1.0026,0.0,normal,0.0,normal,0.0,normal,0.0,NORMAL,10.5,0.0,100,normal,YES,PASS,0.0,0.347,0.006,0.0,
15:14:08.208,1.0094,1.0039,1.0097,0.0,normal,0.0,normal,0.0,normal,0.0,NORMAL,7.7,0.0,100,normal,YES,PASS,0.0,0.253,0.004,0.0,
15:14:08.418,1.0085,1.0077,1.0106,0.0,normal,0.0,normal,0.0,normal,0.0,NORMAL,5.6,0.0,100,normal,YES,PASS,0.0,0.185,0.003,0.0,
15:14:08.632,1.0171,1.0063,1.008,0.0,normal,0.0,normal,0.0,normal,0.0,NORMAL,4.2,0.0,100,normal,YES,PASS,0.0,0.135,0.007,0.0,
15:14:08.842,1.0575,1.0059,1.015,0.0,normal,0.0,normal,0.0,normal,0.0,NORMAL,3.4,0.0,100,normal,YES,PASS,0.0,0.098,0.023,0.0,
15:14:09.058,1.0397,1.0055,1.0028,0.0,normal,0.0,normal,0.0,normal,0.0,NORMAL,2.5,0.0,100,normal,YES,PASS,0.0,0.072,0.016,0.0,
15:14:09.279,1.0113,1.0123,1.0126,0.0,normal,0.0,normal,0.0,normal,0.0,NORMAL,1.7,0.0,100,normal,YES,PASS,0.0,0.052,0.005,0.0,
15:14:09.498,1.0242,1.0047,1.0102,0.0,normal,0.0,normal,0.0,normal,0.0,NORMAL,1.3,0.0,100,normal,YES,PASS,0.0,0.038,0.01,0.0,
15:14:09.698,1.0288,1.0013,1.0132,0.0,normal,0.0,normal,0.0,normal,0.0,NORMAL,1.1,0.0,100,normal,YES,PASS,0.0,0.028,0.012,0.0,
15:14:09.920,1.0025,1.01,1.0102,0.0,normal,0.0,normal,0.0,normal,0.0,NORMAL,0.6,0.0,100,normal,YES,PASS,0.0,0.02,0.001,0.0,
15:14:10.127,1.0403,1.0056,1.0016,0.0,normal,0.0,normal,0.0,normal,0.0,NORMAL,0.8,0.0,100,normal,YES,PASS,0.0,0.015,0.016,0.0,
15:14:10.336,1.0558,1.0042,1.0124,0.0,normal,0.0,normal,0.0,normal,0.0,NORMAL,0.8,0.0,100,normal,YES,PASS,0.0,0.011,0.022,0.0,
15:14:10.551,1.0542,1.0143,1.0027,0.0,normal,0.0,normal,0.0,normal,0.0,NORMAL,0.7,0.0,100,normal,YES,PASS,0.0,0.008,0.022,0.0,
15:14:10.763,1.048,1.0102,1.0036,0.0,normal,0.0,normal,0.0,normal,0.0,NORMAL,0.6,0.0,100,normal,YES,PASS,0.0,0.006,0.019,0.0,
15:14:10.990,1.0181,1.0125,1.0006,0.0,normal,0.0,normal,0.0,normal,0.0,NORMAL,0.3,0.0,100,normal,YES,PASS,0.0,0.004,0.007,0.0,
15:14:11.199,1.035,1.0119,1.0003,0.0,normal,0.0,normal,0.0,normal,0.0,NORMAL,0.4,0.0,100,normal,YES,PASS,0.0,0.003,0.014,0.0,
15:14:11.416,1.0698,1.002,1.0134,0.0,normal,0.0,normal,0.0,normal,0.0,NORMAL,0.6,0.0,100,normal,YES,PASS,0.0,0.002,0.028,0.0,
15:14:11.628,1.0209,1.0133,1.0086,0.0,normal,0.0,normal,0.0,normal,0.0,NORMAL,0.2,0.0,100,normal,YES,PASS,0.0,0.002,0.008,0.0,
15:14:11.845,1.0357,1.0071,1.0042,5.0,pothole,1.0,normal,0.0,normal,0.0,NORMAL,12.5,0.06,100,pothole,YES,PASS,0.0,0.406,0.014,0.0,
15:14:12.063,1.0315,1.0096,1.0107,0.0,normal,0.0,normal,0.0,normal,0.0,NORMAL,9.2,0.0,100,normal,YES,PASS,0.0,0.297,0.013,0.0,
15:14:12.282,1.0748,1.0065,1.0013,0.0,normal,0.0,normal,0.0,normal,0.0,NORMAL,7.1,0.0,100,normal,YES,PASS,0.0,0.216,0.03,0.0,
15:14:12.502,1.0609,1.0102,1.0028,0.0,normal,0.0,normal,0.0,normal,0.0,NORMAL,5.2,0.0,100,normal,YES,PASS,0.0,0.158,0.024,0.0,
15:14:12.710,1.0262,1.0142,1.0099,0.0,normal,0.0,normal,0.0,normal,0.0,NORMAL,3.7,0.0,100,normal,YES,PASS,0.0,0.115,0.01,0.0,
15:14:12.917,1.0475,1.0046,1.0058,5.0,pothole,1.0,normal,0.0,normal,0.0,NORMAL,15.1,0.08,100,pothole,YES,PASS,0.0,0.489,0.019,0.0,
15:14:13.136,1.0371,1.0019,1.0089,5.0,pothole,1.0,normal,0.0,normal,0.0,NORMAL,23.2,0.12,100,pothole,YES,PASS,0.0,0.762,0.015,0.0,
15:14:13.355,1.0293,1.0078,1.0073,5.0,pothole,1.0,normal,0.0,normal,0.0,CAUTION,29.1,0.15,93,pothole,NO,BLOCKED,0.0,0.962,0.012,0.0,
15:14:13.574,1.0494,1.0095,1.0058,5.0,pothole,1.0,speed_hump,0.5178,normal,0.0,CAUTION,48.5,0.24,88,speed_hump,NO,BLOCKED,0.0,1.0,0.02,0.518,
15:14:13.798,1.0132,1.0023,1.0106,0.0,normal,0.0,speed_hump,0.5178,normal,0.0,CAUTION,42.5,0.21,89,speed_hump,NO,BLOCKED,0.0,0.808,0.005,0.518,
15:14:14.025,1.0441,1.0076,1.0082,0.0,normal,0.0,speed_hump,0.5178,normal,0.0,CAUTION,36.2,0.18,91,speed_hump,NO,BLOCKED,0.0,0.59,0.018,0.518,
15:14:14.249,1.0515,1.0099,1.0107,0.0,normal,0.0,speed_hump,0.5178,normal,0.0,CAUTION,31.4,0.16,92,speed_hump,NO,BLOCKED,0.0,0.43,0.021,0.518,
15:14:14.482,1.0598,1.0001,1.0039,0.0,normal,0.0,speed_hump,0.5178,normal,0.0,CAUTION,28.0,0.14,93,speed_hump,NO,BLOCKED,0.0,0.314,0.024,0.518,
15:14:14.691,1.0281,1.015,1.0024,0.0,normal,0.0,speed_hump,0.5178,normal,0.0,CAUTION,25.2,0.13,94,speed_hump,NO,BLOCKED,0.0,0.229,0.011,0.518,
15:14:14.911,1.0515,1.0057,1.0061,0.0,normal,0.0,speed_hump,0.5178,normal,0.0,CAUTION,23.6,0.12,94,speed_hump,NO,BLOCKED,0.0,0.167,0.021,0.518,
15:14:15.143,1.0228,1.0009,1.0031,0.0,normal,0.0,normal,0.0,normal,0.0,CAUTION,3.8,0.0,100,braking,NO,BLOCKED,0.0,0.122,0.009,0.0,
15:14:15.382,1.0327,1.0014,1.0021,0.0,normal,0.0,normal,0.0,normal,0.0,CAUTION,2.9,0.0,100,braking,NO,BLOCKED,0.0,0.089,0.013,0.0,
15:14:15.607,1.0253,1.0108,1.0088,0.0,normal,0.0,normal,0.0,normal,0.0,NORMAL,2.2,0.0,100,normal,YES,PASS,0.0,0.065,0.01,0.0,
15:14:15.821,1.0354,1.011,1.0067,0.0,normal,0.0,normal,0.0,normal,0.0,NORMAL,1.7,0.0,100,normal,YES,PASS,0.0,0.047,0.014,0.0,
15:14:16.045,1.0318,1.0037,1.01,0.0,normal,0.0,normal,0.0,normal,0.0,NORMAL,1.3,0.0,100,normal,YES,PASS,0.0,0.035,0.013,0.0,
15:14:16.261,1.0001,1.0022,1.0078,0.0,normal,0.0,normal,0.0,normal,0.0,NORMAL,0.8,0.0,100,normal,YES,PASS,0.0,0.025,0.0,0.0,
15:14:16.473,1.0428,1.0077,1.0076,0.0,normal,0.0,normal,0.0,normal,0.0,NORMAL,0.9,0.0,100,normal,YES,PASS,0.0,0.018,0.017,0.0,
15:14:16.708,1.0584,1.0066,1.0101,0.0,normal,0.0,normal,0.0,normal,0.0,NORMAL,0.9,0.0,100,normal,YES,PASS,0.0,0.013,0.023,0.0,
15:14:16.928,1.0293,1.0077,1.0071,0.0,normal,0.0,normal,0.0,normal,0.0,NORMAL,0.5,0.0,100,normal,YES,PASS,0.0,0.01,0.012,0.0,
15:14:17.156,1.0034,1.0172,1.0041,2.249,speed_hump,0.6245,normal,0.0,normal,0.0,NORMAL,5.7,0.03,100,speed_hump,YES,PASS,0.0,0.189,0.001,0.0,
15:14:17.396,1.0455,1.0092,1.0044,4.5853,pothole,0.7927,normal,0.0,normal,0.0,NORMAL,15.7,0.08,100,pothole,YES,PASS,0.0,0.51,0.018,0.0,
15:14:17.618,1.048,1.0031,1.0028,4.5853,pothole,0.7927,normal,0.0,normal,0.0,CAUTION,22.7,0.11,94,pothole,NO,BLOCKED,0.0,0.744,0.019,0.0,
15:14:17.834,1.0095,1.0079,1.0035,2.249,speed_hump,0.6245,normal,0.0,normal,0.0,CAUTION,21.8,0.11,95,speed_hump,NO,BLOCKED,0.0,0.725,0.004,0.0,
15:14:18.110,1.0261,1.0078,1.0035,4.5853,pothole,0.7927,normal,0.0,normal,0.0,CAUTION,27.2,0.14,93,pothole,NO,BLOCKED,0.0,0.901,0.01,0.0,
15:14:18.331,1.0199,1.0054,1.0117,0.0,normal,0.0,normal,0.0,normal,0.0,CAUTION,19.9,0.0,100,braking,NO,BLOCKED,0.0,0.657,0.008,0.0,
15:14:18.562,1.055,1.0083,1.0076,0.0,normal,0.0,normal,0.0,normal,0.0,CAUTION,14.8,0.0,100,braking,NO,BLOCKED,0.0,0.48,0.022,0.0,
15:14:18.791,1.0132,1.0052,1.0055,0.0,normal,0.0,normal,0.0,normal,0.0,NORMAL,10.6,0.0,100,normal,YES,PASS,0.0,0.35,0.005,0.0,
15:14:19.011,1.0022,1.0042,1.0075,0.0,normal,0.0,normal,0.0,normal,0.0,NORMAL,7.7,0.0,100,normal,YES,PASS,0.0,0.256,0.001,0.0,
15:14:19.220,1.031,1.0065,1.0094,0.0,normal,0.0,normal,0.0,normal,0.0,NORMAL,5.8,0.0,100,normal,YES,PASS,0.0,0.187,0.012,0.0,
15:14:19.456,1.0005,1.0115,1.0063,4.5532,pothole,0.7766,normal,0.0,normal,0.0,NORMAL,15.2,0.08,100,pothole,YES,PASS,0.0,0.505,0.0,0.0,
15:14:19.671,1.0327,1.0016,1.0079,4.5532,pothole,0.7766,normal,0.0,normal,0.0,NORMAL,22.4,0.11,100,pothole,YES,PASS,0.0,0.738,0.013,0.0,
15:14:19.882,1.0612,1.0103,1.0152,0.0,normal,0.0,normal,0.0,normal,0.0,NORMAL,16.6,0.0,100,normal,YES,PASS,0.0,0.538,0.024,0.0,
15:14:20.097,1.0563,1.0021,1.0112,4.5532,pothole,0.7766,normal,0.0,normal,0.0,CAUTION,23.3,0.12,94,pothole,NO,BLOCKED,0.0,0.762,0.023,0.0,
15:14:20.332,1.0077,1.0009,1.0005,4.5532,pothole,0.7766,speed_hump,0.5665,normal,0.0,CAUTION,47.6,0.24,88,speed_hump,NO,BLOCKED,0.0,0.925,0.003,0.566,
15:14:20.553,1.0627,1.0088,1.015,4.5532,pothole,0.7766,speed_hump,0.5531,normal,0.0,CAUTION,49.9,0.25,88,speed_hump,NO,BLOCKED,0.0,1.0,0.025,0.553,
15:14:20.773,1.0133,1.0106,1.0061,0.0,normal,0.0,speed_hump,0.6017,normal,0.0,CAUTION,44.0,0.22,89,speed_hump,NO,BLOCKED,0.0,0.762,0.005,0.602,
15:14:21.010,1.0498,1.0,1.0085,0.0,normal,0.0,speed_hump,0.6444,normal,0.0,CAUTION,39.6,0.2,90,speed_hump,NO,BLOCKED,0.0,0.556,0.02,0.644,
15:14:21.228,1.0625,1.0043,1.0097,0.0,normal,0.0,speed_hump,0.5651,normal,0.0,CAUTION,32.5,0.16,92,speed_hump,NO,BLOCKED,0.0,0.406,0.025,0.565,
15:14:21.455,1.0057,1.008,1.0004,0.0,normal,0.0,speed_hump,0.5283,normal,0.0,CAUTION,27.4,0.14,93,speed_hump,NO,BLOCKED,0.0,0.296,0.002,0.528,
15:14:21.671,1.0313,1.0046,1.0045,0.0,normal,0.0,speed_hump,0.5069,normal,0.0,CAUTION,24.5,0.12,94,speed_hump,NO,BLOCKED,0.0,0.216,0.013,0.507,
15:14:21.889,1.0051,1.0241,1.018,0.0,normal,0.0,speed_hump,0.5069,normal,0.0,CAUTION,22.5,0.11,94,speed_hump,NO,BLOCKED,0.0,0.158,0.002,0.507,
15:14:22.108,1.017,1.0044,1.0081,0.0,normal,0.0,speed_hump,0.5069,normal,0.0,CAUTION,21.3,0.11,95,speed_hump,NO,BLOCKED,0.0,0.115,0.007,0.507,
15:14:22.334,1.0165,1.0086,1.0074,0.0,normal,0.0,speed_hump,0.548,normal,0.0,CAUTION,21.8,0.11,95,speed_hump,NO,BLOCKED,0.0,0.084,0.007,0.548,
15:14:22.565,1.016,1.0101,1.0014,0.0,normal,0.0,speed_hump,0.549,normal,0.0,CAUTION,21.2,0.11,95,speed_hump,NO,BLOCKED,0.0,0.061,0.006,0.549,
15:14:22.804,1.063,1.0103,1.0039,0.0,normal,0.0,speed_hump,0.5187,normal,0.0,CAUTION,20.0,0.1,95,speed_hump,NO,BLOCKED,0.0,0.045,0.025,0.519,
15:14:23.023,1.0356,1.0063,1.0048,0.0,normal,0.0,speed_hump,0.5464,normal,0.0,CAUTION,20.4,0.1,95,speed_hump,NO,BLOCKED,0.0,0.033,0.014,0.546,
15:14:23.253,1.0217,1.0129,1.0019,0.0,normal,0.0,speed_hump,0.524,normal,0.0,CAUTION,19.2,0.1,95,speed_hump,NO,BLOCKED,0.0,0.024,0.009,0.524,
15:14:23.460,1.0552,1.0086,1.0152,0.0,normal,0.0,speed_hump,0.5185,normal,0.0,CAUTION,19.1,0.1,95,speed_hump,NO,BLOCKED,0.0,0.017,0.022,0.519,
15:14:23.673,1.0383,1.0039,1.0006,0.0,normal,0.0,speed_hump,0.5235,normal,0.0,CAUTION,19.0,0.1,95,speed_hump,NO,BLOCKED,0.0,0.013,0.015,0.524,
15:14:23.902,1.0107,1.0077,1.0128,0.0,normal,0.0,speed_hump,0.5597,normal,0.0,CAUTION,20.0,0.1,95,speed_hump,NO,BLOCKED,0.0,0.009,0.004,0.56,
15:14:24.129,1.0395,1.0054,1.0107,0.0,normal,0.0,speed_hump,0.531,normal,0.0,CAUTION,19.1,0.1,95,speed_hump,NO,BLOCKED,0.0,0.007,0.016,0.531,
15:14:24.364,1.0351,1.0039,1.0087,0.0,normal,0.0,speed_hump,0.5589,normal,0.0,CAUTION,20.0,0.1,95,speed_hump,NO,BLOCKED,0.0,0.005,0.014,0.559,
15:14:24.595,1.0358,1.0146,1.0098,0.0,normal,0.0,speed_hump,0.558,normal,0.0,CAUTION,19.9,0.1,95,speed_hump,NO,BLOCKED,0.0,0.004,0.014,0.558,
15:14:24.813,1.0022,1.0107,1.0014,0.0,normal,0.0,speed_hump,0.545,normal,0.0,CAUTION,19.2,0.1,95,speed_hump,NO,BLOCKED,0.0,0.003,0.001,0.545,
15:14:25.030,1.0427,1.0051,1.0026,4.235,pothole,0.6175,speed_hump,0.5153,normal,0.0,CAUTION,28.7,0.14,93,speed_hump,NO,BLOCKED,0.0,0.345,0.017,0.515,
15:14:25.258,1.0765,1.0007,1.0003,4.235,pothole,0.6175,speed_hump,0.5265,normal,0.0,CAUTION,36.9,0.18,91,speed_hump,NO,BLOCKED,0.0,0.595,0.031,0.527,
15:14:25.503,1.0078,1.0095,1.0091,4.235,pothole,0.6175,speed_hump,0.5233,normal,0.0,CAUTION,41.7,0.21,90,speed_hump,NO,BLOCKED,0.0,0.778,0.003,0.523,
15:14:25.717,1.0325,1.0079,1.0041,0.0,normal,0.0,speed_hump,0.5233,normal,0.0,CAUTION,35.6,0.18,91,speed_hump,NO,BLOCKED,0.0,0.568,0.013,0.523,
15:14:25.951,1.0204,1.0041,1.0107,0.0,normal,0.0,speed_hump,0.5233,normal,0.0,CAUTION,30.9,0.15,92,speed_hump,NO,BLOCKED,0.0,0.414,0.008,0.523,
15:14:26.193,1.0196,1.0012,1.0038,0.0,normal,0.0,speed_hump,0.5233,normal,0.0,CAUTION,27.5,0.14,93,speed_hump,NO,BLOCKED,0.0,0.302,0.008,0.523,
15:14:26.414,1.0006,1.0003,1.0075,0.0,normal,0.0,speed_hump,0.5233,normal,0.0,CAUTION,24.9,0.12,94,speed_hump,NO,BLOCKED,0.0,0.221,0.0,0.523,
15:14:26.634,1.006,1.0037,1.0082,0.0,normal,0.0,speed_hump,0.5233,normal,0.0,CAUTION,23.2,0.12,94,speed_hump,NO,BLOCKED,0.0,0.161,0.002,0.523,
15:14:26.870,1.0467,1.0132,1.0013,0.0,normal,0.0,speed_hump,0.5233,normal,0.0,CAUTION,22.2,0.11,94,speed_hump,NO,BLOCKED,0.0,0.118,0.019,0.523,
15:14:27.100,1.0661,1.0019,1.0147,2.3943,speed_hump,0.6971,normal,0.0,normal,0.0,CAUTION,8.9,0.04,98,speed_hump,NO,BLOCKED,0.0,0.28,0.026,0.0,
15:14:27.323,1.0134,1.0018,1.005,2.3943,speed_hump,0.6971,normal,0.0,normal,0.0,CAUTION,12.1,0.06,97,speed_hump,NO,BLOCKED,0.0,0.398,0.005,0.0,
15:14:27.560,1.0456,1.0017,1.0006,0.0,normal,0.0,normal,0.0,normal,0.0,CAUTION,9.1,0.0,100,braking,NO,BLOCKED,0.0,0.291,0.018,0.0,
15:14:27.797,1.0239,1.0032,1.003,2.3943,speed_hump,0.6971,normal,0.0,normal,0.0,CAUTION,12.4,0.06,97,speed_hump,NO,BLOCKED,0.0,0.406,0.01,0.0,
15:14:28.029,1.0395,1.0055,1.0067,2.3943,speed_hump,0.6971,normal,0.0,normal,0.0,CAUTION,15.0,0.08,96,speed_hump,NO,BLOCKED,0.0,0.491,0.016,0.0,
15:14:28.302,1.0457,1.0101,1.0065,0.0,normal,0.0,normal,0.0,normal,0.0,CAUTION,11.1,0.0,100,braking,NO,BLOCKED,0.0,0.358,0.018,0.0,
15:14:28.537,1.0495,1.0019,1.0092,0.0,normal,0.0,normal,0.0,normal,0.0,NORMAL,8.2,0.0,100,normal,YES,PASS,0.0,0.261,0.02,0.0,
15:14:28.749,1.0057,1.0027,1.0007,0.0,normal,0.0,normal,0.0,normal,0.0,NORMAL,5.8,0.0,100,normal,YES,PASS,0.0,0.191,0.002,0.0,
15:14:28.977,1.0095,1.0101,1.0122,0.0,normal,0.0,normal,0.0,normal,0.0,NORMAL,4.3,0.0,100,normal,YES,PASS,0.0,0.139,0.004,0.0,
15:14:29.203,1.0738,1.002,1.0093,0.0,normal,0.0,normal,0.0,normal,0.0,NORMAL,3.6,0.0,100,normal,YES,PASS,0.0,0.102,0.03,0.0,
15:14:29.421,1.0594,1.0042,1.0135,0.0,normal,0.0,normal,0.0,normal,0.0,NORMAL,2.7,0.0,100,normal,YES,PASS,0.0,0.074,0.024,0.0,
15:14:29.656,1.036,1.0083,1.0076,0.0,normal,0.0,normal,0.0,normal,0.0,NORMAL,1.9,0.0,100,normal,YES,PASS,0.0,0.054,0.014,0.0,
15:14:29.867,1.0587,1.0056,1.0,0.0,normal,0.0,normal,0.0,normal,0.0,NORMAL,1.7,0.0,100,normal,YES,PASS,0.0,0.039,0.023,0.0,
15:14:30.089,1.0273,1.0144,1.0017,0.0,normal,0.0,normal,0.0,normal,0.0,NORMAL,1.1,0.0,100,normal,YES,PASS,0.0,0.029,0.011,0.0,
15:14:30.310,1.0512,1.0067,1.0016,0.0,normal,0.0,normal,0.0,normal,0.0,NORMAL,1.0,0.0,100,normal,YES,PASS,0.0,0.021,0.02,0.0,
15:14:30.524,1.0231,1.0135,1.0096,4.56,pothole,0.78,normal,0.0,normal,0.0,NORMAL,11.7,0.06,100,pothole,YES,PASS,0.0,0.385,0.009,0.0,
15:14:30.768,1.0324,1.0039,1.0044,0.0,normal,0.0,normal,0.0,normal,0.0,NORMAL,8.7,0.0,100,normal,YES,PASS,0.0,0.281,0.013,0.0,
15:14:31.001,1.0027,1.0063,1.0046,0.0,normal,0.0,normal,0.0,normal,0.0,NORMAL,6.2,0.0,100,normal,YES,PASS,0.0,0.205,0.001,0.0,
15:14:31.220,1.0217,1.0026,1.0004,0.0,normal,0.0,speed_hump,0.5022,normal,0.0,NORMAL,22.2,0.11,100,speed_hump,YES,PASS,0.0,0.15,0.009,0.502,
15:14:31.441,1.0135,1.0032,1.0117,0.0,normal,0.0,speed_hump,0.5022,normal,0.0,CAUTION,21.0,0.1,95,speed_hump,NO,BLOCKED,0.0,0.109,0.005,0.502,
15:14:31.672,1.0177,1.012,1.0115,0.0,normal,0.0,speed_hump,0.5022,normal,0.0,CAUTION,20.1,0.1,95,speed_hump,NO,BLOCKED,0.0,0.08,0.007,0.502,
15:14:31.898,1.0101,1.0067,1.0121,0.0,normal,0.0,speed_hump,0.5022,normal,0.0,CAUTION,19.4,0.1,95,speed_hump,NO,BLOCKED,0.0,0.058,0.004,0.502,
15:14:32.123,1.0469,1.0146,1.0047,0.0,normal,0.0,speed_hump,0.5022,normal,0.0,CAUTION,19.2,0.1,95,speed_hump,NO,BLOCKED,0.0,0.042,0.019,0.502,
15:14:32.349,1.0552,1.0106,1.0129,0.0,normal,0.0,speed_hump,0.5022,normal,0.0,CAUTION,18.9,0.09,95,speed_hump,NO,BLOCKED,0.0,0.031,0.022,0.502,
15:14:32.584,1.0277,1.0122,1.0126,0.0,normal,0.0,speed_hump,0.508,normal,0.0,CAUTION,18.7,0.09,95,speed_hump,NO,BLOCKED,0.0,0.023,0.011,0.508,
15:14:32.812,1.0183,1.0061,1.0017,0.0,normal,0.0,speed_hump,0.5539,normal,0.0,CAUTION,20.0,0.1,95,speed_hump,NO,BLOCKED,0.0,0.017,0.007,0.554,
15:14:33.038,1.0377,1.0116,1.0098,0.0,normal,0.0,speed_hump,0.5446,normal,0.0,CAUTION,19.7,0.1,95,speed_hump,NO,BLOCKED,0.0,0.012,0.015,0.545,
15:14:33.255,1.0472,1.0033,1.0094,0.0,normal,0.0,speed_hump,0.5159,normal,0.0,CAUTION,18.7,0.09,95,speed_hump,NO,BLOCKED,0.0,0.009,0.019,0.516,
15:14:33.472,1.0536,1.0124,1.006,0.0,normal,0.0,speed_hump,0.5088,normal,0.0,CAUTION,18.4,0.09,95,speed_hump,NO,BLOCKED,0.0,0.006,0.021,0.509,
15:14:33.703,1.0128,1.0036,1.0066,0.0,normal,0.0,speed_hump,0.5188,normal,0.0,CAUTION,18.4,0.09,95,speed_hump,NO,BLOCKED,0.0,0.005,0.005,0.519,
15:14:33.915,1.0447,1.013,1.0167,0.0,normal,0.0,speed_hump,0.5188,normal,0.0,CAUTION,18.6,0.09,95,speed_hump,NO,BLOCKED,0.0,0.003,0.018,0.519,
15:14:34.138,1.0754,1.0123,1.0046,5.0,pothole,1.0,speed_hump,0.5143,normal,0.0,CAUTION,30.8,0.15,92,speed_hump,NO,BLOCKED,0.0,0.408,0.03,0.514,
15:14:34.363,1.0407,1.002,1.0071,5.0,pothole,1.0,speed_hump,0.5163,normal,0.0,CAUTION,39.5,0.2,90,speed_hump,NO,BLOCKED,0.0,0.703,0.016,0.516,
15:14:34.597,1.0429,1.0009,1.0083,5.0,pothole,1.0,speed_hump,0.5249,normal,0.0,CAUTION,46.3,0.23,88,speed_hump,NO,BLOCKED,0.0,0.918,0.017,0.525,
15:14:34.825,1.0589,1.0056,1.0148,5.0,pothole,1.0,speed_hump,0.5039,normal,0.0,CAUTION,48.1,0.24,88,speed_hump,NO,BLOCKED,0.0,1.0,0.024,0.504,
15:14:35.045,1.032,1.0091,1.0001,5.0,pothole,1.0,speed_hump,0.5039,normal,0.0,CAUTION,47.9,0.24,88,speed_hump,NO,BLOCKED,0.0,1.0,0.013,0.504,
15:14:35.271,1.0181,1.0035,1.0088,5.0,pothole,1.0,speed_hump,0.5039,normal,0.0,CAUTION,47.8,0.24,88,speed_hump,NO,BLOCKED,0.0,1.0,0.007,0.504,
15:14:35.505,1.0101,1.0039,1.0015,5.0,pothole,1.0,speed_hump,0.5223,normal,0.0,CAUTION,48.4,0.24,88,speed_hump,NO,BLOCKED,0.0,1.0,0.004,0.522,
15:14:35.734,1.054,1.0146,1.0046,5.0,pothole,1.0,speed_hump,0.501,normal,0.0,CAUTION,48.0,0.24,88,speed_hump,NO,BLOCKED,0.0,1.0,0.022,0.501,
15:14:35.959,1.0312,1.0042,1.0026,5.0,pothole,1.0,speed_hump,0.5086,normal,0.0,CAUTION,48.0,0.24,88,speed_hump,NO,BLOCKED,0.0,1.0,0.012,0.509,
15:14:36.199,1.0098,1.012,1.0015,5.0,pothole,1.0,speed_hump,0.5131,normal,0.0,CAUTION,48.0,0.24,88,speed_hump,NO,BLOCKED,0.0,1.0,0.004,0.513,
15:14:36.429,1.0249,1.0021,1.001,5.0,pothole,1.0,speed_hump,0.5056,normal,0.0,CAUTION,47.9,0.24,88,speed_hump,NO,BLOCKED,0.0,1.0,0.01,0.506,
15:14:36.662,1.0532,1.0108,1.0055,5.0,pothole,1.0,speed_hump,0.5056,normal,0.0,CAUTION,48.1,0.24,88,speed_hump,NO,BLOCKED,0.0,1.0,0.021,0.506,
15:14:36.893,1.0419,1.0013,1.0105,5.0,pothole,1.0,speed_hump,0.5056,normal,0.0,CAUTION,48.0,0.24,88,speed_hump,NO,BLOCKED,0.0,1.0,0.017,0.506,
15:14:37.099,1.0512,1.0118,1.0021,0.0,normal,0.0,speed_hump,0.5056,normal,0.0,CAUTION,48.1,0.24,88,speed_hump,NO,BLOCKED,0.0,1.0,0.02,0.506,
15:14:37.322,1.0187,1.0078,1.0022,0.0,normal,0.0,speed_hump,0.5056,normal,0.0,CAUTION,41.4,0.21,90,speed_hump,NO,BLOCKED,0.0,0.786,0.007,0.506,
15:14:37.540,1.0681,1.0,1.0084,0.0,normal,0.0,speed_hump,0.5056,normal,0.0,CAUTION,35.4,0.18,91,speed_hump,NO,BLOCKED,0.0,0.573,0.027,0.506,
15:14:37.765,1.0517,1.0039,1.0075,0.0,normal,0.0,speed_hump,0.5056,normal,0.0,CAUTION,30.7,0.15,92,speed_hump,NO,BLOCKED,0.0,0.419,0.021,0.506,
15:14:38.006,1.0493,1.0116,1.0018,0.0,normal,0.0,normal,0.0,normal,0.0,CAUTION,9.6,0.0,100,braking,NO,BLOCKED,0.0,0.305,0.02,0.0,
15:14:38.228,1.0296,1.0081,1.0139,0.0,normal,0.0,normal,0.0,normal,0.0,CAUTION,6.9,0.0,100,braking,NO,BLOCKED,0.0,0.223,0.012,0.0,
15:14:38.449,1.0146,1.004,1.0052,5.0,pothole,1.0,normal,0.0,normal,0.0,CAUTION,17.2,0.09,96,pothole,NO,BLOCKED,0.0,0.568,0.006,0.0,
15:14:38.663,1.038,1.0098,1.0,5.0,pothole,1.0,normal,0.0,normal,0.0,CAUTION,24.9,0.12,94,pothole,NO,BLOCKED,0.0,0.82,0.015,0.0,
15:14:38.890,1.0042,1.0004,1.0242,5.0,pothole,1.0,normal,0.0,normal,0.0,CAUTION,30.0,0.15,92,pothole,NO,BLOCKED,0.0,1.0,0.002,0.0,
15:14:39.108,1.045,1.0094,1.0141,5.0,pothole,1.0,normal,0.0,normal,0.0,CAUTION,30.4,0.15,92,pothole,NO,BLOCKED,0.0,1.0,0.018,0.0,
15:14:39.326,1.0325,1.004,1.0058,5.0,pothole,1.0,normal,0.0,normal,0.0,CAUTION,30.3,0.15,92,pothole,NO,BLOCKED,0.0,1.0,0.013,0.0,
15:14:39.527,1.0314,1.0019,1.0085,5.0,pothole,1.0,normal,0.0,normal,0.0,CAUTION,30.3,0.15,92,pothole,NO,BLOCKED,0.0,1.0,0.013,0.0,
15:14:39.736,1.0219,1.0028,1.008,0.0,normal,0.0,normal,0.0,normal,0.0,CAUTION,28.8,0.0,100,braking,NO,BLOCKED,0.0,0.954,0.009,0.0,
15:14:39.961,1.0039,1.0033,1.017,0.0,normal,0.0,normal,0.0,normal,0.0,CAUTION,20.9,0.0,100,braking,NO,BLOCKED,0.0,0.696,0.002,0.0,
15:14:40.179,1.0161,1.0017,1.0155,0.0,normal,0.0,normal,0.0,normal,0.0,NORMAL,15.4,0.0,100,normal,YES,PASS,0.0,0.508,0.006,0.0,
15:14:40.418,1.0313,1.0096,1.01,0.0,normal,0.0,normal,0.0,normal,0.0,NORMAL,11.4,0.0,100,normal,YES,PASS,0.0,0.371,0.013,0.0,
15:14:40.649,1.0676,1.0101,1.0018,0.0,normal,0.0,normal,0.0,normal,0.0,NORMAL,8.7,0.0,100,normal,YES,PASS,0.0,0.271,0.027,0.0,
15:14:40.858,1.0485,1.0027,1.0044,0.0,normal,0.0,normal,0.0,normal,0.0,NORMAL,6.3,0.0,100,normal,YES,PASS,0.0,0.198,0.019,0.0,
15:14:41.066,1.0344,1.0072,1.0025,0.0,normal,0.0,normal,0.0,normal,0.0,NORMAL,4.6,0.0,100,normal,YES,PASS,0.0,0.144,0.014,0.0,
15:14:41.277,1.0228,1.0011,1.0107,0.0,normal,0.0,normal,0.0,normal,0.0,NORMAL,3.3,0.0,100,normal,YES,PASS,0.0,0.105,0.009,0.0,
15:14:41.511,1.0295,1.0116,1.0023,0.0,normal,0.0,normal,0.0,normal,0.0,NORMAL,2.5,0.0,100,normal,YES,PASS,0.0,0.077,0.012,0.0,
15:14:41.742,1.0402,1.0038,1.0108,0.0,normal,0.0,normal,0.0,normal,0.0,NORMAL,2.0,0.0,100,normal,YES,PASS,0.0,0.056,0.016,0.0,
15:14:41.972,1.0416,1.0116,1.0064,0.0,normal,0.0,normal,0.0,normal,0.0,NORMAL,1.6,0.0,100,normal,YES,PASS,0.0,0.041,0.017,0.0,
15:14:42.199,1.0206,1.0096,1.0112,0.0,normal,0.0,normal,0.0,normal,0.0,NORMAL,1.1,0.0,100,normal,YES,PASS,0.0,0.03,0.008,0.0,
15:14:42.423,1.0199,1.0049,1.0077,0.0,normal,0.0,normal,0.0,normal,0.0,NORMAL,0.8,0.0,100,normal,YES,PASS,0.0,0.022,0.008,0.0,
15:14:42.658,1.0383,1.0008,1.0037,0.0,normal,0.0,normal,0.0,normal,0.0,NORMAL,0.8,0.0,100,normal,YES,PASS,0.0,0.016,0.015,0.0,
15:14:42.878,1.0431,1.0102,1.0053,0.0,normal,0.0,normal,0.0,normal,0.0,NORMAL,0.7,0.0,100,normal,YES,PASS,0.0,0.012,0.017,0.0,
15:14:43.088,1.0392,1.0044,1.0031,0.0,normal,0.0,normal,0.0,normal,0.0,NORMAL,0.6,0.0,100,normal,YES,PASS,0.0,0.008,0.016,0.0,
15:14:43.312,1.0475,1.0128,1.0066,0.0,normal,0.0,normal,0.0,normal,0.0,NORMAL,0.6,0.0,100,normal,YES,PASS,0.0,0.006,0.019,0.0,
15:14:43.521,1.0559,1.0051,1.0041,0.0,normal,0.0,normal,0.0,normal,0.0,NORMAL,0.6,0.0,100,normal,YES,PASS,0.0,0.005,0.022,0.0,
15:14:43.728,1.0144,1.0048,1.0062,0.0,normal,0.0,normal,0.0,normal,0.0,NORMAL,0.2,0.0,100,normal,YES,PASS,0.0,0.003,0.006,0.0,
15:14:43.934,1.0254,1.0043,1.0077,0.0,normal,0.0,normal,0.0,normal,0.0,NORMAL,0.3,0.0,100,normal,YES,PASS,0.0,0.002,0.01,0.0,
15:14:44.147,1.054,1.0005,1.0078,0.0,normal,0.0,normal,0.0,normal,0.0,NORMAL,0.5,0.0,100,normal,YES,PASS,0.0,0.002,0.022,0.0,
15:14:44.369,1.036,1.0027,1.0072,0.0,normal,0.0,normal,0.0,normal,0.0,NORMAL,0.3,0.0,100,normal,YES,PASS,0.0,0.001,0.014,0.0,
15:14:44.584,1.0459,1.0035,1.0117,4.582,pothole,0.791,normal,0.0,normal,0.0,NORMAL,11.5,0.06,100,pothole,YES,PASS,0.0,0.372,0.018,0.0,
15:14:44.816,1.0034,1.0001,1.0118,0.0,normal,0.0,normal,0.0,normal,0.0,NORMAL,8.2,0.0,100,normal,YES,PASS,0.0,0.272,0.001,0.0,
15:14:45.036,1.014,1.0097,1.0073,4.582,pothole,0.791,speed_hump,0.5034,normal,0.0,NORMAL,34.8,0.17,100,speed_hump,YES,PASS,0.0,0.57,0.006,0.503,
15:14:45.266,1.0298,1.0054,1.0112,0.0,normal,0.0,speed_hump,0.5179,normal,0.0,CAUTION,30.8,0.15,92,speed_hump,NO,BLOCKED,0.0,0.416,0.012,0.518,
15:14:45.490,1.012,1.0056,1.0107,0.0,normal,0.0,speed_hump,0.5179,normal,0.0,CAUTION,27.3,0.14,93,speed_hump,NO,BLOCKED,0.0,0.303,0.005,0.518,
15:14:45.713,1.005,1.008,1.0053,0.0,normal,0.0,speed_hump,0.5024,normal,0.0,CAUTION,24.3,0.12,94,speed_hump,NO,BLOCKED,0.0,0.221,0.002,0.502,
15:14:45.946,1.0109,1.0011,1.0048,0.0,normal,0.0,speed_hump,0.5024,normal,0.0,CAUTION,22.5,0.11,94,speed_hump,NO,BLOCKED,0.0,0.162,0.004,0.502,
15:14:46.164,1.0693,1.0005,1.0097,0.0,normal,0.0,speed_hump,0.5024,normal,0.0,CAUTION,21.7,0.11,95,speed_hump,NO,BLOCKED,0.0,0.118,0.028,0.502,
15:14:46.382,1.0304,1.0074,1.0132,0.0,normal,0.0,speed_hump,0.5127,normal,0.0,CAUTION,20.8,0.1,95,speed_hump,NO,BLOCKED,0.0,0.086,0.012,0.513,
15:14:46.616,1.0486,1.0105,1.0057,0.0,normal,0.0,speed_hump,0.547,normal,0.0,CAUTION,21.4,0.11,95,speed_hump,NO,BLOCKED,0.0,0.063,0.019,0.547,
15:14:46.839,1.044,1.0057,1.0095,0.0,normal,0.0,speed_hump,0.5567,normal,0.0,CAUTION,21.2,0.11,95,speed_hump,NO,BLOCKED,0.0,0.046,0.018,0.557,
15:14:47.062,1.0101,1.0107,1.0091,0.0,normal,0.0,speed_hump,0.5567,normal,0.0,CAUTION,20.6,0.1,95,speed_hump,NO,BLOCKED,0.0,0.033,0.004,0.557,
15:14:47.283,1.0018,1.0073,1.0037,0.0,normal,0.0,speed_hump,0.5567,normal,0.0,CAUTION,20.2,0.1,95,speed_hump,NO,BLOCKED,0.0,0.024,0.001,0.557,
15:14:47.508,1.0364,1.006,1.0031,0.0,normal,0.0,speed_hump,0.5567,normal,0.0,CAUTION,20.3,0.1,95,speed_hump,NO,BLOCKED,0.0,0.018,0.015,0.557,
15:14:47.732,1.0629,1.0111,1.0046,0.0,normal,0.0,speed_hump,0.5567,normal,0.0,CAUTION,20.4,0.1,95,speed_hump,NO,BLOCKED,0.0,0.013,0.025,0.557,
15:14:47.960,1.0339,1.0018,1.0024,0.0,normal,0.0,speed_hump,0.5567,normal,0.0,CAUTION,20.0,0.1,95,speed_hump,NO,BLOCKED,0.0,0.009,0.014,0.557,
15:14:48.178,1.0125,1.0108,1.0022,0.0,normal,0.0,speed_hump,0.5567,normal,0.0,CAUTION,19.8,0.1,95,speed_hump,NO,BLOCKED,0.0,0.007,0.005,0.557,
15:14:48.395,1.0314,1.0039,1.0138,0.0,normal,0.0,normal,0.0,normal,0.0,CAUTION,0.4,0.0,100,braking,NO,BLOCKED,0.0,0.005,0.013,0.0,
15:14:48.627,1.0144,1.003,1.0114,0.0,normal,0.0,normal,0.0,normal,0.0,CAUTION,0.2,0.0,100,braking,NO,BLOCKED,0.0,0.004,0.006,0.0,
15:14:48.845,1.0513,1.0118,1.0124,0.0,normal,0.0,normal,0.0,normal,0.0,NORMAL,0.5,0.0,100,normal,YES,PASS,0.0,0.003,0.021,0.0,
15:14:49.067,1.0134,1.0126,1.0085,0.0,normal,0.0,normal,0.0,normal,0.0,NORMAL,0.2,0.0,100,normal,YES,PASS,0.0,0.002,0.005,0.0,
15:14:49.273,1.0438,1.0056,1.0085,0.0,normal,0.0,normal,0.0,normal,0.0,NORMAL,0.4,0.0,100,normal,YES,PASS,0.0,0.001,0.018,0.0,
15:14:49.496,1.0311,1.0077,1.0026,0.0,normal,0.0,normal,0.0,normal,0.0,NORMAL,0.3,0.0,100,normal,YES,PASS,0.0,0.001,0.012,0.0,
15:14:49.708,1.0063,1.0146,1.0031,0.0,normal,0.0,normal,0.0,normal,0.0,NORMAL,0.1,0.0,100,normal,YES,PASS,0.0,0.001,0.003,0.0,
15:14:49.999,1.0219,1.0102,1.0099,0.0,normal,0.0,normal,0.0,normal,0.0,NORMAL,0.2,0.0,100,normal,YES,PASS,0.0,0.001,0.009,0.0,
15:14:50.214,1.005,1.0113,1.0027,0.0,normal,0.0,normal,0.0,normal,0.0,NORMAL,0.1,0.0,100,normal,YES,PASS,0.0,0.0,0.002,0.0,
15:14:50.449,1.023,1.0095,1.0087,0.0,normal,0.0,normal,0.0,normal,0.0,NORMAL,0.2,0.0,100,normal,YES,PASS,0.0,0.0,0.009,0.0,
15:14:50.672,1.049,1.0074,1.0004,5.0,pothole,1.0,normal,0.0,normal,0.0,NORMAL,12.6,0.06,100,pothole,YES,PASS,0.0,0.405,0.02,0.0,
15:14:50.912,1.0073,1.0048,1.0048,0.0,normal,0.0,normal,0.0,normal,0.0,NORMAL,8.9,0.0,100,normal,YES,PASS,0.0,0.296,0.003,0.0,
15:14:51.138,1.0318,1.0152,1.0058,0.0,normal,0.0,normal,0.0,normal,0.0,NORMAL,6.7,0.0,100,normal,YES,PASS,0.0,0.216,0.013,0.0,
15:14:51.337,1.0367,1.0079,1.0098,0.0,normal,0.0,normal,0.0,normal,0.0,NORMAL,5.0,0.0,100,normal,YES,PASS,0.0,0.158,0.015,0.0,
15:14:51.552,1.0144,1.0015,1.0028,0.0,normal,0.0,normal,0.0,normal,0.0,NORMAL,3.6,0.0,100,normal,YES,PASS,0.0,0.115,0.006,0.0,
15:14:51.777,1.0383,1.0129,1.0036,0.0,normal,0.0,normal,0.0,normal,0.0,NORMAL,2.8,0.0,100,normal,YES,PASS,0.0,0.084,0.015,0.0,
15:14:52.009,1.0751,1.0088,1.0099,0.0,normal,0.0,normal,0.0,normal,0.0,NORMAL,2.4,0.0,100,normal,YES,PASS,0.0,0.061,0.03,0.0,
15:14:52.235,1.0344,1.0058,1.0136,0.0,normal,0.0,normal,0.0,normal,0.0,NORMAL,1.6,0.0,100,normal,YES,PASS,0.0,0.045,0.014,0.0,
15:14:52.457,1.0157,1.0017,1.0063,0.0,normal,0.0,normal,0.0,normal,0.0,NORMAL,1.1,0.0,100,normal,YES,PASS,0.0,0.033,0.006,0.0,
15:14:52.678,1.0223,1.0042,1.007,0.0,normal,0.0,normal,0.0,normal,0.0,NORMAL,0.9,0.0,100,normal,YES,PASS,0.0,0.024,0.009,0.0,
15:14:52.906,1.0547,1.0074,1.0123,0.0,normal,0.0,speed_hump,0.5313,normal,0.0,NORMAL,19.6,0.1,100,speed_hump,YES,PASS,0.0,0.017,0.022,0.531,
15:14:53.134,1.0379,1.0089,1.0115,0.0,normal,0.0,speed_hump,0.5313,normal,0.0,NORMAL,19.3,0.1,100,speed_hump,YES,PASS,0.0,0.013,0.015,0.531,
15:14:53.362,1.0332,1.0053,1.0065,0.0,normal,0.0,speed_hump,0.5313,normal,0.0,CAUTION,19.1,0.1,95,speed_hump,NO,BLOCKED,0.0,0.009,0.013,0.531,
15:14:53.592,1.0142,1.0001,1.0018,0.0,normal,0.0,speed_hump,0.5313,normal,0.0,CAUTION,18.9,0.09,95,speed_hump,NO,BLOCKED,0.0,0.007,0.006,0.531,
15:14:53.822,1.0389,1.0063,1.0111,0.0,normal,0.0,speed_hump,0.5313,normal,0.0,CAUTION,19.1,0.1,95,speed_hump,NO,BLOCKED,0.0,0.005,0.016,0.531,
15:14:54.037,1.0204,1.0106,1.0041,0.0,normal,0.0,speed_hump,0.561,normal,0.0,CAUTION,19.9,0.1,95,speed_hump,NO,BLOCKED,0.0,0.004,0.008,0.561,
15:14:54.261,1.0602,1.0047,1.0096,5.0,pothole,1.0,speed_hump,0.5758,normal,0.0,CAUTION,32.9,0.16,92,speed_hump,NO,BLOCKED,0.0,0.408,0.024,0.576,
15:14:54.483,1.0476,1.0113,1.0005,0.0,normal,0.0,speed_hump,0.55,normal,0.0,CAUTION,28.6,0.14,93,speed_hump,NO,BLOCKED,0.0,0.298,0.019,0.55,
15:14:54.702,1.0358,1.0075,1.0041,0.0,normal,0.0,speed_hump,0.5718,normal,0.0,CAUTION,26.8,0.13,93,speed_hump,NO,BLOCKED,0.0,0.217,0.014,0.572,
15:14:54.938,1.0212,1.0034,1.0074,0.0,normal,0.0,speed_hump,0.5461,normal,0.0,CAUTION,24.0,0.12,94,speed_hump,NO,BLOCKED,0.0,0.159,0.008,0.546,
15:14:55.164,1.0255,1.0103,1.0122,0.0,normal,0.0,speed_hump,0.5853,normal,0.0,CAUTION,24.2,0.12,94,speed_hump,NO,BLOCKED,0.0,0.116,0.01,0.585,
15:14:55.389,1.025,1.0081,1.0126,0.0,normal,0.0,speed_hump,0.5569,normal,0.0,CAUTION,22.2,0.11,94,speed_hump,NO,BLOCKED,0.0,0.084,0.01,0.557,
15:14:55.621,1.0075,1.0038,1.0101,0.0,normal,0.0,speed_hump,0.5352,normal,0.0,CAUTION,20.6,0.1,95,speed_hump,NO,BLOCKED,0.0,0.062,0.003,0.535,
15:14:55.844,1.0417,1.0054,1.0137,0.0,normal,0.0,speed_hump,0.5352,normal,0.0,CAUTION,20.4,0.1,95,speed_hump,NO,BLOCKED,0.0,0.045,0.017,0.535,
15:14:56.080,1.0206,1.0028,1.0015,0.0,normal,0.0,speed_hump,0.5352,normal,0.0,CAUTION,19.9,0.1,95,speed_hump,NO,BLOCKED,0.0,0.033,0.008,0.535,
15:14:56.311,1.004,1.0001,1.0084,0.0,normal,0.0,speed_hump,0.5352,normal,0.0,CAUTION,19.5,0.1,95,speed_hump,NO,BLOCKED,0.0,0.024,0.002,0.535,
15:14:56.540,1.017,1.0102,1.0127,0.0,normal,0.0,speed_hump,0.5352,normal,0.0,CAUTION,19.4,0.1,95,speed_hump,NO,BLOCKED,0.0,0.017,0.007,0.535,
15:14:56.781,1.0242,1.0056,1.0112,0.0,normal,0.0,speed_hump,0.5352,normal,0.0,CAUTION,19.3,0.1,95,speed_hump,NO,BLOCKED,0.0,0.013,0.01,0.535,
15:14:57.000,1.006,1.0003,1.0001,0.0,normal,0.0,speed_hump,0.5352,normal,0.0,CAUTION,19.1,0.1,95,speed_hump,NO,BLOCKED,0.0,0.009,0.002,0.535,
15:14:57.228,1.0214,1.0005,1.0032,0.0,normal,0.0,normal,0.0,normal,0.0,CAUTION,0.4,0.0,100,braking,NO,BLOCKED,0.0,0.007,0.009,0.0,
15:14:57.445,1.039,1.0058,1.0001,0.0,normal,0.0,normal,0.0,normal,0.0,CAUTION,0.5,0.0,100,braking,NO,BLOCKED,0.0,0.005,0.016,0.0,
15:14:57.674,1.0011,1.0098,1.0088,0.0,normal,0.0,normal,0.0,normal,0.0,NORMAL,0.1,0.0,100,normal,YES,PASS,0.0,0.004,0.0,0.0,
15:14:57.893,1.0091,1.0122,1.003,0.0,normal,0.0,normal,0.0,normal,0.0,NORMAL,0.2,0.0,100,normal,YES,PASS,0.0,0.003,0.004,0.0,
15:14:58.108,1.0388,1.0053,1.0077,0.0,normal,0.0,normal,0.0,normal,0.0,NORMAL,0.4,0.0,100,normal,YES,PASS,0.0,0.002,0.016,0.0,
15:14:58.332,1.0063,1.0016,1.006,0.0,normal,0.0,normal,0.0,normal,0.0,NORMAL,0.1,0.0,100,normal,YES,PASS,0.0,0.001,0.003,0.0,
15:14:58.540,1.0422,1.0035,1.0097,0.0,normal,0.0,normal,0.0,normal,0.0,NORMAL,0.4,0.0,100,normal,YES,PASS,0.0,0.001,0.017,0.0,
15:14:58.756,1.044,1.0055,1.0114,4.3441,pothole,0.672,normal,0.0,normal,0.0,NORMAL,10.9,0.05,100,pothole,YES,PASS,0.0,0.353,0.018,0.0,
15:14:58.988,1.022,1.0111,1.0003,4.3441,pothole,0.672,normal,0.0,normal,0.0,NORMAL,18.5,0.09,100,pothole,YES,PASS,0.0,0.61,0.009,0.0,
15:14:59.215,1.0115,1.0051,1.0048,4.3441,pothole,0.672,normal,0.0,normal,0.0,CAUTION,24.0,0.12,94,pothole,NO,BLOCKED,0.0,0.797,0.005,0.0,
15:14:59.452,1.0344,1.0036,1.0101,4.3441,pothole,0.672,normal,0.0,normal,0.0,CAUTION,28.3,0.14,93,pothole,NO,BLOCKED,0.0,0.934,0.014,0.0,
15:14:59.671,1.0417,1.0086,1.0024,4.3441,pothole,0.672,normal,0.0,normal,0.0,CAUTION,30.3,0.15,92,pothole,NO,BLOCKED,0.0,1.0,0.017,0.0,
15:14:59.913,1.0564,1.0115,1.0065,4.3441,pothole,0.672,normal,0.0,normal,0.0,CAUTION,30.5,0.15,92,pothole,NO,BLOCKED,0.0,1.0,0.023,0.0,
15:15:00.160,1.006,1.0137,1.0074,5.0,pothole,1.0,normal,0.0,normal,0.0,CAUTION,30.0,0.15,92,pothole,NO,BLOCKED,0.0,1.0,0.002,0.0,
15:15:00.382,1.0654,1.0075,1.0119,5.0,pothole,1.0,normal,0.0,normal,0.0,CAUTION,30.5,0.15,92,pothole,NO,BLOCKED,0.0,1.0,0.026,0.0,
15:15:00.601,1.0057,1.0032,1.006,5.0,pothole,1.0,normal,0.0,normal,0.0,CAUTION,30.0,0.15,92,pothole,NO,BLOCKED,0.0,1.0,0.002,0.0,
15:15:00.828,1.0185,1.0065,1.0026,5.0,pothole,1.0,normal,0.0,normal,0.0,CAUTION,30.1,0.15,92,pothole,NO,BLOCKED,0.0,1.0,0.007,0.0,
15:15:01.064,1.0541,1.0054,1.0115,5.0,pothole,1.0,normal,0.0,normal,0.0,CAUTION,30.4,0.15,92,pothole,NO,BLOCKED,0.0,1.0,0.022,0.0,
15:15:01.282,1.0394,1.0139,1.0045,5.0,pothole,1.0,normal,0.0,normal,0.0,CAUTION,30.3,0.15,92,pothole,NO,BLOCKED,0.0,1.0,0.016,0.0,
15:15:01.502,1.011,1.0038,1.008,5.0,pothole,1.0,normal,0.0,normal,0.0,CAUTION,30.1,0.15,92,pothole,NO,BLOCKED,0.0,1.0,0.004,0.0,
15:15:01.721,1.0479,1.0077,1.0062,5.0,pothole,1.0,normal,0.0,normal,0.0,CAUTION,30.4,0.15,92,pothole,NO,BLOCKED,0.0,1.0,0.019,0.0,
15:15:01.950,1.0124,1.0034,1.0069,5.0,pothole,1.0,normal,0.0,normal,0.0,CAUTION,30.1,0.15,92,pothole,NO,BLOCKED,0.0,1.0,0.005,0.0,
15:15:02.168,1.0275,1.0093,1.0029,5.0,pothole,1.0,normal,0.0,normal,0.0,CAUTION,30.2,0.15,92,pothole,NO,BLOCKED,0.0,1.0,0.011,0.0,
15:15:02.391,1.0044,1.0015,1.0048,5.0,pothole,1.0,normal,0.0,normal,0.0,CAUTION,30.0,0.15,92,pothole,NO,BLOCKED,0.0,1.0,0.002,0.0,
15:15:02.622,1.0374,1.0017,1.0032,5.0,pothole,1.0,normal,0.0,normal,0.0,CAUTION,30.3,0.15,92,pothole,NO,BLOCKED,0.0,1.0,0.015,0.0,
15:15:02.838,1.0146,1.0032,1.0097,5.0,pothole,1.0,normal,0.0,normal,0.0,CAUTION,30.1,0.15,92,pothole,NO,BLOCKED,0.0,1.0,0.006,0.0,
15:15:03.070,1.0644,1.0152,1.0097,5.0,pothole,1.0,normal,0.0,normal,0.0,CAUTION,30.5,0.15,92,pothole,NO,BLOCKED,0.0,1.0,0.026,0.0,
15:15:03.300,1.0215,1.0106,1.0078,5.0,pothole,1.0,normal,0.0,normal,0.0,CAUTION,30.2,0.15,92,pothole,NO,BLOCKED,0.0,1.0,0.009,0.0,
15:15:03.541,1.0194,1.0012,1.0029,5.0,pothole,1.0,normal,0.0,normal,0.0,CAUTION,30.2,0.15,92,pothole,NO,BLOCKED,0.0,1.0,0.008,0.0,
15:15:03.750,1.0251,1.013,1.0054,0.0,normal,0.0,normal,0.0,normal,0.0,CAUTION,30.2,0.15,92,braking,NO,BLOCKED,0.0,1.0,0.01,0.0,
15:15:03.987,1.0272,1.0004,1.0062,0.0,normal,0.0,normal,0.0,normal,0.0,CAUTION,24.1,0.0,100,braking,NO,BLOCKED,0.0,0.798,0.011,0.0,
15:15:04.214,1.0008,1.0051,1.0067,0.0,normal,0.0,normal,0.0,normal,0.0,CAUTION,17.5,0.0,100,braking,NO,BLOCKED,0.0,0.582,0.0,0.0,
15:15:04.449,1.027,1.0043,1.0042,0.0,normal,0.0,normal,0.0,normal,0.0,NORMAL,13.0,0.0,100,normal,YES,PASS,0.0,0.425,0.011,0.0,
15:15:04.680,1.0145,1.0024,1.0006,0.0,normal,0.0,normal,0.0,normal,0.0,NORMAL,9.4,0.0,100,normal,YES,PASS,0.0,0.31,0.006,0.0,
15:15:04.937,1.0561,1.0124,1.0093,5.0,pothole,1.0,normal,0.0,normal,0.0,NORMAL,19.4,0.1,100,pothole,YES,PASS,0.0,0.632,0.022,0.0,
15:15:05.159,1.0448,1.0063,1.0047,5.0,pothole,1.0,normal,0.0,normal,0.0,NORMAL,26.3,0.13,100,pothole,YES,PASS,0.0,0.866,0.018,0.0,
15:15:05.390,1.0238,1.0069,1.0063,5.0,pothole,1.0,normal,0.0,normal,0.0,CAUTION,30.2,0.15,92,pothole,NO,BLOCKED,0.0,1.0,0.01,0.0,
15:15:05.629,1.0419,1.0119,1.0009,5.0,pothole,1.0,normal,0.0,normal,0.0,CAUTION,30.3,0.15,92,pothole,NO,BLOCKED,0.0,1.0,0.017,0.0,
15:15:05.857,1.0313,1.0117,1.0136,5.0,pothole,1.0,normal,0.0,normal,0.0,CAUTION,30.3,0.15,92,pothole,NO,BLOCKED,0.0,1.0,0.013,0.0,
15:15:06.082,1.0054,1.0041,1.0118,5.0,pothole,1.0,normal,0.0,normal,0.0,CAUTION,30.0,0.15,92,pothole,NO,BLOCKED,0.0,1.0,0.002,0.0,
15:15:06.317,1.0529,1.0131,1.0109,5.0,pothole,1.0,normal,0.0,normal,0.0,CAUTION,30.4,0.15,92,pothole,NO,BLOCKED,0.0,1.0,0.021,0.0,
15:15:06.545,1.0116,1.0088,1.0054,5.0,pothole,1.0,normal,0.0,normal,0.0,CAUTION,30.1,0.15,92,pothole,NO,BLOCKED,0.0,1.0,0.005,0.0,
15:15:06.784,1.0065,1.0102,1.0032,4.7396,pothole,0.8698,normal,0.0,normal,0.0,CAUTION,30.1,0.15,92,pothole,NO,BLOCKED,0.0,1.0,0.003,0.0,
15:15:07.009,1.0654,1.0101,1.0016,4.7396,pothole,0.8698,normal,0.0,normal,0.0,CAUTION,30.5,0.15,92,pothole,NO,BLOCKED,0.0,1.0,0.026,0.0,
15:15:07.221,1.03,1.0108,1.0038,4.7396,pothole,0.8698,normal,0.0,normal,0.0,CAUTION,30.2,0.15,92,pothole,NO,BLOCKED,0.0,1.0,0.012,0.0,
15:15:07.438,1.0286,1.0124,1.0145,4.7396,pothole,0.8698,normal,0.0,normal,0.0,CAUTION,30.2,0.15,92,pothole,NO,BLOCKED,0.0,1.0,0.011,0.0,
15:15:07.658,1.0187,1.0085,1.0124,4.7396,pothole,0.8698,normal,0.0,normal,0.0,CAUTION,30.1,0.15,92,pothole,NO,BLOCKED,0.0,1.0,0.007,0.0,
15:15:07.879,1.0329,1.0022,1.0068,0.0,normal,0.0,normal,0.0,normal,0.0,CAUTION,30.3,0.15,92,braking,NO,BLOCKED,0.0,1.0,0.013,0.0,
15:15:08.107,1.0484,1.0027,1.0073,0.0,normal,0.0,normal,0.0,normal,0.0,CAUTION,23.1,0.0,100,braking,NO,BLOCKED,0.0,0.755,0.019,0.0,
15:15:08.337,1.0548,1.0096,1.0098,0.0,normal,0.0,normal,0.0,normal,0.0,CAUTION,17.0,0.0,100,braking,NO,BLOCKED,0.0,0.551,0.022,0.0,
15:15:08.568,1.0002,1.0085,1.0026,0.0,normal,0.0,normal,0.0,normal,0.0,NORMAL,12.1,0.0,100,normal,YES,PASS,0.0,0.402,0.0,0.0,
15:15:08.791,1.0294,1.0075,1.0063,0.0,normal,0.0,normal,0.0,normal,0.0,NORMAL,9.0,0.0,100,normal,YES,PASS,0.0,0.294,0.012,0.0,
15:15:09.032,1.0464,1.0077,1.0118,0.0,normal,0.0,normal,0.0,normal,0.0,NORMAL,6.8,0.0,100,normal,YES,PASS,0.0,0.214,0.019,0.0,
15:15:09.255,1.0604,1.0013,1.0022,0.0,normal,0.0,normal,0.0,normal,0.0,NORMAL,5.2,0.0,100,normal,YES,PASS,0.0,0.156,0.024,0.0,
15:15:09.474,1.0486,1.0119,1.0141,0.0,normal,0.0,normal,0.0,normal,0.0,NORMAL,3.8,0.0,100,normal,YES,PASS,0.0,0.114,0.019,0.0,
15:15:09.692,1.0543,1.0102,1.0125,0.0,normal,0.0,normal,0.0,normal,0.0,NORMAL,2.9,0.0,100,normal,YES,PASS,0.0,0.083,0.022,0.0,
15:15:09.912,1.0256,1.009,1.002,0.0,normal,0.0,normal,0.0,normal,0.0,NORMAL,2.0,0.0,100,normal,YES,PASS,0.0,0.061,0.01,0.0,
15:15:10.138,1.058,1.0113,1.0114,0.0,normal,0.0,normal,0.0,normal,0.0,NORMAL,1.8,0.0,100,normal,YES,PASS,0.0,0.044,0.023,0.0,
15:15:10.359,1.0417,1.0156,1.0005,0.0,normal,0.0,normal,0.0,normal,0.0,NORMAL,1.3,0.0,100,normal,YES,PASS,0.0,0.032,0.017,0.0,
15:15:10.580,1.0066,1.0015,1.0012,0.0,normal,0.0,normal,0.0,normal,0.0,NORMAL,0.8,0.0,100,normal,YES,PASS,0.0,0.024,0.003,0.0,
15:15:10.806,1.0077,1.0121,1.0118,0.0,normal,0.0,normal,0.0,normal,0.0,NORMAL,0.6,0.0,100,normal,YES,PASS,0.0,0.017,0.003,0.0,
15:15:11.036,1.0238,1.0026,1.003,0.0,normal,0.0,normal,0.0,normal,0.0,NORMAL,0.6,0.0,100,normal,YES,PASS,0.0,0.013,0.01,0.0,
15:15:11.273,1.0392,1.0046,1.0151,5.0,pothole,1.0,normal,0.0,normal,0.0,NORMAL,12.7,0.06,100,pothole,YES,PASS,0.0,0.414,0.016,0.0,
15:15:11.495,1.042,1.0073,1.007,5.0,pothole,1.0,normal,0.0,normal,0.0,NORMAL,21.6,0.11,100,pothole,YES,PASS,0.0,0.708,0.017,0.0,
15:15:11.715,1.0522,1.0112,1.0133,5.0,pothole,1.0,normal,0.0,normal,0.0,CAUTION,28.1,0.14,93,pothole,NO,BLOCKED,0.0,0.922,0.021,0.0,
15:15:11.951,1.0156,1.0098,1.0017,5.0,pothole,1.0,normal,0.0,normal,0.0,CAUTION,30.1,0.15,92,pothole,NO,BLOCKED,0.0,1.0,0.006,0.0,
15:15:12.167,1.0135,1.0132,1.0059,5.0,pothole,1.0,normal,0.0,normal,0.0,CAUTION,30.1,0.15,92,pothole,NO,BLOCKED,0.0,1.0,0.005,0.0,
15:15:12.391,1.0446,1.0105,1.0139,5.0,pothole,1.0,normal,0.0,normal,0.0,CAUTION,30.4,0.15,92,pothole,NO,BLOCKED,0.0,1.0,0.018,0.0,
15:15:12.605,1.0498,1.0086,1.0016,5.0,pothole,1.0,normal,0.0,normal,0.0,CAUTION,30.4,0.15,92,pothole,NO,BLOCKED,0.0,1.0,0.02,0.0,
15:15:12.854,1.005,1.0127,1.0096,5.0,pothole,1.0,normal,0.0,normal,0.0,CAUTION,30.0,0.15,92,pothole,NO,BLOCKED,0.0,1.0,0.002,0.0,
15:15:13.089,1.0484,1.0145,1.0102,5.0,pothole,1.0,normal,0.0,normal,0.0,CAUTION,30.4,0.15,92,pothole,NO,BLOCKED,0.0,1.0,0.019,0.0,
15:15:13.325,1.0291,1.0044,1.0035,5.0,pothole,1.0,normal,0.0,normal,0.0,CAUTION,30.2,0.15,92,pothole,NO,BLOCKED,0.0,1.0,0.012,0.0,
15:15:13.546,1.0542,1.0002,1.0003,5.0,pothole,1.0,normal,0.0,normal,0.0,CAUTION,30.4,0.15,92,pothole,NO,BLOCKED,0.0,1.0,0.022,0.0,
15:15:13.770,1.0534,1.0078,1.0037,5.0,pothole,1.0,normal,0.0,normal,0.0,CAUTION,30.4,0.15,92,pothole,NO,BLOCKED,0.0,1.0,0.021,0.0,
15:15:13.998,1.052,1.0051,1.0104,5.0,pothole,1.0,normal,0.0,normal,0.0,CAUTION,30.4,0.15,92,pothole,NO,BLOCKED,0.0,1.0,0.021,0.0,
15:15:14.220,1.064,1.0049,1.0123,5.0,pothole,1.0,normal,0.0,normal,0.0,CAUTION,30.5,0.15,92,pothole,NO,BLOCKED,0.0,1.0,0.026,0.0,
15:15:14.468,1.047,1.0012,1.005,5.0,pothole,1.0,normal,0.0,normal,0.0,CAUTION,30.4,0.15,92,pothole,NO,BLOCKED,0.0,1.0,0.019,0.0,
15:15:14.700,1.0035,1.0025,1.0138,5.0,pothole,1.0,normal,0.0,normal,0.0,CAUTION,30.0,0.15,92,pothole,NO,BLOCKED,0.0,1.0,0.001,0.0,
15:15:14.938,1.0022,1.0022,1.001,5.0,pothole,1.0,normal,0.0,normal,0.0,CAUTION,30.0,0.15,92,pothole,NO,BLOCKED,0.0,1.0,0.001,0.0,
15:15:15.165,1.0458,1.0109,1.0011,5.0,pothole,1.0,normal,0.0,normal,0.0,CAUTION,30.4,0.15,92,pothole,NO,BLOCKED,0.0,1.0,0.018,0.0,
15:15:15.388,1.0052,1.0066,1.009,5.0,pothole,1.0,normal,0.0,normal,0.0,CAUTION,30.0,0.15,92,pothole,NO,BLOCKED,0.0,1.0,0.002,0.0,
15:15:15.610,1.0522,1.0081,1.0149,5.0,pothole,1.0,normal,0.0,normal,0.0,CAUTION,30.4,0.15,92,pothole,NO,BLOCKED,0.0,1.0,0.021,0.0,
15:15:15.836,1.056,1.0103,1.0019,5.0,pothole,1.0,normal,0.0,normal,0.0,CAUTION,30.4,0.15,92,pothole,NO,BLOCKED,0.0,1.0,0.022,0.0,
15:15:16.080,1.0316,1.0066,1.0108,5.0,pothole,1.0,normal,0.0,normal,0.0,CAUTION,30.3,0.15,92,pothole,NO,BLOCKED,0.0,1.0,0.013,0.0,
15:15:16.295,1.0042,1.0051,1.0057,5.0,pothole,1.0,normal,0.0,normal,0.0,CAUTION,30.0,0.15,92,pothole,NO,BLOCKED,0.0,1.0,0.002,0.0,
15:15:16.517,1.0286,1.0061,1.0056,0.0,normal,0.0,normal,0.0,normal,0.0,CAUTION,30.2,0.15,92,braking,NO,BLOCKED,0.0,1.0,0.011,0.0,
15:15:16.737,1.0164,1.0105,1.0106,0.0,normal,0.0,normal,0.0,normal,0.0,CAUTION,24.1,0.0,100,braking,NO,BLOCKED,0.0,0.798,0.007,0.0,
15:15:16.979,1.0061,1.0061,1.0027,0.0,normal,0.0,normal,0.0,normal,0.0,CAUTION,17.5,0.0,100,braking,NO,BLOCKED,0.0,0.583,0.002,0.0,
15:15:17.211,1.0418,1.012,1.0031,4.8831,pothole,0.9416,normal,0.0,normal,0.0,CAUTION,25.0,0.12,94,pothole,NO,BLOCKED,0.0,0.821,0.017,0.0,
15:15:17.440,1.0494,1.0044,1.0009,5.0,pothole,1.0,normal,0.0,normal,0.0,CAUTION,30.4,0.15,92,pothole,NO,BLOCKED,0.0,1.0,0.02,0.0,
15:15:17.669,1.0162,1.007,1.0086,5.0,pothole,1.0,normal,0.0,normal,0.0,CAUTION,30.1,0.15,92,pothole,NO,BLOCKED,0.0,1.0,0.006,0.0,
15:15:17.894,1.0002,1.0023,1.0024,5.0,pothole,1.0,normal,0.0,normal,0.0,CAUTION,30.0,0.15,92,pothole,NO,BLOCKED,0.0,1.0,0.0,0.0,
15:15:18.119,1.0339,1.0028,1.0109,5.0,pothole,1.0,normal,0.0,normal,0.0,CAUTION,30.3,0.15,92,pothole,NO,BLOCKED,0.0,1.0,0.014,0.0,
15:15:18.338,1.0116,1.0036,1.0002,5.0,pothole,1.0,normal,0.0,normal,0.0,CAUTION,30.1,0.15,92,pothole,NO,BLOCKED,0.0,1.0,0.005,0.0,
15:15:18.569,1.0461,1.0096,1.0036,5.0,pothole,1.0,normal,0.0,normal,0.0,CAUTION,30.4,0.15,92,pothole,NO,BLOCKED,0.0,1.0,0.018,0.0,
15:15:18.794,1.0593,1.0169,1.005,4.8831,pothole,0.9416,normal,0.0,normal,0.0,CAUTION,30.5,0.15,92,pothole,NO,BLOCKED,0.0,1.0,0.024,0.0,
15:15:19.031,1.0323,1.0119,1.012,5.0,pothole,1.0,normal,0.0,normal,0.0,CAUTION,30.3,0.15,92,pothole,NO,BLOCKED,0.0,1.0,0.013,0.0,
15:15:19.250,1.0118,1.0083,1.0036,5.0,pothole,1.0,normal,0.0,normal,0.0,CAUTION,30.1,0.15,92,pothole,NO,BLOCKED,0.0,1.0,0.005,0.0,
15:15:19.472,1.0033,1.0067,1.0093,5.0,pothole,1.0,normal,0.0,normal,0.0,CAUTION,30.0,0.15,92,pothole,NO,BLOCKED,0.0,1.0,0.001,0.0,
15:15:19.698,1.0039,1.0101,1.0081,5.0,pothole,1.0,normal,0.0,normal,0.0,CAUTION,30.0,0.15,92,pothole,NO,BLOCKED,0.0,1.0,0.002,0.0,
15:15:19.913,1.0488,1.0087,1.0079,5.0,pothole,1.0,normal,0.0,normal,0.0,CAUTION,30.4,0.15,92,pothole,NO,BLOCKED,0.0,1.0,0.02,0.0,
15:15:20.137,1.0352,1.0211,1.0269,0.0,normal,0.0,normal,0.0,normal,0.0,CAUTION,30.3,0.15,92,braking,NO,BLOCKED,0.0,1.0,0.014,0.0,
15:15:20.375,1.0614,1.0088,1.0074,5.0,pothole,1.0,normal,0.0,normal,0.0,CAUTION,30.5,0.15,92,pothole,NO,BLOCKED,0.0,1.0,0.025,0.0,
15:15:20.615,1.0043,1.0024,1.0063,5.0,pothole,1.0,normal,0.0,normal,0.0,CAUTION,30.0,0.15,92,pothole,NO,BLOCKED,0.0,1.0,0.002,0.0,
15:15:20.841,1.0066,1.0078,1.0004,0.0,normal,0.0,normal,0.0,normal,0.0,CAUTION,28.0,0.0,100,braking,NO,BLOCKED,0.0,0.932,0.003,0.0,
15:15:21.073,1.0614,1.0083,1.007,0.0,normal,0.0,normal,0.0,normal,0.0,CAUTION,20.9,0.0,100,braking,NO,BLOCKED,0.0,0.68,0.025,0.0,
15:15:21.305,1.0363,1.0053,1.0041,0.0,normal,0.0,normal,0.0,normal,0.0,NORMAL,15.2,0.0,100,normal,YES,PASS,0.0,0.497,0.015,0.0,
15:15:21.540,1.0066,1.006,1.0033,0.0,normal,0.0,normal,0.0,normal,0.0,NORMAL,10.9,0.0,100,normal,YES,PASS,0.0,0.362,0.003,0.0,
15:15:21.774,1.0435,1.0022,1.0027,0.0,normal,0.0,normal,0.0,normal,0.0,NORMAL,8.3,0.0,100,normal,YES,PASS,0.0,0.265,0.017,0.0,
15:15:21.990,1.003,1.0142,1.015,4.3025,pothole,0.6513,normal,0.0,normal,0.0,NORMAL,16.3,0.08,100,pothole,YES,PASS,0.0,0.542,0.001,0.0,
15:15:22.225,1.0061,1.0017,1.0007,0.0,normal,0.0,normal,0.0,normal,0.0,NORMAL,11.9,0.0,100,normal,YES,PASS,0.0,0.395,0.002,0.0,
15:15:22.447,1.0212,1.0025,1.0013,0.0,normal,0.0,normal,0.0,normal,0.0,NORMAL,8.8,0.0,100,normal,YES,PASS,0.0,0.289,0.008,0.0,
15:15:22.665,1.0449,1.0006,1.0165,0.0,normal,0.0,normal,0.0,normal,0.0,NORMAL,6.7,0.0,100,normal,YES,PASS,0.0,0.211,0.018,0.0,
15:15:22.891,1.0371,1.0046,1.0001,0.0,normal,0.0,normal,0.0,normal,0.0,NORMAL,4.9,0.0,100,normal,YES,PASS,0.0,0.154,0.015,0.0,
15:15:23.115,1.0703,1.011,1.0052,0.0,normal,0.0,normal,0.0,normal,0.0,NORMAL,3.9,0.0,100,normal,YES,PASS,0.0,0.112,0.028,0.0,
15:15:23.329,1.0166,1.0086,1.001,4.3025,pothole,0.6513,normal,0.0,normal,0.0,NORMAL,13.1,0.07,100,pothole,YES,PASS,0.0,0.431,0.007,0.0,
15:15:23.547,1.0598,1.0033,1.004,4.3025,pothole,0.6513,normal,0.0,normal,0.0,NORMAL,20.4,0.1,100,pothole,YES,PASS,0.0,0.663,0.024,0.0,
15:15:23.780,1.0499,1.0072,1.0019,4.3025,pothole,0.6513,normal,0.0,normal,0.0,CAUTION,25.4,0.13,94,pothole,NO,BLOCKED,0.0,0.833,0.02,0.0,
15:15:24.017,1.0032,1.0141,1.0044,4.3025,pothole,0.6513,normal,0.0,normal,0.0,CAUTION,28.7,0.14,93,pothole,NO,BLOCKED,0.0,0.956,0.001,0.0,
15:15:24.248,1.0208,1.0054,1.0043,0.0,normal,0.0,normal,0.0,normal,0.0,CAUTION,21.1,0.0,100,braking,NO,BLOCKED,0.0,0.698,0.008,0.0,
15:15:24.472,1.0112,1.0029,1.0009,0.0,normal,0.0,normal,0.0,normal,0.0,CAUTION,15.4,0.0,100,braking,NO,BLOCKED,0.0,0.509,0.004,0.0,
15:15:24.689,1.0142,1.0132,1.0084,0.0,normal,0.0,normal,0.0,normal,0.0,NORMAL,11.3,0.0,100,normal,YES,PASS,0.0,0.372,0.006,0.0,
15:15:24.918,1.0282,1.0086,1.0103,0.0,normal,0.0,normal,0.0,normal,0.0,NORMAL,8.4,0.0,100,normal,YES,PASS,0.0,0.271,0.011,0.0,
15:15:25.156,1.0178,1.0112,1.0097,0.0,normal,0.0,normal,0.0,normal,0.0,NORMAL,6.1,0.0,100,normal,YES,PASS,0.0,0.198,0.007,0.0,
15:15:25.386,1.005,1.0079,1.0008,0.0,normal,0.0,normal,0.0,normal,0.0,NORMAL,4.4,0.0,100,normal,YES,PASS,0.0,0.145,0.002,0.0,
15:15:25.614,1.0321,1.007,1.0084,0.0,normal,0.0,normal,0.0,normal,0.0,NORMAL,3.4,0.0,100,normal,YES,PASS,0.0,0.105,0.013,0.0,
15:15:25.840,1.0327,1.0086,1.0154,0.0,normal,0.0,speed_hump,0.5053,normal,0.0,NORMAL,20.3,0.1,100,speed_hump,YES,PASS,0.0,0.077,0.013,0.505,
15:15:26.064,1.0346,1.0093,1.0087,0.0,normal,0.0,speed_hump,0.5022,normal,0.0,NORMAL,19.5,0.1,100,speed_hump,YES,PASS,0.0,0.056,0.014,0.502,
15:15:26.290,1.0426,1.0033,1.0093,0.0,normal,0.0,speed_hump,0.5022,normal,0.0,CAUTION,19.1,0.1,95,speed_hump,NO,BLOCKED,0.0,0.041,0.017,0.502,
15:15:26.512,1.0059,1.0095,1.0081,0.0,normal,0.0,speed_hump,0.5022,normal,0.0,CAUTION,18.5,0.09,95,speed_hump,NO,BLOCKED,0.0,0.03,0.002,0.502,
15:15:26.742,1.0088,1.0086,1.012,0.0,normal,0.0,speed_hump,0.5022,normal,0.0,CAUTION,18.3,0.09,95,speed_hump,NO,BLOCKED,0.0,0.022,0.004,0.502,
15:15:26.976,1.0031,1.0061,1.0129,0.0,normal,0.0,speed_hump,0.5022,normal,0.0,CAUTION,18.1,0.09,95,speed_hump,NO,BLOCKED,0.0,0.016,0.001,0.502,
15:15:27.212,1.0314,1.0121,1.0108,4.3208,pothole,0.6604,speed_hump,0.5022,normal,0.0,CAUTION,28.7,0.14,93,speed_hump,NO,BLOCKED,0.0,0.362,0.013,0.502,
15:15:27.449,1.0427,1.0036,1.0006,4.3208,pothole,0.6604,speed_hump,0.5022,normal,0.0,CAUTION,36.3,0.18,91,speed_hump,NO,BLOCKED,0.0,0.614,0.017,0.502,
15:15:27.674,1.0049,1.0093,1.0029,4.3208,pothole,0.6604,normal,0.0,normal,0.0,CAUTION,24.0,0.12,94,pothole,NO,BLOCKED,0.0,0.799,0.002,0.0,
15:15:27.920,1.0633,1.0054,1.0034,4.3208,pothole,0.6604,normal,0.0,normal,0.0,CAUTION,28.5,0.14,93,pothole,NO,BLOCKED,0.0,0.933,0.025,0.0,
15:15:28.193,1.0119,1.0017,1.0038,4.3208,pothole,0.6604,normal,0.0,normal,0.0,CAUTION,30.1,0.15,92,pothole,NO,BLOCKED,0.0,1.0,0.005,0.0,
15:15:28.424,1.0133,1.0059,1.0098,0.0,normal,0.0,normal,0.0,normal,0.0,CAUTION,22.7,0.0,100,braking,NO,BLOCKED,0.0,0.753,0.005,0.0,
15:15:28.661,1.0243,1.0048,1.0003,0.0,normal,0.0,normal,0.0,normal,0.0,CAUTION,16.7,0.0,100,braking,NO,BLOCKED,0.0,0.549,0.01,0.0,
15:15:28.896,1.0315,1.0025,1.0084,0.0,normal,0.0,speed_hump,0.5036,normal,0.0,CAUTION,29.9,0.15,93,speed_hump,NO,BLOCKED,0.0,0.401,0.013,0.504,
15:15:29.108,1.0052,1.003,1.0078,0.0,normal,0.0,speed_hump,0.5018,normal,0.0,CAUTION,26.4,0.13,93,speed_hump,NO,BLOCKED,0.0,0.293,0.002,0.502,
15:15:29.338,1.059,1.0064,1.0091,0.0,normal,0.0,speed_hump,0.5018,normal,0.0,CAUTION,24.4,0.12,94,speed_hump,NO,BLOCKED,0.0,0.214,0.024,0.502,
15:15:29.569,1.0276,1.0027,1.015,0.0,normal,0.0,speed_hump,0.5018,normal,0.0,CAUTION,22.5,0.11,94,speed_hump,NO,BLOCKED,0.0,0.156,0.011,0.502,
15:15:29.809,1.0066,1.0021,1.0104,0.0,normal,0.0,speed_hump,0.5018,normal,0.0,CAUTION,21.0,0.11,95,speed_hump,NO,BLOCKED,0.0,0.114,0.003,0.502,
15:15:30.040,1.0114,1.0095,1.0053,0.0,normal,0.0,speed_hump,0.5018,normal,0.0,CAUTION,20.1,0.1,95,speed_hump,NO,BLOCKED,0.0,0.083,0.005,0.502,
15:15:30.277,1.0125,1.0001,1.0103,0.0,normal,0.0,speed_hump,0.5018,normal,0.0,CAUTION,19.5,0.1,95,speed_hump,NO,BLOCKED,0.0,0.061,0.005,0.502,
15:15:30.498,1.0373,1.0069,1.007,0.0,normal,0.0,speed_hump,0.5018,normal,0.0,CAUTION,19.2,0.1,95,speed_hump,NO,BLOCKED,0.0,0.044,0.015,0.502,
15:15:30.736,1.037,1.0103,1.0064,0.0,normal,0.0,normal,0.0,normal,0.0,CAUTION,1.3,0.0,100,braking,NO,BLOCKED,0.0,0.032,0.015,0.0,
15:15:30.966,1.0477,1.0092,1.0112,0.0,normal,0.0,normal,0.0,normal,0.0,CAUTION,1.1,0.0,100,braking,NO,BLOCKED,0.0,0.024,0.019,0.0,
15:15:31.200,1.0412,1.0006,1.0083,0.0,normal,0.0,speed_hump,0.5101,normal,0.0,CAUTION,18.7,0.09,95,speed_hump,NO,BLOCKED,0.0,0.017,0.016,0.51,
15:15:31.434,1.0522,1.0022,1.0079,0.0,normal,0.0,speed_hump,0.5117,normal,0.0,CAUTION,18.7,0.09,95,speed_hump,NO,BLOCKED,0.0,0.013,0.021,0.512,
15:15:31.672,1.051,1.0134,1.0119,0.0,normal,0.0,speed_hump,0.5087,normal,0.0,CAUTION,18.5,0.09,95,speed_hump,NO,BLOCKED,0.0,0.009,0.02,0.509,
15:15:31.908,1.0091,1.0013,1.0067,0.0,normal,0.0,speed_hump,0.5036,normal,0.0,CAUTION,17.9,0.09,96,speed_hump,NO,BLOCKED,0.0,0.007,0.004,0.504,
15:15:32.154,1.0144,1.0073,1.011,0.0,normal,0.0,speed_hump,0.5036,normal,0.0,CAUTION,17.9,0.09,96,speed_hump,NO,BLOCKED,0.0,0.005,0.006,0.504,
15:15:32.381,1.0279,1.0089,1.0032,0.0,normal,0.0,speed_hump,0.5423,normal,0.0,CAUTION,19.3,0.1,95,speed_hump,NO,BLOCKED,0.0,0.004,0.011,0.542,
15:15:32.607,1.0342,1.0073,1.0087,0.0,normal,0.0,speed_hump,0.5281,normal,0.0,CAUTION,18.8,0.09,95,speed_hump,NO,BLOCKED,0.0,0.003,0.014,0.528,
15:15:32.822,1.0261,1.0052,1.0062,0.0,normal,0.0,speed_hump,0.5283,normal,0.0,CAUTION,18.8,0.09,95,speed_hump,NO,BLOCKED,0.0,0.002,0.01,0.528,
15:15:33.038,1.0159,1.0089,1.0166,0.0,normal,0.0,speed_hump,0.531,normal,0.0,CAUTION,18.8,0.09,95,speed_hump,NO,BLOCKED,0.0,0.001,0.006,0.531,
15:15:33.284,1.0404,1.004,1.0071,0.0,normal,0.0,speed_hump,0.5405,normal,0.0,CAUTION,19.3,0.1,95,speed_hump,NO,BLOCKED,0.0,0.001,0.016,0.541,
15:15:33.519,1.0356,1.0029,1.0078,0.0,normal,0.0,speed_hump,0.541,normal,0.0,CAUTION,19.2,0.1,95,speed_hump,NO,BLOCKED,0.0,0.001,0.014,0.541,
15:15:33.759,1.0082,1.0055,1.0079,0.0,normal,0.0,speed_hump,0.541,normal,0.0,CAUTION,19.0,0.1,95,speed_hump,NO,BLOCKED,0.0,0.001,0.003,0.541,
15:15:33.983,1.0303,1.0028,1.0107,0.0,normal,0.0,speed_hump,0.541,normal,0.0,CAUTION,19.2,0.1,95,speed_hump,NO,BLOCKED,0.0,0.0,0.012,0.541,
15:15:34.213,1.0271,1.0108,1.0033,0.0,normal,0.0,speed_hump,0.541,normal,0.0,CAUTION,19.2,0.1,95,speed_hump,NO,BLOCKED,0.0,0.0,0.011,0.541,
15:15:34.445,1.0723,1.0098,1.0079,0.0,normal,0.0,speed_hump,0.541,normal,0.0,CAUTION,19.5,0.1,95,speed_hump,NO,BLOCKED,0.0,0.0,0.029,0.541,
15:15:34.673,1.0337,1.0116,1.0124,0.0,normal,0.0,speed_hump,0.541,normal,0.0,CAUTION,19.2,0.1,95,speed_hump,NO,BLOCKED,0.0,0.0,0.013,0.541,
15:15:34.901,1.0316,1.0063,1.0062,0.0,normal,0.0,speed_hump,0.541,normal,0.0,CAUTION,19.2,0.1,95,speed_hump,NO,BLOCKED,0.0,0.0,0.013,0.541,
15:15:35.137,1.0211,1.0033,1.0096,0.0,normal,0.0,normal,0.0,normal,0.0,CAUTION,0.2,0.0,100,braking,NO,BLOCKED,0.0,0.0,0.008,0.0,
15:15:35.360,1.0159,1.0082,1.0064,0.0,normal,0.0,normal,0.0,normal,0.0,CAUTION,0.1,0.0,100,braking,NO,BLOCKED,0.0,0.0,0.006,0.0,
15:15:35.589,1.0411,1.004,1.0053,0.0,normal,0.0,normal,0.0,normal,0.0,NORMAL,0.3,0.0,100,normal,YES,PASS,0.0,0.0,0.016,0.0,
15:15:35.803,1.0438,1.0079,1.0015,0.0,normal,0.0,normal,0.0,normal,0.0,NORMAL,0.4,0.0,100,normal,YES,PASS,0.0,0.0,0.018,0.0,
15:15:36.039,1.055,1.0139,1.0097,0.0,normal,0.0,normal,0.0,normal,0.0,NORMAL,0.4,0.0,100,normal,YES,PASS,0.0,0.0,0.022,0.0,
15:15:36.260,1.0337,1.0086,1.0097,0.0,normal,0.0,normal,0.0,normal,0.0,NORMAL,0.3,0.0,100,normal,YES,PASS,0.0,0.0,0.013,0.0,
15:15:36.490,1.0507,1.0098,1.0021,0.0,normal,0.0,normal,0.0,normal,0.0,NORMAL,0.4,0.0,100,normal,YES,PASS,0.0,0.0,0.02,0.0,
15:15:36.704,1.0626,1.0094,1.0102,0.0,normal,0.0,normal,0.0,normal,0.0,NORMAL,0.5,0.0,100,normal,YES,PASS,0.0,0.0,0.025,0.0,
15:15:36.919,1.0269,1.0018,1.0095,0.0,normal,0.0,normal,0.0,normal,0.0,NORMAL,0.2,0.0,100,normal,YES,PASS,0.0,0.0,0.011,0.0,
15:15:37.137,1.0416,1.0064,1.0088,0.0,normal,0.0,normal,0.0,normal,0.0,NORMAL,0.3,0.0,100,normal,YES,PASS,0.0,0.0,0.017,0.0,
15:15:37.354,1.0112,1.0058,1.0014,0.0,normal,0.0,normal,0.0,normal,0.0,NORMAL,0.1,0.0,100,normal,YES,PASS,0.0,0.0,0.004,0.0,
15:15:37.572,1.047,1.008,1.0173,0.0,normal,0.0,normal,0.0,normal,0.0,NORMAL,0.4,0.0,100,normal,YES,PASS,0.0,0.0,0.019,0.0,
15:15:37.801,1.0739,1.0031,1.002,0.0,normal,0.0,normal,0.0,normal,0.0,NORMAL,0.6,0.0,100,normal,YES,PASS,0.0,0.0,0.03,0.0,
15:15:38.024,1.0402,1.0066,1.0095,0.0,normal,0.0,normal,0.0,normal,0.0,NORMAL,0.3,0.0,100,normal,YES,PASS,0.0,0.0,0.016,0.0,
15:15:38.242,1.029,1.0085,1.0063,0.0,normal,0.0,normal,0.0,normal,0.0,NORMAL,0.2,0.0,100,normal,YES,PASS,0.0,0.0,0.012,0.0,
15:15:38.452,1.0611,1.0104,1.0153,0.0,normal,0.0,normal,0.0,normal,0.0,NORMAL,0.5,0.0,100,normal,YES,PASS,0.0,0.0,0.024,0.0,
15:15:38.680,1.0446,1.0073,1.0017,0.0,normal,0.0,normal,0.0,normal,0.0,NORMAL,0.4,0.0,100,normal,YES,PASS,0.0,0.0,0.018,0.0,
15:15:38.894,1.0225,1.0075,1.0052,0.0,normal,0.0,normal,0.0,normal,0.0,NORMAL,0.2,0.0,100,normal,YES,PASS,0.0,0.0,0.009,0.0,
15:15:39.103,1.0697,1.0082,1.0023,0.0,normal,0.0,normal,0.0,normal,0.0,NORMAL,0.6,0.0,100,normal,YES,PASS,0.0,0.0,0.028,0.0,
15:15:39.327,1.0215,1.0086,1.0119,0.0,normal,0.0,normal,0.0,normal,0.0,NORMAL,0.2,0.0,100,normal,YES,PASS,0.0,0.0,0.009,0.0,
15:15:39.560,1.0244,1.0075,1.0056,0.0,normal,0.0,normal,0.0,normal,0.0,NORMAL,0.2,0.0,100,normal,YES,PASS,0.0,0.0,0.01,0.0,
15:15:39.786,1.0143,1.0175,1.0093,0.0,normal,0.0,normal,0.0,normal,0.0,NORMAL,0.1,0.0,100,normal,YES,PASS,0.0,0.0,0.006,0.0,
15:15:40.008,1.0102,1.008,1.0027,0.0,normal,0.0,normal,0.0,normal,0.0,NORMAL,0.1,0.0,100,normal,YES,PASS,0.0,0.0,0.004,0.0,
15:15:40.229,1.0165,1.0114,1.0041,0.0,normal,0.0,normal,0.0,normal,0.0,NORMAL,0.1,0.0,100,normal,YES,PASS,0.0,0.0,0.007,0.0,
15:15:40.451,1.0421,1.0094,1.0149,0.0,normal,0.0,normal,0.0,normal,0.0,NORMAL,0.3,0.0,100,normal,YES,PASS,0.0,0.0,0.017,0.0,
15:15:40.686,1.0105,1.0006,1.0034,0.0,normal,0.0,speed_hump,0.5083,normal,0.0,NORMAL,17.9,0.09,100,speed_hump,YES,PASS,0.0,0.0,0.004,0.508,
15:15:40.919,1.0716,1.0067,1.0124,0.0,normal,0.0,speed_hump,0.5083,normal,0.0,NORMAL,18.4,0.09,100,speed_hump,YES,PASS,0.0,0.0,0.029,0.508,
15:15:41.150,1.0636,1.0057,1.0108,0.0,normal,0.0,speed_hump,0.5083,normal,0.0,CAUTION,18.3,0.09,95,speed_hump,NO,BLOCKED,0.0,0.0,0.025,0.508,
15:15:41.383,1.0467,1.0074,1.0113,0.0,normal,0.0,speed_hump,0.5083,normal,0.0,CAUTION,18.2,0.09,95,speed_hump,NO,BLOCKED,0.0,0.0,0.019,0.508,
15:15:41.592,1.0336,1.0005,1.0029,0.0,normal,0.0,speed_hump,0.5083,normal,0.0,CAUTION,18.1,0.09,95,speed_hump,NO,BLOCKED,0.0,0.0,0.013,0.508,
15:15:41.805,1.0157,1.0047,1.0131,0.0,normal,0.0,speed_hump,0.5083,normal,0.0,CAUTION,17.9,0.09,96,speed_hump,NO,BLOCKED,0.0,0.0,0.006,0.508,
15:15:42.040,1.0242,1.0071,1.0028,0.0,normal,0.0,speed_hump,0.5083,normal,0.0,CAUTION,18.0,0.09,96,speed_hump,NO,BLOCKED,0.0,0.0,0.01,0.508,
15:15:42.280,1.0054,1.0252,1.0041,0.0,normal,0.0,speed_hump,0.5071,normal,0.0,CAUTION,17.8,0.09,96,speed_hump,NO,BLOCKED,0.0,0.0,0.002,0.507,
15:15:42.508,1.0155,1.0014,1.0032,0.0,normal,0.0,speed_hump,0.5071,normal,0.0,CAUTION,17.9,0.09,96,speed_hump,NO,BLOCKED,0.0,0.0,0.006,0.507,
15:15:42.736,1.0276,1.0154,1.0057,0.0,normal,0.0,speed_hump,0.5071,normal,0.0,CAUTION,18.0,0.09,96,speed_hump,NO,BLOCKED,0.0,0.0,0.011,0.507,
15:15:42.969,1.0647,1.0131,1.0103,0.0,normal,0.0,speed_hump,0.5071,normal,0.0,CAUTION,18.3,0.09,95,speed_hump,NO,BLOCKED,0.0,0.0,0.026,0.507,
15:15:43.203,1.0233,1.0045,1.0084,0.0,normal,0.0,speed_hump,0.5071,normal,0.0,CAUTION,17.9,0.09,96,speed_hump,NO,BLOCKED,0.0,0.0,0.009,0.507,
15:15:43.429,1.0059,1.0057,1.0109,0.0,normal,0.0,speed_hump,0.5071,normal,0.0,CAUTION,17.8,0.09,96,speed_hump,NO,BLOCKED,0.0,0.0,0.002,0.507,
15:15:43.661,1.0114,1.0052,1.0007,0.0,normal,0.0,speed_hump,0.5071,normal,0.0,CAUTION,17.8,0.09,96,speed_hump,NO,BLOCKED,0.0,0.0,0.005,0.507,
15:15:43.897,1.0535,1.0029,1.0098,0.0,normal,0.0,speed_hump,0.5062,normal,0.0,CAUTION,18.1,0.09,95,speed_hump,NO,BLOCKED,0.0,0.0,0.021,0.506,
15:15:44.115,1.0088,1.0105,1.0087,0.0,normal,0.0,speed_hump,0.5022,normal,0.0,CAUTION,17.6,0.09,96,speed_hump,NO,BLOCKED,0.0,0.0,0.004,0.502,
15:15:44.345,1.0009,1.0063,1.0116,0.0,normal,0.0,speed_hump,0.5022,normal,0.0,CAUTION,17.6,0.09,96,speed_hump,NO,BLOCKED,0.0,0.0,0.0,0.502,
15:15:44.568,1.0177,1.0088,1.0002,0.0,normal,0.0,speed_hump,0.5022,normal,0.0,CAUTION,17.7,0.09,96,speed_hump,NO,BLOCKED,0.0,0.0,0.007,0.502,
15:15:44.789,1.0118,1.0105,1.0098,0.0,normal,0.0,speed_hump,0.5022,normal,0.0,CAUTION,17.7,0.09,96,speed_hump,NO,BLOCKED,0.0,0.0,0.005,0.502,
15:15:45.044,1.0337,1.0147,1.0161,0.0,normal,0.0,speed_hump,0.5022,normal,0.0,CAUTION,17.8,0.09,96,speed_hump,NO,BLOCKED,0.0,0.0,0.013,0.502,
15:15:45.292,1.038,1.0064,1.009,0.0,normal,0.0,speed_hump,0.5022,normal,0.0,CAUTION,17.9,0.09,96,speed_hump,NO,BLOCKED,0.0,0.0,0.015,0.502,
15:15:45.560,1.0508,1.0062,1.0047,0.0,normal,0.0,speed_hump,0.5006,normal,0.0,CAUTION,17.9,0.09,96,speed_hump,NO,BLOCKED,0.0,0.0,0.02,0.501,
15:15:45.791,1.0145,1.0091,1.0025,0.0,normal,0.0,speed_hump,0.5006,normal,0.0,CAUTION,17.6,0.09,96,speed_hump,NO,BLOCKED,0.0,0.0,0.006,0.501,
15:15:46.048,1.0298,1.0092,1.0088,0.0,normal,0.0,speed_hump,0.5006,normal,0.0,CAUTION,17.8,0.09,96,speed_hump,NO,BLOCKED,0.0,0.0,0.012,0.501,
15:15:46.311,1.0455,1.0017,1.0006,0.0,normal,0.0,speed_hump,0.5006,normal,0.0,CAUTION,17.9,0.09,96,speed_hump,NO,BLOCKED,0.0,0.0,0.018,0.501,
15:15:46.668,1.0584,1.0055,1.0132,0.0,normal,0.0,speed_hump,0.5006,normal,0.0,CAUTION,18.0,0.09,96,speed_hump,NO,BLOCKED,0.0,0.0,0.023,0.501,
15:15:47.125,1.0028,1.0102,1.0099,0.0,normal,0.0,speed_hump,0.5006,normal,0.0,CAUTION,17.5,0.09,96,speed_hump,NO,BLOCKED,0.0,0.0,0.001,0.501,
15:15:47.483,1.0482,1.0023,1.0092,0.0,normal,0.0,normal,0.0,normal,0.0,CAUTION,0.4,0.0,100,braking,NO,BLOCKED,0.0,0.0,0.019,0.0,
15:15:47.770,1.0462,1.0113,1.0106,0.0,normal,0.0,normal,0.0,normal,0.0,CAUTION,0.4,0.0,100,braking,NO,BLOCKED,0.0,0.0,0.018,0.0,
15:15:48.127,1.0226,1.0039,1.0141,0.0,normal,0.0,normal,0.0,normal,0.0,NORMAL,0.2,0.0,100,normal,YES,PASS,0.0,0.0,0.009,0.0,
15:15:48.383,1.0065,1.0022,1.0074,0.0,normal,0.0,normal,0.0,normal,0.0,NORMAL,0.1,0.0,100,normal,YES,PASS,0.0,0.0,0.003,0.0,
15:15:48.666,1.0133,1.0055,1.003,0.0,normal,0.0,normal,0.0,normal,0.0,NORMAL,0.1,0.0,100,normal,YES,PASS,0.0,0.0,0.005,0.0,
15:15:49.083,1.0223,1.0009,1.0041,0.0,normal,0.0,normal,0.0,normal,0.0,NORMAL,0.2,0.0,100,normal,YES,PASS,0.0,0.0,0.009,0.0,
15:15:49.511,1.0469,1.0076,1.0048,0.0,normal,0.0,normal,0.0,normal,0.0,NORMAL,0.4,0.0,100,normal,YES,PASS,0.0,0.0,0.019,0.0,
15:15:49.890,1.0482,1.0107,1.0042,0.0,normal,0.0,normal,0.0,normal,0.0,NORMAL,0.4,0.0,100,normal,YES,PASS,0.0,0.0,0.019,0.0,
15:15:50.264,1.0421,1.0065,1.0008,0.0,normal,0.0,normal,0.0,normal,0.0,NORMAL,0.3,0.0,100,normal,YES,PASS,0.0,0.0,0.017,0.0,
15:15:50.657,1.0192,1.0004,1.0114,0.0,normal,0.0,normal,0.0,normal,0.0,NORMAL,0.2,0.0,100,normal,YES,PASS,0.0,0.0,0.008,0.0,
15:15:51.131,1.0332,1.0043,1.0103,0.0,normal,0.0,normal,0.0,normal,0.0,NORMAL,0.3,0.0,100,normal,YES,PASS,0.0,0.0,0.013,0.0,
15:15:51.562,1.0541,1.0017,1.0072,0.0,normal,0.0,normal,0.0,normal,0.0,NORMAL,0.4,0.0,100,normal,YES,PASS,0.0,0.0,0.022,0.0,
15:15:51.984,1.0621,1.0052,1.0133,0.0,normal,0.0,normal,0.0,normal,0.0,NORMAL,0.5,0.0,100,normal,YES,PASS,0.0,0.0,0.025,0.0,
15:15:52.433,1.0331,1.0068,1.0224,0.0,normal,0.0,normal,0.0,normal,0.0,NORMAL,0.3,0.0,100,normal,YES,PASS,0.0,0.0,0.013,0.0,
15:15:53.028,1.0015,1.0038,1.0053,0.0,normal,0.0,normal,0.0,normal,0.0,NORMAL,0.0,0.0,100,normal,YES,PASS,0.0,0.0,0.001,0.0,
15:15:53.527,1.0507,1.0029,1.0169,0.0,normal,0.0,normal,0.0,normal,0.0,NORMAL,0.4,0.0,100,normal,YES,PASS,0.0,0.0,0.02,0.0,
15:15:54.010,1.0414,1.0066,1.014,0.0,normal,0.0,normal,0.0,normal,0.0,NORMAL,0.3,0.0,100,normal,YES,PASS,0.0,0.0,0.017,0.0,
15:15:54.442,1.0109,1.0058,1.0112,0.0,normal,0.0,normal,0.0,normal,0.0,NORMAL,0.1,0.0,100,normal,YES,PASS,0.0,0.0,0.004,0.0,
15:15:54.819,1.005,1.0148,1.0147,0.0,normal,0.0,normal,0.0,normal,0.0,NORMAL,0.0,0.0,100,normal,YES,PASS,0.0,0.0,0.002,0.0,
15:15:55.067,1.0346,1.0061,1.0111,0.0,normal,0.0,normal,0.0,normal,0.0,NORMAL,0.3,0.0,100,normal,YES,PASS,0.0,0.0,0.014,0.0,
15:15:55.402,1.0288,1.0048,1.0133,0.0,normal,0.0,normal,0.0,normal,0.0,NORMAL,0.2,0.0,100,normal,YES,PASS,0.0,0.0,0.012,0.0,
15:15:55.851,1.0432,1.0001,1.006,0.0,normal,0.0,normal,0.0,normal,0.0,NORMAL,0.3,0.0,100,normal,YES,PASS,0.0,0.0,0.017,0.0,
15:15:56.381,1.0417,1.0055,1.0018,0.0,normal,0.0,normal,0.0,normal,0.0,NORMAL,0.3,0.0,100,normal,YES,PASS,0.0,0.0,0.017,0.0,
15:15:56.844,1.0061,1.0126,1.0064,0.0,normal,0.0,normal,0.0,normal,0.0,NORMAL,0.0,0.0,100,normal,YES,PASS,0.0,0.0,0.002,0.0,
15:15:57.277,1.034,1.0127,1.0078,0.0,normal,0.0,speed_hump,0.5005,normal,0.0,NORMAL,17.8,0.09,100,speed_hump,YES,PASS,0.0,0.0,0.014,0.501,
15:15:57.717,1.0002,1.0025,1.011,0.0,normal,0.0,speed_hump,0.5005,normal,0.0,NORMAL,17.5,0.09,100,speed_hump,YES,PASS,0.0,0.0,0.0,0.501,
15:15:57.988,1.0077,1.0017,1.0102,0.0,normal,0.0,speed_hump,0.5005,normal,0.0,CAUTION,17.6,0.09,96,speed_hump,NO,BLOCKED,0.0,0.0,0.003,0.501,
15:15:58.198,1.0414,1.0095,1.0057,0.0,normal,0.0,speed_hump,0.5005,normal,0.0,CAUTION,17.8,0.09,96,speed_hump,NO,BLOCKED,0.0,0.0,0.017,0.501,
15:15:58.429,1.0123,1.0069,1.0019,0.0,normal,0.0,speed_hump,0.5005,normal,0.0,CAUTION,17.6,0.09,96,speed_hump,NO,BLOCKED,0.0,0.0,0.005,0.501,
15:15:58.644,1.0237,1.0112,1.0024,0.0,normal,0.0,speed_hump,0.5005,normal,0.0,CAUTION,17.7,0.09,96,speed_hump,NO,BLOCKED,0.0,0.0,0.009,0.501,
15:15:58.861,1.0474,1.0068,1.0057,0.0,normal,0.0,normal,0.0,normal,0.0,CAUTION,0.4,0.0,100,braking,NO,BLOCKED,0.0,0.0,0.019,0.0,
15:15:59.090,1.0067,1.0109,1.0089,0.0,normal,0.0,normal,0.0,normal,0.0,CAUTION,0.1,0.0,100,braking,NO,BLOCKED,0.0,0.0,0.003,0.0,
15:15:59.315,1.0022,1.006,1.0001,0.0,normal,0.0,normal,0.0,normal,0.0,NORMAL,0.0,0.0,100,normal,YES,PASS,0.0,0.0,0.001,0.0,
15:15:59.537,1.0493,1.0118,1.0002,0.0,normal,0.0,normal,0.0,normal,0.0,NORMAL,0.4,0.0,100,normal,YES,PASS,0.0,0.0,0.02,0.0,
15:15:59.752,1.0217,1.0082,1.003,0.0,normal,0.0,normal,0.0,normal,0.0,NORMAL,0.2,0.0,100,normal,YES,PASS,0.0,0.0,0.009,0.0,
15:15:59.967,1.0624,1.006,1.0005,0.0,normal,0.0,speed_hump,0.5001,normal,0.0,NORMAL,18.0,0.09,100,speed_hump,YES,PASS,0.0,0.0,0.025,0.5,
15:16:00.197,1.0161,1.0052,1.0092,0.0,normal,0.0,speed_hump,0.5001,normal,0.0,NORMAL,17.6,0.09,100,speed_hump,YES,PASS,0.0,0.0,0.006,0.5,
15:16:00.427,1.0281,1.0124,1.0058,0.0,normal,0.0,speed_hump,0.5001,normal,0.0,CAUTION,17.7,0.09,96,speed_hump,NO,BLOCKED,0.0,0.0,0.011,0.5,
15:16:00.652,1.0449,1.007,1.0148,0.0,normal,0.0,speed_hump,0.5001,normal,0.0,CAUTION,17.9,0.09,96,speed_hump,NO,BLOCKED,0.0,0.0,0.018,0.5,
15:16:00.882,1.0425,1.0145,1.0045,0.0,normal,0.0,speed_hump,0.5001,normal,0.0,CAUTION,17.8,0.09,96,speed_hump,NO,BLOCKED,0.0,0.0,0.017,0.5,
15:16:01.119,1.0639,1.0094,1.0123,0.0,normal,0.0,speed_hump,0.5001,normal,0.0,CAUTION,18.0,0.09,95,speed_hump,NO,BLOCKED,0.0,0.0,0.026,0.5,
15:16:01.384,1.0124,1.0056,1.0011,0.0,normal,0.0,speed_hump,0.5001,normal,0.0,CAUTION,17.6,0.09,96,speed_hump,NO,BLOCKED,0.0,0.0,0.005,0.5,
15:16:01.822,1.0386,1.0139,1.0111,0.0,normal,0.0,normal,0.0,normal,0.0,CAUTION,0.3,0.0,100,braking,NO,BLOCKED,0.0,0.0,0.015,0.0,
15:16:02.257,1.0029,1.0003,1.0063,0.0,normal,0.0,normal,0.0,normal,0.0,CAUTION,0.0,0.0,100,braking,NO,BLOCKED,0.0,0.0,0.001,0.0,
15:16:02.669,1.0424,1.0008,1.0083,0.0,normal,0.0,normal,0.0,normal,0.0,NORMAL,0.3,0.0,100,normal,YES,PASS,0.0,0.0,0.017,0.0,
15:16:03.101,1.0472,1.0022,1.0058,0.0,normal,0.0,normal,0.0,normal,0.0,NORMAL,0.4,0.0,100,normal,YES,PASS,0.0,0.0,0.019,0.0,
15:16:03.515,1.041,1.0004,1.0024,0.0,normal,0.0,normal,0.0,normal,0.0,NORMAL,0.3,0.0,100,normal,YES,PASS,0.0,0.0,0.016,0.0,
15:16:04.152,1.0243,1.0043,1.0121,0.0,normal,0.0,normal,0.0,normal,0.0,NORMAL,0.2,0.0,100,normal,YES,PASS,0.0,0.0,0.01,0.0,
15:16:04.574,1.0243,1.0092,1.0073,0.0,normal,0.0,normal,0.0,normal,0.0,NORMAL,0.2,0.0,100,normal,YES,PASS,0.0,0.0,0.01,0.0,
15:16:04.923,1.0022,1.0064,1.0065,0.0,normal,0.0,normal,0.0,normal,0.0,NORMAL,0.0,0.0,100,normal,YES,PASS,0.0,0.0,0.001,0.0,
15:16:05.319,1.0602,1.0023,1.0041,0.0,normal,0.0,speed_hump,0.5137,normal,0.0,NORMAL,18.5,0.09,100,speed_hump,YES,PASS,0.0,0.0,0.024,0.514,
15:16:05.801,1.0009,1.0139,1.0083,0.0,normal,0.0,speed_hump,0.5137,normal,0.0,NORMAL,18.0,0.09,100,speed_hump,YES,PASS,0.0,0.0,0.0,0.514,
15:16:06.234,1.066,1.0075,1.0056,0.0,normal,0.0,speed_hump,0.5137,normal,0.0,CAUTION,18.5,0.09,95,speed_hump,NO,BLOCKED,0.0,0.0,0.026,0.514,
15:16:06.615,1.0371,1.0053,1.0053,0.0,normal,0.0,speed_hump,0.5137,normal,0.0,CAUTION,18.3,0.09,95,speed_hump,NO,BLOCKED,0.0,0.0,0.015,0.514,
15:16:07.037,1.0385,1.0073,1.011,0.0,normal,0.0,normal,0.0,normal,0.0,CAUTION,0.3,0.0,100,braking,NO,BLOCKED,0.0,0.0,0.015,0.0,
15:16:07.442,1.0131,1.0066,1.0005,0.0,normal,0.0,normal,0.0,normal,0.0,CAUTION,0.1,0.0,100,braking,NO,BLOCKED,0.0,0.0,0.005,0.0,
15:16:07.786,1.0124,1.0048,1.0039,0.0,normal,0.0,speed_hump,0.5202,normal,0.0,CAUTION,18.3,0.09,95,speed_hump,NO,BLOCKED,0.0,0.0,0.005,0.52,
15:16:08.204,1.0137,1.0065,1.0055,0.0,normal,0.0,speed_hump,0.5875,normal,0.0,CAUTION,20.7,0.1,95,speed_hump,NO,BLOCKED,0.0,0.0,0.005,0.588,
15:16:08.603,1.0388,1.0069,1.0036,0.0,normal,0.0,speed_hump,0.5955,normal,0.0,CAUTION,21.2,0.11,95,speed_hump,NO,BLOCKED,0.0,0.0,0.016,0.596,
15:16:09.010,1.0425,1.0099,1.0144,0.0,normal,0.0,speed_hump,0.5955,normal,0.0,CAUTION,21.2,0.11,95,speed_hump,NO,BLOCKED,0.0,0.0,0.017,0.596,
15:16:09.431,1.0001,1.0041,1.0048,0.0,normal,0.0,speed_hump,0.5955,normal,0.0,CAUTION,20.8,0.1,95,speed_hump,NO,BLOCKED,0.0,0.0,0.0,0.596,
15:16:09.875,1.0419,1.003,1.0052,0.0,normal,0.0,speed_hump,0.5955,normal,0.0,CAUTION,21.2,0.11,95,speed_hump,NO,BLOCKED,0.0,0.0,0.017,0.596,
15:16:10.268,1.0321,1.0001,1.0052,0.0,normal,0.0,normal,0.0,normal,0.0,CAUTION,0.3,0.0,100,braking,NO,BLOCKED,0.0,0.0,0.013,0.0,
