imu_now,imu_mean,imu_std,imu_max,imu_min,imu_range,imu_max_diff,imu_mean_diff,imu_rate,label
1.0405,1.0122,0.0145,1.0405,0.9908,0.0497,0.0206,0.01,0.0153,braking
1.0608,1.0431,0.0124,1.0635,1.026,0.0375,0.0137,0.0089,0.011,braking
0.998,1.1007,0.5793,2.7122,0.2754,2.4368,2.4368,0.5514,0.7225,pothole
1.0014,1.056,0.3609,2.0386,0.4955,1.5431,1.5431,0.3468,0.5059,pothole
1.0147,1.0049,0.0109,1.0213,0.988,0.0332,0.0254,0.0119,0.0055,normal
0.9632,0.9883,0.0117,1.0056,0.9632,0.0424,0.0194,0.009,-0.0194,braking
1.018,1.0025,0.0146,1.0225,0.9787,0.0439,0.0393,0.0177,0.0393,normal
0.9723,0.9957,0.0148,1.0154,0.9723,0.0431,0.02,0.0062,-0.0065,braking
1.0051,1.0046,0.0114,1.0249,0.9917,0.0332,0.0332,0.0155,0.0089,normal
0.9954,1.0033,0.0111,1.0259,0.9882,0.0377,0.0304,0.0143,-0.0304,normal
1.0071,1.4397,0.2885,1.7732,0.9645,0.8087,0.2905,0.175,-0.2611,speed_hump
1.0216,1.3572,0.2193,1.6149,1.011,0.6039,0.2089,0.133,-0.18,speed_hump
1.0289,1.0163,0.0127,1.0437,0.9943,0.0493,0.0306,0.0117,-0.0148,braking
1.0097,0.9941,0.0118,1.0097,0.9764,0.0334,0.0315,0.0129,0.0019,normal
0.9886,1.0696,0.3798,2.1444,0.5758,1.5686,1.5686,0.3626,0.4128,pothole
1.0046,0.9917,0.015,1.0167,0.967,0.0496,0.0385,0.0168,0.0092,normal
0.9961,1.1034,0.5164,2.5798,0.4746,2.1052,2.1052,0.4766,0.5215,pothole
0.9942,1.006,0.0134,1.0236,0.9873,0.0363,0.0305,0.0156,0.0031,normal
1.0167,1.1513,0.6556,3.0644,0.4863,2.5782,2.5782,0.5838,0.5304,pothole
1.011,0.9999,0.0093,1.012,0.9853,0.0267,0.0202,0.0102,-0.001,braking
0.9944,0.9934,0.0092,1.0088,0.9808,0.028,0.0241,0.0118,-0.0032,normal
1.0273,1.0107,0.013,1.0273,0.981,0.0463,0.0184,0.008,0.0122,braking
1.0017,1.0065,0.0102,1.026,0.9902,0.0358,0.02,0.0096,-0.0087,normal
0.9996,1.2651,0.164,1.4621,0.9996,0.4626,0.1664,0.1013,-0.1457,speed_hump
1.0109,1.0674,0.3753,2.129,0.5774,1.5516,1.5516,0.356,0.4335,pothole
0.9999,1.4905,0.3005,1.8543,0.9999,0.8544,0.3291,0.1862,-0.3291,speed_hump
1.0023,0.9972,0.0085,1.0105,0.9838,0.0266,0.0203,0.0083,-0.0008,normal
0.9917,0.9962,0.0029,1.0005,0.9917,0.0088,0.0083,0.0034,-0.0083,braking
0.9847,1.2128,0.8432,3.6943,0.4503,3.2441,3.2441,0.7291,0.5344,pothole
1.0388,1.0135,0.0129,1.0388,0.9958,0.0429,0.0249,0.0104,0.0249,braking
1.0084,0.9976,0.0095,1.0115,0.9836,0.0279,0.0248,0.0141,0.0248,normal
1.0112,1.0036,0.0088,1.0151,0.9913,0.0238,0.0238,0.0084,-0.0025,braking
1.0005,1.0027,0.0098,1.0174,0.989,0.0284,0.0284,0.0107,-0.0046,normal
1.0067,1.6568,0.4107,2.1309,1.0063,1.1245,0.3945,0.2499,-0.3945,speed_hump
1.0229,1.6465,0.4054,2.1276,0.9895,1.1381,0.4008,0.2492,-0.3775,speed_hump
0.9731,1.4285,0.2654,1.7571,0.9731,0.784,0.3056,0.1671,-0.3056,speed_hump
1.02,1.0068,0.0145,1.0242,0.984,0.0402,0.0216,0.0103,0.0072,braking
1.0282,1.2455,0.1515,1.4455,1.0121,0.4333,0.1342,0.0945,-0.1268,speed_hump
1.0241,1.0052,0.0127,1.0241,0.9818,0.0423,0.0368,0.0134,0.0162,normal
0.9977,1.6315,0.3959,2.107,0.9977,1.1093,0.3995,0.2457,-0.3847,speed_hump
0.9644,0.9756,0.0142,1.0057,0.9604,0.0452,0.0397,0.013,-0.0051,braking
0.9937,1.0307,0.3915,2.0076,0.2752,1.7323,1.7323,0.3946,0.7185,pothole
0.9831,0.9905,0.0086,1.0038,0.977,0.0267,0.0259,0.0103,-0.0061,normal
1.0221,1.0953,0.5821,2.7058,0.2473,2.4585,2.4585,0.5633,0.7748,pothole
0.9953,1.0,0.0113,1.0177,0.9803,0.0373,0.0249,0.0125,0.015,normal
1.0012,1.1256,0.6746,3.031,0.2365,2.7944,2.7944,0.6322,0.7647,pothole
0.9967,0.9994,0.0089,1.0179,0.9895,0.0284,0.0276,0.0111,-0.0212,normal
0.9803,0.9902,0.0073,1.0021,0.9792,0.0229,0.0229,0.0087,-0.0138,braking
1.0015,1.0012,0.0097,1.0198,0.9859,0.0339,0.024,0.0129,0.0007,normal
1.0067,1.0012,0.01,1.0199,0.9849,0.0351,0.022,0.0113,-0.0087,normal
0.9907,0.9964,0.009,1.0089,0.9795,0.0294,0.0251,0.0094,-0.0029,normal
0.9868,0.9993,0.0111,1.0151,0.9775,0.0376,0.0321,0.017,-0.0209,normal
0.9936,0.9983,0.0108,1.0239,0.9845,0.0394,0.0339,0.0134,0.0091,normal
1.0024,0.9965,0.0137,1.0181,0.9687,0.0494,0.0355,0.021,0.0336,normal
0.994,0.993,0.0107,1.0085,0.9766,0.032,0.0244,0.0156,0.0174,braking
0.9987,1.0058,0.0116,1.0279,0.9851,0.0428,0.0342,0.0181,-0.0128,normal
1.0237,1.0101,0.0104,1.0266,0.9887,0.0379,0.0157,0.0087,0.0117,braking
0.9732,1.6392,0.4098,2.1358,0.9732,1.1626,0.4205,0.255,-0.4205,speed_hump
1.0182,0.9996,0.0132,1.0182,0.9806,0.0377,0.0234,0.0084,0.0099,braking
1.0018,1.221,0.8126,3.6267,0.5628,3.0639,3.0639,0.6888,0.439,pothole
0.9993,0.9999,0.007,1.0142,0.9918,0.0224,0.0156,0.0088,-0.0048,normal
0.9715,0.9899,0.0115,1.0088,0.9715,0.0374,0.012,0.0062,-0.0099,braking
0.9992,0.9992,0.0107,1.0282,0.9898,0.0383,0.0368,0.0107,0.0042,normal
0.9631,1.4822,0.3163,1.8594,0.9631,0.8963,0.3222,0.1934,-0.3222,speed_hump
0.9925,1.4331,0.2712,1.7552,0.9925,0.7627,0.2978,0.1686,-0.2978,speed_hump
1.0001,1.3253,0.2088,1.5715,0.9976,0.5739,0.1918,0.1273,-0.1837,speed_hump
0.9975,0.9972,0.0131,1.0224,0.9743,0.0481,0.0481,0.0173,0.0059,normal
0.998,1.2466,0.1535,1.4272,0.998,0.4293,0.1479,0.0941,-0.1473,speed_hump
1.0082,0.9981,0.011,1.0086,0.9756,0.033,0.025,0.011,0.0011,normal
1.0079,0.9984,0.0116,1.0152,0.9814,0.0338,0.0266,0.0113,0.0266,normal
0.9892,0.9922,0.0067,1.0047,0.9804,0.0243,0.015,0.0078,0.0056,braking
1.0159,1.0009,0.0152,1.03,0.9757,0.0543,0.0327,0.0185,0.011,normal
1.0148,0.9952,0.014,1.0184,0.9795,0.0389,0.0316,0.0176,0.0282,normal
0.9924,1.0028,0.0108,1.0226,0.9829,0.0397,0.0236,0.0137,-0.0175,normal
0.9757,0.9979,0.0146,1.0255,0.9752,0.0502,0.0502,0.0215,-0.0209,normal
1.0,0.9975,0.0092,1.0106,0.9809,0.0297,0.0242,0.0153,-0.0106,normal
0.9932,1.4701,0.2955,1.8168,0.9932,0.8236,0.2908,0.1813,-0.2908,speed_hump
0.9844,1.0011,0.0097,1.0174,0.9844,0.033,0.0229,0.0101,-0.0105,normal
1.0168,1.5542,0.3539,1.972,0.9819,0.9901,0.3438,0.2161,-0.3,speed_hump
1.0303,1.483,0.2958,1.853,1.0015,0.8515,0.2817,0.186,-0.2711,speed_hump
0.9841,1.5097,0.3354,1.913,0.969,0.944,0.3539,0.2081,-0.3539,speed_hump
1.0299,1.0122,0.009,1.0299,1.0008,0.0291,0.0144,0.006,0.0081,braking
0.9879,1.0005,0.0079,1.0094,0.9879,0.0216,0.0199,0.009,-0.0155,braking
0.9606,0.9879,0.0119,1.0028,0.9606,0.0423,0.0272,0.0069,-0.0272,braking
0.9928,0.9978,0.0123,1.0201,0.9812,0.0389,0.0389,0.0193,0.0116,normal
1.0108,1.0137,0.0077,1.0259,0.9974,0.0284,0.0175,0.0099,-0.0127,braking
1.0048,1.6708,0.4241,2.1997,1.0048,1.1949,0.4373,0.2651,-0.3593,speed_hump
1.0356,1.0179,0.0126,1.0382,0.9967,0.0415,0.0169,0.0069,0.0091,braking
0.9965,0.9973,0.0093,1.0176,0.9829,0.0347,0.0203,0.0121,0.0037,normal
1.0251,1.0093,0.0093,1.0251,0.9952,0.0299,0.0239,0.0131,0.0121,braking
1.0221,1.0051,0.0093,1.0221,0.9888,0.0333,0.0243,0.0138,0.0177,normal
1.0308,1.4161,0.2515,1.7208,1.0123,0.7085,0.2448,0.1554,-0.214,speed_hump
0.9783,0.9956,0.0135,1.0185,0.9766,0.0418,0.0319,0.0195,-0.026,normal
0.9932,1.5823,0.3714,2.0376,0.9907,1.0468,0.3755,0.2324,-0.3501,speed_hump
1.0079,1.0018,0.0098,1.0224,0.9857,0.0367,0.031,0.0141,0.0222,normal
1.0087,1.0042,0.0144,1.0214,0.9801,0.0413,0.0413,0.0179,0.0175,normal
1.0102,1.0044,0.0116,1.0225,0.9827,0.0397,0.0305,0.0188,0.0094,normal
0.9954,1.2454,0.1447,1.4317,0.9954,0.4363,0.1579,0.092,-0.1579,speed_hump
0.9983,1.5038,0.3223,1.894,0.9983,0.8957,0.2925,0.1976,-0.2925,speed_hump
0.9897,1.1335,0.5748,2.7916,0.4789,2.3127,2.3127,0.518,0.5107,pothole
0.9988,1.0,0.0101,1.0185,0.983,0.0355,0.0355,0.0151,-0.0112,normal
1.0098,1.0029,0.0093,1.0193,0.9913,0.028,0.0237,0.0114,-0.0095,braking
0.9961,1.114,0.5391,2.6747,0.52,2.1548,2.1548,0.4886,0.4761,pothole
1.0051,1.1329,0.6206,2.9176,0.4093,2.5083,2.5083,0.5689,0.5958,pothole
1.0021,1.0633,0.4025,2.1787,0.4807,1.698,1.698,0.3866,0.5214,pothole
1.0106,0.9954,0.0119,1.0202,0.9807,0.0395,0.0332,0.0129,-0.0097,normal
1.0187,1.0055,0.0093,1.0187,0.9846,0.0342,0.0182,0.006,0.0006,braking
1.006,0.9976,0.0168,1.0183,0.9664,0.0519,0.0519,0.0245,0.0231,normal
0.9816,0.9955,0.0138,1.0153,0.969,0.0464,0.0252,0.017,0.0126,braking
0.9763,0.9963,0.0139,1.0191,0.9763,0.0429,0.0299,0.0077,-0.0027,braking
1.0032,0.9954,0.0096,1.0147,0.9782,0.0365,0.0274,0.0126,0.0251,normal
1.0091,1.191,0.8509,3.6594,0.2715,3.3879,3.3879,0.7613,0.7376,pothole
0.9784,0.9984,0.0129,1.0223,0.9777,0.0446,0.0319,0.0177,-0.0255,normal
0.995,1.1256,0.5396,2.7046,0.596,2.1086,2.1086,0.4781,0.399,pothole
1.0117,1.0024,0.008,1.0124,0.9899,0.0224,0.0212,0.0085,0.0077,normal
1.0058,1.0018,0.0086,1.0142,0.9859,0.0283,0.0282,0.0124,-0.0084,normal
0.981,0.9876,0.0045,0.9942,0.981,0.0131,0.0114,0.006,-0.0091,braking
0.9962,0.9977,0.007,1.0125,0.9887,0.0239,0.016,0.0086,-0.0086,braking
0.9975,1.0008,0.007,1.0114,0.9863,0.0252,0.0181,0.0091,-0.0021,normal
1.0025,1.1277,0.5719,2.7897,0.5198,2.2699,2.2699,0.5141,0.4827,pothole
1.0135,1.0912,0.5193,2.5227,0.3214,2.2013,2.2013,0.4929,0.6921,pothole
1.0156,1.0015,0.0177,1.0243,0.9719,0.0524,0.0284,0.0141,0.018,normal
0.9857,1.1328,0.6854,3.0847,0.2738,2.8109,2.8109,0.6248,0.7119,pothole
0.9884,0.992,0.0077,1.0065,0.9809,0.0255,0.0255,0.009,0.003,braking
0.9997,1.3162,0.1969,1.545,0.9997,0.5453,0.1918,0.1204,-0.1888,speed_hump
1.0153,0.9989,0.0149,1.021,0.9751,0.0459,0.0398,0.0148,0.004,normal
1.0206,1.66,0.4126,2.1528,0.9813,1.1715,0.4273,0.256,-0.4067,speed_hump
1.0033,1.0359,0.4021,2.0651,0.2975,1.7677,1.7677,0.402,0.7059,pothole
1.014,1.0029,0.0114,1.0258,0.9841,0.0417,0.03,0.0141,0.0151,normal
0.996,0.9995,0.0102,1.0135,0.9791,0.0345,0.0271,0.0163,-0.0059,normal
0.9997,1.4025,0.2477,1.6987,0.9997,0.6991,0.2557,0.1547,-0.2552,speed_hump
0.9956,1.4628,0.3056,1.8445,0.9443,0.9002,0.3318,0.1944,-0.3158,speed_hump
0.9828,0.9928,0.0114,1.0106,0.9767,0.0339,0.0278,0.0173,-0.0278,normal
1.0049,1.0092,0.0049,1.0162,0.9994,0.0168,0.013,0.0049,-0.0037,braking
1.0221,1.0104,0.0075,1.0221,0.9992,0.0229,0.0179,0.0103,0.0157,braking
1.0278,1.0034,0.0143,1.0278,0.9858,0.042,0.0372,0.0167,0.0144,normal
0.9852,1.0679,0.4841,2.3806,0.3063,2.0743,2.0743,0.4768,0.6789,pothole
0.9607,0.9727,0.0168,1.0062,0.9479,0.0583,0.0203,0.0107,0.0045,braking
0.9877,0.9914,0.0136,1.0149,0.9717,0.0431,0.0204,0.0125,0.016,braking
0.9876,1.3396,0.2128,1.6105,0.9876,0.623,0.2428,0.134,-0.2428,speed_hump
1.0115,1.1622,0.7465,3.3124,0.3008,3.0116,3.0116,0.6746,0.7108,pothole
1.0222,1.0017,0.011,1.0222,0.9868,0.0354,0.026,0.0097,0.0095,braking
1.0053,1.5623,0.3583,2.0003,0.9943,1.006,0.338,0.2223,-0.3288,speed_hump
0.9881,0.9979,0.0071,1.0084,0.9859,0.0225,0.0128,0.01,-0.01,braking
1.0107,1.0031,0.0074,1.0143,0.9882,0.0262,0.0206,0.0073,-0.0036,normal
1.0168,1.3884,0.2427,1.6655,0.9842,0.6813,0.2647,0.1478,-0.2029,speed_hump
1.0044,1.0951,0.4711,2.4563,0.5676,1.8887,1.8887,0.4319,0.4368,pothole
1.0084,1.1961,0.7273,3.3411,0.562,2.7792,2.7792,0.6307,0.4464,pothole
1.0087,1.6155,0.3845,2.074,1.0087,1.0653,0.3576,0.2352,-0.3576,speed_hump
1.0086,1.0058,0.0108,1.029,0.9858,0.0431,0.0275,0.0105,0.0,normal
1.0116,1.0054,0.0094,1.0261,0.9897,0.0365,0.0365,0.0134,0.0133,normal
1.0038,1.4902,0.3067,1.8521,0.9981,0.854,0.3053,0.1891,-0.3053,speed_hump
0.9601,0.9793,0.0137,0.9985,0.9601,0.0384,0.0218,0.006,-0.0041,braking
1.0022,1.0009,0.0111,1.0233,0.9838,0.0394,0.0353,0.0169,-0.004,normal
1.0026,0.9994,0.0072,1.006,0.9796,0.0264,0.0249,0.006,-0.0012,normal
0.9671,1.0401,0.425,2.1117,0.2359,1.8758,1.8758,0.4178,0.7312,pothole
1.0188,1.6598,0.4127,2.1861,0.9952,1.1909,0.4138,0.262,-0.4046,speed_hump
0.9645,1.4047,0.2704,1.7404,0.9594,0.781,0.3046,0.173,-0.2907,speed_hump
1.0051,1.0035,0.0106,1.0207,0.9894,0.0314,0.0314,0.0164,-0.008,normal
0.9889,1.046,0.4309,2.1683,0.2844,1.8839,1.8839,0.4241,0.7046,pothole
1.0393,1.0233,0.0136,1.0393,1.0004,0.0389,0.0162,0.0071,0.003,braking
1.0249,1.0101,0.0126,1.0265,0.99,0.0365,0.035,0.0188,0.0051,normal
1.0108,1.0163,0.0087,1.0313,0.9987,0.0326,0.0193,0.0095,-0.0069,braking
1.0257,1.0223,0.0117,1.0417,1.0019,0.0398,0.0263,0.0127,-0.016,braking
1.0136,1.1119,0.4724,2.48,0.5939,1.886,1.886,0.433,0.4197,pothole
1.0053,1.4921,0.2992,1.8396,1.0053,0.8343,0.299,0.1831,-0.299,speed_hump
1.0174,0.9945,0.012,1.0174,0.9724,0.045,0.0245,0.0123,0.0229,normal
1.004,1.001,0.0127,1.0265,0.9843,0.0423,0.036,0.0195,0.0134,normal
1.0162,1.0001,0.0073,1.0162,0.9922,0.0241,0.0226,0.0079,0.0226,normal
0.9722,1.6725,0.4349,2.2011,0.9722,1.2288,0.4172,0.2682,-0.4172,speed_hump
1.0115,1.4155,0.258,1.7266,0.9973,0.7293,0.2753,0.1605,-0.2362,speed_hump
0.9538,0.9762,0.0136,1.0021,0.9538,0.0483,0.023,0.0121,-0.0154,braking
1.0023,1.0061,0.0056,1.0139,0.9947,0.0192,0.0131,0.0067,0.0076,braking
0.971,0.9852,0.0092,1.0026,0.971,0.0317,0.015,0.0093,-0.0022,braking
0.9888,1.1493,0.6996,3.1639,0.3403,2.8236,2.8236,0.6315,0.6485,pothole
1.0038,1.1122,0.5825,2.75,0.3258,2.4243,2.4243,0.5491,0.6781,pothole
1.0088,1.0036,0.0119,1.0262,0.9802,0.0461,0.0314,0.0148,0.0118,normal
1.0247,1.5766,0.358,2.0107,1.0017,1.009,0.3744,0.2217,-0.2939,speed_hump
1.0087,1.0018,0.0083,1.0179,0.9892,0.0287,0.0176,0.0099,-0.0092,normal
0.982,1.1208,0.585,2.7947,0.4117,2.3831,2.3831,0.5381,0.5703,pothole
0.9951,1.1879,0.8303,3.5987,0.2979,3.3008,3.3008,0.7422,0.6972,pothole
1.0006,1.0834,0.4681,2.3872,0.4207,1.9666,1.9666,0.4483,0.5799,pothole
0.9953,1.0037,0.0073,1.0177,0.9929,0.0248,0.0167,0.009,0.0024,braking
0.9576,0.9842,0.0169,1.016,0.9576,0.0584,0.0231,0.0098,-0.0164,braking
0.9987,1.0018,0.019,1.0389,0.9744,0.0645,0.0408,0.0205,0.0009,normal
1.0002,0.9992,0.0143,1.0191,0.962,0.0572,0.0406,0.0165,-0.0189,normal
0.9945,1.0015,0.0067,1.016,0.9945,0.0215,0.0157,0.0083,-0.0046,braking
1.0065,1.0305,0.387,2.0173,0.3135,1.7037,1.7037,0.3914,0.693,pothole
1.0063,0.9918,0.0114,1.0063,0.9686,0.0378,0.0239,0.0108,0.0003,normal
0.9915,1.5606,0.3545,1.9978,0.9915,1.0063,0.3432,0.2214,-0.3395,speed_hump
0.9991,1.1401,0.6606,3.02,0.3086,2.7113,2.7113,0.6148,0.6904,pothole
1.0037,0.9995,0.0104,1.009,0.9741,0.0349,0.0317,0.0132,0.0084,normal
1.0045,1.067,0.4636,2.3495,0.3908,1.9587,1.9587,0.4455,0.6137,pothole
0.9657,1.3173,0.2091,1.5736,0.9657,0.6079,0.2195,0.1312,-0.2195,speed_hump
1.0123,1.4257,0.2665,1.7592,0.9981,0.7611,0.2721,0.1676,-0.2385,speed_hump
1.0317,1.1226,0.5238,2.6513,0.5977,2.0536,2.0536,0.4778,0.434,pothole
1.01,1.4682,0.2911,1.8171,1.01,0.8071,0.2673,0.1782,-0.2673,speed_hump
0.9683,0.9874,0.015,1.0144,0.9606,0.0538,0.0297,0.0137,0.0077,braking
1.0065,0.9956,0.015,1.024,0.9658,0.0582,0.0407,0.0145,0.0407,normal
0.9995,1.2024,0.83,3.6356,0.4074,3.2283,3.2283,0.7268,0.5921,pothole
1.016,1.0012,0.0119,1.016,0.9751,0.0409,0.0267,0.0113,0.0117,normal
1.0073,1.0021,0.0082,1.0091,0.9816,0.0275,0.0275,0.0094,-0.0017,normal
0.9983,1.3389,0.2258,1.6162,0.9552,0.661,0.2443,0.1421,-0.202,speed_hump
0.993,0.9984,0.01,1.0176,0.9857,0.0319,0.0224,0.0121,-0.0029,normal
0.9914,1.0016,0.0114,1.0279,0.9872,0.0407,0.0281,0.0131,-0.0096,normal
0.9931,0.9955,0.0092,1.0121,0.9801,0.032,0.0276,0.0142,-0.019,normal
0.9911,0.9939,0.0173,1.0164,0.9613,0.055,0.0482,0.0231,-0.0252,normal
1.0015,0.9974,0.011,1.0202,0.9838,0.0364,0.0239,0.0152,0.0136,normal
0.9841,1.4666,0.2994,1.8163,0.9841,0.8322,0.3192,0.1841,-0.3192,speed_hump
1.0131,0.9969,0.0128,1.018,0.9682,0.0499,0.0499,0.0161,0.0449,normal
0.9901,0.9951,0.0145,1.0169,0.9593,0.0576,0.0334,0.0134,0.0307,braking
0.9842,1.0462,0.3583,2.0128,0.4727,1.5402,1.5402,0.3542,0.5116,pothole
1.0401,1.0272,0.0057,1.0401,1.021,0.0191,0.0191,0.0068,0.0191,braking
0.9817,1.4393,0.2785,1.7725,0.9817,0.7907,0.2864,0.1723,-0.2864,speed_hump
1.0171,0.999,0.0115,1.0171,0.9793,0.0378,0.0261,0.0137,0.0242,normal
0.9936,0.9988,0.008,1.0142,0.9835,0.0306,0.0217,0.0101,-0.0124,normal
0.977,1.1768,0.6952,3.2245,0.5563,2.6682,2.6682,0.5976,0.4207,pothole
0.9891,1.5266,0.3381,1.9222,0.9785,0.9437,0.3531,0.2085,-0.3397,speed_hump
1.0066,1.0035,0.009,1.0163,0.989,0.0273,0.0273,0.011,0.0057,normal
1.0019,0.9988,0.015,1.0248,0.9714,0.0534,0.0328,0.0159,-0.0229,normal
1.0314,1.0252,0.0082,1.0358,1.0058,0.03,0.0197,0.0084,0.0086,braking
1.0009,1.0051,0.0069,1.0153,0.9969,0.0184,0.0174,0.0093,-0.01,normal
1.0113,1.15,0.6308,2.9834,0.4811,2.5023,2.5023,0.5651,0.5302,pothole
1.0057,1.0003,0.009,1.0178,0.989,0.0288,0.0248,0.0092,-0.0003,normal
1.0011,1.0535,0.4648,2.2767,0.2533,2.0235,2.0235,0.459,0.7478,pothole
1.0076,1.2725,0.1704,1.4702,0.9977,0.4725,0.1683,0.1039,-0.1595,speed_hump
0.9892,0.9958,0.0098,1.0102,0.9745,0.0357,0.0357,0.0122,-0.0094,normal
1.007,0.9928,0.0123,1.007,0.9679,0.0391,0.0355,0.0127,0.0023,normal
1.0176,1.0414,0.3788,2.0432,0.3978,1.6454,1.6454,0.3751,0.6197,pothole
0.9487,0.968,0.012,0.9878,0.9487,0.0391,0.0177,0.0114,-0.0173,braking
0.9669,1.3825,0.251,1.6894,0.9669,0.7226,0.2615,0.1578,-0.2502,speed_hump
1.0148,1.006,0.0103,1.0189,0.9927,0.0262,0.0223,0.0117,0.0182,normal
1.0087,1.1973,0.7731,3.4639,0.4571,3.0068,3.0068,0.676,0.5516,pothole
0.9989,1.1606,0.7477,3.313,0.295,3.018,3.018,0.68,0.7039,pothole
1.0177,1.4664,0.2857,1.8104,1.0091,0.8014,0.284,0.1771,-0.284,speed_hump
1.026,1.4039,0.2501,1.7199,1.0021,0.7178,0.2669,0.1569,-0.1889,speed_hump
0.9915,0.9982,0.0092,1.0118,0.978,0.0339,0.0204,0.0126,-0.0204,normal
0.9963,1.0055,0.0106,1.0238,0.9867,0.0371,0.0263,0.0116,-0.0115,braking
0.9991,1.1668,0.7274,3.2706,0.3575,2.9132,2.9132,0.6553,0.6417,pothole
1.0032,1.0026,0.003,1.0082,0.9968,0.0114,0.0072,0.0039,-0.0026,normal
1.0169,1.2479,0.1629,1.467,0.9718,0.4952,0.1818,0.105,-0.1361,speed_hump
0.9853,1.1406,0.6664,3.0671,0.3965,2.6706,2.6706,0.6064,0.5888,pothole
1.0002,0.9928,0.0076,1.0023,0.9765,0.0258,0.0185,0.0099,0.0164,normal
0.9976,1.1588,0.6982,3.1717,0.3593,2.8124,2.8124,0.6265,0.6383,pothole
1.0113,1.0013,0.017,1.0188,0.966,0.0528,0.0503,0.0198,-0.0061,normal
0.9872,0.9966,0.0091,1.0157,0.9848,0.031,0.0193,0.01,-0.003,normal
1.0238,1.0233,0.0075,1.0368,1.0089,0.0279,0.013,0.0072,-0.013,braking
0.9967,1.479,0.2966,1.8307,0.9967,0.834,0.2957,0.1819,-0.2957,speed_hump
1.0279,1.0033,0.0126,1.0279,0.9819,0.046,0.0275,0.0076,0.0275,braking
0.9794,0.9973,0.0083,1.0083,0.9794,0.0289,0.0194,0.0078,-0.0194,braking
1.0003,0.9956,0.0115,1.0126,0.9674,0.0452,0.0281,0.0131,0.0106,braking
1.007,1.0021,0.0107,1.0154,0.9782,0.0372,0.0309,0.0127,0.0085,normal
1.036,1.0115,0.0113,1.036,0.9939,0.0421,0.0194,0.0109,0.0126,braking
0.9964,1.127,0.6231,2.9021,0.3476,2.5545,2.5545,0.5751,0.6488,pothole
1.0108,1.0001,0.0089,1.0121,0.9851,0.027,0.0185,0.0066,0.0053,braking
1.0048,1.2884,0.1769,1.494,0.9891,0.5049,0.216,0.1105,-0.2,speed_hump
0.9913,0.9951,0.0173,1.0247,0.9649,0.0597,0.0403,0.0215,-0.009,normal
0.9642,0.9808,0.0172,1.0089,0.9557,0.0532,0.0226,0.0094,0.0036,braking
1.0092,0.9975,0.0107,1.0092,0.9758,0.0334,0.029,0.0101,0.0034,normal
1.0105,1.0032,0.0071,1.0129,0.9894,0.0234,0.0234,0.0103,0.004,normal
1.0003,1.3621,0.228,1.6476,1.0003,0.6473,0.2292,0.1437,-0.2135,speed_hump
0.9926,1.1065,0.4788,2.4847,0.5528,1.9318,1.9318,0.437,0.4398,pothole
0.9926,1.6023,0.3867,2.0731,0.9926,1.0806,0.3583,0.2374,-0.3583,speed_hump
1.0245,1.0033,0.0137,1.0288,0.9853,0.0435,0.0392,0.0189,0.0348,normal
1.0051,1.6011,0.3755,2.051,1.0051,1.0459,0.3576,0.2312,-0.3576,speed_hump
0.9739,0.9961,0.0145,1.0202,0.9739,0.0463,0.0344,0.0131,-0.0102,normal
1.0209,0.9974,0.0149,1.0209,0.9779,0.043,0.0421,0.0223,0.0421,normal
0.9649,0.9802,0.0123,1.0027,0.9602,0.0425,0.03,0.0108,0.0047,braking
0.9714,1.4353,0.2907,1.7809,0.9714,0.8095,0.2827,0.1783,-0.252,speed_hump
0.9968,1.0001,0.0116,1.0209,0.9741,0.0467,0.0255,0.0117,-0.0023,normal
1.0152,1.0209,0.0094,1.0353,1.0078,0.0275,0.0228,0.0147,-0.0195,braking
1.0089,0.9944,0.0111,1.0089,0.9754,0.0335,0.0335,0.0125,0.0335,normal
1.0007,1.003,0.007,1.0155,0.9898,0.0257,0.0257,0.0102,-0.0148,normal
1.0073,1.1329,0.5548,2.7562,0.5876,2.1687,2.1687,0.4897,0.4198,pothole
1.0188,1.0965,0.5295,2.5806,0.3698,2.2108,2.2108,0.5064,0.649,pothole
0.9871,0.9925,0.0089,1.0052,0.9756,0.0296,0.0161,0.0129,-0.0121,normal
1.0139,1.0056,0.0093,1.0221,0.9931,0.029,0.029,0.0112,-0.0082,braking
0.9912,1.6585,0.4188,2.1458,0.9912,1.1546,0.4029,0.2557,-0.3988,speed_hump
1.0079,1.0039,0.0088,1.0176,0.9857,0.0318,0.0142,0.0072,-0.0097,braking
1.0057,1.0083,0.0093,1.0239,0.9951,0.0288,0.0288,0.0098,-0.0003,braking
1.0003,0.9978,0.0094,1.0129,0.9775,0.0354,0.0239,0.0111,-0.0127,normal
0.9878,0.9975,0.0059,1.007,0.9878,0.0192,0.0145,0.006,-0.0003,normal
0.989,1.2959,0.1891,1.5156,0.989,0.5266,0.2047,0.116,-0.2047,speed_hump
1.0071,1.2837,0.1813,1.5054,0.9927,0.5126,0.1859,0.1123,-0.1859,speed_hump
0.9949,1.0004,0.006,1.014,0.9941,0.0199,0.0159,0.0068,-0.0098,normal
1.004,0.9931,0.0123,1.0108,0.973,0.0379,0.0311,0.0159,0.0311,normal
0.9928,0.9925,0.0051,0.9972,0.983,0.0142,0.0142,0.0077,0.0082,braking
0.9707,1.3358,0.2163,1.5896,0.9707,0.6189,0.2277,0.1329,-0.2277,speed_hump
1.0221,1.0158,0.0102,1.0393,1.0042,0.0351,0.0194,0.0097,-0.0172,braking
1.0111,1.0016,0.0135,1.0237,0.9812,0.0425,0.0425,0.0184,0.0133,normal
1.0323,1.0159,0.0106,1.0323,0.9948,0.0374,0.0196,0.0104,0.0093,braking
1.0048,1.0026,0.013,1.0245,0.9747,0.0498,0.0498,0.0141,0.0029,normal
0.9962,1.2008,0.8579,3.6846,0.2548,3.4298,3.4298,0.769,0.7414,pothole
0.9955,1.0002,0.0097,1.0182,0.984,0.0342,0.0141,0.0085,-0.0086,braking
1.0051,1.1945,0.7744,3.4661,0.458,3.0081,3.0081,0.6744,0.5471,pothole
1.0085,1.0009,0.0093,1.0111,0.9804,0.0307,0.0254,0.0121,0.0016,braking
1.0093,1.0003,0.0088,1.0126,0.9826,0.03,0.0183,0.0123,0.0097,normal
1.0084,1.0057,0.0089,1.0194,0.9853,0.0341,0.029,0.0119,0.0012,normal
0.9746,0.9829,0.0092,0.9974,0.964,0.0334,0.0284,0.01,-0.0076,braking
1.0076,1.5887,0.3663,2.0068,1.0076,0.9992,0.4015,0.2217,-0.3219,speed_hump
1.0311,1.0069,0.0116,1.0311,0.9873,0.0438,0.0182,0.0131,0.0168,normal
1.0012,1.0016,0.0077,1.0169,0.9925,0.0245,0.0245,0.01,0.0087,normal
0.9957,1.1859,0.8298,3.5946,0.2939,3.3007,3.3007,0.7478,0.7018,pothole
1.0082,0.9975,0.0113,1.0107,0.9764,0.0344,0.0344,0.0193,0.0131,normal
0.9813,0.9927,0.0064,1.0028,0.9813,0.0215,0.0215,0.009,-0.0215,normal
0.9895,0.9896,0.0066,1.0034,0.9779,0.0254,0.0175,0.0077,-0.004,braking
1.0033,1.0032,0.0077,1.0143,0.9858,0.0285,0.0198,0.0094,-0.011,braking
0.97,1.0645,0.4791,2.3687,0.3206,2.0481,2.0481,0.4616,0.6494,pothole
0.9936,1.0058,0.0077,1.0168,0.9922,0.0246,0.019,0.0086,-0.019,normal
1.0036,0.9993,0.0112,1.0157,0.9807,0.035,0.035,0.0141,-0.0027,normal
1.0136,1.0016,0.0102,1.0196,0.9906,0.029,0.029,0.0161,0.0185,normal
1.0055,1.5648,0.3548,1.9827,1.0055,0.9772,0.3494,0.2148,-0.3297,speed_hump
0.9703,0.9867,0.0129,1.0095,0.9654,0.0441,0.0349,0.0149,-0.0106,braking
0.9965,1.07,0.4915,2.399,0.288,2.111,2.111,0.4749,0.7085,pothole
0.9944,1.0644,0.4931,2.4002,0.2852,2.115,2.115,0.4788,0.7092,pothole
0.9793,0.9995,0.0132,1.0148,0.9717,0.043,0.0308,0.0149,-0.026,normal
0.9855,0.9855,0.0068,0.994,0.9684,0.0256,0.0256,0.007,-0.0003,braking
1.004,1.4483,0.2807,1.8042,1.004,0.8002,0.281,0.1766,-0.281,speed_hump
0.9957,1.1247,0.5973,2.8359,0.4064,2.4294,2.4294,0.5471,0.5893,pothole
1.0243,1.0142,0.0107,1.0281,0.9975,0.0306,0.0264,0.0097,-0.0039,braking
1.0009,1.185,0.8327,3.5961,0.2678,3.3283,3.3283,0.7456,0.7331,pothole
0.9868,0.9969,0.012,1.0231,0.9816,0.0415,0.0345,0.0142,-0.0076,normal
0.9774,1.1313,0.6143,2.8974,0.4133,2.4841,2.4841,0.5571,0.564,pothole
0.9943,1.0009,0.0139,1.0268,0.9784,0.0484,0.0276,0.0093,-0.0036,normal
1.0001,1.0016,0.014,1.0224,0.9713,0.0511,0.0388,0.0172,-0.0032,normal
1.0002,1.6382,0.4062,2.1288,1.0002,1.1286,0.3866,0.25,-0.3866,speed_hump
0.9823,0.9944,0.0096,1.0084,0.977,0.0314,0.0232,0.0099,0.0054,normal
0.9993,1.4979,0.3145,1.886,0.9967,0.8893,0.3095,0.1973,-0.3054,speed_hump
1.0072,1.0109,0.0096,1.0317,0.9956,0.0361,0.0245,0.0142,-0.0245,normal
0.9948,0.9992,0.0076,1.0144,0.9894,0.025,0.0217,0.0103,0.0054,normal
0.9988,1.4665,0.2885,1.8067,0.9982,0.8085,0.3191,0.1796,-0.2988,speed_hump
1.0081,1.0036,0.0149,1.0405,0.9838,0.0567,0.0453,0.0171,-0.0324,normal
1.0168,1.0026,0.0103,1.0168,0.9832,0.0337,0.0155,0.0111,0.0086,normal
0.9857,1.5487,0.3453,1.9505,0.9857,0.9647,0.3398,0.2112,-0.3398,speed_hump
0.9552,0.9724,0.0122,0.997,0.9552,0.0418,0.0227,0.0097,-0.0015,braking
0.9771,1.111,0.5271,2.6304,0.5088,2.1216,2.1216,0.4791,0.4683,pothole
1.026,1.0045,0.0152,1.0288,0.9818,0.047,0.0238,0.0097,-0.0028,braking
1.0166,0.9979,0.0129,1.0166,0.9747,0.0419,0.0391,0.0147,0.0028,normal
1.0154,1.0018,0.0145,1.031,0.9761,0.0549,0.047,0.016,0.0084,normal
0.9817,1.2385,0.1564,1.4359,0.9817,0.4543,0.1918,0.1004,-0.1506,speed_hump
1.0291,1.0123,0.0127,1.0291,0.9844,0.0447,0.0367,0.0149,0.0174,braking
0.9958,1.1638,0.7825,3.4136,0.2488,3.1648,3.1648,0.718,0.747,pothole
0.9952,1.0025,0.0065,1.0152,0.9928,0.0224,0.0145,0.0072,-0.002,braking
1.0113,1.0009,0.0105,1.013,0.9837,0.0293,0.0264,0.0106,-0.0016,normal
0.9942,1.1871,0.7271,3.3352,0.5723,2.7629,2.7629,0.6209,0.4219,pothole
0.9849,1.4887,0.3159,1.8717,0.9678,0.904,0.3496,0.199,-0.3141,speed_hump
1.0016,1.0065,0.011,1.0182,0.9779,0.0403,0.0378,0.0156,-0.014,normal
1.0118,1.0033,0.0075,1.0189,0.9914,0.0276,0.0176,0.0073,-0.0071,normal
1.0228,0.999,0.012,1.0228,0.975,0.0478,0.0367,0.0141,0.0321,normal
0.9892,1.2108,0.8139,3.6092,0.4898,3.1194,3.1194,0.702,0.4994,pothole
0.999,0.9909,0.0115,1.012,0.9751,0.0369,0.0276,0.0144,0.0239,normal
0.9771,0.9989,0.0096,1.0103,0.9771,0.0331,0.0295,0.0122,-0.0295,normal
0.9873,0.9945,0.01,1.008,0.9752,0.0328,0.0244,0.0136,-0.0065,normal
1.0036,0.9959,0.0085,1.0071,0.9786,0.0286,0.0283,0.0125,0.0079,normal
1.0257,1.0082,0.0137,1.039,0.9912,0.0478,0.0255,0.0095,-0.0133,braking
0.9995,0.9943,0.0075,1.0055,0.9812,0.0243,0.0243,0.0098,0.0043,normal
1.0404,1.0186,0.0126,1.0404,1.0017,0.0387,0.0169,0.0091,0.0169,braking
0.9829,1.0762,0.4229,2.2721,0.5241,1.748,1.748,0.4039,0.4587,pothole
1.0169,1.3466,0.214,1.6294,1.0068,0.6226,0.2059,0.1372,-0.199,speed_hump
0.9894,1.0558,0.4095,2.1636,0.4059,1.7577,1.7577,0.4003,0.5835,pothole
1.0047,1.6117,0.3867,2.0621,0.9967,1.0654,0.3846,0.2359,-0.3409,speed_hump
0.984,0.9965,0.012,1.0178,0.9754,0.0424,0.0424,0.0141,-0.0133,normal
1.0076,1.112,0.5758,2.744,0.3681,2.3759,2.3759,0.5359,0.6395,pothole
0.9899,1.1292,0.5502,2.7292,0.549,2.1802,2.1802,0.4904,0.4409,pothole
1.0051,1.0045,0.0113,1.0326,0.9912,0.0414,0.0275,0.0096,-0.0275,braking
0.9663,0.9865,0.0101,1.0064,0.9663,0.04,0.0246,0.0112,-0.0175,braking
1.0033,1.2114,0.7875,3.5411,0.5638,2.9772,2.9772,0.6799,0.4395,pothole
1.0084,1.0,0.0142,1.0316,0.9838,0.0478,0.043,0.018,0.0187,normal
1.0067,1.633,0.3989,2.1348,1.0067,1.128,0.4131,0.2503,-0.3266,speed_hump
1.0131,0.9996,0.0125,1.0131,0.9811,0.032,0.0318,0.0174,0.0127,normal
0.9906,0.9939,0.0142,1.0193,0.9726,0.0467,0.0335,0.0168,0.018,normal
0.999,1.001,0.011,1.0148,0.9787,0.0362,0.0357,0.0157,0.0051,normal
0.9974,1.0952,0.5265,2.5635,0.3537,2.2099,2.2099,0.496,0.6438,pothole
0.9924,1.4773,0.2987,1.8403,0.9924,0.848,0.3074,0.1855,-0.3074,speed_hump
1.0283,1.1309,0.5416,2.7143,0.5963,2.1181,2.1181,0.4829,0.432,pothole
0.9866,1.0038,0.0123,1.0226,0.9866,0.0361,0.0244,0.0107,-0.0076,normal
0.9867,1.5184,0.3225,1.8813,0.9867,0.8946,0.364,0.1973,-0.364,speed_hump
0.9862,1.0026,0.0082,1.014,0.9862,0.0278,0.0162,0.0085,-0.0161,normal
0.9624,0.9891,0.0145,1.0113,0.9624,0.0489,0.0261,0.0132,-0.0261,braking
0.9913,1.458,0.3001,1.8288,0.9913,0.8375,0.2622,0.1849,-0.2622,speed_hump
0.9822,0.9873,0.0057,0.9994,0.98,0.0195,0.0195,0.0074,-0.0094,braking
0.987,1.0017,0.0094,1.0143,0.987,0.0273,0.0166,0.0101,-0.0074,normal
0.9823,0.9965,0.012,1.0171,0.9739,0.0433,0.0348,0.0161,-0.0348,normal
1.0055,1.0134,0.0056,1.0233,1.0053,0.0179,0.0153,0.0078,-0.0084,braking
0.9847,1.1019,0.465,2.4396,0.5614,1.8782,1.8782,0.4226,0.4233,pothole
0.9741,1.2297,0.1515,1.4372,0.9741,0.4631,0.1526,0.0993,-0.1526,speed_hump
0.9809,1.2198,0.8673,3.7664,0.4073,3.3591,3.3591,0.7599,0.5736,pothole
1.0261,0.9968,0.0151,1.0261,0.9762,0.0499,0.0259,0.0102,0.0126,braking
0.9807,0.9974,0.0081,1.0099,0.9807,0.0292,0.019,0.0098,-0.014,normal
1.0092,1.0016,0.0071,1.0113,0.9895,0.0219,0.0195,0.0107,0.0118,normal
1.0407,1.0213,0.011,1.0407,1.0052,0.0355,0.0112,0.0049,0.0031,braking
1.0164,0.9961,0.0112,1.0164,0.9803,0.0361,0.0198,0.0118,0.0196,normal
0.9807,0.9926,0.0156,1.0167,0.9674,0.0493,0.0356,0.0162,0.0132,braking
0.998,0.9978,0.0116,1.0105,0.9734,0.0371,0.027,0.0099,-0.0119,normal
1.0191,0.9996,0.0106,1.0191,0.982,0.037,0.0343,0.0134,0.0249,normal
0.9863,0.9977,0.008,1.0103,0.9851,0.0252,0.0175,0.0115,-0.0144,normal
1.0003,1.0035,0.0081,1.0169,0.9931,0.0238,0.0206,0.0106,-0.0001,normal
0.9926,0.9986,0.0129,1.0182,0.9841,0.0341,0.0293,0.0175,-0.0135,normal
0.9732,1.2002,0.8837,3.7685,0.2627,3.5058,3.5058,0.7827,0.7105,pothole
0.994,0.9975,0.0121,1.0207,0.9731,0.0476,0.0294,0.012,0.0036,normal
0.9958,0.993,0.0163,1.0201,0.9712,0.0489,0.0456,0.021,0.023,normal
0.979,0.9987,0.0095,1.013,0.979,0.034,0.0274,0.0114,-0.0267,normal
1.008,1.0036,0.0166,1.0289,0.9715,0.0574,0.0366,0.0192,0.0366,normal
1.0098,0.9999,0.0105,1.0125,0.9814,0.0311,0.0285,0.0143,0.0285,normal
0.9877,1.0023,0.0089,1.0144,0.987,0.0273,0.0147,0.0074,0.0007,braking
1.0153,1.0035,0.0124,1.0234,0.9792,0.0442,0.0442,0.018,0.0156,normal
0.9952,1.0026,0.015,1.0255,0.9845,0.041,0.0377,0.0157,-0.0196,normal
0.9907,1.0026,0.0072,1.0184,0.9907,0.0277,0.0197,0.0085,-0.0104,normal
0.9839,0.9924,0.0142,1.0248,0.9733,0.0515,0.0225,0.0124,0.0106,braking
0.9929,1.3619,0.2283,1.6395,0.9929,0.6466,0.2243,0.1425,-0.2243,speed_hump
1.0137,1.0013,0.0135,1.0201,0.9735,0.0467,0.0365,0.0207,0.0315,normal
1.0212,1.4198,0.2494,1.7242,1.0212,0.703,0.2248,0.1515,-0.2096,speed_hump
1.0193,1.0644,0.3878,2.1383,0.5012,1.637,1.637,0.3742,0.5181,pothole
0.9932,0.9954,0.0163,1.0351,0.9745,0.0606,0.0471,0.0192,0.0043,normal
1.0192,1.0001,0.0149,1.025,0.9737,0.0513,0.0455,0.0209,0.0455,normal
0.9826,1.0037,0.0144,1.0269,0.9826,0.0443,0.0268,0.0092,-0.0083,braking
1.0104,0.9963,0.0124,1.0149,0.9747,0.0402,0.0269,0.0163,0.0097,normal
0.9989,0.9961,0.0069,1.0084,0.9831,0.0252,0.0171,0.009,0.0052,normal
1.0318,1.1417,0.7204,3.1864,0.2202,2.9662,2.9662,0.6795,0.8115,pothole
1.0133,1.2115,0.7979,3.5656,0.5188,3.0468,3.0468,0.6805,0.4945,pothole
0.9922,1.1595,0.7401,3.2986,0.3308,2.9679,2.9679,0.6658,0.6614,pothole
0.9909,1.6517,0.4178,2.1544,0.9909,1.1635,0.4009,0.2583,-0.3968,speed_hump
0.9993,1.0011,0.0127,1.0201,0.9761,0.044,0.0346,0.0199,0.0078,normal
1.0115,1.0049,0.0141,1.0352,0.9871,0.0481,0.0481,0.0168,0.0043,normal
1.0206,1.3557,0.2204,1.6134,0.9931,0.6203,0.2255,0.1348,-0.2074,speed_hump
0.9795,1.0686,0.4179,2.2359,0.4867,1.7492,1.7492,0.4012,0.4929,pothole
0.9797,1.5428,0.3419,1.9299,0.9797,0.9502,0.33,0.2068,-0.33,speed_hump
0.9872,1.3208,0.2038,1.5825,0.9872,0.5953,0.23,0.1307,-0.23,speed_hump
0.9957,1.0717,0.3721,2.1264,0.5921,1.5342,1.5342,0.3447,0.4036,pothole
1.0066,1.1075,0.5585,2.691,0.3887,2.3022,2.3022,0.5206,0.6178,pothole
1.0044,1.1258,0.5408,2.685,0.5078,2.1773,2.1773,0.4916,0.4966,pothole
1.0331,1.0126,0.0104,1.0331,0.9946,0.0385,0.0251,0.0144,0.0247,braking
1.0002,0.9999,0.0075,1.0169,0.9869,0.03,0.03,0.0103,0.0014,normal
1.0066,0.9979,0.0098,1.0126,0.9794,0.0332,0.0332,0.0127,-0.0017,normal
1.022,1.0036,0.0122,1.022,0.9856,0.0363,0.0303,0.0146,0.0112,normal
1.0294,1.0079,0.0114,1.0294,0.9912,0.0383,0.0364,0.0149,0.0364,normal
0.9637,1.0651,0.4232,2.2209,0.416,1.8049,1.8049,0.3998,0.5477,pothole
0.9589,1.4897,0.316,1.8657,0.9589,0.9068,0.3511,0.195,-0.3511,speed_hump
0.9918,1.5441,0.3367,1.9468,0.9918,0.955,0.3529,0.2084,-0.3529,speed_hump
0.9865,0.9908,0.0108,1.0059,0.9657,0.0402,0.0402,0.0133,-0.0032,normal
0.9782,0.9987,0.0134,1.0183,0.9782,0.0401,0.0161,0.0084,-0.0105,braking
1.0004,0.9928,0.0136,1.0201,0.9736,0.0465,0.0256,0.0175,0.0244,normal
1.0487,1.4823,0.3097,1.8764,0.9824,0.894,0.2782,0.1913,-0.2191,speed_hump
1.0167,1.0047,0.0086,1.017,0.9903,0.0267,0.0267,0.0112,0.0079,normal
0.9883,1.6656,0.4146,2.1739,0.9883,1.1857,0.4115,0.2565,-0.4115,speed_hump
0.9898,0.9915,0.0096,1.0054,0.978,0.0274,0.0263,0.0135,-0.0065,braking
1.0097,0.9989,0.0118,1.021,0.9849,0.0361,0.0305,0.01,-0.0026,normal
1.0177,1.0061,0.0084,1.0189,0.9905,0.0283,0.0143,0.008,0.0109,braking
0.9905,0.9945,0.0133,1.0167,0.9749,0.0419,0.041,0.0197,0.0156,braking
1.0203,1.01,0.0084,1.0203,0.995,0.0253,0.0188,0.0124,0.0187,braking
1.0017,0.9982,0.0102,1.0141,0.9811,0.0329,0.0242,0.011,0.016,normal
1.0179,1.3924,0.2393,1.662,1.0179,0.6441,0.2185,0.1425,-0.2185,speed_hump
0.9948,1.0032,0.0108,1.0194,0.9889,0.0305,0.0305,0.0119,-0.0172,normal
1.0246,1.0008,0.0103,1.0246,0.9897,0.0349,0.018,0.011,0.018,normal
0.9958,1.1717,0.7164,3.2736,0.4936,2.78,2.78,0.6257,0.5022,pothole
0.994,1.231,0.8347,3.7084,0.5959,3.1125,3.1125,0.7072,0.3981,pothole
0.9963,0.9994,0.0123,1.0179,0.9776,0.0403,0.0274,0.0143,0.0019,normal
1.0358,1.0122,0.0147,1.0358,0.9922,0.0436,0.0119,0.006,0.0016,braking
1.0165,1.5634,0.3471,1.9808,1.0055,0.9753,0.3619,0.2155,-0.3198,speed_hump
1.021,1.0156,0.012,1.0361,0.9997,0.0364,0.0192,0.0101,-0.0107,braking
1.0204,1.2173,0.8688,3.775,0.4358,3.3392,3.3392,0.7527,0.5846,pothole
0.9862,1.5763,0.3786,2.0304,0.9774,1.053,0.3529,0.233,-0.3529,speed_hump
0.978,1.077,0.4446,2.3178,0.454,1.8638,1.8638,0.4196,0.524,pothole
1.0013,1.0062,0.0093,1.0287,0.9927,0.036,0.0291,0.0087,-0.0073,normal
0.9594,1.0754,0.4691,2.3854,0.4207,1.9647,1.9647,0.4368,0.5387,pothole
1.0346,1.0219,0.0103,1.0404,1.0023,0.0381,0.0176,0.0074,0.0052,braking
1.0112,1.1719,0.7764,3.4124,0.2913,3.1211,3.1211,0.7039,0.7199,pothole
0.9963,1.2596,0.1649,1.4622,0.9855,0.4766,0.1885,0.1047,-0.1711,speed_hump
1.0039,1.0915,0.5612,2.6394,0.2616,2.3778,2.3778,0.5399,0.7423,pothole
0.9923,0.9998,0.01,1.0163,0.9856,0.0306,0.0241,0.0107,-0.0121,normal
1.002,1.0032,0.0094,1.0184,0.9926,0.0257,0.0205,0.0087,0.0067,normal
1.005,1.0543,0.4527,2.2533,0.2879,1.9654,1.9654,0.4451,0.7172,pothole
1.0172,1.168,0.7778,3.4077,0.2701,3.1376,3.1376,0.7173,0.7471,pothole
0.9615,0.9816,0.0125,1.0025,0.9615,0.041,0.0244,0.0115,-0.0124,braking
0.9859,0.9955,0.0153,1.0246,0.9648,0.0598,0.0598,0.0183,-0.0143,normal
0.9696,0.9948,0.0128,1.0124,0.9696,0.0428,0.021,0.0146,-0.0158,braking
1.0085,1.0641,0.363,2.0702,0.5391,1.531,1.531,0.3525,0.4694,pothole
0.9824,0.9997,0.0104,1.0186,0.9824,0.0362,0.0335,0.0099,-0.0027,normal
1.0024,0.9966,0.0094,1.011,0.9796,0.0314,0.0197,0.0116,0.0119,normal
1.0253,1.6058,0.3776,2.0612,1.0065,1.0547,0.3448,0.2323,-0.3288,speed_hump
1.0054,1.1925,0.8609,3.695,0.2799,3.4152,3.4152,0.7647,0.7256,pothole
0.9925,1.1873,0.7407,3.3664,0.5137,2.8526,2.8526,0.6452,0.4788,pothole
0.9667,0.9829,0.0101,1.0054,0.9667,0.0387,0.018,0.009,-0.0123,braking
1.0197,1.1561,0.7105,3.2132,0.374,2.8393,2.8393,0.6382,0.6457,pothole
0.9883,1.0038,0.0098,1.0222,0.9883,0.0339,0.0237,0.011,-0.0098,braking
0.9799,0.9971,0.0105,1.016,0.9799,0.0361,0.0361,0.0148,-0.0361,normal
1.0109,1.005,0.0107,1.0194,0.9854,0.034,0.031,0.016,0.0182,normal
1.0086,1.3149,0.1952,1.5413,0.9906,0.5507,0.2193,0.1204,-0.177,speed_hump
0.9922,0.9971,0.0096,1.0127,0.9788,0.0339,0.0222,0.0132,-0.0146,normal
1.0133,1.0084,0.0114,1.0303,0.9936,0.0367,0.0367,0.0131,0.0062,normal
1.0065,1.0054,0.0082,1.019,0.9944,0.0246,0.0218,0.0119,0.0121,normal
0.9917,0.997,0.0093,1.0203,0.9842,0.0362,0.0278,0.011,-0.0032,normal
0.997,1.1273,0.6424,2.9607,0.3354,2.6253,2.6253,0.5971,0.6616,pothole
0.9969,1.5121,0.3223,1.9016,0.9904,0.9112,0.3479,0.2018,-0.3353,speed_hump
0.9882,0.9956,0.0087,1.0055,0.9745,0.031,0.031,0.0118,-0.0173,normal
1.0409,1.5441,0.3424,1.9468,1.0039,0.9429,0.3061,0.2054,-0.2775,speed_hump
0.9983,1.0071,0.0164,1.0306,0.9685,0.0621,0.0621,0.0165,-0.0033,normal
1.023,1.0012,0.0176,1.0251,0.9652,0.0598,0.0598,0.0277,0.0305,normal
0.999,1.0031,0.0081,1.0143,0.9863,0.028,0.0242,0.0107,-0.0153,normal
1.0129,1.1214,0.5526,2.7179,0.5002,2.2178,2.2178,0.501,0.5127,pothole
1.0087,1.0018,0.0108,1.015,0.984,0.0311,0.0247,0.0165,0.0247,normal
0.942,0.9715,0.0167,1.0007,0.942,0.0587,0.0283,0.0118,-0.0283,braking
1.0228,1.3412,0.2064,1.6022,1.0147,0.5875,0.1992,0.1297,-0.1748,speed_hump
1.0045,0.9995,0.0069,1.0125,0.9883,0.0242,0.0186,0.0083,0.0099,normal
1.0078,1.0058,0.0111,1.0204,0.9827,0.0377,0.0231,0.0092,0.0038,normal
1.0194,1.3331,0.2026,1.5745,1.0025,0.572,0.2115,0.1252,-0.1876,speed_hump
0.9613,0.9868,0.013,1.0041,0.9613,0.0428,0.0152,0.0081,-0.0089,braking
1.0017,1.0862,0.5529,2.6122,0.2715,2.3407,2.3407,0.5297,0.7303,pothole
1.0214,1.0116,0.0135,1.0367,0.9882,0.0485,0.0192,0.0101,0.0006,braking
1.0071,1.2475,0.1632,1.445,0.9942,0.4508,0.1526,0.0987,-0.1353,speed_hump
0.9929,1.0039,0.0123,1.0253,0.9835,0.0418,0.035,0.0177,-0.0112,normal
0.9844,1.0589,0.3993,2.1355,0.4181,1.7174,1.7174,0.386,0.5663,pothole
0.9925,1.0017,0.0139,1.0256,0.9766,0.049,0.049,0.0207,-0.0108,normal
0.9659,1.3433,0.2347,1.6338,0.9659,0.668,0.2544,0.1458,-0.2377,speed_hump
0.9801,0.9866,0.0133,1.005,0.9669,0.0381,0.0203,0.0093,0.0128,braking
0.9995,1.0013,0.0102,1.0169,0.9827,0.0342,0.0253,0.0123,-0.0119,normal
0.9965,0.9957,0.0121,1.018,0.9742,0.0439,0.0368,0.0191,0.0041,normal
0.9422,0.9645,0.015,0.9854,0.9422,0.0432,0.0199,0.0074,-0.0003,braking
0.9832,1.4868,0.3163,1.8653,0.9686,0.8967,0.3396,0.1976,-0.3191,speed_hump
1.0076,0.9948,0.0118,1.0076,0.9675,0.0401,0.0396,0.0157,0.0135,normal
1.0001,1.0375,0.4066,2.072,0.2803,1.7917,1.7917,0.4023,0.7198,pothole
1.0082,0.9989,0.0149,1.0278,0.9776,0.0502,0.0502,0.0209,0.0167,normal
0.9978,0.9901,0.0079,1.0062,0.9795,0.0267,0.0177,0.008,0.0039,normal
1.0252,1.1308,0.5901,2.8314,0.4558,2.3755,2.3755,0.54,0.5694,pothole
1.0257,1.1839,0.8211,3.5493,0.239,3.3102,3.3102,0.7435,0.7866,pothole
1.0277,1.2545,0.1582,1.4441,0.9904,0.4537,0.1577,0.0967,-0.136,speed_hump
0.9788,1.3841,0.2554,1.6756,0.9744,0.7012,0.272,0.1553,-0.272,speed_hump
0.9898,0.9975,0.01,1.0182,0.987,0.0312,0.0312,0.0152,-0.0041,braking
0.9961,0.9997,0.0161,1.027,0.9742,0.0529,0.0356,0.0189,-0.0157,normal
0.9669,1.1436,0.6779,3.1034,0.3873,2.7161,2.7161,0.6069,0.5796,pothole
1.0052,1.0006,0.0105,1.021,0.984,0.037,0.0297,0.0123,0.0098,normal
1.0103,1.0075,0.0122,1.0209,0.9764,0.0445,0.0291,0.0141,-0.0106,normal
1.005,1.0055,0.0092,1.0184,0.9881,0.0303,0.0284,0.0119,-0.0133,normal
1.016,0.996,0.012,1.016,0.9792,0.0368,0.0368,0.0172,0.0368,normal
1.0094,0.9988,0.0104,1.0134,0.9821,0.0312,0.0274,0.0113,0.0001,normal
0.9929,1.1268,0.6811,3.0608,0.2568,2.804,2.804,0.6315,0.7361,pothole
1.0004,0.9993,0.0102,1.0144,0.9776,0.0368,0.0363,0.0135,0.0065,normal
1.0128,1.3423,0.2131,1.6231,1.0128,0.6102,0.2127,0.1344,-0.1753,speed_hump
0.9995,1.0018,0.0086,1.0165,0.9876,0.0288,0.0201,0.0088,-0.0004,normal
1.0139,1.1313,0.6459,2.9612,0.2948,2.6664,2.6664,0.5989,0.7191,pothole
0.996,1.0027,0.0073,1.0168,0.9888,0.028,0.0158,0.0078,-0.0113,normal
0.9999,1.3744,0.236,1.6719,0.9999,0.672,0.2413,0.1493,-0.2413,speed_hump
0.9987,0.9963,0.0147,1.0173,0.9659,0.0514,0.0478,0.0224,-0.0011,normal
0.9866,0.9862,0.0061,0.9984,0.975,0.0234,0.0137,0.0061,-0.0008,braking
0.9981,1.0004,0.0088,1.0182,0.9851,0.0331,0.0189,0.0097,-0.0059,normal
1.0141,1.1316,0.5593,2.7651,0.5699,2.1952,2.1952,0.4957,0.4442,pothole
1.0043,0.993,0.015,1.0197,0.9751,0.0447,0.0338,0.0233,-0.0154,normal
0.988,1.0371,0.3742,2.0305,0.4088,1.6216,1.6216,0.3781,0.5792,pothole
1.0231,1.0087,0.0096,1.0236,0.9952,0.0284,0.0216,0.0086,0.0216,braking
0.99,0.9983,0.0114,1.0229,0.9832,0.0397,0.0397,0.0131,-0.0106,normal
1.0028,1.0015,0.0103,1.0163,0.982,0.0343,0.0256,0.0117,0.0052,normal
0.9663,0.9906,0.0107,1.0019,0.9663,0.0356,0.0199,0.0084,-0.0101,braking
1.0005,1.1707,0.7696,3.4014,0.3313,3.07,3.07,0.6911,0.6691,pothole
0.9936,0.9975,0.01,1.0113,0.9786,0.0327,0.0208,0.0124,0.015,normal
0.9957,1.0004,0.006,1.0089,0.9901,0.0188,0.0183,0.0081,-0.001,normal
1.0046,1.6592,0.4219,2.1587,0.9639,1.1949,0.4363,0.261,-0.4363,speed_hump
0.9908,0.9932,0.0076,1.0063,0.9787,0.0276,0.0172,0.0081,0.0025,normal
0.9652,0.9889,0.0111,1.0051,0.9652,0.0399,0.017,0.0104,-0.0149,braking
1.0053,0.9965,0.0134,1.0175,0.9715,0.046,0.0309,0.0157,0.0124,normal
1.0055,1.0087,0.0065,1.024,1.002,0.022,0.0211,0.0094,0.001,braking
0.9844,0.9991,0.0127,1.0278,0.9831,0.0447,0.0447,0.0152,0.0013,normal
1.0116,1.0014,0.0159,1.0369,0.9839,0.053,0.0313,0.0159,0.0198,normal
0.9867,1.0856,0.4686,2.4068,0.4626,1.9442,1.9442,0.436,0.5241,pothole
1.0255,1.008,0.0079,1.0255,0.9965,0.029,0.0157,0.0077,0.0157,braking
1.0052,1.206,0.7968,3.5612,0.5395,3.0217,3.0217,0.6785,0.4657,pothole
0.9782,1.258,0.1635,1.4462,0.9782,0.468,0.1681,0.0995,-0.1681,speed_hump
1.0228,1.5355,0.3236,1.9156,1.0228,0.8928,0.302,0.1966,-0.2882,speed_hump
0.9828,0.9867,0.0077,0.9969,0.9727,0.0243,0.0204,0.0073,0.0009,braking
0.9821,1.0023,0.0127,1.0304,0.9821,0.0482,0.034,0.0155,-0.0323,normal
0.972,1.1154,0.5581,2.7266,0.4851,2.2415,2.2415,0.5077,0.4869,pothole
1.0031,1.0035,0.0111,1.0213,0.9857,0.0356,0.0356,0.018,-0.0003,normal
1.0216,1.2599,0.1534,1.4543,1.011,0.4433,0.1709,0.0973,-0.1231,speed_hump
1.0066,0.9996,0.0123,1.0158,0.9745,0.0413,0.024,0.0151,-0.0035,normal
0.9962,1.0,0.0098,1.0243,0.9889,0.0354,0.0354,0.0131,0.0008,braking
1.0032,1.1717,0.7091,3.2516,0.4964,2.7552,2.7552,0.6181,0.5068,pothole
0.9883,0.9959,0.0144,1.0172,0.9635,0.0538,0.0488,0.0156,0.0009,normal
1.0273,1.0101,0.0139,1.0308,0.9937,0.0372,0.0186,0.0077,-0.0018,braking
0.9953,0.9988,0.0111,1.0132,0.9742,0.039,0.039,0.0145,-0.013,normal
0.9981,1.0064,0.0134,1.0252,0.9851,0.04,0.04,0.0141,-0.0013,normal
1.0059,0.9992,0.012,1.0243,0.9808,0.0435,0.0406,0.0169,0.0136,normal
0.9953,1.5196,0.3328,1.9126,0.9953,0.9173,0.3085,0.2026,-0.3085,speed_hump
0.9619,0.9941,0.016,1.0144,0.9619,0.0525,0.0372,0.0201,-0.025,normal
0.9953,0.9949,0.01,1.0208,0.9835,0.0373,0.0311,0.0133,0.0097,normal
0.996,1.0008,0.0106,1.0241,0.9823,0.0418,0.0418,0.0152,0.0029,normal
0.9993,1.0715,0.495,2.4248,0.3139,2.1108,2.1108,0.4781,0.6854,pothole
1.0322,1.0221,0.0112,1.0343,0.9942,0.0401,0.0176,0.0079,-0.0021,braking
1.0002,0.9944,0.0102,1.0113,0.9788,0.0325,0.0296,0.0127,0.0215,normal
1.0042,1.4543,0.2968,1.8103,0.9803,0.83,0.2898,0.1818,-0.2409,speed_hump
0.9837,1.1207,0.6309,2.8975,0.2763,2.6212,2.6212,0.585,0.7074,pothole
1.0165,1.0092,0.0084,1.0222,0.9961,0.0261,0.0175,0.0111,0.0175,normal
1.0001,0.9996,0.0121,1.0135,0.9763,0.0371,0.0271,0.0144,-0.0116,normal
0.9881,1.0058,0.0154,1.0304,0.9881,0.0423,0.0423,0.0224,-0.0423,normal
0.9992,1.1854,0.7586,3.4135,0.4789,2.9347,2.9347,0.6666,0.5204,pothole
0.9794,0.9995,0.0109,1.0192,0.9794,0.0398,0.0216,0.0116,-0.0216,normal
1.0289,1.0014,0.0137,1.0289,0.9801,0.0488,0.0425,0.0139,0.0425,normal
1.0303,1.0111,0.0104,1.0303,0.9966,0.0337,0.0194,0.0101,0.0184,braking
0.9824,1.1038,0.5663,2.6945,0.3359,2.3587,2.3587,0.5311,0.6466,pothole
1.012,1.2305,0.1468,1.4155,1.0031,0.4125,0.1364,0.0907,-0.1307,speed_hump
0.976,1.3592,0.2462,1.6657,0.9723,0.6935,0.2356,0.1537,-0.2356,speed_hump
0.971,0.975,0.0107,0.9918,0.9617,0.0301,0.0285,0.0092,0.0038,braking
0.9921,1.0023,0.0144,1.0275,0.9861,0.0414,0.0407,0.0179,-0.0072,normal
1.0011,1.1045,0.5504,2.6507,0.3577,2.293,2.293,0.518,0.6435,pothole
1.017,1.0064,0.0125,1.0279,0.9849,0.043,0.0267,0.0154,0.0042,normal
0.9777,1.0771,0.5202,2.5039,0.2911,2.2127,2.2127,0.4984,0.6865,pothole
0.9987,1.002,0.0093,1.0189,0.9847,0.0342,0.0207,0.0109,-0.0134,braking
0.9997,1.0003,0.0125,1.0245,0.9764,0.0481,0.0249,0.0148,-0.0036,normal
0.9941,1.5194,0.3272,1.9301,0.9941,0.9361,0.3283,0.2044,-0.3283,speed_hump
0.9954,1.0038,0.0147,1.0259,0.983,0.0429,0.0329,0.0202,-0.0057,normal
0.9876,1.4531,0.2838,1.7676,0.9876,0.7801,0.3064,0.1701,-0.3064,speed_hump
0.9954,1.0004,0.0127,1.0235,0.9714,0.0521,0.0376,0.0131,0.0039,normal
1.0059,1.0025,0.007,1.0114,0.9864,0.025,0.0183,0.007,0.0077,braking
0.997,1.0056,0.0119,1.0218,0.9848,0.037,0.0357,0.0172,-0.0058,normal
1.0106,1.2678,0.1564,1.451,1.0106,0.4404,0.1874,0.094,-0.1404,speed_hump
0.9831,1.0003,0.017,1.0325,0.9794,0.0531,0.0531,0.0259,-0.0064,normal
0.9838,1.5364,0.3346,1.9181,0.9838,0.9343,0.367,0.204,-0.367,speed_hump
0.9658,0.9832,0.0134,1.0017,0.9614,0.0403,0.0179,0.0078,-0.0036,braking
0.9777,0.9912,0.0141,1.0206,0.968,0.0526,0.0247,0.0132,-0.0058,braking
0.9892,1.1321,0.6154,2.9105,0.4424,2.468,2.468,0.556,0.5468,pothole
0.978,0.995,0.0098,1.0143,0.978,0.0363,0.0304,0.0122,-0.0237,normal
1.0246,1.0045,0.009,1.0246,0.9914,0.0332,0.03,0.011,0.03,normal
1.0389,1.0198,0.013,1.0389,1.0022,0.0367,0.0169,0.0065,0.0002,braking
1.0065,0.9977,0.0085,1.0148,0.9819,0.0329,0.0245,0.0121,0.0088,normal
1.0076,1.1227,0.5908,2.8136,0.4076,2.406,2.406,0.5421,0.6,pothole
1.007,1.4565,0.2844,1.809,1.007,0.802,0.2695,0.1775,-0.2695,speed_hump
0.9939,0.9985,0.0066,1.0121,0.9873,0.0248,0.0248,0.0099,0.0005,normal
0.9877,1.0048,0.0109,1.0257,0.9877,0.038,0.026,0.0108,-0.0196,normal
1.0041,1.0005,0.0092,1.0173,0.9849,0.0324,0.0324,0.0136,-0.0054,normal
1.008,0.9992,0.0061,1.0086,0.9911,0.0175,0.0171,0.0093,0.014,normal
1.0086,1.0602,0.5003,2.3943,0.2288,2.1655,2.1655,0.4853,0.7798,pothole
0.9822,0.9947,0.0115,1.0177,0.9774,0.0403,0.0355,0.0135,-0.0355,normal
1.0009,1.0007,0.0097,1.017,0.9868,0.0302,0.0302,0.0149,0.0025,normal
1.0104,0.9988,0.007,1.0104,0.9848,0.0255,0.0169,0.0082,0.0103,braking
0.9969,1.0025,0.0086,1.0154,0.9863,0.0291,0.0197,0.0095,-0.0131,braking
0.991,1.471,0.2974,1.835,0.991,0.8439,0.2927,0.1851,-0.2927,speed_hump
1.0038,0.994,0.0143,1.0159,0.9651,0.0508,0.0305,0.0154,-0.0122,normal
0.9933,1.6612,0.4208,2.148,0.9718,1.1762,0.4404,0.259,-0.4039,speed_hump
0.9627,1.3155,0.212,1.5502,0.9627,0.5875,0.221,0.1291,-0.1916,speed_hump
0.9755,1.1082,0.5488,2.6818,0.4533,2.2284,2.2284,0.5013,0.5221,pothole
0.9734,0.9942,0.0154,1.0183,0.9734,0.045,0.033,0.015,-0.0313,normal
0.9927,1.1277,0.6287,2.9255,0.3625,2.563,2.563,0.5789,0.6301,pothole
0.9976,1.0019,0.0069,1.0125,0.9912,0.0213,0.0182,0.012,-0.015,normal
1.0205,1.1814,0.8118,3.5349,0.2989,3.2361,3.2361,0.7317,0.7216,pothole
0.974,0.9795,0.0053,0.9887,0.9721,0.0166,0.0154,0.006,-0.0014,braking
1.0059,1.1972,0.7954,3.5247,0.416,3.1087,3.1087,0.7005,0.5898,pothole
1.0059,1.0045,0.005,1.0107,0.9961,0.0146,0.0091,0.0053,-0.0049,braking
0.9795,1.1522,0.6999,3.1768,0.3752,2.8016,2.8016,0.6252,0.6043,pothole
0.9913,1.5284,0.3443,1.9377,0.9846,0.9531,0.3152,0.2111,-0.3132,speed_hump
0.986,1.2513,0.1582,1.436,0.986,0.45,0.1543,0.0961,-0.1543,speed_hump
0.9855,1.0807,0.458,2.3666,0.4576,1.909,1.909,0.4286,0.5279,pothole
0.9969,0.9995,0.0078,1.0143,0.9859,0.0284,0.0284,0.0125,-0.0065,normal
1.0129,1.4658,0.2833,1.8043,1.0129,0.7914,0.2909,0.1757,-0.278,speed_hump
1.0,1.0041,0.0099,1.0211,0.9877,0.0334,0.0255,0.0129,-0.0211,normal
0.9836,1.1381,0.6991,3.1313,0.2691,2.8622,2.8622,0.6437,0.7145,pothole
1.0159,0.9987,0.0084,1.0159,0.986,0.0299,0.0181,0.0075,0.0064,braking
0.994,1.0058,0.0153,1.0339,0.9842,0.0497,0.0497,0.0203,-0.0103,normal
0.9987,0.9977,0.0076,1.0134,0.9897,0.0237,0.0208,0.0086,0.0008,normal
0.9906,1.1853,0.7597,3.4188,0.4861,2.9327,2.9327,0.6555,0.5045,pothole
0.9834,1.4904,0.3158,1.852,0.9834,0.8686,0.3204,0.1911,-0.3204,speed_hump
0.965,1.1151,0.5624,2.7328,0.4602,2.2725,2.2725,0.5102,0.5047,pothole
0.9923,1.1103,0.5362,2.645,0.4613,2.1837,2.1837,0.4954,0.531,pothole
1.0048,1.2893,0.1873,1.523,0.9818,0.5413,0.1982,0.1177,-0.1982,speed_hump
0.9726,1.3382,0.224,1.593,0.9726,0.6204,0.2264,0.1355,-0.2158,speed_hump
1.0126,1.0066,0.0086,1.0288,0.9977,0.0311,0.0295,0.0101,0.0102,normal
0.9991,1.6498,0.4133,2.1423,0.9872,1.155,0.4333,0.2554,-0.3889,speed_hump
1.0015,0.9992,0.0095,1.0131,0.9764,0.0367,0.0234,0.01,0.0054,normal
0.9972,1.0023,0.0084,1.0175,0.9878,0.0298,0.0151,0.0105,-0.0144,normal
1.0111,1.0006,0.0121,1.0171,0.9707,0.0463,0.0277,0.0126,-0.006,normal
1.0164,0.9993,0.0102,1.0164,0.9809,0.0355,0.0244,0.0127,0.0137,normal
1.026,1.0045,0.0108,1.026,0.9837,0.0423,0.0253,0.0117,0.0182,normal
0.999,1.2658,0.1677,1.451,0.9893,0.4617,0.1818,0.1015,-0.1628,speed_hump
0.9924,1.1804,0.8103,3.5277,0.2919,3.2358,3.2358,0.7218,0.7005,pothole
0.9781,1.0018,0.0139,1.0222,0.9781,0.0442,0.0392,0.0185,-0.0392,normal
1.0124,1.0053,0.0094,1.0124,0.9788,0.0336,0.0332,0.0099,0.0097,normal
0.9672,0.9877,0.0088,0.9958,0.9672,0.0285,0.0118,0.005,-0.0108,braking
0.9989,0.9983,0.0106,1.0172,0.9777,0.0395,0.0395,0.0142,0.0071,normal
0.9801,0.9997,0.0086,1.0076,0.9801,0.0275,0.0275,0.0075,-0.0275,braking
1.0237,1.0115,0.0099,1.0237,0.9878,0.0359,0.0289,0.0136,0.0141,braking
1.0048,1.0054,0.0081,1.0204,0.9876,0.0328,0.0237,0.0101,0.0172,normal
0.9565,0.9788,0.0141,1.0,0.9565,0.0435,0.0188,0.0084,-0.0059,braking
0.9812,0.985,0.0139,1.0133,0.9674,0.0458,0.032,0.0095,0.0096,braking
1.0037,0.9982,0.0102,1.0096,0.9773,0.0324,0.0315,0.0142,0.0265,normal
1.0333,1.0293,0.0106,1.0414,1.0115,0.0298,0.0191,0.0081,-0.003,braking
0.9947,0.998,0.0077,1.0134,0.9883,0.0252,0.0252,0.0079,-0.0057,braking
0.9994,1.2769,0.1635,1.4861,0.9994,0.4866,0.1679,0.1028,-0.1679,speed_hump
1.0188,1.0101,0.0075,1.0189,0.9988,0.0201,0.0201,0.0094,0.0015,braking
0.9973,0.9977,0.014,1.0143,0.9694,0.0449,0.0419,0.016,0.0137,normal
1.0029,0.9986,0.0136,1.0197,0.9684,0.0512,0.0362,0.0133,0.0091,normal
0.9914,0.9989,0.0073,1.0089,0.9863,0.0227,0.0226,0.0099,-0.0114,normal
1.0097,1.3488,0.2383,1.6668,0.9902,0.6765,0.2123,0.1482,-0.166,speed_hump
1.0084,1.0018,0.0135,1.0156,0.9779,0.0377,0.0351,0.0209,0.0128,normal
1.0369,0.9994,0.0162,1.0369,0.9758,0.0611,0.0241,0.0115,0.0241,braking
1.0324,1.0305,0.0099,1.0482,1.0109,0.0373,0.0158,0.0075,-0.0158,braking
0.9645,0.9772,0.0111,0.9941,0.9549,0.0391,0.0203,0.0098,0.0095,braking
0.9648,1.5482,0.3624,1.9892,0.9648,1.0244,0.3512,0.2254,-0.3483,speed_hump
1.0056,1.1213,0.6017,2.8236,0.3363,2.4873,2.4873,0.5573,0.6693,pothole
1.0164,1.0014,0.0124,1.0167,0.978,0.0387,0.0387,0.0154,0.0118,normal
1.0091,1.2306,0.1518,1.4134,0.9718,0.4416,0.1857,0.094,-0.1148,speed_hump
1.0205,1.1801,0.7721,3.4166,0.3337,3.0829,3.0829,0.6944,0.6868,pothole
1.0061,1.0,0.0053,1.0089,0.9908,0.0181,0.0165,0.0065,0.0064,normal
0.9871,1.1749,0.7538,3.3635,0.3677,2.9958,2.9958,0.6776,0.6194,pothole
0.9837,0.9921,0.0105,1.0146,0.9758,0.0388,0.0276,0.0095,-0.003,braking
1.0384,1.0262,0.0132,1.0418,1.0019,0.0399,0.0259,0.0116,-0.0034,braking
0.9909,1.4938,0.316,1.8899,0.9909,0.899,0.3164,0.199,-0.2965,speed_hump
0.9893,0.9993,0.0078,1.0151,0.9893,0.0258,0.0258,0.0105,-0.0258,normal
0.9867,1.6372,0.4039,2.1221,0.9867,1.1354,0.4037,0.2494,-0.4037,speed_hump
0.992,0.9963,0.0085,1.0097,0.9848,0.0249,0.0242,0.0144,-0.0143,normal
0.9837,1.4525,0.2896,1.7885,0.9837,0.8048,0.2847,0.1766,-0.279,speed_hump
0.992,0.9927,0.0106,1.0121,0.9758,0.0363,0.0201,0.0117,-0.0201,braking
1.0169,1.6063,0.373,2.0546,1.0122,1.0424,0.3705,0.2311,-0.3705,speed_hump
0.9607,1.4317,0.2897,1.7804,0.9607,0.8197,0.2838,0.1786,-0.2838,speed_hump
1.0024,1.0011,0.0132,1.0216,0.9868,0.0348,0.0347,0.0193,-0.0109,normal
0.9877,1.0053,0.0138,1.0352,0.9877,0.0476,0.0476,0.0176,-0.0476,normal
1.0012,0.9974,0.0063,1.0083,0.9834,0.0248,0.0165,0.0058,-0.0006,normal
0.9975,1.5874,0.3751,2.0491,0.9955,1.0536,0.3585,0.2339,-0.3402,speed_hump
0.9949,0.9936,0.0073,1.0089,0.9793,0.0296,0.017,0.0064,0.0052,braking
1.0098,1.0016,0.0147,1.0305,0.981,0.0495,0.0362,0.0209,0.0288,normal
1.0142,1.0002,0.0118,1.02,0.9775,0.0425,0.0367,0.0183,0.0367,normal
1.0126,1.0533,0.4196,2.1864,0.3831,1.8033,1.8033,0.4111,0.6294,pothole
0.9971,1.0802,0.442,2.319,0.4729,1.8461,1.8461,0.4166,0.5242,pothole
0.9883,0.9988,0.0081,1.013,0.9883,0.0247,0.0161,0.008,-0.0026,normal
0.9705,1.3907,0.2511,1.6977,0.9705,0.7271,0.2596,0.1567,-0.2596,speed_hump
0.9787,1.1945,0.7397,3.3776,0.5583,2.8194,2.8194,0.635,0.4205,pothole
0.9985,1.458,0.288,1.8025,0.9985,0.804,0.2853,0.178,-0.2811,speed_hump
0.9966,1.2531,0.1624,1.4697,0.9807,0.489,0.184,0.1069,-0.1837,speed_hump
0.9904,1.0025,0.0102,1.0259,0.9887,0.0372,0.0296,0.0119,-0.0126,normal
1.0213,1.0062,0.0092,1.0213,0.9911,0.0302,0.0096,0.0046,0.0074,braking
1.0096,1.0041,0.0135,1.0277,0.9832,0.0445,0.0445,0.0181,0.005,normal
1.0246,1.0666,0.4388,2.258,0.3782,1.8798,1.8798,0.4284,0.6464,pothole
1.0044,1.5515,0.3465,1.9917,1.0013,0.9904,0.3552,0.2197,-0.3243,speed_hump
0.9805,0.9965,0.0089,1.0075,0.9805,0.027,0.0219,0.0108,-0.0219,normal
1.0066,1.1434,0.5833,2.8408,0.534,2.3068,2.3068,0.5245,0.4726,pothole
1.0079,1.1814,0.7343,3.3354,0.4856,2.8498,2.8498,0.644,0.5223,pothole
1.0051,0.9982,0.0109,1.0152,0.9774,0.0378,0.0275,0.0157,-0.0065,normal
0.9873,1.5495,0.3527,1.9752,0.9856,0.9896,0.3524,0.2197,-0.3468,speed_hump
1.0048,1.0089,0.0163,1.0344,0.9892,0.0452,0.0452,0.0201,0.0118,normal
0.9852,0.9964,0.0114,1.0186,0.9814,0.0372,0.0296,0.0188,-0.0245,normal
1.0208,1.1778,0.7118,3.2649,0.4983,2.7666,2.7666,0.6289,0.5225,pothole
1.0035,1.6688,0.4179,2.161,1.0035,1.1575,0.4149,0.2565,-0.4149,speed_hump
0.991,1.0059,0.0112,1.0259,0.991,0.0349,0.0332,0.0159,-0.0094,normal
0.9997,1.0418,0.3856,2.0625,0.3875,1.675,1.675,0.3817,0.6122,pothole
0.999,1.2209,0.8071,3.6125,0.5825,3.03,3.03,0.6857,0.4165,pothole
1.0022,1.1635,0.7303,3.2609,0.3012,2.9597,2.9597,0.6627,0.7009,pothole
0.9623,0.9903,0.0139,1.0075,0.9623,0.0452,0.0182,0.0094,-0.0147,braking
0.9853,1.0007,0.0135,1.026,0.9853,0.0407,0.0302,0.0091,-0.0027,normal
1.0051,1.0008,0.0084,1.0104,0.9876,0.0228,0.0202,0.0095,-0.0027,normal
0.983,1.1123,0.6373,2.9002,0.2413,2.6588,2.6588,0.597,0.7417,pothole
0.9893,1.2084,0.7995,3.5737,0.5532,3.0205,3.0205,0.6872,0.4361,pothole
1.0125,1.0007,0.0145,1.0191,0.9745,0.0446,0.0412,0.0182,0.0111,normal
0.9825,1.4372,0.2731,1.7671,0.9825,0.7847,0.2756,0.1677,-0.2516,speed_hump
1.0022,1.0027,0.0105,1.0262,0.99,0.0362,0.0362,0.0135,-0.0112,normal
0.9932,0.9967,0.0127,1.0168,0.9741,0.0428,0.0314,0.0188,0.0077,normal
0.9898,1.0025,0.0155,1.0374,0.9748,0.0625,0.0334,0.0176,-0.0199,normal
0.9884,1.1871,0.8089,3.5436,0.3499,3.1937,3.1937,0.7171,0.6386,pothole
1.0111,0.9973,0.01,1.0124,0.9778,0.0345,0.0213,0.0135,0.0213,normal
1.0178,1.1714,0.6932,3.1923,0.4595,2.7327,2.7327,0.6149,0.5583,pothole
0.9995,1.1377,0.5452,2.7308,0.5939,2.1369,2.1369,0.4839,0.4056,pothole
0.993,0.9995,0.0095,1.0162,0.9887,0.0275,0.0196,0.0105,-0.0009,braking
1.0251,1.0018,0.015,1.0291,0.9835,0.0457,0.0328,0.0156,0.0128,normal
0.9976,1.0006,0.0113,1.0205,0.9867,0.0338,0.0338,0.0153,0.01,normal
1.0462,1.0074,0.0158,1.0462,0.9835,0.0628,0.0401,0.0112,0.0401,normal
1.0092,0.9984,0.0092,1.011,0.9866,0.0244,0.022,0.0096,0.022,braking
1.01,1.4021,0.2478,1.7028,1.01,0.6928,0.2407,0.1528,-0.2407,speed_hump
0.9823,0.999,0.0169,1.0423,0.9823,0.06,0.0573,0.0179,-0.0172,normal
1.0078,1.0028,0.0103,1.0233,0.9891,0.0341,0.0338,0.0126,0.005,normal
0.993,0.9962,0.0125,1.0141,0.9793,0.0348,0.0288,0.0155,-0.0211,normal
1.0137,1.0917,0.4212,2.2973,0.5827,1.7146,1.7146,0.3877,0.4311,pothole
1.0052,1.0005,0.0097,1.0114,0.9834,0.028,0.0179,0.0078,0.0129,normal
0.9993,1.0005,0.0134,1.0264,0.9779,0.0485,0.0328,0.0183,-0.0066,normal
1.02,1.002,0.0102,1.02,0.9855,0.0345,0.0294,0.0111,0.0192,normal
0.9988,0.9978,0.0099,1.0217,0.9823,0.0394,0.0394,0.013,0.0064,normal
0.9994,1.4838,0.3079,1.8406,0.9778,0.8628,0.3223,0.1893,-0.3059,speed_hump
0.9931,1.0071,0.0118,1.0244,0.9931,0.0314,0.0293,0.0157,-0.0054,normal
1.0039,1.0028,0.0064,1.0124,0.9931,0.0193,0.0173,0.0092,-0.0051,normal
0.9858,0.9922,0.0078,1.005,0.9785,0.0266,0.017,0.011,-0.0094,normal
0.9869,1.4987,0.3245,1.8818,0.9869,0.8948,0.3074,0.198,-0.3074,speed_hump
0.986,1.0008,0.0099,1.0138,0.9854,0.0284,0.0284,0.0144,-0.0197,normal
0.9812,0.9976,0.0116,1.0227,0.9812,0.0415,0.0333,0.0119,-0.0199,normal
0.9978,1.4211,0.2632,1.7245,0.9978,0.7267,0.2627,0.159,-0.2627,speed_hump
0.9922,0.9983,0.0167,1.0372,0.9699,0.0673,0.0403,0.0172,-0.0139,normal
0.9645,0.9846,0.0119,1.0085,0.9645,0.044,0.0246,0.0117,-0.0139,braking
1.0033,1.0482,0.3625,2.0364,0.4877,1.5487,1.5487,0.3502,0.5156,pothole
0.9586,0.9767,0.0105,0.998,0.9586,0.0394,0.0205,0.0093,-0.0085,braking
1.0242,1.6151,0.3751,2.0584,1.0093,1.049,0.3677,0.2315,-0.3668,speed_hump
1.0168,1.3491,0.2165,1.6251,1.0083,0.6167,0.2105,0.1361,-0.1875,speed_hump
0.9993,0.9968,0.0148,1.0195,0.9755,0.044,0.0361,0.0165,0.0198,normal
0.9998,1.0068,0.0112,1.0236,0.9873,0.0363,0.0277,0.0154,-0.0105,normal
1.0233,1.0035,0.0117,1.0233,0.9857,0.0376,0.0376,0.0122,0.0376,normal
1.0208,0.9996,0.0116,1.0208,0.9765,0.0442,0.0359,0.0148,0.0318,normal
1.0246,1.0256,0.0098,1.0384,1.0056,0.0328,0.0118,0.0083,-0.0115,braking
0.9646,0.9855,0.011,1.0099,0.9646,0.0453,0.0221,0.0085,-0.0163,braking
1.0166,1.0059,0.0118,1.0202,0.9811,0.0391,0.0366,0.0155,-0.0012,normal
1.0021,1.0112,0.0068,1.0247,1.0016,0.023,0.0178,0.009,-0.0076,braking
0.992,1.6123,0.3896,2.0653,0.992,1.0733,0.3889,0.2368,-0.3889,speed_hump
0.9922,1.2583,0.1691,1.4557,0.987,0.4687,0.167,0.1036,-0.1649,speed_hump
1.0084,1.0013,0.0081,1.0156,0.9894,0.0262,0.0213,0.0099,-0.0073,braking
0.9885,0.9902,0.006,1.0017,0.9816,0.0202,0.0202,0.0086,0.0031,braking
1.0054,1.6818,0.4232,2.2003,0.9975,1.2028,0.4384,0.2664,-0.4384,speed_hump
1.0069,1.1222,0.5338,2.672,0.5498,2.1221,2.1221,0.4769,0.4571,pothole
0.9788,0.997,0.0103,1.0127,0.9788,0.0338,0.0253,0.0101,-0.0253,normal
1.0298,1.0138,0.0121,1.0298,0.9945,0.0353,0.0282,0.0108,0.0096,braking
0.9964,1.3079,0.1982,1.5722,0.9964,0.5758,0.1937,0.127,-0.1549,speed_hump
1.0301,1.2909,0.1849,1.5408,0.9903,0.5505,0.2047,0.1179,-0.1265,speed_hump
0.9979,1.001,0.0092,1.0137,0.9838,0.03,0.018,0.0099,-0.0038,normal
0.9991,0.9993,0.0137,1.0174,0.9811,0.0363,0.0351,0.0216,-0.0184,normal
0.9501,0.9766,0.0166,0.9952,0.9486,0.0466,0.0236,0.0091,0.0015,braking
1.0135,1.2081,0.8164,3.6039,0.4375,3.1664,3.1664,0.7147,0.5761,pothole
1.0106,0.9975,0.0134,1.02,0.9779,0.0421,0.0347,0.0162,0.0077,normal
0.9943,1.3287,0.2206,1.5831,0.9788,0.6043,0.2072,0.1326,-0.1765,speed_hump
0.9865,0.9966,0.0142,1.0194,0.9736,0.0458,0.0286,0.0155,-0.0165,normal
1.0087,1.0865,0.4566,2.3749,0.4828,1.8921,1.8921,0.4322,0.5259,pothole
1.0008,1.2087,0.8907,3.7931,0.2466,3.5464,3.5464,0.7907,0.7542,pothole
0.9944,1.0032,0.0063,1.0153,0.9944,0.0209,0.0138,0.0072,-0.0071,normal
0.9926,1.052,0.465,2.2848,0.267,2.0178,2.0178,0.4576,0.7255,pothole
0.9739,0.9909,0.0122,1.0176,0.9738,0.0438,0.0146,0.0056,0.0001,braking
1.0074,1.0004,0.0093,1.0117,0.9812,0.0305,0.0263,0.0101,0.0083,normal
0.9841,1.0019,0.011,1.0185,0.9841,0.0344,0.0319,0.0114,-0.0206,normal
1.0223,1.0098,0.008,1.0223,0.9956,0.0267,0.0152,0.0068,0.0097,braking
1.0173,1.0081,0.0115,1.0193,0.9787,0.0406,0.0308,0.0109,0.0012,normal
0.9955,1.5204,0.3222,1.917,0.9955,0.9215,0.3224,0.1999,-0.3224,speed_hump
0.9868,1.0807,0.4121,2.2499,0.5525,1.6974,1.6974,0.3832,0.4343,pothole
1.0116,1.0072,0.0069,1.0158,0.9926,0.0232,0.0158,0.0049,-0.0002,braking
0.9901,1.1119,0.6352,2.8829,0.2159,2.6669,2.6669,0.5975,0.7742,pothole
0.9984,1.0038,0.0112,1.0195,0.9877,0.0319,0.0311,0.0191,-0.0098,normal
0.9926,1.1443,0.7041,3.1672,0.316,2.8512,2.8512,0.6435,0.6766,pothole
1.0003,1.0021,0.0093,1.0149,0.9844,0.0304,0.0204,0.0118,-0.0146,normal
0.9801,0.9918,0.0085,1.0029,0.9791,0.0238,0.0199,0.0098,0.001,braking
1.0002,0.9961,0.0123,1.0216,0.9778,0.0439,0.0372,0.0151,0.0017,normal
0.9975,1.0013,0.0147,1.0277,0.9751,0.0525,0.0399,0.0223,0.0224,normal
1.0107,1.0006,0.012,1.0137,0.9697,0.044,0.0354,0.0146,0.0105,normal
0.9855,1.3129,0.1987,1.5539,0.9855,0.5684,0.203,0.1202,-0.1785,speed_hump
0.9764,0.9846,0.0062,0.9936,0.9764,0.0172,0.0121,0.0069,-0.0011,braking
0.9924,0.9911,0.01,1.0073,0.9733,0.034,0.0205,0.0092,-0.004,normal
1.0081,1.5322,0.3337,1.9285,0.9887,0.9398,0.348,0.2067,-0.3243,speed_hump
1.0061,1.0582,0.4143,2.1645,0.373,1.7914,1.7914,0.406,0.633,pothole
1.0282,1.5348,0.3318,1.9398,1.0059,0.9339,0.3298,0.2051,-0.2749,speed_hump
1.0202,1.1879,0.7237,3.3117,0.5045,2.8072,2.8072,0.6319,0.5157,pothole
0.9871,1.0792,0.4858,2.4254,0.3754,2.05,2.05,0.465,0.6117,pothole
1.0022,0.9938,0.0075,1.0105,0.9844,0.026,0.0183,0.0071,0.0077,normal
1.0191,1.5585,0.3364,1.9564,1.0191,0.9373,0.3275,0.2061,-0.3275,speed_hump
1.009,1.015,0.0083,1.0341,1.005,0.0291,0.029,0.0102,0.004,braking
0.9696,0.9823,0.0079,0.9944,0.9683,0.0262,0.0143,0.0084,-0.0115,braking
0.9912,1.5792,0.3689,2.012,0.9912,1.0207,0.363,0.2261,-0.358,speed_hump
1.0235,0.9992,0.0179,1.0249,0.9696,0.0553,0.0359,0.0224,0.0103,normal
1.0042,0.9947,0.0151,1.0139,0.9658,0.0481,0.048,0.0236,0.0098,normal
0.9898,1.1886,0.7573,3.4111,0.4743,2.9367,2.9367,0.6601,0.5154,pothole
0.9743,1.5044,0.3338,1.892,0.9743,0.9177,0.3285,0.2033,-0.2998,speed_hump
1.0102,1.0049,0.0086,1.0201,0.9869,0.0332,0.0211,0.0106,0.0018,normal
1.0082,1.1596,0.7177,3.2276,0.335,2.8926,2.8926,0.65,0.6732,pothole
1.0026,1.0618,0.3899,2.1441,0.5022,1.6419,1.6419,0.376,0.5004,pothole
0.9949,0.9988,0.0078,1.0087,0.9854,0.0233,0.022,0.0067,-0.0034,normal
1.001,1.0008,0.0074,1.0135,0.991,0.0225,0.0208,0.0115,0.0088,normal
1.0236,1.0076,0.0113,1.0236,0.9862,0.0374,0.0276,0.0118,0.0154,braking
0.9932,0.9976,0.0067,1.0117,0.9892,0.0225,0.0198,0.011,-0.0117,normal
0.9903,0.9963,0.0111,1.014,0.9806,0.0334,0.0334,0.0185,-0.0009,normal
0.9884,1.5457,0.3422,1.9629,0.9884,0.9745,0.3522,0.2153,-0.3507,speed_hump
0.9862,1.2008,0.7449,3.4038,0.5853,2.8186,2.8186,0.635,0.4009,pothole
1.0345,1.016,0.0107,1.0345,0.9957,0.0389,0.0193,0.0124,0.0192,braking
1.0344,1.0144,0.0163,1.0344,0.9896,0.0448,0.0363,0.0165,0.0053,braking
1.0137,1.0029,0.0079,1.0158,0.9879,0.0279,0.0279,0.0111,0.0258,normal
0.9928,1.2208,0.8357,3.6942,0.5398,3.1544,3.1544,0.7085,0.4529,pothole
1.0027,0.9931,0.0066,1.0027,0.9849,0.0178,0.0153,0.0054,0.0032,braking
0.9787,1.0538,0.4335,2.1993,0.3155,1.8838,1.8838,0.4236,0.6632,pothole
1.0163,0.9995,0.0106,1.0163,0.9799,0.0364,0.0277,0.0131,0.0144,normal
1.0137,1.0152,0.0084,1.0326,1.0011,0.0315,0.019,0.0094,-0.019,braking
0.996,1.0344,0.4157,2.0989,0.2706,1.8283,1.8283,0.4139,0.7253,pothole
1.0022,1.3964,0.2435,1.7063,1.0022,0.704,0.2485,0.1535,-0.2485,speed_hump
1.0076,0.9999,0.0097,1.017,0.99,0.027,0.0239,0.0106,0.0142,normal
0.9995,1.0014,0.0097,1.0186,0.9814,0.0372,0.0217,0.0094,-0.0037,normal
1.0061,1.6502,0.3993,2.1435,1.0061,1.1374,0.4214,0.251,-0.3782,speed_hump
1.0051,1.0006,0.0095,1.0117,0.9813,0.0304,0.0285,0.0107,-0.0047,normal
1.0008,1.6575,0.4105,2.1341,0.9994,1.1346,0.4149,0.252,-0.4149,speed_hump
1.0121,1.5189,0.3256,1.8963,0.9883,0.908,0.3472,0.1991,-0.292,speed_hump
1.0071,1.0121,0.0123,1.0307,0.9932,0.0375,0.0375,0.0138,-0.0052,normal
0.9844,0.9979,0.0144,1.0301,0.9779,0.0522,0.0522,0.0185,-0.0142,normal
1.0322,1.1848,0.82,3.5468,0.2406,3.3062,3.3062,0.7468,0.7916,pothole
0.9891,0.9928,0.0105,1.0068,0.9783,0.0285,0.0266,0.0137,-0.014,normal
1.002,1.0058,0.0118,1.0316,0.9874,0.0442,0.0311,0.0118,-0.0032,normal
0.9908,1.13,0.6005,2.8666,0.4619,2.4047,2.4047,0.5441,0.5289,pothole
1.0072,1.5458,0.3442,1.974,0.9948,0.9792,0.3502,0.2162,-0.3134,speed_hump
0.9926,1.4811,0.3019,1.8364,0.9926,0.8438,0.3283,0.1855,-0.3283,speed_hump
1.0088,1.0049,0.0073,1.0193,0.993,0.0263,0.0223,0.0088,0.0029,normal
1.0081,1.6227,0.3898,2.0953,0.9974,1.0979,0.3951,0.2428,-0.3906,speed_hump
1.007,1.008,0.0043,1.0155,1.0017,0.0138,0.0116,0.0063,-0.0053,braking
1.0431,1.3031,0.1744,1.5121,1.0113,0.5008,0.1715,0.1078,-0.1687,speed_hump
1.0079,1.211,0.8789,3.7764,0.3209,3.4555,3.4555,0.7805,0.687,pothole
1.0157,1.0556,0.3971,2.1308,0.4275,1.7033,1.7033,0.3892,0.5881,pothole
0.9763,1.162,0.7197,3.2422,0.3572,2.8851,2.8851,0.6411,0.6192,pothole
1.0214,1.0089,0.0103,1.0221,0.9955,0.0266,0.0266,0.0163,0.0155,braking
1.0021,0.9999,0.0114,1.0223,0.9807,0.0416,0.0197,0.0129,0.0162,normal
1.0101,1.0645,0.3526,2.0598,0.5987,1.461,1.461,0.3323,0.4114,pothole
1.0075,0.997,0.0106,1.0102,0.9836,0.0266,0.0266,0.017,0.0009,normal
0.9994,0.9959,0.0055,1.0058,0.9892,0.0166,0.016,0.0079,0.0039,normal
0.9984,1.0754,0.392,2.1799,0.5525,1.6274,1.6274,0.3713,0.4459,pothole
0.9884,0.9975,0.0145,1.0194,0.9755,0.0439,0.0312,0.0168,-0.031,normal
1.0062,0.9969,0.0079,1.0075,0.9809,0.0266,0.0203,0.0086,0.0047,normal
0.9729,0.9828,0.0136,1.0014,0.9547,0.0467,0.0354,0.0146,0.0031,braking
0.9858,1.1411,0.5887,2.8564,0.5344,2.322,2.322,0.5234,0.4513,pothole
1.0201,1.0929,0.5403,2.5694,0.2644,2.305,2.305,0.5241,0.7557,pothole
1.0113,0.9978,0.0142,1.0229,0.9757,0.0472,0.0383,0.0206,0.009,normal
1.001,0.998,0.0099,1.0114,0.9827,0.0287,0.0287,0.0097,0.0165,normal
1.0014,1.24,0.1589,1.4596,1.0014,0.4582,0.144,0.101,-0.1015,speed_hump
0.9993,0.9974,0.013,1.0251,0.9832,0.0419,0.0419,0.0165,-0.0004,normal
1.008,1.1267,0.5342,2.6738,0.5395,2.1343,2.1343,0.48,0.4686,pothole
0.9846,0.9843,0.0095,1.0008,0.9681,0.0327,0.0166,0.0067,0.0166,braking
1.0394,1.0143,0.0146,1.0394,0.9944,0.045,0.0183,0.0082,0.004,braking
0.9582,0.9715,0.015,1.0021,0.9552,0.0469,0.022,0.0083,0.0005,braking
0.997,1.0011,0.0106,1.0252,0.985,0.0402,0.0282,0.0131,-0.0282,normal
1.0113,1.0085,0.0079,1.0243,0.9983,0.0261,0.0261,0.0108,-0.0008,braking
0.9923,1.52,0.3268,1.8932,0.9923,0.9009,0.3294,0.1992,-0.3207,speed_hump
0.9767,1.2778,0.1856,1.5345,0.9767,0.5578,0.1956,0.1217,-0.1956,speed_hump
1.0202,1.0068,0.0087,1.0202,0.9882,0.0319,0.0206,0.0094,0.0113,normal
1.0191,1.1535,0.7154,3.2059,0.3031,2.9028,2.9028,0.6605,0.716,pothole
1.0048,1.0845,0.4381,2.3314,0.5361,1.7953,1.7953,0.4155,0.4687,pothole
0.9959,1.5963,0.3824,2.047,0.9809,1.0661,0.3659,0.2352,-0.3657,speed_hump
1.0198,1.0079,0.0095,1.0254,0.9886,0.0369,0.0369,0.011,0.0129,braking
0.9735,0.9877,0.0082,0.9967,0.9707,0.026,0.0238,0.0093,-0.016,braking
1.0087,0.9998,0.0098,1.0154,0.982,0.0333,0.0333,0.0139,0.0166,normal
1.0044,0.9999,0.0115,1.0206,0.9786,0.0419,0.0218,0.0143,0.0141,normal
1.0121,1.0018,0.0111,1.016,0.9797,0.0363,0.0324,0.015,0.0324,normal
0.9853,1.0456,0.4284,2.1514,0.2725,1.8789,1.8789,0.4221,0.7128,pothole
0.9715,0.9814,0.012,0.9986,0.9645,0.0341,0.0264,0.0087,0.007,braking
0.9868,0.9869,0.0096,1.002,0.9694,0.0326,0.0151,0.0088,0.0109,braking
0.9662,0.9813,0.0119,0.9999,0.9662,0.0337,0.0216,0.0077,-0.0079,braking
0.9775,1.145,0.7065,3.1597,0.2675,2.8923,2.8923,0.645,0.71,pothole
1.0119,0.9989,0.0119,1.0119,0.9737,0.0382,0.0252,0.0112,0.0051,normal
0.9966,1.2751,0.1733,1.4762,0.9966,0.4796,0.1759,0.1061,-0.1611,speed_hump
0.9976,1.2322,0.8572,3.7731,0.5557,3.2173,3.2173,0.7226,0.4419,pothole
1.0031,0.9988,0.007,1.0082,0.9823,0.0259,0.0208,0.0075,0.0208,normal
1.0056,0.9972,0.0086,1.0082,0.9862,0.0219,0.0219,0.0113,-0.0024,normal
0.9893,1.1654,0.6942,3.184,0.4324,2.7516,2.7516,0.6152,0.5568,pothole
0.9852,1.6043,0.3923,2.0863,0.9795,1.1068,0.3985,0.2453,-0.3985,speed_hump
0.9822,1.6424,0.4071,2.1328,0.9822,1.1506,0.4254,0.254,-0.4254,speed_hump
1.002,1.1529,0.6716,3.1084,0.4535,2.6549,2.6549,0.595,0.5485,pothole
1.0212,1.0142,0.0183,1.0422,0.9906,0.0515,0.019,0.0088,-0.019,braking
0.9913,1.0004,0.0124,1.0281,0.9864,0.0417,0.0384,0.0187,-0.0151,normal
1.0019,1.1227,0.5266,2.6559,0.5754,2.0804,2.0804,0.4698,0.4265,pothole
1.0152,0.9993,0.0141,1.0207,0.9789,0.0419,0.0335,0.0165,0.0335,normal
1.0118,1.2294,0.8693,3.7985,0.4995,3.2989,3.2989,0.7477,0.5122,pothole
1.0028,1.0018,0.0106,1.025,0.9879,0.0371,0.0371,0.0143,0.0069,normal
0.9963,1.0014,0.0057,1.0073,0.9871,0.0201,0.0192,0.0062,-0.0083,normal
1.0055,0.9987,0.0091,1.0135,0.9791,0.0344,0.0344,0.0122,0.0041,normal
1.013,1.196,0.7275,3.3435,0.5721,2.7714,2.7714,0.6322,0.4409,pothole
0.9878,1.1358,0.6973,3.1125,0.2366,2.8759,2.8759,0.645,0.7512,pothole
0.984,0.9865,0.0096,0.9982,0.9697,0.0285,0.0219,0.0054,0.0037,braking
0.9896,0.9879,0.0054,0.9951,0.9777,0.0173,0.0173,0.007,-0.0055,braking
0.9754,0.9955,0.0123,1.0122,0.9754,0.0368,0.0309,0.0143,-0.0068,normal
1.0092,1.1251,0.656,2.982,0.2719,2.7101,2.7101,0.6137,0.7373,pothole
0.9914,1.2815,0.1744,1.4906,0.9914,0.4993,0.1683,0.1068,-0.1683,speed_hump
0.9798,0.9974,0.0124,1.0148,0.9798,0.035,0.0181,0.0075,-0.0021,braking
0.9612,1.3449,0.226,1.6203,0.9612,0.6591,0.2442,0.1426,-0.2442,speed_hump
0.9774,1.4071,0.2666,1.7202,0.9774,0.7429,0.2417,0.1617,-0.2417,speed_hump
0.9633,0.9799,0.0098,0.9927,0.9633,0.0294,0.0229,0.0086,-0.0065,braking
0.9951,0.9984,0.01,1.0158,0.9771,0.0387,0.0387,0.0144,-0.0058,normal
0.9915,1.4268,0.2712,1.7754,0.9915,0.784,0.2659,0.1709,-0.2659,speed_hump
0.9948,1.1729,0.7272,3.3028,0.4679,2.8349,2.8349,0.6417,0.5269,pothole
1.0071,1.0027,0.0143,1.0301,0.9835,0.0465,0.0355,0.0191,0.0143,normal
1.0002,1.6076,0.3882,2.0586,0.9827,1.0759,0.4057,0.2371,-0.3397,speed_hump
0.9872,1.0269,0.4163,2.0549,0.2083,1.8466,1.8466,0.415,0.7789,pothole
1.0096,1.0001,0.0099,1.0124,0.9848,0.0276,0.0233,0.0116,-0.0028,normal
0.9995,1.0027,0.0104,1.0164,0.9874,0.029,0.0252,0.0111,-0.0098,normal
1.0168,1.1034,0.5991,2.7737,0.2593,2.5145,2.5145,0.5711,0.7575,pothole
1.0041,0.9922,0.0158,1.0148,0.954,0.0609,0.0609,0.0169,0.0171,normal
1.012,1.0035,0.0073,1.0139,0.9889,0.0251,0.0251,0.0093,0.0097,normal
1.0134,1.5364,0.3353,1.9244,0.9943,0.9301,0.3487,0.2046,-0.2908,speed_hump
1.0649,1.0376,0.0156,1.0649,1.0124,0.0525,0.0196,0.0088,0.0051,braking
0.9831,0.9922,0.0084,1.0062,0.9779,0.0283,0.0149,0.0085,-0.0095,normal
1.0032,1.6203,0.3899,2.0896,0.9889,1.1006,0.3924,0.243,-0.3892,speed_hump
0.9789,1.0003,0.0135,1.0201,0.9789,0.0412,0.0309,0.0142,-0.009,normal
1.01,0.9991,0.0105,1.0218,0.9859,0.036,0.036,0.015,0.0168,normal
0.9783,1.1737,0.8057,3.5012,0.2684,3.2328,3.2328,0.7281,0.7099,pothole
1.0086,1.1767,0.7237,3.2945,0.4674,2.8271,2.8271,0.6428,0.5412,pothole
1.0363,1.0211,0.009,1.0363,1.0095,0.0268,0.0126,0.0071,0.0111,braking
1.005,1.0882,0.436,2.3199,0.5148,1.805,1.805,0.4122,0.4901,pothole
0.9625,0.9806,0.0116,0.9925,0.9625,0.03,0.028,0.0111,-0.0004,braking
0.9841,1.0002,0.0158,1.0354,0.9838,0.0516,0.0453,0.0144,0.0003,normal
0.9966,1.005,0.0127,1.0276,0.9937,0.0339,0.0319,0.0132,0.0017,normal
1.0216,1.0028,0.0145,1.0216,0.9815,0.0401,0.0376,0.0178,0.0155,normal
0.9959,0.9917,0.0113,1.009,0.9671,0.042,0.0378,0.0168,0.0089,normal
0.9994,1.0018,0.0056,1.0135,0.9953,0.0182,0.0141,0.0099,-0.0141,normal
1.0041,1.0018,0.0126,1.0232,0.9804,0.0429,0.0429,0.0187,0.017,normal
1.0163,1.0004,0.0123,1.0217,0.981,0.0407,0.036,0.015,0.0209,normal
0.9965,1.0014,0.0071,1.0192,0.9948,0.0244,0.0223,0.0073,-0.0103,normal
0.9926,0.9986,0.0067,1.0086,0.9833,0.0253,0.0176,0.0072,0.0092,braking
0.9993,0.9985,0.0101,1.0121,0.982,0.0301,0.0223,0.0112,-0.0121,normal
0.9722,0.9854,0.0087,0.9991,0.9722,0.0268,0.0152,0.0072,-0.0152,braking
1.012,1.0047,0.0075,1.0133,0.9889,0.0244,0.0241,0.0098,-0.0011,braking
0.9841,1.3897,0.2455,1.6728,0.9841,0.6887,0.2625,0.1493,-0.2625,speed_hump
0.9982,1.0012,0.0105,1.0269,0.9881,0.0388,0.0388,0.0141,-0.0076,normal
1.0023,1.0309,0.4296,2.1055,0.2046,1.9009,1.9009,0.4316,0.7977,pothole
1.0048,1.0023,0.0104,1.015,0.979,0.0361,0.022,0.0116,-0.0093,normal
0.9727,0.9746,0.0081,0.9897,0.9611,0.0286,0.0198,0.0084,0.0057,braking
1.0338,1.0158,0.0103,1.0338,0.9971,0.0367,0.0194,0.008,0.0184,braking
0.9874,0.9997,0.007,1.0111,0.9874,0.0237,0.0237,0.0065,-0.0237,normal
0.9758,1.1276,0.5807,2.815,0.5112,2.3038,2.3038,0.5191,0.4646,pothole
0.9844,1.5783,0.3652,2.0051,0.9844,1.0207,0.3836,0.2256,-0.3836,speed_hump
0.9972,1.0051,0.0118,1.0379,0.9955,0.0424,0.0424,0.011,-0.0078,normal
1.0095,1.0714,0.384,2.1511,0.554,1.5971,1.5971,0.3709,0.4555,pothole
0.9821,1.1155,0.5147,2.6148,0.5837,2.0311,2.0311,0.461,0.3984,pothole
0.9845,1.3176,0.208,1.5682,0.9845,0.5837,0.2192,0.1279,-0.2192,speed_hump
1.0011,1.1421,0.6091,2.8975,0.4434,2.4541,2.4541,0.5521,0.5577,pothole
0.9661,0.9871,0.0138,1.0137,0.9661,0.0476,0.0163,0.0072,-0.0014,braking
1.0049,1.1936,0.7091,3.2894,0.5992,2.6902,2.6902,0.6029,0.4058,pothole
1.0095,0.998,0.0126,1.0206,0.9734,0.0472,0.0268,0.0176,0.0185,normal
0.9797,1.0633,0.4404,2.2829,0.4236,1.8593,1.8593,0.42,0.556,pothole
0.9708,0.9848,0.0076,0.999,0.9708,0.0282,0.0208,0.0093,-0.0114,braking
1.0094,1.2347,0.8572,3.7788,0.5808,3.198,3.198,0.7244,0.4285,pothole
1.0075,1.0049,0.0067,1.0155,0.993,0.0225,0.0204,0.0094,0.0004,braking
1.0005,1.0018,0.0103,1.0228,0.9839,0.0388,0.0242,0.0138,-0.0126,normal
0.9797,1.2924,0.1869,1.5195,0.9797,0.5398,0.1957,0.1133,-0.1957,speed_hump
1.0257,1.0001,0.0125,1.0257,0.9851,0.0407,0.0358,0.0159,0.0358,normal
1.0362,1.0166,0.0103,1.0362,1.0023,0.0339,0.0144,0.008,0.0062,braking
0.9978,0.9956,0.0113,1.0114,0.9773,0.034,0.0228,0.012,-0.0136,braking
0.9949,1.0975,0.5053,2.5437,0.4856,2.0581,2.0581,0.4609,0.5093,pothole
0.9948,1.0019,0.0129,1.0239,0.9821,0.0419,0.0324,0.0115,-0.0032,normal
1.0043,0.9964,0.0105,1.0116,0.9701,0.0415,0.0276,0.0144,0.0134,normal
0.9929,1.0002,0.0123,1.0263,0.9819,0.0444,0.0171,0.0095,-0.0003,normal
0.9878,1.46,0.2992,1.8211,0.9644,0.8567,0.314,0.1878,-0.314,speed_hump
0.9838,0.9958,0.0101,1.0103,0.9758,0.0345,0.026,0.0112,-0.0117,normal
1.0036,1.0015,0.011,1.0218,0.9848,0.037,0.037,0.0177,0.0049,normal
1.0096,1.0,0.0148,1.026,0.9778,0.0483,0.0431,0.0162,-0.0096,normal
1.0188,1.2389,0.1453,1.4048,1.0103,0.3945,0.1596,0.0867,-0.1243,speed_hump
1.0107,0.9956,0.0144,1.0228,0.9784,0.0445,0.0297,0.0141,0.0297,normal
0.991,1.1991,0.7673,3.4635,0.5379,2.9256,2.9256,0.6587,0.4531,pothole
1.0003,1.0015,0.0093,1.018,0.9861,0.0319,0.0319,0.0113,0.003,normal
0.9983,1.3557,0.227,1.6218,0.9983,0.6235,0.2024,0.1364,-0.1973,speed_hump
1.0039,0.9971,0.01,1.0153,0.9806,0.0347,0.027,0.0156,0.0137,normal
1.0028,1.3703,0.2355,1.6632,0.9924,0.6708,0.2283,0.1479,-0.2235,speed_hump
0.9965,0.9943,0.0076,1.0041,0.9801,0.024,0.0195,0.0098,-0.0039,braking
0.972,1.0605,0.4214,2.1988,0.3886,1.8101,1.8101,0.4087,0.5833,pothole
1.0032,0.9996,0.0109,1.0155,0.9821,0.0334,0.0334,0.018,0.009,normal
1.0252,1.0037,0.0122,1.0252,0.9875,0.0376,0.0221,0.0111,0.018,braking
0.9845,1.6403,0.4072,2.11,0.9845,1.1255,0.4087,0.2485,-0.4087,speed_hump
0.995,0.9988,0.0122,1.0246,0.9838,0.0408,0.0332,0.0167,0.0112,normal
1.0214,1.0606,0.3819,2.1017,0.4711,1.6307,1.6307,0.3761,0.5503,pothole
0.9906,1.074,0.3929,2.1855,0.5618,1.6237,1.6237,0.3659,0.4288,pothole
0.9972,0.9969,0.008,1.0103,0.9878,0.0225,0.0198,0.0113,-0.0131,normal
1.0265,1.0156,0.0128,1.0331,0.9959,0.0372,0.0286,0.0121,0.0053,braking
1.0131,1.0048,0.0117,1.0226,0.9881,0.0345,0.0253,0.0108,0.0125,normal
1.0287,1.0054,0.0115,1.0287,0.9856,0.0431,0.0264,0.0125,0.0264,normal
1.0254,1.0151,0.0106,1.0273,0.9994,0.0279,0.0187,0.0067,-0.0019,braking
0.9978,0.9991,0.0095,1.0167,0.9843,0.0324,0.0159,0.0078,0.0051,normal
1.0016,0.9945,0.0131,1.0234,0.9785,0.045,0.0319,0.0108,-0.0032,normal
0.9837,1.0756,0.5237,2.5023,0.2645,2.2378,2.2378,0.51,0.7192,pothole
0.9958,1.0669,0.5109,2.4409,0.2401,2.2008,2.2008,0.4987,0.7558,pothole
0.9913,0.9974,0.0131,1.0217,0.9798,0.0419,0.0419,0.0165,-0.0148,normal
1.016,0.9982,0.0132,1.0205,0.9819,0.0386,0.0321,0.0157,0.0321,normal
0.9746,1.6734,0.432,2.1966,0.9746,1.222,0.4424,0.269,-0.4424,speed_hump
0.997,1.0002,0.01,1.0195,0.9886,0.0309,0.0243,0.012,-0.0069,normal
0.9966,1.0063,0.0148,1.029,0.9734,0.0556,0.0556,0.0224,-0.0214,normal
1.0152,1.3864,0.2449,1.6885,0.9961,0.6924,0.2316,0.1517,-0.2228,speed_hump
0.9956,1.0007,0.007,1.0141,0.9919,0.0221,0.0144,0.0076,-0.011,normal
0.9986,1.0052,0.0151,1.0359,0.9788,0.0571,0.0571,0.0171,0.0077,normal
0.99,1.4549,0.2935,1.8295,0.99,0.8395,0.2904,0.1856,-0.2904,speed_hump
0.9995,1.0742,0.4978,2.433,0.3096,2.1234,2.1234,0.4934,0.6899,pothole
0.9901,1.1434,0.6115,2.9314,0.5373,2.3941,2.3941,0.5419,0.4527,pothole
0.982,0.9998,0.0115,1.0143,0.9818,0.0326,0.0326,0.012,-0.0032,normal
1.0227,1.1808,0.6832,3.1907,0.5595,2.6311,2.6311,0.5936,0.4632,pothole
0.9957,0.9938,0.0125,1.013,0.9674,0.0455,0.044,0.0172,-0.0007,normal
0.9799,1.0827,0.5156,2.5085,0.3294,2.1791,2.1791,0.4925,0.6505,pothole
1.0106,1.1705,0.657,3.1071,0.5916,2.5154,2.5154,0.5688,0.4189,pothole
1.0135,1.1512,0.733,3.243,0.2456,2.9974,2.9974,0.6788,0.7679,pothole
0.998,1.1838,0.7725,3.4446,0.4262,3.0184,3.0184,0.6837,0.5717,pothole
0.9732,0.9984,0.0139,1.0177,0.9732,0.0445,0.0176,0.0098,-0.0131,braking
0.9906,1.1348,0.6291,2.9482,0.4149,2.5334,2.5334,0.5791,0.5757,pothole
1.0073,1.0048,0.0125,1.0251,0.9819,0.0433,0.0433,0.017,-0.0108,normal
1.0106,1.2734,0.1592,1.4646,1.0106,0.454,0.1635,0.0993,-0.1635,speed_hump
1.0197,1.2568,0.1597,1.4658,1.0172,0.4486,0.1543,0.0994,-0.1237,speed_hump
0.979,1.3809,0.2499,1.6721,0.971,0.7011,0.2618,0.1549,-0.2618,speed_hump
1.0137,1.0022,0.0063,1.0137,0.9898,0.0239,0.0119,0.0073,0.0086,braking
0.9969,1.1591,0.6928,3.1823,0.4615,2.7208,2.7208,0.6095,0.5354,pothole
1.0,1.1263,0.6694,3.0128,0.2333,2.7795,2.7795,0.627,0.7666,pothole
0.9881,0.9949,0.0063,1.0056,0.9859,0.0197,0.0141,0.0058,-0.0141,normal
0.9738,1.4361,0.2755,1.7773,0.9738,0.8035,0.2772,0.1727,-0.2764,speed_hump
1.0286,1.4483,0.2813,1.79,0.9896,0.8004,0.286,0.1735,-0.2263,speed_hump
1.0213,1.008,0.0151,1.0244,0.9853,0.0391,0.0225,0.0066,0.0063,braking
0.982,1.0532,0.3588,2.033,0.5023,1.5308,1.5308,0.3441,0.4798,pothole
0.9884,1.1189,0.6625,2.987,0.2372,2.7498,2.7498,0.618,0.7513,pothole
0.989,1.3301,0.2121,1.5908,0.989,0.6018,0.2087,0.1322,-0.2061,speed_hump
0.9716,0.9865,0.0124,1.0076,0.9716,0.036,0.012,0.0047,-0.0003,braking
0.9794,0.9827,0.0103,0.995,0.9641,0.0309,0.0252,0.0111,0.0123,braking
1.0199,1.0018,0.0118,1.0216,0.9869,0.0347,0.0322,0.0155,0.0287,normal
1.045,1.024,0.0106,1.045,1.0066,0.0384,0.0168,0.0103,0.0146,braking
1.0081,1.1782,0.8141,3.5277,0.2557,3.272,3.272,0.7416,0.7524,pothole
0.9639,1.6591,0.4269,2.1903,0.9639,1.2264,0.4163,0.2689,-0.4163,speed_hump
0.9856,0.9978,0.0071,1.0061,0.9856,0.0204,0.0142,0.0061,-0.0082,normal
0.973,0.9794,0.0114,0.9943,0.9584,0.0359,0.0146,0.0075,0.0146,braking
1.0155,1.0049,0.0104,1.0162,0.9847,0.0315,0.0221,0.0133,-0.0007,normal
0.995,1.5748,0.3674,2.0331,0.9924,1.0407,0.3525,0.231,-0.3475,speed_hump
0.981,0.9891,0.0087,1.0045,0.9768,0.0276,0.0229,0.0084,0.0042,braking
0.9976,1.0031,0.0086,1.0185,0.9903,0.0282,0.0211,0.0101,0.0005,normal
1.0176,1.4767,0.2957,1.8135,1.0137,0.7998,0.2729,0.1773,-0.261,speed_hump
0.9723,0.9759,0.0134,0.9977,0.9537,0.0441,0.0316,0.013,0.015,braking
0.997,1.0054,0.0104,1.0192,0.9906,0.0286,0.0217,0.0108,-0.0121,normal
0.9848,1.646,0.4138,2.1181,0.9848,1.1333,0.4138,0.2502,-0.3813,speed_hump
1.0133,1.2618,0.1681,1.4785,0.9822,0.4963,0.172,0.1068,-0.1464,speed_hump
1.021,0.9993,0.0096,1.021,0.9832,0.0378,0.0378,0.0089,0.0378,normal
0.991,1.226,0.8307,3.6837,0.545,3.1387,3.1387,0.7052,0.446,pothole
1.0046,1.0061,0.0101,1.0222,0.9861,0.0361,0.0241,0.0098,0.0034,normal
1.0421,1.4143,0.2531,1.7257,1.0092,0.7165,0.2634,0.1556,-0.1794,speed_hump
0.9962,1.0022,0.0094,1.0174,0.9875,0.0299,0.0212,0.0096,-0.0212,normal
1.0165,1.4908,0.3161,1.864,0.968,0.896,0.3278,0.1937,-0.2676,speed_hump
1.0012,0.9995,0.0171,1.032,0.9789,0.0531,0.0316,0.0187,-0.0308,normal
0.9902,1.0072,0.0079,1.0166,0.9902,0.0264,0.0243,0.0082,-0.0243,normal
0.9917,0.9942,0.0132,1.0115,0.9659,0.0455,0.0273,0.0134,-0.008,normal
1.0023,1.0006,0.0093,1.0146,0.9867,0.0279,0.0233,0.0139,-0.0118,normal
1.0131,1.5734,0.36,1.9933,1.009,0.9842,0.3341,0.2183,-0.3273,speed_hump
1.0035,1.0563,0.3584,2.039,0.514,1.525,1.525,0.3462,0.4895,pothole
0.9561,0.9768,0.0112,0.9918,0.9561,0.0357,0.0154,0.0061,-0.0154,braking
1.0198,1.0045,0.0104,1.0198,0.9911,0.0287,0.0102,0.0038,0.0048,braking
0.9978,1.4421,0.2802,1.7728,0.9978,0.775,0.2784,0.171,-0.2784,speed_hump
0.9963,1.0006,0.0133,1.0246,0.9765,0.0481,0.0329,0.0166,0.0197,normal
1.0119,1.0708,0.5226,2.4731,0.2181,2.255,2.255,0.5058,0.7938,pothole
1.0129,1.3837,0.2359,1.6682,1.0086,0.6596,0.2489,0.1461,-0.2144,speed_hump
1.0029,1.429,0.2749,1.7379,0.9883,0.7495,0.2725,0.1649,-0.2651,speed_hump
0.9904,1.3825,0.2534,1.6676,0.9784,0.6892,0.2498,0.1518,-0.2202,speed_hump
0.9959,1.6691,0.4293,2.1648,0.9959,1.1689,0.4204,0.2596,-0.4204,speed_hump
0.9935,0.9925,0.0075,1.0034,0.974,0.0293,0.0195,0.008,0.0195,braking
1.0075,0.9973,0.0111,1.0253,0.9858,0.0395,0.0392,0.0129,0.0125,normal
0.9942,0.9995,0.0112,1.0164,0.9864,0.03,0.0295,0.0152,-0.007,normal
1.0228,1.0119,0.0128,1.0265,0.9862,0.0403,0.0278,0.0155,0.0026,braking
1.0069,1.2813,0.1878,1.5078,0.9763,0.5315,0.2008,0.1147,-0.1408,speed_hump
0.9895,0.9902,0.014,1.009,0.9568,0.0522,0.0406,0.0178,-0.0021,normal
0.9961,1.0022,0.0085,1.015,0.9883,0.0267,0.0188,0.0099,-0.0107,normal
0.9922,0.9944,0.0086,1.0063,0.9797,0.0265,0.0163,0.0091,-0.0141,normal
1.0155,1.0044,0.0081,1.0202,0.9919,0.0283,0.0232,0.0101,0.0078,braking
1.023,1.2741,0.1743,1.4962,1.0057,0.4904,0.2209,0.1071,-0.0921,speed_hump
1.0101,1.3121,0.1994,1.5621,1.0071,0.555,0.2072,0.123,-0.1885,speed_hump
1.0061,1.1505,0.7086,3.1905,0.3299,2.8606,2.8606,0.6414,0.6761,pothole
0.9721,1.5622,0.3603,1.986,0.9721,1.0139,0.3734,0.2215,-0.3734,speed_hump
1.0243,1.0004,0.0122,1.0243,0.9763,0.0481,0.0481,0.0114,0.0481,normal
0.9661,0.9861,0.0127,0.9999,0.966,0.034,0.018,0.0071,0.0002,braking
0.9907,1.0037,0.0103,1.0183,0.984,0.0343,0.031,0.01,-0.0051,normal
1.0157,1.001,0.0114,1.0157,0.9739,0.0418,0.0326,0.0133,0.0107,normal
0.9925,1.1258,0.606,2.8719,0.4295,2.4423,2.4423,0.5512,0.563,pothole
1.001,1.0007,0.0075,1.0138,0.9878,0.026,0.026,0.0097,0.011,normal
1.008,0.9922,0.0113,1.008,0.9697,0.0382,0.032,0.013,0.0103,normal
0.9872,1.5504,0.3471,1.9709,0.9872,0.9837,0.3865,0.2178,-0.3865,speed_hump
1.0267,1.116,0.6262,2.8783,0.2746,2.6037,2.6037,0.5909,0.7521,pothole
0.9975,0.9975,0.011,1.0067,0.9696,0.0371,0.0371,0.0138,-0.0071,normal
1.0109,1.4753,0.2903,1.8368,1.0109,0.826,0.2971,0.1819,-0.2971,speed_hump
0.9577,0.9878,0.0132,1.0093,0.9577,0.0516,0.0303,0.0127,-0.0303,braking
1.0055,1.0018,0.0052,1.0089,0.9924,0.0165,0.0148,0.0073,0.007,normal
0.9977,0.9975,0.0093,1.0156,0.9833,0.0323,0.0288,0.0137,0.0063,normal
1.0306,1.0781,0.5406,2.5439,0.2269,2.3171,2.3171,0.5314,0.8037,pothole
1.0029,1.0046,0.0061,1.0172,0.994,0.0231,0.0164,0.0074,0.0053,braking
1.0138,0.995,0.01,1.0138,0.9791,0.0348,0.0316,0.0132,0.0316,normal
1.0057,1.008,0.0067,1.0234,0.9974,0.026,0.0177,0.0081,-0.0177,braking
0.9939,1.5787,0.361,2.012,0.9939,1.0181,0.3517,0.2241,-0.3517,speed_hump
0.9838,0.9995,0.0136,1.0266,0.9814,0.0452,0.0452,0.021,-0.0427,normal
0.9922,0.9983,0.0109,1.0123,0.9775,0.0348,0.0264,0.016,-0.0201,normal
0.9978,0.999,0.0104,1.0151,0.9757,0.0394,0.0394,0.0119,-0.0136,braking
1.0053,1.1002,0.4617,2.4382,0.5963,1.8419,1.8419,0.4199,0.4091,pothole
0.9919,0.9968,0.0071,1.007,0.9856,0.0215,0.016,0.0079,-0.005,braking
0.9977,0.9972,0.0068,1.0116,0.9848,0.0268,0.0213,0.0065,-0.0036,braking
0.9913,1.0006,0.0091,1.0165,0.9884,0.0281,0.0258,0.0089,-0.0037,normal
1.0135,0.9983,0.0111,1.0177,0.9781,0.0397,0.0247,0.0098,-0.0042,braking
1.0134,1.0045,0.0178,1.0369,0.9724,0.0646,0.0346,0.0182,-0.0235,normal
1.002,1.3266,0.2059,1.5492,0.9794,0.5698,0.2166,0.1241,-0.2166,speed_hump
0.9887,1.1038,0.493,2.5225,0.5312,1.9913,1.9913,0.4501,0.4575,pothole
1.0095,1.0061,0.0076,1.0178,0.9949,0.0228,0.0165,0.0048,-0.0012,braking
1.0082,1.1629,0.6725,3.1219,0.4665,2.6553,2.6553,0.5951,0.5417,pothole
1.0019,0.9943,0.0108,1.0147,0.9752,0.0394,0.0394,0.0144,0.0067,normal
1.0047,0.9971,0.006,1.0047,0.9835,0.0212,0.0165,0.0073,0.0102,normal
1.0158,1.0013,0.0165,1.0193,0.9676,0.0518,0.0406,0.0169,-0.0036,normal
1.0119,1.3869,0.2464,1.6807,0.9762,0.7045,0.2794,0.1526,-0.2063,speed_hump
1.0117,1.0042,0.0138,1.0302,0.9803,0.0499,0.0188,0.01,-0.0185,braking
1.0017,0.9973,0.0129,1.0146,0.9764,0.0382,0.038,0.0165,0.0251,normal
0.9886,1.2114,0.8355,3.6794,0.5023,3.1771,3.1771,0.7076,0.4863,pothole
0.9946,0.9932,0.0069,1.0056,0.9835,0.0221,0.0134,0.0064,-0.0051,braking
1.0023,1.003,0.0064,1.0189,0.9946,0.0243,0.0201,0.0079,0.0077,normal
0.9804,0.9945,0.0135,1.012,0.9641,0.0479,0.0369,0.0186,-0.0173,normal
1.0138,1.0027,0.0148,1.0383,0.9812,0.0571,0.0405,0.0187,0.0189,normal
0.9933,0.9905,0.0059,0.9995,0.9823,0.0172,0.0151,0.0065,0.0072,braking
0.9931,1.0017,0.0091,1.0236,0.9916,0.032,0.0232,0.0084,-0.0005,normal
1.0077,1.0027,0.0073,1.0182,0.9936,0.0246,0.0208,0.0089,0.0141,normal
1.0243,1.0157,0.0097,1.0292,0.9971,0.0321,0.0106,0.0048,0.0014,braking
0.9914,0.9966,0.01,1.014,0.9798,0.0342,0.0117,0.0055,0.0048,braking
1.0112,1.1646,0.7594,3.3487,0.2785,3.0702,3.0702,0.6968,0.7328,pothole
0.9874,1.0011,0.0088,1.0174,0.9868,0.0306,0.0194,0.0088,-0.0194,normal
0.9947,1.0036,0.0107,1.02,0.9919,0.0281,0.0281,0.018,-0.0236,normal
0.9644,0.9935,0.0142,1.018,0.9644,0.0536,0.0221,0.0124,-0.0193,braking
0.9659,1.6663,0.4354,2.1853,0.9659,1.2194,0.4552,0.2689,-0.4552,speed_hump
1.0154,1.0094,0.0116,1.0251,0.9926,0.0325,0.0278,0.0139,-0.0097,braking
0.9999,1.4434,0.2822,1.7808,0.9845,0.7963,0.2945,0.1752,-0.2679,speed_hump
1.0065,1.2039,0.8034,3.5643,0.4573,3.107,3.107,0.6972,0.5491,pothole
0.9848,1.288,0.1814,1.5007,0.9848,0.5159,0.205,0.112,-0.205,speed_hump
0.9757,0.9838,0.0067,0.9907,0.9714,0.0193,0.0149,0.0059,0.0042,braking
0.9724,0.9863,0.013,1.0027,0.9617,0.0411,0.0141,0.0089,0.0107,braking
0.9771,0.9959,0.0101,1.0103,0.9771,0.0332,0.0255,0.0098,-0.0078,normal
1.0089,1.0135,0.0069,1.0193,0.9956,0.0237,0.0236,0.0061,-0.0,braking
1.0351,1.0117,0.0146,1.0351,0.9892,0.0459,0.0223,0.0079,0.0068,braking
0.9936,1.0025,0.0111,1.0295,0.9865,0.0429,0.0371,0.0135,0.0013,normal
1.0342,1.0096,0.0103,1.0342,0.9941,0.0401,0.0244,0.0073,0.0244,braking
1.0088,1.0,0.008,1.0088,0.9858,0.0229,0.0188,0.0112,0.0125,braking
0.9777,1.0011,0.0156,1.0344,0.9777,0.0567,0.0544,0.0225,-0.025,normal
1.0085,1.1072,0.5195,2.5891,0.4633,2.1258,2.1258,0.4769,0.5452,pothole
0.9787,0.9983,0.0102,1.0116,0.9787,0.0329,0.0254,0.0111,-0.012,normal
1.0269,1.0154,0.0075,1.0269,0.9994,0.0275,0.0141,0.0073,0.0101,braking
1.0048,1.0029,0.011,1.0237,0.9771,0.0466,0.0286,0.0105,-0.0021,normal
0.9942,0.9951,0.0119,1.016,0.9768,0.0392,0.027,0.0147,0.0103,normal
1.0159,1.0025,0.0107,1.0172,0.9843,0.0329,0.0287,0.0107,0.0085,normal
0.9689,0.9844,0.0154,1.0122,0.9624,0.0499,0.0215,0.0126,-0.0127,braking
1.0094,1.1296,0.6426,2.9493,0.2963,2.653,2.653,0.6049,0.7131,pothole
1.0161,1.2377,0.1521,1.4214,0.9931,0.4283,0.1662,0.0926,-0.1395,speed_hump
1.0027,1.0018,0.0105,1.0252,0.9901,0.0351,0.0323,0.0166,0.0107,normal
0.9832,1.1281,0.6029,2.8664,0.4387,2.4277,2.4277,0.5427,0.5445,pothole
0.9911,1.0037,0.0083,1.0143,0.9894,0.0248,0.0132,0.0071,-0.007,normal
0.99,1.0039,0.0099,1.0238,0.99,0.0338,0.0237,0.0117,-0.0122,normal
1.0003,1.0052,0.011,1.0176,0.978,0.0396,0.0247,0.012,0.0223,braking
1.0169,1.1551,0.7287,3.2546,0.3178,2.9368,2.9368,0.6678,0.6991,pothole
0.9934,0.9989,0.0075,1.0126,0.9871,0.0255,0.0181,0.0105,-0.0051,normal
1.0051,1.2872,0.1762,1.4994,1.0045,0.4949,0.183,0.1099,-0.183,speed_hump
0.99,0.9949,0.0096,1.0137,0.981,0.0327,0.0327,0.0129,-0.0237,normal
1.0031,1.0008,0.0093,1.0174,0.9841,0.0333,0.0217,0.009,0.0081,normal
0.9844,1.1541,0.7819,3.3935,0.2122,3.1813,3.1813,0.7185,0.7722,pothole
0.9856,0.9954,0.008,1.0115,0.9856,0.0258,0.0233,0.0113,-0.0077,normal
1.0291,1.0147,0.0109,1.0338,0.9982,0.0355,0.0246,0.0117,0.0246,braking
0.9789,1.0067,0.0138,1.0247,0.9789,0.0458,0.0338,0.0157,-0.0338,normal
0.9868,1.0022,0.0097,1.0215,0.9868,0.0347,0.0254,0.0091,-0.0065,normal
1.0364,1.0148,0.0165,1.042,0.9914,0.0507,0.0171,0.0083,-0.0056,braking
0.9726,1.1478,0.7507,3.285,0.2052,3.0798,3.0798,0.6877,0.7674,pothole
1.0076,1.1565,0.7094,3.2016,0.3446,2.857,2.857,0.6501,0.663,pothole
0.9744,1.5645,0.3596,1.9922,0.9744,1.0178,0.3722,0.2229,-0.3722,speed_hump
1.0035,1.4253,0.2724,1.7626,0.9778,0.7848,0.2963,0.1715,-0.2591,speed_hump
0.9995,0.9994,0.0081,1.0158,0.9837,0.0321,0.0321,0.0088,-0.0022,normal
1.0517,1.0253,0.011,1.0517,1.009,0.0427,0.0257,0.0093,0.0257,braking
0.9952,1.201,0.7412,3.39,0.5706,2.8194,2.8194,0.629,0.4246,pothole
1.0096,1.0042,0.0123,1.0192,0.9782,0.041,0.0273,0.0141,0.0178,normal
1.0191,0.9983,0.0122,1.0191,0.9789,0.0401,0.0294,0.0143,0.0294,normal
1.0221,1.0598,0.4023,2.1559,0.437,1.7189,1.7189,0.3912,0.5851,pothole
1.0167,1.0741,0.5483,2.5675,0.2242,2.3433,2.3433,0.5333,0.7925,pothole
0.9892,0.9937,0.016,1.0201,0.9652,0.0549,0.0549,0.0248,-0.0309,normal
0.9836,1.2929,0.1898,1.5076,0.9836,0.524,0.1924,0.1144,-0.1924,speed_hump
0.9954,1.003,0.0124,1.0201,0.9771,0.0431,0.0431,0.022,-0.0183,normal
0.9949,1.0979,0.5799,2.7095,0.268,2.4415,2.4415,0.5473,0.7268,pothole
1.0093,1.3023,0.1913,1.5419,0.9848,0.557,0.2175,0.1211,-0.1788,speed_hump
0.9903,0.9983,0.0116,1.0167,0.9798,0.0369,0.0235,0.0098,0.0105,normal
0.9709,1.6212,0.401,2.1054,0.9709,1.1345,0.3941,0.2479,-0.3941,speed_hump
0.9952,0.9949,0.0107,1.0054,0.9683,0.0371,0.0268,0.009,0.0268,braking
0.9923,1.0563,0.4501,2.2659,0.326,1.9399,1.9399,0.4395,0.6663,pothole
0.991,1.0039,0.0111,1.0228,0.9883,0.0345,0.0257,0.0141,-0.0061,normal
0.9991,1.0997,0.5736,2.7197,0.3443,2.3754,2.3754,0.5412,0.6548,pothole
0.9857,0.9958,0.0099,1.012,0.9826,0.0294,0.0186,0.0075,0.0031,braking
1.023,1.4939,0.3046,1.8624,1.023,0.8394,0.3101,0.1863,-0.2472,speed_hump
0.981,0.9949,0.0095,1.0114,0.9808,0.0307,0.0307,0.0128,-0.0079,braking
1.0015,0.9989,0.0127,1.0184,0.9748,0.0436,0.0327,0.0196,0.0086,normal
1.0073,0.9972,0.0099,1.0129,0.9806,0.0323,0.0225,0.0113,0.0046,normal
1.0018,1.0021,0.0135,1.0244,0.9798,0.0447,0.0302,0.0168,-0.0227,normal
1.0139,1.0094,0.006,1.02,1.0004,0.0196,0.0145,0.0078,-0.0061,braking
1.0195,1.5458,0.3439,1.9575,1.0014,0.9561,0.3343,0.2105,-0.2871,speed_hump
0.9952,1.0023,0.0108,1.0204,0.9871,0.0333,0.0276,0.0158,-0.0252,normal
1.0099,0.9988,0.0112,1.0212,0.9794,0.0417,0.0305,0.0127,0.0305,normal
0.9994,0.9951,0.0114,1.0207,0.9735,0.0472,0.0299,0.0123,-0.0023,normal
1.0075,1.0013,0.0108,1.0211,0.9864,0.0346,0.0245,0.009,0.021,normal
1.0056,1.0119,0.0072,1.024,1.0006,0.0234,0.0162,0.0108,-0.0145,braking
1.0111,1.6208,0.3979,2.0865,0.9792,1.1073,0.3954,0.2425,-0.3269,speed_hump
1.0145,1.0089,0.0151,1.0353,0.9791,0.0562,0.0266,0.0147,0.0143,normal
1.0089,1.0148,0.0065,1.0282,1.0064,0.0218,0.0177,0.0091,-0.0071,braking
0.9941,1.0026,0.0128,1.0324,0.9892,0.0432,0.0432,0.0173,0.004,normal
0.9913,1.1668,0.809,3.4894,0.2099,3.2795,3.2795,0.7365,0.7814,pothole
1.005,1.4481,0.287,1.8045,0.9974,0.8071,0.2762,0.1785,-0.2525,speed_hump
1.0036,1.1522,0.6857,3.1259,0.3569,2.769,2.769,0.6231,0.6467,pothole
0.9765,1.2137,0.7988,3.5808,0.5822,2.9986,2.9986,0.6771,0.3943,pothole
1.0077,1.4653,0.2886,1.8183,1.0077,0.8106,0.2756,0.1777,-0.2756,speed_hump
1.0058,0.9958,0.006,1.0058,0.9814,0.0243,0.0165,0.006,0.0065,normal
0.9681,0.9912,0.0112,1.007,0.9681,0.039,0.0107,0.0057,-0.0096,braking
1.0015,0.9949,0.01,1.012,0.9819,0.03,0.0261,0.0134,0.0099,normal
1.017,1.1702,0.7331,3.2911,0.3581,2.933,2.933,0.6693,0.6589,pothole
1.0076,1.0022,0.0072,1.0108,0.9917,0.0191,0.0191,0.0083,-0.0022,normal
1.0106,1.3147,0.1974,1.5431,0.9862,0.5568,0.2018,0.1217,-0.1846,speed_hump
1.008,1.5391,0.3523,1.9612,0.982,0.9793,0.33,0.2147,-0.2811,speed_hump
0.9619,0.9776,0.0109,0.9944,0.9619,0.0325,0.0242,0.007,-0.0072,braking
0.9993,1.0011,0.0051,1.0132,0.9935,0.0198,0.0137,0.0068,0.0037,normal
1.0244,1.1177,0.5976,2.8027,0.3234,2.4793,2.4793,0.5688,0.701,pothole
0.9959,1.1285,0.6398,2.9672,0.3777,2.5895,2.5895,0.5779,0.6183,pothole
1.0028,0.9938,0.0107,1.0097,0.9707,0.039,0.0323,0.0141,-0.0069,normal
1.0047,1.0013,0.0143,1.0327,0.9807,0.0519,0.0414,0.0146,0.024,normal
0.9877,1.0026,0.0106,1.0185,0.9877,0.0308,0.0233,0.0134,-0.0061,normal
0.9974,1.5595,0.3578,1.9713,0.9878,0.9835,0.3439,0.2175,-0.3321,speed_hump
0.9818,0.9973,0.0091,1.0086,0.9818,0.0267,0.0186,0.0095,-0.008,normal
0.9995,1.0553,0.462,2.2805,0.2757,2.0049,2.0049,0.452,0.7238,pothole
1.0137,1.0546,0.3849,2.0834,0.4199,1.6636,1.6636,0.3814,0.5939,pothole
1.0124,1.0119,0.009,1.0306,0.9955,0.0351,0.0145,0.0077,-0.0004,braking
0.996,0.9978,0.0157,1.0317,0.9735,0.0581,0.0431,0.0205,0.0081,normal
0.9742,0.9939,0.0125,1.0115,0.9742,0.0373,0.0281,0.0123,-0.0126,normal
1.0153,0.9946,0.013,1.0153,0.9735,0.0418,0.0372,0.0144,0.0045,normal
1.0425,1.01,0.0129,1.0425,0.9964,0.0461,0.0383,0.0102,0.0383,braking
1.0076,1.0936,0.4356,2.3416,0.5706,1.771,1.771,0.4009,0.437,pothole
1.0058,0.9985,0.0109,1.014,0.9739,0.0401,0.0325,0.0129,0.0125,normal
1.0004,1.0004,0.0082,1.0126,0.9847,0.028,0.0256,0.0088,0.0,normal
0.982,0.9951,0.0197,1.0334,0.9751,0.0583,0.0458,0.0238,0.0058,normal
0.9875,1.2197,0.8465,3.7217,0.5108,3.211,3.211,0.7244,0.4767,pothole
1.0167,1.3279,0.2014,1.5577,1.0091,0.5486,0.1841,0.1211,-0.1841,speed_hump
1.0388,1.0244,0.0125,1.0428,1.0035,0.0393,0.0156,0.0083,-0.004,braking
0.9804,1.0461,0.4176,2.1698,0.3713,1.7985,1.7985,0.4044,0.6091,pothole
0.9908,1.2374,0.1594,1.4267,0.9698,0.4569,0.1962,0.0992,-0.136,speed_hump
0.9999,1.0019,0.0076,1.0162,0.9858,0.0303,0.02,0.0096,-0.0094,normal
0.991,1.0884,0.5731,2.6704,0.2444,2.4259,2.4259,0.5522,0.7466,pothole
0.9662,0.9772,0.0093,0.9924,0.965,0.0274,0.0168,0.0098,-0.007,braking
1.0018,1.3388,0.2274,1.622,0.9725,0.6495,0.2168,0.1419,-0.1818,speed_hump
0.9884,1.1718,0.7298,3.3048,0.4448,2.86,2.86,0.6491,0.5436,pothole
0.979,1.6551,0.4185,2.1816,0.979,1.2026,0.4003,0.2628,-0.4003,speed_hump
1.0002,0.998,0.0134,1.0273,0.9808,0.0465,0.0465,0.0184,-0.0153,normal
1.0065,1.2885,0.1879,1.538,0.9657,0.5723,0.2199,0.1227,-0.1828,speed_hump
0.9953,1.4766,0.3012,1.8301,0.988,0.8421,0.3106,0.1863,-0.2931,speed_hump
0.995,0.9969,0.0106,1.0171,0.9808,0.0363,0.0222,0.0123,-0.0222,normal
1.0075,1.6202,0.3886,2.0812,1.0072,1.0739,0.3739,0.2386,-0.3681,speed_hump
1.0042,1.3281,0.2123,1.5956,0.9783,0.6173,0.2207,0.1343,-0.1931,speed_hump
0.9985,1.0016,0.0144,1.0217,0.9759,0.0458,0.0376,0.0127,-0.0022,normal
0.9862,1.3236,0.2086,1.5633,0.9862,0.5772,0.2101,0.1262,-0.1793,speed_hump
1.0253,1.0091,0.0106,1.0253,0.9924,0.0328,0.0178,0.0091,0.0101,braking
0.9942,0.9951,0.0099,1.0177,0.9827,0.035,0.026,0.0129,0.0115,normal
0.9722,0.9967,0.0161,1.0204,0.9722,0.0482,0.0401,0.0141,-0.0134,normal
1.0174,1.4937,0.3125,1.8976,0.9878,0.9098,0.3001,0.1989,-0.3001,speed_hump
0.9859,0.9898,0.0084,1.0009,0.9751,0.0258,0.0258,0.0108,-0.0093,braking
0.9782,1.1475,0.6321,3.0032,0.5554,2.4478,2.4478,0.5561,0.4227,pothole
0.9864,1.0079,0.0131,1.0358,0.9864,0.0494,0.0382,0.0169,-0.0382,normal
1.0172,1.005,0.0086,1.0172,0.9894,0.0278,0.0228,0.0071,0.003,normal
1.0001,1.1811,0.788,3.467,0.3293,3.1377,3.1377,0.7058,0.6708,pothole
1.0105,0.9985,0.0104,1.0191,0.9842,0.0349,0.0336,0.0125,-0.0086,normal
1.0102,1.0078,0.0113,1.0238,0.9894,0.0344,0.0344,0.0149,-0.0084,normal
0.9979,1.0035,0.0117,1.0188,0.9835,0.0353,0.0337,0.0176,-0.0159,normal
1.0097,1.0029,0.0072,1.0123,0.9911,0.0211,0.0211,0.0101,0.004,braking
1.0046,0.9931,0.0049,1.0046,0.9853,0.0193,0.0098,0.0048,0.0098,braking
0.989,1.0406,0.4499,2.1889,0.2089,1.98,1.98,0.4501,0.7801,pothole
1.0107,1.0082,0.0135,1.0373,0.988,0.0493,0.03,0.014,0.0042,normal
1.0628,1.6527,0.4024,2.138,0.9778,1.1602,0.3935,0.2484,-0.3582,speed_hump
1.0082,0.9978,0.0093,1.016,0.985,0.031,0.0293,0.0122,0.0182,normal
0.9941,1.0077,0.011,1.0262,0.9941,0.0321,0.0185,0.0094,-0.0003,braking
1.023,1.5429,0.3397,1.9429,0.9799,0.9631,0.377,0.2092,-0.2956,speed_hump
0.9926,0.9971,0.0084,1.0081,0.9846,0.0236,0.0236,0.014,-0.0145,normal
1.0232,1.0235,0.008,1.0341,1.0076,0.0265,0.0129,0.0068,-0.0109,braking
1.0226,1.0056,0.0142,1.0243,0.9808,0.0435,0.0214,0.0097,0.0076,braking
0.9985,0.9928,0.0078,1.0065,0.9772,0.0292,0.0213,0.0107,0.0213,braking
1.002,1.0041,0.009,1.0164,0.9875,0.0288,0.0223,0.01,-0.0027,normal
1.0129,1.0068,0.0096,1.0261,0.9937,0.0324,0.0276,0.0069,0.003,braking
1.0219,1.1296,0.6786,3.0407,0.221,2.8196,2.8196,0.6352,0.8009,pothole
0.9836,0.9978,0.0102,1.0153,0.9801,0.0351,0.0255,0.0124,-0.0169,normal
1.0309,1.5857,0.3638,2.0356,0.9998,1.0357,0.3423,0.2267,-0.3262,speed_hump
0.9784,1.4245,0.2668,1.7716,0.9784,0.7932,0.2763,0.1707,-0.2763,speed_hump
1.0265,1.0035,0.0101,1.0265,0.9857,0.0408,0.018,0.0072,0.015,normal
1.0,1.0025,0.0111,1.0217,0.9845,0.0372,0.0242,0.0131,0.0037,normal
0.9901,0.9959,0.0083,1.0111,0.9862,0.025,0.0171,0.0096,-0.0131,normal
0.9746,1.5562,0.3528,1.9536,0.9746,0.979,0.353,0.2137,-0.3498,speed_hump
0.9884,0.9904,0.0098,1.0126,0.9767,0.0359,0.0139,0.0083,0.0116,braking
1.0035,0.9957,0.0122,1.0124,0.9714,0.041,0.0301,0.0132,0.0065,normal
0.9974,0.9942,0.0072,1.0029,0.9826,0.0203,0.0202,0.0073,0.0061,normal
1.0416,1.0198,0.0101,1.0416,0.9989,0.0427,0.0289,0.0109,0.0289,braking
0.9897,1.0023,0.0107,1.0272,0.9897,0.0375,0.0251,0.0134,-0.0202,normal
1.0018,1.4654,0.292,1.811,1.0009,0.81,0.2835,0.1799,-0.2835,speed_hump
1.0199,0.9993,0.0105,1.0199,0.9855,0.0344,0.0217,0.0093,0.0073,normal
1.0143,1.0062,0.0068,1.0168,0.9944,0.0223,0.0104,0.0063,-0.0025,normal
0.9772,1.2221,0.8424,3.7159,0.5402,3.1757,3.1757,0.7152,0.437,pothole
0.9918,1.2166,0.813,3.6126,0.4978,3.1148,3.1148,0.7026,0.494,pothole
0.9961,1.1154,0.5544,2.6976,0.4305,2.2672,2.2672,0.5091,0.5656,pothole
0.9913,0.9973,0.0077,1.0153,0.986,0.0293,0.0293,0.0083,0.0054,normal
1.0077,1.0021,0.0136,1.0172,0.976,0.0412,0.0396,0.0168,0.0018,normal
0.9966,0.9995,0.011,1.0158,0.977,0.0388,0.032,0.0194,-0.0109,normal
0.9705,1.2781,0.1807,1.5031,0.9705,0.5326,0.2085,0.112,-0.2085,speed_hump
1.0211,1.0051,0.0146,1.0314,0.9826,0.0488,0.0448,0.0194,0.0177,normal
0.9747,0.9934,0.0138,1.0139,0.9716,0.0423,0.0295,0.013,-0.004,braking
0.9908,1.1264,0.675,3.0243,0.2143,2.81,2.81,0.6275,0.7766,pothole
0.9792,0.9836,0.0142,1.0118,0.96,0.0518,0.0241,0.012,0.0192,braking
1.0265,1.1764,0.6776,3.1768,0.598,2.5788,2.5788,0.5892,0.4285,pothole
1.0044,1.0546,0.4945,2.3556,0.2026,2.1531,2.1531,0.4937,0.8018,pothole
1.0074,1.0864,0.4729,2.4269,0.477,1.9499,1.9499,0.4449,0.5304,pothole
0.9734,0.9999,0.0152,1.0205,0.9734,0.0471,0.042,0.0229,-0.042,normal
0.985,1.0007,0.0111,1.0196,0.9825,0.0371,0.0371,0.0137,-0.008,normal
1.0097,1.1945,0.7504,3.4013,0.508,2.8933,2.8933,0.6466,0.5016,pothole
0.9896,1.1619,0.6761,3.1332,0.4695,2.6637,2.6637,0.6054,0.5201,pothole
1.0279,1.2262,0.8656,3.7705,0.4276,3.3428,3.3428,0.7542,0.6002,pothole
1.0091,0.9923,0.0123,1.0101,0.9709,0.0392,0.0281,0.0161,0.0281,normal
0.9678,1.4211,0.2696,1.7333,0.9678,0.7655,0.2711,0.1635,-0.2711,speed_hump
1.0036,1.5884,0.3823,2.0472,0.9919,1.0554,0.3544,0.2332,-0.3544,speed_hump
1.0012,1.2071,0.8419,3.6772,0.4092,3.268,3.268,0.7305,0.592,pothole
1.0124,1.1453,0.6074,2.9126,0.5093,2.4033,2.4033,0.5472,0.503,pothole
1.0136,0.9988,0.0164,1.0201,0.9701,0.05,0.0469,0.0242,0.0275,normal
1.0245,1.1357,0.6706,3.0298,0.252,2.7779,2.7779,0.6292,0.7726,pothole
1.0246,1.002,0.013,1.0246,0.9696,0.0549,0.0386,0.0142,0.0272,normal
1.0182,1.0015,0.0108,1.0182,0.9812,0.037,0.0255,0.0102,0.0116,braking
0.9922,0.9982,0.0116,1.0162,0.9771,0.0391,0.0304,0.0178,-0.0241,normal
0.9948,1.0508,0.4784,2.3099,0.2269,2.083,2.083,0.4739,0.7679,pothole
0.9908,1.0008,0.0175,1.031,0.9699,0.0611,0.0511,0.0245,0.0209,normal
0.9845,1.1327,0.6262,2.9448,0.4399,2.5049,2.5049,0.5658,0.5447,pothole
1.0355,1.4394,0.2597,1.7419,1.0287,0.7132,0.2451,0.1577,-0.2233,speed_hump
0.9867,1.0066,0.0114,1.021,0.9867,0.0342,0.0324,0.0167,-0.0269,normal
1.0367,1.1525,0.6956,3.146,0.3192,2.8268,2.8268,0.6391,0.7175,pothole
0.9973,1.0061,0.0129,1.0276,0.9822,0.0454,0.0454,0.0188,-0.0068,normal
0.9863,1.0017,0.0102,1.0221,0.9863,0.0358,0.0287,0.0133,-0.0206,braking
1.0204,1.007,0.0137,1.0302,0.9857,0.0446,0.0353,0.0107,0.0035,braking
0.9854,0.9967,0.0108,1.0141,0.9799,0.0342,0.0299,0.0141,-0.0045,normal
0.9964,1.0034,0.0072,1.0148,0.9935,0.0213,0.0153,0.0068,0.0028,braking
1.0291,1.1402,0.7167,3.1738,0.2211,2.9527,2.9527,0.6669,0.808,pothole
1.0111,0.9965,0.016,1.0225,0.9684,0.0541,0.045,0.0199,0.0072,normal
0.9921,0.9938,0.0068,1.0044,0.98,0.0244,0.0182,0.01,0.0001,braking
1.01,1.6364,0.4015,2.1192,0.9769,1.1423,0.4172,0.2502,-0.4099,speed_hump
1.0171,1.1608,0.7692,3.3656,0.239,3.1266,3.1266,0.7018,0.778,pothole
0.9914,1.2524,0.1556,1.4612,0.9914,0.4698,0.1764,0.1011,-0.1764,speed_hump
1.0255,1.5992,0.382,2.0584,0.9721,1.0863,0.3822,0.2355,-0.3321,speed_hump
0.9753,0.9855,0.0128,1.0078,0.9702,0.0377,0.0305,0.0109,0.0051,braking
1.0371,1.0117,0.0114,1.0371,0.9982,0.0389,0.0152,0.0072,0.0129,braking
0.9894,1.4926,0.3117,1.8624,0.9894,0.873,0.3249,0.1906,-0.3249,speed_hump
0.9919,1.1793,0.7216,3.2995,0.5094,2.7901,2.7901,0.6254,0.4825,pothole
1.0204,0.9971,0.0161,1.0211,0.975,0.046,0.046,0.0252,0.0453,normal
0.9919,0.991,0.01,1.0037,0.9718,0.0319,0.0297,0.0088,-0.0036,braking
0.9969,0.9954,0.0097,1.0111,0.9788,0.0324,0.0324,0.0147,0.0038,normal
1.0123,1.0108,0.0084,1.0221,0.9966,0.0254,0.0254,0.0069,-0.002,braking
0.9917,1.001,0.0111,1.021,0.9845,0.0365,0.0321,0.0109,0.0011,normal
0.9942,1.181,0.712,3.2751,0.5315,2.7436,2.7436,0.6177,0.4628,pothole
0.9988,1.6122,0.3776,2.0567,0.9988,1.0579,0.3994,0.2319,-0.3994,speed_hump
0.9886,1.1176,0.5661,2.7404,0.4411,2.2992,2.2992,0.5244,0.5475,pothole
1.012,1.0007,0.0088,1.0198,0.9905,0.0293,0.0182,0.0088,0.0103,normal
0.9978,1.0005,0.0093,1.0139,0.985,0.0289,0.0269,0.0158,-0.0133,normal
1.0342,1.0764,0.3815,2.1621,0.5986,1.5635,1.5635,0.3624,0.4355,pothole
1.0241,1.1196,0.5513,2.7022,0.469,2.2332,2.2332,0.5157,0.5551,pothole
1.007,1.0007,0.0093,1.0227,0.9889,0.0338,0.0235,0.0108,0.0031,normal
0.988,1.2306,0.1501,1.4295,0.988,0.4415,0.1826,0.0954,-0.1826,speed_hump
0.9782,0.9923,0.0137,1.0224,0.976,0.0464,0.0315,0.0122,-0.0025,normal
0.96,0.9803,0.013,1.0006,0.96,0.0405,0.0246,0.0094,-0.0054,braking
0.9801,1.0012,0.0103,1.013,0.9801,0.0329,0.0206,0.009,-0.0191,normal
0.9971,1.1526,0.6315,2.9999,0.53,2.47,2.47,0.5534,0.4671,pothole
1.0114,0.9985,0.0143,1.0114,0.9611,0.0503,0.0425,0.0103,0.0032,normal
1.0004,1.6642,0.4296,2.1849,0.9827,1.2021,0.4126,0.2652,-0.3827,speed_hump
1.0301,1.1672,0.6851,3.1591,0.4451,2.714,2.714,0.6213,0.585,pothole
1.0084,1.0017,0.0102,1.0227,0.9844,0.0383,0.0246,0.0144,0.008,normal
0.9676,1.393,0.2611,1.7009,0.9676,0.7333,0.2755,0.161,-0.2755,speed_hump
1.0567,1.4272,0.2566,1.7454,1.0162,0.7292,0.2262,0.1575,-0.1978,speed_hump
1.0082,1.0017,0.0115,1.021,0.9882,0.0328,0.0272,0.0192,0.0183,normal
1.0021,1.1545,0.6592,3.0753,0.4746,2.6007,2.6007,0.589,0.5275,pothole
1.0054,1.6849,0.4262,2.1907,0.993,1.1977,0.4439,0.2648,-0.4373,speed_hump
0.9805,0.9939,0.0095,1.008,0.9805,0.0275,0.0242,0.012,-0.0159,normal
0.9658,0.9848,0.0106,1.0016,0.9658,0.0358,0.0151,0.0062,-0.0151,braking
1.0261,1.0078,0.0107,1.0261,0.9953,0.0308,0.022,0.0097,0.0,braking
1.0032,1.4972,0.305,1.8708,1.0032,0.8676,0.2883,0.1895,-0.2883,speed_hump
0.9963,0.9956,0.0104,1.0151,0.9746,0.0406,0.0203,0.0086,0.0051,normal
0.9668,0.9792,0.0121,0.997,0.9576,0.0394,0.0274,0.0108,0.0092,braking
0.9988,1.5172,0.3231,1.889,0.9899,0.8991,0.3512,0.1988,-0.3271,speed_hump
1.0096,0.9984,0.0086,1.0134,0.9869,0.0265,0.0207,0.0116,0.0098,braking
1.0133,1.0087,0.0096,1.0227,0.9864,0.0363,0.0207,0.0084,-0.0094,braking
0.9943,1.0015,0.0084,1.0141,0.9835,0.0306,0.0214,0.0082,0.0108,normal
1.0206,1.6134,0.3866,2.0858,0.9915,1.0943,0.3731,0.24,-0.3443,speed_hump
0.9744,1.1355,0.715,3.1748,0.2485,2.9263,2.9263,0.6541,0.7259,pothole
0.9904,1.0002,0.0081,1.0133,0.986,0.0273,0.0172,0.0082,-0.0159,normal
0.9976,1.0032,0.0089,1.0249,0.9958,0.0291,0.0288,0.0082,0.0008,normal
0.9614,0.9745,0.011,0.9887,0.9537,0.035,0.0289,0.0102,-0.0103,braking
0.9934,0.9997,0.0073,1.0112,0.9892,0.022,0.0124,0.0069,0.0012,normal
1.0253,1.0192,0.0136,1.0393,0.9973,0.042,0.0269,0.0081,-0.014,braking
1.0065,1.3149,0.2003,1.5417,0.987,0.5547,0.2005,0.1211,-0.178,speed_hump
0.9892,1.4327,0.2756,1.7631,0.9892,0.7739,0.2892,0.1712,-0.2595,speed_hump
1.0193,0.9995,0.0093,1.0193,0.9795,0.0398,0.0252,0.0101,0.0204,normal
0.9858,1.002,0.012,1.0281,0.9832,0.0449,0.0449,0.0132,-0.0129,normal
1.0124,1.005,0.008,1.018,0.994,0.024,0.0217,0.0106,0.0161,normal
0.9719,1.0825,0.4417,2.3369,0.5202,1.8167,1.8167,0.4055,0.4516,pothole
1.0039,0.9997,0.0128,1.0246,0.9805,0.0441,0.0441,0.0136,0.0178,normal
1.024,1.0213,0.0088,1.0387,1.007,0.0317,0.0205,0.0106,-0.0148,braking
0.9831,1.5231,0.3363,1.9424,0.9831,0.9593,0.3394,0.2124,-0.3394,speed_hump
0.9982,1.1393,0.5975,2.8808,0.5253,2.3555,2.3555,0.5369,0.4728,pothole
1.0136,1.6145,0.3902,2.0762,0.9838,1.0923,0.3822,0.2394,-0.3486,speed_hump
0.994,1.004,0.0109,1.0287,0.99,0.0387,0.033,0.015,-0.0164,normal
1.0028,1.0038,0.0089,1.0195,0.9841,0.0354,0.019,0.0103,-0.0167,normal
1.0082,1.0057,0.0078,1.0129,0.9848,0.0282,0.0241,0.0081,-0.002,braking
0.9907,0.9971,0.0151,1.0245,0.9715,0.053,0.053,0.0192,-0.0129,normal
0.9943,0.997,0.014,1.0227,0.9771,0.0455,0.0316,0.0201,-0.0186,normal
1.0114,1.003,0.0096,1.0194,0.9907,0.0287,0.0226,0.0074,-0.008,normal
1.014,1.0069,0.0142,1.0312,0.9793,0.0519,0.0519,0.0216,0.0057,normal
0.9941,1.0004,0.016,1.0216,0.9638,0.0578,0.0384,0.0171,-0.0084,normal
1.007,0.997,0.0069,1.007,0.9828,0.0242,0.0189,0.0077,0.0053,normal
1.0289,1.5653,0.3519,1.995,1.0223,0.9727,0.3301,0.2154,-0.2891,speed_hump
0.9792,1.3067,0.1975,1.5286,0.9792,0.5494,0.2086,0.1201,-0.2086,speed_hump
1.0167,1.5678,0.3608,1.9883,0.9791,1.0092,0.3594,0.2201,-0.3246,speed_hump
0.9982,1.137,0.6509,2.9909,0.3229,2.668,2.668,0.6107,0.6753,pothole
0.9931,1.5499,0.3557,1.9957,0.9803,1.0154,0.3683,0.2242,-0.3223,speed_hump
0.9843,0.9877,0.0056,0.9971,0.9782,0.0189,0.0091,0.0039,-0.0008,braking
1.0034,1.0037,0.0199,1.0471,0.9744,0.0727,0.0721,0.0291,0.0069,normal
1.02,1.0065,0.0137,1.0273,0.9854,0.0419,0.0202,0.0086,0.0053,braking
0.9761,0.9994,0.0154,1.0188,0.9686,0.0502,0.0502,0.0208,-0.025,normal
0.9691,0.987,0.0143,1.0051,0.9661,0.039,0.0174,0.0066,0.003,braking
0.9986,1.5626,0.3634,2.0337,0.9836,1.0501,0.3503,0.2317,-0.3503,speed_hump
0.9983,1.0051,0.0125,1.0309,0.9867,0.0442,0.0442,0.0131,-0.0041,normal
0.9895,1.0045,0.0122,1.0209,0.9827,0.0383,0.0275,0.015,-0.0275,normal
1.0102,1.5243,0.3248,1.9154,1.0043,0.9111,0.3306,0.2018,-0.3212,speed_hump
1.027,1.005,0.0156,1.027,0.9814,0.0457,0.0425,0.0179,0.0281,normal
1.0046,1.0025,0.0111,1.0167,0.9771,0.0396,0.0182,0.0092,-0.0006,normal
0.9854,1.4748,0.3085,1.8335,0.9697,0.8638,0.3314,0.1902,-0.2901,speed_hump
0.9949,1.2171,0.8426,3.7028,0.4848,3.218,3.218,0.7213,0.5102,pothole
1.0205,1.0165,0.0064,1.0264,1.0042,0.0222,0.0222,0.0081,0.0112,braking
1.0179,1.2479,0.1463,1.4482,1.0179,0.4303,0.1426,0.0946,-0.1426,speed_hump
1.0071,0.9981,0.013,1.0184,0.9735,0.0449,0.0449,0.0194,0.0122,normal
0.9897,0.9883,0.0095,1.0133,0.9763,0.037,0.0279,0.011,0.0106,braking
0.9977,1.1501,0.7465,3.2755,0.2132,3.0623,3.0623,0.6871,0.7845,pothole
0.9825,1.0008,0.012,1.0184,0.9825,0.0358,0.0278,0.0147,-0.0077,normal
0.9828,0.9997,0.0123,1.0193,0.9828,0.0365,0.0358,0.0151,-0.0154,normal
1.0255,1.0164,0.01,1.0269,0.9929,0.034,0.0289,0.0123,0.0168,braking
1.0048,1.0039,0.0074,1.0129,0.9924,0.0205,0.0205,0.0078,0.0048,normal
0.9892,0.996,0.0082,1.0127,0.9858,0.0269,0.0269,0.011,-0.015,normal
0.9898,0.9989,0.0111,1.0191,0.9827,0.0364,0.0364,0.0145,-0.0293,normal
0.996,1.1043,0.4969,2.5118,0.4616,2.0502,2.0502,0.4639,0.5344,pothole
0.9688,0.9807,0.0103,0.9975,0.9684,0.0291,0.0231,0.0116,0.0003,braking
0.9941,0.9997,0.0118,1.0148,0.973,0.0418,0.0371,0.015,-0.0203,normal
1.0102,1.5562,0.35,1.9979,1.0102,0.9877,0.3354,0.2187,-0.3354,speed_hump
1.0245,1.007,0.0111,1.0248,0.9921,0.0327,0.0173,0.006,-0.0003,braking
0.9725,1.2395,0.1646,1.4216,0.9677,0.4539,0.1913,0.1003,-0.1708,speed_hump
1.0085,1.0559,0.3616,2.0337,0.4845,1.5492,1.5492,0.357,0.524,pothole
0.9997,1.3851,0.2412,1.6724,0.9969,0.6755,0.2493,0.1498,-0.2469,speed_hump
0.9722,0.9882,0.0123,1.0091,0.9681,0.041,0.0201,0.0077,0.0041,braking
1.0119,1.1972,0.861,3.6891,0.2455,3.4436,3.4436,0.7727,0.7664,pothole
0.9932,0.9964,0.0133,1.0226,0.9736,0.049,0.04,0.0182,-0.0097,normal
0.9857,0.9974,0.0135,1.0201,0.974,0.0462,0.039,0.0168,0.0117,normal
0.9998,1.0002,0.0097,1.0194,0.9852,0.0342,0.0342,0.0116,0.0055,normal
1.0175,1.0044,0.0083,1.0175,0.9921,0.0254,0.0231,0.0101,0.0156,normal
1.0321,1.021,0.0104,1.0417,1.008,0.0338,0.0234,0.0103,-0.0096,braking
1.0079,1.0016,0.016,1.0374,0.9727,0.0647,0.0406,0.0197,0.006,normal
1.0074,0.999,0.0111,1.0205,0.979,0.0415,0.0331,0.0158,0.0086,normal
1.0036,1.313,0.1981,1.5617,1.0014,0.5603,0.1894,0.1243,-0.1889,speed_hump
1.0083,1.5016,0.3261,1.9148,0.9976,0.9172,0.2894,0.2026,-0.274,speed_hump
0.9972,0.9959,0.0062,1.0107,0.9856,0.0251,0.0141,0.0071,0.0116,braking
0.9984,1.108,0.5189,2.6031,0.5114,2.0917,2.0917,0.4748,0.4869,pothole
1.0061,1.4971,0.3069,1.8834,1.0061,0.8772,0.3098,0.1931,-0.3098,speed_hump
0.9973,1.0028,0.0093,1.0178,0.989,0.0287,0.0257,0.0151,-0.0102,normal
0.9839,1.1988,0.8874,3.773,0.2385,3.5345,3.5345,0.7936,0.7454,pothole
1.0181,1.6764,0.4182,2.1807,1.0181,1.1625,0.3893,0.2579,-0.3893,speed_hump
0.9881,0.9895,0.0093,1.0058,0.9742,0.0316,0.0247,0.0094,-0.0082,braking
0.9961,0.9859,0.0065,0.9961,0.9739,0.0222,0.0162,0.0078,0.0075,braking
0.995,0.9941,0.0072,1.0055,0.979,0.0265,0.0163,0.0077,-0.0038,normal
0.9917,0.9963,0.008,1.0086,0.9789,0.0296,0.0127,0.0066,0.0127,normal
0.9898,0.998,0.0096,1.0066,0.9734,0.0332,0.0277,0.0088,-0.0075,normal
1.0438,1.6674,0.4056,2.1524,1.0163,1.1361,0.4155,0.2494,-0.353,speed_hump
0.9885,1.0038,0.008,1.0147,0.9885,0.0261,0.0235,0.0098,-0.0215,braking
1.0133,1.0005,0.0082,1.0134,0.9869,0.0265,0.0264,0.0094,0.0264,normal
1.0047,1.0989,0.5893,2.7239,0.2266,2.4972,2.4972,0.5687,0.7781,pothole
0.9893,1.0015,0.01,1.0171,0.9869,0.0302,0.0271,0.0143,-0.0096,normal
0.9874,0.9951,0.0165,1.0248,0.9701,0.0547,0.0468,0.0238,0.0094,normal
0.9647,1.5386,0.3518,1.9375,0.9647,0.9728,0.3567,0.2144,-0.3513,speed_hump
0.9905,1.0518,0.4548,2.2623,0.292,1.9703,1.9703,0.446,0.6985,pothole
1.0091,1.0022,0.0128,1.0247,0.9827,0.042,0.042,0.015,-0.0011,normal
0.996,1.0027,0.0096,1.014,0.9816,0.0324,0.0245,0.0114,-0.0175,normal
1.0136,1.0007,0.0077,1.0136,0.9902,0.0235,0.0193,0.0087,0.0137,braking
0.9882,1.5889,0.3836,2.0467,0.9709,1.0758,0.3724,0.2372,-0.3716,speed_hump
0.9929,0.9962,0.0112,1.0173,0.9771,0.0402,0.0402,0.0165,0.0076,normal
1.0001,1.0033,0.0067,1.0153,0.9953,0.0199,0.0166,0.0071,-0.0106,normal
1.0007,0.999,0.0091,1.0117,0.9851,0.0267,0.026,0.013,0.0156,normal
1.0153,1.0106,0.01,1.0212,0.994,0.0272,0.0272,0.0113,-0.0015,braking
1.0054,1.0038,0.0084,1.0173,0.985,0.0323,0.0323,0.0117,-0.0015,normal
1.0047,1.0048,0.0128,1.0338,0.9806,0.0532,0.035,0.018,0.006,normal
1.0007,1.3492,0.2225,1.6097,1.0007,0.6089,0.2044,0.1347,-0.1924,speed_hump
0.9967,0.9977,0.0117,1.0139,0.9783,0.0356,0.0303,0.0137,0.0184,normal
0.9816,1.1031,0.4981,2.5236,0.4862,2.0374,2.0374,0.4649,0.4955,pothole
0.9836,1.431,0.2876,1.7877,0.9836,0.8041,0.2591,0.1779,-0.2471,speed_hump
0.9874,1.0832,0.406,2.2476,0.5993,1.6483,1.6483,0.3724,0.3881,pothole
1.0075,0.9959,0.008,1.0075,0.9818,0.0257,0.015,0.0083,0.0099,braking
1.001,1.0076,0.0102,1.0265,0.9951,0.0314,0.0255,0.0086,-0.0255,normal
1.0135,1.005,0.0107,1.0313,0.9923,0.0389,0.03,0.0132,0.0142,normal
1.0375,1.0182,0.0137,1.0376,1.0017,0.0359,0.0319,0.0183,0.0077,braking
1.0024,1.1744,0.8184,3.5307,0.2271,3.3036,3.3036,0.7387,0.7754,pothole
1.0041,1.4952,0.3127,1.87,0.9866,0.8835,0.3333,0.1944,-0.2979,speed_hump
0.9959,0.998,0.0095,1.0125,0.9848,0.0277,0.0277,0.0169,-0.0108,normal
0.9949,1.3805,0.2392,1.6669,0.9949,0.672,0.2552,0.1482,-0.2552,speed_hump
0.9853,1.0827,0.4317,2.3209,0.5698,1.7511,1.7511,0.4005,0.4155,pothole
1.0408,1.018,0.0144,1.0408,0.9955,0.0453,0.0233,0.0081,0.0008,braking
1.0088,1.6658,0.4186,2.1657,1.0029,1.1628,0.4054,0.2577,-0.3721,speed_hump
0.9501,1.0693,0.412,2.2307,0.5223,1.7084,1.7084,0.3807,0.4278,pothole
1.0117,1.0031,0.0108,1.0255,0.9911,0.0343,0.0343,0.0126,-0.0137,normal
0.9963,1.0001,0.0106,1.0231,0.9837,0.0395,0.0224,0.012,0.0015,normal
1.0208,1.0976,0.5642,2.6578,0.2727,2.3851,2.3851,0.5361,0.7482,pothole
0.9478,0.9753,0.0154,0.9973,0.9478,0.0495,0.0321,0.0159,-0.0178,braking
0.9802,1.6305,0.3937,2.1187,0.9802,1.1385,0.4329,0.2473,-0.4329,speed_hump
1.0268,1.0015,0.0171,1.0268,0.9722,0.0545,0.0478,0.0215,0.0118,normal
1.0055,1.4653,0.2845,1.8219,1.0055,0.8164,0.287,0.1798,-0.287,speed_hump
0.9818,1.5642,0.3635,1.9911,0.9818,1.0093,0.3876,0.223,-0.3548,speed_hump
1.0044,1.0041,0.0095,1.0166,0.9854,0.0312,0.019,0.0082,0.019,braking
0.9858,1.1396,0.6085,2.9073,0.4909,2.4164,2.4164,0.5407,0.4949,pothole
0.9956,1.003,0.0105,1.0204,0.9831,0.0373,0.0211,0.0141,-0.0158,normal
0.9958,0.9981,0.0149,1.0249,0.9755,0.0494,0.0214,0.0165,0.0182,normal
0.9912,1.4085,0.2611,1.7253,0.9912,0.7341,0.2683,0.163,-0.2523,speed_hump
1.001,1.0007,0.0084,1.0197,0.9859,0.0338,0.0276,0.0096,-0.0004,braking
1.0062,1.0012,0.0084,1.0177,0.9903,0.0274,0.024,0.0109,0.0125,normal
0.9886,0.9971,0.0122,1.0213,0.9839,0.0374,0.0355,0.0164,0.0041,braking
0.9865,0.9968,0.0103,1.0117,0.9751,0.0366,0.0282,0.0109,-0.0043,normal
1.0112,0.9997,0.0108,1.012,0.9761,0.0359,0.0274,0.0128,0.0246,normal
1.0039,1.1553,0.7489,3.3002,0.2525,3.0477,3.0477,0.6811,0.7514,pothole
1.0158,1.2732,0.1723,1.4825,0.9889,0.4936,0.1689,0.1067,-0.1617,speed_hump
1.0197,1.4631,0.2868,1.8084,1.004,0.8044,0.279,0.177,-0.2749,speed_hump
0.9968,1.0003,0.0105,1.0179,0.9792,0.0387,0.0387,0.0154,-0.0089,normal
0.9901,1.0008,0.0084,1.0177,0.988,0.0297,0.014,0.0093,-0.0138,normal
1.0039,1.5482,0.3494,1.9857,0.9832,1.0025,0.3577,0.2205,-0.3228,speed_hump
0.997,1.542,0.3513,1.9576,0.9893,0.9683,0.3594,0.2143,-0.31,speed_hump
0.9894,1.3257,0.2075,1.5776,0.9894,0.5882,0.2024,0.1295,-0.2024,speed_hump
0.9884,0.9991,0.0116,1.0167,0.9812,0.0356,0.0299,0.0155,-0.0182,normal
1.01,1.0019,0.0063,1.0112,0.9904,0.0207,0.0085,0.0062,0.0047,normal
1.0028,1.6858,0.4233,2.1836,1.0028,1.1809,0.4184,0.2607,-0.4184,speed_hump
1.0227,1.1858,0.8309,3.5881,0.2592,3.3289,3.3289,0.757,0.7635,pothole
0.9922,1.6041,0.3818,2.0526,0.9922,1.0603,0.3802,0.2329,-0.3802,speed_hump
1.0065,1.3248,0.1991,1.5895,1.0065,0.5829,0.1872,0.1276,-0.185,speed_hump
1.0172,1.5035,0.3128,1.8923,0.9966,0.8957,0.3107,0.1968,-0.2915,speed_hump
0.9896,1.1819,0.7556,3.3936,0.4428,2.9508,2.9508,0.6655,0.5468,pothole
1.0074,1.0083,0.006,1.0186,0.9986,0.02,0.0142,0.0078,-0.0112,braking
1.0007,1.007,0.0031,1.0107,1.0007,0.01,0.0057,0.0039,-0.0034,braking
1.0204,1.1233,0.6699,3.0069,0.2183,2.7886,2.7886,0.6299,0.8021,pothole
0.975,0.9997,0.0127,1.0193,0.975,0.0442,0.0442,0.0141,-0.0442,normal
1.0071,1.3732,0.239,1.6636,0.9857,0.6778,0.2485,0.1483,-0.1983,speed_hump
0.9613,1.1338,0.5769,2.8266,0.5896,2.2371,2.2371,0.4984,0.3717,pothole
1.0073,1.0233,0.0112,1.0415,1.006,0.0355,0.0214,0.0096,-0.0214,braking
0.9974,1.0011,0.0124,1.023,0.9817,0.0413,0.0413,0.0158,0.0079,normal
0.9962,0.9961,0.0116,1.0091,0.9752,0.0338,0.0308,0.0176,0.021,normal
1.0175,1.0149,0.0122,1.0333,0.9922,0.0411,0.0183,0.0089,-0.0158,braking
1.0047,1.2091,0.8749,3.764,0.3279,3.4361,3.4361,0.7737,0.6768,pothole
0.9566,0.9843,0.0137,1.0058,0.9566,0.0492,0.02,0.0115,-0.02,braking
0.9602,0.9785,0.0161,1.0072,0.9602,0.047,0.039,0.0125,-0.0063,braking
1.0092,1.4208,0.2574,1.7487,1.0092,0.7395,0.2577,0.1625,-0.2577,speed_hump
0.9865,1.0665,0.371,2.1105,0.5676,1.543,1.543,0.347,0.4189,pothole
0.9924,1.0052,0.0143,1.0256,0.9745,0.0511,0.0455,0.0219,-0.0274,normal
1.0138,0.9966,0.0102,1.0138,0.9825,0.0314,0.022,0.0092,0.022,normal
1.0214,0.9999,0.0144,1.0214,0.9701,0.0513,0.0339,0.0187,0.0339,normal
1.0027,1.1788,0.799,3.496,0.3128,3.1832,3.1832,0.7127,0.6899,pothole
1.0052,0.9985,0.0111,1.0146,0.9729,0.0416,0.0322,0.0123,0.0322,normal
1.0143,0.9965,0.0135,1.0151,0.9746,0.0405,0.0203,0.0096,-0.0008,normal
0.9821,1.3498,0.228,1.6249,0.9821,0.6429,0.2374,0.1416,-0.2374,speed_hump
1.0052,1.2781,0.1677,1.4688,1.0052,0.4636,0.1789,0.102,-0.1789,speed_hump
1.0155,1.0042,0.0139,1.0242,0.9773,0.0469,0.0469,0.0192,-0.0087,normal
1.0066,0.9937,0.0146,1.0159,0.966,0.0499,0.0314,0.0184,0.012,normal
1.0003,1.6828,0.4346,2.1828,0.9904,1.1924,0.4226,0.2639,-0.4226,speed_hump
1.0032,0.9996,0.0069,1.0153,0.9889,0.0264,0.0224,0.0101,0.0143,normal
0.9934,0.9998,0.0139,1.0323,0.9787,0.0536,0.0301,0.0193,-0.0176,normal
1.0061,1.0086,0.0091,1.026,0.9923,0.0337,0.0337,0.0138,-0.0122,normal
1.0148,1.0684,0.3678,2.1066,0.583,1.5236,1.5236,0.3491,0.4318,pothole
1.04,1.5666,0.3436,1.9767,1.0006,0.9761,0.3788,0.2125,-0.3149,speed_hump
0.9981,1.0064,0.0121,1.0247,0.9835,0.0412,0.0306,0.0134,-0.0086,normal
0.9977,1.6242,0.3942,2.0954,0.9977,1.0978,0.4099,0.2439,-0.4099,speed_hump
0.9719,1.4315,0.2828,1.7516,0.9719,0.7797,0.2849,0.1722,-0.2849,speed_hump
1.0056,1.3767,0.2271,1.6755,1.0056,0.67,0.2461,0.1465,-0.2115,speed_hump
1.0205,1.0065,0.0112,1.0205,0.9887,0.0317,0.0263,0.012,0.0103,braking
1.002,1.5466,0.3473,1.9699,1.002,0.9679,0.3233,0.2143,-0.3233,speed_hump
0.9993,1.1972,0.7496,3.411,0.5589,2.8522,2.8522,0.6432,0.4404,pothole
1.0135,1.0024,0.0082,1.0155,0.9889,0.0266,0.0266,0.0131,0.0212,normal
0.9817,1.3077,0.1914,1.5427,0.9817,0.561,0.2007,0.1233,-0.2007,speed_hump
1.0134,1.0173,0.0065,1.0284,1.0088,0.0196,0.0149,0.008,-0.0149,braking
0.9939,1.3776,0.2405,1.6862,0.9939,0.6923,0.2357,0.1521,-0.2357,speed_hump
0.9866,0.9966,0.0074,1.0065,0.9856,0.0209,0.0198,0.0103,-0.0165,normal
0.9894,0.9982,0.0079,1.0144,0.9883,0.026,0.026,0.0102,-0.0053,normal
0.9978,0.9983,0.0126,1.0135,0.9751,0.0384,0.0377,0.0185,-0.0157,normal
1.006,1.0042,0.0088,1.015,0.9833,0.0317,0.0206,0.0108,0.0067,normal
1.0003,1.0127,0.0119,1.0337,0.9971,0.0365,0.0282,0.0165,-0.0245,braking
0.9803,1.4711,0.2984,1.8276,0.9803,0.8473,0.2984,0.1845,-0.2984,speed_hump
0.9983,0.9957,0.012,1.0101,0.9696,0.0405,0.0277,0.0134,0.001,normal
1.0102,0.9962,0.0115,1.0102,0.9736,0.0365,0.0328,0.0137,0.0085,normal
1.0012,1.2302,0.1436,1.3975,1.0012,0.3963,0.1688,0.088,-0.1438,speed_hump
0.9821,1.1015,0.6275,2.8483,0.2107,2.6375,2.6375,0.5936,0.7714,pothole
1.0018,1.4245,0.2688,1.7306,1.0007,0.7299,0.2758,0.1621,-0.2314,speed_hump
1.0049,0.9998,0.0134,1.0135,0.9647,0.0488,0.0432,0.017,0.0142,normal
1.0059,1.3631,0.227,1.6353,1.0012,0.6341,0.2391,0.1404,-0.2014,speed_hump
0.983,1.1668,0.6714,3.1324,0.5129,2.6195,2.6195,0.5892,0.4701,pothole
0.9991,0.9994,0.0099,1.0226,0.983,0.0396,0.0205,0.0085,-0.004,normal
1.0244,1.0162,0.0113,1.0373,0.9996,0.0377,0.0186,0.0097,-0.0129,braking
1.001,1.0028,0.0076,1.0136,0.9907,0.0229,0.0184,0.008,0.0068,normal
1.0005,1.1222,0.5627,2.75,0.4975,2.2525,2.2525,0.5063,0.5029,pothole
1.0111,1.1722,0.757,3.3687,0.3556,3.0131,3.0131,0.6791,0.6555,pothole
1.0102,1.0001,0.0112,1.018,0.9813,0.0367,0.0274,0.0144,-0.0078,normal
1.009,0.9996,0.0072,1.0091,0.9883,0.0208,0.0177,0.0084,0.0078,normal
0.9809,1.5849,0.3698,2.0212,0.9809,1.0403,0.3736,0.2255,-0.3736,speed_hump
1.0191,0.9942,0.0104,1.0191,0.9842,0.0349,0.0311,0.0094,0.0311,braking
1.0161,1.2091,0.8193,3.6169,0.452,3.1649,3.1649,0.7134,0.5641,pothole
0.9751,1.1832,0.7035,3.2627,0.5946,2.6681,2.6681,0.5961,0.3805,pothole
0.9983,0.9965,0.01,1.0126,0.9785,0.0341,0.0279,0.0141,0.0071,normal
1.0035,0.9946,0.0115,1.0119,0.9774,0.0345,0.0345,0.0159,0.0037,normal
1.0125,1.6626,0.407,2.1368,1.0125,1.1243,0.4009,0.2495,-0.391,speed_hump
1.0049,1.001,0.0112,1.0145,0.9787,0.0359,0.0309,0.0151,0.0262,normal
1.0212,1.0133,0.0078,1.0246,1.0006,0.024,0.024,0.0117,0.0089,braking
1.0239,1.6835,0.4229,2.1672,1.0051,1.1622,0.4008,0.2562,-0.3936,speed_hump
0.9973,1.0062,0.0145,1.0284,0.9827,0.0456,0.0456,0.0206,0.0146,normal
1.0082,0.9982,0.0087,1.0088,0.9815,0.0273,0.0273,0.0128,0.0014,normal
0.9956,1.0666,0.4973,2.4119,0.2764,2.1356,2.1356,0.4789,0.7192,pothole
0.9999,1.0011,0.012,1.0191,0.9808,0.0383,0.0314,0.016,-0.0035,normal
1.0049,1.5955,0.3619,2.013,1.0049,1.008,0.3438,0.2196,-0.3438,speed_hump
1.0115,1.1298,0.684,3.0528,0.2049,2.848,2.848,0.6396,0.8066,pothole
0.9931,0.9975,0.0125,1.0225,0.9745,0.048,0.0192,0.0116,-0.0183,normal
1.0274,1.4518,0.2754,1.7834,1.0274,0.756,0.2575,0.166,-0.2212,speed_hump
1.015,1.4195,0.2665,1.7464,0.9671,0.7793,0.2913,0.1679,-0.2623,speed_hump
0.9862,0.9964,0.0095,1.0096,0.9817,0.0278,0.0278,0.0129,0.0014,normal
0.9766,1.581,0.3674,2.0101,0.9766,1.0335,0.3887,0.2269,-0.3887,speed_hump
0.9711,1.5467,0.3559,1.9526,0.9711,0.9815,0.3857,0.2173,-0.3857,speed_hump
1.0041,1.0003,0.0145,1.0203,0.9676,0.0527,0.0365,0.0185,0.0365,normal
0.9891,0.9923,0.0048,1.0006,0.9848,0.0159,0.0119,0.0059,-0.0031,braking
1.0126,0.9989,0.009,1.0126,0.9857,0.0269,0.0269,0.0124,0.0269,normal
1.019,1.0008,0.0102,1.019,0.982,0.037,0.0267,0.0088,0.0107,normal
1.0155,1.4672,0.2938,1.841,1.0155,0.8255,0.2764,0.1831,-0.2675,speed_hump
1.0174,1.2541,0.1544,1.4389,1.013,0.426,0.1498,0.0942,-0.1296,speed_hump
1.0149,1.1998,0.8215,3.6003,0.3797,3.2206,3.2206,0.7268,0.6352,pothole
1.0053,0.9987,0.0103,1.02,0.9853,0.0347,0.0197,0.013,0.0197,normal
0.9957,1.0025,0.0086,1.0232,0.9936,0.0296,0.0171,0.0088,-0.0021,normal
0.9968,1.0001,0.0109,1.0154,0.9801,0.0353,0.0339,0.0148,-0.0102,normal
0.9787,0.9976,0.0101,1.0112,0.9787,0.0325,0.0297,0.0101,-0.0297,normal
0.9806,1.1939,0.8413,3.6539,0.3602,3.2937,3.2937,0.7366,0.6203,pothole
0.9995,1.004,0.0081,1.0189,0.99,0.0289,0.023,0.0111,-0.0086,normal
1.0035,1.0018,0.0094,1.0193,0.9839,0.0354,0.025,0.014,0.0037,normal
0.9738,1.5719,0.3666,2.02,0.9738,1.0462,0.3772,0.228,-0.3772,speed_hump
0.9845,0.9939,0.0124,1.0184,0.9797,0.0387,0.0387,0.0147,-0.0001,normal
0.9604,0.9798,0.0129,1.0046,0.9604,0.0442,0.0224,0.0081,-0.0049,braking
1.0219,1.0017,0.0145,1.0219,0.9806,0.0413,0.037,0.0216,0.0292,normal
1.0262,1.0785,0.394,2.1959,0.5729,1.623,1.623,0.3734,0.4534,pothole
0.9677,0.9802,0.0131,1.0117,0.9588,0.0529,0.033,0.0138,-0.0102,braking
1.0042,1.0008,0.0093,1.011,0.976,0.035,0.035,0.0116,-0.0068,normal
0.9945,0.9981,0.0102,1.0151,0.9862,0.0289,0.0271,0.0157,0.0068,normal
0.9909,0.9923,0.0103,1.0065,0.9773,0.0291,0.0165,0.0087,0.0128,braking
1.0204,1.6836,0.418,2.1674,1.0141,1.1534,0.4221,0.2556,-0.4221,speed_hump
1.0077,1.2037,0.8111,3.585,0.4427,3.1423,3.1423,0.7048,0.5649,pothole
0.9937,0.996,0.0118,1.0106,0.9709,0.0397,0.0397,0.0144,0.0124,normal
1.0266,1.0174,0.0055,1.0266,1.0098,0.0169,0.0149,0.0051,0.0036,braking
1.0156,1.0051,0.0091,1.0222,0.9912,0.031,0.0243,0.0125,0.0144,normal
1.0266,1.0017,0.0123,1.0266,0.975,0.0516,0.027,0.0126,0.0246,normal
1.016,1.2169,0.8459,3.7127,0.4857,3.227,3.227,0.7322,0.5303,pothole
0.98,1.3309,0.2182,1.5851,0.98,0.6051,0.2322,0.1338,-0.2279,speed_hump
0.9516,0.9683,0.0081,0.9791,0.9516,0.0275,0.0174,0.0105,-0.0174,braking
0.9842,1.3068,0.2055,1.5576,0.9721,0.5855,0.2259,0.1288,-0.1893,speed_hump
1.0074,1.0047,0.0131,1.0325,0.9799,0.0526,0.0526,0.0154,0.0049,normal
0.9881,1.6431,0.405,2.1386,0.9881,1.1505,0.4119,0.2523,-0.4119,speed_hump
0.9864,1.0027,0.0154,1.035,0.9864,0.0486,0.0375,0.0183,-0.0114,normal
0.9838,0.9949,0.0098,1.0123,0.9838,0.0284,0.025,0.0141,-0.0088,normal
1.0039,1.0059,0.0091,1.0299,0.9965,0.0334,0.03,0.0123,0.0007,normal
0.995,1.0001,0.0114,1.0146,0.9826,0.032,0.0256,0.0119,0.0058,normal
1.027,1.0105,0.0135,1.031,0.9865,0.0445,0.0146,0.0072,0.0037,braking
0.9615,0.9879,0.0166,1.0094,0.9615,0.0479,0.0165,0.0068,-0.004,braking
0.9952,0.9975,0.0114,1.014,0.9751,0.0389,0.0389,0.0155,0.0054,normal
1.0007,1.0036,0.0115,1.0286,0.9877,0.0409,0.02,0.011,0.0131,normal
0.9737,1.2502,0.1613,1.4596,0.9737,0.486,0.165,0.1033,-0.165,speed_hump
0.9976,1.0013,0.0077,1.0153,0.9901,0.0253,0.0224,0.0099,-0.009,normal
1.0389,1.6625,0.4233,2.1873,0.9651,1.2222,0.4146,0.2634,-0.3442,speed_hump
0.9593,0.9738,0.0109,0.9902,0.9505,0.0397,0.0211,0.0066,0.0089,braking
1.0579,1.0321,0.0173,1.0602,1.0052,0.055,0.0214,0.0111,-0.0023,braking
1.0004,1.0011,0.0102,1.02,0.9897,0.0303,0.0303,0.0139,0.0107,normal
1.0024,0.9963,0.013,1.0222,0.9765,0.0457,0.0294,0.0201,0.0183,normal
1.0087,0.9999,0.0127,1.0247,0.983,0.0416,0.0236,0.0143,0.0226,normal
1.0114,1.2242,0.8526,3.7442,0.5094,3.2349,3.2349,0.7246,0.502,pothole
1.0062,1.1258,0.6157,2.8786,0.3526,2.526,2.526,0.5726,0.6537,pothole
0.9972,0.9982,0.0074,1.0116,0.9824,0.0292,0.0211,0.0085,-0.0029,normal
0.9755,0.9901,0.0097,1.0054,0.9755,0.0299,0.0151,0.0076,-0.0118,braking
1.0069,1.1604,0.7147,3.229,0.3709,2.8581,2.8581,0.6457,0.636,pothole
0.9946,1.0033,0.0078,1.0148,0.9926,0.0222,0.0161,0.0078,-0.0037,normal
1.0107,1.0593,0.3572,2.0402,0.5235,1.5167,1.5167,0.3524,0.4872,pothole
1.0126,1.0057,0.0095,1.0155,0.9833,0.0323,0.0294,0.0122,0.0294,normal
0.9959,1.1554,0.6808,3.1376,0.4463,2.6913,2.6913,0.6043,0.5496,pothole
1.0171,1.0022,0.0127,1.0171,0.9836,0.0335,0.0318,0.0218,0.0318,normal
0.9953,1.0028,0.008,1.0134,0.9911,0.0223,0.0207,0.0075,0.0043,braking
1.003,1.0047,0.0077,1.0163,0.9943,0.0221,0.0197,0.0121,0.0087,braking
1.003,1.0015,0.011,1.0133,0.9804,0.0328,0.0274,0.0167,-0.0073,normal
1.0082,1.0008,0.0093,1.0144,0.9864,0.028,0.0253,0.0119,0.0214,normal
0.9983,1.0027,0.0101,1.02,0.9845,0.0355,0.0183,0.0104,0.0138,normal
1.0072,0.9936,0.0091,1.0081,0.9797,0.0283,0.0215,0.0101,-0.0008,normal
0.9988,1.0803,0.4204,2.2693,0.5304,1.7389,1.7389,0.3917,0.4684,pothole
1.0027,1.0046,0.0101,1.0293,0.9865,0.0429,0.0429,0.0126,-0.0031,normal
1.0502,1.0292,0.0142,1.0502,1.0082,0.042,0.0181,0.0091,0.0062,braking
0.9933,1.0004,0.0119,1.0234,0.981,0.0424,0.0211,0.0112,0.0046,normal
1.0106,1.5304,0.3358,1.9217,0.9973,0.9244,0.3288,0.2039,-0.3003,speed_hump
1.0093,1.0031,0.0136,1.0255,0.9818,0.0437,0.0306,0.0177,0.004,normal
1.0023,1.0069,0.0044,1.0179,1.0023,0.0156,0.0122,0.0044,-0.0058,braking
0.9973,0.9988,0.0109,1.0177,0.9784,0.0394,0.0331,0.014,-0.0086,normal
0.9771,0.9945,0.0153,1.0165,0.9647,0.0518,0.045,0.018,-0.0153,normal
0.9798,0.9996,0.0161,1.0247,0.9798,0.0449,0.0371,0.0135,-0.0074,normal
0.9913,0.9994,0.0092,1.0191,0.9872,0.0319,0.0219,0.0106,-0.0095,normal
0.9935,1.1933,0.7425,3.3823,0.5412,2.8411,2.8411,0.6356,0.4523,pothole
1.0122,1.004,0.0114,1.02,0.9796,0.0404,0.0328,0.0136,-0.0078,normal
0.9833,1.0688,0.4339,2.2626,0.4212,1.8414,1.8414,0.4145,0.562,pothole
0.9928,0.9983,0.013,1.0173,0.9703,0.047,0.047,0.0184,-0.0117,normal
0.9921,1.0,0.0117,1.0242,0.9838,0.0403,0.0323,0.0169,-0.0223,normal
1.0108,0.9979,0.0112,1.0203,0.9793,0.041,0.0211,0.0135,0.0182,normal
1.0177,1.0024,0.0085,1.0177,0.9902,0.0275,0.0167,0.0087,0.0167,normal
1.0097,1.0012,0.007,1.0147,0.9925,0.0223,0.0223,0.0071,0.0067,normal
0.9947,0.9953,0.0088,1.0121,0.9791,0.0331,0.0175,0.0088,-0.0175,normal
0.9905,1.0795,0.409,2.2331,0.5372,1.696,1.696,0.3847,0.4533,pothole
0.9971,1.5636,0.3597,1.9739,0.9868,0.9871,0.3528,0.2182,-0.3432,speed_hump
0.9974,0.997,0.0108,1.0186,0.9839,0.0347,0.0306,0.0117,-0.0144,normal
1.0299,1.0152,0.0125,1.0326,0.9979,0.0346,0.0225,0.0071,0.0017,braking
0.9647,0.9783,0.013,0.9998,0.9597,0.0401,0.0163,0.0093,0.005,braking
1.0011,1.0035,0.0075,1.0158,0.9914,0.0244,0.0223,0.0106,0.0034,normal
1.0002,1.4522,0.2746,1.7638,1.0002,0.7635,0.3084,0.1683,-0.3084,speed_hump
1.0044,1.0059,0.0108,1.0171,0.982,0.0351,0.0313,0.012,-0.0073,normal
1.033,1.0731,0.3779,2.1406,0.5773,1.5633,1.5633,0.3552,0.4558,pothole
0.9888,1.0786,0.5135,2.4779,0.2835,2.1944,2.1944,0.4979,0.7053,pothole
1.0144,1.0102,0.0052,1.0207,1.0012,0.0196,0.0139,0.0067,0.0035,braking
1.001,0.9861,0.0123,1.001,0.9623,0.0387,0.036,0.0196,0.0205,normal
1.0144,1.0018,0.011,1.0144,0.9754,0.039,0.0385,0.0153,0.0093,normal
1.0148,1.4886,0.3083,1.8606,1.0148,0.8459,0.2805,0.1877,-0.2805,speed_hump
0.9696,1.1455,0.6843,3.1077,0.3286,2.7791,2.7791,0.6177,0.641,pothole
0.993,0.9996,0.0143,1.0299,0.9764,0.0535,0.0332,0.0145,0.0165,normal
1.032,1.2673,0.1583,1.4579,1.0194,0.4385,0.145,0.096,-0.1251,speed_hump
1.0093,1.4101,0.2538,1.7122,1.0093,0.7029,0.2411,0.1541,-0.2305,speed_hump
0.98,1.4515,0.2885,1.7647,0.98,0.7848,0.2909,0.173,-0.2909,speed_hump
1.0138,1.1824,0.7024,3.2457,0.5286,2.717,2.717,0.6101,0.4852,pothole
1.0177,1.0086,0.009,1.0241,0.996,0.0281,0.0275,0.0075,0.0006,braking
0.989,1.3848,0.2514,1.6872,0.9878,0.6994,0.2705,0.1553,-0.2426,speed_hump
1.0141,1.5019,0.3168,1.8699,0.9841,0.8858,0.3218,0.1935,-0.3109,speed_hump
0.9968,0.9976,0.0134,1.0173,0.9708,0.0465,0.0374,0.0163,0.0118,normal
0.9708,1.1923,0.76,3.4232,0.4789,2.9443,2.9443,0.6549,0.4919,pothole
0.9913,1.4468,0.2776,1.7935,0.9913,0.8022,0.2815,0.1722,-0.2494,speed_hump
1.0087,1.5105,0.3292,1.9027,0.9763,0.9264,0.3206,0.2023,-0.3073,speed_hump
0.9996,1.0051,0.0108,1.0176,0.9867,0.0309,0.0309,0.016,0.0129,normal
0.997,1.0014,0.0115,1.018,0.9829,0.0351,0.0351,0.0136,0.0009,normal
0.9992,1.0006,0.0116,1.0188,0.9817,0.0371,0.0326,0.0179,-0.0196,normal
0.9611,0.9755,0.0123,0.9895,0.9548,0.0347,0.0195,0.0073,0.0034,braking
0.9661,0.9708,0.0089,0.9847,0.9601,0.0246,0.0159,0.0069,0.0035,braking
1.0325,1.006,0.0176,1.0345,0.9831,0.0514,0.0322,0.0134,-0.002,braking
1.027,1.5301,0.3228,1.9302,1.027,0.9032,0.3047,0.2005,-0.2813,speed_hump
0.9808,0.9938,0.013,1.0184,0.9688,0.0496,0.0276,0.0153,-0.0081,normal
1.0214,1.2568,0.158,1.4479,1.0082,0.4397,0.157,0.0962,-0.1164,speed_hump
1.011,1.0848,0.5167,2.5075,0.3152,2.1924,2.1924,0.4911,0.6959,pothole
1.0059,1.1304,0.5598,2.7584,0.5416,2.2168,2.2168,0.4993,0.4643,pothole
0.9897,1.2536,0.1621,1.4422,0.9897,0.4524,0.1824,0.1005,-0.159,speed_hump
0.9895,0.9988,0.0106,1.0189,0.9866,0.0323,0.0241,0.0142,-0.0018,normal
0.9698,1.2938,0.1957,1.5434,0.9698,0.5736,0.2057,0.1243,-0.2057,speed_hump
1.0041,1.0013,0.0083,1.0143,0.9849,0.0294,0.0294,0.0109,0.0058,normal
1.0082,1.0042,0.011,1.0234,0.9793,0.0441,0.0238,0.0119,-0.0152,normal
0.9958,1.0022,0.015,1.023,0.9731,0.05,0.0477,0.0244,-0.0273,normal
1.0156,0.9978,0.0088,1.0156,0.9859,0.0297,0.0196,0.0106,0.0135,normal
0.9887,1.0013,0.0086,1.0125,0.9878,0.0247,0.0247,0.0087,-0.0085,normal
0.9952,1.2764,0.1867,1.5111,0.9703,0.5408,0.2072,0.1174,-0.1417,speed_hump
1.0062,1.0118,0.0092,1.027,0.9968,0.0302,0.023,0.0115,-0.0208,braking
0.9839,1.583,0.3747,2.0162,0.9839,1.0322,0.3696,0.2277,-0.3473,speed_hump
0.9953,1.172,0.675,3.1596,0.5673,2.5923,2.5923,0.589,0.428,pothole
0.9766,1.0051,0.0139,1.0229,0.9766,0.0464,0.0421,0.0137,-0.0421,normal
0.9848,1.0764,0.4841,2.4035,0.3436,2.0599,2.0599,0.4675,0.6412,pothole
1.0024,1.001,0.0136,1.0238,0.9771,0.0468,0.0403,0.0178,-0.0041,normal
0.996,0.9924,0.0067,1.0066,0.981,0.0255,0.0171,0.0091,0.0104,braking
0.9941,1.122,0.653,2.9629,0.2522,2.7108,2.7108,0.6123,0.7419,pothole
1.0132,1.0032,0.0105,1.0166,0.9787,0.0379,0.0341,0.0128,0.0079,normal
0.9804,1.1174,0.5481,2.7051,0.5174,2.1877,2.1877,0.4957,0.463,pothole
1.0113,0.9966,0.0093,1.0113,0.9773,0.034,0.0253,0.0109,0.0033,normal
0.9907,1.1849,0.7693,3.4406,0.4498,2.9908,2.9908,0.6742,0.5409,pothole
0.984,1.4252,0.2707,1.7522,0.984,0.7682,0.2911,0.1694,-0.2911,speed_hump
1.0136,1.0017,0.014,1.0295,0.9823,0.0472,0.0304,0.0185,0.024,normal
1.0235,1.1708,0.6654,3.1297,0.5741,2.5556,2.5556,0.5847,0.4494,pothole
0.9814,1.6468,0.4066,2.1148,0.9814,1.1334,0.3979,0.2472,-0.3979,speed_hump
1.0242,1.1231,0.5407,2.6874,0.524,2.1634,2.1634,0.4901,0.5002,pothole
1.038,1.0274,0.0113,1.044,1.0113,0.0327,0.0184,0.0082,0.011,braking
0.9995,1.0006,0.0155,1.0246,0.9716,0.053,0.053,0.0231,0.007,normal
0.9891,1.1719,0.6731,3.1542,0.5694,2.5847,2.5847,0.5815,0.4196,pothole
1.0153,0.9976,0.01,1.0153,0.9776,0.0377,0.0288,0.0132,0.0202,braking
0.9905,1.055,0.3803,2.0961,0.4754,1.6207,1.6207,0.3635,0.5151,pothole
0.9882,0.9963,0.0119,1.0193,0.9742,0.0452,0.0176,0.0114,-0.0093,normal
1.0135,0.9916,0.0116,1.0135,0.9645,0.0489,0.0278,0.0095,0.022,normal
1.0008,0.9903,0.0079,1.0025,0.9778,0.0246,0.0164,0.0083,-0.0017,normal
0.9934,1.0012,0.0083,1.0156,0.9883,0.0273,0.0273,0.0116,-0.0146,normal
1.0298,1.615,0.381,2.0636,1.001,1.0626,0.3783,0.2329,-0.3217,speed_hump
1.0029,1.0654,0.469,2.3415,0.3351,2.0063,2.0063,0.4544,0.6678,pothole
1.0108,0.9991,0.011,1.0153,0.9781,0.0372,0.0332,0.0139,0.0131,normal
1.017,0.996,0.0103,1.017,0.9845,0.0325,0.0278,0.0101,0.0278,normal
1.0206,1.0523,0.4213,2.1506,0.3093,1.8413,1.8413,0.4186,0.7113,pothole
0.9669,1.4182,0.2775,1.7536,0.9669,0.7868,0.2766,0.1717,-0.2766,speed_hump
0.9433,0.9708,0.0179,0.9983,0.9433,0.055,0.0201,0.0105,-0.0139,braking
0.9777,1.1344,0.5662,2.7899,0.5736,2.2163,2.2163,0.4938,0.4041,pothole
0.9965,1.0042,0.0065,1.013,0.9961,0.0169,0.0152,0.0094,0.0004,braking
1.0126,0.9986,0.0125,1.0189,0.98,0.0389,0.0336,0.0166,0.0099,normal
1.0033,1.0123,0.0076,1.0228,0.9985,0.0244,0.0214,0.009,-0.0117,braking
1.028,1.1227,0.6527,2.9719,0.279,2.6929,2.6929,0.6164,0.749,pothole
0.9945,0.9948,0.0156,1.0184,0.9702,0.0483,0.0468,0.0194,0.0244,normal
0.987,1.1921,0.8137,3.576,0.4061,3.17,3.17,0.7123,0.5809,pothole
0.9821,0.996,0.0127,1.014,0.98,0.034,0.034,0.0173,0.0021,normal
0.9884,1.1188,0.653,2.9585,0.2457,2.7128,2.7128,0.6108,0.7427,pothole
0.9666,1.4665,0.3049,1.8402,0.9666,0.8737,0.2963,0.1891,-0.2963,speed_hump
1.0044,0.9922,0.0082,1.0044,0.9757,0.0286,0.023,0.0088,0.0052,normal
0.9873,0.9953,0.0142,1.0245,0.9752,0.0494,0.047,0.0186,-0.0007,normal
1.0002,1.306,0.1986,1.5518,0.9857,0.5662,0.1945,0.1242,-0.1945,speed_hump
1.0084,0.9956,0.0128,1.0104,0.9675,0.0429,0.0429,0.0147,0.0038,normal
1.0177,1.0036,0.0082,1.0177,0.9892,0.0286,0.0208,0.0104,0.0164,braking
1.0012,1.0039,0.009,1.0199,0.994,0.0259,0.0236,0.0098,0.004,braking
1.0155,1.007,0.0086,1.0177,0.9964,0.0213,0.02,0.0147,0.0128,normal
0.9903,1.5001,0.3238,1.9061,0.9816,0.9244,0.3326,0.2045,-0.3114,speed_hump
0.9897,1.0036,0.0129,1.0264,0.9839,0.0426,0.0345,0.0135,0.0058,normal
0.9958,1.1484,0.5827,2.8572,0.5951,2.2621,2.2621,0.5143,0.4007,pothole
1.0667,1.0335,0.019,1.0667,1.0032,0.0635,0.0351,0.0132,0.019,braking
0.9981,0.9993,0.0096,1.0157,0.9819,0.0338,0.0281,0.0133,-0.0098,braking
1.0152,1.586,0.3657,2.036,1.0082,1.0277,0.365,0.2276,-0.3259,speed_hump
1.0072,0.9969,0.0097,1.0072,0.9763,0.0309,0.0245,0.0117,0.0217,normal
1.0058,1.0028,0.0117,1.0198,0.9742,0.0457,0.0341,0.0162,0.003,normal
0.9924,0.9949,0.0135,1.0228,0.9763,0.0465,0.0341,0.0209,0.0109,normal
0.9977,0.9935,0.0099,1.0089,0.9693,0.0396,0.0285,0.0128,0.0285,normal
0.992,1.3306,0.2072,1.5796,0.992,0.5876,0.2231,0.1291,-0.2015,speed_hump
0.9991,1.157,0.6941,3.1725,0.414,2.7586,2.7586,0.6224,0.5852,pothole
1.0059,1.0053,0.0069,1.017,0.9928,0.0242,0.0112,0.0068,-0.0057,normal
0.9972,0.9994,0.0115,1.0233,0.9781,0.0452,0.0452,0.0147,-0.0077,normal
1.0146,1.6851,0.4312,2.1975,0.9845,1.213,0.4556,0.2662,-0.405,speed_hump
1.0185,1.0469,0.3789,2.0553,0.4149,1.6404,1.6404,0.3816,0.6036,pothole
0.9899,0.9962,0.0087,1.0122,0.9846,0.0276,0.0203,0.0095,-0.0127,braking
1.0147,0.9996,0.0091,1.0147,0.9868,0.028,0.0214,0.0108,0.0083,normal
0.9956,1.22,0.8458,3.7249,0.5419,3.1831,3.1831,0.7187,0.4537,pothole
1.004,1.4614,0.2847,1.8157,1.004,0.8117,0.2798,0.179,-0.2684,speed_hump
0.9772,0.989,0.0063,0.9987,0.9772,0.0216,0.0168,0.0057,-0.0047,braking
1.0223,1.0098,0.0065,1.0223,0.9993,0.023,0.0114,0.0061,0.0071,braking
0.9852,1.0598,0.3644,2.0887,0.5802,1.5085,1.5085,0.3478,0.405,pothole
0.9946,1.0013,0.0081,1.0137,0.9888,0.0249,0.0196,0.0109,0.0058,braking
1.0068,1.1895,0.8165,3.5621,0.3206,3.2415,3.2415,0.7289,0.6862,pothole
0.9805,1.3169,0.208,1.5812,0.9805,0.6007,0.2176,0.1299,-0.1657,speed_hump
1.009,1.2861,0.1797,1.4933,1.009,0.4843,0.1867,0.1076,-0.1278,speed_hump
0.9857,1.0627,0.3974,2.1763,0.5162,1.6601,1.6601,0.3765,0.4695,pothole
1.0114,1.0033,0.0138,1.03,0.9852,0.0448,0.0427,0.0208,0.0262,normal
1.0128,1.0005,0.0123,1.0152,0.9786,0.0366,0.0359,0.0165,0.0341,normal
1.0335,1.0124,0.0131,1.0335,0.9958,0.0376,0.0114,0.0051,0.0114,braking
0.9834,1.1812,0.843,3.6105,0.2132,3.3973,3.3973,0.7573,0.7702,pothole
0.9978,1.5696,0.3661,2.0012,0.987,1.0141,0.3527,0.2242,-0.3527,speed_hump
0.997,1.1345,0.6722,3.0413,0.2716,2.7697,2.7697,0.6226,0.7254,pothole
0.9968,1.0019,0.0121,1.0229,0.9829,0.04,0.04,0.0163,0.0045,normal
0.9432,0.9776,0.0165,1.0033,0.9432,0.0601,0.0293,0.0113,-0.0293,braking
1.0112,1.4236,0.2567,1.719,1.0112,0.7078,0.2634,0.1558,-0.2634,speed_hump
0.9438,0.9593,0.0121,0.9761,0.9358,0.0403,0.0268,0.0096,-0.0049,braking
0.998,0.9978,0.0155,1.0331,0.9749,0.0581,0.0448,0.0204,0.023,normal
1.0159,1.007,0.0071,1.0166,0.9978,0.0188,0.0188,0.0109,0.0057,braking
1.0222,0.9986,0.0134,1.0222,0.9776,0.0446,0.0345,0.0153,0.0345,normal
1.0282,1.0089,0.0089,1.0282,0.9928,0.0354,0.017,0.0066,0.017,braking
1.0051,1.0591,0.3665,2.0939,0.5757,1.5182,1.5182,0.3469,0.4294,pothole
1.0192,1.6062,0.3743,2.0717,1.0041,1.0675,0.3871,0.2356,-0.3505,speed_hump
1.0016,0.9918,0.0143,1.0196,0.9611,0.0585,0.0382,0.0207,0.0068,normal
0.9838,0.9953,0.0101,1.0156,0.9838,0.0318,0.0185,0.0104,-0.0111,braking
1.0076,1.0046,0.0098,1.0193,0.9898,0.0295,0.0286,0.0129,0.0049,normal
0.9857,1.349,0.2293,1.6239,0.9857,0.6383,0.2084,0.1398,-0.2084,speed_hump
0.9636,0.977,0.0137,0.9965,0.9576,0.0389,0.0322,0.009,0.006,braking
0.9695,0.9819,0.01,1.0029,0.9693,0.0336,0.0155,0.0081,-0.006,braking
1.0042,0.9947,0.0109,1.0076,0.9716,0.036,0.0327,0.0146,0.0327,normal
0.9708,0.9899,0.0191,1.0173,0.9612,0.0561,0.0203,0.0105,0.0051,braking
1.0005,1.0005,0.0074,1.0116,0.9847,0.0269,0.0179,0.0089,-0.0103,normal
1.026,1.4046,0.2508,1.7057,1.002,0.7037,0.2471,0.1537,-0.2022,speed_hump
1.0292,1.0076,0.0104,1.0292,0.9941,0.0351,0.0184,0.0073,0.0184,braking
0.9982,1.0044,0.0134,1.0261,0.9857,0.0403,0.0371,0.012,-0.0039,normal
0.9918,0.9927,0.0091,1.0024,0.9769,0.0255,0.0247,0.0131,0.0149,braking
1.002,1.6648,0.4173,2.1829,1.002,1.1809,0.3844,0.2589,-0.3844,speed_hump
1.0059,1.0095,0.008,1.0206,0.9956,0.025,0.0231,0.0088,0.0012,braking
0.9846,1.2958,0.1905,1.5229,0.9846,0.5383,0.2158,0.1193,-0.2158,speed_hump
1.0319,1.2979,0.1738,1.5389,1.0314,0.5075,0.1506,0.1127,-0.1506,speed_hump
0.9935,0.9948,0.01,1.0177,0.9818,0.0359,0.0359,0.0149,0.0008,normal
0.9925,1.0746,0.3769,2.1255,0.5439,1.5815,1.5815,0.3531,0.4486,pothole
1.0124,1.0123,0.0099,1.0265,0.9978,0.0288,0.0276,0.0145,0.0146,normal
0.9978,0.9962,0.0069,1.0076,0.9846,0.023,0.0114,0.0049,-0.0088,braking
0.9755,0.9854,0.014,1.0063,0.9674,0.0389,0.019,0.0091,0.0059,braking
1.0056,0.9994,0.0113,1.019,0.9849,0.0341,0.0311,0.0102,0.0084,normal
0.996,0.9872,0.0103,1.0022,0.9727,0.0295,0.0276,0.0103,0.0051,braking
0.9875,0.9976,0.0142,1.0196,0.9773,0.0422,0.0379,0.0217,-0.007,normal
1.0346,1.0197,0.015,1.0504,0.9997,0.0507,0.0171,0.009,-0.0157,braking
1.0245,1.1424,0.5818,2.8427,0.5625,2.2802,2.2802,0.5205,0.462,pothole
0.9869,0.9946,0.0137,1.0156,0.9696,0.046,0.0198,0.0122,0.0173,braking
0.9853,0.9923,0.0107,1.0095,0.977,0.0326,0.0203,0.009,0.0025,braking
0.9965,1.0047,0.0083,1.0165,0.989,0.0274,0.0133,0.0091,-0.0113,braking
0.9859,0.9939,0.0093,1.0105,0.9763,0.0342,0.0197,0.0126,-0.0073,normal
0.9951,1.0,0.0134,1.0157,0.979,0.0366,0.0366,0.0203,0.0082,normal
0.9747,0.9909,0.0089,1.0052,0.9747,0.0305,0.0191,0.0074,-0.0028,braking
1.0022,0.9925,0.0127,1.0091,0.9689,0.0402,0.0281,0.0174,0.0199,normal
1.0221,1.0034,0.0116,1.0221,0.9832,0.0389,0.0145,0.0062,0.003,braking
0.9844,1.557,0.3533,1.9668,0.9844,0.9824,0.3339,0.2111,-0.3208,speed_hump
1.0101,1.1159,0.6006,2.8289,0.3717,2.4572,2.4572,0.5542,0.6384,pothole
0.9832,1.003,0.0142,1.0184,0.9737,0.0447,0.0447,0.0192,-0.0286,normal
0.9955,0.9969,0.0055,1.0082,0.9892,0.0191,0.0191,0.0059,-0.006,braking
0.9972,1.0013,0.0121,1.0194,0.9806,0.0388,0.0361,0.0156,0.0166,normal
1.0143,0.9995,0.0108,1.0215,0.9834,0.0381,0.0277,0.0118,0.0145,normal
0.9893,0.9971,0.0075,1.0114,0.986,0.0253,0.0174,0.0076,-0.0004,normal
1.017,1.0694,0.3601,2.0842,0.5897,1.4945,1.4945,0.3404,0.4273,pothole
1.0231,1.0069,0.0085,1.0231,0.9962,0.027,0.0206,0.0122,0.0206,braking
1.0386,1.6325,0.3843,2.0809,1.0341,1.0468,0.3872,0.2321,-0.3453,speed_hump
0.9935,0.989,0.0103,1.0053,0.9747,0.0306,0.0257,0.0142,-0.0065,normal
1.0049,1.0028,0.0113,1.0163,0.9847,0.0316,0.0312,0.0168,-0.0062,normal
0.9954,0.9961,0.0104,1.0149,0.9785,0.0364,0.0188,0.0063,0.0032,normal
0.9846,0.9881,0.003,0.9932,0.9843,0.0088,0.0066,0.0042,-0.0066,braking
0.9872,1.0012,0.0088,1.0108,0.9847,0.0261,0.018,0.0079,-0.01,braking
0.9977,1.0642,0.5082,2.4089,0.2016,2.2073,2.2073,0.495,0.7961,pothole
1.0109,1.0073,0.0072,1.0202,0.9975,0.0227,0.0198,0.0073,-0.002,braking
0.9973,1.0056,0.0072,1.0146,0.9931,0.0215,0.0142,0.0068,-0.0139,normal
0.9929,0.9823,0.0086,0.9933,0.9658,0.0274,0.0158,0.0066,0.0083,braking
0.9972,1.6334,0.4092,2.1232,0.9972,1.126,0.3635,0.25,-0.3635,speed_hump
0.9843,0.9935,0.0126,1.0201,0.9718,0.0483,0.0483,0.0176,-0.0112,normal
0.9982,1.0003,0.013,1.0212,0.9694,0.0518,0.0286,0.0123,-0.0065,normal
1.0346,1.0055,0.0142,1.0346,0.9798,0.0548,0.0219,0.0094,0.0219,braking
1.01,0.9985,0.0099,1.0132,0.9814,0.0318,0.0231,0.0114,0.0231,normal
1.0062,0.9963,0.0106,1.0117,0.9824,0.0293,0.0251,0.015,-0.0055,normal
1.002,1.4713,0.3049,1.8472,0.9864,0.8607,0.2954,0.1895,-0.2954,speed_hump
1.0049,1.0,0.0101,1.0212,0.9856,0.0356,0.029,0.0116,-0.0163,normal
1.0159,1.1604,0.6167,2.9647,0.5541,2.4106,2.4106,0.5452,0.4618,pothole
1.024,1.0119,0.0081,1.024,0.996,0.028,0.028,0.0109,0.028,braking
0.9948,0.9966,0.0069,1.0094,0.9866,0.0228,0.0165,0.0085,-0.0146,normal
1.0029,0.9987,0.0121,1.0222,0.9817,0.0405,0.035,0.0136,0.0035,normal
1.028,1.3871,0.239,1.6703,1.0044,0.666,0.2291,0.1454,-0.2077,speed_hump
1.0115,1.0015,0.0108,1.0224,0.9862,0.0362,0.029,0.0156,0.0109,normal
0.9862,1.001,0.0119,1.0201,0.9844,0.0357,0.0317,0.0146,-0.0235,normal
0.9948,1.2469,0.1621,1.4513,0.9948,0.4565,0.16,0.0988,-0.142,speed_hump
0.988,1.0004,0.0111,1.0203,0.9875,0.0327,0.0327,0.015,-0.0008,normal
0.9904,0.9918,0.0065,1.0005,0.981,0.0195,0.0184,0.0098,-0.0061,braking
1.0061,0.9977,0.007,1.0122,0.9873,0.0249,0.0098,0.0041,-0.0061,braking
1.0283,1.0142,0.0102,1.0317,0.9991,0.0327,0.0163,0.0058,-0.0034,braking
0.9796,1.4038,0.2586,1.7053,0.9796,0.7257,0.2615,0.158,-0.2615,speed_hump
0.9919,1.0011,0.0093,1.0165,0.9895,0.0271,0.0246,0.0135,-0.0246,normal
1.0028,0.9985,0.0051,1.0069,0.9892,0.0177,0.0091,0.0058,0.0082,normal
1.0011,1.0966,0.5448,2.6204,0.34,2.2804,2.2804,0.5115,0.6611,pothole
1.0101,1.5503,0.3469,1.958,1.0002,0.9578,0.3337,0.2118,-0.3041,speed_hump
1.0212,1.4321,0.2697,1.7736,1.0099,0.7637,0.254,0.1685,-0.2204,speed_hump
1.0038,1.1413,0.6864,3.0989,0.2899,2.809,2.809,0.6268,0.7139,pothole
1.0108,1.0023,0.0117,1.0143,0.9737,0.0406,0.0406,0.0127,0.0082,normal
0.9813,0.9944,0.0106,1.0124,0.9785,0.0339,0.0339,0.0183,-0.0211,normal
1.0074,1.1363,0.6842,3.0741,0.2491,2.825,2.825,0.6343,0.7583,pothole
0.9964,0.9969,0.0091,1.0126,0.9855,0.0271,0.0266,0.0124,-0.015,normal
0.9992,0.9979,0.0095,1.0083,0.981,0.0273,0.024,0.0076,-0.0087,normal
0.9941,1.2208,0.8361,3.6977,0.5536,3.1441,3.1441,0.7097,0.4405,pothole
0.9851,0.9993,0.0108,1.0161,0.9836,0.0325,0.027,0.0138,-0.0211,normal
1.0102,1.005,0.0104,1.0179,0.9831,0.0348,0.0293,0.0153,0.0049,normal
1.0052,0.9969,0.0151,1.0274,0.9774,0.05,0.0348,0.0191,0.0097,normal
0.9934,1.0051,0.0118,1.0249,0.9833,0.0416,0.0304,0.0142,-0.006,normal
0.9918,1.0032,0.0094,1.0193,0.9876,0.0317,0.0317,0.0158,-0.0117,normal
1.0241,1.2238,0.8256,3.6636,0.53,3.1336,3.1336,0.7038,0.494,pothole
1.0285,1.1108,0.5711,2.7096,0.3227,2.387,2.387,0.5453,0.7058,pothole
0.9734,0.9907,0.0127,1.0073,0.97,0.0373,0.0324,0.0162,-0.0224,normal
0.9775,1.3008,0.1906,1.5139,0.9775,0.5364,0.2187,0.1166,-0.2187,speed_hump
0.9962,1.2065,0.844,3.6672,0.3413,3.3259,3.3259,0.7498,0.655,pothole
1.005,0.9961,0.0066,1.005,0.9795,0.0255,0.0175,0.007,0.0112,normal
1.0007,1.6882,0.4248,2.2112,1.0007,1.2104,0.3998,0.2649,-0.3998,speed_hump
0.9988,1.2859,0.1803,1.5011,0.9988,0.5023,0.1794,0.1108,-0.1735,speed_hump
1.0121,1.0002,0.0121,1.017,0.9776,0.0394,0.0345,0.0151,0.0345,normal
0.975,0.9885,0.0063,0.998,0.975,0.023,0.0088,0.0048,-0.0088,braking
0.9934,1.1808,0.7489,3.3654,0.4185,2.9469,2.9469,0.6642,0.575,pothole
0.9727,0.9854,0.0075,0.9989,0.9727,0.0262,0.0149,0.0074,-0.0057,braking
0.9976,0.9953,0.0115,1.0143,0.9816,0.0327,0.0232,0.0132,0.016,normal
1.0028,1.1572,0.7079,3.188,0.3156,2.8724,2.8724,0.648,0.6872,pothole
1.0023,1.5075,0.3249,1.8916,0.9774,0.9142,0.3281,0.2004,-0.3039,speed_hump
0.9965,1.0997,0.4659,2.4383,0.5533,1.885,1.885,0.4257,0.4433,pothole
1.0027,1.0012,0.0185,1.0377,0.9744,0.0633,0.0633,0.0256,-0.01,normal
0.9915,0.9995,0.0101,1.0142,0.9856,0.0286,0.0282,0.0126,-0.0167,normal
1.0008,1.0022,0.0119,1.0186,0.9816,0.037,0.0337,0.0173,-0.0133,normal
0.9883,1.1628,0.7558,3.3418,0.2983,3.0435,3.0435,0.682,0.6899,pothole
0.9908,1.1904,0.819,3.5753,0.3389,3.2365,3.2365,0.7252,0.6519,pothole
0.9745,1.4234,0.2736,1.7747,0.9745,0.8001,0.2792,0.174,-0.2792,speed_hump
0.9785,0.9981,0.0133,1.0257,0.9785,0.0472,0.0416,0.0192,-0.0246,normal
1.0209,1.0092,0.0104,1.0254,0.9913,0.034,0.0177,0.0095,-0.0045,braking
1.0084,0.9961,0.0132,1.02,0.9676,0.0524,0.0317,0.0168,0.0111,normal
0.9909,1.2075,0.8088,3.5928,0.5021,3.0907,3.0907,0.6976,0.4888,pothole
0.9899,1.0014,0.0125,1.0182,0.9744,0.0439,0.0439,0.0192,-0.0192,normal
1.026,1.2832,0.1741,1.5022,1.0006,0.5016,0.1742,0.1086,-0.1556,speed_hump
1.011,1.0048,0.0072,1.0123,0.9885,0.0237,0.0137,0.0063,0.0071,braking
0.9945,1.1866,0.7684,3.4267,0.3976,3.029,3.029,0.6768,0.5968,pothole
1.0007,1.5928,0.3756,2.054,1.0007,1.0532,0.3639,0.2312,-0.3339,speed_hump
1.0079,1.0093,0.0095,1.0231,0.9943,0.0288,0.0243,0.0092,-0.0042,braking
1.018,0.9983,0.012,1.018,0.9768,0.0412,0.0314,0.0111,0.0122,normal
0.9992,1.0,0.0091,1.0147,0.9842,0.0305,0.0207,0.009,0.0088,normal
1.0165,1.1227,0.6089,2.855,0.3554,2.4996,2.4996,0.568,0.6611,pothole
0.9731,1.5264,0.3336,1.9271,0.9731,0.954,0.3569,0.2077,-0.3569,speed_hump
1.004,1.1057,0.5745,2.7127,0.3086,2.4041,2.4041,0.5399,0.6954,pothole
1.0426,1.1904,0.8227,3.5717,0.2822,3.2895,3.2895,0.7428,0.7604,pothole
0.984,1.3077,0.1934,1.538,0.984,0.554,0.1997,0.1171,-0.1685,speed_hump
1.0223,1.018,0.0109,1.0357,1.003,0.0327,0.0192,0.0102,-0.0135,braking
1.0056,1.5566,0.3517,1.9979,1.0056,0.9923,0.3411,0.2199,-0.2992,speed_hump
1.0159,1.0068,0.0138,1.0244,0.9799,0.0445,0.0445,0.0152,0.0218,normal
1.0041,1.1849,0.8333,3.5908,0.2434,3.3474,3.3474,0.754,0.7607,pothole
1.0231,1.4088,0.2606,1.7319,1.0013,0.7306,0.2856,0.1599,-0.164,speed_hump
1.0141,1.6224,0.3929,2.0834,0.9871,1.0963,0.3906,0.2406,-0.3461,speed_hump
1.001,1.0006,0.0074,1.0123,0.9871,0.0252,0.0148,0.0081,0.0139,normal
1.0177,1.0074,0.0096,1.0187,0.9876,0.0311,0.0271,0.0118,-0.001,braking
0.9893,1.5997,0.3844,2.0698,0.9863,1.0836,0.3938,0.2405,-0.3861,speed_hump
0.9909,1.6619,0.4125,2.1454,0.9909,1.1545,0.4393,0.2547,-0.4393,speed_hump
0.9872,0.9997,0.0115,1.0248,0.9872,0.0376,0.0376,0.0151,-0.0376,normal
1.0055,1.173,0.7755,3.4151,0.3079,3.1072,3.1072,0.7029,0.6976,pothole
0.9965,1.0109,0.0079,1.0222,0.9965,0.0257,0.0148,0.0064,-0.0018,braking
0.966,0.988,0.0153,1.0101,0.965,0.045,0.0412,0.0172,-0.0098,normal
0.9909,0.9967,0.0087,1.0111,0.9818,0.0294,0.0294,0.0137,-0.0144,normal
0.9594,0.9792,0.0135,1.005,0.9594,0.0455,0.014,0.006,-0.0024,braking
0.9716,0.9911,0.0138,1.024,0.9716,0.0524,0.0214,0.0092,-0.0133,braking
0.9785,1.3685,0.2384,1.6378,0.9785,0.6593,0.2378,0.1443,-0.2378,speed_hump
1.0033,1.0031,0.0107,1.0189,0.982,0.0368,0.0269,0.0117,-0.005,normal
1.019,1.0007,0.0129,1.019,0.9727,0.0463,0.0182,0.0119,0.0085,braking
1.0108,0.9968,0.0111,1.0217,0.9831,0.0386,0.0243,0.0098,0.0106,normal
1.0047,0.9958,0.0173,1.0181,0.9557,0.0623,0.0471,0.0251,0.0205,normal
1.0056,1.137,0.5466,2.7344,0.5927,2.1417,2.1417,0.4864,0.4129,pothole
0.9822,1.001,0.0119,1.0157,0.9822,0.0335,0.0305,0.0162,-0.0216,normal
0.9925,1.6141,0.3935,2.0852,0.9925,1.0928,0.3794,0.2427,-0.3667,speed_hump
0.987,1.5377,0.3458,1.9528,0.9848,0.9681,0.3445,0.2149,-0.3341,speed_hump
1.0031,0.998,0.0111,1.0174,0.9811,0.0362,0.0253,0.0151,-0.0089,normal
1.0136,1.1713,0.7474,3.3193,0.2937,3.0256,3.0256,0.6781,0.7199,pothole
1.0315,1.0126,0.0129,1.0315,0.9825,0.0491,0.0272,0.0084,0.0092,braking
0.9754,0.9847,0.0125,1.0056,0.9649,0.0408,0.0238,0.0117,0.0106,braking
0.9921,0.9989,0.0078,1.0107,0.9818,0.0289,0.0174,0.0075,-0.008,normal
1.0024,1.0001,0.0044,1.0053,0.991,0.0142,0.0142,0.0062,0.0114,braking
1.0391,1.5937,0.3726,2.0638,0.974,1.0898,0.3857,0.2349,-0.3255,speed_hump
0.9958,1.3236,0.2178,1.5917,0.967,0.6247,0.2167,0.1356,-0.1878,speed_hump
1.002,1.4856,0.3021,1.8417,0.9985,0.8433,0.3275,0.187,-0.284,speed_hump
1.0036,1.0053,0.007,1.0131,0.9894,0.0237,0.0237,0.0096,-0.0025,braking
0.9952,1.0072,0.0127,1.0314,0.9841,0.0473,0.0259,0.0116,-0.011,braking
0.998,0.994,0.0089,1.0151,0.9821,0.033,0.033,0.0137,0.0132,normal
0.9591,0.9781,0.0121,0.999,0.9591,0.0399,0.0156,0.0075,-0.0018,braking
1.0027,1.187,0.7211,3.321,0.5979,2.7231,2.7231,0.6179,0.4048,pothole
0.9838,1.2228,0.8439,3.7166,0.5134,3.2031,3.2031,0.7267,0.4703,pothole
0.993,1.0505,0.4575,2.2486,0.2529,1.9956,1.9956,0.4513,0.74,pothole
1.0011,1.0015,0.014,1.0252,0.979,0.0461,0.0443,0.0194,0.0221,normal
1.0234,1.4667,0.2924,1.8229,0.9954,0.8274,0.2989,0.1808,-0.2701,speed_hump
1.0186,1.3278,0.2151,1.5992,0.9695,0.6297,0.2129,0.1345,-0.1604,speed_hump
1.0082,1.004,0.0065,1.0169,0.9944,0.0225,0.0105,0.0059,-0.0087,braking
1.0101,1.3365,0.2081,1.5998,1.0101,0.5897,0.206,0.131,-0.177,speed_hump
0.9976,1.1928,0.7936,3.5212,0.4409,3.0803,3.0803,0.6949,0.5567,pothole
1.0083,0.994,0.013,1.012,0.9707,0.0414,0.0179,0.0077,0.0015,braking
0.9957,1.0023,0.0089,1.0142,0.9877,0.0265,0.0224,0.0115,-0.0035,normal
0.9747,0.9935,0.011,1.0095,0.9747,0.0348,0.0173,0.0074,-0.0116,braking
0.9896,1.0519,0.402,2.1449,0.4247,1.7202,1.7202,0.3934,0.5649,pothole
0.9982,1.3913,0.2527,1.6938,0.9969,0.6969,0.2329,0.1547,-0.2329,speed_hump
0.9787,0.9893,0.0149,1.0218,0.9724,0.0495,0.0247,0.0102,-0.0016,braking
1.0007,0.9982,0.0077,1.0109,0.9855,0.0254,0.0152,0.0111,0.0152,normal
1.0318,1.0207,0.0107,1.033,1.0002,0.0328,0.0252,0.0083,0.0019,braking
1.0386,1.2442,0.152,1.4298,0.9984,0.4314,0.1918,0.0914,-0.0947,speed_hump
1.0218,1.438,0.2727,1.7662,1.0137,0.7525,0.2494,0.1663,-0.2204,speed_hump
0.9995,1.5091,0.3353,1.9043,0.967,0.9373,0.3313,0.2047,-0.2732,speed_hump
0.9791,0.9988,0.0146,1.0284,0.9791,0.0493,0.0329,0.0161,-0.0075,normal
0.9795,0.9911,0.0128,1.0083,0.9735,0.0349,0.0265,0.01,-0.0,braking
0.9932,1.6587,0.419,2.1627,0.9932,1.1696,0.4028,0.2568,-0.4028,speed_hump
0.9807,0.9859,0.0059,0.9963,0.9803,0.016,0.016,0.0066,-0.0026,braking
0.9933,0.9976,0.0155,1.0309,0.973,0.0579,0.0579,0.0169,-0.014,normal
1.0084,0.9929,0.0091,1.0084,0.9789,0.0295,0.025,0.0114,0.0188,braking
0.9993,1.1052,0.5668,2.7107,0.3713,2.3394,2.3394,0.5292,0.6281,pothole
0.9917,0.9959,0.0091,1.0086,0.9835,0.0252,0.0177,0.0081,-0.017,braking
0.994,1.0008,0.0132,1.0263,0.9832,0.0431,0.0382,0.0204,-0.0072,normal
1.0115,1.1803,0.8009,3.4939,0.2802,3.2137,3.2137,0.7254,0.7312,pothole
1.0177,1.2876,0.175,1.4929,1.0166,0.4763,0.1666,0.1057,-0.1497,speed_hump
0.9913,1.0027,0.0129,1.0238,0.9841,0.0397,0.0397,0.0195,-0.0155,normal
1.0279,1.0138,0.0122,1.037,0.9987,0.0382,0.0357,0.0173,0.0243,braking
0.9834,1.174,0.744,3.3462,0.4227,2.9235,2.9235,0.6579,0.5606,pothole
1.001,1.2107,0.8691,3.7608,0.3885,3.3723,3.3723,0.7563,0.6125,pothole
0.9862,0.9945,0.0089,1.007,0.9783,0.0287,0.0287,0.0108,0.0079,braking
1.0092,0.9982,0.0077,1.0143,0.9904,0.0239,0.0236,0.0078,0.0134,normal
0.9999,1.1012,0.5184,2.5802,0.4608,2.1194,2.1194,0.4787,0.5391,pothole
0.9792,1.6351,0.4134,2.146,0.9746,1.1713,0.4144,0.2598,-0.4144,speed_hump
1.0161,1.6011,0.3707,2.0339,1.0161,1.0179,0.3431,0.2258,-0.3358,speed_hump
0.9951,1.0023,0.0154,1.0273,0.9811,0.0462,0.0403,0.0177,-0.0321,normal
1.0205,1.2532,0.1563,1.448,0.989,0.459,0.1648,0.0985,-0.1548,speed_hump
0.987,1.672,0.4246,2.1656,0.987,1.1786,0.4341,0.2601,-0.4341,speed_hump
1.055,1.0201,0.0165,1.055,0.9954,0.0597,0.0261,0.0096,0.0261,braking
0.9804,1.2806,0.1892,1.5151,0.9804,0.5347,0.1877,0.1184,-0.1857,speed_hump
1.0063,1.2146,0.8427,3.6906,0.432,3.2586,3.2586,0.7296,0.5743,pothole
0.9814,0.9932,0.011,1.0137,0.9814,0.0323,0.0161,0.006,-0.0018,braking
0.969,0.9758,0.0138,0.9938,0.9556,0.0382,0.0272,0.0121,0.0107,braking
1.0086,1.6733,0.4246,2.1588,0.9855,1.1733,0.4493,0.2582,-0.3613,speed_hump
0.9975,1.0019,0.0082,1.0106,0.9851,0.0255,0.0253,0.0117,-0.0107,normal
1.0273,1.5768,0.3553,1.9941,1.0038,0.9903,0.342,0.2174,-0.342,speed_hump
1.032,1.0199,0.0101,1.0347,1.0035,0.0312,0.0215,0.0119,0.0121,braking
1.0148,0.9982,0.0094,1.0148,0.983,0.0318,0.0237,0.0124,0.0237,normal
0.9832,1.1586,0.7599,3.3309,0.2305,3.1004,3.1004,0.6967,0.7527,pothole
0.9907,1.0052,0.0183,1.0378,0.975,0.0628,0.0513,0.0249,-0.0324,normal
0.9978,0.9937,0.0083,1.0055,0.975,0.0305,0.0305,0.0111,-0.0058,normal
0.9998,1.1011,0.5678,2.6788,0.288,2.3908,2.3908,0.5416,0.7118,pothole
0.9982,1.0042,0.0124,1.0298,0.9866,0.0433,0.04,0.0166,-0.0171,normal
0.9924,1.1972,0.8559,3.6951,0.328,3.367,3.367,0.7541,0.6644,pothole
1.0056,1.4685,0.3006,1.828,0.986,0.842,0.2885,0.1849,-0.2858,speed_hump
0.9941,0.9876,0.007,0.9951,0.9714,0.0236,0.0197,0.0094,0.0009,braking
0.9996,1.1263,0.6357,2.9417,0.345,2.5968,2.5968,0.5891,0.6546,pothole
1.0101,1.005,0.0128,1.0248,0.9832,0.0416,0.0416,0.0183,0.0079,normal
1.0187,1.0175,0.0053,1.0274,1.0075,0.0199,0.0125,0.0057,-0.0012,braking
1.0132,1.0009,0.0086,1.0132,0.9816,0.0317,0.0217,0.0074,0.006,braking
0.9953,1.004,0.0123,1.0239,0.988,0.0359,0.0315,0.0136,-0.0099,normal
1.0217,1.0065,0.0135,1.0307,0.9916,0.0392,0.0319,0.0216,0.0293,normal
1.0037,1.5908,0.3773,2.043,0.9882,1.0548,0.3704,0.2327,-0.3368,speed_hump
0.997,1.1713,0.7069,3.2508,0.527,2.7238,2.7238,0.6143,0.47,pothole
0.9863,0.9949,0.0071,1.0085,0.9822,0.0262,0.0221,0.0094,-0.0221,braking
1.0206,1.0016,0.0137,1.0228,0.9837,0.0391,0.0391,0.0181,0.0339,normal
1.0001,1.0031,0.0133,1.0251,0.9807,0.0444,0.0444,0.02,-0.0242,normal
0.9997,1.2809,0.1795,1.5125,0.9943,0.5182,0.1771,0.1145,-0.1771,speed_hump
1.0029,0.9952,0.0076,1.0091,0.983,0.0261,0.0213,0.0083,-0.0008,braking
0.9892,1.2061,0.8594,3.7176,0.3486,3.369,3.369,0.752,0.6406,pothole
1.0161,0.9964,0.0111,1.0161,0.9819,0.0341,0.0272,0.0145,0.0123,normal
1.0012,1.0021,0.0134,1.0317,0.982,0.0498,0.0498,0.018,-0.0119,normal
1.0387,1.0212,0.011,1.0399,1.0045,0.0354,0.0247,0.0101,0.0113,braking
1.004,1.0708,0.4435,2.3006,0.4302,1.8703,1.8703,0.4257,0.5738,pothole
0.9972,1.2867,0.1787,1.4986,0.9829,0.5157,0.2535,0.113,-0.1792,speed_hump
1.0076,0.9955,0.0087,1.0076,0.9818,0.0257,0.0257,0.0151,0.0257,normal
1.0268,1.6842,0.429,2.194,0.992,1.202,0.4165,0.2632,-0.3889,speed_hump
1.0173,1.0083,0.0081,1.0207,0.9958,0.0249,0.0123,0.0053,0.0043,braking
1.0056,0.9999,0.0052,1.0068,0.9917,0.015,0.0139,0.0064,0.0139,normal
0.9847,0.9982,0.0124,1.0148,0.9713,0.0434,0.0237,0.0133,-0.012,normal
0.9944,1.0012,0.0115,1.018,0.9864,0.0317,0.0278,0.0146,-0.0218,normal
1.0041,1.0004,0.0089,1.0128,0.985,0.0279,0.0153,0.0074,0.0008,normal
1.0087,0.9964,0.0087,1.0087,0.9842,0.0245,0.0171,0.008,0.0127,braking
1.002,1.4584,0.2861,1.7716,1.002,0.7697,0.2626,0.1692,-0.2626,speed_hump
1.0063,1.157,0.6876,3.1515,0.4135,2.738,2.738,0.6198,0.5928,pothole
0.988,1.001,0.0086,1.0131,0.9875,0.0256,0.0165,0.0091,-0.0153,normal
0.9792,1.1662,0.706,3.2274,0.4535,2.7739,2.7739,0.6221,0.5256,pothole
1.0123,0.9996,0.0143,1.0202,0.9795,0.0406,0.0331,0.0188,0.0074,braking
0.997,0.9989,0.0099,1.0208,0.9853,0.0355,0.0315,0.0121,-0.0043,normal
1.0083,1.0073,0.0051,1.014,0.9954,0.0186,0.0166,0.0065,0.0027,braking
1.0098,1.1563,0.7211,3.2377,0.3397,2.898,2.898,0.6496,0.6701,pothole
1.005,0.9925,0.0139,1.0133,0.9712,0.042,0.0233,0.0115,-0.0083,normal
1.0126,1.1206,0.5667,2.7574,0.4827,2.2747,2.2747,0.5168,0.5299,pothole
0.9948,0.998,0.0147,1.0214,0.9769,0.0446,0.0446,0.0213,-0.0267,normal
1.0206,1.6184,0.3916,2.0667,0.9645,1.1022,0.4324,0.2387,-0.3529,speed_hump
1.0102,0.9977,0.0104,1.0167,0.9837,0.033,0.033,0.0169,0.0165,normal
0.9882,1.2955,0.1842,1.5171,0.9882,0.529,0.2011,0.1135,-0.2011,speed_hump
0.9959,1.0795,0.4512,2.3259,0.4177,1.9082,1.9082,0.4345,0.5782,pothole
1.0365,1.0138,0.0116,1.0365,0.9973,0.0391,0.0281,0.0103,0.0281,braking
0.9981,1.0044,0.0153,1.0266,0.9796,0.0471,0.0298,0.0142,-0.0285,normal
1.0063,1.3442,0.2188,1.5918,0.9925,0.5993,0.209,0.1316,-0.2012,speed_hump
1.0013,1.0022,0.0106,1.0167,0.983,0.0337,0.0216,0.0135,-0.0154,normal
1.0167,1.0372,0.3756,2.0072,0.3607,1.6466,1.6466,0.3774,0.656,pothole
0.9754,1.0,0.0114,1.0169,0.9754,0.0415,0.0237,0.0144,-0.0171,normal
1.042,1.0221,0.0102,1.042,1.0067,0.0353,0.0169,0.0066,0.0169,braking
0.9637,1.2602,0.1687,1.4648,0.9637,0.5011,0.1893,0.1057,-0.1893,speed_hump
1.0151,0.9973,0.0095,1.0151,0.9818,0.0333,0.0272,0.0131,0.0205,normal
1.0099,1.0049,0.0101,1.0222,0.9877,0.0345,0.0345,0.016,0.0148,normal
1.0124,0.9981,0.0085,1.0124,0.9884,0.024,0.0218,0.0077,0.0017,normal
1.0182,1.0152,0.009,1.0321,1.0035,0.0286,0.0231,0.011,0.0019,braking
1.0066,1.0034,0.0101,1.0182,0.9869,0.0313,0.0291,0.0162,0.0046,normal
0.9851,0.9924,0.0103,1.01,0.976,0.034,0.0317,0.0135,-0.0225,normal
0.966,1.3281,0.2171,1.5777,0.966,0.6117,0.23,0.1313,-0.23,speed_hump
0.9971,1.0,0.0115,1.0241,0.9831,0.0409,0.0253,0.0134,0.0044,normal
0.9537,1.5368,0.3484,1.9604,0.9537,1.0067,0.3543,0.2176,-0.3543,speed_hump
1.0029,1.5219,0.3315,1.9179,0.9799,0.938,0.3215,0.2059,-0.3179,speed_hump
1.0053,0.9995,0.0087,1.0087,0.9853,0.0233,0.0232,0.0127,-0.0032,normal
0.966,0.9799,0.0112,0.9983,0.9592,0.0391,0.019,0.0105,0.0068,braking
1.0323,1.0168,0.0146,1.0433,0.9939,0.0494,0.0217,0.0133,-0.011,braking
1.0295,1.0167,0.0133,1.0375,0.9994,0.0382,0.02,0.0107,-0.008,braking
0.9961,1.638,0.4088,2.1474,0.9831,1.1643,0.426,0.2573,-0.426,speed_hump
0.9983,1.2287,0.8352,3.7039,0.5682,3.1357,3.1357,0.7101,0.4301,pothole
0.9964,0.9987,0.0114,1.0148,0.9817,0.0331,0.0331,0.0163,0.0119,normal
1.0052,1.002,0.0057,1.0098,0.9939,0.0159,0.0141,0.0067,0.0032,braking
1.0177,1.001,0.0104,1.0177,0.9813,0.0364,0.026,0.0116,0.0137,normal
0.9617,0.9754,0.0139,0.9987,0.9532,0.0455,0.0242,0.0098,0.0085,braking
1.0362,1.0252,0.0091,1.0423,1.0149,0.0274,0.022,0.0075,-0.0061,braking
1.0179,1.0017,0.0091,1.0179,0.9815,0.0365,0.0265,0.0102,0.0115,normal
0.981,1.2619,0.1678,1.4385,0.981,0.4575,0.174,0.0984,-0.174,speed_hump
1.0392,1.6105,0.3773,2.0646,0.9878,1.0768,0.398,0.2336,-0.3349,speed_hump
0.9868,0.9954,0.0084,1.0091,0.9797,0.0294,0.0191,0.008,-0.0014,normal
0.9788,1.0033,0.014,1.0331,0.9788,0.0543,0.0284,0.0147,-0.0209,normal
1.0002,1.0452,0.388,2.0837,0.4079,1.6758,1.6758,0.382,0.5923,pothole
1.0356,1.0806,0.5355,2.5376,0.2477,2.2899,2.2899,0.5216,0.7879,pothole
1.0002,1.0015,0.0121,1.0206,0.9852,0.0354,0.0335,0.0214,-0.0173,normal
1.0133,1.0029,0.01,1.016,0.9858,0.0302,0.0186,0.0106,-0.0027,braking
0.9905,0.9944,0.0101,1.0145,0.9817,0.0328,0.0328,0.0138,0.0023,normal
1.0093,1.348,0.2273,1.638,0.9686,0.6694,0.256,0.1442,-0.2044,speed_hump
0.9737,0.9919,0.012,1.0163,0.9737,0.0426,0.0304,0.0156,-0.0141,braking
0.9972,1.0031,0.0157,1.0324,0.9723,0.0601,0.0368,0.02,-0.0352,normal
0.9769,0.9988,0.0129,1.0207,0.9769,0.0438,0.0427,0.0106,-0.0427,normal
1.0149,1.0019,0.0141,1.022,0.9794,0.0425,0.0378,0.021,0.0162,normal
0.9776,1.0004,0.0128,1.0198,0.9776,0.0422,0.0278,0.0157,-0.0278,normal
1.0202,1.1829,0.73,3.3329,0.533,2.7999,2.7999,0.6397,0.4872,pothole
1.004,0.9991,0.0055,1.01,0.9918,0.0182,0.0138,0.006,0.0117,braking
0.9854,0.9881,0.0073,1.0011,0.9752,0.0259,0.0259,0.0094,-0.0014,braking
1.0118,0.9967,0.0118,1.0138,0.9821,0.0318,0.0238,0.0077,0.0062,braking
1.0243,0.9926,0.0115,1.0243,0.9805,0.0438,0.0438,0.0108,0.0438,normal
0.9842,1.3797,0.2446,1.6656,0.9842,0.6814,0.2644,0.15,-0.2269,speed_hump
1.0195,1.0057,0.0152,1.031,0.9836,0.0474,0.0406,0.0201,0.0127,normal
1.0092,0.9994,0.0108,1.0172,0.9794,0.0378,0.0257,0.013,0.0102,normal
1.0071,1.0003,0.0098,1.017,0.9838,0.0332,0.0332,0.0102,-0.0099,normal
1.023,1.1699,0.6701,3.1297,0.5079,2.6217,2.6217,0.5988,0.5151,pothole
0.9886,1.0496,0.4635,2.248,0.2167,2.0313,2.0313,0.4596,0.772,pothole
1.0193,1.6165,0.3891,2.0749,1.0193,1.0556,0.39,0.2336,-0.2904,speed_hump
1.0007,0.9865,0.0087,1.0027,0.9737,0.0291,0.027,0.0099,0.027,braking
1.0012,0.9961,0.0082,1.0066,0.9771,0.0295,0.0224,0.0085,0.0018,braking
0.9858,1.0001,0.0086,1.0149,0.9858,0.0291,0.022,0.0097,-0.0128,normal
0.9917,1.5209,0.3336,1.9247,0.9841,0.9406,0.3458,0.2082,-0.3458,speed_hump
1.0067,1.0038,0.0093,1.0221,0.9881,0.034,0.0238,0.0079,0.0027,normal
0.9722,1.3892,0.2486,1.6941,0.9722,0.7219,0.2524,0.1552,-0.2524,speed_hump
0.9963,0.9974,0.0099,1.0149,0.9829,0.0319,0.0295,0.0132,0.0079,normal
1.0123,1.1277,0.6331,2.9207,0.3063,2.6144,2.6144,0.5906,0.706,pothole
0.992,1.001,0.0067,1.0098,0.9909,0.0189,0.0153,0.0082,-0.0138,braking
0.9813,1.5532,0.3471,1.9919,0.9813,1.0106,0.3731,0.2193,-0.3731,speed_hump
0.9912,1.1129,0.5766,2.7639,0.4171,2.3468,2.3468,0.5302,0.5741,pothole
1.0326,1.0043,0.0124,1.0326,0.9893,0.0433,0.0358,0.0117,0.0358,normal
0.9872,0.9965,0.0116,1.0234,0.9812,0.0422,0.0354,0.0156,-0.0143,normal
0.9871,1.0008,0.0107,1.0187,0.9839,0.0348,0.0284,0.0118,0.0032,normal
0.9841,1.0032,0.0132,1.0232,0.9841,0.0391,0.0321,0.0117,-0.0095,normal
1.016,1.104,0.5332,2.5899,0.3504,2.2395,2.2395,0.5026,0.6656,pothole
1.003,1.345,0.2148,1.6037,1.003,0.6007,0.2118,0.1328,-0.1997,speed_hump
1.0031,1.5311,0.3374,1.9357,1.0031,0.9326,0.3179,0.2071,-0.3131,speed_hump
1.0072,1.0002,0.0112,1.0197,0.9857,0.034,0.034,0.0192,0.0112,normal
0.9973,1.1185,0.6153,2.8568,0.3079,2.5488,2.5488,0.5719,0.6894,pothole
1.0132,1.4821,0.3088,1.8453,0.9614,0.8839,0.3481,0.1907,-0.2867,speed_hump
0.9957,1.0009,0.0096,1.014,0.982,0.032,0.03,0.0129,-0.0048,normal
0.9827,0.9916,0.0131,1.0131,0.9759,0.0372,0.0336,0.0181,-0.0188,braking
0.9769,1.0032,0.0127,1.022,0.9769,0.0451,0.0285,0.0146,-0.0279,normal
1.0323,1.0236,0.0082,1.0358,1.0082,0.0276,0.0129,0.0061,-0.0035,braking
0.9989,1.4168,0.2651,1.733,0.9989,0.734,0.2488,0.1629,-0.2472,speed_hump
0.9847,1.5723,0.3606,2.0059,0.9847,1.0212,0.3945,0.2256,-0.3945,speed_hump
1.0068,1.0859,0.5677,2.6383,0.2184,2.4199,2.4199,0.5476,0.7883,pothole
0.9763,1.2365,0.1534,1.4099,0.9763,0.4336,0.1635,0.0932,-0.1635,speed_hump
0.98,1.1592,0.701,3.1846,0.3731,2.8115,2.8115,0.6346,0.6069,pothole
1.0102,1.0043,0.019,1.0293,0.97,0.0593,0.0575,0.02,0.0031,normal
0.9974,1.0032,0.0114,1.0228,0.984,0.0388,0.0209,0.0099,0.0028,normal
1.0377,1.0092,0.0155,1.0377,0.9726,0.065,0.0319,0.0099,0.0218,braking
1.0064,1.1405,0.6864,3.1008,0.2958,2.805,2.805,0.6296,0.7106,pothole
1.0006,1.2044,0.751,3.4219,0.5636,2.8582,2.8582,0.6488,0.4369,pothole
0.976,1.6321,0.4037,2.1266,0.976,1.1507,0.3954,0.2519,-0.3811,speed_hump
0.9937,0.9966,0.0111,1.0137,0.9762,0.0375,0.0268,0.0191,-0.0115,normal
1.0299,1.1911,0.746,3.3837,0.5031,2.8806,2.8806,0.6512,0.5268,pothole
0.9964,1.0003,0.0042,1.006,0.9931,0.0129,0.0079,0.0043,-0.007,braking
0.9899,1.0795,0.4321,2.2884,0.4808,1.8076,1.8076,0.4096,0.509,pothole
0.9993,1.5732,0.3589,1.9985,0.9993,0.9992,0.3509,0.221,-0.3509,speed_hump
1.024,1.105,0.5749,2.7107,0.3019,2.4088,2.4088,0.5503,0.7221,pothole
0.994,0.9988,0.011,1.0154,0.9848,0.0305,0.0293,0.0118,-0.0073,normal
0.9609,0.9764,0.0086,0.986,0.9609,0.0251,0.0072,0.0046,-0.0024,braking
1.0022,1.0018,0.0069,1.016,0.9902,0.0258,0.017,0.0086,0.0074,normal
1.0105,1.0059,0.0083,1.021,0.9892,0.0318,0.0234,0.0133,0.0096,braking
0.9704,0.9804,0.0108,0.9956,0.9607,0.0349,0.017,0.0098,0.0097,braking
0.9954,0.9999,0.0102,1.0173,0.9828,0.0345,0.0345,0.015,-0.0055,normal
1.0054,1.0023,0.0087,1.0153,0.9886,0.0268,0.0268,0.0083,-0.0054,normal
0.9885,1.1939,0.7826,3.4942,0.4718,3.0224,3.0224,0.68,0.5166,pothole
0.982,1.0032,0.0118,1.0209,0.982,0.0389,0.0258,0.0106,-0.0258,normal
0.9749,1.0734,0.4141,2.2218,0.4761,1.7457,1.7457,0.3944,0.4988,pothole
1.0076,1.0512,0.3586,2.0182,0.4757,1.5425,1.5425,0.3481,0.5319,pothole
0.9973,1.5201,0.3361,1.9157,0.9853,0.9304,0.3246,0.2054,-0.2991,speed_hump
0.977,1.0004,0.0135,1.0239,0.977,0.0469,0.0331,0.0141,-0.0233,normal
0.965,0.9819,0.0153,1.0078,0.9602,0.0476,0.0281,0.0153,-0.0247,braking
0.9914,1.067,0.4592,2.3367,0.3956,1.9411,1.9411,0.4426,0.5958,pothole
1.0059,1.526,0.3337,1.9161,1.0022,0.9138,0.317,0.2027,-0.3065,speed_hump
0.9836,1.4841,0.3185,1.8681,0.9835,0.8845,0.2988,0.1966,-0.2908,speed_hump
0.9922,1.4161,0.2724,1.7303,0.9721,0.7582,0.2728,0.1663,-0.2558,speed_hump
0.9978,0.9945,0.0136,1.0255,0.9667,0.0588,0.0588,0.0174,0.0311,normal
0.9782,1.2689,0.1782,1.4941,0.9737,0.5204,0.2133,0.1151,-0.2133,speed_hump
0.9798,1.1008,0.4845,2.4882,0.5179,1.9703,1.9703,0.4407,0.4619,pothole
1.0075,0.9994,0.0118,1.0245,0.9865,0.038,0.038,0.0139,0.0202,normal
1.0019,0.9984,0.0064,1.0135,0.9901,0.0233,0.0233,0.0079,0.0058,normal
1.0107,1.0806,0.4997,2.4633,0.3526,2.1108,2.1108,0.4815,0.6581,pothole
0.9933,0.9997,0.0107,1.02,0.9826,0.0373,0.0186,0.0112,-0.0099,normal
1.0139,1.0003,0.0118,1.0179,0.9791,0.0388,0.0331,0.0157,0.0291,normal
1.0002,1.2767,0.179,1.4943,0.9868,0.5075,0.1956,0.1113,-0.1956,speed_hump
1.0206,1.0103,0.0075,1.0206,0.9941,0.0265,0.0265,0.0083,0.0265,braking
1.0017,0.9982,0.0063,1.0106,0.9897,0.0209,0.0175,0.0058,-0.0008,braking
1.0091,1.2185,0.8048,3.602,0.5713,3.0307,3.0307,0.6834,0.4378,pothole
1.0008,0.9957,0.0121,1.0204,0.9782,0.0423,0.0372,0.0152,0.01,normal
0.9939,1.002,0.0113,1.0207,0.9846,0.0362,0.0264,0.0134,0.0094,normal
1.0461,1.0202,0.0142,1.0461,1.004,0.0421,0.0269,0.0082,0.0042,braking
1.009,1.0017,0.0136,1.0296,0.977,0.0526,0.0319,0.0156,-0.0047,normal
1.0083,1.0034,0.0139,1.0284,0.9834,0.0449,0.0378,0.0195,0.0244,normal
0.9888,1.2124,0.8229,3.6479,0.541,3.1069,3.1069,0.6978,0.4478,pothole
1.0119,1.0146,0.0053,1.0216,1.0034,0.0182,0.0101,0.0069,0.0004,braking
0.9926,1.2184,0.8197,3.64,0.5252,3.1147,3.1147,0.6963,0.4674,pothole
0.9972,0.9901,0.007,0.9978,0.9773,0.0205,0.0205,0.0102,0.0199,braking
1.02,1.4999,0.3138,1.8699,0.9792,0.8907,0.3146,0.1934,-0.3146,speed_hump
1.0162,1.0731,0.5043,2.4514,0.3011,2.1503,2.1503,0.4814,0.7151,pothole
0.9686,1.0351,0.3986,2.0816,0.3446,1.7369,1.7369,0.3897,0.6239,pothole
0.9897,1.1764,0.7629,3.4024,0.4004,3.002,3.002,0.6722,0.5894,pothole
0.9983,1.0422,0.4236,2.1384,0.282,1.8564,1.8564,0.4219,0.7162,pothole
0.9932,1.2172,0.8102,3.6128,0.5446,3.0682,3.0682,0.6913,0.4485,pothole
1.0032,1.0005,0.0108,1.0191,0.9815,0.0377,0.0377,0.0157,0.0138,normal
1.0319,1.0296,0.0093,1.0459,1.0155,0.0305,0.0187,0.0102,-0.0141,braking
0.9771,1.0551,0.4144,2.1643,0.3746,1.7897,1.7897,0.4021,0.6025,pothole
1.0099,1.0028,0.006,1.0134,0.9931,0.0203,0.0134,0.0072,0.0106,normal
1.029,1.0153,0.0125,1.0313,0.9968,0.0344,0.0243,0.0114,0.0141,braking
0.9954,1.0496,0.4551,2.2372,0.2489,1.9883,1.9883,0.447,0.7465,pothole
1.006,1.1352,0.5588,2.7675,0.5758,2.1917,2.1917,0.4976,0.4302,pothole
1.0032,0.9982,0.0115,1.0171,0.9774,0.0397,0.0157,0.0095,0.0071,normal
0.9698,0.9794,0.0073,0.9895,0.9681,0.0214,0.0106,0.0065,0.0017,braking
1.0142,1.1144,0.5745,2.7443,0.3771,2.3672,2.3672,0.5336,0.6371,pothole
1.0046,1.0095,0.0131,1.0287,0.9852,0.0436,0.0345,0.0156,-0.0149,normal
1.0057,1.0007,0.008,1.013,0.9892,0.0238,0.0199,0.0117,-0.0073,normal
0.9793,1.4195,0.2684,1.7272,0.9793,0.7479,0.2593,0.1612,-0.2593,speed_hump
0.9951,0.9992,0.0072,1.0104,0.9826,0.0278,0.0142,0.0057,-0.0024,braking
1.0134,0.9985,0.0103,1.0138,0.9816,0.0322,0.0322,0.0145,0.0159,normal
1.0094,1.0007,0.0095,1.0122,0.9845,0.0277,0.0272,0.0111,0.0087,normal
0.9812,0.9844,0.0104,1.0049,0.9673,0.0375,0.015,0.0089,-0.0038,braking
0.9963,1.0051,0.0109,1.0278,0.9869,0.0409,0.0261,0.0138,-0.006,normal
1.0094,1.0742,0.5137,2.481,0.2933,2.1877,2.1877,0.4988,0.7161,pothole
1.005,1.083,0.4857,2.4272,0.375,2.0521,2.0521,0.4635,0.63,pothole
0.9878,1.5599,0.3641,2.0182,0.9878,1.0304,0.3329,0.2274,-0.3329,speed_hump
1.002,0.9991,0.0127,1.0196,0.9806,0.039,0.0368,0.0139,-0.0025,normal
1.0157,1.4641,0.2912,1.8283,1.0124,0.8159,0.2639,0.1809,-0.2639,speed_hump
0.9718,0.9795,0.0088,0.9918,0.9684,0.0234,0.0162,0.0077,0.0034,braking
0.9831,0.9967,0.0112,1.0212,0.9831,0.0381,0.0374,0.0137,-0.0207,normal
1.0117,1.059,0.4792,2.3116,0.2191,2.0925,2.0925,0.4744,0.7926,pothole
0.9959,0.9987,0.0102,1.0218,0.9815,0.0403,0.0259,0.0108,-0.0259,normal
1.0081,1.1558,0.629,2.9906,0.5145,2.4762,2.4762,0.5594,0.4936,pothole
0.9822,1.0033,0.0096,1.0213,0.9822,0.0391,0.0391,0.0105,-0.0391,normal
0.9967,0.9974,0.0133,1.0247,0.9764,0.0483,0.0483,0.0156,-0.0007,normal
1.0179,1.1787,0.831,3.5789,0.243,3.3359,3.3359,0.75,0.7749,pothole
1.0044,0.9973,0.0173,1.019,0.9529,0.0661,0.0505,0.0156,-0.0056,normal
0.9963,0.9937,0.0086,1.0069,0.9759,0.031,0.0197,0.0109,0.001,normal
1.0069,0.9981,0.0119,1.0216,0.9755,0.0461,0.027,0.0148,0.0137,normal
0.9964,1.1138,0.644,2.9198,0.2317,2.6881,2.6881,0.6051,0.7647,pothole
0.9899,1.0028,0.0104,1.0196,0.9869,0.0327,0.0288,0.0108,-0.0183,normal
0.983,0.9873,0.0099,0.9978,0.9619,0.0359,0.0301,0.0103,0.0211,braking
1.0062,1.0082,0.0095,1.0235,0.9918,0.0317,0.0225,0.0115,-0.0057,braking
1.0266,1.437,0.2848,1.7854,0.9687,0.8168,0.2927,0.1751,-0.2041,speed_hump
0.9962,1.1928,0.8182,3.5836,0.3761,3.2075,3.2075,0.7276,0.6201,pothole
0.9965,0.9962,0.0127,1.0175,0.9734,0.0442,0.0249,0.0142,-0.021,normal
1.0067,1.2994,0.1942,1.5315,1.0067,0.5249,0.2103,0.1163,-0.1594,speed_hump
1.005,1.1672,0.7818,3.4127,0.2448,3.1679,3.1679,0.7101,0.7602,pothole
1.0113,1.6148,0.3904,2.1014,0.9822,1.1192,0.3785,0.2455,-0.3649,speed_hump
1.0136,1.0032,0.0051,1.0136,0.9976,0.016,0.0159,0.0039,0.0159,normal
1.006,0.9962,0.0121,1.0141,0.9732,0.0408,0.0295,0.0104,0.0101,normal
0.9988,1.2037,0.7886,3.5202,0.4696,3.0506,3.0506,0.6863,0.5292,pothole
1.0079,1.0015,0.0094,1.0167,0.9879,0.0288,0.0221,0.0103,0.0143,normal
1.0196,1.1357,0.5526,2.738,0.5354,2.2026,2.2026,0.4963,0.4842,pothole
1.0339,1.2915,0.1796,1.5227,1.005,0.5177,0.162,0.1118,-0.1435,speed_hump
1.0035,1.0044,0.0124,1.0273,0.9845,0.0427,0.0284,0.0131,0.019,normal
0.9883,0.9944,0.0089,1.0044,0.9788,0.0256,0.0256,0.0117,-0.0115,normal
1.0096,0.9977,0.0149,1.0176,0.9753,0.0423,0.0345,0.0214,0.0343,normal
0.9912,1.0013,0.0127,1.02,0.9831,0.0369,0.0328,0.0227,-0.0159,normal
0.9662,1.2738,0.1842,1.4802,0.9662,0.514,0.203,0.1128,-0.1965,speed_hump
0.9885,1.0929,0.516,2.5358,0.3765,2.1593,2.1593,0.4933,0.612,pothole
0.997,1.0017,0.0126,1.0275,0.9788,0.0486,0.0486,0.0176,-0.0027,normal
1.0188,1.0086,0.0085,1.0241,0.9958,0.0284,0.023,0.01,0.023,normal
1.0137,1.095,0.436,2.3498,0.5896,1.7602,1.7602,0.4002,0.4242,pothole
1.0138,1.0016,0.0116,1.0138,0.9767,0.0371,0.0293,0.013,0.0101,normal
1.0242,1.1671,0.6696,3.1245,0.503,2.6215,2.6215,0.5986,0.5212,pothole
1.0166,1.0889,0.5165,2.5203,0.3405,2.1798,2.1798,0.4937,0.6761,pothole
0.997,0.9993,0.0148,1.0332,0.9842,0.049,0.0464,0.0203,-0.0362,normal
0.9829,0.9922,0.0114,1.0178,0.9742,0.0436,0.0266,0.0148,-0.0104,normal
0.9948,0.9998,0.0106,1.0133,0.9739,0.0394,0.0362,0.0138,-0.0137,normal
0.954,0.9814,0.0135,0.9943,0.954,0.0403,0.0258,0.0101,-0.0135,braking
1.0096,1.0033,0.0118,1.0242,0.9817,0.0424,0.0216,0.0134,0.0169,normal
0.9942,1.0045,0.0089,1.0169,0.9897,0.0273,0.0272,0.0114,-0.0004,normal
0.9828,1.0047,0.0114,1.0216,0.9828,0.0388,0.0297,0.0166,-0.0167,normal
1.0075,1.0035,0.0119,1.0251,0.9854,0.0397,0.0372,0.0147,0.0001,normal
1.0192,1.2189,0.8615,3.7509,0.4241,3.3268,3.3268,0.7566,0.5951,pothole
1.0047,1.143,0.6958,3.1211,0.2612,2.8599,2.8599,0.6434,0.7435,pothole
0.9608,0.9799,0.0119,0.9981,0.9608,0.0372,0.0162,0.0065,-0.0079,braking
0.9951,0.9983,0.0144,1.0222,0.9713,0.0509,0.0383,0.0161,-0.0024,normal
1.0478,1.027,0.0121,1.0478,1.0042,0.0436,0.0291,0.013,0.0078,braking
1.0097,1.4962,0.3082,1.8686,1.0097,0.8588,0.2953,0.1903,-0.2953,speed_hump
1.0034,1.0011,0.0089,1.0137,0.9858,0.0278,0.0278,0.0119,0.0056,normal
0.991,1.2077,0.8658,3.7321,0.3202,3.4118,3.4118,0.7629,0.6708,pothole
1.0043,1.5935,0.3721,2.0336,1.0039,1.0297,0.3528,0.2288,-0.3417,speed_hump
0.9881,1.1768,0.7272,3.3064,0.4697,2.8367,2.8367,0.634,0.5184,pothole
1.0095,1.6118,0.39,2.0744,0.9908,1.0836,0.4069,0.2387,-0.3283,speed_hump
0.9627,0.9772,0.0122,0.9966,0.9583,0.0383,0.0203,0.0108,-0.0058,braking
0.9918,1.0775,0.4124,2.2577,0.578,1.6797,1.6797,0.3795,0.4137,pothole
1.0063,1.0086,0.0092,1.0274,0.9945,0.0329,0.0329,0.011,-0.0128,braking
0.9553,1.412,0.2659,1.7352,0.9553,0.7799,0.3008,0.1665,-0.3008,speed_hump
1.0083,1.001,0.0096,1.0211,0.9818,0.0392,0.022,0.0107,0.0056,normal
1.0252,1.2018,0.8661,3.7164,0.2733,3.4432,3.4432,0.7734,0.7519,pothole
0.9976,1.001,0.007,1.0107,0.9903,0.0204,0.0204,0.0117,0.0038,normal
0.9885,1.0735,0.4567,2.347,0.4299,1.9171,1.9171,0.4307,0.5586,pothole
0.9892,1.1259,0.6776,3.0494,0.2588,2.7906,2.7906,0.6287,0.7304,pothole
0.9965,1.1751,0.841,3.5991,0.2102,3.3888,3.3888,0.76,0.7863,pothole
1.0149,1.0006,0.0111,1.0164,0.9853,0.0311,0.0184,0.0093,-0.0015,braking
0.9336,0.9699,0.018,0.9956,0.9336,0.062,0.0212,0.0131,-0.0201,braking
1.0155,0.991,0.0095,1.0155,0.983,0.0324,0.0224,0.0074,0.0224,braking
0.9961,1.0012,0.0098,1.0191,0.9893,0.0298,0.0283,0.012,0.0039,normal
0.9968,0.9943,0.0096,1.007,0.9764,0.0305,0.0277,0.0134,-0.0043,normal
0.9996,1.0032,0.0174,1.0307,0.9747,0.056,0.0438,0.0216,-0.0214,normal
0.9937,0.9936,0.0071,1.0023,0.9798,0.0225,0.0225,0.0093,-0.008,normal
1.0066,1.0029,0.0126,1.0261,0.9808,0.0453,0.0362,0.015,0.0051,normal
0.9683,0.992,0.0152,1.0123,0.968,0.0442,0.0144,0.0057,0.0003,braking
1.0001,0.9906,0.0086,1.0041,0.9768,0.0273,0.0162,0.0077,0.0029,normal
0.9918,1.0032,0.0084,1.0143,0.9905,0.0238,0.0178,0.0112,-0.016,normal
1.004,0.9954,0.0074,1.0103,0.9838,0.0265,0.0237,0.0092,0.0073,braking
1.0012,1.0012,0.0087,1.0193,0.987,0.0323,0.0227,0.0091,0.0116,normal
1.0047,1.013,0.0054,1.0245,1.0047,0.0198,0.0145,0.0065,-0.005,braking
0.9891,1.1837,0.851,3.6373,0.21,3.4273,3.4273,0.7634,0.7791,pothole
1.0185,1.0057,0.0165,1.0228,0.9671,0.0557,0.0471,0.0158,0.0043,normal
0.9865,1.167,0.688,3.1906,0.5392,2.6514,2.6514,0.5911,0.4473,pothole
0.9901,0.9995,0.0098,1.0135,0.9864,0.0271,0.0271,0.0117,0.0037,normal
0.9852,1.0,0.0105,1.0156,0.984,0.0316,0.0227,0.0142,-0.0112,normal
1.0098,0.9964,0.012,1.0104,0.9797,0.0307,0.0307,0.0152,-0.0,normal
1.0057,1.2009,0.7768,3.4906,0.5166,2.974,2.974,0.6649,0.4891,pothole
0.968,1.3333,0.2106,1.5923,0.968,0.6243,0.2343,0.1341,-0.2343,speed_hump
0.9803,0.9973,0.0106,1.0179,0.9803,0.0376,0.0371,0.0115,-0.0185,normal
1.0157,0.9997,0.0113,1.0161,0.9768,0.0393,0.0393,0.0133,0.0134,normal
1.0089,0.995,0.0114,1.0172,0.9789,0.0383,0.0381,0.0137,0.0135,normal
0.9921,1.0005,0.0088,1.0101,0.981,0.0291,0.0244,0.009,0.0004,normal
1.0179,1.4733,0.3023,1.8455,1.0179,0.8275,0.304,0.1838,-0.2108,speed_hump
0.9985,1.6349,0.402,2.1028,0.9864,1.1164,0.3889,0.2468,-0.3882,speed_hump
0.9984,1.1639,0.7481,3.3134,0.2838,3.0297,3.0297,0.6798,0.7147,pothole
0.9951,1.323,0.2082,1.5611,0.9944,0.5667,0.2065,0.1258,-0.1885,speed_hump
0.995,0.9989,0.009,1.0191,0.9863,0.0328,0.022,0.0105,-0.0003,normal
0.98,1.6317,0.4108,2.1203,0.9798,1.1405,0.3999,0.2534,-0.3903,speed_hump
1.0037,1.0499,0.3889,2.0896,0.4096,1.6799,1.6799,0.3891,0.5941,pothole
1.0175,1.0022,0.0086,1.0175,0.9863,0.0311,0.0215,0.0096,0.012,normal
1.0081,1.0081,0.0129,1.0312,0.9789,0.0523,0.0302,0.0187,-0.0074,normal
1.0011,1.4121,0.2595,1.7359,0.9929,0.7429,0.2697,0.1642,-0.2428,speed_hump
1.0032,1.6368,0.4038,2.1225,1.0032,1.1193,0.3813,0.2475,-0.3813,speed_hump
1.0336,1.1036,0.5992,2.7813,0.2768,2.5045,2.5045,0.5678,0.7568,pothole
1.0132,1.0035,0.0094,1.0196,0.994,0.0256,0.0218,0.0109,0.019,normal
1.0053,1.0005,0.0114,1.019,0.9816,0.0373,0.0373,0.0161,0.0072,normal
0.9883,1.0051,0.0089,1.0228,0.9883,0.0345,0.0244,0.0095,-0.0101,normal
0.9488,0.9707,0.0148,0.9998,0.9488,0.051,0.0206,0.0112,-0.0078,braking
0.957,0.9786,0.0116,0.9949,0.957,0.0378,0.0218,0.0104,-0.0082,braking
1.0011,0.9968,0.008,1.0089,0.9823,0.0266,0.0169,0.008,-0.0013,braking
0.9655,0.9909,0.0123,1.0062,0.9655,0.0406,0.0253,0.0152,-0.0204,normal
1.0081,1.0023,0.0061,1.0103,0.9884,0.0219,0.0157,0.0061,-0.0022,braking
0.9828,1.0647,0.4309,2.2604,0.4445,1.8159,1.8159,0.4154,0.5383,pothole
0.9976,1.6712,0.424,2.1667,0.9976,1.1692,0.3927,0.2574,-0.3927,speed_hump
0.9971,0.9962,0.0068,1.0132,0.9876,0.0256,0.0239,0.0104,0.0066,braking
1.0278,1.379,0.2381,1.6593,1.0023,0.657,0.2518,0.1432,-0.1588,speed_hump
0.9923,1.5656,0.3629,1.9887,0.9923,0.9963,0.3345,0.2196,-0.3205,speed_hump
0.9912,1.0946,0.4452,2.3688,0.5579,1.811,1.811,0.4179,0.4333,pothole
0.9904,1.0123,0.0125,1.0249,0.9904,0.0345,0.0294,0.0152,-0.0273,braking
0.9834,0.9991,0.0116,1.0183,0.9834,0.0349,0.0286,0.0144,-0.0061,normal
0.9877,1.4597,0.2881,1.7959,0.9877,0.8082,0.3309,0.1793,-0.3309,speed_hump
0.9923,1.0633,0.3791,2.1135,0.5157,1.5979,1.5979,0.3679,0.4766,pothole
1.0128,1.0034,0.0099,1.0174,0.9822,0.0352,0.0302,0.0145,0.0118,normal
1.0135,1.5915,0.3789,2.0408,0.9995,1.0413,0.3567,0.2298,-0.3191,speed_hump
0.9969,1.0077,0.0148,1.0335,0.9786,0.0549,0.0394,0.0206,-0.0179,normal
0.9975,1.0032,0.0075,1.0184,0.9887,0.0297,0.0199,0.0062,0.0087,braking
0.9903,1.0081,0.0121,1.0263,0.9903,0.036,0.036,0.0178,-0.036,normal
0.9692,1.2455,0.156,1.4398,0.9692,0.4707,0.2013,0.098,-0.2013,speed_hump
1.0003,0.9994,0.0123,1.0135,0.9766,0.0369,0.0369,0.019,0.0012,normal
0.9975,0.9946,0.0101,1.0054,0.9701,0.0353,0.022,0.012,0.0091,normal
1.0187,1.0024,0.0117,1.0187,0.9859,0.0328,0.0217,0.0092,0.0098,braking
0.991,0.992,0.0074,1.0009,0.976,0.0249,0.021,0.0093,-0.0064,braking
1.0102,1.0,0.0128,1.0257,0.9757,0.05,0.0335,0.0178,0.0182,normal
0.9966,1.6593,0.4144,2.1429,0.9829,1.16,0.4401,0.2563,-0.4144,speed_hump
0.9791,1.541,0.344,1.951,0.9791,0.972,0.372,0.2156,-0.372,speed_hump
1.0237,1.336,0.2114,1.611,0.993,0.618,0.2074,0.1339,-0.1611,speed_hump
1.0009,1.0004,0.0149,1.0311,0.9824,0.0487,0.0455,0.0175,0.0103,normal
0.9636,0.9775,0.0085,0.9922,0.9636,0.0285,0.0141,0.0075,-0.0089,braking
1.0174,0.9991,0.0093,1.0174,0.9876,0.0298,0.0247,0.0125,0.021,normal
0.9984,1.0053,0.0066,1.0157,0.9963,0.0194,0.0158,0.0082,-0.0055,normal
1.0333,1.6248,0.3888,2.0701,1.0003,1.0698,0.3721,0.2341,-0.3188,speed_hump
0.9949,1.0019,0.0141,1.0214,0.9724,0.0491,0.0247,0.0135,0.0047,normal
1.0003,1.0047,0.0096,1.0199,0.9906,0.0292,0.0217,0.0098,-0.0195,braking
1.003,1.0697,0.3539,2.0653,0.5936,1.4717,1.4717,0.3333,0.4094,pothole
1.0205,0.9986,0.0117,1.0205,0.9806,0.0399,0.029,0.0102,0.0091,normal
1.0039,1.0025,0.0112,1.0196,0.9862,0.0334,0.0334,0.0154,0.0047,normal
0.9807,1.0046,0.0105,1.0188,0.9807,0.0381,0.0243,0.0121,-0.0243,normal
1.0042,0.999,0.012,1.022,0.9806,0.0414,0.0404,0.0186,0.0236,normal
0.9904,1.0003,0.0066,1.0134,0.9904,0.0231,0.0141,0.0063,-0.0099,normal
1.0069,0.9925,0.0181,1.0154,0.9639,0.0515,0.0445,0.0214,0.0429,normal
